Location	iHH_0	iHH_1	iHS	Std iHS	chr	pos	ref	alt	p_value	neg_log10_p
12:10246729:A:C	1.00401e-07	0.00445276	-10.6999	-9.85839	12	10246729	A	C	6.305227275124596e-23	22.200299254443234
12:999609:A:ATT	1.20591e-07	0.00134343	-9.31833	-9.15773	12	999609	A	ATT	5.3000427845667764e-20	19.275720624545198
12:8202364:A:C	0.0249702	1.74404e-06	9.56923	9.06496	12	8202364	A	C	1.246499794092647e-19	18.904307788900628
12:17954673:G:T	9.86221e-08	0.00748738	-11.2374	-8.77039	12	17954673	G	T	1.7804849994847085e-18	17.749461680888047
12:2913201:T:TTG	0.00322926	1.31579e-06	7.80557	8.74659	12	2913201	T	TTG	2.198968967951408e-18	17.6577808993989
12:17954565:G:GT	9.85021e-08	0.00683926	-11.1481	-8.69006	12	17954565	G	GT	3.622481227097744e-18	17.440993856509373
12:40737845:G:T	6.73951e-07	0.0111219	-9.71127	-8.6838	12	40737845	G	T	3.8276156887737795e-18	17.41707167398391
12:17956079:A:G	1.02749e-07	0.00633225	-11.0289	-8.58284	12	17956079	A	G	9.255905685130093e-18	17.03358107936273
12:2913248:AT:A	3.00107e-07	0.00458716	-9.63463	-8.55399	12	2913248	AT	A	1.189052136249164e-17	16.92479910249745
12:2913274:T:G	3.00107e-07	0.00458716	-9.63463	-8.55399	12	2913274	T	G	1.189052136249164e-17	16.92479910249745
12:57513614:C:CA	1.48953e-07	0.00834472	-10.9335	-8.49707	12	57513614	C	CA	1.944361917117438e-17	16.71122289374218
12:60772460:T:A	5.08238e-08	0.000380274	-8.92028	-8.49263	12	60772460	T	A	2.0201264133558727e-17	16.694621452877584
12:44649310:C:T	1.50567e-07	0.00102509	-8.82588	-8.47421	12	44649310	C	T	2.366801467500815e-17	16.625838170116968
12:44650753:GTCTTTCTT:G	1.51477e-07	0.000950009	-8.7438	-8.38922	12	44650753	GTCTTTCTT	G	4.8937815454140517e-17	16.31035542111801
12:18189877:AGTGT:A	0.00571773	8.7472e-07	8.78518	8.38732	12	18189877	AGTGT	A	4.973498536516732e-17	16.30333800551612
12:88545356:A:G	0.00101042	5.28166e-07	7.55647	8.3642	12	88545356	A	G	6.052417835066548e-17	16.218071097634997
12:17957915:A:G	1.61656e-07	0.00730259	-10.7183	-8.30351	12	17957915	A	G	1.0107986349622508e-16	15.995335353246743
12:69254946:A:G	0.0131981	1.77871e-06	8.91194	8.28823	12	69254946	A	G	1.1494614341859123e-16	15.939505595252657
12:17958080:A:G	1.62003e-07	0.00713968	-10.6936	-8.28129	12	17958080	A	G	1.2184805503802574e-16	15.914181398715566
12:83440523:C:T	1.25242e-06	0.0140972	-9.32866	-8.25275	12	83440523	C	T	1.547906414113786e-16	15.810255300153512
12:69753595:C:T	4.58953e-07	0.00706937	-9.64234	-8.21945	12	69753595	C	T	2.044385719339895e-16	15.689437161386113
12:17960156:G:C	1.76266e-07	0.00634474	-10.4911	-8.09926	12	17960156	G	C	5.529449552226321e-16	15.257318099857892
12:69754254:A:G	5.17367e-07	0.00695797	-9.50665	-8.08953	12	69754254	A	G	5.989540102510418e-16	15.222606522954559
12:69255661:C:A	1.77908e-06	0.0131981	-8.91173	-8.06399	12	69255661	C	A	7.384380219352577e-16	15.131685949723817
12:69256343:A:G	1.7792e-06	0.0131981	-8.91166	-8.06392	12	69256343	A	G	7.388612009009774e-16	15.131437138525847
12:2914125:C:CTTT	0.00393417	1.25167e-06	8.05298	8.0163	12	2914125	C	CTTT	1.0897814493382876e-15	14.962660589089817
12:23794763:C:T	1.02539e-06	0.0171911	-9.72707	-7.99209	12	23794763	C	T	1.3267012547207675e-15	14.877226860129474
12:16649034:TTTTGTTTGT:T	0.00249963	3.44281e-07	8.89019	7.98514	12	16649034	TTTTGTTTGT	T	1.4036291314406953e-15	14.852747626853999
12:23798599:CAA:C	0.00487317	1.18549e-06	8.32134	7.94416	12	23798599	CAA	C	1.955111035292312e-15	14.70882857297635
12:95182175:C:A	3.0511e-07	0.00466646	-9.63524	-7.8854	12	95182175	C	A	3.1352957899030867e-15	14.503721480714304
12:44650286:C:T	0.000871613	1.63568e-07	8.58087	7.8741	12	44650286	C	T	3.4320436256327293e-15	14.464447200353884
12:2922855:A:ATTTT	0.0049161	1.86228e-06	7.87847	7.85047	12	2922855	A	ATTTT	4.144810141030101e-15	14.382495358139382
12:1777382:CT:C	0.00213765	7.77181e-07	7.91954	7.81417	12	1777382	CT	C	5.532638204461022e-15	14.257067728655088
12:2913223:A:G	6.52525e-07	0.00443219	-8.82355	-7.80876	12	2913223	A	G	5.7753354113647685e-15	14.23842278839255
12:2916407:G:GCCC	0.00492593	1.28158e-06	8.25417	7.7844	12	2916407	G	GCCC	7.004482034194153e-15	14.154623974298028
12:44649051:C:G	0.000841992	3.20267e-07	7.87437	7.76992	12	44649051	C	G	7.853571201371886e-15	14.104932814545332
12:2916423:T:G	0.00485167	1.30238e-06	8.22289	7.75595	12	2916423	T	G	8.768456927250533e-15	14.057076827037964
12:2916282:A:G	0.00485167	1.30238e-06	8.22289	7.75595	12	2916282	A	G	8.768456927250533e-15	14.057076827037964
12:113596118:A:G	1.55253e-06	0.0203738	-9.48212	-7.74067	12	113596118	A	G	9.88942747124892e-15	14.004828850291053
12:55362494:A:G	2.51588e-07	0.0106247	-10.6509	-7.7395	12	55362494	A	G	9.980853868548336e-15	14.0008323029475
12:2914724:C:A	0.00435186	1.20103e-06	8.19518	7.73074	12	2914724	C	A	1.0692320375030938e-14	13.970928036912921
12:88136929:CT:C	0.0100132	2.10247e-07	10.7711	7.72904	12	88136929	CT	C	1.0836062466441682e-14	13.965128500062574
12:55364887:A:G	2.51327e-07	0.00597943	-10.0771	-7.7269	12	55364887	A	G	1.1019714329323509e-14	13.957829663815135
12:44651754:G:A	0.000763713	3.16145e-07	7.78975	7.68701	12	44651754	G	A	1.506133674891652e-14	13.822136481195429
12:2917876:C:CA	0.0048845	1.41571e-06	8.14619	7.68618	12	2917876	C	CA	1.515931894448647e-14	13.81932030960736
12:17959320:T:G	0.00442029	1.8176e-07	10.099	7.68582	12	17959320	T	G	1.5202011992984387e-14	13.818098929185197
12:2918643:C:T	0.0049193	1.43107e-06	8.1425	7.68282	12	2918643	C	T	1.5562418351283947e-14	13.807922914093833
12:44651446:T:G	0.000763144	3.18242e-07	7.78239	7.6798	12	44651446	T	G	1.5933715342369348e-14	13.797682945821293
12:6501259:T:G	0.00156444	4.08085e-07	8.25156	7.64484	12	6501259	T	G	2.092053049747834e-14	13.67942730693639
12:2920503:G:A	0.00498687	1.52087e-06	8.09528	7.63987	12	2920503	G	A	2.1744117332756787e-14	13.662658217122281
12:31574267:A:AAATAATAAT	2.10519e-07	0.00246761	-9.36919	-7.63393	12	31574267	A	AAATAATAAT	2.2770358076636198e-14	13.642630139807148
12:71903985:A:G	8.9107e-07	0.018271	-9.9284	-7.59319	12	71903985	A	G	3.121243516248603e-14	13.505672346798507
12:73406018:C:T	3.79637e-07	0.00776585	-9.92603	-7.59106	12	73406018	C	T	3.172989748787154e-14	13.498531331004651
12:41566295:A:G	4.86527e-06	0.0159377	-8.09432	-7.57279	12	41566295	A	G	3.652925591468671e-14	13.437359174090762
12:41567118:C:T	4.85563e-06	0.0156836	-8.08023	-7.55841	12	41567118	C	T	4.080261818247034e-14	13.389311968632724
12:44650324:T:G	1.61316e-07	0.000870722	-8.59371	-7.55512	12	44650324	T	G	4.184738529186832e-14	13.378331672408796
12:71903893:A:G	8.86774e-07	0.0172762	-9.87725	-7.5472	12	71903893	A	G	4.447153967786271e-14	13.351917834301362
12:44651234:A:G	1.57073e-07	0.000836265	-8.57999	-7.5421	12	44651234	A	G	4.624628884053991e-14	13.334923112670728
12:95180403:G:T	3.00663e-07	0.00993926	-10.406	-7.52976	12	95180403	G	T	5.0833669736848976e-14	13.293848536983603
12:33999505:A:G	5.41778e-08	0.00046941	-9.06696	-7.51262	12	33999505	A	G	5.795557488896654e-14	13.23690478183906
12:33999433:C:G	5.43006e-08	0.000464805	-9.05484	-7.50117	12	33999433	C	G	6.325069454431609e-14	13.198934701217635
12:2922955:G:A	0.00519159	1.84725e-06	7.9411	7.49962	12	2922955	G	A	6.40031057018134e-14	13.193798951696817
12:121892574:G:A	0.00196433	1.57277e-06	7.13007	7.48431	12	121892574	G	A	7.192400344555701e-14	13.143126146832058
12:74079975:T:G	4.96692e-08	0.000484227	-9.18493	-7.45977	12	74079975	T	G	8.667364437707858e-14	13.062112942220264
12:92905057:C:T	5.54302e-07	0.00525929	-9.1578	-7.45497	12	92905057	C	T	8.988828139937898e-14	13.046296922897636
12:83437159:A:G	5.39183e-06	0.0175778	-8.08951	-7.44114	12	83437159	A	G	9.982008759529809e-14	13.000782053362524
12:61431197:AAAC:A	0.00582122	7.45976e-07	8.96233	7.43011	12	61431197	AAAC	A	1.0850740514319662e-13	12.96454062215567
12:33808882:GT:G	0.000194926	5.01888e-08	8.26458	7.42327	12	33808882	GT	G	1.1426350930778945e-13	12.942092441840286
12:62471328:G:A	1.50145e-07	0.00437934	-10.2808	-7.42253	12	62471328	G	A	1.1490395157412845e-13	12.939665035564724
12:6501912:T:C	4.07175e-07	0.00159069	-8.27043	-7.42044	12	6501912	T	C	1.1673188100755467e-13	12.932810516236044
12:59459156:T:C	0.000114948	9.93464e-08	7.05363	7.4099	12	59459156	T	C	1.2639468731016148e-13	12.89827118017049
12:2924278:G:A	0.00519679	2.05319e-06	7.8364	7.40439	12	2924278	G	A	1.3175468744565248e-13	12.88023392491566
12:81635924:A:T	0.00716908	9.49089e-07	8.92979	7.40058	12	81635924	A	T	1.3559095308199062e-13	12.86776928655777
12:83436637:A:G	5.42976e-06	0.0167703	-8.03547	-7.38638	12	83436637	A	G	1.5088019274058247e-13	12.821367769820705
12:51677058:GTTTTATTTT:G	0.00567879	3.32882e-07	9.74446	7.38424	12	51677058	GTTTTATTTT	G	1.5332665721608693e-13	12.814382332585929
12:104105299:T:C	1.30862e-06	0.0113776	-9.07042	-7.37253	12	104105299	T	C	1.674199028410008e-13	12.7761929144418
12:7396495:C:G	5.05562e-06	0.0163651	-8.0824	-7.34287	12	7396495	C	G	2.0906157046845025e-13	12.67972579151206
12:8202204:G:A	0.0233349	2.33005e-05	6.90923	7.29973	12	8202204	G	A	2.8834576433760213e-13	12.540086423786004
12:55767644:G:A	1.39844e-06	0.00476201	-8.13307	-7.28259	12	55767644	G	A	3.274713260680349e-13	12.484826721551926
12:2916500:G:A	1.30238e-06	0.00485167	-8.22289	-7.25686	12	2916500	G	A	3.96179376977206e-13	12.40210813530456
12:83434930:A:G	5.92617e-06	0.0158906	-7.8941	-7.24313	12	83434930	A	G	4.3844627402638786e-13	12.358083616262341
12:41567604:CT:C	0.0126597	5.89235e-06	7.67252	7.2415	12	41567604	CT	C	4.437491652957539e-13	12.352862450855811
12:2914555:T:C	1.20025e-06	0.00435186	-8.19583	-7.232	12	2914555	T	C	4.75932200186875e-13	12.322454911107116
12:2924689:A:T	0.00430306	2.07038e-06	7.63935	7.22515	12	2924689	A	T	5.005490300938266e-13	12.300553375814463
12:2918246:C:T	1.39887e-06	0.00497534	-8.17658	-7.21432	12	2918246	C	T	5.420415398410912e-13	12.265967429637865
12:2909859:G:T	4.86092e-06	0.00966901	-7.59545	-7.20018	12	2909859	G	T	6.01331234698503e-13	12.220886237190763
12:2918570:T:C	1.43107e-06	0.00491923	-8.14248	-7.18299	12	2918570	T	C	6.82030910458918e-13	12.166195942150654
12:2918603:T:C	1.43688e-06	0.00490067	-8.13465	-7.17579	12	2918603	T	C	7.189083354456727e-13	12.143326480893858
12:67355979:CTT:C	0.00118381	8.26613e-07	7.26692	7.1748	12	67355979	CTT	C	7.241296662908964e-13	12.140183659890631
12:999610:A:ATTT	0.00114911	2.55236e-06	6.10972	7.17132	12	999610	A	ATTT	7.427805333031652e-13	12.129139486717126
12:71893379:T:C	0.0017541	8.99135e-07	7.57603	7.16474	12	71893379	T	C	7.793432244841486e-13	12.108271235945647
12:83434236:C:A	6.4667e-06	0.0158906	-7.80682	-7.15467	12	83434236	C	A	8.387444573202262e-13	12.076370336764167
12:83716202:C:A	2.99977e-07	0.00102672	-8.13817	-7.15096	12	83716202	C	A	8.617310058005857e-13	12.064628280495478
12:2920370:A:G	1.52087e-06	0.00501631	-8.10117	-7.14503	12	2920370	A	G	8.997623669500292e-13	12.045872175393312
12:13737033:C:CA	2.05385e-06	0.0120302	-8.67546	-7.14283	12	13737033	C	CA	9.142867567527443e-13	12.038917570848817
12:43950549:CAA:C	0.00587706	9.83259e-06	6.39311	7.13395	12	43950549	CAA	C	9.752877139397352e-13	12.010867246718062
12:2921560:A:G	1.63281e-06	0.00510962	-8.04858	-7.09671	12	2921560	A	G	1.2776175430771406e-12	11.893599133493485
12:2922192:T:C	1.69048e-06	0.00525504	-8.04193	-7.0906	12	2922192	T	C	1.3353178575137462e-12	11.874415343038688
12:70206762:G:C	1.06465e-07	0.00120632	-9.33527	-7.0598	12	70206762	G	C	1.6674241933090705e-12	11.777953901444956
12:121887914:A:G	0.000771398	1.6311e-06	6.15895	7.05952	12	121887914	A	G	1.6707872980898605e-12	11.777078835053105
12:2922666:T:C	1.74522e-06	0.00521875	-8.00313	-7.05495	12	2922666	T	C	1.7266279713374938e-12	11.76280122780623
12:64386854:A:AGAGGCCAGG	7.81807e-07	0.00478706	-8.71982	-7.03874	12	64386854	A	AGAGGCCAGG	1.9398594949664225e-12	11.712229725106157
12:1777378:C:T	7.59646e-07	0.00232821	-8.02776	-7.01791	12	1777378	C	T	2.252115273494907e-12	11.647409384086451
12:8201833:T:A	0.0224215	3.11938e-05	6.57756	7.01567	12	8201833	T	A	2.288496204412438e-12	11.640449803535612
12:23794251:CCTAATA:C	0.0120539	1.09094e-06	9.3101	7.01479	12	23794251	CCTAATA	C	2.3029458801068177e-12	11.63771626796158
12:92905901:CAT:C	0.00525929	1.17685e-06	8.40491	6.99497	12	92905901	CAT	C	2.653156949827399e-12	11.5762370581866
12:76063882:T:TAA	6.11495e-06	0.0130375	-7.66485	-6.9917	12	76063882	T	TAA	2.7157512286440657e-12	11.56611001531031
12:55361170:G:T	6.11575e-07	0.0106247	-9.76265	-6.97876	12	55361170	G	T	2.977966915379853e-12	11.52608013148236
12:121892802:G:A	1.50248e-06	0.00329432	-7.69284	-6.96823	12	121892802	G	A	3.209532207160233e-12	11.493558261879754
12:47044842:AT:A	0.0130063	1.1216e-05	7.05585	6.96803	12	47044842	AT	A	3.214097004330902e-12	11.492941019977811
12:113595917:C:T	0.0210004	1.54556e-06	9.51691	6.96779	12	113595917	C	T	3.2195831647724373e-12	11.492200352204012
12:2925324:C:T	0.00339185	2.16636e-06	7.35608	6.96748	12	2925324	C	T	3.2266830472081312e-12	11.491243692671379
12:95180373:ATT:A	0.00529448	3.08507e-07	9.75043	6.96496	12	95180373	ATT	A	3.2849707240762488e-12	11.483468496554366
12:60425777:T:G	6.84614e-07	0.00281673	-8.32223	-6.95549	12	60425777	T	G	3.513387043205725e-12	11.454274004643066
12:92464804:GA:G	0.0782231	4.01894e-05	7.57372	6.9518	12	92464804	GA	G	3.6065447373732273e-12	11.442908676235922
12:2925884:A:G	0.00335863	2.18405e-06	7.33811	6.95114	12	2925884	A	G	3.623460528938496e-12	11.440876465174341
12:28889459:A:C	1.29858e-05	0.0604765	-8.44615	-6.92625	12	28889459	A	C	4.321425111880167e-12	11.364373008703247
12:28890620:T:C	1.29896e-05	0.0604765	-8.44586	-6.92597	12	28890620	T	C	4.3299822377838306e-12	11.363513885182037
12:89754761:G:T	1.03625e-06	0.00560425	-8.59567	-6.91978	12	89754761	G	T	4.523455753568289e-12	11.344529653401914
12:95182222:C:CTT	2.99061e-07	0.00161725	-8.59559	-6.9197	12	95182222	C	CTT	4.52601087640036e-12	11.344284406732376
12:18179861:A:G	0.00271645	5.06057e-06	6.2856	6.90371	12	18179861	A	G	5.0661671562831104e-12	11.295320484925705
12:18180658:T:C	0.0026992	5.0344e-06	6.28442	6.90255	12	18180658	T	C	5.1077235124374755e-12	11.29177261968439
12:24170307:T:C	5.95239e-06	0.0105293	-7.47812	-6.90137	12	24170307	T	C	5.150339138145862e-12	11.288164172711037
12:24170274:G:A	5.95239e-06	0.0105293	-7.47812	-6.90137	12	24170274	G	A	5.150339138145862e-12	11.288164172711037
12:6496217:A:G	2.6591e-06	0.0071589	-7.89812	-6.89162	12	6496217	A	G	5.5160561438459665e-12	11.25837132211214
12:93504003:C:CT	0.00245691	1.9109e-06	7.15908	6.87626	12	93504003	C	CT	6.144431381974261e-12	11.211518301401945
12:11161423:C:T	0.000419268	4.52237e-07	6.83206	6.85604	12	11161423	C	T	7.0795561903768736e-12	11.149993966902274
12:112469069:C:CA	2.22941e-06	0.033438	-9.61571	-6.85291	12	112469069	C	CA	7.236261616423281e-12	11.140485740248497
12:6503770:AT:A	0.00073535	4.19902e-07	7.46808	6.85025	12	6503770	AT	A	7.37210398826108e-12	11.13240854740719
12:96111484:C:A	6.46647e-06	0.0260704	-8.30192	-6.84692	12	96111484	C	A	7.545688577222685e-12	11.12230112280116
12:71901331:G:GT	8.03471e-07	0.00716109	-9.09523	-6.84394	12	71901331	G	GT	7.704420076376446e-12	11.113260045733135
12:89755658:C:CT	1.05458e-06	0.00519616	-8.50253	-6.83671	12	89755658	C	CT	8.103254150801224e-12	11.091340539649027
12:113595924:C:T	1.54897e-06	0.0227182	-9.59333	-6.83375	12	113595924	C	T	8.272313722165145e-12	11.082373003599555
12:83292822:A:G	6.36812e-07	0.00252289	-8.28444	-6.83003	12	83292822	A	G	8.489687702402994e-12	11.0711082852116
12:83292831:C:T	6.36812e-07	0.00252289	-8.28444	-6.83003	12	83292831	C	T	8.489687702402994e-12	11.0711082852116
12:96111409:G:GT	6.45449e-06	0.0251902	-8.26943	-6.81552	12	96111409	G	GT	9.392340547684705e-12	11.027226169152359
12:29413693:G:T	2.28166e-06	0.00548694	-7.78522	-6.78152	12	29413693	G	T	1.189180109914175e-11	10.924752363364474
12:29413816:A:T	2.28166e-06	0.00548694	-7.78522	-6.78152	12	29413816	A	T	1.189180109914175e-11	10.924752363364474
12:95180952:C:T	3.08572e-07	0.00425038	-9.53056	-6.77999	12	95180952	C	T	1.201842011475861e-11	10.92015261890054
12:70207634:T:C	1.01283e-07	0.0028068	-10.2296	-6.77153	12	70207634	T	C	1.2742753001578562e-11	10.894736734933785
12:88541852:G:T	0.000751812	2.14016e-06	5.86161	6.76222	12	88541852	G	T	1.3589313761867103e-11	10.866802473875252
12:71902920:C:CT	8.83137e-07	0.00716109	-9.00069	-6.75892	12	71902920	C	CT	1.3902412674132492e-11	10.856909824196503
12:23795956:G:A	2.83666e-06	0.0129033	-8.42261	-6.75395	12	23795956	G	A	1.4387334940064534e-11	10.842019645814306
12:23385147:G:GAA	1.54745e-07	0.000714448	-8.43749	-6.75329	12	23385147	G	GAA	1.4452964327630013e-11	10.84004306923268
12:2926404:C:T	0.00338432	2.75613e-06	7.11308	6.74645	12	2926404	C	T	1.515062430907183e-11	10.819569470897747
12:93508290:G:GGGT	0.00323607	9.15997e-06	5.86727	6.7396	12	93508290	G	GGGT	1.5882325541961434e-11	10.799085906436874
12:11165319:CCT:C	0.001545	7.02856e-07	7.69538	6.71298	12	11165319	CCT	C	1.906892595153524e-11	10.719673767701645
12:55363025:G:A	7.76284e-07	0.00597943	-8.94932	-6.71272	12	55363025	G	A	1.9102946975253544e-11	10.718899629801202
12:17305839:C:A	0.00245544	2.20641e-06	7.01469	6.69351	12	17305839	C	A	2.1788013490119157e-11	10.661782364503987
12:118667331:C:T	5.59061e-07	0.00240859	-8.36829	-6.68789	12	118667331	C	T	2.2641121171127138e-11	10.645102071018322
12:11166921:C:A	7.01713e-07	0.00205256	-7.98108	-6.66712	12	11166921	C	A	2.6087179176204166e-11	10.583572878908223
12:18184733:A:G	0.00248327	5.94911e-06	6.03409	6.65863	12	18184733	A	G	2.7639175688424024e-11	10.5584749135159
12:23795104:G:C	1.02269e-06	0.0245992	-10.088	-6.65827	12	23795104	G	C	2.770694439601929e-11	10.55741136686012
12:23795270:C:CT	1.02911e-06	0.0245992	-10.0818	-6.65326	12	23795270	C	CT	2.8667111267903614e-11	10.542616067905168
12:83291480:C:CATATAT	6.14022e-07	0.00253708	-8.32649	-6.64838	12	83291480	C	CATATAT	2.963364340161397e-11	10.528214949534416
12:23796586:T:C	1.06294e-06	0.0245992	-10.0494	-6.6274	12	23796586	T	C	3.4165092914600666e-11	10.466417393842407
12:85952475:G:A	6.24477e-07	0.000325631	-6.25661	-6.62567	12	85952475	G	A	3.456766471613336e-11	10.46132995905043
12:77469737:T:G	3.86234e-06	0.00440691	-7.03966	-6.62469	12	77469737	T	G	3.4797766961726833e-11	10.458448624654455
12:12497667:T:TA	2.89402e-06	0.00421514	-7.28379	-6.62466	12	12497667	T	TA	3.480483450151109e-11	10.458360426987271
12:121891901:CAA:C	1.55796e-06	0.00160497	-6.93749	-6.61244	12	121891901	CAA	C	3.78036359908499e-11	10.42246642728392
12:83432550:T:C	9.02085e-06	0.010066	-7.01738	-6.60163	12	83432550	T	C	4.066614363033161e-11	10.39076700978069
12:17299786:T:C	0.00273491	1.39634e-06	7.58	6.58642	12	17299786	T	C	4.505581423967337e-11	10.346249157420235
12:18192853:T:C	1.0889e-05	0.0183573	-7.43003	-6.57709	12	18192853	T	C	4.797444196334915e-11	10.318990068257893
12:83297945:A:AT	9.93518e-07	0.00167106	-7.42771	-6.57207	12	83297945	A	AT	4.962052354798142e-11	10.304338657782475
12:55767708:A:G	4.73236e-07	0.00177392	-8.22911	-6.56853	12	55767708	A	G	5.0814395999568026e-11	10.29401323225422
12:17307774:G:C	0.0019374	2.82903e-06	6.52917	6.5682	12	17307774	G	C	5.092711048496509e-11	10.293050964232908
12:55117666:C:T	3.50415e-07	0.00104428	-7.99972	-6.55483	12	55117666	C	T	5.570529912100381e-11	10.254103489394586
12:1776140:C:T	1.15026e-06	0.00216166	-7.53864	-6.55363	12	1776140	C	T	5.6155002582504484e-11	10.250611548446138
12:55117222:C:T	3.51473e-07	0.00104597	-7.99832	-6.55349	12	55117222	C	T	5.620769874338727e-11	10.250204195235566
12:43950548:CA:C	9.83259e-06	0.00587706	-6.39311	-6.55325	12	43950548	CA	C	5.629814757822001e-11	10.249505894843015
12:72704037:C:T	0.00697197	1.06498e-05	6.48411	6.52538	12	72704037	C	T	6.782934498836904e-11	10.168582376791832
12:17303974:A:C	0.00175348	2.68807e-06	6.48053	6.52198	12	17303974	A	C	6.93852689581108e-11	10.1587327239153
12:88539967:G:T	0.000574139	2.10897e-06	5.60667	6.52125	12	88539967	G	T	6.972385858586951e-11	10.156618586619688
12:88556218:C:CA	3.9821e-06	0.00193349	-6.18527	-6.51028	12	88556218	C	CA	7.501085260427008e-11	10.12487589813928
12:88553094:A:G	0.00162746	5.90645e-06	5.61873	6.48708	12	88553094	A	G	8.751587569488048e-11	10.05791315724876
12:83303092:C:T	1.10843e-06	0.0108442	-9.18845	-6.48699	12	83303092	C	T	8.75681483100223e-11	10.057653833656968
12:1773516:CTT:C	0.00238395	2.46204e-06	6.87552	6.48574	12	1773516	CTT	C	8.829732095765874e-11	10.054052473216954
12:18184560:G:A	3.82664e-06	0.00322535	-6.73681	-6.48068	12	18184560	G	A	9.131014780129703e-11	10.039480954237847
12:83295850:G:A	6.076e-07	0.00203069	-8.11437	-6.47047	12	83295850	G	A	9.769854950107903e-11	10.010111884063761
12:69260319:G:GT	5.2503e-06	0.00912451	-7.46043	-6.46478	12	69260319	G	GT	1.0144629043750836e-10	9.993763829083818
12:104104591:A:G	1.78947e-06	0.00596827	-8.11229	-6.45659	12	104104591	A	G	1.0708850650166424e-10	9.970257138232201
12:38749062:A:G	0.000589267	3.53356e-07	7.41916	6.45288	12	38749062	A	G	1.0974425815022659e-10	9.959618192898194
12:85950194:G:A	7.16827e-07	0.000351983	-6.1965	-6.43169	12	85950194	G	A	1.261929094404497e-10	9.898965046656048
12:85950007:C:T	7.16827e-07	0.000351973	-6.19647	-6.43166	12	85950007	C	T	1.262178239467123e-10	9.898879311533147
12:17746883:T:C	3.02218e-07	0.00272414	-9.10652	-6.41682	12	17746883	T	C	1.3915028394671482e-10	9.856515903118185
12:92463784:G:T	4.09708e-05	0.0656503	-7.37924	-6.41145	12	92463784	G	T	1.4414203481807354e-10	9.841209351403652
12:117637431:C:T	1.77139e-05	0.0213727	-7.09552	-6.3938	12	117637431	C	T	1.6181305255366744e-10	9.790986449204604
12:2926764:TGTG:T	2.43823e-06	0.00348031	-7.2636	-6.37546	12	2926764	TGTG	T	1.824145968589243e-10	9.738940412270543
12:113928418:T:TACACACACA	1.4329e-06	0.00436911	-8.02261	-6.37066	12	113928418	T	TACACACACA	1.8821647423866812e-10	9.725342366255093
12:38197972:G:A	4.5039e-07	0.000999243	-7.70464	-6.36417	12	38197972	G	A	1.9634857692099613e-10	9.706972242025843
12:83297585:C:T	6.07373e-07	0.00181072	-8.00009	-6.36264	12	83297585	C	T	1.9831513426859223e-10	9.702644141677025
12:20278053:G:A	2.38635e-06	0.00703456	-7.98883	-6.35201	12	20278053	G	A	2.1251950432194082e-10	9.672601205704597
12:17300161:C:T	1.38332e-06	0.00278168	-7.60633	-6.34687	12	17300161	C	T	2.1973966123349436e-10	9.658091549359403
12:122814385:G:A	0.000633338	9.99712e-08	8.75388	6.3456	12	122814385	G	A	2.2156022221753092e-10	9.65450820794222
12:122814432:G:GAGTGAAT	0.000633338	9.99712e-08	8.75388	6.3456	12	122814432	G	GAGTGAAT	2.2156022221753092e-10	9.65450820794222
12:17306918:C:T	0.00290721	1.98529e-06	7.28919	6.33744	12	17306918	C	T	2.3361413709289904e-10	9.631500879557658
12:69265589:A:G	7.83274e-06	0.0104354	-7.19464	-6.33579	12	69265589	A	G	2.361282232599955e-10	9.626852100708117
12:17307091:A:T	0.00290725	1.99771e-06	7.28296	6.33211	12	17307091	A	T	2.4183097037433517e-10	9.616488081467896
12:17305095:CCTTT:C	2.12379e-06	0.00243459	-7.04433	-6.33102	12	17305095	CCTTT	C	2.435457703490285e-10	9.613419408403967
12:17299941:C:T	1.3977e-06	0.00274389	-7.58231	-6.32528	12	17299941	C	T	2.5277380490515303e-10	9.597267934244856
12:61433866:G:A	3.04232e-06	0.00704943	-7.74808	-6.31162	12	61433866	G	A	2.761295672197217e-10	9.558887087772682
12:87752347:G:A	1.99499e-06	0.00258708	-7.16765	-6.30842	12	87752347	G	A	2.818983762702087e-10	9.549907425649927
12:1007460:TTC:T	0.000972114	2.62123e-06	5.91583	6.30241	12	1007460	TTC	T	2.930527133973912e-10	9.533054253098063
12:64754890:C:CA	1.10956e-05	0.0139591	-7.13734	-6.28338	12	64754890	C	CA	3.312899491139387e-10	9.479791739821538
12:83752646:C:T	3.32804e-06	0.0255396	-8.9456	-6.27901	12	83752646	C	T	3.4073567901174436e-10	9.467582388338117
12:96110916:C:T	9.11061e-06	0.0247235	-7.90607	-6.27393	12	96110916	C	T	3.5204683165887937e-10	9.453399559879335
12:29411966:A:G	0.00582953	6.04907e-06	6.87079	6.27179	12	29411966	A	G	3.569207653042322e-10	9.44742818447723
12:59472343:T:A	4.06741e-07	0.000329696	-6.69775	-6.27067	12	59472343	T	A	3.5949780752815863e-10	9.444303753907874
12:83434644:A:G	6.28737e-06	0.0172855	-7.91908	-6.26329	12	83434644	A	G	3.769386691193292e-10	9.423729307167799
12:17631403:C:G	1.16132e-06	0.00869598	-8.92106	-6.25799	12	17631403	C	G	3.8997081941927706e-10	9.408967888971754
12:17631033:A:G	1.55198e-06	0.00307763	-7.59239	-6.25669	12	17631033	A	G	3.9323395803464286e-10	9.405348985371273
12:93509474:A:G	0.00633455	9.55677e-06	6.49653	6.25013	12	93509474	A	G	4.101111833258877e-10	9.387098387770548
12:1776096:A:G	1.94013e-06	0.00207358	-6.97427	-6.24429	12	1776096	A	G	4.2572947746206497e-10	9.370866278279749
12:1002340:AT:A	0.0444273	6.22057e-06	8.87375	6.237	12	1002340	AT	A	4.460419893460481e-10	9.350624255900133
12:97722628:C:G	0.0049332	1.30644e-05	5.93385	6.23472	12	97722628	C	G	4.5258686999374253e-10	9.344298049523974
12:2926501:G:A	2.7811e-06	0.00338454	-7.10413	-6.22894	12	2926501	G	A	4.696015799223056e-10	9.328270450622485
12:61433520:T:TAA	2.97371e-06	0.00767248	-7.85558	-6.2263	12	61433520	T	TAA	4.775791905097107e-10	9.32095460491825
12:995932:G:C	1.10292e-05	0.00667695	-6.40587	-6.22014	12	995932	G	C	4.967114775344238e-10	9.30389580462673
12:28894492:C:A	0.0457234	3.06848e-05	7.3066	6.2073	12	28894492	C	A	5.390264087743571e-10	9.268389956698206
12:69249541:C:T	0.00643315	2.55258e-05	5.52953	6.20296	12	69249541	C	T	5.541092703953572e-10	9.256404583917213
12:28894638:A:G	0.0457234	3.0936e-05	7.29844	6.19976	12	28894638	A	G	5.654932645901621e-10	9.24757256345072
12:29414745:A:T	3.94821e-06	0.00515463	-7.17439	-6.18583	12	29414745	A	T	6.177655483302324e-10	9.209176315178743
12:118667765:T:G	5.51528e-07	0.00379254	-8.83585	-6.18502	12	118667765	T	G	6.20945968307056e-10	9.20694618836931
12:86853646:G:A	7.77624e-07	0.00530096	-8.82715	-6.17756	12	86853646	G	A	6.509983869211475e-10	9.186420087548724
12:47610693:G:A	2.4375e-06	0.00428488	-7.47188	-6.17575	12	47610693	G	A	6.585011615777264e-10	9.18144345461814
12:44648905:T:TTGTGTGTGT	1.5285e-07	0.00103903	-8.82434	-6.17515	12	44648905	T	TTGTGTGTGT	6.610068363447264e-10	9.179794048878296
12:86853899:A:C	7.7988e-07	0.00530096	-8.82426	-6.17508	12	86853899	A	C	6.612997702787094e-10	9.179601628160537
12:61434449:C:T	3.42718e-06	0.00689293	-7.60651	-6.17479	12	61434449	C	T	6.6251470352177e-10	9.1788044787685
12:93509187:C:CAA	0.00552308	9.33438e-06	6.38299	6.16318	12	93509187	C	CAA	7.129838115015242e-10	9.146920330814858
12:23797924:TG:T	0.0167764	2.58098e-06	8.77956	6.15879	12	23797924	TG	T	7.330285219975453e-10	9.134879126716093
12:18188551:C:T	5.52927e-06	0.00329281	-6.38944	-6.15872	12	18188551	C	T	7.333525526633551e-10	9.134687191979822
12:17309107:G:C	0.0029645	2.51597e-06	7.0718	6.15132	12	17309107	G	C	7.684070192570353e-10	9.114408676591871
12:51674523:C:T	1.57458e-06	0.00382944	-7.79648	-6.14741	12	51674523	C	T	7.87583611047826e-10	9.10370332974259
12:17312280:CA:C	3.06152e-06	0.00283082	-6.82941	-6.13788	12	17312280	CA	C	8.362999463585555e-10	9.077637931071463
12:8201238:T:G	0.0330523	0.000177322	5.22788	6.12518	12	8201238	T	G	9.058114550326181e-10	9.042962191462733
12:2917659:T:C	0.000906815	5.57692e-06	5.0913	6.11914	12	2917659	T	C	9.408172079147842e-10	9.02649474777932
12:89182623:G:A	2.71281e-06	0.00318866	-7.06937	-6.10951	12	89182623	G	A	9.993749432045477e-10	9.000271543591069
12:86857709:A:G	1.86329e-06	0.00731897	-8.27588	-6.10711	12	86857709	A	G	1.0145132197699968e-09	8.993742289452957
12:28893173:T:G	2.91523e-05	0.0475048	-7.39605	-6.10258	12	28893173	T	G	1.0436984042014583e-09	8.981424980561714
12:39357838:G:A	5.10298e-08	8.59764e-05	-7.42942	-6.10065	12	39357838	G	A	1.0563799431027377e-09	8.976179853094132
12:11163360:AAAAT:A	0.000692071	1.6565e-06	6.03498	6.09856	12	11163360	AAAAT	A	1.0702822468240473e-09	8.970501678320314
12:63179818:GT:G	0.000531344	4.01622e-07	7.18765	6.09731	12	63179818	GT	G	1.0786821044741017e-09	8.967106526229424
12:44648902:T:TTGTG	1.40933e-06	0.00872206	-8.7305	-6.09478	12	44648902	T	TTGTG	1.0958805862400202e-09	8.960236766620309
12:18186546:A:G	0.0023479	1.0051e-05	5.4536	6.093	12	18186546	A	G	1.1081406232962956e-09	8.955405124042224
12:74830644:C:CT	0.000575369	9.00607e-07	6.4597	6.09144	12	74830644	C	CT	1.1189952531482452e-09	8.951171755773613
12:112246417:A:T	2.54801e-07	0.000975109	-8.24982	-6.08367	12	112246417	A	T	1.1746224600210265e-09	8.93010169924486
12:89777661:T:G	2.69095e-06	0.016384	-8.71417	-6.0808	12	89777661	T	G	1.1958438061838429e-09	8.92232554153683
12:69250655:GT:G	0.00299184	1.50449e-05	5.29261	6.08025	12	69250655	GT	G	1.1999530778356867e-09	8.920835735981925
12:23797081:T:A	4.42946e-06	0.00353396	-6.6819	-6.07257	12	23797081	T	A	1.258791970102305e-09	8.900046036136464
12:17309585:G:A	0.00198347	4.88005e-06	6.00745	6.07239	12	17309585	G	A	1.260204199274895e-09	8.899559077554667
12:31572540:CA:C	0.00305393	6.75448e-07	8.41656	6.07055	12	31572540	CA	C	1.2747291968313194e-09	8.894582066848299
12:68730453:A:T	5.53414e-06	0.00465948	-6.73572	-6.06927	12	68730453	A	T	1.284929661807158e-09	8.89112064534833
12:83430042:T:C	1.37678e-05	0.00914743	-6.49889	-6.06476	12	83430042	T	C	1.3215083755863871e-09	8.87893008000906
12:55359426:T:C	1.86224e-06	0.0110738	-8.69055	-6.06057	12	55359426	T	C	1.3564000387401876e-09	8.867612206490051
12:17311833:G:A	0.00304903	2.88828e-06	6.96192	6.05724	12	17311833	G	A	1.3847690781314747e-09	8.858622642812332
12:17306883:TG:T	1.9922e-06	0.00289407	-7.28118	-6.0546	12	17306883	TG	T	1.4076700703516385e-09	8.851499123188328
12:86858190:T:C	1.9975e-06	0.00439919	-7.69728	-6.05364	12	86858190	T	C	1.4160888877899329e-09	8.84890948515961
12:17305381:C:A	1.9613e-06	0.00284064	-7.27817	-6.05189	12	17305381	C	A	1.4315621381050154e-09	8.844189796332262
12:18185877:T:C	0.00230879	1.04335e-05	5.39945	6.04024	12	18185877	T	C	1.5388516317787582e-09	8.812803250607733
12:51677057:G:GTTTTATTTT	3.40345e-07	0.00196916	-8.66316	-6.03711	12	51677057	G	GTTTTATTTT	1.5689877408051615e-09	8.804380449734587
12:121882446:C:T	1.34569e-06	0.00283175	-7.65174	-6.03397	12	121882446	C	T	1.599797771001169e-09	8.795934912649763
12:83306004:A:T	3.55063e-06	0.00348186	-6.8882	-6.03336	12	83306004	A	T	1.605851182791027e-09	8.794294704068104
12:44103776:A:G	0.00359804	1.85621e-05	5.26702	6.0263	12	44103776	A	G	1.6775567258695634e-09	8.775322785426866
12:101402244:G:A	1.75996e-05	0.0264259	-7.31422	-6.02362	12	101402244	G	A	1.7055854639026546e-09	8.768126513974915
12:28892463:A:G	2.87009e-05	0.0513642	-7.48977	-6.02291	12	28892463	A	G	1.7130871235791593e-09	8.766220549277632
12:64759540:GGGGCGGAGA:G	0.0106488	6.46947e-06	7.40611	6.018	12	64759540	GGGGCGGAGA	G	1.76585194073875e-09	8.753045712998414
12:4817328:C:T	4.91438e-06	0.0103669	-7.65421	-6.01765	12	4817328	C	T	1.7696730611241719e-09	8.752106960115409
12:61436143:A:ATCTCTC	4.08914e-06	0.00695575	-7.43899	-6.01288	12	61436143	A	ATCTCTC	1.82255953606738e-09	8.739318276034282
12:118669201:G:T	5.71667e-07	0.00604278	-9.26582	-6.00061	12	118669201	G	T	1.965776261938914e-09	8.706465913632465
12:2915579:G:T	0.000855694	5.92638e-06	4.9725	5.9987	12	2915579	G	T	1.9890343509587626e-09	8.701357716471836
12:11613310:C:T	2.70836e-05	0.0256458	-6.85321	-5.99825	12	11613310	C	T	1.994552905240114e-09	8.70015443960026
12:83647315:C:A	0.00216082	4.04264e-07	8.58393	5.99635	12	83647315	C	A	2.0180183753879567e-09	8.69507488354348
12:8776312:TAA:T	0.002475	9.18715e-07	7.89877	5.99579	12	8776312	TAA	T	2.024985681993339e-09	8.693578043191668
12:33915522:G:C	3.0192e-07	0.000606394	-7.60512	-5.98998	12	33915522	G	C	2.0986684419997933e-09	8.678056167984415
12:61296943:C:A	2.48452e-06	0.0025654	-6.93979	-5.98325	12	61296943	C	A	2.1872865128892262e-09	8.660094324956503
12:61296976:G:C	2.48452e-06	0.0025654	-6.93979	-5.98325	12	61296976	G	C	2.1872865128892262e-09	8.660094324956503
12:58059083:C:A	2.01353e-06	0.00122926	-6.41427	-5.97715	12	58059083	C	A	2.2707509911764385e-09	8.643830487571215
12:74077457:G:T	2.59563e-07	0.000524152	-7.61054	-5.97166	12	74077457	G	T	2.3485157810778704e-09	8.629206517187349
12:20015555:C:G	4.72448e-06	0.00434846	-6.82482	-5.96976	12	20015555	C	G	2.376028396174156e-09	8.624148373359173
12:83647456:G:GT	4.04264e-07	0.00216082	-8.58393	-5.96926	12	83647456	G	GT	2.38332057838641e-09	8.622817537149864
12:8201585:A:C	0.0222666	7.48208e-05	5.69575	5.96668	12	8201585	A	C	2.421296052135629e-09	8.615952106077403
12:2912982:T:TC	0.0045115	1.25068e-05	5.88811	5.95898	12	2912982	T	TC	2.538171564689739e-09	8.59547902562989
12:63330853:C:G	1.17036e-06	0.00168654	-7.27312	-5.95101	12	63330853	C	G	2.664928006071652e-09	8.574314519090747
12:75186051:A:AAAAT	1.94668e-05	0.0306078	-7.3603	-5.93682	12	75186051	A	AAAAT	2.9060341376402274e-09	8.536699288282424
12:17961126:C:CTT	2.17307e-06	0.00698955	-8.07603	-5.92739	12	17961126	C	CTT	3.0778738937617854e-09	8.51174917799555
12:83714084:A:AC	0.0010005	1.27596e-06	6.66456	5.9272	12	83714084	A	AC	3.08143592274035e-09	8.511246858823982
12:83291822:C:T	1.24263e-06	0.00629393	-8.53011	-5.92317	12	83291822	C	T	3.1579408615937964e-09	8.500596007235885
12:2929693:C:T	0.00372381	1.07791e-05	5.8449	5.91791	12	2929693	C	T	3.2605829248026033e-09	8.48670475011801
12:2929751:C:T	0.00372381	1.07791e-05	5.8449	5.91791	12	2929751	C	T	3.2605829248026033e-09	8.48670475011801
12:69758488:A:G	4.56112e-06	0.00628298	-7.22803	-5.90783	12	69758488	A	G	3.4664345627700534e-09	8.460116993733235
12:63180150:A:G	4.04264e-07	0.000537459	-7.19254	-5.90619	12	63180150	A	G	3.5011016573598655e-09	8.455795278955197
12:64475357:G:A	0.00507661	2.09198e-06	7.79429	5.90329	12	64475357	G	A	3.5632310913941736e-09	8.448156010805656
12:59477446:G:A	0.00234186	1.61863e-06	7.27712	5.89178	12	59477446	G	A	3.8205761002503045e-09	8.417871145387949
12:16680069:A:G	0.0168286	5.76972e-05	5.67563	5.88805	12	16680069	A	G	3.90778905601178e-09	8.40806888770727
12:18187439:G:T	0.00195835	1.04335e-05	5.23483	5.87983	12	18187439	G	T	4.1068805292513696e-09	8.386487930757635
12:17308610:G:C	2.49991e-06	0.00297797	-7.08274	-5.87622	12	17308610	G	C	4.19740421384515e-09	8.377019205820801
12:20276901:T:A	1.26871e-06	0.00608109	-8.47494	-5.87591	12	20276901	T	A	4.2052676343848066e-09	8.376206359333905
12:17309291:G:A	2.50723e-06	0.00297973	-7.08041	-5.87412	12	17309291	G	A	4.250953727963691e-09	8.371513622343958
12:77458122:G:T	2.31005e-06	0.00409445	-7.48012	-5.87204	12	77458122	G	T	4.304648415737818e-09	8.366062313975803
12:12436135:C:T	2.87034e-06	0.00517039	-7.49627	-5.86631	12	12436135	C	T	4.45600343243742e-09	8.351054483299306
12:89754627:G:T	4.5386e-06	0.00688056	-7.32384	-5.86618	12	89754627	G	T	4.459496703202466e-09	8.350714152802619
12:53694263:T:TCA	7.34235e-06	0.00449405	-6.41685	-5.86045	12	53694263	T	TCA	4.616145178302569e-09	8.335720541025587
12:12435857:A:G	2.88988e-06	0.00517039	-7.48949	-5.85981	12	12435857	A	G	4.633970609243961e-09	8.334046725031076
12:53695441:C:CA	0.00744197	7.31088e-06	6.92553	5.8549	12	53695441	C	CA	4.772971186558803e-09	8.321211187371926
12:17314426:A:T	0.00326367	3.93935e-06	6.71959	5.84977	12	17314426	A	T	4.922532155206428e-09	8.307811438260824
12:17309693:C:T	2.5911e-06	0.00297973	-7.04751	-5.84455	12	17309693	C	T	5.079394640943394e-09	8.294188043575058
12:17311634:T:C	2.66238e-06	0.00305262	-7.04454	-5.84188	12	17311634	T	C	5.161498254808915e-09	8.287224215165777
12:96111830:C:T	0.040139	9.12962e-06	8.38858	5.83413	12	96111830	C	T	5.407195220042435e-09	8.267027950480474
12:69757710:A:AT	4.82169e-06	0.00389585	-6.69454	-5.82881	12	69757710	A	AT	5.582401764107083e-09	8.253178910653586
12:83299817:G:A	2.48805e-06	0.00431949	-7.45939	-5.82879	12	83299817	G	A	5.583070742684932e-09	8.253126869200788
12:83292105:C:T	0.00266264	6.1094e-07	8.37983	5.82687	12	83292105	C	T	5.647657117934452e-09	8.248131678158325
12:73579072:T:C	1.27325e-06	0.000669274	-6.26462	-5.82219	12	73579072	T	C	5.808146499363195e-09	8.2359624379239
12:39704623:G:A	0.000471909	6.8957e-07	6.52847	5.81417	12	39704623	G	A	6.093546495057316e-09	8.215129870760375
12:121869350:CAAAAAA:C	0.00220741	5.15896e-06	6.05884	5.80944	12	121869350	CAAAAAA	C	6.268215286879489e-09	8.202856095755116
12:95184108:T:C	1.72971e-06	0.00214446	-7.12269	-5.80697	12	95184108	T	C	6.361352917222604e-09	8.196450509823455
12:42966895:T:A	2.75453e-05	0.0243376	-6.78394	-5.80507	12	42966895	T	A	6.4339118552836525e-09	8.19152489323606
12:93512192:C:T	0.0066552	1.61783e-05	6.01948	5.80407	12	93512192	C	T	6.472423451796291e-09	8.188933077186494
12:1002297:C:T	5.04744e-06	0.00198407	-5.97402	-5.79707	12	1002297	C	T	6.7483528759287285e-09	8.170802215937425
12:83301781:G:T	2.48111e-06	0.00689338	-7.92961	-5.79571	12	83301781	G	T	6.80327373265056e-09	8.167282054662243
12:83435578:C:T	1.03115e-05	0.0172855	-7.42437	-5.79569	12	83435578	C	T	6.804084626788916e-09	8.1672302934253
12:17311475:G:A	2.69018e-06	0.00292966	-6.99303	-5.79558	12	17311475	G	A	6.808546225070464e-09	8.166945609648208
12:72704113:T:G	1.06498e-05	0.00699503	-6.48741	-5.79459	12	72704113	T	G	6.848828856753294e-09	8.16438368610377
12:118668569:TTTA:T	0.00246149	4.16086e-06	6.3828	5.79246	12	118668569	TTTA	T	6.936284930867856e-09	8.15887307508173
12:72703963:T:C	1.06498e-05	0.00697197	-6.48411	-5.79153	12	72703963	T	C	6.974809720643947e-09	8.15646763585387
12:81639334:C:T	5.74738e-06	0.00697672	-7.10159	-5.78677	12	81639334	C	T	7.175271577132949e-09	8.144161656654154
12:16654490:G:C	5.97717e-06	0.0163857	-7.91622	-5.78367	12	16654490	G	C	7.308825374418565e-09	8.136152414341558
12:2931677:T:C	0.00460325	1.08074e-05	6.05428	5.78334	12	2931677	T	C	7.323183944246524e-09	8.135300057086972
12:28896882:C:T	3.48834e-05	0.0480686	-7.22837	-5.77601	12	28896882	C	T	7.649282935865834e-09	8.116379274858502
12:96112682:C:G	9.23371e-06	0.0392083	-8.35378	-5.77215	12	96112682	C	G	7.82663943417295e-09	8.10642467325256
12:17313785:G:A	3.07971e-06	0.00326526	-6.96626	-5.77152	12	17313785	G	A	7.855963247442025e-09	8.104800556976512
12:63339126:G:A	3.65662e-06	0.00229028	-6.43989	-5.76949	12	63339126	G	A	7.951179614096591e-09	8.099568435885747
12:2930712:C:A	0.00448226	1.07633e-05	6.03174	5.76284	12	2930712	C	A	8.271019769308064e-09	8.08244094112703
12:23799083:T:C	4.41135e-06	0.0185156	-8.34219	-5.76222	12	23799083	T	C	8.30146907519592e-09	8.080845045600467
12:31571194:A:C	9.04276e-07	0.00118652	-7.1794	-5.76198	12	31571194	A	C	8.313285139660845e-09	8.080227323256372
12:74833930:T:A	2.00866e-06	0.000995882	-6.20616	-5.76166	12	74833930	T	A	8.329065331655331e-09	8.079403731375855
12:2923932:G:A	0.00111153	7.82723e-06	4.95589	5.75786	12	2923932	G	A	8.51869580108847e-09	8.069626889945312
12:38194728:T:A	4.04292e-07	0.000460556	-7.03805	-5.75712	12	38194728	T	A	8.556109038189919e-09	8.067723689460204
12:23788513:C:T	1.02591e-05	0.0164874	-7.38219	-5.75699	12	23788513	C	T	8.5626981103396e-09	8.067389367355638
12:2930863:C:T	0.00446522	1.08072e-05	6.02386	5.75567	12	2930863	C	T	8.629882506426221e-09	8.063995117049345
12:118667256:T:C	3.44322e-06	0.00258741	-6.622	-5.75528	12	118667256	T	C	8.649830327344709e-09	8.062992411450866
12:2932319:G:A	0.00460329	1.1249e-05	6.01424	5.74692	12	2932319	G	A	9.08837018770492e-09	8.041513991579885
12:88111856:A:G	2.57224e-06	0.0105926	-8.32313	-5.7459	12	88111856	A	G	9.14333342537044e-09	8.03889544274351
12:45432554:A:AACTC	2.92702e-06	0.00763695	-7.86677	-5.7392	12	45432554	A	AACTC	9.512482872820396e-09	8.02170611216579
12:6501560:G:A	4.07265e-07	0.000452913	-7.01399	-5.7339	12	6501560	G	A	9.814721148602467e-09	8.008122034866172
12:73578734:T:C	0.000255662	1.03019e-06	5.51412	5.73273	12	73578734	T	C	9.882688645651676e-09	8.005124886877871
12:64760950:C:G	6.15179e-06	0.00809228	-7.18192	-5.73214	12	64760950	C	G	9.917136154740109e-09	8.003613724192586
12:96111571:G:A	9.18794e-06	0.0371689	-8.30533	-5.73066	12	96111571	G	A	1.0004061226099356e-08	7.99982365899714
12:28898489:C:G	3.68589e-05	0.0483701	-7.17954	-5.72989	12	28898489	C	G	1.0049578173130735e-08	7.997852167191392
12:58528751:T:C	0.00102085	3.12767e-06	5.7881	5.72604	12	58528751	T	C	1.0280199193230975e-08	7.987998470196489
12:86843068:G:A	9.1706e-07	0.00235168	-7.84947	-5.72364	12	86843068	G	A	1.0426556997028019e-08	7.981859078346819
12:44101253:C:A	2.00054e-05	0.00414907	-5.33464	-5.7229	12	44101253	C	A	1.047209104574852e-08	7.9799665906270585
12:31570588:T:TAA	9.21819e-07	0.00116127	-7.13867	-5.72261	12	31570588	T	TAA	1.0489988130643221e-08	7.979225003207688
12:50790472:T:C	1.43124e-05	0.0156943	-6.99992	-5.72032	12	50790472	T	C	1.0632361413787875e-08	7.97337026933526
12:2925318:G:A	0.00114013	8.35336e-06	4.91623	5.71989	12	2925318	G	A	1.0659303889199565e-08	7.972271156186622
12:27225750:G:A	3.32636e-06	0.00361471	-6.99089	-5.7116	12	27225750	G	A	1.1191890048186869e-08	7.951096565108462
12:27225991:C:G	3.32968e-06	0.00361471	-6.98989	-5.71064	12	27225991	C	G	1.1255210468737974e-08	7.9486463794234
12:85947985:T:C	1.54186e-06	0.000358292	-5.44836	-5.70278	12	85947985	T	C	1.1786906966767767e-08	7.9286001443109715
12:620339:G:A	8.17101e-06	0.0124058	-7.32533	-5.7025	12	620339	G	A	1.1806291149814504e-08	7.927886511035311
12:51315177:T:A	3.94507e-06	0.0098567	-7.82344	-5.70024	12	51315177	T	A	1.1963887349591942e-08	7.922127684881854
12:11163045:A:G	0.000457018	1.66348e-06	5.61581	5.70021	12	11163045	A	G	1.1965993020342782e-08	7.922051254814004
12:63327002:T:C	6.30726e-06	0.00954545	-7.32212	-5.69943	12	63327002	T	C	1.2020867034556644e-08	7.920064206647464
12:89754295:A:G	4.55805e-06	0.00577513	-7.14442	-5.69672	12	89754295	A	G	1.2213426187726028e-08	7.913162487922779
12:73153479:A:G	9.19492e-06	0.00539643	-6.37484	-5.69479	12	73153479	A	G	1.2352386289880937e-08	7.908249135325981
12:85948862:G:A	1.56365e-06	0.000356456	-5.42919	-5.6841	12	85948862	G	A	1.3150331844123922e-08	7.881063287763313
12:63329465:A:G	2.56135e-06	0.00278306	-6.99077	-5.68066	12	63329465	A	G	1.3417596703986066e-08	7.872325265960347
12:11613406:A:T	2.8291e-05	0.0219757	-6.65515	-5.67947	12	11613406	A	T	1.3511274428964703e-08	7.869303684925919
12:104102946:C:T	6.42347e-06	0.00773328	-7.09333	-5.67879	12	104102946	C	T	1.3565089514447488e-08	7.867577336034171
12:93502989:CGTG:C	4.97776e-06	0.0028545	-6.35167	-5.67845	12	93502989	CGTG	C	1.3592075088294012e-08	7.866714234908458
12:14439840:AATCC:A	0.000288321	7.78696e-07	5.91421	5.67567	12	14439840	AATCC	A	1.3814687088449344e-08	7.859658947685496
12:85949356:G:T	1.56365e-06	0.000351973	-5.41653	-5.67177	12	85949356	G	T	1.4132963901525477e-08	7.849766750317439
12:31676334:G:A	4.73914e-06	0.00566311	-7.08587	-5.67158	12	31676334	G	A	1.4148650310570919e-08	7.849284987039232
12:117622972:A:G	9.81861e-06	0.0144312	-7.29287	-5.67139	12	117622972	A	G	1.4164353632404679e-08	7.8488032390245746
12:29416405:T:C	6.45047e-06	0.00489204	-6.63121	-5.65613	12	29416405	T	C	1.5482421709392397e-08	7.8101611074278585
12:42424180:A:G	0.000564962	1.18562e-06	6.16649	5.65269	12	42424180	A	G	1.5795603869683677e-08	7.801463766260366
12:53695513:A:C	7.31088e-06	0.00744197	-6.92553	-5.64853	12	53695513	A	C	1.6182561488356815e-08	7.790952734132165
12:107752521:CTAAT:C	0.00663144	1.34912e-05	6.19754	5.64364	12	107752521	CTAAT	C	1.6649202214770263e-08	7.778606571888829
12:73473927:A:G	0.000483975	3.96068e-06	4.80562	5.64033	12	73473927	A	G	1.697245653368191e-08	7.7702552948766535
12:61437363:C:T	7.79112e-06	0.00786305	-6.91695	-5.64025	12	61437363	C	T	1.6980344278026936e-08	7.77005350864262
12:2929419:A:G	0.00375241	1.0318e-05	5.89626	5.63961	12	2929419	A	G	1.7043574520385243e-08	7.768439316161054
12:39706112:A:T	6.82922e-07	0.000508854	-6.61353	-5.63889	12	39706112	A	T	1.711498187011107e-08	7.766623556573717
12:51675683:C:T	1.5598e-06	0.00221204	-7.25712	-5.63714	12	51675683	C	T	1.728975480748108e-08	7.762211165575876
12:101392056:G:T	7.6797e-06	0.00795883	-6.94346	-5.63536	12	101392056	G	T	1.746930142451756e-08	7.757724461562185
12:47611665:C:T	3.24628e-06	0.00240217	-6.60662	-5.63215	12	47611665	C	T	1.7797677958319105e-08	7.7496366558749
12:107754205:C:T	0.00667211	1.37581e-05	6.18407	5.63051	12	107754205	C	T	1.796775225543994e-08	7.745506249219145
12:29417763:AGT:A	0.00410671	8.26989e-06	6.20776	5.63037	12	29417763	AGT	A	1.798234368523764e-08	7.745153706193799
12:55360325:A:G	5.5482e-06	0.00654859	-7.07353	-5.62976	12	55360325	A	G	1.80460550327303e-08	7.743617722554381
12:2929528:T:G	0.00379475	1.05627e-05	5.88404	5.62849	12	2929528	T	G	1.8179403974419317e-08	7.740420359555417
12:61436142:A:ATCTC	4.40775e-06	0.00516846	-7.06697	-5.62356	12	61436142	A	ATCTC	1.8706174945120707e-08	7.728015008334159
12:90232419:AT:A	0.000548151	1.10182e-06	6.20958	5.62228	12	90232419	AT	A	1.8845348533211296e-08	7.724795826128905
12:34006860:CT:C	0.000142303	5.46017e-08	7.86565	5.62133	12	34006860	CT	C	1.894929090329742e-08	7.722407037017649
12:29410592:AT:A	8.04164e-06	0.00583455	-6.58692	-5.61294	12	29410592	AT	A	1.9891758754384705e-08	7.701326816495656
12:39706077:T:C	6.88254e-07	0.000498874	-6.58595	-5.61199	12	39706077	T	C	2.0001299945021316e-08	7.698941777305872
12:85947265:A:T	1.67901e-06	0.000355364	-5.35494	-5.61176	12	85947265	A	T	2.00279083747757e-08	7.69836440411257
12:63327137:A:AT	6.11096e-06	0.008431	-7.22959	-5.61076	12	63327137	A	AT	2.0143997284511294e-08	7.695854345780783
12:20277279:A:G	3.06574e-06	0.00343078	-7.02025	-5.60816	12	20277279	A	G	2.0448894208325387e-08	7.689330171872133
12:60774099:C:G	1.14421e-06	0.000407741	-5.87591	-5.60581	12	60774099	C	G	2.0728325495748306e-08	7.683435780266468
12:68827300:AAG:A	0.0111958	2.32296e-05	6.17786	5.60145	12	68827300	AAG	A	2.1256610559999122e-08	7.672505984047992
12:46434565:C:A	0.00459579	9.80614e-06	6.14989	5.59721	12	46434565	C	A	2.178287944219746e-08	7.661884712128397
12:119527737:C:T	2.03144e-05	0.0268595	-7.18705	-5.59551	12	119527737	C	T	2.199741677340803e-08	7.657628316765287
12:64378765:A:C	8.99191e-06	0.00988929	-7.00288	-5.59137	12	64378765	A	C	2.252849343576847e-08	7.647267850194029
12:83433360:C:T	6.68178e-06	0.00899914	-7.2055	-5.58882	12	83433360	C	T	2.2861777437506422e-08	7.6408900074799995
12:28900354:G:T	3.87802e-05	0.0438084	-7.02967	-5.58833	12	28900354	G	T	2.292636614788408e-08	7.6396647759279555
12:2933035:T:C	0.00568159	1.65438e-05	5.83897	5.5875	12	2933035	T	C	2.3036175834977063e-08	7.637589615162585
12:72516746:G:A	0.00169034	1.45629e-05	4.75421	5.5871	12	72516746	G	A	2.3089278297845787e-08	7.636589641624251
12:43244471:A:AT	1.07797e-05	0.0144887	-7.20346	-5.58688	12	43244471	A	AT	2.3118535277988227e-08	7.636039684993644
12:83433862:C:T	6.70371e-06	0.00900645	-7.20304	-5.58649	12	83433862	C	T	2.3170488383327174e-08	7.635064812133688
12:42424892:C:CAG	0.000555856	1.2557e-06	6.09281	5.5849	12	42424892	C	CAG	2.3383472451416693e-08	7.631090995547606
12:3816204:TA:T	0.0326699	3.36108e-05	6.87936	5.58286	12	3816204	TA	T	2.365951957758103e-08	7.625994078259393
12:12498105:T:C	5.29573e-06	0.00285852	-6.29116	-5.57938	12	12498105	T	C	2.413774000143403e-08	7.617303395003113
12:101398669:C:T	7.68205e-06	0.00538041	-6.55163	-5.57853	12	101398669	C	T	2.425596469725817e-08	7.615181448130706
12:68727612:A:C	4.15077e-06	0.00261129	-6.44431	-5.57513	12	68727612	A	C	2.473450861561804e-08	7.606696713059871
12:61322408:A:G	3.53139e-05	0.0381241	-6.98432	-5.57343	12	61322408	A	G	2.497720412198905e-08	7.602456176944617
12:29414743:A:T	0.00307427	7.04014e-06	6.0792	5.57237	12	29414743	A	T	2.5129700004324425e-08	7.599812695937634
12:29409519:A:G	9.10774e-06	0.00631955	-6.54228	-5.5694	12	29409519	A	G	2.5561804580908686e-08	7.592408489642507
12:2933143:G:C	0.00561692	1.67462e-05	5.81537	5.56602	12	2933143	G	C	2.6062334388149856e-08	7.583986687376792
12:69761722:G:A	0.00414524	6.38117e-06	6.47636	5.56511	12	69761722	G	A	2.6198709321373116e-08	7.5817201036578385
12:60425263:T:G	2.26801e-06	0.00248786	-7.00027	-5.56057	12	60425263	T	G	2.688949718726712e-08	7.570417318670598
12:20275343:AGTGTGTGTG:A	0.000604954	2.50476e-07	7.78955	5.55928	12	20275343	AGTGTGTGTG	A	2.708898153463404e-08	7.567207322844395
12:83291478:C:CAT	2.48816e-06	0.00530785	-7.6654	-5.55811	12	83291478	C	CAT	2.7271150545439972e-08	7.564296539176259
12:31705293:T:G	4.05221e-06	0.00528225	-7.17284	-5.55795	12	31705293	T	G	2.7296154757972817e-08	7.563898528234468
12:108542652:T:C	7.45805e-06	0.00339015	-6.11933	-5.55675	12	108542652	T	C	2.7484396749275353e-08	7.560913790855285
12:29417450:C:G	6.75877e-06	0.00460818	-6.52475	-5.55231	12	29417450	C	G	2.8191906648490984e-08	7.549875551339569
12:83307437:T:G	5.79154e-06	0.00350832	-6.40649	-5.54997	12	83307437	T	G	2.8571862310195517e-08	7.544061451437961
12:83307427:A:C	5.79154e-06	0.00350832	-6.40649	-5.54997	12	83307427	A	C	2.8571862310195517e-08	7.544061451437961
12:69266027:GA:G	0.00773185	1.733e-05	6.10067	5.54926	12	69266027	GA	G	2.868812724145121e-08	7.54229780153616
12:83294244:C:T	1.51974e-06	0.00191267	-7.13772	-5.54897	12	83294244	C	T	2.8735747658129445e-08	7.541577498736451
12:107753664:T:C	0.00637717	1.39767e-05	6.12309	5.54846	12	107753664	T	C	2.8819680013251652e-08	7.540310845494638
12:44101551:T:C	1.95602e-05	0.00404757	-5.33237	-5.54088	12	44101551	T	C	3.009554058021788e-08	7.521497851412222
12:83582868:G:A	1.00032e-06	0.000445432	-6.09872	-5.53571	12	83582868	G	A	3.0997008508145625e-08	7.508680217491364
12:67346474:A:G	0.00015187	7.54046e-07	5.30533	5.53194	12	67346474	A	G	3.167082476875041e-08	7.499340626623254
12:47610508:C:CCACACA	4.3935e-06	0.00466531	-6.96778	-5.52988	12	47610508	C	CCACACA	3.204499205439175e-08	7.494239831763929
12:86856855:T:C	1.86963e-06	0.00596415	-8.06778	-5.52721	12	86856855	T	C	3.2536342115924285e-08	7.487631274022545
12:17307912:CTT:C	4.72944e-06	0.00141114	-5.69835	-5.52699	12	17307912	CTT	C	3.257715221618832e-08	7.487086882914277
12:18190444:G:T	9.88283e-06	0.00296983	-5.70546	-5.52478	12	18190444	G	T	3.298987266888116e-08	7.481619360699246
12:108541792:G:T	7.67995e-06	0.00337067	-6.08426	-5.52094	12	108541792	G	T	3.371909136889746e-08	7.472124136858408
12:2927543:T:C	6.16938e-06	0.00345709	-6.32858	-5.51636	12	2927543	T	C	3.460929507127557e-08	7.460807246408645
12:86857172:T:TATA	1.90198e-06	0.00596415	-8.05062	-5.51251	12	86857172	T	TATA	3.537520847319565e-08	7.451300992075661
12:86857141:C:T	1.90198e-06	0.00596415	-8.05062	-5.51251	12	86857141	C	T	3.537520847319565e-08	7.451300992075661
12:47612327:T:A	3.24628e-06	0.00211483	-6.47922	-5.50791	12	47612327	T	A	3.6311895821491196e-08	7.439951076250457
12:61438811:A:T	1.14507e-05	0.00671813	-6.37451	-5.50438	12	61438811	A	T	3.7046969837735094e-08	7.4312473082398
12:67349626:G:GT	8.13086e-07	0.00035305	-6.07353	-5.50371	12	67349626	G	GT	3.7188108352816e-08	7.429595912332821
12:61321343:G:GA	3.71442e-05	0.0372511	-6.91063	-5.5022	12	61321343	G	GA	3.7508111250519033e-08	7.425874804527755
12:84504228:G:T	7.55236e-07	0.00233175	-8.0351	-5.49922	12	84504228	G	T	3.814749406495184e-08	7.418533985874466
12:61284189:T:C	1.62883e-06	0.00162745	-6.90691	-5.49861	12	61284189	T	C	3.8279671539960436e-08	7.417031797357961
12:73472027:C:G	0.000531404	5.00148e-06	4.66579	5.49555	12	73472027	C	G	3.894945638659942e-08	7.409498599350792
12:20277239:T:C	0.00322924	3.50397e-06	6.82611	5.49171	12	20277239	T	C	3.9806063603798294e-08	7.400050767396425
12:33920343:A:T	0.000611557	6.17132e-06	4.5961	5.49119	12	33920343	A	T	3.9923457720649454e-08	7.398771852054824
12:61439279:G:A	1.16294e-05	0.00671813	-6.35903	-5.48869	12	61439279	G	A	4.0492555465395375e-08	7.392624814254088
12:63334286:C:A	4.83028e-06	0.002284	-6.15878	-5.48462	12	63334286	C	A	4.1435913631789696e-08	7.382623080836926
12:23801002:T:C	4.56205e-06	0.0252848	-8.62019	-5.48419	12	23801002	T	C	4.1536816215736715e-08	7.381566795064462
12:83432580:C:A	6.50763e-06	0.019741	-8.01748	-5.48412	12	83432580	C	A	4.155326475083219e-08	7.381394848953986
12:72518026:C:G	0.00138258	1.31807e-05	4.65295	5.48225	12	72518026	C	G	4.199502100905581e-08	7.376802197137172
12:61283551:A:C	1.65693e-06	0.00162751	-6.88984	-5.48211	12	61283551	A	C	4.202827626657416e-08	7.37645842163545
12:83753243:C:T	2.19312e-05	0.022078	-6.91443	-5.47948	12	83753243	C	T	4.265776615069821e-08	7.370001890889086
12:63333687:T:C	4.85924e-06	0.0022726	-6.1478	-5.47349	12	63333687	T	C	4.412577943935937e-08	7.355307610142976
12:47611381:G:A	2.01895e-06	0.00171085	-6.74217	-5.47159	12	47611381	G	A	4.4601573777928185e-08	7.35064981682572
12:34004062:A:C	5.69482e-08	5.67398e-05	-6.90409	-5.46972	12	34004062	A	C	4.507471034190663e-08	7.346067055450059
12:86854125:G:C	1.77903e-06	0.00530096	-7.99957	-5.46879	12	86854125	G	C	4.5311821654887376e-08	7.343788477684807
12:118669987:T:A	4.45611e-06	0.00252067	-6.338	-5.46737	12	118669987	T	A	4.567619694044155e-08	7.340310063180287
12:1262803:A:G	0.00289787	1.72237e-05	5.12544	5.46736	12	1262803	A	G	4.5678773008625534e-08	7.340285570321317
12:12435902:C:T	0.00517039	2.88988e-06	7.48949	5.46624	12	12435902	C	T	4.596818566875776e-08	7.337542637202413
12:47610509:C:CCACACACA	1.97009e-06	0.00582579	-7.99197	-5.46228	12	47610509	C	CCACACACA	4.700578884235204e-08	7.327848654671128
12:34000776:G:T	5.55008e-08	5.48185e-05	-6.89539	-5.4615	12	34000776	G	T	4.7212824837934554e-08	7.325940014082085
12:111658411:T:C	3.79141e-06	0.00156862	-6.02522	-5.46068	12	111658411	T	C	4.7431431130059737e-08	7.323933771352532
12:73578742:T:C	8.75361e-07	0.000490139	-6.32781	-5.45703	12	73578742	T	C	4.8416457766443974e-08	7.315006987483312
12:4695330:C:T	2.02016e-05	0.0193308	-6.86369	-5.45684	12	4695330	C	T	4.846827244731729e-08	7.314542459542106
12:73408828:AT:A	0.00246687	1.15892e-06	7.66322	5.45627	12	73408828	AT	A	4.862403920131052e-08	7.3131489671303305
12:72550192:G:A	2.19464e-06	0.00131134	-6.39279	-5.45024	12	72550192	G	A	5.0301891710207266e-08	7.298415682064233
12:42280145:A:G	9.84409e-07	0.00114667	-7.06033	-5.44857	12	42280145	A	G	5.07764070843804e-08	7.294338032856394
12:72540225:A:G	1.49999e-07	5.45614e-05	-5.89645	-5.44611	12	72540225	A	G	5.148330518514255e-08	7.288333579530052
12:118669867:G:T	4.47939e-06	0.00248098	-6.31692	-5.446	12	118669867	G	T	5.151513622958959e-08	7.288065147363374
12:69254182:C:T	5.73695e-06	0.00108364	-5.24115	-5.44527	12	69254182	C	T	5.172686246528402e-08	7.286283863275401
12:77531246:C:CAT	2.8772e-06	0.00170978	-6.3873	-5.4449	12	77531246	C	CAT	5.1834497591444986e-08	7.285381106529896
12:69265599:CT:C	0.00106203	1.00914e-05	4.65626	5.44283	12	69265599	CT	C	5.244068860179393e-08	7.280331614197898
12:83750929:TAAAGA:T	0.0256771	9.35791e-06	7.91713	5.44266	12	83750929	TAAAGA	T	5.249077658430723e-08	7.2799170019359085
12:42280084:C:CTT	1.03654e-06	0.000851259	-6.71083	-5.44135	12	42280084	C	CTT	5.287830704642592e-08	7.276722457685898
12:83431019:G:A	7.20581e-06	0.00829431	-7.04844	-5.44036	12	83431019	G	A	5.317301172077708e-08	7.274308740538332
12:89754680:A:T	0.00364129	4.37109e-06	6.72508	5.44005	12	89754680	A	T	5.326561980090899e-08	7.273553015145124
12:3810886:G:C	2.8977e-05	0.0324891	-7.02216	-5.43994	12	3810886	G	C	5.32985182917465e-08	7.273284864269167
12:63329119:G:A	3.30694e-06	0.00278306	-6.73528	-5.43604	12	63329119	G	A	5.4477730087590353e-08	7.263780996377419
12:34001260:C:A	5.56538e-08	5.33406e-05	-6.8653	-5.43308	12	34001260	C	A	5.5389559543770426e-08	7.256572088337169
12:83310666:T:A	7.31399e-06	0.00391716	-6.28333	-5.42638	12	83310666	T	A	5.750845738593413e-08	7.240268281815626
12:83310196:A:G	7.31312e-06	0.0039166	-6.28331	-5.42635	12	83310196	A	G	5.751811936047774e-08	7.240195322289973
12:41568698:T:G	3.44997e-05	0.0137986	-5.99138	-5.42613	12	41568698	T	G	5.758902192048874e-08	7.239660297371148
12:61442134:GGCAGAATAA:G	0.00979617	1.19469e-05	6.70927	5.42542	12	61442134	GGCAGAATAA	G	5.781842201057071e-08	7.23793376533664
12:10520417:G:A	1.76463e-05	0.00774659	-6.08448	-5.4215	12	10520417	G	A	5.910099712579872e-08	7.228405191833144
12:96112606:C:A	1.2907e-05	0.0363093	-7.94206	-5.41953	12	96112606	C	A	5.975592242618437e-08	7.223619045199113
12:113167867:T:TGGCCCTGGG	6.06484e-05	7.18462e-07	4.43574	5.41448	12	113167867	T	TGGCCCTGGG	6.1467072978318e-08	7.211357467205009
12:61440585:C:T	1.16586e-05	0.0106732	-6.81944	-5.41407	12	61440585	C	T	6.160806307837115e-08	7.21036244495758
12:46100545:T:C	2.65685e-05	0.00940828	-5.86962	-5.41319	12	46100545	T	C	6.191173476442641e-08	7.2082270269019295
12:25217524:GTCTTA:G	0.00093861	3.93934e-06	5.47339	5.41038	12	25217524	GTCTTA	G	6.28911540508865e-08	7.201410435906953
12:93511272:A:G	1.56926e-05	0.00680837	-6.07272	-5.41018	12	93511272	A	G	6.296143296271211e-08	7.200925396266579
12:23788934:C:A	1.03438e-05	0.011544	-7.01753	-5.40757	12	23788934	C	A	6.388557736863833e-08	7.194597175897876
12:10246307:G:A	6.03703e-06	0.000909017	-5.01445	-5.40526	12	10246307	G	A	6.471445017167584e-08	7.188998734337133
12:46101020:C:G	2.69681e-05	0.00947274	-5.86152	-5.4048	12	46101020	C	G	6.488074649763576e-08	7.187884161911283
12:59471808:G:T	0.000199002	4.04843e-07	6.19757	5.40283	12	59471808	G	T	6.55976235208782e-08	7.1831118940155605
12:88557856:T:C	1.43339e-05	0.00210186	-4.98795	-5.40199	12	88557856	T	C	6.590562513443351e-08	7.181077516201342
12:25219336:AT:A	0.000733095	7.5165e-06	4.58017	5.39779	12	25219336	AT	A	6.746676840903931e-08	7.1709100916193265
12:10246374:GA:G	6.08218e-06	0.000906626	-5.00437	-5.39535	12	10246374	GA	G	6.839010664251783e-08	7.16500671905947
12:107749028:T:A	1.07082e-05	0.00621115	-6.36309	-5.39466	12	107749028	T	A	6.865342713304448e-08	7.1633377781967855
12:16432728:C:CAG	6.15538e-06	0.00654874	-6.9697	-5.39044	12	16432728	C	CAG	7.028538006847148e-08	7.153135002375648
12:63332516:G:A	2.5962e-06	0.00110819	-6.05643	-5.38091	12	63332516	G	A	7.411024171563774e-08	7.1301217702496755
12:11163370:T:C	1.6565e-06	0.000692071	-6.03498	-5.37613	12	11163370	T	C	7.610385287029051e-08	7.118593355871348
12:70208639:G:C	1.73941e-06	0.00181128	-6.94824	-5.3702	12	70208639	G	C	7.864936840173614e-08	7.104304760653436
12:14431420:C:A	0.000191825	7.69511e-07	5.51859	5.36896	12	14431420	C	A	7.919197955695862e-08	7.10131880086679
12:11163192:T:TA	1.66348e-06	0.000689565	-6.02715	-5.36889	12	11163192	T	TA	7.922271869278089e-08	7.1011502579552905
12:3814532:C:T	3.14905e-05	0.0326957	-6.94531	-5.36743	12	3814532	C	T	7.986648932263946e-08	7.0976354053548665
12:28292789:C:T	4.03414e-06	0.00359994	-6.79388	-5.36562	12	28292789	C	T	8.067162421902012e-08	7.093279199010219
12:11613555:A:C	3.91442e-05	0.0213778	-6.30286	-5.36261	12	11613555	A	C	8.202798457320789e-08	7.086037958929187
12:39706279:C:G	0.000456303	1.07181e-06	6.0538	5.36246	12	39706279	C	G	8.209615178694942e-08	7.0856771997241905
12:113166399:T:TA	6.28319e-05	7.86684e-07	4.38039	5.36217	12	113166399	T	TA	8.222809731167618e-08	7.084979758829979
12:12503224:CT:C	0.00422898	7.08566e-06	6.39164	5.36119	12	12503224	CT	C	8.267550340847999e-08	7.082623152001083
12:107750963:G:A	1.32287e-05	0.00663144	-6.21719	-5.36	12	107750963	G	A	8.322195189963925e-08	7.079762102418324
12:73155202:G:C	1.03669e-05	0.00507167	-6.19281	-5.35682	12	73155202	G	C	8.469942492726072e-08	7.072119538332401
12:47461974:C:T	6.16958e-06	0.00312767	-6.22841	-5.35627	12	47461974	C	T	8.495752584541458e-08	7.070798143712344
12:27223808:A:G	5.03963e-06	0.00515932	-6.93123	-5.35414	12	27223808	A	G	8.59642847053507e-08	7.065681946164363
12:25218945:GTT:G	0.000733095	7.84973e-06	4.5368	5.35383	12	25218945	GTT	G	8.611176785409662e-08	7.064937494715076
12:113170018:G:A	2.08815e-07	5.59182e-05	-5.5902	-5.35068	12	113170018	G	A	8.762434708825013e-08	7.057375205054119
12:83298681:G:A	1.77631e-06	0.00181072	-6.92694	-5.3501	12	83298681	G	A	8.79056441077648e-08	7.055983239531868
12:83312686:GTA:G	0.00741841	9.51067e-06	6.65931	5.34513	12	83312686	GTA	G	9.035218306199333e-08	7.04406134968497
12:107752504:G:A	1.34912e-05	0.00663144	-6.19754	-5.34028	12	107752504	G	A	9.280313512950102e-08	7.032437351944463
12:71905216:C:T	4.72203e-06	0.00783996	-7.41475	-5.33271	12	71905216	C	T	9.67577706445857e-08	7.0143141465928
12:105375595:CTTTTTTT:C	0.00863284	2.0957e-05	6.02085	5.332	12	105375595	CTTTTTTT	C	9.713693881518716e-08	7.012615587054257
12:55355715:A:G	0.0162428	6.77714e-06	7.78185	5.33033	12	55355715	A	G	9.803446398882168e-08	7.0086212213590615
12:41569054:G:A	3.80503e-05	0.0138154	-5.89463	-5.32738	12	41569054	G	A	9.963956470205383e-08	7.001568178444934
12:92462255:T:G	4.96134e-05	0.0817712	-7.40742	-5.32611	12	92462255	T	G	1.0033838042429429e-07	6.998532913259121
12:73409965:G:A	2.57256e-06	0.00262689	-6.92865	-5.3224	12	73409965	G	A	1.0240708191937372e-07	6.989670008866481
12:11160481:GTTTT:G	0.00101575	2.5265e-06	5.99655	5.32115	12	11160481	GTTTT	G	1.0311333612621488e-07	6.986685161763347
12:74420729:CA:C	0.00346431	1.0433e-05	5.80529	5.32036	12	74420729	CA	C	1.0356211755603846e-07	6.984799078037277
12:122820064:C:CAAAA	5.11139e-07	0.000518628	-6.9223	-5.31631	12	122820064	C	CAAAA	1.058926835352639e-07	6.975134045652961
12:12433350:A:AAT	3.35009e-06	0.0032886	-6.88923	-5.31451	12	12433350	A	AAT	1.0694470952112785e-07	6.970840694800829
12:25216093:C:T	0.000679724	7.58326e-06	4.49574	5.31223	12	25216093	C	T	1.082918041792605e-07	6.9654044107284285
12:59470680:CT:C	2.99232e-07	0.000190321	-6.45525	-5.31217	12	59470680	CT	C	1.0832747486956168e-07	6.965261380208047
12:116188130:TA:T	0.000296367	1.66692e-07	7.4832	5.30948	12	116188130	TA	T	1.0993844652714794e-07	6.958850404076256
12:61440968:A:G	1.19322e-05	0.00978851	-6.70972	-5.30802	12	61440968	A	G	1.108224845314969e-07	6.955372117610298
12:11160349:A:C	0.00101109	2.51924e-06	5.99483	5.30793	12	11160349	A	C	1.1087720454852568e-07	6.955157732087012
12:11160261:C:T	0.00101109	2.51924e-06	5.99483	5.30793	12	11160261	C	T	1.1087720454852568e-07	6.955157732087012
12:11160278:A:G	0.00101109	2.51924e-06	5.99483	5.30793	12	11160278	A	G	1.1087720454852568e-07	6.955157732087012
12:61320397:T:A	3.93145e-05	0.032221	-6.70878	-5.30711	12	61320397	T	A	1.1137697056986971e-07	6.953204599004005
12:61320400:A:C	3.93145e-05	0.032221	-6.70878	-5.30711	12	61320400	A	C	1.1137697056986971e-07	6.953204599004005
12:61284022:CAT:C	0.00257411	2.08267e-06	7.11961	5.30605	12	61284022	CAT	C	1.1202624080419955e-07	6.950680237136565
12:76525857:A:G	1.58981e-06	0.000839563	-6.26927	-5.30316	12	76525857	A	G	1.1381508202731688e-07	6.943800184274548
12:64472516:A:C	2.12605e-06	0.00173345	-6.7036	-5.3021	12	64472516	A	C	1.1447810007001877e-07	6.94127758693481
12:77470306:C:G	9.42057e-06	0.0231023	-7.80479	-5.30197	12	77470306	C	G	1.1455967044172962e-07	6.940968244386291
12:68728421:C:CT	5.44622e-06	0.00209161	-5.95077	-5.29824	12	68728421	C	CT	1.1692421786256376e-07	6.932095526521949
12:25221024:CAAAA:C	0.000861317	6.12056e-06	4.94681	5.2978	12	25221024	CAAAA	C	1.1720624017513187e-07	6.931049265438396
12:16251730:G:T	0.0532379	0.000295979	5.19224	5.29768	12	16251730	G	T	1.1728326951684955e-07	6.93076393566565
12:61441281:A:G	1.20723e-05	0.00978851	-6.69805	-5.29674	12	61441281	A	G	1.1788836313379248e-07	6.928529062387576
12:61441525:G:C	1.20736e-05	0.00978851	-6.69794	-5.29664	12	61441525	G	C	1.1795291228220492e-07	6.928291331823937
12:105364462:G:A	1.51091e-06	0.00240524	-7.37269	-5.29488	12	105364462	G	A	1.1909459074593214e-07	6.924107963643523
12:107755140:A:T	1.45112e-05	0.00679915	-6.14963	-5.29221	12	107755140	A	T	1.2084700843418594e-07	6.917764096076407
12:16998494:G:A	2.64282e-06	0.00259963	-6.89127	-5.29181	12	16998494	G	A	1.2111168246923115e-07	6.916813962660315
12:77470960:C:A	1.3377e-05	0.00522845	-5.96833	-5.29163	12	77470960	C	A	1.2123096868901162e-07	6.9163864246190006
12:2911478:A:G	1.27196e-05	0.00557898	-6.08361	-5.29127	12	2911478	A	G	1.214698822534179e-07	6.9155313894941886
12:79947605:G:A	2.11184e-06	0.00208148	-6.89327	-5.2885	12	79947605	G	A	1.233234892995064e-07	6.908954195897499
12:2931673:G:A	1.06774e-05	0.00465614	-6.07781	-5.28595	12	2931673	G	A	1.250540505310847e-07	6.902902236801856
12:61438095:A:G	1.07283e-05	0.00860089	-6.68673	-5.2858	12	61438095	A	G	1.2515657661740198e-07	6.902546324532755
12:55364234:C:T	0.00240681	6.23109e-06	5.95651	5.28404	12	55364234	C	T	1.263656409564699e-07	6.898370995448224
12:58056373:C:G	0.000483735	2.00132e-06	5.48773	5.28122	12	58056373	C	G	1.283264852591503e-07	6.8916837004853155
12:58056382:A:T	0.000483735	2.00132e-06	5.48773	5.28122	12	58056382	A	T	1.283264852591503e-07	6.8916837004853155
12:2931909:C:T	1.07449e-05	0.00465614	-6.07151	-5.28015	12	2931909	C	T	1.2907817027982498e-07	6.889147199473645
12:23381523:G:A	8.77245e-07	0.000848749	-6.87473	-5.27617	12	23381523	G	A	1.3191172571065763e-07	6.879716598046549
12:61319772:A:T	4.05971e-05	0.032221	-6.67668	-5.27608	12	61319772	A	T	1.3197649174968437e-07	6.879503420404898
12:61319707:A:T	4.05971e-05	0.032221	-6.67668	-5.27608	12	61319707	A	T	1.3197649174968437e-07	6.879503420404898
12:31569967:A:AG	1.43326e-06	0.00113665	-6.67589	-5.27532	12	31569967	A	AG	1.3252463301622317e-07	6.877703389736887
12:103895436:G:A	4.05499e-06	0.00963346	-7.77305	-5.27479	12	103895436	G	A	1.3290819218660122e-07	6.8764482492168995
12:2929639:A:G	0.00154376	2.18662e-05	4.25704	5.2734	12	2929639	A	G	1.339192388318979e-07	6.8731570277800715
12:55364269:T:C	0.00237843	6.2343e-06	5.94413	5.27257	12	55364269	T	C	1.345265007963659e-07	6.871192154204758
12:14393537:TAA:T	0.00241468	1.08128e-06	7.71118	5.27165	12	14393537	TAA	T	1.3520272311404833e-07	6.869014561193976
12:41569644:A:C	3.89584e-05	0.0133894	-5.83972	-5.27133	12	41569644	A	C	1.3543870071879036e-07	6.868257221123031
12:83301185:GAAGAC:G	0.0043394	2.55911e-06	7.43583	5.27086	12	83301185	GAAGAC	G	1.3578601528391652e-07	6.867144956106857
12:2911834:C:T	1.27293e-05	0.00544911	-6.0593	-5.26894	12	2911834	C	T	1.3721380200604434e-07	6.862602201795547
12:16230757:CAAA:C	0.0384641	0.000101695	5.9355	5.26457	12	16230757	CAAA	C	1.4051785328368341e-07	6.852268493623622
12:43942369:T:A	0.00328624	3.80578e-05	4.45839	5.26252	12	43942369	T	A	1.42094201144727e-07	6.847423645240959
12:13605486:G:A	9.68275e-06	0.0405588	-8.34016	-5.26021	12	13605486	G	A	1.438909733405957e-07	6.841966449644561
12:29412253:A:G	0.00335478	1.08271e-05	5.73609	5.25669	12	29412253	A	G	1.4667123696689066e-07	6.833655045334089
12:81636578:T:TA	5.96576e-06	0.00568124	-6.85889	-5.25555	12	81636578	T	TA	1.4758274960695802e-07	6.830964402596535
12:55357562:T:A	5.66056e-06	0.0131467	-7.7504	-5.25539	12	55357562	T	A	1.4771111881997546e-07	6.830586812335899
12:55359652:T:A	0.00259466	6.92961e-06	5.92541	5.25522	12	55359652	T	A	1.4784762943166463e-07	6.830185634499383
12:63331093:C:T	5.87401e-06	0.00221334	-5.93172	-5.25453	12	63331093	C	T	1.4840295563677857e-07	6.828557449434614
12:63331198:G:C	5.87401e-06	0.00221334	-5.93172	-5.25453	12	63331198	G	C	1.4840295563677857e-07	6.828557449434614
12:55361722:C:A	6.53668e-06	0.00246237	-5.93145	-5.25426	12	55361722	C	A	1.486208058730505e-07	6.827920388130304
12:57517832:C:CT	0.000204109	2.95601e-06	4.23481	5.25087	12	57517832	C	CT	1.5138249451402712e-07	6.8199243426398635
12:55361240:A:C	0.0024668	6.62534e-06	5.91977	5.25	12	55361240	A	C	1.52099210329774e-07	6.817873040715654
12:52104916:A:T	0.0182154	0.000199426	4.51458	5.24885	12	52104916	A	T	1.5305163067337216e-07	6.815162038894647
12:52104921:G:A	0.0182154	0.000199426	4.51458	5.24885	12	52104921	G	A	1.5305163067337216e-07	6.815162038894647
12:55363825:G:T	0.0024087	6.48329e-06	5.91761	5.24799	12	55363825	G	T	1.5376764212764787e-07	6.813135045054095
12:72702144:T:C	0.00691252	4.05099e-05	5.13954	5.2476	12	72702144	T	C	1.540934115805908e-07	6.812215929583736
12:784446:G:A	5.0539e-05	0.0761734	-7.31802	-5.24572	12	784446	G	A	1.5567317375149598e-07	6.807786220414978
12:28893296:C:CA	4.53254e-05	0.0413213	-6.81527	-5.24473	12	28893296	C	CA	1.5651135350530833e-07	6.8054541527765755
12:42424959:A:G	1.24171e-06	0.000587356	-6.15914	-5.24418	12	42424959	A	G	1.5697889293843135e-07	6.804158738015017
12:999138:G:A	1.00602e-05	0.00234234	-5.45031	-5.24389	12	999138	G	A	1.572259572517504e-07	6.8034757524404865
12:55361470:A:G	6.60609e-06	0.00246237	-5.92089	-5.24355	12	55361470	A	G	1.5751609773519564e-07	6.802675055840632
12:61436250:G:T	0.00362966	1.07308e-05	5.82378	5.24323	12	61436250	G	T	1.5778964405531373e-07	6.801921503517082
12:23799411:A:G	9.52129e-06	0.00893251	-6.84392	-5.24121	12	23799411	A	G	1.5952703747383534e-07	6.797165699875965
12:68826856:C:T	2.33912e-05	0.0115844	-6.20506	-5.24055	12	68826856	C	T	1.6009869948862914e-07	6.795612195920838
12:55363596:C:G	6.48329e-06	0.0024087	-5.91761	-5.24023	12	55363596	C	G	1.6037658150941937e-07	6.794859047920664
12:55363912:G:C	6.48329e-06	0.0024087	-5.91761	-5.24023	12	55363912	G	C	1.6037658150941937e-07	6.794859047920664
12:55363067:T:C	0.00239444	6.50219e-06	5.90877	5.23979	12	55363067	T	C	1.6075943092674056e-07	6.793823539838884
12:61317486:G:A	0.0189987	5.0963e-05	5.92103	5.23969	12	61317486	G	A	1.608465653279867e-07	6.793588208464397
12:83291280:G:A	2.56479e-06	0.00584059	-7.73071	-5.23852	12	83291280	G	A	1.6186943682187503e-07	6.790835144283268
12:63327417:C:T	6.27063e-06	0.00931139	-7.30312	-5.23232	12	63327417	C	T	1.673956317916624e-07	6.776255879159539
12:52104877:G:T	0.018176	0.00020301	4.4946	5.23174	12	52104877	G	T	1.6792183039696118e-07	6.774892840463249
12:63329696:A:C	2.55299e-06	0.00172981	-6.5185	-5.22848	12	63329696	A	C	1.709093179910039e-07	6.767234258860546
12:68828045:C:G	1.05136e-05	0.0155433	-7.29871	-5.22835	12	68828045	C	G	1.7102951017178084e-07	6.766928948093064
12:99071644:CT:C	0.00211074	2.47813e-05	4.44471	5.22688	12	99071644	CT	C	1.723943057836067e-07	6.7634770831029485
12:40452325:A:ACATATATAT	4.58283e-06	0.00408644	-6.79311	-5.22382	12	40452325	A	ACATATATAT	1.7526916318247018e-07	6.756294486859652
12:117639629:G:GTATTATTAT	6.59274e-05	0.0304194	-6.13428	-5.22058	12	117639629	G	GTATTATTAT	1.783636361490129e-07	6.748693682636878
12:51242475:C:T	3.3028e-06	0.00292827	-6.7874	-5.21843	12	51242475	C	T	1.804461502776521e-07	6.743652378946713
12:55363978:C:CT	6.5022e-06	0.00236103	-5.89471	-5.21703	12	55363978	C	CT	1.8181482156664903e-07	6.740370715931256
12:83311790:CT:C	0.010976	9.83605e-06	7.01741	5.21558	12	83311790	CT	C	1.8324295190246077e-07	6.736972720690847
12:28902045:A:G	5.49069e-05	0.0416516	-6.63146	-5.21221	12	28902045	A	G	1.8660413762334527e-07	6.729078730755302
12:62500856:T:A	1.74699e-06	0.00116083	-6.499	-5.20981	12	62500856	T	A	1.8903411417972016e-07	6.723459813482457
12:111652218:C:A	5.92832e-06	0.008584	-7.27791	-5.20965	12	111652218	C	A	1.891971956203812e-07	6.723085305226086
12:61318910:G:C	4.30002e-05	0.031846	-6.60746	-5.20919	12	61318910	G	C	1.8966681266178738e-07	6.7220086540283654
12:44118758:G:GA	0.00119637	1.76217e-05	4.21792	5.2086	12	44118758	G	GA	1.9027079717712036e-07	6.72062786225449
12:12498399:A:ATTAT	2.61222e-06	0.00377225	-7.27523	-5.20724	12	12498399	A	ATTAT	1.9167012298528584e-07	6.717445578482711
12:55360407:G:GAAA	6.18159e-06	0.00287638	-6.14271	-5.20657	12	55360407	G	GAAA	1.9236314901998423e-07	6.71587812205982
12:16250447:G:T	0.000210968	0.0677807	-5.77232	-5.20253	12	16250447	G	T	1.965936113590282e-07	6.706430599406235
12:83282687:A:G	4.62843e-06	0.00198236	-6.05982	-5.20208	12	83282687	A	G	1.970703547355895e-07	6.705378701662083
12:18442943:C:T	3.46538e-06	0.00755201	-7.68675	-5.20087	12	18442943	C	T	1.9835781316680436e-07	6.702550688316121
12:52104937:G:A	0.0181134	0.000210072	4.45695	5.19949	12	52104937	G	A	1.9983607765223398e-07	6.69932610314282
12:52104931:C:A	0.0181134	0.000210072	4.45695	5.19949	12	52104931	C	A	1.9983607765223398e-07	6.69932610314282
12:61318694:C:G	4.34756e-05	0.031846	-6.59647	-5.19856	12	61318694	C	G	2.0083829909120532e-07	6.697153465342063
12:61439529:T:C	1.17545e-05	0.00860089	-6.59539	-5.19751	12	61439529	T	C	2.0197567825224771e-07	6.6947009247949385
12:83426905:A:G	1.30567e-05	0.0116116	-6.79046	-5.19652	12	83426905	A	G	2.030537645000187e-07	6.692388954529374
12:68720554:G:A	2.76001e-06	0.00130546	-6.15908	-5.19571	12	68720554	G	A	2.039399697803434e-07	6.69049764938669
12:617266:T:C	7.77492e-06	0.00693409	-6.7933	-5.1927	12	617266	T	C	2.0726602272983016e-07	6.683471886282267
12:107751245:T:C	1.35233e-05	0.00636851	-6.15471	-5.19145	12	107751245	T	C	2.0866262598718226e-07	6.680555331390035
12:74410223:A:G	7.57483e-06	0.00272832	-5.88661	-5.18561	12	74410223	A	G	2.1530895754238565e-07	6.666937901758929
12:52104885:A:C	0.0181003	0.000213862	4.43835	5.18357	12	52104885	A	C	2.1767847603470522e-07	6.6621845117099
12:58054267:A:G	2.81497e-06	0.00600523	-7.66543	-5.18262	12	58054267	A	G	2.1879050917080047e-07	6.659971521023013
12:119525843:C:A	2.692e-05	0.0229611	-6.74869	-5.18191	12	119525843	C	A	2.19625190035077e-07	6.658317849714522
12:68728145:A:G	4.0591e-06	0.0035499	-6.77371	-5.18069	12	68728145	A	G	2.2106662168630607e-07	6.655476825543207
12:100123696:A:C	3.99994e-07	0.00151546	-8.23978	-5.17991	12	100123696	A	C	2.2199297872838763e-07	6.653660761349987
12:104110953:C:G	2.83276e-05	0.0249257	-6.77982	-5.17978	12	104110953	C	G	2.2214773579294609e-07	6.653358108881092
12:55356137:T:C	6.76056e-06	0.0143669	-7.66158	-5.17932	12	55356137	T	C	2.2269617520983383e-07	6.652287241877179
12:10519516:A:C	2.26295e-05	0.00472293	-5.34093	-5.17684	12	10519516	A	C	2.2567559367981315e-07	6.64651540637779
12:12430703:T:C	5.91245e-06	0.00517879	-6.77527	-5.17542	12	12430703	T	C	2.273988528349182e-07	6.643211730539759
12:70952057:A:G	0.000675683	1.96692e-06	5.83926	5.17537	12	70952057	A	G	2.274597621128697e-07	6.643095419393395
12:18794076:T:A	1.01456e-05	0.0021947	-5.37676	-5.17382	12	18794076	T	A	2.2935578790951259e-07	6.639490295752421
12:118668612:A:G	4.04651e-06	0.00353679	-6.77312	-5.17337	12	118668612	A	G	2.299091012129792e-07	6.638443836349945
12:61282896:G:C	2.28096e-06	0.00162676	-6.56975	-5.17273	12	61282896	G	C	2.306982577260377e-07	6.636955685335105
12:17964992:A:C	5.06855e-06	0.00702456	-7.23411	-5.17026	12	17964992	A	C	2.337685219758733e-07	6.631213969019141
12:95180994:CA:C	3.97484e-06	0.00343587	-6.76204	-5.16966	12	95180994	CA	C	2.3452027364761246e-07	6.629819607734815
12:55366184:T:A	5.74352e-06	0.00257175	-6.10427	-5.16911	12	55366184	T	A	2.3521143076078188e-07	6.6285415763216555
12:55366067:A:G	5.74352e-06	0.00257175	-6.10427	-5.16911	12	55366067	A	G	2.3521143076078188e-07	6.6285415763216555
12:107753415:G:GA	1.38752e-05	0.00637717	-6.13038	-5.16772	12	107753415	G	GA	2.369669562151661e-07	6.625312209829284
12:2930153:A:G	1.06338e-05	0.0040764	-5.94894	-5.16753	12	2930153	A	G	2.372079013486865e-07	6.624870848802792
12:55364549:A:G	5.88527e-06	0.0026274	-6.1013	-5.16621	12	55364549	A	G	2.388883822597482e-07	6.621804970564772
12:2928245:A:G	9.8199e-06	0.00375453	-5.94631	-5.16512	12	2928245	A	G	2.4028471695258176e-07	6.61927385114465
12:23231635:G:GCACACA	2.71062e-06	0.000558384	-5.32787	-5.16404	12	23231635	G	GCACACA	2.416760164574068e-07	6.616766446146
12:44888847:A:T	0.000345988	1.73758e-06	5.29391	5.16252	12	44888847	A	T	2.436473334255179e-07	6.613238337350285
12:70952004:T:C	1.96692e-06	0.000675683	-5.83926	-5.16083	12	70952004	T	C	2.458573640729512e-07	6.609316778920089
12:31705912:A:G	5.42354e-06	0.00451723	-6.7249	-5.15947	12	31705912	A	G	2.476499009545985e-07	6.606161841373752
12:2929054:CT:C	1.00455e-05	0.00381157	-5.93867	-5.1581	12	2929054	CT	C	2.4946838026864023e-07	6.60298449270626
12:31098869:G:A	0.0042576	1.26303e-05	5.82037	5.15786	12	31098869	G	A	2.4978827096063233e-07	6.602427958182327
12:74409385:A:G	7.68502e-06	0.00269011	-5.85806	-5.15782	12	74409385	A	G	2.498416245859191e-07	6.602335204784878
12:55361994:T:C	6.21522e-06	0.00275062	-6.09258	-5.15772	12	55361994	T	C	2.499750568168569e-07	6.6021033242369205
12:17629765:CTT:C	0.00300524	9.72122e-06	5.7338	5.15483	12	17629765	CTT	C	2.5386112802107263e-07	6.595403794511805
12:17629760:CCCT:C	0.00300524	9.72122e-06	5.7338	5.15483	12	17629760	CCCT	C	2.5386112802107263e-07	6.595403794511805
12:49030751:G:A	1.34353e-05	0.00935699	-6.54599	-5.14977	12	49030751	G	A	2.60806081630956e-07	6.58368228568563
12:81103693:TA:T	0.00564584	1.83881e-05	5.72697	5.14811	12	81103693	TA	T	2.631241823041684e-07	6.5798392364500495
12:89601689:G:A	1.10801e-05	0.00690031	-6.43417	-5.14774	12	89601689	G	A	2.636435730352359e-07	6.578982811206605
12:2929340:A:C	1.00857e-05	0.00378322	-5.92722	-5.14758	12	2929340	A	C	2.6386848100830446e-07	6.578612482995868
12:55359740:G:GA	8.62566e-06	0.00174722	-5.31104	-5.14756	12	55359740	G	GA	2.638966075317718e-07	6.578566192726906
12:62564577:T:C	1.88623e-06	0.00385814	-7.62336	-5.14659	12	62564577	T	C	2.652642254346588e-07	6.576321316711764
12:76601442:T:A	0.00138983	4.5351e-06	5.72509	5.14627	12	76601442	T	A	2.657168981752246e-07	6.575580825902498
12:76595162:A:C	2.87406e-06	0.00116313	-6.00314	-5.1452	12	76595162	A	C	2.672359475442892e-07	6.573105122655868
12:55363933:A:G	6.16455e-06	0.00268624	-6.07708	-5.14261	12	55363933	A	G	2.7094770277450687e-07	6.567114526794365
12:73471759:C:T	3.18452e-06	0.000641623	-5.3057	-5.14232	12	73471759	C	T	2.7136639122119573e-07	6.56644394079937
12:83647767:T:C	1.06469e-06	0.00216082	-7.61556	-5.13991	12	83647767	T	C	2.7487009413856257e-07	6.56087250881829
12:31098610:C:T	0.00417866	1.26549e-05	5.7997	5.13871	12	31098610	C	T	2.7663093005499493e-07	6.558099263123221
12:29406754:C:T	0.00801077	2.68502e-05	5.69827	5.1375	12	29406754	C	T	2.7841746796572487e-07	6.5553035204869845
12:52104946:C:A	0.0180753	0.000225429	4.3843	5.13727	12	52104946	C	A	2.7875831583654135e-07	6.55477216800458
12:52104945:C:A	0.0180753	0.000225429	4.3843	5.13727	12	52104945	C	A	2.7875831583654135e-07	6.55477216800458
12:55352158:C:T	8.68395e-06	0.0175615	-7.61199	-5.13685	12	55352158	C	T	2.793817738242127e-07	6.553801929595351
12:89525853:ACC:A	0.0232347	7.65863e-05	5.71498	5.13634	12	89525853	ACC	A	2.8014064050371034e-07	6.552623882728782
12:72699403:T:C	0.00709169	5.31607e-05	4.89336	5.13575	12	72699403	T	C	2.81021028741342e-07	6.551261180719048
12:61443006:T:A	1.73505e-05	0.0103769	-6.39371	-5.13534	12	61443006	T	A	2.81634396886802e-07	6.550314304551728
12:61317682:G:A	4.54783e-05	0.0310051	-6.52467	-5.12917	12	61317682	G	A	2.910224463317789e-07	6.536073512931341
12:96646129:A:G	7.07805e-06	0.00304127	-6.06303	-5.12892	12	96646129	A	G	2.9140913847583964e-07	6.535496833048528
12:55358580:G:C	5.54345e-06	0.0110738	-7.59972	-5.12634	12	55358580	G	C	2.9542889329571614e-07	6.529547032432129
12:18440938:C:T	0.00634638	3.39273e-06	7.53401	5.12453	12	18440938	C	T	2.982808562995311e-07	6.525374618814498
12:12433454:C:T	3.57382e-06	0.00242273	-6.51901	-5.1237	12	12433454	C	T	2.99597535863325e-07	6.523461762953084
12:23796462:T:C	1.10677e-05	0.00652095	-6.37874	-5.12089	12	23796462	T	C	3.040970029226958e-07	6.516987860094438
12:17963617:T:A	0.00519741	5.20779e-06	6.90576	5.11675	12	17963617	T	A	3.108451900502199e-07	6.507455848420675
12:31572541:CAAAAA:C	0.000250785	2.11583e-07	7.07773	5.11601	12	31572541	CAAAAA	C	3.1206652262224094e-07	6.5057528183908975
12:1003117:CT:C	0.00705339	5.96083e-06	7.07605	5.11458	12	1003117	CT	C	3.1443980585169156e-07	6.502462480547846
12:47610510:CCA:C	0.00323533	3.25276e-06	6.90238	5.11376	12	47610510	CCA	C	3.158085608644942e-07	6.500576101415067
12:18441174:C:A	3.30638e-06	0.00650589	-7.58461	-5.1134	12	18441174	C	A	3.164112931724197e-07	6.499748024305402
12:55200675:A:G	1.24196e-06	0.000724171	-6.36833	-5.11085	12	55200675	A	G	3.207125547351906e-07	6.493884038682436
12:23793270:A:G	0.003193	1.12274e-05	5.65036	5.11053	12	23793270	A	G	3.212562909175026e-07	6.493148359118994
12:80340236:A:C	0.00382042	2.07866e-06	7.51639	5.10991	12	80340236	A	C	3.223123135131243e-07	6.4917231025278435
12:23788518:TA:T	0.0121127	1.03047e-05	7.06941	5.10894	12	23788518	TA	T	3.2397120411494325e-07	6.489493589946946
12:83429123:T:C	1.19538e-05	0.00796842	-6.50219	-5.10744	12	83429123	T	C	3.2655273897204654e-07	6.48604666922842
12:2938300:G:A	1.96857e-05	0.00706602	-5.88316	-5.1071	12	2938300	G	A	3.271406417069014e-07	6.485265498759119
12:61318978:C:A	4.70688e-05	0.0197446	-6.03903	-5.10553	12	61318978	C	A	3.298686477639838e-07	6.481658959841577
12:51674212:A:G	7.06281e-06	0.00468632	-6.49756	-5.10296	12	51674212	A	G	3.3438169906866645e-07	6.475757499806548
12:83302409:A:G	4.17925e-06	0.00277197	-6.49718	-5.10259	12	83302409	A	G	3.350363263276952e-07	6.474908102012824
12:74407864:G:A	8.07745e-06	0.00266183	-5.79769	-5.09906	12	74407864	G	A	3.4134434876198026e-07	6.466807282857139
12:89463361:G:A	1.27599e-05	0.00492557	-5.95589	-5.09778	12	89463361	G	A	3.4365987676664224e-07	6.463871169975167
12:61442753:A:G	1.71619e-05	0.00673541	-5.97244	-5.09678	12	61442753	A	G	3.454794255462299e-07	6.461577811206717
12:61442688:G:A	1.71619e-05	0.00673541	-5.97244	-5.09678	12	61442688	G	A	3.454794255462299e-07	6.461577811206717
12:70951492:C:A	0.000624139	1.97776e-06	5.75441	5.09673	12	70951492	C	A	3.455706466661493e-07	6.461463154307493
12:118674151:T:C	4.1526e-06	0.00278252	-6.50738	-5.09501	12	118674151	T	C	3.487228480015532e-07	6.457519597115206
12:83429181:G:T	9.30866e-06	0.0118598	-7.14996	-5.09459	12	83429181	G	T	3.494967773435639e-07	6.456556824462964
12:2933237:T:G	1.65438e-05	0.00585144	-5.86843	-5.09356	12	2933237	T	G	3.514017717220054e-07	6.454196053178941
12:110125805:C:T	0.000147395	2.07802e-06	4.2617	5.09319	12	110125805	C	T	3.520885337971999e-07	6.453348118041684
12:42279698:T:TA	1.44568e-06	0.000826101	-6.34814	-5.09136	12	42279698	T	TA	3.5550431530752686e-07	6.449155123196178
12:50792610:A:AT	0.015871	3.56465e-05	6.0986	5.09019	12	50792610	A	AT	3.577049137110103e-07	6.446475094005573
12:12428753:G:GA	6.369e-06	0.00508531	-6.68267	-5.08669	12	12428753	G	GA	3.643666760324648e-07	6.438461349253921
12:61441668:G:A	1.23154e-05	0.00717706	-6.3678	-5.08419	12	61441668	G	A	3.691982216242932e-07	6.432740399576289
12:61442893:G:A	1.68044e-05	0.0109324	-6.47785	-5.08391	12	61442893	G	A	3.6974318941233617e-07	6.432099816865571
12:72698094:G:A	0.00754144	5.26308e-05	4.96487	5.0816	12	72698094	G	A	3.742688930108619e-07	6.426816267342255
12:18434344:G:A	1.13108e-05	0.00358713	-5.75935	-5.07985	12	18434344	G	A	3.777330000711754e-07	6.4228150720357
12:83304288:A:G	5.10367e-06	0.00330158	-6.4722	-5.07845	12	83304288	A	G	3.805265442533083e-07	6.4196150429127234
12:45758960:A:G	4.43118e-06	0.00350433	-6.67309	-5.07751	12	45758960	A	G	3.8241338576620757e-07	6.417466914349245
12:60423940:G:A	0.000723747	2.63624e-06	5.61509	5.07617	12	60423940	G	A	3.851187552070995e-07	6.414405330807001
12:74405527:T:C	8.28579e-06	0.0026612	-5.77199	-5.07404	12	74405527	T	C	3.894571329421468e-07	6.4095403376094255
12:83292210:G:A	2.47728e-06	0.00188232	-6.6331	-5.07285	12	83292210	G	A	3.9190141608830844e-07	6.406823167248544
12:118671280:G:T	4.24907e-06	0.00333308	-6.66495	-5.06971	12	118671280	G	T	3.9842231176697013e-07	6.3996563489482545
12:93514837:A:G	0.00857789	4.5769e-05	5.23334	5.06897	12	93514837	A	G	3.999742593669104e-07	6.397967957108589
12:29414412:T:G	0.0025863	7.78459e-06	5.80584	5.06744	12	29414412	T	G	4.0320153520497246e-07	6.3944778229668495
12:83750119:T:C	1.07235e-05	0.00836461	-6.65933	-5.06433	12	83750119	T	C	4.0983917504313266e-07	6.387386531313289
12:83292463:A:G	2.48295e-06	0.00185755	-6.61757	-5.05819	12	83292463	A	G	4.232546142199239e-07	6.373398298619315
12:51238469:G:A	1.08667e-05	0.0353267	-8.08669	-5.05746	12	51238469	G	A	4.2487751011178733e-07	6.3717362566554785
12:17963219:G:T	4.68251e-06	0.00571815	-7.10757	-5.05646	12	17963219	G	T	4.2711040300969365e-07	6.36945985045404
12:23798600:CA:C	0.00598325	4.61094e-06	7.16829	5.0527	12	23798600	CA	C	4.356078276605577e-07	6.36090432478577
12:60426755:C:T	0.000956566	5.44796e-06	5.16811	5.04693	12	60426755	C	T	4.489657481741896e-07	6.347786790280319
12:61392662:A:ACCATCCATC	2.91004e-05	0.0185075	-6.45518	-5.04571	12	61392662	A	ACCATCCATC	4.518403058488567e-07	6.345015030992049
12:86864003:C:T	6.16977e-06	0.00467203	-6.62969	-5.04456	12	86864003	C	T	4.5456617930485233e-07	6.342402879846591
12:60774675:A:C	1.90833e-06	0.000447621	-5.45772	-5.04245	12	60774675	A	C	4.5960887270153853e-07	6.337611595892971
12:96113010:G:A	2.00954e-05	0.0363093	-7.49934	-5.04037	12	96113010	G	A	4.646326600761364e-07	6.332890265925545
12:81702233:A:G	3.58719e-05	0.0194278	-6.29451	-5.03961	12	81702233	A	G	4.664814537289455e-07	6.331165618162481
12:83291477:CAT:C	0.00200094	3.62473e-06	6.3136	5.03924	12	83291477	CAT	C	4.673840904631725e-07	6.33032607487415
12:42279201:TA:T	0.00190485	1.02431e-06	7.52814	5.03753	12	42279201	TA	T	4.715776665143434e-07	6.3264467708781655
12:46098235:C:CA	1.46409e-05	0.0109567	-6.61789	-5.03341	12	46098235	C	CA	4.818310785766073e-07	6.317105191014671
12:86864364:T:C	6.24433e-06	0.00467203	-6.61767	-5.0332	12	86864364	T	C	4.823594223560376e-07	6.316629233596093
12:118672694:T:G	4.30799e-06	0.00324478	-6.62433	-5.03079	12	118672694	T	G	4.8846293835608e-07	6.3111683823608695
12:18190790:C:T	9.35098e-06	0.0167038	-7.48791	-5.03058	12	18190790	C	T	4.889982938474543e-07	6.310692656160487
12:1773307:C:T	4.71918e-06	0.00842438	-7.48725	-5.03001	12	1773307	C	T	4.90454255661285e-07	6.309401492749521
12:32672972:G:T	1.6415e-06	0.00292275	-7.48467	-5.0278	12	32672972	G	T	4.96138930415941e-07	6.304396693944514
12:58054811:C:G	2.94698e-06	0.00524679	-7.48459	-5.02774	12	58054811	C	G	4.962941480440901e-07	6.304260845671393
12:118673521:G:A	4.332e-06	0.00324478	-6.61877	-5.02546	12	118673521	G	A	5.022272437866991e-07	6.299099732273615
12:62471151:A:G	1.61942e-06	0.0050579	-8.04664	-5.02543	12	62471151	A	G	5.023057649248132e-07	6.299031837447323
12:62471097:A:T	1.61942e-06	0.0050579	-8.04664	-5.02543	12	62471097	A	T	5.023057649248132e-07	6.299031837447323
12:81637014:T:C	0.00632681	5.94133e-06	6.97062	5.0249	12	81637014	T	C	5.03694925383516e-07	6.297832424542405
12:51677056:GTTTTA:G	0.00190855	1.15041e-06	7.41398	5.02487	12	51677056	GTTTTA	G	5.037736677985692e-07	6.297764536775679
12:86842961:C:T	2.00695e-07	0.000236619	-7.07242	-5.02485	12	86842961	C	T	5.038261693368355e-07	6.297719278474633
12:18191746:A:G	9.48348e-06	0.0167038	-7.47384	-5.01853	12	18191746	A	G	5.206836327149175e-07	6.283426073819054
12:81630903:T:A	0.00499857	1.21618e-05	6.01861	5.01622	12	81630903	T	A	5.269798319752432e-07	6.278206005336724
12:20278226:C:G	3.47206e-06	0.00608109	-7.46819	-5.01369	12	20278226	C	G	5.339598962341657e-07	6.272491360009359
12:44114457:A:G	1.58107e-05	0.0018201	-4.74596	-5.00877	12	44114457	A	G	5.477898803758913e-07	6.261385994969067
12:90641665:A:G	0.0292042	7.16475e-05	6.01031	5.00854	12	90641665	A	G	5.484447827077303e-07	6.260867090555044
12:121882494:G:A	1.332e-06	0.0015401	-7.05292	-5.00732	12	121882494	G	A	5.519312539346624e-07	6.258115012662319
12:11165975:C:A	2.54807e-06	0.00071408	-5.63566	-5.0068	12	11165975	C	A	5.534237770999692e-07	6.256942185922421
12:46097593:A:T	1.34984e-05	0.0234319	-7.45929	-5.00607	12	46097593	A	T	5.555256173913318e-07	6.255295909297059
12:12432482:A:T	4.40848e-06	0.00311314	-6.55986	-5.00374	12	12432482	A	T	5.622858404298768e-07	6.250042852824579
12:28902694:A:G	6.87911e-05	0.0416516	-6.40602	-4.99928	12	28902694	A	G	5.75447877879573e-07	6.239994007176531
12:28902711:T:C	6.87911e-05	0.0416516	-6.40602	-4.99928	12	28902711	T	C	5.75447877879573e-07	6.239994007176531
12:61393377:G:C	2.87161e-05	0.0173704	-6.40507	-4.99837	12	61393377	G	C	5.781696513070004e-07	6.237944708611088
12:42970569:T:TACACACACA	4.21571e-05	0.0162665	-5.95546	-4.99714	12	42970569	T	TACACACACA	5.818682623899018e-07	6.235175330458819
12:620357:AG:A	0.00348381	9.81007e-06	5.87247	4.99646	12	620357	AG	A	5.839228025700473e-07	6.233644564931994
12:81100753:A:G	1.28251e-05	0.00922633	-6.57841	-4.99609	12	81100753	A	G	5.850436501095756e-07	6.232811729995572
12:79949586:C:T	3.06017e-06	0.00222243	-6.58789	-4.99587	12	79949586	C	T	5.857110829154105e-07	6.232316558107148
12:11167531:A:G	0.00213484	4.14185e-06	6.24501	4.99568	12	11167531	A	G	5.862880927947113e-07	6.231888926019985
12:76600417:T:A	0.00139243	5.31389e-06	5.56848	4.9924	12	76600417	T	A	5.963359118204091e-07	6.224509036309437
12:615295:G:A	0.0120919	1.18143e-05	6.93099	4.9912	12	615295	G	A	6.000532526324542e-07	6.221810205786095
12:28902993:C:T	6.95408e-05	0.0416516	-6.39518	-4.98904	12	28902993	C	T	6.068008282069853e-07	6.216953835127433
12:61317608:G:T	5.11064e-05	0.0190068	-5.91864	-4.98823	12	61317608	G	T	6.093499763591558e-07	6.21513320138164
12:59663365:TA:T	2.70909e-05	0.00408787	-5.01658	-4.98594	12	59663365	TA	T	6.166127938681058e-07	6.209987468502346
12:76516573:A:C	1.17728e-06	0.00132833	-7.02847	-4.98533	12	76516573	A	C	6.185614599477331e-07	6.208617142615172
12:95234285:CTTT:C	0.00192995	5.49936e-06	5.86062	4.9853	12	95234285	CTTT	C	6.186574489632559e-07	6.208549753571005
12:82441293:T:TTA	2.64128e-06	0.00784586	-7.99648	-4.9853	12	82441293	T	TTA	6.186574489632559e-07	6.208549753571005
12:55356602:T:C	6.95716e-06	0.00783634	-7.02675	-4.98379	12	55356602	T	C	6.235074877058058e-07	6.205158326708634
12:17966635:C:T	6.14072e-06	0.00691352	-7.02629	-4.98337	12	17966635	C	T	6.248630061605938e-07	6.204215186159755
12:12431408:C:CTTTT	4.76711e-06	0.00328973	-6.53682	-4.98201	12	12431408	C	CTTTT	6.292718210610965e-07	6.201161715625273
12:11167413:C:A	0.00205587	4.04804e-06	6.23022	4.98199	12	11167413	C	A	6.293368797311697e-07	6.201116817442986
12:11167412:A:AT	0.00205587	4.04804e-06	6.23022	4.98199	12	11167412	A	AT	6.293368797311697e-07	6.201116817442986
12:83306483:G:A	7.22021e-06	0.00511476	-6.563	-4.98153	12	83306483	G	A	6.308350196387962e-07	6.200084205619396
12:83755682:C:T	1.64504e-05	0.0184817	-7.02419	-4.98148	12	83755682	C	T	6.30998067890662e-07	6.199971970558891
12:122122565:A:G	0.00454859	6.09889e-05	4.31188	4.98049	12	122122565	A	G	6.34234799495445e-07	6.197749932579796
12:122122368:G:T	0.00454859	6.09889e-05	4.31188	4.98049	12	122122368	G	T	6.34234799495445e-07	6.197749932579796
12:122121629:A:G	0.00454859	6.09889e-05	4.31188	4.98049	12	122121629	A	G	6.34234799495445e-07	6.197749932579796
12:29413662:T:TACACACAC	1.35843e-05	0.0152332	-7.02232	-4.9798	12	29413662	T	TACACACAC	6.365001599459843e-07	6.196201482876548
12:13813839:G:A	3.16121e-05	0.00812117	-5.54869	-4.97424	12	13813839	G	A	6.550411487344858e-07	6.183731417402098
12:74078288:ATTGGCAT:A	0.000221313	2.60765e-07	6.74371	4.9733	12	74078288	ATTGGCAT	A	6.582267806377647e-07	6.181624451961735
12:83756806:A:G	1.6601e-05	0.0184817	-7.01508	-4.97329	12	83756806	A	G	6.582607504657996e-07	6.18160203943063
12:7320113:A:G	5.11551e-05	0.0257443	-6.22111	-4.96878	12	7320113	A	G	6.737545818337696e-07	6.171498268397625
12:32673747:C:T	1.6415e-06	0.00272658	-7.41519	-4.9683	12	32673747	C	T	6.75424133942057e-07	6.170423425414252
12:32673686:G:A	1.6415e-06	0.00272658	-7.41519	-4.9683	12	32673686	G	A	6.75424133942057e-07	6.170423425414252
12:83429966:C:T	8.34008e-06	0.0138512	-7.41505	-4.96818	12	83429966	C	T	6.75842144467843e-07	6.170154729786428
12:60427163:A:T	4.30636e-06	0.00251441	-6.3697	-4.96497	12	60427163	A	T	6.871169054720341e-07	6.1629693661688885
12:74079781:A:G	2.00997e-07	0.000221313	-7.00404	-4.96336	12	74079781	A	G	6.928398809822842e-07	6.159367121579562
12:11172549:T:A	7.31699e-06	0.00803884	-7.00184	-4.96138	12	11172549	T	A	6.999410676099159e-07	6.154938524398955
12:20277561:G:A	1.43139e-06	0.00412503	-7.96618	-4.96107	12	20277561	G	A	7.010591997578616e-07	6.154245307222194
12:17963174:A:G	4.73324e-06	0.00519741	-7.00131	-4.9609	12	17963174	A	G	7.016730994737861e-07	6.1538651729995255
12:89524900:C:A	4.15418e-05	0.0142235	-5.83595	-4.95841	12	89524900	C	A	7.107244968551108e-07	6.148298715279889
12:55772165:A:G	1.44225e-06	0.00100646	-6.54799	-4.95763	12	55772165	A	G	7.135829404628965e-07	6.146555541131076
12:12432447:C:G	4.43936e-06	0.00298004	-6.50918	-4.95593	12	12432447	C	G	7.198513101972133e-07	6.142757200554299
12:15126716:T:C	2.9982e-05	0.0170634	-6.34409	-4.95463	12	15126716	T	C	7.246805312852223e-07	6.139853405949517
12:29409825:T:C	0.0036865	1.65842e-05	5.40398	4.95113	12	29409825	T	C	7.378379273276666e-07	6.132039024352149
12:93500927:C:A	0.00288986	1.7558e-05	5.10345	4.94752	12	93500927	C	A	7.51649830348571e-07	6.123984436224442
12:29413742:T:G	0.00265701	9.24676e-06	5.66068	4.94316	12	29413742	T	G	7.686634807019165e-07	6.1142637518257414
12:17124381:ATATATATG:A	0.0189189	1.67128e-05	7.03174	4.94136	12	17124381	ATATATATG	A	7.757951268131482e-07	6.110252952764844
12:93501003:A:T	0.00286841	1.75559e-05	5.09612	4.94067	12	93501003	A	T	7.78545788162075e-07	6.10871584043516
12:23384054:A:C	1.52594e-07	0.000163697	-6.97799	-4.93994	12	23384054	A	C	7.814661345454597e-07	6.107089837732717
12:117626117:G:A	9.95991e-06	0.0159453	-7.37835	-4.93675	12	117626117	G	A	7.943519144306813e-07	6.099987053447066
12:780736:T:G	8.51177e-05	0.0279769	-5.7951	-4.93643	12	780736	T	G	7.956557685789903e-07	6.099274784198565
12:74419835:A:G	1.11877e-05	0.0031194	-5.63058	-4.9364	12	74419835	A	G	7.957781105374169e-07	6.0992080111604245
12:32673850:G:A	1.83411e-06	0.00123054	-6.50865	-4.93015	12	32673850	G	A	8.216650232316958e-07	6.085305199749967
12:12428802:G:A	5.57919e-06	0.00373952	-6.50767	-4.92923	12	12428802	G	A	8.255433998553177e-07	6.083260090393639
12:113594184:C:T	3.5993e-05	0.0117295	-5.78654	-4.92784	12	113594184	C	T	8.314365825321416e-07	6.080170870806088
12:117623821:G:C	1.70022e-05	0.0113678	-6.5052	-4.92689	12	117623821	G	C	8.354875829391967e-07	6.078060000230268
12:73410405:G:A	3.94929e-06	0.00266782	-6.51548	-4.92649	12	73410405	G	A	8.371989482007706e-07	6.0771713259507525
12:29413024:CT:C	9.49499e-06	0.0032109	-5.82354	-4.92563	12	29413024	CT	C	8.408898228813395e-07	6.075260903666112
12:74419316:T:C	1.11866e-05	0.0030785	-5.61748	-4.92364	12	74419316	T	C	8.49490515517645e-07	6.070841465625241
12:86858319:G:A	3.78889e-06	0.00596415	-7.36145	-4.92227	12	86858319	G	A	8.554607654799337e-07	6.067799903979458
12:113593481:G:A	3.58859e-05	0.0116172	-5.77989	-4.92117	12	113593481	G	A	8.602836233756077e-07	6.0653583443843075
12:89513233:G:A	0.00130574	1.22515e-05	4.66888	4.91987	12	89513233	G	A	8.660171256951972e-07	6.06247351962078
12:29415072:A:G	0.00145668	1.05533e-05	4.92747	4.91966	12	29415072	A	G	8.669467522495663e-07	6.062007576012078
12:112396047:C:CA	2.92475e-07	0.000193952	-6.49699	-4.91913	12	112396047	C	CA	8.692972276868106e-07	6.060831705399831
12:89526956:C:T	0.0250831	0.000103231	5.49298	4.91823	12	89526956	C	T	8.733026659407636e-07	6.058835214063907
12:89463646:A:C	0.00305387	1.29037e-05	5.46665	4.91343	12	89463646	A	C	8.949669512726393e-07	6.04819300171753
12:39941608:T:A	4.29033e-05	0.01403	-5.79001	-4.91184	12	39941608	T	A	9.022566654431238e-07	6.044669900895526
12:81103206:T:C	1.77021e-05	0.0117738	-6.49995	-4.9116	12	81103206	T	C	9.033619537652958e-07	6.044138204252524
12:107748256:C:T	1.06935e-05	0.00377927	-5.86765	-4.91151	12	107748256	C	T	9.037767729079656e-07	6.043938824243502
12:107748719:A:C	1.07066e-05	0.00377927	-5.86642	-4.91031	12	107748719	A	C	9.093252507923909e-07	6.041280748946216
12:12436771:G:A	2.43106e-06	0.00377339	-7.3474	-4.91024	12	12436771	G	A	9.09649922377569e-07	6.0411257132080145
12:47462877:T:TA	6.69018e-06	0.00325034	-6.18587	-4.91	12	47462877	T	TA	9.107639296814609e-07	6.040594177717087
12:58059676:C:T	0.00127442	6.00001e-06	5.35849	4.90927	12	58059676	C	T	9.141604485906257e-07	6.038977572513348
12:1728958:G:GT	7.43276e-06	0.00178846	-5.48321	-4.90741	12	1728958	G	GT	9.228698080203448e-07	6.034859561862945
12:16249602:G:A	0.0388923	0.00032646	4.78024	4.90615	12	16249602	G	A	9.288150276234769e-07	6.032070766610185
12:76514708:G:C	1.1838e-06	0.000782796	-6.49414	-4.90604	12	76514708	G	C	9.293358012806949e-07	6.031827331978234
12:86854354:A:G	3.55334e-06	0.00117604	-5.80202	-4.90519	12	86854354	A	G	9.333694514130555e-07	6.029946417399705
12:13602151:T:C	1.66273e-05	0.0446833	-7.89631	-4.90518	12	13602151	T	C	9.33417006290383e-07	6.02992429079735
12:101669937:AAAG:A	0.0124825	6.8334e-05	5.20768	4.90421	12	101669937	AAAG	A	9.380409334576127e-07	6.027778209822547
12:112396093:C:T	2.9313e-07	0.000190966	-6.47924	-4.90235	12	112396093	C	T	9.469691944244509e-07	6.023664148672629
12:29410005:G:A	0.00146525	2.36745e-05	4.12538	4.90092	12	29410005	G	A	9.538889661046284e-07	6.020502174786966
12:83288528:C:T	3.2838e-06	0.00207883	-6.45056	-4.90062	12	83288528	C	T	9.55346831329363e-07	6.019838932513418
12:89528255:C:A	0.0266741	0.000111927	5.4736	4.89919	12	89528255	C	A	9.623255205300875e-07	6.016677996718171
12:73227012:C:CATTA	0.00171474	7.35349e-06	5.45184	4.8991	12	73227012	C	CATTA	9.627663764094645e-07	6.016479085404504
12:60422671:A:AAT	2.41347e-06	0.000778912	-5.77683	-4.89848	12	60422671	A	AAT	9.65808671031826e-07	6.015108899821602
12:29413669:T:C	0.00258341	9.4857e-06	5.60708	4.89727	12	29413669	T	C	9.717727295547494e-07	6.012435292523546
12:63327863:G:T	6.05018e-06	0.00289568	-6.17089	-4.89566	12	63327863	G	T	9.797633716398414e-07	6.008878800633969
12:86856794:G:A	3.6901e-06	0.00120576	-5.78921	-4.89304	12	86856794	G	A	9.929021643157818e-07	6.003093542633595
12:18191868:A:G	2.04767e-05	0.00309406	-5.01795	-4.88756	12	18191868	A	G	1.020933862108216e-06	5.9910023913624535
12:23228554:T:C	1.86885e-06	0.00116643	-6.43638	-4.88724	12	23228554	T	C	1.0225940746639254e-06	5.990296728085344
12:42970201:G:T	4.61359e-05	0.0122204	-5.57927	-4.88645	12	42970201	G	T	1.0267038585299937e-06	5.988554805821369
12:11173577:G:A	7.97455e-06	0.00803884	-6.91578	-4.88399	12	11173577	G	A	1.039603494564106e-06	5.983132269314006
12:69260320:G:GTT	1.14566e-05	0.00301066	-5.57135	-4.87875	12	69260320	G	GTT	1.0676028161700787e-06	5.971590289281765
12:32673849:T:C	0.000879971	1.93962e-06	6.1174	4.87756	12	32673849	T	C	1.0740618242339025e-06	5.968970719427095
12:1771045:C:T	5.67138e-06	0.00846818	-7.30864	-4.87704	12	1771045	C	T	1.076896040216708e-06	5.967826219951252
12:83426004:AT:A	0.00465468	2.27678e-05	5.32028	4.87411	12	83426004	AT	A	1.0930007857693886e-06	5.961379525831462
12:24172103:G:A	5.97436e-06	0.0154282	-7.85647	-4.87332	12	24172103	G	A	1.0973825371929786e-06	5.959641955075852
12:51239497:G:A	0.000333815	3.28757e-06	4.62044	4.87329	12	51239497	G	A	1.0975492655321442e-06	5.959575976535903
12:86852890:T:C	3.7348e-06	0.000927075	-5.51434	-4.8732	12	86852890	T	C	1.0980495968267995e-06	5.959378043181246
12:52104844:C:T	0.0179123	0.000236223	4.32847	4.87304	12	52104844	C	T	1.0989396166872744e-06	5.95902617005146
12:1727646:G:A	4.29804e-06	0.00136618	-5.76161	-4.86684	12	1727646	G	A	1.1339675934826285e-06	5.9453993565302135
12:94407651:A:G	1.30654e-06	0.00192695	-7.29631	-4.86648	12	94407651	A	G	1.1360341388376624e-06	5.944608617492921
12:74079006:G:T	2.57997e-07	0.000254663	-6.89475	-4.86508	12	74079006	G	T	1.14410520662834e-06	5.941534037992879
12:81703380:G:C	2.91472e-05	0.0427928	-7.29177	-4.86259	12	81703380	G	C	1.1585967072754712e-06	5.936067710097384
12:18441710:G:A	0.00410522	4.6765e-06	6.77747	4.86062	12	18441710	G	A	1.1701868482444397e-06	5.931744787243045
12:11161176:CTA:C	0.00102189	4.13778e-06	5.50925	4.85894	12	11161176	CTA	C	1.1801588848286397e-06	5.928059519677601
12:11161074:C:T	0.00102189	4.13778e-06	5.50925	4.85894	12	11161074	C	T	1.1801588848286397e-06	5.928059519677601
12:621793:G:A	7.95428e-06	0.00366214	-6.13209	-4.85851	12	621793	G	A	1.1827243632913106e-06	5.927116456935526
12:56305820:A:AG	1.79274e-05	0.00544324	-5.7158	-4.85686	12	56305820	A	AG	1.1926185291574069e-06	5.923498447507214
12:83308553:T:A	8.00775e-06	0.0116583	-7.28336	-4.8554	12	83308553	T	A	1.2014397330657358e-06	5.9202980095071425
12:83308708:A:G	8.00775e-06	0.0116583	-7.28336	-4.8554	12	83308708	A	G	1.2014397330657358e-06	5.9202980095071425
12:1782206:C:T	1.10266e-05	0.00282769	-5.54691	-4.85495	12	1782206	C	T	1.2041712293792893e-06	5.919311753371257
12:61438279:AGT:A	0.00432428	1.25299e-05	5.84388	4.85463	12	61438279	AGT	A	1.2061172606373793e-06	5.9186104673433455
12:117655036:C:T	0.000472706	0.114452	-5.48944	-4.84925	12	117655036	C	T	1.2392915076562542e-06	5.906826526331076
12:28893072:A:AT	3.00966e-05	0.0752278	-7.82386	-4.84723	12	28893072	A	AT	1.2519725099892374e-06	5.902405206981062
12:93514271:C:T	3.5546e-05	0.00857789	-5.48611	-4.84605	12	93514271	C	T	1.2594378822989367e-06	5.899823247808643
12:78132214:CAATT:C	0.00810606	1.7936e-05	6.11355	4.84514	12	78132214	CAATT	C	1.265224302626188e-06	5.897832474679898
12:70206931:T:A	9.60395e-07	0.000924077	-6.86921	-4.84211	12	70206931	T	A	1.2846760877611503e-06	5.891206359516202
12:42360135:A:G	2.30821e-06	0.00101767	-6.0888	-4.84111	12	42360135	A	G	1.2911587187471455e-06	5.889020367772965
12:105514231:C:T	0.00231491	7.69042e-06	5.70715	4.84079	12	105514231	C	T	1.2932397978665878e-06	5.888320938975498
12:105514211:C:A	0.00231491	7.69042e-06	5.70715	4.84079	12	105514211	C	A	1.2932397978665878e-06	5.888320938975498
12:107749668:G:A	8.34279e-06	0.00208798	-5.52256	-4.8399	12	107749668	G	A	1.2990447784468586e-06	5.886375878413344
12:17963572:A:AT	5.22499e-06	0.00501239	-6.86622	-4.83942	12	17963572	A	AT	1.3021859498469173e-06	5.885326994856786
12:73227077:TATATATAC:T	0.00511269	3.85801e-06	7.18933	4.83833	12	73227077	TATATATAC	T	1.3093461818160311e-06	5.8829455138956686
12:72697317:G:A	0.00928001	8.38062e-05	4.70711	4.83665	12	72697317	G	A	1.3204563515717496e-06	5.879275950068442
12:89525791:C:T	7.65863e-05	0.0232347	-5.71498	-4.83578	12	89525791	C	T	1.3262454124484316e-06	5.8773761053351095
12:52104820:T:A	0.0178383	0.000246923	4.28003	4.83429	12	52104820	T	A	1.336216759343903e-06	5.8741230854599324
12:61391750:AAAC:A	0.0221169	4.95383e-05	6.10135	4.83407	12	61391750	AAAC	A	1.3376951341517375e-06	5.87364285266826
12:113597063:G:A	3.51829e-05	0.021323	-6.40698	-4.83405	12	113597063	G	A	1.337829609841493e-06	5.873599196148027
12:45936393:C:T	1.50819e-06	0.00369908	-7.80493	-4.83209	12	45936393	C	T	1.3510714886574502e-06	5.869321670735154
12:76519001:A:T	1.32085e-06	0.00125098	-6.85341	-4.8279	12	76519001	A	T	1.3798034581615736e-06	5.860182770928338
12:83299559:T:C	5.06745e-06	0.00252857	-6.21257	-4.82751	12	83299559	T	C	1.3825074875410582e-06	5.859332507915518
12:58054992:C:T	3.81225e-06	0.00536846	-7.25008	-4.82689	12	58054992	C	T	1.3868166943045272e-06	5.8579809390082165
12:40280622:T:TTAAATAAAA	6.7243e-06	0.001981	-5.68563	-4.82658	12	40280622	T	TTAAATAAAA	1.388976138632403e-06	5.857305214989015
12:78811094:A:G	0.000117065	0.0368477	-5.75182	-4.82567	12	78811094	A	G	1.395333847281798e-06	5.855321870751676
12:778637:C:CT	9.74005e-05	0.0292484	-5.70475	-4.82541	12	778637	C	CT	1.397155469575689e-06	5.854755264736184
12:73701884:T:G	6.97479e-06	0.00657057	-6.84805	-4.82308	12	73701884	T	G	1.4135824084450445e-06	5.849678868115598
12:12502553:A:ATTTTTT	5.80516e-06	0.00813784	-7.24553	-4.823	12	12502553	A	ATTTTTT	1.4141497085362625e-06	5.849504611649772
12:105028982:G:A	0.000156339	0.0346252	-5.40031	-4.82278	12	105028982	G	A	1.4157109128845328e-06	5.849025420203216
12:12431428:G:T	4.92329e-06	0.00286888	-6.3677	-4.82244	12	12431428	G	T	1.4181269437250458e-06	5.848284891514235
12:83312047:G:A	1.14364e-05	0.00683846	-6.39352	-4.82133	12	83312047	G	A	1.426042206451901e-06	5.84586762051648
12:83309373:T:G	9.73337e-06	0.00581741	-6.39305	-4.82089	12	83309373	T	G	1.4291915310502544e-06	5.8449095659575905
12:83309367:T:TA	9.73337e-06	0.00581741	-6.39305	-4.82089	12	83309367	T	TA	1.4291915310502544e-06	5.8449095659575905
12:83309358:T:G	9.73337e-06	0.00581741	-6.39305	-4.82089	12	83309358	T	G	1.4291915310502544e-06	5.8449095659575905
12:90605466:T:C	1.30461e-05	0.0182308	-7.24238	-4.8203	12	90605466	T	C	1.4334249871688632e-06	5.843625029268619
12:99337206:T:C	0.00963016	1.34984e-05	6.57008	4.8196	12	99337206	T	C	1.438463372772495e-06	5.842101191962956
12:32671953:A:C	0.000891316	2.0916e-06	6.05477	4.81959	12	32671953	A	C	1.438535472936318e-06	5.842079424346784
12:34001286:C:T	5.10113e-08	3.04424e-05	-6.39154	-4.81946	12	34001286	C	T	1.4394730913507649e-06	5.841796449151377
12:58055639:C:T	3.89687e-06	0.00543718	-7.24084	-4.81898	12	58055639	C	T	1.4429401602500867e-06	5.840751679032667
12:58055829:T:C	3.89769e-06	0.00543718	-7.24063	-4.8188	12	58055829	T	C	1.4442423801079479e-06	5.840359915139017
12:63329209:G:A	4.50053e-06	0.00627596	-7.24029	-4.81851	12	63329209	G	A	1.446342778259357e-06	5.839728768545836
12:43939040:A:C	0.00230181	4.27291e-05	3.98657	4.81687	12	43939040	A	C	1.4582762770301869e-06	5.8361601891709505
12:44102053:G:A	2.55703e-05	0.0035551	-4.93471	-4.81618	12	44102053	G	A	1.463325323595359e-06	5.834659111649198
12:23381817:C:T	0.000848749	8.7637e-07	6.87573	4.81414	12	23381817	C	T	1.4783514425031326e-06	5.830222310598583
12:17315900:C:G	1.5907e-05	0.00390959	-5.50443	-4.81361	12	17315900	C	G	1.4822794996327756e-06	5.829069897771498
12:25214387:CTTT:C	0.000572694	1.0454e-05	4.00337	4.81328	12	25214387	CTTT	C	1.484730338344712e-06	5.828352417190819
12:19975566:ATGTG:A	0.0206033	1.6073e-05	7.15607	4.81071	12	19975566	ATGTG	A	1.5039509506631523e-06	5.8227663274436425
12:68721918:G:A	4.10988e-06	0.00130982	-5.76425	-4.81068	12	68721918	G	A	1.504176722156484e-06	5.822701136517875
12:46099003:A:G	0.00871157	2.04542e-05	6.05422	4.80974	12	46099003	A	G	1.5112674251936192e-06	5.820658678606403
12:23382035:A:G	0.000842352	8.7637e-07	6.86817	4.80798	12	23382035	A	G	1.5246301435898794e-06	5.816835498008637
12:63343263:A:AT	3.48845e-06	0.00102813	-5.68604	-4.80644	12	63343263	A	AT	1.5364156418474595e-06	5.813491280045355
12:79953360:C:CT	5.11339e-06	0.00124751	-5.49704	-4.80641	12	79953360	C	CT	1.5366460969239499e-06	5.813426142813017
12:83302320:A:G	5.07025e-06	0.00215262	-6.05105	-4.80468	12	83302320	A	G	1.5499920339437247e-06	5.809670533844659
12:83301057:A:G	4.95312e-06	0.00210159	-6.05043	-4.80408	12	83301057	A	G	1.554646654157096e-06	5.808368303477978
12:116191040:A:T	6.13145e-05	1.87765e-07	5.78858	4.8035	12	116191040	A	T	1.559158891688882e-06	5.807109624216263
12:52104811:T:A	0.0178065	0.000256866	4.23877	4.80129	12	52104811	T	A	1.576467731500008e-06	5.802314914338791
12:13737044:A:AAG	2.55461e-05	0.0125353	-6.19582	-4.80074	12	13737044	A	AAG	1.5808039817084415e-06	5.801121978859795
12:113595120:C:G	3.5216e-05	0.0208168	-6.38202	-4.7986	12	113595120	C	G	1.5977852892868802e-06	5.796481581682198
12:78133081:T:C	0.00246142	1.51728e-05	5.08899	4.79564	12	78133081	T	C	1.6215627086110018e-06	5.790066251753804
12:78133224:T:G	0.00246142	1.51728e-05	5.08899	4.79564	12	78133224	T	G	1.6215627086110018e-06	5.790066251753804
12:105029144:T:C	0.000160711	0.034638	-5.3731	-4.795	12	105029144	T	C	1.62674830847342e-06	5.788679636182268
12:16248561:A:G	0.0360143	0.000340168	4.66223	4.794	12	16248561	A	G	1.6348827329895747e-06	5.786513392998797
12:8779892:TTATG:T	0.00668037	9.6608e-06	6.53885	4.79196	12	8779892	TTATG	T	1.6515983625411191e-06	5.78209555637357
12:43938038:C:A	0.00249668	4.77292e-05	3.95717	4.7891	12	43938038	C	A	1.6753098461282872e-06	5.775904859063413
12:34000774:A:C	5.10755e-08	2.95068e-05	-6.35907	-4.78877	12	34000774	A	C	1.6780667477910708e-06	5.775190768405526
12:100317528:G:A	1.63354e-05	0.00955197	-6.37117	-4.7882	12	100317528	G	A	1.6828389424076543e-06	5.773957446573588
12:107750324:T:C	1.33927e-05	0.00416971	-5.74089	-4.7879	12	107750324	T	C	1.6853558602687379e-06	5.773308384505644
12:117653455:A:G	0.000471868	0.106489	-5.4191	-4.78653	12	117653455	A	G	1.6968958449205524e-06	5.770344813760381
12:17000387:T:C	4.20162e-06	0.0012136	-5.66588	-4.786	12	17000387	T	C	1.7013805595431588e-06	5.769198533874697
12:81105232:T:C	1.98088e-05	0.0115486	-6.36819	-4.78535	12	81105232	T	C	1.7068962347268549e-06	5.767792879620647
12:621472:GA:G	7.99857e-06	0.0107232	-7.2009	-4.78477	12	621472	GA	G	1.7118324195755947e-06	5.766538752985882
12:10248523:ATTTTCT:A	0.00135828	3.31812e-06	6.01458	4.78238	12	10248523	ATTTTCT	A	1.7323180336860209e-06	5.761372373522208
12:46430381:T:C	1.99134e-05	0.00948071	-6.16562	-4.78214	12	46430381	T	C	1.7343881349965542e-06	5.760853706153671
12:83301241:A:G	4.97885e-06	0.00206407	-6.02723	-4.78169	12	83301241	A	G	1.7382759844304144e-06	5.759881269889766
12:29407519:C:A	2.41532e-05	0.00570356	-5.46443	-4.781	12	29407519	C	A	1.7442536250990164e-06	5.7583903657494995
12:101670124:C:CCACACACA	5.67088e-05	0.0170481	-5.70587	-4.7809	12	101670124	C	CCACACACA	1.745121587111397e-06	5.758174309236612
12:19975089:G:A	2.34304e-05	0.0210453	-6.8004	-4.78023	12	19975089	G	A	1.7509476484555888e-06	5.756726838683399
12:28898645:C:T	9.33801e-05	0.0541295	-6.36246	-4.77985	12	28898645	C	T	1.754260284000577e-06	5.755905968827015
12:107756981:C:A	2.42605e-05	0.00682174	-5.63902	-4.7798	12	107756981	C	A	1.754696605212945e-06	5.755797964139681
12:12436220:T:C	2.79733e-06	0.00250836	-6.79872	-4.77872	12	12436220	T	C	1.7641466382184354e-06	5.75346531856799
12:42285609:GAATAAATA:G	0.00134	4.21585e-06	5.76157	4.77852	12	42285609	GAATAAATA	G	1.765902003156244e-06	5.753033400797727
12:83308225:A:T	9.40226e-06	0.00535931	-6.34564	-4.77608	12	83308225	A	T	1.787453063367458e-06	5.7477653534922775
12:73227076:A:T	3.85801e-06	0.00511269	-7.18933	-4.77486	12	73227076	A	T	1.7983231487490483e-06	5.74513226526771
12:83311792:C:CT	9.97254e-06	0.00888516	-6.7923	-4.77295	12	83311792	C	CT	1.8154687436762074e-06	5.741011223790913
12:46099525:T:C	0.00871157	2.13741e-05	6.01023	4.77081	12	46099525	T	C	1.8348655769878633e-06	5.736395746840121
12:78134272:A:G	0.00252646	1.59938e-05	5.06238	4.77029	12	78134272	A	G	1.8396088117005924e-06	5.735274518828497
12:29412604:T:C	0.00281068	1.19756e-05	5.45831	4.7699	12	29412604	T	C	1.843173967119971e-06	5.734433672163124
12:89187671:T:C	9.94158e-06	0.00471533	-6.16185	-4.76865	12	89187671	T	C	1.854645541238105e-06	5.731739080223505
12:60427398:CTTTTTTTTT:C	0.00241935	5.95238e-06	6.00746	4.76836	12	60427398	CTTTTTTTTT	C	1.8573167336207481e-06	5.731114028444294
12:25212516:G:A	2.62693e-06	0.000770357	-5.68104	-4.76728	12	25212516	G	A	1.867297177103004e-06	5.728786559337793
12:105031637:T:C	0.000166663	0.0349214	-5.34488	-4.7662	12	105031637	T	C	1.8773291390260583e-06	5.7264595788802835
12:61436267:T:G	9.31261e-06	0.00388759	-6.03417	-4.76476	12	61436267	T	G	1.890785667537032e-06	5.723357698379474
12:60423443:A:G	2.61488e-06	0.000723747	-5.62322	-4.76395	12	60423443	A	G	1.8983956394738026e-06	5.721613272343731
12:99335271:T:A	1.20833e-05	0.0272128	-7.71962	-4.76385	12	99335271	T	A	1.8993371803802858e-06	5.721397930165676
12:28895118:C:T	3.16321e-05	0.071158	-7.71848	-4.76295	12	28895118	C	T	1.9078312620063734e-06	5.719460039076438
12:79654698:C:T	5.18756e-06	0.00132065	-5.53961	-4.76267	12	79654698	C	T	1.9104813001992303e-06	5.718857208831386
12:29412458:T:C	0.00281068	1.21136e-05	5.44685	4.76009	12	29412458	T	C	1.9350665057690283e-06	5.713304104240852
12:45425155:TTAAAA:T	0.00362633	1.65361e-05	5.39043	4.75937	12	45425155	TTAAAA	T	1.9419815597375606e-06	5.711754898291168
12:24097105:G:A	8.88841e-06	0.00195685	-5.39434	-4.7578	12	24097105	G	A	1.9571426371408707e-06	5.708377521676797
12:89188231:C:CA	9.33349e-06	0.00386657	-6.02652	-4.75742	12	89188231	C	CA	1.960829252731892e-06	5.707560222663121
12:73410499:T:C	4.28578e-06	0.00242586	-6.33864	-4.75703	12	73410499	T	C	1.9646198210210975e-06	5.706721478676367
12:28298779:C:CAT	1.24645e-06	0.000289038	-5.44626	-4.75699	12	28298779	C	CAT	1.965008995039176e-06	5.70663545725449
12:6511457:C:T	4.21243e-06	0.00238344	-6.33826	-4.75667	12	6511457	C	T	1.9681250544367754e-06	5.70594731000714
12:46100024:T:TAA	2.12433e-05	0.00984953	-6.13914	-4.75654	12	46100024	T	TAA	1.9693923090377087e-06	5.705667762440209
12:95149530:T:C	3.49421e-06	0.00197639	-6.33792	-4.75634	12	95149530	T	C	1.9713434622567056e-06	5.705237703083388
12:83715395:A:G	4.43254e-06	0.00205329	-6.13823	-4.75566	12	83715395	A	G	1.9779912833181576e-06	5.703775626598883
12:29412443:G:C	0.00281068	1.21961e-05	5.44007	4.75428	12	29412443	G	C	1.991548711043832e-06	5.700809066769677
12:29412445:T:C	0.00281068	1.21961e-05	5.44007	4.75428	12	29412445	T	C	1.991548711043832e-06	5.700809066769677
12:76519572:T:C	1.34982e-06	0.00117569	-6.76963	-4.75256	12	76519572	T	C	2.0085713695497743e-06	5.697112732092148
12:69264550:T:C	1.26979e-05	0.00293078	-5.44159	-4.75244	12	69264550	T	C	2.0097641982639233e-06	5.696854894519907
12:32864129:G:A	0.00366707	0.000102132	3.58088	4.74811	12	32864129	G	A	2.0532636052807405e-06	5.687555290780558
12:99336846:G:A	1.23252e-05	0.0272128	-7.6998	-4.748	12	99336846	G	A	2.0543803647510685e-06	5.6873191444684315
12:621059:T:A	8.81451e-06	0.00361394	-6.01616	-4.7475	12	621059	T	A	2.059463901439659e-06	5.686245816012957
12:64379288:A:AT	1.41908e-05	0.00794645	-6.32789	-4.74673	12	64379288	A	AT	2.0673161863559382e-06	5.684593094979858
12:83426969:C:T	1.29181e-05	0.0111709	-6.76244	-4.74609	12	83426969	C	T	2.073864637309642e-06	5.68321959374639
12:18440859:G:A	0.00634638	5.3608e-06	7.07653	4.74466	12	18440859	G	A	2.088568401637844e-06	5.680151296809004
12:12434727:T:C	2.90792e-06	0.00250836	-6.75995	-4.74385	12	12434727	T	C	2.0969414750379128e-06	5.6784136903848115
12:23802660:A:G	1.15254e-05	0.0252848	-7.69341	-4.74289	12	23802660	A	G	2.106906869702251e-06	5.676354660817292
12:17315301:T:G	0.00343466	1.51127e-05	5.42613	4.74235	12	17315301	T	G	2.1125323768005086e-06	5.675196626303452
12:44130988:G:A	0.000668443	1.87347e-05	3.57458	4.74207	12	44130988	G	A	2.1154549830157046e-06	5.674596212041923
12:64477879:AT:A	0.00879536	1.15186e-05	6.63801	4.742	12	64477879	AT	A	2.116186241119894e-06	5.674446113606901
12:29412297:C:T	0.00279804	1.23178e-05	5.42563	4.74192	12	29412297	C	T	2.11702226194645e-06	5.674274575051129
12:63334092:C:CAA	6.80969e-06	0.00155057	-5.42803	-4.73924	12	63334092	C	CAA	2.1452129879240854e-06	5.668529582319315
12:63331348:G:A	6.86536e-06	0.00156186	-5.42714	-4.73838	12	63331348	G	A	2.1543354238790556e-06	5.666686677361729
12:83301936:C:T	5.66012e-06	0.0025754	-6.12031	-4.73834	12	83301936	C	T	2.1547606286709124e-06	5.666600968390227
12:79949062:A:AT	3.14988e-06	0.00167542	-6.27646	-4.73635	12	79949062	A	AT	2.176016614836972e-06	5.662337792933202
12:29413000:A:G	0.00277734	1.23087e-05	5.41895	4.73619	12	29413000	A	G	2.177734357473082e-06	5.6619950970869555
12:74078606:G:C	2.58961e-07	0.000221313	-6.75065	-4.73549	12	74078606	G	C	2.185264804800448e-06	5.660495928810065
12:43943176:CA:C	4.05005e-05	0.00344975	-4.44474	-4.73545	12	43943176	CA	C	2.1856958705374066e-06	5.660410268249191
12:47459635:A:AACAC	5.67485e-06	0.00484381	-6.74941	-4.73438	12	47459635	A	AACAC	2.1972572345098124e-06	5.6581190969308315
12:29411034:G:T	1.20612e-05	0.00332689	-5.6198	-4.73223	12	29411034	G	T	2.2206658247311985e-06	5.653516791021363
12:4815224:G:A	0.000101584	0.0550975	-6.29597	-4.72913	12	4815224	G	A	2.2548397606620865e-06	5.646884315663144
12:29414360:C:T	7.78459e-06	0.0025863	-5.80584	-4.72842	12	29414360	C	T	2.2627374706676345e-06	5.645365831221721
12:63342718:G:C	3.73871e-06	0.00102022	-5.60903	-4.72837	12	63342718	G	C	2.2632946474512993e-06	5.645258903653601
12:95233368:G:A	7.43717e-06	0.00334879	-6.10986	-4.72824	12	95233368	G	A	2.2647439237178556e-06	5.644980896875646
12:67355976:C:CT	7.74679e-07	0.000972183	-7.13485	-4.72821	12	67355976	C	CT	2.2650784986150766e-06	5.6449167424703015
12:42280082:CT:C	0.000503047	1.67378e-06	5.7056	4.72675	12	42280082	CT	C	2.2814186272532165e-06	5.6417950168607
12:83310854:C:T	1.06128e-05	0.00558719	-6.26617	-4.72664	12	83310854	C	T	2.282654307334202e-06	5.641559854512782
12:29413346:T:A	0.00271571	1.22096e-05	5.40458	4.7239	12	29413346	T	A	2.3136421672159963e-06	5.635703809092366
12:46099264:G:A	2.38314e-05	0.0107761	-6.11409	-4.72353	12	46099264	G	A	2.3178574865627547e-06	5.634913270142092
12:16999821:G:A	4.36936e-06	0.00118627	-5.60395	-4.72322	12	16999821	G	A	2.321394917054614e-06	5.634250970828837
12:74077971:C:G	2.62782e-07	0.000221313	-6.73601	-4.72232	12	74077971	C	G	2.3316942710280293e-06	5.632328394354639
12:119519876:GTA:G	0.0221546	5.61818e-05	5.97721	4.72142	12	119519876	GTA	G	2.3420374913110143e-06	5.630406157026607
12:25220721:C:CA	6.00899e-06	0.000842259	-4.94283	-4.72101	12	25220721	C	CA	2.346763994743207e-06	5.62953058357327
12:29412292:A:G	0.00276015	1.24948e-05	5.39773	4.71803	12	29412292	A	G	2.3813938390433545e-06	5.623168774280594
12:40744318:AAG:A	0.0358091	2.83192e-05	7.14242	4.71741	12	40744318	AAG	A	2.388660106523121e-06	5.6218456436211035
12:89607038:T:C	9.17294e-06	0.00490804	-6.28237	-4.71627	12	89607038	T	C	2.4020762514303323e-06	5.619413210484397
12:76516817:CT:C	0.000917241	1.24015e-06	6.60614	4.71489	12	76516817	CT	C	2.4184136524657194e-06	5.616469414137471
12:69259366:T:C	1.1322e-05	0.00100201	-4.48302	-4.71186	12	69259366	T	C	2.454659977412767e-06	5.61000865839258
12:80501488:C:A	0.000136519	0.0254129	-5.22655	-4.71172	12	80501488	C	A	2.4563472677040548e-06	5.609710234523449
12:14436782:CT:C	0.000241757	1.98366e-06	4.80299	4.71146	12	14436782	CT	C	2.4594837611941236e-06	5.609156040535862
12:83299458:G:A	3.49801e-06	0.00181072	-6.24929	-4.71071	12	83299458	G	A	2.468552894387252e-06	5.607557562592963
12:18436881:A:C	9.87944e-06	0.00525155	-6.27582	-4.71008	12	18436881	A	C	2.476195767299312e-06	5.606215023102289
12:64476730:C:A	0.00470874	7.48117e-06	6.44479	4.70869	12	64476730	C	A	2.493139044304633e-06	5.603253499879572
12:18436784:C:T	9.89546e-06	0.00525155	-6.2742	-4.70855	12	18436784	C	T	2.4948517171437852e-06	5.602955261800092
12:83288134:G:A	3.51796e-06	0.00431042	-7.11091	-4.7077	12	83288134	G	A	2.505274357582025e-06	5.601144706739084
12:11167698:A:G	4.14185e-06	0.00213484	-6.24501	-4.70667	12	11167698	A	G	2.517960162314148e-06	5.598951145325854
12:61394123:GA:G	0.00975456	2.57587e-05	5.93672	4.70577	12	61394123	GA	G	2.5290953043811106e-06	5.597034804745373
12:40743357:T:A	2.7497e-05	0.0335945	-7.10804	-4.70525	12	40743357	T	A	2.5355504707399773e-06	5.595927740294291
12:118675750:T:C	5.59784e-06	0.00300155	-6.2845	-4.70516	12	118675750	T	C	2.536669315353514e-06	5.595736144476232
12:620618:A:AGTTTGTTT	7.65452e-06	0.00632332	-6.7167	-4.70497	12	620618	A	AGTTTGTTT	2.5390328771171357e-06	5.595331675550812
12:13605391:G:C	1.53658e-05	0.00674327	-6.08416	-4.7034	12	13605391	G	C	2.558644428279091e-06	5.591990063298352
12:123275750:CAA:C	0.00156758	2.08545e-05	4.31972	4.70255	12	123275750	CAA	C	2.5693227319248436e-06	5.590181340696304
12:31572011:G:A	4.77012e-07	0.000254871	-6.28097	-4.70177	12	31572011	G	A	2.579159272172275e-06	5.58852183781952
12:31571889:G:A	4.77012e-07	0.000254871	-6.28097	-4.70177	12	31571889	G	A	2.579159272172275e-06	5.58852183781952
12:18440830:T:C	5.34941e-06	0.00650589	-7.10348	-4.70134	12	18440830	T	C	2.584597425756588e-06	5.587607092565351
12:18440832:T:A	5.34941e-06	0.00650589	-7.10348	-4.70134	12	18440832	T	A	2.584597425756588e-06	5.587607092565351
12:32671019:G:A	2.62302e-06	0.00318787	-7.10278	-4.70074	12	32671019	G	A	2.592203942584692e-06	5.586330833181505
12:83287490:G:A	4.27011e-06	0.00224044	-6.26279	-4.69776	12	83287490	G	A	2.630302446940703e-06	5.579994311021502
12:76058198:CATATATATA:C	0.0273782	0.000186673	4.98815	4.69604	12	76058198	CATATATATA	C	2.6525361943290895e-06	5.576338681360588
12:63354695:C:T	3.75946e-06	0.00146069	-5.96239	-4.69603	12	63354695	C	T	2.6526659861692754e-06	5.576317431320313
12:83749373:C:T	0.0256771	2.30101e-05	7.01742	4.69558	12	83749373	C	T	2.6585129316667852e-06	5.575361222828506
12:71218116:AT:A	0.00473705	1.2743e-05	5.91819	4.68937	12	71218116	AT	A	2.7404747134491036e-06	5.562174200838701
12:18440292:C:T	5.4416e-06	0.00650589	-7.08639	-4.6867	12	18440292	C	T	2.7764548789482056e-06	5.556509379991898
12:116189246:CA:C	5.34234e-05	1.85947e-07	5.66054	4.68509	12	116189246	CA	C	2.798369404240281e-06	5.553094956165232
12:86839082:T:C	3.9039e-06	0.00463983	-7.08046	-4.68162	12	86839082	T	C	2.8461670924167593e-06	5.545739606997909
12:69265519:A:G	1.37403e-05	0.00294683	-5.36815	-4.68096	12	69265519	A	G	2.85534653157512e-06	5.544341177219117
12:61282104:T:G	2.5924e-06	0.00307129	-7.07727	-4.67889	12	61282104	T	G	2.8843212172644795e-06	5.539956375326679
12:61318879:A:G	4.41612e-05	0.0220618	-6.21376	-4.67719	12	61318879	A	G	2.90832762660064e-06	5.536356671262067
12:32673582:G:T	1.90449e-06	0.000977597	-6.24089	-4.67706	12	32673582	G	T	2.9101712802074457e-06	5.536081449550213
12:40967789:G:T	1.08573e-05	0.00340516	-5.74821	-4.67662	12	40967789	G	T	2.9164196626985118e-06	5.535149982384068
12:27229218:A:G	1.38076e-05	0.00689011	-6.21262	-4.67612	12	27229218	A	G	2.9235357216468887e-06	5.5340915953039165
12:58055146:G:A	3.8565e-06	0.00454502	-7.07203	-4.6744	12	58055146	G	A	2.9481424036807197e-06	5.530451542645053
12:10519305:T:C	3.07761e-05	0.00373644	-4.79915	-4.67275	12	10519305	T	C	2.971934304408798e-06	5.526960795028585
12:16246927:A:T	0.034018	0.000412922	4.41139	4.67225	12	16246927	A	T	2.9791802647318985e-06	5.525903217627599
12:617711:C:G	8.77098e-06	0.00221383	-5.53103	-4.67144	12	617711	C	G	2.990954702505839e-06	5.524190164234053
12:83288407:A:T	3.51185e-06	0.00411144	-7.06539	-4.66871	12	83288407	A	T	3.0309686077118283e-06	5.51841856167531
12:29406368:A:G	2.92865e-05	0.00806802	-5.61854	-4.66857	12	29406368	A	G	3.0330343851545324e-06	5.518122666115903
12:105033252:T:C	0.0001756	0.0370965	-5.35307	-4.66815	12	105033252	T	C	3.039239824651579e-06	5.517235028642232
12:105033242:T:C	0.0001756	0.0370965	-5.35307	-4.66815	12	105033242	T	C	3.039239824651579e-06	5.517235028642232
12:60953138:A:G	0.0014911	1.28275e-05	4.75567	4.66798	12	60953138	A	G	3.041755011177834e-06	5.516875767790648
12:46098935:G:A	2.04542e-05	0.00871157	-6.05422	-4.66699	12	46098935	G	A	3.0564419943892097e-06	5.514783841901267
12:46099154:G:T	2.04542e-05	0.00871157	-6.05422	-4.66699	12	46099154	G	T	3.0564419943892097e-06	5.514783841901267
12:61392917:A:G	5.11458e-05	0.0188266	-5.90835	-4.66697	12	61392917	A	G	3.056739401016845e-06	5.514741584998025
12:83296509:T:C	0.0011664	5.61495e-06	5.33624	4.66539	12	83296509	T	C	3.0803224529806296e-06	5.511403818493021
12:52104793:A:T	0.0176576	0.000301988	4.06854	4.66513	12	52104793	A	T	3.084219893973275e-06	5.510854665856244
12:32672348:C:G	1.92882e-06	0.000977597	-6.22819	-4.66506	12	32672348	C	G	3.0852700129754164e-06	5.510706821901799
12:44106126:G:A	1.85695e-05	0.00214416	-4.74898	-4.66474	12	44106126	G	A	3.0900749263098076e-06	5.510030989931674
12:12438380:ACG:A	0.00202405	1.88251e-06	6.98025	4.66472	12	12438380	ACG	A	3.0903754716102323e-06	5.509988751856053
12:55360301:G:A	8.66631e-06	0.00107195	-4.81779	-4.66433	12	55360301	G	A	3.096241712641186e-06	5.509165142831304
12:83312685:GTATATATAT:G	0.00443604	1.23135e-05	5.88682	4.66413	12	83312685	GTATATATAT	G	3.0992541833664794e-06	5.508742803913499
12:18440318:C:T	5.45319e-06	0.00634638	-7.05944	-4.66362	12	18440318	C	T	3.106948714769487e-06	5.50766591542106
12:83288195:G:C	3.5328e-06	0.00411144	-7.05944	-4.66362	12	83288195	G	C	3.106948714769487e-06	5.50766591542106
12:38668744:T:G	2.50774e-06	0.00062769	-5.52267	-4.66304	12	38668744	T	G	3.115721628382886e-06	5.506441350953811
12:32673658:A:C	1.90883e-06	0.000964452	-6.22507	-4.66211	12	32673658	A	C	3.1298381582899976e-06	5.504478118932404
12:17414140:TACACAC:T	0.00387368	4.82173e-06	6.68883	4.66174	12	17414140	TACACAC	T	3.1354714542416165e-06	5.503697148746638
12:65207201:G:T	1.97533e-06	0.00229255	-7.05669	-4.66126	12	65207201	G	T	3.142794007729178e-06	5.502684083582582
12:65207153:C:T	1.97533e-06	0.00229255	-7.05669	-4.66126	12	65207153	C	T	3.142794007729178e-06	5.502684083582582
12:27228416:A:G	1.19244e-05	0.00585688	-6.19678	-4.66117	12	27228416	A	G	3.1441688114405316e-06	5.502494144595433
12:50783865:T:TA	1.74947e-05	0.00895695	-6.23829	-4.66087	12	50783865	T	TA	3.148755657975378e-06	5.501861039112638
12:4697459:G:T	3.53186e-05	0.0149433	-6.04761	-4.66075	12	4697459	G	T	3.150592193176326e-06	5.501607807462304
12:18438676:C:G	6.23099e-06	0.007218	-7.0548	-4.65965	12	18438676	C	G	3.167475044794548e-06	5.499286798054849
12:52104799:A:G	0.017658	0.000304152	4.06142	4.65943	12	52104799	A	G	3.170862012397447e-06	5.4988226569190735
12:52104800:T:C	0.017658	0.000304152	4.06142	4.65943	12	52104800	T	C	3.170862012397447e-06	5.4988226569190735
12:52104806:G:C	0.017658	0.000304152	4.06142	4.65943	12	52104806	G	C	3.170862012397447e-06	5.4988226569190735
12:83436196:A:T	0.00595839	5.05755e-06	7.07167	4.65869	12	83436196	A	T	3.182280052196731e-06	5.497261603516653
12:18439581:CAT:C	0.00650589	6.0965e-06	6.97275	4.65849	12	18439581	CAT	C	3.1853727721062102e-06	5.496839736516853
12:61304749:T:C	4.07551e-05	0.0148265	-5.89659	-4.65562	12	61304749	T	C	3.2300720657270304e-06	5.490787788071857
12:51420636:C:T	0.000204737	0.0519588	-5.53648	-4.65482	12	51420636	C	T	3.242638629036401e-06	5.489101447922813
12:41814109:G:A	1.51817e-05	0.00385573	-5.53723	-4.65385	12	41814109	G	A	3.2579384887879546e-06	5.487057119607666
12:14437055:G:A	0.000236624	2.06912e-06	4.73935	4.65299	12	14437055	G	A	3.271561196756183e-06	5.4852449515187764
12:63339718:C:T	5.3867e-06	0.00136297	-5.53349	-4.65179	12	63339718	C	T	3.2906609543728784e-06	5.48271686192631
12:63340478:A:G	5.3867e-06	0.00136297	-5.53349	-4.65179	12	63340478	A	G	3.2906609543728784e-06	5.48271686192631
12:72516246:A:T	1.43731e-05	0.00187029	-4.86849	-4.65052	12	72516246	A	T	3.3109913294196336e-06	5.480041956544863
12:105030891:A:G	0.000171632	0.0321064	-5.23146	-4.65042	12	105030891	A	G	3.3125972521647755e-06	5.479831362728035
12:76517778:G:A	0.000913798	1.33739e-06	6.52689	4.64749	12	76517778	G	A	3.3599837676882063e-06	5.473662820711486
12:69755755:A:G	4.16269e-06	0.00807587	-7.57048	-4.64456	12	69755755	A	G	3.4080199652011205e-06	5.467497869670807
12:69755796:A:G	4.16269e-06	0.00807587	-7.57048	-4.64456	12	69755796	A	G	3.4080199652011205e-06	5.467497869670807
12:69755799:G:A	4.16269e-06	0.00807587	-7.57048	-4.64456	12	69755799	G	A	3.4080199652011205e-06	5.467497869670807
12:29410607:G:A	1.35087e-05	0.00339513	-5.52677	-4.64392	12	29410607	G	A	3.418599800561789e-06	5.466151737045029
12:1262948:A:G	0.00245836	5.30489e-05	3.83603	4.64371	12	1262948	A	G	3.4220781664728854e-06	5.465710074607855
12:29410520:G:C	1.35867e-05	0.00341211	-5.52599	-4.64319	12	29410520	G	C	3.430705875626148e-06	5.464616513674522
12:89527498:C:T	0.000103269	0.0259043	-5.52483	-4.64301	12	89527498	C	T	3.43369724719224e-06	5.46423799970223
12:89527500:G:A	0.000103269	0.0259043	-5.52483	-4.64301	12	89527500	G	A	3.43369724719224e-06	5.46423799970223
12:76600469:A:G	2.82001e-06	0.00545485	-7.56752	-4.64219	12	76600469	A	G	3.44735628567546e-06	5.462513829760981
12:31099952:C:T	0.00415871	2.15198e-05	5.26399	4.64219	12	31099952	C	T	3.44735628567546e-06	5.462513829760981
12:63339331:G:A	5.45355e-06	0.00136561	-5.52309	-4.64125	12	63339331	G	A	3.463078305696644e-06	5.460537688252021
12:73411922:G:A	4.88638e-06	0.00245093	-6.21777	-4.64122	12	73411922	G	A	3.463581202720471e-06	5.460474625991625
12:12429950:A:C	6.75736e-06	0.00333632	-6.20199	-4.6403	12	12429950	A	C	3.479037424583202e-06	5.458540899449435
12:61288070:CTT:C	0.00103827	9.01091e-07	7.04946	4.64026	12	61288070	CTT	C	3.479710932278494e-06	5.458456832412808
12:83287742:A:T	3.46754e-06	0.0039248	-7.03162	-4.6398	12	83287742	A	T	3.4874652622734663e-06	5.457490109590198
12:91819625:A:ACACC	6.59206e-05	0.0325193	-6.20114	-4.63949	12	91819625	A	ACACC	3.4927003491682376e-06	5.456838672388408
12:44122048:C:CT	0.000942059	2.53463e-05	3.61544	4.63914	12	44122048	C	CT	3.4986199874795215e-06	5.456103227080789
12:83312113:T:G	1.03346e-05	0.011681	-7.03022	-4.63859	12	83312113	T	G	3.5079417173423855e-06	5.4549476308267675
12:70209542:T:C	1.47882e-06	0.00284679	-7.56271	-4.63834	12	70209542	T	C	3.5121867355948474e-06	5.45442240162628
12:83306787:C:G	8.10249e-06	0.00388071	-6.1716	-4.63741	12	83306787	C	G	3.5280214872059316e-06	5.452468778487341
12:46431294:T:TG	0.00419892	2.40182e-05	5.16377	4.63645	12	46431294	T	TG	3.5444388270787756e-06	5.450452514668527
12:69265598:CTT:C	0.0105841	1.01875e-05	6.94595	4.63624	12	69265598	CTT	C	3.548039871841415e-06	5.450011508337658
12:83306921:G:GA	8.14641e-06	0.00388071	-6.1662	-4.63231	12	83306921	G	GA	3.6160814812251312e-06	5.441761792121518
12:63338107:A:T	5.5159e-06	0.00136882	-5.51407	-4.6321	12	63338107	A	T	3.6197522822957894e-06	5.441321149387587
12:63338142:A:G	5.5159e-06	0.00136882	-5.51407	-4.6321	12	63338142	A	G	3.6197522822957894e-06	5.441321149387587
12:60427229:C:A	5.77728e-06	0.0014334	-5.51387	-4.6319	12	60427229	C	A	3.6232516046160973e-06	5.440901506787339
12:16231801:A:C	0.000196677	0.0935748	-6.16495	-4.63114	12	16231801	A	C	3.6365786318565986e-06	5.4393070174663345
12:60432597:A:AAAAC	0.00129971	1.16549e-05	4.71417	4.62985	12	60432597	A	AAAAC	3.6593071596975694e-06	5.436601134606613
12:68728286:CA:C	0.0010318	5.35711e-06	5.26063	4.62906	12	68728286	CA	C	3.673293352360489e-06	5.434944387139572
12:51237997:C:G	0.000302609	3.40481e-06	4.48725	4.62771	12	51237997	C	G	3.697312503936141e-06	5.4321138404738845
12:60432686:G:GA	0.00129986	1.16868e-05	4.71155	4.62745	12	60432686	G	GA	3.7019556737691393e-06	5.431568785678392
12:83302533:C:T	0.00129256	9.50743e-06	4.91231	4.62733	12	83302533	C	T	3.7041005601363373e-06	5.431317231461085
12:14434793:C:T	0.000224628	2.0211e-06	4.71081	4.62676	12	14434793	C	T	3.7143050504214206e-06	5.430122431163198
12:40740648:T:C	2.29588e-05	0.00681036	-5.6925	-4.62654	12	40740648	T	C	3.7182508294318346e-06	5.429661316510387
12:107014133:AC:A	0.0035875	1.03787e-05	5.84546	4.62584	12	107014133	AC	A	3.7308323324365014e-06	5.428194268175423
12:46099439:C:T	2.13741e-05	0.00871157	-6.01023	-4.62543	12	46099439	C	T	3.7382204402278236e-06	5.4273350921621795
12:25212834:C:T	0.000525433	1.15516e-05	3.8174	4.62482	12	25212834	C	T	3.7492384652144663e-06	5.42605693598998
12:25212827:G:A	0.000525433	1.15516e-05	3.8174	4.62482	12	25212827	G	A	3.7492384652144663e-06	5.42605693598998
12:61314650:C:A	7.37825e-05	0.02985	-6.00282	-4.62478	12	61314650	C	A	3.749962045234157e-06	5.425973127906624
12:72543229:T:C	5.46996e-05	1.19454e-06	3.82409	4.62402	12	72543229	T	C	3.7637355275218836e-06	5.424380901443839
12:46431392:C:T	0.0041561	2.40806e-05	5.15093	4.62394	12	46431392	C	T	3.765188185615501e-06	5.424213312708446
12:105509270:G:C	7.50869e-06	0.00832962	-7.01151	-4.62257	12	105509270	G	C	3.790148525011791e-06	5.421343770947713
12:29412095:T:C	0.00281068	1.42279e-05	5.28598	4.62235	12	29412095	T	C	3.7941715064858947e-06	5.42088304175601
12:83312359:T:C	1.05399e-05	0.011681	-7.01055	-4.62175	12	83312359	T	C	3.80516408962998e-06	5.419626610461272
12:89179400:C:G	1.10547e-05	0.00281785	-5.54088	-4.62013	12	89179400	C	G	3.834996766689706e-06	5.4162349978713005
12:38746306:CA:C	0.000774898	2.89399e-06	5.5901	4.61994	12	38746306	CA	C	3.838510314603055e-06	5.415837288046799
12:89526407:C:T	9.47771e-05	0.0232347	-5.50187	-4.61974	12	89526407	C	T	3.842212119512188e-06	5.415418662433547
12:89184993:C:A	1.14773e-05	0.00464793	-6.00381	-4.61937	12	89184993	C	A	3.849069481713196e-06	5.414644249141243
12:69758846:T:G	5.85865e-06	0.00282805	-6.17942	-4.61897	12	69758846	T	G	3.85649604246286e-06	5.413807109974329
12:616849:G:C	9.76608e-06	0.0107794	-7.00647	-4.61826	12	616849	G	C	3.869712027231812e-06	5.412321352716885
12:51237480:AT:A	0.014019	1.38129e-05	6.92257	4.61683	12	51237480	AT	A	3.89646202707751e-06	5.409329551815677
12:51237482:AAATAAATAA:A	0.014019	1.38129e-05	6.92257	4.61683	12	51237482	AAATAAATAA	A	3.89646202707751e-06	5.409329551815677
12:89179352:G:T	1.10944e-05	0.00281785	-5.53729	-4.61663	12	89179352	G	T	3.900217384176501e-06	5.408911186276769
12:63332602:T:A	6.00934e-06	0.00146799	-5.49834	-4.61616	12	63332602	T	A	3.909056133699562e-06	5.407928093092713
12:61391687:T:A	0.0218897	6.40079e-05	5.83477	4.61556	12	61391687	T	A	3.920367545572193e-06	5.406673214731823
12:93506946:G:T	1.01601e-05	0.0111727	-7.00276	-4.61508	12	93506946	G	T	3.929439256424458e-06	5.405669420417422
12:93506948:T:A	1.01601e-05	0.0111727	-7.00276	-4.61508	12	93506948	T	A	3.929439256424458e-06	5.405669420417422
12:39709324:AATT:A	1.57675e-06	0.000410682	-5.56245	-4.61388	12	39709324	AATT	A	3.952206644045699e-06	5.403160356082752
12:78131181:C:T	1.74035e-05	0.00812942	-6.14657	-4.6138	12	78131181	C	T	3.953728956900862e-06	5.402993106533991
12:91592709:A:T	6.03655e-06	0.0112595	-7.53113	-4.61309	12	91592709	A	T	3.9672641330646425e-06	5.401508884044696
12:60425720:G:GAC	2.97917e-06	0.000708842	-5.47199	-4.61219	12	60425720	G	GAC	3.984485235011005e-06	5.399627778166155
12:42278897:A:G	1.79231e-06	0.000436106	-5.49438	-4.61214	12	42278897	A	G	3.985444060627298e-06	5.399523282213725
12:61391816:AT:A	5.81798e-05	0.0202326	-5.85151	-4.61212	12	61391816	AT	A	3.985827652789572e-06	5.399481484125416
12:50782890:A:C	1.65909e-05	0.00806919	-6.18695	-4.61168	12	50782890	A	C	3.994275638299526e-06	5.398561968493368
12:1773518:C:CT	4.80324e-06	0.0017078	-5.87367	-4.61108	12	1773518	C	CT	4.0058232788334895e-06	5.39730821398412
12:63333369:A:G	6.00934e-06	0.00146009	-5.49294	-4.61068	12	63333369	A	G	4.013539474253466e-06	5.396472461261731
12:51238671:G:T	0.000294412	3.3765e-06	4.46814	4.60955	12	51238671	G	T	4.0354147657778494e-06	5.394111821231564
12:40745022:C:T	0.0346745	3.12737e-05	7.01098	4.60832	12	40745022	C	T	4.059355796021612e-06	5.391542881799999
12:41816123:T:C	1.59578e-05	0.00386059	-5.48863	-4.60772	12	41816123	T	C	4.07108368554107e-06	5.390289970134687
12:89526844:C:CT	9.6011e-05	0.0232347	-5.48894	-4.60663	12	89526844	C	CT	4.092472480022399e-06	5.3880142323349824
12:43939004:T:TA	0.0021442	5.99546e-05	3.57694	4.60275	12	43939004	T	TA	4.169486080330723e-06	5.379917471700343
12:7011104:G:A	3.03662e-05	0.0139989	-6.1334	-4.60137	12	7011104	G	A	4.197210848846016e-06	5.377039213254496
12:83427772:T:A	1.10923e-05	0.0120004	-6.98644	-4.6011	12	83427772	T	A	4.2026558838444645e-06	5.376476168849132
12:69265898:G:A	1.14624e-05	0.0123915	-6.9857	-4.60046	12	69265898	G	A	4.2155896851752635e-06	5.37514166680314
12:29413882:CTT:C	9.24676e-06	0.00265701	-5.66068	-4.59795	12	29413882	CTT	C	4.266683524695477e-06	5.369909569134038
12:29413726:T:C	9.24676e-06	0.00265701	-5.66068	-4.59795	12	29413726	T	C	4.266683524695477e-06	5.369909569134038
12:61279935:A:G	4.7786e-06	0.00188017	-5.97497	-4.59786	12	61279935	A	G	4.268526550000531e-06	5.3697220129461
12:74423549:C:A	1.98823e-05	0.00475671	-5.47748	-4.59714	12	74423549	C	A	4.283298239072657e-06	5.3682216853339515
12:89528334:A:G	0.00011195	0.0268226	-5.47895	-4.5965	12	89528334	A	G	4.296469738882574e-06	5.366888242706043
12:63330670:G:A	6.14129e-06	0.00146799	-5.47662	-4.59414	12	63330670	G	A	4.345375858863234e-06	5.361972652731878
12:39709570:A:C	1.69699e-06	0.000433046	-5.54199	-4.59392	12	39709570	A	C	4.349961985018278e-06	5.361514538394543
12:87642328:CT:C	0.000613554	2.64964e-06	5.44484	4.59379	12	87642328	CT	C	4.352674148123822e-06	5.361243843977156
12:63339477:T:C	6.04459e-06	0.00118351	-5.27708	-4.59231	12	63339477	T	C	4.3836655242389666e-06	5.358162590134761
12:81634320:A:AT	1.40648e-05	0.00549777	-5.96842	-4.59154	12	81634320	A	AT	4.399872914620053e-06	5.356559867440249
12:79948873:G:A	3.56543e-06	0.000655361	-5.2139	-4.59152	12	79948873	G	A	4.400294649811547e-06	5.356518241581357
12:69266923:T:C	1.20016e-05	0.0128034	-6.97243	-4.5891	12	69266923	T	C	4.451611476041201e-06	5.351482746667626
12:63338819:C:T	6.12536e-06	0.00119434	-5.27291	-4.58825	12	63338819	C	T	4.469771664517615e-06	5.349714661962665
12:64481072:C:T	1.56985e-05	0.00742923	-6.15962	-4.58549	12	64481072	C	T	4.529229537642684e-06	5.3439756690707325
12:83305060:A:T	7.2392e-06	0.00327245	-6.11378	-4.58286	12	83305060	A	T	4.586591339245633e-06	5.338509953353294
12:72516534:G:C	1.29416e-05	0.00183597	-4.95488	-4.5798	12	72516534	G	C	4.654207676916098e-06	5.332154241821445
12:46430283:G:A	2.14076e-05	0.00831018	-5.96149	-4.5794	12	46430283	G	A	4.663116663774061e-06	5.331323719051296
12:7740847:AT:A	0.0153425	5.98945e-05	5.5458	4.57897	12	7740847	AT	A	4.6727120430459625e-06	5.33043098164837
12:81105117:A:G	2.11547e-05	0.00497783	-5.46089	-4.57819	12	81105117	A	G	4.6901659050753e-06	5.3288117947296145
12:78133822:T:G	1.40117e-05	0.00342079	-5.49773	-4.57809	12	78133822	T	G	4.692408090868985e-06	5.3286042250506425
12:83288763:G:A	3.55434e-06	0.00254962	-6.57553	-4.57801	12	83288763	G	A	4.694202578726524e-06	5.328438172316317
12:78133503:A:G	1.38049e-05	0.00336786	-5.49701	-4.57739	12	78133503	A	G	4.708132164889119e-06	5.327151354308551
12:83434101:TA:T	0.00578171	5.42004e-06	6.97235	4.57626	12	83434101	TA	T	4.733621862595405e-06	5.324806437904059
12:74949113:A:G	9.48872e-06	0.00366584	-5.95671	-4.57489	12	74949113	A	G	4.764702598840121e-06	5.321964201786091
12:74948270:A:C	9.48872e-06	0.00366584	-5.95671	-4.57489	12	74948270	A	C	4.764702598840121e-06	5.321964201786091
12:16252492:T:C	0.000298817	0.0524955	-5.16865	-4.57486	12	16252492	T	C	4.7653853810629536e-06	5.321901971814479
12:99341552:A:T	2.0409e-05	0.00230234	-4.72571	-4.57412	12	99341552	A	T	4.782257039306405e-06	5.320367084901056
12:81105515:G:A	2.12659e-05	0.00497579	-5.45523	-4.57246	12	81105515	G	A	4.820312644404304e-06	5.316924792604269
12:74830079:C:CA	0.000373243	2.00538e-06	5.22639	4.57134	12	74830079	C	CA	4.846152397554354e-06	5.314602932671432
12:78134594:G:A	1.4073e-05	0.00340413	-5.48848	-4.56908	12	78134594	G	A	4.8986978485751566e-06	5.309919346978315
12:70304879:A:G	6.31588e-07	0.000147176	-5.45115	-4.56832	12	70304879	A	G	4.9164902769196255e-06	5.308344815382018
12:18188271:G:A	0.010365	5.81256e-05	5.18358	4.56766	12	18188271	G	A	4.931991792552103e-06	5.30697765479575
12:20279369:G:A	7.34694e-06	0.00340964	-6.14008	-4.56677	12	20279369	G	A	4.95296948516071e-06	5.3051343476620305
12:83306019:A:T	8.04818e-06	0.00357458	-6.09616	-4.56623	12	83306019	A	T	4.96573914691425e-06	5.304016097917015
12:86858086:T:A	5.4004e-06	0.00124905	-5.44367	-4.56504	12	86858086	T	A	4.993991089145259e-06	5.301552236902271
12:46432553:A:G	1.93352e-05	0.00438802	-5.42471	-4.56474	12	46432553	A	G	5.0011376848587595e-06	5.300931188853395
12:76599353:C:G	5.32473e-06	0.00180296	-5.82482	-4.56431	12	76599353	C	G	5.011398220550215e-06	5.300041085560059
12:27224008:C:A	7.26438e-06	0.00164595	-5.42309	-4.56312	12	27224008	C	A	5.039898855949428e-06	5.297578179178246
12:17964277:T:C	0.00336808	5.44854e-06	6.42675	4.56231	12	17964277	T	C	5.059387162666614e-06	5.295902085529938
12:58056751:A:G	0.000624283	5.61965e-06	4.71033	4.56221	12	58056751	A	G	5.0617981249771515e-06	5.295695179398375
12:61307024:CTTT:C	0.00879492	5.36316e-05	5.09979	4.55853	12	61307024	CTTT	C	5.1512907177723045e-06	5.288083939624077
12:90453382:A:G	0.000645936	3.8355e-06	5.1264	4.55806	12	90453382	A	G	5.162828997153747e-06	5.287112259384777
12:47044290:A:G	4.6673e-05	0.00948761	-5.31458	-4.55797	12	47044290	A	G	5.165041276214196e-06	5.2869262034840645
12:39701545:G:A	3.13065e-06	0.000769824	-5.50492	-4.55778	12	39701545	G	A	5.169714624397032e-06	5.286533429917726
12:60008173:C:CA	2.87902e-06	0.000509921	-5.17681	-4.55627	12	60008173	C	CA	5.206999669427475e-06	5.283412449896005
12:69270072:G:C	1.2514e-05	0.0128417	-6.93361	-4.55585	12	69270072	G	C	5.217416027072873e-06	5.282544532060756
12:3809354:TAA:T	0.0362571	0.000113206	5.76918	4.55524	12	3809354	TAA	T	5.232580085736305e-06	5.281284115970224
12:38747785:C:T	2.35758e-06	0.000772278	-5.79171	-4.55442	12	38747785	C	T	5.253031062715191e-06	5.2795900310785
12:45366117:GTTTT:G	0.00485882	1.52291e-05	5.76534	4.55413	12	45366117	GTTTT	G	5.26028202747756e-06	5.278990970733379
12:3809134:G:T	0.0362571	0.00011357	5.76597	4.55226	12	3809134	G	T	5.307268895417918e-06	5.275128908067278
12:12425343:G:A	1.09042e-05	0.00498257	-6.12455	-4.55189	12	12425343	G	A	5.3166132618554065e-06	5.274364929746147
12:86861657:A:G	5.84378e-06	0.00596415	-6.92814	-4.55117	12	86861657	A	G	5.334842064276405e-06	5.272878433152077
12:83308641:A:T	1.01135e-05	0.00441809	-6.07959	-4.55059	12	83308641	A	T	5.349569879809692e-06	5.271681135050655
12:83305650:G:A	7.5022e-06	0.00327245	-6.0781	-4.54919	12	83305650	G	A	5.385280336302073e-06	5.26879168413199
12:72702288:G:A	4.05099e-05	0.00691252	-5.13954	-4.54794	12	72702288	G	A	5.417357432420008e-06	5.266212509104222
12:20277003:G:C	1.66533e-06	0.000745559	-6.10411	-4.54778	12	20277003	G	C	5.421476482084341e-06	5.265882421819901
12:46427255:T:C	2.43584e-05	0.00909474	-5.92257	-4.54722	12	46427255	T	C	5.4359167811218115e-06	5.264727200537084
12:83305348:G:C	5.78918e-06	0.00401053	-6.54069	-4.54668	12	83305348	G	C	5.44987622351972e-06	5.263613361219286
12:81106437:A:G	2.19495e-05	0.00499946	-5.42834	-4.5452	12	81106437	A	G	5.4883115826313245e-06	5.260561240818759
12:85475476:TTTA:T	0.000225662	2.21907e-06	4.62195	4.54512	12	85475476	TTTA	T	5.490396545097922e-06	5.260396287402643
12:73578750:T:C	1.41628e-06	0.00143356	-6.91988	-4.5441	12	73578750	T	C	5.517046372084859e-06	5.258293365678669
12:44103435:C:A	2.55703e-05	0.00254474	-4.60035	-4.54355	12	44103435	C	A	5.531467720490306e-06	5.25715961764006
12:46430446:G:A	0.00409218	2.57512e-05	5.06835	4.54349	12	46430446	G	A	5.533043139848969e-06	5.257035943679699
12:38747670:G:C	2.36339e-06	0.000764893	-5.77964	-4.54277	12	38747670	G	C	5.551981707591469e-06	5.255551973443903
12:70951248:A:G	0.0006182	3.56894e-06	5.15454	4.54075	12	70951248	A	G	5.605446754145463e-06	5.251389768416354
12:69269267:C:T	1.24124e-05	0.0124966	-6.91451	-4.5395	12	69269267	C	T	5.638778041820622e-06	5.248815000128739
12:99067878:A:ATG	2.50201e-05	0.00259525	-4.64176	-4.53889	12	99067878	A	ATG	5.655112511242094e-06	5.24755875015046
12:86864764:G:A	0.00610171	6.6117e-06	6.82748	4.53787	12	86864764	G	A	5.6825271236264914e-06	5.245458482639823
12:86864705:A:G	0.00610171	6.6117e-06	6.82748	4.53787	12	86864705	A	G	5.6825271236264914e-06	5.245458482639823
12:83304427:A:C	7.93534e-06	0.00261348	-5.79711	-4.53778	12	83304427	A	C	5.6849521580946586e-06	5.24527318578063
12:55780937:G:T	6.4404e-06	0.0064545	-6.90994	-4.53559	12	55780937	G	T	5.744267575824287e-06	5.240765338264816
12:40741110:C:T	0.0140195	2.71081e-05	6.24837	4.53481	12	40741110	C	T	5.765536325033157e-06	5.239160287299287
12:63336371:A:G	6.53889e-06	0.00120515	-5.21659	-4.53344	12	63336371	A	G	5.803075562443142e-06	5.236341774405581
12:63336421:T:C	6.53889e-06	0.00120515	-5.21659	-4.53344	12	63336421	T	C	5.803075562443142e-06	5.236341774405581
12:3808297:T:A	0.0357693	0.000115038	5.73959	4.52784	12	3808297	T	A	5.958967321305574e-06	5.224828996219043
12:61437787:A:G	1.25879e-05	0.00400991	-5.76379	-4.52747	12	61437787	A	G	5.969407243645174e-06	5.22406879175085
12:83434148:C:T	0.00546613	5.44233e-06	6.91212	4.52627	12	83434148	C	T	6.003387033546556e-06	5.221603657124676
12:83291747:T:TAC	4.41761e-06	0.00161239	-5.89988	-4.52528	12	83291747	T	TAC	6.031559636797024e-06	5.219570373751409
12:83300753:C:T	4.97595e-06	0.00211611	-6.05272	-4.52524	12	83300753	C	T	6.03270057892364e-06	5.2194882294901985
12:100606292:G:A	5.71789e-05	0.0132133	-5.44279	-4.52456	12	100606292	G	A	6.052128224759028e-06	5.218091879274864
12:28895277:T:C	9.383e-05	0.0398703	-6.0519	-4.52447	12	28895277	T	C	6.054704013026666e-06	5.217907082686278
12:61316825:G:A	0.0189035	6.1058e-05	5.73528	4.52385	12	61316825	G	A	6.0724768603858856e-06	5.216634131430345
12:70210201:C:CTT	2.44504e-06	0.00241696	-6.8962	-4.52382	12	70210201	C	CTT	6.073338101955838e-06	5.216572541086148
12:81101115:A:G	2.60023e-05	0.00578643	-5.40508	-4.52162	12	81101115	A	G	6.1368154037478855e-06	5.212056940157393
12:81101405:G:C	2.60023e-05	0.00578643	-5.40508	-4.52162	12	81101405	G	C	6.1368154037478855e-06	5.212056940157393
12:18440834:A:G	1.0752e-05	0.00467591	-6.07509	-4.52035	12	18440834	A	G	6.173747638014558e-06	5.209451126985073
12:55775241:T:TA	5.00479e-06	0.00108546	-5.37936	-4.51924	12	55775241	T	TA	6.206201089381952e-06	5.207174156790187
12:47669604:A:G	2.56897e-06	0.0042558	-7.41253	-4.51822	12	47669604	A	G	6.236167055291272e-06	5.205082259387717
12:47669269:G:A	2.56897e-06	0.0042558	-7.41253	-4.51822	12	47669269	G	A	6.236167055291272e-06	5.205082259387717
12:14434083:T:A	0.00021769	2.05436e-06	4.66311	4.5179	12	14434083	T	A	6.245596638744506e-06	5.204426067371931
12:20983160:G:T	1.40142e-06	0.0013755	-6.88909	-4.51772	12	20983160	G	T	6.250906773461618e-06	5.204056978152565
12:618454:G:A	1.0677e-05	0.00343598	-5.77397	-4.51562	12	618454	G	A	6.313178417505816e-06	5.199751936849848
12:38747168:A:T	0.000621917	2.9209e-06	5.36091	4.51476	12	38747168	A	T	6.338851075774323e-06	5.1979894513719245
12:115082609:C:CTT	2.78377e-05	0.0186014	-6.5046	-4.51422	12	115082609	C	CTT	6.355022137332978e-06	5.196882932268933
12:81633692:G:A	1.35396e-05	0.00568862	-6.0406	-4.51381	12	81633692	G	A	6.3673265199794955e-06	5.19604287870702
12:90300845:T:C	4.28806e-05	0.0134592	-5.749	-4.5132	12	90300845	T	C	6.385675233998461e-06	5.194793172810192
12:113598222:A:G	5.58402e-05	0.0120325	-5.37287	-4.51272	12	113598222	A	G	6.400149122533421e-06	5.193809906900659
12:113598178:C:G	5.58402e-05	0.0120325	-5.37287	-4.51272	12	113598178	C	G	6.400149122533421e-06	5.193809906900659
12:60434956:G:A	9.6785e-06	0.00348313	-5.88578	-4.51166	12	60434956	G	A	6.432223571209187e-06	5.191638868790853
12:74075789:A:ATC	0.000232141	2.20718e-06	4.65563	4.51161	12	74075789	A	ATC	6.433740308861859e-06	5.191536472918729
12:83709836:G:A	5.03343e-06	0.000819284	-5.09233	-4.5084	12	83709836	G	A	6.531834278772418e-06	5.184964842417867
12:60431706:C:T	7.37673e-06	0.00265583	-5.88618	-4.50827	12	60431706	C	T	6.535836926821223e-06	5.184698792256731
12:74077721:T:G	2.55693e-07	0.000247649	-6.87579	-4.50634	12	74077721	T	G	6.595537583776493e-06	5.180749800549352
12:29414021:CTT:C	0.0128886	1.31508e-05	6.88761	4.50593	12	29414021	CTT	C	6.608287120074263e-06	5.179911095839769
12:20032029:CA:C	0.000685119	1.78418e-05	3.64805	4.50565	12	20032029	CA	C	6.617007665898708e-06	5.179338362219699
12:44431035:C:T	2.87629e-05	8.478e-07	3.5242	4.50452	12	44431035	C	T	6.652313295713025e-06	5.1770273055446205
12:38376609:C:A	5.56783e-06	0.00177029	-5.7619	-4.50406	12	38376609	C	A	6.666737049034901e-06	5.176086674078761
12:43942572:G:T	3.76858e-05	0.00329425	-4.47065	-4.50289	12	43942572	G	T	6.703558497572065e-06	5.173694596463433
12:72540794:A:G	4.83998e-05	1.1884e-06	3.70689	4.50266	12	72540794	A	G	6.710819747115386e-06	5.173224426194059
12:7739461:TC:T	0.0323018	0.000104249	5.7361	4.50263	12	7739461	TC	T	6.711767421142337e-06	5.173163101265255
12:17414142:TACACACACA:T	0.00439038	6.64532e-06	6.49326	4.50227	12	17414142	TACACACACA	T	6.723149499683247e-06	5.172427231424795
12:56306525:C:CTT	1.02225e-05	0.00673688	-6.49076	-4.50178	12	56306525	C	CTT	6.738671446713891e-06	5.171425717742797
12:100924844:C:G	6.64601e-06	0.00107309	-5.08428	-4.50018	12	100924844	C	G	6.789594432493036e-06	5.168156166955261
12:92423933:CA:C	0.0362733	0.000238669	5.02376	4.50004	12	92423933	CA	C	6.794067665247926e-06	5.167870132105754
12:118675964:G:T	5.60823e-06	0.00242616	-6.06983	-4.49945	12	118675964	G	T	6.812950139618542e-06	5.1666647894207625
12:81102667:C:CAA	2.61222e-05	0.00568618	-5.38301	-4.49924	12	81102667	C	CAA	6.819683125939407e-06	5.166235804207608
12:58056618:G:C	0.00058709	5.66062e-06	4.64165	4.49868	12	58056618	G	C	6.83766888750393e-06	5.165091933637644
12:61439477:T:G	1.53861e-05	0.0047553	-5.73355	-4.4983	12	61439477	T	G	6.8498993425301035e-06	5.164315810303914
12:81102007:A:G	2.59558e-05	0.00563533	-5.38042	-4.49661	12	81102007	A	G	6.9045466138812795e-06	5.160864834037442
12:81101897:A:G	2.59558e-05	0.00563533	-5.38042	-4.49661	12	81101897	A	G	6.9045466138812795e-06	5.160864834037442
12:81102245:G:A	2.59646e-05	0.00563533	-5.38008	-4.49627	12	81102245	G	A	6.915591011534822e-06	5.160170698840243
12:40740911:C:T	2.54579e-05	0.0410065	-7.38446	-4.49577	12	40740911	C	T	6.931863474730414e-06	5.1591499994427
12:3810648:AGAAGGAAGG:A	0.0339022	0.000113028	5.7036	4.49453	12	3810648	AGAAGGAAGG	A	6.9723773718567e-06	5.1566191152396526
12:58539250:T:G	4.69812e-05	0.00835681	-5.18109	-4.49387	12	58539250	T	G	6.994033474451957e-06	5.155272293425833
12:83426006:ATTT:A	0.014143	1.6209e-05	6.77141	4.49131	12	83426006	ATTT	A	7.0786432024443316e-06	5.15004997764357
12:61317080:A:C	4.95085e-05	0.0203053	-6.01649	-4.49106	12	61317080	A	C	7.086958139494748e-06	5.149540132476261
12:105027882:G:A	0.000196859	0.0314882	-5.07488	-4.49059	12	105027882	G	A	7.102615516924138e-06	5.148581694183028
12:113598993:C:G	5.18414e-05	0.0218275	-6.04274	-4.48977	12	113598993	C	G	7.130011888687848e-06	5.146909745998453
12:83311791:C:CTT	1.11049e-05	0.00390268	-5.86203	-4.48871	12	83311791	C	CTT	7.165576501499134e-06	5.144748862998963
12:55769452:C:G	5.04447e-08	8.38981e-06	-5.1139	-4.48809	12	55769452	C	G	7.186457016573616e-06	5.1434851676678495
12:90299431:T:A	4.40924e-05	0.0134592	-5.72113	-4.48631	12	90299431	T	A	7.2467281441310725e-06	5.139858030625739
12:46436193:T:TGTG	0.0021883	2.37679e-05	4.52254	4.4862	12	46436193	T	TGTG	7.250468580718617e-06	5.139633925091855
12:50783866:G:A	1.80474e-05	0.00769608	-6.05547	-4.48569	12	50783866	G	A	7.2678347425037815e-06	5.138594956327495
12:28759897:C:T	2.5564e-06	0.000796207	-5.74126	-4.4843	12	28759897	C	T	7.315368227800876e-06	5.135763808256774
12:25218970:C:T	7.5074e-06	0.000733095	-4.58139	-4.48294	12	25218970	C	T	7.3621634554802004e-06	5.132994544533329
12:40741973:T:C	2.59047e-05	0.0410065	-7.36706	-4.48185	12	40741973	T	C	7.39987496645231e-06	5.130775618355317
12:25219261:T:C	7.5165e-06	0.000733095	-4.58017	-4.48181	12	25219261	T	C	7.401262382844937e-06	5.130694199303393
12:19498305:G:C	3.55656e-06	0.0010802	-5.71611	-4.48146	12	19498305	G	C	7.413412891598379e-06	5.129981811081661
12:83310954:C:T	1.07766e-05	0.00375619	-5.85378	-4.48073	12	83310954	C	T	7.438816791066988e-06	5.1284961373002815
12:86864389:T:A	6.5064e-06	0.00610171	-6.84354	-4.47871	12	86864389	T	A	7.509547109942676e-06	5.1243862538858
12:81102668:C:CA	1.69521e-05	0.0108828	-6.46455	-4.47821	12	81102668	C	CA	7.527153646659714e-06	5.1233692189178415
12:25220466:C:T	7.71074e-06	0.000748903	-4.576	-4.47794	12	25220466	C	T	7.5366775815326415e-06	5.122820063414201
12:17752810:A:G	1.67473e-06	0.00029278	-5.16377	-4.47632	12	17752810	A	G	7.594063612952184e-06	5.119525769240151
12:73578746:T:C	1.26475e-06	0.000524354	-6.02729	-4.47517	12	73578746	T	C	7.635053916665626e-06	5.117187891727706
12:121317758:A:G	0.00173819	4.91907e-05	3.56489	4.47455	12	121317758	A	G	7.657240720700126e-06	5.115927699774488
12:28896069:A:G	9.47088e-05	0.0381575	-5.99867	-4.47425	12	28896069	A	G	7.667998388589324e-06	5.115317987059864
12:28896108:A:G	9.47088e-05	0.0381575	-5.99867	-4.47425	12	28896108	A	G	7.667998388589324e-06	5.115317987059864
12:81701860:CTT:C	0.0305189	3.23516e-05	6.84944	4.47425	12	81701860	CTT	C	7.667998388589324e-06	5.115317987059864
12:56331712:T:TG	0.00707735	0.000220615	3.46824	4.47375	12	56331712	T	TG	7.685959954050692e-06	5.11430188265857
12:20279121:G:A	6.56018e-06	0.00611125	-6.83687	-4.473	12	20279121	G	A	7.712977746622974e-06	5.112777921656119
12:42203740:A:C	9.81675e-07	0.00091323	-6.83548	-4.47181	12	42203740	A	C	7.756032403196256e-06	5.110360385191587
12:61435159:A:G	7.33443e-06	0.00104489	-4.95909	-4.4704	12	61435159	A	G	7.807344191760202e-06	5.107496674063371
12:72699314:T:G	4.78288e-05	0.00748692	-5.05328	-4.46816	12	72699314	T	G	7.88952872949152e-06	5.102948938019229
12:19516517:T:C	1.71657e-05	0.00706388	-6.01984	-4.46812	12	19516517	T	C	7.891003800089867e-06	5.102867747473606
12:81633201:T:C	1.52299e-05	0.00523805	-5.84045	-4.46785	12	81633201	T	C	7.900967425105986e-06	5.102319728752357
12:61029373:CCTTCTCCTT:C	0.00712844	3.13921e-05	5.42529	4.46754	12	61029373	CCTTCTCCTT	C	7.912421974673562e-06	5.101690559582588
12:50783868:GAA:G	0.00908134	1.89758e-05	6.17082	4.46616	12	50783868	GAA	G	7.963606116142795e-06	5.09889022853112
12:1726668:C:CT	6.59492e-06	0.00137442	-5.33949	-4.46615	12	1726668	C	CT	7.963978168301647e-06	5.098869939176914
12:100854508:G:A	1.87917e-05	0.00646581	-5.84087	-4.46547	12	100854508	G	A	7.989316735024136e-06	5.097490360973518
12:44891529:A:G	2.00014e-06	0.000686135	-5.83786	-4.46534	12	44891529	A	G	7.994169639967884e-06	5.097226640048861
12:69758991:AT:A	6.88238e-06	0.000975583	-4.95407	-4.4652	12	69758991	AT	A	7.999398996716835e-06	5.096942640784845
12:58538659:T:C	4.58717e-05	0.00793177	-5.15278	-4.46519	12	58538659	T	C	7.999772647304983e-06	5.096922355436049
12:86864734:A:G	6.6117e-06	0.00610171	-6.82748	-4.46496	12	86864734	A	G	8.008371217208906e-06	5.096455803929231
12:11161686:C:A	0.00102189	6.33809e-06	5.08283	4.46465	12	11161686	C	A	8.019974574241655e-06	5.095827008559234
12:28903760:G:C	0.0001025	0.035194	-5.83877	-4.46349	12	28903760	G	C	8.063536338071768e-06	5.093474452575902
12:17317239:A:G	1.69219e-05	0.00240676	-4.95742	-4.46008	12	17317239	A	G	8.19290652544175e-06	5.086562000067545
12:26908837:A:G	8.59822e-05	0.0356405	-6.0271	-4.45851	12	26908837	A	G	8.253134733548234e-06	5.0833810649162325
12:69260407:A:G	1.19366e-05	0.00293675	-5.50545	-4.45841	12	69260407	A	G	8.256985227096333e-06	5.083178492417081
12:72518368:A:C	1.30843e-05	0.00138692	-4.66343	-4.45607	12	72518368	A	C	8.347578524515162e-06	5.078439486906329
12:38375115:T:A	6.1809e-06	0.0018686	-5.71148	-4.45579	12	38375115	T	A	8.358482173567453e-06	5.077872579437955
12:60768570:C:CTATTTTATT	1.16258e-06	0.000480042	-6.02323	-4.4548	12	60768570	C	CTATTTTATT	8.397143619360446e-06	5.075868418856293
12:62571025:T:C	0.000647697	7.03225e-06	4.52292	4.45412	12	62571025	T	C	8.423797910119242e-06	5.07449206057528
12:81636264:A:AT	1.03052e-05	0.00349225	-5.82566	-4.4511	12	81636264	A	AT	8.543154466427687e-06	5.0683817412068946
12:97717532:G:T	5.08403e-05	0.00804571	-5.0642	-4.44926	12	97717532	G	T	8.616665566291398e-06	5.064660762750467
12:58059879:T:C	6.22925e-06	0.00127442	-5.32099	-4.4486	12	58059879	T	C	8.643180683472356e-06	5.063326408090424
12:81103628:A:G	1.729e-05	0.0156533	-6.80831	-4.44855	12	81103628	A	G	8.645192578682408e-06	5.0632253280201835
12:83311333:T:G	1.22204e-05	0.0036637	-5.70312	-4.44778	12	83311333	T	G	8.676232338941395e-06	5.061668826624519
12:116188387:G:GAT	1.8232e-07	5.34234e-05	-5.68024	-4.44685	12	116188387	G	GAT	8.713863928089855e-06	5.059789226101104
12:29410647:C:G	0.00127431	3.06272e-05	3.72827	4.44638	12	29410647	C	G	8.732941326684271e-06	5.05883945769139
12:68726861:G:A	5.1079e-06	0.0010875	-5.36085	-4.44471	12	68726861	G	A	8.801050359073166e-06	5.055465493994382
12:83431851:T:A	0.00578171	6.36107e-06	6.81226	4.44339	12	83431851	T	A	8.855243920140156e-06	5.052799471547661
12:83753247:G:A	2.56545e-05	0.010451	-6.00973	-4.44187	12	83753247	G	A	8.918043644574245e-06	5.049730406560152
12:83286756:T:A	0.00136843	4.83008e-06	5.64656	4.44173	12	83286756	T	A	8.923849185213788e-06	5.04944777798736
12:25218921:T:TG	7.84973e-06	0.000733095	-4.5368	-4.44161	12	25218921	T	TG	8.928828237086516e-06	5.049205531431467
12:53693634:C:T	2.83027e-05	0.00431329	-5.0265	-4.4412	12	53693634	C	T	8.945860034451064e-06	5.048377901014813
12:1774661:A:T	3.53131e-06	0.003169	-6.7995	-4.441	12	1774661	A	T	8.954179489211577e-06	5.047974204302265
12:3817707:G:A	7.50656e-05	0.02919	-5.96322	-4.4408	12	3817707	G	A	8.962506336594296e-06	5.047570524272878
12:91191247:C:CA	3.27219e-06	0.000341301	-4.6473	-4.44078	12	91191247	C	CA	8.963339428166843e-06	5.04753015718751
12:90295413:G:C	4.55276e-05	0.0132553	-5.67384	-4.44067	12	90295413	G	C	8.967922754640375e-06	5.047308141200094
12:46425422:G:A	2.59389e-05	0.00867078	-5.81197	-4.44032	12	46425422	G	A	8.982520969536465e-06	5.046601760269336
12:47610511:C:CCA	6.3679e-06	0.0018942	-5.69528	-4.44028	12	47610511	C	CCA	8.984190782023159e-06	5.046521034273295
12:59666859:A:G	8.67589e-05	0.00705775	-4.39875	-4.43927	12	59666859	A	G	9.026451977744236e-06	5.044482924025958
12:28897013:T:C	9.76606e-05	0.0326575	-5.81233	-4.43852	12	28897013	T	C	9.057956879994792e-06	5.042969751087914
12:42278168:T:G	1.67278e-06	0.0014967	-6.79653	-4.43845	12	42278168	T	G	9.060902692359875e-06	5.042828533583464
12:73401239:T:TG	0.00829197	1.78815e-05	6.13927	4.43824	12	73401239	T	TG	9.069745622821487e-06	5.0424048933317644
12:72518038:G:A	1.32497e-05	0.00137825	-4.6446	-4.43821	12	72518038	G	A	9.071009571551771e-06	5.04234437479723
12:58059392:A:G	5.71719e-06	0.00115606	-5.3093	-4.4375	12	58059392	A	G	9.100972197057843e-06	5.040912212375032
12:71220943:CTA:C	0.00829296	5.56835e-05	5.00348	4.43729	12	71220943	CTA	C	9.10985248780606e-06	5.04048865532673
12:118670299:T:C	4.03667e-06	0.00604278	-7.3112	-4.43717	12	118670299	T	C	9.114930656198391e-06	5.040246630985412
12:60427206:TA:T	0.0026962	3.2985e-06	6.70613	4.4371	12	60427206	TA	T	9.117894170025648e-06	5.040105452893062
12:46436069:A:G	0.00263273	2.35985e-05	4.71459	4.43664	12	46436069	A	G	9.137391604317134e-06	5.039177761982226
12:23383280:A:T	2.57175e-07	0.00015749	-6.41736	-4.43577	12	23383280	A	T	9.174376156840225e-06	5.0374234574140875
12:113602603:T:C	6.43698e-05	0.039376	-6.41627	-4.43479	12	113602603	T	C	9.216208211602344e-06	5.035447722274974
12:96113435:G:T	0.0363093	4.45706e-05	6.70275	4.4343	12	96113435	G	T	9.237192517616227e-06	5.034460004902947
12:60436514:A:G	1.04278e-05	0.00346169	-5.80504	-4.43362	12	60436514	A	G	9.266389239631536e-06	5.0330894609779255
12:113167346:T:C	7.15198e-07	6.21651e-05	-4.46499	-4.43317	12	113167346	T	C	9.285759057090932e-06	5.03218258941133
12:38667053:T:C	2.50393e-06	0.000540153	-5.37399	-4.4301	12	38667053	T	C	9.418940136302777e-06	5.025997963327237
12:102586925:T:TA	0.00524891	0.000203755	3.24886	4.42996	12	102586925	T	TA	9.425056840757567e-06	5.025716021965361
12:83311954:GAT:G	0.00679344	1.12624e-05	6.40224	4.42806	12	83311954	GAT	G	9.508445398416338e-06	5.021890483070915
12:58467190:C:A	0.000260172	0.0515161	-5.28831	-4.42786	12	58467190	C	A	9.51726402765743e-06	5.021487882336734
12:116189221:G:C	1.85947e-07	5.34234e-05	-5.66054	-4.42784	12	116189221	G	C	9.518146320187662e-06	5.021447623180711
12:83749749:G:A	2.25488e-05	0.00904683	-5.99449	-4.42726	12	83749749	G	A	9.543766819600955e-06	5.020280180213419
12:118672718:T:C	4.25146e-06	0.00375293	-6.78303	-4.42689	12	118672718	T	C	9.560145336161513e-06	5.019535505400345
12:11167375:T:C	7.45598e-06	0.00213849	-5.65884	-4.4262	12	11167375	T	C	9.590760810371668e-06	5.018146939999271
12:40735427:C:T	1.86647e-05	0.0044228	-5.46789	-4.42465	12	40735427	C	T	9.659876570460849e-06	5.0150284227677595
12:78138958:A:G	2.13228e-05	0.00814429	-5.94529	-4.42389	12	78138958	A	G	9.693939180066029e-06	5.01349970937544
12:59449692:T:C	5.1453e-06	0.00205628	-5.99057	-4.4235	12	59449692	T	C	9.711463192099407e-06	5.012715331535729
12:83305016:A:G	9.27688e-06	0.00271086	-5.6775	-4.42325	12	83305016	A	G	9.722712444770811e-06	5.012212558585885
12:32859263:G:A	0.00354119	0.000138479	3.2415	4.42291	12	32859263	G	A	9.738031404974123e-06	5.011528829196063
12:100853842:C:T	1.96641e-05	0.00646581	-5.79549	-4.42261	12	100853842	C	T	9.751567278534048e-06	5.010925578586805
12:55361442:A:G	1.10155e-05	0.00106448	-4.57093	-4.42249	12	55361442	A	G	9.756986658594972e-06	5.010684288850629
12:29411277:G:T	0.00281881	1.80474e-05	5.05107	4.42123	12	29411277	G	T	9.814064114661349e-06	5.0081511091274
12:29411651:C:T	0.00281805	1.80474e-05	5.0508	4.42099	12	29411651	C	T	9.824972110441702e-06	5.00766867375645
12:29411377:C:A	0.00281805	1.80474e-05	5.0508	4.42099	12	29411377	C	A	9.824972110441702e-06	5.00766867375645
12:118672036:A:AAT	4.1192e-06	0.00604278	-7.29096	-4.42098	12	118672036	A	AAT	9.825426861485752e-06	5.007648572803856
12:118671860:A:T	4.1192e-06	0.00604278	-7.29096	-4.42098	12	118671860	A	T	9.825426861485752e-06	5.007648572803856
12:83309351:ATCTCT:A	0.00581741	9.73337e-06	6.39305	4.42056	12	83309351	ATCTCT	A	9.844544570470245e-06	5.006804370445792
12:83309370:ATT:A	0.00581741	9.73337e-06	6.39305	4.42056	12	83309370	ATT	A	9.844544570470245e-06	5.006804370445792
12:83309359:ATCT:A	0.00581741	9.73337e-06	6.39305	4.42056	12	83309359	ATCT	A	9.844544570470245e-06	5.006804370445792
12:83309338:CAGTGTACAG:C	0.00581741	9.73337e-06	6.39305	4.42056	12	83309338	CAGTGTACAG	C	9.844544570470245e-06	5.006804370445792
12:61317052:C:A	4.75034e-05	0.0285601	-6.39897	-4.41923	12	61317052	C	A	9.905318664198967e-06	5.004131548204482
12:3817191:C:CAA	7.48277e-05	0.028388	-5.93853	-4.41751	12	3817191	C	CAA	9.984445260195855e-06	5.00067605969949
12:83299644:G:C	4.88371e-06	0.00185149	-5.93784	-4.41685	12	83299644	G	C	1.0014967772544671e-05	4.999350443896969
12:23382974:C:T	2.57735e-07	0.000154524	-6.39618	-4.41672	12	23382974	C	T	1.0020990278965909e-05	4.999089359163409
12:113600068:C:G	6.13182e-05	0.0120045	-5.27696	-4.41648	12	113600068	C	G	1.0032117841193153e-05	4.998607375089978
12:101669316:A:G	7.63502e-05	0.0456849	-6.39419	-4.41494	12	101669316	A	G	1.010380101518124e-05	4.99551521538817
12:118672970:T:A	4.15217e-06	0.00604278	-7.28299	-4.4146	12	118672970	T	A	1.0119692963033388e-05	4.9948326640261795
12:51805069:G:T	9.56722e-05	0.0378793	-5.98123	-4.41455	12	51805069	G	T	1.0122032026727018e-05	4.994732292890814
12:79947617:G:A	3.11623e-06	0.00101405	-5.78508	-4.41433	12	79947617	G	A	1.0132330042704918e-05	4.994290672277556
12:83287717:CTCACAGT:C	0.00130242	4.73669e-06	5.61664	4.41404	12	83287717	CTCACAGT	C	1.0145919989416117e-05	4.993708566845353
12:20277308:T:G	1.63045e-06	0.000644845	-5.98016	-4.41352	12	20277308	T	G	1.0170331774280313e-05	4.99266487938906
12:38373094:A:T	0.00139492	9.59818e-06	4.97902	4.41326	12	38373094	A	T	1.0182558692875512e-05	4.9921430779354585
12:107750314:A:G	1.17487e-05	0.00229111	-5.27305	-4.41255	12	107750314	A	G	1.021601913854314e-05	4.9907183021428505
12:47611168:A:C	6.13823e-06	0.00173472	-5.64406	-4.41194	12	47611168	A	C	1.0244850686414701e-05	4.989494366841968
12:90139092:A:G	6.63884e-05	0.0191525	-5.66467	-4.41097	12	90139092	A	G	1.0290857665906778e-05	4.987548428537032
12:24174005:G:GT	8.7851e-05	0.01803	-5.32415	-4.40895	12	24174005	G	GT	1.0387300096132938e-05	4.983497321136282
12:29410512:C:CA	0.00125826	3.14274e-05	3.6898	4.40887	12	29410512	C	CA	1.039113731124354e-05	4.983336916257447
12:79490678:C:CT	1.41811e-05	0.000869063	-4.1155	-4.40857	12	79490678	C	CT	1.0405538927652902e-05	4.982735421723896
12:42356047:C:T	3.92679e-06	0.00110585	-5.64055	-4.40855	12	42356047	C	T	1.0406499712829443e-05	4.982695323422334
12:62576172:G:A	1.0224e-05	0.00394964	-5.95664	-4.40839	12	62576172	G	A	1.041418904465335e-05	4.98237454301287
12:29416054:C:A	1.32924e-05	0.00126579	-4.55625	-4.40811	12	29416054	C	A	1.0427658432698863e-05	4.981813202975858
12:25217492:C:T	7.80423e-06	0.000702959	-4.50063	-4.40809	12	25217492	C	T	1.0428621168162885e-05	4.981773108509553
12:12432645:G:C	4.29385e-06	0.00254894	-6.38625	-4.40779	12	12432645	G	C	1.0443072389727125e-05	4.9811717115249134
12:61199995:A:C	1.02538e-05	0.00384975	-5.92812	-4.40768	12	61199995	A	C	1.0448375960828156e-05	4.98095120869769
12:40744304:T:TA	0.0133549	2.98598e-05	6.10313	4.40624	12	40744304	T	TA	1.0518042190436107e-05	4.978065091457831
12:113165092:G:C	7.86684e-07	6.59985e-05	-4.42956	-4.40428	12	113165092	G	C	1.0613578730329963e-05	4.974138154197111
12:111472415:A:G	4.04023e-05	0.0158222	-5.97028	-4.40406	12	111472415	A	G	1.0624353796912686e-05	4.973697475486551
12:55192760:A:G	5.10071e-08	1.6397e-05	-5.77289	-4.40255	12	55192760	A	G	1.0698592316076722e-05	4.9706733615276875
12:72698570:T:C	5.22964e-05	0.00761135	-4.98047	-4.40081	12	72698570	T	C	1.0784752935782634e-05	4.967189799551265
12:105879605:A:ATGTGTGTGT	2.49989e-05	0.00802304	-5.77124	-4.3997	12	105879605	A	ATGTGTGTGT	1.084006317952307e-05	4.964968186576389
12:73394408:GTATA:G	0.00112587	3.05355e-05	3.60742	4.39968	12	73394408	GTATA	G	1.0841062240116745e-05	4.964928162223885
12:29412414:A:G	1.21961e-05	0.00281068	-5.44007	-4.39964	12	29412414	A	G	1.0843060625055817e-05	4.964848114019067
12:72698150:G:A	5.22964e-05	0.00759712	-4.9786	-4.39908	12	72698150	G	A	1.0871074971307663e-05	4.963727509177344
12:55363775:C:A	1.10168e-05	0.00103923	-4.54681	-4.39886	12	55363775	C	A	1.0882099503393596e-05	4.963287307323958
12:55362813:T:G	1.10168e-05	0.00103923	-4.54681	-4.39886	12	55362813	T	G	1.0882099503393596e-05	4.963287307323958
12:99337121:G:T	0.00698209	1.37011e-05	6.23363	4.39805	12	99337121	G	T	1.0922781899957834e-05	4.961666738010814
12:87744260:G:T	1.91525e-06	0.00112442	-6.37517	-4.39783	12	87744260	G	T	1.0933856490987168e-05	4.961226630607384
12:19975077:G:A	2.01973e-05	0.028774	-7.26168	-4.39756	12	19975077	G	A	1.0947462687086499e-05	4.960686526366032
12:25206907:T:C	0.000419934	1.15552e-05	3.59297	4.39739	12	25206907	T	C	1.0956037843192437e-05	4.9603464763212095
12:25216683:A:G	7.67305e-06	0.000682521	-4.48808	-4.39646	12	25216683	A	G	1.1003062611367203e-05	4.958486415742493
12:113601375:G:A	5.73883e-05	0.0218864	-5.94378	-4.39624	12	113601375	G	A	1.101421490126034e-05	4.958046454137556
12:87744379:T:C	1.92229e-06	0.00112442	-6.37151	-4.39453	12	87744379	T	C	1.1101267294515116e-05	4.954627440348597
12:87744361:G:A	1.92229e-06	0.00112442	-6.37151	-4.39453	12	87744361	G	A	1.1101267294515116e-05	4.954627440348597
12:4817448:T:A	3.61722e-05	0.0140228	-5.96015	-4.39436	12	4817448	T	A	1.1109957433705232e-05	4.954287604996337
12:92425010:A:G	0.00032739	0.043303	-4.88483	-4.3935	12	92425010	A	G	1.1154018936877825e-05	4.952568622514839
12:119520543:C:CT	5.44753e-05	0.0150917	-5.62415	-4.39273	12	119520543	C	CT	1.1193610862207246e-05	4.9510297951006885
12:61199060:T:C	1.03431e-05	0.00381653	-5.91078	-4.39132	12	61199060	T	C	1.126645839203992e-05	4.948212582846491
12:29412881:G:T	1.23087e-05	0.00280866	-5.43016	-4.39073	12	29412881	G	T	1.1297074811633692e-05	4.947033995244486
12:104107128:T:G	2.02289e-05	0.00642231	-5.76042	-4.3905	12	104107128	T	G	1.1309031528919666e-05	4.946574585141307
12:78128269:T:TAA	2.05612e-05	0.00757863	-5.90968	-4.39029	12	78128269	T	TAA	1.1319959081534295e-05	4.946155142997216
12:87166245:A:C	4.77114e-06	0.00277542	-6.36597	-4.38956	12	87166245	A	C	1.1358023810840197e-05	4.944697225201277
12:59641356:A:C	1.74568e-05	0.00673238	-5.95496	-4.38938	12	59641356	A	C	1.1367428396076527e-05	4.944337772753977
12:16253041:AG:A	0.0868484	0.00082019	4.66238	4.38713	12	16253041	AG	A	1.1485614708728388e-05	4.939845756458103
12:12427177:CTTTTT:C	0.00200641	7.35566e-06	5.60863	4.38697	12	12427177	CTTTTT	C	1.1494063588910718e-05	4.939526404536875
12:72544861:T:G	1.18093e-06	0.000453303	-5.95026	-4.38488	12	72544861	T	G	1.160497341987885e-05	4.935355849918375
12:83305862:T:TATA	5.96036e-06	0.00344766	-6.36032	-4.38447	12	83305862	T	TATA	1.1626850374576916e-05	4.934537916414861
12:59640426:G:GC	1.76264e-05	0.00675693	-5.94893	-4.3836	12	59640426	G	GC	1.1673402668070713e-05	4.932802533451582
12:40744848:T:A	2.83396e-05	0.0396117	-7.24262	-4.38232	12	40744848	T	A	1.1742216952479538e-05	4.930249899738097
12:91819624:A:ACACACACC	9.09914e-05	0.028645	-5.75197	-4.3815	12	91819624	A	ACACACACC	1.178650439412144e-05	4.928614977554766
12:49032195:T:C	1.34133e-05	0.0021085	-5.05748	-4.37856	12	49032195	T	C	1.1946605245121186e-05	4.92275548657892
12:29417417:T:C	1.34663e-05	0.00124388	-4.5258	-4.37827	12	29417417	T	C	1.1962509488565032e-05	4.92217770473612
12:38745179:G:A	2.95064e-06	0.000805269	-5.60915	-4.37825	12	38745179	G	A	1.1963607077488547e-05	4.922137859004206
12:117627026:C:CTT	1.75642e-05	0.0100775	-6.35219	-4.37716	12	117627026	C	CTT	1.2023571250491338e-05	4.919966518687417
12:61439226:T:TA	1.48834e-05	0.00466295	-5.74715	-4.37695	12	61439226	T	TA	1.2035156888796384e-05	4.91954824394363
12:50793701:G:GTTA	0.0160183	7.78856e-05	5.32625	4.37594	12	50793701	G	GTTA	1.2091027298061157e-05	4.917536798318267
12:7013000:G:A	3.04154e-05	0.0174215	-6.35051	-4.37565	12	7013000	G	A	1.2107114981443218e-05	4.916959333067577
12:100853628:AT:A	2.0679e-05	0.00646581	-5.74517	-4.37508	12	100853628	AT	A	1.2138795156451323e-05	4.915824417286459
12:83424524:A:G	2.81063e-05	0.0104709	-5.92036	-4.3741	12	83424524	A	G	1.2193447843937297e-05	4.913873475031705
12:72698720:A:G	5.22736e-05	0.007388	-4.95112	-4.37367	12	72698720	A	G	1.2217502156044987e-05	4.913017575659041
12:3804700:CAA:C	0.0364357	0.000138465	5.57268	4.37335	12	3804700	CAA	C	1.2235432422339846e-05	4.912380677287473
12:103897219:G:A	1.1639e-05	0.00963346	-6.71864	-4.37174	12	103897219	G	A	1.2326025739902878e-05	4.909176929686139
12:92425363:A:C	0.000332975	0.0430797	-4.86274	-4.37063	12	92425363	A	C	1.2388856891694e-05	4.90696876372338
12:118679117:GCTA:G	0.00550651	6.6153e-06	6.7243	4.37039	12	118679117	GCTA	G	1.2402482133165505e-05	4.906491389929609
12:121315500:A:AAAG	0.00172592	5.44185e-05	3.45681	4.37026	12	121315500	A	AAAG	1.2409868441687367e-05	4.906232822478069
12:83299597:T:C	8.86367e-06	0.00125988	-4.95681	-4.37006	12	83299597	T	C	1.242124019055616e-05	4.90583504014771
12:83299611:G:A	8.86367e-06	0.00125988	-4.95681	-4.37006	12	83299611	G	A	1.242124019055616e-05	4.90583504014771
12:32666246:T:G	6.18599e-06	0.00229431	-5.9159	-4.36989	12	32666246	T	G	1.243091399476088e-05	4.905496938270022
12:63356248:T:A	6.54801e-06	0.00125365	-5.25465	-4.36912	12	63356248	T	A	1.2474820738123524e-05	4.903965686426266
12:16297362:CA:C	0.0714347	0.00179389	3.6844	4.36907	12	16297362	CA	C	1.2477676936135913e-05	4.903866263029249
12:46426520:T:C	2.56229e-05	0.00795776	-5.73842	-4.3687	12	46426520	T	C	1.249883220436955e-05	4.903130562263182
12:40737953:G:A	0.0109606	2.55906e-05	6.05984	4.36792	12	40737953	G	A	1.2543541980198956e-05	4.901579812368804
12:29413405:A:G	1.22096e-05	0.00271571	-5.40458	-4.36774	12	29413405	A	G	1.2553881271706756e-05	4.901221983004603
12:29413279:C:G	1.22115e-05	0.00271571	-5.40443	-4.3676	12	29413279	C	G	1.2561928564607577e-05	4.900943680609143
12:29411033:C:T	0.00281881	1.92162e-05	4.98832	4.3675	12	29411033	C	T	1.2567679644350812e-05	4.900744898183225
12:29411010:T:C	0.00281881	1.92162e-05	4.98832	4.3675	12	29411010	T	C	1.2567679644350812e-05	4.900744898183225
12:29409018:C:A	0.00140338	3.65869e-05	3.64695	4.36708	12	29409018	C	A	1.2591861626060775e-05	4.899910057488857
12:29409004:C:T	0.00140338	3.65869e-05	3.64695	4.36708	12	29409004	C	T	1.2591861626060775e-05	4.899910057488857
12:29408910:A:G	0.00140338	3.65869e-05	3.64695	4.36708	12	29408910	A	G	1.2591861626060775e-05	4.899910057488857
12:32669169:C:T	4.3932e-06	0.00162264	-5.91175	-4.36596	12	32669169	C	T	1.265656416093963e-05	4.89768417492397
12:113166364:A:G	7.86684e-07	6.29338e-05	-4.38201	-4.36551	12	113166364	A	G	1.2682649948194074e-05	4.89678999427464
12:113165477:TAAG:T	7.86684e-07	6.29338e-05	-4.38201	-4.36551	12	113165477	TAAG	T	1.2682649948194074e-05	4.89678999427464
12:50793691:T:TTAAA	0.015871	7.80802e-05	5.31452	4.36509	12	50793691	T	TTAAA	1.2707042960864508e-05	4.895955501782181
12:29409146:G:A	0.00139969	3.65869e-05	3.64432	4.36451	12	29409146	G	A	1.274080215377963e-05	4.894803228202138
12:103894006:T:A	1.1812e-05	0.00422696	-5.88012	-4.3624	12	103894006	T	A	1.2864339156793815e-05	4.890612518659181
12:40745324:C:A	0.0140195	3.29706e-05	6.05259	4.3615	12	40745324	C	A	1.2917379636857407e-05	4.88882557648578
12:53695876:C:T	2.62673e-05	0.00704096	-5.59118	-4.3609	12	53695876	C	T	1.295285580431658e-05	4.887634469164062
12:100318370:G:A	1.93596e-05	0.00710358	-5.90516	-4.35974	12	100318370	G	A	1.3021706819445537e-05	4.885332086913432
12:96113239:C:T	4.45374e-05	0.0363093	-6.7035	-4.35878	12	96113239	C	T	1.307895088784479e-05	4.883427091018866
12:55380414:C:T	2.97388e-06	0.000913941	-5.7279	-4.35877	12	55380414	C	T	1.3079548441780146e-05	4.883407249331961
12:61313623:CAT:C	0.0206998	0.000102565	5.30738	4.3585	12	61313623	CAT	C	1.3095692247161838e-05	4.8828715395315045
12:83435734:G:A	4.2695e-06	0.00578171	-7.21096	-4.35699	12	83435734	G	A	1.3186329002854764e-05	4.8798760926798455
12:68824130:AAC:A	0.00239954	2.7462e-05	4.47023	4.35541	12	68824130	AAC	A	1.3281808038582275e-05	4.8767428008918525
12:29409914:A:C	0.00134324	3.54664e-05	3.63426	4.3547	12	29409914	A	C	1.3324927621209905e-05	4.87533514131036
12:1199807:G:A	5.66231e-05	0.00292262	-3.94382	-4.35337	12	1199807	G	A	1.3406060564179784e-05	4.872698822937991
12:31101287:T:G	0.00382145	3.74894e-05	4.62433	4.35301	12	31101287	T	G	1.3428102271957663e-05	4.871985359710462
12:83310637:G:A	1.1179e-05	0.00296924	-5.58203	-4.35208	12	83310637	G	A	1.3485203474153217e-05	4.870142496223677
12:83306540:A:G	8.61083e-06	0.00262722	-5.72066	-4.35207	12	83306540	A	G	1.3485818722434336e-05	4.8701226824449035
12:89525551:C:CT	7.04544e-05	0.0186632	-5.57934	-4.34948	12	89525551	C	CT	1.3646072800241302e-05	4.8649923161384265
12:31404756:T:C	6.91688e-07	0.000111649	-5.08398	-4.34822	12	31404756	T	C	1.3724689484901843e-05	4.862497472489468
12:33989979:A:T	2.83887e-06	0.000862387	-5.7163	-4.34781	12	33989979	A	T	1.375036413150129e-05	4.861685800873153
12:43933345:C:T	5.33065e-05	0.00306143	-4.05058	-4.34744	12	43933345	C	T	1.3773573255189285e-05	4.860953376831134
12:42355582:C:CA	4.19979e-06	0.00111007	-5.57714	-4.34736	12	42355582	C	CA	1.3778596354751225e-05	4.860795022372893
12:83301065:G:A	5.90301e-06	0.00128334	-5.38176	-4.34722	12	83301065	G	A	1.3787390983727237e-05	4.860517908484872
12:56317587:C:T	5.01908e-05	0.00917064	-5.20793	-4.3472	12	56317587	C	T	1.3788647796295519e-05	4.860478321452962
12:101880834:G:A	6.34094e-06	0.00229477	-5.89136	-4.34669	12	101880834	G	A	1.3820733463615547e-05	4.859468908427207
12:83302006:A:C	5.92867e-06	0.00128813	-5.38115	-4.34667	12	83302006	A	C	1.3821993175068315e-05	4.859429325810033
12:83718268:T:C	6.18668e-06	0.00187463	-5.71377	-4.34541	12	83718268	T	C	1.3901576156491692e-05	4.856935956777533
12:50785285:TACACACACA:T	0.00476744	1.86872e-05	5.54173	4.3447	12	50785285	TACACACACA	T	1.3946612860205566e-05	4.855531254378673
12:13629950:T:C	8.23766e-06	0.00455108	-6.3144	-4.34318	12	13629950	T	C	1.4043497781776384e-05	4.852524710002982
12:81633305:G:A	1.1917e-05	0.00437194	-5.90499	-4.3415	12	81633305	G	A	1.4151327873204991e-05	4.84920280671578
12:107757741:CT:C	0.00880931	1.21046e-05	6.58998	4.34066	12	107757741	CT	C	1.4205538586957256e-05	4.84754229584394
12:46425826:A:G	2.57626e-05	0.00776147	-5.708	-4.33998	12	46425826	A	G	1.424956845474529e-05	4.846198287975523
12:83301339:T:A	5.92638e-06	0.00127756	-5.3733	-4.33962	12	83301339	T	A	1.4272931044955294e-05	4.845486832355697
12:83749062:A:AAC	2.35594e-05	0.00708148	-5.70571	-4.33762	12	83749062	A	AAC	1.4403389862720777e-05	4.841535283917375
12:16230759:C:CA	0.00016861	0.0615917	-5.9007	-4.33738	12	16230759	C	CA	1.4419121121963417e-05	4.841061210040571
12:40572538:G:C	2.51923e-05	0.00480361	-5.25059	-4.33727	12	40572538	G	C	1.442633675713552e-05	4.840843934196508
12:28895427:G:C	0.000101898	0.0266399	-5.56619	-4.33679	12	28895427	G	C	1.4457863481881207e-05	4.83989588038761
12:122288809:CTTTTTTTTT:C	0.00469078	4.11503e-05	4.73612	4.33664	12	122288809	CTTTTTTTTT	C	1.4467729050141685e-05	4.839599633248143
12:90291570:A:G	5.00084e-05	0.0130522	-5.56452	-4.33518	12	90291570	A	G	1.456408984802401e-05	4.8367166505029475
12:90291340:G:T	5.00269e-05	0.0130522	-5.56415	-4.33483	12	90291340	G	T	1.4587280818438142e-05	4.83602565640042
12:40743014:A:G	2.72103e-05	0.0358091	-7.18236	-4.33412	12	40743014	A	G	1.4634433576704027e-05	4.834624082199946
12:40742977:A:G	2.72103e-05	0.0358091	-7.18236	-4.33412	12	40742977	A	G	1.4634433576704027e-05	4.834624082199946
12:7327532:T:C	9.60842e-05	0.0255737	-5.5841	-4.33382	12	7327532	T	C	1.4654400927655593e-05	4.8340319308339605
12:83301157:T:C	9.21682e-06	0.00126391	-4.92094	-4.33344	12	83301157	T	C	1.467973020154542e-05	4.833281926235806
12:95232520:C:A	7.43563e-06	0.00265162	-5.87664	-4.33278	12	95232520	C	A	1.472382240383288e-05	4.831979429577758
12:81632472:T:A	1.52973e-05	0.00530053	-5.84789	-4.33198	12	81632472	T	A	1.4777436814928263e-05	4.830400888922852
12:44116566:G:A	1.85332e-05	0.00141987	-4.33876	-4.33024	12	44116566	G	A	1.4894691649879129e-05	4.826968483126489
12:16244477:A:G	0.0321887	0.000558876	4.05344	4.32802	12	16244477	A	G	1.5045580996740192e-05	4.822591036982965
12:19523427:CT:C	0.00223257	1.62348e-05	4.92375	4.32684	12	19523427	CT	C	1.5126375543268573e-05	4.820265121555629
12:29409506:T:C	0.00134115	3.64382e-05	3.60566	4.32682	12	29409506	T	C	1.512774850091073e-05	4.820225704256526
12:55890990:AT:A	0.00107896	2.30303e-06	6.14953	4.32651	12	55890990	AT	A	1.5149044543971425e-05	4.819614757416867
12:90451874:T:A	4.26765e-06	0.000783273	-5.21242	-4.3263	12	90451874	T	A	1.5163487132488683e-05	4.819200912935711
12:69759525:G:A	5.45912e-06	0.00711137	-7.17216	-4.32596	12	69759525	G	A	1.518689820842115e-05	4.818530917942555
12:29409454:A:C	0.00134491	3.65813e-05	3.60454	4.32572	12	29409454	A	C	1.5203444417872103e-05	4.818058009278157
12:47612201:T:A	5.97622e-06	0.00154338	-5.55394	-4.32497	12	47612201	T	A	1.5255262173506607e-05	4.816580324270094
12:73402089:T:C	0.000929232	2.70887e-05	3.53524	4.32494	12	73402089	T	C	1.5257338382087356e-05	4.816521221740984
12:13604798:TA:T	0.0077888	1.66737e-05	6.14661	4.32403	12	13604798	TA	T	1.5320444888629282e-05	4.814728623093011
12:44116846:G:A	1.85332e-05	0.00140774	-4.33018	-4.32325	12	44116846	G	A	1.5374734173191814e-05	4.813192384372966
12:83302912:C:A	9.59726e-06	0.00130243	-4.91051	-4.3228	12	83302912	C	A	1.5406138292831872e-05	4.812306208023291
12:81637690:G:A	2.20548e-05	0.0079328	-5.88523	-4.32256	12	81637690	G	A	1.542291215247367e-05	4.811833615108732
12:45366700:A:T	1.56277e-05	0.00461822	-5.68872	-4.32176	12	45366700	A	T	1.547895085635249e-05	4.8102584785845055
12:44839803:GC:G	0.0256072	0.000102902	5.51686	4.32167	12	44839803	GC	G	1.5485267344191542e-05	4.810081292399225
12:86840857:GT:G	0.00118779	4.77388e-06	5.51669	4.32152	12	86840857	GT	G	1.5495800284987245e-05	4.809785989584178
12:44502052:T:C	0.000131327	0.00561852	-3.75614	-4.32138	12	44502052	T	C	1.550563719178794e-05	4.809510382074745
12:113601055:A:G	5.93285e-05	0.0203249	-5.83651	-4.32125	12	113601055	A	G	1.551477679273663e-05	4.8092544681223615
12:69759590:G:A	5.49432e-06	0.00711137	-7.16574	-4.32082	12	69759590	G	A	1.55450443837195e-05	4.808408033635138
12:103895548:G:T	8.83266e-06	0.0068824	-6.65827	-4.32004	12	103895548	G	T	1.560009211230642e-05	4.806872837302699
12:49035712:A:T	3.13489e-05	0.00925048	-5.68725	-4.31978	12	49035712	A	T	1.561848261554526e-05	4.806361161477037
12:62504246:C:CT	5.46718e-06	0.000995242	-5.20422	-4.31799	12	62504246	C	CT	1.5745656250909774e-05	4.802839234029692
12:7739690:CT:C	0.0148784	7.70743e-05	5.2629	4.31736	12	7739690	CT	C	1.5790650079353507e-05	4.801599990316945
12:38743954:A:G	3.8566e-06	0.000988017	-5.54591	-4.31723	12	38743954	A	G	1.5799949762512942e-05	4.801344293925204
12:104829800:C:T	1.20666e-05	0.00147697	-4.80731	-4.31324	12	104829800	C	T	1.608793106969448e-05	4.793499803184279
12:17124328:GTCTCTCTCT:G	0.0053507	1.02172e-05	6.26092	4.31282	12	17124328	GTCTCTCTCT	G	1.6118534278810782e-05	4.7926744528265735
12:70209582:G:A	2.44483e-06	0.0003792	-5.04409	-4.31193	12	70209582	G	A	1.618356741317822e-05	4.790925738775345
12:29412246:T:C	1.34472e-05	0.00281068	-5.34241	-4.31186	12	29412246	T	C	1.6188692973891298e-05	4.790788213454201
12:113599356:T:C	5.5639e-05	0.0188637	-5.82611	-4.31143	12	113599356	T	C	1.6220212523238635e-05	4.789943459800254
12:81107027:T:C	2.77003e-05	0.00499946	-5.19564	-4.3093	12	81107027	T	C	1.6377208674621364e-05	4.785760117258849
12:81107185:C:A	2.7721e-05	0.00499946	-5.19489	-4.30854	12	81107185	C	A	1.643357585039161e-05	4.784267926332309
12:38743180:A:G	3.89269e-06	0.000988017	-5.5366	-4.30824	12	38743180	A	G	1.6455876911725973e-05	4.783678969779431
12:17315534:AT:A	1.65016e-05	0.00343466	-5.33822	-4.30808	12	17315534	AT	A	1.6467782602087837e-05	4.783364874935229
12:7011649:CA:C	0.0152425	2.93122e-05	6.25384	4.30705	12	7011649	CA	C	1.6544622243327135e-05	4.781343144461302
12:95501995:AT:A	0.000190317	2.2954e-06	4.41778	4.30637	12	95501995	AT	A	1.659553846402484e-05	4.78000865177235
12:60427560:C:A	3.77882e-06	0.00479977	-7.14691	-4.30576	12	60427560	C	A	1.664134034975272e-05	4.778811697092267
12:20016768:G:A	1.27746e-05	0.00675966	-6.27127	-4.30439	12	20016768	G	A	1.6744646399428566e-05	4.776124019124318
12:61436145:A:ATCTCTCTC	5.2418e-06	0.00277364	-6.27125	-4.30437	12	61436145	A	ATCTCTCTC	1.6746159033588844e-05	4.7760847887349085
12:81637681:T:C	2.21032e-05	0.00778887	-5.86473	-4.30292	12	81637681	T	C	1.6856172651099603e-05	4.7732410290708245
12:7740465:C:T	6.03385e-05	0.0152075	-5.52958	-4.30146	12	7740465	C	T	1.696764067828364e-05	4.770378541396903
12:76600031:A:G	4.23849e-06	0.00109056	-5.55024	-4.3014	12	76600031	A	G	1.697223655009718e-05	4.770260923895407
12:46431335:A:G	2.40182e-05	0.0041877	-5.16109	-4.3002	12	46431335	A	G	1.7064403489543607e-05	4.767908888500343
12:101073569:TATAATA:T	0.0204458	5.15476e-05	5.98303	4.29993	12	101073569	TATAATA	T	1.7085206681541165e-05	4.767379763127442
12:7741027:G:A	0.0153829	8.12066e-05	5.24401	4.2999	12	7741027	G	A	1.708751963857014e-05	4.767320973292139
12:20022849:T:A	5.02238e-06	0.000289836	-4.05541	-4.29989	12	20022849	T	A	1.7088290690552165e-05	4.767301376763607
12:73402047:C:T	0.000920687	2.75112e-05	3.51053	4.29934	12	73402047	C	T	1.7130749645818982e-05	4.766223631785277
12:20015553:C:G	1.23911e-05	0.00940294	-6.6318	-4.29737	12	20015553	C	G	1.728365631363343e-05	4.7623643782423475
12:101669044:G:A	0.000100385	0.0120986	-4.79183	-4.29721	12	101669044	G	A	1.729613206772649e-05	4.762051007244495
12:53694904:A:G	2.83098e-05	0.00709362	-5.52374	-4.29583	12	53694904	A	G	1.740409220230912e-05	4.759348624595133
12:83286411:G:A	0.00136843	5.67828e-06	5.48477	4.29197	12	83286411	G	A	1.770948799286285e-05	4.751793994715556
12:1724746:G:A	8.05163e-06	0.00115781	-4.96841	-4.29186	12	1724746	G	A	1.7718265365486823e-05	4.7515787981979765
12:41085397:T:G	0.00606286	9.72133e-05	4.13303	4.29109	12	41085397	T	G	1.7779823132417936e-05	4.750072563556861
12:83298900:T:G	6.05625e-06	0.00123678	-5.31917	-4.29097	12	83298900	T	G	1.7789434883770646e-05	4.749837847911479
12:63328001:CTTTTTTTTT:C	0.00324777	6.37202e-06	6.23381	4.29072	12	63328001	CTTTTTTTTT	C	1.780947526866878e-05	4.749348876228996
12:72515467:T:C	2.1261e-05	0.00189234	-4.4887	-4.29038	12	72515467	T	C	1.7836764713100047e-05	4.7486839164771615
12:16250430:G:A	0.000306063	0.0394659	-4.8594	-4.28884	12	16250430	G	A	1.796086951250813e-05	4.745672642315519
12:52105220:C:T	0.0160399	0.000440155	3.59571	4.28692	12	52105220	C	T	1.8116750001062304e-05	4.741919708601769
12:28896550:G:T	0.000101979	0.0252866	-5.51326	-4.28572	12	28896550	G	T	1.821482889875497e-05	4.739574903954075
12:40074166:AT:A	1.63019e-06	0.000537419	-5.79808	-4.28499	12	40074166	AT	A	1.827474079625049e-05	4.738148774236391
12:40967763:G:A	0.00236019	3.82498e-05	4.12236	4.28094	12	40967763	G	A	1.8610553422413267e-05	4.730240712053188
12:12431404:C:CT	5.15308e-06	0.00177466	-5.84177	-4.28092	12	12431404	C	CT	1.8612226250012348e-05	4.73020167682786
12:7332366:A:G	0.00013452	0.0338656	-5.52845	-4.28054	12	7332366	A	G	1.8644037201498158e-05	4.729460039166332
12:83426398:A:G	1.27307e-05	0.0156644	-7.11513	-4.28034	12	83426398	A	G	1.8660800602948416e-05	4.729069727685769
12:19509520:C:T	7.01985e-06	0.00101038	-4.96934	-4.27929	12	19509520	C	T	1.8749044271419406e-05	4.727020865441732
12:81103705:T:G	1.75403e-05	0.0130229	-6.60996	-4.27867	12	81103705	T	G	1.8801336552004352e-05	4.725811276452918
12:7332214:G:C	0.000134418	0.0337086	-5.52455	-4.27681	12	7332214	G	C	1.895904821260519e-05	4.722183469022691
12:7332225:T:A	0.000134418	0.0337086	-5.52455	-4.27681	12	7332225	T	A	1.895904821260519e-05	4.722183469022691
12:86840188:A:G	4.30827e-06	0.00221025	-6.24032	-4.27656	12	86840188	A	G	1.8980341834676723e-05	4.721695970223954
12:81103740:T:A	0.00391039	3.00607e-05	4.86817	4.27533	12	81103740	T	A	1.908543861496961e-05	4.719297854794154
12:28896365:A:T	0.000102143	0.0250536	-5.5024	-4.27524	12	28896365	A	T	1.909315034605361e-05	4.719122407644723
12:27231014:T:A	1.18866e-05	0.00607857	-6.23711	-4.27368	12	27231014	T	A	1.922729284126714e-05	4.716081859124165
12:100851766:C:T	1.75825e-05	0.00430208	-5.49995	-4.27287	12	100851766	C	T	1.9297297306780355e-05	4.7145035120774
12:43990924:C:T	0.00357576	0.000135637	3.27195	4.27283	12	43990924	C	T	1.930076059960646e-05	4.714425576085321
12:80325031:CT:C	0.0113464	0.000237481	3.86657	4.27241	12	80325031	CT	C	1.9337160932944588e-05	4.713607288353581
12:58475298:T:G	9.17555e-05	0.0159645	-5.15899	-4.27214	12	58475298	T	G	1.9360595662706657e-05	4.713081284990075
12:32665385:G:GTTTTT	9.07493e-06	0.00309644	-5.83249	-4.27203	12	32665385	G	GTTTTT	1.9370150897757996e-05	4.71286699601768
12:617142:G:C	1.13386e-05	0.00318422	-5.63775	-4.27193	12	617142	G	C	1.9378841372419008e-05	4.7126721922288555
12:3810503:T:C	0.000110101	0.0357859	-5.78391	-4.27162	12	3810503	T	C	1.9405805448581022e-05	4.712068326919599
12:96113939:A:C	5.33314e-05	0.0392083	-6.60012	-4.27024	12	96113939	A	C	1.9526273253736443e-05	4.709380637397259
12:60428983:T:C	4.01857e-06	0.00487728	-7.10142	-4.26937	12	60428983	T	C	1.9602586025450104e-05	4.707686631577257
12:27225683:CTTTTTTTT:C	0.00260699	5.2567e-06	6.20645	4.26841	12	27225683	CTTTTTTTT	C	1.9687122826600697e-05	4.70581774916576
12:69760156:T:C	5.92399e-06	0.0071787	-7.09986	-4.26813	12	69760156	T	C	1.9711844719155086e-05	4.705272730674339
12:79951557:A:G	5.59043e-06	0.00156115	-5.63212	-4.2665	12	79951557	A	G	1.985634948241436e-05	4.702100591961966
12:29415546:T:TA	1.27408e-05	0.00932056	-6.59517	-4.266	12	29415546	T	TA	1.9900877904003064e-05	4.701127764773488
12:89514914:C:G	0.00480875	3.97145e-05	4.79648	4.2651	12	89514914	C	G	1.998126879460056e-05	4.699376937881892
12:89514703:C:T	0.00480875	3.97145e-05	4.79648	4.2651	12	89514703	C	T	1.998126879460056e-05	4.699376937881892
12:69760188:G:A	5.94913e-06	0.0071787	-7.09563	-4.26474	12	69760188	G	A	2.00135116585997e-05	4.6986767014615145
12:73415751:G:A	7.00162e-06	0.00237072	-5.82481	-4.26467	12	73415751	G	A	2.0019786855125496e-05	4.698540550639698
12:73415750:G:GA	7.00162e-06	0.00237072	-5.82481	-4.26467	12	73415750	G	GA	2.0019786855125496e-05	4.698540550639698
12:104828196:T:C	1.22023e-05	0.00142473	-4.76011	-4.26436	12	104828196	T	C	2.0047599539803738e-05	4.697937621499092
12:109593716:A:ATT	0.00550538	0.000159585	3.5409	4.26366	12	109593716	A	ATT	2.011053778257424e-05	4.6965763156349025
12:83305861:T:TATAATA	9.85501e-06	0.00243172	-5.50838	-4.26132	12	83305861	T	TATAATA	2.0322299898868207e-05	4.692027143983311
12:29412172:T:C	1.42279e-05	0.00281068	-5.28598	-4.26112	12	29412172	T	C	2.0340497383496323e-05	4.691638431537818
12:29412164:G:A	1.42279e-05	0.00281068	-5.28598	-4.26112	12	29412164	G	A	2.0340497383496323e-05	4.691638431537818
12:100851245:G:A	1.76596e-05	0.00426627	-5.48722	-4.26058	12	100851245	G	A	2.0389708124515813e-05	4.690588991034977
12:44118051:C:T	1.76217e-05	0.00123809	-4.25219	-4.25966	12	44118051	C	T	2.0473809842442064e-05	4.688801334690035
12:100849963:A:C	2.01061e-05	0.0240967	-7.08881	-4.25928	12	100849963	A	C	2.0508643808320187e-05	4.688063057624648
12:31569166:C:A	1.31579e-06	0.000433951	-5.79849	-4.25891	12	31569166	C	A	2.0542615307723163e-05	4.687344266609792
12:31435036:C:T	3.05852e-07	0.000100836	-5.79815	-4.25859	12	31435036	C	T	2.0572039264944742e-05	4.686722655431418
12:82439330:G:A	6.75832e-06	0.00809237	-7.0879	-4.25856	12	82439330	G	A	2.057479981731352e-05	4.6866643815669216
12:40079118:G:A	0.00069861	5.48368e-06	4.84732	4.256	12	40079118	G	A	2.0811670568970083e-05	4.681693057233564
12:109600649:G:A	9.61097e-05	0.00734419	-4.33617	-4.25566	12	109600649	G	A	2.0843324588247783e-05	4.681033008252805
12:15104527:G:A	0.000222747	0.0282952	-4.84441	-4.25533	12	15104527	G	A	2.087409143822518e-05	4.68039241845286
12:121880781:C:T	1.35302e-06	0.000431747	-5.7655	-4.25425	12	121880781	C	T	2.097508553886442e-05	4.678296259391702
12:31097735:G:A	0.00442878	3.48559e-05	4.84466	4.25353	12	31097735	G	A	2.104267320018611e-05	4.676899089501926
12:44121649:C:A	1.68382e-05	0.00117375	-4.24431	-4.25323	12	44121649	C	A	2.1070895875751187e-05	4.676316999008704
12:100857137:A:G	2.18167e-05	0.0059956	-5.61611	-4.25318	12	100857137	A	G	2.1075603157168136e-05	4.676219987565308
12:43991438:TTATCTATC:T	0.00359656	0.000139365	3.25064	4.25316	12	43991438	TTATCTATC	T	2.1077486350046236e-05	4.676181183279054
12:88378057:CTATT:C	0.00549995	7.61123e-06	6.58287	4.25301	12	88378057	CTATT	C	2.1091615403808088e-05	4.675890156434388
12:104105195:T:TA	5.11216e-06	0.00255458	-6.21402	-4.25291	12	104105195	T	TA	2.110103978182865e-05	4.675696143736218
12:23378234:A:G	4.57819e-06	0.00150012	-5.792	-4.25277	12	23378234	A	G	2.1114240646463668e-05	4.675424532945241
12:38744509:T:C	3.83473e-06	0.000917886	-5.47797	-4.25167	12	38744509	T	C	2.121823564241277e-05	4.673290731774044
12:45369286:A:G	1.6835e-05	0.00461822	-5.6143	-4.25147	12	45369286	A	G	2.1237196137124788e-05	4.672902821985831
12:83709758:G:A	7.03368e-06	0.00505727	-6.57787	-4.25119	12	83709758	G	A	2.1263767929094154e-05	4.672359776227519
12:40737713:T:C	2.33458e-05	0.0276716	-7.07775	-4.25044	12	40737713	T	C	2.1335098389497282e-05	4.670905349996269
12:3808076:C:T	0.000114774	0.0364368	-5.76037	-4.24941	12	3808076	C	T	2.143343019290197e-05	4.668908319175792
12:3808547:G:A	0.000114218	0.0362571	-5.76028	-4.24932	12	3808547	G	A	2.1442042757620624e-05	4.66873384229541
12:55890991:T:A	3.9656e-06	0.00132123	-5.80866	-4.24919	12	55890991	T	A	2.145448894524726e-05	4.668481826081321
12:78127551:G:A	2.41153e-05	0.00765234	-5.75992	-4.24898	12	78127551	G	A	2.1474608854195395e-05	4.66807473781158
12:12427174:CTT:C	0.00408394	9.55186e-06	6.05808	4.24873	12	12427174	CTT	C	2.149858454617964e-05	4.667590132829495
12:59645512:G:T	1.37155e-05	0.00983013	-6.57468	-4.24845	12	59645512	G	T	2.1525467572379426e-05	4.667047406104329
12:38642211:A:G	2.25584e-06	0.000616788	-5.611	-4.24836	12	38642211	A	G	2.1534115338887208e-05	4.66687296515197
12:44673495:T:C	1.67278e-06	0.000276905	-5.10919	-4.24755	12	44673495	T	C	2.1612094201588993e-05	4.665303148150188
12:74959753:AT:A	0.000931719	2.85698e-05	3.48468	4.2469	12	74959753	AT	A	2.1674864153666657e-05	4.6640436157663006
12:83435939:G:A	5.0534e-06	0.00595839	-7.07249	-4.24624	12	83435939	G	A	2.173877733930176e-05	4.662764885720132
12:89514441:C:A	0.00470947	3.96645e-05	4.77687	4.24614	12	89514441	C	A	2.1748476791033164e-05	4.662571154544479
12:89514448:G:C	0.00470947	3.96645e-05	4.77687	4.24614	12	89514448	G	C	2.1748476791033164e-05	4.662571154544479
12:96114208:C:T	5.34751e-05	0.0382037	-6.57147	-4.2457	12	96114208	C	T	2.1791203339347047e-05	4.661718786770331
12:83436395:A:G	5.05755e-06	0.00595839	-7.07167	-4.24558	12	83436395	A	G	2.1802869894034232e-05	4.661486336803231
12:83284596:G:A	5.85439e-06	0.00418096	-6.5711	-4.24539	12	83284596	G	A	2.1821354098994877e-05	4.661118303267622
12:83430130:T:C	0.00578171	8.07775e-06	6.57334	4.2451	12	83430130	T	C	2.1849595594097635e-05	4.660556596811508
12:10518071:A:G	4.88234e-05	0.00373209	-4.33651	-4.24497	12	10518071	A	G	2.1862266865201007e-05	4.660304808717227
12:12427211:C:T	7.35551e-06	0.0020088	-5.60984	-4.24496	12	12427211	C	T	2.1863241868030274e-05	4.660285440693348
12:3808207:A:G	0.000114774	0.0362571	-5.75543	-4.24474	12	3808207	A	G	2.188470240472057e-05	4.6598593546878995
12:61303804:G:A	4.63408e-05	0.0126301	-5.60781	-4.243	12	61303804	G	A	2.205514357178336e-05	4.656490110761098
12:58053653:T:TTTTA	0.000890837	3.89939e-06	5.43134	4.24252	12	58053653	T	TTTTA	2.2102383713188068e-05	4.655560885696893
12:74830505:G:A	2.5047e-05	0.00811083	-5.7802	-4.24162	12	74830505	G	A	2.2191218678036902e-05	4.653818846906635
12:28760035:TA:T	0.00153597	2.15514e-06	6.56907	4.24156	12	28760035	TA	T	2.219715307625251e-05	4.653702722961919
12:113602864:G:A	6.76204e-05	0.0218864	-5.77971	-4.24116	12	113602864	G	A	2.223675434916133e-05	4.652928601582511
12:60428663:C:T	4.02696e-06	0.00471479	-7.06545	-4.2406	12	60428663	C	T	2.229230911715131e-05	4.651844943413151
12:60429974:G:A	9.66227e-06	0.00122723	-4.84429	-4.24027	12	60429974	G	A	2.2325108580805148e-05	4.651206420191719
12:95819310:C:CT	2.75465e-05	0.00651364	-5.46578	-4.2399	12	95819310	C	CT	2.236193835594954e-05	4.6504905540590045
12:27044300:ATTG:A	0.00235172	1.32481e-05	5.17905	4.23982	12	27044300	ATTG	A	2.236990915030269e-05	4.650335779676385
12:40741590:C:T	0.0173425	2.69104e-05	6.4684	4.2397	12	40741590	C	T	2.2381870412172996e-05	4.650103623091715
12:19499615:T:A	4.34826e-06	0.00104846	-5.4853	-4.23923	12	19499615	T	A	2.2428777323805234e-05	4.649194400781621
12:59640778:C:T	1.48992e-05	0.0105548	-6.56302	-4.23847	12	59640778	C	T	2.250482482089048e-05	4.647724363290564
12:93516532:C:T	8.1582e-05	0.0104613	-4.85383	-4.23799	12	93516532	C	T	2.255298119099766e-05	4.646796042290484
12:40080477:G:A	5.65195e-06	0.00100075	-5.1765	-4.2375	12	40080477	G	A	2.260224196694204e-05	4.645848480074745
12:42035138:AG:A	0.00695276	9.82104e-06	6.56237	4.236	12	42035138	AG	A	2.2753677592561328e-05	4.642948399926528
12:45369921:C:T	1.71323e-05	0.00461822	-5.5968	-4.23494	12	45369921	C	T	2.2861273847963854e-05	4.640899574040119
12:81633003:G:A	1.35588e-05	0.00444974	-5.79356	-4.23473	12	81633003	G	A	2.288264747433799e-05	4.6404937300110225
12:60773030:T:C	4.65435e-06	0.000375521	-4.39051	-4.23434	12	60773030	T	C	2.292239181428328e-05	4.6397400683124435
12:15106086:C:T	0.000192924	0.052095	-5.59853	-4.23403	12	15106086	C	T	2.2954030322226427e-05	4.639141048992547
12:27231679:C:G	2.37245e-05	0.00740413	-5.74329	-4.23329	12	27231679	C	G	2.302972258914255e-05	4.6377112934178895
12:46430711:GTTGT:G	2.56931e-05	0.00418201	-5.09232	-4.23119	12	46430711	GTTGT	G	2.3245820576242486e-05	4.633655118637957
12:16253756:G:A	0.0537784	0.000918499	4.06989	4.23108	12	16253756	G	A	2.3257193013080566e-05	4.633442702870384
12:61317463:C:T	5.15078e-05	0.013816	-5.59185	-4.23026	12	61317463	C	T	2.3342136350498378e-05	4.6318593983860366
12:73226756:A:G	5.29817e-06	0.00258103	-6.18858	-4.23003	12	73226756	A	G	2.336601488487167e-05	4.631415350983456
12:87934064:CT:C	0.00870276	0.000282609	3.42733	4.22954	12	87934064	CT	C	2.3416964077506098e-05	4.630469410282068
12:81104683:G:A	1.85901e-05	0.0130229	-6.55184	-4.22889	12	81104683	G	A	2.348471288299089e-05	4.629214745001488
12:28898679:C:T	0.000100575	0.0312383	-5.7385	-4.22877	12	28898679	C	T	2.349724073209893e-05	4.628983133693398
12:40735271:T:A	1.52554e-05	0.0175986	-7.05065	-4.22876	12	40735271	T	A	2.3498285006516296e-05	4.62896383302126
12:32669566:C:T	3.76144e-06	0.00116767	-5.73797	-4.22827	12	32669566	C	T	2.3549508584508394e-05	4.6280181510091
12:44842296:C:G	8.93976e-05	0.0239809	-5.59192	-4.22764	12	44842296	C	G	2.361552360397356e-05	4.626802420792534
12:20025763:CA:C	0.000319916	1.16998e-05	3.30849	4.22712	12	20025763	CA	C	2.3670144804520387e-05	4.625799085222088
12:40733961:C:G	1.86132e-05	0.021426	-7.04849	-4.22704	12	40733961	C	G	2.3678558728097628e-05	4.6256447358800115
12:38374635:A:G	7.85224e-06	0.0018686	-5.47215	-4.22663	12	38374635	A	G	2.372172477114361e-05	4.624853737257265
12:120162198:G:A	0.00306146	8.89928e-05	3.53809	4.22651	12	120162198	G	A	2.373437289252545e-05	4.624622238683928
12:105146544:A:AT	2.34991e-06	0.000293363	-4.82704	-4.22387	12	105146544	A	AT	2.4014260395769858e-05	4.619530784456301
12:16246617:T:C	0.0305032	0.000479299	4.15326	4.22373	12	16246617	T	C	2.402919025440061e-05	4.6192608639847315
12:83429314:A:G	0.00578892	8.30672e-06	6.54664	4.22294	12	83429314	A	G	2.4113602969956992e-05	4.617737894016357
12:83429487:TTG:T	0.00578892	8.30672e-06	6.54664	4.22294	12	83429487	TTG	T	2.4113602969956992e-05	4.617737894016357
12:14432145:G:A	0.000183592	3.16418e-06	4.06082	4.22247	12	14432145	G	A	2.4163956967819233e-05	4.61683194635158
12:59645881:A:T	1.37155e-05	0.00953501	-6.5442	-4.22235	12	59645881	A	T	2.417682933037044e-05	4.6166006552789565
12:60428285:C:T	8.70234e-06	0.00144044	-5.10911	-4.22157	12	60428285	C	T	2.4260658845254583e-05	4.615097409200146
12:38374893:A:G	7.90341e-06	0.0018686	-5.46565	-4.22041	12	38374893	A	G	2.438583999212774e-05	4.612862280151855
12:28758769:GT:G	2.27423e-06	0.000303679	-4.89433	-4.21976	12	28758769	GT	G	2.4456252990460206e-05	4.611610081650607
12:7739257:T:C	0.0150196	8.64759e-05	5.15724	4.21966	12	7739257	T	C	2.4467102912311097e-05	4.611417451313656
12:40733624:G:A	1.8793e-05	0.021426	-7.03888	-4.21935	12	40733624	G	A	2.450076677938822e-05	4.610820323682563
12:83419890:A:C	3.29102e-05	0.0104017	-5.75594	-4.21869	12	83419890	A	C	2.4572585069897462e-05	4.609549152737017
12:44124268:T:G	1.35647e-05	0.000905581	-4.2011	-4.218	12	44124268	T	G	2.4647881941455945e-05	4.6082203948719425
12:121864554:T:TA	0.00157733	5.1047e-05	3.43074	4.21674	12	121864554	T	TA	2.4785947298973402e-05	4.6057944780557865
12:117625045:C:T	9.64958e-06	0.00665751	-6.53659	-4.21583	12	117625045	C	T	2.488611837695769e-05	4.604042837378166
12:94023539:G:A	4.74407e-05	0.0227428	-6.17252	-4.21559	12	94023539	G	A	2.4912601230511948e-05	4.603580923564374
12:60428227:A:G	6.94743e-06	0.00163406	-5.46045	-4.21543	12	60428227	A	G	2.4930271357614076e-05	4.603272994321215
12:47671986:C:T	3.75542e-06	0.0042558	-7.03284	-4.21452	12	47671986	C	T	2.5030997158174997e-05	4.601521849086664
12:29119286:A:T	2.50146e-05	0.00420403	-5.12434	-4.21425	12	29119286	A	T	2.5060957227487234e-05	4.6010023447274975
12:50912417:T:C	3.50611e-05	0.00427723	-4.80397	-4.21404	12	50912417	T	C	2.508428308354449e-05	4.600598306727513
12:45371450:G:T	0.00247506	2.1853e-05	4.72968	4.21353	12	45371450	G	T	2.5141017602223314e-05	4.5996171478876775
12:74955669:G:A	1.46535e-05	0.00385999	-5.57374	-4.21316	12	74955669	G	A	2.5182254316510742e-05	4.598905394426804
12:108536508:A:T	7.66166e-06	0.00526908	-6.53338	-4.21308	12	108536508	A	T	2.5191178818247464e-05	4.598751509267213
12:60430508:C:G	8.9508e-06	0.00146812	-5.1	-4.21234	12	60430508	C	G	2.5273873204808645e-05	4.597328197629834
12:89515693:G:A	0.00480875	4.19443e-05	4.74185	4.21226	12	89515693	G	A	2.5282828588851746e-05	4.597174339732624
12:113592614:G:C	7.28495e-05	0.0116172	-5.07184	-4.21064	12	113592614	G	C	2.5464825849108404e-05	4.594059289565552
12:98053722:G:GAA	7.45194e-06	0.00090547	-4.79998	-4.20997	12	98053722	G	GAA	2.554045999565195e-05	4.59277128515505
12:96383628:C:T	0.000171514	0.0230444	-4.90051	-4.20955	12	96383628	C	T	2.5587981347932032e-05	4.591963974528382
12:81632569:A:G	1.36788e-05	0.00437194	-5.76711	-4.20938	12	81632569	A	G	2.56072400803583e-05	4.591637226781918
12:38377944:A:C	0.000746049	6.32616e-06	4.7701	4.208	12	38377944	A	C	2.576408668270788e-05	4.588985248339354
12:83287531:G:A	4.72949e-06	0.00147675	-5.74379	-4.2072	12	83287531	G	A	2.585543019129862e-05	4.587448231894895
12:7740989:T:C	0.01247	0.000110898	4.72247	4.2065	12	7740989	T	C	2.593560834989192e-05	4.586103560668179
12:89615182:A:G	2.77525e-05	0.00452385	-5.09379	-4.20604	12	89615182	A	G	2.598842555048899e-05	4.58522003044307
12:59472139:C:T	0.000201756	1.66294e-06	4.79847	4.20496	12	59472139	C	T	2.6112833481503216e-05	4.583146000692751
12:28189425:A:C	5.57376e-06	0.00173481	-5.74058	-4.20417	12	28189425	A	C	2.6204194042453917e-05	4.581629193270972
12:59644154:G:C	1.44618e-05	0.00983013	-6.52169	-4.20307	12	59644154	G	C	2.633191139938532e-05	4.5795176148750665
12:1199781:G:A	4.66493e-05	0.00340521	-4.2904	-4.20233	12	1199781	G	A	2.6418163192697708e-05	4.578097381384888
12:74830814:T:C	2.5789e-05	0.00800342	-5.73768	-4.20143	12	74830814	T	C	2.6523426140510462e-05	4.576370377031548
12:4818225:C:G	0.0183881	8.27284e-05	5.4039	4.2012	12	4818225	C	G	2.6550390592548446e-05	4.575929085469868
12:73401085:C:A	1.79281e-05	0.00845103	-6.15568	-4.20044	12	73401085	C	A	2.6639676032135593e-05	4.57447106096988
12:95230564:G:A	8.51817e-06	0.00263847	-5.73575	-4.19961	12	95230564	G	A	2.6737511298073902e-05	4.572879018906994
12:69262122:T:TA	1.78523e-05	0.000929245	-3.95224	-4.19839	12	69262122	T	TA	2.6881937778991386e-05	4.570539428460835
12:44672952:G:A	1.67278e-06	0.000262855	-5.05712	-4.19812	12	44672952	G	A	2.6914001121938134e-05	4.570021733822671
12:20277281:A:T	1.60656e-06	0.000755348	-6.15308	-4.19811	12	20277281	A	T	2.691518935127026e-05	4.5700025605288594
12:7740206:G:A	6.78866e-05	0.0153519	-5.42115	-4.19684	12	7740206	G	A	2.706650061053271e-05	4.567567889917547
12:96384470:G:A	0.000194392	0.0257898	-4.88786	-4.19672	12	96384470	G	A	2.7080839487176973e-05	4.567337876951532
12:12429443:C:T	5.70454e-06	0.00384754	-6.51393	-4.19642	12	12429443	C	T	2.7116718286783093e-05	4.566762870711306
12:113602948:A:G	6.38512e-05	0.0299517	-6.15079	-4.19604	12	113602948	A	G	2.7162229656222633e-05	4.5660345831525975
12:76595930:G:T	6.68079e-06	0.00153946	-5.43995	-4.1958	12	76595930	G	T	2.7191011091369472e-05	4.5655746429738
12:122289417:T:TA	3.36593e-05	0.00527565	-5.05457	-4.1957	12	122289417	T	TA	2.7203011912656002e-05	4.565383008295585
12:100853093:C:G	1.62155e-05	0.00373573	-5.43973	-4.19559	12	100853093	C	G	2.7216218633006405e-05	4.565172214948185
12:120151971:A:C	0.00427093	0.000128185	3.50611	4.19534	12	120151971	A	C	2.724625658367018e-05	4.564693157854588
12:74425300:G:A	3.48163e-05	0.00452906	-4.86818	-4.19431	12	74425300	G	A	2.737034574508515e-05	4.562719716501669
12:3806489:T:A	0.000124909	0.0374045	-5.70196	-4.19429	12	3806489	T	A	2.7372760553506033e-05	4.562681401614421
12:53695292:CT:C	2.79901e-05	0.00643497	-5.43765	-4.1936	12	53695292	CT	C	2.7456195606562848e-05	4.561359639770044
12:96114263:A:G	5.41494e-05	0.0363093	-6.50808	-4.19142	12	96114263	A	G	2.7721393765101506e-05	4.557184938227771
12:60429423:A:G	7.1302e-06	0.00163543	-5.43532	-4.19137	12	60429423	A	G	2.772750476806274e-05	4.557089211353265
12:44127506:A:G	1.29747e-05	0.000838288	-4.16836	-4.1913	12	44127506	A	G	2.7736062324022398e-05	4.5569551954737895
12:61302974:A:T	4.5803e-05	0.0117837	-5.55012	-4.18724	12	61302974	A	T	2.823671969619702e-05	4.549185757357749
12:117642879:A:G	0.000282148	0.0338797	-4.78814	-4.18691	12	117642879	A	G	2.8277788883020317e-05	4.5485545522105495
12:60429991:A:T	7.18438e-06	0.0016394	-5.43017	-4.18645	12	60429991	A	T	2.833513160042102e-05	4.547674765969232
12:61317013:C:G	5.65152e-05	0.0144703	-5.54534	-4.18634	12	61317013	C	G	2.8348860358360598e-05	4.547464395325701
12:15104684:T:G	0.000234908	0.0254354	-4.6847	-4.18629	12	15104684	T	G	2.835510279313131e-05	4.5473687739675155
12:76595811:C:G	6.76029e-06	0.00153946	-5.42812	-4.18448	12	76595811	C	G	2.8581960846466037e-05	4.543907980038114
12:12438590:C:A	1.5478e-05	0.00716267	-6.13722	-4.18384	12	12438590	C	A	2.8662587955361187e-05	4.542684599563552
12:81107165:G:T	2.06321e-05	0.0137119	-6.49917	-4.18378	12	81107165	G	T	2.867015782186955e-05	4.542569916367139
12:83424014:A:T	3.40928e-05	0.0103719	-5.71777	-4.18261	12	83424014	A	T	2.8818150631822466e-05	4.540333892924013
12:120158805:G:C	0.00322084	9.7943e-05	3.49301	4.18258	12	120158805	G	C	2.882195485130796e-05	4.540276566466366
12:117642941:A:G	0.000283448	0.0338797	-4.78354	-4.18254	12	117642941	A	G	2.8827027886545856e-05	4.540200131771029
12:61305938:A:G	5.09532e-05	0.00828785	-5.09164	-4.18239	12	61305938	A	G	2.8846059329388107e-05	4.53991350758259
12:90449267:AT:A	5.48148e-06	0.000871819	-5.06921	-4.18112	12	90449267	AT	A	2.900767155128501e-05	4.5374871306600415
12:44502211:G:C	9.40492e-05	0.00599239	-4.15443	-4.17994	12	44502211	G	C	2.915860198990427e-05	4.535233302117604
12:113498373:AAGC:A	0.000644954	0.0310031	-3.87267	-4.17991	12	113498373	AAGC	A	2.9162448917512372e-05	4.535176008930705
12:88521386:G:A	2.11969e-06	9.16686e-05	-3.76691	-4.17956	12	88521386	G	A	2.92073654004096e-05	4.534507616038005
12:83288964:A:G	4.4897e-06	0.00132314	-5.68598	-4.17921	12	83288964	A	G	2.9252347637286e-05	4.533839274026065
12:59648422:A:C	1.50413e-05	0.00994025	-6.49355	-4.17897	12	59648422	A	C	2.9283230649776602e-05	4.533381011767584
12:11168044:A:G	7.24859e-06	0.00213484	-5.68534	-4.17861	12	11168044	A	G	2.9329613283437963e-05	4.532693663237524
12:29411785:T:C	1.57012e-05	0.00281806	-5.19007	-4.17492	12	29411785	T	C	2.980907884050448e-05	4.525651444318494
12:7323014:T:C	8.29545e-05	0.0210662	-5.53713	-4.17469	12	7323014	T	C	2.9839209549300495e-05	4.525212685653923
12:29411980:CTTTA:C	1.57028e-05	0.00281392	-5.1885	-4.1735	12	29411980	CTTTA	C	2.999556609472635e-05	4.52294293737727
12:29411948:T:G	1.57028e-05	0.00281392	-5.1885	-4.1735	12	29411948	T	G	2.999556609472635e-05	4.52294293737727
12:70954190:G:A	1.51523e-05	0.00196421	-4.86469	-4.17325	12	70954190	G	A	3.0028512937631322e-05	4.522466174260287
12:63358934:G:T	0.00162196	1.42513e-05	4.73455	4.17307	12	63358934	G	T	3.005225595796471e-05	4.522122920888506
12:25215150:T:C	9.43141e-06	0.000658843	-4.24644	-4.17249	12	25215150	T	C	3.01288826744962e-05	4.521016973779625
12:99078648:C:T	0.00201886	6.66208e-05	3.41127	4.17197	12	99078648	C	T	3.019774032492358e-05	4.52002555376911
12:95502447:G:A	2.25695e-06	0.00147925	-6.48528	-4.17189	12	95502447	G	A	3.0208347075051136e-05	4.51987303758086
12:54439174:C:A	7.35369e-05	0.0789606	-6.97892	-4.17139	12	54439174	C	A	3.027471952439242e-05	4.518919871622496
12:81636263:AT:A	0.00227302	2.0959e-05	4.6863	4.17126	12	81636263	AT	A	3.0291999049149752e-05	4.518672065479705
12:12431228:C:G	5.59001e-06	0.00254898	-6.12247	-4.17058	12	12431228	C	G	3.038253710031595e-05	4.517375963104539
12:50913366:T:C	3.52117e-05	0.00455107	-4.86174	-4.17025	12	50913366	T	C	3.0426567311629473e-05	4.516747041454164
12:16666332:T:C	0.00318617	0.000117291	3.30192	4.17019	12	16666332	T	C	3.0434579316829476e-05	4.516632696922055
12:121702423:T:TACACAC	0.00140237	7.14311e-05	2.97718	4.16964	12	121702423	T	TACACAC	3.050811618274188e-05	4.515584608375247
12:44843618:T:C	5.50695e-05	0.00729571	-4.88645	-4.16854	12	44843618	T	C	3.065569678713258e-05	4.513488808149775
12:73413862:T:C	4.86372e-06	0.00317316	-6.48068	-4.16795	12	73413862	T	C	3.073513293366978e-05	4.5123649041558
12:83434103:T:G	5.42004e-06	0.00578171	-6.97235	-4.16614	12	83434103	T	G	3.098004917215938e-05	4.508917897255298
12:78137633:A:G	2.07382e-05	0.00632491	-5.72027	-4.1645	12	78137633	A	G	3.120356269748763e-05	4.505795817150588
12:113596818:T:C	3.49667e-05	0.0227182	-6.47652	-4.16439	12	113596818	T	C	3.1218609164616324e-05	4.50558644930651
12:83288612:G:A	4.4897e-06	0.00130242	-5.6702	-4.16433	12	83288612	G	A	3.122681923409578e-05	4.505472250782041
12:112396257:G:A	2.81975e-07	7.04265e-05	-5.52051	-4.16288	12	112396257	G	A	3.1425854275126704e-05	4.50271290769353
12:84222977:A:G	2.95501e-06	0.000372165	-4.83584	-4.16282	12	84222977	A	G	3.1434116124270435e-05	4.5025987467898165
12:31573567:A:G	6.8032e-07	0.000202604	-5.69644	-4.16245	12	31573567	A	G	3.148510981701999e-05	4.501894787582098
12:57496486:A:T	2.77127e-05	0.0294136	-6.96732	-4.16211	12	57496486	A	T	3.153203817888982e-05	4.501247956266481
12:113503597:G:GTAAAATAAA	0.0276931	0.00108596	3.23871	4.1598	12	113503597	G	GTAAAATAAA	3.185263909605566e-05	4.496854579109732
12:19525495:CT:C	0.00432412	3.73045e-05	4.75285	4.15953	12	19525495	CT	C	3.189031344557337e-05	4.496341212114397
12:12435414:C:T	0.0019238	1.31871e-05	4.98282	4.15873	12	12435414	C	T	3.200218987015205e-05	4.494820302430631
12:92426705:T:A	0.0542648	0.000577709	4.54256	4.15855	12	92426705	T	A	3.202741340482861e-05	4.494478134373029
12:45369504:GA:G	0.00472504	1.40053e-05	5.8212	4.15667	12	45369504	GA	G	3.229199056363024e-05	4.490905183098193
12:617683:G:A	1.07742e-05	0.00238083	-5.39805	-4.15569	12	617683	G	A	3.243073047692735e-05	4.489043269072144
12:63357352:C:G	0.00125599	1.12384e-05	4.71635	4.15519	12	63357352	C	G	3.250173413496806e-05	4.488093466554799
12:45435715:GA:G	0.000472648	1.80618e-05	3.26455	4.15497	12	45435715	GA	G	3.25330225093262e-05	4.487675586329487
12:73417422:C:G	7.37401e-06	0.00222585	-5.70993	-4.15459	12	73417422	C	G	3.2587133474713905e-05	4.486953840543351
12:113598003:A:G	3.54108e-05	0.0227182	-6.4639	-4.15358	12	113598003	A	G	3.273137066994106e-05	4.4850358076486785
12:82438513:C:CTT	7.47723e-06	0.00784586	-6.95588	-4.15296	12	82438513	C	CTT	3.282021251953488e-05	4.483858611102472
12:1200449:A:C	4.9497e-05	0.00342218	-4.23612	-4.15214	12	1200449	A	C	3.2938064916752884e-05	4.482301918847565
12:113595853:T:A	6.33961e-05	0.00727668	-4.74303	-4.15183	12	113595853	T	A	3.298272350204982e-05	4.481713485954197
12:7741536:GA:G	0.0154246	9.56089e-05	5.08345	4.15141	12	7741536	GA	G	3.3043320444958446e-05	4.480916317935604
12:113598518:T:C	3.55154e-05	0.0227182	-6.46095	-4.15105	12	113598518	T	C	3.3095344842341586e-05	4.480233089350039
12:83285919:G:A	5.88465e-06	0.00262218	-6.09942	-4.14985	12	83285919	G	A	3.3269322021167045e-05	4.477956049310502
12:28289687:C:CTT	6.18279e-06	0.00275381	-6.09897	-4.14945	12	28289687	C	CTT	3.3327507220786444e-05	4.477197168810018
12:1728842:G:T	1.12916e-05	0.00140121	-4.82104	-4.14842	12	1728842	G	T	3.347777935931247e-05	4.47524335724932
12:1200002:A:G	4.9497e-05	0.00340521	-4.23115	-4.14754	12	1200002	A	G	3.360667683374401e-05	4.473574430229763
12:61306733:A:G	5.47691e-05	0.0135169	-5.50857	-4.14708	12	61306733	A	G	3.367424253258001e-05	4.472702164502395
12:1773423:T:G	5.11045e-06	0.00324512	-6.45362	-4.14477	12	1773423	T	G	3.401549523866626e-05	4.468323201673742
12:49040291:C:A	0.00224251	3.21617e-05	4.24458	4.14441	12	49040291	C	A	3.406897241279698e-05	4.4676409654101725
12:120919891:G:A	2.2962e-05	0.00651978	-5.64876	-4.1441	12	120919891	G	A	3.411508617966986e-05	4.467053527291658
12:38370669:C:T	1.03016e-05	0.00224779	-5.38541	-4.14358	12	38370669	C	T	3.4192571456917194e-05	4.466068236800506
12:45371123:A:G	1.78963e-05	0.00437548	-5.49918	-4.14273	12	45371123	A	G	3.4319590127163235e-05	4.464457907495076
12:7331888:A:C	0.000134495	0.0293104	-5.38417	-4.1424	12	7331888	A	C	3.436902392042838e-05	4.4638328016419795
12:103897753:C:CTAG	0.00775816	2.05673e-05	5.9328	4.14217	12	103897753	C	CTAG	3.440351776052826e-05	4.463397148536682
12:59636191:C:T	0.0108902	1.90094e-05	6.35068	4.14195	12	59636191	C	T	3.443654263282296e-05	4.462980457417544
12:44891629:TC:T	0.000396217	1.9037e-06	5.33816	4.14155	12	44891629	TC	T	3.4496665006708354e-05	4.46222288867144
12:44897353:G:A	3.53904e-06	0.000541312	-5.03014	-4.14152	12	44897353	G	A	3.450117820126629e-05	4.46216607369277
12:27220883:A:G	5.44829e-06	0.000810625	-5.0025	-4.14106	12	27220883	A	G	3.457045077913683e-05	4.461294957466118
12:111653552:C:T	3.69354e-06	0.00381313	-6.93962	-4.13995	12	111653552	C	T	3.473815288430221e-05	4.459193277814133
12:49042941:A:G	3.40379e-05	0.00418708	-4.81228	-4.1399	12	49042941	A	G	3.474572518868212e-05	4.459098619596667
12:57517377:G:A	0.000179422	6.82896e-06	3.26857	4.13869	12	57517377	G	A	3.492945366593608e-05	4.456808207140046
12:83288122:C:T	4.61684e-06	0.00130242	-5.64227	-4.13798	12	83288122	C	T	3.5037690415008195e-05	4.455464529018668
12:3827028:T:A	9.55311e-05	0.0269262	-5.6414	-4.13716	12	3827028	T	A	3.516309258915725e-05	4.45391293577854
12:32668132:G:A	0.00110688	5.56257e-06	5.29324	4.1364	12	32668132	G	A	3.5279699479171544e-05	4.452475122947626
12:32667838:T:G	0.00110688	5.56431e-06	5.29292	4.13612	12	32667838	T	G	3.5322752404839386e-05	4.451945462861724
12:78135615:CAA:C	0.0108566	1.91037e-05	6.34265	4.13529	12	78135615	CAA	C	3.5450666916849126e-05	4.450375590224693
12:16666225:G:A	0.00316307	0.000120938	3.26402	4.1344	12	16666225	G	A	3.558831693085219e-05	4.448692550488078
12:95233402:A:G	5.553e-06	0.00135097	-5.49424	-4.13323	12	95233402	A	G	3.577004485470185e-05	4.446480515256753
12:1202030:A:G	5.10681e-05	0.00345564	-4.2146	-4.13225	12	1202030	A	G	3.59229392089302e-05	4.4446281366484595
12:11162444:T:C	6.65627e-06	0.00102795	-5.03976	-4.13184	12	11162444	T	C	3.598708915546405e-05	4.443853280183563
12:69762758:CA:C	0.00321472	1.62479e-05	5.28753	4.13135	12	69762758	CA	C	3.60638988494679e-05	4.442927323723482
12:70941725:A:C	2.68331e-05	0.00773019	-5.66325	-4.13108	12	70941725	A	C	3.610628905127303e-05	4.4424171453968535
12:17314121:AT:A	0.00379091	1.01874e-05	5.91921	4.13062	12	17314121	AT	A	3.617861837971648e-05	4.441548022371791
12:72697602:A:G	8.34974e-05	0.00906992	-4.6879	-4.13022	12	72697602	A	G	3.624162525754516e-05	4.440792334600175
12:44841206:C:T	5.97269e-05	0.00758346	-4.84394	-4.12987	12	44841206	C	T	3.6296841729390554e-05	4.440131162268851
12:105145606:T:G	2.34705e-06	0.000264954	-4.7264	-4.12824	12	105145606	T	G	3.6555046615075025e-05	4.437052657945973
12:618002:G:T	1.09931e-05	0.00236055	-5.36938	-4.12824	12	618002	G	T	3.6555046615075025e-05	4.437052657945973
12:83283803:C:A	6.06684e-06	0.00377262	-6.43269	-4.12684	12	83283803	C	A	3.677820896335937e-05	4.434409423990527
12:87746676:A:ATTTTC	1.99114e-06	0.0012376	-6.43222	-4.12645	12	87746676	A	ATTTTC	3.684060559470256e-05	4.433673239379751
12:96383404:G:GAAA	0.000124383	0.0190904	-5.03358	-4.12582	12	96383404	G	GAAA	3.694161251089239e-05	4.432484151416132
12:100858806:T:TC	0.00675926	3.3072e-05	5.31998	4.12505	12	100858806	T	TC	3.706542247806803e-05	4.431031045350738
12:87743330:T:TA	1.8015e-06	0.0011176	-6.43032	-4.12482	12	87743330	T	TA	3.710248102062302e-05	4.430597048402755
12:87743510:T:G	1.8015e-06	0.0011176	-6.43032	-4.12482	12	87743510	T	G	3.710248102062302e-05	4.430597048402755
12:7331165:C:T	0.000132294	0.0283042	-5.36574	-4.12475	12	7331165	C	T	3.7113766687735985e-05	4.430464966732208
12:21448697:A:G	8.29628e-05	0.0093282	-4.72241	-4.12444	12	21448697	A	G	3.7163785257458e-05	4.429880058060943
12:118674412:G:A	9.23279e-06	0.00264044	-5.65594	-4.12417	12	118674412	G	A	3.720740195584025e-05	4.429370653967563
12:89606572:C:CT	0.00480639	7.77669e-06	6.42657	4.12329	12	89606572	C	CT	3.734989765156229e-05	4.4277105839268325
12:63624492:G:A	2.64061e-05	0.00771208	-5.67695	-4.12298	12	63624492	G	A	3.740021828365482e-05	4.427125863063955
12:29415096:G:A	1.05533e-05	0.00145668	-4.92747	-4.12211	12	29415096	G	A	3.754178470332696e-05	4.425485085247359
12:87743902:C:A	1.81004e-06	0.0011176	-6.42559	-4.12077	12	87743902	C	A	3.7760825101318904e-05	4.422958524621987
12:42351598:A:AT	7.29533e-06	0.00152363	-5.34162	-4.12008	12	42351598	A	AT	3.787408721815603e-05	4.4216578250479195
12:81633543:CA:C	0.00437194	1.19104e-05	5.90555	4.11899	12	81633543	CA	C	3.8053665888005424e-05	4.4196034992549444
12:39701794:A:G	0.000687939	6.20792e-06	4.70787	4.11795	12	39701794	A	G	3.822576027146738e-05	4.417643868154504
12:39701465:C:T	0.000687939	6.2089e-06	4.70772	4.1178	12	39701465	C	T	3.8250642453780674e-05	4.417361266084516
12:47041934:G:GA	7.1015e-05	0.0168923	-5.47172	-4.1168	12	47041934	G	GA	3.841691698502259e-05	4.415477490856852
12:103895527:A:G	2.38702e-05	0.00567155	-5.47059	-4.11573	12	103895527	A	G	3.8595590435229556e-05	4.413462310847439
12:32667616:C:CAAA	5.49004e-06	0.00131092	-5.47555	-4.11516	12	32667616	C	CAAA	3.869109334624872e-05	4.412388997662225
12:15102678:A:ATGTGTGTGT	0.000168409	0.0349822	-5.3362	-4.11485	12	15102678	A	ATGTGTGTGT	3.874312765124873e-05	4.411805322521143
12:16248771:T:A	0.000306765	0.131356	-6.05958	-4.11403	12	16248771	T	A	3.88810871915659e-05	4.410261599849248
12:47610541:T:C	9.63061e-06	0.00150102	-5.04895	-4.11312	12	47610541	T	C	3.903473444837197e-05	4.40854877077602
12:40737360:G:GTATA	2.34971e-05	0.0143649	-6.41567	-4.11227	12	40737360	G	GTATA	3.917877151497171e-05	4.406949185815335
12:63360255:A:T	0.00163753	1.53226e-05	4.67161	4.11123	12	63360255	A	T	3.9355691329396045e-05	4.404992454303078
12:118674313:G:A	9.22472e-06	0.00260202	-5.64216	-4.11114	12	118674313	G	A	3.937103729404145e-05	4.404823142864233
12:43938815:A:G	4.34657e-05	0.00243852	-4.02717	-4.11049	12	43938815	A	G	3.948203800285488e-05	4.403600437802046
12:38373275:A:G	8.86925e-06	0.0018686	-5.35035	-4.11002	12	38373275	A	G	3.95624850110864e-05	4.402716437178316
12:109599608:G:T	0.000104149	0.00687947	-4.19047	-4.10993	12	109599608	G	T	3.957790749365298e-05	4.402547170917466
12:618169:G:A	1.09291e-05	0.00230037	-5.3494	-4.10911	12	618169	G	A	3.971868650937187e-05	4.401005121988438
12:49045738:A:G	3.58913e-05	0.00427734	-4.78059	-4.10905	12	49045738	A	G	3.972900605022139e-05	4.400892300091979
12:47665734:G:A	2.57465e-06	0.000531188	-5.3294	-4.10829	12	47665734	G	A	3.9859940675815825e-05	4.39946335200244
12:95230424:C:CT	1.46439e-05	0.00346712	-5.46706	-4.10696	12	95230424	C	CT	4.009006224871921e-05	4.396963269410384
12:40747058:T:G	4.00931e-05	0.0396805	-6.89741	-4.10619	12	40747058	T	G	4.022386620525494e-05	4.395516188564943
12:38373369:G:C	8.91457e-06	0.0018686	-5.34526	-4.10514	12	38373369	G	C	4.040700925714452e-05	4.39354329286806
12:1203151:T:G	5.26341e-05	0.00345518	-4.18427	-4.10419	12	1203151	T	G	4.0573391719074996e-05	4.39175868607657
12:63361775:A:G	0.00163753	1.54542e-05	4.66306	4.10283	12	63361775	A	G	4.0812713250043054e-05	4.389204532147772
12:66072016:T:G	8.11521e-05	0.0169541	-5.34194	-4.10197	12	66072016	T	G	4.0964739609516985e-05	4.387589801368709
12:11170416:G:A	1.14005e-05	0.00120059	-4.65691	-4.10155	12	11170416	G	A	4.103918018816759e-05	4.3868013234155185
12:27073942:GGTGT:G	0.000777003	2.45608e-06	5.75688	4.09973	12	27073942	GGTGT	G	4.136324180864705e-05	4.383385431122192
12:73817360:G:A	1.32721e-06	0.000369569	-5.62926	-4.09895	12	73817360	G	A	4.150286733524064e-05	4.381921897869703
12:17314522:A:T	8.04203e-06	0.00787199	-6.88638	-4.09737	12	17314522	A	T	4.1787070116671256e-05	4.378958078168872
12:96521503:CGT:C	0.003202	7.96352e-06	5.99666	4.09734	12	96521503	CGT	C	4.179248419311401e-05	4.378901813127825
12:42350963:C:T	7.55403e-06	0.00153976	-5.3173	-4.09662	12	42350963	C	T	4.1922621866887814e-05	4.377551564127512
12:81642127:T:C	5.59095e-05	0.0155244	-5.62643	-4.09628	12	81642127	T	C	4.1984209329371e-05	4.376914021283076
12:118676890:T:TA	5.68001e-06	0.00340656	-6.39651	-4.09586	12	118676890	T	TA	4.2060406477139566e-05	4.376126534552082
12:32668772:CAT:C	0.00102465	5.39101e-06	5.24737	4.09582	12	32668772	CAT	C	4.2067670187220195e-05	4.376051539631502
12:121938985:TA:T	0.00232315	3.76344e-05	4.12276	4.09454	12	121938985	TA	T	4.230073830076381e-05	4.373652052550501
12:23989219:CAAA:C	0.0366718	0.00018836	5.27141	4.09447	12	23989219	CAAA	C	4.231351947817734e-05	4.373520850197355
12:63362762:GTT:G	0.00165904	1.57988e-05	4.65406	4.09399	12	63362762	GTT	G	4.2401260587163125e-05	4.372621231664089
12:73393645:G:A	3.08542e-05	0.00222958	-4.2803	-4.09276	12	73393645	G	A	4.262688572107267e-05	4.370316395327504
12:76596880:G:C	5.19371e-06	0.00107364	-5.33136	-4.09184	12	76596880	G	C	4.279639005692138e-05	4.368592862867189
12:51433852:GT:G	0.0535895	9.94881e-05	6.28907	4.09079	12	51433852	GT	G	4.2990627409449976e-05	4.366626216700307
12:113596754:A:AATT	5.36905e-05	0.0143711	-5.58974	-4.08841	12	113596754	A	AATT	4.343399948816248e-05	4.362170178105747
12:32666224:G:A	5.03706e-06	0.0048743	-6.87491	-4.0882	12	32666224	G	A	4.347332811214665e-05	4.3617771110073855
12:63357706:CAA:C	0.0018053	1.3344e-05	4.90742	4.08774	12	63357706	CAA	C	4.355959459937319e-05	4.360916170791251
12:7612602:GGAAAA:G	0.00835861	8.01222e-05	4.6475	4.08754	12	7612602	GGAAAA	G	4.35971523939121e-05	4.3605418763277
12:73406989:G:A	9.99745e-06	0.00275002	-5.61703	-4.0874	12	73406989	G	A	4.36234611249133e-05	4.360279880072795
12:12429596:A:AT	6.09888e-06	0.00253481	-6.02977	-4.08721	12	12429596	A	AT	4.365918991970979e-05	4.359924326727287
12:87742811:A:G	1.73131e-06	0.00167114	-6.87238	-4.08617	12	87742811	A	G	4.3855250373232766e-05	4.357978405225566
12:38372097:G:C	1.09627e-05	0.00158718	-4.97522	-4.08584	12	38372097	G	C	4.391763620671073e-05	4.357361043102783
12:81633570:T:C	1.1354e-05	0.0109546	-6.87194	-4.08582	12	81633570	T	C	4.3921419870534427e-05	4.35732362866792
12:28293956:C:T	3.96676e-06	0.00111387	-5.63765	-4.08532	12	28293956	C	T	4.40161120179168e-05	4.356388321704
12:55784648:G:A	9.19505e-06	0.00543001	-6.38103	-4.0826	12	55784648	G	A	4.4534638591920226e-05	4.351302067726216
12:58056987:G:T	0.000624283	9.4395e-06	4.1917	4.08253	12	58056987	G	T	4.454805918980046e-05	4.351171211975493
12:81637998:CAGA:C	0.00778777	2.21473e-05	5.8626	4.08246	12	81637998	CAGA	C	4.4561483623528115e-05	4.3510403582565615
12:61198275:G:A	1.21635e-05	0.00323517	-5.5834	-4.08243	12	61198275	G	A	4.45672381267631e-05	4.3509842787132795
12:81633524:G:T	1.14064e-05	0.0109546	-6.86734	-4.08214	12	81633524	G	T	4.4622901340525024e-05	4.350442195701306
12:83283488:C:T	6.39075e-06	0.00377124	-6.38031	-4.08198	12	83283488	C	T	4.465364029840667e-05	4.350143130346177
12:43034249:CCTTTCTTTC:C	0.00304125	1.6254e-05	5.23169	4.08194	12	43034249	CCTTTCTTTC	C	4.466132817531516e-05	4.350068365665984
12:40071984:C:T	7.6951e-06	0.0045395	-6.37999	-4.08171	12	40071984	C	T	4.4705557835302195e-05	4.349638481629633
12:120920405:C:G	2.38646e-05	0.00667445	-5.63365	-4.08149	12	120920405	C	G	4.4747903338105426e-05	4.3492273087284765
12:64480322:A:C	0.00485116	1.5655e-05	5.73618	4.08142	12	64480322	A	C	4.476138488310434e-05	4.349096485195831
12:16247780:G:C	0.000349688	0.0360143	-4.63463	-4.08095	12	16247780	G	C	4.485200364377465e-05	4.348218151237538
12:16247998:T:C	0.000349688	0.0360143	-4.63463	-4.08095	12	16247998	T	C	4.485200364377465e-05	4.348218151237538
12:51441476:T:C	8.24131e-05	0.0339951	-6.02223	-4.08043	12	51441476	T	C	4.4952465435784775e-05	4.347246484224543
12:1777281:G:C	3.07984e-06	0.00181363	-6.37821	-4.08019	12	1777281	G	C	4.4998904362213885e-05	4.346798060341043
12:112087269:C:T	5.70555e-06	0.000587124	-4.6338	-4.08018	12	112087269	C	T	4.5000840304547776e-05	4.346779376530858
12:31101322:C:T	0.00406525	3.85908e-05	4.65722	4.0798	12	31101322	C	T	4.507446467367084e-05	4.346069422468042
12:83426003:ATTTT:A	0.00546251	2.81137e-05	5.26941	4.07916	12	83426003	ATTTT	A	4.5198721901438154e-05	4.344873845697482
12:118677067:G:A	9.50158e-06	0.00264995	-5.63084	-4.0788	12	118677067	G	A	4.526875928301476e-05	4.344201408396826
12:62498048:CT:C	0.000212868	2.78901e-06	4.33499	4.07668	12	62498048	CT	C	4.568329389198586e-05	4.340242589798548
12:27045996:A:G	1.17823e-05	0.00234983	-5.2955	-4.07558	12	27045996	A	G	4.589979859798454e-05	4.338189220083128
12:38372757:GT:G	0.00114555	1.16554e-05	4.58788	4.07537	12	38372757	GT	G	4.5941241774481254e-05	4.337797270165885
12:105359934:C:T	4.43703e-05	0.0259794	-6.37249	-4.07529	12	105359934	C	T	4.595703898319483e-05	4.337647960721034
12:81642653:TGTATCTATT:T	0.0164551	5.3504e-05	5.72863	4.07473	12	81642653	TGTATCTATT	T	4.606776376330869e-05	4.336602868902664
12:39164148:C:T	0.0052965	3.5679e-05	5.00024	4.07446	12	39164148	C	T	4.6121239269759145e-05	4.336099031802596
12:74958152:G:A	1.67886e-05	0.00381826	-5.42685	-4.07442	12	74958152	G	A	4.6129166571552434e-05	4.336024391839719
12:83433706:G:A	6.08234e-06	0.00578171	-6.85707	-4.07392	12	83433706	G	A	4.6228366926540935e-05	4.335091448273339
12:83433675:A:G	6.08234e-06	0.00578171	-6.85707	-4.07392	12	83433675	A	G	4.6228366926540935e-05	4.335091448273339
12:32667578:T:C	0.00116458	6.28197e-06	5.22243	4.07375	12	32667578	T	C	4.62621411056396e-05	4.334774271071539
12:50793633:CA:C	7.7709e-05	0.0154413	-5.29183	-4.07204	12	50793633	CA	C	4.660317355582212e-05	4.331584507969815
12:113597849:A:G	5.46521e-05	0.0143711	-5.57199	-4.07166	12	113597849	A	G	4.667928160737545e-05	4.330875836353177
12:73473631:G:C	7.35368e-06	0.000875075	-4.77911	-4.0709	12	73473631	G	C	4.683185142553333e-05	4.329458672711218
12:60437093:G:A	0.00346169	1.80094e-05	5.25862	4.06937	12	60437093	G	A	4.714043385433419e-05	4.32660642478844
12:16247697:A:G	0.000349688	0.0355585	-4.62189	-4.06917	12	16247697	A	G	4.7180913616611556e-05	4.3262336536409425
12:100852839:C:T	1.92255e-05	0.00782682	-6.00907	-4.0686	12	100852839	C	T	4.729646183593277e-05	4.3251713468436765
12:113598666:C:T	5.48431e-05	0.0143711	-5.5685	-4.06837	12	113598666	C	T	4.734316249007624e-05	4.324742734870912
12:11001195:T:C	1.43322e-06	0.00028902	-5.30657	-4.0681	12	11001195	T	C	4.739804078561423e-05	4.324239609667307
12:83433298:G:A	6.13312e-06	0.00578171	-6.84875	-4.06727	12	83433298	G	A	4.756711866672613e-05	4.322693154761309
12:83433342:T:A	6.13312e-06	0.00578171	-6.84875	-4.06727	12	83433342	T	A	4.756711866672613e-05	4.322693154761309
12:16241065:A:G	0.0271643	0.00061861	3.78219	4.06715	12	16241065	A	G	4.759161092518619e-05	4.322469594548198
12:122697763:C:G	6.65817e-05	0.00621294	-4.53596	-4.06598	12	122697763	C	G	4.7831037882564866e-05	4.320290195298214
12:49045593:A:G	0.00388503	3.76653e-05	4.63615	4.06598	12	49045593	A	G	4.7831037882564866e-05	4.320290195298214
12:70210413:GATATTGGCT:G	0.00149528	4.91312e-06	5.71816	4.06546	12	70210413	GATATTGGCT	G	4.793781603642005e-05	4.319321755553444
12:1777369:A:T	3.0733e-06	0.00177856	-6.36081	-4.06528	12	1777369	A	T	4.797483033106315e-05	4.318986552526067
12:19453114:A:G	2.02684e-06	0.000407347	-5.30319	-4.06486	12	19453114	A	G	4.8061302420748186e-05	4.318204464358588
12:40071138:A:G	5.78845e-06	0.000609903	-4.65743	-4.06446	12	40071138	A	G	4.8143794156789114e-05	4.317459686465945
12:31101383:C:A	0.00401747	3.88169e-05	4.63955	4.06343	12	31101383	C	A	4.83568286754254e-05	4.31554218866165
12:27219572:C:CT	0.000532558	5.48598e-06	4.5755	4.06331	12	27219572	C	CT	4.838170627542004e-05	4.315318819460445
12:118227265:TTA:T	0.000187041	9.80828e-07	5.25068	4.06217	12	118227265	TTA	T	4.8618649405190946e-05	4.313197109746485
12:32668282:T:C	0.000995022	5.43906e-06	5.20916	4.06201	12	32668282	T	C	4.865199248250594e-05	4.312899369035131
12:64479342:G:A	0.00470874	1.55435e-05	5.71353	4.06136	12	64479342	G	A	4.87876717865221e-05	4.311689906511468
12:39947283:T:C	7.2462e-05	0.00994194	-4.92146	-4.05973	12	39947283	T	C	4.912949308663466e-05	4.308657716850586
12:85945959:C:T	6.6016e-06	0.00176303	-5.58748	-4.05946	12	85945959	C	T	4.9186332509547734e-05	4.308155558620694
12:83433220:G:A	6.20539e-06	0.00578171	-6.83704	-4.0579	12	83433220	G	A	4.9515960568368746e-05	4.305254791581277
12:129381591:A:G	0.000321466	0.0452734	-4.94758	-4.05783	12	129381591	A	G	4.953080054988852e-05	4.305124652603262
12:50909955:C:T	3.30999e-05	0.00382614	-4.75008	-4.05711	12	50909955	C	T	4.9683685254379395e-05	4.303786198131749
12:4818031:G:C	8.1862e-05	0.0183881	-5.41443	-4.05609	12	4818031	G	C	4.990103781156015e-05	4.301890422089096
12:1205264:A:G	5.48273e-05	0.00341659	-4.13221	-4.05606	12	1205264	A	G	4.9907444157843204e-05	4.301834670497873
12:28294393:C:G	3.9638e-06	0.00107943	-5.60698	-4.05594	12	28294393	C	G	4.9933077339698154e-05	4.301611667863053
12:82438066:T:C	8.70824e-06	0.00809237	-6.83441	-4.0558	12	82438066	T	C	4.9962998491042086e-05	4.301351505665462
12:27224123:GT:G	7.34529e-06	0.0010027	-4.9164	-4.05465	12	27224123	GT	G	5.0209423345874605e-05	4.299214766459605
12:16662928:C:CATCT	0.0002422	1.14211e-05	3.0543	4.05412	12	16662928	C	CATCT	5.0323380467261983e-05	4.298230192901287
12:32669131:C:T	0.000776387	5.3493e-06	4.97769	4.05361	12	32669131	C	T	5.04332687348322e-05	4.297282882971238
12:12425506:C:T	1.05923e-05	0.00237317	-5.41186	-4.0536	12	12425506	C	T	5.043542567854377e-05	4.2972643093442615
12:44840615:G:A	6.69258e-05	0.00780678	-4.75916	-4.05276	12	44840615	G	A	5.06169214245714e-05	4.295704272630532
12:51498039:T:C	7.0468e-05	0.0181439	-5.55093	-4.0518	12	51498039	T	C	5.082510311368357e-05	4.293921731594826
12:86855027:G:A	0.000902717	1.42971e-05	4.14535	4.05163	12	86855027	G	A	5.086205309572378e-05	4.293606113091744
12:87746095:T:C	1.98538e-06	0.00113018	-6.34432	-4.05116	12	87746095	T	C	5.096434147172252e-05	4.292733583088295
12:1007461:TTCTC:T	6.73273e-06	0.000229404	-3.52851	-4.05108	12	1007461	TTCTC	T	5.098177166481997e-05	4.292585076460203
12:31101708:T:A	0.00403638	3.95609e-05	4.62526	4.05019	12	31101708	T	A	5.1176064007527014e-05	4.290933119104266
12:29411293:A:T	1.80474e-05	0.00281881	-5.05107	-4.04997	12	29411293	A	T	5.1224199389591626e-05	4.290524820694453
12:29411530:T:C	1.80474e-05	0.00281805	-5.0508	-4.04972	12	29411530	T	C	5.1278950772243514e-05	4.290060869575172
12:102748039:ATCTTCTTCT:A	0.0336396	0.000351705	4.56067	4.04886	12	102748039	ATCTTCTTCT	A	5.146771939332718e-05	4.288465075519741
12:51010513:C:CAAA	4.61807e-05	0.00673833	-4.983	-4.04881	12	51010513	C	CAAA	5.1478714545947264e-05	4.288372306223205
12:87743249:C:G	1.74274e-06	0.00160536	-6.82565	-4.04879	12	87743249	C	G	5.1483113230276394e-05	4.288335198794671
12:47440999:C:CA	1.01147e-05	0.00223841	-5.39954	-4.04862	12	47440999	C	CA	5.1520516431441734e-05	4.288019792344647
12:73414835:A:C	6.87079e-06	0.0018128	-5.57535	-4.04799	12	73414835	A	C	5.165935297752141e-05	4.286851037575242
12:60441719:T:G	2.07614e-05	0.0024082	-4.75354	-4.04764	12	60441719	T	G	5.173663752421759e-05	4.286201800438397
12:83432088:C:T	6.28767e-06	0.00578171	-6.82387	-4.04737	12	83432088	C	T	5.179633188576833e-05	4.285700995045819
12:7004931:A:G	1.83058e-05	0.0168325	-6.82385	-4.04735	12	7004931	A	G	5.180075628594224e-05	4.285663899551799
12:100917367:C:A	2.45821e-05	0.00976432	-5.98447	-4.04648	12	100917367	C	A	5.1993564717688094e-05	4.284050405991127
12:7329336:A:AT	0.000127595	0.0251381	-5.28328	-4.0458	12	7329336	A	AT	5.2144738880891544e-05	4.2827895029662955
12:70951694:G:A	8.60652e-06	0.00169432	-5.28252	-4.04507	12	70951694	G	A	5.230749235579702e-05	4.2814360997421
12:32671329:A:G	2.68384e-06	0.00059584	-5.40272	-4.04478	12	32671329	A	G	5.237228135187546e-05	4.280898507691961
12:90234614:T:G	4.01189e-06	0.00226513	-6.33612	-4.04414	12	90234614	T	G	5.25155331659191e-05	4.279712220965896
12:16296248:G:T	0.00176865	0.107357	-4.10594	-4.04228	12	16296248	G	T	5.293396933422576e-05	4.276265538555183
12:104332595:T:C	2.76613e-05	0.00724345	-5.56782	-4.04088	12	104332595	T	C	5.3251003087700494e-05	4.2736722070188
12:16243554:T:A	0.0219452	0.000823859	3.2823	4.04032	12	16243554	T	A	5.3378319666392846e-05	4.272635101794287
12:32669049:A:G	0.000956006	5.35807e-06	5.18416	4.03989	12	32669049	A	G	5.347627631773413e-05	4.271838841330828
12:77458864:T:C	0.00295821	1.59026e-05	5.22586	4.03964	12	77458864	T	C	5.3533306135883574e-05	4.271375934419068
12:87744507:A:G	1.76379e-06	0.00160536	-6.81364	-4.03919	12	87744507	A	G	5.363610505794946e-05	4.270542767234623
12:78136947:C:G	1.93477e-05	0.0108566	-6.32996	-4.03886	12	78136947	C	G	5.371160977826022e-05	4.269931831289761
12:7325842:T:C	9.49775e-05	0.0209455	-5.39604	-4.03832	12	7325842	T	C	5.383538023043164e-05	4.268932215249786
12:7012478:G:A	5.29879e-05	0.0134416	-5.53605	-4.03775	12	7012478	G	A	5.3966319963411314e-05	4.267877196055127
12:89597536:C:T	5.39077e-05	0.0117868	-5.38746	-4.03721	12	89597536	C	T	5.409064642697442e-05	4.266877828356597
12:83431759:C:T	6.37549e-06	0.00578171	-6.80999	-4.03627	12	83431759	C	T	5.430771416267582e-05	4.265138476482428
12:33165648:A:G	1.66194e-06	0.000420461	-5.53336	-4.03522	12	33165648	A	G	5.4551159205257837e-05	4.263196016274579
12:123377701:G:GA	0.00373986	1.00507e-05	5.91916	4.03415	12	123377701	G	GA	5.480030470398262e-05	4.261217026718361
12:28902932:A:G	0.000105747	0.0956433	-6.80733	-4.03414	12	28902932	A	G	5.480263824316826e-05	4.261198533726029
12:28902772:C:A	0.000105747	0.0956433	-6.80733	-4.03414	12	28902772	C	A	5.480263824316826e-05	4.261198533726029
12:58058183:G:A	0.000709175	1.13021e-05	4.13912	4.03389	12	58058183	G	A	5.486100732762122e-05	4.260736222382037
12:1771194:C:T	5.68507e-06	0.003169	-6.32333	-4.03318	12	1771194	C	T	5.502709684743431e-05	4.259423399353089
12:117651103:A:G	0.000644655	0.0658267	-4.62607	-4.03289	12	117651103	A	G	5.509507315641969e-05	4.258887235933115
12:60431007:GT:G	0.00106751	1.13487e-05	4.54398	4.0326	12	60431007	GT	G	5.516312901279536e-05	4.258351107353886
12:38377866:T:TTTA	5.58018e-06	0.000766255	-4.92229	-4.03219	12	38377866	T	TTTA	5.525948181469885e-05	4.257593191914477
12:7741783:C:T	0.000106799	0.0146649	-4.92226	-4.03216	12	7741783	C	T	5.5266538275996654e-05	4.257537737421408
12:73471703:T:C	7.97877e-06	0.000540457	-4.21563	-4.03144	12	73471703	T	C	5.5436149660695284e-05	4.256206941440679
12:103897817:G:A	1.17063e-05	0.0105476	-6.80352	-4.0311	12	103897817	G	A	5.5516415226607656e-05	4.255578584656336
12:58057832:G:A	0.000705919	1.12873e-05	4.13582	4.03084	12	58057832	G	A	5.557786904853804e-05	4.255098108839733
12:89177497:CT:C	0.000100278	1.61743e-06	4.12711	4.03035	12	89177497	CT	C	5.569386107402595e-05	4.254192672844352
12:32669253:T:C	0.00081247	4.60967e-06	5.17192	4.02906	12	32669253	T	C	5.600032537848039e-05	4.251809449606871
12:101880281:CTTTTTTTTT:C	0.00229492	6.20988e-06	5.91231	4.02856	12	101880281	CTTTTTTTTT	C	5.611953901821269e-05	4.250885905046898
12:45431670:C:T	7.57268e-06	0.00419746	-6.31769	-4.02835	12	45431670	C	T	5.616968039952836e-05	4.250498047213695
12:83431374:T:G	6.44341e-06	0.00578171	-6.7994	-4.0278	12	83431374	T	G	5.63012042613209e-05	4.2494823156557056
12:51238723:G:A	8.29496e-06	0.00160253	-5.26369	-4.02705	12	51238723	G	A	5.648102517367957e-05	4.248097429108671
12:57522024:C:G	5.82645e-06	0.000250214	-3.75991	-4.02662	12	57522024	C	G	5.658436772318888e-05	4.247303532579489
12:58058165:G:A	0.000706163	1.13431e-05	4.13123	4.0266	12	58058165	G	A	5.658917870967673e-05	4.247266609023565
12:60432581:A:C	6.0621e-06	0.00541905	-6.79562	-4.02477	12	60432581	A	C	5.70310273737107e-05	4.243888804835821
12:778760:A:G	0.000102425	0.026365	-5.55066	-4.02466	12	778760	A	G	5.7057690428306764e-05	4.243685811622896
12:7612379:C:T	4.51142e-05	0.0248474	-6.31131	-4.02289	12	7612379	C	T	5.748835008114226e-05	4.24042015545105
12:27222989:CAA:C	0.000526727	5.37427e-06	4.58506	4.02225	12	27222989	CAA	C	5.764482530122786e-05	4.2392396726535795
12:61301011:C:T	4.01468e-05	0.00553877	-4.92699	-4.02195	12	61301011	C	T	5.7718311840691946e-05	4.238686379744062
12:70301182:T:C	1.15939e-06	0.00103261	-6.79196	-4.02184	12	70301182	T	C	5.774527912945651e-05	4.238483515017323
12:19494498:C:CT	4.02425e-07	0.000220899	-6.30795	-4.02002	12	19494498	C	CT	5.819320097593735e-05	4.235127753341873
12:74960359:G:A	1.60739e-05	0.0142803	-6.78943	-4.01983	12	74960359	G	A	5.8240151272325807e-05	4.234777505661863
12:19451259:G:A	1.21924e-05	0.00303372	-5.51673	-4.01953	12	19451259	G	A	5.831435636681031e-05	4.234224513451253
12:32668582:C:T	0.000956006	5.4916e-06	5.15954	4.01811	12	32668582	C	T	5.866681041487714e-05	4.231607522775204
12:32668313:T:A	0.000956006	5.49239e-06	5.1594	4.01798	12	32668313	T	A	5.8699177938942384e-05	4.231367980849167
12:79947881:C:G	3.06175e-06	0.000575136	-5.23562	-4.0178	12	79947881	C	G	5.874402243094338e-05	4.2310363189682745
12:617021:C:A	1.13227e-05	0.00216323	-5.25255	-4.01637	12	617021	C	A	5.9101441512318915e-05	4.228401926340218
12:114153483:C:T	0.000120015	0.0224903	-5.23322	-4.01548	12	114153483	C	T	5.932492981719911e-05	4.226762766891006
12:60440198:A:G	1.72697e-05	0.00193255	-4.71764	-4.01498	12	60440198	A	G	5.945083589388155e-05	4.225842034711428
12:42278107:G:GA	1.74664e-06	0.00154189	-6.78307	-4.01474	12	42278107	G	GA	5.951136065016881e-05	4.225400120040957
12:73817820:T:C	6.63443e-07	0.000254379	-5.94914	-4.0147	12	73817820	T	C	5.952145378065177e-05	4.22532646991506
12:73817718:T:C	6.63586e-07	0.000254379	-5.94892	-4.01451	12	73817718	T	C	5.956941829092957e-05	4.22497664086595
12:51442641:G:A	8.87667e-05	0.0340025	-5.94818	-4.01384	12	51442641	G	A	5.973884856098886e-05	4.223743152478928
12:76598516:A:G	5.06077e-06	0.000963937	-5.24951	-4.01346	12	76598516	A	G	5.983514603699027e-05	4.2230436446698825
12:16991653:C:T	2.19434e-05	0.00571261	-5.56196	-4.0128	12	16991653	C	T	6.000274899499206e-05	4.221828852182905
12:118677704:A:G	0.00308227	9.52353e-06	5.77966	4.01191	12	118677704	A	G	6.022946305238466e-05	4.220191008561544
12:33021260:G:A	1.07179e-05	0.00409255	-5.945	-4.01099	12	33021260	G	A	6.0464671604727787e-05	4.218498301521804
12:33021259:A:G	1.07179e-05	0.00409255	-5.945	-4.01099	12	33021259	A	G	6.0464671604727787e-05	4.218498301521804
12:76767686:G:A	8.63656e-05	0.009532	-4.70382	-4.01023	12	76767686	G	A	6.0659630050375516e-05	4.217100242682962
12:14091169:G:A	0.0169718	9.54954e-05	5.18023	4.01008	12	14091169	G	A	6.069817895451289e-05	4.216824338280095
12:16972607:ACT:A	0.0102221	0.000143837	4.26362	4.0094	12	16972607	ACT	A	6.08732250918689e-05	4.215573688513159
12:84425028:AG:A	0.000602542	3.39597e-06	5.17857	4.00854	12	84425028	AG	A	6.109529151703982e-05	4.213992258611169
12:14359133:G:C	1.76173e-05	0.00456505	-5.5573	-4.00834	12	14359133	G	C	6.114704468781062e-05	4.213624528109161
12:120482862:T:G	6.51082e-06	0.00071637	-4.70073	-4.0071	12	120482862	T	G	6.146884195771535e-05	4.211344968693222
12:58474764:G:C	0.00827321	0.000116662	4.26149	4.00699	12	58474764	G	C	6.149746578473952e-05	4.211142780458408
12:84503879:C:T	0.000411824	2.29555e-06	5.18962	4.00677	12	84503879	C	T	6.155475130182518e-05	4.210738419019831
12:16242555:G:A	0.0286752	0.000620412	3.8334	4.00634	12	16242555	G	A	6.166686435516188e-05	4.209948134075271
12:61029376:TCTC:T	0.00772993	2.71844e-05	5.65021	4.00531	12	61029376	TCTC	T	6.19362009036863e-05	4.20805543729319
12:16241949:G:C	0.028463	0.00061734	3.83094	4.00401	12	16241949	G	C	6.227773027116652e-05	4.205667223796117
12:16241829:GTTAAC:G	0.02846	0.000617403	3.83073	4.00381	12	16241829	GTTAAC	G	6.233043123128188e-05	4.205299868443822
12:100852990:G:A	2.01197e-05	0.00506527	-5.52846	-4.00368	12	100852990	G	A	6.236470949268314e-05	4.205061096346299
12:29410886:GATAATATCC:G	1.92162e-05	0.00285072	-4.99957	-4.00368	12	29410886	GATAATATCC	G	6.236470949268314e-05	4.205061096346299
12:29410823:T:C	1.92162e-05	0.00285072	-4.99957	-4.00368	12	29410823	T	C	6.236470949268314e-05	4.205061096346299
12:11164743:CA:C	0.00104947	1.07377e-05	4.58228	4.00181	12	11164743	CA	C	6.285976805210576e-05	4.201627225829995
12:11164815:G:A	0.00104947	1.07382e-05	4.58222	4.00176	12	11164815	G	A	6.287305583907308e-05	4.201535430984393
12:23802250:T:G	1.16814e-05	0.00627289	-6.286	-4.00121	12	23802250	T	G	6.301939709902284e-05	4.200525755998896
12:60000450:C:G	7.86074e-06	0.0042175	-6.28512	-4.00046	12	60000450	C	G	6.32194730673325e-05	4.19914912831459
12:60000145:A:T	7.86074e-06	0.0042175	-6.28512	-4.00046	12	60000145	A	T	6.32194730673325e-05	4.19914912831459
12:25222148:CA:C	0.000905417	3.68603e-05	3.20126	4.00045	12	25222148	CA	C	6.32221448045816e-05	4.199130774852113
12:40972240:G:T	3.66496e-05	0.00366804	-4.60601	-3.99967	12	40972240	G	T	6.343086993574504e-05	4.197699332340469
12:48133276:G:A	0.000639077	5.18883e-06	4.81352	3.99931	12	48133276	G	A	6.352742446403097e-05	4.197038751523435
12:40972353:A:G	2.59282e-05	0.00382527	-4.99405	-3.99872	12	40972353	A	G	6.368596751883504e-05	4.195956248990948
12:18028526:G:A	0.000326568	1.91884e-06	5.13692	3.99809	12	18028526	G	A	6.385567270313415e-05	4.194800515562104
12:89180048:A:G	1.23963e-05	0.00259874	-5.34539	-3.99747	12	89180048	A	G	6.402310200439571e-05	4.19366328753717
12:32863442:T:C	0.00337622	0.000174894	2.96033	3.99744	12	32863442	T	C	6.403121395266708e-05	4.193608264411239
12:32863880:T:C	0.00337622	0.000174894	2.96033	3.99744	12	32863880	T	C	6.403121395266708e-05	4.193608264411239
12:32863635:A:G	0.00337622	0.000174894	2.96033	3.99744	12	32863635	A	G	6.403121395266708e-05	4.193608264411239
12:44839478:T:C	7.68105e-05	0.00840848	-4.69566	-3.99499	12	44839478	T	C	6.469698364987702e-05	4.189115966854498
12:32667793:C:CTT	5.51028e-06	0.00115087	-5.34166	-3.99395	12	32667793	C	CTT	6.498157244151797e-05	4.187209783689531
12:29411001:A:T	1.92162e-05	0.00281881	-4.98832	-3.99356	12	29411001	A	T	6.508859838421576e-05	4.18649508044083
12:73391069:G:C	5.85827e-05	0.0038109	-4.17518	-3.99309	12	73391069	G	C	6.521780004954373e-05	4.185633855061767
12:71908553:G:A	5.63055e-05	0.0299209	-6.27552	-3.99224	12	71908553	G	A	6.545207930998983e-05	4.1840765520389605
12:42204374:G:T	2.64939e-06	0.00049321	-5.22661	-3.99154	12	42204374	G	T	6.564561301439174e-05	4.18279429177256
12:58474826:T:A	0.00814787	0.000116997	4.24336	3.9898	12	58474826	T	A	6.612903148481613e-05	4.179607837856734
12:109595465:G:C	0.00011426	0.00655192	-4.04903	-3.98953	12	109595465	G	C	6.620434597315645e-05	4.179113500436299
12:25221999:T:A	0.000894895	3.68603e-05	3.18957	3.98861	12	25221999	T	A	6.646158311487157e-05	4.177429318039789
12:44841308:T:C	9.82616e-05	0.0203935	-5.33534	-3.98798	12	44841308	T	C	6.663827995363103e-05	4.17627622132947
12:3823915:CA:C	0.0289562	8.24359e-05	5.86152	3.98715	12	3823915	CA	C	6.6871749755422e-05	4.174757312972037
12:87169741:T:C	9.41227e-06	0.00125286	-4.89117	-3.98705	12	87169741	T	C	6.689993083775377e-05	4.174574331212706
12:33167042:T:G	1.44647e-05	0.00184452	-4.84826	-3.98628	12	33167042	T	G	6.711730190880795e-05	4.173165510309099
12:53693469:G:A	0.00121586	3.54446e-05	3.53524	3.98524	12	53693469	G	A	6.741195514681222e-05	4.171263076849365
12:16237650:T:G	0.0239784	0.000594812	3.69666	3.9849	12	16237650	T	G	6.750854929515033e-05	4.170641224552736
12:40277196:C:A	3.4034e-05	0.00839147	-5.50761	-3.98397	12	40277196	C	A	6.777343221433392e-05	4.168940520055686
12:101396595:T:C	3.61611e-05	0.00493471	-4.91606	-3.98353	12	101396595	T	C	6.789909559400237e-05	4.1681360104197935
12:56331135:G:A	0.00591705	0.000266137	3.10158	3.98242	12	56331135	G	A	6.821709040289703e-05	4.166106808073066
12:58474924:T:C	0.00810859	0.000117368	4.23536	3.98221	12	58474924	T	C	6.827740988300404e-05	4.1657229622915555
12:108545809:T:C	5.01671e-05	0.0104366	-5.33771	-3.98194	12	108545809	T	C	6.835503765716903e-05	4.165229473106567
12:83286316:C:T	5.72518e-06	0.00136843	-5.47655	-3.98161	12	83286316	C	T	6.845002945724514e-05	4.164626360632749
12:83286288:A:G	5.72518e-06	0.00136843	-5.47655	-3.98161	12	83286288	A	G	6.845002945724514e-05	4.164626360632749
12:1262844:T:C	0.0012812	6.61778e-05	2.96321	3.98152	12	1262844	T	C	6.847595798128718e-05	4.164461883234987
12:123357170:A:G	4.07808e-06	0.00100161	-5.50374	-3.98031	12	123357170	A	G	6.882545616054103e-05	4.162250901513284
12:89600648:AT:A	0.00587919	1.24725e-05	6.15565	3.98	12	89600648	AT	A	6.891526823010614e-05	4.161684549159313
12:60426070:T:C	3.88436e-06	0.000418122	-4.67882	-3.97967	12	60426070	T	C	6.901099646922246e-05	4.161081701648337
12:57518773:T:C	5.75113e-06	0.000223357	-3.65937	-3.97906	12	57518773	T	C	6.918827998088025e-05	4.159967465813582
12:44648863:G:T	0.000970443	1.04281e-05	4.53325	3.97789	12	44648863	G	T	6.952952206075913e-05	4.157830755902582
12:83425290:AT:A	0.00531275	3.05753e-05	5.15767	3.97777	12	83425290	AT	A	6.95646111390962e-05	4.157611638200497
12:57513986:C:G	5.28817e-06	0.00275697	-6.25642	-3.97588	12	57513986	C	G	7.011947883475358e-05	4.154161320473733
12:42111813:G:C	1.9694e-06	0.000354217	-5.19218	-3.97588	12	42111813	G	C	7.011947883475358e-05	4.154161320473733
12:87177161:G:T	1.2693e-05	0.00166905	-4.87896	-3.97515	12	87177161	G	T	7.03349116355349e-05	4.152829053826053
12:58474791:T:A	0.00807171	0.000117736	4.22768	3.97493	12	58474791	T	A	7.039995928055805e-05	4.152427592054394
12:31102025:C:T	0.00392219	4.16971e-05	4.54397	3.97485	12	31102025	C	T	7.042362707663774e-05	4.152281610921562
12:51810462:T:C	7.90074e-05	0.0161527	-5.3203	-3.97377	12	51810462	T	C	7.07438799706452e-05	4.15031112484878
12:99074604:A:C	3.44657e-05	0.00211389	-4.11632	-3.97315	12	99074604	A	C	7.092835082046416e-05	4.1491801379647875
12:29410496:T:G	3.08127e-05	0.00126881	-3.71791	-3.9717	12	29410496	T	G	7.136155270537173e-05	4.146535709023767
12:29410276:T:G	3.10589e-05	0.00127844	-3.71751	-3.97131	12	29410276	T	G	7.147849548785456e-05	4.145824597299566
12:53693036:C:T	0.00562293	6.06695e-05	4.52917	3.97128	12	53693036	C	T	7.148749859107378e-05	4.145769899004654
12:74825650:G:GT	2.3486e-05	0.00478034	-5.31587	-3.96959	12	74825650	G	GT	7.199640923384436e-05	4.142689163135603
12:51430640:C:T	0.0558099	0.000204539	5.60895	3.96878	12	51430640	C	T	7.224153803594001e-05	4.141213016384873
12:87178718:A:C	1.35412e-05	0.00176792	-4.87182	-3.96819	12	87178718	A	C	7.242058534718437e-05	4.140137969272876
12:24164081:A:G	0.000334003	0.0430532	-4.85904	-3.96807	12	24164081	A	G	7.245705307972158e-05	4.139919333249886
12:27042302:G:A	0.00343279	1.25936e-05	5.60794	3.96789	12	27042302	G	A	7.251178724766693e-05	4.139591390387323
12:42360444:A:G	3.1398e-06	0.000421598	-4.89989	-3.96776	12	42360444	A	G	7.255134179924978e-05	4.1393545511019
12:117629737:A:G	7.26505e-05	0.0175968	-5.48981	-3.96715	12	117629737	A	G	7.273721663544848e-05	4.138243321689247
12:117630902:C:G	7.92764e-05	0.0191907	-5.48924	-3.96661	12	117630902	C	G	7.290213733964203e-05	4.137259738880854
12:40731328:G:A	3.17689e-05	0.0163751	-6.24503	-3.96613	12	40731328	G	A	7.304903037675261e-05	4.1363855443405075
12:60436810:C:A	1.63498e-05	0.00173313	-4.66346	-3.96571	12	60436810	C	A	7.317779138317538e-05	4.135620702318315
12:58474195:C:G	0.00887595	0.000116593	4.33241	3.9652	12	58474195	C	G	7.333443262914838e-05	4.134692063699345
12:58474206:G:A	0.00887595	0.000116593	4.33241	3.9652	12	58474206	G	A	7.333443262914838e-05	4.134692063699345
12:105031480:A:G	0.000247267	0.0254043	-4.63221	-3.96462	12	105031480	A	G	7.351295904570076e-05	4.133636095664827
12:29412079:C:T	1.83637e-05	0.00944439	-6.2428	-3.96422	12	29412079	C	T	7.36363201181407e-05	4.132907922942571
12:78134991:G:A	1.83646e-05	0.00665488	-5.89268	-3.96393	12	78134991	G	A	7.372587929475984e-05	4.132380039114111
12:123358491:T:C	3.95923e-06	0.000955216	-5.48589	-3.96344	12	123358491	T	C	7.387743755013989e-05	4.13148817653897
12:25214690:A:C	1.04833e-05	0.000583687	-4.01958	-3.96223	12	25214690	A	C	7.42529568408665e-05	4.129286247544704
12:25214735:G:A	1.04833e-05	0.000583687	-4.01958	-3.96223	12	25214735	G	A	7.42529568408665e-05	4.129286247544704
12:69762271:G:A	1.60619e-05	0.002899	-5.19567	-3.96192	12	69762271	G	A	7.434945434362464e-05	4.128722214451003
12:73393239:T:C	2.60329e-05	0.00297968	-4.74021	-3.96178	12	73393239	T	C	7.439307272486968e-05	4.1284675028604365
12:44841092:T:C	0.000100181	0.0201765	-5.3053	-3.95961	12	44841092	T	C	7.50722599411087e-05	4.1245205101336175
12:81630897:ATAT:A	0.00612908	2.01455e-05	5.71782	3.95932	12	81630897	ATAT	A	7.516346983324796e-05	4.123993179414389
12:87176535:A:G	1.24475e-05	0.00160925	-4.862	-3.95863	12	87176535	A	G	7.538090795007323e-05	4.12273863585256
12:76595383:A:T	5.61443e-06	0.00100955	-5.19192	-3.95833	12	76595383	A	T	7.547563167545259e-05	4.12219324356468
12:51411046:GTTT:G	0.0309479	0.000409733	4.32455	3.95797	12	51411046	GTTT	G	7.558944872443026e-05	4.121538821966522
12:17751088:G:A	0.000156619	4.69779e-06	3.50673	3.95749	12	17751088	G	A	7.574145727827544e-05	4.120666343236514
12:87544653:A:T	0.00827098	8.88134e-05	4.53397	3.95715	12	87544653	A	T	7.584930484634203e-05	4.120048395138044
12:12424931:G:A	1.14306e-05	0.00231619	-5.31139	-3.9565	12	12424931	G	A	7.605588830872449e-05	4.118867156877364
12:61436141:A:ATCTCTCTCT	3.54003e-06	0.00290498	-6.71004	-3.95633	12	61436141	A	ATCTCTCTCT	7.611000553523299e-05	4.118558246473781
12:123358726:C:G	3.92921e-06	0.000940807	-5.4783	-3.95627	12	123358726	C	G	7.61291144247355e-05	4.118449222126925
12:51412973:GT:G	0.0300262	0.000398748	4.32149	3.95515	12	51412973	GT	G	7.648664749216385e-05	4.116414374344565
12:25214904:A:C	1.05673e-05	0.000583687	-4.0116	-3.95483	12	25214904	A	C	7.658909105439487e-05	4.115833084574573
12:1341317:G:A	0.00146362	5.8249e-05	3.22394	3.95456	12	1341317	G	A	7.667562871122569e-05	4.115342654279985
12:64453031:G:A	1.88265e-06	0.000239456	-4.84569	-3.95453	12	64453031	G	A	7.668524971142442e-05	4.1152881638865395
12:45373813:A:G	2.12664e-05	0.00425794	-5.29941	-3.95405	12	45373813	A	G	7.683934103990246e-05	4.114416368224208
12:45373897:C:G	2.12664e-05	0.00425794	-5.29941	-3.95405	12	45373897	C	G	7.683934103990246e-05	4.114416368224208
12:27034459:A:G	3.1186e-05	0.00547515	-5.16801	-3.95255	12	27034459	A	G	7.732276558351079e-05	4.111692621066423
12:73998406:C:A	2.84855e-06	0.000271381	-4.55672	-3.95226	12	73998406	C	A	7.741655877411519e-05	4.111166137313476
12:53376542:CA:C	0.00488077	9.70615e-06	6.2203	3.9521	12	53376542	CA	C	7.746835277766435e-05	4.1108756784101494
12:107754751:T:C	2.08032e-05	0.00216617	-4.64561	-3.95123	12	107754751	T	C	7.775055656577224e-05	4.109296493457671
12:60436538:C:G	1.62866e-05	0.00169799	-4.64686	-3.9506	12	60436538	C	G	7.795551748411187e-05	4.108153141179399
12:104322374:CTTT:C	0.000214733	3.7451e-06	4.04895	3.95049	12	104322374	CTTT	C	7.799135665309503e-05	4.107953525076986
12:59626239:GT:G	0.0102455	6.15647e-05	5.11451	3.94924	12	59626239	GT	G	7.839971575871997e-05	4.105685511864582
12:19709347:C:T	6.92367e-05	0.0168622	-5.4953	-3.94892	12	19709347	C	T	7.850458020844983e-05	4.105105004385606
12:42278102:G:GAAAA	1.89647e-06	0.00154189	-6.70077	-3.94891	12	42278102	G	GAAAA	7.850785935824744e-05	4.105086864209367
12:100851082:G:A	2.08482e-05	0.0049476	-5.46939	-3.94784	12	100851082	G	A	7.88594775764015e-05	4.103146104341639
12:1006958:A:G	0.000201687	1.07986e-05	2.9273	3.94764	12	1006958	A	G	7.892536553901332e-05	4.102783398017198
12:33167030:T:C	1.46225e-05	0.001793	-4.80908	-3.94696	12	33167030	T	C	7.914977410829253e-05	4.101550320266718
12:33167024:G:T	1.46225e-05	0.001793	-4.80908	-3.94696	12	33167024	G	T	7.914977410829253e-05	4.101550320266718
12:90758502:T:TTA	2.24249e-05	0.00232485	-4.64124	-3.94681	12	90758502	T	TTA	7.919935713801449e-05	4.101278343568916
12:60436533:T:C	1.21988e-05	0.00169818	-4.93597	-3.94651	12	60436533	T	C	7.929861130246196e-05	4.100734418091711
12:61508085:A:G	7.08197e-05	0.025165	-5.87307	-3.9463	12	61508085	A	G	7.936815917102731e-05	4.100353692406171
12:78126681:A:G	1.72371e-05	0.00173792	-4.61338	-3.94629	12	78126681	A	G	7.937147241216467e-05	4.100335563066585
12:111774029:T:C	1.41426e-05	0.00180251	-4.84774	-3.94473	12	111774029	T	C	7.988994228609492e-05	4.097507892583286
12:120149097:T:TG	0.00726668	0.000292227	3.21352	3.9444	12	120149097	T	TG	8.000002809330536e-05	4.0969098604984895
12:81918970:AGTGTGT:A	0.00455532	2.72121e-05	5.12039	3.94394	12	81918970	AGTGTGT	A	8.015372031615402e-05	4.096076315165362
12:781859:A:C	9.68927e-05	0.0228862	-5.46469	-3.9434	12	781859	A	C	8.033449776462296e-05	4.09509791709394
12:103820529:C:T	0.000117717	0.0284842	-5.48882	-3.94272	12	103820529	C	T	8.056269171410917e-05	4.093866031815717
12:123356455:C:A	4.10202e-06	0.000968048	-5.4638	-3.94256	12	123356455	C	A	8.061647338246833e-05	4.09357620424838
12:42972158:C:T	0.000122501	0.0155458	-4.84342	-3.94053	12	42972158	C	T	8.130178181316351e-05	4.089899936286067
12:87172592:T:C	1.0593e-05	0.00134394	-4.84316	-3.94027	12	87172592	T	C	8.138995205555825e-05	4.089429207348851
12:105028649:T:C	0.000227733	0.0272699	-4.78536	-3.94017	12	105028649	T	C	8.142388774661826e-05	4.089248165201595
12:33914801:G:A	5.73944e-06	0.00101233	-5.17265	-3.93987	12	33914801	G	A	8.152577508276688e-05	4.08870506357299
12:33914758:G:A	5.73944e-06	0.00101233	-5.17265	-3.93987	12	33914758	G	A	8.152577508276688e-05	4.08870506357299
12:25214388:CT:C	1.05111e-05	0.000570999	-3.99496	-3.93941	12	25214388	CT	C	8.168223641155405e-05	4.087872380031078
12:83420754:C:G	0.0152092	3.38859e-05	6.10666	3.93933	12	83420754	C	G	8.170947603251638e-05	4.087727574434689
12:46431098:C:CTTT	1.95659e-05	0.00471424	-5.48456	-3.93863	12	46431098	C	CTTT	8.194818923399282e-05	4.086460638364053
12:117648641:G:A	0.000513661	0.0482444	-4.54247	-3.93856	12	117648641	G	A	8.197209677384895e-05	4.086333955901963
12:123358692:A:G	3.93842e-06	0.000924601	-5.45858	-3.93763	12	123358692	A	G	8.229035176512625e-05	4.08465108120082
12:92428530:T:C	0.0406036	0.00121055	3.51278	3.93659	12	92428530	T	C	8.264763291122348e-05	4.082769580426656
12:83750726:GT:G	0.00725852	2.2021e-05	5.79794	3.9353	12	83750726	GT	G	8.309283615567254e-05	4.0804364172769425
12:41538884:T:C	0.00438984	0.00013109	3.51117	3.93506	12	41538884	T	C	8.317591433368464e-05	4.080002416333606
12:65647143:GA:G	0.0201023	0.000525322	3.64458	3.93482	12	65647143	GA	G	8.325907100898513e-05	4.079568439208578
12:32669043:T:C	0.000850889	5.37123e-06	5.06523	3.93465	12	32669043	T	C	8.331802118546593e-05	4.079261053155857
12:11170773:C:T	0.001967	1.71278e-05	4.74356	3.93344	12	11170773	C	T	8.373874871127756e-05	4.077073532958134
12:11170917:A:G	0.001967	1.71278e-05	4.74356	3.93344	12	11170917	A	G	8.373874871127756e-05	4.077073532958134
12:51314237:G:A	8.8756e-06	0.0044035	-6.20685	-3.93343	12	51314237	G	A	8.374223414876154e-05	4.07705545680118
12:1774072:C:A	3.77884e-06	0.00187213	-6.20541	-3.9322	12	1774072	C	A	8.417199004939588e-05	4.074832404827731
12:51238480:T:C	3.41926e-06	0.000299761	-4.47356	-3.93198	12	51238480	T	C	8.424907635281337e-05	4.074434851727546
12:12423556:T:C	1.95801e-05	0.00468224	-5.47702	-3.9314	12	12423556	T	C	8.445262379411112e-05	4.073386853119582
12:16230760:CA:C	0.0778057	0.000158792	6.19438	3.93058	12	16230760	CA	C	8.4741190848008e-05	4.07190543725402
12:16997261:A:AGTGTGTGTG	4.38522e-06	0.00086464	-5.28407	-3.9301	12	16997261	A	AGTGTGTGTG	8.491054022681174e-05	4.071038395996134
12:11173472:G:A	0.00269295	1.65279e-05	5.09334	3.92965	12	11173472	G	A	8.506959567515717e-05	4.070225631335987
12:70952455:C:A	1.68245e-05	0.00155081	-4.5237	-3.92794	12	70952455	C	A	8.567657774921743e-05	4.067137889215343
12:29111435:T:C	2.89175e-05	0.00361981	-4.82973	-3.92718	12	29111435	T	C	8.594765909099326e-05	4.065765947455219
12:7740650:G:A	0.000107764	0.0129539	-4.78921	-3.92702	12	7740650	G	A	8.600483202198419e-05	4.06547714804094
12:109589990:A:G	0.0048308	0.000231828	3.03677	3.9264	12	109589990	A	G	8.622671673212178e-05	4.064358150281936
12:44839240:G:C	8.04532e-05	0.00815626	-4.61887	-3.92514	12	44839240	G	C	8.667931134619812e-05	4.0620845477414
12:108699937:C:T	0.0019588	6.02143e-06	5.78476	3.92456	12	108699937	C	T	8.688840211758412e-05	4.061038189402692
12:58471569:A:C	7.77939e-05	0.026981	-5.84882	-3.92449	12	58471569	A	C	8.691366941414487e-05	4.060911914181118
12:103898293:A:G	2.10308e-05	0.0165742	-6.66962	-3.92399	12	103898293	A	G	8.709435210181057e-05	4.060010007225949
12:16232604:G:C	0.000272395	0.0942959	-5.84694	-3.9228	12	16232604	G	C	8.752580536778045e-05	4.057863884388422
12:61289895:T:G	7.96208e-06	0.00155738	-5.27607	-3.92236	12	61289895	T	G	8.768584505684117e-05	4.057070508228725
12:60767852:G:A	9.21015e-07	0.000206712	-5.4136	-3.92222	12	60767852	G	A	8.773682472749607e-05	4.056818087144207
12:92423932:CAAA:C	0.0290775	0.000178045	5.09568	3.92152	12	92423932	CAAA	C	8.799214338608804e-05	4.055556103263381
12:66073485:C:CTTT	9.07175e-05	0.0156827	-5.15256	-3.92064	12	66073485	C	CTTT	8.83141113708637e-05	4.053969896639326
12:107753128:T:C	2.0606e-05	0.00208055	-4.6148	-3.92002	12	107753128	T	C	8.854162041227543e-05	4.0528525342018735
12:99075330:A:G	3.4645e-05	0.00200842	-4.05995	-3.91946	12	99075330	A	G	8.87475882571907e-05	4.051843440197663
12:56685401:CTTTTT:C	0.000532475	2.57431e-05	3.02937	3.91897	12	56685401	CTTTTT	C	8.89281813425118e-05	4.050960589287709
12:11171756:G:A	1.12404e-05	0.00251389	-5.41008	-3.91889	12	11171756	G	A	8.895769887452605e-05	4.050816459788782
12:87173136:A:C	1.13414e-05	0.00140723	-4.82092	-3.91859	12	87173136	A	C	8.906847207377639e-05	4.05027599773054
12:11171960:C:G	1.12483e-05	0.00251389	-5.40937	-3.91823	12	11171960	C	G	8.920157192015875e-05	4.049627492370113
12:11171802:C:G	1.12483e-05	0.00251389	-5.40937	-3.91823	12	11171802	C	G	8.920157192015875e-05	4.049627492370113
12:30751790:TTATCA:T	9.25218e-05	0.00910563	-4.5892	-3.91819	12	30751790	TTATCA	T	8.921637238486502e-05	4.049555439525974
12:114152882:T:A	0.000118352	0.0200087	-5.13026	-3.91612	12	114152882	T	A	8.998547063630281e-05	4.045827607581462
12:116285144:T:C	1.80671e-05	0.00878036	-6.18618	-3.91572	12	116285144	T	C	9.013480888309138e-05	4.0451074577843205
12:1262772:T:C	0.00208922	0.000100697	3.03243	3.91565	12	1262772	T	C	9.01609671339643e-05	4.044981438369545
12:40074680:C:G	3.28881e-06	0.00159371	-6.18329	-3.91325	12	40074680	C	G	9.106217143302536e-05	4.040661997887516
12:120073728:T:C	1.10733e-06	6.37265e-05	-4.05265	-3.9125	12	120073728	T	C	9.134553820864772e-05	4.039312660995487
12:16242382:A:AGAGTGATAT	0.0256145	0.000685108	3.62133	3.91246	12	16242382	A	AGAGTGATAT	9.136067447343783e-05	4.03924070289189
12:4695526:C:G	2.29576e-05	0.0178288	-6.65492	-3.91223	12	4695526	C	G	9.144775397977521e-05	4.038826956630084
12:73814127:C:CT	2.16736e-06	0.000507526	-5.45604	-3.9113	12	73814127	C	CT	9.180065806976721e-05	4.037154205562982
12:87541516:T:A	7.75056e-05	0.0264652	-5.83324	-3.91048	12	87541516	T	A	9.211288753127478e-05	4.035679603330163
12:45430202:A:G	0.00419746	9.68345e-06	6.07182	3.9104	12	45430202	A	G	9.214340258321202e-05	4.035535754577056
12:51814151:T:TCGCCGC	0.0164563	0.000106793	5.03758	3.91019	12	51814151	T	TCGCCGC	9.222355002732908e-05	4.035158164185519
12:49503648:C:CA	0.00159066	0.000106276	2.70587	3.90966	12	49503648	C	CA	9.242611979264541e-05	4.0342052790094325
12:117628452:G:A	4.83555e-05	0.0110094	-5.42793	-3.90866	12	117628452	G	A	9.280947187714691e-05	4.032407698629624
12:73809143:G:T	2.93958e-07	2.67618e-05	-4.51129	-3.90858	12	73809143	G	T	9.284020482848936e-05	4.032263910053857
12:93505615:T:C	6.98049e-06	0.00336368	-6.17767	-3.90844	12	93505615	T	C	9.289401062216776e-05	4.032012286411051
12:61313625:CATATATAT:C	0.032354	0.000101601	5.76344	3.90718	12	61313625	CATATATAT	C	9.337958980616219e-05	4.029748038151107
12:64751599:C:T	3.84815e-05	0.0184935	-6.175	-3.90615	12	64751599	C	T	9.377831120596307e-05	4.027897592460203
12:60437036:C:T	1.80094e-05	0.00346169	-5.25862	-3.90549	12	60437036	C	T	9.403464720596044e-05	4.0267121004645565
12:17121274:TA:T	0.00845693	3.33049e-05	5.53704	3.90513	12	17121274	TA	T	9.417474559248735e-05	4.026065544344001
12:32665733:C:T	8.29768e-06	0.00398015	-6.1731	-3.90452	12	32665733	C	T	9.441258459008907e-05	4.024970113183245
12:61314488:A:G	9.16089e-05	0.020174	-5.39462	-3.90431	12	61314488	A	G	9.44945947578873e-05	4.024593033119954
12:41918267:G:A	4.45579e-05	0.00429987	-4.56955	-3.90363	12	41918267	G	A	9.476061332790292e-05	4.023372137015737
12:51237784:C:CA	8.55384e-06	0.00145175	-5.13415	-3.90301	12	51237784	C	CA	9.500377587095846e-05	4.022259133581321
12:61320944:C:A	3.82273e-05	0.0182985	-6.17102	-3.90274	12	61320944	C	A	9.510985330059857e-05	4.021774488189733
12:20252993:AATTATATTA:A	0.00277496	5.85775e-06	6.16063	3.90257	12	20252993	AATTATATTA	A	9.517670016222958e-05	4.021469356546905
12:13605521:G:GTCTCTCTC	1.6317e-05	0.00312605	-5.25532	-3.9023	12	13605521	G	GTCTCTCTC	9.528295990114055e-05	4.020984760249397
12:66521958:T:C	0.00044541	0.0559245	-4.83276	-3.90229	12	66521958	T	C	9.528689759755493e-05	4.0209668128169245
12:74949803:G:A	9.17956e-06	0.00438665	-6.16934	-3.9013	12	74949803	G	A	9.567749108274618e-05	4.019190221558057
12:45369253:C:T	1.39997e-05	0.00472504	-5.8216	-3.90001	12	45369253	C	T	9.618871500325212e-05	4.016875877019375
12:58474687:A:G	0.0083509	0.000117776	4.26134	3.89981	12	58474687	A	G	9.626820508949344e-05	4.016517125484049
12:74955597:AGTTT:A	0.00569222	1.33033e-05	6.05884	3.89962	12	74955597	AGTTT	A	9.634377811992808e-05	4.016176326835535
12:113600843:C:T	5.52412e-05	0.0263441	-6.16729	-3.89955	12	113600843	C	T	9.637163493339498e-05	4.016050773199065
12:33020106:G:C	1.21383e-05	0.00409255	-5.82056	-3.89908	12	33020106	G	C	9.65588705896158e-05	4.01520782264938
12:113190051:C:T	1.10555e-05	0.00255353	-5.4423	-3.89814	12	113190051	C	T	9.693437280023329e-05	4.013522195390451
12:23402882:G:A	8.86668e-06	0.0029856	-5.81926	-3.8979	12	23402882	G	A	9.703046642013248e-05	4.013091880984496
12:33020900:G:C	1.21623e-05	0.00409255	-5.81858	-3.8973	12	33020900	G	C	9.727109411740487e-05	4.012016199098517
12:40746271:T:C	3.22267e-05	0.015324	-6.16438	-3.89705	12	40746271	T	C	9.737152185006559e-05	4.011568042215933
12:19516396:A:G	1.86193e-05	0.00183764	-4.59204	-3.89695	12	19516396	A	G	9.741172034752259e-05	4.011388786693978
12:19516397:G:T	1.86193e-05	0.00183764	-4.59204	-3.89695	12	19516397	G	T	9.741172034752259e-05	4.011388786693978
12:42285608:GAATAAATAA:G	0.00170359	3.99444e-06	6.05559	3.89693	12	42285608	GAATAAATAA	G	9.74197619270163e-05	4.01135293608543
12:69266028:GAAAA:G	0.00171047	2.02072e-05	4.43848	3.89675	12	69266028	GAAAA	G	9.749216435276014e-05	4.01103028804615
12:29416636:T:TA	1.26296e-05	0.00961752	-6.6353	-3.89654	12	29416636	T	TA	9.757669805983379e-05	4.010653882254257
12:88138640:C:T	2.19854e-07	0.000167283	-6.63448	-3.89588	12	88138640	C	T	9.784282617709918e-05	4.0094710112518985
12:42039438:C:G	9.17662e-06	0.00695276	-6.63024	-3.89249	12	42039438	C	G	9.922059062894739e-05	4.003398192073777
12:113501490:T:A	0.000813757	0.0288243	-3.56731	-3.89237	12	113501490	T	A	9.926969509677731e-05	4.003183312037987
12:123356311:A:T	4.12965e-06	0.000923242	-5.4097	-3.89142	12	123356311	A	T	9.965924933145156e-05	4.001482388411562
12:123356319:G:A	4.12965e-06	0.000923242	-5.4097	-3.89142	12	123356319	G	A	9.965924933145156e-05	4.001482388411562
12:123357602:ATGGTGGCGG:A	4.01832e-06	0.000897792	-5.40907	-3.89083	12	123357602	ATGGTGGCGG	A	9.99019089671956e-05	4.0004262130152775
12:107761160:C:G	7.62304e-05	0.00945266	-4.82029	-3.89013	12	107761160	C	G	0.00010019053366907863	3.9991733101004656
12:73471641:A:G	9.3265e-06	0.000543925	-4.06595	-3.88951	12	73471641	A	G	0.0001004468298710311	3.9980637651501123
12:57499601:CA:C	0.00984239	2.11117e-05	6.14463	3.88929	12	57499601	CA	C	0.00010053792235713184	3.9976700938260277
12:92421893:C:T	0.0166138	0.000265239	4.13736	3.88928	12	92421893	C	T	0.00010054206477694835	3.997652200150044
12:28188953:A:T	0.00173481	5.56928e-06	5.74138	3.88919	12	28188953	A	T	0.00010057935380610192	3.997491158925329
12:28189186:C:T	0.00173481	5.56928e-06	5.74138	3.88919	12	28189186	C	T	0.00010057935380610192	3.997491158925329
12:28189244:G:T	0.00173481	5.56928e-06	5.74138	3.88919	12	28189244	G	T	0.00010057935380610192	3.997491158925329
12:41918901:A:G	4.45646e-05	0.00423697	-4.55466	-3.88914	12	41918901	A	G	0.00010060007557395055	3.9974016930242526
12:104110028:A:G	3.34611e-05	0.00624781	-5.2296	-3.88811	12	104110028	A	G	0.00010102784162501468	3.995558925248517
12:42039286:G:A	9.22998e-06	0.00695276	-6.62444	-3.88785	12	42039286	G	A	0.00010113609248993927	3.9950938298496075
12:87171301:C:T	8.3356e-06	0.00277542	-5.80802	-3.8878	12	87171301	C	T	0.00010115692251207411	3.9950043916284907
12:71217099:T:C	5.54644e-05	0.00926481	-5.11824	-3.88778	12	71217099	T	C	0.00010116525565475877	3.9949686166292326
12:20785901:A:C	0.0106452	0.000464136	3.13269	3.88759	12	20785901	A	C	0.00010124445283459948	3.994628762378179
12:87171408:C:A	8.33935e-06	0.00277542	-5.80757	-3.8874	12	87171408	C	A	0.00010132370853442135	3.9942889230409824
12:102593812:TA:T	0.0345022	7.42811e-05	6.14092	3.88622	12	102593812	TA	T	0.00010181724091664975	3.992178675820674
12:44097158:T:C	0.000145448	0.00485288	-3.50751	-3.885	12	44097158	T	C	0.00010232988837965729	3.9899974995964365
12:114365830:C:CAA	0.000175626	0.0287468	-5.09793	-3.88493	12	114365830	C	CAA	0.00010235937635738571	3.9898723687927764
12:68822746:CT:C	0.0064331	7.87132e-05	4.4034	3.88484	12	68822746	CT	C	0.00010239730125667899	3.9897114893052787
12:32669185:CA:C	0.00125342	4.05051e-06	5.73479	3.88381	12	32669185	CA	C	0.00010283227613459141	3.987870551225021
12:61321299:A:G	3.78547e-05	0.012548	-5.80357	-3.88379	12	61321299	A	G	0.0001028407394837773	3.987834809192058
12:28900990:G:A	0.000142593	0.026471	-5.22381	-3.88264	12	28900990	G	A	0.00010332848927692751	3.985779920204212
12:42040257:G:A	9.01597e-06	0.00674433	-6.61746	-3.88227	12	42040257	G	A	0.00010348588113369627	3.985118898168348
12:12425618:A:G	9.83414e-06	0.00325372	-5.80169	-3.88211	12	12425618	A	G	0.00010355401253131205	3.9848330683162057
12:19504079:C:T	4.88484e-06	0.000475053	-4.57729	-3.882	12	19504079	C	T	0.0001036008774216251	3.9846365664271137
12:51418048:C:G	0.0669434	0.000270654	5.51076	3.88187	12	51418048	C	G	0.00010365628900813078	3.984404343365872
12:29409882:C:T	3.56976e-05	0.00133948	-3.62496	-3.88177	12	29409882	C	T	0.00010369893233768299	3.9842257149922493
12:18031491:AT:A	0.00536355	1.28093e-05	6.03721	3.88166	12	18031491	AT	A	0.00010374585912303186	3.984029228552319
12:4816703:C:T	9.79444e-05	0.0120306	-4.81081	-3.88088	12	4816703	C	T	0.00010407918805832289	3.9826361044476752
12:43106415:A:G	9.07233e-05	0.0169995	-5.23312	-3.88085	12	43106415	A	G	0.00010409202856469291	3.98258252777018
12:44096875:C:A	0.000146985	0.00488013	-3.5026	-3.88054	12	44096875	C	A	0.00010422480137024486	3.9820289238715025
12:45375693:CA:C	0.00362927	2.43571e-05	5.00396	3.88045	12	45375693	CA	C	0.00010426337824043135	3.981868207594219
12:60007686:ACT:A	0.00112325	4.55481e-06	5.5078	3.87924	12	60007686	ACT	A	0.00010478333300169394	3.9797077914079986
12:115980568:T:C	0.0156243	0.000130012	4.78896	3.87908	12	115980568	T	C	0.00010485227024709042	3.9794221618117995
12:31568658:A:T	1.71504e-06	0.000378053	-5.3956	-3.8781	12	31568658	A	T	0.00010527544569601561	3.977672911266895
12:73701026:CAT:C	0.00126534	2.41268e-05	3.95978	3.8781	12	73701026	CAT	C	0.00010527544569601561	3.977672911266895
12:6494910:A:G	6.18694e-05	0.00757435	-4.8075	-3.87765	12	6494910	A	G	0.00010547030043832274	3.9768698168744963
12:77457851:G:A	0.00298401	1.91844e-05	5.04693	3.87728	12	77457851	G	A	0.0001056307692491977	3.9762095574773566
12:7742180:CA:C	0.0154144	0.000128581	4.7865	3.8768	12	7742180	CA	C	0.00010583928833676646	3.9753530890062545
12:89514850:T:C	3.96054e-05	0.00484122	-4.80596	-3.87615	12	89514850	T	C	0.00010612227713746268	3.974193439639348
12:31571617:AT:A	1.13455e-06	0.000129588	-4.73812	-3.87575	12	31571617	AT	A	0.0001062967788168658	3.9734798959965216
12:116283798:A:C	3.58026e-05	0.00786859	-5.39261	-3.87527	12	116283798	A	C	0.000106506538243123	3.9726237308566867
12:60435462:G:GT	7.11611e-06	0.00527405	-6.60819	-3.87486	12	60435462	G	GT	0.00010668601699143151	3.9718924984894217
12:46102752:G:GTTTT	6.53342e-05	0.0139421	-5.36315	-3.87462	12	46102752	G	GTTTT	0.00010679121010623345	3.9714644922462132
12:20782558:A:G	0.00900785	0.00039798	3.11945	3.87408	12	20782558	A	G	0.0001070282525647324	3.9705015651806304
12:92804397:C:G	6.49917e-06	0.00146225	-5.41606	-3.87299	12	92804397	C	G	0.00010750824046543645	3.968558245966911
12:82435045:C:T	1.09491e-05	0.00809237	-6.60542	-3.87264	12	82435045	C	T	0.00010766279532944597	3.967934348462432
12:29409601:T:C	3.62282e-05	0.0013449	-3.61424	-3.8714	12	29409601	T	C	0.00010821204990467761	3.965724375867828
12:19223001:CTT:C	0.00380569	7.74282e-05	3.8949	3.87131	12	19223001	CTT	C	0.00010825201789266465	3.9655639993489036
12:7741974:C:T	0.0152795	0.000128235	4.7804	3.87116	12	7741974	C	T	0.00010831866215929876	3.9652967125845424
12:7741592:C:G	9.56089e-05	0.0154246	-5.08345	-3.87096	12	7741592	C	G	0.00010840758140039616	3.9649403446867173
12:7741460:G:A	9.56089e-05	0.0154246	-5.08345	-3.87096	12	7741460	G	A	0.00010840758140039616	3.9649403446867173
12:83750913:A:T	4.09441e-05	0.00497691	-4.80036	-3.87069	12	83750913	A	T	0.00010852773162571564	3.96445927422877
12:12425390:CTTTTTAGTT:C	0.00191798	1.30159e-05	4.99286	3.87062	12	12425390	CTTTTTAGTT	C	0.0001085589021871843	3.9643345571727364
12:74820813:T:C	7.02944e-06	0.00324079	-6.13347	-3.87058	12	74820813	T	C	0.00010857671772881021	3.9642632911921423
12:7741217:C:T	9.38991e-05	0.0151409	-5.08293	-3.87046	12	7741217	C	T	0.00010863018090611746	3.964049497215023
12:94023542:A:G	5.10769e-05	0.0114509	-5.41249	-3.86957	12	94023542	A	G	0.00010902747539855671	3.9624640441663046
12:95230782:CATTT:C	0.00296742	7.19083e-06	6.02264	3.86956	12	95230782	CATTT	C	0.00010903194715993254	3.962446231945513
12:19447247:T:G	1.65534e-05	0.00539858	-5.7873	-3.86917	12	19447247	T	G	0.00010920648088719295	3.9617515875467846
12:55775243:T:TAAA	4.62831e-06	0.00103645	-5.41136	-3.86849	12	55775243	T	TAAA	0.00010951142673393289	3.9605405629372874
12:34000208:T:C	8.4509e-06	5.48874e-08	5.03674	3.86804	12	34000208	T	C	0.00010971367066973299	3.9597392545900734
12:117648087:T:C	0.000540899	0.0464182	-4.45221	-3.86767	12	117648087	T	C	0.00010988022405014206	3.959080463706871
12:113602083:T:A	5.73569e-05	0.0263441	-6.12971	-3.86736	12	113602083	T	A	0.00011001995239477047	3.9585285473038403
12:20021916:C:G	2.00444e-05	0.00322106	-5.07952	-3.86716	12	20021916	C	G	0.00011011018865661952	3.95817249326602
12:107761331:G:A	8.69097e-05	0.00983814	-4.72915	-3.86675	12	107761331	G	A	0.00011029539131898922	3.9574426341286943
12:42039728:T:C	9.1949e-06	0.00674433	-6.59781	-3.86655	12	42039728	T	C	0.0001103858406852124	3.9570866304714256
12:60426307:A:AT	5.88767e-06	0.000665887	-4.72826	-3.86585	12	60426307	A	AT	0.00011070296483158368	3.955840747750418
12:87172495:C:T	8.56787e-06	0.00278005	-5.7822	-3.86458	12	87172495	C	T	0.00011128051398013762	3.953580877101002
12:40738066:G:A	2.50948e-05	0.0114828	-6.12594	-3.86413	12	40738066	G	A	0.00011148583851898325	3.9527802953392497
12:46426736:T:G	0.00401726	5.08138e-05	4.37019	3.86328	12	46426736	T	G	0.00011187464919519697	3.9512683134890287
12:781190:T:C	0.000104027	0.0225638	-5.37945	-3.86284	12	781190	T	C	0.0001120764179944546	3.950485757719621
12:29409371:A:G	3.65813e-05	0.00134491	-3.60454	-3.86203	12	29409371	A	G	0.00011244875392649162	3.949045352730324
12:89602604:C:T	1.32355e-05	0.00603856	-6.12302	-3.86163	12	89602604	C	T	0.00011263305359974249	3.948334141550026
12:31102121:TC:T	4.12307e-05	0.00392789	-4.55668	-3.86112	12	31102121	TC	T	0.0001128684489300811	3.947427443111055
12:29419293:A:AT	5.71475e-05	0.0184664	-5.77807	-3.86087	12	29419293	A	AT	0.0001129840082147446	3.9469830223181535
12:45374492:A:C	2.21394e-05	0.00401572	-5.20061	-3.86073	12	45374492	A	C	0.00011304877015184175	3.946734157946432
12:28899729:A:G	0.00013709	0.0287863	-5.34702	-3.8594	12	28899729	A	G	0.00011366575734677544	3.9443703500455576
12:7331103:C:T	0.000151982	0.0278441	-5.21062	-3.8591	12	7331103	C	T	0.00011380536572044632	3.9438372612463466
12:782496:A:G	9.3405e-05	0.0201752	-5.37526	-3.85887	12	782496	A	G	0.00011391250831972818	3.943428584999261
12:14637196:C:CAA	0.000110718	0.00295578	-3.28454	-3.8587	12	14637196	C	CAA	0.00011399176181704784	3.943126533985261
12:38374195:A:G	0.000280352	1.60583e-05	2.85982	3.85697	12	38374195	A	G	0.00011480124573110887	3.9400533992968327
12:38374452:C:G	0.000280296	1.60583e-05	2.85962	3.85676	12	38374452	C	G	0.0001148998749611542	3.9396804439288626
12:80326481:T:C	0.0090562	0.000407028	3.10232	3.8566	12	80326481	T	C	0.0001149750746764637	3.9393962996789904
12:85074095:G:T	1.65657e-05	0.00356584	-5.37182	-3.85562	12	85074095	G	T	0.00011543668675751208	3.937656146775783
12:101667292:A:AT	0.0141758	9.42478e-05	5.01336	3.85562	12	101667292	A	AT	0.00011543668675751208	3.937656146775783
12:14097263:A:T	6.4832e-05	0.00558595	-4.45621	-3.85561	12	14097263	A	T	0.00011544140608121124	3.93763839215718
12:83430372:G:C	8.0028e-06	0.00578171	-6.58266	-3.85444	12	83430372	G	C	0.00011599482478759452	3.935561386775911
12:83430264:T:G	8.0028e-06	0.00578171	-6.58266	-3.85444	12	83430264	T	G	0.00011599482478759452	3.935561386775911
12:28292075:G:C	5.22772e-06	0.00115355	-5.39663	-3.85437	12	28292075	G	C	0.00011602801450858294	3.935437139414546
12:11176949:C:T	1.79986e-05	0.00386461	-5.36932	-3.85326	12	11176949	C	T	0.00011655550714436643	3.9334672016294183
12:5741352:A:T	0.000317234	0.0296893	-4.5389	-3.8524	12	5741352	A	T	0.00011696574914776925	3.931941293243701
12:58472034:G:A	8.20486e-05	0.0262598	-5.76848	-3.85224	12	58472034	G	A	0.00011704222331993935	3.931657436998859
12:32669110:G:A	5.32366e-06	0.000956006	-5.1906	-3.85127	12	32669110	G	A	0.00011750685836599984	3.929936784765995
12:20742700:ATTTT:A	0.0201212	0.000673197	3.39749	3.85116	12	20742700	ATTTT	A	0.000117559658609951	3.929741683776949
12:89606783:C:T	1.22688e-05	0.00552739	-6.11041	-3.85083	12	89606783	C	T	0.00011771819361144276	3.929156410780732
12:89606906:C:T	1.22688e-05	0.00552739	-6.11041	-3.85083	12	89606906	C	T	0.00011771819361144276	3.929156410780732
12:12424366:G:T	1.80821e-05	0.00386882	-5.36578	-3.84991	12	12424366	G	T	0.00011816123514262786	3.9275249779802635
12:19975565:ATGTGTGTG:A	0.00876854	1.97293e-05	6.09682	3.84962	12	19975565	ATGTGTGTG	A	0.00011830121515170925	3.927010794417111
12:50912120:G:A	3.49888e-05	0.00388991	-4.71111	-3.84864	12	50912120	G	A	0.00011877540898657195	3.925273465473644
12:113600308:A:G	5.4679e-05	0.02457	-6.1078	-3.8486	12	113600308	A	G	0.0001187948018557272	3.9252025625094107
12:61275155:G:A	1.17414e-05	0.00212671	-5.19921	-3.84808	12	61275155	G	A	0.00011904718100457141	3.9242808840781205
12:3813895:G:A	3.54828e-05	0.0254073	-6.57374	-3.8473	12	3813895	G	A	0.00011942669786654253	3.922898575719058
12:83430101:G:A	8.07775e-06	0.00578171	-6.57334	-3.84698	12	83430101	G	A	0.00011958272686713642	3.922331547505201
12:32669272:C:T	4.54559e-06	0.00081247	-5.18592	-3.84685	12	32669272	C	T	0.00011964616853566654	3.9221012043673884
12:32669302:C:A	4.54559e-06	0.00081247	-5.18592	-3.84685	12	32669302	C	A	0.00011964616853566654	3.9221012043673884
12:58475162:T:TG	0.0169437	0.000113738	5.00375	3.84673	12	58475162	T	TG	0.00011970475824223608	3.9218885861242905
12:83428281:G:A	0.00466708	1.05444e-05	6.09269	3.84619	12	83428281	G	A	0.00011996874685472601	3.9209318775885924
12:14097009:A:G	6.4832e-05	0.00553062	-4.44626	-3.84603	12	14097009	A	G	0.00012004707105999755	3.9206484315086474
12:51424308:G:A	0.000191895	0.0609751	-5.76127	-3.84576	12	51424308	G	A	0.00012017935249704219	3.9201701402106077
12:51424208:A:G	0.000191895	0.0609751	-5.76127	-3.84576	12	51424208	A	G	0.00012017935249704219	3.9201701402106077
12:57522259:C:T	6.7836e-06	0.000239372	-3.56351	-3.845	12	57522259	C	T	0.00012055243852060326	3.918824000339776
12:101666898:C:T	9.91122e-05	0.0158277	-5.07326	-3.84471	12	101666898	C	T	0.00012069508792638812	3.918310404549496
12:74824360:G:GT	2.15244e-05	0.0034337	-5.07221	-3.84371	12	74824360	G	GT	0.00012118820396429265	3.9165396508176955
12:87160411:TA:T	0.000268321	3.25955e-06	4.41059	3.84307	12	87160411	TA	T	0.00012150479441711988	3.915406585046588
12:45367324:A:G	1.34911e-05	0.00427331	-5.75812	-3.84292	12	45367324	A	G	0.00012157910801501197	3.9151410472123054
12:16664833:G:A	7.55081e-05	0.0155779	-5.32937	-3.84274	12	16664833	G	A	0.00012166834089588943	3.914822414069954
12:117629480:G:A	3.94181e-05	0.0175872	-6.1007	-3.84252	12	117629480	G	A	0.0001217774871585488	3.9144329917237326
12:7742512:GAAA:G	0.0148957	0.000129003	4.749	3.84212	12	7742512	GAAA	G	0.00012197617144685683	3.913725002275235
12:41272057:G:A	0.000291758	0.0144228	-3.90064	-3.84194	12	41272057	G	A	0.00012206567904663116	3.913406428568841
12:39701202:C:T	0.000769824	9.84672e-06	4.35902	3.84191	12	39701202	C	T	0.00012208060299887959	3.9133533342512585
12:8009775:A:C	0.00738678	9.09318e-05	4.39734	3.84176	12	8009775	A	C	0.00012215524856672247	3.913087868235403
12:83429971:A:AT	8.13572e-06	0.00578171	-6.56619	-3.84126	12	83429971	A	AT	0.00012240437801351378	3.912203048586636
12:121315910:T:C	4.91907e-05	0.00172846	-3.55928	-3.84109	12	121315910	T	C	0.00012248919108617354	3.9119022334116402
12:28900513:C:T	0.000140096	0.0287863	-5.32533	-3.83893	12	28900513	C	T	0.0001235716512933893	3.9080811497889574
12:45359624:CTTCA:C	0.0114264	2.87785e-05	5.98405	3.83752	12	45359624	CTTCA	C	0.0001242831150465103	3.905587870073032
12:66523092:G:T	0.00044252	0.0519172	-4.76492	-3.83613	12	66523092	G	T	0.00012498826537837303	3.903130759157116
12:41928355:T:C	6.67727e-05	0.00600857	-4.49965	-3.83559	12	41928355	T	C	0.00012526322445180807	3.9021764131392325
12:59450080:T:G	5.20485e-06	0.000410516	-4.36782	-3.83418	12	59450080	T	G	0.00012598386362842306	3.899685076992857
12:32669215:A:G	4.60967e-06	0.00081247	-5.17192	-3.83363	12	32669215	A	G	0.00012626602202485182	3.898713501641048
12:83283313:C:T	6.02324e-06	0.00265792	-6.08967	-3.83307	12	83283313	C	T	0.00012655392247977476	3.8977243895423013
12:83283312:G:A	6.02324e-06	0.00265792	-6.08967	-3.83307	12	83283312	G	A	0.00012655392247977476	3.8977243895423013
12:51237762:C:G	4.42671e-06	0.000348215	-4.36516	-3.83172	12	51237762	C	G	0.00012725051395427977	3.8953404549082418
12:40973515:C:T	4.62169e-05	0.00388244	-4.43087	-3.83124	12	40973515	C	T	0.00012749906063213974	3.894493014945956
12:94015659:A:G	5.38088e-05	0.0112723	-5.34467	-3.82996	12	94015659	A	G	0.00012816409055517913	3.892233639858527
12:83426001:TA:T	0.00770224	2.65935e-05	5.6686	3.82984	12	83426001	TA	T	0.00012822660443894456	3.8920218581064607
12:41179794:GT:G	0.00151049	7.1053e-05	3.05677	3.82951	12	41179794	GT	G	0.0001283986658303656	3.8914394889269825
12:32668909:G:A	5.44882e-06	0.000956006	-5.16737	-3.82932	12	32668909	G	A	0.00012849783016283714	3.891104205844459
12:32668859:G:GTGGGGTCC	5.44882e-06	0.000956006	-5.16737	-3.82932	12	32668859	G	GTGGGGTCC	0.00012849783016283714	3.891104205844459
12:110276752:CTG:C	0.000572218	1.31972e-06	6.0721	3.8291	12	110276752	CTG	C	0.0001286127421938806	3.890716001937852
12:108534937:A:G	3.86152e-05	0.00685248	-5.17872	-3.82827	12	108534937	A	G	0.0001290471464666431	3.8892515942777437
12:19516521:A:G	1.98324e-05	0.00182699	-4.52311	-3.8271	12	19516521	A	G	0.00012966184840862609	3.887187791556617
12:61390048:G:A	0.000132949	0.0232612	-5.16457	-3.82669	12	61390048	G	A	0.0001298779089194372	3.8864647122854903
12:61389817:C:T	0.000132949	0.0232612	-5.16457	-3.82669	12	61389817	C	T	0.0001298779089194372	3.8864647122854903
12:32667643:A:AT	6.37179e-06	0.000981532	-5.03723	-3.82636	12	32667643	A	AT	0.00013005205767567543	3.885882772033108
12:117630360:ATGTG:A	0.0164961	7.10134e-05	5.44801	3.82632	12	117630360	ATGTG	A	0.00013007318156263545	3.885812236874043
12:61309129:T:C	0.000131651	0.0266685	-5.31109	-3.82549	12	61309129	T	C	0.00013051223252075943	3.884348781296622
12:91817323:T:C	0.000179972	0.0195279	-4.68679	-3.82424	12	91817323	T	C	0.00013117609001535104	3.8821453183193677
12:31103408:G:A	0.00385818	4.82954e-05	4.38061	3.82344	12	31103408	G	A	0.00013160262732614533	3.8807354403432095
12:32668849:C:CGAA	5.48364e-06	0.000956006	-5.16099	-3.82331	12	32668849	C	CGAA	0.00013167206295994522	3.8805063601131793
12:42036519:A:G	9.70576e-06	0.00674433	-6.54374	-3.8233	12	42036519	A	G	0.0001316774055921722	3.8804887388458336
12:59472006:C:T	1.66294e-06	0.000201753	-4.79846	-3.8229	12	59472006	C	T	0.0001318912784592087	3.879783921984122
12:59472017:A:C	1.66294e-06	0.000201753	-4.79846	-3.8229	12	59472017	A	C	0.0001318912784592087	3.879783921984122
12:88384636:A:C	9.2007e-06	0.00638993	-6.5432	-3.82287	12	88384636	A	C	0.0001319073321125618	3.879731063380666
12:115991884:A:G	0.0118699	8.50264e-05	4.9388	3.82279	12	115991884	A	G	0.00013195015085697048	3.8795901089201545
12:19448744:G:A	1.57662e-05	0.00318289	-5.30768	-3.82228	12	19448744	G	A	0.00013222342839086483	3.8786915863073252
12:32668494:G:A	5.49239e-06	0.000956006	-5.1594	-3.8218	12	32668494	G	A	0.00013248111786723468	3.8778460159945567
12:28292336:T:G	5.22772e-06	0.00111414	-5.36186	-3.82106	12	28292336	T	G	0.00013287931643723652	3.8765426146648783
12:58473654:G:T	0.00926316	0.000142323	4.1757	3.82101	12	58473654	G	T	0.00013290626237887806	3.8764545551557292
12:19450458:T:C	0.000140005	7.45619e-06	2.93263	3.82066	12	19450458	T	C	0.00013309502818046055	3.8758381674713807
12:3815192:A:C	3.39699e-05	0.0235129	-6.53983	-3.82017	12	3815192	A	C	0.00013335972472829435	3.8749753096190593
12:31679610:C:T	0.000327856	4.242e-06	4.34754	3.81889	12	31679610	C	T	0.0001340535190155186	3.8727217809428556
12:60434905:T:A	1.43858e-05	0.0012976	-4.50203	-3.81886	12	60434905	T	A	0.00013406982053259598	3.8726689719711787
12:7337914:C:A	0.000315894	0.0482784	-5.02933	-3.81874	12	7337914	C	A	0.00013413504527993065	3.872457739797418
12:12422769:T:C	2.88443e-05	0.00613123	-5.35924	-3.81855	12	12422769	T	C	0.00013423837894311534	3.8721233010051743
12:29410183:AT:A	3.5986e-05	0.00126439	-3.55921	-3.81817	12	29410183	AT	A	0.00013444527131510414	3.87145446809945
12:61318831:A:G	4.4883e-05	0.0138299	-5.73053	-3.81811	12	61318831	A	G	0.00013447796598160938	3.871348868349398
12:70210028:G:C	3.9092e-06	0.000352294	-4.50113	-3.81805	12	70210028	G	C	0.00013451066813888294	3.8712432700845
12:32667559:A:G	0.00116458	8.38925e-06	4.93317	3.8178	12	32667559	A	G	0.00013464700779269008	3.8708032933000935
12:107761351:C:G	8.82986e-05	0.0101659	-4.74607	-3.81775	12	107761351	C	G	0.0001346742913427278	3.870715301037271
12:49506323:A:AG	0.00206689	0.000127069	2.78907	3.81722	12	49506323	A	AG	0.00013496381737924772	3.8697826464585248
12:49500032:C:CT	0.00130121	8.35296e-05	2.74585	3.8172	12	49500032	C	CT	0.0001349747543636267	3.8697474542150716
12:89513697:T:C	0.00144639	4.27212e-05	3.52213	3.81706	12	89513697	T	C	0.00013505133663774404	3.869501113131296
12:83428488:C:T	0.00439498	1.02934e-05	6.05671	3.81633	12	83428488	C	T	0.00013545132217924845	3.868216751336984
12:7741596:C:T	8.3341e-05	0.0360413	-6.06948	-3.81578	12	7741596	C	T	0.00013575341807240768	3.867249226701936
12:57499284:C:CA	2.39519e-05	0.00419534	-5.16568	-3.81567	12	57499284	C	CA	0.00013581391337150555	3.8670557367495606
12:109385414:G:GCCT	0.00316759	0.000109929	3.36089	3.81554	12	109385414	G	GCCT	0.00013588544055944524	3.8668270732411907
12:116158152:A:G	5.49976e-07	9.50527e-05	-5.15231	-3.81511	12	116158152	A	G	0.000136122283402488	3.8660707743809373
12:113499546:GT:G	0.000825341	0.025491	-3.43028	-3.81493	12	113499546	GT	G	0.0001362215423429094	3.8657542068076114
12:70209399:G:A	3.22101e-06	0.000988774	-5.72677	-3.81473	12	70209399	G	A	0.00013633191002441778	3.865402480735069
12:10250039:G:A	3.31588e-06	0.00143218	-6.06823	-3.81471	12	10250039	G	A	0.0001363429514245999	3.865367309035348
12:69754593:C:T	4.82464e-06	0.000994019	-5.32802	-3.81422	12	69754593	C	T	0.0001366137290287004	3.864505653935614
12:3816999:A:G	3.20253e-05	0.0220021	-6.53237	-3.81421	12	3816999	A	G	0.00013661926037359827	3.8644880701689375
12:46424376:A:AGGTGT	0.0072676	5.25709e-05	4.92902	3.81413	12	46424376	A	AGGTGT	0.0001366635187287302	3.8643474015205648
12:89515285:G:T	4.19413e-05	0.00480875	-4.74192	-3.8137	12	89515285	G	T	0.00013690163889005372	3.8635913527670587
12:89515523:G:A	4.19443e-05	0.00480875	-4.74185	-3.81363	12	89515523	G	A	0.00013694043961012665	3.863468282281861
12:113599687:G:C	5.27461e-05	0.0227182	-6.06543	-3.81231	12	113599687	G	C	0.00013767405273686995	3.8611479029895204
12:113599345:A:G	5.27461e-05	0.0227182	-6.06543	-3.81231	12	113599345	A	G	0.00013767405273686995	3.8611479029895204
12:31102838:A:AG	0.00377677	4.78539e-05	4.36847	3.81218	12	31102838	A	AG	0.00013774650242878006	3.860919419664309
12:97185962:A:G	4.14514e-05	0.0126838	-5.72356	-3.81185	12	97185962	A	G	0.00013793057451652144	3.860339454839199
12:43994139:G:A	7.48916e-05	0.00196979	-3.26964	-3.81146	12	43994139	G	A	0.0001381484129880137	3.8596540997775617
12:61389465:C:T	0.00013511	0.0232612	-5.14845	-3.81146	12	61389465	C	T	0.0001381484129880137	3.8596540997775617
12:102319295:A:C	3.47809e-06	0.000714206	-5.32469	-3.81107	12	102319295	A	C	0.0001383665755105099	3.8589688074550597
12:20885515:GAAAAAT:G	0.00330697	0.000155441	3.05752	3.81086	12	20885515	GAAAAAT	G	0.00013848418201759498	3.858599829883235
12:19446067:A:G	1.70283e-05	0.00339627	-5.29556	-3.81084	12	19446067	A	G	0.0001384953875468378	3.8585646901108155
12:31103286:A:G	0.00378328	4.80147e-05	4.36684	3.81067	12	31103286	A	G	0.00013859066903508584	3.8582660087068135
12:31103285:C:T	0.00378328	4.80147e-05	4.36684	3.81067	12	31103285	C	T	0.00013859066903508584	3.8582660087068135
12:73703125:A:G	1.50514e-05	0.00123749	-4.40937	-3.81056	12	73703125	A	G	0.0001386523546624445	3.8580727506211137
12:58536504:T:G	4.61229e-05	0.0040449	-4.4739	-3.81053	12	58536504	T	G	0.00013866918250332456	3.858020044736672
12:103818780:G:C	0.000139466	0.0153882	-4.70353	-3.81042	12	103818780	G	C	0.00013873090104728268	3.8578267930031376
12:63358512:T:A	1.54399e-05	0.00325415	-5.35073	-3.81039	12	63358512	T	A	0.00013874773786764675	3.857774088851103
12:19449553:T:C	0.000139649	7.51853e-06	2.92176	3.81025	12	19449553	T	C	0.0001388263351488686	3.8575281410500812
12:120566433:A:C	2.06747e-05	0.00887265	-6.06182	-3.80922	12	120566433	A	C	0.0001394058771972032	3.855718916478255
12:60003687:G:C	7.16655e-06	0.000627549	-4.4724	-3.80907	12	60003687	G	C	0.00013949046638186673	3.8554554736752187
12:127085133:A:G	0.000287442	0.049314	-5.14494	-3.80815	12	127085133	A	G	0.00014001033857900067	3.8538398941643845
12:19448500:T:G	0.000142429	7.68883e-06	2.91907	3.80768	12	19448500	T	G	0.00014027662923972147	3.8530146784918253
12:107762679:T:G	8.92203e-05	0.0101659	-4.73569	-3.80763	12	107762679	T	G	0.00014030498609000802	3.8529268949524007
12:43994551:A:G	7.48916e-05	0.00196047	-3.2649	-3.80707	12	43994551	A	G	0.00014062295190442326	3.8519437897576094
12:31103141:G:A	0.00378962	4.82954e-05	4.36268	3.80682	12	31103141	G	A	0.00014076511994791838	3.8515049452704204
12:19523028:C:A	0.00107575	2.21873e-05	3.88125	3.80672	12	19523028	C	A	0.00014082202506120325	3.8513294146933603
12:58474400:A:G	0.000115211	0.00864503	-4.31797	-3.80656	12	58474400	A	G	0.00014091311831157096	3.8510485743489267
12:87565436:T:G	0.0105502	2.50244e-05	6.04405	3.80582	12	87565436	T	G	0.00014133514698667698	3.8497498250992024
12:76596796:T:C	4.6028e-06	0.00312457	-6.52039	-3.80463	12	76596796	T	C	0.00014201631204794135	3.847661769521556
12:7337821:A:G	0.000298971	0.0457471	-5.03054	-3.80381	12	7337821	A	G	0.0001424874842986132	3.846223281190643
12:27222990:CA:C	0.000539338	7.10863e-06	4.32903	3.80304	12	27222990	CA	C	0.0001429312665017208	3.844872758026
12:61389329:T:C	0.000136319	0.0232612	-5.13954	-3.80304	12	61389329	T	C	0.0001429312665017208	3.844872758026
12:82432864:TAA:T	0.00460023	1.20892e-05	5.94155	3.80223	12	82432864	TAA	T	0.00014339950700993542	3.8434523417172612
12:59649733:G:C	1.80729e-05	0.00768838	-6.05305	-3.80171	12	59649733	G	C	0.00014370086682480188	3.8425406121295684
12:83419659:T:C	2.87332e-05	0.0122197	-6.05275	-3.80145	12	83419659	T	C	0.00014385177029271513	3.842084789153379
12:4816249:GGTGT:G	0.00947868	0.000126432	4.31709	3.80135	12	4816249	GGTGT	G	0.00014390984981456874	3.8419094800472813
12:44101931:G:C	8.87984e-05	0.0035551	-3.68977	-3.80105	12	44101931	G	C	0.00014408422090492475	3.8413835774729006
12:7334173:C:T	0.000172627	0.0297723	-5.1502	-3.80071	12	7334173	C	T	0.0001442820819954568	3.8407875994239933
12:27226711:T:C	1.79203e-05	0.0018972	-4.6622	-3.79956	12	27226711	T	C	0.00014495321603590414	3.838772144633561
12:58474380:C:G	0.000115564	0.0086005	-4.30975	-3.79805	12	58474380	C	G	0.00014583890906131992	3.8361265930531685
12:12433055:T:C	0.000424072	5.46363e-06	4.35179	3.79701	12	12433055	T	C	0.00014645188364498878	3.8343050381075883
12:113354094:T:C	0.0363186	0.00238184	2.72446	3.79698	12	113354094	T	C	0.00014646960155146498	3.8342524998718375
12:95821152:A:G	3.78605e-05	0.00574852	-5.02279	-3.79639	12	95821152	A	G	0.00014681846415662338	3.833219323322681
12:121318839:G:T	4.91907e-05	0.00164674	-3.51085	-3.7963	12	121318839	G	T	0.00014687174921289292	3.8330617327384107
12:101877055:G:A	6.9325e-06	0.000619339	-4.49243	-3.79601	12	101877055	G	A	0.00014704356939967665	3.8325539635765145
12:41087810:T:C	0.000102797	0.0077797	-4.32651	-3.79597	12	41087810	T	C	0.00014706728358346684	3.8324839291722697
12:83417283:T:G	2.89983e-05	0.0122346	-6.04479	-3.79463	12	83417283	T	G	0.0001478637928609913	3.8301381578877742
12:7332213:C:T	0.000162525	0.0278441	-5.14355	-3.79427	12	7332213	C	T	0.0001480784715904284	3.829508076854211
12:40975179:TA:T	3.60151e-05	0.00422286	-4.76433	-3.79222	12	40975179	TA	T	0.00014930655192779327	3.825921133978574
12:3816260:C:T	3.40475e-05	0.0227339	-6.50386	-3.7914	12	3816260	C	T	0.00014980046379921806	3.824486842009521
12:73216024:T:C	1.70056e-05	0.00290442	-5.14044	-3.79127	12	73216024	T	C	0.0001498789080228371	3.824259479718777
12:47672433:T:G	8.85664e-06	0.000991815	-4.71837	-3.79074	12	47672433	T	G	0.0001501991194970298	3.823332613261958
12:51813410:A:G	9.56591e-05	0.0161112	-5.12648	-3.7907	12	51813410	A	G	0.0001502233125209087	3.823262665776856
12:61318077:C:T	4.53292e-05	0.013546	-5.69989	-3.79056	12	61318077	C	T	0.00015030801699824836	3.8230178547740628
12:80506122:C:A	0.000422192	0.0293435	-4.24137	-3.79051	12	80506122	C	A	0.0001503382794927341	3.822930424231518
12:61395628:C:A	2.65439e-05	0.00196099	-4.30241	-3.79044	12	61395628	C	A	0.0001503806566218181	3.8228080232036366
12:61297636:TA:T	0.00405418	2.87103e-05	4.95025	3.78956	12	61297636	TA	T	0.00015091435789292448	3.8212694397669136
12:84428948:A:G	2.066e-06	0.000425715	-5.32816	-3.78876	12	84428948	A	G	0.0001514010877482966	3.8198710046154316
12:32665387:T:TTTTTG	8.50809e-06	0.003565	-6.0379	-3.78873	12	32665387	T	TTTTTG	0.00015141936883425157	3.819818568430289
12:29419373:C:T	3.62946e-05	0.00405362	-4.7157	-3.78813	12	29419373	C	T	0.0001517854272217589	3.818769922649901
12:25206035:T:G	6.09126e-06	0.000568833	-4.53673	-3.78757	12	25206035	T	G	0.00015212783318948667	3.817791320498263
12:95179339:GA:G	0.00532667	1.42667e-05	5.92256	3.78646	12	95179339	GA	G	0.00015280868086294395	3.815851973353347
12:20777018:C:G	0.00673255	0.000330205	3.015	3.78626	12	20777018	C	G	0.00015293166068459718	3.815502595443062
12:59582722:CT:C	0.0150522	6.77976e-05	5.40275	3.78625	12	59582722	CT	C	0.00015293781212063627	3.81548512698043
12:51438911:CTATT:C	0.0279489	6.78935e-05	6.02019	3.78602	12	51438911	CTATT	C	0.00015307935945017658	3.81508336371848
12:4697753:TTG:T	0.00776052	5.79801e-05	4.8967	3.78554	12	4697753	TTG	T	0.00015337515989498639	3.814244971508792
12:22146397:C:T	0.000137569	0.011026	-4.38389	-3.78523	12	22146397	C	T	0.00015356648354143972	3.813703560354912
12:103895352:G:A	2.13039e-05	0.00413377	-5.26806	-3.7849	12	103895352	G	A	0.00015377039749613506	3.8131272629837456
12:63628529:A:G	2.92506e-05	0.00214841	-4.29658	-3.78441	12	63628529	A	G	0.00015407364906345548	3.8122716315275733
12:121868513:CTTTTTTCTT:C	0.00208865	4.7071e-05	3.79262	3.78312	12	121868513	CTTTTTTCTT	C	0.00015487469921753483	3.810019524059249
12:92423930:CAA:C	0.0448939	0.000181532	5.51063	3.78309	12	92423930	CAA	C	0.00015489337484982403	3.809967157629406
12:26909472:CTT:C	0.0237357	0.000170761	4.93447	3.78259	12	26909472	CTT	C	0.00015520494762234871	3.809094438420384
12:28289754:C:T	1.08482e-05	0.000922804	-4.44342	-3.78086	12	28289754	C	T	0.00015628754702735022	3.8060756251334937
12:7330511:A:C	0.000132172	0.0269756	-5.31859	-3.77959	12	7330511	A	C	0.0001570868071664507	3.8038602873686944
12:77258364:T:TTGTG	2.61781e-05	0.00519132	-5.28982	-3.77811	12	77258364	T	TTGTG	0.00015802308179858353	3.8012794727568617
12:89186838:A:G	8.22354e-06	0.00167466	-5.31636	-3.77746	12	89186838	A	G	0.00015843594106258204	3.8001462922252234
12:32861591:C:T	9.79861e-05	0.00381095	-3.66081	-3.77744	12	32861591	C	T	0.0001584486605078871	3.800111427893637
12:39712148:C:A	0.00323952	7.9638e-06	6.00827	3.77613	12	39712148	C	A	0.00015928388022362576	3.7978281732519714
12:105364788:C:T	2.02711e-05	0.00233355	-4.74595	-3.7757	12	105364788	C	T	0.00015955893828112176	3.797078862185363
12:25212741:G:C	1.15516e-05	0.000525434	-3.8174	-3.77484	12	25212741	G	C	0.00016011039587176463	3.7955804686855417
12:25212817:G:A	1.15516e-05	0.000525433	-3.8174	-3.77484	12	25212817	G	A	0.00016011039587176463	3.7955804686855417
12:16233529:G:A	0.000322033	0.0945342	-5.68206	-3.77453	12	16233529	G	A	0.00016030961649144692	3.795040424845458
12:31103230:G:T	0.00370214	4.88565e-05	4.32778	3.77447	12	31103230	G	T	0.00016034820225411118	3.794935904806299
12:31103434:G:T	0.00370029	4.88565e-05	4.32728	3.774	12	31103434	G	T	0.00016065075990033274	3.794117215834587
12:51500695:C:CT	9.77887e-05	0.0187545	-5.25638	-3.77388	12	51500695	C	CT	0.00016072809470550874	3.7939082034536296
12:131770235:G:A	7.05561e-06	0.00460854	-6.48184	-3.77379	12	131770235	G	A	0.0001607861187971557	3.793751448062826
12:85070582:T:C	2.16454e-05	0.0141285	-6.48116	-3.77325	12	85070582	T	C	0.00016113467748996957	3.7928109858260917
12:42428502:C:A	2.59864e-05	0.00260878	-4.60907	-3.77282	12	42428502	C	A	0.00016141274187324252	3.7920621851850926
12:20742595:A:G	0.0202803	0.000718764	3.33987	3.77246	12	20742595	A	G	0.0001616458871452855	3.791435340930747
12:51426170:G:A	0.000186299	0.0545565	-5.67964	-3.77235	12	51426170	G	A	0.000161717189158068	3.7912438158404003
12:59585740:T:TACAC	9.99222e-05	0.0202376	-5.3109	-3.77223	12	59585740	T	TACAC	0.00016179500692368963	3.791034885065829
12:46435135:G:A	0.00215997	4.86258e-05	3.79369	3.77216	12	46435135	G	A	0.00016184041689040255	3.7909130115214325
12:115186957:A:G	0.00114793	0.0384336	-3.51097	-3.7715	12	115186957	A	G	0.00016226915798471116	3.789764017388174
12:86609791:GA:G	4.59443e-06	2.69487e-07	2.83608	3.77126	12	86609791	GA	G	0.00016242532863620945	3.7893462458508935
12:131769720:G:A	7.07906e-06	0.00460854	-6.47852	-3.77114	12	131769720	G	A	0.00016250346698492736	3.789137368984425
12:19509253:G:A	1.04928e-05	0.00152573	-4.97954	-3.77068	12	19509253	G	A	0.00016280332510159028	3.788336729308455
12:88811065:A:G	0.0127546	0.000871842	2.68304	3.77031	12	88811065	A	G	0.00016304489303585836	3.7876927998085366
12:64481601:G:A	1.62803e-05	0.00272078	-5.11872	-3.77028	12	64481601	G	A	0.00016306449439906114	3.7876405917813227
12:90605530:T:TTTA	1.39868e-05	0.00909363	-6.47722	-3.77009	12	90605530	T	TTTA	0.000163188687864048	3.7873099495557763
12:118677957:A:G	0.00340656	9.31089e-06	5.90227	3.76962	12	118677957	A	G	0.00016349628575530387	3.786492109023869
12:41806141:GTTT:G	0.00437354	7.92013e-05	4.01134	3.76908	12	41806141	GTTT	G	0.0001638503695223173	3.785552574841127
12:59996539:A:G	1.04837e-05	0.0011105	-4.66275	-3.76907	12	59996539	A	G	0.00016385693342824487	3.7855351771932946
12:46429177:C:T	3.84348e-05	0.00394513	-4.63127	-3.76853	12	46429177	C	T	0.00016421175196911818	3.784595765409602
12:72545632:T:C	2.20946e-06	0.000445732	-5.30697	-3.76846	12	72545632	T	C	0.00016425779985666274	3.7844739986066593
12:11170974:A:G	1.65696e-05	0.00121555	-4.29538	-3.76718	12	11170974	A	G	0.00016510196353538547	3.7822477617007917
12:45367051:A:C	1.36082e-05	0.00395825	-5.67288	-3.76627	12	45367051	A	C	0.00016570459170240438	3.780665457040003
12:22671815:G:A	0.000165619	0.0143607	-4.46257	-3.76575	12	22671815	G	A	0.00016604987914130694	3.7797614361648586
12:74158907:C:G	6.36479e-06	0.00124576	-5.27672	-3.76573	12	74158907	C	G	0.00016606317293552683	3.779726668356486
12:3816419:G:A	3.40851e-05	0.0220348	-6.47152	-3.76554	12	3816419	G	A	0.00016618951392808807	3.7793963823981085
12:63361050:T:G	1.64639e-05	0.00330988	-5.3035	-3.76514	12	63361050	T	G	0.00016645579060407313	3.778701092164551
12:618361:G:A	1.25139e-05	0.00127911	-4.62708	-3.76431	12	618361	G	A	0.00016700959571661387	3.7772585752772505
12:105017053:G:A	5.77418e-05	0.0112828	-5.27505	-3.76416	12	105017053	G	A	0.0001671098657284089	3.776997909741984
12:7332984:C:T	0.000167943	0.0278714	-5.11173	-3.76353	12	7332984	C	T	0.00016753161853306676	3.7759032157402923
12:61386923:C:A	0.000143853	0.0235354	-5.09747	-3.7633	12	61386923	C	A	0.0001676858411361302	3.7755036063029626
12:46431399:C:CT	1.71304e-05	0.00334201	-5.27347	-3.76266	12	46431399	C	CT	0.0001681156854520329	3.7743917643269524
12:58474084:T:G	0.00885137	0.000144946	4.11197	3.76238	12	58474084	T	G	0.00016830406808897403	3.773905386536113
12:59635173:T:C	0.00239165	4.36708e-05	4.00306	3.76193	12	59635173	T	C	0.00016860724196769296	3.7731237756243163
12:25208822:C:A	4.1917e-05	0.0269731	-6.46691	-3.76185	12	25208822	C	A	0.00016866119329956008	3.7729848313089223
12:60007908:A:G	4.30765e-06	0.00277067	-6.46645	-3.76148	12	60007908	A	G	0.0001689109295145761	3.7723422481536817
12:17122213:G:A	2.81551e-05	0.00814283	-5.66716	-3.76113	12	17122213	G	A	0.00016914748658618736	3.7717344511415014
12:99345432:C:T	0.0291401	7.30139e-05	5.98922	3.76032	12	99345432	C	T	0.0001696961429259035	3.770328028778572
12:74815265:A:G	4.5865e-05	0.00659295	-4.96805	-3.7596	12	74815265	A	G	0.0001701852423652818	3.76907810251936
12:61507884:A:C	7.26445e-05	0.0145109	-5.29708	-3.75898	12	61507884	A	C	0.00017060747353629606	3.7680019482887617
12:76147924:G:A	0.000382716	0.0117621	-3.42534	-3.75869	12	76147924	G	A	0.0001708053068085641	3.767498640193428
12:61028694:C:G	2.30944e-05	0.0093425	-6.00274	-3.75862	12	61028694	C	G	0.00017085309198459694	3.7673771572240264
12:87174970:G:A	9.64416e-06	0.00278005	-5.66387	-3.75817	12	87174970	G	A	0.00017116058277344596	3.766596243484781
12:42274721:TG:T	0.000568676	5.39375e-06	4.65807	3.75804	12	42274721	TG	T	0.00017124951030541576	3.766370661715594
12:42207720:G:A	4.88286e-06	0.000511448	-4.65152	-3.75769	12	42207720	G	A	0.00017148914663211429	3.7657633607928593
12:59629742:CT:C	0.0148572	4.11981e-05	5.88785	3.75764	12	59629742	CT	C	0.0001715234061289801	3.765676607638368
12:42355592:G:GA	0.000107334	3.86725e-06	3.3234	3.75683	12	42355592	G	GA	0.00017207930762324817	3.764271350040443
12:61319384:C:T	4.23143e-05	0.0170769	-6.00035	-3.75658	12	61319384	C	T	0.0001722512240813031	3.7638376831511557
12:12433322:C:CA	3.4101e-06	0.00137487	-5.99937	-3.75574	12	12433322	C	CA	0.00017283004737037697	3.762380751019555
12:7615494:T:G	6.12778e-05	0.0246829	-5.99845	-3.75494	12	7615494	T	G	0.0001733830079672597	3.7609934668808696
12:105063203:A:G	0.0376211	0.000818794	3.82749	3.75441	12	105063203	A	G	0.00017375026020503552	3.760074536346329
12:57520781:CG:C	6.7836e-06	0.000216963	-3.46522	-3.75411	12	57520781	CG	C	0.00017395846295748248	3.7595544382798267
12:62497067:A:G	4.22133e-06	0.000455292	-4.68079	-3.75409	12	62497067	A	G	0.00017397235148019737	3.7595197663937516
12:123466552:CT:C	0.0252557	0.0016024	2.75755	3.75329	12	123466552	CT	C	0.00017452874827254857	3.7581330260813233
12:90605423:A:AT	0.0158645	0.000167291	4.55211	3.75316	12	90605423	A	AT	0.0001746193206639277	3.7579077056847887
12:43246071:T:G	4.78463e-05	0.0137118	-5.65802	-3.7529	12	43246071	T	G	0.00017480059807281682	3.7574570857789626
12:88494470:T:C	4.69017e-05	0.00131351	-3.33241	-3.75266	12	88494470	T	C	0.00017496808813460187	3.757041153661336
12:92422128:G:A	0.000167795	0.0275164	-5.09979	-3.75198	12	92422128	G	A	0.0001754434632862775	3.7558628081928567
12:20747014:TAGG:T	0.0196164	0.000726828	3.29543	3.75182	12	20747014	TAGG	T	0.00017555549264299772	3.755585578119861
12:58473773:C:G	0.00887353	0.000147029	4.1002	3.75154	12	58473773	C	G	0.00017575170590929101	3.7551004508691848
12:42198788:T:G	5.32829e-06	0.000759515	-4.95965	-3.75149	12	42198788	T	G	0.00017578676568687153	3.7550138244016953
12:60005416:A:G	9.12823e-06	0.000780257	-4.44825	-3.75124	12	60005416	A	G	0.0001759621632517565	3.7545807075128272
12:44893331:T:TA	0.000187329	9.76782e-06	2.95377	3.74966	12	44893331	T	TA	0.00017707448837620408	3.751844004340881
12:86837232:C:G	1.6465e-06	0.000161289	-4.58454	-3.74954	12	86837232	C	G	0.00017715923836355015	3.751636195486051
12:27231012:CT:C	0.00406071	1.70999e-05	5.47004	3.74856	12	27231012	CT	C	0.0001778527923403601	3.7499393118755013
12:51315174:AT:A	0.0038798	1.08775e-05	5.87685	3.7485	12	51315174	AT	A	0.00017789533766245967	3.7498354338947144
12:11174243:C:T	1.77826e-05	0.00252534	-4.95591	-3.74788	12	11174243	C	T	0.00017833553339528509	3.7487621149290593
12:58475766:G:C	0.0078187	0.000144937	3.98798	3.74763	12	58475766	G	C	0.00017851332126708552	3.748329369821141
12:123355147:G:A	4.81479e-06	0.000924306	-5.25735	-3.74742	12	123355147	G	A	0.00017866279185964776	3.7479658838266396
12:3830602:A:G	0.000129243	0.0240956	-5.22809	-3.74718	12	3830602	A	G	0.0001788337594889026	3.7475504935055306
12:101876707:C:T	0.000585325	6.21508e-06	4.54519	3.74665	12	101876707	C	T	0.00017921185811488574	3.746633257266099
12:60426805:T:C	6.49487e-06	0.000652265	-4.60944	-3.74661	12	60426805	T	C	0.00017924042434351248	3.7465640365854407
12:52104543:C:T	0.0194853	0.00123332	2.75995	3.74611	12	52104543	C	T	0.00017959786363573287	3.7456988336861468
12:31322571:G:A	0.000110249	0.0313528	-5.65031	-3.74598	12	31322571	G	A	0.00017969090757203598	3.7454738978002937
12:29417789:G:GTC	3.32451e-05	0.00343836	-4.63884	-3.74484	12	29417789	G	GTC	0.00018050877490527673	3.7435016812912223
12:46098881:A:G	6.25687e-05	0.00884472	-4.95131	-3.74344	12	46098881	A	G	0.00018151796190540913	3.741080393380302
12:61395217:G:A	2.77836e-05	0.00196099	-4.25676	-3.74318	12	61395217	G	A	0.0001817059654310295	3.7406308145122718
12:61309869:G:T	0.000125268	0.02034	-5.08989	-3.74242	12	61309869	G	T	0.00018225656441791632	3.7393168205455902
12:17307915:CT:C	0.00145869	4.12351e-06	5.86859	3.74165	12	17307915	CT	C	0.00018281600749954458	3.737985779803759
12:42199634:A:T	5.28882e-06	0.000746221	-4.94943	-3.74163	12	42199634	A	T	0.00018283055997706332	3.7379512105707895
12:53693864:A:G	5.06909e-05	0.00714817	-4.94887	-3.74108	12	53693864	A	G	0.0001832311801386249	3.7370006212253237
12:72697827:C:T	0.00685566	0.000219195	3.44287	3.74083	12	72697827	C	T	0.0001834135528981955	3.7365685763463095
12:40742541:A:AT	3.21909e-05	0.00521131	-5.0869	-3.73953	12	40742541	A	AT	0.00018436464525018083	3.734322357929243
12:105062103:T:C	0.0386915	0.000855876	3.81125	3.73922	12	105062103	T	C	0.00018459212781117681	3.7337868240092735
12:70304102:G:A	1.02626e-06	0.0002896	-5.64257	-3.73902	12	70304102	G	A	0.0001847390307556905	3.7334413392590036
12:92427461:G:GGA	0.0581358	0.000976613	4.08645	3.73889	12	92427461	G	GGA	0.00018483457659641635	3.7332167830055534
12:107760422:A:G	7.46194e-05	0.00792204	-4.665	-3.7387	12	107760422	A	G	0.00018497430408170623	3.7328885979246107
12:58498462:A:G	9.40681e-05	0.0587472	-6.43698	-3.73791	12	58498462	A	G	0.0001855563416946465	3.7315241983298773
12:3819008:A:T	5.14481e-05	0.0144995	-5.6413	-3.73787	12	3819008	A	T	0.00018558585769659652	3.7314551216427057
12:104109010:T:C	0.00457587	1.95154e-05	5.45735	3.73777	12	104109010	T	C	0.00018565966701147702	3.7312824328076646
12:95180080:C:CAA	1.9811e-05	0.00151561	-4.33734	-3.73771	12	95180080	C	CAA	0.00018570396584461466	3.7311788214834767
12:103820313:C:T	0.00012093	0.0236247	-5.27484	-3.73767	12	103820313	C	T	0.00018573350391973758	3.7311097480910314
12:44888385:G:GTT	1.29952e-06	0.000253862	-5.2748	-3.73763	12	44888385	G	GTT	0.000185763046411334	3.731040675357529
12:69268476:ACT:A	0.00799812	0.000109504	4.291	3.73729	12	69268476	ACT	A	0.00018601433599166298	3.730453583727528
12:51420252:A:G	0.000248022	0.0698196	-5.64015	-3.73684	12	51420252	A	G	0.00018634741649462054	3.7296766238916703
12:45427407:C:T	1.39336e-05	0.00549379	-5.97707	-3.73664	12	45427407	C	T	0.00018649563215838427	3.729331335178216
12:39704852:C:T	0.000295596	4.97795e-06	4.08398	3.73662	12	39704852	C	T	0.00018651045981788386	3.7292968072128976
12:76059522:T:C	0.0105431	0.000557253	2.94021	3.73591	12	76059522	T	C	0.0001870375602446273	3.7280711711694368
12:39943997:CCT:C	0.0157829	7.52539e-05	5.34582	3.73585	12	39943997	CCT	C	0.0001870821680478245	3.7279676058057034
12:57499439:C:CA	2.42047e-05	0.00390339	-5.08305	-3.73581	12	57499439	C	CA	0.0001871119121387189	3.7278985630535284
12:41925881:A:G	5.85094e-05	0.00474544	-4.39575	-3.73446	12	41925881	A	G	0.00018811838577083957	3.7255687565569633
12:95179319:G:T	1.99279e-05	0.00151886	-4.3336	-3.73389	12	95179319	G	T	0.00018854486727400006	3.724585285824895
12:105063849:C:A	0.0370934	0.00082535	3.80539	3.73374	12	105063849	C	A	0.00018865725019814	3.7243264999750947
12:60006605:A:G	4.89791e-06	0.00304201	-6.43146	-3.7335	12	60006605	A	G	0.0001888371938449394	3.7239124618878554
12:74960427:G:A	1.77599e-05	0.00697622	-5.97332	-3.73342	12	74960427	G	A	0.00018889721090034907	3.7237744544631863
12:122598421:C:CTTTT	9.32554e-06	0.000782758	-4.43007	-3.73281	12	122598421	C	CTTTT	0.00018935543083818142	3.722722234513416
12:83650099:G:C	0.00235535	6.73258e-06	5.85749	3.73243	12	83650099	G	C	0.00018964140721951738	3.7220668306922304
12:85471069:GT:G	0.000833143	2.1594e-06	5.95537	3.73222	12	85471069	GT	G	0.0001897996209000851	3.721704659354277
12:129654381:GTT:G	0.0686517	0.00054496	4.83609	3.73191	12	129654381	GTT	G	0.0001900334011785856	3.721170058664767
12:83649290:T:C	0.00225388	6.44691e-06	5.85681	3.73186	12	83649290	T	C	0.0001900711330112711	3.7210838364532055
12:51314780:C:T	8.89175e-06	0.00348482	-5.97105	-3.73148	12	51314780	C	T	0.00019035812513225808	3.7204285812883064
12:32665742:GTGTGTATAT:G	0.00237595	9.25716e-06	5.54776	3.7313	12	32665742	GTGTGTATAT	G	0.00019049421087230674	3.7201182180167867
12:83649654:T:C	0.00225388	6.45463e-06	5.85561	3.73087	12	83649654	T	C	0.0001908196747875245	3.719376848651138
12:83649832:T:C	0.00225388	6.45663e-06	5.8553	3.73061	12	83649832	T	C	0.00019101672037686595	3.7189286157387467
12:83649807:T:G	0.00225388	6.45663e-06	5.8553	3.73061	12	83649807	T	G	0.00019101672037686595	3.7189286157387467
12:83649743:A:G	0.00225388	6.45663e-06	5.8553	3.73061	12	83649743	A	G	0.00019101672037686595	3.7189286157387467
12:44892798:C:CA	2.0766e-06	0.000328127	-5.06267	-3.73043	12	44892798	C	CA	0.00019115324855949526	3.718618316951913
12:105018917:C:T	0.00743314	0.000359576	3.02878	3.73022	12	105018917	C	T	0.00019131264734991197	3.7182563185627835
12:24176978:GT:G	0.00612425	0.000177191	3.54278	3.73016	12	24176978	GT	G	0.00019135821280075654	3.7181528937869697
12:107760855:T:C	7.54001e-05	0.00793311	-4.65599	-3.72991	12	107760855	T	C	0.0001915481786522866	3.7177219731772344
12:60006406:C:T	4.92372e-06	0.00304201	-6.42621	-3.72929	12	60006406	C	T	0.00019202005903695208	3.716653401119224
12:58471552:G:C	0.0117292	0.000221709	3.96848	3.72914	12	58471552	G	C	0.00019213438766166975	3.716394899400808
12:62496711:C:A	2.76191e-06	0.000209266	-4.32768	-3.72786	12	62496711	C	A	0.0001931125973369984	3.7141893949130056
12:58061106:G:A	2.02079e-05	0.00140494	-4.24167	-3.72756	12	58061106	G	A	0.00019334254127405937	3.713672577384551
12:52104545:G:A	0.0194476	0.00126002	2.73659	3.72611	12	52104545	G	A	0.0001944575687573655	3.711175148399332
12:70950209:T:C	1.74811e-05	0.00145731	-4.42323	-3.72589	12	70950209	T	C	0.00019462727237649948	3.710796303776099
12:72706421:G:A	0.0188048	0.000142879	4.87987	3.72569	12	72706421	G	A	0.00019478166915184485	3.7104519168659955
12:42425246:A:AT	1.38805e-05	0.000962392	-4.23894	-3.72473	12	42425246	A	AT	0.00019552437712741473	3.7087990889487683
12:75689842:A:C	0.000340374	0.0479456	-4.94778	-3.72457	12	75689842	A	C	0.00019564842020982511	3.708523654519884
12:42034872:A:G	9.4664e-06	0.00133227	-4.94689	-3.72372	12	42034872	A	G	0.0001963086399192731	3.707060585847315
12:51421918:T:C	0.000240287	0.0666504	-5.62538	-3.72356	12	51421918	T	C	0.0001964331504542353	3.706785217952123
12:73823116:G:T	9.41779e-06	6.15316e-07	2.72822	3.72355	12	73823116	G	T	0.00019644093482597326	3.706768007808629
12:58059599:C:T	0.000854404	1.90642e-05	3.80259	3.72264	12	58059599	C	T	0.000197150527268144	3.705202057092715
12:58059644:G:A	0.000855086	1.90847e-05	3.80231	3.72238	12	58059644	G	A	0.0001973537099009383	3.704754705223054
12:29409276:G:T	2.0005e-05	0.0122521	-6.41747	-3.7223	12	29409276	G	T	0.0001974162672065619	3.7046170640930898
12:107760975:G:A	7.60219e-05	0.00793523	-4.64805	-3.72216	12	107760975	G	A	0.0001975257873261593	3.704376198455856
12:83422059:A:T	4.49579e-05	0.0174213	-5.95972	-3.72178	12	83422059	A	T	0.0001978233440621277	3.7037224609735873
12:69759205:T:G	0.000802502	6.16681e-06	4.86855	3.72158	12	69759205	T	G	0.00019798012198548782	3.7033784124929596
12:69759204:C:T	0.000802502	6.16681e-06	4.86855	3.72158	12	69759204	C	T	0.00019798012198548782	3.7033784124929596
12:28290055:G:A	5.90824e-06	0.00113371	-5.2569	-3.72048	12	28290055	G	A	0.0001988444893789434	3.7014864402097007
12:117645585:G:T	0.000496834	0.0365137	-4.29719	-3.72035	12	117645585	G	T	0.0001989468758412392	3.7012628763997926
12:28900936:G:A	0.000149896	0.0206828	-4.92711	-3.72009	12	28900936	G	A	0.000199151797380245	3.7008157696523445
12:53692795:A:G	5.12335e-05	0.00706812	-4.92696	-3.71994	12	53692795	A	G	0.00019927011153703239	3.70055783611112
12:121864714:A:G	0.00237911	5.3253e-05	3.79943	3.71971	12	121864714	A	G	0.00019945165484710765	3.7001623560050025
12:117646577:G:A	0.000586458	0.0430299	-4.29555	-3.71879	12	117646577	G	A	0.00020017938314961995	3.6985806533573093
12:5740406:T:C	0.000335524	0.0270932	-4.39135	-3.71818	12	5740406	T	C	0.00020066327321088421	3.697532107838494
12:42207469:TTAA:T	0.000267842	5.12794e-06	3.9557	3.71702	12	42207469	TTAA	T	0.00020158649089355426	3.695538575038831
12:61320286:G:A	3.9641e-05	0.0152646	-5.95343	-3.71639	12	61320286	G	A	0.0002020895642156851	3.694456112613149
12:38382320:C:T	5.49127e-06	0.00150823	-5.61553	-3.71469	12	38382320	C	T	0.00020345295520857168	3.691535997521414
12:18031673:C:T	1.93649e-05	0.00200228	-4.63858	-3.71292	12	18031673	C	T	0.000204881664372143	3.688496906500279
12:2911519:A:ATTTT	0.0055717	0.00012746	3.77765	3.71248	12	2911519	A	ATTTT	0.00020523828341721193	3.687741626376574
12:11176169:G:A	1.81351e-05	0.00325708	-5.19074	-3.71194	12	11176169	G	A	0.0002056767491573688	3.6868148005920216
12:38387874:A:T	4.52228e-06	0.00123737	-5.61173	-3.71128	12	38387874	A	T	0.00020621384663315558	3.6856821765186845
12:11176454:G:A	1.81626e-05	0.00325708	-5.18922	-3.71051	12	11176454	G	A	0.00020684212536352115	3.6843610083738265
12:11176650:C:T	1.81626e-05	0.00325708	-5.18922	-3.71051	12	11176650	C	T	0.00020684212536352115	3.6843610083738265
12:96643345:A:T	2.33332e-05	0.00233752	-4.60697	-3.71012	12	96643345	A	T	0.00020716102997891164	3.683691938390551
12:51422946:C:T	0.000238419	0.0651139	-5.60987	-3.7096	12	51422946	C	T	0.00020758695455191277	3.6827999424619993
12:51814858:G:C	0.000108625	0.0167787	-5.03996	-3.70899	12	51814858	G	C	0.00020808764517062092	3.6817537044760638
12:51430653:G:A	0.000204505	0.0558099	-5.60911	-3.70893	12	51430653	G	A	0.00020813695465037542	3.681650804094528
12:51430583:A:G	0.000204539	0.0558099	-5.60895	-3.70878	12	51430583	A	G	0.00020826027636747813	3.681393559623082
12:117645840:T:C	0.000498733	0.0362084	-4.28498	-3.70874	12	117645840	T	C	0.000208293173747253	3.681324962661366
12:59586062:A:C	0.000104518	0.0198037	-5.24427	-3.70838	12	59586062	A	C	0.0002085894698762006	3.6807076196395485
12:81917151:AT:A	0.00538584	1.58618e-05	5.82762	3.70762	12	81917151	AT	A	0.0002092162843905301	3.679404515092969
12:102587452:G:A	0.00935527	0.000495166	2.9388	3.70736	12	102587452	G	A	0.00020943112674909206	3.6789587707433773
12:102587608:C:A	0.00935527	0.000495166	2.9388	3.70736	12	102587608	C	A	0.00020943112674909206	3.6789587707433773
12:46424091:T:G	5.19469e-05	0.00812831	-5.05289	-3.70665	12	46424091	T	G	0.00021001886760469734	3.6777416875111926
12:107752695:A:G	0.00262139	5.06955e-05	3.94562	3.70649	12	107752695	A	G	0.00021015152995394263	3.677467443878215
12:83426788:CT:C	0.00466708	1.24805e-05	5.92412	3.70628	12	83426788	CT	C	0.00021032576872331772	3.6771075150989803
12:63361090:C:T	1.57543e-05	0.00281182	-5.18447	-3.70603	12	63361090	C	T	0.00021053337272672765	3.676679052121537
12:58535873:A:T	4.49648e-05	0.00420541	-4.53825	-3.7056	12	58535873	A	T	0.00021089090185124967	3.6759421559695156
12:107750431:T:A	8.56317e-06	0.00325354	-5.94003	-3.70491	12	107750431	T	A	0.00021146580320588668	3.674759853725142
12:64444652:T:G	4.07411e-06	0.00154759	-5.9398	-3.70471	12	64444652	T	G	0.00021163271621046952	3.674417194049997
12:83426611:A:G	0.00466708	1.25342e-05	5.91983	3.70272	12	83426611	A	G	0.00021330025417002794	3.671008627042016
12:51422356:A:G	0.000240438	0.0651139	-5.60143	-3.70202	12	51422356	A	G	0.00021388975298654783	3.669810021075957
12:121936282:T:C	3.17842e-05	0.00249303	-4.36229	-3.70189	12	121936282	T	C	0.00021399939964225875	3.669587445026603
12:7742217:T:C	0.000136768	0.0131291	-4.5643	-3.70132	12	7742217	T	C	0.0002144807814195712	3.668611616753685
12:20774318:AG:A	0.00795318	0.000223665	3.57118	3.7005	12	20774318	AG	A	0.0002151750793814607	3.667208028144228
12:41271238:GA:G	0.0143882	0.000717794	2.99798	3.70022	12	41271238	GA	G	0.0002154126396862556	3.6667288173567814
12:58058315:C:T	0.000706211	1.61587e-05	3.77745	3.69939	12	58058315	C	T	0.00021611828411761925	3.665308489222828
12:12427172:CTTTT:C	0.00189411	9.41393e-06	5.30432	3.69912	12	12427172	CTTTT	C	0.00021634829857068204	3.6648465158767185
12:89775368:C:T	0.00210489	2.12818e-05	4.59417	3.69894	12	89775368	C	T	0.00021650176921766888	3.6645385503113945
12:51423751:C:T	0.000235925	0.0636438	-5.59754	-3.69852	12	51423751	C	T	0.00021686026501045537	3.6638200158399328
12:46098407:T:C	6.03885e-05	0.00922092	-5.02843	-3.6981	12	46098407	T	C	0.0002172193181156002	3.6631015539546037
12:20781909:G:A	0.00868926	0.000456431	2.94641	3.69744	12	20781909	G	A	0.00021778467235379173	3.6619726890724955
12:47444694:A:G	6.07609e-06	0.00360276	-6.38509	-3.69641	12	47444694	A	G	0.00021866972872538386	3.660211333823149
12:12427075:A:C	9.45594e-06	0.00254251	-5.59427	-3.69557	12	12427075	A	C	0.0002193940211051631	3.658775211931847
12:38382498:G:T	5.60954e-06	0.00150823	-5.59422	-3.69553	12	38382498	G	T	0.000219428567336994	3.658706832416841
12:14095050:T:C	7.4855e-05	0.00545703	-4.28911	-3.69491	12	14095050	T	C	0.00021996468742612518	3.657647034118319
12:28905120:C:T	0.000247075	0.0332052	-4.90077	-3.69467	12	28905120	C	T	0.00022017254774453222	3.657236832077735
12:28905154:G:A	0.000247075	0.0332052	-4.90077	-3.69467	12	28905154	G	A	0.00022017254774453222	3.657236832077735
12:51420611:T:C	0.000248106	0.0666324	-5.59309	-3.69452	12	51420611	T	C	0.00022030255407241365	3.6569804678373132
12:121936607:C:G	3.18823e-05	0.00248178	-4.35468	-3.69449	12	121936607	C	G	0.00022032856398479872	3.6569291961001444
12:80514355:T:C	0.000572835	0.0359229	-4.13853	-3.69436	12	80514355	T	C	0.00022044130692314942	3.656707022851477
12:28901200:G:T	0.000153992	0.0206828	-4.90016	-3.69408	12	28901200	G	T	0.00022068432184946528	3.6562285194714335
12:58471511:G:A	0.0125797	0.000221925	4.0375	3.69386	12	58471511	G	A	0.0002208754385650434	3.6558525751594786
12:80514293:G:C	0.000572764	0.0358939	-4.13785	-3.69372	12	80514293	G	C	0.00022099713918294407	3.655613348238431
12:55382768:A:AC	0.00366294	1.64652e-05	5.40477	3.69305	12	55382768	A	AC	0.00022158043560282972	3.6544685881892276
12:20982604:C:CTGTG	6.35757e-06	0.00118512	-5.22795	-3.69274	12	20982604	C	CTGTG	0.00022185080780436352	3.6539389855891264
12:84393958:C:G	3.16275e-05	0.00300999	-4.55567	-3.69265	12	84393958	C	G	0.00022192936095072465	3.653785237401357
12:102583937:G:A	0.0103645	0.000556778	2.92397	3.69201	12	102583937	G	A	0.00022248871459129812	3.6526920130651885
12:56673791:CA:C	0.00726741	2.1813e-05	5.80865	3.69188	12	56673791	CA	C	0.0002226024948967807	3.6524699724638765
12:83436666:T:C	1.01071e-05	0.00595839	-6.37932	-3.69179	12	83436666	T	C	0.00022268129787314834	3.652316256120695
12:103903941:T:C	4.24724e-05	0.00790906	-5.22691	-3.69174	12	103903941	T	C	0.0002227250886195405	3.6522308595922457
12:28901467:G:A	0.000154658	0.0206828	-4.89584	-3.68991	12	28901467	G	A	0.00022433340364696542	3.64910605437317
12:59586545:T:C	0.00010677	0.0198037	-5.22295	-3.68795	12	59586545	T	C	0.00022606805795122653	3.6457607965025383
12:99910746:G:A	0.000986892	5.23268e-05	2.93705	3.68789	12	99910746	G	A	0.00022612135769517814	3.645658415579893
12:38810480:G:A	3.60223e-06	0.00054398	-5.01736	-3.68764	12	38810480	G	A	0.0002263435669504882	3.6452318443434897
12:38642936:T:A	3.92254e-06	0.000395114	-4.61244	-3.68743	12	38642936	T	A	0.00022653038110416818	3.644873544374878
12:16997258:A:ATGTGTGTGT	5.40712e-06	0.000732671	-4.90898	-3.68742	12	16997258	A	ATGTGTGTGT	0.0002265392806251598	3.6448564829241334
12:95227945:G:A	2.682e-05	0.00411335	-5.03285	-3.68728	12	95227945	G	A	0.00022666390838185785	3.6446176269332526
12:73806323:G:A	5.01246e-06	0.000902486	-5.19323	-3.68681	12	73806323	G	A	0.0002270827723969599	3.643815812221191
12:61513319:T:A	6.74747e-05	0.00913483	-4.9081	-3.68658	12	61513319	T	A	0.0002272880130589476	3.6434234679249524
12:74957578:A:G	1.55904e-05	0.00579459	-5.91803	-3.68607	12	74957578	A	G	0.00022774373315002174	3.6425535647207608
12:11165057:T:C	1.07382e-05	0.00104947	-4.58222	-3.68601	12	11165057	T	C	0.00022779740362572563	3.64245123020181
12:27228998:A:G	2.60938e-05	0.00246681	-4.54898	-3.68595	12	27228998	A	G	0.00022785108597253706	3.6423488971637954
12:41922693:A:G	5.30062e-05	0.00409006	-4.3459	-3.68594	12	41922693	A	G	0.00022786003418464484	3.64233184180144
12:47444014:T:G	6.15797e-06	0.00360276	-6.37171	-3.6857	12	47444014	T	G	0.00022807489025068972	3.6419225254459997
12:99337378:T:A	6.71138e-05	0.00634023	-4.54828	-3.68524	12	99337378	T	A	0.00022848722930831502	3.6411380686616246
12:96382356:T:TA	0.000129063	0.0118146	-4.51679	-3.68523	12	96382356	T	TA	0.0002284962009664898	3.641121016219977
12:59588469:A:G	0.000110933	0.0205113	-5.21981	-3.68494	12	59588469	A	G	0.00022875652292444565	3.640626513306528
12:51814857:T:C	0.000109147	0.0164351	-5.01448	-3.68492	12	51814857	T	C	0.00022877448641952865	3.6405924109325474
12:50912156:A:G	0.0024636	3.70898e-05	4.19604	3.68424	12	50912156	A	G	0.00022938603358235577	3.639433028120734
12:58057474:T:A	1.40511e-05	0.00521112	-5.91585	-3.68421	12	58057474	T	A	0.00022941304890966728	3.6393818832599902
12:20779508:C:G	0.00751317	0.000399829	2.93338	3.68414	12	20779508	C	G	0.0002294760962864149	3.639262546691327
12:95227636:C:T	1.52945e-05	0.00892641	-6.36928	-3.68375	12	95227636	C	T	0.00022982765803364596	3.6385977084214374
12:57517685:A:G	6.20297e-06	0.000183839	-3.38903	-3.68365	12	57517685	A	G	0.00022991788345969256	3.638427247148294
12:50911995:T:C	0.00246011	3.70898e-05	4.19462	3.68287	12	50911995	T	C	0.0002306227835315923	3.637097790392255
12:64481484:C:T	1.69899e-05	0.00629082	-5.91423	-3.68281	12	64481484	C	T	0.0002306770905384116	3.63699553485383
12:64676327:T:C	8.78406e-05	0.00854474	-4.57755	-3.6827	12	64676327	T	C	0.00023077668455650155	3.6368080702127625
12:45746738:C:G	1.09535e-05	0.00196163	-5.18787	-3.68175	12	45746738	C	G	0.0002316384954865218	3.635189264512379
12:52104564:A:T	0.0193252	0.001319	2.68454	3.68152	12	52104564	A	T	0.00023184759810444616	3.6347973989503566
12:28901649:A:C	0.000156627	0.020742	-4.88605	-3.68047	12	28901649	A	C	0.00023280444926378855	3.63300872388363
12:63357704:CA:C	1.31197e-05	0.00123345	-4.54346	-3.6804	12	63357704	CA	C	0.00023286837092412424	3.632889495003057
12:83650318:T:C	0.00235535	7.17142e-06	5.79434	3.67999	12	83650318	T	C	0.0002332431000953111	3.6321911948905936
12:26787178:AC:A	0.00850152	0.000259364	3.48977	3.67978	12	26787178	AC	A	0.0002334352536225406	3.631833555756037
12:83650664:C:G	0.00235535	7.17772e-06	5.79346	3.67926	12	83650664	C	G	0.00023391170189693205	3.6309480512043444
12:116380877:GAAAGAAAAG:G	0.0214537	0.000180882	4.7758	3.67857	12	116380877	GAAAGAAAAG	G	0.00023454532099612116	3.6297732264807725
12:60436124:G:A	1.29647e-05	0.00173987	-4.89933	-3.67818	12	60436124	G	A	0.00023490416559571474	3.6291092817358375
12:64492779:A:G	0.000115948	0.0153123	-4.88327	-3.67778	12	64492779	A	G	0.00023527274645537653	3.62842837775194
12:117637681:T:A	0.000133513	0.0238003	-5.18326	-3.67739	12	117637681	T	A	0.0002356326352315799	3.627764559727716
12:4695742:C:CAA	3.36304e-05	0.00885984	-5.57385	-3.67722	12	4695742	C	CAA	0.00023578967143078437	3.6274752227305807
12:62509638:T:C	9.75057e-06	0.00130656	-4.89783	-3.67674	12	62509638	T	C	0.00023623359801159887	3.626658335370397
12:16249375:C:T	0.0350994	0.00101369	3.54458	3.67659	12	16249375	C	T	0.00023637248581967235	3.6264030775036455
12:38379329:T:C	5.72782e-06	0.00150744	-5.57283	-3.6763	12	38379329	T	C	0.00023664121953249751	3.625909605201183
12:89776816:G:A	2.07758e-05	0.00309889	-5.00501	-3.67597	12	89776816	G	A	0.00023694736867238385	3.6253481098276694
12:39166867:C:G	4.01996e-05	0.005298	-4.88123	-3.67582	12	39166867	C	G	0.00023708665019210243	3.6250928994639473
12:61027447:A:AT	2.23412e-05	0.0082037	-5.90591	-3.67569	12	61027447	A	AT	0.00023720742297773188	3.6248717246339686
12:45375700:C:A	2.43571e-05	0.00362927	-5.00396	-3.67499	12	45375700	C	A	0.00023785873085421214	3.6236809027170014
12:16244800:C:A	0.000516238	0.0342722	-4.19552	-3.67482	12	16244800	C	A	0.0002380171586589497	3.6233917335221095
12:20744340:C:T	0.0189283	0.000743676	3.23681	3.67463	12	20744340	C	T	0.00023819434219186716	3.6230685584873044
12:20744067:C:T	0.0189283	0.000743676	3.23681	3.67463	12	20744067	C	T	0.00023819434219186716	3.6230685584873044
12:20744452:G:T	0.0189283	0.000743676	3.23681	3.67463	12	20744452	G	T	0.00023819434219186716	3.6230685584873044
12:20743725:AATATAT:A	0.0189209	0.000743676	3.23642	3.67426	12	20743725	AATATAT	A	0.00023853973901715903	3.62243926023719
12:20743830:T:A	0.0189209	0.000743676	3.23642	3.67426	12	20743830	T	A	0.00023853973901715903	3.62243926023719
12:92419870:A:G	0.000249569	0.01647	-4.18956	-3.6736	12	92419870	A	G	0.000239157019286308	3.6213168680114443
12:83429124:G:A	8.58554e-06	0.00494724	-6.35651	-3.67354	12	83429124	G	A	0.00023921320992760045	3.621214841237745
12:118674409:T:G	0.0011963	9.63703e-06	4.82137	3.67262	12	118674409	T	G	0.00024007635233661963	3.6196506161008335
12:45370056:C:G	1.41127e-05	0.00516058	-5.90173	-3.67211	12	45370056	C	G	0.00024055609144923697	3.618783641258631
12:73227058:ATTTGTGTG:A	0.00120066	5.53239e-06	5.38001	3.67199	12	73227058	ATTTGTGTG	A	0.00024066910187471908	3.618579662723145
12:24162457:T:A	0.000302252	0.0199968	-4.19207	-3.67162	12	24162457	T	A	0.0002410178643221876	3.6179507661844044
12:81639046:T:C	4.03242e-05	0.00608263	-5.01624	-3.67123	12	81639046	T	C	0.00024138599205546324	3.617287936183701
12:85946784:C:T	6.08526e-06	0.00222264	-5.90058	-3.67113	12	85946784	C	T	0.00024148046871560097	3.61711798984854
12:20744826:C:T	0.0188532	0.000743676	3.23283	3.67086	12	20744826	C	T	0.00024173572900778874	3.6166591552847147
12:17752801:A:G	0.000154418	4.49243e-06	3.53727	3.67002	12	17752801	A	G	0.00024253149191646447	3.6152318616903147
12:39167460:G:A	4.04422e-05	0.005298	-4.87521	-3.67001	12	39167460	G	A	0.0002425409800694787	3.615214871847617
12:20781808:A:T	0.00842986	0.00045496	2.91932	3.66979	12	20781808	A	T	0.0002427498075570571	3.614841105712198
12:32668615:A:G	7.28647e-06	4.54486e-07	2.77461	3.66935	12	32668615	A	G	0.0002431679686555448	3.6140936331506244
12:52104582:A:C	0.0192851	0.001337	2.6689	3.66813	12	52104582	A	C	0.00024433095247885286	3.6120215119898615
12:52104584:A:G	0.0192851	0.001337	2.6689	3.66813	12	52104584	A	G	0.00024433095247885286	3.6120215119898615
12:96741325:C:T	3.04448e-05	0.00300512	-4.59216	-3.66766	12	96741325	C	T	0.0002447803778753449	3.611223399116403
12:58471830:A:G	0.0112269	0.000226504	3.90331	3.66734	12	58471830	A	G	0.0002450868132397411	3.61068005509341
12:123358675:A:G	0.000940807	3.96495e-06	5.46924	3.66728	12	123358675	A	G	0.00024514430991775003	3.6105781827767744
12:114146408:T:C	0.000123272	0.0160953	-4.87189	-3.66681	12	114146408	T	C	0.0002455951385162507	3.609780234177704
12:776577:C:T	0.000171022	0.0301359	-5.17168	-3.66645	12	776577	C	T	0.00024594097990174925	3.609169100938487
12:45375277:T:G	0.00197581	3.02985e-05	4.17764	3.66644	12	45375277	T	G	0.00024595059312478576	3.60915212577588
12:117637745:G:A	0.000137152	0.0241609	-5.1714	-3.66618	12	117637745	G	A	0.00024620066067553134	3.6087107859808496
12:117637865:A:G	0.000137152	0.0241609	-5.1714	-3.66618	12	117637865	A	G	0.00024620066067553134	3.6087107859808496
12:117637796:C:T	0.000137152	0.0241609	-5.1714	-3.66618	12	117637796	C	T	0.00024620066067553134	3.6087107859808496
12:123357509:G:A	0.000955216	4.03168e-06	5.46775	3.66607	12	123357509	G	A	0.0002463065302641464	3.608524073666021
12:44895819:A:G	2.36543e-06	0.00035487	-5.01079	-3.66596	12	44895819	A	G	0.00024641244255515604	3.608337366326555
12:89622299:A:AT	0.00520472	6.02118e-05	4.45945	3.66592	12	89622299	A	AT	0.0002464509667060085	3.608269473982125
12:20775101:AAAAT:A	0.00812303	0.000237506	3.53227	3.66552	12	20775101	AAAAT	A	0.0002468365190620663	3.607590586722065
12:58057458:T:G	1.40511e-05	0.00509493	-5.8933	-3.66489	12	58057458	T	G	0.0002474449114844601	3.606521472695187
12:53379515:A:G	1.36879e-05	0.00247768	-5.19856	-3.66458	12	53379515	A	G	0.00024774479525362824	3.605995460622193
12:42198796:G:A	5.45469e-06	0.000721494	-4.88485	-3.66432	12	42198796	G	A	0.00024799657349136833	3.6055543196740714
12:80495833:G:A	0.000331207	0.0201048	-4.10597	-3.66391	12	80495833	G	A	0.00024839409609877475	3.604858730807031
12:31104061:G:A	4.3407e-05	0.00638924	-4.99175	-3.66345	12	31104061	G	A	0.00024884080848405565	3.6040783963038345
12:105512171:C:G	3.86626e-05	0.00578379	-5.00794	-3.66321	12	105512171	C	G	0.00024907417483374596	3.603671299796402
12:20745023:G:A	0.0188644	0.000750218	3.22467	3.66311	12	20745023	G	A	0.00024917147138311214	3.603501683241372
12:16236739:G:A	0.0147056	0.000510012	3.36155	3.66263	12	16236739	G	A	0.0002496389912439905	3.602687581010453
12:16255522:T:C	0.000910551	0.0596428	-4.18208	-3.66238	12	16255522	T	C	0.00024988281689845593	3.602263606949803
12:52104429:C:T	0.0198073	0.00138258	2.6621	3.66231	12	52104429	C	T	0.00024995112809748904	3.6021448988177363
12:7333404:G:A	0.0001621	0.029251	-5.19546	-3.66161	12	7333404	G	A	0.00025063520407791725	3.6009579283019963
12:103901366:G:C	3.47222e-05	0.00608503	-5.16621	-3.66128	12	103901366	G	C	0.0002509583056999631	3.600398426361796
12:23784922:A:G	0.000227169	0.0177595	-4.35898	-3.66078	12	23784922	A	G	0.00025144859803901293	3.5995507814613
12:53694072:T:G	6.02188e-05	0.00573131	-4.55571	-3.66057	12	53694072	T	G	0.0002516547885912376	3.599194801253473
12:52104472:A:G	0.0197641	0.00138258	2.65992	3.66044	12	52104472	A	G	0.0002517825098160993	3.598974441639496
12:52104469:G:A	0.0197641	0.00138258	2.65992	3.66044	12	52104469	G	A	0.0002517825098160993	3.598974441639496
12:52104443:T:C	0.0197641	0.00138258	2.65992	3.66044	12	52104443	T	C	0.0002517825098160993	3.598974441639496
12:52104491:C:T	0.0197641	0.00138258	2.65992	3.66044	12	52104491	C	T	0.0002517825098160993	3.598974441639496
12:52104480:G:A	0.0197641	0.00138258	2.65992	3.66044	12	52104480	G	A	0.0002517825098160993	3.598974441639496
12:83312684:GTATATATAT:G	0.00321247	3.39052e-05	4.55123	3.65923	12	83312684	GTATATATAT	G	0.0002529742194323566	3.5969237354595895
12:108538703:G:T	7.9599e-06	0.0013916	-5.16379	-3.65899	12	108538703	G	T	0.0002532112193712643	3.5965170553565686
12:1208354:T:TG	0.00359818	0.00018737	2.9551	3.65843	12	1208354	T	TG	0.00025376502924512236	3.5955682272070635
12:72542167:G:C	1.1884e-06	5.42343e-05	-3.82071	-3.65696	12	72542167	G	C	0.0002552241894749162	3.5930781667156655
12:85670311:A:T	1.11037e-05	0.00199397	-5.19061	-3.65696	12	85670311	A	T	0.0002552241894749162	3.5930781667156655
12:111469627:A:AC	0.0158913	7.45459e-05	5.36211	3.65676	12	111469627	A	AC	0.0002554233216466277	3.592739451630038
12:83649944:G:GA	6.46117e-06	0.00231934	-5.88323	-3.65626	12	83649944	G	GA	0.00025592178968092204	3.5918927358583383
12:31402070:CA:C	0.00457383	3.77285e-05	4.79769	3.65599	12	31402070	CA	C	0.0002561913415713347	3.5914355520750703
12:89519856:T:C	3.07591e-05	0.0110271	-5.88193	-3.65515	12	89519856	T	C	0.00025703165098129194	3.590013394177839
12:21445767:T:C	0.000132901	0.0100107	-4.32181	-3.65493	12	21445767	T	C	0.00025725215872140296	3.589640972185123
12:105510906:C:T	3.95562e-05	0.00586411	-4.99888	-3.65445	12	105510906	C	T	0.000257733882391363	3.5888284841719216
12:105510747:C:T	3.95562e-05	0.00586411	-4.99888	-3.65445	12	105510747	C	T	0.000257733882391363	3.5888284841719216
12:105510869:A:G	3.95562e-05	0.00586411	-4.99888	-3.65445	12	105510869	A	G	0.000257733882391363	3.5888284841719216
12:29412559:A:G	1.73274e-05	0.00974655	-6.33238	-3.65424	12	29412559	A	G	0.00025794490236488656	3.588473050448848
12:63354765:GAAAC:G	0.000988218	1.47378e-05	4.20549	3.65327	12	63354765	GAAAC	G	0.0002589217177585885	3.5868315204143357
12:30244594:T:TCACA	8.61777e-05	0.00601503	-4.24561	-3.65307	12	30244594	T	TCACA	0.00025912355381965506	3.5864931087085843
12:81649502:C:T	0.000121233	0.02168	-5.18643	-3.65295	12	81649502	C	T	0.00025924472625861683	3.5862900695776005
12:81649433:G:T	0.000121233	0.02168	-5.18643	-3.65295	12	81649433	G	T	0.00025924472625861683	3.5862900695776005
12:105511974:C:T	3.91512e-05	0.00579486	-4.99729	-3.65292	12	105511974	C	T	0.0002592750276687764	3.58623931071975
12:105511776:C:T	3.91512e-05	0.00579486	-4.99729	-3.65292	12	105511776	C	T	0.0002592750276687764	3.58623931071975
12:105512009:C:T	3.91512e-05	0.00579486	-4.99729	-3.65292	12	105512009	C	T	0.0002592750276687764	3.58623931071975
12:59587417:T:C	0.000110748	0.0198037	-5.18637	-3.6529	12	59587417	T	C	0.00025929523045377395	3.586205471686714
12:62417548:A:C	2.6365e-05	0.00256308	-4.57693	-3.65281	12	62417548	A	C	0.0002593861612535599	3.586053198072823
12:27043554:C:T	1.02104e-05	0.00573219	-6.33045	-3.6527	12	27043554	C	T	0.0002594973395018012	3.585867090399762
12:122822063:A:AACACACACA	1.59204e-05	0.00204686	-4.85646	-3.65191	12	122822063	A	AACACACACA	0.0002602971151800505	3.584530645061444
12:105512749:T:C	3.86578e-05	0.00571552	-4.99619	-3.65185	12	105512749	T	C	0.0002603579519711793	3.5844291533658046
12:99064470:TA:T	0.00487406	0.000196213	3.21248	3.65154	12	99064470	TA	T	0.00026067248782954297	3.5839048031789167
12:120918272:A:G	2.35987e-05	0.00161211	-4.22411	-3.6509	12	120918272	A	G	0.0002613229795493775	3.5828223987201087
12:63363955:T:C	1.7688e-05	0.00315525	-5.18393	-3.65056	12	63363955	T	C	0.0002616691720002687	3.5822474398316713
12:63364048:G:A	1.7688e-05	0.00315525	-5.18393	-3.65056	12	63364048	G	A	0.0002616691720002687	3.5822474398316713
12:82156639:T:A	0.00010324	0.0264013	-5.54412	-3.65047	12	82156639	T	A	0.0002617608831277264	3.5820952527854697
12:102585999:A:G	0.00978194	0.000547067	2.88372	3.65033	12	102585999	A	G	0.0002619036047847409	3.5818585239980303
12:102585441:A:G	0.00978194	0.000547067	2.88372	3.65033	12	102585441	A	G	0.0002619036047847409	3.5818585239980303
12:7329656:C:A	0.0269141	0.000127213	5.35454	3.65033	12	7329656	C	A	0.0002619036047847409	3.5818585239980303
12:87189418:A:T	3.29089e-05	0.00310043	-4.54555	-3.65028	12	87189418	A	T	0.0002619545944839752	3.5817739799549586
12:61512258:G:C	6.89295e-05	0.00898436	-4.87016	-3.65025	12	61512258	G	C	0.0002619851927708636	3.581723254022362
12:61512216:A:G	6.89295e-05	0.00898436	-4.87016	-3.65025	12	61512216	A	G	0.0002619851927708636	3.581723254022362
12:20745223:A:T	0.0188644	0.000760467	3.2111	3.65023	12	20745223	A	T	0.0002620055934903937	3.5816894369394836
12:123354505:C:T	4.81657e-06	0.000834023	-5.1542	-3.64992	12	123354505	C	T	0.0002623219951623995	3.5811652931794757
12:20019040:A:AAAAC	1.8766e-05	0.00244506	-4.86978	-3.64989	12	20019040	A	AAAAC	0.00026235263368280066	3.5811145716860873
12:83435950:G:A	1.00677e-05	0.00563196	-6.32689	-3.64985	12	83435950	G	A	0.00026239349026228566	3.5810469436036834
12:59632940:G:A	3.5516e-05	0.0126535	-5.87571	-3.64982	12	59632940	G	A	0.00026242413661155045	3.580996222973469
12:20019125:T:TAA	1.87702e-05	0.00244506	-4.86955	-3.64967	12	20019125	T	TAA	0.00026257741870157607	3.5807426253713643
12:20745546:T:C	0.0189122	0.000763251	3.20997	3.64916	12	20745546	T	C	0.0002630992059133218	3.5798804627010052
12:122289805:GT:G	0.00545313	0.000139197	3.66805	3.64907	12	122289805	GT	G	0.00026319138686019223	3.5797283274452303
12:20777723:T:C	0.0076019	0.000306976	3.20938	3.6486	12	20777723	T	C	0.00026367326839516126	3.578933897422883
12:69252230:T:C	0.00111903	7.1336e-05	2.75282	3.64849	12	69252230	T	C	0.00026378616856661933	3.578747980103813
12:69252084:A:G	0.00111903	7.1336e-05	2.75281	3.64849	12	69252084	A	G	0.00026378616856661933	3.578747980103813
12:90143140:T:C	7.91201e-05	0.0140774	-5.18136	-3.6481	12	90143140	T	C	0.00026418681628762416	3.578088858774467
12:7741907:G:C	0.000101385	0.0360413	-5.87349	-3.64793	12	7741907	G	C	0.00026436163607520787	3.5778015690415983
12:28412347:T:C	1.22367e-05	0.0021752	-5.18044	-3.64721	12	28412347	T	C	0.0002651032523441839	3.5765849442153486
12:81647630:G:A	0.000108796	0.0193253	-5.17969	-3.6465	12	81647630	G	A	0.0002658364779650121	3.575385425605711
12:43996643:C:CAATAAATA	4.49364e-05	0.00127897	-3.34857	-3.64623	12	43996643	C	CAATAAATA	0.00026611580885537947	3.5749293250174916
12:61317661:A:T	4.66971e-05	0.0118844	-5.5393	-3.64614	12	61317661	A	T	0.00026620898028016865	3.574777298146318
12:50909927:G:C	0.0022366	3.50495e-05	4.15595	3.64546	12	50909927	G	C	0.00026691393117053426	3.573628758274705
12:20746219:A:G	0.0190341	0.000771224	3.20601	3.64539	12	20746219	A	G	0.0002669865989040617	3.573510537017746
12:20746221:C:A	0.0190341	0.000771224	3.20601	3.64539	12	20746221	C	A	0.0002669865989040617	3.573510537017746
12:90233224:C:T	2.47168e-06	0.000628324	-5.53816	-3.64512	12	90233224	C	T	0.0002672670624947721	3.573054559605479
12:117642035:T:C	0.000409125	0.0304635	-4.31027	-3.64443	12	117642035	T	C	0.0002679850580419364	3.5718894201161397
12:77526928:C:T	3.99202e-05	0.00707438	-5.17735	-3.64426	12	77526928	C	T	0.0002681622328991273	3.5716023868067825
12:121411512:A:T	5.58767e-05	0.00489839	-4.47351	-3.64415	12	121411512	A	T	0.0002682769339581771	3.5714166657004554
12:61029468:CTCTTCTTCT:C	0.0165281	4.76441e-05	5.84906	3.64399	12	61029468	CTCTTCTTCT	C	0.00026844385396093033	3.57114653478664
12:28297218:C:A	4.19248e-06	0.000309847	-4.30279	-3.64398	12	28297218	C	A	0.0002684542896928538	3.5711296519538602
12:120149421:C:T	0.00603862	0.000427087	2.64894	3.64319	12	120149421	C	T	0.0002692799152622289	3.569796038033255
12:120149422:A:C	0.00603862	0.000427087	2.64894	3.64319	12	120149422	A	C	0.0002692799152622289	3.569796038033255
12:70953738:T:A	2.21086e-06	0.000380082	-5.14701	-3.64313	12	70953738	T	A	0.0002693427181526105	3.5696947613799104
12:73695399:ATT:A	0.00150273	2.38854e-05	4.14177	3.64271	12	73695399	ATT	A	0.0002697827229652218	3.5689858662323912
12:20018690:C:T	1.89088e-05	0.00244506	-4.8622	-3.64263	12	20018690	C	T	0.00026986660975925725	3.568850846804632
12:52104422:T:C	0.0197718	0.00141235	2.639	3.64253	12	52104422	T	C	0.0002699715026340445	3.5686820762186415
12:27050165:A:G	7.43827e-06	0.00127777	-5.14623	-3.6424	12	27050165	A	G	0.0002701079205038751	3.5684626806008035
12:4697022:G:A	3.23996e-05	0.0179533	-6.31739	-3.64225	12	4697022	G	A	0.0002702654060257	3.568209540441263
12:55382562:C:T	1.54813e-05	0.00226265	-4.98466	-3.64071	12	55382562	C	T	0.0002718872427040364	3.5656111695850665
12:1723463:GAAA:G	0.0010343	1.93407e-05	3.97926	3.64028	12	1723463	GAAA	G	0.0002723417197038709	3.564885824509023
12:8008366:TACACAC:T	0.0088091	9.49363e-05	4.53034	3.63991	12	8008366	TACACAC	T	0.0002727333511453989	3.564261751193772
12:66714887:C:CCCAT	2.96696e-05	0.00523374	-5.17276	-3.63985	12	66714887	C	CCCAT	0.0002727969086628912	3.5641605554167866
12:59992673:G:C	1.24455e-05	0.00438121	-5.86372	-3.63956	12	59992673	G	C	0.0002731042990775768	3.5636714633499276
12:96113911:CA:C	0.0252045	0.000210576	4.78493	3.63955	12	96113911	CA	C	0.00027311490453500525	3.5636545987226524
12:113150661:C:T	0.000126267	0.0697027	-6.31359	-3.63922	12	113150661	C	T	0.00027346510125273436	3.5630980890761563
12:83436172:T:TTTA	9.58777e-05	0.016412	-5.14269	-3.63905	12	83436172	T	TTTA	0.00027364566982439315	3.5628114197533445
12:87544642:C:A	8.88134e-05	0.00827098	-4.53397	-3.63899	12	87544642	C	A	0.0002737094265839191	3.5627102451807384
12:87544643:A:C	8.88134e-05	0.00827098	-4.53397	-3.63899	12	87544643	A	C	0.0002737094265839191	3.5627102451807384
12:105021036:G:T	0.00736422	0.000470731	2.7501	3.63872	12	105021036	G	T	0.00027399650432875523	3.562254977911059
12:17317233:G:GTGTA	1.97076e-05	0.00497424	-5.53102	-3.6387	12	17317233	G	GTGTA	0.00027401778056898704	3.5622212556013033
12:58059250:C:T	0.000749017	1.83113e-05	3.71124	3.63815	12	58059250	C	T	0.0002746034843206467	3.5612939564960966
12:51806244:C:A	0.000105788	0.015157	-4.96478	-3.63798	12	51806244	C	A	0.00027478475727057397	3.561007361921372
12:20017231:T:G	1.8453e-05	0.00237357	-4.85693	-3.63758	12	20017231	T	G	0.00027521172434056765	3.5603330685907695
12:81650111:G:A	0.000136333	0.017268	-4.84151	-3.63749	12	81650111	G	A	0.00027530787757997773	3.5601813616521905
12:121409776:A:G	5.63039e-05	0.00489839	-4.4659	-3.63692	12	121409776	A	G	0.0002759175796004016	3.55922062833478
12:19506204:C:G	9.14348e-06	0.00151653	-5.11114	-3.63684	12	19506204	C	G	0.00027600325300937206	3.5590857992547305
12:27229090:T:C	1.74705e-05	0.00298323	-5.14025	-3.63674	12	27229090	T	C	0.00027611037982927555	3.5589172666028825
12:16235089:A:T	0.000360343	0.0906877	-5.52812	-3.63609	12	16235089	A	T	0.0002768076545484758	3.5578219045252495
12:16235088:A:T	0.000360343	0.0906877	-5.52812	-3.63609	12	16235088	A	T	0.0002768076545484758	3.5578219045252495
12:58472213:T:G	0.0106976	0.000223058	3.87034	3.63608	12	58472213	T	G	0.0002768183947296254	3.5578050541569746
12:1263669:G:A	7.14713e-05	0.00208024	-3.37094	-3.63604	12	1263669	G	A	0.0002768613593596423	3.5577376530947795
12:57497713:C:G	2.67876e-05	0.00389597	-4.97976	-3.63597	12	57497713	C	G	0.00027693656250005324	3.557619702817923
12:63359182:A:G	2.08172e-05	0.00158691	-4.33377	-3.63523	12	63359182	A	G	0.00027773273885384935	3.556372923038658
12:28411328:A:G	1.09987e-05	0.00193048	-5.16775	-3.63505	12	28411328	A	G	0.00027792672745180556	3.556069686304018
12:20016995:T:C	1.85078e-05	0.00237357	-4.85396	-3.63474	12	20016995	T	C	0.0002782611166043781	3.5555474764685457
12:86611340:C:T	1.20049e-06	0.000301578	-5.5263	-3.63445	12	86611340	C	T	0.00027857427354890734	3.5550589933379046
12:83425366:T:C	0.00360584	3.19589e-05	4.72586	3.63437	12	83425366	T	C	0.0002786607197735526	3.5549242454520185
12:14869097:C:T	0.000113276	0.010504	-4.52969	-3.63418	12	14869097	C	T	0.0002788661303173242	3.5546042297623464
12:17121817:G:A	3.24463e-05	0.00814283	-5.52531	-3.63356	12	17121817	G	A	0.0002795374047281687	3.553560071211734
12:17121577:G:A	3.24463e-05	0.00814283	-5.52531	-3.63356	12	17121577	G	A	0.0002795374047281687	3.553560071211734
12:72549272:G:C	7.52666e-06	0.0003817	-3.92618	-3.63332	12	72549272	G	C	0.00027979765916668454	3.5531559232081817
12:89529212:AT:A	0.0268226	0.000408482	4.18455	3.6327	12	89529212	AT	A	0.0002804710344284316	3.5521119837391986
12:73493130:T:C	0.000402607	2.29084e-05	2.86646	3.63245	12	73493130	T	C	0.0002807429860831919	3.5516910850875805
12:80521649:G:A	0.000807789	0.0474103	-4.07229	-3.63242	12	80521649	G	A	0.0002807756368811061	3.551640578975049
12:27230198:T:C	1.77021e-05	0.00300841	-5.13549	-3.63224	12	27230198	T	C	0.00028097161640409793	3.5513375500653153
12:61307026:CT:C	0.00575429	8.76743e-05	4.18407	3.63223	12	61307026	CT	C	0.0002809825079128463	3.551320715516213
12:51417586:T:C	0.000278576	0.0698017	-5.52372	-3.63213	12	51417586	T	C	0.0002810914447611762	3.5511523722849603
12:68822741:T:G	7.12863e-05	0.00678466	-4.55572	-3.63212	12	68822741	T	G	0.0002811023406223852	3.5511355381878134
12:48155742:A:T	2.06423e-06	0.000263884	-4.85076	-3.63167	12	48155742	A	T	0.00028159306418800985	3.5503780463409003
12:117639164:A:G	0.000151617	0.025747	-5.13472	-3.63151	12	117639164	A	G	0.00028176773703708977	3.5501087359566506
12:61512858:T:G	6.85808e-05	0.00876326	-4.85031	-3.63125	12	61512858	T	G	0.0002820517969677872	3.5496711290153184
12:63358890:GA:G	0.00319916	1.5474e-05	5.33148	3.63071	12	63358890	GA	G	0.0002826426251987021	3.5487623418058196
12:115982643:T:C	0.000122132	0.0173594	-4.95679	-3.63043	12	115982643	T	C	0.0002829494369301464	3.5482911659745398
12:78807542:A:G	0.000119442	0.0152418	-4.84897	-3.62996	12	78807542	A	G	0.0002834651439762364	3.5475003360989223
12:99913745:T:C	0.000936395	5.25594e-05	2.88009	3.62975	12	99913745	T	C	0.000283695850817455	3.5471470159146197
12:69762760:C:CAA	2.18785e-05	0.00761079	-5.85182	-3.62936	12	69762760	C	CAA	0.0002841247732075096	3.5464908979269514
12:73400905:C:T	2.836e-05	0.0049481	-5.16178	-3.62934	12	73400905	C	T	0.00028414678559777833	3.5464572525351175
12:3821408:T:C	5.80854e-05	0.0144995	-5.51996	-3.62875	12	3821408	T	C	0.0002847968704093631	3.5454647874067122
12:51414140:T:C	0.0004027	0.0292896	-4.2868	-3.62841	12	51414140	T	C	0.0002851721281860636	3.5448929233030095
12:58060213:C:T	0.000855086	2.11364e-05	3.70021	3.62794	12	58060213	C	T	0.00028569162974827856	3.544102483479301
12:59653238:A:G	2.14518e-05	0.0074454	-5.84954	-3.62742	12	59653238	A	G	0.0002862674305575878	3.5432280600598904
12:42348362:T:C	1.25558e-05	0.00157297	-4.83054	-3.6269	12	42348362	T	C	0.00028684431850097117	3.5423537477272022
12:69745430:GT:G	0.0114835	0.000138548	4.41745	3.62637	12	69745430	GT	G	0.00028743342110184087	3.5414627360061117
12:44839132:T:TTC	0.0208715	0.000186729	4.71648	3.62608	12	44839132	T	TTC	0.0002877562398506685	3.540975250136637
12:81650100:T:C	0.000136723	0.0171063	-4.82924	-3.62565	12	81650100	T	C	0.00028823552740021185	3.540252489854674
12:16982322:G:GT	0.000117319	0.00739151	-4.14319	-3.62559	12	16982322	G	GT	0.00028830246416055487	3.5401516456216497
12:58473180:G:A	9.9624e-05	0.0167965	-5.12753	-3.62471	12	58473180	G	A	0.00028928587793745073	3.538672766779035
12:60006348:C:T	0.00107102	5.79307e-06	5.2197	3.62421	12	60006348	C	T	0.00028984603488356545	3.537832636435063
12:58471959:G:A	0.0107279	0.000226516	3.85779	3.62418	12	58471959	G	A	0.0002898796765916576	3.537782231880242
12:83648857:A:C	6.43334e-06	0.00222353	-5.84536	-3.62383	12	83648857	A	C	0.0002902724335613053	3.5371942060583224
12:92419126:TAAA:T	0.0290584	0.000141838	5.32238	3.62297	12	92419126	TAAA	T	0.0002912396119059983	3.5357495563431285
12:95177912:AATTT:A	0.00579019	1.88863e-05	5.72548	3.62282	12	95177912	AATTT	A	0.0002914086146820771	3.535497613672452
12:83710455:C:G	1.20956e-05	0.00114015	-4.54608	-3.62272	12	83710455	C	G	0.0002915213342327013	3.535329657026752
12:117639085:G:A	0.000151274	0.0254392	-5.12495	-3.62228	12	117639085	G	A	0.00029201778564885597	3.5345906965860854
12:59995506:T:A	9.03843e-06	0.000653205	-4.28041	-3.62219	12	59995506	T	A	0.0002921194300443419	3.534439555383863
12:120919397:G:GT	2.45113e-05	0.00162419	-4.19363	-3.62194	12	120919397	G	GT	0.0002924019495073019	3.5340197361688928
12:31103612:G:A	4.97802e-05	0.00374313	-4.32006	-3.62134	12	31103612	G	A	0.00029308104083279027	3.533012274799421
12:27052130:C:G	7.4224e-06	0.00124663	-5.1237	-3.6211	12	27052130	C	G	0.000293353090795144	3.532609331656941
12:104027130:C:T	4.44838e-05	0.0153145	-5.84143	-3.62047	12	104027130	C	T	0.0002940683478088848	3.531551718477336
12:11173716:T:C	1.65279e-05	0.00269295	-5.09334	-3.62005	12	11173716	T	C	0.0002945460929882566	3.530846733596446
12:34008149:C:T	4.02683e-07	5.65912e-05	-4.94546	-3.61973	12	34008149	C	T	0.0002949105771752317	3.5303096508918785
12:101810414:T:TAC	9.42068e-06	0.0032398	-5.84036	-3.61955	12	101810414	T	TAC	0.00029511578514032047	3.53000756035435
12:61511725:A:G	7.12331e-05	0.00898436	-4.83728	-3.61877	12	61511725	A	G	0.00029600656613488645	3.5286986551420063
12:61279650:A:AC	5.22183e-06	0.000874779	-5.12112	-3.61866	12	61279650	A	AC	0.00029613239152745467	3.528514086051285
12:101668570:T:C	9.15409e-05	0.0148898	-5.09164	-3.61844	12	101668570	T	C	0.0002963841926162955	3.5281449627796992
12:73415902:C:G	5.81731e-07	2.54852e-05	-3.77985	-3.61821	12	73415902	C	G	0.0002966476536188423	3.527759082433284
12:61271958:G:T	1.52818e-05	0.0021813	-4.96101	-3.61785	12	61271958	G	T	0.0002970604677651033	3.5271551394242273
12:122698027:T:TCTTGCTTGC	5.47263e-05	0.00341581	-4.13382	-3.61775	12	122698027	T	TCTTGCTTGC	0.000297175233813832	3.5269873869241333
12:29680248:TG:T	0.0210698	0.00023259	4.50632	3.6177	12	29680248	TG	T	0.0002972326324099537	3.5269035122143304
12:121869153:C:G	0.000781016	4.43931e-05	2.86751	3.6169	12	121869153	C	G	0.000298152423282053	3.525561656505239
12:121869157:C:T	0.000781016	4.43931e-05	2.86751	3.6169	12	121869157	C	T	0.000298152423282053	3.525561656505239
12:62509515:A:T	9.87397e-06	0.00124292	-4.83532	-3.61689	12	62509515	A	T	0.000298163937519389	3.5255448849723154
12:42112363:G:A	3.05605e-06	0.00164023	-6.28547	-3.61672	12	42112363	G	A	0.00029835974328457554	3.525259775196674
12:82937922:A:T	0.0169239	0.00111998	2.71541	3.61622	12	82937922	A	T	0.000298936340825339	3.5244212858287356
12:10249556:G:A	5.66961e-06	0.0013939	-5.50474	-3.61506	12	10249556	G	A	0.0003002780687825341	3.522476385931354
12:27228177:C:T	2.07884e-05	0.00183055	-4.47797	-3.61469	12	27228177	C	T	0.0003007072187223809	3.521856146180605
12:63362041:T:G	1.4969e-05	0.00187946	-4.83275	-3.61444	12	63362041	T	G	0.0003009975099946357	3.5214370970973943
12:55189459:C:T	5.01174e-08	4.55768e-06	-4.5102	-3.61443	12	55189459	C	T	0.0003010091271025847	3.521420335667976
12:55189354:G:C	5.01174e-08	4.55768e-06	-4.5102	-3.61443	12	55189354	G	C	0.0003010091271025847	3.521420335667976
12:61317502:T:G	4.45314e-05	0.0152218	-5.83429	-3.61435	12	61317502	T	G	0.0003011020790837427	3.5212862457111545
12:21446072:A:G	0.00700339	0.000228892	3.4209	3.61433	12	21446072	A	G	0.0003011253212788718	3.521252723632648
12:82432430:C:T	1.24498e-05	0.00665572	-6.28152	-3.61357	12	82432430	C	T	0.0003020097707178978	3.5199790063798524
12:55189957:T:G	5.01597e-08	4.55768e-06	-4.50936	-3.61357	12	55189957	T	G	0.0003020097707178978	3.5199790063798524
12:55189639:G:A	5.01597e-08	4.55768e-06	-4.50936	-3.61357	12	55189639	G	A	0.0003020097707178978	3.5199790063798524
12:81917175:A:AT	1.57998e-05	0.0053925	-5.83277	-3.61305	12	81917175	A	AT	0.00030261632140358963	3.5191076523063507
12:91689904:T:C	0.0279611	0.000435697	4.16162	3.61285	12	91689904	T	C	0.0003028499137441509	3.518772545693744
12:56623731:C:T	0.000298219	0.0227073	-4.33261	-3.6128	12	56623731	C	T	0.0003029083382073613	3.5186887716073745
12:105021584:C:CA	0.0111021	0.000344288	3.47342	3.61262	12	105021584	C	CA	0.00030311875368086843	3.5183871933976
12:3800417:T:A	0.0212673	0.000236063	4.50083	3.61262	12	3800417	T	A	0.00030311875368086843	3.5183871933976
12:70953115:T:C	2.22071e-06	0.000369614	-5.11463	-3.61253	12	70953115	T	C	0.0003032240127393745	3.5182364092825074
12:105017480:C:T	5.52069e-05	0.0294642	-6.27984	-3.61222	12	105017480	C	T	0.0003035868337764022	3.517717067237184
12:27230373:T:C	1.80844e-05	0.00300841	-5.11411	-3.61204	12	27230373	T	C	0.0003037976905753386	3.517415531902459
12:89529599:A:T	0.0268226	0.000417539	4.16262	3.61116	12	89529599	A	T	0.00030483052166606714	3.5159415506935914
12:58506127:A:C	0.0144858	7.17231e-05	5.30811	3.61083	12	58506127	A	C	0.0003052186803326068	3.5153888897305814
12:117639270:A:G	0.000152682	0.0253625	-5.11267	-3.61067	12	117639270	A	G	0.00030540704503183026	3.515120948998133
12:17966250:A:G	5.2088e-06	0.000257611	-3.9011	-3.61024	12	17966250	A	G	0.0003059138146884876	3.514400910372271
12:58059378:C:T	0.000749017	1.88725e-05	3.68106	3.61023	12	58059378	C	T	0.00030592560939277856	3.5143841661914017
12:25209618:A:C	1.06844e-05	0.000447671	-3.73527	-3.61017	12	25209618	A	C	0.0003059963865613123	3.514283701968578
12:12614912:C:A	0.000118126	0.00999026	-4.43762	-3.61008	12	12614912	C	A	0.00030610258106391686	3.5141330084062896
12:33018478:C:T	2.15333e-05	0.00188683	-4.47306	-3.60975	12	33018478	C	T	0.0003064922562289071	3.5135804938031185
12:122605690:C:T	1.76058e-05	0.00118763	-4.21149	-3.60925	12	122605690	C	T	0.0003070835583116054	3.512743435675774
12:63364747:T:C	1.67588e-05	0.00209248	-4.82718	-3.6091	12	63364747	T	C	0.00030726115712361357	3.512492338256822
12:121869065:A:AT	0.00077867	4.46403e-05	2.85895	3.60816	12	121869065	A	AT	0.00030837630132682863	3.5109190048054315
12:95179134:G:A	1.95829e-05	0.00324417	-5.10996	-3.60811	12	95179134	G	A	0.00030843572352385603	3.5108353270192936
12:32666565:G:A	8.38956e-06	0.00116458	-4.93313	-3.60808	12	32666565	G	A	0.00030847138198806666	3.510785120840377
12:112471455:A:AAGAG	2.38495e-05	0.00395076	-5.1099	-3.60805	12	112471455	A	AAGAG	0.0003085070443122436	3.510734915031036
12:42975224:C:T	0.000175036	0.0157868	-4.50194	-3.60778	12	42975224	C	T	0.0003088281789919949	3.5102830793777993
12:117638943:C:CTGTT	0.000151318	0.0250559	-5.10948	-3.60766	12	117638943	C	CTGTT	0.00030897100595906783	3.5100822731408123
12:81918974:AGTGTGTGTG:A	0.00274811	3.38409e-05	4.397	3.6071	12	81918974	AGTGTGTGTG	A	0.0003096383499455503	3.509145255552819
12:25210884:T:TAGTAG	1.1618e-05	0.000440881	-3.63622	-3.60691	12	25210884	T	TAGTAG	0.00030986507668050595	3.508827368128616
12:99342252:A:C	5.73864e-05	0.0304115	-6.27277	-3.60656	12	99342252	A	C	0.0003102831381433456	3.5082418248356695
12:80506618:C:G	0.000509615	0.0290816	-4.0442	-3.60615	12	80506618	C	G	0.00031077353892430446	3.507555966667744
12:117639042:A:G	0.000151617	0.0250559	-5.10751	-3.60579	12	117639042	A	G	0.0003112047329662654	3.506953806651817
12:117639322:C:T	0.000153486	0.0253625	-5.10742	-3.60571	12	117639322	C	T	0.00031130062990241113	3.5068200005418197
12:117639619:C:T	0.000153486	0.0253625	-5.10742	-3.60571	12	117639619	C	T	0.00031130062990241113	3.5068200005418197
12:40737359:G:A	0.00543146	2.46967e-05	5.39329	3.60535	12	40737359	G	A	0.00031173250858961005	3.506217905567553
12:89789013:G:T	4.95385e-05	0.0167558	-5.82375	-3.60532	12	89789013	G	T	0.00031176852378981775	3.5061677333884544
12:14473275:GCT:G	0.0284662	0.00031856	4.49266	3.60507	12	14473275	GCT	G	0.00031206880199076344	3.5057496462673776
12:94030499:T:C	6.71571e-05	0.0114203	-5.13611	-3.60474	12	94030499	T	C	0.00031246558382976307	3.505197810562909
12:94030516:T:G	6.71571e-05	0.0114203	-5.13611	-3.60474	12	94030516	T	G	0.00031246558382976307	3.505197810562909
12:51010116:G:A	7.17233e-05	0.00530472	-4.30354	-3.6046	12	51010116	G	A	0.00031263405816992564	3.5049637119548462
12:16255032:G:T	0.000924279	0.0568584	-4.1193	-3.60432	12	16255032	G	T	0.00031297126201293294	3.5044955388822965
12:33801970:C:T	1.8048e-06	0.000306681	-5.13536	-3.60402	12	33801970	C	T	0.0003133329296829363	3.5039939605984305
12:87181943:A:C	0.00134558	2.23777e-05	4.09651	3.60397	12	87181943	A	C	0.00031339324565546247	3.5039103678105423
12:1263675:C:T	5.7818e-05	0.00220729	-3.64222	-3.60299	12	1263675	C	T	0.0003145776353822304	3.5022721563959536
12:19521247:G:C	3.14225e-05	0.00232015	-4.30186	-3.6029	12	19521247	G	C	0.0003146866156966432	3.5021217281789445
12:125389882:A:G	0.000519333	0.08814	-5.13414	-3.60285	12	125389882	A	G	0.00031474717558709476	3.5020381583843347
12:93505082:T:C	0.000143635	9.60493e-06	2.705	3.60271	12	93505082	T	C	0.0003149168013294389	3.501804168420254
12:89184437:T:C	9.53745e-06	0.00321245	-5.81957	-3.60174	12	89184437	T	C	0.000316094418103361	3.5001831732787787
12:95178452:A:G	1.97296e-05	0.00324417	-5.10249	-3.60105	12	95178452	A	G	0.0003169346120788438	3.4990303293991154
12:45375875:G:A	0.00182441	3.02213e-05	4.10046	3.60049	12	45375875	G	A	0.0003176180450402151	3.498094831689631
12:113927544:T:C	5.55682e-05	0.018678	-5.81749	-3.59997	12	113927544	T	C	0.00031825389641350213	3.497226270532047
12:70669832:A:T	0.000412506	0.025244	-4.11409	-3.59951	12	70669832	A	T	0.0003188173733972357	3.4964580205100306
12:28290839:G:A	0.00113371	5.6891e-06	5.2947	3.59942	12	28290839	G	A	0.000318927728067886	3.4963077208844155
12:104324601:C:T	1.69168e-05	0.00151495	-4.49483	-3.59884	12	104324601	C	T	0.0003196397607548242	3.4953392030677595
12:58471709:T:C	0.0115894	0.000227208	3.93198	3.59677	12	58471709	T	C	0.00032219313127007887	3.4918837224000394
12:31103971:T:C	5.1091e-05	0.00374256	-4.29392	-3.59485	12	31103971	T	C	0.0003245785296995044	3.488680211377996
12:4820051:G:C	0.000143098	0.019939	-4.9369	-3.59455	12	4820051	G	C	0.0003249527379270783	3.488179799482838
12:20746994:T:G	0.018425	0.000787949	3.15203	3.59416	12	20746994	T	G	0.00032543981229030404	3.487529319253013
12:70303175:G:T	1.1429e-06	0.000274516	-5.48145	-3.59412	12	70303175	G	T	0.0003254898072508585	3.4874626068623558
12:58060488:G:C	0.000865911	2.22033e-05	3.66354	3.59403	12	58060488	G	C	0.0003256023221948023	3.4873125063848263
12:58476152:A:T	0.000167304	0.028117	-5.12432	-3.59344	12	58476152	A	T	0.0003263408221275758	3.4863285967121374
12:16973833:A:AT	0.000141075	0.00936863	-4.19583	-3.59327	12	16973833	A	AT	0.00032655390098071255	3.486045123833164
12:70544499:AGAG:A	0.037328	0.000591768	4.14438	3.59323	12	70544499	AGAG	A	0.0003266040561005658	3.485978426056315
12:60005278:C:T	6.19631e-06	0.00104089	-5.12387	-3.59301	12	60005278	C	T	0.0003268800381511564	3.485611600023804
12:31707987:G:A	1.61813e-05	0.00842536	-6.25514	-3.59246	12	31707987	G	A	0.00032757094842425494	3.4846946218643207
12:20747300:T:C	0.0183908	0.000787949	3.15017	3.5924	12	20747300	T	C	0.00032764640307609313	3.48459459539525
12:20747204:A:C	0.0183908	0.000787949	3.15017	3.5924	12	20747204	A	C	0.00032764640307609313	3.48459459539525
12:58052070:C:T	2.93282e-06	0.000354331	-4.79427	-3.5919	12	58052070	C	T	0.000328275824698164	3.4837610989544063
12:112242637:C:T	1.02777e-07	1.6733e-05	-5.09258	-3.59168	12	112242637	C	T	0.0003285531285365823	3.483394393030747
12:63364961:C:A	1.90359e-05	0.00319255	-5.12225	-3.59145	12	63364961	C	A	0.000328843271473326	3.483011039898388
12:27036319:C:T	2.87996e-05	0.00347501	-4.79299	-3.59067	12	27036319	C	T	0.0003298290208947107	3.4817111344406357
12:27036311:G:T	2.87996e-05	0.00347501	-4.79299	-3.59067	12	27036311	G	T	0.0003298290208947107	3.4817111344406357
12:83706429:T:C	1.60571e-05	0.00106341	-4.19308	-3.59046	12	83706429	T	C	0.0003300948870400965	3.4813612025629617
12:23794927:AT:A	0.00290965	0.000124986	3.14759	3.58994	12	23794927	AT	A	0.0003307540856381602	3.4804947824869497
12:30659504:C:CA	0.000173106	5.80746e-06	3.39476	3.58949	12	30659504	C	CA	0.0003313255400545908	3.47974508546649
12:31099414:GTTTACTTGA:G	2.06387e-05	0.00193102	-4.53864	-3.58935	12	31099414	GTTTACTTGA	G	0.000331503514218014	3.479511863345476
12:49478079:A:G	4.41545e-06	0.00228959	-6.25102	-3.58916	12	49478079	A	G	0.00033174519367466516	3.4791953604776698
12:80520588:C:T	0.00078388	0.0438648	-4.02461	-3.58783	12	80520588	C	T	0.0003334415719657125	3.476980255288489
12:4818861:CACAT:C	0.0241764	0.000122994	5.281	3.58777	12	4818861	CACAT	C	0.00033351829132431817	3.476880342846741
12:16913835:A:G	0.000139154	0.00844805	-4.10611	-3.58719	12	16913835	A	G	0.000334260763815484	3.47591459875438
12:33987892:C:T	6.80274e-06	0.000829686	-4.80372	-3.58664	12	33987892	C	T	0.0003349662609753009	3.474998934486027
12:95180372:AT:A	1.6134e-05	0.00222853	-4.92817	-3.58611	12	95180372	AT	A	0.00033564742167297866	3.4741166845657543
12:53692353:G:C	6.10952e-05	0.00733537	-4.78803	-3.58588	12	53692353	G	C	0.0003359434227791518	3.4737338572641785
12:71902770:A:T	5.60607e-05	0.00880926	-5.05712	-3.58587	12	71902770	A	T	0.0003359562979312715	3.473717213091402
12:86611527:C:T	9.52264e-07	0.000154058	-5.08624	-3.58569	12	86611527	C	T	0.0003361881296339732	3.4734176249996853
12:7742020:C:CAA	0.000128581	0.0154144	-4.7865	-3.5844	12	7742020	C	CAA	0.00033785397569732073	3.4712709661477703
12:25225092:G:A	0.00102428	6.28817e-05	2.79049	3.58419	12	25225092	G	A	0.00033812588978310374	3.4709215746957254
12:58473647:C:A	0.000118357	0.0143958	-4.80099	-3.58402	12	58473647	C	A	0.0003383461606610008	3.4706387472526323
12:21445950:G:A	0.00700339	0.000236453	3.3884	3.58345	12	21445950	G	A	0.0003390856960766744	3.469690530027261
12:70669641:C:T	0.000416703	0.0250526	-4.09636	-3.5831	12	70669641	C	T	0.00033954054588753547	3.4691083574547403
12:53885820:A:G	8.04633e-05	0.00708441	-4.47785	-3.58163	12	53885820	A	G	0.0003414571556871974	3.466663781633814
12:22145685:T:A	0.000154741	0.0101546	-4.18393	-3.58111	12	22145685	T	A	0.0003421375600908856	3.465799246058142
12:70303010:T:C	1.15855e-06	0.000274016	-5.46602	-3.58024	12	70303010	T	C	0.0003432787659836536	3.464353059671647
12:83650166:G:A	7.17142e-06	0.00235535	-5.79434	-3.58014	12	83650166	G	A	0.0003434101670076774	3.464186851254401
12:51417563:A:G	0.000288476	0.0682062	-5.46568	-3.57994	12	51417563	A	G	0.00034367311022674284	3.463854446730954
12:81650032:C:T	0.000124047	0.0205467	-5.1098	-3.57952	12	81650032	C	T	0.00034422590415457053	3.4631564506613453
12:101668015:GTTAATGCT:G	9.30911e-05	0.0145271	-5.05019	-3.57934	12	101668015	GTTAATGCT	G	0.000344463070371063	3.462857331648269
12:59449347:C:T	1.26589e-05	0.00203374	-5.07927	-3.5791	12	59449347	C	T	0.00034477952977692125	3.4624585269796695
12:14364595:CTT:C	0.000844232	1.68789e-05	3.91237	3.57873	12	14364595	CTT	C	0.0003452679375759911	3.461843749424472
12:24096290:C:T	6.44104e-05	0.0329594	-6.23776	-3.57856	12	24096290	C	T	0.00034549255808679106	3.4615613028965835
12:7742230:C:T	0.000129699	0.0154144	-4.77783	-3.57604	12	7742230	C	T	0.0003488382994570071	3.45737583930796
12:99919927:C:T	0.00119061	7.3714e-05	2.78203	3.57562	12	99919927	C	T	0.00034939886077193296	3.4566785153841977
12:95149797:TATA:T	0.00168321	5.81191e-06	5.66855	3.57554	12	95149797	TATA	T	0.0003495057298371893	3.4565456999861808
12:86868951:GT:G	0.00287438	5.76894e-05	3.90852	3.57519	12	86868951	GT	G	0.000349973641582319	3.4559646634966374
12:80523256:C:T	0.000868374	0.0479153	-4.01057	-3.5747	12	80523256	C	T	0.00035062970244215564	3.455151296855065
12:101876558:T:C	0.000379469	6.46146e-06	4.07292	3.57365	12	101876558	T	C	0.0003520394225309471	3.453408700075889
12:94015220:A:G	0.0114812	5.42912e-05	5.35411	3.5734	12	94015220	A	G	0.00035237585061611773	3.4529938627558425
12:117632222:CTT:C	0.0136878	7.84203e-05	5.16218	3.57329	12	117632222	CTT	C	0.0003525239742151076	3.452811342459024
12:25224758:C:T	0.00101795	6.31771e-05	2.77961	3.57317	12	25224758	C	T	0.00035268563001126293	3.452612235070109
12:27237771:A:G	4.50861e-05	0.0071969	-5.07283	-3.57302	12	27237771	A	G	0.0003528877972545576	3.452363359142546
12:85948678:CT:C	0.0016692	5.78547e-06	5.66475	3.57239	12	85948678	CT	C	0.00035373808382278913	3.451318181056835
12:83426322:G:A	0.00470997	1.48064e-05	5.76238	3.57205	12	83426322	G	A	0.000354197764347359	3.450754184350545
12:89515207:G:A	0.00144639	5.51878e-05	3.26609	3.57083	12	89515207	G	A	0.00035585180913944123	3.448730821891913
12:20021001:T:C	1.34474e-05	0.00314546	-5.45493	-3.57027	12	20021001	T	C	0.0003566134592001834	3.4478022698368727
12:48299159:TC:T	0.00434506	2.49795e-05	5.15874	3.57025	12	48299159	TC	T	0.00035664068916368486	3.447769109643065
12:84504455:A:G	2.52936e-06	0.000414792	-5.09981	-3.56995	12	84504455	A	G	0.00035704937201886235	3.447271726428962
12:18030670:T:A	1.17394e-05	0.00380924	-5.78224	-3.56977	12	18030670	T	A	0.0003572947919095853	3.4469733142241292
12:16311720:AC:A	0.0358816	0.00204665	2.86402	3.56969	12	16311720	AC	A	0.0003574039180459676	3.4468406908443177
12:78648425:A:G	0.000179548	0.0155703	-4.46267	-3.56952	12	78648425	A	G	0.00035763591458405473	3.4465588748803686
12:81640694:C:A	4.83325e-05	0.00791825	-5.09882	-3.56901	12	81640694	C	A	0.0003583327494483626	3.445713498128208
12:13808745:TAA:T	0.0119715	0.000197196	4.10609	3.56899	12	13808745	TAA	T	0.00035836010216083026	3.445680348273095
12:51495542:C:G	9.24721e-05	0.0080398	-4.46525	-3.56886	12	51495542	C	G	0.00035853794238981535	3.445464878214891
12:101025417:C:G	9.68498e-05	0.0153763	-5.06742	-3.5679	12	101025417	C	G	0.0003598537813703193	3.4438739293537695
12:105014663:ATT:A	0.019671	6.21787e-05	5.75689	3.56749	12	105014663	ATT	A	0.0003604171292617389	3.443194576829844
12:45369875:A:G	0.00265557	4.55155e-05	4.06636	3.56727	12	45369875	A	G	0.0003607197533686566	3.4428300746372478
12:16254135:G:T	0.000921984	0.0544656	-4.0788	-3.56686	12	16254135	G	T	0.00036128436877974846	3.4421508280792357
12:15136470:T:C	9.48163e-05	0.0220878	-5.45084	-3.56659	12	15136470	T	C	0.00036165663986330657	3.4417035570302326
12:108540404:T:C	7.91866e-06	0.00125504	-5.0657	-3.56628	12	108540404	T	C	0.00036208450453849967	3.4411900604837866
12:120151038:C:T	0.00468498	0.000268255	2.86018	3.56594	12	120151038	C	T	0.00036255431969548294	3.440626916053878
12:614124:A:G	2.6367e-05	0.00851294	-5.77723	-3.56548	12	614124	A	G	0.00036319085928641253	3.439865090248492
12:58474151:G:A	0.000126022	0.0105631	-4.42866	-3.56521	12	58474151	G	A	0.00036356496687886503	3.439417972051316
12:96733543:G:GT	2.50515e-05	0.00222345	-4.48588	-3.56402	12	96733543	G	GT	0.000365218109135951	3.4374476963545266
12:7742462:G:C	0.000131647	0.0154467	-4.76502	-3.56368	12	7742462	G	C	0.0003656917248149697	3.4368848671376395
12:60002021:G:GT	1.05301e-05	0.00074745	-4.26243	-3.56294	12	60002021	G	GT	0.0003667245211607684	3.4356600498191474
12:101668192:C:A	9.23883e-05	0.0141681	-5.03275	-3.56287	12	101668192	C	A	0.00036682235917071107	3.435544200350682
12:70301485:GT:G	9.30725e-07	0.000109016	-4.76328	-3.562	12	70301485	GT	G	0.0003680403841324245	3.434104524686265
12:32665729:TGC:T	0.00210025	1.00738e-05	5.33988	3.5618	12	32665729	TGC	T	0.000368320923905208	3.4337736086540427
12:105513928:G:A	0.00232787	3.81101e-05	4.11223	3.56164	12	105513928	G	A	0.0003685454996570226	3.433508887641703
12:12423268:C:G	2.44579e-05	0.00385573	-5.06036	-3.56123	12	12423268	C	G	0.00036912155949360664	3.4328305879778442
12:20150321:ATGTGTG:A	0.0645695	0.00172809	3.62072	3.56107	12	20150321	ATGTGTG	A	0.00036934659160127746	3.43256590437438
12:103884557:C:G	5.49343e-05	0.00892444	-5.09041	-3.56095	12	103884557	C	G	0.0003695154498446083	3.432367398562833
12:73401459:T:G	2.85303e-05	0.00449272	-5.05925	-3.56017	12	73401459	T	G	0.00037061478886238575	3.4310772547602912
12:12618476:G:A	8.81497e-05	0.00558437	-4.14869	-3.55987	12	12618476	G	A	0.00037103842513716367	3.4305811120536815
12:12618482:G:T	8.81573e-05	0.00558437	-4.1486	-3.55979	12	12618482	G	T	0.0003711514712427661	3.430448813566507
12:39946977:T:C	8.62241e-05	0.0139866	-5.08891	-3.55951	12	39946977	T	C	0.0003715473862287635	3.429985789533876
12:70949712:T:A	1.95766e-05	0.00138452	-4.25877	-3.55923	12	70949712	T	A	0.0003719436960051999	3.429522797658265
12:63326257:T:C	5.99731e-05	0.0097207	-5.08812	-3.55875	12	63326257	T	C	0.0003726240037299395	3.4287291721137394
12:18034711:G:T	4.73126e-05	0.00406974	-4.45456	-3.55802	12	18034711	G	T	0.00037366086852130094	3.427522381077609
12:13947100:T:C	0.0506921	0.00065773	4.34473	3.55789	12	13947100	T	C	0.0003738457983583583	3.4273074960124443
12:105363727:TA:T	0.00167827	4.50921e-05	3.61681	3.55741	12	105363727	TA	T	0.00037452935763728325	3.4265141342791763
12:60002198:G:A	1.05301e-05	0.000742624	-4.25595	-3.55638	12	60002198	G	A	0.000376000107267167	3.424812031174647
12:70343726:T:G	4.37154e-05	0.00574356	-4.87813	-3.55614	12	70343726	T	G	0.00037634358087782074	3.424415487131013
12:45435936:T:A	1.83221e-05	0.000470105	-3.24485	-3.55594	12	45435936	T	A	0.000376630032903213	3.424085051807165
12:63366609:C:T	2.05315e-05	0.00242369	-4.77109	-3.55539	12	63366609	C	T	0.00037741882718594054	3.423176439255823
12:78806100:C:A	0.0195856	0.000103507	5.24291	3.55538	12	78806100	C	A	0.00037743318318302565	3.4231599201759733
12:82943767:C:T	0.000494082	0.012745	-3.25019	-3.55525	12	82943767	C	T	0.00037761985759937876	3.4229451758700566
12:103902245:T:TAAC	0.00779905	4.12317e-05	5.24255	3.55507	12	103902245	T	TAAC	0.00037787847234356894	3.4226478490427796
12:105016639:A:T	5.72427e-05	0.028429	-6.20787	-3.55465	12	105016639	A	T	0.0003784825506967591	3.4219541381210985
12:68822574:G:A	4.23002e-05	0.00682642	-5.08376	-3.55458	12	68822574	G	A	0.0003785833181351533	3.4218385266676963
12:90604560:G:T	0.0158907	0.00020724	4.33961	3.55307	12	90604560	G	T	0.00038076313009628455	3.4193451116818907
12:120151521:A:G	0.000123884	0.00447783	-3.58754	-3.55243	12	120151521	A	G	0.0003816905588904922	3.418288582184701
12:61509306:A:G	7.70558e-05	0.0116676	-5.02004	-3.55088	12	61509306	A	G	0.0003839454313229693	3.4157304958391204
12:12618489:C:T	8.93016e-05	0.00548973	-4.11861	-3.55064	12	12618489	C	T	0.00038429568391606147	3.4153344931363905
12:122016888:CTT:C	0.0634257	0.00058645	4.68354	3.55032	12	122016888	CTT	C	0.00038476315189701763	3.4148065262757417
12:105014563:A:T	6.17151e-05	0.030476	-6.20217	-3.55009	12	105014563	A	T	0.000385099472704906	3.4144270760319206
12:31105639:A:AT	0.00349244	5.87579e-05	4.08493	3.54938	12	31105639	A	AT	0.0003861394143238417	3.413255866467867
12:3812000:CT:C	0.0145404	8.5589e-05	5.13513	3.54935	12	3812000	CT	C	0.0003861834132556628	3.4132063832915636
12:70949822:T:C	1.96358e-05	0.00137389	-4.24805	-3.54836	12	70949822	T	C	0.00038763800919692446	3.4115736455140295
12:76428254:A:G	2.86159e-05	1.52498e-07	5.23457	3.54828	12	76428254	A	G	0.0003877557756147739	3.4114417246582773
12:83203803:G:C	7.56759e-05	0.00623655	-4.41172	-3.54821	12	83203803	G	C	0.00038785884865658976	3.4113262960622803
12:93499618:C:T	0.00288986	7.84351e-05	3.60669	3.54794	12	93499618	C	T	0.000388256655996586	3.410881090299182
12:20017101:C:T	0.00246518	1.45365e-05	5.13336	3.54778	12	20017101	C	T	0.0003884925735665337	3.4106172787675755
12:12246671:C:CA	0.00100342	8.00919e-05	2.52799	3.54745	12	12246671	C	CA	0.0003889795766912201	3.4100732006361256
12:51801639:G:A	0.000219194	0.0351074	-5.07621	-3.54734	12	51801639	G	A	0.00038914203780201703	3.409891851182122
12:101666932:T:TAC	8.06925e-05	0.0254953	-5.7556	-3.54696	12	101666932	T	TAC	0.00038970375509587806	3.409265409425268
12:38375095:C:T	8.66612e-06	0.00197466	-5.42873	-3.54671	12	38375095	C	T	0.0003900737190633718	3.408853308981318
12:53882931:C:T	0.00010782	0.0245645	-5.42859	-3.54659	12	53882931	C	T	0.00039025141832230257	3.408655509871105
12:16254375:G:A	0.000933387	0.0538951	-4.05597	-3.54575	12	16254375	G	A	0.0003914974328067534	3.407271081426003
12:49752272:G:C	0.00054809	0.00975935	-2.87954	-3.5454	12	49752272	G	C	0.00039201770186609474	3.406694321629576
12:85946984:ATAAC:A	0.00164874	5.90339e-06	5.63224	3.54539	12	85946984	ATAAC	A	0.00039203257618505806	3.4066778435162983
12:24097365:G:A	6.5079e-05	0.0319396	-6.196	-3.54516	12	24097365	G	A	0.000392374831107942	3.406298858227625
12:81650541:G:C	0.000149688	0.0231941	-5.0431	-3.54491	12	81650541	G	C	0.0003927471639901225	3.4058869422978866
12:81649063:G:A	0.000118759	0.0189653	-5.07327	-3.54453	12	81649063	G	A	0.00039331374230224805	3.4052608791641923
12:95824413:T:C	4.85658e-05	0.00566795	-4.75966	-3.54445	12	95824413	T	C	0.000393433119222439	3.405129083943547
12:19494978:C:T	1.45443e-06	0.000330571	-5.42621	-3.54444	12	19494978	C	T	0.00039344804371770097	3.4051126097254727
12:1388010:C:G	0.000200924	0.00785269	-3.66568	-3.54388	12	1388010	C	G	0.00039428466024014723	3.4041901189517554
12:44254829:A:C	0.0010104	0.0198954	-2.98015	-3.54349	12	44254829	A	C	0.0003948682854711487	3.4035477459747256
12:122286714:T:A	0.00413465	8.59073e-05	3.87389	3.54332	12	122286714	T	A	0.0003951229387375544	3.403267756757529
12:53882734:C:G	0.000108235	0.0245645	-5.42476	-3.54314	12	53882734	C	G	0.00039539273885427106	3.4029713105015524
12:73401565:C:G	2.77265e-05	0.00112198	-3.70046	-3.54293	12	73401565	C	G	0.00039570772320982105	3.4026254733258967
12:11174683:GT:G	1.7782e-05	0.00266897	-5.01126	-3.5426	12	11174683	GT	G	0.00039620317235273964	3.4020820514381236
12:18779627:GT:G	0.00496756	0.000317783	2.74932	3.54247	12	18779627	GT	G	0.00039639850837600894	3.401867988407971
12:97126731:A:G	0.000111072	0.0251764	-5.42348	-3.54199	12	97126731	A	G	0.00039712052882027006	3.401077661858509
12:83755307:T:A	6.72224e-05	0.0107007	-5.07006	-3.54144	12	83755307	T	A	0.0003979493544371709	3.40017219548417
12:69744692:CAA:C	0.00905851	0.000151387	4.09162	3.5414	12	69744692	CAA	C	0.00039800969566445665	3.4001063482220824
12:64983495:C:CT	0.00030673	0.0488008	-5.06954	-3.54094	12	64983495	C	CT	0.00039870423446789356	3.399349151856356
12:103883404:G:A	5.61225e-05	0.00892444	-5.06901	-3.54044	12	103883404	G	A	0.00039946045217484534	3.3985262107239995
12:81650298:C:T	0.000136406	0.02168	-5.0685	-3.53996	12	81650298	C	T	0.0004001876816838333	3.3977362836635088
12:31400104:G:A	4.10044e-05	0.00631885	-5.03761	-3.53973	12	31400104	G	A	0.00040053658398674465	3.397357810421311
12:20021539:C:T	0.00237984	1.4167e-05	5.12388	3.53939	12	20021539	C	T	0.0004010528732017592	3.396798367963225
12:88413623:CTT:C	0.00213393	0.000152464	2.6388	3.53932	12	88413623	CTT	C	0.00040115924518881836	3.3966831945166502
12:63326281:C:G	6.01056e-05	0.00954545	-5.06772	-3.5392	12	63326281	C	G	0.0004013416584907499	3.3964857589961275
12:86835734:C:T	1.70758e-06	0.000133982	-4.36263	-3.5389	12	86835734	C	T	0.000401798030822327	3.3959921960225454
12:74951535:A:AT	1.00615e-05	0.00159672	-5.06699	-3.5385	12	74951535	A	AT	0.0004024072814393487	3.3953341694523305
12:89625401:C:G	5.85729e-05	0.00669382	-4.73867	-3.53825	12	89625401	C	G	0.00040278850121732096	3.3949229361550324
12:83428968:G:C	9.47106e-06	0.00460781	-6.18727	-3.53817	12	83428968	G	C	0.0004029105627839604	3.394791346911311
12:76067477:T:TA	0.00807708	0.000519075	2.74474	3.53783	12	76067477	T	TA	0.00040342971005358875	3.3942321218961586
12:46428899:T:C	2.17714e-05	0.00491097	-5.41863	-3.53763	12	46428899	T	C	0.00040373538263558577	3.3939031881422617
12:74950599:C:T	9.7201e-06	0.00154101	-5.066	-3.53756	12	74950599	C	T	0.0004038424191442499	3.3937880652024166
12:120160973:A:G	8.75371e-05	0.00311242	-3.57109	-3.53722	12	120160973	A	G	0.0004043626879402215	3.393228925210781
12:83422312:A:T	6.84954e-05	0.0105263	-5.03487	-3.53713	12	83422312	A	T	0.00040450051092051674	3.3930809254983814
12:105016199:G:C	5.85483e-05	0.028429	-6.18531	-3.53661	12	105016199	G	C	0.000405297681090486	3.392225881065825
12:120151260:G:C	0.000125389	0.00445336	-3.56999	-3.53621	12	120151260	G	C	0.00040591188729276857	3.3915682300080183
12:87382425:G:C	6.21756e-05	0.00984081	-5.06433	-3.53596	12	87382425	G	C	0.0004062962075893307	3.3911572314041165
12:61029379:C:CCTT	2.93637e-05	0.00258596	-4.47809	-3.53492	12	61029379	C	CCTT	0.0004078986310735694	3.389447752192571
12:40729883:T:G	3.57014e-05	0.0111222	-5.74151	-3.53489	12	40729883	T	G	0.0004079449423104531	3.3893984468715352
12:38393453:C:T	5.08049e-06	0.0011425	-5.41557	-3.53487	12	38393453	C	T	0.00040797581919690864	3.389365576862473
12:72540449:G:A	1.20073e-06	4.80895e-05	-3.69013	-3.53314	12	72540449	G	A	0.0004106549464712433	3.386522941588091
12:42278021:C:CA	0.000445398	5.93779e-06	4.31763	3.53237	12	42278021	C	CA	0.00041185266737108877	3.385258116955291
12:100919670:C:CTG	7.86518e-06	0.00379771	-6.17971	-3.53212	12	100919670	C	CTG	0.00041224223890495555	3.3848475118689607
12:51314799:C:CA	1.3216e-05	0.0029629	-5.4125	-3.53211	12	51314799	C	CA	0.0004122578289228791	3.384831088198371
12:120158915:A:G	9.31633e-05	0.00329412	-3.56554	-3.53209	12	120158915	A	G	0.00041228901061074257	3.384798240980159
12:90604861:C:T	0.0153491	0.000204693	4.3173	3.53206	12	90604861	C	T	0.00041233578727285075	3.3847489704602585
12:19450130:C:A	7.42247e-06	0.000618866	-4.42338	-3.53123	12	19450130	C	A	0.00041363190894252164	3.383385965699594
12:94014844:C:T	5.33888e-05	0.0165613	-5.73722	-3.53122	12	94014844	C	T	0.00041364754803986805	3.383369545677018
12:76520384:A:G	6.08653e-06	0.000958441	-5.05923	-3.53107	12	76520384	A	G	0.00041388220078140124	3.3831232502569732
12:57499016:G:T	2.67782e-05	0.00342441	-4.85109	-3.5306	12	57499016	G	T	0.00041461825135314105	3.3823515843273153
12:103901582:G:A	4.2856e-05	0.00558734	-4.87041	-3.53028	12	103901582	G	A	0.0004151200915189781	3.3818262465668805
12:65582857:C:A	0.00452597	0.000180167	3.2237	3.53006	12	65582857	C	A	0.0004154654356431799	3.3814651012031907
12:23779956:C:CTGTG	0.000304304	0.0174748	-4.05049	-3.5296	12	23779956	C	CTGTG	0.0004161883860328023	3.3807100431831194
12:119520008:G:T	5.80773e-05	0.0279437	-6.17617	-3.5293	12	119520008	G	T	0.00041666050820557204	3.380217660764653
12:103882174:G:A	5.61529e-05	0.0085519	-5.02583	-3.52859	12	103882174	G	A	0.000417779857412801	3.379052502664349
12:23405641:CT:C	2.11703e-05	0.00472758	-5.40857	-3.52858	12	23405641	CT	C	0.0004177956429312873	3.3790360934623784
12:15103150:G:A	0.0288655	0.000173998	5.11136	3.52831	12	15103150	G	A	0.00041822206254112885	3.378593060501767
12:63367095:G:A	2.11489e-05	0.00242369	-4.74146	-3.52703	12	63367095	G	A	0.0004202491438328039	3.37649316266914
12:59583613:A:G	8.92109e-05	0.0135578	-5.02371	-3.52659	12	59583613	A	G	0.0004209480694738079	3.375771477874668
12:61510628:G:A	7.51551e-05	0.00860142	-4.74013	-3.52575	12	61510628	G	A	0.0004222853972698804	3.374393936322576
12:103905211:T:G	5.18452e-05	0.00811804	-5.05358	-3.52566	12	103905211	T	G	0.0004224289174605764	3.3742463597363295
12:87494433:GAAAAA:G	0.00755429	0.000491461	2.73249	3.52542	12	87494433	GAAAAA	G	0.0004228118606820202	3.373852838402208
12:4697387:C:A	3.65693e-05	0.0112656	-5.7303	-3.52529	12	4697387	C	A	0.00042301942358628823	3.3736396908692248
12:57499066:C:T	2.67097e-05	0.00338974	-4.84348	-3.52341	12	57499066	C	T	0.0004260317597862061	3.3705580239354043
12:50797998:A:T	0.000153874	0.0173158	-4.72324	-3.52336	12	50797998	A	T	0.00042611214787403255	3.3704760844818837
12:102588754:G:A	6.8891e-05	0.0329009	-6.16873	-3.52334	12	102588754	G	A	0.0004261443070746909	3.370443308987339
12:45371521:GGCAGA:G	0.00425614	1.56525e-05	5.60549	3.52318	12	45371521	GGCAGA	G	0.00042640166227677674	3.3701811109321773
12:61509834:T:C	7.76042e-05	0.0114081	-4.99046	-3.52297	12	61509834	T	C	0.0004267396612136763	3.3698369919056503
12:86861562:C:T	0.00089772	4.20835e-05	3.0602	3.52286	12	86861562	C	T	0.0004269168080990455	3.369656746294747
12:39077650:CA:C	0.00574625	5.77754e-05	4.59974	3.52278	12	39077650	CA	C	0.0004270456853215803	3.369525661692212
12:17963571:AT:A	0.000582113	5.85405e-06	4.59953	3.5226	12	17963571	AT	A	0.0004273357919021248	3.3692307309258154
12:38811218:T:TA	4.5825e-06	0.000580875	-4.84229	-3.52228	12	38811218	T	TA	0.00042785199133777373	3.3687064423471336
12:20018687:G:A	1.46396e-05	0.00324622	-5.40151	-3.52224	12	20018687	G	A	0.00042791655718739694	3.368640909225328
12:73400999:C:T	2.97108e-05	0.00449272	-5.0187	-3.52185	12	73400999	C	T	0.00042854655115665073	3.3680019956488763
12:73401056:G:C	2.97108e-05	0.00449272	-5.0187	-3.52185	12	73401056	G	C	0.00042854655115665073	3.3680019956488763
12:12239994:T:TA	8.39868e-06	0.00257504	-5.72554	-3.52122	12	12239994	T	TA	0.0004295660633562067	3.3669700361523205
12:101880344:A:G	7.55593e-06	0.00051453	-4.22092	-3.52087	12	101880344	A	G	0.00043013343706951954	3.3663967955990306
12:61395051:T:C	1.78382e-05	0.00200085	-4.71998	-3.52021	12	61395051	T	C	0.000431205245928307	3.3653159642780484
12:73400886:G:C	2.84221e-05	0.00112252	-3.67616	-3.51989	12	73400886	G	C	0.00043172580791388005	3.3647919891024185
12:82431112:T:G	1.39998e-05	0.00665572	-6.16419	-3.51971	12	82431112	T	G	0.00043201888180712737	3.364497271505827
12:20747610:AT:A	0.0170296	0.000787949	3.07328	3.5194	12	20747610	AT	A	0.0004325240556283028	3.3639897334336077
12:20747534:G:C	0.0170296	0.000787949	3.07328	3.5194	12	20747534	G	C	0.0004325240556283028	3.3639897334336077
12:83651598:A:G	0.00235535	8.70646e-06	5.60038	3.51894	12	83651598	A	G	0.00043327468481598434	3.3632366849926356
12:129656291:A:ATGG	0.00053423	0.0674682	-4.83859	-3.51878	12	129656291	A	ATGG	0.00043353605818139285	3.3629747754243224
12:129656292:A:AAAGGGAAGA	0.00053423	0.0674682	-4.83859	-3.51878	12	129656292	A	AAAGGGAAGA	0.00043353605818139285	3.3629747754243224
12:72556095:C:T	0.000867485	4.02056e-05	3.07159	3.5178	12	72556095	C	T	0.0004351401847465572	3.361370808208492
12:20780326:C:T	0.00755698	0.000473819	2.7694	3.51675	12	20780326	C	T	0.00043686503959318424	3.3596527085961494
12:11171249:G:A	1.73527e-05	0.001967	-4.73052	-3.51655	12	11171249	G	A	0.00043719430617461676	3.359325502744858
12:11171252:A:G	1.73527e-05	0.001967	-4.73052	-3.51655	12	11171252	A	G	0.00043719430617461676	3.359325502744858
12:39948278:T:A	9.29584e-05	0.0144047	-5.04316	-3.51567	12	39948278	T	A	0.00043864583324671207	3.357885991705065
12:44889366:T:C	1.31063e-06	0.000287928	-5.3922	-3.51386	12	44889366	T	C	0.0004416455138541457	3.3549261766802276
12:44889304:A:G	1.31063e-06	0.000287928	-5.3922	-3.51386	12	44889304	A	G	0.0004416455138541457	3.3549261766802276
12:28414019:T:C	1.28469e-05	0.00198446	-5.04	-3.51264	12	28414019	T	C	0.00044367818895108175	3.352931920508183
12:81640672:G:A	4.85534e-05	0.00705899	-4.97939	-3.51253	12	81640672	G	A	0.0004438618914520855	3.3527521404950913
12:19502652:C:CT	5.18658e-06	0.000753993	-4.97931	-3.51245	12	19502652	C	CT	0.0004439955378598079	3.352621394508355
12:30659074:G:T	1.21615e-05	0.00369065	-5.71529	-3.51243	12	30659074	G	T	0.0004440289553300141	3.3525887084213655
12:103819414:A:G	0.0133426	0.000128335	4.64407	3.51173	12	103819414	A	G	0.00044520004686597755	3.3514447986193723
12:87263114:G:A	3.79534e-05	0.00129914	-3.5331	-3.51134	12	87263114	G	A	0.0004458537620179639	3.3508075645234086
12:80516926:A:T	0.000732049	0.0377325	-3.94243	-3.51099	12	80516926	A	T	0.00044644119214722565	3.3502357408247363
12:85670260:TG:T	0.00199397	1.11037e-05	5.19061	3.51089	12	85670260	TG	T	0.00044660916195963965	3.350072371842948
12:83423285:C:T	7.46836e-05	0.00421191	-4.03241	-3.51088	12	83423285	C	T	0.0004466259621846166	3.3500560351700925
12:45373531:A:C	1.70079e-05	0.00514965	-5.71301	-3.51048	12	45373531	A	C	0.00044729845506036916	3.3494026018495098
12:120156330:A:G	9.71471e-05	0.00335435	-3.54179	-3.51012	12	120156330	A	G	0.0004479045065651998	3.3488145679046033
12:70669451:TTA:T	0.000452136	0.0251145	-4.01722	-3.5099	12	70669451	TTA	T	0.0004482752485624434	3.3484552399642507
12:99920608:G:C	0.0011506	7.60365e-05	2.71683	3.50955	12	99920608	G	C	0.00044886565569303823	3.3478836227418185
12:90604509:C:T	0.0153491	0.000209656	4.29334	3.5095	12	90604509	C	T	0.00044895005878791924	3.347801967235284
12:26663898:C:T	0.000255964	0.0144148	-4.03097	-3.50939	12	26663898	C	T	0.0004491357977380228	3.3476223287259623
12:10243929:A:G	0.00118533	7.30276e-06	5.08953	3.50898	12	10243929	A	G	0.0004498287294697834	3.346952810679517
12:10243711:A:G	0.00118533	7.30276e-06	5.08953	3.50898	12	10243711	A	G	0.0004498287294697834	3.346952810679517
12:87263818:T:A	3.79534e-05	0.00129573	-3.53047	-3.5089	12	87263818	T	A	0.0004499640519405216	3.3468221810412797
12:62511545:A:G	1.16195e-05	0.00130631	-4.72228	-3.50866	12	62511545	A	G	0.0004503702473437781	3.3464303078574678
12:59584069:T:G	9.09237e-05	0.0135578	-5.00469	-3.50861	12	59584069	T	G	0.0004504549144484245	3.3463486705808583
12:97180687:ATT:A	0.00624063	6.03715e-05	4.63832	3.50846	12	97180687	ATT	A	0.0004507090048989159	3.346103764895871
12:105018376:C:CA	0.00599511	0.000364167	2.80109	3.50836	12	105018376	C	CA	0.00045087847283698386	3.345940499559901
12:83283010:T:C	1.25061e-05	0.00377124	-5.70894	-3.507	12	83283010	T	C	0.0004531891485680604	3.343720497690886
12:25222865:C:A	2.62738e-05	0.00102366	-3.66257	-3.507	12	25222865	C	A	0.0004531891485680604	3.343720497690886
12:17119641:C:T	0.000136384	0.0173485	-4.84579	-3.50648	12	17119641	C	T	0.0004540755590590236	3.342871873680319
12:64484010:TACACACACA:T	0.00212159	5.07563e-05	3.73288	3.50574	12	64484010	TACACACACA	T	0.0004553397791778032	3.3416644074059128
12:45370494:C:T	0.00249291	4.55139e-05	4.00319	3.50572	12	45370494	C	T	0.0004553739928311002	3.3416317762954666
12:51422002:C:T	0.000306753	0.0196575	-4.16017	-3.50516	12	51422002	C	T	0.0004563329496635322	3.340718171726098
12:60003973:T:A	6.56132e-06	0.0030628	-6.14589	-3.50508	12	60003973	T	A	0.00045647009722769286	3.3405876672739656
12:32862640:C:T	0.000176769	0.00300603	-2.83353	-3.50468	12	32862640	C	T	0.00045715641218340206	3.3399351843367753
12:64443395:A:G	9.22184e-06	0.00141263	-5.03163	-3.50462	12	64443395	A	G	0.00045725944243799423	3.33983731754892
12:83282534:A:G	1.25477e-05	0.00377124	-5.70563	-3.50416	12	83282534	A	G	0.00045805006119786415	3.3390870544985947
12:95149609:A:T	5.6014e-06	0.00168321	-5.70544	-3.504	12	95149609	A	T	0.0004583253578993088	3.338826113754378
12:83438652:TTC:T	0.0265347	9.99045e-05	5.582	3.50367	12	83438652	TTC	T	0.00045889364501612226	3.3382879565863193
12:103291425:C:G	4.09827e-05	0.00889888	-5.38053	-3.50337	12	103291425	C	G	0.00045941084015507403	3.33779876150497
12:48155781:A:AT	4.28982e-06	0.000635914	-4.99882	-3.50306	12	48155781	A	AT	0.00045994584649697165	3.3372932986488855
12:83499305:T:C	0.000193057	0.021257	-4.70146	-3.50234	12	83499305	T	C	0.0004611906858125242	3.336119472281656
12:63365433:T:C	2.01684e-05	0.00225242	-4.71564	-3.50231	12	63365433	T	C	0.00046124262227549817	3.336070567457632
12:104028459:A:G	0.0134063	5.05645e-05	5.58023	3.5022	12	104028459	A	G	0.00046143310266657595	3.3358912529234033
12:16236934:G:C	0.0004237	0.0918738	-5.37914	-3.50212	12	16236934	G	C	0.0004615716799580592	3.335760845465948
12:29417762:AGTGTGTGTG:A	0.00262137	1.47538e-05	5.17995	3.50182	12	29417762	AGTGTGTGTG	A	0.00046209169071759887	3.3352718408471045
12:74411133:A:G	1.80696e-05	0.00267423	-4.99719	-3.50152	12	74411133	A	G	0.00046261224805941155	3.334782873091124
12:89775631:T:C	0.00158489	2.1836e-05	4.28471	3.50137	12	89775631	T	C	0.000462872731863531	3.3345384030366216
12:101880837:A:C	7.63651e-06	0.000510074	-4.20162	-3.50131	12	101880837	A	C	0.00046297696369765106	3.3344406175951935
12:81639635:TAAAG:T	0.00744711	7.6793e-05	4.57447	3.50042	12	81639635	TAAAG	T	0.0004645256431591227	3.33299030669701
12:19631018:C:CCT	0.000594214	0.039639	-4.20033	-3.50001	12	19631018	C	CCT	0.00046524070472258423	3.332322295097822
12:81646886:A:G	0.0189653	0.000107055	5.17703	3.49934	12	81646886	A	G	0.00046641143066184133	3.33123081456866
12:83651717:T:C	0.00237047	8.97322e-06	5.5766	3.49919	12	83651717	T	C	0.00046667390976211685	3.330986478444336
12:64483273:T:A	0.00485116	3.02759e-05	5.07662	3.49756	12	64483273	T	A	0.00046953508185912645	3.3283319533688247
12:20747767:A:T	0.0170296	0.000806997	3.04939	3.49673	12	20747767	A	T	0.00047099827787467404	3.3269806807923215
12:113625096:CT:C	0.0107318	0.000516885	3.03314	3.49652	12	113625096	CT	C	0.00047136915777165015	3.3266388372715694
12:23081813:T:C	0.00295863	0.000268466	2.39976	3.49651	12	23081813	T	C	0.00047138682551287037	3.326622559459163
12:83423165:A:G	7.57467e-05	0.00421191	-4.01828	-3.49624	12	83423165	A	G	0.00047186408810599896	3.326183074004529
12:39701001:A:T	0.0006894	1.21943e-05	4.03485	3.49564	12	39701001	A	T	0.000472926285981696	3.3252065465480323
12:91693860:A:AG	0.0256325	0.000453453	4.03473	3.49552	12	91693860	A	AG	0.00047313899304035764	3.3250112587482503
12:74834188:T:C	2.9322e-05	0.0135188	-6.13349	-3.49516	12	74834188	T	C	0.0004737776498018268	3.324425430731623
12:58474273:T:C	0.000116599	0.00873658	-4.31654	-3.49515	12	58474273	T	C	0.00047379540174141184	3.3244091584887747
12:41179734:G:A	0.00123435	8.27478e-05	2.7025	3.49503	12	41179734	G	A	0.0004740084734186164	3.3242138947688344
12:80524235:C:T	0.00097872	0.0495861	-3.92522	-3.4949	12	80524235	C	T	0.0004742394019348453	3.3240023657269
12:84501685:C:G	7.62823e-05	3.1507e-06	3.18681	3.49459	12	84501685	C	G	0.00047479050120756774	3.3234979782482035
12:61312551:G:A	0.000170612	0.021437	-4.83348	-3.49459	12	61312551	G	A	0.00047479050120756774	3.3234979782482035
12:123355473:G:C	0.000924306	4.81479e-06	5.25735	3.4945	12	123355473	G	C	0.00047495060962935955	3.3233515505449995
12:74419762:C:T	2.33498e-05	0.00342905	-4.98945	-3.49421	12	74419762	C	T	0.0004754668572088306	3.322879750509893
12:81651718:T:C	0.000175365	0.0215754	-4.81244	-3.49409	12	81651718	T	C	0.00047568062996517846	3.322684532983109
12:129381748:A:C	0.0182975	0.000526092	3.54904	3.49404	12	129381748	A	C	0.00047576972840472496	3.3226031940873613
12:129381704:C:CTCTT	0.0182975	0.000526092	3.54904	3.49404	12	129381704	C	CTCTT	0.00047576972840472496	3.3226031940873613
12:53692058:G:A	0.00566872	9.96066e-05	4.04149	3.49214	12	53692058	G	A	0.0004791670271303349	3.3195130746505375
12:80526802:A:C	0.00108553	0.0548083	-3.92178	-3.49168	12	80526802	A	C	0.00047999292637847056	3.3187651627440657
12:7327582:C:T	0.000109354	0.0165208	-5.01778	-3.49135	12	7327582	C	T	0.00048058623703464795	3.3182286706222
12:113926704:T:C	6.30911e-05	0.018678	-5.69052	-3.49123	12	113926704	T	C	0.0004808021559064861	3.3180335936338707
12:28414437:A:G	1.31532e-05	0.00198446	-5.01644	-3.49006	12	28414437	A	G	0.0004829121118239571	3.3161319020083386
12:73403110:A:G	2.30505e-05	0.00347761	-5.01641	-3.49004	12	73403110	A	G	0.0004829482544049393	3.316099399331889
12:99918935:A:G	0.00100418	6.76733e-05	2.69724	3.4897	12	99918935	A	G	0.0004835630644125374	3.3155468788915496
12:32864310:T:TAC	0.00335601	0.000305785	2.39562	3.48961	12	32864310	T	TAC	0.00048372593038226326	3.3154006314040028
12:3809386:A:G	0.00011727	0.0346507	-5.68859	-3.48957	12	3809386	A	G	0.00048379833167807104	3.3153356335852533
12:1340033:T:C	5.94708e-05	0.00148769	-3.21949	-3.48953	12	1340033	T	C	0.0004838707430805617	3.315270636421641
12:1340073:C:T	5.94708e-05	0.00148731	-3.21924	-3.48928	12	1340073	C	T	0.00048432354340630757	3.314864418992026
12:70209572:G:C	3.95418e-06	0.000844912	-5.36446	-3.48891	12	70209572	G	C	0.00048499441317732806	3.3142632641611027
12:3795433:T:C	0.000297449	0.0421601	-4.95399	-3.48856	12	3795433	T	C	0.00048562981728577	3.3136946557772733
12:78144097:G:A	0.000125343	0.0177556	-4.95341	-3.48801	12	78144097	G	A	0.0004866298782333623	3.3128012296560847
12:39701110:C:CTTT	0.000662532	1.18326e-05	4.02521	3.48672	12	39701110	C	CTTT	0.0004889830158579523	3.3107062252266237
12:38642359:G:C	4.86465e-06	0.000593827	-4.80459	-3.48667	12	38642359	G	C	0.00048907443600866	3.31062503722069
12:51012356:A:AC	8.76104e-05	0.00576671	-4.18696	-3.48646	12	51012356	A	AC	0.000489458574725044	3.310284058773257
12:39712119:T:TGTAC	7.83657e-06	0.00357332	-6.12245	-3.48633	12	39712119	T	TGTAC	0.0004896965158661086	3.3100729859256375
12:38978839:G:A	3.86182e-06	0.000253661	-4.18486	-3.4863	12	38978839	G	A	0.0004897514406766472	3.310024277789586
12:38380380:C:T	6.36693e-06	0.000792919	-4.8246	-3.48601	12	38380380	C	T	0.0004902826767719724	3.3095534514718556
12:83575321:A:G	1.07878e-05	0.000864035	-4.3832	-3.48568	12	83575321	A	G	0.0004908878404413748	3.3090177254772692
12:103818887:G:A	0.0133426	0.000132079	4.61531	3.48564	12	103818887	G	A	0.0004909612409278549	3.308952792022807
12:105017498:C:CAA	0.000113073	0.01223	-4.68361	-3.48512	12	105017498	C	CAA	0.0004919163790793902	3.3081087167263528
12:121939291:A:C	3.8321e-05	0.00240544	-4.13949	-3.48503	12	121939291	A	C	0.0004920818672511641	3.3079626380097142
12:46427680:A:G	2.30833e-05	0.00490983	-5.35989	-3.4848	12	46427680	A	G	0.0004925050173591089	3.307589340800328
12:118678594:A:ACAAGAG	1.16015e-05	0.00340656	-5.68233	-3.4842	12	118678594	A	ACAAGAG	0.0004936104848837339	3.306615623936753
12:129381602:T:C	0.0182171	0.000529457	3.53826	3.48396	12	129381602	T	C	0.000494053319402393	3.306226178459652
12:23159854:G:C	1.24276e-05	0.0026381	-5.3579	-3.48301	12	23159854	G	C	0.0004958098439677852	3.304684854860556
12:71216244:C:G	9.11896e-05	0.00983928	-4.6812	-3.48279	12	71216244	C	G	0.000496217447631632	3.304327969453324
12:83653035:G:T	0.00239777	9.26162e-06	5.55641	3.48243	12	83653035	G	T	0.0004968851094676366	3.303744017891086
12:41914120:A:G	6.37153e-05	0.00398661	-4.13627	-3.4819	12	41914120	A	G	0.0004978695805448367	3.3028844079786133
12:38202621:C:T	9.32289e-06	0.00101919	-4.69429	-3.48186	12	38202621	C	T	0.0004979439540090178	3.302819536425791
12:28410985:G:T	0.00190052	1.09509e-05	5.15646	3.48184	12	28410985	G	T	0.0004979811446256666	3.302787100895009
12:45429710:G:A	1.37796e-05	0.00167136	-4.7982	-3.48064	12	45429710	G	A	0.0005002173271492543	3.300841268713123
12:102589154:G:A	7.126e-05	0.0322558	-6.11512	-3.48046	12	102589154	G	A	0.0005005535609121559	3.300549444730043
12:3808211:G:A	0.000118578	0.0346507	-5.67751	-3.48007	12	3808211	G	A	0.0005012827904147028	3.2999172049345717
12:74959499:A:G	2.09894e-05	0.00154782	-4.30059	-3.48001	12	74959499	A	G	0.0005013950674435814	3.299819942800162
12:84397147:G:GT	3.14867e-05	0.00242198	-4.34278	-3.47902	12	84397147	G	GT	0.0005032510267829477	3.298215330347478
12:7739996:G:A	7.61107e-05	0.0113481	-5.00461	-3.47873	12	7739996	G	A	0.0005037959033330373	3.2977453683327247
12:7612728:TTATCC:T	0.0084428	0.000150418	4.02765	3.47854	12	7612728	TTATCC	T	0.0005041531895838814	3.29743748085152
12:5727634:CCT:C	0.0166059	0.000485649	3.53203	3.47813	12	5727634	CCT	C	0.0005049249807302724	3.2967731424260536
12:89518614:C:A	4.79958e-05	0.00672451	-4.9424	-3.47763	12	89518614	C	A	0.0005058676801596921	3.295963066740241
12:70209879:C:T	4.00647e-06	0.000844912	-5.35132	-3.4771	12	70209879	C	T	0.0005068687328254691	3.2951044982423374
12:103899442:C:T	3.11379e-05	0.00906591	-5.67385	-3.47694	12	103899442	C	T	0.0005071713001197609	3.294845330347687
12:74076463:T:C	4.51832e-06	0.00065142	-4.97101	-3.47678	12	74076463	T	C	0.0005074740357822123	3.2945861729319335
12:105064479:G:A	0.000623226	0.0362091	-4.06216	-3.47665	12	105064479	G	A	0.0005077201325414892	3.2943756152475085
12:105064310:A:G	0.000623225	0.0362091	-4.06216	-3.47665	12	105064310	A	G	0.0005077201325414892	3.2943756152475085
12:90758501:TTATATA:T	0.00378371	3.79106e-05	4.60323	3.47598	12	90758501	TTATATA	T	0.0005089902426260358	3.2932905430351225
12:84227630:T:A	3.05283e-06	0.000887486	-5.67232	-3.47564	12	84227630	T	A	0.0005096359084175234	3.2927399796558814
12:86856752:T:TTATTTTATT	1.60241e-05	0.00092997	-4.06106	-3.4756	12	86856752	T	TTATTTTATT	0.0005097119192748004	3.292675210604446
12:102590893:G:A	7.17213e-05	0.0322558	-6.10867	-3.4753	12	102590893	G	A	0.0005102823376546336	3.292189463593852
12:3795507:T:TG	0.000297573	0.0415839	-4.93981	-3.47518	12	3795507	T	TG	0.0005105106715810333	3.291995175104367
12:61279635:CA:C	0.0011774	6.83776e-06	5.1486	3.47516	12	61279635	CA	C	0.0005105487364938979	3.291962794262492
12:44846760:CA:C	0.0240502	0.000240854	4.60371	3.4751	12	44846760	CA	C	0.0005106629471075167	3.29186565271922
12:90603831:G:A	0.0152327	0.000215833	4.2567	3.47499	12	90603831	G	A	0.0005108723950914249	3.2916875637169625
12:81645503:C:A	0.000106569	0.00692646	-4.17431	-3.47364	12	81645503	C	A	0.0005134494236143298	3.289502329334451
12:81647857:TATATA:T	0.0189653	0.000110446	5.14584	3.47281	12	81647857	TATATA	T	0.0005150398286375788	3.2881591851555227
12:56685104:C:CA	2.17266e-05	0.000457612	-3.04748	-3.47273	12	56685104	C	CA	0.0005151933630654226	3.288029740373845
12:42202130:G:A	3.1225e-06	0.000904246	-5.66847	-3.47233	12	42202130	G	A	0.0005159616753313115	3.287382555757026
12:60003109:G:A	6.83639e-06	0.0030628	-6.10483	-3.47223	12	60003109	G	A	0.0005161539202001018	3.2872207698349514
12:62510635:T:C	1.14893e-05	0.00124268	-4.68361	-3.47164	12	62510635	T	C	0.0005172895246026724	3.2862663162039443
12:38381388:C:T	6.46274e-06	0.00079276	-4.80947	-3.47138	12	38381388	C	T	0.000517790699305446	3.2858457547443285
12:115739945:G:A	0.0574131	0.001115	3.94142	3.47118	12	115739945	G	A	0.0005181765262319962	3.285522264755867
12:80523720:A:G	0.000971454	0.0479153	-3.8984	-3.46981	12	80523720	A	G	0.00052082665374612	3.2833067984823723
12:41084463:A:G	0.000100394	0.0049501	-3.89806	-3.4695	12	41084463	A	G	0.0005214280676313735	3.2828055951674098
12:61510248:G:C	7.75107e-05	0.00836233	-4.68108	-3.46921	12	61510248	G	C	0.0005219912665191304	3.28233676315536
12:83712876:C:T	1.34905e-05	0.001086	-4.38827	-3.46883	12	83712876	C	T	0.0005227301094571595	3.2817224836510763
12:117227739:A:C	0.0163115	0.000593653	3.31333	3.46872	12	117227739	A	C	0.0005229441668772857	3.281544676929091
12:95229706:T:G	2.33528e-05	0.00487494	-5.34115	-3.46795	12	95229706	T	G	0.0005244448577720279	3.2803001685271944
12:89619312:T:C	5.94894e-05	0.00452281	-4.33109	-3.46729	12	89619312	T	C	0.0005257343576481449	3.279233640159771
12:16726378:TTTCC:T	0.0326884	0.000814538	3.69216	3.46712	12	16726378	TTTCC	T	0.000526066979784705	3.278958957178981
12:3806953:G:C	0.000122846	0.0353486	-5.66208	-3.46687	12	3806953	G	C	0.0005265564862686226	3.27855503310356
12:104088463:G:A	0.00175717	3.9684e-05	3.79051	3.46661	12	104088463	G	A	0.0005270660232708366	3.2781349791969
12:69761864:G:A	7.04569e-06	0.00100424	-4.95957	-3.46596	12	69761864	G	A	0.0005283418767544116	3.277084965458071
12:81648723:T:C	0.000121374	0.017289	-4.95895	-3.46537	12	81648723	T	C	0.0005295024503917641	3.276132025756384
12:19442696:T:G	2.45625e-05	0.00339627	-4.92921	-3.46519	12	19442696	T	G	0.0005298569963758486	3.2758413267482474
12:61421407:A:G	2.33459e-06	9.94723e-08	3.15571	3.46468	12	61421407	A	G	0.0005308627450516673	3.275017751558822
12:42202660:T:C	3.60341e-06	0.000288721	-4.38358	-3.46425	12	42202660	T	C	0.0005317121111899915	3.2743234473347234
12:17750494:T:G	4.71367e-06	0.000171261	-3.59272	-3.46416	12	17750494	T	G	0.000531890045681863	3.274178137421272
12:39712125:C:CATACAT	7.83657e-06	0.00347051	-6.09326	-3.46297	12	39712125	C	CATACAT	0.0005342479580261624	3.2722571290977527
12:58475211:G:A	0.000132293	0.0141772	-4.67437	-3.46279	12	58475211	G	A	0.000534605463918788	3.2719666068633333
12:83428277:T:A	1.05444e-05	0.00466708	-6.09269	-3.46252	12	83428277	T	A	0.0005351421407419108	3.271530848369673
12:6512945:A:G	0.00270695	5.1266e-05	3.96655	3.46224	12	6512945	A	G	0.0005356992246843889	3.271078982179568
12:109600254:G:T	0.00483308	0.0004545	2.36404	3.46199	12	109600254	G	T	0.0005361970776263742	3.2706755573322486
12:81647785:CATATA:C	0.012439	0.000126531	4.58811	3.46198	12	81647785	CATATA	C	0.0005362170007081785	3.270659420870287
12:58471458:A:G	0.0133708	0.000303949	3.78397	3.46059	12	58471458	A	G	0.0005389930301039489	3.268416850781658
12:59586307:C:G	0.0181483	0.000107219	5.13146	3.46058	12	59586307	C	G	0.0005390130499632958	3.2684007200480663
12:81647064:AAG:A	0.0182779	0.000107994	5.13137	3.4605	12	81647064	AAG	A	0.0005391732337812702	3.268271675652312
12:27023301:C:CTTTTTT	5.46053e-05	0.00583642	-4.67174	-3.46027	12	27023301	C	CTTTTTT	0.0005396340093484391	3.2679006876010908
12:99916504:C:T	0.000993125	6.58211e-05	2.71392	3.46012	12	99916504	C	T	0.0005399347127829683	3.267658750533064
12:73815602:T:A	2.34279e-06	0.000331773	-4.95311	-3.45985	12	73815602	T	A	0.0005404763724147592	3.2672232870098026
12:73815722:G:GA	2.34279e-06	0.000331773	-4.95311	-3.45985	12	73815722	G	GA	0.0005404763724147592	3.2672232870098026
12:107750933:C:T	1.30296e-05	0.00100924	-4.34973	-3.45947	12	107750933	C	T	0.0005412395659024941	3.266610462952018
12:32123791:A:C	7.92756e-05	0.00834294	-4.65624	-3.45871	12	32123791	A	C	0.0005427689659466266	3.2653849920798006
12:7740841:G:A	7.78072e-05	0.0113481	-4.98257	-3.45761	12	7740841	G	A	0.000544989703486442	3.263611702789895
12:121700871:AT:A	6.67712e-05	0.00134365	-3.00187	-3.45735	12	121700871	AT	A	0.0005455158404748185	3.2631926340198696
12:94024045:TGTGATCTCA:T	0.0137176	5.46285e-05	5.52588	3.45708	12	94024045	TGTGATCTCA	T	0.0005460627143172919	3.262757476493347
12:86860914:C:A	0.00087106	4.36895e-05	2.9926	3.45706	12	86860914	C	A	0.0005461032438012265	3.2627252437889593
12:73700829:T:C	1.17159e-05	0.00170753	-4.98186	-3.45693	12	73700829	T	C	0.0005463667537621128	3.2625157351994067
12:107752294:C:T	1.30834e-05	0.00101075	-4.3471	-3.45691	12	107752294	C	T	0.0005464073042680298	3.262483503722393
12:50914651:C:T	4.14593e-05	0.00329654	-4.37592	-3.45678	12	50914651	C	T	0.0005466709509042764	3.262274003110753
12:97126613:AT:A	0.0280731	0.000111852	5.52539	3.45667	12	97126613	AT	A	0.0005468941290773508	3.262096738762856
12:72555465:T:TAAAG	0.000796898	3.94185e-05	3.00649	3.45601	12	72555465	T	TAAAG	0.0005482349815472405	3.2610332566326514
12:100915497:A:G	2.92763e-05	0.0128511	-6.0844	-3.45589	12	100915497	A	G	0.000548479101685597	3.260839915391973
12:82159821:A:C	0.000137853	0.0144649	-4.65329	-3.45586	12	82159821	A	C	0.0005485401475404466	3.2607915810023074
12:45432396:C:CAAAT	0.000234914	1.80196e-05	2.56776	3.45574	12	45432396	C	CAAAT	0.0005487843942589104	3.2605982471256594
12:83573380:T:A	1.31601e-05	0.00102287	-4.35318	-3.45524	12	83573380	T	A	0.0005498031798181009	3.2597927527183392
12:87161650:C:A	3.76954e-06	0.000290713	-4.34538	-3.45523	12	87161650	C	A	0.000549823573488269	3.259776643873417
12:59995505:G:A	0.00311594	1.12769e-05	5.62153	3.45515	12	59995505	G	A	0.000549986748219251	3.259647774586827
12:91694302:T:C	0.0250066	0.000462251	3.99079	3.45489	12	91694302	T	C	0.0005505173776929124	3.259228967487827
12:56682722:G:GAAAAAAAA	1.36177e-05	2.51886e-07	3.99015	3.4543	12	56682722	G	GAAAAAAAA	0.0005517232678765738	3.2582787001145515
12:3797400:T:C	0.000225608	0.0327908	-4.9791	-3.45429	12	3797400	T	C	0.0005517437278824114	3.2582625951151813
12:18032119:C:T	0.00536355	2.14316e-05	5.52251	3.45428	12	18032119	C	T	0.0005517641885950106	3.2582464901567194
12:59474198:T:C	0.000209053	4.14342e-06	3.92107	3.45375	12	59474198	T	C	0.0005528496183235144	3.257392985899662
12:58471446:T:C	0.0133097	0.000304915	3.77622	3.45346	12	58471446	T	C	0.0005534443742653425	3.2569260227773267
12:39712128:G:A	7.93071e-06	0.00347051	-6.08131	-3.45342	12	39712128	G	A	0.000553526456324177	3.256861616770781
12:39712129:T:TAC	7.93071e-06	0.00347051	-6.08131	-3.45342	12	39712129	T	TAC	0.000553526456324177	3.256861616770781
12:39712145:C:T	7.93071e-06	0.00347051	-6.08131	-3.45342	12	39712145	C	T	0.000553526456324177	3.256861616770781
12:39712144:A:G	7.93071e-06	0.00347051	-6.08131	-3.45342	12	39712144	A	G	0.000553526456324177	3.256861616770781
12:84226873:G:A	1.20349e-06	0.000526587	-6.08119	-3.45333	12	84226873	G	A	0.0005537111824181901	3.25671670564921
12:58057488:C:T	1.12873e-05	0.000626239	-4.01605	-3.45318	12	58057488	C	T	0.0005540191868534808	3.2564751944768053
12:98266251:T:G	8.27147e-06	0.000468929	-4.03764	-3.45307	12	98266251	T	G	0.0005542451581907129	3.2562980921336195
12:60002784:T:A	7.8281e-06	0.00113584	-4.97741	-3.45266	12	60002784	T	A	0.0005550881715527251	3.2556380270081022
12:51413015:A:C	0.000346302	0.0710708	-5.32412	-3.45264	12	51413015	A	C	0.0005551293246910145	3.2556058304683417
12:109588219:G:T	0.000163882	0.00581635	-3.56928	-3.45205	12	109588219	G	T	0.0005563446215108395	3.25465610615881
12:59588497:A:G	0.0187952	0.000112171	5.12133	3.45196	12	59588497	A	G	0.0005565302234633585	3.254511245476729
12:18436575:A:T	1.13965e-05	0.00233667	-5.32317	-3.45178	12	18436575	A	T	0.0005569016003981273	3.254221534053001
12:771159:G:A	0.000480774	0.0176708	-3.60427	-3.45172	12	771159	G	A	0.0005570254439956209	3.254124966523731
12:56316135:C:T	4.43271e-05	0.0125313	-5.64439	-3.45171	12	56316135	C	T	0.0005570460870889246	3.254108872078694
12:1002889:A:G	8.47849e-06	0.00115566	-4.91489	-3.45167	12	1002889	A	G	0.0005571286665878856	3.254044494707614
12:38980227:C:CG	0.000378314	1.40326e-05	3.29434	3.45165	12	38980227	C	CG	0.0005571699606131298	3.2540123062675144
12:81648598:G:A	0.0189653	0.000113281	5.1205	3.45126	12	81648598	G	A	0.0005579757641210664	3.2533846643905058
12:50914752:T:C	4.17075e-05	0.00329654	-4.36995	-3.45096	12	50914752	T	C	0.000558596351444723	3.2529019052848502
12:96114217:T:C	0.00024252	0.0134186	-4.01332	-3.45058	12	96114217	T	C	0.000559383351601981	3.2522904632683627
12:59586798:T:A	0.0181483	0.000108535	5.11926	3.4502	12	59586798	T	A	0.0005601713843667256	3.251679080319745
12:45746101:A:AT	1.26445e-05	0.00177092	-4.94203	-3.44939	12	45746101	A	AT	0.000561854590558316	3.250376066440183
12:1381154:A:G	0.00283495	0.000242809	2.45751	3.44912	12	1381154	A	G	0.0005624167052410737	3.2499417881193313
12:1381147:C:T	0.00283495	0.000242809	2.45751	3.44912	12	1381147	C	T	0.0005624167052410737	3.2499417881193313
12:42197093:T:C	3.85441e-06	0.000401605	-4.64625	-3.44907	12	42197093	T	C	0.000562520858012093	3.2498613694804033
12:59585009:C:A	9.68392e-05	0.0135578	-4.94166	-3.44904	12	59585009	C	A	0.0005625833582967907	3.2498131187878965
12:60144493:C:T	1.2527e-06	7.07197e-05	-4.03342	-3.44902	12	60144493	C	T	0.000562625028746171	3.249780951864079
12:38980303:A:G	0.000377916	1.40599e-05	3.29134	3.44896	12	38980303	A	G	0.0005627500573422953	3.249684452074326
12:17120016:G:A	5.03957e-05	0.0102989	-5.31989	-3.44883	12	17120016	G	A	0.0005630210414087967	3.2494753742481697
12:83710343:C:T	1.42283e-05	0.00112203	-4.36767	-3.44873	12	83710343	C	T	0.0005632295733808509	3.2493145498550744
12:91186975:G:A	1.02801e-05	0.00289569	-5.64077	-3.44861	12	91186975	G	A	0.0005634799066961877	3.2491215659826587
12:83421804:T:C	4.48441e-05	0.00627037	-4.9404	-3.44784	12	83421804	T	C	0.0005650886794215453	3.2478833929569255
12:15117675:G:GCA	0.000291834	0.0820544	-5.63895	-3.44706	12	15117675	G	GCA	0.0005667227057214501	3.2466293870197163
12:59586968:T:C	0.0181483	0.000108948	5.11546	3.44697	12	59586968	T	C	0.000566911530104943	3.2464847100401992
12:42274656:C:A	5.47025e-06	0.000568676	-4.64399	-3.44688	12	42274656	C	A	0.0005671004130760021	3.2463400363737387
12:84419948:TAAA:T	0.000427922	8.30641e-06	3.94191	3.44602	12	84419948	TAAA	T	0.000568908252729074	3.244957766199356
12:69759905:T:C	6.63722e-06	0.000926128	-4.93832	-3.44588	12	69759905	T	C	0.0005692030596558543	3.2447327741041225
12:17413193:C:CAT	3.63624e-05	0.0102057	-5.63717	-3.44553	12	17413193	C	CAT	0.000569940699480367	3.2441703289384023
12:44444937:G:T	3.43388e-05	0.000680454	-2.98648	-3.44426	12	44444937	G	T	0.0005726247600254169	3.242129877219194
12:46355182:C:G	3.85997e-05	0.00221507	-4.04979	-3.44419	12	46355182	C	G	0.0005727730420816328	3.2420174305582674
12:115740811:T:C	0.00106658	0.0641846	-4.09731	-3.44397	12	115740811	T	C	0.0005732393042044922	3.2416640398135557
12:3801526:T:G	0.000200571	0.0288383	-4.96829	-3.44393	12	3801526	T	G	0.000573324117098222	3.241599789077619
12:83423787:T:A	4.30926e-05	0.012069	-5.63505	-3.44371	12	83423787	T	A	0.0005737907969117531	3.241246421726993
12:14096060:A:G	7.90979e-05	0.00472204	-4.08931	-3.44345	12	14096060	A	G	0.0005743427836271824	3.2408288312878173
12:1387673:T:C	0.000200924	0.00706243	-3.55962	-3.44285	12	1387673	T	C	0.0005756184867610568	3.2398652665606797
12:58474716:T:A	0.000117776	0.0083509	-4.26134	-3.44275	12	58474716	T	A	0.0005758313602832533	3.2397046867537105
12:103886591:G:A	3.51095e-05	0.00980818	-5.6325	-3.44153	12	103886591	G	A	0.0005784343262936246	3.2377459424120754
12:85947304:G:A	5.90339e-06	0.00164874	-5.63224	-3.44131	12	85947304	G	A	0.0005789048779231669	3.2373927909994613
12:114146289:G:A	0.000129228	0.0135415	-4.65194	-3.44131	12	114146289	G	A	0.0005789048779231669	3.2373927909994613
12:39711497:G:T	5.56487e-06	0.00155243	-5.6311	-3.44033	12	39711497	G	T	0.0005810053046273784	3.235819902446361
12:39701314:T:C	9.84672e-06	0.000769824	-4.35902	-3.44031	12	39701314	T	C	0.0005810482442648119	3.235787806769499
12:39701195:C:T	9.84672e-06	0.000769824	-4.35902	-3.44031	12	39701195	C	T	0.0005810482442648119	3.235787806769499
12:59587525:G:A	0.018461	0.000111735	5.10729	3.44002	12	59587525	G	A	0.0005816712011265984	3.2353224378372127
12:20833669:TAC:T	0.0307321	0.00156901	2.97486	3.43979	12	20833669	TAC	T	0.0005821657124525411	3.234953376587283
12:102595378:G:C	7.74459e-05	0.0333064	-6.06392	-3.43951	12	102595378	G	C	0.0005827682545315702	3.234504113829412
12:117623338:C:A	8.6129e-06	0.00123166	-4.96285	-3.43872	12	117623338	C	A	0.0005844714154404562	3.2332367238862973
12:70952740:T:C	2.22249e-06	0.000307682	-4.93044	-3.43843	12	70952740	T	C	0.0005850977883349978	3.232771543515878
12:40729546:C:G	3.48777e-05	0.0149761	-6.06236	-3.43826	12	40729546	C	G	0.0005854652629373086	3.2324988675637503
12:28414693:C:G	1.34462e-05	0.00192126	-4.96204	-3.43794	12	28414693	C	G	0.0005861575627819666	3.231985627243146
12:58475364:G:C	0.000134849	0.0140657	-4.64734	-3.43691	12	58475364	G	C	0.000588391080716069	3.230333919263938
12:117623395:A:C	8.63055e-06	0.00123166	-4.96081	-3.43676	12	117623395	A	C	0.0005887170104512747	3.2300934154560594
12:20748215:C:T	0.0166356	0.000840028	2.98587	3.43643	12	20748215	C	T	0.0005894346475680077	3.2295643394644746
12:44889601:C:T	1.42909e-06	0.000287928	-5.30568	-3.43605	12	44889601	C	T	0.00059026202632169	3.228955155605543
12:103885540:G:A	3.56268e-05	0.00987268	-5.62443	-3.43462	12	103885540	G	A	0.0005933852822043422	3.226663229735908
12:19451753:G:A	0.000469715	1.20959e-05	3.65926	3.4337	12	19451753	G	A	0.0005954027743846988	3.2251891460125086
12:1730327:A:G	3.07462e-05	0.0018302	-4.08641	-3.43337	12	1730327	A	G	0.000596127994583803	3.2246604829217507
12:119526348:A:G	5.56714e-05	0.00437876	-4.36505	-3.43332	12	119526348	A	G	0.0005962379481320969	3.2245803863377835
12:62225841:A:G	6.34717e-05	0.0175614	-5.62286	-3.43328	12	62225841	A	G	0.0005963259245619643	3.224516309806584
12:81640692:TG:T	0.00791825	4.83325e-05	5.09882	3.43282	12	81640692	TG	T	0.0005973385223343773	3.223779476718224
12:73586060:CA:C	0.0004364	1.12769e-05	3.65581	3.43265	12	73586060	CA	C	0.0005977131481063389	3.22350719073278
12:61255539:A:G	2.45025e-05	0.00288747	-4.76936	-3.43262	12	61255539	A	G	0.0005977792812333769	3.2234591414913663
12:102580667:G:A	0.0113091	0.000573473	2.98165	3.43243	12	102580667	G	A	0.000598198282556154	3.2231548381744033
12:102580478:A:G	0.0113091	0.000573473	2.98165	3.43243	12	102580478	A	G	0.000598198282556154	3.2231548381744033
12:83421949:T:C	4.49462e-05	0.00618078	-4.92373	-3.43209	12	83421949	T	C	0.000598948756732644	3.222610332235435
12:1004468:G:A	4.21249e-06	0.00179385	-6.05406	-3.43163	12	1004468	G	A	0.0005999654990422362	3.221873722960329
12:25209283:A:G	1.36233e-05	0.000427758	-3.44677	-3.43133	12	25209283	A	G	0.0006006294570765877	3.22139337221679
12:83282344:T:C	1.47126e-05	0.00406118	-5.62052	-3.43127	12	83282344	T	C	0.000600762330722401	3.221297306483715
12:1730326:C:T	2.75895e-05	0.00193159	-4.24867	-3.43072	12	1730326	C	T	0.0006019816146189116	3.220416772515406
12:88737343:G:A	0.0114935	0.001111	2.33652	3.4303	12	88737343	G	A	0.0006029142546304903	3.219744448040138
12:53877840:CA:C	0.0181737	0.000191226	4.55427	3.43025	12	53877840	CA	C	0.0006030253727355361	3.2196644142160515
12:81700408:C:T	0.00011838	0.0326304	-5.6191	-3.43005	12	81700408	C	T	0.0006034700357834185	3.21934428914076
12:4697712:C:G	5.35525e-05	0.0147569	-5.61881	-3.4298	12	4697712	C	G	0.0006040262937300291	3.218944155793913
12:17120025:G:C	5.05057e-05	0.0101006	-5.29827	-3.42939	12	17120025	G	C	0.0006049395899085209	3.2182879924207657
12:7612517:AGAAGGAAGG:A	0.00851305	5.21752e-05	5.09475	3.42935	12	7612517	AGAAGGAAGG	A	0.000605028760748735	3.2182239801614356
12:70668076:T:A	0.000492119	0.0250342	-3.92928	-3.42857	12	70668076	T	A	0.000606770039049216	3.2169758718484607
12:113591785:G:C	0.00015695	0.0114794	-4.29238	-3.42845	12	113591785	G	C	0.0006070383416002487	3.216783877261589
12:100108111:CA:C	0.000716185	2.95462e-06	5.49057	3.42775	12	100108111	CA	C	0.0006086056416053238	3.2156640261699234
12:68147213:C:T	0.00025284	0.0191127	-4.32535	-3.42704	12	68147213	C	T	0.0006101991778502696	3.2145283818383703
12:61276241:C:CATT	0.000978196	1.03398e-05	4.54971	3.42644	12	61276241	C	CATT	0.0006115488543716011	3.2135688430651452
12:78143624:CAGA:C	0.0116919	0.000123669	4.54904	3.42583	12	78143624	CAGA	C	0.0006129238729628012	3.2125934628474373
12:3819867:C:A	5.37899e-05	0.0227339	-6.04653	-3.4256	12	3819867	C	A	0.0006134430690495642	3.212225736025629
12:102581576:T:A	0.011273	0.000576274	2.97359	3.42478	12	102581576	T	A	0.0006152974483297884	3.210914885949823
12:20833735:AATTT:A	0.0309252	0.00160341	2.95944	3.42478	12	20833735	AATTT	A	0.0006152974483297884	3.210914885949823
12:117637751:A:G	0.0241609	0.000137152	5.1714	3.42442	12	117637751	A	G	0.0006161132126057376	3.2103394776207517
12:117637801:T:C	0.0241609	0.000137152	5.1714	3.42442	12	117637801	T	C	0.0006161132126057376	3.2103394776207517
12:117637768:A:G	0.0241609	0.000137152	5.1714	3.42442	12	117637768	A	G	0.0006161132126057376	3.2103394776207517
12:89592746:T:C	5.4528e-05	0.010838	-5.2921	-3.42384	12	89592746	T	C	0.0006174296166005999	3.209412542301735
12:6999916:C:CT	4.64945e-05	0.00530393	-4.73687	-3.42271	12	6999916	C	CT	0.000620001854419124	3.207607011529507
12:69759197:G:A	6.15263e-06	0.000813124	-4.884	-3.42253	12	69759197	G	A	0.000620412510861987	3.2073194530513063
12:117630219:G:T	7.05681e-05	0.0192587	-5.60914	-3.42152	12	117630219	G	T	0.0006227214476695309	3.205706176121993
12:103288099:T:A	7.93957e-06	0.00107943	-4.91233	-3.42131	12	103288099	T	A	0.0006232025265145424	3.2053707946662042
12:34114249:T:A	3.95446e-06	7.91411e-05	-2.99639	-3.42121	12	34114249	T	A	0.0006234317331931023	3.2052110955466584
12:89523260:G:A	5.41214e-05	0.0147622	-5.60859	-3.42106	12	89523260	G	A	0.0006237756902745493	3.20497155453133
12:83369143:C:CAAAAAA	6.75385e-05	0.00517403	-4.33871	-3.42049	12	83369143	C	CAAAAAA	0.0006250843380253098	3.204061382547199
12:3813263:T:C	7.34315e-05	0.0145404	-5.28833	-3.42045	12	3813263	T	C	0.0006251762688023818	3.20399751581565
12:53694154:CTT:C	6.06119e-05	0.00439718	-4.28423	-3.42026	12	53694154	CTT	C	0.0006256131117974758	3.2036941577717077
12:38742001:G:A	9.95813e-06	0.00100692	-4.61626	-3.42013	12	38742001	G	A	0.0006259121679824391	3.2034866055065176
12:65642960:C:T	0.00035256	0.0164889	-3.84522	-3.42009	12	65642960	C	T	0.0006260042120239987	3.2034227446607746
12:101562004:C:G	0.0305548	0.000586573	3.95298	3.41993	12	101562004	C	G	0.0006263725141341721	3.2031673078175436
12:3805789:T:G	0.000130031	0.0354181	-5.60721	-3.41987	12	3805789	T	G	0.0006265106793914438	3.20307152169897
12:61266341:C:T	2.34417e-05	0.00272606	-4.7561	-3.41979	12	61266341	C	T	0.0006266949438405909	3.202943809163104
12:81650433:A:G	0.000132502	0.0135712	-4.62911	-3.41946	12	81650433	A	G	0.0006274555677721157	3.2024170226032647
12:61507358:C:A	7.45789e-05	0.0203033	-5.60668	-3.41942	12	61507358	C	A	0.0006275478229513087	3.202353172711513
12:16240996:G:A	0.000576677	0.0290421	-3.91922	-3.41927	12	16240996	G	A	0.0006278938922762001	3.2021137414418015
12:41922016:C:T	0.00141763	7.3946e-05	2.95341	3.41891	12	41922016	C	T	0.0006287251831825998	3.2015391439154377
12:102581328:A:C	0.0112372	0.000579218	2.9653	3.41691	12	102581328	A	C	0.0006333621409758361	3.1983479000052837
12:20765790:T:C	0.0114262	0.000597271	2.95129	3.41685	12	20765790	T	C	0.0006335017399752756	3.1982521879460912
12:20765739:G:A	0.0114262	0.000597281	2.95127	3.41683	12	20765739	G	A	0.0006335482793353272	3.1982202842533205
12:20765737:G:C	0.0114262	0.000597281	2.95127	3.41683	12	20765737	G	C	0.0006335482793353272	3.1982202842533205
12:34006916:C:G	3.99706e-07	4.53124e-05	-4.73061	-3.41679	12	34006916	C	G	0.0006336413675969788	3.1981564773582187
12:81650018:T:G	0.000132483	0.00957535	-4.28049	-3.41651	12	81650018	T	G	0.0006342933417725509	3.197709847402185
12:20021430:G:A	2.21937e-05	0.00160349	-4.28013	-3.41616	12	20021430	G	A	0.0006351091870444196	3.1971516050158635
12:3812776:T:A	8.46904e-05	0.0229666	-5.6028	-3.41609	12	3812776	T	A	0.0006352724731910884	3.197039962546392
12:29678439:A:G	0.000208145	0.0209578	-4.61203	-3.41605	12	29678439	A	G	0.0006353657970930258	3.196976167748672
12:7742811:A:AAAAT	0.000127341	0.0147513	-4.75222	-3.41604	12	7742811	A	AAAAT	0.0006353891300610762	3.196960219151417
12:20765695:T:C	0.0114101	0.000597281	2.94987	3.41547	12	20765695	T	C	0.0006367204275770411	3.1960512166640758
12:114145699:C:T	0.000133991	0.0136584	-4.62433	-3.41488	12	114145699	C	T	0.0006381011698017931	3.195110459204598
12:38981480:C:T	2.01217e-05	0.00263728	-4.8757	-3.4147	12	38981480	C	T	0.0006385229673349143	3.1948234767757815
12:61473740:G:A	0.000102955	0.0278561	-5.60052	-3.41414	12	61473740	G	A	0.0006398368854517309	3.193930727230338
12:63360528:C:A	2.18251e-05	0.00133758	-4.11556	-3.4141	12	63360528	C	A	0.0006399308329121196	3.193866964309734
12:618417:C:A	9.73569e-06	0.0013566	-4.93694	-3.41388	12	618417	C	A	0.000640447773336276	3.1935162799343675
12:61250151:A:G	2.94714e-05	0.00340569	-4.74978	-3.41369	12	61250151	A	G	0.0006408945344369769	3.193213432073263
12:87741705:C:T	1.53751e-05	0.0021416	-4.93656	-3.41352	12	87741705	C	T	0.0006412945137499493	3.1929424754395597
12:31105064:A:G	5.71868e-05	0.00350223	-4.11483	-3.41337	12	31105064	A	G	0.0006416476294786005	3.1927034058648194
12:113876674:C:T	7.27407e-05	0.0196622	-5.59955	-3.41331	12	113876674	C	T	0.0006417889264014955	3.1926077806095
12:120154148:T:C	0.000115752	0.00359908	-3.43698	-3.41322	12	120154148	T	C	0.000642000926050737	3.192464345484986
12:83754582:C:T	7.51221e-05	0.010451	-4.93534	-3.41235	12	83754582	C	T	0.0006440536167457332	3.1910779766036375
12:80528247:C:T	0.00121161	0.0561754	-3.83653	-3.41196	12	80528247	C	T	0.0006449757685538574	3.190456601304312
12:34005286:A:T	9.6383e-06	5.5593e-08	5.15544	3.41141	12	34005286	A	T	0.0006462783262499282	3.1895804084404578
12:74418446:T:G	2.20201e-05	0.00296179	-4.90159	-3.41116	12	74418446	T	G	0.0006468712063558434	3.1891821798211404
12:12498400:A:ATTATTTAT	8.34524e-05	0.00959968	-4.74521	-3.40927	12	12498400	A	ATTATTTAT	0.00065136977453787	3.18617239783742
12:89516497:C:T	0.00481733	9.63833e-05	3.91164	3.40912	12	89516497	C	T	0.0006517280470688025	3.1859335887709905
12:89516443:T:C	0.00481733	9.63833e-05	3.91164	3.40912	12	89516443	T	C	0.0006517280470688025	3.1859335887709905
12:23157422:C:T	1.76613e-05	0.00237023	-4.89937	-3.40906	12	23157422	C	T	0.0006518714073880479	3.1858380677187066
12:58476137:C:T	0.000134972	0.0180841	-4.89772	-3.4075	12	58476137	C	T	0.0006556090853203878	3.183355036679984
12:76593874:C:CT	9.79383e-06	0.00135563	-4.93027	-3.4075	12	76593874	C	CT	0.0006556090853203878	3.183355036679984
12:104110810:G:A	3.9381e-05	0.00527479	-4.89741	-3.40721	12	104110810	G	A	0.0006563061030437368	3.182893557184652
12:71216312:T:C	9.16493e-05	0.00926481	-4.61601	-3.40691	12	71216312	T	C	0.0006570278809763146	3.182416200764045
12:58471771:A:G	0.000225806	0.0115177	-3.93197	-3.40688	12	58471771	A	G	0.0006571000993529723	3.182368467144526
12:765598:A:G	0.0183857	0.00157464	2.45754	3.40598	12	765598	A	G	0.0006592700861779763	3.1809366295536887
12:103907152:A:AAG	6.94754e-05	0.00960079	-4.92863	-3.40592	12	103907152	A	AAG	0.0006594149886325414	3.180841185481579
12:74951532:TA:T	0.00159672	1.00615e-05	5.06699	3.40574	12	74951532	TA	T	0.0006598498737059339	3.180554862090622
12:123278761:AT:A	0.00136998	0.000117369	2.45723	3.40568	12	123278761	AT	A	0.000659994894652072	3.180459423902084
12:121693562:G:A	1.36547e-05	0.00102956	-4.32281	-3.40499	12	121693562	G	A	0.0006616647670649529	3.1793619904533643
12:47440968:G:A	3.43002e-05	0.00667294	-5.27067	-3.40457	12	47440968	G	A	0.0006626831337068161	3.1786940827230334
12:103898692:C:CTTTT	3.3169e-05	0.00429878	-4.86447	-3.4041	12	103898692	C	CTTTT	0.000663824462330793	3.1779467476195995
12:60001020:T:G	7.5087e-06	0.0030891	-6.01957	-3.40404	12	60001020	T	G	0.0006639702953419185	3.1778513496344822
12:43852431:CAAAA:C	0.00232787	0.00019287	2.4907	3.40397	12	43852431	CAAAA	C	0.0006641404715044212	3.177740053844137
12:69760908:A:G	6.91484e-06	0.000922609	-4.89354	-3.40355	12	69760908	A	G	0.0006651623804236041	3.1770723211429046
12:77454935:T:C	0.00333223	3.61182e-05	4.5246	3.40333	12	77454935	T	C	0.0006656982493426978	3.1767225851570955
12:50421643:AAAATAAATA:A	0.00106777	7.48615e-05	2.65768	3.40272	12	50421643	AAAATAAATA	A	0.0006671861678871082	3.1757529660762116
12:44890740:A:AT	1.71208e-06	0.000332343	-5.26846	-3.40258	12	44890740	A	AT	0.0006675280933765983	3.175530451998306
12:99915486:A:G	0.000915365	6.41892e-05	2.65749	3.40251	12	99915486	A	G	0.000667699117211475	3.1754191979621718
12:12615475:A:G	0.00525457	0.000169088	3.43643	3.4021	12	12615475	A	G	0.0006687016466296845	3.1747676073798736
12:103881225:CCTGT:C	0.00679252	7.38479e-05	4.52157	3.40057	12	103881225	CCTGT	C	0.0006724551618819854	3.172336668346267
12:20765288:G:C	0.0141013	0.000554242	3.23642	3.39959	12	20765288	G	C	0.0006748696556334761	3.1707800987325268
12:28415032:C:T	1.45394e-05	0.0019958	-4.92194	-3.39951	12	28415032	C	T	0.0006750671125591265	3.170653049146419
12:3822732:G:GT	7.65718e-05	0.0148066	-5.2646	-3.39911	12	3822732	G	GT	0.0006760552030719912	3.1700178404330495
12:4695992:C:T	0.000167917	0.0092189	-4.00554	-3.39902	12	4695992	C	T	0.0006762777086482473	3.1698749274801883
12:121594270:T:TA	0.00326726	0.000128533	3.23552	3.39878	12	121594270	T	TA	0.0006768713897265744	3.1694938424494534
12:108540573:TA:T	7.88205e-06	0.00101574	-4.85878	-3.39874	12	108540573	TA	T	0.0006769703836642195	3.1694303305652984
12:83438659:A:G	9.99045e-05	0.0265347	-5.582	-3.39828	12	83438659	A	G	0.0006781097817406174	3.168699990875411
12:104027424:T:C	0.0108196	4.62558e-05	5.45493	3.39816	12	104027424	T	C	0.0006784073090720862	3.1685094816938912
12:102588432:T:C	0.00729193	0.000538152	2.60638	3.39763	12	102588432	T	C	0.0006797228403028473	3.1676681365058217
12:105013568:A:G	0.000133195	0.00729856	-4.00362	-3.39706	12	105013568	A	G	0.0006811403032637192	3.166763421630205
12:61258958:TA:T	0.00276135	3.01394e-05	4.51764	3.39701	12	61258958	TA	T	0.0006812647731161283	3.166684067007777
12:51311097:C:CT	6.6462e-05	0.00737643	-4.70942	-3.39678	12	51311097	C	CT	0.0006818376068105504	3.166319048897847
12:120153339:A:G	0.00011727	0.0035786	-3.41825	-3.39589	12	120153339	A	G	0.0006840584451204369	3.1649067911030584
12:31404688:A:C	2.85664e-05	0.00390575	-4.91797	-3.39571	12	31404688	A	C	0.0006845084200960398	3.164621205267382
12:31317346:C:A	0.000149721	0.0288418	-5.26081	-3.3957	12	31317346	C	A	0.0006845334267712047	3.164605339775672
12:61257209:AC:A	0.00288747	3.15659e-05	4.51606	3.39557	12	61257209	AC	A	0.0006848585908320617	3.1643990921005254
12:10243451:T:C	6.43854e-06	0.00170439	-5.57866	-3.39542	12	10243451	T	C	0.000685233958533525	3.1641611225917
12:58469752:G:A	0.0134742	0.000328929	3.71269	3.39501	12	58469752	G	A	0.0006862609395359787	3.163510719493046
12:61502338:A:T	0.000123962	0.0238609	-5.26002	-3.39499	12	61502338	A	T	0.0006863110727478504	3.1634789942690276
12:38200330:AAG:A	0.00147285	1.03234e-05	4.96054	3.3948	12	38200330	AAG	A	0.0006867875080724728	3.163177612789706
12:103902297:C:A	3.50133e-05	0.00926014	-5.57775	-3.39464	12	103902297	C	A	0.0006871889551904619	3.1629238292966964
12:39712138:A:G	7.9638e-06	0.00323673	-6.00741	-3.39431	12	39712138	A	G	0.000688017628803313	3.1624004338663547
12:104112807:T:C	8.93422e-05	0.0171809	-5.25908	-3.39415	12	104112807	T	C	0.0006884197442009978	3.162146682396515
12:121698419:CAAA:C	6.23244e-05	0.00116412	-2.92737	-3.39398	12	121698419	CAAA	C	0.0006888472311520013	3.1618770829169796
12:60137726:G:A	2.18364e-05	0.0010998	-3.9193	-3.39377	12	60137726	G	A	0.0006893756439108608	3.1615440645630732
12:20020465:CAA:C	1.29005e-05	0.00247808	-5.25797	-3.39315	12	20020465	CAA	C	0.0006909379186230269	3.1605609726123047
12:34232963:C:A	1.52682e-05	0.00168788	-4.70545	-3.39303	12	34232963	C	A	0.0006912406741994123	3.160370714885879
12:58060551:A:G	1.99045e-05	0.00133888	-4.20864	-3.39273	12	58060551	A	G	0.0006919981026613318	3.1598950963016867
12:58471121:A:G	0.0133163	0.000325905	3.71014	3.39266	12	58471121	A	G	0.0006921749469267749	3.159784123921349
12:58470409:A:T	0.0133163	0.000325905	3.71014	3.39266	12	58470409	A	T	0.0006921749469267749	3.159784123921349
12:58470888:T:C	0.0133163	0.000325905	3.71014	3.39266	12	58470888	T	C	0.0006921749469267749	3.159784123921349
12:58470302:AT:A	0.0133163	0.000325905	3.71014	3.39266	12	58470302	AT	A	0.0006921749469267749	3.159784123921349
12:58470338:A:C	0.0133163	0.000325905	3.71014	3.39266	12	58470338	A	C	0.0006921749469267749	3.159784123921349
12:117638549:C:T	0.0250559	0.000147901	5.13232	3.39255	12	117638549	C	T	0.0006924529299250155	3.159609742795793
12:107842387:T:A	9.94834e-05	0.0038824	-3.66422	-3.39229	12	107842387	T	A	0.0006931103931683081	3.1591975888721326
12:107842558:C:T	9.94834e-05	0.0038824	-3.66422	-3.39229	12	107842558	C	T	0.0006931103931683081	3.1591975888721326
12:61483047:CA:C	0.0205692	0.000144606	4.95754	3.39214	12	61483047	CA	C	0.000693489962748549	3.1589598203217193
12:91544316:C:G	0.0100733	0.000199558	3.92154	3.39086	12	91544316	C	G	0.000696736823465312	3.1569312358194184
12:58471820:T:A	0.00022579	0.0113389	-3.91639	-3.39075	12	58471820	T	A	0.0006970165087599691	3.15675693556275
12:51424518:G:A	0.00024761	0.0166185	-4.20642	-3.39062	12	51424518	G	A	0.0006973471804465097	3.15655095072165
12:61307471:G:C	7.82073e-05	0.014979	-5.25504	-3.39051	12	61307471	G	C	0.0006976270934317317	3.156376661247209
12:81703326:T:C	0.000160664	0.0119329	-4.30774	-3.39029	12	81703326	T	C	0.0006981872326819131	3.156028097123803
12:34113932:G:C	4.6124e-06	7.69018e-05	-2.81378	-3.3895	12	34113932	G	C	0.0007002020888457166	3.1547765979799904
12:39949812:T:A	0.000102504	0.0139237	-4.91144	-3.38946	12	39949812	T	A	0.0007003042504633536	3.154713237714299
12:113594895:A:T	0.000159779	0.0210004	-4.87851	-3.38934	12	113594895	A	T	0.0007006108184342108	3.154523160837902
12:73696098:T:C	2.65344e-05	0.00137628	-3.9487	-3.38917	12	73696098	T	C	0.0007010453365548887	3.154253895330137
12:103898820:C:T	2.93918e-05	0.0118631	-6.00048	-3.38876	12	103898820	C	T	0.000702094322567056	3.153604538840796
12:46422910:C:T	6.36991e-05	0.00700878	-4.70075	-3.38859	12	46422910	C	T	0.0007025296956163669	3.1533353136011697
12:115193100:C:T	0.0227505	0.00191697	2.47384	3.38805	12	115193100	C	T	0.0007039143100353807	3.1524802058349244
12:104034834:T:C	0.0166606	7.21028e-05	5.44271	3.38801	12	104034834	T	C	0.00070401697487936	3.1524168692562395
12:7328489:T:C	0.000123517	0.0167392	-4.90912	-3.38723	12	7328489	T	C	0.0007060217225452296	3.1511819365736997
12:22151083:G:T	0.000284743	0.0543271	-5.25119	-3.38705	12	22151083	G	T	0.0007064851093336838	3.1508969873927257
12:81651229:A:G	0.000163191	0.0221024	-4.90852	-3.38666	12	81651229	A	G	0.0007074900837224027	3.15027964289176
12:89525552:C:CTT	9.29797e-05	0.0374194	-5.99756	-3.38643	12	89525552	C	CTT	0.0007080833834652429	3.1499155970467507
12:3806011:TAG:T	0.0331986	0.000130554	5.53847	3.38622	12	3806011	TAG	T	0.0007086254956556976	3.1495832262289376
12:81651284:G:C	0.000163191	0.0220924	-4.90807	-3.38622	12	81651284	G	C	0.0007086254956556976	3.1495832262289376
12:16909515:G:C	0.00744357	0.000183471	3.70305	3.38614	12	16909515	G	C	0.0007088321160090546	3.14945661351162
12:30676740:T:G	5.57819e-05	0.0145966	-5.5671	-3.38552	12	30676740	T	G	0.0007104353228493325	3.1484754535678867
12:58060309:C:T	1.93183e-05	0.00128948	-4.20094	-3.38543	12	58060309	C	T	0.0007106683262648627	3.1483330401716514
12:83283118:A:T	1.66685e-05	0.00211726	-4.84436	-3.38512	12	83283118	A	T	0.0007114714371980948	3.147842530458476
12:3825654:A:C	8.78252e-05	0.0229666	-5.56645	-3.38496	12	3825654	A	C	0.0007118862759320902	3.1475893795091494
12:44838650:G:A	0.000190128	0.021327	-4.72003	-3.38494	12	44838650	G	A	0.0007119381465732319	3.147557736375523
12:65646199:G:C	0.000446476	0.0201023	-3.8072	-3.38454	12	65646199	G	C	0.0007129762971415135	3.146924908004735
12:113192144:C:T	4.33782e-06	0.000242703	-4.02447	-3.38446	12	113192144	C	T	0.0007131840959695534	3.146798350170934
12:58473604:A:G	0.00926316	0.000228748	3.70118	3.38442	12	58473604	A	G	0.0007132880164841646	3.1467350722340743
12:58473619:T:C	0.00926316	0.000228748	3.70118	3.38442	12	58473619	T	C	0.0007132880164841646	3.1467350722340743
12:51007741:A:G	6.99392e-05	0.00516163	-4.30138	-3.38409	12	51007741	A	G	0.0007141458977247878	3.146213054184651
12:42424051:A:G	1.21141e-06	0.000230111	-5.24678	-3.38308	12	42424051	A	G	0.0007167774949588712	3.1446156389048214
12:94307684:C:CT	0.000110903	0.0107914	-4.57785	-3.38306	12	94307684	C	CT	0.0007168296966497999	3.1445840111249677
12:58018640:TC:T	0.00270963	7.37805e-05	3.60347	3.38302	12	58018640	TC	T	0.0007169341106283186	3.1445207560552637
12:44835694:T:C	0.000233756	0.0261617	-4.71777	-3.38275	12	44835694	T	C	0.0007176392746675066	3.1440938014235096
12:91593828:G:A	5.24194e-05	0.00994881	-5.24593	-3.38232	12	91593828	G	A	0.0007187636441554417	3.1434138980933723
12:94023914:C:T	5.41666e-05	0.0141147	-5.56291	-3.38193	12	94023914	C	T	0.0007197848362804234	3.1427973068760853
12:21445330:C:T	0.000169847	0.0094739	-4.0214	-3.38167	12	21445330	C	T	0.0007204663797039973	3.1423862805678353
12:68149824:G:A	0.000256	0.0184906	-4.27984	-3.3809	12	68149824	G	A	0.0007224883153523088	3.1411691722656014
12:41922241:G:A	0.00136332	7.3946e-05	2.91435	3.38089	12	41922241	G	A	0.0007225146088985475	3.141153367256697
12:105691197:GGTGTGTGTG:G	0.00745905	0.000240937	3.43265	3.38048	12	105691197	GGTGTGTGTG	G	0.0007235934100131686	3.14050539704709
12:89516907:G:A	7.70969e-05	0.00537451	-4.24436	-3.38026	12	89516907	G	A	0.0007241728956200093	3.140157734010792
12:97184573:A:G	5.29583e-05	0.00382043	-4.27861	-3.37965	12	97184573	A	G	0.0007257819068784091	3.1391938625901465
12:70949957:A:C	1.5482e-05	0.00152106	-4.58748	-3.3796	12	70949957	A	C	0.0007259139402046882	3.139114863472937
12:31105763:A:AGCT	0.00349223	7.05687e-05	3.90171	3.37957	12	31105763	A	AGCT	0.0007259931709104168	3.139067464492567
12:50786360:C:T	9.16144e-05	0.00542421	-4.08104	-3.37913	12	50786360	C	T	0.0007271561445961372	3.1383723216648467
12:7317970:T:A	0.000249483	0.024498	-4.58696	-3.3791	12	7317970	T	A	0.0007272355012435495	3.138324928441424
12:41177014:A:G	0.00182108	0.000136983	2.58733	3.37832	12	41177014	A	G	0.0007293016000592414	3.1370928336108164
12:105512142:A:G	3.86617e-05	0.00374349	-4.57292	-3.37831	12	105512142	A	G	0.000729328123871352	3.1370770391359732
12:1264386:A:G	5.45082e-05	0.0016314	-3.39884	-3.37795	12	1264386	A	G	0.000730283578105796	3.136508465233153
12:58475171:T:C	0.00012012	0.00795282	-4.19279	-3.37768	12	58475171	T	C	0.0007310009316662264	3.136082069530179
12:108989268:T:C	0.00636871	0.000542567	2.46284	3.37766	12	108989268	T	C	0.0007310540949968975	3.1360504858472953
12:58471831:T:A	0.000226504	0.0112269	-3.90331	-3.3772	12	58471831	T	A	0.0007322778432974546	3.1353241062144077
12:31105618:A:C	5.87621e-05	0.00347172	-4.07891	-3.37697	12	31105618	A	C	0.0007328904307485846	3.1349609487943026
12:42425110:C:T	1.41271e-05	0.000934481	-4.1919	-3.37684	12	42425110	C	T	0.0007332368863564538	3.13475569545816
12:101800196:T:TATG	0.00155854	3.13511e-05	3.90626	3.37673	12	101800196	T	TATG	0.0007335301599176129	3.1345820249474676
12:61299494:T:G	3.87655e-05	0.00431075	-4.71134	-3.37653	12	61299494	T	G	0.0007340636637380356	3.134266273038792
12:99916028:T:C	0.000914656	6.58211e-05	2.63161	3.3761	12	99916028	T	C	0.0007352119176447623	3.1335874617342845
12:12614824:C:A	0.000154836	0.010231	-4.19081	-3.37581	12	12614824	C	A	0.0007359872631977011	3.1331297013837225
12:20786704:C:CAA	0.000237866	0.0137292	-4.05557	-3.37561	12	20786704	C	CAA	0.000736522426697956	3.1328140245947615
12:16637664:C:A	0.0109995	0.000217722	3.92239	3.37513	12	16637664	C	A	0.0007378082941268902	3.132056466928009
12:46990390:T:C	3.81168e-05	0.00478992	-4.83361	-3.37499	12	46990390	T	C	0.0007381837313802353	3.131835530326554
12:59587979:T:G	0.000110602	0.014317	-4.86326	-3.37493	12	59587979	T	G	0.0007383446873727686	3.131740845661125
12:1264525:G:A	5.47304e-05	0.00163245	-3.39542	-3.37478	12	1264525	G	A	0.0007387472199757051	3.131504140427416
12:59917881:T:C	4.56809e-05	0.0057353	-4.83272	-3.37414	12	59917881	T	C	0.0007404669836026387	3.1304943013005797
12:28292623:G:GT	4.75406e-06	0.000893328	-5.23595	-3.37335	12	28292623	G	GT	0.0007425949445090926	3.129248011720792
12:80343508:T:TG	1.93082e-05	0.00764208	-5.98089	-3.3731	12	80343508	T	TG	0.0007432695320279528	3.1288536693540996
12:59449208:T:C	1.28818e-05	0.00171991	-4.89421	-3.37294	12	59449208	T	C	0.0007437015666775553	3.128601303629229
12:41922567:A:T	0.00136392	7.45863e-05	2.90616	3.37292	12	41922567	A	T	0.0007437555874046278	3.128569758648425
12:58475306:C:T	0.000120831	0.00795383	-4.18702	-3.3722	12	58475306	C	T	0.0007457027624093534	3.127434248089559
12:74953067:C:CT	1.15492e-05	0.00154062	-4.89333	-3.3721	12	74953067	C	CT	0.000745973577510763	3.127276555026657
12:76599051:G:A	4.75644e-06	0.000265835	-4.02338	-3.37201	12	76599051	G	A	0.000746217389194331	3.1271346347602806
12:20833790:T:A	0.0310065	0.00169746	2.90506	3.37185	12	20833790	T	A	0.0007466510149249432	3.1268823402287698
12:89517614:C:T	7.77468e-05	0.00537451	-4.23597	-3.37183	12	89517614	C	T	0.0007467052345922066	3.1268508041471135
12:74959756:A:C	2.85698e-05	0.000931719	-3.48468	-3.37146	12	74959756	A	C	0.0007477089582168559	3.126267416088853
12:88539692:T:C	1.73525e-05	0.00446555	-5.55041	-3.37123	12	88539692	T	C	0.0007483335259001059	3.125904797624406
12:43244064:CACAT:C	0.00723968	2.89991e-05	5.52007	3.37094	12	43244064	CACAT	C	0.0007491217148514039	3.1254476138174487
12:61299587:G:T	3.89964e-05	0.00431075	-4.7054	-3.37079	12	61299587	G	T	0.0007495297012373355	3.125211152905222
12:58471849:G:C	0.00022579	0.0111045	-3.8955	-3.36912	12	58471849	G	C	0.0007540859079005793	3.122579175082622
12:61311219:T:G	0.000192302	0.0212168	-4.70348	-3.36894	12	61311219	T	G	0.0007545785284597008	3.1222955568134485
12:130819120:C:G	5.24638e-05	0.00674723	-4.85676	-3.36879	12	130819120	C	G	0.0007549892738507439	3.122059218358261
12:58472210:G:T	0.000220991	0.0108648	-3.89516	-3.36877	12	58472210	G	T	0.0007550440555868614	3.1220277072581397
12:16239241:C:CACTT	0.000598416	0.0264846	-3.79003	-3.36848	12	16239241	C	CACTT	0.0007558388056587654	3.121570814653944
12:83427271:C:A	1.18602e-05	0.00466708	-5.9751	-3.36846	12	83427271	C	A	0.0007558936446318925	3.1215393060845167
12:82946746:C:CTT	0.00965632	0.000830872	2.45289	3.36826	12	82946746	C	CTT	0.0007564422376026293	3.121224229370077
12:31405359:G:A	2.79201e-05	0.00370809	-4.88893	-3.36788	12	31405359	G	A	0.0007574855829176479	3.1206256285931757
12:43874459:C:T	2.63811e-05	0.00676164	-5.54637	-3.36777	12	43874459	C	T	0.0007577878532272738	3.120452360421077
12:41188801:G:C	0.000797996	5.79311e-05	2.62285	3.36716	12	41188801	G	C	0.0007594661131589914	3.1194915992816195
12:115739465:T:C	0.00108373	0.0602612	-4.01828	-3.36704	12	115739465	T	C	0.0007597966686251923	3.1193026149677525
12:76772624:TC:T	0.00232821	8.25522e-05	3.33942	3.36672	12	76772624	TC	T	0.0007606788030901869	3.1187986855317904
12:39712135:C:T	7.98043e-06	0.00312913	-5.97152	-3.3656	12	39712135	C	T	0.0007637737680323187	3.117035261640167
12:20742334:G:GT	0.000552307	0.0243487	-3.78613	-3.36484	12	20742334	G	GT	0.0007658805770837616	3.1158389441492877
12:86862714:C:T	2.52808e-05	0.00165102	-4.1791	-3.36469	12	86862714	C	T	0.0007662970316943533	3.115602856710389
12:3803596:G:A	0.0354181	0.000157667	5.4145	3.36459	12	3803596	G	A	0.0007665747848949703	3.115445470186123
12:108989100:C:T	0.00641403	0.000554167	2.44878	3.36437	12	108989100	C	T	0.0007671861709850717	3.115099234198971
12:64449195:C:CAA	2.92956e-06	0.000283158	-4.57115	-3.36396	12	64449195	C	CAA	0.0007683267805273343	3.114454028932766
12:31104393:T:C	5.60685e-05	0.00327028	-4.06606	-3.36394	12	31104393	T	C	0.0007683824602702486	3.1144225572600903
12:31105784:C:G	0.003451	7.09842e-05	3.88396	3.36312	12	31105784	C	G	0.0007706685578404942	3.1131323592375857
12:31105794:C:T	0.003451	7.09842e-05	3.88396	3.36312	12	31105794	C	T	0.0007706685578404942	3.1131323592375857
12:613946:T:A	3.43132e-05	0.0037622	-4.69723	-3.3629	12	613946	T	A	0.0007712829745410957	3.1127862552373244
12:84581197:C:A	0.000156726	0.019444	-4.82079	-3.36289	12	84581197	C	A	0.0007713109133753235	3.1127705237066445
12:73401981:A:T	2.75112e-05	0.000920687	-3.51053	-3.36283	12	73401981	A	T	0.0007714785661126318	3.1126761353795995
12:73401866:C:T	2.75112e-05	0.000920687	-3.51053	-3.36283	12	73401866	C	T	0.0007714785661126318	3.1126761353795995
12:73402025:G:A	2.75112e-05	0.000920687	-3.51053	-3.36283	12	73402025	G	A	0.0007714785661126318	3.1126761353795995
12:40727235:G:T	4.07141e-05	0.0103743	-5.54052	-3.36275	12	40727235	G	T	0.0007717021557222779	3.112550286562302
12:52104578:GAA:G	0.00131555	0.0193256	-2.68717	-3.36268	12	52104578	GAA	G	0.0007718978459787104	3.1124401709897542
12:84577333:C:T	0.000131232	0.0162705	-4.82014	-3.36227	12	84577333	C	T	0.0007730449572181919	3.1117952485085407
12:74075132:G:T	5.28942e-06	0.000675554	-4.84982	-3.36223	12	74075132	G	T	0.0007731569551998139	3.1117323329150506
12:122116053:AACACACAC:A	0.00158909	5.26196e-05	3.40783	3.362	12	122116053	AACACACAC	A	0.0007738012359775489	3.1113705809241554
12:1725125:CTT:C	0.000765669	2.72897e-05	3.33424	3.36195	12	1725125	CTT	C	0.0007739413629534833	3.1112919420437337
12:101037867:T:C	0.000403575	0.0441951	-4.69601	-3.36172	12	101037867	T	C	0.0007745862505124121	3.110930216334684
12:73700789:A:G	2.48026e-05	0.00124953	-3.91958	-3.36149	12	73700789	A	G	0.0007752316368883769	3.1105685122141455
12:61477813:C:A	0.000108934	0.0277077	-5.53872	-3.36122	12	61477813	C	A	0.0007759899013347225	3.110143930575758
12:3810734:AAG:A	0.0150712	0.000109724	4.92257	3.36119	12	3810734	AAG	A	0.0007760741954269618	3.1100967566745914
12:45359170:T:C	2.64073e-05	0.0102891	-5.9652	-3.36055	12	45359170	T	C	0.0007778744956129101	3.1090904676113307
12:101799727:A:AG	0.00153537	3.14397e-05	3.88846	3.36027	12	101799727	A	AG	0.0007786633453686605	3.1086502687079904
12:84394949:CAA:C	0.00156921	3.46941e-05	3.81176	3.36017	12	84394949	CAA	C	0.0007789452573480563	3.108493062567555
12:16238938:A:G	0.00059979	0.0263012	-3.78079	-3.35984	12	16238938	A	G	0.0007798762392404655	3.107974311257566
12:45374421:T:C	1.85482e-05	0.00343251	-5.22067	-3.35961	12	45374421	T	C	0.0007805257161082956	3.107612783594589
12:92426976:T:C	0.0201759	0.00110498	2.90466	3.35935	12	92426976	T	C	0.0007812605119183195	3.107204126143987
12:116284876:C:CCTGT	2.03842e-05	0.00516898	-5.53567	-3.3586	12	116284876	C	CCTGT	0.0007833837144342678	3.1060254611323552
12:16241914:G:T	0.000610387	0.0287779	-3.85327	-3.35827	12	16241914	G	T	0.0007843196192725676	3.105506921244855
12:105363306:C:T	1.49609e-05	0.00276375	-5.2189	-3.35802	12	105363306	C	T	0.0007850293289280454	3.105114117581281
12:31104761:T:C	5.73552e-05	0.00332495	-4.05995	-3.35775	12	31104761	T	C	0.0007857964848585557	3.104689918270391
12:64492396:T:G	0.000115413	0.0151497	-4.87722	-3.35666	12	64492396	T	G	0.0007889006022624144	3.1029777123904627
12:7335876:A:G	0.000246671	0.0323789	-4.87721	-3.35665	12	7335876	A	G	0.0007889291330173187	3.1029620063239034
12:45365792:ATGCTCCTCA:A	0.00657974	2.9584e-05	5.40452	3.3563	12	45365792	ATGCTCCTCA	A	0.000789928312995146	3.1024123197010542
12:58475419:T:C	0.000122686	0.00794146	-4.17022	-3.35626	12	58475419	T	C	0.0007900425797491005	3.102349501555452
12:58475360:A:G	0.000122686	0.00793853	-4.16985	-3.35591	12	58475360	A	G	0.0007910430684590903	3.101799870630091
12:102588752:G:T	5.42918e-05	0.00576962	-4.66599	-3.35576	12	102588752	G	T	0.0007914722092102681	3.1015643298206026
12:12614922:A:G	0.00562926	0.000190761	3.38471	3.35506	12	12614922	A	G	0.000793477724555552	3.1004652607659646
12:50783867:GA:G	0.00874831	0.000140813	4.12919	3.35492	12	50783867	GA	G	0.0007938793931703143	3.1002454709471263
12:51804495:C:CTT	0.0129036	0.000156868	4.40986	3.35477	12	51804495	C	CTT	0.0007943099618057355	3.100009990730061
12:41181566:G:C	3.28574e-05	0.00184909	-4.03027	-3.35395	12	41181566	G	C	0.0007966675703345846	3.0987228611467117
12:82429377:GT:G	0.00327709	1.48191e-05	5.39879	3.35155	12	82429377	GT	G	0.000803605260155441	3.0949572291549914
12:40737358:G:GTATATATAT	2.04314e-05	0.00250222	-4.80786	-3.35069	12	40737358	G	GTATATATAT	0.0008061048801662805	3.0936084496164646
12:82937945:T:TA	0.000838366	0.0173297	-3.02872	-3.35044	12	82937945	T	TA	0.0008068328662710931	3.0932164191485945
12:39700218:G:A	0.000771834	1.64089e-05	3.85095	3.3504	12	39700218	G	A	0.000806949400645984	3.0931536966399977
12:25202064:CA:C	0.00736067	3.33389e-05	5.39718	3.35021	12	25202064	CA	C	0.0008075031522496496	3.0928557736383997
12:117643400:T:C	0.000573646	0.0268008	-3.84418	-3.34986	12	117643400	T	C	0.0008085241441472529	3.0923070066625162
12:97126618:A:T	0.000111852	0.0280731	-5.52539	-3.3498	12	97126618	A	T	0.0008086992915596061	3.092212937341824
12:44449848:T:C	4.61998e-05	0.00081881	-2.87488	-3.34933	12	44449848	T	C	0.0008100724981632149	3.0914761118086633
12:16241965:C:T	0.000614161	0.0286723	-3.84343	-3.34917	12	16241965	C	T	0.0008105404661883487	3.0912252981460036
12:64482119:A:G	2.56934e-05	0.00644184	-5.52433	-3.34889	12	64482119	A	G	0.0008113600138799207	3.0907863993667344
12:41177891:AT:A	0.00164734	0.000121776	2.60473	3.34866	12	41177891	AT	A	0.0008120337889002522	3.0904258992962337
12:16238992:T:TA	0.000580219	0.0270639	-3.84255	-3.34835	12	16238992	T	TA	0.0008129427419089115	3.0899400420427203
12:94024703:G:A	5.47558e-05	0.0137176	-5.52356	-3.34823	12	94024703	G	A	0.0008132948480661509	3.08975197879235
12:108539140:C:T	0.00128119	7.98702e-06	5.07773	3.34804	12	108539140	C	T	0.0008138526388901647	3.089454223993407
12:17004300:G:A	2.14769e-05	0.00150153	-4.24726	-3.34787	12	17004300	G	A	0.0008143520157469178	3.089187824288111
12:12427250:G:C	1.07428e-05	0.00113169	-4.65723	-3.34749	12	12427250	G	C	0.0008154692981045737	3.088592385224277
12:12427330:G:A	1.07428e-05	0.00113169	-4.65723	-3.34749	12	12427330	G	A	0.0008154692981045737	3.088592385224277
12:38515393:A:C	0.00105602	1.56178e-05	4.21385	3.34724	12	38515393	A	C	0.0008162051277626879	3.088200681123585
12:61269618:A:G	2.2225e-05	0.0023972	-4.68084	-3.34706	12	61269618	A	G	0.0008167353065211266	3.0879186699583663
12:58061083:A:G	2.06798e-05	0.00132537	-4.16029	-3.34684	12	58061083	A	G	0.0008173837367062451	3.0875740075945757
12:105012949:G:A	8.21721e-05	0.0103238	-4.83339	-3.3467	12	105012949	G	A	0.0008177966227537367	3.087354687279414
12:58544170:A:G	0.000121861	0.00780423	-4.15954	-3.34613	12	58544170	A	G	0.0008194796573480306	3.086461822827042
12:45375943:C:T	0.00149069	3.18359e-05	3.8464	3.34601	12	45375943	C	T	0.000819834389659481	3.0862738682516495
12:90605465:A:G	0.000167291	0.0158645	-4.55211	-3.34573	12	90605465	A	G	0.0008206626524918072	3.0858353304195574
12:120148389:A:C	0.000273538	0.00790626	-3.36397	-3.3457	12	120148389	A	C	0.0008207514409687813	3.0857883461201077
12:117646734:T:C	0.000687213	0.0319621	-3.83966	-3.34568	12	117646734	T	C	0.0008208106382379559	3.085757023457769
12:73209978:C:T	2.67702e-05	0.0032581	-4.80161	-3.34479	12	73209978	C	T	0.0008234489305168625	3.0843633301705737
12:48128259:G:GTCTC	4.03447e-06	0.000193808	-3.87199	-3.34478	12	48128259	G	GTCTC	0.000823478618895313	3.0843476725310577
12:58058164:C:G	2.04732e-05	0.00510723	-5.5193	-3.34458	12	58058164	C	G	0.0008240725950403364	3.084034528306878
12:131779074:G:A	5.95445e-05	0.00421983	-4.26082	-3.34454	12	131779074	G	A	0.0008241914379559628	3.083971901420013
12:1265444:G:A	5.47414e-05	0.00157973	-3.36239	-3.34424	12	1265444	G	A	0.0008250832667713266	3.083502220571874
12:76523552:C:T	7.88995e-06	0.00102181	-4.86374	-3.34375	12	76523552	C	T	0.0008265418460429385	3.0827351541367114
12:1005254:C:T	4.78364e-05	0.00619514	-4.86373	-3.34374	12	1005254	C	T	0.0008265716378583996	3.0827195007394246
12:76522506:G:A	7.16658e-06	0.000927973	-4.86357	-3.34359	12	76522506	G	A	0.0008270186346486176	3.082484704674914
12:60002881:GAC:G	0.00103183	7.66324e-06	4.90266	3.34356	12	60002881	GAC	G	0.0008271080609124612	3.082437746563342
12:34234157:A:C	1.55597e-05	0.00163148	-4.65256	-3.34307	12	34234157	A	C	0.0008285699603074287	3.081670816040393
12:70651901:T:TA	0.0236245	0.000988799	3.17355	3.34307	12	70651901	T	TA	0.0008285699603074287	3.081670816040393
12:74809577:T:C	0.000313064	0.0391779	-4.82946	-3.34298	12	74809577	T	C	0.0008288387328686882	3.081529961896517
12:43616439:AT:A	0.00559067	0.000568233	2.28632	3.34286	12	43616439	AT	A	0.0008291972220966367	3.08134216151079
12:74810796:AT:A	0.0259752	0.000300657	4.45893	3.34241	12	74810796	AT	A	0.0008305428381552671	3.0806379623761675
12:31572539:CAAAA:C	2.13724e-06	0.000121936	-4.04398	-3.34157	12	31572539	CAAAA	C	0.0008330600761286158	3.0793236783166664
12:41534285:C:CT	0.00391972	0.000221422	2.8737	3.34133	12	41534285	C	CT	0.000833780585788704	3.0789482214464656
12:81644786:A:C	0.000101855	0.0109192	-4.67472	-3.34114	12	81644786	A	C	0.0008343513991830066	3.078651001419212
12:108540155:T:TA	0.00126105	7.93306e-06	5.06866	3.34064	12	108540155	T	TA	0.0008358552722959539	3.077868913810423
12:105513671:G:C	0.00234675	3.8359e-05	4.1138	3.34043	12	105513671	G	C	0.0008364876484721719	3.077540467421231
12:41922669:G:A	0.00136392	7.71284e-05	2.87264	3.3403	12	41922669	G	A	0.0008368793418041875	3.0773371524798128
12:52104438:T:C	0.00138258	0.0197641	-2.65992	-3.34005	12	52104438	T	C	0.0008376330764333427	3.0769461815812944
12:61473999:A:T	0.00010918	0.0197693	-5.19889	-3.34002	12	61473999	A	T	0.0008377235668912603	3.0768992667864854
12:83286105:T:C	0.00136843	1.58845e-05	4.45607	3.33977	12	83286105	T	C	0.0008384780067501418	3.0765083244381217
12:83286002:G:A	0.00136843	1.58845e-05	4.45607	3.33977	12	83286002	G	A	0.0008384780067501418	3.0765083244381217
12:58058526:C:T	2.11346e-05	0.00523834	-5.51285	-3.33906	12	58058526	C	T	0.0008406240537808848	3.075398187165643
12:1265230:G:T	5.50727e-05	0.00157973	-3.35635	-3.33866	12	1265230	G	T	0.0008418353368824918	3.07477284825897
12:58057825:G:T	2.04221e-05	0.00505843	-5.51219	-3.3385	12	58057825	G	T	0.0008423203032504872	3.0745227309677507
12:766487:C:CT	0.000956705	0.0662458	-4.23763	-3.33811	12	766487	C	CT	0.0008435034945916731	3.0739131138113867
12:20979568:C:CT	3.36559e-06	0.000109727	-3.4844	-3.33805	12	20979568	C	CT	0.0008436856607897952	3.0738193320623886
12:31706312:CAAAA:C	0.001306	1.51897e-05	4.45411	3.33795	12	31706312	CAAAA	C	0.0008439893522087209	3.0736630324100878
12:3806281:AC:A	0.0193163	0.000131853	4.98701	3.33772	12	3806281	AC	A	0.00084468822728885	3.0733035586871535
12:27039532:C:CAAAA	1.88426e-05	0.00466135	-5.51094	-3.33742	12	27039532	C	CAAAA	0.0008456006101323849	3.0728347123408475
12:31104530:G:A	5.7309e-05	0.00325509	-4.03952	-3.33705	12	31104530	G	A	0.0008467271411198	3.072256519064244
12:68151116:T:C	0.000258612	0.0178858	-4.23643	-3.33689	12	68151116	T	C	0.0008472147206236356	3.0720065068310793
12:120484189:C:T	6.15111e-06	0.000790805	-4.85642	-3.33673	12	120484189	C	T	0.0008477025605168429	3.0717565050382127
12:19510869:C:CT	1.72404e-05	0.00159852	-4.52958	-3.33648	12	19510869	C	CT	0.0008484653319381986	3.0713658981377367
12:91194203:T:C	1.81551e-05	0.00327441	-5.19494	-3.33647	12	91194203	T	C	0.0008484958560312104	3.0713502743918837
12:1383188:C:T	0.000152126	0.00478202	-3.44791	-3.33644	12	1383188	C	T	0.0008485874344210304	3.071303403399019
12:1382833:A:G	0.000152126	0.00478202	-3.44791	-3.33644	12	1382833	A	G	0.0008485874344210304	3.071303403399019
12:42353397:C:T	7.91525e-05	7.04605e-06	2.41891	3.33616	12	42353397	C	T	0.0008494426082162998	3.0708659584982474
12:61252545:A:T	3.35027e-05	0.00404032	-4.79245	-3.33615	12	61252545	A	T	0.0008494731649148709	3.070850336057411
12:58473889:T:C	0.000144032	0.00912254	-4.14847	-3.33561	12	58473889	T	C	0.0008511247413099426	3.070006784812639
12:64492464:A:G	0.000115925	0.0148814	-4.85493	-3.3353	12	64492464	A	G	0.0008520742134953115	3.069522577641917
12:81652580:C:T	0.000179109	0.0229859	-4.85464	-3.33502	12	81652580	C	T	0.0008529326454785696	3.0690852629144634
12:1388157:C:T	0.00380979	0.000407578	2.2351	3.33444	12	1388157	C	T	0.0008547133779960083	3.068179498399143
12:115738975:T:TAGGGTGC	0.00107978	0.0580527	-3.98459	-3.33426	12	115738975	T	TAGGGTGC	0.0008552667197605194	3.0678984269601983
12:115738983:T:TTGTAGGTC	0.00107978	0.0580527	-3.98459	-3.33426	12	115738983	T	TTGTAGGTC	0.0008552667197605194	3.0678984269601983
12:115738982:C:A	0.00107978	0.0580527	-3.98459	-3.33426	12	115738982	C	A	0.0008552667197605194	3.0678984269601983
12:115738979:C:CT	0.00107978	0.0580527	-3.98459	-3.33426	12	115738979	C	CT	0.0008552667197605194	3.0678984269601983
12:71410879:A:T	8.91579e-05	0.0219631	-5.50671	-3.3338	12	71410879	A	T	0.0008566823250493317	3.067180193310113
12:16238629:C:CAAA	0.000507501	0.0264389	-3.95309	-3.33373	12	16238629	C	CAAA	0.0008568979336290488	3.067070904449621
12:51424051:A:AC	0.000196489	0.0483828	-5.50629	-3.33344	12	51424051	A	AC	0.0008577917053605171	3.0666181575998293
12:73401314:A:G	0.00449272	2.85303e-05	5.05925	3.33297	12	73401314	A	G	0.0008592420680402398	3.065884468294321
12:34158236:A:G	0.00159852	0.0001714	2.23284	3.3323	12	34158236	A	G	0.0008613135380961477	3.064838726504666
12:32118406:C:T	7.69191e-05	0.00709987	-4.52508	-3.33214	12	32118406	C	T	0.000861808902018021	3.064589024198293
12:29678143:C:A	0.000218012	0.0201187	-4.52485	-3.33192	12	29678143	C	A	0.0008624904587767088	3.0642457005718424
12:38391008:GTGTTATAAT:G	0.000331403	5.46638e-06	4.10472	3.33188	12	38391008	GTGTTATAAT	G	0.0008626144318729336	3.064183280214704
12:88539564:G:A	1.91875e-05	0.00471417	-5.50407	-3.33154	12	88539564	G	A	0.0008636688705351164	3.0636527335207706
12:82166672:A:G	0.000216573	0.020236	-4.53729	-3.33154	12	82166672	A	G	0.0008636688705351164	3.0636527335207706
12:69751691:G:A	0.00656137	0.000108271	4.10431	3.3315	12	69751691	G	A	0.0008637930006868516	3.063590319361677
12:101029771:A:C	0.000261138	0.0276883	-4.66372	-3.33051	12	101029771	A	C	0.0008668704984361957	3.0620457768205878
12:39943274:T:C	8.06827e-05	0.0144452	-5.1876	-3.32986	12	39943274	T	C	0.0008688966032133612	3.061031900565782
12:34159110:T:C	0.00160534	0.000172626	2.22996	3.32959	12	34159110	T	C	0.0008697395059959138	3.0606108026097636
12:34158706:T:TCA	0.00160534	0.000172626	2.22996	3.32959	12	34158706	T	TCA	0.0008697395059959138	3.0606108026097636
12:103900563:T:C	3.16783e-05	0.0118631	-5.92556	-3.32884	12	103900563	T	C	0.0008720848822349363	3.0594412420259665
12:101393830:C:T	5.90395e-05	0.00411674	-4.24461	-3.32873	12	101393830	C	T	0.0008724293634321743	3.059269725759595
12:50915572:G:GTT	3.72634e-05	0.00911972	-5.50018	-3.32821	12	50915572	G	GTT	0.0008740595285386963	3.0584589883776285
12:48918910:CAG:C	0.00294073	3.46273e-05	4.44177	3.32816	12	48918910	CAG	C	0.000874216423922134	3.058381038670261
12:45373719:G:A	1.74022e-05	0.00425614	-5.49952	-3.32764	12	45373719	G	A	0.0008758496844937088	3.0575704221383884
12:73394773:A:G	0.00464794	2.97122e-05	5.05262	3.32757	12	73394773	A	G	0.0008760697624108402	3.0574613091016327
12:39943616:A:G	8.09105e-05	0.0144452	-5.18478	-3.32733	12	39943616	A	G	0.0008768247045599392	3.0570872224284646
12:39943887:A:C	8.09376e-05	0.0144452	-5.18444	-3.32702	12	39943887	A	C	0.0008778007308512093	3.0566040619001194
12:3827794:G:A	9.40389e-05	0.0229666	-5.49809	-3.32641	12	3827794	G	A	0.0008797242404144538	3.0556534410709424
12:73400904:A:G	0.00464012	2.97108e-05	5.05098	3.32623	12	73400904	A	G	0.0008802925796122023	3.0553729589946323
12:16908808:C:CA	0.00724827	0.000190712	3.63775	3.32606	12	16908808	C	CA	0.000880829656946029	3.055108071385101
12:73394622:T:C	0.00464794	2.9773e-05	5.05058	3.3259	12	73394622	T	C	0.0008813354189810278	3.054858776163004
12:24440625:TGTGTGTGTG:T	0.0373708	0.000258673	4.97308	3.32587	12	24440625	TGTGTGTGTG	T	0.0008814302793292892	3.054812034470809
12:31394616:C:T	9.07692e-05	0.0111533	-4.81117	-3.3257	12	31394616	C	T	0.0008819680001164062	3.0545471718125996
12:6492577:A:C	0.000109787	0.00762505	-4.24065	-3.32487	12	6492577	A	C	0.0008845977124759828	3.0532541880280726
12:84228264:C:CAA	3.26461e-06	0.000414465	-4.84385	-3.32468	12	84228264	C	CAA	0.0008852007163451932	3.0529582432935385
12:124469269:G:A	0.0344836	0.00152894	3.11591	3.32449	12	124469269	G	A	0.0008858041012457694	3.052662313276499
12:65586044:A:G	0.00448186	0.000220942	3.00989	3.32445	12	65586044	A	G	0.0008859311782189205	3.052600014095633
12:51885898:CA:C	0.0160499	0.00121895	2.57771	3.32436	12	51885898	CA	C	0.0008862171632006622	3.052459843323635
12:83426511:A:G	1.25342e-05	0.00466708	-5.91983	-3.32426	12	83426511	A	G	0.0008865350246609759	3.052304101894406
12:40965959:C:A	0.000622563	3.57978e-05	2.85596	3.32406	12	40965959	C	A	0.0008871710646624984	3.0519926312663985
12:30361546:TTG:T	0.00699038	0.000240111	3.37119	3.32364	12	30361546	TTG	T	0.0008885081257957011	3.0513385960273944
12:1388012:G:A	0.00376424	0.000407578	2.22307	3.32307	12	1388012	G	A	0.0008903256966536388	3.050451091799834
12:39165757:C:T	4.65723e-05	0.00230584	-3.9022	-3.32282	12	39165757	C	T	0.0008911239636583358	3.050061877345839
12:58473963:A:T	0.000144032	0.00900008	-4.13495	-3.32279	12	58473963	A	T	0.0008912198002694932	3.050015173323559
12:61258862:G:A	2.71819e-05	0.00285859	-4.65553	-3.3226	12	61258862	G	A	0.0008918269873702776	3.0497193897026533
12:3804026:A:T	0.000145673	0.0354181	-5.49362	-3.32258	12	3804026	A	T	0.0008918909241031778	3.049688255440758
12:74415249:C:T	2.11768e-05	0.00259242	-4.80744	-3.32217	12	74415249	C	T	0.0008932025638335366	3.049050039007273
12:12159366:CTT:C	0.0156829	0.00119028	2.57839	3.32177	12	12159366	CTT	C	0.0008944839352467108	3.0484274548689476
12:100514803:CTATAT:C	0.0221017	0.000153727	4.96823	3.32174	12	100514803	CTATAT	C	0.0008945801067575172	3.048380763687951
12:2927120:T:TCATA	1.05583e-05	0.00391559	-5.91581	-3.32104	12	2927120	T	TCATA	0.0008968268313550195	3.0472914069528785
12:98249065:G:GA	0.000121595	0.0294975	-5.49136	-3.32065	12	98249065	G	GA	0.0008980808454636113	3.0466845662744024
12:29411070:T:C	2.34184e-05	0.0029606	-4.83963	-3.32064	12	29411070	T	C	0.0008981130210317581	3.0466690070722917
12:59654821:T:C	3.06977e-05	0.0074454	-5.49116	-3.32049	12	59654821	T	C	0.000898595782786339	3.04643562393231
12:44660271:C:T	1.68098e-06	0.000153267	-4.5128	-3.32029	12	44660271	C	T	0.0008992398392724068	3.046124460679711
12:10262828:A:T	0.000102077	0.0124688	-4.80525	-3.3201	12	10262828	A	T	0.0008998520892104044	3.045828870692704
12:44896683:T:C	4.75966e-06	0.000248088	-3.95361	-3.32001	12	44896683	T	C	0.000900142237170048	3.045688859519276
12:14095706:GT:G	8.76067e-05	0.00449345	-3.93752	-3.31942	12	14095706	GT	G	0.000902046466716059	3.0447710902644887
12:60005230:C:T	5.78376e-06	0.00213922	-5.91314	-3.31891	12	60005230	C	T	0.0009036955034717578	3.0439778786380587
12:42273872:A:G	0.000491863	7.50783e-06	4.18225	3.31802	12	42273872	A	G	0.0009065799281518061	3.042593900531479
12:96540299:A:G	2.66884e-05	0.0017877	-4.20445	-3.31791	12	96540299	A	G	0.0009069370219283099	3.042422869476429
12:87809406:T:TGAGAGAGA	5.96231e-05	0.00412441	-4.23664	-3.31788	12	87809406	T	TGAGAGAGA	0.0009070344337613961	3.0423762254992157
12:82160578:G:A	0.000192788	0.0228013	-4.77298	-3.31778	12	82160578	G	A	0.0009073592099069326	3.0422207482246355
12:7612543:AGG:A	0.00876934	4.13069e-05	5.35799	3.31766	12	7612543	AGG	A	0.0009077490835427612	3.042034180875574
12:7612546:AAGGAAGGAA:A	0.00876934	4.13069e-05	5.35799	3.31766	12	7612546	AAGGAAGGAA	A	0.0009077490835427612	3.042034180875574
12:83705448:C:T	2.95168e-05	0.0108995	-5.91151	-3.3176	12	83705448	C	T	0.0009079440785748182	3.0419408994021255
12:29434019:TTCTC:T	0.0061557	0.000136329	3.81006	3.31755	12	29434019	TTCTC	T	0.000908106604087813	3.0418631659618374
12:51237449:AAAATAAAT:A	0.00251458	3.84155e-05	4.1814	3.31723	12	51237449	AAAATAAAT	A	0.000909147405994116	3.041365696074218
12:17961562:G:A	5.24855e-06	0.000535107	-4.62451	-3.31658	12	17961562	G	A	0.0009112649391316886	3.0403553388613216
12:762306:T:A	0.0013044	0.0234349	-2.88848	-3.31651	12	762306	T	A	0.0009114932535717495	3.0402465414329267
12:19518219:C:CT	3.14693e-05	0.00210467	-4.2029	-3.3164	12	19518219	C	CT	0.0009118521405135929	3.0400755780806312
12:28903317:T:G	0.00017364	0.0204981	-4.7711	-3.31601	12	28903317	T	G	0.0009131256133035002	3.0394694750263658
12:91689332:T:C	0.000418706	0.0279611	-4.2014	-3.31493	12	91689332	T	C	0.0009166607599853686	3.037791359341064
12:92427395:A:C	0.0204675	0.00117483	2.85772	3.31479	12	92427395	A	C	0.0009171199471749226	3.0375738606336413
12:31710551:TAC:T	0.000832452	1.79115e-05	3.83893	3.31448	12	31710551	TAC	T	0.0009181374774509601	3.0370922847812256
12:91545054:G:A	0.0100903	0.000217204	3.83849	3.31407	12	91545054	G	A	0.0009194848500715708	3.036455422037129
12:63364240:A:AT	1.7996e-05	0.00225916	-4.8326	-3.3139	12	63364240	A	AT	0.0009200440539269183	3.03619137708998
12:38979649:GA:G	0.00164147	1.96461e-05	4.42547	3.31337	12	38979649	GA	G	0.0009217894775918269	3.0353682537401254
12:88538258:C:A	0.00402758	1.90867e-05	5.35193	3.31263	12	88538258	C	A	0.0009242316172427687	3.03421917868769
12:73215515:T:C	1.5622e-05	0.00274337	-5.16826	-3.31247	12	73215515	T	C	0.0009247604350701977	3.0339707593714915
12:95177908:A:AATTTATTTA	3.11643e-05	0.00210399	-4.21232	-3.31245	12	95177908	A	AATTTATTTA	0.0009248265570076295	3.0339397076905543
12:88538947:T:C	0.00402758	1.90948e-05	5.35151	3.31228	12	88538947	T	C	0.0009253887703714566	3.0336757749844914
12:88539027:C:G	0.00402758	1.90948e-05	5.35151	3.31228	12	88539027	C	G	0.0009253887703714566	3.0336757749844914
12:62573650:C:T	8.68053e-06	0.00208516	-5.48152	-3.31222	12	62573650	C	T	0.0009255872742141907	3.033582625076778
12:66077295:G:T	0.00015227	0.0184439	-4.79683	-3.31214	12	66077295	G	T	0.0009258520073774185	3.0334584274820813
12:104105579:A:AT	1.96667e-05	0.00132735	-4.21202	-3.31214	12	104105579	A	AT	0.0009258520073774185	3.0334584274820813
12:89170649:CTT:C	0.00237243	3.03344e-05	4.35939	3.31011	12	89170649	CTT	C	0.0009325931338767681	3.030307786319237
12:53878018:C:T	0.000120146	0.00664487	-4.01289	-3.31007	12	53878018	C	T	0.000932726419647736	3.0302457215916823
12:105016002:T:TA	6.28906e-05	0.0110135	-5.16548	-3.30997	12	105016002	T	TA	0.0009330597112923301	3.0300905626254417
12:1380207:A:G	0.00284654	0.000279865	2.31955	3.30927	12	1380207	A	G	0.0009353958440940879	3.029004563966765
12:42198047:T:G	4.07219e-06	0.00148781	-5.90088	-3.3091	12	42198047	T	G	0.0009359640078576268	3.028740851571047
12:42197993:A:T	4.07219e-06	0.00148781	-5.90088	-3.3091	12	42197993	A	T	0.0009359640078576268	3.028740851571047
12:14086859:C:T	0.000117255	0.0141516	-4.79323	-3.30874	12	14086859	C	T	0.0009371682337521588	3.028182440668287
12:3800426:A:AAAC	0.000236063	0.0212673	-4.50083	-3.30873	12	3800426	A	AAAC	0.0009372017049522143	3.0281669300082106
12:80324236:G:A	0.000328494	0.0117066	-3.57339	-3.30872	12	80324236	G	A	0.0009372351772597596	3.0281514193888848
12:86866869:A:G	5.60618e-05	0.00260091	-3.83716	-3.30871	12	86866869	A	G	0.0009372686506748284	3.02813590881031
12:92427357:A:T	0.020337	0.00117487	2.85129	3.30869	12	92427357	A	T	0.0009373356008276707	3.0281048877754104
12:1343920:T:C	5.10812e-05	0.00141822	-3.32374	-3.30851	12	1343920	T	C	0.0009379383516073859	3.027825705796406
12:47616535:G:C	8.69818e-06	0.000595394	-4.22611	-3.30842	12	47616535	G	C	0.0009382398616341605	3.027686119758076
12:57496536:T:C	0.00243141	4.11288e-05	4.07952	3.30815	12	57496536	T	C	0.0009391449305536469	3.0272673814476754
12:79755796:CT:C	0.0137618	0.000480823	3.35415	3.30788	12	79755796	CT	C	0.0009400508082422847	3.0268486728439825
12:44837241:T:C	0.000223586	0.0231528	-4.64008	-3.30766	12	44837241	T	C	0.0009407895292377328	3.026507524834667
12:19523402:T:TGTCA	2.11795e-05	0.00107232	-3.92455	-3.3075	12	19523402	T	TGTCA	0.0009413271186120453	3.026259429579349
12:120483101:A:G	6.71615e-06	0.000837474	-4.82588	-3.30746	12	120483101	A	G	0.0009414615604139661	3.0261974073954883
12:7738919:C:T	8.07498e-05	0.0141008	-5.16263	-3.30741	12	7738919	C	T	0.0009416296376804436	3.0261198805825202
12:93331279:G:A	7.68724e-05	0.00388963	-3.92392	-3.30693	12	93331279	G	A	0.0009432445943756573	3.0253756750106673
12:40732930:G:A	1.89478e-05	0.00689544	-5.89693	-3.30594	12	40732930	G	A	0.0009465835490675002	3.023841047524152
12:60000502:C:T	8.45656e-06	0.00105213	-4.82363	-3.30531	12	60000502	C	T	0.0009487140354677972	3.02286467433117
12:38391762:C:CAAACTT	0.000298951	6.49772e-06	3.82883	3.30514	12	38391762	C	CAAACTT	0.0009492896891450063	3.0226012362568153
12:62572804:C:T	8.46955e-06	0.0020175	-5.47314	-3.30505	12	62572804	C	T	0.0009495945779451714	3.0224617738083253
12:1380226:C:T	0.00283575	0.000280138	2.31478	3.30442	12	1380226	C	T	0.0009517313406324556	3.021485629081285
12:103906742:A:T	6.65934e-05	0.00827523	-4.82242	-3.30415	12	103906742	A	T	0.0009526484587153573	3.021067330847303
12:10244765:A:G	5.89902e-06	0.00140322	-5.47174	-3.30385	12	10244765	A	G	0.0009536684388580899	3.0206025898690583
12:112572424:CTTCCTTCTT:C	0.0518745	0.00153143	3.52263	3.30355	12	112572424	CTTCCTTCTT	C	0.0009546894304604087	3.020137885561347
12:44797814:T:C	0.00065476	0.0422767	-4.16772	-3.30335	12	44797814	T	C	0.0009553706539004729	3.019828103061907
12:79947795:C:T	5.90359e-06	0.000182008	-3.42849	-3.30326	12	79947795	C	T	0.0009556773513141993	3.0196887062543167
12:82796308:A:G	0.00371722	0.000301186	2.513	3.303	12	82796308	A	G	0.0009565638784072095	3.01928602290438
12:12620243:CT:C	0.00549307	0.000193747	3.34469	3.30296	12	12620243	CT	C	0.0009567003347787204	3.019224074064424
12:613942:T:A	3.45786e-05	0.00356308	-4.63515	-3.30289	12	613942	T	A	0.0009569391768138645	3.019115665163145
12:46424254:T:A	0.0035931	8.08158e-05	3.7946	3.30249	12	46424254	T	A	0.000958305048253794	3.0184962240264466
12:64444935:T:C	4.15464e-06	0.000986629	-5.47007	-3.30242	12	64444935	T	C	0.0009585442613228002	3.0183878285298484
12:81704076:C:G	0.000154725	0.0159331	-4.63451	-3.30227	12	81704076	C	G	0.0009590570470028561	3.0181555591883655
12:123477337:CTT:C	0.0145063	0.00117676	2.51182	3.30181	12	123477337	CTT	C	0.000960631174491564	3.017443323703743
12:762045:G:C	0.00132088	0.0233648	-2.87293	-3.30123	12	762045	G	C	0.0009626193546646693	3.016545410537778
12:38387104:T:C	5.08907e-06	0.000510468	-4.60823	-3.30121	12	38387104	T	C	0.0009626879805263309	3.0165144504593493
12:86861185:A:G	0.001174	4.14888e-05	3.34275	3.30115	12	86861185	A	G	0.0009628938852991087	3.016421571201871
12:41175386:A:G	0.00187729	0.000145419	2.55796	3.30092	12	41175386	A	G	0.0009636835648421623	3.016065547635623
12:38197922:G:A	7.03544e-06	0.00121915	-5.15495	-3.3005	12	38197922	G	A	0.0009651271362382675	3.0154154732573875
12:56305645:G:A	4.30047e-05	0.00532252	-4.81839	-3.30029	12	56305645	G	A	0.0009658496727089879	3.015090463018633
12:94017315:G:A	5.25525e-05	0.00628416	-4.78398	-3.29999	12	94017315	G	A	0.000966882736714787	3.014626193844369
12:82948853:AT:A	0.00893822	0.000826822	2.3805	3.29989	12	82948853	AT	A	0.0009672273187238833	3.0144714456010866
12:123469875:TA:T	0.0210496	0.00193141	2.38863	3.29979	12	123469875	TA	T	0.0009675720144600122	3.0143167014318566
12:78125111:G:T	4.79951e-05	0.0113553	-5.46634	-3.29923	12	78125111	G	T	0.0009695044138542489	3.013450209372093
12:94029378:TTAG:T	0.0131476	6.33437e-05	5.33542	3.29893	12	94029378	TTAG	T	0.0009705410974170137	3.01298606975163
12:46423952:T:G	0.00359487	8.11949e-05	3.79041	3.29841	12	46423952	T	G	0.0009723404477719071	3.012181647932406
12:73578783:C:CT	1.20197e-05	0.00284095	-5.46535	-3.29838	12	73578783	C	CT	0.0009724443506418988	3.0121352423422647
12:16988900:G:A	0.00542082	2.37128e-05	5.43199	3.29784	12	16988900	G	A	0.0009743163613924894	3.0113000044164027
12:122287967:C:T	7.75157e-05	0.00471777	-4.10861	-3.29778	12	122287967	C	T	0.0009745245684580451	3.01120720753532
12:115185229:C:T	0.00168077	0.0689594	-3.71427	-3.29764	12	115185229	C	T	0.0009750105451845786	3.010990687182789
12:100847495:GGA:G	0.00445513	6.95725e-05	4.15944	3.29692	12	100847495	GGA	G	0.000977513400918198	3.009877280065157
12:3800375:G:GAGCTAAA	0.000236648	0.0210592	-4.48852	-3.29686	12	3800375	G	GAGCTAAA	0.0009777222405517785	3.0097845056712296
12:42196422:C:T	4.86705e-06	0.00043308	-4.48843	-3.29678	12	42196422	C	T	0.0009780007576655919	3.009660808760601
12:59999954:A:T	8.52635e-06	0.00105137	-4.81469	-3.29674	12	59999954	A	T	0.0009781400437713235	3.0095989612829728
12:38513811:A:G	0.000961943	1.64737e-05	4.06719	3.29654	12	38513811	A	G	0.0009788367498761808	3.009289733671676
12:12140605:CT:C	0.0157068	0.00150691	2.34403	3.29644	12	12140605	CT	C	0.0009791852752221778	3.0091351259765347
12:83371290:C:T	0.00412362	0.000123123	3.5113	3.29562	12	83371290	C	T	0.0009820475205129019	3.007867496533624
12:14086588:G:A	0.000118091	0.0136417	-4.74943	-3.29556	12	14086588	G	A	0.000982257256967819	3.0077747539140316
12:55387430:C:T	2.29731e-05	0.00541113	-5.46189	-3.29541	12	55387430	C	T	0.0009827817795790977	3.007542903780894
12:24095422:C:CTTATTTAT	1.15791e-05	0.00415658	-5.88325	-3.29499	12	24095422	C	CTTATTTAT	0.0009842518229598797	3.0068937721682296
12:122115966:A:G	0.00141562	5.03709e-05	3.33591	3.29475	12	122115966	A	G	0.0009850927616152963	3.0065228720802257
12:104034268:G:A	7.09796e-05	0.00725003	-4.62637	-3.29441	12	104034268	G	A	0.000986285230229647	3.00599747045318
12:61266764:G:A	0.00127128	2.73233e-05	3.84004	3.29422	12	61266764	G	A	0.0009869521917500524	3.0057038841713086
12:103884607:C:A	5.47983e-05	0.00942577	-5.14754	-3.29384	12	103884607	C	A	0.0009882873677774572	3.005116755722417
12:89168506:CA:C	0.00237932	3.09892e-05	4.34093	3.29378	12	89168506	CA	C	0.0009884983378594643	3.0050240566073345
12:15133725:G:GTT	6.95145e-05	0.0249118	-5.88156	-3.29365	12	15133725	G	GTT	0.0009889555827592548	3.00482321355524
12:105366428:A:T	0.00451869	7.08248e-05	4.15577	3.29352	12	105366428	A	T	0.0009894130234815713	3.0046223773870824
12:43859508:GA:G	0.00142337	0.000159013	2.19179	3.29351	12	43859508	GA	G	0.0009894482193426163	3.0046069287362034
12:104033607:T:C	6.54224e-05	0.00667402	-4.62511	-3.2932	12	104033607	T	C	0.0009905398661693274	3.0041280407625486
12:31396057:G:GTT	7.18768e-05	0.0085307	-4.77647	-3.2929	12	31396057	G	GTT	0.0009915973602216885	3.003664638058593
12:96518820:G:A	2.25237e-05	0.00115995	-3.94156	-3.29238	12	96518820	G	A	0.0009934328263773193	3.002861493546564
12:20018431:T:C	2.15918e-05	0.00137888	-4.15672	-3.29231	12	20018431	T	C	0.0009936801484365615	3.002753386350347
12:94025320:A:T	5.55931e-05	0.0130451	-5.45811	-3.29217	12	94025320	A	T	0.0009941749635814644	3.0025371779454866
12:74822835:C:T	1.2642e-05	0.00296425	-5.45735	-3.29153	12	74822835	C	T	0.000996439882091395	3.0015488983318472
12:43366418:G:A	4.86499e-05	0.00310439	-4.15592	-3.29151	12	43366418	G	A	0.0009965107377085136	3.001518017282178
12:33916573:C:T	5.69246e-06	0.000674512	-4.77485	-3.29136	12	33916573	C	T	0.0009970423035400666	3.0012864146028346
12:33916726:A:G	5.69246e-06	0.000674512	-4.77485	-3.29136	12	33916726	A	G	0.0009970423035400666	3.0012864146028346
12:41919976:CTCT:C	0.00144293	8.58397e-05	2.82195	3.29096	12	41919976	CTCT	C	0.0009984610960818655	3.000668852261609
12:10250204:CTTTTTTT:C	0.00120598	8.69729e-06	4.93203	3.29095	12	10250204	CTTTTTTT	C	0.0009984965898314664	3.000653414038051
12:34117615:C:G	4.55945e-06	7.89935e-05	-2.85216	-3.29034	12	34117615	C	G	0.001000663918755747	2.999711759421526
12:43859583:A:G	0.00141776	0.000159013	2.18785	3.28978	12	43859583	A	G	0.0010026574312546712	2.9988474230396918
12:51817083:C:T	0.00015619	0.0179312	-4.74322	-3.2897	12	51817083	C	T	0.0010029425186917041	2.9987239568403625
12:96517902:A:G	2.25901e-05	0.00115995	-3.93862	-3.28951	12	96517902	A	G	0.0010036199021260055	2.9984307350638826
12:20833985:CAT:C	0.0267308	0.00209591	2.54583	3.28853	12	20833985	CAT	C	0.00100712050544918	2.9969185615015257
12:91543215:T:TTC	0.0089285	0.000197726	3.81012	3.28784	12	91543215	T	TTC	0.0010095919928166763	2.9958541025228045
12:100911330:C:G	4.31007e-05	0.00426191	-4.59393	-3.2877	12	100911330	C	G	0.0010100941386441643	2.995638149001032
12:131768820:C:T	1.69919e-05	0.00604031	-5.87347	-3.28718	12	131768820	C	T	0.0010119612764862517	2.9948361058065975
12:123465041:C:T	0.00135535	0.0252413	-2.92442	-3.28701	12	123465041	C	T	0.0010125723795379607	2.99457392326347
12:21128294:AAAAATAAAA:A	0.000873271	5.16378e-05	2.82799	3.28657	12	21128294	AAAAATAAAA	A	0.0010141556445866324	2.9938953878056127
12:106866858:T:A	4.20949e-05	0.00273017	-4.17219	-3.28647	12	106866858	T	A	0.0010145157969815943	2.993741186197393
12:45375524:A:G	3.01872e-05	0.00191638	-4.15077	-3.28634	12	45375524	A	G	0.0010149841720820923	2.9935407301951074
12:47674711:GAAAC:G	0.00197761	4.49234e-05	3.78469	3.2863	12	47674711	GAAAC	G	0.0010151283277596696	2.993479052809823
12:41564836:A:G	0.000337834	0.0165994	-3.89457	-3.28574	12	41564836	A	G	0.001017148498108396	2.992615637833315
12:31568530:C:G	1.50789e-06	0.000183523	-4.80163	-3.28423	12	31568530	C	G	0.0010226143024003678	2.990288137474805
12:59996775:T:C	8.80074e-06	0.00311594	-5.86945	-3.28396	12	59996775	T	C	0.0010235944919103942	2.9898720597713293
12:20018539:A:C	2.17125e-05	0.00137493	-4.14827	-3.28383	12	20018539	A	C	0.0010240667450706017	2.9896717366500316
12:8009772:C:A	0.00467157	0.000106405	3.782	3.2837	12	8009772	C	A	0.0010245391998777293	2.989471420410759
12:107763052:T:A	7.41993e-05	0.0262506	-5.86869	-3.28335	12	107763052	T	A	0.0010258121964653016	2.988932141665186
12:86405925:AT:A	0.000130064	7.79831e-06	2.81412	3.28333	12	86405925	AT	A	0.00102588498332369	2.9889013272435667
12:49501713:G:C	8.89521e-05	0.00145841	-2.797	-3.2831	12	49501713	G	C	0.001026722375816529	2.9885469731023484
12:63630344:T:A	5.33805e-05	0.0188766	-5.86823	-3.28298	12	63630344	T	A	0.001027159527332816	2.9883621012323007
12:93499734:G:A	6.22292e-05	0.00295288	-3.85971	-3.28196	12	93499734	G	A	0.0010308822761580052	2.9867909270871182
12:20016638:G:T	1.45252e-05	0.00246518	-5.13413	-3.28178	12	20016638	G	T	0.00103154052658165	2.9865137050393145
12:91539451:G:A	0.00842644	0.000187866	3.8034	3.28162	12	91539451	G	A	0.001032125964594507	2.9862672965170187
12:91539418:G:A	0.00842644	0.000187866	3.8034	3.28162	12	91539418	G	A	0.001032125964594507	2.9862672965170187
12:20017764:A:G	2.16721e-05	0.00136927	-4.14601	-3.28156	12	20017764	A	G	0.001032345583111156	2.9861748960086465
12:28417879:G:A	1.99777e-05	0.00242434	-4.7987	-3.28142	12	28417879	G	A	0.0010328581945078911	2.9859593005231577
12:50912140:G:A	3.70898e-05	0.0024636	-4.19604	-3.28136	12	50912140	G	A	0.0010330779572070416	2.985866904901105
12:113270785:A:G	0.000216142	0.00475056	-3.09008	-3.28133	12	113270785	A	G	0.0010331878547829413	2.9858207076397885
12:79757308:ACT:A	0.0135702	0.000488015	3.32529	3.28118	12	79757308	ACT	A	0.0010337375049643543	2.9855897268302822
12:20017047:A:G	1.45365e-05	0.00246518	-5.13336	-3.28108	12	20017047	A	G	0.0010341040887399283	2.985435744713819
12:20017187:TA:T	1.45365e-05	0.00246518	-5.13336	-3.28108	12	20017187	TA	T	0.0010341040887399283	2.985435744713819
12:100857776:G:T	4.06943e-05	0.00476637	-4.76325	-3.2804	12	100857776	G	T	0.0010366000505746909	2.984388774307689
12:100857882:C:T	4.06943e-05	0.00476637	-4.76325	-3.2804	12	100857882	C	T	0.0010366000505746909	2.984388774307689
12:50911983:T:A	3.70898e-05	0.00246011	-4.19462	-3.27998	12	50911983	T	A	0.0010381444578749471	2.9837422101746442
12:61295996:T:C	2.43984e-06	0.000157182	-4.16547	-3.27992	12	61295996	T	C	0.0010383652612254708	2.9836498497332773
12:21444312:A:G	0.00850064	0.000439038	2.96331	3.27965	12	21444312	A	G	0.001039359414199135	2.9832342458867367
12:92427469:C:T	0.000976613	0.0583088	-4.08942	-3.27956	12	92427469	C	T	0.0010396909942038228	2.983095717867421
12:8730726:A:G	1.17007e-05	0.00141682	-4.79652	-3.27933	12	8730726	A	G	0.0010405388100949906	2.9827417168019332
12:87813469:G:A	0.000253826	0.0165846	-4.17958	-3.27926	12	87813469	G	A	0.001040796967971408	2.982633981622493
12:6993443:A:G	4.85022e-05	0.0112106	-5.443	-3.27924	12	6993443	A	G	0.0010408707382498085	2.9826032005091045
12:27039256:C:T	2.15682e-05	0.00364958	-5.13115	-3.2791	12	27039256	C	T	0.0010413872656890317	2.98238773727565
12:101883308:A:AAATG	0.000381682	1.15616e-05	3.49689	3.27904	12	101883308	A	AAATG	0.001041608707191539	2.9822953983328793
12:97181573:G:T	5.88534e-05	0.00688296	-4.76176	-3.27899	12	97181573	G	T	0.0010417932750602023	2.9822184503336073
12:20016954:A:T	1.45711e-05	0.00246518	-5.13098	-3.27895	12	20016954	A	T	0.001041940951143765	2.9821568926670863
12:20018314:G:C	1.45307e-05	0.0033558	-5.44218	-3.27853	12	20018314	G	C	0.0010434927199358573	2.981510576500505
12:84394772:A:T	0.00153417	3.7314e-05	3.71637	3.2785	12	84394772	A	T	0.0010436036423522766	2.981464413808369
12:58471501:C:T	0.000294065	0.0132502	-3.80797	-3.27849	12	58471501	C	T	0.0010436406189155475	2.9814490263257554
12:20019233:A:G	1.5246e-05	0.00257735	-5.1302	-3.27825	12	20019233	A	G	0.0010445284202048341	2.981079738957758
12:31706989:TAAGAA:T	0.000921849	1.46989e-05	4.13861	3.27766	12	31706989	TAAGAA	T	0.0010467139031563938	2.9801720072032003
12:31402243:TAGTA:T	0.00433074	3.17335e-05	4.91612	3.27742	12	31402243	TAGTA	T	0.0010476041231778203	2.97980280093996
12:41565050:A:G	0.000338841	0.0165123	-3.88633	-3.27733	12	41565050	A	G	0.0010479381362580732	2.979664354637374
12:28902430:C:T	0.000167026	0.0145645	-4.46819	-3.27725	12	28902430	C	T	0.0010482351194937161	2.9795412940258843
12:115181737:G:A	0.00183543	0.0736656	-3.69226	-3.27706	12	115181737	G	A	0.0010489407668138543	2.979249035516837
12:20280437:G:T	3.35494e-05	0.00391159	-4.75868	-3.27608	12	20280437	G	T	0.0010525874065603568	2.9777418303039807
12:23087880:A:T	0.000104619	0.00319329	-3.41848	-3.27554	12	23087880	A	T	0.0010546017883155882	2.97691149655952
12:20020486:G:A	0.00259495	1.28611e-05	5.30712	3.27543	12	20020486	G	A	0.0010550125623646795	2.976742369055219
12:20020502:T:G	0.00259495	1.28611e-05	5.30712	3.27543	12	20020502	T	G	0.0010550125623646795	2.976742369055219
12:84227708:G:A	4.40904e-06	0.000282646	-4.16054	-3.27511	12	84227708	G	A	0.0010562083832683276	2.976250389779993
12:131768680:C:T	1.73162e-05	0.00606164	-5.85809	-3.27487	12	131768680	C	T	0.0010571060717654622	2.9758814326820153
12:88536301:T:C	0.00402758	1.99787e-05	5.30625	3.27471	12	88536301	T	C	0.0010577049228616584	2.9756354743111046
12:101810416:T:C	1.24243e-05	0.00285626	-5.43761	-3.27462	12	101810416	T	C	0.0010580419145171285	2.9754971273075124
12:101810418:T:C	1.24243e-05	0.00285626	-5.43761	-3.27462	12	101810418	T	C	0.0010580419145171285	2.9754971273075124
12:65645415:G:A	0.000437729	0.017512	-3.68904	-3.27405	12	65645415	G	A	0.001060178502793943	2.9746210061958216
12:27049654:T:A	6.7954e-06	0.00156053	-5.43653	-3.2737	12	27049654	T	A	0.0010614924202426033	2.974083102636526
12:1202714:A:G	0.0026538	0.000260726	2.32028	3.27352	12	1202714	A	G	0.00106216873566899	2.973806485939161
12:94026598:C:G	5.68515e-05	0.0130451	-5.43572	-3.273	12	94026598	C	G	0.00106412477573408	2.9730074451277875
12:122820841:CA:C	0.00104072	5.17442e-06	5.30394	3.27278	12	122820841	CA	C	0.0010649533338797184	2.9726694225375145
12:74825474:A:G	1.52954e-05	0.00350785	-5.4352	-3.27256	12	74825474	A	G	0.001065782488811652	2.9723314196505086
12:20021672:C:T	1.4167e-05	0.00237984	-5.12388	-3.27256	12	20021672	C	T	0.001065782488811652	2.9723314196505086
12:84419951:TAA:T	0.000809275	1.01065e-05	4.38296	3.27209	12	84419951	TAA	T	0.0010675558664148838	2.971609388583168
12:75693116:G:GGAAT	0.000453117	0.0526036	-4.75439	-3.27203	12	75693116	G	GGAAT	0.0010677824514189072	2.9715172208770233
12:7740341:G:A	7.63348e-05	0.0128125	-5.12304	-3.27181	12	7740341	G	A	0.0010686136437796133	2.971179285159316
12:69759672:C:CTCCT	1.79992e-05	0.000844726	-3.84868	-3.27135	12	69759672	C	CTCCT	0.0010703535259176786	2.9704727559623447
12:41564312:T:A	0.000342513	0.0165884	-3.88015	-3.27102	12	41564312	T	A	0.0010716033161132941	2.969965951122548
12:65198305:A:C	2.04102e-06	9.57493e-05	-3.84828	-3.27097	12	65198305	A	C	0.0010717927959824991	2.969889166377649
12:97807596:A:C	0.00104202	0.120818	-4.75312	-3.27082	12	97807596	A	C	0.0010723614215585866	2.9696588182490187
12:14362770:C:T	0.000715276	2.66138e-05	3.29124	3.27003	12	14362770	C	T	0.0010753607907727997	2.9684458025822105
12:99347735:A:G	0.0291401	0.000131897	5.39785	3.26951	12	99347735	A	G	0.0010773392920782698	2.967647500535225
12:86830720:GAAACAAAC:G	0.000213374	6.52847e-06	3.48687	3.26949	12	86830720	GAAACAAAC	G	0.0010774154554815249	2.9676167988084434
12:101877230:G:T	6.66617e-06	0.000583526	-4.47204	-3.26907	12	101877230	G	T	0.0010790160378937315	2.966972100157696
12:25921288:G:A	0.000463594	0.046088	-4.5993	-3.26825	12	25921288	G	A	0.0010821473250784198	2.9657136097349266
12:14086195:T:C	0.00012167	0.0136417	-4.71958	-3.26739	12	14086195	T	C	0.001085440386181501	2.964394023580691
12:65208816:G:A	1.00622e-05	0.00229255	-5.42863	-3.26693	12	65208816	G	A	0.0010872055932262864	2.9636883220030605
12:100313886:T:C	6.73865e-05	0.00755051	-4.71893	-3.26677	12	100313886	T	C	0.0010878202003808508	2.9634428807732096
12:58476729:G:A	0.000223373	0.014414	-4.16711	-3.26662	12	58476729	G	A	0.0010883966864171982	2.963212789083493
12:15118045:A:AT	0.000250952	0.024267	-4.57161	-3.26662	12	15118045	A	AT	0.0010883966864171982	2.963212789083493
12:115185795:C:T	0.00168577	0.0669044	-3.68104	-3.26657	12	115185795	C	T	0.0010885889112105256	2.963136093888693
12:115185884:C:T	0.00168577	0.0669044	-3.68104	-3.26657	12	115185884	C	T	0.0010885889112105256	2.963136093888693
12:23731957:A:T	0.000371897	0.084682	-5.42804	-3.26642	12	23731957	A	T	0.0010891657739992096	2.9629060144095836
12:115186128:T:A	0.00168637	0.0669044	-3.68069	-3.26624	12	115186128	T	A	0.001089858382534769	2.9626299311230904
12:101878337:G:A	6.72693e-06	0.000587009	-4.46892	-3.26608	12	101878337	G	A	0.001090474376507578	2.9623845348281574
12:73394412:A:G	3.58154e-05	0.00413137	-4.74799	-3.26597	12	73394412	A	G	0.0010908980591315997	2.9622158309195554
12:91169022:CAATT:C	0.000667168	1.64681e-05	3.70161	3.26587	12	91169022	CAATT	C	0.0010912833572596294	2.962062468003555
12:28415665:T:TTGTGTG	1.62989e-05	0.00194476	-4.7818	-3.26522	12	28415665	T	TTGTGTG	0.0010937908644461395	2.9610657082581433
12:34137811:A:G	4.12715e-05	0.00183569	-3.79501	-3.26506	12	34137811	A	G	0.0010944089136931956	2.9608203783871136
12:17301747:A:G	0.00171296	8.08774e-05	3.05305	3.26475	12	17301747	A	G	0.0010956073032913924	2.96034508141207
12:20850032:CT:C	0.000268924	0.0045828	-2.83564	-3.26459	12	20850032	CT	C	0.0010962263016663584	2.960099782147479
12:91180965:A:G	1.16612e-05	0.00402878	-5.84495	-3.26437	12	91180965	A	G	0.0010970779525287893	2.959762512671123
12:120559934:T:C	1.04524e-06	4.64109e-05	-3.79328	-3.26328	12	120559934	T	C	0.001101306528493912	2.9580917862912175
12:73408756:G:GA	0.00121887	2.70417e-05	3.8083	3.26303	12	73408756	G	GA	0.0011022785078759235	2.957708660337337
12:65208852:A:G	1.01088e-05	0.00229255	-5.42401	-3.26297	12	65208852	A	G	0.001102511900937079	2.9576167138933145
12:61029458:T:C	0.00843149	4.24332e-05	5.2918	3.2627	12	61029458	T	C	0.001103562735338956	2.957202973026037
12:39077905:C:A	6.34787e-05	0.00611042	-4.56705	-3.2623	12	39077905	C	A	0.0011051212295936034	2.9565900781275802
12:42360079:C:T	6.72966e-06	0.00152493	-5.42318	-3.26226	12	42360079	C	T	0.001105277190906447	2.956528792219083
12:73476780:A:T	0.000258912	2.66685e-05	2.273	3.26208	12	73476780	A	T	0.0011059792687146582	2.9562530136888343
12:101878881:G:A	6.8126e-06	0.000591966	-4.46468	-3.26201	12	101878881	G	A	0.0011062524103248501	2.9561457700435945
12:26661345:C:T	0.000341266	0.0151316	-3.79188	-3.26183	12	26661345	C	T	0.001106955060918939	2.955870009826863
12:61295608:T:G	2.4468e-06	0.000154693	-4.14666	-3.2616	12	61295608	T	G	0.001107853492796955	2.9555176687382976
12:4819110:G:A	0.00757739	0.000177769	3.75244	3.26142	12	4819110	G	A	0.0011085570836764736	2.955241938555451
12:16238631:C:CA	0.0108479	0.000665293	2.7915	3.26131	12	16238631	C	CA	0.0011089872592626904	2.9550734432680565
12:78400155:G:A	0.000143216	0.00886692	-4.12573	-3.26121	12	78400155	G	A	0.0011093784619167488	2.9549202700071264
12:19515558:T:C	2.37613e-05	0.00264652	-4.71294	-3.26113	12	19515558	T	C	0.0011096915159103321	2.954797734328476
12:84580408:C:T	0.000149354	0.0129643	-4.46364	-3.26102	12	84580408	C	T	0.0011101220985291903	2.9546292520230226
12:4820551:AACAC:A	0.014965	0.000332799	3.80593	3.26071	12	4820551	AACAC	A	0.0011113363899443842	2.9541544647458338
12:82946154:C:T	0.00979249	0.00113434	2.15557	3.2605	12	82946154	C	T	0.0011121596721097868	2.9538328568744054
12:55757507:T:C	0.000111101	0.00686754	-4.12412	-3.2596	12	55757507	T	C	0.0011156944156019042	2.9524547406950923
12:3829200:G:A	9.99544e-05	0.016547	-5.10925	-3.2594	12	3829200	G	A	0.0011164813234775407	2.9521485374187737
12:20016829:A:T	1.48939e-05	0.00246518	-5.10907	-3.25925	12	20016829	A	T	0.0011170718411136788	2.9519188956436127
12:103878940:T:C	7.05215e-05	0.00836223	-4.77556	-3.25925	12	103878940	T	C	0.0011170718411136788	2.9519188956436127
12:89530034:G:C	0.000419187	0.0268226	-4.15869	-3.25808	12	89530034	G	C	0.0011216877991242714	2.950128004028963
12:20016887:G:C	1.49199e-05	0.00246518	-5.10732	-3.25767	12	20016887	G	C	0.0011233095252903434	2.949500558428087
12:14401583:CT:C	9.37187e-06	2.09328e-07	3.80157	3.25642	12	14401583	CT	C	0.0011282672010654434	2.9475880366947123
12:19980016:GT:G	0.018049	0.000425761	3.74697	3.25608	12	19980016	GT	G	0.001129619183898327	2.947067940769574
12:73477086:T:C	0.000257611	2.66931e-05	2.26705	3.25604	12	73477086	T	C	0.0011297783391289672	2.947006756106102
12:49510562:C:CA	0.00227837	0.000255684	2.18727	3.25564	12	49510562	C	CA	0.0011313710319879394	2.9463949452781693
12:31709173:T:TA	1.8705e-05	0.00639206	-5.83402	-3.25562	12	31709173	T	TA	0.00113145072109097	2.9463643564457245
12:59995808:A:G	1.40501e-05	0.00073636	-3.95909	-3.25555	12	59995808	A	G	0.0011317296738163085	2.9462572968138785
12:107011360:CA:C	3.64505e-05	0.0031454	-4.45774	-3.25537	12	107011360	CA	C	0.001132447272792752	2.94598200977274
12:45413835:G:A	2.98029e-05	0.00669911	-5.41512	-3.25536	12	45413835	G	A	0.0011324871517332624	2.9459667164347763
12:88735543:G:GTGGATAAAC	0.00961546	0.00111878	2.15113	3.25508	12	88735543	G	GTGGATAAAC	0.0011336042892864148	2.945538519491456
12:78139725:A:G	2.23122e-05	0.00501308	-5.41467	-3.25498	12	78139725	A	G	0.0011340035138066057	2.9453855997425347
12:58472980:C:T	0.000224908	0.00990327	-3.78493	-3.25463	12	58472980	C	T	0.0011354018233762256	2.944850412663365
12:21127775:C:CA	2.87624e-05	0.000843642	-3.37866	-3.25444	12	21127775	C	CA	0.001136161573032828	2.9445599034076557
12:3810715:GAAGAGA:G	0.0237611	0.000109634	5.37866	3.25358	12	3810715	GAAGAGA	G	0.0011396063211697354	2.9432451504807164
12:1264220:A:G	0.00136706	0.000137132	2.29948	3.25345	12	1264220	A	G	0.0011401278781109898	2.9430464349413272
12:20787324:T:C	0.000277413	0.0138799	-3.91269	-3.25328	12	20787324	T	C	0.0011408102470400717	2.942786586534134
12:58059134:C:T	2.33622e-05	0.00523834	-5.41264	-3.25323	12	58059134	C	T	0.0011410110156168166	2.942710162769774
12:3824750:C:T	8.893e-05	0.0146207	-5.10234	-3.25319	12	3824750	C	T	0.0011411716539931613	2.942649024490641
12:97806929:A:G	0.00105363	0.119865	-4.73412	-3.25287	12	97806929	A	G	0.0011424575137853543	2.94215994169283
12:70667321:A:G	0.000546052	0.0229716	-3.7393	-3.25286	12	70667321	A	G	0.0011424977184757463	2.942144658526719
12:3809309:G:A	0.000150705	0.00661968	-3.78248	-3.25209	12	3809309	G	A	0.0011455974099621462	2.9409679769150774
12:115184581:A:G	0.00175948	0.0687494	-3.66545	-3.25199	12	115184581	A	G	0.001146000537118049	2.9408151788194576
12:73224167:AGTTT:A	0.000447898	6.11615e-06	4.29363	3.25193	12	73224167	AGTTT	A	0.0011462424763456953	2.9407235019149622
12:103902856:C:T	3.49539e-05	0.0118883	-5.82928	-3.25183	12	103902856	C	T	0.0011466458133087209	2.9405707103289203
12:122817218:A:AT	0.000151574	2.72256e-06	4.0195	3.25164	12	122817218	A	AT	0.0011474125149703316	2.9402804175240718
12:83424285:T:C	0.00251719	3.43894e-05	4.29315	3.2515	12	83424285	T	C	0.0011479777562164598	2.940066526960728
12:131779614:C:CT	6.91812e-05	0.00432853	-4.13625	-3.25145	12	131779614	C	CT	0.0011481796904554724	2.939990139406326
12:39945310:T:C	8.21644e-05	0.0134782	-5.10011	-3.25118	12	39945310	T	C	0.0011492707027990737	2.939577664188125
12:41918353:C:T	0.00157165	9.7433e-05	2.78072	3.25082	12	41918353	C	T	0.0011507268764821379	2.9390277433660836
12:115645601:G:T	0.000111003	0.0108359	-4.58106	-3.25062	12	115645601	G	T	0.0011515365985394252	2.9387222545810943
12:15147951:G:A	0.000355011	0.0793121	-5.409	-3.25011	12	15147951	G	A	0.0011536037739926345	2.937943331836249
12:74554723:G:A	0.00135982	0.000141764	2.26095	3.24985	12	74554723	G	A	0.0011546589475946922	2.9375462746898005
12:103903030:G:A	3.50422e-05	0.0118883	-5.82675	-3.24981	12	103903030	G	A	0.0011548213611457356	2.937485191415911
12:82428188:C:T	1.778e-05	0.0060304	-5.82649	-3.2496	12	82428188	C	T	0.0011556743787463947	2.9371645149070837
12:3814791:A:AAT	0.00430683	0.000134585	3.46576	3.24939	12	3814791	A	AAT	0.0011565279786585779	2.936843856339058
12:103878411:A:G	7.12913e-05	0.00836223	-4.7647	-3.24885	12	103878411	A	G	0.0011587256262591738	2.936019388116033
12:91547554:A:AAAGC	0.0105533	0.000243826	3.76774	3.24864	12	91547554	A	AAAGC	0.001159581308794235	2.935698793621409
12:83418229:C:T	5.10685e-05	0.0083496	-5.0968	-3.24821	12	83418229	C	T	0.0011613352431000504	2.935042394204532
12:61300855:C:T	4.42759e-05	0.00431075	-4.57843	-3.24807	12	61300855	C	T	0.0011619068203398996	2.934828698998025
12:26661887:T:G	0.000341957	0.0149601	-3.77846	-3.24793	12	26661887	T	G	0.001162478657552056	2.934615011764854
12:61300999:C:T	4.42859e-05	0.00431075	-4.5782	-3.24786	12	61300999	C	T	0.0011627646736811954	2.9345081711382592
12:105062645:C:T	0.00081991	0.0375493	-3.82421	-3.24782	12	105062645	C	T	0.0011629281406670062	2.9344471202465936
12:64485656:G:T	0.00950609	7.86702e-05	4.79442	3.24775	12	64485656	G	T	0.001163214258997209	2.9343402827523604
12:83206981:T:C	9.85486e-05	0.00601443	-4.11137	-3.2468	12	83206981	T	C	0.0011671037314339634	2.9328905424230927
12:46429489:T:C	0.00211574	6.65114e-05	3.45979	3.24677	12	46429489	T	C	0.0011672267524115423	2.9328447671293714
12:101389584:G:C	0.000142495	0.0161054	-4.7276	-3.2467	12	101389584	G	C	0.0011675138479624143	2.932737959534445
12:89518574:CCAA:C	0.000114614	0.00333434	-3.37046	-3.24641	12	89518574	CCAA	C	0.0011687039391349366	2.932295492161112
12:43034250:CCTTTCTTT:C	0.00447333	3.15937e-05	4.95293	3.24628	12	43034250	CCTTTCTTT	C	0.0011692377920996125	2.9320971558230946
12:16303028:C:G	0.00192512	0.049961	-3.25625	-3.2461	12	16303028	C	G	0.0011699773451605703	2.931822547627351
12:41978254:TGC:T	0.0106978	0.0001765	4.10447	3.24609	12	41978254	TGC	T	0.0011700184441134924	2.931807292002918
12:107852225:A:AGCCTGGGCG	0.00023067	0.0109017	-3.85569	-3.24605	12	107852225	A	AGCCTGGGCG	0.0011701828532668858	2.931746269911963
12:121698089:C:T	4.98104e-05	0.00193381	-3.65902	-3.24598	12	121698089	C	T	0.001170470620656897	2.931639482818892
12:115992096:T:G	0.000107011	0.00902981	-4.43536	-3.24556	12	115992096	T	G	0.0011721985987319695	2.9309988021177995
12:41565448:T:TA	0.000335076	0.0158262	-3.85507	-3.24542	12	41565448	T	TA	0.0011727751150742308	2.9307852578296556
12:40729793:G:A	3.49558e-05	0.0117879	-5.82075	-3.245	12	40729793	G	A	0.0011745062365608424	2.9301446728014295
12:44845565:A:T	0.0185341	0.000255089	4.28576	3.24496	12	44845565	A	T	0.0011746712283617004	2.930083668445769
12:41455363:T:C	0.00215325	0.000134305	2.77462	3.24489	12	41455363	T	C	0.0011749600155495168	2.9299769123894137
12:41455418:A:G	0.00215325	0.000134305	2.77462	3.24489	12	41455418	A	G	0.0011749600155495168	2.9299769123894137
12:38388987:AT:A	0.000341528	6.1792e-06	4.01224	3.2448	12	38388987	AT	A	0.001175331409760904	2.9298396575313808
12:45410632:GT:G	0.00669911	3.44498e-05	5.27023	3.24479	12	45410632	GT	G	0.0011753726824798444	2.9298244071949817
12:65570577:T:A	0.007677	0.000411292	2.92668	3.24442	12	65570577	T	A	0.0011769007148945438	2.9292601733436294
12:50910476:T:C	3.52419e-05	0.0022532	-4.15787	-3.24414	12	50910476	T	C	0.0011780582836699847	2.9288332225793967
12:105063479:G:GA	0.000824646	0.0376211	-3.82037	-3.24413	12	105063479	G	GA	0.0011780996448628258	2.928817974927616
12:7325907:G:A	0.0149044	0.000105566	4.95007	3.24395	12	7325907	G	A	0.0011788443758255407	2.9285435241510727
12:1201566:A:G	0.0026663	0.000270194	2.28931	3.24363	12	1201566	A	G	0.0011801694161621874	2.928055644199732
12:105063587:T:C	0.00082535	0.0376211	-3.81951	-3.2433	12	105063587	T	C	0.0011815373052529365	2.9275525616238887
12:49036311:C:T	0.00106477	2.69893e-05	3.67508	3.24315	12	49036311	C	T	0.0011821595571743216	2.9273239023686775
12:88538469:C:T	0.0037264	1.92059e-05	5.26798	3.24293	12	88538469	C	T	0.001183072741062353	2.9269885520155334
12:57495807:C:T	4.1405e-05	0.00400856	-4.57279	-3.24262	12	57495807	C	T	0.0011843606064797483	2.926516046295394
12:76602641:CA:C	0.00235383	4.27021e-05	4.00955	3.24227	12	76602641	CA	C	0.0011858162048416611	2.9259826190735088
12:45365304:T:A	2.97358e-05	0.00657974	-5.3994	-3.24189	12	45365304	T	A	0.0011873984401417187	2.925403525932353
12:45410588:G:T	0.00669911	3.45728e-05	5.26666	3.24183	12	45410588	G	T	0.0011876484450023467	2.925312095542073
12:83495485:A:G	0.000245368	0.0206245	-4.43147	-3.24181	12	83495485	A	G	0.0011877317907628294	2.925281619070696
12:44444400:A:G	3.15482e-05	0.000636139	-3.0039	-3.24179	12	44444400	A	G	0.0011878151419273091	2.9252511427620105
12:53883972:G:A	9.45273e-05	0.00488257	-3.94454	-3.2408	12	53883972	G	A	0.0011919477856972502	2.9237427688241655
12:45361169:C:T	3.01756e-05	0.00666236	-5.3972	-3.24001	12	45361169	C	T	0.0011952550771356628	2.9225394028571725
12:38207947:ACC:A	0.00140154	2.32773e-05	4.09785	3.23996	12	38207947	ACC	A	0.0011954646843837953	2.922463248995119
12:94028970:C:T	6.28716e-05	0.0138766	-5.39687	-3.23973	12	94028970	C	T	0.0011964293151902783	2.922112954325609
12:105025480:A:G	0.000353262	0.00910334	-3.24919	-3.23957	12	105025480	A	G	0.001197100786769297	2.9218692837664344
12:47672629:A:AT	1.60695e-05	0.000993181	-4.12399	-3.2395	12	47672629	A	AT	0.0011973946650475965	2.921762681170751
12:88535249:T:C	0.00386027	1.99787e-05	5.26382	3.23948	12	88535249	T	C	0.0011974786425109965	2.9217322236523025
12:88535571:A:C	0.00386027	1.99787e-05	5.26382	3.23948	12	88535571	A	C	0.0011974786425109965	2.9217322236523025
12:46429121:T:G	0.00210315	6.66309e-05	3.45202	3.23941	12	46429121	T	G	0.0011977726064832034	2.921625623618838
12:46429035:A:T	0.00210315	6.66309e-05	3.45202	3.23941	12	46429035	A	T	0.0011977726064832034	2.921625623618838
12:90601193:G:GTT	0.0132001	0.000240205	4.00648	3.23938	12	90601193	G	GTT	0.0011978986114500171	2.9215799385002623
12:101032412:G:A	0.000349237	0.0336889	-4.56917	-3.23913	12	101032412	G	A	0.0011989491291732812	2.921199243413264
12:86834212:ATATAGG:A	0.00127578	9.09324e-06	4.94378	3.23881	12	86834212	ATATAGG	A	0.001200295033774835	2.9207119907926566
12:59447342:T:TA	0.00171991	1.31884e-05	4.87069	3.23878	12	59447342	T	TA	0.001200421283865002	2.92066631299462
12:61290839:C:A	1.54232e-05	0.00148721	-4.56879	-3.23875	12	61290839	C	A	0.0012005475462226515	2.9206206355626083
12:20019124:T:TAAA	0.00114724	2.68066e-05	3.75647	3.23823	12	20019124	T	TAAA	0.0012027380440266867	2.9198289515644906
12:51427900:A:G	0.0394622	0.000185517	5.35995	3.23806	12	51427900	A	G	0.0012034549687554611	2.919570155648115
12:121310252:A:AAGAG	0.010684	0.000664994	2.77673	3.23791	12	121310252	A	AAGAG	0.0012040878772157655	2.919341816070564
12:26665036:T:C	0.000243894	0.0394179	-5.08524	-3.23782	12	26665036	T	C	0.0012044677698687827	2.9192048167162095
12:51447130:G:A	0.000131349	0.0212127	-5.0845	-3.23715	12	51447130	G	A	0.0012072993416988905	2.918185036174328
12:70667626:T:C	0.000555415	0.0229716	-3.7223	-3.23713	12	70667626	T	C	0.0012073839606720304	2.9181545977701875
12:94029135:G:C	6.30751e-05	0.0138766	-5.39364	-3.23696	12	94029135	G	C	0.0012081034431757761	2.9178958779027635
12:93498046:G:GT	0.00280083	0.000106039	3.27386	3.23673	12	93498046	G	GT	0.0012090774910738847	2.9175458638478275
12:61291040:T:C	1.54574e-05	0.00148721	-4.56657	-3.23661	12	61291040	T	C	0.0012095859779114632	2.917363256359216
12:92423533:CCATT:C	0.0134086	0.000174003	4.34458	3.23657	12	92423533	CCATT	C	0.0012097555174163835	2.9173023884976805
12:65650233:A:G	0.00067478	0.0259302	-3.64878	-3.2364	12	65650233	A	G	0.0012104763052283995	2.91704370734515
12:16230684:C:T	0.000170957	0.0164396	-4.56603	-3.23609	12	16230684	C	T	0.0012117917043482267	2.9165720249110527
12:53884438:C:T	9.45273e-05	0.00485846	-3.93959	-3.23579	12	53884438	C	T	0.001213065928284333	2.916115595248833
12:39947700:G:A	8.93046e-05	0.0143987	-5.08284	-3.23565	12	39947700	G	A	0.0012136609895676898	2.915902607264866
12:102593163:A:T	0.00014548	0.0234555	-5.08282	-3.23564	12	102593163	A	T	0.0012137035042607996	2.9158873941424313
12:77455373:C:A	0.0027593	3.5997e-05	4.3393	3.23518	12	77455373	C	A	0.0012156606678686273	2.9151876344697536
12:60003015:A:G	0.000914769	7.67906e-06	4.78017	3.23514	12	60003015	A	G	0.0012158309937017975	2.915126789869082
12:105062338:G:GGGACTCTTA	0.000856123	0.0386915	-3.81096	-3.23508	12	105062338	G	GGGACTCTTA	0.0012160865237821237	2.9150355241880246
12:20746011:T:A	0.000705298	0.0202808	-3.35881	-3.235	12	20746011	T	A	0.0012164273077198398	2.9149138388905165
12:70676859:C:CT	0.0228776	0.00123784	2.91679	3.23492	12	70676859	C	CT	0.0012167681798638554	2.9147921561955545
12:115981212:C:T	0.0107647	0.000245862	3.77926	3.2345	12	115981212	C	T	0.0012185592065733439	2.914153364744813
12:58469147:C:CTATATA	0.000385796	0.01666	-3.76546	-3.23447	12	58469147	C	CTATATA	0.0012186872301834348	2.91410773952889
12:1379917:C:T	0.00285485	0.000302247	2.24553	3.23422	12	1379917	C	T	0.0012197545768312312	2.913727543628634
12:1379911:G:C	0.00285485	0.000302247	2.24553	3.23422	12	1379911	G	C	0.0012197545768312312	2.913727543628634
12:95138205:AAAAT:A	0.000660673	1.58496e-05	3.73011	3.23351	12	95138205	AAAAT	A	0.0012227905511388868	2.9126479258537805
12:42211427:CA:C	0.000419826	1.33884e-05	3.44545	3.23318	12	42211427	CA	C	0.00122420401227107	2.912146201454761
12:95229997:C:T	1.50935e-05	0.00330557	-5.3891	-3.23307	12	95229997	C	T	0.0012246755012201899	2.911978969828801
12:102589090:A:G	0.00015818	0.0176103	-4.7125	-3.23243	12	102589090	A	G	0.0012274220378311398	2.911006083412739
12:14359186:C:CA	2.26178e-05	0.00109466	-3.87946	-3.23192	12	14359186	C	CA	0.0012296147558090956	2.9102309337906673
12:113625524:G:T	0.000371031	0.0167091	-3.80742	-3.23168	12	113625524	G	T	0.0012306478743869752	2.909866194093051
12:33166465:T:TTTTA	1.27567e-05	0.0014686	-4.74601	-3.23093	12	33166465	T	TTTTA	0.001233881539078981	2.908726533490675
12:70544270:G:A	0.000599294	0.037328	-4.13175	-3.23077	12	70544270	G	A	0.001234572402320551	2.908483435496124
12:13739474:A:T	0.000111084	0.0103376	-4.53327	-3.2304	12	13739474	A	T	0.0012361713920100057	2.907921311250548
12:13739412:G:A	0.000111084	0.0103376	-4.53327	-3.2304	12	13739412	G	A	0.0012361713920100057	2.907921311250548
12:82946745:C:CT	0.000607404	0.0106453	-2.86368	-3.22981	12	82946745	C	CT	0.001238725089143889	2.907025066114038
12:84424085:A:G	6.06831e-06	0.000653727	-4.67961	-3.22968	12	84424085	A	G	0.001239288422748565	2.906827607400418
12:120104780:T:C	0.00991009	0.000227525	3.77405	3.22938	12	120104780	T	C	0.0012405893264096914	2.90637195967058
12:41181422:C:T	3.78908e-05	0.00184264	-3.88425	-3.22892	12	41181422	C	T	0.0012425864947724203	2.9056733708884344
12:41083968:T:G	0.00194373	0.000232744	2.12243	3.22794	12	41083968	T	G	0.00124685123582097	2.9041853599265286
12:81655605:A:G	0.000251678	0.023345	-4.52999	-3.2273	12	81655605	A	G	0.0012496436640554063	2.9032138084291463
12:115992399:A:AT	0.000107035	0.00886245	-4.41642	-3.22728	12	115992399	A	AT	0.0012497310204139691	2.903183450128141
12:129653912:C:T	0.000744376	0.0690345	-4.52982	-3.22714	12	129653912	C	T	0.0012503426728245413	2.9029709465745275
12:14473284:C:G	0.000316005	0.0292993	-4.52956	-3.2269	12	14473284	C	G	0.0012513918629454067	2.9026066733071936
12:31704496:CT:C	0.000397349	7.33368e-06	3.99234	3.22606	12	31704496	CT	C	0.0012550704334271016	2.9013319012822207
12:116158566:G:A	9.57828e-07	8.87284e-05	-4.52867	-3.22605	12	116158566	G	A	0.0012551142860085878	2.901316727152595
12:63543953:A:ACTTTCCAAA	0.00353009	0.000286733	2.51053	3.22524	12	63543953	A	ACTTTCCAAA	0.0012586710470792136	2.9000877576643243
12:13740160:C:T	0.000125657	0.0413354	-5.79592	-3.22515	12	13740160	C	T	0.0012590668166721202	2.8999512219636108
12:20280293:A:G	3.08038e-05	0.00668105	-5.37939	-3.22476	12	20280293	A	G	0.0012607831462941356	2.899359605311673
12:102137399:A:G	4.92636e-05	0.0161937	-5.79519	-3.22456	12	102137399	A	G	0.0012616641530116236	2.899056236141908
12:87929006:G:A	0.000345571	0.0288691	-4.42533	-3.22434	12	87929006	G	A	0.0012626339168636967	2.8987225488365533
12:69749013:G:A	9.60673e-05	0.00802301	-4.42502	-3.22405	12	69749013	G	A	0.0012639132934332516	2.898282718359878
12:619398:C:T	8.7238e-06	0.00138807	-5.06961	-3.22376	12	619398	C	T	0.0012651938667466445	2.89784292207132
12:76518608:C:T	5.48401e-06	0.000587027	-4.67323	-3.22366	12	76518608	C	T	0.0012656357214197716	2.8976912761057525
12:40272958:A:T	9.97813e-05	0.0110012	-4.70278	-3.22324	12	40272958	A	T	0.0012674930672142838	2.897054407441423
12:90601374:A:T	0.0129841	0.000240431	3.98905	3.22296	12	90601374	A	T	0.0012687326953897977	2.8966298681696863
12:47609925:C:T	6.12518e-05	0.00504759	-4.41167	-3.2227	12	47609925	C	T	0.001269884780800039	2.8962356816682604
12:26316083:A:G	0.000632807	0.0377001	-4.08725	-3.2226	12	26316083	A	G	0.0012703281476827556	2.89608407879244
12:119520542:CT:C	0.00576508	0.000227474	3.23254	3.22241	12	119520542	CT	C	0.0012711709384905304	2.8957960445274473
12:131768568:C:G	1.72183e-05	0.00563714	-5.79116	-3.22134	12	131768568	C	G	0.0012759268280844005	2.8941742308424154
12:56684836:A:G	2.46516e-05	0.000428044	-2.85438	-3.22106	12	56684836	A	G	0.0012771740686469875	2.8937499078258666
12:20019039:A:AAAACAAAC	0.00113953	2.7127e-05	3.73784	3.221	12	20019039	A	AAAACAAAC	0.0012774414808660699	2.893658985611299
12:23379890:A:ACC	1.574e-06	2.86369e-05	-2.90107	-3.221	12	23379890	A	ACC	0.0012774414808660699	2.893658985611299
12:64484649:G:A	7.67737e-05	0.00843908	-4.69977	-3.2204	12	64484649	G	A	0.0012801184472261001	2.8927498439484247
12:96379327:G:A	0.000123625	0.00749061	-4.10415	-3.22017	12	96379327	G	A	0.0012811459899390641	2.892401378442383
12:96378939:C:T	0.000123625	0.00749061	-4.10415	-3.22017	12	96378939	C	T	0.0012811459899390641	2.892401378442383
12:87265343:C:T	3.53023e-05	0.00761559	-5.374	-3.22014	12	87265343	C	T	0.0012812800733661427	2.892355928005095
12:31569061:C:CTTT	1.36789e-06	0.000216712	-5.0653	-3.21988	12	31569061	C	CTTT	0.0012824426724691073	2.89196203953918
12:61310874:A:C	0.000174062	0.0105371	-4.10325	-3.21929	12	61310874	A	C	0.0012850844910436063	2.891068317634077
12:59989788:A:T	1.74723e-05	0.00570484	-5.78845	-3.21917	12	59989788	A	T	0.0012856224244530796	2.8908865610025702
12:117077764:C:T	0.000708401	0.0200346	-3.3422	-3.21873	12	117077764	C	T	0.0012875966257274922	2.8902201700959695
12:14093696:G:C	7.40916e-05	0.0241728	-5.78768	-3.21855	12	14093696	G	C	0.0012884050597453006	2.889947578314354
12:14358891:A:T	4.01756e-05	0.00456505	-4.73293	-3.2184	12	14358891	A	T	0.001289079112626371	2.889720428556019
12:25921635:G:T	0.000476632	0.044983	-4.5473	-3.21798	12	25921635	G	T	0.00129096819272325	2.889084457884586
12:61738292:A:AACACAC	1.88546e-05	0.00111812	-4.08265	-3.21798	12	61738292	A	AACACAC	0.00129096819272325	2.889084457884586
12:120483285:C:G	6.54685e-06	0.00103455	-5.06273	-3.21757	12	120483285	C	G	0.0012928147590912464	2.8884636985285717
12:32121002:G:C	8.91361e-05	0.00730477	-4.40612	-3.21734	12	32121002	G	C	0.001293851704867034	2.8881154975843395
12:19505926:C:A	7.97822e-06	0.00126032	-5.0624	-3.21728	12	19505926	C	A	0.0012941223386822875	2.8880246660914177
12:118676860:G:A	1.32349e-05	0.000667761	-3.92107	-3.21702	12	118676860	G	A	0.001295295689078963	2.8876310798631386
12:33020785:T:C	2.55219e-05	0.00128746	-3.92089	-3.21684	12	33020785	T	C	0.0012961085836948566	2.887358613184481
12:104035964:A:G	8.24386e-05	0.0177045	-5.36952	-3.2163	12	104035964	A	G	0.0012985500934938408	2.886541292158416
12:50909366:C:G	3.44897e-05	0.00208075	-4.09982	-3.21595	12	50909366	C	G	0.0013001348200009433	2.886011610349667
12:93502539:G:A	5.84013e-05	6.86719e-06	2.14058	3.21566	12	93502539	G	A	0.001301449231063396	2.885572768852531
12:116159448:C:T	9.53272e-07	8.73189e-05	-4.51742	-3.21543	12	116159448	C	T	0.0013024925669398242	2.8852247464516463
12:23089724:G:A	0.000106145	0.00341787	-3.47196	-3.2154	12	23089724	G	A	0.001302628711123367	2.8851793538104613
12:44007443:G:A	3.45402e-05	0.000423424	-2.50625	-3.21496	12	44007443	G	A	0.001304627001959749	2.8845136370960978
12:113625691:A:G	0.000371031	0.0164164	-3.78975	-3.21468	12	113625691	A	G	0.0013059001141735905	2.884090040152989
12:65198107:G:C	2.10597e-06	9.08955e-05	-3.76493	-3.21453	12	65198107	G	C	0.0013065826101121224	2.88386312632576
12:58503662:CAT:C	0.0145195	7.75134e-05	5.2328	3.21371	12	58503662	CAT	C	0.0013103194098565976	2.882622825695739
12:122290172:T:C	0.000105908	0.00589827	-4.01984	-3.21352	12	122290172	T	C	0.0013111866598935122	2.8823354779580788
12:88537755:T:C	1.88189e-05	0.00402758	-5.36606	-3.21334	12	88537755	T	C	0.0013120087537813923	2.882063267318383
12:101810420:T:C	1.47757e-05	0.00232295	-5.05761	-3.21297	12	101810420	T	C	0.0013137001074221128	2.881503764575668
12:73217512:C:G	1.37632e-05	0.00294245	-5.365	-3.21243	12	73217512	C	G	0.001316172180880102	2.8806872928537133
12:15117047:T:C	0.0169624	0.000505178	3.51384	3.21206	12	15117047	T	C	0.0013178684865247441	2.8801279269395503
12:15117130:T:G	0.0169624	0.000505178	3.51384	3.21206	12	15117130	T	G	0.0013178684865247441	2.8801279269395503
12:12618263:C:T	0.00338151	0.000163779	3.02756	3.21184	12	12618263	C	T	0.0013188780568413674	2.879795357364267
12:113593124:C:CAGAAA	0.000173357	0.0188701	-4.68998	-3.21115	12	113593124	C	CAGAAA	0.0013220490675169968	2.878752425821321
12:100014967:G:A	4.87267e-05	0.000837113	-2.84373	-3.21103	12	100014967	G	A	0.0013226012652425782	2.8785710661718773
12:74673122:T:TAA	2.69219e-05	0.0086954	-5.77761	-3.2105	12	74673122	T	TAA	0.0013250426852010773	2.877770131048916
12:44892800:CA:C	0.000252647	2.18254e-06	4.7515	3.20976	12	44892800	CA	C	0.0013284584169240446	2.87665203521913
12:28910452:G:GA	0.0360536	0.000516718	4.24527	3.20913	12	28910452	G	GA	0.0013313728054116746	2.8757003181822047
12:17967829:G:A	9.63976e-06	0.000238152	-3.20701	-3.20911	12	17967829	G	A	0.0013314654222174322	2.8756701075841513
12:119450179:C:A	0.000286675	0.011501	-3.69184	-3.20896	12	119450179	C	A	0.001332160237766655	2.875443533279552
12:8009504:T:C	9.33457e-05	0.00767348	-4.40922	-3.20891	12	8009504	T	C	0.0013323919172816168	2.8753680105430344
12:88536949:T:C	1.89191e-05	0.00402758	-5.36075	-3.20879	12	88536949	T	C	0.0013329480998014395	2.875186760120013
12:61294850:C:T	2.51158e-06	0.000150383	-4.09228	-3.2086	12	61294850	C	T	0.0013338291602269254	2.8748997922500905
12:113626546:G:A	0.000375007	0.0160813	-3.75847	-3.20839	12	113626546	G	A	0.0013348035889669525	2.874582634301896
12:113626228:T:G	0.000375007	0.0160813	-3.75847	-3.20839	12	113626228	T	G	0.0013348035889669525	2.874582634301896
12:25413783:G:T	0.000208767	0.0444143	-5.3601	-3.20824	12	25413783	G	T	0.0013355000115666418	2.874356103881224
12:89174912:A:G	1.85986e-06	5.28618e-05	-3.34718	-3.20793	12	89174912	A	G	0.0013369403473919616	2.8738879699829356
12:82942631:T:C	0.000609061	0.0123167	-3.00679	-3.20764	12	82942631	T	C	0.0013382890556652312	2.873450073621799
12:29437721:G:A	0.000155656	0.0127759	-4.40767	-3.20744	12	29437721	G	A	0.001339219930552164	2.873148096041065
12:58019195:C:A	0.00247622	7.41234e-05	3.50876	3.20738	12	58019195	C	A	0.0013394993094831458	2.8730575059361283
12:92413475:G:GTTTGTTTAT	0.00014764	0.0313756	-5.35901	-3.2073	12	92413475	G	GTTTGTTTAT	0.0013398718983677308	2.87293672140492
12:49747664:A:G	0.000427265	0.00825228	-2.96084	-3.20668	12	49747664	A	G	0.0013427627057786802	2.8720007294581698
12:87176998:T:C	0.000643932	1.70412e-05	3.63196	3.20623	12	87176998	T	C	0.0013448644749969256	2.8713214782835137
12:62576657:C:T	9.82469e-06	0.00208516	-5.3577	-3.20618	12	62576657	C	T	0.0013450981921605285	2.871246011009582
12:123352066:GCCATGGATT:G	5.46399e-06	0.000591427	-4.68436	-3.20583	12	123352066	GCCATGGATT	G	0.0013467352617685493	2.8707177685331606
12:16242376:AACC:A	0.000686861	0.0255251	-3.61529	-3.20509	12	16242376	AACC	A	0.0013502025477131019	2.8696010768710485
12:16242370:ACTTT:A	0.000686861	0.0255251	-3.61529	-3.20509	12	16242370	ACTTT	A	0.0013502025477131019	2.8696010768710485
12:31707013:C:CAA	0.000862586	1.48834e-05	4.05969	3.20467	12	31707013	C	CAA	0.001352174128241142	2.8689673778730556
12:3799056:G:A	0.000240981	0.0218234	-4.50602	-3.20466	12	3799056	G	A	0.001352221102987145	2.8689522906751903
12:1387068:T:TTTTGGAATG	0.00331887	0.000407578	2.09715	3.20405	12	1387068	T	TTTTGGAATG	0.001355089410861854	2.8680320484332325
12:1387538:C:T	0.00331744	0.000407578	2.09672	3.20364	12	1387538	C	T	0.00135702044267821	2.8674136099117664
12:93497836:C:T	0.00275151	0.000107957	3.23818	3.20336	12	93497836	C	T	0.0013583406544485186	2.866991300899109
12:93497838:G:A	0.00275151	0.000107957	3.23818	3.20336	12	93497838	G	A	0.0013583406544485186	2.866991300899109
12:104036491:A:G	8.3735e-05	0.0177045	-5.35391	-3.20294	12	104036491	A	G	0.0013603231936844017	2.8663578971014942
12:26907649:C:G	0.00035007	0.039134	-4.71661	-3.20276	12	26907649	C	G	0.001361173670140032	2.866086460269358
12:85665328:G:A	1.13465e-05	0.000451624	-3.68394	-3.20165	12	85665328	G	A	0.0013664291219917318	2.8644128906644855
12:88538105:T:G	1.90867e-05	0.00402758	-5.35193	-3.20124	12	88538105	T	G	0.0013683750535794762	2.8637948519025938
12:74415107:TTG:T	0.00277446	2.0709e-05	4.89764	3.20119	12	74415107	TTG	T	0.0013686125370906928	2.8637194859936836
12:84393827:T:G	0.00167742	4.46555e-05	3.62603	3.20116	12	84393827	T	G	0.0013687550454440497	2.8636742669358277
12:88538587:T:C	1.90947e-05	0.00402758	-5.35151	-3.20088	12	88538587	T	C	0.0013700857835571246	2.863252240026687
12:44442345:A:G	3.44157e-05	0.000511964	-2.69974	-3.20037	12	44442345	A	G	0.0013725126946121133	2.862483629992993
12:105015708:G:T	6.16827e-05	0.019671	-5.7649	-3.20033	12	105015708	G	T	0.001372703208161954	2.8624233513216706
12:79496936:CA:C	0.00179919	0.000100924	2.88073	3.20023	12	79496936	CA	C	0.0013731795987481454	2.8622726574869817
12:89527904:T:C	0.00815587	0.000412306	2.98473	3.19983	12	89527904	T	C	0.0013750866863367509	2.8616699227711555
12:62499125:C:G	0.000126152	1.079e-05	2.45887	3.19977	12	62499125	C	G	0.0013753729600721753	2.8615795181697137
12:20786408:A:G	0.000286714	0.0134723	-3.84991	-3.19952	12	20786408	A	G	0.0013765663590579703	2.8612028480715566
12:10240936:C:T	0.00183529	0.000157035	2.45849	3.19938	12	10240936	C	T	0.001377235079571448	2.8609919239064565
12:8008907:G:A	0.00451291	0.000112166	3.69472	3.19927	12	8008907	G	A	0.0013777607130016204	2.8608262033622633
12:73408757:GA:G	0.000926184	1.25157e-05	4.30409	3.19909	12	73408757	GA	G	0.001378621239537991	2.8605550348922515
12:776415:T:TTGTGTGTGT	0.000170636	0.0177868	-4.64668	-3.19861	12	776415	T	TTGTGTGTGT	0.0013809184009192428	2.859831983316738
12:42197127:G:A	5.33616e-06	0.000593871	-4.71216	-3.19849	12	42197127	G	A	0.0013814932425760503	2.8596512350465004
12:83426325:T:C	1.48064e-05	0.00470997	-5.76238	-3.19831	12	83426325	T	C	0.0013823559188552354	2.8593801236087897
12:123176169:T:G	1.19761e-05	0.0012858	-4.67623	-3.19814	12	123176169	T	G	0.0013831711248203054	2.859124086002281
12:123176170:T:C	1.19761e-05	0.0012858	-4.67623	-3.19814	12	123176170	T	C	0.0013831711248203054	2.859124086002281
12:33017383:C:T	2.63248e-05	0.00130357	-3.90235	-3.19805	12	33017383	C	T	0.0013836028839166153	2.858988541433791
12:20782745:C:T	0.000242649	0.0113818	-3.84815	-3.19802	12	20782745	C	T	0.0013837468312335093	2.858943360642129
12:19516710:T:G	2.54137e-05	0.00264703	-4.6459	-3.19788	12	19516710	T	G	0.001384418768011166	2.858732521781524
12:85948402:T:C	5.83874e-06	0.00122646	-5.34738	-3.19734	12	85948402	T	C	0.0013870133438316546	2.8579193607547047
12:87383822:C:G	8.71309e-05	0.00968118	-4.71053	-3.19693	12	87383822	C	G	0.0013889862936006824	2.857302039822471
12:28415970:G:GT	1.83722e-05	0.00204067	-4.71019	-3.19661	12	28415970	G	GT	0.001390527954692289	2.856820275806245
12:91691539:A:G	0.000433451	0.0256267	-4.07961	-3.19626	12	91691539	A	G	0.001392215953169881	2.8562933940388473
12:20017594:A:G	0.00268912	1.4661e-05	5.21178	3.19626	12	20017594	A	G	0.001392215953169881	2.8562933940388473
12:114151224:T:C	0.000153092	0.00714246	-3.84277	-3.19622	12	114151224	T	C	0.0013924089875507525	2.856233182147947
12:84423735:C:G	6.28992e-06	0.000653727	-4.64374	-3.19584	12	84423735	C	G	0.0013942440455258498	2.8556612015975906
12:60143055:T:C	0.000650541	2.57315e-05	3.23009	3.1958	12	60143055	T	C	0.0013944373391970492	2.8556009965305056
12:1777386:T:C	4.01894e-05	0.00842438	-5.34528	-3.19555	12	1777386	T	C	0.0013956459846067608	2.855224729585091
12:20016905:G:C	2.22855e-05	0.000819357	-3.60458	-3.19508	12	20016905	G	C	0.0013979208535701104	2.8545174164521354
12:101031337:C:T	0.000346904	0.0319711	-4.52354	-3.19502	12	101031337	C	T	0.0013982115083497567	2.8544271276166615
12:39952400:G:A	0.000144056	0.0159699	-4.70826	-3.19476	12	39952400	G	A	0.0013994716564428467	2.854035892892796
12:113181550:T:C	7.3753e-06	0.0023352	-5.75772	-3.19459	12	113181550	T	C	0.0014002961655574667	2.853780100418651
12:122115590:C:CA	0.00127606	5.04065e-05	3.23141	3.19435	12	122115590	C	CA	0.0014014609409849605	2.8534190016147765
12:66081972:ATT:A	0.0136772	0.0001859	4.29828	3.19371	12	66081972	ATT	A	0.001404571377765722	2.85245618584502
12:25413204:T:TCC	0.000300863	0.0276883	-4.52211	-3.19364	12	25413204	T	TCC	0.0014049119676838458	2.8523508879631176
12:60768336:T:A	1.99684e-06	0.000207049	-4.64139	-3.19362	12	60768336	T	A	0.0014050092930749066	2.8523208032195386
12:125449830:T:C	0.000862338	0.0391074	-3.81442	-3.1934	12	125449830	T	C	0.0014060802827513112	2.851989881762505
12:62499419:T:C	1.73725e-06	0.000548971	-5.75574	-3.19301	12	62499419	T	C	0.0014079807054962299	2.851403296581643
12:38382471:G:GT	7.31275e-06	0.000422719	-4.05709	-3.19233	12	38382471	G	GT	0.0014112999286250288	2.8503806804308205
12:123470473:CA:C	0.0152364	0.00181683	2.12659	3.19215	12	123470473	CA	C	0.0014121797533230532	2.8501100193552658
12:6511613:G:A	0.00153372	5.10906e-05	3.40185	3.19183	12	6511613	G	A	0.001413745134882618	2.8496288766003652
12:41978256:C:A	0.0102187	0.000178883	4.04524	3.19131	12	41978256	C	A	0.001416292292378634	2.8488471083218894
12:15117770:G:C	0.000311838	0.0180019	-4.05575	-3.19099	12	15117770	G	C	0.0014178618762294983	2.848366074733417
12:19514912:CT:C	0.00261016	2.3038e-05	4.73002	3.19074	12	19514912	CT	C	0.0014190892292873095	2.8479902961783523
12:85670977:G:GCAAAATTTT	1.85077e-05	0.00204311	-4.70404	-3.19071	12	85670977	G	GCAAAATTTT	0.0014192365774581656	2.8479452044574325
12:99074896:A:G	2.95609e-05	0.00615918	-5.33925	-3.19038	12	99074896	A	G	0.0014208583385377498	2.8474492196504357
12:5204647:CGTGTGTGT:C	0.0761857	0.00133512	4.04416	3.19031	12	5204647	CGTGTGTGT	C	0.0014212025680290252	2.8473440164375456
12:28415364:T:C	0.00192351	1.56176e-05	4.81351	3.19014	12	28415364	T	C	0.0014220388740493546	2.847088531205155
12:42273520:G:T	7.23393e-06	0.000576319	-4.37788	-3.19009	12	42273520	G	T	0.0014222849327372366	2.8470133907233413
12:82156073:A:G	0.000194175	0.0200565	-4.63755	-3.19	12	82156073	A	G	0.0014227279372907272	2.8468781404145496
12:100854014:T:G	4.59995e-05	0.00370302	-4.38828	-3.18886	12	100854014	T	G	0.0014283503496823533	2.845165254554405
12:38198202:C:T	7.96815e-06	0.00121915	-5.03045	-3.18855	12	38198202	C	T	0.0014298827896159698	2.844699561072906
12:29435997:T:C	0.000154392	0.00889021	-4.05321	-3.18844	12	29435997	T	C	0.0014304269228401383	2.844534324379482
12:20746823:T:TTTC	0.000723413	0.0198353	-3.31124	-3.18839	12	20746823	T	TTTC	0.0014306743192198758	2.8444592184159103
12:59473017:G:C	8.20167e-06	0.000338722	-3.72084	-3.18827	12	59473017	G	C	0.0014312682314692735	2.8442789682454177
12:99352416:G:A	0.000147424	0.0306259	-5.33629	-3.18784	12	99352416	G	A	0.001433398283879438	2.843633119820529
12:86865136:A:T	4.20692e-05	0.00173668	-3.72041	-3.18783	12	86865136	A	T	0.00143344785473273	2.8436181009830968
12:38979136:T:C	1.88297e-05	0.00194039	-4.63521	-3.18779	12	38979136	T	C	0.001433646153948946	2.8435580260394464
12:28415541:G:A	0.00192352	1.56626e-05	4.81064	3.1877	12	28415541	G	A	0.0014340924196456885	2.8434228597917928
12:101028919:G:A	0.000232416	0.0212304	-4.51466	-3.18644	12	101028919	G	A	0.0014403535996135245	2.841530877689801
12:84013806:C:T	2.08355e-05	0.00228984	-4.69958	-3.18644	12	84013806	C	T	0.0014403535996135245	2.841530877689801
12:1346159:G:GTTGT	0.000956171	9.87751e-05	2.27009	3.1863	12	1346159	G	GTTGT	0.0014410508394626573	2.8413206972508145
12:19511175:T:C	1.60782e-05	0.000723153	-3.80615	-3.18588	12	19511175	T	C	0.001443144426083783	2.8406902036864596
12:130532917:G:A	0.00155764	0.0762083	-3.8903	-3.18583	12	130532917	G	A	0.0014433938492438806	2.8406151496999703
12:29414215:G:C	2.72824e-05	0.00156653	-4.05038	-3.18559	12	29414215	G	C	0.0014445916336124018	2.8402549046955037
12:64486620:TG:T	0.00950609	8.44034e-05	4.72408	3.18548	12	64486620	TG	T	0.0014451409242404781	2.840089800218302
12:12247718:T:C	0.00100648	0.000122633	2.10502	3.1852	12	12247718	T	C	0.0014465399873744638	2.839669556446665
12:32119869:T:TCAAAA	0.00359829	8.90545e-05	3.69896	3.18506	12	32119869	T	TCAAAA	0.0014472399869985071	2.8394594464986533
12:78404079:AT:A	0.00886169	0.000219405	3.69858	3.1847	12	78404079	AT	A	0.001449041419929507	2.8389192003192125
12:76594287:T:C	0.00129145	3.10397e-05	3.72825	3.18439	12	76594287	T	C	0.0014505943096840192	2.8384540304987573
12:103883794:C:T	5.39716e-05	0.0168689	-5.74477	-3.18423	12	103883794	C	T	0.0014513964011616735	2.8382139581165164
12:90757178:T:C	9.31767e-05	0.0192736	-5.33199	-3.18416	12	90757178	T	C	0.001451747444705142	2.8381089297178743
12:91691829:G:A	0.000439162	0.0256267	-4.06652	-3.1835	12	91691829	G	A	0.001455061133186396	2.8371187597723893
12:21448569:T:C	0.00333906	0.000171799	2.96712	3.1831	12	21448569	T	C	0.0014570728204616312	2.8365187428529577
12:100861804:G:A	6.69107e-05	0.00592261	-4.48317	-3.18308	12	100861804	G	A	0.0014571734720794836	2.836488743712283
12:39711117:A:C	6.7169e-06	0.000403364	-4.09521	-3.18304	12	39711117	A	C	0.0014573747945390949	2.83642874591816
12:59656794:C:T	0.00763281	4.22912e-05	5.19563	3.18285	12	59656794	C	T	0.0014583314263412882	2.836143765267614
12:26909926:G:A	0.000239633	0.0245604	-4.62978	-3.18267	12	26909926	G	A	0.0014592382429015306	2.835873797119093
12:28350789:T:C	4.26458e-06	0.000466639	-4.69521	-3.18226	12	28350789	T	C	0.0014613057097907002	2.8352589187772397
12:8779605:T:G	9.91502e-06	0.00108489	-4.69518	-3.18223	12	8779605	T	G	0.0014614570937957281	2.8352139303587407
12:113875088:C:T	9.28991e-05	0.0191686	-5.32951	-3.18204	12	113875088	C	T	0.001462416194839592	2.8349290121938555
12:38390135:A:G	0.000257131	6.19515e-06	3.72582	3.182	12	38390135	A	G	0.0014626181847486252	2.834869031289942
12:69744447:G:A	0.000143702	0.0114835	-4.38093	-3.18183	12	69744447	G	A	0.0014634769287350134	2.8346141196955483
12:79377105:T:TTTTGTTTTG	0.0416958	0.00238633	2.86064	3.18092	12	79377105	T	TTTTGTTTTG	0.00146808164068545	2.833249792435407
12:102591464:C:T	0.000144019	0.0218453	-5.0218	-3.18076	12	102591464	C	T	0.001468892639180545	2.833009945472757
12:99075826:C:T	3.00635e-05	0.00619365	-5.32797	-3.18072	12	99075826	C	T	0.0014690954533031237	2.832949985356068
12:41571372:TCTCTCACA:T	0.0117401	0.000299241	3.66951	3.18062	12	41571372	TCTCTCACA	T	0.0014696026015148414	2.83280008790629
12:105799723:A:G	0.000308565	0.0126481	-3.71333	-3.18049	12	105799723	A	G	0.0014702621353856807	2.832605227291144
12:99076058:G:A	3.00832e-05	0.00619365	-5.32731	-3.18016	12	99076058	G	A	0.0014719375619369997	2.8321106119287784
12:55802925:T:TA	5.20631e-05	0.0161841	-5.73933	-3.17988	12	55802925	T	TA	0.0014733605154924384	2.831690972959162
12:12249174:T:C	0.00104931	0.000128698	2.09842	3.17955	12	12249174	T	C	0.0014750391952108367	2.8311964393213294
12:69489817:GT:G	0.00634927	0.000153415	3.72295	3.17918	12	69489817	GT	G	0.0014769234469812669	2.8306420147863744
12:101808915:T:G	1.57858e-05	0.00324629	-5.32616	-3.17917	12	101808915	T	G	0.0014769744034736976	2.8306270311108364
12:103894875:ACTGT:A	0.000181598	7.49215e-06	3.18794	3.17872	12	103894875	ACTGT	A	0.0014792691230577212	2.829952807729663
12:13745972:T:TA	0.000314939	0.0285347	-4.5065	-3.17855	12	13745972	T	TA	0.0014801368717456819	2.829698122513561
12:26909475:T:C	0.000239085	0.0243884	-4.62504	-3.1782	12	26909475	T	C	0.001481924890253783	2.8291738075408697
12:31396400:C:T	6.50646e-05	0.00683894	-4.65501	-3.17809	12	31396400	C	T	0.0014824872498387558	2.829009033106016
12:113506621:G:GTAT	0.036593	0.00442951	2.11157	3.17798	12	113506621	G	GTAT	0.001483049806053331	2.8288442635832776
12:23405239:A:C	2.10742e-05	0.00318537	-5.01828	-3.17759	12	23405239	A	C	0.0014850459088762023	2.828260120310796
12:86832601:T:C	1.16284e-05	0.00175665	-5.01772	-3.1771	12	86832601	T	C	0.0014875573418721183	2.827526284235611
12:74430904:T:C	0.00355655	0.000236033	2.71258	3.17702	12	74430904	T	C	0.0014879677431639665	2.8274064835198027
12:82155084:T:C	0.000196947	0.0200565	-4.62337	-3.17662	12	82155084	T	C	0.0014900213149236742	2.826807518911536
12:28755354:G:A	2.04328e-06	0.00016033	-4.36268	-3.17542	12	28755354	G	A	0.001496197708319214	2.8250110147878815
12:60138851:C:CT	0.000676416	2.73506e-05	3.20807	3.17521	12	60138851	C	CT	0.001497280999200226	2.8246966866643675
12:85671550:G:A	1.86312e-05	0.00202309	-4.68755	-3.17491	12	85671550	G	A	0.001498829811151934	2.8242476775411234
12:85671309:A:T	1.86312e-05	0.00202309	-4.68755	-3.17491	12	85671309	A	T	0.001498829811151934	2.8242476775411234
12:91594105:G:A	5.35053e-05	0.00805458	-5.01422	-3.17394	12	91594105	G	A	0.0015038477438431988	2.8227961314012675
12:34219837:G:C	3.37115e-05	0.000359079	-2.3657	-3.17381	12	34219837	G	C	0.0015045214251263235	2.822601623312479
12:90761135:T:G	0.000101361	0.0206991	-5.31916	-3.17317	12	90761135	T	G	0.0015078420653024415	2.821644145044274
12:19448607:A:T	1.2327e-05	0.000595565	-3.87772	-3.17309	12	19448607	A	T	0.0015082576197160092	2.821524471950721
12:65631284:TA:T	0.00813782	0.000469587	2.85242	3.17301	12	65631284	TA	T	0.0015086732796302958	2.8214048014549173
12:10240313:T:G	0.00183678	0.000161348	2.4322	3.17255	12	10240313	T	G	0.001511065372720342	2.820716746516324
12:2911540:A:T	0.00012746	0.0055717	-3.77765	-3.17253	12	2911540	A	T	0.0015111694559822655	2.8206868330325
12:29415048:G:A	0.00202918	1.57003e-05	4.86171	3.1719	12	29415048	G	A	0.0015144514613018643	2.819744641397859
12:23383357:T:C	0.000190882	2.65731e-06	4.27434	3.17155	12	23383357	T	C	0.0015162776335530916	2.8192212712101092
12:46100533:T:A	6.20349e-05	0.0064753	-4.64805	-3.17152	12	46100533	T	A	0.0015164342569503582	2.8191764132218227
12:19523132:G:A	1.85359e-05	0.00278236	-5.01134	-3.17136	12	19523132	G	A	0.0015172698334575865	2.8189371767869833
12:42121656:GA:G	0.000783344	1.53251e-05	3.93408	3.17121	12	42121656	GA	G	0.001518053571592771	2.8187129020659665
12:123175963:A:G	1.22758e-05	0.00128058	-4.64744	-3.17094	12	123175963	A	G	0.001519465240047475	2.818309230581237
12:20404827:G:GTTTT	0.00407515	0.000529224	2.04125	3.17093	12	20404827	G	GTTTT	0.0015195175472790332	2.818294280353729
12:64672311:C:T	0.000109938	0.0337914	-5.72804	-3.17085	12	64672311	C	T	0.0015199360648469624	2.8181746799947995
12:16306711:A:C	0.00191079	0.04571	-3.1748	-3.17079	12	16306711	A	C	0.0015202500227008836	2.8180849814302604
12:10260497:T:G	8.93637e-05	0.00930978	-4.64611	-3.16968	12	10260497	T	G	0.0015260690285373378	2.8164258215352422
12:20018765:C:T	0.00268912	1.51381e-05	5.17976	3.16967	12	20018765	C	T	0.0015261215451324247	2.8164108764216222
12:74072061:T:C	5.23061e-06	0.000227909	-3.77442	-3.16956	12	74072061	T	C	0.0015266993375543639	2.816246482850448
12:70659239:G:A	0.00071964	0.025739	-3.57701	-3.1693	12	70659239	G	A	0.0015280658297858523	2.815857935749264
12:79944990:CT:C	0.000191302	2.86837e-06	4.20011	3.16918	12	79944990	CT	C	0.001528696898393925	2.8156786155713807
12:59469977:G:T	4.16206e-05	1.69078e-06	3.20341	3.16845	12	59469977	G	T	0.0015325410738343736	2.814587877070183
12:61262507:AG:A	0.00420437	3.26691e-05	4.85745	3.16842	12	61262507	AG	A	0.001532699243949798	2.8145430568268934
12:25124280:CT:C	0.0200811	0.000113219	5.17821	3.16839	12	25124280	CT	C	0.001532857429100415	2.814498236948862
12:33814846:CA:C	0.000127644	7.40156e-06	2.84755	3.16833	12	33814846	CA	C	0.0015331738445123887	2.814408598288565
12:84399262:C:A	3.31873e-05	0.00334996	-4.61454	-3.16828	12	84399262	C	A	0.001533437569974603	2.8143339005210435
12:61254003:CA:C	0.00103393	3.53157e-05	3.37679	3.16807	12	61254003	CA	C	0.0015345456732350849	2.8140201809768457
12:70657255:G:C	0.00072252	0.0277305	-3.64754	-3.16799	12	70657255	G	C	0.0015349680017670737	2.8139006734772414
12:38978347:A:G	1.88887e-05	0.00169258	-4.49545	-3.16787	12	38978347	A	G	0.001535601695288009	2.8137214170978595
12:101307297:T:TAC	1.9363e-05	0.00392787	-5.31249	-3.16746	12	101307297	T	TAC	0.0015377686332512914	2.8131090018953784
12:64472195:C:G	2.20942e-06	0.000117186	-3.97104	-3.16719	12	64472195	C	G	0.0015391971787687194	2.812705741334264
12:59999339:C:T	0.000943216	8.55125e-06	4.70322	3.16701	12	59999339	C	T	0.0015401502213504405	2.8124369173961403
12:63360997:T:C	1.80801e-05	0.00142256	-4.3654	-3.16696	12	63360997	T	C	0.001540415051834256	2.8123622464134828
12:23160893:T:TA	1.23063e-05	0.00123982	-4.61261	-3.16647	12	23160893	T	TA	0.0015430126108999355	2.811630524473551
12:80985123:CA:C	0.00218808	5.62662e-05	3.66068	3.16634	12	80985123	CA	C	0.001543702435988856	2.8114364105174308
12:113508936:G:A	0.0461621	0.00565803	2.09908	3.1662	12	113508936	G	A	0.0015444456421666339	2.8112273723884367
12:55380797:G:A	0.000323758	1.35314e-05	3.17498	3.16602	12	55380797	G	A	0.001545401677166728	2.8109586207671517
12:77522842:T:TATTTCAA	0.000100808	0.00567583	-4.03076	-3.16591	12	77522842	T	TATTTCAA	0.0015459861890469036	2.810794390137947
12:44893461:T:C	2.46691e-06	0.000255947	-4.642	-3.1658	12	44893461	T	C	0.0015465709045188456	2.8106301644190412
12:1352088:A:C	0.00105196	9.08235e-05	2.4495	3.16577	12	1352088	A	C	0.0015467304077173302	2.810585376438811
12:25217476:ATATATT:A	0.0117346	6.01968e-05	5.27268	3.16563	12	25217476	ATATATT	A	0.0015474749563043812	2.810376370693513
12:83425726:TCAC:T	0.00454891	2.33417e-05	5.2724	3.16539	12	83425726	TCAC	T	0.0015487520932511343	2.810018093634894
12:18179803:G:C	7.37844e-05	0.0149301	-5.30999	-3.16532	12	18179803	G	C	0.001549124774328045	2.809913600562437
12:89779163:T:C	0.00209407	3.77026e-05	4.01714	3.16532	12	89779163	T	C	0.001549124774328045	2.809913600562437
12:81918971:A:AGT	3.26006e-05	0.00256053	-4.36364	-3.16527	12	81918971	A	AGT	0.0015493910256585456	2.809838963870947
12:10250527:C:T	9.23801e-06	0.00137715	-5.00445	-3.16516	12	10250527	C	T	0.001549976926931128	2.809674766720724
12:109381922:A:T	0.000116802	0.00312324	-3.28615	-3.16381	12	109381922	A	T	0.0015571841703136895	2.8076600197884236
12:10263782:C:T	0.00795538	0.000112286	4.26055	3.16373	12	10263782	C	T	0.0015576122332605867	2.807540650588753
12:10263799:C:T	0.00795538	0.000112286	4.26055	3.16373	12	10263799	C	T	0.0015576122332605867	2.807540650588753
12:84031890:T:G	4.60004e-06	0.000476208	-4.63979	-3.16371	12	84031890	T	G	0.0015577192659269369	2.807510808694618
12:4816357:T:C	0.000122397	0.00948642	-4.35035	-3.16353	12	4816357	T	C	0.0015586828647382847	2.80724223895148
12:74955796:G:A	1.54317e-05	0.00165578	-4.67561	-3.16347	12	74955796	G	A	0.0015590041862978531	2.807152718625388
12:95234284:CTT:C	0.000323174	6.37644e-06	3.92558	3.1632	12	95234284	CTT	C	0.001560450888282646	2.806749895235419
12:10260979:T:TAAA	9.10955e-05	0.00942221	-4.63892	-3.16288	12	10260979	T	TAAA	0.0015621670987796073	2.8062725132266366
12:20020544:C:G	1.28611e-05	0.00259495	-5.30712	-3.16286	12	20020544	C	G	0.0015622744196227213	2.806242678230717
12:17380816:C:CATT	0.00664253	0.000131185	3.92464	3.16232	12	17380816	C	CATT	0.0015651746499070753	2.8054371946933028
12:109383070:A:G	0.00011668	0.00311361	-3.2841	-3.16181	12	109383070	A	G	0.0015679183075557645	2.804676568884992
12:73812282:C:T	2.27062e-06	0.000337207	-5.00064	-3.16174	12	73812282	C	T	0.0015682952334476663	2.8045721775011865
12:1727813:C:T	0.000338958	3.85652e-05	2.17353	3.16123	12	1727813	C	T	0.0015710439271127655	2.8038116717162502
12:70948516:G:A	0.00141642	2.80109e-05	3.92329	3.16105	12	70948516	G	A	0.0015720151128549393	2.803543283107071
12:87537519:C:T	9.23284e-05	0.0185891	-5.30498	-3.16103	12	87537519	C	T	0.0015721230564971183	2.803513462961996
12:40725429:G:GA	0.00927081	5.27401e-05	5.16925	3.16095	12	40725429	G	GA	0.0015725548993144904	2.803394184004692
12:103882281:C:CA	5.79407e-05	0.0116635	-5.3048	-3.16087	12	103882281	C	CA	0.001572986851348356	2.8032749076441767
12:13947259:G:T	0.000655114	0.0512158	-4.35899	-3.16083	12	13947259	G	T	0.0015732028683292426	2.8032152704377125
12:79505922:T:C	9.71502e-05	0.00148924	-2.72976	-3.16057	12	79505922	T	C	0.0015746076446091057	2.802827644419789
12:111834972:C:T	0.000259072	2.86187e-05	2.20304	3.16039	12	111834972	C	T	0.001575580858490199	2.8025593040133012
12:46423014:T:G	0.00352484	9.17685e-05	3.64832	3.15997	12	46423014	T	G	0.0015778538449968346	2.8019332275214444
12:99691811:A:G	7.83809e-05	0.00837883	-4.67188	-3.1599	12	99691811	A	G	0.0015782329694668598	2.801828888397867
12:23794099:G:T	0.00260848	0.000234281	2.41	3.15982	12	23794099	G	T	0.001578666357273106	2.8017096461196194
12:23379896:A:C	0.000538917	4.2354e-06	4.84608	3.15915	12	23379896	A	C	0.0015823002839584807	2.8007110939794093
12:91697155:A:G	0.0215011	0.000547331	3.67081	3.15902	12	91697155	A	G	0.0015830062656923868	2.8005173661545464
12:28437218:T:C	2.68859e-05	0.00286952	-4.6703	-3.15838	12	28437218	T	C	0.0015864860980931376	2.7995637291405564
12:1386570:T:C	0.000217625	0.00567428	-3.26093	-3.15832	12	1386570	T	C	0.00158681269317723	2.799474334190589
12:19631051:C:CT	0.00077411	0.0368523	-3.86296	-3.15813	12	19631051	C	CT	0.001587847319331333	2.799191259818091
12:33016280:G:C	2.71189e-05	0.00129081	-3.86279	-3.15796	12	33016280	G	C	0.001588773563854034	2.798937995162789
12:58538043:C:T	0.00373647	0.000104624	3.57552	3.1579	12	58538043	C	T	0.0015891005924274163	2.7988486104367984
12:1200563:C:CT	0.00258876	0.000286736	2.20037	3.15781	12	1200563	C	CT	0.0015895912514831978	2.798714536086356
12:33468289:G:A	0.000112438	0.00487374	-3.76922	-3.15778	12	33468289	G	A	0.0015897548354925962	2.7986698453664856
12:107755834:C:G	4.56328e-05	0.00217123	-3.86242	-3.15759	12	107755834	C	G	0.0015907912274954448	2.798386812619943
12:61275252:A:G	1.39303e-05	0.000662508	-3.86197	-3.15713	12	61275252	A	G	0.0015933029634541856	2.797701636097061
12:121404465:G:A	0.000129805	0.00681023	-3.96015	-3.15686	12	121404465	G	A	0.0015947789430743047	2.7972995072503055
12:63362866:G:C	1.94466e-05	0.00151292	-4.35413	-3.15617	12	63362866	G	C	0.0015985566113089567	2.7962719790083432
12:28418028:A:C	2.05307e-05	0.00218576	-4.6678	-3.15599	12	28418028	A	C	0.0015995434437963952	2.7960039599282176
12:16632020:A:ATAT	0.000276043	0.021227	-4.34247	-3.15593	12	16632020	A	ATAT	0.0015998725125574529	2.7959146231557894
12:111835177:C:T	0.000257868	2.86187e-05	2.19839	3.1559	12	111835177	C	T	0.0016000370703061863	2.795869955317251
12:46990512:A:G	3.79022e-05	0.00389095	-4.6314	-3.15577	12	46990512	A	G	0.0016007503339432255	2.795676398902711
12:38377503:G:A	6.78238e-06	0.00135606	-5.29801	-3.15506	12	38377503	G	A	0.001604651017834129	2.7946194040744348
12:85041656:A:G	0.000253008	0.0105199	-3.7276	-3.15491	12	85041656	A	G	0.0016054762246606412	2.7943961214740862
12:7741124:G:A	0.000104025	0.0110592	-4.66639	-3.15464	12	7741124	G	A	0.0016069625813983474	2.7939942357950986
12:1002971:C:CCA	7.26122e-06	0.00145092	-5.29741	-3.15454	12	1002971	C	CCA	0.0016075134052568494	2.7938453967522294
12:73394261:C:CGT	2.23255e-05	0.00446094	-5.29739	-3.15453	12	73394261	C	CGT	0.001607568497200172	2.79383051307106
12:7741064:G:C	9.10106e-05	0.0134036	-4.9923	-3.15424	12	7741064	G	C	0.001609166919751632	2.7933989039636864
12:58060178:T:A	2.11364e-05	0.000855086	-3.70021	-3.15302	12	58060178	T	A	0.0016159073533259939	2.7915835427524676
12:42207112:A:G	3.15779e-06	0.00094901	-5.70555	-3.15286	12	42207112	A	G	0.0016167932695840828	2.7913455073778204
12:20769563:CCTGT:C	0.00966464	0.000657987	2.68704	3.15279	12	20769563	CCTGT	C	0.0016171809985018515	2.7912413701668783
12:61297032:G:C	2.84898e-05	0.00251319	-4.47976	-3.15271	12	61297032	G	C	0.0016176242220571019	2.7911223586453957
12:61297023:A:G	2.84898e-05	0.00251319	-4.47976	-3.15271	12	61297023	A	G	0.0016176242220571019	2.7911223586453957
12:39701112:AAATGCTCC:A	1.17989e-05	0.000666588	-4.03417	-3.15198	12	39701112	AAATGCTCC	A	0.0016216738049257928	2.7900364984402297
12:104831728:C:T	1.31556e-05	0.00262023	-5.29417	-3.15177	12	104831728	C	T	0.0016228404803504863	2.7897241677328237
12:101799728:A:G	2.91806e-05	0.00169618	-4.06263	-3.15126	12	101799728	A	G	0.00162567705175879	2.788965724774725
12:45366917:A:G	0.00247372	6.46704e-05	3.64417	3.15037	12	45366917	A	G	0.0016306380789912786	2.78764242016071
12:61029460:C:T	4.24573e-05	0.00843149	-5.29123	-3.14925	12	61029460	C	T	0.0016369009678637103	2.785977594510671
12:73352101:G:T	9.63069e-05	0.00362164	-3.62714	-3.14912	12	73352101	G	T	0.0016376293423360003	2.7857843887746867
12:62469922:AT:A	0.00419078	3.57095e-05	4.76522	3.14907	12	62469922	AT	A	0.0016379095657727053	2.7857100807014374
12:20018871:C:G	0.00262729	1.51673e-05	5.15456	3.14875	12	20018871	C	G	0.0016397040409289812	2.7852345330441066
12:78128128:C:T	4.78053e-05	0.00699717	-4.98612	-3.14868	12	78128128	C	T	0.0016400968234568845	2.7851305125304684
12:10517596:G:C	0.000139962	0.014259	-4.62377	-3.14856	12	10517596	G	C	0.0016407703663779958	2.7849521962737303
12:115080414:GA:G	0.0540756	0.000283192	5.25201	3.14847	12	115080414	GA	G	0.001641275690600013	2.7848184629140404
12:115190552:A:G	0.00185997	0.0489539	-3.27032	-3.14831	12	115190552	A	G	0.0016421743984010903	2.784580722830885
12:42197739:G:C	5.21349e-06	0.000550514	-4.6596	-3.14813	12	42197739	G	C	0.0016431859859486334	2.7843132776484105
12:62275397:C:T	9.09744e-05	0.00775403	-4.44539	-3.14739	12	62275397	C	T	0.0016473507620958746	2.78321391884865
12:42193207:C:T	9.4147e-06	0.00071759	-4.33363	-3.14739	12	42193207	C	T	0.0016473507620958746	2.78321391884865
12:131666617:G:A	0.00159345	0.000166282	2.25997	3.14687	12	131666617	G	A	0.0016502831701319413	2.7824415293168765
12:60950855:A:C	0.00164797	6.86975e-05	3.17759	3.14671	12	60950855	A	C	0.0016511864153709122	2.7822038930626456
12:60950853:A:T	0.00164797	6.86975e-05	3.17759	3.14671	12	60950853	A	T	0.0016511864153709122	2.7822038930626456
12:46102751:G:GTTTTTT	6.73622e-05	0.00684819	-4.62166	-3.14657	12	46102751	G	GTTTTTT	0.0016519771280873198	2.7819959698571806
12:82937920:T:TA	0.00105809	0.0175416	-2.80811	-3.14643	12	82937920	T	TA	0.0016527681892050687	2.7817880546008666
12:20889915:AT:A	0.00404494	0.000364535	2.4066	3.14641	12	20889915	AT	A	0.0016528812263851497	2.781758353070301
12:1345330:A:G	5.89161e-05	0.00137262	-3.14836	-3.14634	12	1345330	A	G	0.001653276912536485	2.7816543989908586
12:70658140:G:A	0.000745919	0.0260261	-3.55224	-3.14613	12	70658140	G	A	0.0016544644940016439	2.7813425486761574
12:105013933:G:A	6.60099e-05	0.019671	-5.69709	-3.1461	12	105013933	G	A	0.001654634212557565	2.781298000091232
12:122019348:CA:C	0.0302784	0.000756669	3.68926	3.14608	12	122019348	CA	C	0.0016547473671610436	2.7812683012373958
12:2525645:T:TC	0.0178897	0.00169265	2.35793	3.14586	12	2525645	T	TC	0.0016559925378140368	2.7809416245520375
12:67819303:CACACA:C	0.0372254	0.000968356	3.64915	3.14548	12	67819303	CACACA	C	0.00165814531791949	2.7803774110565547
12:108992242:T:TA	0.00606149	0.000660433	2.21682	3.14528	12	108992242	T	TA	0.001659279394071529	2.7800804801075
12:113628198:T:A	0.000379403	0.0156045	-3.71672	-3.14445	12	113628198	T	A	0.0016639934405739756	2.7788483900213414
12:113628214:A:C	0.000379403	0.0156045	-3.71672	-3.14445	12	113628214	A	C	0.0016639934405739756	2.7788483900213414
12:41186544:T:G	0.000819043	7.39647e-05	2.40455	3.14432	12	41186544	T	G	0.0016647329003364995	2.778655437362068
12:28436160:T:C	2.6867e-05	0.00282562	-4.65559	-3.14429	12	28436160	T	C	0.001664903587826704	2.7786109107986103
12:41186375:A:T	0.00081899	7.39647e-05	2.40448	3.14425	12	41186375	A	T	0.001665131196193966	2.7785515426150913
12:10249502:T:C	3.3069e-06	0.000652567	-5.2849	-3.14383	12	10249502	T	C	0.0016675228130909473	2.7779282158631426
12:63363401:G:C	1.97018e-05	0.00151292	-4.34109	-3.14368	12	63363401	G	C	0.0016683777276036125	2.7777056165026712
12:1345940:C:T	5.89161e-05	0.00136811	-3.14507	-3.1433	12	1345940	C	T	0.0016705453161126563	2.7771417389598616
12:39701104:AATGG:A	1.18335e-05	0.00066254	-4.02515	-3.14319	12	39701104	AATGG	A	0.0016711732593221265	2.7769785221791095
12:77258365:T:TTG	2.16766e-05	0.00227645	-4.65414	-3.1429	12	77258365	T	TTG	0.0016728297870234738	2.7765482469139906
12:61481046:G:C	0.00559229	0.000148178	3.63073	3.14284	12	61481046	G	C	0.0016731727054418045	2.7764592287033465
12:33625025:GTA:G	0.00192	5.05947e-05	3.63624	3.14269	12	33625025	GTA	G	0.0016740302844444345	2.7762366895637047
12:61512699:G:A	6.76512e-05	0.00573712	-4.44035	-3.14263	12	61512699	G	A	0.0016743734292569822	2.776147676462629
12:51424072:AAAAAC:A	0.0155523	0.000223584	4.24218	3.14178	12	51424072	AAAAAC	A	0.0016792416043028488	2.774886814364127
12:123352828:A:C	5.44294e-06	0.000550539	-4.61658	-3.14177	12	123352828	A	C	0.0016792989543659566	2.7748719824360846
12:44892259:G:C	1.98672e-06	0.000288461	-4.97807	-3.14144	12	44892259	G	C	0.001681192517582818	2.7743825515596083
12:65574091:A:C	0.000186992	0.00648942	-3.54686	-3.1411	12	65574091	A	C	0.0016831455157261669	2.7738783356314234
12:103885190:C:T	5.52744e-05	0.00542086	-4.5857	-3.14107	12	103885190	C	T	0.0016833179392537337	2.7738338482412352
12:90604418:A:G	0.000207547	0.0158907	-4.33813	-3.14085	12	90604418	A	G	0.001684582875029552	2.7735076185310836
12:104025958:A:C	4.40403e-05	0.00865959	-5.28132	-3.14076	12	104025958	A	C	0.001685100600734892	2.77337416657908
12:53881341:T:A	0.000204985	0.00959134	-3.84568	-3.14062	12	53881341	T	A	0.0016859062427695634	2.7731665811822226
12:81105979:C:T	3.89531e-05	0.00338989	-4.4662	-3.1396	12	81105979	C	T	0.0016917866236281281	2.771654413179092
12:70947755:A:G	2.84073e-05	0.0013278	-3.84463	-3.13956	12	70947755	A	G	0.0016920176107807993	2.7715951210693826
12:59999163:C:T	7.845e-06	0.00231848	-5.68879	-3.13945	12	59999163	C	T	0.0016926529750419814	2.771432071112895
12:71219496:C:T	3.39731e-05	0.00195059	-4.05032	-3.13925	12	71219496	C	T	0.0016938087450753818	2.7711356292164098
12:7328554:C:T	0.0155452	0.000125235	4.82132	3.13896	12	7328554	C	T	0.001695485901073834	2.7707058172756285
12:83709649:G:C	1.95545e-05	0.00112203	-4.04969	-3.13865	12	83709649	G	C	0.0016972804120825166	2.770246400841057
12:61394553:C:T	2.70007e-05	0.00264045	-4.58284	-3.13837	12	61394553	C	T	0.0016989027621701007	2.7698314775532387
12:113325754:T:TG	0.020779	0.00273135	2.02915	3.13831	12	113325754	T	TG	0.0016992505941379266	2.7697425695558975
12:10264230:G:A	0.00795538	0.000115484	4.23248	3.13825	12	10264230	G	A	0.0016995984916081917	2.7696536630182313
12:49511930:T:C	0.000218231	0.00277166	-2.54165	-3.1376	12	49511930	T	C	0.0017033715824336482	2.768690602420547
12:102904739:A:G	0.00689455	0.000657848	2.34951	3.13733	12	102904739	A	G	0.0017049411298690528	2.768290612222461
12:70653955:C:G	0.000793863	0.0274389	-3.54281	-3.13731	12	70653955	C	G	0.0017050574455414558	2.7682609844947152
12:79580785:C:T	5.50356e-06	0.000234644	-3.75267	-3.13724	12	79580785	C	T	0.0017054646078739982	2.768157288724782
12:13947503:C:T	0.00065847	0.0502196	-4.33424	-3.13713	12	13947503	C	T	0.0017061046150792353	2.767994342243143
12:91694160:G:A	0.000453431	0.0252292	-4.01892	-3.13712	12	91694160	G	A	0.0017061628085048614	2.7679795291699003
12:85670919:G:A	1.863e-05	0.00194465	-4.64806	-3.13707	12	85670919	G	A	0.0017064538030183963	2.7679054644118657
12:58542439:C:T	0.00458065	0.00013154	3.55028	3.1363	12	58542439	C	T	0.0017109408867418978	2.7667649951376205
12:19523818:G:T	4.49119e-05	0.00191261	-3.75152	-3.13619	12	19523818	G	T	0.0017115827838008802	2.7666020905790143
12:5202356:G:GA	0.0707902	0.0014375	3.89682	3.13612	12	5202356	G	GA	0.0017119913790594275	2.7664984265959838
12:38512525:G:C	1.39623e-05	0.00105177	-4.32187	-3.13604	12	38512525	G	C	0.0017124584549168956	2.766379955905145
12:51427026:T:C	0.000296665	0.012629	-3.75115	-3.13585	12	51427026	T	C	0.0017135682298272462	2.766098598413843
12:42428467:G:A	0.000125562	0.012618	-4.61008	-3.13562	12	42428467	G	A	0.00171491252653258	2.7657580273489457
12:10263276:C:T	0.000106605	0.0103931	-4.57977	-3.13548	12	10263276	C	T	0.001715731268892011	2.7655507337231686
12:42425039:T:TTATGTATG	1.35232e-05	0.0019503	-4.97133	-3.13538	12	42425039	T	TTATGTATG	0.0017163163049445157	2.765402671712773
12:74073924:T:C	5.25047e-06	0.000220378	-3.73703	-3.13521	12	74073924	T	C	0.0017173112873016833	2.7651509755996706
12:23786543:CA:C	0.000195858	0.0190825	-4.57914	-3.13488	12	23786543	CA	C	0.0017192442381376823	2.7646624224747884
12:83281121:T:C	2.51363e-05	0.00217661	-4.46121	-3.13478	12	83281121	T	C	0.001719830375724349	2.7645143847899045
12:53881803:G:A	0.000110267	0.0215257	-5.27409	-3.13458	12	53881803	G	A	0.0017210032022595574	2.7642183215827467
12:28903822:C:G	0.00021074	0.0205249	-4.57877	-3.13454	12	28903822	C	G	0.0017212378558126569	2.764159110887326
12:28903816:C:T	0.00021074	0.0205249	-4.57877	-3.13454	12	28903816	C	T	0.0017212378558126569	2.764159110887326
12:82793369:C:CTT	5.38595e-05	0.0158096	-5.682	-3.13402	12	82793369	C	CTT	0.001724291030709966	2.763389430875392
12:58058689:T:C	1.8309e-05	0.000725926	-3.68005	-3.13387	12	58058689	T	C	0.0017251726793392993	2.7631674281670175
12:85670598:C:T	1.86975e-05	0.00194465	-4.64444	-3.13361	12	85670598	C	T	0.001726701852405087	2.762782645080794
12:109597521:C:T	0.00447892	0.000568538	2.06407	3.13316	12	109597521	C	T	0.0017293514440328954	2.762116739118126
12:64749249:CTT:C	0.0103148	0.000149689	4.23278	3.13308	12	64749249	CTT	C	0.0017298228737818433	2.7619983644303945
12:85666363:C:T	1.16357e-05	0.000430024	-3.60977	-3.13305	12	85666363	C	T	0.0017299996904037735	2.7619539745914037
12:109597455:A:T	0.00447807	0.000568538	2.06388	3.13298	12	109597455	A	T	0.001730412327157523	2.761850399719323
12:41192803:T:C	3.62862e-05	0.00124831	-3.53811	-3.13292	12	41192803	T	C	0.0017307660878372805	2.761761622838592
12:16666962:A:G	0.00406826	0.000476151	2.14524	3.13255	12	16666962	A	G	0.0017329490820208794	2.7612141976566713
12:123067453:TCA:T	6.38131e-05	3.75846e-07	5.13453	3.13212	12	123067453	TCA	T	0.0017354892561864863	2.7605780705511207
12:70669505:C:CTA	0.016479	0.0015805	2.34435	3.13209	12	70669505	C	CTA	0.001735666605346133	2.760533692387452
12:96726070:T:C	4.41034e-05	0.00251352	-4.0429	-3.13203	12	96726070	T	C	0.0017360213536617994	2.760444937154658
12:76580190:T:G	0.00310957	7.88311e-05	3.67493	3.132	12	76580190	T	G	0.0017361987528206318	2.7604005600855324
12:27047484:GAAAC:G	0.00127763	1.0389e-05	4.81202	3.13137	12	27047484	GAAAC	G	0.0017399279879101116	2.759468725913063
12:45410928:A:C	3.44498e-05	0.00669911	-5.27023	-3.13127	12	45410928	A	C	0.0017405206068793328	2.7593208305233268
12:14882712:GA:G	0.0213443	0.000185741	4.74419	3.13118	12	14882712	GA	G	0.0017410541226330668	2.759187728138533
12:104025880:G:A	4.35769e-05	0.0037566	-4.45674	-3.13046	12	104025880	G	A	0.0017453276651531746	2.758123027266859
12:43858212:T:C	0.00145414	0.000193064	2.01915	3.13032	12	43858212	T	C	0.0017461597509694643	2.757916026500562
12:102595223:G:A	0.000162111	0.0232223	-4.96459	-3.12932	12	102595223	G	A	0.001752113836791245	2.756437680654127
12:113324328:C:A	0.0209625	0.00278144	2.01977	3.12924	12	113324328	C	A	0.0017525909691357314	2.7563194304977783
12:107757143:A:G	4.81023e-05	0.00222522	-3.83428	-3.12907	12	107757143	A	G	0.0017536052720453338	2.756068157529236
12:53691966:T:C	0.000101048	0.00569087	-4.03102	-3.12866	12	53691966	T	C	0.001756053752903884	2.7554621944479973
12:38746733:C:T	2.31221e-06	0.000448263	-5.26718	-3.12865	12	38746733	C	T	0.0017561135111962074	2.755447415711875
12:43669756:T:A	0.00010403	0.00786232	-4.32516	-3.12844	12	43669756	T	A	0.0017573688673066946	2.755137071616715
12:1197564:G:A	0.00207352	0.000275379	2.01886	3.12836	12	1197564	G	A	0.0017578473151877068	2.755018849996708
12:42206856:T:C	5.18354e-06	0.000263842	-3.92986	-3.12811	12	42206856	T	C	0.001759343236800753	2.754649424154419
12:3831280:TA:T	0.0190365	0.000112678	5.12958	3.12801	12	3831280	TA	T	0.0017599419330865806	2.7545016609109036
12:92428084:CT:C	0.00136782	0.0400506	-3.37692	-3.12796	12	92428084	CT	C	0.0017602413514644943	2.7544277808091526
12:73824689:T:TAATAA	3.56302e-06	0.000355138	-4.6019	-3.12789	12	73824689	T	TAATAA	0.0017606606158729644	2.7543243503691084
12:10246509:C:T	0.000552436	5.23547e-06	4.65888	3.12777	12	10246509	C	T	0.0017613795684652636	2.754147045664119
12:33468934:C:T	0.000114772	0.00483056	-3.73977	-3.12773	12	33468934	C	T	0.0017616192793019475	2.754087945392854
12:44314158:G:C	0.000184677	0.00205128	-2.40761	-3.12764	12	44314158	G	C	0.001762158738347535	2.753954972153695
12:1723468:GAAAA:G	0.00335427	3.17998e-05	4.65853	3.12745	12	1723468	GAAAA	G	0.0017632980951208246	2.75367426165281
12:94024351:G:A	5.9942e-05	0.0059702	-4.60116	-3.12719	12	94024351	G	A	0.001764858312429357	2.753290155205383
12:51813089:GC:G	0.00510279	0.000104607	3.88733	3.12718	12	51813089	GC	G	0.0017649183461255179	2.753275382427672
12:39949285:C:G	0.000101144	0.0144502	-4.96192	-3.12691	12	39949285	C	G	0.0017665399657483761	2.752876532750707
12:20020337:C:T	1.34159e-05	0.00259495	-5.26488	-3.12669	12	20020337	C	T	0.00176786229807481	2.7525515659718627
12:20020155:T:C	1.34159e-05	0.00259495	-5.26488	-3.12669	12	20020155	T	C	0.00176786229807481	2.7525515659718627
12:10266565:A:C	0.0103385	0.000152039	4.21949	3.12647	12	10266565	A	C	0.001769185540309273	2.7522266188104347
12:16644864:T:A	6.76746e-05	0.00966274	-4.96132	-3.12638	12	16644864	T	A	0.0017697271290645356	2.7520936915349226
12:90136968:C:CT	0.00384119	7.21545e-05	3.97473	3.1261	12	90136968	C	CT	0.001771413046706805	2.7516801610063593
12:87265194:A:AT	3.55994e-05	0.00687934	-5.26395	-3.12589	12	87265194	A	AT	0.0017726784537252993	2.751370033963206
12:84011224:G:A	2.38549e-05	0.00204582	-4.45157	-3.12546	12	84011224	G	A	0.0017752721184333055	2.7507350676927693
12:69252253:C:CAAAA	7.1336e-05	0.00111903	-2.75282	-3.12541	12	69252253	C	CAAAA	0.0017755739336494567	2.750661239269164
12:122435615:CTATTTTATT:C	0.00270044	1.60388e-05	5.12616	3.12517	12	122435615	CTATTTTATT	C	0.0017770233033891952	2.75030687694035
12:61299921:T:TAAAA	0.00261202	3.82687e-05	4.22325	3.12426	12	61299921	T	TAAAA	0.001782528715528012	2.7489634651816175
12:32123882:GA:G	0.00859587	8.1849e-05	4.65416	3.12359	12	32123882	GA	G	0.0017865921673739726	2.747974574340116
12:26906291:G:A	0.000361534	0.0371947	-4.63356	-3.12318	12	26906291	G	A	0.001789082954908173	2.747369521912437
12:40728486:C:T	3.78592e-05	0.0109613	-5.66825	-3.12303	12	40728486	C	T	0.0017899950158482738	2.7471481782897187
12:18176525:A:G	8.2167e-05	0.0158203	-5.26029	-3.12276	12	18176525	A	G	0.0017916378026062525	2.7467497827477247
12:84013210:G:A	2.15591e-05	0.00213718	-4.59644	-3.12273	12	84013210	G	A	0.0017918204199856092	2.746705518400105
12:113731585:A:C	0.000670791	0.0280727	-3.73409	-3.12193	12	113731585	A	C	0.0017966965325360042	2.7455252703449196
12:10252955:T:TA	1.27746e-05	0.00131202	-4.63187	-3.12156	12	10252955	T	TA	0.0017989558568226418	2.7449794933379126
12:82154528:G:C	0.000200537	0.019262	-4.56489	-3.12144	12	82154528	G	C	0.0017996891712352533	2.7448024964933655
12:121593758:TA:T	0.00010494	0.00449884	-3.75819	-3.121	12	121593758	TA	T	0.0018023803419276842	2.7441535579902228
12:58509050:A:C	5.70983e-05	0.00810264	-4.95517	-3.12085	12	58509050	A	C	0.001803298631519908	2.7439323468872647
12:51447718:C:CT	0.000147267	0.0208978	-4.95515	-3.12083	12	51447718	C	CT	0.0018034211026154326	2.743902852762453
12:1198198:G:A	0.00205407	0.000275073	2.01054	3.12033	12	1198198	G	A	0.001806485365569147	2.743165552323642
12:46101687:A:AAT	6.41457e-05	0.00615261	-4.56347	-3.1201	12	46101687	A	AAT	0.0018078965327536954	2.742826428141597
12:38200450:G:A	1.03894e-05	0.00147285	-4.95417	-3.11994	12	38200450	G	A	0.001808878811722885	2.7425905283104677
12:31394612:G:GAT	0.000112851	0.0111533	-4.59342	-3.11988	12	31394612	G	GAT	0.0018092472927729623	2.7425020685483332
12:113592593:G:A	0.00019691	0.0194498	-4.59285	-3.11933	12	113592593	G	A	0.001812628251639634	2.7416912553727677
12:3810651:A:G	0.000112227	0.0158972	-4.95337	-3.11923	12	3810651	A	G	0.0018132435948986004	2.7415438479652687
12:63360908:C:A	1.82177e-05	0.0013636	-4.31549	-3.11917	12	63360908	C	A	0.001813612892995976	2.7414554054658438
12:63360739:C:T	1.82177e-05	0.0013636	-4.31549	-3.11917	12	63360739	C	T	0.001813612892995976	2.7414554054658438
12:105688296:A:G	0.000208257	0.0105008	-3.92043	-3.11916	12	105688296	A	G	0.001813674449398627	2.7414406651911007
12:77454802:C:T	0.00275632	4.08672e-05	4.21132	3.11906	12	77454802	C	T	0.0018142901190379708	2.7412932646723993
12:99068591:A:G	0.0021747	0.000203951	2.36677	3.11865	12	99068591	A	G	0.0018168163731379081	2.7406889649115027
12:31393857:T:C	0.000114636	0.0113096	-4.59164	-3.1182	12	31393857	T	C	0.0018195928118382469	2.7400257874857132
12:121873815:CA:C	2.98921e-05	0.00286065	-4.56121	-3.11797	12	121873815	CA	C	0.0018210133857339797	2.7396868618223027
12:121181718:A:G	0.00203115	0.000241298	2.13032	3.11743	12	121181718	A	G	0.0018243526524869976	2.7388912075506235
12:67352131:A:T	0.000364607	2.23046e-05	2.79403	3.11685	12	67352131	A	T	0.001827945539219965	2.738036747534673
12:93509772:GA:G	8.10618e-05	0.0010064	-2.51892	-3.11657	12	93509772	GA	G	0.001829682362367075	2.737624298381385
12:77454852:G:C	0.00272899	4.05836e-05	4.20832	3.11633	12	77454852	G	C	0.001831172274713547	2.7372707958195717
12:105014275:T:C	8.69726e-05	0.00717195	-4.41234	-3.11618	12	105014275	T	C	0.0018321040359670386	2.737049868570164
12:58060241:T:G	2.22033e-05	0.000864077	-3.66142	-3.11616	12	58060241	T	G	0.0018322283037112827	2.7370204122923916
12:69744691:CA:C	0.000155859	0.00835062	-3.98114	-3.11611	12	69744691	CA	C	0.0018325390069572304	2.736946772307034
12:64483446:T:A	5.08602e-05	0.00195908	-3.65115	-3.11611	12	64483446	T	A	0.0018325390069572304	2.736946772307034
12:104026821:C:A	4.55191e-05	0.00386612	-4.44187	-3.11609	12	104026821	C	A	0.001832663301810886	2.7369173165965197
12:45414910:C:T	2.97098e-05	0.00567243	-5.2519	-3.11557	12	45414910	C	T	0.0018358976883016355	2.736151525010655
12:61594605:C:CTG	6.95497e-05	0.00572982	-4.4114	-3.11529	12	61594605	C	CTG	0.0018376414527223792	2.7357392210751446
12:107010134:T:TTTTCA	0.00336872	6.4039e-05	3.9628	3.11507	12	107010134	T	TTTTCA	0.0018390126208097167	2.7354152902675186
12:58508240:T:TTG	6.17349e-05	0.00335773	-3.99617	-3.11496	12	58508240	T	TTG	0.0018396985573190217	2.735253332217563
12:2804062:G:GC	0.028697	0.00126644	3.12059	3.1148	12	2804062	G	GC	0.0018406967028054323	2.735017765623828
12:100863252:A:G	7.19789e-05	0.00592335	-4.41028	-3.11424	12	100863252	A	G	0.001844194131813931	2.734193364227146
12:104026280:C:CAAA	4.52943e-05	0.00383945	-4.4399	-3.11419	12	104026280	C	CAAA	0.0018445066989868952	2.734119763138311
12:51421086:T:A	0.0144825	0.000301041	3.87345	3.11411	12	51421086	T	A	0.0018450069077072752	2.7340020035030044
12:96641639:T:C	0.000882057	4.88214e-05	2.89409	3.11369	12	96641639	T	C	0.0018476350488791538	2.733383807959135
12:61277886:A:C	1.00085e-05	0.000953384	-4.55658	-3.1136	12	61277886	A	C	0.0018481986692968158	2.733251346783746
12:91692098:CT:C	0.000497593	0.0206492	-3.72565	-3.11331	12	91692098	CT	C	0.001850015854263884	2.7328245497646533
12:28418628:T:C	2.14803e-05	0.00218576	-4.62258	-3.11266	12	28418628	T	C	0.001854094819583512	2.7318680595286837
12:59591755:A:G	0.000204587	0.0208123	-4.6223	-3.11239	12	59591755	A	G	0.0018557915866161292	2.731470798518486
12:27041200:T:A	1.76044e-05	0.00172588	-4.58534	-3.11224	12	27041200	T	A	0.0018567348512744638	2.7312501107190816
12:14090528:G:T	0.000122254	0.00486168	-3.68304	-3.11206	12	14090528	G	T	0.0018578673502782567	2.730985297392292
12:41935130:CCTCTCTCTC:C	0.0202105	0.000522949	3.65447	3.1119	12	41935130	CCTCTCTCTC	C	0.0018588745487754187	2.7307499187880806
12:122013281:A:G	0.000581004	0.0552263	-4.55444	-3.11158	12	122013281	A	G	0.0018608904508328316	2.730279192693612
12:87378511:C:G	0.000168334	0.00765381	-3.81701	-3.11157	12	87378511	C	G	0.0018609534801222048	2.7302644831716205
12:26906058:G:A	0.000366065	0.0371947	-4.62111	-3.11125	12	26906058	G	A	0.0018629714532107508	2.729793799858472
12:114662000:G:A	0.020319	0.000878265	3.14136	3.11107	12	114662000	G	A	0.0018641074463003305	2.729529058725341
12:44852272:C:A	0.0156191	0.000250119	4.13431	3.11096	12	44852272	C	A	0.001864801977532139	2.729367278938981
12:15103357:C:T	0.0205589	0.000183215	4.72039	3.11094	12	15103357	C	T	0.0018649282814752163	2.7293378649590236
12:30456679:TAA:T	0.00377847	5.62362e-05	4.20751	3.10969	12	30456679	TAA	T	0.0018728378904222078	2.7274998127699863
12:30456675:CAGA:C	0.00377847	5.62362e-05	4.20751	3.10969	12	30456675	CAGA	C	0.0018728378904222078	2.7274998127699863
12:6517203:G:C	8.55574e-05	0.00476418	-4.01969	-3.10939	12	6517203	G	C	0.001874740776360585	2.727058774431778
12:67819300:CA:C	0.0245542	0.00115243	3.05901	3.10907	12	67819300	CA	C	0.0018767724788040254	2.726588373723421
12:76524614:T:C	1.00798e-05	0.00102181	-4.6188	-3.10903	12	76524614	T	C	0.0018770265837690476	2.7265295765515627
12:76524568:C:G	1.00798e-05	0.00102181	-4.6188	-3.10903	12	76524568	C	G	0.0018770265837690476	2.7265295765515627
12:100918270:T:C	0.00126043	4.5837e-05	3.31412	3.10864	12	100918270	T	C	0.001879505763899055	2.725956338092911
12:43993576:A:G	0.000144391	0.00156856	-2.38539	-3.10797	12	43993576	A	G	0.0018837718915191454	2.7249716876643206
12:60142271:CAA:C	0.000700755	2.08042e-05	3.517	3.10781	12	60142271	CAA	C	0.0018847919830361007	2.724736574160919
12:28417957:A:C	2.05496e-05	0.0020794	-4.61699	-3.10731	12	28417957	A	C	0.0018879830401933508	2.7240019113004097
12:38198976:G:A	9.64431e-06	0.00134808	-4.94007	-3.10726	12	38198976	G	A	0.0018883024186860827	2.7239284505841197
12:84398265:A:C	0.00129181	3.83796e-05	3.51628	3.10719	12	84398265	A	C	0.0018887496319448698	2.7238256072826084
12:42357052:G:A	5.16351e-05	5.85888e-06	2.17624	3.10696	12	42357052	G	A	0.0018902197319769947	2.723487707552539
12:26307112:C:A	0.000301285	0.0149919	-3.90721	-3.1066	12	26307112	C	A	0.0018925228681355055	2.7229588640365776
12:100847723:G:A	0.00410956	6.6143e-05	4.12925	3.10648	12	100847723	G	A	0.001893291152774755	2.7227825945304187
12:58018771:C:G	0.00247622	8.27181e-05	3.39905	3.10644	12	58018771	C	G	0.0018935473113059318	2.7227238393245616
12:105366060:C:T	4.68187e-05	0.00255964	-4.00134	-3.10638	12	105366060	C	T	0.0018939316087880976	2.722635707730957
12:101409128:G:A	0.00040859	0.029846	-4.29109	-3.10635	12	101409128	G	A	0.00189412378439085	2.7225916424809853
12:38388085:A:G	4.93914e-06	0.000415147	-4.43144	-3.10601	12	38388085	A	G	0.0018963030266098812	2.722092261792779
12:95149656:C:CAA	0.000566394	8.46351e-06	4.20353	3.106	12	95149656	C	CAA	0.0018963671568161336	2.7220775748343278
12:73810601:T:C	2.41619e-06	0.000337207	-4.9385	-3.10586	12	73810601	T	C	0.0018972651888800288	2.7218719616690725
12:3801418:ATT:A	0.0344193	0.000189791	5.20045	3.10568	12	3801418	ATT	A	0.0018984203754501081	2.721607613550694
12:79383053:G:GC	0.0299342	0.00283398	2.35732	3.10527	12	79383053	G	GC	0.001901054045631965	2.721005536271807
12:95227317:T:C	3.89497e-05	0.00543225	-4.93784	-3.10526	12	95227317	T	C	0.0019011183233898167	2.7209908523107247
12:103818453:G:C	0.000224665	0.0226828	-4.61475	-3.10516	12	103818453	G	C	0.0019017612107587053	2.7208440149276596
12:65587600:T:TACACACACA	0.000129566	0.00643484	-3.90529	-3.10478	12	65587600	T	TACACACACA	0.001904206004112835	2.720286069811906
12:109596630:T:TG	0.00445667	0.000583173	2.03367	3.10448	12	109596630	T	TG	0.0019061381426425201	2.7198456281398067
12:33470085:T:C	0.000116686	0.00479523	-3.71589	-3.10335	12	33470085	T	C	0.001913432038794519	2.718186958420238
12:16668091:A:T	0.00406195	0.000489503	2.11603	3.10294	12	16668091	A	T	0.0019160848274830708	2.7175852680694157
12:129384762:G:A	0.00066662	0.0490454	-4.29828	-3.1027	12	129384762	G	A	0.0019176392461299529	2.7172330906748305
12:26907303:A:AC	0.039134	0.000352164	4.71065	3.10265	12	26907303	A	AC	0.0019179632290682552	2.7171597233206377
12:71629557:T:TACACACAC	7.27108e-05	0.00384141	-3.9671	-3.10203	12	71629557	T	TACACACAC	0.0019219847956582858	2.7162500522490682
12:122288808:CT:C	0.00588446	3.59491e-05	5.09797	3.10175	12	122288808	CT	C	0.0019238035239074426	2.715839284086112
12:55196966:C:G	2.27688e-06	0.000165525	-4.28632	-3.10174	12	55196966	C	G	0.0019238685077067113	2.71582461438183
12:39163927:GGATAGATA:G	0.0020154	3.02585e-05	4.19879	3.10162	12	39163927	GGATAGATA	G	0.001924648470535458	2.7156485810894386
12:101029301:A:C	0.000248145	0.0207608	-4.42681	-3.10153	12	101029301	A	C	0.0019252336331951072	2.7155165599473823
12:95187566:T:C	2.08136e-05	0.00586549	-5.64124	-3.10142	12	95187566	T	C	0.0019259490538574707	2.715355205228728
12:19440582:A:G	3.72726e-05	0.00350425	-4.54347	-3.10123	12	19440582	A	G	0.001927185355472865	2.715076513166152
12:3809996:A:G	0.000118938	0.0165129	-4.9333	-3.10117	12	3809996	A	G	0.001927575917879975	2.7149885081838465
12:107854534:A:G	0.00023589	0.0116708	-3.90148	-3.10117	12	107854534	A	G	0.001927575917879975	2.7149885081838465
12:20777869:C:T	0.000267284	0.00759881	-3.34744	-3.10083	12	20777869	C	T	0.0019297904780312316	2.7144898408235347
12:3834790:AGAG:A	0.0210781	0.000316783	4.19777	3.10068	12	3834790	AGAG	A	0.0019307682323625361	2.714269855400866
12:26308212:C:A	0.000305929	0.0151272	-3.9009	-3.10062	12	26308212	C	A	0.0019311594614455977	2.714181863783215
12:90137720:T:G	0.00467626	7.57704e-05	4.12255	3.10055	12	90137720	T	G	0.0019316159873750765	2.7140792087386396
12:28437156:CT:C	0.00296708	2.67671e-05	4.70816	3.10053	12	28437156	CT	C	0.001931746441555109	2.71404987909039
12:104108948:G:C	0.00169586	2.55033e-05	4.19714	3.10009	12	104108948	G	C	0.0019346184810295876	2.7134046678131476
12:20747434:A:AC	0.000726828	0.0182024	-3.22062	-3.09961	12	20747434	A	AC	0.0019377560861946906	2.712700890384525
12:38400121:C:T	4.45488e-06	0.000617222	-4.93123	-3.09931	12	38400121	C	T	0.0019397194613464729	2.7122610768735202
12:114150473:C:A	0.000159913	0.00674964	-3.74262	-3.09873	12	114150473	C	A	0.0019435205001217622	2.711410874099962
12:41456577:G:C	0.00185651	0.000134703	2.62338	3.09767	12	41456577	G	C	0.0019504849012257591	2.7098574072284864
12:41456586:A:T	0.00185629	0.000134703	2.62326	3.09756	12	41456586	A	T	0.001951208932763863	2.709696224460842
12:17194511:A:G	0.0012949	0.0711608	-4.00651	-3.09654	12	17194511	A	G	0.0019579344415249613	2.708201853983653
12:86865801:T:C	0.00124791	9.06601e-05	2.62211	3.09643	12	86865801	T	C	0.0019586610113710066	2.708040721550003
12:72544884:T:G	7.16474e-05	6.84284e-06	2.34855	3.0962	12	72544884	T	G	0.001960181002784144	2.707703824112451
12:3804699:CA:C	0.0105128	0.000158799	4.19271	3.09599	12	3804699	CA	C	0.0019615697666819434	2.707396240811958
12:86843989:A:T	1.47717e-05	1.0737e-06	2.62161	3.09595	12	86843989	A	T	0.001961834395527268	2.70733765554126
12:20017535:T:C	1.44142e-05	0.00268912	-5.22876	-3.09575	12	20017535	T	C	0.00196315803142365	2.70704473890596
12:28908176:C:T	0.000445303	0.0359315	-4.39061	-3.09566	12	28908176	C	T	0.0019637539350040025	2.7069129317043257
12:54442498:C:T	0.000278899	0.0268639	-4.56769	-3.09556	12	54442498	C	T	0.001964416244842122	2.706766483104819
12:83751297:T:C	9.06588e-05	0.00497691	-4.00546	-3.09551	12	83751297	T	C	0.0019647474766527695	2.7066932603235188
12:16639456:G:A	0.000115756	0.0159696	-4.92696	-3.09548	12	16639456	G	A	0.0019649462403485626	2.706649327140642
12:60001397:C:T	7.92653e-06	0.00109304	-4.9265	-3.09506	12	60001397	C	T	0.0019677308709758713	2.70603430084509
12:5737707:G:A	0.000591878	0.0240877	-3.70616	-3.09492	12	5737707	G	A	0.0019686598859023144	2.7058293079525804
12:42274065:A:G	7.1745e-06	0.00051786	-4.27917	-3.09484	12	42274065	A	G	0.0019691909323322552	2.7057121727200886
12:33021575:TTTCC:T	0.0010174	1.00098e-05	4.62144	3.09462	12	33021575	TTTCC	T	0.0019706519881315214	2.7053900641927835
12:86866653:A:C	0.00125207	9.11558e-05	2.61998	3.09437	12	86866653	A	C	0.0019723134866797476	2.7050240555637437
12:41935126:CCTCTCT:C	0.0328999	0.000323811	4.62107	3.09429	12	41935126	CCTCTCT	C	0.0019728454377377336	2.7049069381472077
12:20742584:A:AG	0.000718764	0.0202803	-3.33987	-3.09387	12	20742584	A	AG	0.001975640342127563	2.704292114225155
12:95138207:A:AAAAT	5.77206e-06	0.000554952	-4.56585	-3.09382	12	95138207	A	AAAAT	0.001975973310827254	2.7042189256586786
12:43898028:GCACA:G	0.00601826	0.000712599	2.13363	3.09341	12	43898028	GCACA	G	0.0019787055978150525	2.7036188175952947
12:84011435:G:A	2.33825e-05	0.00233164	-4.60234	-3.09327	12	84011435	G	A	0.001979639367836456	2.703413918235232
12:44002397:AC:A	0.000486357	6.44144e-05	2.02161	3.0931	12	44002397	AC	A	0.0019807737752053313	2.703165122538312
12:85946571:A:G	0.000357348	3.93518e-05	2.20617	3.09288	12	85946571	A	G	0.0019822427175390186	2.7028431690061288
12:20777780:T:C	0.000286129	0.00720299	-3.22581	-3.09284	12	20777780	T	C	0.0019825099053682187	2.702784634105687
12:20777785:G:A	0.000286129	0.00720299	-3.22581	-3.09284	12	20777785	G	A	0.0019825099053682187	2.702784634105687
12:27049894:A:ATT	7.3805e-06	0.000735473	-4.60167	-3.09262	12	27049894	A	ATT	0.001983980029417548	2.7024627037329543
12:82441292:T:TTATA	0.000583006	5.30868e-06	4.69885	3.09262	12	82441292	T	TTATA	0.001983980029417548	2.7024627037329543
12:60136662:T:G	0.000725873	3.20657e-05	3.11959	3.09247	12	60136662	T	G	0.001984982960365371	2.70224321698704
12:7742648:A:C	0.000288877	0.0239119	-4.41613	-3.09121	12	7742648	A	C	0.001993425970708245	2.700399887972434
12:28354597:C:T	4.68326e-06	0.000465959	-4.6001	-3.09112	12	28354597	C	T	0.0019940303023185347	2.700268246210053
12:62498393:T:C	0.000113366	1.079e-05	2.35201	3.09068	12	62498393	T	C	0.0019969872337092347	2.6996247114674823
12:68450506:C:T	0.0455106	0.0016802	3.29903	3.09056	12	68450506	C	T	0.0019977943676934783	2.6994492155954877
12:10245649:T:C	0.000552436	5.46166e-06	4.61658	3.09032	12	10245649	T	C	0.001999409533946489	2.6990982413412454
12:3808546:C:T	0.000120428	0.0165129	-4.92085	-3.08998	12	3808546	C	T	0.002001699737713636	2.698601067732829
12:3808490:G:T	0.000120428	0.0165129	-4.92085	-3.08998	12	3808490	G	T	0.002001699737713636	2.698601067732829
12:61504507:T:C	0.000115427	0.0107158	-4.53084	-3.08931	12	61504507	T	C	0.0020062198345002008	2.6976214802491074
12:98238115:ATG:A	0.00361742	0.000160088	3.11779	3.08927	12	98238115	ATG	A	0.002006489987112206	2.697563003163019
12:73814339:C:T	2.1493e-06	0.000294445	-4.91995	-3.08917	12	73814339	C	T	0.00200716551470984	2.697416813281669
12:7741074:C:T	9.78592e-05	0.0134036	-4.91975	-3.08899	12	7741074	C	T	0.002008381990384143	2.697153681697141
12:51311098:CT:C	0.0123113	6.93043e-05	5.17977	3.08852	12	51311098	CT	C	0.0020115615340832653	2.696466677731516
12:107758024:C:T	5.10353e-05	0.00226728	-3.79382	-3.08807	12	107758024	C	T	0.002014610106127113	2.6958089917768824
12:38200202:G:A	1.03234e-05	0.00141237	-4.91861	-3.08797	12	38200202	G	A	0.002015288142107995	2.695662850475207
12:57495445:C:T	4.85222e-05	0.00388337	-4.38244	-3.08793	12	57495445	C	T	0.002015559415131292	2.69560439508804
12:28434596:GT:G	0.00249574	2.28563e-05	4.69311	3.08774	12	28434596	GT	G	0.002016848419661857	2.695326740844335
12:69759813:G:A	1.80155e-05	0.000698528	-3.65774	-3.08773	12	69759813	G	A	0.0020169162829561963	2.695312127867907
12:103904959:T:C	4.39449e-05	0.0121731	-5.62405	-3.08767	12	103904959	T	C	0.002017323506729062	2.695224450859461
12:99342943:C:T	5.91907e-05	0.016387	-5.62348	-3.08721	12	99342943	C	T	0.0020204480631732832	2.6945523088774355
12:28416392:C:T	0.00204067	1.87027e-05	4.69237	3.0871	12	28416392	C	T	0.0020211958973761044	2.694391591963951
12:83649366:A:T	2.05116e-05	0.000910285	-3.79277	-3.087	12	83649366	A	T	0.0020218759670568606	2.694245489929483
12:83649367:C:A	2.05116e-05	0.000910285	-3.79277	-3.087	12	83649367	C	A	0.0020218759670568606	2.694245489929483
12:46422508:A:C	0.00351066	9.85238e-05	3.57326	3.08684	12	46422508	A	C	0.0020229645153076498	2.6940117350943655
12:50790197:A:AT	0.00622883	0.000231841	3.29089	3.08662	12	50790197	A	AT	0.0020244621472633533	2.6936903391170235
12:86865616:G:A	0.00123974	9.10105e-05	2.61168	3.08629	12	86865616	G	A	0.002026710502868782	2.6932082818869945
12:41456348:G:T	0.00185183	0.000135987	2.61137	3.08598	12	41456348	G	T	0.0020288246814509896	2.6927554804028717
12:41456352:A:T	0.00185183	0.000135987	2.61137	3.08598	12	41456352	A	T	0.0020288246814509896	2.6927554804028717
12:82159331:G:A	0.018938	0.000188152	4.61167	3.08598	12	82159331	G	A	0.0020288246814509896	2.6927554804028717
12:46102046:G:A	6.25835e-05	0.00619333	-4.59473	-3.08597	12	46102046	G	A	0.002028892914440776	2.6927408745510593
12:45409527:T:TA	3.63565e-05	0.00669911	-5.21636	-3.08513	12	45409527	T	TA	0.0020346320086146535	2.691514127509866
12:20017774:T:G	1.45945e-05	0.00268912	-5.21632	-3.0851	12	20017774	T	G	0.002034837251488159	2.6914703203980332
12:20017793:T:C	1.45945e-05	0.00268912	-5.21632	-3.0851	12	20017793	T	C	0.002034837251488159	2.6914703203980332
12:31393002:C:T	0.000118728	0.0113096	-4.55657	-3.08504	12	31393002	C	T	0.0020352477942269247	2.6913827072672833
12:22214139:G:A	0.000499881	0.0201642	-3.69729	-3.08436	12	22214139	G	A	0.0020399059264839784	2.690389860295154
12:31391871:T:C	0.00011883	0.0113096	-4.55571	-3.08423	12	31391871	T	C	0.0020407975647859476	2.690200072626734
12:45376883:A:T	2.63743e-05	0.00210216	-4.37833	-3.08406	12	45376883	A	T	0.00204196409288921	2.689951899074371
12:16248185:G:A	0.0322989	0.00180334	2.88539	3.08405	12	16248185	G	A	0.0020420327312379366	2.689937300994409
12:26665510:G:A	0.000247455	0.00924007	-3.62008	-3.08393	12	26665510	G	A	0.002042856556555488	2.689762127192081
12:70766547:T:C	0.00166068	0.0257228	-2.74015	-3.08359	12	70766547	T	C	0.0020451923845672495	2.6892658330717367
12:97807036:A:C	0.043773	0.00121755	3.58218	3.08341	12	97807036	A	C	0.0020464299912063147	2.6890031080687224
12:85671124:C:A	0.00202309	1.86312e-05	4.68755	3.083	12	85671124	C	A	0.0020492515495335083	2.688404727851152
12:31397047:T:C	5.80027e-05	0.00572127	-4.59146	-3.08284	12	31397047	T	C	0.0020503536133386537	2.6881712320769036
12:59584160:A:G	0.00771813	0.000205709	3.62487	3.08281	12	59584160	A	G	0.002050560310827542	2.6881274527727856
12:14089340:C:T	0.000106139	0.0100863	-4.55418	-3.08279	12	14089340	C	T	0.0020506981197740064	2.6880982667724194
12:114662909:T:C	0.000583123	0.0224808	-3.65202	-3.08222	12	114662909	T	C	0.0020546292484744004	2.6872665338211057
12:87926043:CT:C	0.00557158	0.000539473	2.33484	3.082	12	87926043	CT	C	0.002056148374497667	2.6869455492582013
12:42117045:A:G	0.000753589	1.24724e-05	4.10133	3.08178	12	42117045	A	G	0.002057668530898417	2.686624584284938
12:123349171:T:C	6.67556e-06	0.000633453	-4.55273	-3.08142	12	123349171	T	C	0.002060158283738864	2.6860994111291223
12:14473290:C:G	0.0127505	0.000355639	3.57941	3.08085	12	14473290	C	G	0.002064106045119005	2.685267994241074
12:87636662:C:CA	0.000377259	1.41287e-05	3.28473	3.08077	12	87636662	C	CA	0.002064660671907968	2.68515131467455
12:4697721:A:G	5.65034e-05	0.0103561	-5.21103	-3.08056	12	4697721	A	G	0.0020661172177522326	2.6848450431363955
12:88808224:A:G	0.000856426	0.0117728	-2.62078	-3.08039	12	88808224	A	G	0.002067297016630517	2.684597122106731
12:63354677:A:G	1.43399e-05	0.00103045	-4.2747	-3.08012	12	63354677	A	G	0.0020691720851446433	2.684203389217827
12:16667420:G:C	0.00401552	0.000495189	2.09298	3.07958	12	16667420	G	C	0.002072926903382808	2.683416011952062
12:121593605:T:C	0.00230216	0.00022475	2.32662	3.0795	12	121593605	T	C	0.002073483704022268	2.68329937350518
12:41456766:T:C	0.00182135	0.000134703	2.60426	3.07906	12	41456766	T	C	0.0020765485606268376	2.6826579083462154
12:31097447:AG:A	0.000102232	0.00449948	-3.78448	-3.0786	12	31097447	AG	A	0.002079757171607368	2.681987369454222
12:28755457:C:T	2.12385e-06	0.000150734	-4.26229	-3.07855	12	28755457	C	T	0.0020801062075545235	2.681914489952
12:117634338:A:G	0.000109814	0.0103864	-4.54947	-3.07833	12	117634338	A	G	0.0020816426041383603	2.6815938321617883
12:117634776:T:C	0.000109814	0.0103864	-4.54947	-3.07833	12	117634776	T	C	0.0020816426041383603	2.6815938321617883
12:117634763:C:T	0.000109814	0.0103864	-4.54947	-3.07833	12	117634763	C	T	0.0020816426041383603	2.6815938321617883
12:86867577:C:T	5.69471e-05	0.00275048	-3.87741	-3.07832	12	86867577	C	T	0.0020817124650728924	2.681579257273091
12:59477445:C:T	1.02001e-05	0.000549938	-3.9874	-3.0779	12	59477445	C	T	0.0020846485670246813	2.6809671484917197
12:60000503:G:A	8.08079e-06	0.00109304	-4.90723	-3.07773	12	60000503	G	A	0.0020858380687574676	2.6807194104707706
12:44840448:A:G	9.42919e-05	0.0127532	-4.90715	-3.07766	12	44840448	A	G	0.002086328044514096	2.6806174040968287
12:1730628:AC:A	0.00105461	6.72204e-05	2.75295	3.07734	12	1730628	AC	A	0.0020885692783958734	2.680151114496999
12:43846340:C:CT	0.00343723	0.000402506	2.14471	3.07717	12	43846340	C	CT	0.0020897608319067856	2.6799034150022014
12:41632987:T:C	7.12511e-05	0.00285244	-3.68972	-3.07663	12	41632987	T	C	0.0020935499037194535	2.679116682419431
12:41632964:G:A	7.12511e-05	0.00285244	-3.68972	-3.07663	12	41632964	G	A	0.0020935499037194535	2.679116682419431
12:64760829:C:CA	1.23576e-06	1.93864e-05	-2.75288	-3.07662	12	64760829	C	CA	0.002093620131103712	2.679102114410388
12:73220152:A:G	1.30598e-05	0.0012792	-4.58445	-3.07612	12	73220152	A	G	0.0020971342564001807	2.678373765554042
12:113868214:A:G	0.000116269	0.0211992	-5.20581	-3.07609	12	113868214	A	G	0.0020973452758530206	2.678330067839789
12:73492188:CA:C	0.000382884	3.69905e-05	2.33707	3.07544	12	73492188	CA	C	0.002101922148751032	2.6773833734618986
12:26665442:G:A	0.000248217	0.00919026	-3.6116	-3.07515	12	26665442	G	A	0.0021039670917821457	2.6769610572793217
12:78141038:T:C	0.00238014	0.000109184	3.08188	3.07481	12	78141038	T	C	0.002106366934750815	2.6764659713003804
12:61478718:C:T	0.000145213	0.00775385	-3.97774	-3.07465	12	61478718	C	T	0.0021074971410538932	2.6762330058492987
12:49508018:G:A	0.00197175	0.000273437	1.97561	3.07437	12	49508018	G	A	0.002109476340431298	2.675825341236238
12:58471754:T:A	0.00022067	0.011341	-3.93951	-3.07434	12	58471754	T	A	0.0021096884985787904	2.675781664766444
12:61479630:T:C	0.000128311	0.0172831	-4.90303	-3.07395	12	61479630	T	C	0.0021124483357982137	2.675213903799393
12:65652178:G:A	0.000852022	0.027519	-3.47502	-3.07393	12	65652178	G	A	0.0021125899551218416	2.6751847895113934
12:10253429:A:G	0.00126356	1.27339e-05	4.59742	3.07336	12	10253429	A	G	0.0021166297678218947	2.6743551003431287
12:76420391:A:G	5.47897e-06	1.55121e-07	3.56447	3.07326	12	76420391	A	G	0.0021173392369175995	2.6742095543951616
12:116279897:T:TA	5.20795e-05	0.00277662	-3.97622	-3.0731	12	116279897	T	TA	0.0021184748410850054	2.6739766892947276
12:78233882:A:G	0.000396615	0.0279871	-4.25653	-3.07299	12	78233882	A	G	0.0021192558929143037	2.6738166005469157
12:67830447:T:C	0.000440207	0.0178405	-3.70198	-3.07288	12	67830447	T	C	0.002120037208806322	2.6736565166950905
12:27225687:CTTTTTTTTT:C	0.000782349	4.48932e-06	5.1606	3.07261	12	27225687	CTTTTTTTTT	C	0.002121956104218792	2.6732636043615097
12:87540297:T:C	0.0137234	7.87543e-05	5.16053	3.07254	12	87540297	T	C	0.00212245385554373	2.6731617430159655
12:61314335:A:G	0.000119559	0.0084323	-4.25602	-3.0725	12	61314335	A	G	0.0021227383329417457	2.6731035374229632
12:64759493:T:C	2.08131e-05	2.34105e-06	2.18498	3.07162	12	64759493	T	C	0.0021290056885040396	2.671823178165898
12:38748022:T:A	5.82065e-06	0.000214746	-3.60804	-3.07148	12	38748022	T	A	0.0021300043308021483	2.6716195135370544
12:86862945:T:C	3.6522e-05	0.00149873	-3.71445	-3.07132	12	86862945	T	C	0.002131146162232958	2.6713867636718036
12:1381794:C:T	0.000223373	0.003485	-2.74738	-3.07126	12	1381794	C	T	0.002131574493702661	2.6712994851427334
12:30742685:C:CA	0.00169606	0.000172738	2.28429	3.07124	12	30742685	C	CA	0.0021317172884004355	2.671270392623393
12:70942420:A:G	2.10368e-05	0.0038128	-5.19984	-3.07099	12	70942420	A	G	0.0021335029623657303	2.670906749787
12:20777763:C:T	0.000276249	0.0076019	-3.31485	-3.07085	12	20777763	C	T	0.0021345035387854445	2.670703120844238
12:20777753:G:A	0.000276249	0.0076019	-3.31485	-3.07085	12	20777753	G	A	0.0021345035387854445	2.670703120844238
12:724960:G:C	0.000925836	0.0658807	-4.2649	-3.07074	12	724960	G	C	0.0021352900078041455	2.670543132238164
12:107758034:G:C	5.13304e-05	0.00224139	-3.77657	-3.07059	12	107758034	G	C	0.002136362893765963	2.670324973846804
12:20778606:A:T	0.000240196	0.00970778	-3.69923	-3.07052	12	20778606	A	T	0.002136863743020218	2.6702231697128918
12:19510865:C:CTTTTTTTT	9.61902e-06	0.000380985	-3.67902	-3.07024	12	19510865	C	CTTTTTTTT	0.002138868216867184	2.669815973002341
12:1787790:C:T	0.000226896	0.00835989	-3.60671	-3.07009	12	1787790	C	T	0.0021399427511965404	2.669597844955485
12:61198442:T:G	0.00197361	1.99651e-05	4.59363	3.07001	12	61198442	T	G	0.002140516038539418	2.6694815137193837
12:63359604:G:A	1.81661e-05	0.001291	-4.26362	-3.06951	12	63359604	G	A	0.0021441022760464055	2.668754502158756
12:44850471:A:G	0.000257916	0.0208691	-4.39339	-3.06923	12	44850471	A	G	0.00214611297455735	2.668347419865211
12:29422951:A:C	7.5756e-05	0.00387234	-3.9341	-3.06891	12	29422951	A	C	0.002148413032572564	2.6678822217977562
12:27037622:G:A	2.43111e-05	0.00227642	-4.53942	-3.06884	12	27037622	G	A	0.002148916471438854	2.6677804652429464
12:38204148:T:A	1.45137e-05	0.00103051	-4.26271	-3.06864	12	38204148	T	A	0.0021503554642528303	2.667489743152651
12:41929304:T:C	0.00013011	0.0126437	-4.57654	-3.06854	12	41929304	T	C	0.002151075291912496	2.6673443881760615
12:33166858:T:C	0.00120583	4.56167e-05	3.27465	3.06733	12	33166858	T	C	0.002159802733063312	2.665585913596475
12:20018060:A:G	1.46131e-05	0.00263722	-5.19556	-3.06732	12	20018060	A	G	0.0021598749957345105	2.665571383216515
12:26904563:CAAAAAAAA:C	0.0248596	0.000387326	4.16173	3.06732	12	26904563	CAAAAAAAA	C	0.0021598749957345105	2.665571383216515
12:20018420:C:A	1.45632e-05	0.00262729	-5.19521	-3.06702	12	20018420	C	A	0.002162043906844739	2.665135490629348
12:1386476:C:T	0.00286085	0.000406209	1.95201	3.06686	12	1386476	C	T	0.002163201475698102	2.6649030294702793
12:3832626:A:C	0.000120874	0.0161517	-4.89503	-3.06676	12	3832626	A	C	0.0021639252447321735	2.6647577465049728
12:13950138:C:T	0.000790542	0.0559912	-4.26023	-3.06627	12	13950138	C	T	0.002167474923104073	2.6640459184517638
12:89170034:T:G	3.06389e-05	0.00239589	-4.35924	-3.06603	12	89170034	T	G	0.002169215487941237	2.663697303414435
12:61505965:CT:C	0.014257	9.10064e-05	5.05407	3.06531	12	61505965	CT	C	0.002174444873390852	2.6626515981093077
12:21447803:G:A	0.00304242	0.000177199	2.84314	3.06527	12	21447803	G	A	0.0021747357333725924	2.6625935095189797
12:88806818:A:G	0.000815177	0.011009	-2.60307	-3.06431	12	88806818	A	G	0.002181727081354965	2.661199577521594
12:42560207:GCTCACTGCA:G	0.00964841	9.08833e-05	4.66497	3.0638	12	42560207	GCTCACTGCA	G	0.0021854496091133573	2.6604592027805083
12:56320746:C:CT	8.18598e-05	0.022007	-5.59411	-3.06372	12	56320746	C	CT	0.0021860340630060417	2.6603430751126176
12:70542801:G:A	0.000643539	0.033982	-3.9666	-3.06335	12	70542801	G	A	0.0021887390263276105	2.6598060183236027
12:89613128:C:T	2.80457e-05	0.00503653	-5.19064	-3.0631	12	89613128	C	T	0.0021905684406747245	2.6594431734636483
12:121875427:C:CT	1.3312e-05	0.00128595	-4.57059	-3.06284	12	121875427	C	CT	0.00219247251827413	2.6590658416274633
12:74955501:G:A	0.00152322	1.43796e-05	4.66277	3.06193	12	74955501	G	A	0.002199148742498281	2.65774539553162
12:46099288:A:G	0.000236119	0.0086313	-3.59882	-3.06192	12	46099288	A	G	0.002199222210992669	2.657730886995598
12:109636194:G:A	0.00048042	0.0130873	-3.30474	-3.06154	12	109636194	G	A	0.002202015681281421	2.657179592598717
12:73813529:A:G	2.22219e-06	0.00029517	-4.88906	-3.06139	12	73813529	A	G	0.0022031192618723896	2.6569619924674135
12:20781866:C:A	0.000276432	0.0110527	-3.68846	-3.0613	12	20781866	C	A	0.0022037816535208413	2.6568314367569625
12:90135614:G:A	6.60052e-05	0.00513532	-4.35416	-3.06123	12	90135614	G	A	0.0022042969732132267	2.6567298956916643
12:81917353:T:C	5.29692e-05	0.00425063	-4.38511	-3.06123	12	81917353	T	C	0.0022042969732132267	2.6567298956916643
12:89167197:T:G	3.3202e-05	0.0044093	-4.88886	-3.06121	12	89167197	T	G	0.002204444227694601	2.6567008843227473
12:38387400:G:A	5.25124e-06	0.000369896	-4.25476	-3.06102	12	38387400	G	A	0.0022058435950010244	2.6564252843872493
12:50782687:C:CT	0.000137879	0.00960828	-4.24401	-3.06091	12	50782687	C	CT	0.0022066541270890027	2.656265733203614
12:13950264:T:A	0.000795281	0.0560073	-4.25454	-3.06082	12	13950264	T	A	0.0022073174927250204	2.6561351949663123
12:99010760:A:T	0.00934542	0.000961818	2.27382	3.06062	12	99010760	A	T	0.00220879229299236	2.6558451217240675
12:1349719:G:C	5.32427e-05	0.00125256	-3.15809	-3.06036	12	1349719	G	C	0.002210710883454035	2.6554680506961192
12:61513241:T:C	9.82119e-05	0.00358354	-3.59698	-3.06002	12	61513241	T	C	0.00221322211399207	2.6549749990684273
12:83651165:C:T	2.16967e-05	0.000937386	-3.76594	-3.05981	12	83651165	C	T	0.0022147744738930304	2.6546704905381455
12:88533538:T:C	2.27762e-05	0.00407423	-5.18672	-3.05975	12	88533538	T	C	0.002215218188538581	2.654583491377004
12:42354088:T:A	5.73333e-05	6.83965e-06	2.12615	3.05964	12	42354088	T	A	0.0022160318769858583	2.654423996696547
12:62423670:C:CA	6.86738e-05	0.00533181	-4.35208	-3.05926	12	62423670	C	CA	0.002218844908687474	2.653873052727498
12:26912090:A:G	0.000298613	0.0268477	-4.49879	-3.05907	12	26912090	A	G	0.002220252651364832	2.653597602643808
12:74960075:A:T	1.71899e-05	0.00165365	-4.56642	-3.05884	12	74960075	A	T	0.002221957856007719	2.6532641826034626
12:59656951:G:A	4.27249e-05	0.00763281	-5.18543	-3.05864	12	59656951	G	A	0.0022234416181256844	2.6529742695245737
12:101671329:A:ACT	0.000589948	0.0254506	-3.76446	-3.05832	12	101671329	A	ACT	0.0022258175262287556	2.6525104422475936
12:109597778:C:T	0.00446903	0.000614291	1.98446	3.05804	12	109597778	C	T	0.002227898354083483	2.6521046273527333
12:58540284:G:GA	0.000115596	0.00467775	-3.70047	-3.05771	12	58540284	G	GA	0.002230353046787405	2.651626386218283
12:3795017:T:C	0.000461991	0.0427484	-4.52754	-3.05761	12	3795017	T	C	0.00223109738221592	2.651481473357574
12:122435531:C:CA	0.00098438	1.67515e-05	4.07352	3.05717	12	122435531	C	CA	0.0022343751631060944	2.650843904815967
12:28357000:G:T	4.85328e-06	0.000465959	-4.56444	-3.05695	12	28357000	G	T	0.002236015707753433	2.6505251499060627
12:42201595:C:T	5.26119e-06	0.000277439	-3.96525	-3.05629	12	42201595	C	T	0.0022409439664573994	2.64956900261826
12:61486186:AT:A	0.0236092	0.000152375	5.04305	3.05615	12	61486186	AT	A	0.0022419906333557174	2.649366206143554
12:58537013:TCTC:T	0.0178878	0.000115459	5.04295	3.05608	12	58537013	TCTC	T	0.002242514134765596	2.649264810878584
12:61505964:CTT:C	9.23795e-05	0.0121961	-4.88297	-3.05592	12	61505964	CTT	C	0.00224371113003136	2.6490330577139796
12:20783625:G:A	0.000286521	0.0113836	-3.68212	-3.05587	12	20783625	G	A	0.0022440853110948025	2.6489606369731575
12:11615624:C:T	0.000480059	0.0206562	-3.76186	-3.05568	12	11615624	C	T	0.002245507720654738	2.6486854473783827
12:123529874:C:CAAAA	0.000779065	0.0119571	-2.73099	-3.05529	12	123529874	C	CAAAA	0.0022484299919264326	2.6481206302634273
12:3819046:C:G	7.48375e-05	0.00987193	-4.88213	-3.05516	12	3819046	C	G	0.0022494048564219173	2.6479323715603416
12:28416781:T:C	0.00197095	1.87649e-05	4.65428	3.05471	12	28416781	T	C	0.0022527823786542525	2.647280759591938
12:105012599:G:A	7.30921e-05	0.019427	-5.5827	-3.0546	12	105012599	G	A	0.0022536087016324117	2.6471214891214823
12:39944708:C:T	7.29463e-05	0.0193848	-5.58252	-3.05445	12	39944708	C	T	0.002254735953236637	2.6469043100018226
12:25125353:C:T	0.000109376	0.0194441	-5.18051	-3.05443	12	25125353	C	T	0.0022548862924770454	2.64687535347332
12:66078504:A:G	0.00641705	0.000247124	3.25682	3.05431	12	66078504	A	G	0.0022557885208071915	2.64670161769912
12:27234330:C:CAT	2.86062e-05	0.007598	-5.58202	-3.05405	12	27234330	C	CAT	0.0022577444836318376	2.64632521016476
12:10262778:C:A	0.00694548	0.000110632	4.13964	3.05401	12	10262778	C	A	0.0022580455388691465	2.6462673037395925
12:120620736:C:A	0.000633782	0.0489297	-4.34643	-3.05393	12	120620736	C	A	0.002258647759685597	2.6461514928302687
12:20018763:G:C	1.51381e-05	0.00268912	-5.17976	-3.05378	12	20018763	G	C	0.0022597773203547225	2.6459343543507736
12:25124359:C:CA	0.000113126	0.0200811	-5.17903	-3.05316	12	25124359	C	CA	0.0022644516639163774	2.6450369451591813
12:17194846:G:A	0.00131405	0.0690516	-3.96174	-3.05287	12	17194846	G	A	0.002266641089687282	2.6446172426032857
12:63357547:A:C	1.51282e-05	0.00105643	-4.24609	-3.05272	12	63357547	A	C	0.0022677743121296994	2.644400168418349
12:103293176:C:T	5.78764e-05	0.00761187	-4.87915	-3.05248	12	103293176	C	T	0.0022695885477091613	2.644052868646494
12:121178653:G:A	0.00104389	0.000132242	2.06608	3.05231	12	121178653	G	A	0.0022708744356399095	2.643806878733286
12:98246482:A:T	0.000102285	0.0271079	-5.57982	-3.05229	12	98246482	A	T	0.0022710257604451893	2.6437779395117724
12:88724216:G:GTCT	0.00547909	0.000790226	1.93638	3.05209	12	88724216	G	GTCT	0.002272539516672509	2.6434885561924193
12:95825496:AC:A	0.00681472	4.42004e-05	5.03811	3.05205	12	95825496	AC	A	0.0022728423788185934	2.643430681469441
12:102748041:ATCTTCTTCT:A	0.0326038	0.000191797	5.13575	3.05198	12	102748041	ATCTTCTTCT	A	0.0022733724765508184	2.6433294022609815
12:19513206:T:C	2.45638e-05	0.00169573	-4.23459	-3.05182	12	19513206	T	C	0.0022745845538532025	2.6430979143674023
12:121404917:A:G	0.000129805	0.00609579	-3.84932	-3.05166	12	121404917	A	G	0.0022757972231467844	2.6428664368251416
12:91594782:G:GA	8.59679e-05	0.0045112	-3.96034	-3.05151	12	91594782	G	GA	0.002276934638487278	2.642649436030323
12:51453134:G:A	0.000165408	0.0217296	-4.87802	-3.05146	12	51453134	G	A	0.0022773138926445546	2.6425771044537747
12:20019010:C:T	1.51822e-05	0.00268912	-5.17685	-3.05129	12	20019010	C	T	0.0022786037896818075	2.6423311846547213
12:42352501:C:T	8.1946e-05	9.86345e-06	2.11722	3.05121	12	42352501	C	T	0.002279211031613993	2.6422154617338793
12:42215927:AAAATAAATA:A	0.000549883	2.12556e-05	3.25308	3.05077	12	42215927	AAAATAAATA	A	0.002282553512967058	2.6415790319255916
12:1361913:T:C	0.00180848	0.000179061	2.31252	3.05037	12	1361913	T	C	0.0022855960283058798	2.6410005273008204
12:95178834:G:GA	1.87974e-05	0.00332554	-5.17567	-3.05028	12	95178834	G	GA	0.0022862811060292906	2.6408703726757348
12:42124165:G:A	1.6776e-05	0.00116835	-4.2434	-3.05015	12	42124165	G	A	0.0022872709948252748	2.640682377332497
12:44899552:C:T	6.00805e-06	0.00023276	-3.65691	-3.05013	12	44899552	C	T	0.0022874233202508838	2.64065345557849
12:61507142:A:G	8.7222e-05	0.00607388	-4.2433	-3.05005	12	61507142	A	G	0.0022880327148836893	2.640537770179762
12:47450980:C:A	9.27942e-06	0.000483523	-3.9533	-3.04987	12	47450980	C	A	0.002289404396588287	2.640277487493814
12:61304514:T:TAC	0.00293026	4.65301e-05	4.14275	3.04974	12	61304514	T	TAC	0.0022903955240185605	2.6400895137010663
12:107848474:C:G	0.000185358	0.00868213	-3.84673	-3.0492	12	107848474	C	G	0.0022945167234589476	2.63930877262634
12:117635281:C:T	0.000113261	0.0103864	-4.51856	-3.04912	12	117635281	C	T	0.002295127848880336	2.639193117308964
12:45381125:A:G	0.002832	2.93357e-05	4.56993	3.04902	12	45381125	A	G	0.0022958919653183496	2.639048551801057
12:102594408:T:C	0.000159967	0.020954	-4.87512	-3.04886	12	102594408	T	C	0.0022971150363191475	2.638817255398074
12:123174995:C:T	1.41817e-05	0.00126121	-4.48788	-3.04878	12	123174995	C	T	0.0022977267955962256	2.638701611077953
12:42423679:AT:A	0.000274418	5.60528e-06	3.89095	3.04863	12	42423679	AT	A	0.002298874246481706	2.638484784952036
12:25122591:A:C	0.000115602	0.0204098	-5.17362	-3.04853	12	25122591	A	C	0.002299639505304902	2.6383402392552524
12:99924329:T:TA	0.00117931	0.000117034	2.31021	3.04802	12	99924329	T	TA	0.002303545956054681	2.637603119090976
12:19495547:C:CT	1.53405e-06	0.000200683	-4.87382	-3.04768	12	19495547	C	CT	0.0023061536322904795	2.637111764069289
12:120625906:T:C	0.0192514	0.000394058	3.88884	3.04668	12	120625906	T	C	0.0023138389467545735	2.6356668731154476
12:58537984:C:T	0.00350628	0.000111913	3.44459	3.0458	12	58537984	C	T	0.002320621419540734	2.6343957034970544
12:20278768:C:CAA	6.80914e-06	0.000603622	-4.48468	-3.04576	12	20278768	C	CAA	0.0023209301459496943	2.634337930498463
12:28417238:C:T	0.00197095	1.89645e-05	4.6437	3.04571	12	28417238	C	T	0.0023213161068568423	2.6342657151598265
12:86864487:C:T	3.62277e-05	0.00168975	-3.84251	-3.0452	12	86864487	C	T	0.002325256267064162	2.6335291764348066
12:109597968:C:G	0.0044636	0.000622127	1.97057	3.04494	12	109597968	C	G	0.0023272673325000098	2.6331537265709892
12:117608918:C:T	5.78542e-05	0.00230915	-3.68671	-3.04431	12	117608918	C	T	0.0023321469064376335	2.6322440960031974
12:83425185:A:G	0.00412295	2.44851e-05	5.12626	3.0441	12	83425185	A	G	0.0023337755119784685	2.631940921468827
12:61261873:G:A	3.45806e-05	0.00272599	-4.36729	-3.04401	12	61261873	G	A	0.0023344738045542423	2.6318109949828528
12:18033638:G:A	0.0057263	3.75129e-05	5.02814	3.04377	12	18033638	G	A	0.002336336853613016	2.6314645403616472
12:16639159:G:A	0.000128569	0.0117238	-4.5129	-3.04377	12	16639159	G	A	0.002336336853613016	2.6314645403616472
12:84330661:C:T	5.43784e-05	0.00495481	-4.51215	-3.04306	12	84330661	C	T	0.002341856348553547	2.6304397484369733
12:73821121:C:T	5.2562e-07	1.09466e-05	-3.0362	-3.04263	12	73821121	C	T	0.0023452049442828082	2.6298191988841033
12:87927927:T:C	0.000200303	0.0524434	-5.56766	-3.04257	12	87927927	T	C	0.0023456725386156257	2.6297326165165504
12:117635575:G:A	0.000114088	0.0103864	-4.51128	-3.04224	12	117635575	G	A	0.002348245833791587	2.629256439506845
12:41561470:T:G	0.000500114	0.0193562	-3.65593	-3.04214	12	41561470	T	G	0.0023490261304024342	2.629112152134072
12:41561338:A:T	0.000500114	0.0193562	-3.65593	-3.04214	12	41561338	A	T	0.0023490261304024342	2.629112152134072
12:42123953:GA:G	0.00265184	1.57893e-05	5.12368	3.04196	12	42123953	GA	G	0.002350431262626677	2.6288524450494104
12:16639269:A:C	0.000117413	0.0152625	-4.86745	-3.04196	12	16639269	A	C	0.002350431262626677	2.6288524450494104
12:90758123:G:A	0.00354845	5.68247e-05	4.13429	3.04192	12	90758123	G	A	0.002350743618731699	2.628794734142489
12:61298474:G:A	2.67774e-05	0.00469067	-5.16577	-3.04181	12	61298474	G	A	0.002351602794015814	2.628636032483241
12:29425214:T:G	7.99104e-05	0.0139892	-5.16513	-3.04126	12	29425214	T	G	0.002355902985063749	2.6278425975517328
12:117635794:C:CTTTT	0.000114215	0.0103864	-4.51017	-3.04119	12	117635794	C	CTTTT	0.0023564507983003607	2.6277416236954467
12:84020543:T:C	2.35081e-05	1.55602e-06	2.71521	3.04106	12	84020543	T	C	0.0023574684751902766	2.6275541060741743
12:98264780:GAGAA:G	0.00041075	2.07598e-05	2.98497	3.04104	12	98264780	GAGAA	G	0.0023576250765785763	2.627525257815672
12:43107101:T:G	0.00473665	0.000137117	3.54225	3.04015	12	43107101	T	G	0.0023646034887283922	2.6262416739935968
12:20018895:A:G	1.50281e-05	0.00262729	-5.16378	-3.0401	12	20018895	A	G	0.002364996094869872	2.6261695720415466
12:103879940:C:T	6.75046e-05	0.0176148	-5.5643	-3.03988	12	103879940	C	T	0.0023667242710309886	2.625852335457022
12:100856363:A:G	5.57883e-05	0.00384248	-4.23231	-3.03953	12	100856363	A	G	0.0023694760252341847	2.625347681208587
12:113593891:A:G	0.00803367	0.000235533	3.52955	3.03948	12	113593891	A	G	0.0023698693720124015	2.6252755917863873
12:83435611:G:A	0.000100714	0.00914105	-4.50825	-3.03937	12	83435611	G	A	0.0023707349453721328	2.625116998614368
12:61484167:G:A	0.000153043	0.0198344	-4.86445	-3.03926	12	61484167	G	A	0.0023716008081679963	2.6249584103329595
12:87932885:G:A	0.000400282	0.00951745	-3.16871	-3.0387	12	87932885	G	A	0.0023760133275664195	2.6241511276334704
12:93499629:G:C	7.84351e-05	0.00288986	-3.60669	-3.03863	12	93499629	G	C	0.0023765654206595118	2.624050226208115
12:56627222:T:C	0.000607856	0.0086957	-2.66065	-3.03863	12	56627222	T	C	0.0023765654206595118	2.624050226208115
12:63628868:T:C	6.07012e-05	0.0021693	-3.5762	-3.0385	12	63628868	T	C	0.0023775910480093574	2.6238628431009863
12:14088355:T:C	0.000111239	0.0100863	-4.50725	-3.03843	12	14088355	T	C	0.0023781434767185627	2.62376194733404
12:19518218:CT:C	0.00261099	2.73739e-05	4.5579	3.03837	12	19518218	CT	C	0.002378617080567158	2.6236754668243507
12:10434683:T:TA	7.05421e-05	0.00620395	-4.47673	-3.03826	12	10434683	T	TA	0.0023794855785617807	2.6235169230022355
12:27036797:T:G	2.55703e-05	0.00231772	-4.50691	-3.0381	12	27036797	T	G	0.002380749366631326	2.6232863225364547
12:32401727:CT:C	0.00432207	0.000125461	3.53949	3.0376	12	32401727	CT	C	0.0023847026660267817	2.6225657627680024
12:109600374:G:A	0.00457179	0.000642264	1.96266	3.03748	12	109600374	G	A	0.002385652351689278	2.622392843458357
12:90435410:T:A	0.000819003	3.8335e-05	3.06173	3.03741	12	90435410	T	A	0.002386206494872073	2.6222919765487136
12:108993802:G:A	0.000372476	0.00855386	-3.13397	-3.03738	12	108993802	G	A	0.002386444020877802	2.6222487484793873
12:1377603:A:G	0.00302895	0.000352638	2.15053	3.03705	12	1377603	A	G	0.002389058235877224	2.621773263723596
12:19522768:A:G	2.25739e-05	0.00291754	-4.8617	-3.03679	12	19522768	A	G	0.002391119766563222	2.621398670369017
12:28190305:G:C	2.68419e-05	0.00252273	-4.54313	-3.03653	12	28190305	G	C	0.0023931829256052754	2.6210241043348645
12:99927290:A:C	0.00123845	0.000124297	2.29894	3.03652	12	99927290	A	C	0.002393262310410625	2.621009698494533
12:27036619:G:C	2.56141e-05	0.00231772	-4.5052	-3.03649	12	27036619	G	C	0.0023935004792903693	2.620966481216024
12:27036638:G:C	2.56141e-05	0.00231772	-4.5052	-3.03649	12	27036638	G	C	0.0023935004792903693	2.620966481216024
12:84398976:T:G	0.00122696	3.95982e-05	3.43351	3.03632	12	84398976	T	G	0.002394850512824568	2.620721590174917
12:41928110:G:A	0.000107379	0.0138658	-4.86082	-3.03599	12	41928110	G	A	0.002397473156242016	2.620246246789721
12:30163081:CT:C	0.0325184	0.000342003	4.55474	3.03558	12	30163081	CT	C	0.0024007352543556075	2.619655729952102
12:101389591:G:A	0.015602	0.000142719	4.69427	3.03537	12	101389591	G	A	0.002402407658093178	2.619353296417505
12:123173711:A:G	1.43405e-05	0.00129601	-4.50396	-3.03532	12	123173711	A	G	0.0024028060066122315	2.619281291059922
12:53596866:T:C	2.10909e-05	0.000751222	-3.57286	-3.03504	12	53596866	T	C	0.0024050378758579847	2.618878079728156
12:53596872:C:T	2.10909e-05	0.000751222	-3.57286	-3.03504	12	53596872	C	T	0.0024050378758579847	2.618878079728156
12:83281602:C:A	2.84178e-05	0.0022194	-4.35798	-3.035	12	83281602	C	A	0.0024053568691839384	2.6188204806957396
12:57502670:C:T	2.2663e-05	0.00171351	-4.32556	-3.03421	12	57502670	C	T	0.0024116649283795425	2.6176830322965805
12:30243638:G:C	0.000128606	0.0223292	-5.1569	-3.0342	12	30243638	G	C	0.002411744874189398	2.6176686358320476
12:42427474:C:G	0.000123494	0.0214369	-5.15668	-3.03402	12	42427474	C	G	0.0024131843136340776	2.617409506380788
12:21446511:AT:A	0.000220842	0.00683464	-3.43231	-3.03399	12	21446511	AT	A	0.002413424296646264	2.617366319411864
12:14089722:G:A	0.000131554	0.0048224	-3.60161	-3.03375	12	14089722	G	A	0.002415344947283009	2.6170208367536323
12:114367257:G:GAAAGAAAAG	0.000271253	0.0135706	-3.91261	-3.03353	12	114367257	G	GAAAGAAAAG	0.0024171067726033494	2.6167041647647724
12:39948899:A:C	0.000101811	0.0131056	-4.85768	-3.03317	12	39948899	A	C	0.0024199922968897608	2.616186016426013
12:80352827:C:G	1.25968e-05	0.000287796	-3.12881	-3.03247	12	80352827	C	G	0.002425612065966846	2.615178655687805
12:20018892:T:G	1.51673e-05	0.00262729	-5.15456	-3.03221	12	20018892	T	G	0.0024277024490940995	2.6148045435586402
12:28417885:T:C	0.0020794	2.0333e-05	4.62759	3.032	12	28417885	T	C	0.002429392038978644	2.614502396011403
12:117640435:G:GA	0.00047955	0.0829817	-5.15353	-3.03132	12	117640435	G	GA	0.0024348704791793577	2.613524135752739
12:95827540:T:C	7.96117e-05	0.00619341	-4.35408	-3.03124	12	95827540	T	C	0.0024355157443463967	2.6134090585945065
12:59446408:C:T	1.32733e-05	0.00043941	-3.49967	-3.03123	12	59446408	C	T	0.002435596413495153	2.6133946741315612
12:41536570:C:T	0.00015706	0.00519706	-3.49922	-3.03081	12	41536570	C	T	0.0024389867266683815	2.6127905631755537
12:76428881:C:T	3.06382e-07	2.86159e-05	-4.53688	-3.03054	12	76428881	C	T	0.0024411684937872035	2.612402243771425
12:61316460:C:T	6.02104e-05	0.0077277	-4.85472	-3.03051	12	61316460	C	T	0.0024414110225761143	2.6123590989892627
12:39167956:G:A	4.20068e-05	0.00377578	-4.49853	-3.03019	12	39167956	G	A	0.0024439993687188316	2.6118989106070463
12:77452423:AAC:A	0.0175418	0.00010603	5.10862	3.02947	12	77452423	AAC	A	0.0024498323318183956	2.6108636380264225
12:41561609:CTATA:C	0.012221	0.00057766	3.05192	3.0292	12	41561609	CTATA	C	0.0024520229753705195	2.610475464810275
12:21447472:G:C	0.00294204	0.000178079	2.80463	3.02868	12	21447472	G	C	0.0024562470439807712	2.609727954940493
12:21447509:T:C	0.00294204	0.000178079	2.80463	3.02868	12	21447509	T	C	0.0024562470439807712	2.609727954940493
12:121177983:G:C	0.00101811	0.000132028	2.04268	3.02859	12	121177983	G	C	0.0024569788083907127	2.609598589323202
12:74000260:G:A	8.37873e-06	0.000411177	-3.89333	-3.02799	12	74000260	G	A	0.002461862338117517	2.608736235510082
12:1438049:A:AC	0.00531127	0.00080904	1.88174	3.02748	12	1438049	A	AC	0.0024660203200595177	2.60800334912984
12:42209565:CA:C	0.00135106	8.18886e-06	5.10587	3.02719	12	42209565	CA	C	0.002468387527577116	2.607586656682428
12:123174375:A:ATT	0.000988984	1.62259e-05	4.11007	3.02718	12	123174375	A	ATT	0.0024684691924949454	2.607572288583375
12:103880414:A:G	6.56738e-05	0.0168656	-5.54833	-3.02711	12	103880414	A	G	0.00246904091614453	2.6074717130212663
12:123351131:A:G	0.00059143	5.46584e-06	4.68403	3.02701	12	123351131	A	G	0.0024698578743961347	2.607328037080981
12:46420041:T:A	9.41264e-05	0.00728892	-4.34947	-3.02678	12	46420041	T	A	0.0024717378171076046	2.606997597750755
12:46420074:T:A	9.41264e-05	0.00728892	-4.34947	-3.02678	12	46420074	T	A	0.0024717378171076046	2.606997597750755
12:5204732:AAT:A	0.0749312	0.00156734	3.86719	3.02666	12	5204732	AAT	A	0.002472719176450184	2.6068252031062475
12:123350860:G:GCAGTGGCCC	0.00059143	5.46837e-06	4.68356	3.02663	12	123350860	G	GCAGTGGCCC	0.00247296457198346	2.6067821053541493
12:99688084:G:A	7.16211e-05	0.00554488	-4.34924	-3.02656	12	99688084	G	A	0.0024735372482189858	2.60668154534663
12:59591540:T:A	0.000205073	0.019072	-4.53261	-3.02645	12	59591540	T	A	0.0024744374131819647	2.6065235264773796
12:24788540:T:C	0.0677947	0.0032147	3.04875	3.02623	12	24788540	T	C	0.0024762386423669	2.606207503404409
12:117635902:C:T	0.000116053	0.0103864	-4.4942	-3.0261	12	117635902	C	T	0.0024773035688852685	2.606020771688816
12:117635853:G:A	0.000116053	0.0103864	-4.4942	-3.0261	12	117635853	G	A	0.0024773035688852685	2.606020771688816
12:117636103:A:T	0.000116053	0.0103864	-4.4942	-3.0261	12	117636103	A	T	0.0024773035688852685	2.606020771688816
12:117635856:A:G	0.000116053	0.0103864	-4.4942	-3.0261	12	117635856	A	G	0.0024773035688852685	2.606020771688816
12:42195137:G:C	7.23202e-06	0.000486104	-4.2079	-3.02607	12	42195137	G	C	0.002477549380658771	2.6059776807240613
12:27031108:T:C	2.76491e-05	0.000648645	-3.15529	-3.02598	12	27031108	T	C	0.002478286949884424	2.6058484100114216
12:20742781:C:T	0.000738571	0.019354	-3.26594	-3.02584	12	20742781	C	T	0.002479434679120012	2.6056473287406523
12:20742716:T:A	0.000738571	0.019354	-3.26594	-3.02584	12	20742716	T	A	0.002479434679120012	2.6056473287406523
12:45377143:G:GT	2.68421e-05	0.00201098	-4.31641	-3.02557	12	45377143	G	GT	0.002481649530396866	2.605259551508476
12:17750410:G:A	4.56978e-06	0.000175219	-3.64657	-3.02544	12	17750410	G	A	0.002482716585752897	2.6050728544562025
12:17750217:C:A	4.56978e-06	0.000175219	-3.64657	-3.02544	12	17750217	C	A	0.002482716585752897	2.6050728544562025
12:89196171:G:A	0.00185954	0.000227262	2.10198	3.02534	12	89196171	G	A	0.0024835376831951438	2.6049292459850246
12:100855448:T:C	5.51596e-05	0.00374277	-4.21735	-3.02521	12	100855448	T	C	0.0024846054813090416	2.6047425610122135
12:54443112:G:C	0.000305174	0.0272654	-4.49249	-3.02448	12	54443112	G	C	0.0024906093841150965	2.603694379900518
12:59998753:A:G	8.70538e-06	0.00110974	-4.84794	-3.02441	12	59998753	A	G	0.002491185797676172	2.603593880694569
12:117635795:C:CT	9.9312e-05	0.0254175	-5.54493	-3.02438	12	117635795	C	CT	0.002491432869418765	2.6035508102122784
12:20279816:GAGATATATA:G	0.00117243	1.15744e-05	4.61804	3.02388	12	20279816	GAGATATATA	G	0.0024955540336431357	2.6028330223680847
12:1263933:A:G	0.0011917	0.000170031	1.94716	3.02285	12	1263933	A	G	0.002504063294873053	2.601354697719322
12:32405091:A:G	0.00012897	0.0053719	-3.72936	-3.02274	12	32405091	A	G	0.0025049736178809063	2.601196843716527
12:91819589:G:GCACA	0.000152949	0.0132318	-4.46027	-3.02273	12	91819589	G	GCACA	0.0025050563895282416	2.6011824935950125
12:98996053:T:TG	0.0116898	0.000913177	2.54954	3.02227	12	98996053	T	TG	0.0025088665910613416	2.6005224316731597
12:38513197:A:C	1.57108e-05	0.00105177	-4.20388	-3.02219	12	38513197	A	C	0.0025095297757236315	2.6004076470208757
12:47667568:G:T	0.000669668	2.65672e-05	3.22711	3.02204	12	47667568	G	T	0.002510773679215552	2.6001924327660144
12:62571369:T:C	8.78257e-06	0.00111644	-4.84514	-3.02189	12	62571369	T	C	0.0025120181467042065	2.5999772276000344
12:130534166:T:TA	0.0013476	0.0666179	-3.90065	-3.02188	12	130534166	T	TA	0.002512101131262245	2.599962880912128
12:29441555:A:G	0.000237324	0.0115595	-3.88583	-3.02047	12	29441555	A	G	0.002523827090398786	2.5979404023034913
12:50031478:C:CA	0.000691414	0.00612123	-2.18078	-3.02034	12	50031478	C	CA	0.002524910724088746	2.597753973078416
12:76540487:CGT:C	0.000980715	0.000100006	2.28306	3.0203	12	76540487	CGT	C	0.002525244235449428	2.597696611613286
12:41083618:G:A	0.000166739	0.00164049	-2.28632	-3.02027	12	41083618	G	A	0.00252549439541304	2.5976535909385614
12:104827550:G:A	1.26033e-05	0.00215164	-5.14002	-3.01975	12	104827550	G	A	0.0025298341046525834	2.5969079570044906
12:10434669:A:G	7.12158e-05	0.00613818	-4.45657	-3.01923	12	10434669	A	G	0.0025341806337603207	2.596162432290213
12:59998197:T:C	8.75945e-06	0.00110974	-4.84175	-3.01885	12	59998197	T	C	0.0025373612618446876	2.5956176948373586
12:20687503:GT:G	0.0128247	0.00128745	2.29871	3.01884	12	20687503	GT	G	0.0025374450118682795	2.595603360428852
12:83285953:G:A	1.58845e-05	0.00136843	-4.45607	-3.01877	12	83285953	G	A	0.0025380313328300865	2.595503020700253
12:83286103:G:A	1.58845e-05	0.00136843	-4.45607	-3.01877	12	83286103	G	A	0.0025380313328300865	2.595503020700253
12:61196928:TACAC:T	0.00117922	1.95351e-05	4.1004	3.01841	12	61196928	TACAC	T	0.0025410486555709623	2.594987019072544
12:88531819:C:T	0.0040748	2.75274e-05	4.9974	3.01825	12	88531819	C	T	0.0025423907407077753	2.5947577018181156
12:88531718:CT:C	0.0040748	2.75274e-05	4.9974	3.01825	12	88531718	CT	C	0.0025423907407077753	2.5947577018181156
12:88530975:T:A	0.0040748	2.75274e-05	4.9974	3.01825	12	88530975	T	A	0.0025423907407077753	2.5947577018181156
12:105793229:G:C	0.00552768	0.000264374	3.04016	3.0182	12	105793229	G	C	0.00254281027524722	2.5946860422965785
12:14118761:CAAAAAAAAA:C	0.0553098	0.00332545	2.81135	3.01749	12	14118761	CAAAAAAAAA	C	0.0025487745028900744	2.5936685860617494
12:88429860:CA:C	0.00674173	0.000884211	2.03138	3.01713	12	88429860	CA	C	0.002551803504018298	2.5931527705488704
12:101407058:A:G	0.000389658	0.0345364	-4.4845	-3.01693	12	101407058	A	G	0.0025534877045965544	2.5928662289925906
12:115976801:C:T	0.0175616	0.000312914	4.02754	3.01649	12	115976801	C	T	0.0025571965248221756	2.592235894435099
12:618791:G:A	0.00111039	1.0399e-05	4.67076	3.0162	12	618791	G	A	0.0025596436673267346	2.591820489408841
12:78795674:T:TTTTATTTA	7.82e-05	0.00987767	-4.83876	-3.01616	12	78795674	T	TTTTATTTA	0.0025599813722428024	2.591763194829398
12:90443686:G:A	1.22219e-05	0.000592743	-3.88153	-3.01615	12	90443686	G	A	0.002560065804838107	2.5917488712855055
12:82154671:A:T	0.000212158	0.0182253	-4.45323	-3.01609	12	82154671	A	T	0.002560572453892031	2.5916629308702754
12:33787049:C:T	0.000156181	1.62765e-05	2.26129	3.01579	12	33787049	C	T	0.0025631070748707656	2.5912332506030404
12:619041:T:A	0.00111001	1.04047e-05	4.66987	3.01547	12	619041	T	A	0.0025658131993482342	2.590774965048136
12:20777962:C:T	0.000308291	0.00691688	-3.11068	-3.0152	12	20777962	C	T	0.00256809852389949	2.5903883187787704
12:61510057:G:A	7.65107e-05	0.00566891	-4.30532	-3.01509	12	61510057	G	A	0.0025690301155828457	2.590230804665227
12:81056262:A:G	0.000150749	0.0115303	-4.33712	-3.01484	12	81056262	A	G	0.0025711485188111022	2.589872836217045
12:32122239:A:G	9.81461e-05	0.00658661	-4.20634	-3.01466	12	32122239	A	G	0.0025726747580991096	2.589615114563476
12:70660635:C:T	0.000753429	0.0228356	-3.41144	-3.01448	12	70660635	C	T	0.0025742018258085196	2.589357405994662
12:45378118:G:GT	2.41738e-05	0.00304634	-4.83642	-3.01406	12	45378118	G	GT	0.002577768207683992	2.588756136885483
12:53599457:G:GAT	2.4958e-05	0.000870705	-3.55211	-3.01356	12	53599457	G	GAT	0.0025820197910570762	2.5880404332105984
12:92258985:C:G	0.000537542	0.0460336	-4.45012	-3.01315	12	92258985	C	G	0.002585510872948219	2.5874536315327994
12:100855777:C:G	5.5877e-05	0.00374277	-4.20443	-3.01284	12	100855777	C	G	0.0025881533362267202	2.587009997282922
12:121406284:A:AGTTGTTGTT	0.000127615	0.00575118	-3.80815	-3.01257	12	121406284	A	AGTTGTTGTT	0.0025904568482440662	2.586623637781637
12:59591316:A:ATATTAAG	0.000205073	0.0187952	-4.51799	-3.01244	12	59591316	A	ATATTAAG	0.0025915666150582964	2.5864376233359674
12:1738209:CA:C	0.00231768	0.00011154	3.03394	3.01238	12	1738209	CA	C	0.0025920789617282737	2.586351772816667
12:20661881:AGTGCCTAAT:A	0.0224514	0.00230793	2.275	3.01208	12	20661881	AGTGCCTAAT	A	0.002594642084546217	2.5859225420263647
12:17749684:C:T	4.72254e-06	0.000178243	-3.6308	-3.01193	12	17749684	C	T	0.0025959245147685016	2.5857079402600105
12:18032010:G:C	2.41447e-05	0.00221169	-4.51745	-3.01192	12	18032010	G	C	0.002596010030719214	2.5856936337986376
12:20019713:C:T	1.53469e-05	0.00259495	-5.13041	-3.01152	12	20019713	C	T	0.0025994327815664618	2.5851214084562946
12:7795322:C:CTTT	0.000329931	0.0243519	-4.30148	-3.01147	12	7795322	C	CTTT	0.0025998609154099313	2.5850498848313594
12:20783419:G:C	0.000301815	0.0113818	-3.62995	-3.01121	12	20783419	G	C	0.0026020882508548506	2.584677978255085
12:26906140:G:C	0.000370316	0.0338676	-4.51586	-3.01039	12	26906140	G	C	0.002609124356864877	2.5835052209330787
12:101799732:CTT:C	3.14397e-05	0.00153537	-3.88846	-3.01	12	101799732	CTT	C	0.002612476897538935	2.582947541384515
12:109595377:C:T	0.00419597	0.000607161	1.93309	3.00957	12	109595377	C	T	0.002616177853096159	2.5823327351212013
12:51309554:AT:A	0.00902853	8.53016e-05	4.66195	3.00901	12	51309554	AT	A	0.002621004887984003	2.581532169124937
12:42115343:T:C	0.00159719	1.09114e-05	4.98619	3.00894	12	42115343	T	C	0.0026216088394828067	2.581432107278666
12:120915285:T:G	0.000382511	2.36494e-05	2.78342	3.00852	12	120915285	T	G	0.0026252352209545768	2.580831777749104
12:14087411:A:AT	0.000118064	0.0103714	-4.47558	-3.00849	12	14087411	A	AT	0.0026254944235922853	2.5807888997938626
12:50788339:C:T	0.00733996	0.000221389	3.50117	3.00832	12	50788339	C	T	0.002626963680505973	2.5805459315781776
12:45739401:T:G	0.00130798	0.00014176	2.2221	3.00822	12	45739401	T	G	0.002627828300346174	2.5804030145491876
12:29675689:T:C	0.000342188	0.0225775	-4.18935	-3.00816	12	29675689	T	C	0.002628347197111017	2.580317266269858
12:61275121:C:T	1.13376e-05	0.00141907	-4.82963	-3.00795	12	61275121	C	T	0.0026301640734900595	2.580017158738843
12:25916756:G:A	0.000306119	0.0203999	-4.19931	-3.00794	12	25916756	G	A	0.002630250620043379	2.5800028683481693
12:38516135:T:C	1.65923e-05	0.0010937	-4.18838	-3.00723	12	38516135	T	C	0.002636402083538956	2.5789883538103835
12:24789642:A:G	0.0719939	0.00240468	3.39917	3.00692	12	24789642	A	G	0.0026390920559816945	2.5785454605917755
12:38200727:G:C	8.33359e-06	0.000708883	-4.4434	-3.00681	12	38200727	G	C	0.002640047165231908	2.5783883142601
12:27041790:G:A	1.70695e-05	0.00145155	-4.4431	-3.00652	12	27041790	G	A	0.0026425666952601384	2.577974042802781
12:104025070:CAAA:C	0.00312118	3.14516e-05	4.59752	3.00643	12	104025070	CAAA	C	0.0026433490651522834	2.5778454827027537
12:61313626:C:CAT	0.000116353	0.00989257	-4.44291	-3.00635	12	61313626	C	CAT	0.002644044682796142	2.5777312098037086
12:93340558:C:CA	0.00565745	0.000705335	2.08206	3.00626	12	93340558	C	CA	0.0026448274526490127	2.577602655880877
12:123176174:A:T	1.23927e-05	0.00105302	-4.44231	-3.00578	12	123176174	A	T	0.00264900580380407	2.5769170901900016
12:42354897:T:C	5.41548e-05	6.83965e-06	2.06911	3.00577	12	42354897	T	C	0.002649092916910144	2.5769028085605843
12:26665656:T:G	0.000234842	0.0205582	-4.4721	-3.00521	12	26665656	T	G	0.002653975431959157	2.5761031017481297
12:51493034:A:T	0.000116503	0.00989091	-4.44146	-3.00498	12	51493034	A	T	0.0026559831323731157	2.5757746874141634
12:108992306:G:A	0.00558261	0.000842524	1.89101	3.0048	12	108992306	G	A	0.002657555344385806	2.5755176823978614
12:105015410:T:C	6.72127e-05	0.0112709	-5.12211	-3.00442	12	105015410	T	C	0.0026608772524046695	2.574975159207678
12:58020451:C:G	8.1368e-05	0.0136429	-5.12199	-3.00431	12	58020451	C	G	0.0026618395654123624	2.574818123901099
12:104321454:T:C	0.000103846	0.0174014	-5.1214	-3.0038	12	104321454	T	C	0.0026663053558953634	2.574090114942295
12:92495158:T:C	0.0172808	0.00138088	2.52687	3.00374	12	92495158	T	C	0.002666831192950331	2.5740044737328485
12:39956572:A:G	0.000188469	0.00938194	-3.90761	-3.00355	12	39956572	A	G	0.002668496968963063	2.5737332861575135
12:86832930:GAT:G	0.000176792	6.60644e-06	3.28693	3.00328	12	86832930	GAT	G	0.0026708657602027824	2.5733479394096457
12:33916232:T:C	1.63391e-05	0.0010835	-4.19439	-3.00323	12	33916232	T	C	0.0026713046360807985	2.5732765821303554
12:33916231:A:G	1.63391e-05	0.0010835	-4.19439	-3.00323	12	33916231	A	G	0.0026713046360807985	2.5732765821303554
12:33916245:C:G	1.63391e-05	0.0010835	-4.19439	-3.00323	12	33916245	C	G	0.0026713046360807985	2.5732765821303554
12:33916246:C:G	1.63391e-05	0.0010835	-4.19439	-3.00323	12	33916246	C	G	0.0026713046360807985	2.5732765821303554
12:81647066:AGG:A	0.00757277	0.000126503	4.09204	3.00281	12	81647066	AGG	A	0.002674993796329832	2.5726772208288633
12:3832045:T:C	0.000113895	0.0190365	-5.11883	-3.0016	12	3832045	T	C	0.00268564813657373	2.5709508875550258
12:10257486:CTTTTT:C	0.00670724	7.33282e-05	4.516	3.00128	12	10257486	CTTTTT	C	0.002688472289980086	2.5704944354266837
12:3810716:G:GAAGAGA	0.000130047	0.00621331	-3.86656	-3.00113	12	3810716	G	GAAGAGA	0.0026897970458892207	2.5702804877208654
12:20276955:G:A	7.12515e-06	0.000353828	-3.90518	-3.00109	12	20276955	G	A	0.002690150414863845	2.5702234365332486
12:117637678:T:TTTTTA	0.00011532	0.0286669	-5.51578	-3.00107	12	117637678	T	TTTTTA	0.002690327115259215	2.570194911181639
12:20774288:C:T	0.000217921	0.00811745	-3.61764	-3.00066	12	20774288	C	T	0.0026939518114994943	2.569610177056625
12:61486415:C:T	0.000159418	0.0197905	-4.82143	-3.00057	12	61486415	C	T	0.002694748073605266	2.5694818298676645
12:61486328:A:T	0.000159418	0.0197905	-4.82143	-3.00057	12	61486328	A	T	0.002694748073605266	2.5694818298676645
12:51008121:C:G	0.000103582	0.00421968	-3.70716	-3.00025	12	51008121	C	G	0.002697580969841166	2.5690255107868625
12:33917126:C:A	1.63955e-05	0.0010835	-4.19095	-2.99993	12	33917126	C	A	0.002700416587190083	2.568569233040276
12:109475887:C:CTG	0.00411707	0.000329334	2.52582	2.99975	12	109475887	C	CTG	0.002702012818622419	2.568312594972102
12:87538036:C:T	0.0137234	8.59775e-05	5.07277	2.99971	12	87538036	C	T	0.0027023676537827534	2.5682555660663366
12:24179943:TA:T	0.0291031	0.000626776	3.83801	2.99967	12	24179943	TA	T	0.002702722531521736	2.5681985378064085
12:92419305:T:G	0.000152508	0.0111162	-4.28894	-2.99962	12	92419305	T	G	0.0027031661885786214	2.568127253389702
12:7742730:G:A	0.000223753	0.014633	-4.18049	-2.99962	12	7742730	G	A	0.0027031661885786214	2.568127253389702
12:38395734:G:A	4.70128e-06	0.000353939	-4.32129	-2.99954	12	38395734	G	A	0.0027038761782871863	2.5680132004219285
12:88533010:C:T	2.31609e-05	0.00386027	-5.11603	-2.9992	12	88533010	C	T	0.0027068955359219123	2.5675285041290428
12:44845121:G:C	0.000254433	0.0185343	-4.28834	-2.99906	12	44845121	G	C	0.002708139696039653	2.5673289368648975
12:20743875:G:GT	0.000743676	0.0189283	-3.23681	-2.99904	12	20743875	G	GT	0.0027083174758472904	2.5673004279015554
12:125389014:TACAC:T	0.0435087	0.000442257	4.58882	2.99903	12	125389014	TACAC	T	0.0027084063697499577	2.56728617348043
12:3585532:A:AT	0.11477	0.00468691	3.19816	2.99868	12	3585532	A	AT	0.002711519336427541	2.566787294170131
12:101311289:T:A	1.41934e-05	0.00123392	-4.46517	-2.99866	12	101311289	T	A	0.002711697318942615	2.5667587882744196
12:41922960:A:G	5.31391e-05	0.0019223	-3.58836	-2.99861	12	41922960	A	G	0.0027121423219325026	2.566687524241495
12:41922795:A:ACTGT	5.31391e-05	0.0019223	-3.58836	-2.99861	12	41922795	A	ACTGT	0.0027121423219325026	2.566687524241495
12:88149991:G:T	0.0011036	6.92398e-06	5.07134	2.99852	12	88149991	G	T	0.0027129434954660694	2.566559251525112
12:121596501:T:TTATCTACA	0.0018935	0.000198761	2.25408	2.99838	12	121596501	T	TTATCTACA	0.002714190195235266	2.566359722686969
12:41629956:A:AT	7.16686e-05	0.00538321	-4.31899	-2.99732	12	41629956	A	AT	0.0027236464925032653	2.564849261046315
12:96733313:T:G	0.00114554	3.87063e-05	3.38763	2.99704	12	96733313	T	G	0.002726149403117609	2.564450346897693
12:82157807:A:G	0.000172804	0.0112677	-4.17754	-2.99677	12	82157807	A	G	0.0027285649140745207	2.564065709651035
12:39952919:A:G	0.00014833	0.0133718	-4.50147	-2.99661	12	39952919	A	G	0.002729997250525941	2.563837790351923
12:105792645:A:G	0.00543803	0.000266304	3.01653	2.99611	12	105792645	A	G	0.002734477730617965	2.563125609136706
12:119519401:ATGTG:A	0.00886365	0.000363016	3.19527	2.99594	12	119519401	ATGTG	A	0.0027360026235417716	2.562883490508512
12:31706316:CA:C	0.00104614	1.777e-05	4.07535	2.99567	12	31706316	CA	C	0.0027384261091347377	2.5624989731313947
12:43105527:C:T	0.00515785	0.000156725	3.49378	2.99533	12	43105527	C	T	0.002741480695472201	2.5620148079163445
12:69739691:CG:C	0.0134699	0.000317844	3.74665	2.99471	12	69739691	CG	C	0.002747058838068034	2.5611320385136875
12:20784147:C:T	0.000314327	0.0116245	-3.61044	-2.9945	12	20784147	C	T	0.0027489505583925848	2.560833071146117
12:120153029:C:T	9.59928e-05	0.0159058	-5.11017	-2.99418	12	120153029	C	T	0.002751835468264799	2.5603775360472825
12:58540655:C:T	0.000113058	0.00499664	-3.78862	-2.99404	12	58540655	C	T	0.002753098485804268	2.560178252436565
12:58495536:A:G	0.000127443	0.0157053	-4.81408	-2.99397	12	58495536	A	G	0.0027537301931333524	2.5600786135974447
12:20978532:G:A	0.00426511	2.6925e-05	5.06517	2.9934	12	20978532	G	A	0.0027588790265931605	2.5592673423750716
12:86833121:T:C	1.35883e-05	0.00117466	-4.45952	-2.99332	12	86833121	T	C	0.002759602373207351	2.5591534902400053
12:95181055:G:A	2.2343e-05	0.00146625	-4.18395	-2.99323	12	95181055	G	A	0.002760416345222953	2.559025409675285
12:30462259:G:A	5.36925e-05	0.0132142	-5.50577	-2.99307	12	30462259	G	A	0.002761863948113987	2.5587977189647204
12:6874600:T:A	0.0112665	0.00117995	2.25636	2.99305	12	6874600	T	A	0.0027620449472247244	2.5587692583523025
12:38517726:T:C	1.65956e-05	0.00107703	-4.17282	-2.99221	12	38517726	T	C	0.0027696567010962888	2.5575740583937354
12:31390214:G:T	0.000138885	0.0124606	-4.49668	-2.99202	12	31390214	G	T	0.0027713810622649188	2.557303755033065
12:103878176:C:T	0.000100378	0.00749635	-4.31323	-2.99175	12	103878176	C	T	0.0027738331571243798	2.556919664790976
12:118429511:C:T	0.0111937	0.00118268	2.24757	2.99163	12	118429511	C	T	0.002774923613025675	2.5567489674595176
12:70266794:GTA:G	0.00115825	1.28027e-05	4.505	2.99155	12	70266794	GTA	G	0.0027756508011405707	2.556635172466839
12:73815306:C:T	2.06986e-06	0.000254379	-4.81134	-2.9915	12	73815306	C	T	0.002776105382097034	2.556564051907904
12:3805002:C:T	0.000135411	0.0166411	-4.81132	-2.99148	12	3805002	C	T	0.002776287233518838	2.556535603966805
12:29419291:T:TG	3.22798e-05	0.00792557	-5.50341	-2.99117	12	29419291	T	TG	0.002779107322248423	2.5560946815204715
12:87170000:T:G	0.000260028	1.28034e-05	3.01108	2.99101	12	87170000	T	G	0.0027805638753819286	2.5558671238176984
12:65575235:C:T	0.000202345	0.0059799	-3.38618	-2.99086	12	65575235	C	T	0.002781930027153833	2.5556537978533718
12:12730027:TTGTGTG:T	0.0242774	0.000751913	3.47468	2.9908	12	12730027	TTGTGTG	T	0.002782476659498096	2.555568470009857
12:96358371:TA:T	0.00580414	0.000126221	3.8283	2.99069	12	96358371	TA	T	0.0027834790735969937	2.5554120394030333
12:51451911:C:T	0.000177005	0.0217296	-4.81025	-2.99052	12	51451911	C	T	0.002785028907802403	2.555170292614521
12:65575452:A:G	0.000202345	0.00597564	-3.38547	-2.99019	12	65575452	A	G	0.0027880396596319883	2.5547010527272485
12:123529630:T:C	0.0118547	0.00144619	2.10379	2.99014	12	123529630	T	C	0.002788496093384471	2.5546299596080506
12:64983497:TCC:T	0.0462034	0.000292903	5.06097	2.98992	12	64983497	TCC	T	0.0027905052127697007	2.5543171618679796
12:100855108:C:T	0.00251616	7.74461e-05	3.48091	2.98955	12	100855108	C	T	0.0027938871680014046	2.553791136984845
12:14364596:C:CT	1.63358e-05	0.000771406	-3.85486	-2.98939	12	14364596	C	CT	0.0027953507941656016	2.55356368387388
12:81053444:T:G	0.00012289	0.0202378	-5.10402	-2.98892	12	81053444	T	G	0.0027996542466680262	2.5528956000992062
12:88530351:C:A	0.0040748	2.8518e-05	4.96204	2.98889	12	88530351	C	A	0.002799929140445354	2.5528529594802727
12:33988605:T:G	6.48462e-06	0.000557943	-4.45482	-2.98888	12	33988605	T	G	0.002800020777182126	2.5528387460213278
12:91541894:C:T	0.000190433	0.00909951	-3.86667	-2.98877	12	91541894	C	T	0.002801028962073522	2.552682400636022
12:102146179:C:T	1.05483e-05	0.00129221	-4.80814	-2.98863	12	102146179	C	T	0.002802312585950232	2.552483422661373
12:82953791:A:T	0.00724083	0.000931702	2.05048	2.98817	12	82953791	A	T	0.00280653399059451	2.5518296935696467
12:88530243:A:T	0.0040748	2.8544e-05	4.96113	2.98813	12	88530243	A	T	0.0028069013435692044	2.5517728515965765
12:51001586:CAA:C	0.00418746	0.000130049	3.47194	2.98813	12	51001586	CAA	C	0.0028069013435692044	2.5517728515965765
12:96639150:T:C	4.12702e-05	0.00197056	-3.86593	-2.98805	12	96639150	T	C	0.002807636181254926	2.55165916958718
12:20783818:C:A	0.000311676	0.0114397	-3.60288	-2.98803	12	20783818	C	A	0.002807819918124822	2.5516307494883197
12:107104618:C:CCACA	2.33845e-05	0.00201018	-4.45391	-2.98801	12	107104618	C	CCACA	0.0028080036659752805	2.551602329550852
12:59297215:G:A	2.88787e-05	0.00136175	-3.85342	-2.98794	12	59297215	G	A	0.002808646869932147	2.5515028610407
12:44847568:G:GAA	7.37284e-05	0.0065865	-4.49239	-2.98791	12	44847568	G	GAA	0.002808922569956267	2.551460232284433
12:61257639:T:TTGTTCTGTG	0.00176214	2.99153e-05	4.07591	2.98788	12	61257639	T	TTGTTCTGTG	0.0028091982946944864	2.5514176038913052
12:91551923:A:G	0.0113266	0.000346988	3.48562	2.98778	12	91551923	A	G	0.0028101175556713175	2.551275511870191
12:14439841:A:AATCC	6.38833e-05	0.00570446	-4.49194	-2.98748	12	14439841	A	AATCC	0.0028128769870693045	2.5508492600157995
12:14361947:A:G	2.15794e-05	0.00103352	-3.86899	-2.9874	12	14361947	A	G	0.0028136132532311647	2.550735598987529
12:20744883:C:T	0.000750218	0.0188532	-3.22408	-2.98733	12	20744883	C	T	0.0028142576304823756	2.5506361477060513
12:113497976:T:A	0.0219264	0.00349251	1.83707	2.98731	12	113497976	T	A	0.002814441763019506	2.550607733417331
12:82957738:C:A	0.00717822	0.000924504	2.04955	2.98729	12	82957738	C	A	0.0028146259065581908	2.550579319290001
12:90758504:T:TTATA	3.76036e-05	0.00242781	-4.16765	-2.98722	12	90758504	T	TTATA	0.002815270495589197	2.5504798711152965
12:1349617:T:C	5.89505e-05	0.00115545	-2.97555	-2.98655	12	1349617	T	C	0.002821446956913914	2.5495281100354887
12:46424447:T:C	0.00516809	5.74501e-05	4.49934	2.98654	12	46424447	T	C	0.002821539236551026	2.549513906018034
12:20783986:T:TG	0.000313015	0.0114649	-3.6008	-2.98624	12	20783986	T	TG	0.0028243089075373866	2.549087804255515
12:16665972:T:TTAAA	0.00357463	0.000483337	2.0009	2.98623	12	16665972	T	TTAAA	0.002824401272644782	2.5490736014888
12:44027082:CTATTT:C	0.000779434	0.000119856	1.87228	2.98587	12	44027082	CTATTT	C	0.00282772825409105	2.548562328757505
12:47447226:T:C	1.00395e-05	0.00049109	-3.8901	-2.98579	12	47447226	T	C	0.0028284680691012046	2.5484487196958625
12:87176441:C:A	2.29251e-05	0.00279913	-4.80483	-2.98565	12	87176441	C	A	0.0028297631706617724	2.548249910051206
12:96380174:CA:C	6.0801e-05	0.00436628	-4.27406	-2.98557	12	96380174	CA	C	0.002830503471785271	2.548136308090371
12:85072591:G:A	4.2143e-05	0.00361319	-4.45128	-2.98552	12	85072591	G	A	0.00283096624978602	2.548065308176072
12:25458422:C:T	0.000718996	0.0640602	-4.48972	-2.98535	12	25458422	C	T	0.0028325402118126704	2.5478239160120006
12:101018699:A:C	0.000173331	0.0154416	-4.48962	-2.98525	12	101018699	A	C	0.0028334664450421505	2.5476819260679493
12:118683758:A:G	3.52195e-05	0.00313371	-4.48837	-2.98406	12	118683758	A	G	0.0028445098671412675	2.5459925553967997
12:66715457:A:ATGTGTGTG	0.000122967	0.00910944	-4.30515	-2.98394	12	66715457	A	ATGTGTGTG	0.0028456256679875395	2.5458222304006166
12:28908505:G:A	0.00038286	0.0931226	-5.494	-2.98365	12	28908505	G	A	0.0028483238367236624	2.5454106356437327
12:59997416:G:A	9.11086e-06	0.00110974	-4.80241	-2.98347	12	59997416	G	A	0.0028499997367868518	2.5451551801009717
12:95232867:G:T	7.19161e-06	0.00117625	-5.09718	-2.98306	12	95232867	G	T	0.002853820426013903	2.544573357936461
12:19654228:A:G	0.0210333	0.000656733	3.46659	2.98291	12	19654228	A	G	0.002855219407124819	2.5443605131125757
12:78561470:A:G	0.00032987	0.0244085	-4.30399	-2.98282	12	78561470	A	G	0.002856059096301183	2.544232810575143
12:44893615:C:A	9.71114e-06	0.0001879	-2.96264	-2.98261	12	44893615	C	A	0.002858019247881147	2.5439348506953556
12:97851662:T:C	0.0348894	0.00133415	3.26389	2.98208	12	97851662	T	C	0.002862971759753274	2.5431829358218554
12:43863053:A:G	0.00105619	0.000164069	1.86214	2.98192	12	43863053	A	G	0.002864468396573593	2.542955964920534
12:108994811:G:T	0.00570902	0.000739498	2.04383	2.98189	12	108994811	G	T	0.002864749095481788	2.542913409026236
12:28354259:C:T	0.000450886	4.67652e-06	4.56866	2.98188	12	28354259	C	T	0.0028648426673647583	2.542899223808817
12:1333959:G:A	0.00245989	0.000265459	2.22641	2.98178	12	1333959	G	A	0.0028657785396700142	2.5427573738533344
12:20786062:A:G	0.0104203	0.00110363	2.24515	2.9816	12	20786062	A	G	0.0028674638131964327	2.542502054099152
12:103878043:G:A	7.57654e-05	0.0183807	-5.49142	-2.98158	12	103878043	G	A	0.002867651121648819	2.5424736860443744
12:10252259:A:T	1.48537e-05	0.00126801	-4.44696	-2.98144	12	10252259	A	T	0.0028689625936040492	2.542275114178977
12:122019611:T:TC	0.0326122	0.000562768	4.05957	2.98136	12	122019611	T	TC	0.0028697122519643205	2.542161648091495
12:41177570:A:G	0.00140148	0.000151311	2.22594	2.98132	12	41177570	A	G	0.00287008714820013	2.5421049160159015
12:99909860:G:T	0.000993578	0.000105266	2.24482	2.98127	12	99909860	G	T	0.002870555831369016	2.5420340018290464
12:108137824:G:T	0.00174058	0.0254948	-2.68426	-2.98115	12	108137824	G	T	0.0028716809560564854	2.541863811895206
12:123175553:T:C	1.22774e-05	0.00104756	-4.44646	-2.98097	12	123175553	T	C	0.002873369397949862	2.5416085378860207
12:20745857:C:T	0.000763251	0.0190397	-3.2167	-2.98054	12	20745857	C	T	0.0028774065670629594	2.540998769546225
12:20783978:G:T	0.000314387	0.0114379	-3.59406	-2.98048	12	20783978	G	T	0.0028779703044739297	2.540913691521597
12:12424606:A:AT	0.000739938	5.22e-05	2.65148	2.97977	12	12424606	A	AT	0.002884648856991727	2.539907045160664
12:1333536:T:G	0.00250034	0.000270392	2.22431	2.97973	12	1333536	T	G	0.0028850255341022553	2.5398503387402647
12:14364257:C:T	2.16233e-05	0.000749238	-3.54528	-2.97958	12	14364257	C	T	0.0028864384731829493	2.5396376954118147
12:1208131:C:G	0.00018737	0.0036441	-2.96778	-2.97936	12	1208131	C	G	0.00288851192646429	2.53932583494724
12:43863798:A:G	0.00103743	0.000161596	1.8594	2.97933	12	43863798	A	G	0.002888794775409821	2.539283310032883
12:82424363:G:A	2.49484e-05	0.00603048	-5.48777	-2.97867	12	82424363	G	A	0.0028950238521455018	2.53834785376297
12:123536161:C:T	0.00421254	0.000656868	1.85834	2.97833	12	123536161	C	T	0.002898237552969977	2.5378660206192114
12:20746477:T:TA	0.000767378	0.0190933	-3.21411	-2.97816	12	20746477	T	TA	0.002899845624178801	2.537625121532714
12:82424279:C:G	2.49486e-05	0.0060248	-5.48682	-2.97791	12	82424279	C	G	0.002902211914243433	2.5372708793461016
12:129191294:GAC:G	0.0275801	0.000854087	3.47481	2.9778	12	129191294	GAC	G	0.002903253640101453	2.537115020770277
12:20019890:G:A	1.59647e-05	0.00259495	-5.09094	-2.97772	12	20019890	G	A	0.002904011473260263	2.5370016721441964
12:61509592:T:C	7.95125e-05	0.00508001	-4.15715	-2.9771	12	61509592	T	C	0.0029098908049504206	2.536123307817273
12:14089973:CT:C	0.00986556	9.69482e-05	4.62263	2.97695	12	14089973	CT	C	0.0029113148550910873	2.5359108236115944
12:58541863:G:C	0.000115188	0.00499894	-3.77042	-2.97676	12	58541863	G	C	0.0029131195650401423	2.5356416899787444
12:114151550:T:TA	0.00257169	0.000335031	2.0381	2.97647	12	114151550	T	TA	0.002915876090978157	2.5352309351372626
12:38386427:A:T	5.69644e-06	0.000367203	-4.16607	-2.97611	12	38386427	A	T	0.002919301297057964	2.534721079764659
12:98724734:GCC:G	0.0252184	0.00128013	2.98061	2.9756	12	98724734	GCC	G	0.0029241599584570958	2.5339988741303348
12:20745217:A:T	0.000760467	0.0188644	-3.2111	-2.97539	12	20745217	A	T	0.0029261627279016478	2.533701525830454
12:20745188:A:G	0.000760467	0.0188644	-3.2111	-2.97539	12	20745188	A	G	0.0029261627279016478	2.533701525830454
12:59479197:G:T	3.6586e-05	0.00310322	-4.44053	-2.97536	12	59479197	G	T	0.002926448939992667	2.533659048953827
12:84329266:A:T	2.68691e-05	0.00324292	-4.79325	-2.97523	12	84329266	A	T	0.0029276894876420286	2.5334749866828776
12:84009874:A:T	2.69161e-05	0.00237181	-4.47868	-2.97477	12	84009874	A	T	0.0029320829723970565	2.5328237441453934
12:53884565:T:C	0.000105086	0.0170219	-5.08747	-2.97474	12	53884565	T	C	0.002932369712905002	2.5327812747702887
12:28194449:C:T	3.06768e-05	0.00370044	-4.7927	-2.97474	12	28194449	C	T	0.002932369712905002	2.5327812747702887
12:53884562:C:CT	0.000105086	0.0170219	-5.08747	-2.97474	12	53884562	C	CT	0.002932369712905002	2.5327812747702887
12:57414486:TA:T	0.00125719	3.93316e-05	3.46461	2.97444	12	57414486	TA	T	0.0029352385257960523	2.532356600982678
12:20745361:A:T	0.000763251	0.0189122	-3.20997	-2.97435	12	20745361	A	T	0.0029360996689809598	2.5322292059243083
12:42355992:C:CATT	5.22977e-05	6.82855e-06	2.03584	2.97434	12	42355992	C	CATT	0.0029361953657876336	2.5322150511194725
12:121406489:G:A	0.000124488	0.00538799	-3.76772	-2.9742	12	121406489	G	A	0.0029375354199863146	2.532016888086381
12:17008383:G:C	2.15686e-05	0.00518412	-5.48212	-2.97414	12	17008383	G	C	0.002938109899763126	2.531931963491974
12:17124389:G:A	8.92229e-05	0.00432272	-3.8805	-2.97365	12	17124389	G	A	0.0029428053235940835	2.5312384669813657
12:53599779:C:A	2.55319e-05	0.000856834	-3.51332	-2.97339	12	53599779	C	A	0.0029452995526984584	2.530870528561727
12:32120885:GAGAGAGAGA:G	0.00443295	5.00271e-05	4.48425	2.97318	12	32120885	GAGAGAGAGA	G	0.002947315530515838	2.5305733674325777
12:99688672:A:G	7.24898e-05	0.00530868	-4.29365	-2.97283	12	99688672	A	G	0.00295067829189954	2.5300781384055147
12:91688652:C:T	0.000593588	0.027902	-3.85027	-2.97279	12	91688652	C	T	0.0029510628303299246	2.53002154394799
12:30656024:T:C	6.89206e-06	0.00111322	-5.08464	-2.97232	12	30656024	T	C	0.0029555845835544585	2.5293566074044787
12:15123643:T:TTAA	0.00425791	0.00017801	3.17469	2.97212	12	15123643	T	TTAA	0.0029575106506755417	2.529073682702978
12:104037021:G:A	0.000109692	0.0177045	-5.08389	-2.97168	12	104037021	G	A	0.002961752030439974	2.5284513051394777
12:76058311:T:C	0.000260055	0.0312574	-4.78912	-2.97151	12	76058311	T	C	0.0029633922312374407	2.5282108619899817
12:25221027:CA:C	0.0120789	7.82906e-05	5.03879	2.97151	12	25221027	CA	C	0.0029633922312374407	2.5282108619899817
12:17008374:C:G	2.16133e-05	0.00517752	-5.47877	-2.97147	12	17008374	C	G	0.002963778281266845	2.5281542888249637
12:120562273:C:CTT	2.25067e-05	0.00189989	-4.43574	-2.97084	12	120562273	C	CTT	0.002969864625304184	2.527263346582897
12:30163966:A:G	0.0120215	0.000380088	3.45405	2.9707	12	30163966	A	G	0.0029712186939610595	2.5270653811532338
12:20746386:A:G	0.000771224	0.0190341	-3.20601	-2.9707	12	20746386	A	G	0.0029712186939610595	2.5270653811532338
12:20746356:G:GA	0.000771224	0.0190341	-3.20601	-2.9707	12	20746356	G	GA	0.0029712186939610595	2.5270653811532338
12:64239494:CA:C	0.00304673	7.37762e-05	3.72079	2.97036	12	64239494	CA	C	0.0029745094918743236	2.52658464087179
12:89530152:C:CAT	0.000553416	0.0256333	-3.83554	-2.97	12	89530152	C	CAT	0.0029779974904749263	2.526075672558776
12:33989835:C:G	6.13691e-06	0.00051755	-4.43478	-2.96993	12	33989835	C	G	0.0029786761456249682	2.525976712566653
12:1208805:T:C	0.000186972	0.00359818	-2.95723	-2.96961	12	1208805	T	C	0.002981780366475419	2.5255243491931054
12:131768631:C:T	1.78195e-05	0.00425819	-5.4763	-2.96949	12	131768631	C	T	0.0029829452100340673	2.52535472357337
12:92260582:GAA:G	0.0329772	0.000620073	3.97373	2.96888	12	92260582	GAA	G	0.002988872919898751	2.524492549785074
12:116198453:G:A	6.59549e-06	0.000555511	-4.4335	-2.96872	12	116198453	G	A	0.002990429507127492	2.5242664306791864
12:57496137:T:C	4.8677e-05	0.00343337	-4.25609	-2.9686	12	57496137	T	C	0.0029915974328597935	2.5240968481238606
12:43244474:AT:A	0.00675512	4.84546e-05	4.93743	2.96845	12	43244474	AT	A	0.0029930579252186516	2.5238848780948597
12:66715453:A:ATGTGTGTGT	4.98201e-05	0.0118887	-5.47493	-2.96839	12	66715453	A	ATGTGTGTGT	0.002993642304275092	2.5238000926235222
12:101029908:T:TAAAAAAA	0.00031645	0.0146329	-3.83386	-2.96832	12	101029908	T	TAAAAAAA	0.0029943242113992445	2.52370117807492
12:42116078:C:T	0.00156022	1.11939e-05	4.93721	2.96827	12	42116078	C	T	0.0029948113746719185	2.523630526035562
12:113787249:A:G	0.0258195	0.000575285	3.80402	2.96824	12	113787249	A	G	0.002995103707342264	2.5235881352958023
12:113787250:G:T	0.0258195	0.000575285	3.80402	2.96824	12	113787250	G	T	0.002995103707342264	2.5235881352958023
12:113787096:C:G	0.0258195	0.000575285	3.80402	2.96824	12	113787096	C	G	0.002995103707342264	2.5235881352958023
12:16986966:C:T	4.9473e-05	0.00592431	-4.78539	-2.96817	12	16986966	C	T	0.002995785918147702	2.5234892249809415
12:61313622:CATAT:C	0.00815156	0.000142773	4.04471	2.96787	12	61313622	CATAT	C	0.0029987112847036277	2.5230653460097296
12:83365434:C:T	0.000107134	0.003575	-3.50764	-2.96751	12	83365434	C	T	0.0030022251643973923	2.5225567391453065
12:114368645:T:G	0.000482115	0.0405483	-4.43207	-2.96737	12	114368645	T	G	0.003003592687295308	2.5223589616990467
12:83422274:A:G	7.34984e-05	0.00618078	-4.43194	-2.96724	12	83422274	A	G	0.003004863038780025	2.522175318289404
12:83422273:G:A	7.34984e-05	0.00618078	-4.43194	-2.96724	12	83422273	G	A	0.003004863038780025	2.522175318289404
12:74158500:C:CT	1.26173e-05	0.00102904	-4.40131	-2.9671	12	74158500	C	CT	0.003006231657738483	2.5219775560840936
12:25122450:C:CA	0.000130381	0.0209306	-5.07851	-2.96707	12	25122450	C	CA	0.0030065250072029166	2.521935179496823
12:78561570:G:A	0.000335426	0.0244085	-4.28729	-2.96668	12	78561570	G	A	0.003010340927256751	2.52138431688396
12:114368196:G:A	0.000485402	0.0407825	-4.43103	-2.96639	12	114368196	G	A	0.0030131812697597716	2.5209747408495877
12:42426177:CCACACACAC:C	0.0110958	0.000117215	4.55031	2.96628	12	42426177	CCACACACAC	C	0.0030142592804088294	2.520819393292888
12:8205733:T:C	0.13374	0.0239228	1.72106	2.96599	12	8205733	T	C	0.0030171029950749693	2.5204098640281156
12:71237373:G:A	0.000207184	0.0130797	-4.14521	-2.96557	12	71237373	G	A	0.0030212258172043743	2.5198168127933886
12:101901078:GGT:G	0.00370654	0.000117821	3.44868	2.96547	12	101901078	GGT	G	0.003022208198659767	2.5196756206010558
12:50788629:A:G	0.00733996	0.000231883	3.45486	2.9654	12	50788629	A	G	0.003022896039036436	2.5195767884653106
12:53600867:C:G	2.57831e-05	0.000858352	-3.5053	-2.96509	12	53600867	C	G	0.0030259439060953326	2.5191391270395553
12:95227448:CT:C	0.00323043	2.32716e-05	4.93314	2.96489	12	95227448	CT	C	0.0030279117592451276	2.518856785391027
12:40575616:A:G	4.55162e-05	0.0015865	-3.55122	-2.96448	12	40575616	A	G	0.0030319495079565288	2.5182780354273353
12:1333777:G:A	0.0024504	0.000269273	2.20828	2.9641	12	1333777	G	A	0.0030356961963130136	2.517741693536346
12:51417101:CA:C	0.017553	0.000305846	4.0499	2.9638	12	51417101	CA	C	0.003038657090609678	2.5173183068495195
12:21446323:CT:C	0.000224688	0.00691224	-3.42634	-2.9634	12	21446323	CT	C	0.0030426090470844183	2.516753847708134
12:59587208:A:G	0.000145102	0.00482272	-3.50365	-2.96339	12	59587208	A	G	0.0030427079060314126	2.5167397370560507
12:129380265:C:A	0.000353776	0.0838816	-5.4685	-2.96325	12	129380265	C	A	0.003044092238934412	2.516542192159903
12:89778715:A:G	0.00158494	3.86774e-05	3.71305	2.96307	12	89778715	A	G	0.0030458729395942013	2.5162882174753727
12:45376241:T:G	3.00998e-05	0.00138448	-3.82857	-2.963	12	45376241	T	G	0.0030465656908277333	2.516189453069984
12:45383136:G:A	0.00276905	3.1613e-05	4.47269	2.96295	12	45383136	G	A	0.0030470606011144823	2.5161189082755553
12:43863877:T:C	0.00103511	0.000164122	1.84165	2.96256	12	43863877	T	C	0.003050923418619379	2.5155686934681905
12:45382869:A:G	0.00276769	3.1613e-05	4.4722	2.96251	12	45382869	A	G	0.0030514189744979252	2.5154981575427584
12:47463644:T:G	6.59453e-05	0.00315238	-3.86709	-2.96247	12	47463644	T	G	0.0030518154720554315	2.5154417295280513
12:100848637:C:G	6.51298e-05	0.00544916	-4.42683	-2.96242	12	100848637	C	G	0.003052311160078741	2.515371195416715
12:117610824:G:A	5.53429e-05	0.00658505	-4.77901	-2.96242	12	117610824	G	A	0.003052311160078741	2.515371195416715
12:76588719:A:G	0.00145198	4.37483e-05	3.50223	2.96233	12	76588719	A	G	0.003053203583563824	2.515244236556037
12:75700509:G:GA	0.0802233	0.000851495	4.54558	2.96225	12	75700509	G	GA	0.003053997048651439	2.5151313869767207
12:91696741:G:A	0.000518251	0.0240929	-3.83921	-2.96201	12	91696741	G	A	0.0030563785724180867	2.514792853718902
12:91544824:G:C	0.000217056	0.0100903	-3.83917	-2.96197	12	91544824	G	C	0.0030567756576711704	2.5147364337667755
12:124476902:TAAAAAA:T	0.0417909	0.00271394	2.73428	2.96182	12	124476902	TAAAAAA	T	0.0030582651464404658	2.5145248646908276
12:91537023:C:T	0.000172316	0.00800908	-3.839	-2.96181	12	91537023	C	T	0.003058364469222619	2.514510760408263
12:87178557:A:AAACAAAATA	1.79416e-05	0.00083514	-3.84048	-2.96178	12	87178557	A	AAACAAAATA	0.003058662455220155	2.514468447802445
12:39947950:G:A	0.000100731	0.00816664	-4.39536	-2.96148	12	39947950	G	A	0.003061643771843044	2.514045341698763
12:41630507:G:A	6.31152e-05	0.0100661	-5.07197	-2.96147	12	41630507	G	A	0.003061743194689566	2.5140312387868096
12:29054720:CCTT:C	0.00575087	3.77911e-05	5.02503	2.96009	12	29054720	CCTT	C	0.0030754918213179985	2.51208542356177
12:27808607:G:T	0.00059603	0.0284222	-3.86464	-2.95998	12	27808607	G	T	0.0030765901453563586	2.5119303553826224
12:33915030:A:G	1.842e-05	0.000878267	-3.86451	-2.95986	12	33915030	A	G	0.003077788724959415	2.5117611956590244
12:74159983:T:G	1.30974e-05	0.00105982	-4.39344	-2.95967	12	74159983	T	G	0.0030796873468525044	2.5114933713011527
12:61304767:A:T	0.00269119	4.75843e-05	4.03524	2.95928	12	61304767	A	T	0.003083587864591199	2.5109436721562917
12:96382715:C:T	0.000119182	0.0141304	-4.77543	-2.95921	12	96382715	C	T	0.0030842884341677444	2.510845014696948
12:775115:T:A	0.000435755	0.0363194	-4.42303	-2.95882	12	775115	T	A	0.0030881942651121617	2.5102953878659133
12:119515726:C:T	0.000380295	0.018144	-3.86515	-2.95868	12	119515726	C	T	0.0030895974580294003	2.5100981008809216
12:131505549:TAAA:T	0.0203766	0.000868032	3.15591	2.95863	12	131505549	TAAA	T	0.003090098739232907	2.510027643158052
12:40597141:C:A	0.00937488	0.000676065	2.6295	2.95863	12	40597141	C	A	0.003090098739232907	2.510027643158052
12:27808654:T:C	0.000596923	0.0284222	-3.86314	-2.95847	12	27808654	T	C	0.0030917033374923504	2.5098021852165817
12:27808664:T:A	0.000596923	0.0284222	-3.86314	-2.95847	12	27808664	T	A	0.0030917033374923504	2.5098021852165817
12:31388681:A:G	0.000150592	0.0130406	-4.46125	-2.95806	12	31388681	A	G	0.0030958185890174955	2.5092244963408845
12:111651459:C:T	8.19507e-05	0.00709422	-4.46092	-2.95775	12	111651459	C	T	0.0030989334358539444	2.508787752173687
12:12545443:CT:C	0.041735	0.000739454	4.03318	2.95741	12	12545443	CT	C	0.003102353005039768	2.5083087869807157
12:20778795:C:CT	0.00035737	0.00754523	-3.0499	-2.9573	12	20778795	C	CT	0.0031034600726411307	2.508153837629375
12:99343481:G:A	6.54499e-05	0.0153991	-5.46078	-2.95708	12	99343481	G	A	0.0031056752885206353	2.507843953557744
12:15058280:A:G	0.000998069	0.0830121	-4.42092	-2.95683	12	15058280	A	G	0.003108194329207852	2.5074918362468317
12:129607437:G:A	0.000261441	0.0308996	-4.77229	-2.95638	12	129607437	G	A	0.0031127332974755935	2.5068580885679284
12:131769126:C:CA	0.00153798	2.72824e-05	4.03198	2.95632	12	131769126	C	CA	0.0031133389496359565	2.5067735950440535
12:89776279:T:C	3.27439e-05	0.00206695	-4.14511	-2.95604	12	89776279	T	C	0.0031161667472476826	2.5063793111175845
12:70926558:A:G	0.000414433	0.0147331	-3.57094	-2.95538	12	70926558	A	G	0.0031228415377657815	2.5054500525997496
12:106517990:C:T	7.89832e-05	0.00266859	-3.52007	-2.95533	12	106517990	C	T	0.003123347734473696	2.505379661381071
12:16636797:T:C	0.000229173	0.0108772	-3.85994	-2.95523	12	16636797	T	C	0.0031243603523126353	2.5052388819664535
12:45359467:C:A	4.46435e-05	0.00706738	-5.06454	-2.9551	12	45359467	C	A	0.0031256772029626145	2.5050558747527587
12:13740492:C:CT	0.000206963	0.0148798	-4.27522	-2.95501	12	13740492	C	CT	0.003126589165190809	2.504929181440959
12:87179163:T:A	1.80046e-05	0.000831777	-3.83294	-2.955	12	87179163	T	A	0.003126690509299652	2.5049151046078286
12:49514237:T:TA	0.00269524	0.000429759	1.83602	2.95482	12	49514237	T	TA	0.003128515215439183	2.5046617285032386
12:61394122:G:GAA	3.46487e-05	0.00248881	-4.2743	-2.95413	12	61394122	G	GAA	0.003135518919323553	2.5036905744028934
12:43100801:AT:A	0.00594789	0.00018898	3.44915	2.95406	12	43100801	AT	A	0.0031362302379980677	2.503592062243433
12:95229841:G:A	2.16679e-05	0.00342589	-5.06328	-2.95403	12	95229841	G	A	0.0031365351338890446	2.5035498433510432
12:20765805:G:C	0.000586532	0.0126589	-3.07188	-2.9539	12	20765805	G	C	0.003137856661690494	2.5033668990086952
12:27810048:T:C	0.000624557	0.0295882	-3.85809	-2.95334	12	27810048	T	C	0.0031435552015658674	2.5025789089339767
12:100593963:A:C	0.000284412	0.0131032	-3.83019	-2.95322	12	100593963	A	C	0.003144777543963014	2.5024100703606234
12:113787892:TGAAA:T	0.0255124	0.000577799	3.7877	2.95314	12	113787892	TGAAA	T	0.0031455926795851074	2.502297514535742
12:59917707:T:G	4.80028e-05	0.00412904	-4.45454	-2.95164	12	59917707	T	G	0.0031609121776720573	2.500187570368031
12:88532513:C:CA	2.32586e-05	0.00366666	-5.06036	-2.95153	12	88532513	C	CA	0.0031620382795585003	2.500032876813551
12:45405903:A:G	4.26198e-05	0.00671603	-5.05993	-2.95116	12	45405903	A	G	0.0031658287610076457	2.4995125797328885
12:43875220:AGT:A	0.00386595	0.00012475	3.43366	2.95083	12	43875220	AGT	A	0.003169212954408898	2.4990485775287397
12:17754127:T:C	4.39115e-06	0.000154316	-3.55941	-2.95081	12	17754127	T	C	0.0031694181629762807	2.4990204575934305
12:38748498:T:C	2.27772e-06	0.00016304	-4.27082	-2.95076	12	38748498	T	C	0.0031699312373817015	2.498950158460351
12:38748667:A:AT	2.27772e-06	0.00016304	-4.27082	-2.95076	12	38748667	A	AT	0.0031699312373817015	2.498950158460351
12:55109411:G:A	0.000117411	0.0274042	-5.45277	-2.95067	12	55109411	G	A	0.0031708549620910534	2.498823622559506
12:118227018:T:C	1.61198e-06	0.000253815	-5.05914	-2.95048	12	118227018	T	C	0.0031728058533339407	2.498556501932177
12:51313184:G:GAGGA	5.52056e-05	0.00456074	-4.41418	-2.95046	12	51313184	G	GAGGA	0.003173011273934967	2.4985283848176314
12:10263353:C:T	0.000111176	0.00795538	-4.27049	-2.95045	12	10263353	C	T	0.0031731139887812127	2.4985143263208034
12:10263248:A:C	0.000111176	0.00795538	-4.27049	-2.95045	12	10263248	A	C	0.0031731139887812127	2.4985143263208034
12:61273275:A:G	1.24668e-05	0.000998725	-4.38341	-2.95021	12	61273275	A	G	0.0031755800544516523	2.4981769344858042
12:72553323:G:A	3.19397e-05	0.000770908	-3.18372	-2.9502	12	72553323	G	A	0.0031756828450865233	2.49816287699638
12:70948670:C:T	1.67542e-05	0.000792048	-3.85597	-2.94973	12	70948670	C	T	0.0031805174270387554	2.4975022204471307
12:31388226:CTT:C	0.0101784	0.000180103	4.0345	2.94954	12	31388226	CTT	C	0.0031824737358037824	2.497235171788229
12:104111927:CATT:C	0.00642321	0.000114806	4.02443	2.94947	12	104111927	CATT	C	0.0031831947575495876	2.4971367891070693
12:100107040:C:T	8.90164e-06	0.00139991	-5.05793	-2.94944	12	100107040	C	T	0.0031835038124430216	2.497094625705283
12:38384207:A:C	6.00197e-06	0.000376249	-4.13816	-2.94939	12	38384207	A	C	0.003184018964705079	2.497024354174872
12:38384445:C:CA	6.00197e-06	0.000376249	-4.13816	-2.94939	12	38384445	C	CA	0.003184018964705079	2.497024354174872
12:76578295:G:A	0.00311044	9.50243e-05	3.48839	2.94872	12	76578295	G	A	0.0031909293390258646	2.496082812857862
12:25416000:T:C	0.00014403	0.0168755	-4.7636	-2.94857	12	25416000	T	C	0.0031924783091602177	2.495872044806607
12:70766637:G:A	0.00194242	0.0259898	-2.59377	-2.94821	12	70766637	G	A	0.0031961986337667504	2.4953662384731286
12:122435614:CTATTT:C	0.00027496	1.41783e-05	2.96492	2.94787	12	122435614	CTATTT	C	0.0031997159011663964	2.4948885804404313
12:25205099:T:A	4.00201e-05	0.00628095	-5.0559	-2.9477	12	25205099	T	A	0.0032014758573103855	2.494649768891012
12:20777315:G:A	0.000300711	0.00723684	-3.18079	-2.9475	12	20777315	G	A	0.003203547523377148	2.494368829035202
12:88141799:G:A	6.87952e-05	7.99631e-07	4.45474	2.94705	12	88141799	G	A	0.003208213239499636	2.4937367732867997
12:26318431:C:T	0.000888666	0.0402267	-3.81257	-2.94695	12	26318431	C	T	0.0032092509058900265	2.493596327534047
12:81102979:A:T	0.00391039	0.000126055	3.43468	2.9467	12	81102979	A	T	0.003211846410091182	2.4932452307796327
12:76152245:G:A	0.000815795	0.0105839	-2.56292	-2.94661	12	76152245	G	A	0.0032127812597790737	2.4931188421125885
12:1207558:A:G	0.000193984	0.0036403	-2.93204	-2.94632	12	1207558	A	G	0.003215795240184931	2.4927116119412607
12:86714775:A:AAAGG	1.41475e-05	0.000295271	-3.03835	-2.9463	12	86714775	A	AAAGG	0.0032160031958466105	2.4926835283508693
12:89171992:TA:T	0.000156997	8.80137e-06	2.88132	2.9458	12	89171992	TA	T	0.0032212060717160098	2.491981490968449
12:94030180:C:T	7.00903e-05	0.00576142	-4.40915	-2.94571	12	94030180	C	T	0.003222143403526164	2.491855134936606
12:70340648:C:T	1.48532e-05	0.00122091	-4.40914	-2.94569	12	70340648	C	T	0.0032223517332332727	2.4918270562616054
12:96642059:C:T	0.000767163	6.49782e-05	2.46865	2.94548	12	96642059	C	T	0.0032245399363142737	2.4915322399040276
12:81630899:ATT:A	0.000515556	1.66697e-05	3.43165	2.94478	12	81630899	ATT	A	0.0032318437291562574	2.4905496470329433
12:84399868:C:A	0.00122674	4.4069e-05	3.32636	2.94458	12	84399868	C	A	0.0032339332940834326	2.4902689424723676
12:61291597:C:A	2.16695e-05	0.0015412	-4.26441	-2.94457	12	61291597	C	A	0.0032340378046366498	2.490254907667365
12:39950287:A:G	0.000115684	0.0134935	-4.7591	-2.94453	12	39950287	A	G	0.003234455877624652	2.4901987688502327
12:99078020:T:G	3.92862e-05	0.00614204	-5.05204	-2.9444	12	99078020	T	G	0.003235814954953857	2.4900163221463756
12:121180635:C:T	0.00171176	0.000241298	1.95924	2.944	12	121180635	C	T	0.0032399999956391305	2.4894549903779253
12:121180862:G:A	0.00171176	0.000241298	1.95924	2.944	12	121180862	G	A	0.0032399999956391305	2.4894549903779253
12:96729781:C:G	2.83358e-05	0.00655817	-5.44434	-2.94393	12	96729781	C	G	0.0032407328846035034	2.489356763945726
12:10517478:T:C	0.000160508	0.0131575	-4.4064	-2.94311	12	10517478	T	C	0.003249329410938612	2.4882062584607954
12:83210387:T:G	0.00287813	0.000124094	3.14386	2.94274	12	83210387	T	G	0.0032532151294777578	2.4876872166271995
12:83210361:A:G	0.00287813	0.000124094	3.14386	2.94274	12	83210361	A	G	0.0032532151294777578	2.4876872166271995
12:14088223:T:C	0.000107154	0.00760635	-4.26247	-2.94269	12	14088223	T	C	0.0032537405511613147	2.4876170800688655
12:14088513:G:A	0.000107154	0.00760635	-4.26247	-2.94269	12	14088513	G	A	0.0032537405511613147	2.4876170800688655
12:81102693:A:G	0.00391039	0.00012661	3.43028	2.94262	12	81102693	A	G	0.00325447627140695	2.487518890579186
12:104036670:T:C	8.6696e-05	0.00594907	-4.22858	-2.94261	12	104036670	T	C	0.003254581386670927	2.4875048636703734
12:101017540:CAA:C	0.00929472	0.000167402	4.0168	2.94255	12	101017540	CAA	C	0.0032552121432143487	2.487420703063487
12:1377588:G:A	0.00287101	0.000405408	1.95753	2.94226	12	1377588	G	A	0.003258262370187141	2.4870139472415533
12:115741520:G:A	0.0018514	0.0665345	-3.58178	-2.94217	12	115741520	G	A	0.003259209521674703	2.4868877195648422
12:115741462:G:A	0.0018514	0.0665345	-3.58178	-2.94217	12	115741462	G	A	0.003259209521674703	2.4868877195648422
12:68451040:T:TA	0.041299	0.0017905	3.13834	2.94196	12	68451040	T	TA	0.0032614205173812773	2.486593201008836
12:10244805:A:AC	0.000511929	5.9874e-06	4.44853	2.94156	12	10244805	A	AC	0.0032656357184636473	2.486032262429931
12:101014996:A:ATTTTTTTT	0.000203689	0.0317306	-5.04844	-2.94132	12	101014996	A	ATTTTTTTT	0.0032681672208428355	2.485695730220609
12:5993664:T:C	0.0298063	0.00128709	3.14234	2.94129	12	5993664	T	C	0.0032684837843122575	2.485653665325928
12:1378293:A:G	0.00286774	0.000405408	1.95638	2.9411	12	1378293	A	G	0.003270489335073675	2.4853872627455016
12:1378393:A:G	0.00286774	0.000405408	1.95638	2.9411	12	1378393	A	G	0.003270489335073675	2.4853872627455016
12:1378448:T:C	0.00286774	0.000405408	1.95638	2.9411	12	1378448	T	C	0.003270489335073675	2.4853872627455016
12:1378232:T:C	0.00286769	0.000405408	1.95637	2.94108	12	1378232	T	C	0.0032707005108829766	2.485359221214562
12:1378255:T:G	0.00286769	0.000405408	1.95637	2.94108	12	1378255	T	G	0.0032707005108829766	2.485359221214562
12:1378253:G:A	0.00286769	0.000405408	1.95637	2.94108	12	1378253	G	A	0.0032707005108829766	2.485359221214562
12:26259842:T:C	0.000466761	0.0330667	-4.26046	-2.94075	12	26259842	T	C	0.0032741867056540687	2.4848965592174874
12:48133932:C:T	3.3085e-06	0.000270532	-4.4039	-2.94074	12	48133932	C	T	0.0032742924007443143	2.4848825398417773
12:76063881:TAAAAAAAAA:T	0.000505361	0.00934428	-2.91725	-2.94054	12	76063881	TAAAAAAAAA	T	0.0032764069553919807	2.484602160786921
12:14364357:C:T	1.90729e-05	0.000866415	-3.8161	-2.93986	12	14364357	C	T	0.0032836057498298286	2.4836489925245497
12:114145199:T:C	0.000145543	0.00995394	-4.22525	-2.93947	12	114145199	T	C	0.0032877409687851944	2.48310240653914
12:114145393:A:G	0.000145543	0.00995394	-4.22525	-2.93947	12	114145393	A	G	0.0032877409687851944	2.48310240653914
12:42970568:T:TACACACACA	8.61959e-05	0.00731677	-4.4413	-2.93895	12	42970568	T	TACACACACA	0.003293261973365669	2.4823737205295897
12:105516020:T:C	8.07355e-06	0.000366511	-3.81543	-2.93884	12	105516020	T	C	0.003294430959833394	2.48221958936931
12:38196800:T:C	7.8061e-06	0.000479301	-4.11742	-2.93876	12	38196800	T	C	0.0032952813692014716	2.4821074970412917
12:1378555:T:C	0.00286074	0.000405408	1.95394	2.93862	12	1378555	T	C	0.003296770066763359	2.481911341670351
12:103907151:A:AAGAGAGAG	6.73926e-05	0.0104616	-5.04494	-2.93832	12	103907151	A	AAGAGAGAG	0.0032999621960439008	2.4814910353171333
12:59657434:G:C	4.79675e-05	0.0074459	-5.0449	-2.93828	12	59657434	G	C	0.003300388025929084	2.481434997209033
12:66521672:C:T	0.0547838	0.00178349	3.42482	2.93817	12	66521672	C	T	0.003301559316205679	2.4812808957347836
12:82948375:A:AAC	0.000715305	0.00946545	-2.58269	-2.93798	12	82948375	A	AAC	0.0033035833458104538	2.4810147319405838
12:45427936:C:CA	0.000188142	2.66801e-05	1.95328	2.93796	12	45427936	C	CA	0.0033037964672921177	2.480986715544944
12:102596269:C:T	1.81306e-05	0.000387609	-3.0624	-2.93789	12	102596269	C	T	0.0033045424911025247	2.4808886594289836
12:90602446:G:A	0.000231857	0.0143597	-4.12606	-2.9378	12	90602446	G	A	0.0033055018900358295	2.48076259017995
12:90602285:G:A	0.000231857	0.0143597	-4.12606	-2.9378	12	90602285	G	A	0.0033055018900358295	2.48076259017995
12:25413211:CCT:C	0.0248213	0.000291628	4.44398	2.93753	12	25413211	CCT	C	0.0033083816092762093	2.4803844020081476
12:61281311:G:A	2.58323e-06	0.000176269	-4.22297	-2.93732	12	61281311	G	A	0.0033106229705140936	2.480090275952474
12:3817634:C:T	0.00428274	0.000139578	3.42372	2.9371	12	3817634	C	T	0.0033129725465862094	2.4797821629455434
12:88568280:CATTTATTTA:C	0.00260294	0.000406845	1.85596	2.93681	12	88568280	CATTTATTTA	C	0.0033160720355919463	2.4793760437670356
12:94024050:T:G	5.18671e-05	0.0118939	-5.4351	-2.93654	12	94024050	T	G	0.003318960140661231	2.478997963257207
12:68821046:CT:C	0.0104965	7.82583e-05	4.89878	2.93636	12	68821046	CT	C	0.0033208868166014816	2.4787459258960642
12:90212855:C:CATCT	0.000260864	0.0220837	-4.4386	-2.93636	12	90212855	C	CATCT	0.0033208868166014816	2.4787459258960642
12:99078270:T:C	3.93671e-05	0.00609708	-5.04263	-2.93635	12	99078270	T	C	0.0033209938840157967	2.478731924203071
12:41534612:C:T	0.000159169	0.00475549	-3.39708	-2.93634	12	41534612	C	T	0.003321100954574025	2.4787179225503557
12:28419945:T:C	0.0020794	2.27536e-05	4.51511	2.93633	12	28419945	T	C	0.003321208028276255	2.4787039209379165
12:89779791:G:A	0.00158551	3.98335e-05	3.68395	2.93568	12	89779791	G	A	0.003328174566716169	2.4777939025215567
12:20025130:C:T	2.44868e-05	0.000286984	-2.46129	-2.93567	12	20025130	C	T	0.0033282818481030437	2.4777799035673294
12:49671145:A:G	3.61147e-05	0.000368639	-2.32312	-2.93532	12	49671145	A	G	0.0033320386813959295	2.4772899655427727
12:117636458:T:TA	0.000127757	0.0103864	-4.39812	-2.93528	12	117636458	T	TA	0.0033324682795885046	2.477233975767138
12:20746760:A:G	0.000784916	0.0186396	-3.16747	-2.93524	12	20746760	A	G	0.0033328979282236854	2.4771779866359016
12:117636771:T:G	0.000127783	0.0103864	-4.39792	-2.93509	12	117636771	T	G	0.0033345095599493745	2.4769680331329247
12:117636895:C:CA	0.000127783	0.0103864	-4.39792	-2.93509	12	117636895	C	CA	0.0033345095599493745	2.4769680331329247
12:117636712:A:G	0.000127783	0.0103864	-4.39792	-2.93509	12	117636712	A	G	0.0033345095599493745	2.4769680331329247
12:20832969:A:C	0.0014357	0.030389	-3.05243	-2.93484	12	20832969	A	C	0.00333719719007047	2.4766181307652513
12:42363375:T:TTTGTAGTTT	3.12521e-06	0.00048313	-5.04078	-2.93476	12	42363375	T	TTTGTAGTTT	0.0033380576482747565	2.47650616732381
12:96069996:A:C	0.015409	0.00179561	2.1496	2.93475	12	96069996	A	C	0.003338165219755564	2.4764921720748636
12:83210413:C:A	0.00286219	0.000124472	3.13526	2.93455	12	83210413	C	A	0.0033403173124507417	2.4762122755534897
12:123538211:T:G	0.000587097	0.00715016	-2.4997	-2.93453	12	123538211	T	G	0.003340532591199499	2.4761842867873782
12:19448422:T:A	1.52368e-05	0.000581663	-3.64218	-2.9344	12	19448422	T	A	0.0033419322110789227	2.4760023637343527
12:42116534:C:T	1.13709e-05	0.00175675	-5.04017	-2.93423	12	42116534	C	T	0.0033437632890230703	2.475764474627094
12:53179715:G:GT	0.0170454	0.00198751	2.14899	2.93413	12	53179715	G	GT	0.0033448408204405397	2.4756245452950316
12:99929851:G:T	0.0012556	0.000139329	2.19853	2.93401	12	99929851	G	T	0.003346134275543435	2.4754566354126255
12:73015789:A:AC	0.00308174	0.000112146	3.31345	2.93353	12	73015789	A	AC	0.003351312652186748	2.474785053876011
12:6509915:TCTA:T	0.00152382	4.98492e-05	3.41997	2.93348	12	6509915	TCTA	T	0.0033518524858926254	2.4747151028020675
12:96732861:G:GTT	2.43587e-05	0.00556213	-5.43085	-2.93314	12	96732861	G	GTT	0.0033555254556151314	2.474239462199723
12:125777524:C:T	0.000124817	0.00761805	-4.11143	-2.93297	12	125777524	C	T	0.003357363314559767	2.474001659356434
12:117637109:C:CCTT	0.000128091	0.0103864	-4.39551	-2.93282	12	117637109	C	CCTT	0.0033589857159771782	2.473791842983427
12:87540673:G:A	7.88218e-05	0.0179786	-5.42975	-2.93225	12	87540673	G	A	0.0033651573543915995	2.4729946234024984
12:17752833:A:G	4.49243e-06	0.000154418	-3.53727	-2.93185	12	17752833	A	G	0.0033694944922193367	2.4724352491900987
12:65634717:T:C	0.00044555	0.0123609	-3.32299	-2.93177	12	65634717	T	C	0.0033703625303343307	2.472323382079492
12:115741007:G:A	0.00183417	0.0651899	-3.57071	-2.93141	12	115741007	G	A	0.003374271222195922	2.4718200119754146
12:7316517:G:A	0.000398307	0.024498	-4.11912	-2.93116	12	7316517	G	A	0.0033769880194580385	2.4714704801085903
12:31389875:C:G	0.000148079	0.0124606	-4.43258	-2.9306	12	31389875	C	G	0.003383080874274519	2.4706876200567347
12:48133403:C:T	3.34424e-06	0.000270532	-4.39315	-2.93058	12	48133403	C	T	0.0033832986612320594	2.470659663104741
12:65576639:G:C	0.000214083	0.00593104	-3.32159	-2.93046	12	65576639	G	C	0.003384605651069979	2.4704919247753034
12:47446860:C:T	1.01203e-05	0.000468285	-3.83453	-2.92946	12	47446860	C	T	0.0033955151234938974	2.469094330861992
12:99929815:C:T	0.00124968	0.000139329	2.19381	2.92919	12	99929815	C	T	0.0033984661649722856	2.4687170495430966
12:103904898:C:T	4.38949e-05	0.00997157	-5.4257	-2.92901	12	103904898	C	T	0.0034004348229942165	2.46846554497167
12:109591945:T:A	0.00314504	0.000495686	1.84764	2.92895	12	109591945	T	A	0.0034010912730205456	2.468381713013683
12:27808870:C:T	0.00061456	0.0284222	-3.83402	-2.92895	12	27808870	C	T	0.0034010912730205456	2.468381713013683
12:41178042:T:G	0.00118004	0.000134439	2.1722	2.92891	12	41178042	T	G	0.0034015289704662686	2.468325825847009
12:15105284:G:A	0.0183839	0.00020294	4.50632	2.92886	12	15105284	G	A	0.00340207616438945	2.468255967794647
12:70947683:C:T	0.00117928	2.98449e-05	3.67665	2.9288	12	70947683	C	T	0.003402732902881113	2.4681721394605827
12:1394191:G:A	0.0160446	0.00180216	2.18638	2.92828	12	1394191	G	A	0.003408429473104206	2.467445687952325
12:55114340:C:T	1.85155e-05	0.00129435	-4.24715	-2.92789	12	55114340	C	T	0.0034127075969121886	2.466900920771354
12:20775098:A:ATT	0.000237506	0.00812303	-3.53227	-2.92757	12	20775098	A	ATT	0.0034162215027707236	2.4664539780555343
12:44094236:G:A	0.000543612	0.00550173	-2.31458	-2.92742	12	44094236	G	A	0.003417869779706683	2.4662444878505525
12:59996529:A:G	9.55785e-06	0.00109344	-4.73972	-2.92709	12	59996529	A	G	0.0034214985376256743	2.4657836412883736
12:48134636:T:C	3.30377e-06	0.000266263	-4.38942	-2.92706	12	48134636	T	C	0.0034218285985578908	2.465741748320578
12:79384064:C:T	0.0273744	0.00307881	2.18506	2.92692	12	79384064	C	T	0.0034233692661842507	2.465546252595518
12:19735900:A:G	0.00066058	0.0404423	-4.11451	-2.92674	12	19735900	A	G	0.0034253510524333195	2.465294912544745
12:46352323:T:A	0.00136087	7.18137e-05	2.9418	2.9265	12	46352323	T	A	0.003427995058659062	2.464959812769449
12:41628985:T:G	7.66782e-05	0.00535217	-4.24564	-2.92643	12	41628985	T	G	0.00342876657702099	2.4648620797034653
12:95828041:GAGGA:G	0.00274171	9.07158e-05	3.40861	2.92642	12	95828041	GAGGA	G	0.0034288768068321727	2.464848117997946
12:8205741:T:A	0.134656	0.0251024	1.67976	2.92641	12	8205741	T	A	0.0034289870398691875	2.4648341563326888
12:59486285:C:A	4.5354e-05	0.00201138	-3.79208	-2.92639	12	59486285	C	A	0.0034292075156210663	2.46480623312296
12:117622652:G:T	1.00025e-05	0.000781243	-4.35805	-2.92628	12	117622652	G	T	0.003430420362939309	2.4646526583482
12:41978257:C:CAAT	0.0001765	0.0106978	-4.10447	-2.92626	12	41978257	C	CAAT	0.0034306409225813113	2.464624736185287
12:73807925:T:C	2.92727e-06	0.000334536	-4.73868	-2.92616	12	73807925	T	C	0.0034317439144347706	2.4644851277864452
12:100847478:A:ATTTT	7.05088e-05	0.00427293	-4.10432	-2.92611	12	100847478	A	ATTTT	0.0034322955314064017	2.4644153250968452
12:109004702:TATTTC:T	0.00731698	0.000860004	2.14102	2.92605	12	109004702	TATTTC	T	0.0034329575783111272	2.464331563197967
12:29683785:T:A	0.000279606	0.0169354	-4.10378	-2.92559	12	29683785	T	A	0.003438037134367514	2.4636894367927114
12:3810788:G:A	0.000108462	0.0245247	-5.42104	-2.92529	12	3810788	G	A	0.00344135357315733	2.463270704600051
12:95237780:G:C	0.000138045	6.09219e-06	3.12057	2.92511	12	95237780	G	C	0.0034433448339224676	2.463019482677082
12:84575840:G:A	0.000141012	0.0109997	-4.35678	-2.92508	12	84575840	G	A	0.003443676812661819	2.462977613624792
12:74962239:T:C	2.12394e-05	0.00177684	-4.42673	-2.92499	12	74962239	T	C	0.0034446729236881574	2.4628520086419803
12:38736239:T:TGTGTGTGTG	2.70383e-05	0.00210828	-4.35638	-2.9247	12	38736239	T	TGTGTGTGTG	0.0034478843990948514	2.4624473036584718
12:91543775:G:A	0.000199558	0.0089285	-3.8009	-2.92468	12	91543775	G	A	0.0034481059805803013	2.462419394218012
12:42205894:T:A	5.97207e-06	0.000245277	-3.71529	-2.92444	12	42205894	T	A	0.003450765969592473	2.462084493493517
12:83653848:A:G	2.65767e-05	0.00100452	-3.63223	-2.92432	12	83653848	A	G	0.0034520966643800054	2.46191705182732
12:7272224:G:GTT	3.85741e-05	0.00322447	-4.42594	-2.92424	12	7272224	G	GTT	0.0034529840537000983	2.4618054272705994
12:120483543:A:T	5.50044e-06	0.00124159	-5.41932	-2.92392	12	120483543	A	T	0.003456535687603796	2.461358954809498
12:120625669:C:A	0.000389917	0.0235707	-4.10182	-2.9237	12	120625669	C	A	0.003458979364307368	2.461052028906186
12:1377155:G:A	0.00289537	0.000416504	1.93897	2.92345	12	1377155	G	A	0.003461758178242315	2.4607032731223932
12:101560597:TG:T	0.000608527	0.0271912	-3.79961	-2.92342	12	101560597	TG	T	0.003462091772417105	2.4606614241191793
12:84400190:G:C	0.00119588	4.40477e-05	3.30137	2.92318	12	84400190	G	C	0.0034647615793067152	2.4603266451370223
12:117637676:T:TG	0.000115282	0.0259932	-5.41821	-2.92303	12	117637676	T	TG	0.0034664311600250066	2.460117420048545
12:41629957:ATT:A	0.0025484	8.46715e-05	3.40444	2.92237	12	41629957	ATT	A	0.0034737860174880457	2.459196937266686
12:96736079:C:T	2.41484e-05	0.00167828	-4.2413	-2.92223	12	96736079	C	T	0.003475347963412086	2.4590017058870264
12:51421018:A:ATG	0.000249955	0.0200392	-4.38417	-2.92209	12	51421018	A	ATG	0.0034769105484779793	2.458806482397598
12:114142271:G:A	0.000149378	0.0100292	-4.20678	-2.92202	12	114142271	G	A	0.003477692080761279	2.4587088736117075
12:99489243:GA:G	0.00360202	8.43861e-05	3.75385	2.92184	12	99489243	GA	G	0.0034797024693798855	2.4584578886484287
12:103863360:T:C	0.000358646	0.0240664	-4.20624	-2.92151	12	103863360	T	C	0.0034833909290347617	2.457997783424211
12:103817462:T:C	0.000241233	0.0201046	-4.42294	-2.92136	12	103817462	T	C	0.003485068677539632	2.4577886591778486
12:3804701:C:CA	0.000140512	0.0117101	-4.42292	-2.92133	12	3804701	C	CA	0.003485404315474365	2.4577468354154637
12:82947894:C:A	0.000729923	0.00948466	-2.56449	-2.92114	12	82947894	C	A	0.0034875307056063177	2.457481960000301
12:87174086:A:C	0.000291291	1.54638e-05	2.93582	2.92064	12	87174086	A	C	0.0034931321115532375	2.4567849888732107
12:123527676:T:C	0.0139405	0.00182329	2.03416	2.92027	12	123527676	T	C	0.0034972824213962772	2.456269295028071
12:97850956:C:T	0.0350034	0.00143156	3.19668	2.92024	12	97850956	C	T	0.003497619129594888	2.456227484428818
12:58470373:G:C	0.000325905	0.0133163	-3.71014	-2.91954	12	58470373	G	C	0.0035054840335912657	2.455252006626261
12:58471348:T:C	0.000325905	0.0133163	-3.71014	-2.91954	12	58471348	T	C	0.0035054840335912657	2.455252006626261
12:40280623:T:TTAAAA	5.54443e-05	0.00429908	-4.35078	-2.91942	12	40280623	T	TTAAAA	0.003506833917586703	2.455084801664435
12:123537696:C:A	0.00439072	0.000728832	1.79581	2.91922	12	123537696	C	A	0.0035090847754029857	2.454806139608766
12:48156444:A:G	3.01677e-05	0.00181393	-4.09648	-2.91854	12	48156444	A	G	0.0035167475287443306	2.4538588090526674
12:107761576:G:A	6.81675e-05	0.0103379	-5.02161	-2.91834	12	107761576	G	A	0.003519004175578097	2.453580217839588
12:38976005:T:A	2.21586e-05	0.0015337	-4.23721	-2.91828	12	38976005	T	A	0.00351968142651315	2.453496643615225
12:64376982:A:C	0.000124207	0.0103097	-4.41889	-2.91747	12	64376982	A	C	0.003528835929085142	2.452368533408072
12:101810432:TACAC:T	0.000587717	4.06606e-06	4.97357	2.91738	12	101810432	TACAC	T	0.003529854432189756	2.4522432041306663
12:117634702:T:C	0.0103864	0.000109814	4.54947	2.91729	12	117634702	T	C	0.00353087320275194	2.4521178781134543
12:117634350:A:G	0.0103864	0.000109814	4.54947	2.91729	12	117634350	A	G	0.00353087320275194	2.4521178781134543
12:47446691:C:T	1.02464e-05	0.000468285	-3.82215	-2.91692	12	47446691	C	T	0.0035350642930118492	2.4516026831835296
12:66076070:C:G	0.000216391	0.00740774	-3.5332	-2.91686	12	66076070	C	G	0.003535744355612456	2.451519143251853
12:105016003:T:TA	6.11558e-05	0.00925702	-5.01971	-2.91671	12	105016003	T	TA	0.00353744503290717	2.4513102997618073
12:107847532:G:A	0.00318624	0.000436348	1.98816	2.91635	12	107847532	G	A	0.0035415296953799197	2.4508091123335944
12:45385255:CAGA:C	0.00276981	3.33361e-05	4.41989	2.91621	12	45385255	CAGA	C	0.0035431193337607035	2.450614220198291
12:42193687:G:A	1.08248e-05	0.000655448	-4.10348	-2.91618	12	42193687	G	A	0.0035434600550021643	2.450572458624186
12:83706363:A:G	3.13441e-05	0.00474049	-5.01887	-2.91599	12	83706363	A	G	0.003545618648534544	2.4503079770665783
12:1376992:G:A	0.00287814	0.000417247	1.93122	2.91559	12	1376992	G	A	0.003550166966935423	2.449751221279125
12:101881824:C:A	7.26992e-06	0.00162381	-5.40879	-2.91549	12	101881824	C	A	0.0035513048756202273	2.449612042393985
12:74962921:T:C	2.12866e-05	0.00176306	-4.41673	-2.91541	12	74962921	T	C	0.0035522154414632263	2.4495007021836277
12:74962910:A:G	2.12866e-05	0.00176306	-4.41673	-2.91541	12	74962910	A	G	0.0035522154414632263	2.4495007021836277
12:113597992:A:G	0.000243682	0.0111196	-3.8206	-2.91534	12	113597992	A	G	0.0035530123608075725	2.4494032816125064
12:61311534:T:C	0.0110291	0.000202515	3.99748	2.91527	12	61311534	T	C	0.0035538094427988685	2.4493058630134583
12:109591381:G:A	0.00313778	0.000502361	1.83195	2.91415	12	109591381	G	A	0.0035665848985585945	2.4477474336265646
12:90137388:G:A	7.09615e-05	0.0047245	-4.19838	-2.91408	12	90137388	G	A	0.0035673847500328924	2.447650048552
12:90137321:T:C	7.09615e-05	0.0047245	-4.19838	-2.91408	12	90137321	T	C	0.0035673847500328924	2.447650048552
12:120485089:T:C	6.61982e-05	5.79763e-06	2.43521	2.91373	12	120485089	T	C	0.003571386455614178	2.447163152758838
12:10264297:C:T	0.000115484	0.00795538	-4.23248	-2.9137	12	10264297	C	T	0.0035717296488841114	2.44712142112763
12:10264504:TTC:T	0.000115484	0.00795538	-4.23248	-2.9137	12	10264504	TTC	T	0.0035717296488841114	2.44712142112763
12:84296635:CT:C	0.000688317	2.29844e-05	3.39944	2.91361	12	84296635	CT	C	0.0035727594087042337	2.4469962284071833
12:20885895:A:G	0.000167419	0.0033761	-3.00398	-2.91356	12	20885895	A	G	0.003573331614183536	2.446926678304362
12:40964520:A:G	0.000441929	3.87145e-05	2.43494	2.91348	12	40964520	A	G	0.003574247316351641	2.4468154002325235
12:74834298:C:CCTTT	0.00130215	5.81849e-05	3.10815	2.91333	12	74834298	C	CCTTT	0.003575964833279992	2.4466067607898623
12:50013057:CTT:C	0.0155808	0.000188155	4.41652	2.91323	12	50013057	CTT	C	0.003577110261613289	2.446467672858527
12:1377083:C:T	0.00288766	0.000419636	1.92881	2.91315	12	1377083	C	T	0.003578026844567325	2.4463564054109814
12:75690845:T:C	0.000418314	0.0471177	-4.72417	-2.91311	12	75690845	T	C	0.003578485216155245	2.446300772653046
12:121275270:A:G	0.00138864	0.0466973	-3.51536	-2.9131	12	121275270	A	G	0.003578599817398043	2.4462868645641698
12:83211447:T:C	0.00287813	0.000128037	3.11258	2.91295	12	83211447	T	C	0.0035803192367076927	2.4460782480602052
12:19447298:T:C	1.54788e-05	0.000578477	-3.62092	-2.91286	12	19447298	T	C	0.0035813512489716887	2.445953082504066
12:7908367:G:A	0.000460125	0.0305733	-4.19638	-2.9122	12	7908367	G	A	0.003588927610824142	2.4450353013593427
12:88414105:C:CTAATAA	0.000213729	0.00430321	-3.00241	-2.91206	12	88414105	C	CTAATAA	0.0035905365909364075	2.4448406430460454
12:30743441:A:G	0.00160633	0.000186255	2.1546	2.91174	12	30743441	A	G	0.003594216723852595	2.44439573937631
12:45987924:TTA:T	0.00473554	5.72868e-05	4.41478	2.91168	12	45987924	TTA	T	0.003594907130610172	2.444312324525745
12:76131969:T:TG	0.164503	0.0124585	2.58053	2.91153	12	76131969	T	TG	0.0035966336752797966	2.4441037937373027
12:117181602:G:GTCTA	0.000175576	0.0116575	-4.19563	-2.91149	12	117181602	G	GTCTA	0.0035970942145553057	2.444048187056208
12:32123563:T:A	9.83536e-05	0.00447019	-3.81662	-2.91135	12	32123563	T	A	0.003598706524449835	2.4438535687427145
12:59582835:G:A	0.00691383	0.000219475	3.45004	2.91105	12	59582835	G	A	0.0036021636878629877	2.443436556058286
12:59582885:T:C	0.00691383	0.000219475	3.45004	2.91105	12	59582885	T	C	0.0036021636878629877	2.443436556058286
12:58473633:G:T	0.000228748	0.00926316	-3.70118	-2.91104	12	58473633	G	T	0.003602278978650437	2.4434226562591963
12:87380018:A:C	0.000108112	0.00856629	-4.37243	-2.91099	12	87380018	A	C	0.003602855482932533	2.443353157867355
12:25206530:TA:T	9.80249e-05	1.16969e-05	2.1259	2.91073	12	25206530	TA	T	0.0036058546581687794	2.4429917824465037
12:25206418:G:A	9.80249e-05	1.16969e-05	2.1259	2.91073	12	25206418	G	A	0.0036058546581687794	2.4429917824465037
12:15061510:C:T	0.00102623	0.0845763	-4.41177	-2.91065	12	15061510	C	T	0.003606777938055997	2.442880595481935
12:26306487:C:T	0.000417746	0.0145328	-3.54929	-2.91055	12	26306487	C	T	0.003607932340281655	2.442741615397791
12:41978497:T:C	0.000179434	0.0106978	-4.08799	-2.91035	12	41978497	T	C	0.0036102421529495676	2.442463667301334
12:29412999:C:T	2.33227e-05	0.00184652	-4.37163	-2.91024	12	29412999	C	T	0.0036115131231210713	2.4423108027090716
12:85669265:TAA:T	1.56319e-05	0.0012859	-4.4099	-2.90886	12	85669265	TAA	T	0.0036274926353598515	2.440393460606512
12:103865566:A:G	0.000421461	0.0346554	-4.40948	-2.90846	12	103865566	A	G	0.0036321363831165283	2.4398378525179965
12:28288087:T:C	1.43269e-05	0.00117741	-4.40893	-2.90794	12	28288087	T	C	0.0036381813374097684	2.4391156582484195
12:91546652:A:G	0.000240689	0.0105854	-3.78372	-2.90794	12	91546652	A	G	0.0036381813374097684	2.4391156582484195
12:132154371:C:T	0.0069656	0.000999707	1.94128	2.90779	12	132154371	C	T	0.0036399267736509015	2.438907353196886
12:41181002:T:C	0.000778058	9.05843e-05	2.15052	2.90777	12	41181002	T	C	0.0036401595560099716	2.43887957987402
12:39955475:TAGAAA:T	0.0142005	0.000160709	4.48144	2.90769	12	39955475	TAGAAA	T	0.0036410908208326666	2.4387684881919705
12:41172656:GTTC:G	0.00203148	0.000231342	2.17263	2.90757	12	41172656	GTTC	G	0.003642488124302238	2.4386018554971387
12:25413203:T:TC	0.000389464	0.0319899	-4.4084	-2.90743	12	25413203	T	TC	0.0036441189279863687	2.438407458009302
12:78124436:TTTATG:T	0.000128144	0.0101151	-4.36862	-2.9074	12	78124436	TTTATG	T	0.003644468472290223	2.4383658024307584
12:122822062:A:AACACACAC	2.16229e-05	0.00478003	-5.39845	-2.90722	12	122822062	A	AACACACAC	0.003646566378470348	2.4381158765638897
12:91819466:T:A	0.00665019	0.000362024	2.91069	2.9071	12	91819466	T	A	0.0036479655926262527	2.437949266561556
12:3803275:G:A	0.000164865	0.0184341	-4.71683	-2.90651	12	3803275	G	A	0.0036548521660705884	2.437130184987444
12:25205716:A:T	9.76154e-05	1.16969e-05	2.12171	2.90649	12	25205716	A	T	0.0036550858162588793	2.437102421964625
12:25205728:CTT:C	9.76154e-05	1.16969e-05	2.12171	2.90649	12	25205728	CTT	C	0.0036550858162588793	2.437102421964625
12:66077640:C:T	0.000219713	0.0074453	-3.52301	-2.90646	12	66077640	C	T	0.0036554363170085927	2.4370607777321487
12:91541324:T:G	0.000191902	0.00842644	-3.78215	-2.90641	12	91541324	T	G	0.0036560205528433404	2.4369913714826916
12:23805305:G:C	0.000321937	0.0119551	-3.61456	-2.90641	12	23805305	G	C	0.0036560205528433404	2.4369913714826916
12:113354833:T:C	0.00263616	0.0352221	-2.59235	-2.90621	12	113354833	T	C	0.0036583583453672327	2.4367137565432246
12:87174539:A:C	0.000291566	1.57215e-05	2.92024	2.90606	12	87174539	A	C	0.0036601125817089975	2.4365055558998483
12:28286889:T:G	1.43554e-05	0.00117741	-4.40695	-2.90604	12	28286889	T	G	0.003660346537670461	2.4364777964980266
12:42126032:C:A	2.28039e-05	0.00136605	-4.09275	-2.90591	12	42126032	C	A	0.003661867582904857	2.4362973643088974
12:71865041:A:C	2.68141e-05	0.00299543	-4.71592	-2.90569	12	71865041	A	C	0.003664442968809376	2.4359920330168974
12:114368736:C:T	0.000497997	0.0392183	-4.3663	-2.90521	12	114368736	C	T	0.0036700677101966987	2.435325923242861
12:41917883:CT:C	0.00157137	0.000139007	2.42518	2.90475	12	41917883	CT	C	0.0036754654526514633	2.4346876550238465
12:43675137:C:T	0.000129286	0.00773526	-4.09152	-2.90473	12	43675137	C	T	0.003675700300761809	2.4346599061628185
12:53876444:C:A	0.000222409	0.0100411	-3.80992	-2.90452	12	53876444	C	A	0.0036781670297986375	2.4343685528378076
12:42278095:AAGGAAGGAA:A	0.00035095	3.98759e-06	4.47746	2.90431	12	42278095	AAGGAAGGAA	A	0.0036806352638738262	2.434077217254565
12:100104886:CAAAAAA:C	0.00162337	1.14126e-05	4.95754	2.90408	12	100104886	CAAAAAA	C	0.0036833402956884705	2.4337581557819106
12:39701383:C:G	3.32486e-06	0.00049586	-5.00486	-2.904	12	39701383	C	G	0.003684281599927763	2.433647182866923
12:19522079:T:G	2.61694e-05	0.00291754	-4.71391	-2.90388	12	19522079	T	G	0.003685693966380447	2.4334807283220425
12:117637462:A:G	0.000132093	0.0103864	-4.36475	-2.90374	12	117637462	A	G	0.0036873423493978957	2.433286538674845
12:38519595:T:G	1.50543e-05	0.00102615	-4.22191	-2.90349	12	38519595	T	G	0.0036902875577149883	2.4329397910596295
12:50999774:GC:G	0.00404033	0.000136338	3.38894	2.90346	12	50999774	GC	G	0.0036906411264014546	2.4328981830354377
12:10517702:T:G	0.00010849	0.00852745	-4.36439	-2.9034	12	10517702	T	G	0.003691348356172302	2.432814968073243
12:96733542:GTTT:G	0.00144396	2.71598e-05	3.97341	2.90317	12	96733542	GTTT	G	0.00369406054522417	2.432495990801224
12:88532295:C:T	2.73521e-05	0.0040748	-5.00378	-2.90307	12	88532295	C	T	0.0036952403228514242	2.4323573116685453
12:31096018:CTTT:C	0.000122805	0.00454523	-3.61124	-2.90305	12	31096018	CTTT	C	0.0036954763194797626	2.432329576324754
12:76524000:T:C	1.35302e-05	0.00060987	-3.80832	-2.9029	12	76524000	T	C	0.003697246731011035	2.432121566375463
12:4818838:GCA:G	0.00505478	0.000227294	3.10184	2.90272	12	4818838	GCA	G	0.0036993722426830393	2.4318719663841524
12:31018632:T:C	0.000912469	0.0395164	-3.76832	-2.90255	12	31018632	T	C	0.0037013806903561032	2.4316362450269042
12:58471364:CTT:C	0.0201655	0.000217102	4.53136	2.90252	12	58471364	CTT	C	0.003701735225187156	2.43159464834717
12:120833768:AGTGTGTGT:A	0.000299688	1.00704e-05	3.39314	2.90227	12	120833768	AGTGTGTGT	A	0.0037046908829419323	2.431248023429107
12:41632412:T:C	7.17369e-05	0.00586021	-4.40293	-2.90219	12	41632412	T	C	0.0037056371464467136	2.4311371087653684
12:115644947:TATAATAATA:T	0.00610036	0.000158815	3.64836	2.90216	12	115644947	TATAATAATA	T	0.003705992051906294	2.431095516430219
12:44851140:A:G	0.000245077	0.0161118	-4.18574	-2.90215	12	44851140	A	G	0.003706110360592949	2.4310816523989573
12:107846633:A:C	0.00296388	0.000411963	1.97332	2.90215	12	107846633	A	C	0.003706110360592949	2.4310816523989573
12:34120634:C:G	6.10828e-06	6.01448e-05	-2.28711	-2.90199	12	34120634	C	G	0.0037080037666013654	2.430859833369677
12:41632468:A:G	6.75774e-05	0.0100459	-5.00165	-2.90124	12	41632468	A	G	0.0037168908349329613	2.42982019394394
12:65211393:G:A	1.56234e-05	0.00232231	-5.00155	-2.90116	12	65211393	G	A	0.0037178399308289162	2.4297093124270064
12:89784133:A:G	4.96992e-05	0.00326379	-4.18466	-2.90112	12	89784133	A	G	0.003718314561388036	2.4296538726339616
12:49515410:A:G	0.00270459	0.000459254	1.7731	2.90093	12	49515410	A	G	0.003720569808848193	2.4293905424063276
12:49515374:A:G	0.00270459	0.000459254	1.7731	2.90093	12	49515374	A	G	0.003720569808848193	2.4293905424063276
12:28289554:G:A	1.41981e-05	0.0011583	-4.4016	-2.90091	12	28289554	G	A	0.003720807275636928	2.4293628242797367
12:100608553:G:T	0.000311893	0.0136119	-3.77604	-2.90046	12	100608553	G	T	0.0037261539222231146	2.4287392089697195
12:27808994:T:G	0.000623072	0.0280172	-3.80591	-2.90045	12	27808994	T	G	0.003726272815875464	2.4287253517768965
12:30445950:G:A	5.84277e-05	0.0039693	-4.21855	-2.90025	12	30445950	G	A	0.0037286514132249815	2.428448216367636
12:83372115:A:T	0.000131913	0.00412362	-3.44234	-2.8999	12	83372115	A	T	0.0037328172798901677	2.4279632681175167
12:101036003:AAGTT:A	0.0168805	0.000404973	3.73009	2.89988	12	101036003	AAGTT	A	0.0037330554571519793	2.427935558277235
12:20779465:G:A	0.00029244	0.00968216	-3.49978	-2.89976	12	20779465	G	A	0.0037344848108438553	2.42776930261436
12:50915155:T:TTG	9.57863e-05	0.00413627	-3.76543	-2.89965	12	50915155	T	TTG	0.003735795488729559	2.427616906678377
12:42116891:A:G	1.18505e-05	0.00175675	-4.99885	-2.89885	12	42116891	A	G	0.0037453402771581924	2.4265087190115824
12:130050688:TCTGC:T	0.0219546	0.000414948	3.96858	2.89879	12	130050688	TCTGC	T	0.003746057029085326	2.4264256153140815
12:115739798:T:C	0.00130574	0.0566391	-3.76993	-2.89836	12	115739798	T	C	0.0037511974008147624	2.4258300811894986
12:79746317:TA:T	0.0569602	0.00193519	3.38215	2.89801	12	79746317	TA	T	0.003755386156395958	2.4253453990142044
12:88531436:T:C	2.75274e-05	0.0040748	-4.9974	-2.8976	12	88531436	T	C	0.003760298390993809	2.4247776911307795
12:88531295:A:C	2.75274e-05	0.0040748	-4.9974	-2.8976	12	88531295	A	C	0.003760298390993809	2.4247776911307795
12:88531013:T:C	2.75274e-05	0.0040748	-4.9974	-2.8976	12	88531013	T	C	0.003760298390993809	2.4247776911307795
12:88531660:T:C	2.75274e-05	0.0040748	-4.9974	-2.8976	12	88531660	T	C	0.003760298390993809	2.4247776911307795
12:52234942:G:A	0.00123184	0.055222	-3.80285	-2.89735	12	52234942	G	A	0.003763296521400601	2.4244315609693925
12:103812520:CTCTT:C	0.00672011	0.000281798	3.17167	2.89723	12	103812520	CTCTT	C	0.0037647363955629707	2.424265427420861
12:31711310:T:G	5.54089e-05	0.00419514	-4.32694	-2.89693	12	31711310	T	G	0.003768338271799588	2.4238501188881987
12:90765244:C:T	0.00015038	0.0222343	-4.99623	-2.8966	12	90765244	C	T	0.0037723039528375223	2.4233933213106877
12:6513931:G:A	0.00063576	7.6929e-05	2.11194	2.89658	12	6513931	G	A	0.0037725444190006866	2.423365638016701
12:88189241:C:A	4.15518e-05	0.000738817	-2.87811	-2.89645	12	88189241	C	A	0.0037741077886610124	2.4231857005271538
12:44895709:C:T	1.00124e-05	0.000176522	-2.86962	-2.8964	12	44895709	C	T	0.0037747092414492163	2.423116495610263
12:55789062:G:C	1.50327e-05	0.00122056	-4.39683	-2.89634	12	55789062	G	C	0.0037754310997795155	2.4230334510372216
12:44845854:A:G	0.000252241	0.0170657	-4.21444	-2.89627	12	44845854	A	G	0.0037762734263949785	2.4229365675319667
12:113592706:G:A	0.0227182	0.000177793	4.8503	2.89611	12	113592706	G	A	0.003778199385754967	2.422715126920204
12:71863100:C:T	9.91247e-05	0.010952	-4.7049	-2.89578	12	71863100	C	T	0.003782174496522724	2.422258438175082
12:106517706:T:C	8.44695e-05	0.00268243	-3.45809	-2.89573	12	106517706	T	C	0.0037827771174910505	2.4221892467314006
12:43100932:T:C	0.00567142	0.000191929	3.38607	2.89573	12	43100932	T	C	0.0037827771174910505	2.4221892467314006
12:43925301:AT:A	0.00453322	0.000634392	1.96652	2.89564	12	43925301	AT	A	0.003783862055130914	2.422064704666507
12:20874091:T:G	0.000992896	0.000167769	1.77804	2.89561	12	20874091	T	G	0.003784223763847635	2.4220231913687975
12:20874046:A:G	0.000992896	0.000167769	1.77804	2.89561	12	20874046	A	G	0.003784223763847635	2.4220231913687975
12:13740246:G:T	0.000206057	0.0139311	-4.21372	-2.89558	12	13740246	G	T	0.0037845855039867387	2.4219816784330486
12:42282893:AAGAT:A	0.000149832	6.29677e-06	3.16948	2.89521	12	42282893	AAGAT	A	0.003789049550265343	2.4214697153198586
12:96521374:G:A	2.21249e-05	0.00149523	-4.21333	-2.8952	12	96521374	G	A	0.003789170266548301	2.421455879243092
12:46416731:T:C	0.000107428	0.00725721	-4.21293	-2.89481	12	46416731	T	C	0.003793880928586337	2.4209163036185193
12:60121563:A:T	0.00184089	7.01066e-05	3.26799	2.89461	12	60121563	A	T	0.003796298716493418	2.4206396218979083
12:61198339:G:A	1.12418e-05	0.00244571	-5.38245	-2.89442	12	61198339	G	A	0.0037985969118514234	2.4203767891634977
12:74963477:G:T	2.17585e-05	0.00176306	-4.3948	-2.8944	12	74963477	G	T	0.003798838900683338	2.420349123404415
12:41174416:T:C	0.00163993	0.000193587	2.13668	2.89427	12	41174416	T	C	0.003800412169583639	2.420169299891441
12:113782749:T:C	0.0256529	0.000619204	3.72398	2.89422	12	113782749	T	C	0.0038010174306457195	2.4201001388115517
12:43949107:C:T	0.00458228	0.000651675	1.95041	2.89364	12	43949107	C	T	0.003808044863238386	2.4192979437586506
12:62819265:C:G	0.0366706	0.00418677	2.17005	2.89347	12	62819265	C	G	0.0038101068641429353	2.419062843259621
12:19521873:T:C	2.64862e-05	0.00291754	-4.70187	-2.89306	12	19521873	T	C	0.003815084099952264	2.418495883988885
12:1151752:C:CTT	0.00388533	0.000347873	2.41313	2.89278	12	1151752	C	CTT	0.003818486582109103	2.4181087311386937
12:87380449:G:A	0.000109578	0.00851576	-4.35304	-2.89266	12	87380449	G	A	0.0038199456326290532	2.41794281813992
12:93495839:T:G	0.00264088	0.000144463	2.90585	2.89261	12	93495839	T	G	0.003820553719840109	2.4178736894328416
12:74963817:C:T	2.18044e-05	0.00176306	-4.3927	-2.89238	12	74963817	C	T	0.0038233520540357233	2.4175557103289855
12:117635108:C:G	0.0103864	0.000113261	4.51856	2.89209	12	117635108	C	G	0.003826883042848067	2.417154810475233
12:85668796:G:A	0.00140122	1.61576e-05	4.46271	2.89176	12	85668796	G	A	0.003830904668582437	2.416698655227503
12:95179340:G:GA	1.39045e-05	0.00301391	-5.37879	-2.89149	12	95179340	G	GA	0.003834197945387212	2.4163254698694643
12:42194376:G:T	8.38062e-06	0.00181607	-5.37851	-2.89127	12	42194376	G	T	0.0038368832577471085	2.41602141458525
12:10253199:T:C	1.2393e-05	0.00136242	-4.69989	-2.89127	12	10253199	T	C	0.0038368832577471085	2.41602141458525
12:61257659:A:G	2.66741e-05	0.00293225	-4.69983	-2.89122	12	61257659	A	G	0.0038374937942646245	2.4159523138258474
12:120460935:A:G	0.000173961	0.00635955	-3.59888	-2.89053	12	120460935	A	G	0.003845928216841867	2.4149988260050805
12:64670370:G:GT	0.000144986	0.00645196	-3.7955	-2.8899	12	64670370	G	GT	0.0038536439168510932	2.4141284173637976
12:70949668:C:T	1.6912e-05	0.000751596	-3.79417	-2.88947	12	70949668	C	T	0.0038589182603321944	2.4135344205637805
12:41536271:T:C	0.00204233	0.000298758	1.92221	2.88939	12	41536271	T	C	0.0038599002567893106	2.4134239177338648
12:107846374:A:G	0.00293384	0.000413298	1.9599	2.8893	12	107846374	A	G	0.0038610052741608046	2.413299605126179
12:87160410:T:TA	5.89846e-05	2.49583e-06	3.16266	2.88894	12	87160410	T	TA	0.0038654282181323396	2.412802387264319
12:117636378:GAT:G	0.014574	0.000115052	4.84161	2.88889	12	117636378	GAT	G	0.0038660428798069856	2.412733333349296
12:27031776:G:T	3.27554e-05	0.00245883	-4.31837	-2.88884	12	27031776	G	T	0.003866657630272545	2.412664280439474
12:38391133:G:A	5.58501e-06	0.000328583	-4.0747	-2.88863	12	38391133	G	A	0.0038692405520794598	2.412374269194969
12:89205392:G:A	0.000263244	0.0154872	-4.07469	-2.88861	12	89205392	G	A	0.003869486626360995	2.4123466500012225
12:83211796:A:G	0.00287813	0.000131359	3.08696	2.88855	12	83211796	A	G	0.003870224934508475	2.412263793384966
12:19448203:T:G	0.000511373	2.33407e-05	3.0869	2.88849	12	19448203	T	G	0.003870963370625435	2.4121809382161814
12:1785610:GTTAGCAAGA:G	0.0036618	0.000203167	2.89168	2.88848	12	1785610	GTTAGCAAGA	G	0.0038710864557544534	2.412167129162109
12:103900497:G:A	3.04195e-05	0.00235354	-4.34859	-2.88847	12	103900497	G	A	0.0038712095444387988	2.412153320148246
12:96380171:G:C	0.000185409	0.00798982	-3.76336	-2.8881	12	96380171	G	C	0.003875766325990483	2.4116424149009688
12:83652945:G:A	2.66493e-05	0.000971687	-3.59627	-2.88788	12	83652945	G	A	0.003878478073022537	2.411338659496897
12:115739802:T:C	0.00131465	0.056356	-3.75812	-2.88775	12	115739802	T	C	0.003880081279008829	2.4111591768142184
12:108135308:A:G	0.0293574	0.0050382	1.76249	2.88774	12	108135308	A	G	0.003880204627477306	2.4111453707354578
12:41632423:C:T	8.05953e-05	0.00540462	-4.20557	-2.8877	12	41632423	C	T	0.0038806980569724763	2.4110901468224766
12:119064152:C:A	0.000547167	0.0599135	-4.6959	-2.88769	12	119064152	C	A	0.0038808214232520302	2.4110763409447475
12:84394817:T:C	3.66096e-05	0.00156921	-3.75802	-2.88766	12	84394817	T	C	0.0038811915434659987	2.411034923552796
12:82950202:C:T	0.000719066	0.00901068	-2.52821	-2.88759	12	82950202	C	T	0.003882055281999355	2.410938284378794
12:13741902:G:A	0.000255165	0.00866674	-3.52534	-2.88724	12	13741902	G	A	0.0038863765943810335	2.410455118060191
12:66077223:G:C	0.000219713	0.00730534	-3.50404	-2.88709	12	66077223	G	C	0.003888229922636463	2.4102480618579323
12:65582168:C:CTTT	0.000175286	0.00496529	-3.34381	-2.88707	12	65582168	C	CTTT	0.0038884770937185308	2.4102204550477904
12:53377362:C:T	1.0485e-05	0.00114711	-4.69505	-2.88692	12	53377362	C	T	0.003890331331817404	2.4100134090979033
12:16434407:A:G	2.07902e-05	0.00120956	-4.06353	-2.88675	12	16434407	A	G	0.003892433772573483	2.409778767957163
12:46420264:A:G	0.00327126	0.000112745	3.3678	2.88667	12	46420264	A	G	0.0038934235135320958	2.4096683526173077
12:46420462:T:A	0.00327126	0.000112745	3.3678	2.88667	12	46420462	T	A	0.0038934235135320958	2.4096683526173077
12:109572411:A:AT	0.00232883	0.00028457	2.10214	2.88665	12	109572411	A	AT	0.003893670984487243	2.409640749184393
12:22752573:CT:C	0.104054	0.000823703	4.83886	2.8866	12	22752573	CT	C	0.003894289724385206	2.4095717413056867
12:79751206:C:G	0.00057929	0.0177033	-3.4197	-2.88645	12	79751206	C	G	0.0038961464799795033	2.4093647237002633
12:73495989:A:G	0.000410434	4.80091e-05	2.14583	2.88629	12	73495989	A	G	0.003898127905572227	2.4091439148918505
12:69489654:G:A	0.000147881	0.00655695	-3.79187	-2.88622	12	69489654	G	A	0.003898995067049183	2.4090473142746136
12:20749494:G:C	0.0166015	0.00149704	2.406	2.88602	12	20749494	G	C	0.003901473636845816	2.4087713233661754
12:15106124:CTTGT:C	0.034717	0.000275154	4.83765	2.8856	12	15106124	CTTGT	C	0.0039066832923651115	2.408191794803701
12:73394056:A:C	6.17401e-05	0.00495645	-4.38551	-2.8855	12	73394056	A	C	0.00390792461746149	2.408053822265511
12:73393997:A:T	6.17401e-05	0.00495645	-4.38551	-2.8855	12	73393997	A	T	0.00390792461746149	2.408053822265511
12:31973107:A:T	0.00026304	0.0175914	-4.20286	-2.88507	12	31973107	A	T	0.003913266398615845	2.407460586162512
12:87923319:CAAAA:C	0.00427736	0.000498015	2.15046	2.88495	12	87923319	CAAAA	C	0.003914758311400103	2.407295045168064
12:17412965:C:A	6.56778e-05	0.00526912	-4.38486	-2.88487	12	17412965	C	A	0.003915753206902491	2.407184687721281
12:20749354:T:C	0.0165812	0.00149704	2.40478	2.88486	12	20749354	T	C	0.0039158775849857455	2.4071708932213443
12:84394179:G:A	3.62268e-05	0.00154788	-3.75484	-2.8848	12	84394179	G	A	0.003916623928840433	2.407088127065959
12:6514223:T:C	6.54351e-05	0.00201527	-3.42745	-2.88448	12	6514223	T	C	0.003920606611827703	2.4066467320133427
12:114153745:C:T	0.00302316	0.000516931	1.76615	2.88412	12	114153745	C	T	0.003925091526514026	2.406150211785852
12:5201805:C:T	0.00126068	0.0731161	-4.0604	-2.88373	12	5201805	C	T	0.003929955441810022	2.4056123736667447
12:42196231:G:GAA	5.2576e-06	0.000765526	-4.98089	-2.88346	12	42196231	G	GAA	0.003933325973712798	2.405240060018345
12:120143588:G:A	0.000503857	0.00883346	-2.86401	-2.88341	12	120143588	G	A	0.003933950434310179	2.405171116262434
12:1732773:C:T	7.48575e-05	0.00253228	-3.52129	-2.8833	12	1732773	C	T	0.003935324564564712	2.405019443537028
12:5727841:C:G	0.000535573	0.0163122	-3.41633	-2.88325	12	5727841	C	G	0.003935949313315215	2.4049505029971106
12:84034065:C:CAAAAA	1.29306e-05	0.000571539	-3.78873	-2.88304	12	84034065	C	CAAAAA	0.003938574241784819	2.404660963703974
12:20874525:G:A	0.000990628	0.000169597	1.76492	2.88292	12	20874525	G	A	0.003940074914604996	2.404495520638827
12:19451688:AT:A	0.00152443	1.21236e-05	4.83422	2.88275	12	19451688	AT	A	0.003942201756656391	2.40426115287232
12:43103006:T:C	0.00534913	0.000183591	3.37198	2.88271	12	43103006	T	C	0.003942702341576286	2.4042060092038575
12:14087410:AT:A	0.00976544	0.000107724	4.50704	2.88269	12	14087410	AT	A	0.003942952655682735	2.4041784376108195
12:42114149:C:T	1.06025e-05	0.000682427	-4.16456	-2.88214	12	42114149	C	T	0.003949841951674797	2.403420281813731
12:83174945:G:GT	0.0249702	0.00114742	3.08017	2.88208	12	83174945	G	GT	0.003950594172148129	2.4033375812648985
12:28415969:GT:G	1.92114e-05	0.00147625	-4.34176	-2.88201	12	28415969	GT	G	0.003951471927119559	2.4032410991202706
12:84229231:T:G	6.16766e-06	0.00026409	-3.75697	-2.88188	12	84229231	T	G	0.0039531025133674545	2.403061923220264
12:17413200:T:TAC	6.72183e-06	0.000447961	-4.19935	-2.88168	12	17413200	T	TAC	0.003955612300751189	2.4027862812547323
12:27040359:G:A	1.97273e-05	0.00146949	-4.31067	-2.88158	12	27040359	G	A	0.0039568677369838535	2.4026484663015943
12:84733165:T:C	5.76785e-05	0.00442957	-4.34117	-2.88145	12	84733165	T	C	0.003958500345015135	2.4024693128720114
12:120566573:A:G	1.86879e-05	0.00120165	-4.16357	-2.88121	12	120566573	A	G	0.003961515997753666	2.4021385859264366
12:87805132:C:CA	0.000103802	0.00324682	-3.44295	-2.88117	12	87805132	C	CA	0.003962018809316274	2.4020834670198656
12:20882214:T:C	0.00174566	0.000299417	1.76305	2.88112	12	20882214	T	C	0.0039626474052634805	2.402014569291078
12:46415343:G:A	0.000108636	0.00723321	-4.19844	-2.88081	12	46415343	G	A	0.003966546721869095	2.4015874258022514
12:20780635:G:A	0.000300651	0.00973497	-3.47753	-2.88071	12	20780635	G	A	0.003967805308975403	2.4014496458202883
12:43098695:C:A	0.00659186	0.000226764	3.36968	2.88058	12	43098695	C	A	0.0039694420143362675	2.4012705378530437
12:54489474:TTTTA:T	0.00555883	0.00019282	3.36139	2.88042	12	54489474	TTTTA	T	0.003971457262498746	2.401050106603406
12:1337251:T:C	0.00205725	0.000246366	2.12231	2.88026	12	1337251	T	C	0.00397347343963706	2.4008296856438447
12:64761875:A:G	9.99769e-06	1.36118e-06	1.994	2.87997	12	64761875	A	G	0.003977130129719872	2.400430198882087
12:90139086:C:T	7.67448e-05	0.00492709	-4.16202	-2.87974	12	90139086	C	T	0.003980032435628217	2.4001133885903947
12:65573407:T:G	0.000247734	0.00649769	-3.26685	-2.87927	12	65573407	T	G	0.003985969215555838	2.3994660597664534
12:41897641:CA:C	0.0130299	0.000729863	2.88215	2.87914	12	41897641	CA	C	0.003987612722578213	2.3992870270440374
12:51245029:G:A	1.48416e-05	0.00316657	-5.36297	-2.87884	12	51245029	G	A	0.003991407779611602	2.398873900532596
12:83573878:G:A	3.69234e-05	0.00787635	-5.36277	-2.87868	12	83573878	G	A	0.003993433150627614	2.398653581184319
12:120104771:C:T	0.000226927	0.0099858	-3.78429	-2.87853	12	120104771	C	T	0.003995332783372401	2.3984470411401944
12:101028596:A:G	0.000214952	0.0164567	-4.33807	-2.87852	12	101028596	A	G	0.003995459454721703	2.398433272125463
12:107988310:C:T	1.59883e-05	0.00231348	-4.97465	-2.87812	12	107988310	C	T	0.0040005292996541965	2.397882544494152
12:42116463:C:A	1.17244e-05	0.00075133	-4.16017	-2.878	12	42116463	C	A	0.004002051391666846	2.397717338744779
12:30458583:TG:T	0.00541987	6.35294e-05	4.44632	2.87783	12	30458583	TG	T	0.004004208588722452	2.397483307173835
12:1736531:T:A	8.38141e-05	0.00281864	-3.51541	-2.87757	12	1736531	T	A	0.004007509873284245	2.3971253990031167
12:97710702:T:G	0.000289511	0.0113135	-3.66556	-2.87723	12	97710702	T	G	0.004011830666153772	2.3966574062366197
12:102595734:T:C	0.000156425	0.0333064	-5.36093	-2.87721	12	102595734	T	C	0.0040120849621011175	2.396629878697235
12:11286879:TA:T	0.0169511	0.00072664	3.14966	2.87698	12	11286879	TA	T	0.0040150104174775225	2.3963133235491525
12:51499626:T:TACACACACA	5.91663e-05	0.00452233	-4.33643	-2.87697	12	51499626	T	TACACACACA	0.004015137655107979	2.396299560764132
12:88817082:C:CA	0.0172599	0.00287462	1.79246	2.87689	12	88817082	C	CA	0.004016155687942456	2.396189459930831
12:92494588:T:C	0.00116115	0.0489946	-3.7423	-2.87644	12	92494588	T	C	0.004021886490196694	2.3955701906703712
12:82797558:A:T	0.000220947	0.00381229	-2.84806	-2.87641	12	82797558	A	T	0.0040222688075065805	2.395528908946685
12:103900362:T:C	3.26315e-05	0.00143069	-3.78063	-2.87626	12	103900362	T	C	0.004024180888993033	2.3953225057538563
12:43672608:T:C	0.000136599	0.0079327	-4.0617	-2.87618	12	43672608	T	C	0.004025201003150136	2.3952124277484517
12:15113286:T:C	0.000647203	0.0212899	-3.49333	-2.87616	12	15113286	T	C	0.0040254560683671845	2.395184908648994
12:15106789:G:A	0.000368005	0.0235288	-4.15788	-2.87584	12	15106789	G	A	0.004029539107816651	2.394744624920603
12:15107111:G:A	0.000368146	0.0235288	-4.1575	-2.87547	12	15107111	G	A	0.004034264808557765	2.3942355981607193
12:41934818:G:A	0.000283246	0.00949978	-3.51271	-2.87495	12	41934818	G	A	0.004040914837911499	2.3935203021965092
12:96069226:A:G	0.00101883	0.0325524	-3.4642	-2.87483	12	96069226	A	G	0.004042450872477604	2.3933552493291756
12:12618359:C:T	0.00336988	0.000237503	2.65245	2.87467	12	12618359	C	T	0.004044499743025526	2.3931351878413687
12:1733071:T:C	7.51591e-05	0.00252002	-3.51241	-2.87466	12	1733071	T	C	0.004044627828727717	2.3931214343399723
12:20462217:G:A	0.000638891	0.0192758	-3.40687	-2.87426	12	20462217	G	A	0.004049754277114133	2.3925713272374045
12:88530714:A:G	2.82913e-05	0.0040748	-4.97002	-2.87416	12	88530714	A	G	0.004051036810429112	2.392433810508437
12:45380927:A:G	2.7217e-05	0.00391712	-4.96927	-2.87351	12	45380927	A	G	0.004059382267558248	2.3915400497238313
12:20780025:C:T	0.000303196	0.00973497	-3.4691	-2.87349	12	20780025	C	T	0.004059639298140531	2.391512552084442
12:42117323:A:T	1.14879e-05	0.00243467	-5.35627	-2.87349	12	42117323	A	T	0.004059639298140531	2.391512552084442
12:52234830:T:C	0.0012415	0.0543593	-3.77929	-2.87347	12	52234830	T	C	0.004059896343494726	2.3914850546057953
12:95230575:CTT:C	0.00125834	1.48291e-05	4.44096	2.87326	12	95230575	CTT	C	0.004062596211756257	2.391196340784747
12:59483651:C:T	4.84948e-05	0.00369156	-4.33235	-2.87311	12	59483651	C	T	0.004064525686719511	2.390990127476832
12:70947367:G:A	1.81225e-05	0.000791997	-3.7774	-2.87311	12	70947367	G	A	0.004064525686719511	2.390990127476832
12:70947345:G:T	1.81225e-05	0.000791997	-3.7774	-2.87311	12	70947345	G	T	0.004064525686719511	2.390990127476832
12:123531013:G:GA	0.000794324	0.0101106	-2.54385	-2.87296	12	123531013	G	GA	0.004066455993401043	2.390783923210509
12:65579253:A:AT	0.000210804	0.00549066	-3.25987	-2.87275	12	65579253	A	AT	0.004069159820641807	2.390495252427434
12:65579266:A:G	0.000210804	0.00549066	-3.25987	-2.87275	12	65579266	A	G	0.004069159820641807	2.390495252427434
12:52236699:C:T	0.00135371	0.0592219	-3.77844	-2.8726	12	52236699	C	T	0.004071092124732868	2.3902890698607275
12:96360324:T:C	4.55311e-05	0.00490093	-4.67878	-2.8723	12	96360324	T	C	0.004074959231600153	2.389876731851528
12:117636157:T:G	0.0103864	0.000116053	4.4942	2.87223	12	117636157	T	G	0.004075862036123025	2.3897805248531787
12:117635948:T:C	0.0103864	0.000116053	4.4942	2.87223	12	117635948	T	C	0.004075862036123025	2.3897805248531787
12:82796767:G:T	0.000219566	0.00377103	-2.84345	-2.87214	12	82796767	G	T	0.004077023051541565	2.3896568330342305
12:20833684:G:A	0.00154908	0.0307537	-2.98835	-2.87206	12	20833684	G	A	0.004078055317224835	2.3895468874831947
12:20833683:G:T	0.00154908	0.0307537	-2.98835	-2.87206	12	20833683	G	T	0.004078055317224835	2.3895468874831947
12:108137270:T:C	0.0265306	0.00463029	1.74568	2.87184	12	108137270	T	C	0.004080895271089133	2.38924455047831
12:20884619:A:G	0.00192019	0.00033253	1.75345	2.87184	12	20884619	A	G	0.004080895271089133	2.38924455047831
12:39711906:C:A	0.00030459	1.05834e-05	3.35968	2.87134	12	39711906	C	A	0.004087356388374346	2.388557493250861
12:61267323:TTAAAA:T	0.00176567	2.23654e-05	4.36877	2.87095	12	61267323	TTAAAA	T	0.004092402503306645	2.388021658349815
12:75701404:C:T	0.000801652	0.114997	-4.96599	-2.87071	12	75701404	C	T	0.004095510614298799	2.3876919441727145
12:49796051:T:G	0.000961678	0.0344753	-3.57932	-2.8707	12	49796051	T	G	0.004095640165401768	2.3876782065842703
12:5729688:C:CA	0.00972284	0.000891042	2.38984	2.87036	12	5729688	C	CA	0.0041000471163676845	2.3872111524849187
12:27226631:G:A	0.000809576	2.83393e-05	3.35226	2.87031	12	27226631	G	A	0.004100695560224697	2.3871424719761847
12:103865746:G:A	0.000423946	0.0334847	-4.36924	-2.8699	12	103865746	G	A	0.004106016311455776	2.3865793296948072
12:104830528:C:G	1.27087e-05	0.00268106	-5.35168	-2.86981	12	104830528	C	G	0.004107185119495	2.3864557221370157
12:123473320:GC:G	0.0189806	0.00273013	1.93907	2.86935	12	123473320	GC	G	0.00411316374392111	2.3858240010024057
12:109641435:C:T	0.0114029	0.00141757	2.08492	2.8692	12	109641435	C	T	0.004115115002199439	2.385618023362348
12:120841271:G:C	6.12669e-06	0.0012908	-5.35037	-2.86876	12	120841271	G	C	0.0041208435399850175	2.3850138744370923
12:102582120:A:G	0.000561856	0.0111664	-2.98942	-2.86869	12	102582120	A	G	0.004121755565172047	2.3849177670072277
12:67069230:G:A	0.000392828	0.014054	-3.57729	-2.86865	12	67069230	G	A	0.004122276804655083	2.3848628493598
12:10254530:G:A	0.00133122	1.69098e-05	4.36596	2.86846	12	10254530	G	A	0.004124753509131616	2.38460199931345
12:38738821:CT:C	0.00104974	2.60572e-05	3.696	2.86835	12	38738821	CT	C	0.0041261880077521134	2.3844509874949367
12:114001113:T:C	0.000101409	0.0030749	-3.41187	-2.86835	12	114001113	T	C	0.0041261880077521134	2.3844509874949367
12:41920981:C:T	7.29661e-05	0.00144309	-2.98455	-2.86834	12	41920981	C	T	0.004126318439162779	2.3844372593888665
12:89517724:C:T	0.000111766	0.00485904	-3.77219	-2.86803	12	89517724	C	T	0.00413036366903108	2.3840117080287975
12:15117260:C:T	0.000438325	0.0169624	-3.6558	-2.86796	12	15117260	C	T	0.004131277605910953	2.383915621129803
12:39166818:G:A	3.76914e-05	0.00403701	-4.67383	-2.86784	12	39166818	G	A	0.004132844781779118	2.3837509053117296
12:39167027:T:C	3.76914e-05	0.00403701	-4.67383	-2.86784	12	39167027	T	C	0.004132844781779118	2.3837509053117296
12:33916818:G:A	8.63143e-06	0.00063325	-4.29546	-2.86722	12	33916818	G	A	0.004140950453998739	2.3828999657506227
12:88161714:T:G	1.42784e-05	0.00203992	-4.96192	-2.86721	12	88161714	T	G	0.004141081308769918	2.3828862421845494
12:38508199:T:C	1.2922e-05	0.000736645	-4.04317	-2.86711	12	38508199	T	C	0.004142390062853682	2.382749008733505
12:64374403:A:G	0.000239902	0.0157469	-4.18416	-2.86701	12	64374403	A	G	0.004143699192225432	2.382611779300059
12:67813449:AC:A	0.0227092	0.0018016	2.53409	2.86688	12	67813449	AC	A	0.004145401621619692	2.3824333870428633
12:20278769:C:CA	0.000427033	1.06185e-05	3.69426	2.86674	12	20278769	C	CA	0.004147235716832393	2.382241279897539
12:112618157:G:C	0.000427848	0.0457501	-4.67218	-2.86636	12	112618157	G	C	0.004152217687316174	2.381719885910579
12:41181665:T:C	6.47684e-05	0.00124195	-2.95362	-2.86559	12	41181665	T	C	0.00416232938550474	2.380663554915636
12:31707256:T:C	1.82095e-05	0.00133359	-4.29368	-2.86555	12	31707256	T	C	0.0041628552784513636	2.380608687086437
12:125389015:T:TAC	0.000417186	0.0273356	-4.18241	-2.86532	12	125389015	T	TAC	0.00416588033293536	2.380293209542444
12:61498654:G:A	0.00012801	0.0268503	-5.34592	-2.8652	12	61498654	G	A	0.004167459413822316	2.3801286209993786
12:1385266:G:A	0.00234991	0.000413118	1.7384	2.86496	12	1385266	G	A	0.00417061920481798	2.379799461268021
12:83427545:G:GT	1.1083e-05	0.000725605	-4.1816	-2.86453	12	83427545	G	GT	0.004176285933244087	2.3792097746181073
12:41181777:G:A	6.47684e-05	0.0012405	-2.95245	-2.86447	12	41181777	G	A	0.004177077194631191	2.3791274986653135
12:31566341:CTGTGTGTGT:C	1.41863e-05	8.68908e-07	2.79279	2.86447	12	31566341	CTGTGTGTGT	C	0.004177077194631191	2.3791274986653135
12:85668035:G:A	1.6404e-05	0.00128826	-4.36352	-2.86442	12	85668035	G	A	0.004177736683011787	2.3790589364760506
12:66082208:A:G	0.000174723	0.00993219	-4.04034	-2.86437	12	66082208	A	G	0.004178396265851742	2.3789903752910866
12:19510285:A:C	1.18793e-05	0.00126693	-4.66955	-2.86399	12	19510285	A	C	0.0041834121836095105	2.3784693431056856
12:59591480:T:C	0.000281864	0.00851046	-3.40762	-2.86395	12	59591480	T	C	0.004183940492588735	2.3784145009868936
12:17411498:A:G	6.69605e-05	0.00525568	-4.36296	-2.86389	12	17411498	A	G	0.004184733069544769	2.378332239013843
12:100917943:A:G	4.44754e-05	0.00134266	-3.40747	-2.8638	12	100917943	A	G	0.004185922190365666	2.378208848765823
12:19510800:A:G	1.18833e-05	0.00126693	-4.66921	-2.86369	12	19510800	A	G	0.004187375976534559	2.378058042881504
12:101810422:T:C	1.34148e-05	0.00143018	-4.6692	-2.86367	12	101810422	T	C	0.0041876403504979565	2.3780306241520313
12:74562422:A:AT	0.00020021	0.0083405	-3.72951	-2.8636	12	74562422	A	AT	0.004188565778618302	2.377934659864261
12:55786435:GGTTT:G	0.000382932	1.342e-05	3.35111	2.86341	12	55786435	GGTTT	G	0.004191078590223921	2.3776741952910503
12:39702842:T:G	0.000362001	1.57501e-05	3.1348	2.86331	12	39702842	T	G	0.004192401671864027	2.3775371144982977
12:127242192:C:T	0.00439726	0.132684	-3.40699	-2.8633	12	127242192	C	T	0.004192534000865598	2.377523406639961
12:39167615:A:G	3.78845e-05	0.00403701	-4.66872	-2.86324	12	39167615	A	G	0.004193328054448076	2.377441160333508
12:20883477:A:G	0.00182961	0.000319748	1.74432	2.86302	12	20883477	A	G	0.0041962407516044345	2.377139602915593
12:116285264:T:A	1.99281e-05	0.00125659	-4.14402	-2.86275	12	116285264	T	A	0.004199817933700988	2.376769536293258
12:41079169:G:GTCATACCAA	0.00232086	0.000167282	2.63001	2.86273	12	41079169	G	GTCATACCAA	0.004200083020163444	2.376742125115783
12:41925602:G:C	0.000161208	0.0126369	-4.36169	-2.86266	12	41925602	G	C	0.004201010942312673	2.376646187259955
12:19444163:T:A	0.000405835	2.36346e-05	2.84324	2.86252	12	19444163	T	A	0.004202867344528108	2.3764543174531942
12:40279458:T:A	0.00193281	7.64457e-05	3.23015	2.86221	12	40279458	T	A	0.0042069805978464355	2.376029490899015
12:91591840:T:G	5.19138e-05	0.0108482	-5.34217	-2.8622	12	91591840	T	G	0.00420711334421288	2.376015787459324
12:49706003:C:CGGCCCTTCA	0.000378012	7.53619e-05	1.61263	2.86208	12	49706003	C	CGGCCCTTCA	0.00420870659700018	2.375851349316184
12:17199712:T:C	0.00234187	0.097402	-3.7279	-2.86198	12	17199712	T	C	0.004210034725722598	2.375714321948772
12:17746805:CTT:C	0.00019189	1.77398e-05	2.38111	2.86186	12	17746805	CTT	C	0.0042116289820119885	2.3755498944101
12:82559701:G:A	0.000511597	0.00668857	-2.57062	-2.86181	12	82559701	G	A	0.00421229341707407	2.375481384642803
12:13741462:G:A	0.000252474	0.00835375	-3.49916	-2.86176	12	13741462	G	A	0.004212957947217307	2.3754128758797086
12:24172096:T:C	0.000176009	0.00732973	-3.72916	-2.86172	12	24172096	T	C	0.004213489639798346	2.375358069592258
12:42115828:G:C	1.13362e-05	0.000713695	-4.14246	-2.86127	12	42115828	G	C	0.004219475376802187	2.374741543143412
12:24173348:A:G	0.0154282	0.000114216	4.90586	2.86119	12	24173348	A	G	0.004220540314957665	2.374631946956903
12:30743984:G:A	0.000129883	0.00357724	-3.31572	-2.86108	12	30743984	G	A	0.004222005002990117	2.3744812563979236
12:1350579:G:A	6.25748e-05	0.00107066	-2.83967	-2.86091	12	1350579	G	A	0.004224269518646989	2.3742483805483383
12:43034251:CCTTTCTTTC:C	0.00788214	0.000155359	3.92661	2.86071	12	43034251	CCTTTCTTTC	C	0.004226935065135173	2.3739744238222915
12:41917487:C:T	0.00168802	0.000156308	2.37948	2.86027	12	41917487	C	T	0.004232804638274407	2.3733717755792227
12:8205904:T:C	0.143278	0.0253183	1.73326	2.8601	12	8205904	T	C	0.004235074407074071	2.373138955038632
12:117635684:G:T	0.000102925	0.0145728	-4.95292	-2.85951	12	117635684	G	T	0.004242960406552842	2.3723310208602637
12:20462034:T:A	0.00064357	0.0191134	-3.39111	-2.85928	12	20462034	T	A	0.004246038215887938	2.372016101344169
12:57495677:C:T	0.0024605	6.70412e-05	3.60281	2.85927	12	57495677	C	T	0.004246172079606468	2.3720024096732693
12:773275:T:G	0.000487379	0.0365498	-4.31739	-2.85897	12	773275	T	G	0.004250189771418903	2.3715916782226136
12:73807581:A:G	3.15437e-06	0.000334536	-4.66396	-2.85896	12	73807581	A	G	0.0042503237538370825	2.371577987796801
12:91022092:A:ATGTGTGTG	2.16168e-05	0.00123296	-4.0437	-2.85894	12	91022092	A	ATGTGTGTG	0.004250591730165221	2.371550607065667
12:81628118:T:G	7.46722e-05	0.00559926	-4.31728	-2.85887	12	81628118	T	G	0.004251529767987394	2.3714547757718596
12:20833600:C:A	0.00156901	0.0307321	-2.97486	-2.85885	12	20833600	C	A	0.0042517978132751025	2.371427395763674
12:20781901:T:C	0.000456431	0.00868926	-2.94641	-2.85872	12	20781901	T	C	0.004253540481262107	2.3712494296264253
12:20886745:T:G	0.000181115	0.00344779	-2.94636	-2.85867	12	20886745	T	G	0.004254210910647609	2.3711809829194586
12:96520740:G:C	2.29794e-05	0.00149523	-4.17544	-2.85857	12	96520740	G	C	0.004255552056931646	2.371044092517782
12:117636342:AATAT:A	0.0102358	0.000116316	4.47734	2.85848	12	117636342	AATAT	A	0.004256759416417908	2.370920894590235
12:109599652:G:A	0.0004468	0.00480536	-2.37538	-2.8577	12	109599652	G	A	0.004267236218890022	2.369853315490597
12:109599477:G:A	0.0004468	0.00480035	-2.37433	-2.85676	12	109599477	G	A	0.00427989317747771	2.368567070475362
12:41916107:T:C	0.00170693	0.000158642	2.3758	2.85669	12	41916107	T	C	0.004280837077551999	2.368471300469024
12:65572841:C:T	0.000260739	0.0066753	-3.24265	-2.85665	12	65572841	C	T	0.004281376533774304	2.368416575634648
12:19450842:C:CA	1.56284e-05	0.000504246	-3.47398	-2.8564	12	19450842	C	CA	0.0042847495320539886	2.368074559977912
12:113626693:A:G	0.00790055	0.000937005	2.132	2.8564	12	113626693	A	G	0.0042847495320539886	2.368074559977912
12:26903933:A:G	0.000418467	0.0325819	-4.35491	-2.85617	12	26903933	A	G	0.004287854818522261	2.3677599277420747
12:84114842:ATGTG:A	0.00132344	5.803e-05	3.12703	2.85616	12	84114842	ATGTG	A	0.0042879898772583205	2.367746248561565
12:43101527:G:C	0.00538259	0.000190196	3.34287	2.85579	12	43101527	G	C	0.004292989763164971	2.3672401471148463
12:74561694:A:G	0.000199081	0.00856607	-3.76186	-2.85579	12	74561694	A	G	0.004292989763164971	2.3672401471148463
12:86871155:G:GT	8.28664e-05	0.00272309	-3.49229	-2.85507	12	86871155	G	GT	0.004302734426368688	2.3662554586401887
12:20766228:T:C	0.00640758	0.000807847	2.07086	2.85496	12	20766228	T	C	0.004304224959245764	2.366105038455527
12:38502873:T:C	0.000464316	1.1699e-05	3.68107	2.85454	12	38502873	T	C	0.004309920392270348	2.3655307515369484
12:17193314:G:A	0.00106852	0.0459148	-3.76051	-2.85442	12	17193314	G	A	0.004311548913462952	2.3653666825712207
12:120104683:G:T	0.000228244	0.00942146	-3.72033	-2.85439	12	120104683	G	T	0.004311956130928556	2.365325666233324
12:90433050:T:C	0.000628852	8.78415e-05	1.96836	2.85424	12	90433050	T	C	0.004313992741392197	2.365120589965038
12:90432945:T:TA	0.000628852	8.78415e-05	1.96836	2.85424	12	90432945	T	TA	0.004313992741392197	2.365120589965038
12:92495715:TG:T	0.0148486	0.00138384	2.37304	2.85401	12	92495715	TG	T	0.004317117238092184	2.3648061572355212
12:3817190:C:CA	0.00139829	8.22149e-05	2.83367	2.85382	12	3817190	C	CA	0.0043196998914834025	2.3645464244814107
12:93494932:C:CTA	0.00259712	0.000148102	2.86425	2.85372	12	93494932	C	CTA	0.004321059745332221	2.3644097288545365
12:105073408:AAAGGGGGTC:A	0.0115322	0.00139251	2.11403	2.85337	12	105073408	AAAGGGGGTC	A	0.004325822290882566	2.363931325783275
12:25212044:T:C	4.45745e-05	0.0062648	-4.94554	-2.85319	12	25212044	T	C	0.0043282734527130716	2.363685309072287
12:23458780:C:A	0.000291337	0.00899302	-3.42972	-2.85285	12	23458780	C	A	0.004332906861049964	2.3632206463376066
12:20880135:TTTAAGC:T	0.00138087	0.000243914	1.73365	2.85271	12	20880135	TTTAAGC	T	0.004334816041777531	2.3630293281153603
12:76772535:GT:G	8.87908e-05	0.00935045	-4.6569	-2.85261	12	76772535	GT	G	0.004336180209203941	2.3628926770608745
12:20747449:A:G	0.000787949	0.0171036	-3.07761	-2.85257	12	20747449	A	G	0.004336725985144842	2.3628380177634045
12:31823364:G:A	0.00387736	0.000106404	3.59567	2.85254	12	31823364	G	A	0.004337135357970194	2.3627970237119227
12:15117231:C:G	0.000441165	0.0167965	-3.63951	-2.8525	12	15117231	C	G	0.004337681242901887	2.362742365538774
12:23736379:G:A	0.000363011	0.0281223	-4.34989	-2.85136	12	23736379	G	A	0.004353265172239094	2.3611848776777404
12:3815932:T:C	0.00493049	0.000175651	3.3347	2.85098	12	3815932	T	C	0.004358471083487687	2.3606658310190047
12:113277446:T:G	0.000488909	0.00660425	-2.60329	-2.85061	12	113277446	T	G	0.004363545419227397	2.360160499193725
12:131768118:T:C	0.00223157	1.84578e-05	4.79497	2.85016	12	131768118	T	C	0.004369724125855712	2.359545980512528
12:102596451:C:T	0.000157774	0.0324736	-5.32702	-2.85009	12	102596451	C	T	0.004370685970468093	2.359450396025144
12:25215091:TA:T	0.00512249	6.20351e-05	4.41369	2.85007	12	25215091	TA	T	0.004370960818462379	2.359423086532962
12:1067926:CTT:C	0.013713	0.00128331	2.3689	2.84997	12	1067926	CTT	C	0.004372335293457003	2.3592865414810835
12:106522890:CGTGTGT:C	0.00209593	0.00015312	2.61653	2.84992	12	106522890	CGTGTGT	C	0.004373022677864596	2.3592182704607874
12:38396619:G:A	4.77727e-06	0.000269871	-4.03408	-2.84973	12	38396619	G	A	0.0043756356320809936	2.358958849737932
12:83420066:C:A	8.27934e-05	0.0061483	-4.30758	-2.8497	12	83420066	C	A	0.004376048333146132	2.358917889896121
12:83420089:G:A	8.27934e-05	0.0061483	-4.30758	-2.8497	12	83420089	G	A	0.004376048333146132	2.358917889896121
12:50013316:G:C	0.000178827	0.0250287	-4.94136	-2.84961	12	50013316	G	C	0.004377286648054533	2.3587950125387893
12:20688187:A:T	0.000849489	0.0165466	-2.9693	-2.84961	12	20688187	A	T	0.004377286648054533	2.3587950125387893
12:61291997:G:A	2.30833e-05	0.00148808	-4.16614	-2.84958	12	61291997	G	A	0.0043776994902704845	2.358754054142377
12:31569063:C:CT	1.05721e-06	0.000147884	-4.94079	-2.84912	12	31569063	C	CT	0.00438403415879761	2.3581260706460605
12:19980023:T:G	0.000443719	0.0182128	-3.71469	-2.84873	12	19980023	T	G	0.004389411363159425	2.3575937164030285
12:64749602:A:G	0.000239573	0.00308985	-2.55702	-2.84865	12	64749602	A	G	0.0043905151180743725	2.3574845230806276
12:20282434:TA:T	0.00668105	5.53688e-05	4.79301	2.84854	12	20282434	TA	T	0.004392033191852109	2.35733438645784
12:41181109:G:A	6.60696e-05	0.00124438	-2.93569	-2.8485	12	41181109	G	A	0.0043925853366272635	2.3572797925267324
12:68823018:A:G	0.00436087	0.000207593	3.04485	2.84843	12	68823018	A	G	0.004393551741376692	2.3571842546929997
12:25223395:A:G	5.46242e-05	0.000914452	-2.81785	-2.84841	12	25223395	A	G	0.004393827892413765	2.3571569585304095
12:26461621:CATATAAATA:C	0.0263293	0.0021295	2.51479	2.84832	12	26461621	CATATAAATA	C	0.004395070766778842	2.3570341277860853
12:1384002:G:A	0.00232419	0.000415887	1.72071	2.84824	12	1384002	G	A	0.004396175811498831	2.3569249476323035
12:30745066:G:A	0.000120928	0.0037139	-3.42465	-2.84819	12	30745066	G	A	0.004396866592324645	2.356856711340996
12:99007059:T:TA	0.0109036	0.00131629	2.11428	2.84802	12	99007059	T	TA	0.004399215983093989	2.3566247154581754
12:39950864:A:C	0.000118129	0.0123719	-4.6514	-2.84767	12	39950864	A	C	0.004404056547206546	2.3561471134100707
12:129906605:C:G	0.00265088	0.0719516	-3.3011	-2.84757	12	129906605	C	G	0.004405440451917149	2.356010664715145
12:10272694:A:G	0.000256792	0.0190228	-4.30513	-2.84738	12	10272694	A	G	0.004408070956784122	2.355751423255234
12:20883848:CTGAT:C	0.00187203	0.00033253	1.72805	2.84729	12	20883848	CTGAT	C	0.0044093174822067375	2.3556286297274345
12:20883749:A:C	0.00187203	0.00033253	1.72805	2.84729	12	20883749	A	C	0.0044093174822067375	2.3556286297274345
12:28415664:T:TTG	0.000749895	1.9047e-05	3.67303	2.8471	12	28415664	T	TTG	0.00441195008508992	2.3553694096254643
12:25195139:G:T	9.09408e-05	0.0186472	-5.32324	-2.84707	12	25195139	G	T	0.004412365889428495	2.355328481460505
12:20747673:T:G	0.000789637	0.0170296	-3.07113	-2.84661	12	20747673	T	G	0.004418746004966997	2.354700961508886
12:10246292:G:T	5.28186e-06	0.000552436	-4.65006	-2.84646	12	10246292	G	T	0.004420828284441801	2.354496353804305
12:76766558:C:T	0.000327022	0.0252028	-4.34468	-2.84637	12	76766558	C	T	0.004422078078949513	2.354373593517241
12:105010441:G:A	0.000135673	0.0100367	-4.30375	-2.84608	12	105010441	G	A	0.004426107373132435	2.353978054712128
12:66078937:T:C	0.00666501	0.000318131	3.04216	2.84587	12	66078937	T	C	0.0044290272146523466	2.3536916511360975
12:59925676:C:T	0.00410038	3.41094e-05	4.78926	2.84542	12	59925676	C	T	0.004435289896834782	2.353077988801577
12:19222940:A:T	8.96054e-05	0.00366371	-3.71082	-2.84523	12	19222940	A	T	0.004437936549118932	2.3528189113344093
12:27032540:C:T	3.14288e-05	0.00232286	-4.30283	-2.84521	12	27032540	C	T	0.004438215227336965	2.3527916408650875
12:27032953:C:G	3.14288e-05	0.00232286	-4.30283	-2.84521	12	27032953	C	G	0.004438215227336965	2.3527916408650875
12:117635895:G:A	0.000104667	0.014574	-4.93622	-2.8452	12	117635895	G	A	0.004438354572392823	2.352778005690643
12:20847219:TA:T	0.00917398	0.00111068	2.1114	2.84507	12	20847219	TA	T	0.004440166418942986	2.352600752075884
12:76522037:T:C	1.41471e-06	1.81767e-05	-2.55322	-2.84497	12	76522037	T	C	0.004441560603135683	2.352464407757912
12:76521830:C:T	1.41471e-06	1.81767e-05	-2.55322	-2.84497	12	76521830	C	T	0.004441560603135683	2.352464407757912
12:20780270:T:C	0.000313488	0.00973497	-3.43572	-2.84491	12	20780270	T	C	0.004442397304059836	2.3523826030939925
12:51003650:T:C	0.000119271	0.00416723	-3.5536	-2.84464	12	51003650	T	C	0.004446164226079503	2.352014499989954
12:45376368:T:C	2.94997e-05	0.00125543	-3.75085	-2.84463	12	45376368	T	C	0.004446303797281246	2.3520008671036514
12:109599430:C:T	0.000451937	0.00478897	-2.36053	-2.84423	12	109599430	C	T	0.004451889902085426	2.3514555845682388
12:1208087:T:C	0.00273627	0.000419486	1.87532	2.84414	12	1208087	T	C	0.00445314765177423	2.3513329048490816
12:33140973:G:A	1.81003e-05	0.000739351	-3.70985	-2.84387	12	33140973	G	A	0.0044569228330736095	2.3509648852004372
12:65581344:G:T	0.000196715	0.0049674	-3.22889	-2.84378	12	65581344	G	T	0.004458181871158552	2.35084221848713
12:28289686:CTTTTTTTTT:C	0.0011583	1.41363e-05	4.40596	2.8435	12	28289686	CTTTTTTTTT	C	0.004462100939857877	2.350460609505467
12:42274002:G:A	6.45954e-06	0.00131855	-5.31873	-2.84346	12	42274002	G	A	0.0044626610615826285	2.3504060965056732
12:81066792:A:G	0.000246404	0.0157842	-4.15979	-2.84345	12	81066792	A	G	0.004462801101968402	2.350392468356077
12:62567519:C:T	1.13076e-05	0.000360202	-3.46119	-2.84335	12	62567519	C	T	0.004464201724854473	2.3502561890678453
12:43098553:G:A	0.00655836	0.000234927	3.32922	2.84317	12	43098553	G	A	0.004466723849838971	2.3500108964644317
12:123529580:AT:A	0.00971838	0.00145801	1.89695	2.84315	12	123529580	AT	A	0.0044670041656340535	2.3499836425335254
12:84581537:C:A	0.000279933	0.0200197	-4.26992	-2.84313	12	84581537	C	A	0.004467284497369189	2.3499563887631796
12:74412440:G:A	1.70392e-05	0.00236542	-4.93319	-2.84261	12	74412440	G	A	0.004474578720042967	2.349247847090682
12:74412483:T:C	1.70392e-05	0.00236542	-4.93319	-2.84261	12	74412483	T	C	0.004474578720042967	2.349247847090682
12:113626725:C:T	0.000519345	0.0100048	-2.95825	-2.84258	12	113626725	C	T	0.004474999869654032	2.3492069729980214
12:51313228:A:AAGGCAGGC	5.30909e-05	0.00379451	-4.26931	-2.84255	12	51313228	A	AAGGCAGGC	0.004475421055181174	2.3491660992666143
12:61292201:G:T	2.32534e-05	0.00148808	-4.15879	-2.84249	12	61292201	G	T	0.004476263533994414	2.3490843528875622
12:64762778:A:G	9.63073e-06	1.36118e-06	1.9566	2.84244	12	64762778	A	G	0.004476965709439374	2.3490162320088475
12:64762978:G:A	9.63073e-06	1.36118e-06	1.9566	2.84244	12	64762978	G	A	0.004476965709439374	2.3490162320088475
12:20888724:C:T	0.00276533	0.000430954	1.85891	2.84229	12	20888724	C	T	0.004479072834633979	2.3488118753935696
12:20888448:T:C	0.00276533	0.000430954	1.85891	2.84229	12	20888448	T	C	0.004479072834633979	2.3488118753935696
12:96358699:C:T	4.70836e-05	0.00490093	-4.64525	-2.84214	12	96358699	C	T	0.0044811808583792466	2.348607527809551
12:55202752:T:A	5.36426e-06	0.000297979	-4.01727	-2.84211	12	55202752	T	A	0.004481602570983922	2.348566659376494
12:64487508:T:G	8.58478e-05	0.0119016	-4.93185	-2.84147	12	64487508	T	G	0.004490607676917482	2.3476948855279005
12:776413:T:TTG	0.00039722	0.0292386	-4.29876	-2.84136	12	776413	T	TTG	0.004492157079483894	2.347545065954582
12:24176979:GTTT:G	0.0226229	0.000189136	4.78425	2.84126	12	24176979	GTTT	G	0.004493566047563809	2.3474088705569165
12:53602859:A:G	3.76921e-05	0.00111323	-3.38557	-2.84112	12	53602859	A	G	0.004495539275538683	2.3472182037432603
12:34147070:T:TTAAA	0.00123274	0.000150658	2.10198	2.84089	12	34147070	T	TTAAA	0.004498782711555376	2.346904982484885
12:59583496:A:G	8.55567e-05	0.0118507	-4.93096	-2.84071	12	59583496	A	G	0.004501322531492935	2.3466598676149135
12:107845965:T:A	0.00296388	0.000439367	1.90892	2.84049	12	107845965	T	A	0.004504428520010808	2.3463603004339117
12:17746808:T:C	8.25897e-06	0.000207783	-3.22519	-2.84032	12	17746808	T	C	0.004506829931802404	2.346128830008303
12:105012050:G:T	8.40718e-05	0.0170892	-5.31453	-2.8401	12	105012050	G	T	0.004509939362910164	2.345829297264068
12:114365198:G:C	0.000520147	0.0382345	-4.29738	-2.84006	12	114365198	G	C	0.004510504922789707	2.345774838852173
12:1734244:C:G	7.33855e-05	0.00275736	-3.6263	-2.83996	12	1734244	C	G	0.004511919103607687	2.3456386956319264
12:33915866:T:G	8.61999e-06	0.000614342	-4.26647	-2.83987	12	33915866	T	G	0.004513192209776347	2.3455161701652827
12:33915862:C:T	8.61999e-06	0.000614342	-4.26647	-2.83987	12	33915862	C	T	0.004513192209776347	2.3455161701652827
12:75693937:AC:A	0.0351771	0.000431212	4.40155	2.83974	12	75693937	AC	A	0.004515031715457116	2.345339194675029
12:61280234:G:A	3.45013e-06	0.000264043	-4.3377	-2.83968	12	61280234	G	A	0.0045158809471479355	2.345257515967229
12:61029727:CTCT:C	0.00657688	5.51089e-05	4.782	2.83939	12	61029727	CTCT	C	0.004519987607315961	2.3448627559146518
12:87740979:C:T	0.00115558	1.51734e-05	4.33281	2.83912	12	87740979	C	T	0.0045238140904909595	2.344495251035024
12:18781427:G:A	0.000260099	0.00485072	-2.92582	-2.83911	12	18781427	G	A	0.004523955868430526	2.344481640305067
12:20831898:C:T	0.00142944	0.0275326	-2.95809	-2.83898	12	20831898	C	T	0.00452579934798269	2.3443047044678127
12:51423968:G:A	0.000240391	0.017113	-4.26533	-2.8388	12	51423968	G	A	0.004528352981597097	2.344059727582826
12:41184188:G:T	5.04981e-05	0.00094145	-2.92549	-2.83879	12	41184188	G	T	0.004528494888395572	2.3440461181371535
12:23653030:AGATG:A	0.0251525	0.000700398	3.58106	2.83879	12	23653030	AGATG	A	0.004528494888395572	2.3440461181371535
12:20766477:T:C	0.00627956	0.000804725	2.05455	2.83843	12	20766477	T	C	0.004533606216895627	2.3435562048218244
12:122598423:C:CTT	8.00379e-06	0.00110531	-4.92797	-2.83814	12	122598423	C	CTT	0.004537727475999654	2.343161590254417
12:41921598:C:T	7.3946e-05	0.00141763	-2.95341	-2.83783	12	41921598	C	T	0.004542136712489743	2.3427397982126372
12:42350988:A:G	8.45115e-05	1.27521e-05	1.89119	2.83771	12	42350988	A	G	0.004543844555382398	2.3425765342280207
12:92799378:G:A	0.00141905	2.83401e-05	3.91347	2.83751	12	92799378	G	A	0.004546692252872681	2.3423044404292277
12:94313269:CA:C	0.00304284	0.00010993	3.3207	2.83744	12	94313269	CA	C	0.004547689328858993	2.3422092113921047
12:113925564:C:G	6.50546e-05	0.00362761	-4.0211	-2.83731	12	113925564	C	G	0.004549541566895624	2.3420323626831263
12:20776728:T:C	0.000355789	0.0068406	-2.95629	-2.83728	12	20776728	T	C	0.004549969103474674	2.3419915524057484
12:3810650:AGAAGGAAGG:A	0.00880185	0.000115817	4.3307	2.83725	12	3810650	AGAAGGAAGG	A	0.004550396676446506	2.3419507424895527
12:66101276:A:T	0.000182976	0.0252422	-4.92692	-2.83724	12	66101276	A	T	0.004550539208858199	2.3419371392644175
12:42115494:C:A	1.13905e-05	0.000699102	-4.11702	-2.83724	12	42115494	C	A	0.004550539208858199	2.3419371392644175
12:58478015:C:T	0.000317315	0.0134021	-3.74327	-2.83695	12	58478015	C	T	0.004554674408364559	2.341542663192542
12:20882336:G:A	0.00174123	0.000312632	1.71732	2.83692	12	20882336	G	A	0.004555102381836047	2.3415018572493262
12:43847476:T:G	0.000257076	0.00341928	-2.58782	-2.83692	12	43847476	T	G	0.004555102381836047	2.3415018572493262
12:51615140:AT:A	0.0031234	0.00029661	2.35426	2.8369	12	51615140	AT	A	0.004555387717719842	2.341474653487836
12:27039533:C:CA	2.12403e-05	0.00150854	-4.263	-2.8366	12	27039533	C	CA	0.004559669699208881	2.341066616328214
12:19721017:C:G	0.000293345	0.0161995	-4.01139	-2.83643	12	19721017	C	G	0.004562097773378322	2.340835411303198
12:30436722:C:T	3.3274e-05	0.00134696	-3.70083	-2.83625	12	30436722	C	T	0.004564669951890529	2.3405906186235717
12:59995335:T:C	1.1283e-05	0.0022818	-5.30942	-2.83601	12	59995335	T	C	0.004568101566558715	2.340264248609488
12:44849931:C:T	0.000262904	0.0161118	-4.11552	-2.83582	12	44849931	C	T	0.004570819918483043	2.3400058887412354
12:20765794:G:A	0.000597271	0.0114262	-2.95129	-2.83576	12	20765794	G	A	0.0045716786497487765	2.3399243044241125
12:101390732:T:G	8.63104e-05	0.00349588	-3.70139	-2.83538	12	101390732	T	G	0.004577120675269782	2.33940763729678
12:17411374:T:G	6.64117e-05	0.00485661	-4.29222	-2.83519	12	17411374	T	G	0.004579843887674242	2.339149325462756
12:20883168:A:G	0.00179719	0.000323304	1.71539	2.83505	12	20883168	A	G	0.004581851404139168	2.3389589996967852
12:17415206:T:C	8.02268e-05	0.00610985	-4.3328	-2.83498	12	17415206	T	C	0.004582855461212623	2.338863839763212
12:97862417:C:CT	0.000360547	0.0496034	-4.92419	-2.83491	12	97862417	C	CT	0.004583859717559584	2.3387686817959055
12:18034409:T:C	0.00575048	4.8451e-05	4.77649	2.83481	12	18034409	T	C	0.004585294715230949	2.338632745253474
12:83213511:C:T	0.00286937	0.000138576	3.03043	2.83469	12	83213511	C	T	0.004587017249490443	2.3384696266994043
12:83213420:C:G	0.00286937	0.000138576	3.03043	2.83469	12	83213420	C	G	0.004587017249490443	2.3384696266994043
12:107017827:C:T	2.2944e-05	0.000857079	-3.62047	-2.83443	12	107017827	C	T	0.004590751417734336	2.3381162229885213
12:42040545:C:T	9.59925e-06	0.00070138	-4.29136	-2.83437	12	42040545	C	T	0.004591613539749536	2.33803467213822
12:82154718:C:T	0.000245356	0.0155664	-4.15016	-2.83414	12	82154718	C	T	0.004594919699333578	2.337722073927717
12:87496007:C:T	0.000598221	0.00731616	-2.50388	-2.83402	12	87496007	C	T	0.004596645507893677	2.3375589876358003
12:76070827:T:C	0.000389872	0.0145494	-3.61948	-2.83349	12	76070827	T	C	0.004604274853198146	2.336838758963968
12:71861608:G:C	0.010577	0.000139859	4.3258	2.83291	12	71861608	G	C	0.004612637088144017	2.3360507133554296
12:20882740:C:T	0.00176423	0.000318129	1.71302	2.83276	12	20882740	C	T	0.004614801972358523	2.335846930425105
12:20249841:C:CA	0.000228584	0.0173661	-4.33037	-2.83266	12	20249841	C	CA	0.0046162457396387675	2.335711080153795
12:41535588:T:C	0.000186705	0.003458	-2.91891	-2.83253	12	41535588	T	C	0.004618123248615281	2.335534480799687
12:43467062:A:G	0.000103874	0.00419402	-3.69824	-2.83222	12	43467062	A	G	0.0046226031762917055	2.3351133866276146
12:109599939:T:G	0.000459698	0.00480534	-2.34691	-2.83188	12	109599939	T	G	0.004627521170162591	2.3346515857433427
12:42120080:T:C	1.28151e-05	0.00175675	-4.9206	-2.83183	12	42120080	T	C	0.004628244804033981	2.3345836777606257
12:17748866:T:C	9.6074e-06	0.000183045	-2.9472	-2.83175	12	17748866	T	C	0.004629402831366235	2.3344750270746806
12:84576658:C:G	0.00014255	0.0079022	-4.0152	-2.83166	12	84576658	C	G	0.004630705925730829	2.334352798122403
12:19518010:T:C	2.72671e-05	0.00280512	-4.63352	-2.83159	12	19518010	T	C	0.004631719673190448	2.334257733406403
12:16433903:C:A	2.06418e-05	0.00125886	-4.11064	-2.83121	12	16433903	C	A	0.004637226381062938	2.3337417021101055
12:104046643:A:G	0.000263351	0.0191707	-4.28765	-2.83086	12	104046643	A	G	0.0046423035928598155	2.333266461382813
12:59583920:G:A	8.6556e-05	0.0118507	-4.91935	-2.83076	12	59583920	G	A	0.004643755149039363	2.333130687345278
12:24176867:CA:C	0.0198741	0.000152635	4.86912	2.83069	12	24176867	CA	C	0.004644771482879533	2.333035647906235
12:20765831:C:T	0.000597271	0.0113655	-2.94597	-2.83054	12	20765831	C	T	0.004646950019353026	2.3328319985854558
12:92467729:GT:G	0.0696882	0.00254643	3.30934	2.83053	12	92467729	GT	G	0.004647095288008755	2.3328184222850408
12:11616710:C:CA	0.000581199	0.0169853	-3.37501	-2.83018	12	11616710	C	CA	0.004652182282203324	2.332343277046744
12:20880106:TATC:T	0.00134899	0.000243914	1.7103	2.83013	12	20880106	TATC	T	0.0046529094071075215	2.332275403167639
12:3833116:A:G	0.00013918	0.0190365	-4.91835	-2.8299	12	3833116	A	G	0.004656255507218166	2.3319631962425484
12:31108764:T:C	0.0091049	0.000332951	3.30857	2.82982	12	31108764	T	C	0.004657419878738701	2.33185460750439
12:105367884:G:C	2.42834e-05	0.00249305	-4.63147	-2.82975	12	105367884	G	C	0.004658438920073721	2.331759594464808
12:41267674:CA:C	0.0105771	0.00133446	2.07016	2.8294	12	41267674	CA	C	0.004663537155562578	2.331284558754988
12:104833787:G:GT	2.91148e-05	0.00161012	-4.01282	-2.82938	12	104833787	G	GT	0.0046638286358310806	2.3312574153417103
12:43106238:T:C	0.000154113	0.021061	-4.91749	-2.82917	12	43106238	T	C	0.00466689017467012	2.3309724191911143
12:91549820:A:C	0.000278303	0.0112886	-3.70284	-2.82913	12	91549820	A	C	0.004667473531186406	2.330918136216009
12:42212333:C:T	1.47898e-05	0.000431713	-3.37382	-2.82895	12	42212333	C	T	0.004670099452594084	2.330673870771592
12:83280898:A:ACTACTACTA	2.82027e-05	0.00385229	-4.91701	-2.82875	12	83280898	A	ACTACTACTA	0.004673018711732369	2.330402479967374
12:58476024:C:T	0.00012655	0.00919139	-4.28539	-2.82872	12	58476024	C	T	0.004673456743071418	2.3303617727308317
12:65581422:T:A	0.000196715	0.00488711	-3.2126	-2.82855	12	65581422	T	A	0.004675939622908787	2.3301311052105476
12:81644822:C:T	0.000105707	0.00744179	-4.2542	-2.82829	12	81644822	C	T	0.004679739278580379	2.3297783420173235
12:46418804:TA:T	0.000100052	0.00608216	-4.10743	-2.82818	12	46418804	TA	T	0.004681347666538366	2.329629104214944
12:10262199:C:T	0.000109989	0.00693478	-4.14393	-2.82812	12	10262199	C	T	0.00468222517998442	2.3295477038232812
12:23983105:AT:A	0.0148965	0.000514537	3.36562	2.8281	12	23983105	AT	A	0.004682517717557667	2.329520570680334
12:46418240:T:C	0.00325106	0.000119004	3.30758	2.828	12	46418240	T	C	0.00468398065364494	2.329384907372646
12:66075407:C:A	0.000152307	0.00841001	-4.01128	-2.8279	12	66075407	C	A	0.004685444003509041	2.3292492480766924
12:20776952:C:T	0.00035364	0.0067308	-2.94617	-2.82768	12	20776952	C	T	0.004688664830209143	2.3289508117468234
12:33915724:C:A	8.61999e-06	0.000606394	-4.25345	-2.82758	12	33915724	C	A	0.004690129504847301	2.3288151652883164
12:58538560:C:T	0.000128684	0.0175513	-4.91552	-2.82748	12	58538560	C	T	0.004691594593692489	2.32867952284148
12:20883047:A:G	0.00178286	0.000323304	1.70738	2.82731	12	20883047	A	G	0.004694086195624515	2.3284489398885992
12:20883048:G:A	0.00178286	0.000323304	1.70738	2.82731	12	20883048	G	A	0.004694086195624515	2.3284489398885992
12:69579412:CA:C	0.00591313	0.000349231	2.8292	2.82726	12	69579412	CA	C	0.004694819247665699	2.328381123579445
12:20873482:C:G	0.000934769	0.000169597	1.70688	2.82683	12	20873482	C	G	0.004701127774562128	2.327797944720462
12:20403660:C:T	0.0142387	0.00106587	2.59217	2.82677	12	20403660	C	T	0.004702008643957987	2.327716576823201
12:20747746:C:T	0.000806997	0.0170296	-3.04939	-2.8266	12	20747746	C	T	0.004704505252051916	2.327486042290192
12:20397018:AT:A	0.0182309	0.00107042	2.83507	2.82643	12	20397018	AT	A	0.004707003060109236	2.3272555193504814
12:48353466:T:G	0.000268208	0.0107635	-3.69215	-2.82611	12	48353466	T	G	0.004711708073487812	2.3268216252669744
12:48462191:TCAA:T	0.0252652	0.000215119	4.76599	2.8261	12	48462191	TCAA	T	0.004711855173731447	2.326808066738756
12:102587811:T:A	0.00316839	0.000655849	1.57505	2.82607	12	102587811	T	A	0.004712296499406308	2.3267673913947884
12:61307801:T:C	0.000105286	0.00739322	-4.25164	-2.82588	12	61307801	T	C	0.004715092431059875	2.3265097892668867
12:25415006:T:TA	0.00312549	0.00030031	2.34253	2.82577	12	25415006	T	TA	0.0047167118146086194	2.3263606578116747
12:58473664:A:G	0.000259023	0.00888208	-3.53488	-2.82567	12	58473664	A	G	0.004718184418335918	2.3262250879734485
12:1384393:T:G	0.00232296	0.000425726	1.6968	2.82564	12	1384393	T	G	0.004718626280602194	2.3261844178042
12:31108468:G:A	0.00884047	0.000325064	3.30307	2.82472	12	31108468	G	A	0.0047321949246682945	2.324937374575745
12:12619073:G:A	0.000188399	0.00555624	-3.38411	-2.82458	12	12619073	G	A	0.004734262811567851	2.3247476368916007
12:48075851:T:TA	3.8969e-05	0.00212545	-3.99897	-2.82445	12	48075851	T	TA	0.004736183724599092	2.3245714589388635
12:28905063:A:G	0.000164012	0.0326868	-5.29479	-2.8243	12	28905063	A	G	0.004738401039318033	2.324368185109212
12:111730205:G:A	8.59531e-05	0.0116789	-4.91174	-2.82424	12	111730205	G	A	0.00473928822826103	2.3242868781043935
12:42205320:C:T	6.20849e-06	0.00022943	-3.60968	-2.82419	12	42205320	C	T	0.004740027667230563	2.3242191233701144
12:101405733:T:C	0.000387237	0.0212929	-4.00709	-2.8239	12	101405733	T	C	0.00474431847288595	2.32382616568623
12:125777352:A:G	0.00012688	0.00691376	-3.99802	-2.82354	12	125777352	A	G	0.0047496498810398495	2.3233384030775754
12:114289294:G:A	0.0103988	0.00129238	2.08521	2.82352	12	114289294	G	A	0.004749946229315487	2.3233113066790807
12:41632867:A:G	7.38484e-05	0.00555678	-4.32076	-2.82345	12	41632867	A	G	0.004750983580076759	2.3232164705478286
12:63494560:A:T	0.000333594	0.0233591	-4.24882	-2.82321	12	63494560	A	T	0.0047545417681353125	2.3228913330188714
12:10262224:A:G	0.00011055	0.00693478	-4.13884	-2.8232	12	10262224	A	G	0.004754690078299283	2.3228777861232084
12:102582993:A:G	0.000561856	0.0106432	-2.94143	-2.82318	12	102582993	A	G	0.004754986711188787	2.3228506924522128
12:12619799:T:C	0.000187294	0.00551324	-3.38223	-2.82277	12	12619799	T	C	0.004761071377764962	2.322295307553617
12:45386890:T:A	0.00263415	3.52337e-05	4.31432	2.82275	12	45386890	T	A	0.004761368370949601	2.3222682173320566
12:7742380:G:GCA	0.00013289	0.013533	-4.62337	-2.82246	12	7742380	G	GCA	0.004765676656762323	2.321875427148526
12:56674712:G:A	4.78764e-06	0.000648791	-4.90907	-2.82196	12	56674712	G	A	0.004773113021926624	2.32119828190907
12:89196845:T:TA	0.000177564	0.0107204	-4.10057	-2.8217	12	89196845	T	TA	0.004776984080580219	2.3208462060115354
12:84416849:A:T	1.13286e-05	0.00046963	-3.72461	-2.82163	12	84416849	A	T	0.004778026774013207	2.320751420979273
12:3803283:A:G	0.00016133	0.0320447	-5.29144	-2.82162	12	3803283	A	G	0.004778175747030726	2.3207378804208085
12:100847185:T:C	0.00455183	9.37094e-05	3.88309	2.82121	12	100847185	T	C	0.00478428726116332	2.320182752056292
12:44848031:C:CA	0.000260529	0.0157179	-4.09984	-2.82101	12	44848031	C	CA	0.0047872710538634225	2.3199119821974823
12:76226109:T:TTGTGTG	0.00018585	0.0188954	-4.62174	-2.82099	12	76226109	T	TTGTGTG	0.004787569525736244	2.319884906093952
12:83420686:G:A	0.00616613	7.33696e-05	4.43132	2.82095	12	83420686	G	A	0.004788166520003329	2.319830754368169
12:45378119:GT:G	0.00136342	2.80874e-05	3.88243	2.82062	12	45378119	GT	G	0.004793094293808581	2.319384027115467
12:75687396:A:G	0.0010972	0.0822763	-4.31732	-2.82015	12	75687396	A	G	0.004800120561350508	2.3187478546094717
12:20882484:G:A	0.00174123	0.000318129	1.69989	2.82008	12	20882484	G	A	0.004801167823816379	2.318653113092794
12:20882435:A:G	0.00174123	0.000318129	1.69989	2.82008	12	20882435	A	G	0.004801167823816379	2.318653113092794
12:81705378:C:A	0.000156415	0.0211484	-4.90681	-2.82002	12	81705378	C	A	0.004802065641918012	2.318571907642605
12:17411217:A:G	6.74866e-05	0.00485661	-4.27617	-2.82001	12	17411217	A	G	0.00480221529303814	2.3185583735412747
12:91688088:T:C	0.000703333	0.028259	-3.69334	-2.81987	12	91688088	T	C	0.004804310851892047	2.3183689003336947
12:91688023:G:A	0.000703333	0.028259	-3.69334	-2.81987	12	91688023	G	A	0.004804310851892047	2.3183689003336947
12:1438972:A:T	0.00680043	0.00125425	1.69045	2.81964	12	1438972	A	T	0.00480775535218667	2.31805763998589
12:100847549:G:A	7.46633e-05	0.00537088	-4.27576	-2.81962	12	100847549	G	A	0.004808054979535383	2.3180305748713077
12:83213841:G:A	0.00285292	0.000139988	3.01454	2.81956	12	83213841	G	A	0.0048089539629679375	2.3179493804900706
12:91687063:A:G	0.000703823	0.028259	-3.69264	-2.81919	12	91687063	A	G	0.00481450105591561	2.317448713708783
12:17004498:T:TA	3.24417e-05	0.000592318	-2.9046	-2.81889	12	17004498	T	TA	0.004819002948520676	2.3170428079743948
12:42040520:T:C	9.62212e-06	0.000691589	-4.27493	-2.81884	12	42040520	T	C	0.004819753634170289	2.3169751605277282
12:14086836:C:T	0.000112244	0.0113812	-4.61905	-2.81858	12	14086836	C	T	0.004823658905509235	2.3166234099666947
12:28435583:G:T	0.00231063	2.75812e-05	4.42814	2.81836	12	28435583	G	T	0.004826965601951348	2.316325796050988
12:114366775:A:C	0.000353033	0.0120178	-3.52758	-2.81828	12	114366775	A	C	0.004828168545454608	2.316217577621242
12:42120458:T:C	1.3416e-05	0.000806888	-4.09674	-2.81808	12	42120458	T	C	0.0048311770910445416	2.3159470427755737
12:42350713:G:C	8.45115e-05	1.30206e-05	1.87035	2.81803	12	42350713	G	C	0.004831929492431637	2.3158794115705508
12:42350832:C:T	8.45115e-05	1.30206e-05	1.87035	2.81803	12	42350832	C	T	0.004831929492431637	2.3158794115705508
12:78648991:A:G	0.0135212	0.000806339	2.81951	2.81777	12	78648991	A	G	0.004835843689013097	2.3155277454655665
12:1732377:T:C	7.24713e-05	0.00266007	-3.60292	-2.81777	12	1732377	T	C	0.004835843689013097	2.3155277454655665
12:20461236:G:GA	0.000675589	0.0191902	-3.34657	-2.81695	12	20461236	G	GA	0.004848207262127521	2.3144188222423008
12:57414408:T:C	3.95444e-05	0.00122746	-3.43528	-2.8169	12	57414408	T	C	0.004848962062800184	2.3143512136945374
12:20775748:C:G	0.000361054	0.00679233	-2.93452	-2.81663	12	20775748	C	G	0.004853039823928753	2.313986144859958
12:57254501:CA:C	0.000121246	0.00297399	-3.19984	-2.81662	12	57254501	CA	C	0.004853190911683318	2.3139726243534127
12:43469970:C:T	0.000105112	0.00417797	-3.68255	-2.81648	12	43469970	C	T	0.004855306587135773	2.3137833414722757
12:3806012:T:C	0.000138905	0.00995843	-4.27239	-2.81644	12	3806012	T	C	0.004855911219079308	2.3137292620926884
12:86834172:GATAGATATA:G	0.000128773	5.37326e-06	3.17662	2.81638	12	86834172	GATAGATATA	G	0.004856818294722118	2.313648144226299
12:10245793:T:C	5.46166e-06	0.000552436	-4.61658	-2.81636	12	10245793	T	C	0.004857120687333748	2.3136211052583
12:51419771:T:A	0.000257967	0.017928	-4.24129	-2.81611	12	51419771	T	A	0.004860902032444184	2.313283131691893
12:85946356:TAA:T	0.000474196	6.39247e-06	4.3065	2.81583	12	85946356	TAA	T	0.004865140300687839	2.3129046310511376
12:113627172:T:G	0.000529555	0.0099236	-2.93063	-2.81552	12	113627172	T	G	0.004869836568542347	2.3124856134406455
12:123347565:G:A	0.0008471	7.30554e-06	4.75319	2.81546	12	123347565	G	A	0.004870745997169032	2.312404517708899
12:28190742:GC:G	0.00222591	2.80846e-05	4.3727	2.8152	12	28190742	GC	G	0.0048746886302447456	2.312053119552156
12:38738806:CT:C	0.00101186	2.6603e-05	3.63852	2.81519	12	38738806	CT	C	0.004874840327618688	2.312039604779758
12:61394358:G:T	3.7062e-05	0.00200085	-3.98873	-2.81457	12	61394358	G	T	0.00488425390951559	2.3112017672015153
12:32898420:TTCTCTCTC:T	0.0133299	0.000494824	3.29356	2.81434	12	32898420	TTCTCTCTC	T	0.0048877502243104	2.3108909956819006
12:76226108:T:TTGTG	0.00037064	0.0152486	-3.71701	-2.81422	12	76226108	T	TTGTG	0.004889575287179178	2.310728862439776
12:87181719:C:T	3.69009e-05	0.00372316	-4.61409	-2.81412	12	87181719	C	T	0.004891096643786728	2.3105937558152707
12:87181982:G:A	3.69009e-05	0.00372316	-4.61409	-2.81412	12	87181982	G	A	0.004891096643786728	2.3105937558152707
12:71249222:AACACACACA:A	0.0150112	0.000395249	3.63704	2.81382	12	71249222	AACACACACA	A	0.004895663283160056	2.310188459999409
12:77531060:GA:G	0.00633535	8.00712e-05	4.37098	2.81375	12	77531060	GA	G	0.004896729387155517	2.3100938961681208
12:61488133:TA:T	0.0135199	0.000182726	4.30393	2.81356	12	61488133	TA	T	0.004899624156691962	2.309837232815369
12:42363055:C:A	3.16126e-06	0.0004242	-4.89924	-2.81353	12	42363055	C	A	0.004900081367044374	2.3097967083459787
12:73225497:T:C	1.4026e-05	0.000226128	-2.78019	-2.81351	12	73225497	T	C	0.004900386195386297	2.309769692233528
12:63624176:A:T	2.58091e-05	0.00346316	-4.89921	-2.81351	12	63624176	A	T	0.004900386195386297	2.309769692233528
12:105011608:G:A	8.69277e-05	0.0170892	-5.28113	-2.81338	12	105011608	G	A	0.004902367997756581	2.3095940914118804
12:82153617:CA:C	0.0162019	0.000219048	4.30359	2.81325	12	82153617	CA	C	0.004904350525082639	2.3094184973662975
12:41626872:T:C	0.0105228	9.10143e-05	4.75028	2.81305	12	41626872	T	C	0.004907401983250445	2.3091483659120775
12:103877183:A:G	9.23134e-05	0.00930256	-4.61286	-2.81301	12	103877183	A	G	0.004908012480928666	2.3090943415457756
12:46425430:T:G	0.00197147	9.79345e-05	3.00223	2.8129	12	46425430	T	G	0.004909691703784575	2.308945777846239
12:20761949:A:C	0.00956349	0.00125719	2.02907	2.81261	12	20761949	A	C	0.004914121237177249	2.3085541331657518
12:81645837:T:C	0.000114375	0.00709518	-4.12769	-2.81242	12	81645837	T	C	0.004917025304900292	2.3082975566579202
12:19516018:G:A	2.12676e-05	0.00417541	-5.27978	-2.8123	12	19516018	G	A	0.004918860252654869	2.3081355157945986
12:63624423:A:G	2.58504e-05	0.00346316	-4.89761	-2.81214	12	63624423	A	G	0.004921307813134167	2.3079194702910875
12:24791435:A:G	0.0709633	0.00297664	3.17137	2.81188	12	24791435	A	G	0.004925287448417631	2.307568418238719
12:25183184:TAC:T	0.0182061	0.000143048	4.84633	2.81178	12	25183184	TAC	T	0.0049268188522646195	2.30743340543529
12:20464195:T:A	0.000641457	0.0181085	-3.3404	-2.81109	12	20464195	T	A	0.004937397282053807	2.3065019263632056
12:20876494:T:G	0.000999414	0.000184323	1.69048	2.81098	12	20876494	T	G	0.004939085595603344	2.306353447339952
12:20876642:G:A	0.000999414	0.000184323	1.69048	2.81098	12	20876642	G	A	0.004939085595603344	2.306353447339952
12:51004728:G:A	7.35957e-05	0.00546325	-4.30721	-2.81046	12	51004728	G	A	0.004947073784616983	2.305651612172096
12:73214725:T:C	1.7212e-05	0.0012774	-4.30697	-2.81024	12	73214725	T	C	0.004950456919116134	2.3053547145426325
12:7249176:G:GTTT	0.000275242	0.0108719	-3.67629	-2.81019	12	7249176	G	GTTT	0.004951226105075021	2.305287240514761
12:10258268:T:A	8.70508e-05	0.00601076	-4.23481	-2.81	12	10258268	T	A	0.004954149997571722	2.305030848349392
12:32123770:C:T	9.27659e-05	0.00553142	-4.08812	-2.80994	12	32123770	C	T	0.004955073656417683	2.3049498854091794
12:20876237:A:T	0.000998286	0.000184323	1.68935	2.80989	12	20876237	A	T	0.004955843491088734	2.304882417394805
12:20875888:G:A	0.000998286	0.000184323	1.68935	2.80989	12	20875888	G	A	0.004955843491088734	2.304882417394805
12:20875905:C:A	0.000998286	0.000184323	1.68935	2.80989	12	20875905	C	A	0.004955843491088734	2.304882417394805
12:20876176:A:C	0.000998286	0.000184323	1.68935	2.80989	12	20876176	A	C	0.004955843491088734	2.304882417394805
12:54771366:C:T	0.000178964	0.0127402	-4.26533	-2.80977	12	54771366	C	T	0.004957691535638282	2.304720498249452
12:46417675:T:C	0.00326888	0.00012193	3.28876	2.80966	12	46417675	T	C	0.004959386123947661	2.304572077437538
12:102748098:A:C	0.00199408	0.000376744	1.66637	2.80953	12	102748098	A	C	0.0049613894945649255	2.3043966772773956
12:69486183:A:ATTT	0.000222945	0.00879746	-3.67529	-2.80919	12	69486183	A	ATTT	0.00496663253986346	2.303937970428174
12:89788803:CT:C	0.00442723	5.62562e-05	4.36561	2.80918	12	89788803	CT	C	0.004966786822903405	2.3039244797518106
12:123278986:G:A	0.000121434	0.00139799	-2.44342	-2.80918	12	123278986	G	A	0.004966786822903405	2.3039244797518106
12:39354645:A:G	5.56133e-06	0.000742453	-4.89412	-2.80915	12	39354645	A	G	0.004967249698028576	2.303884007963249
12:41571424:C:A	0.000369469	0.0113808	-3.42762	-2.80908	12	41571424	C	A	0.004968329891698646	2.30378957519304
12:90766421:C:A	0.000166563	0.0222343	-4.89402	-2.80906	12	90766421	C	A	0.004968638557476838	2.303762594762348
12:29685106:G:A	0.000315192	0.0169093	-3.98243	-2.80849	12	29685106	G	A	0.004977442825452403	2.302993719895859
12:115193435:C:CT	0.00215569	0.0401029	-2.92334	-2.80837	12	115193435	C	CT	0.0049792981522686726	2.30283186809926
12:71866296:T:C	0.00209106	2.65973e-05	4.36462	2.80833	12	71866296	T	C	0.004979916733500264	2.302777918783191
12:24790685:C:G	0.0709934	0.00299065	3.1671	2.80823	12	24790685	C	G	0.004981463490617784	2.302643048299128
12:25861778:T:G	0.0116685	0.00150469	2.04831	2.80809	12	25861778	T	G	0.004983629680441799	2.3024542363560796
12:20876988:A:G	0.000999414	0.000184911	1.68729	2.8079	12	20876988	A	G	0.0049865708719373895	2.302198004143478
12:18257760:GAAA:G	0.00643095	0.000240332	3.28685	2.8078	12	18257760	GAAA	G	0.004988119497842576	2.3020631508967853
12:43618076:C:T	0.000611746	0.00543953	-2.18513	-2.80759	12	43618076	C	T	0.004991373027918897	2.3017799721268695
12:3804045:G:A	0.000151335	0.0151545	-4.60656	-2.80734	12	3804045	G	A	0.004995248779963595	2.3014428775931774
12:20776947:G:T	0.000361336	0.0067308	-2.92464	-2.80726	12	20776947	G	T	0.004996489595232959	2.3013350126337317
12:20776860:C:T	0.000361336	0.0067308	-2.92464	-2.80726	12	20776860	C	T	0.004996489595232959	2.3013350126337317
12:7269306:C:T	0.00473124	9.76362e-05	3.88069	2.80717	12	7269306	C	T	0.004997885845540816	2.30121366762091
12:20881931:C:T	0.00161678	0.000299417	1.68636	2.80699	12	20881931	C	T	0.005000679404636309	2.3009709873360378
12:83422317:T:C	8.70795e-05	0.00618078	-4.26238	-2.80697	12	83422317	T	C	0.005000989887229674	2.3009440236616485
12:83422313:C:T	8.70795e-05	0.00618078	-4.26238	-2.80697	12	83422313	C	T	0.005000989887229674	2.3009440236616485
12:71860668:G:A	0.010577	0.000144046	4.2963	2.8068	12	71860668	G	A	0.005003629693127955	2.300714838903084
12:13808526:T:C	0.000359344	0.0100969	-3.33571	-2.80663	12	13808526	T	C	0.005006270758926011	2.3004856657290755
12:30437133:G:C	3.31344e-05	0.00129717	-3.66737	-2.80617	12	30437133	G	C	0.005013423493328143	2.2998656081642754
12:38206042:G:A	1.98024e-05	0.00106886	-3.98854	-2.80613	12	38206042	G	A	0.00501404590670789	2.299811694123584
12:105017501:CAAA:C	0.0114059	0.000145481	4.36184	2.80597	12	105017501	CAAA	C	0.005016536258963714	2.2995960443742356
12:84227456:T:A	3.17843e-06	0.000170059	-3.97976	-2.80591	12	84227456	T	A	0.005017470429349781	2.2995151783637575
12:42115949:T:A	1.16501e-05	0.000691489	-4.08353	-2.80561	12	42115949	T	A	0.005022143641019341	2.29911086995644
12:113628277:G:A	0.00761958	0.000952112	2.07979	2.80553	12	113628277	G	A	0.005023390495259441	2.2990030604738085
12:113628031:G:A	0.00761958	0.000952112	2.07979	2.80553	12	113628031	G	A	0.005023390495259441	2.2990030604738085
12:123539385:C:T	0.00416826	0.000780347	1.67551	2.80552	12	123539385	C	T	0.0050235463717172805	2.298989584468853
12:14094527:C:T	0.000304224	0.0215573	-4.26071	-2.80539	12	14094527	C	T	0.005025573163669919	2.298814400051983
12:16985157:G:GCTT	7.22788e-05	0.0140672	-5.27107	-2.80533	12	16985157	G	GCTT	0.005026508855447494	2.298733547990457
12:44397834:A:G	7.63861e-05	0.000573462	-2.01589	-2.80528	12	44397834	A	G	0.005027288718913646	2.298666172374793
12:114475157:CTCCTTCCTT:C	0.0214451	0.000618819	3.54544	2.80525	12	114475157	CTCCTTCCTT	C	0.00502775668950182	2.2986257474863856
12:129611530:T:C	0.000480854	0.0196766	-3.71162	-2.80486	12	129611530	T	C	0.005033843892226536	2.298100256764579
12:113627607:C:A	0.0076598	0.000958016	2.07888	2.80463	12	113627607	C	A	0.005037436903744887	2.2977903805584345
12:41923642:T:C	0.000800538	7.84927e-05	2.32228	2.8046	12	41923642	T	C	0.005037905728320436	2.2977499634860385
12:1333877:A:C	0.00234685	0.000303823	2.04439	2.80427	12	1333877	A	C	0.005043065402832022	2.2973053994980424
12:51244290:G:A	1.08461e-05	0.000133606	-2.51109	-2.80422	12	51244290	G	A	0.005043847588330281	2.297238045125759
12:10257483:CTT:C	0.00644528	7.82936e-05	4.41064	2.80409	12	10257483	CTT	C	0.0050458817839555805	2.2970629284472923
12:49029736:G:A	1.15237e-05	0.00041691	-3.58846	-2.80405	12	49029736	G	A	0.005046507839501368	2.297009047755129
12:42040532:A:G	9.68674e-06	0.000664541	-4.22834	-2.80389	12	42040532	A	G	0.005049012763989085	2.29679353139938
12:42040516:A:G	9.68674e-06	0.000664541	-4.22834	-2.80389	12	42040516	A	G	0.005049012763989085	2.29679353139938
12:41629489:C:T	6.75723e-05	0.0131236	-5.26897	-2.80366	12	41629489	C	T	0.005052615562278341	2.2964837446140733
12:109575834:T:G	0.000205795	0.00369758	-2.88856	-2.80361	12	109575834	T	G	0.0050533990867741236	2.296416402466362
12:105367008:C:G	2.40382e-05	0.00239531	-4.60163	-2.80291	12	105367008	C	G	0.005064379969300079	2.2954737176076696
12:42113707:T:C	9.13371e-06	0.00121001	-4.88641	-2.80255	12	42113707	T	C	0.0050700356755394764	2.2949889847227936
12:44850614:G:A	0.000269453	0.0159415	-4.08029	-2.80254	12	44850614	G	A	0.005070192859961862	2.29497552066189
12:10259331:G:A	8.87208e-05	0.00607744	-4.22684	-2.80248	12	10259331	G	A	0.00507113605900953	2.2948947371381148
12:122005818:AT:A	0.033061	0.000750579	3.78526	2.80212	12	122005818	AT	A	0.0050767985849438525	2.294410066294554
12:123539004:C:CA	0.00415211	0.000780138	1.6719	2.80211	12	123539004	C	CA	0.005076955958887927	2.294396603957008
12:85668010:C:T	2.09529e-05	0.00154187	-4.29847	-2.80209	12	85668010	C	T	0.005077270720005748	2.2943696794021493
12:45387253:C:G	0.00257873	3.53097e-05	4.29089	2.80202	12	45387253	C	G	0.005078372522840936	2.294275444722592
12:12619932:C:A	0.000192251	0.0053754	-3.33079	-2.80196	12	12619932	C	A	0.00507931709729182	2.29419467370314
12:74562575:T:C	0.0063564	0.000238107	3.2845	2.80182	12	74562575	T	C	0.005081521721990003	2.294006213601933
12:30163085:T:A	0.000340141	0.0338521	-4.6004	-2.8018	12	30163085	T	A	0.0050818367389762475	2.2939792913715698
12:28358591:A:G	6.33527e-06	0.000465959	-4.29797	-2.8016	12	28358591	A	G	0.005084987879884381	2.2937100778849153
12:15112256:C:T	0.000702701	0.0199748	-3.34729	-2.80148	12	15112256	C	T	0.00508687941212216	2.293548557487707
12:117644217:G:A	0.000675783	0.0894134	-4.88515	-2.80147	12	117644217	G	A	0.005087037068514298	2.293535097715105
12:91686631:A:T	0.00070778	0.027902	-3.67432	-2.80134	12	91686631	A	T	0.00508908700357639	2.2933601243182675
12:51495470:C:CTT	0.000119847	0.00486572	-3.70375	-2.80129	12	51495470	C	CTT	0.005089875638943074	2.293292828661392
12:59590906:G:A	0.00020595	0.0145262	-4.25608	-2.80102	12	59590906	G	A	0.005094136179144709	2.2929294494272554
12:59590611:C:A	0.00020595	0.0145262	-4.25608	-2.80102	12	59590611	C	A	0.005094136179144709	2.2929294494272554
12:63627837:T:C	5.56363e-05	0.00341033	-4.11573	-2.80086	12	63627837	T	C	0.005096662464609347	2.2927141273709903
12:63624529:C:G	2.61961e-05	0.00346316	-4.88433	-2.80076	12	63624529	C	G	0.0050982419680319505	2.292579556295684
12:62501294:G:C	2.83709e-06	0.000548971	-5.26527	-2.80069	12	62501294	G	C	0.005099347883674897	2.2924853589274727
12:82956271:G:T	0.000660419	0.0075308	-2.43388	-2.80036	12	82956271	G	T	0.0051045644072333285	2.2920413120699688
12:70765863:T:C	0.00219764	0.0250578	-2.4338	-2.80028	12	70765863	T	C	0.005105829745173211	2.2919336709192657
12:70765856:A:G	0.00219764	0.0250578	-2.4338	-2.80028	12	70765856	A	G	0.005105829745173211	2.2919336709192657
12:84396013:A:T	3.78994e-05	0.00147399	-3.66079	-2.80026	12	84396013	A	T	0.005106146123952229	2.2919067610323403
12:70946030:G:A	1.99018e-05	0.00080714	-3.70269	-2.80025	12	70946030	G	A	0.005106304319986446	2.2918933061489892
12:103880200:C:T	7.3487e-05	0.00517701	-4.25487	-2.79988	12	103880200	C	T	0.005112160688417976	2.2913955036375198
12:10274388:C:T	0.000432007	0.017001	-3.67259	-2.79965	12	10274388	C	T	0.005115804192737747	2.291086086484413
12:92418843:C:A	0.000194167	0.0118848	-4.1143	-2.79948	12	92418843	C	A	0.005118498725987107	2.2908574004746605
12:95237500:T:C	0.000115462	6.97843e-06	2.80612	2.79935	12	95237500	T	C	0.005120560116850778	2.2906825307521643
12:63494226:A:G	0.000322435	0.023658	-4.29556	-2.7993	12	63494226	A	G	0.005121353159263949	2.2906152749698983
12:31567072:C:A	2.44229e-06	0.000179187	-4.2955	-2.79924	12	31567072	C	A	0.005122304956688808	2.2905345693536003
12:100998381:TTATC:T	0.0147878	0.000180717	4.40462	2.79918	12	100998381	TTATC	T	0.0051232569139856654	2.2904538651799413
12:59591187:A:G	0.00020595	0.014488	-4.25344	-2.79853	12	59591187	A	G	0.005133580038477131	2.289579662433573
12:64444091:C:G	9.20327e-06	0.000912391	-4.59651	-2.79831	12	64444091	C	G	0.005137078274889367	2.289283816776435
12:57249535:G:GC	0.000295387	0.0116076	-3.67113	-2.79823	12	57249535	G	GC	0.005138350894914617	2.2891762413461114
12:29109052:G:T	3.2461e-05	0.00626142	-5.26212	-2.79818	12	29109052	G	T	0.005139146427112098	2.28910900800449
12:81861030:G:C	4.99868e-05	0.00340794	-4.2221	-2.79801	12	81861030	G	C	0.00514185206926284	2.2888804221363737
12:84395487:C:T	3.71751e-05	0.00144125	-3.65763	-2.79742	12	84395487	C	T	0.005151252228908065	2.2880871845513613
12:98265450:CT:C	0.00041075	2.70641e-05	2.71978	2.79738	12	98265450	CT	C	0.005151890089659062	2.288033410780958
12:96359865:A:C	0.000117601	0.00691961	-4.07482	-2.79737	12	96359865	A	C	0.005152049565999281	2.2880199674385335
12:60846675:T:C	4.3426e-05	0.00430022	-4.59536	-2.79727	12	60846675	T	C	0.0051536445747857595	2.287885536218157
12:82152641:T:C	0.0192018	0.000400535	3.86996	2.79724	12	82152641	T	C	0.005154123164431495	2.287845207633415
12:83494073:A:G	0.000359963	0.0145499	-3.69934	-2.79698	12	83494073	A	G	0.005158272624083962	2.2874957083387484
12:79757312:A:AAATT	0.000488015	0.0135702	-3.32529	-2.79673	12	79757312	A	AAATT	0.005162265335837261	2.287159676869162
12:19900312:AAAAGAAAG:A	0.00873285	0.00111389	2.05924	2.79663	12	19900312	AAAAGAAAG	A	0.005163863202374109	2.2870252712934924
12:50787916:T:C	0.000219485	0.00731355	-3.5062	-2.79661	12	50787916	T	C	0.005164182829309193	2.2869983906591895
12:60846832:A:G	4.34679e-05	0.00430022	-4.5944	-2.79641	12	60846832	A	G	0.005167380082090443	2.2867295931313847
12:6515964:A:G	6.3348e-05	0.00211022	-3.50591	-2.79631	12	6515964	A	G	0.0051689793791763125	2.286595200377831
12:61307025:CTT:C	0.00722813	5.78615e-05	4.82768	2.7963	12	61307025	CTT	C	0.005169139333483254	2.2865817613228545
12:1382118:C:T	0.00306361	0.000493548	1.82573	2.79629	12	1382118	C	T	0.005169299292263063	2.2865683223079465
12:10257844:G:A	8.72102e-05	0.00593397	-4.22013	-2.79615	12	10257844	G	A	0.005171539184892283	2.2863801803064465
12:20877477:G:A	0.00100812	0.000188829	1.675	2.79602	12	20877477	G	A	0.0051736198704594345	2.2862054840513695
12:105010725:C:T	8.8839e-05	0.0170892	-5.25938	-2.79598	12	105010725	C	T	0.005174260233573315	2.2861517327198246
12:99912571:G:T	5.25594e-05	0.000936517	-2.88022	-2.79567	12	99912571	G	T	0.005179225476662292	2.2857351816373166
12:38402311:C:T	4.96812e-06	0.000491037	-4.59348	-2.79558	12	38402311	C	T	0.005180667805058665	2.2856142546642966
12:5631180:T:C	0.0483532	0.0017265	3.33244	2.7955	12	5631180	T	C	0.005181950179431099	2.285506766746213
12:3794465:G:A	0.0348968	0.000450711	4.34932	2.79532	12	3794465	G	A	0.005184836570548246	2.285264928306315
12:107848526:A:G	0.00328293	0.000536047	1.81227	2.79501	12	107848526	A	G	0.005189810983099566	2.284848459201966
12:72560560:G:T	0.000640451	9.49064e-05	1.90928	2.79495	12	72560560	G	T	0.005190774270576376	2.28476785672597
12:42121657:G:GA	1.28793e-05	0.00247339	-5.25772	-2.79466	12	42121657	G	GA	0.005195432437935402	2.2843782984257697
12:17410040:T:A	6.94124e-05	0.00486286	-4.24932	-2.79463	12	17410040	T	A	0.005195914532829418	2.2843380012144525
12:99913838:T:C	5.25594e-05	0.000935442	-2.87908	-2.79458	12	99913838	T	C	0.005196718114143145	2.2842708399969127
12:62575924:C:T	2.03657e-05	0.00123998	-4.109	-2.79436	12	62575924	C	T	0.005200255206130268	2.283975342539348
12:97807820:T:C	0.00116743	0.0456897	-3.66707	-2.79427	12	97807820	T	C	0.0052017028251629535	2.283854462804982
12:106516955:C:T	9.50375e-05	0.00271554	-3.35247	-2.79416	12	106516955	C	T	0.005203472631777795	2.283706725314643
12:120734000:C:G	0.000254423	0.00995528	-3.66686	-2.79407	12	120734000	C	G	0.0052049210600283394	2.283585852792075
12:117636515:T:G	0.0103864	0.000127757	4.39812	2.79388	12	117636515	T	G	0.005207980049365512	2.2833306881240167
12:117636462:C:G	0.0103864	0.000127757	4.39812	2.79388	12	117636462	C	G	0.005207980049365512	2.2833306881240167
12:117636466:C:T	0.0103864	0.000127757	4.39812	2.79388	12	117636466	C	T	0.005207980049365512	2.2833306881240167
12:62830953:A:G	0.00522564	0.0636813	-2.50031	-2.79379	12	62830953	A	G	0.005209429611183645	2.2832098256978726
12:117636952:TAA:T	0.0103864	0.000127783	4.39792	2.79372	12	117636952	TAA	T	0.005210557300166665	2.2831158238322833
12:82944411:C:T	0.000871852	0.0110395	-2.53861	-2.79338	12	82944411	C	T	0.0052160377845955645	2.282659271267333
12:121900588:CA:C	0.00515943	0.000315483	2.79448	2.79325	12	121900588	CA	C	0.005218134639920281	2.282484719290984
12:19523426:CTT:C	0.00136857	5.19201e-05	3.27181	2.79315	12	19523426	CTT	C	0.005219748123759014	2.282350453147313
12:1982542:T:TATC	0.0421761	0.00213937	2.98134	2.79309	12	1982542	T	TATC	0.005220716430407154	2.2822698953841787
12:20873073:C:T	0.000902513	0.000169597	1.67176	2.79289	12	20873073	C	T	0.005223945291444998	2.282001379923634
12:20872932:A:G	0.000902513	0.000169597	1.67176	2.79289	12	20872932	A	G	0.005223945291444998	2.282001379923634
12:44895901:C:T	2.37818e-06	0.00023434	-4.59044	-2.79285	12	44895901	C	T	0.0052245912801133975	2.2819476787545767
12:44896176:T:A	2.37818e-06	0.00023434	-4.59044	-2.79285	12	44896176	T	A	0.0052245912801133975	2.2819476787545767
12:93656316:A:G	0.0167657	0.00248993	1.90708	2.79275	12	93656316	A	G	0.005226206567543571	2.2818134286363705
12:24440888:G:A	0.000302841	0.0205305	-4.21646	-2.79268	12	24440888	G	A	0.005227337537185733	2.2817194559373917
12:41628048:C:T	0.00584668	7.57667e-05	4.34597	2.79247	12	41628048	C	T	0.005230731772935866	2.281437549619006
12:73151569:CTT:C	0.000123234	0.00356009	-3.36346	-2.79197	12	73151569	CTT	C	0.005238821302283903	2.280766415210313
12:117637130:T:G	0.0103864	0.000128091	4.39551	2.79175	12	117637130	T	G	0.005242384274460494	2.2804711477997577
12:84541896:GTT:G	0.00316254	9.26161e-05	3.53067	2.79134	12	84541896	GTT	G	0.005249030200964026	2.279920928456037
12:17085113:C:CAAA	0.000460122	0.0184888	-3.69343	-2.79122	12	17085113	C	CAAA	0.0052509767895063736	2.279759901387592
12:102583866:C:T	0.000562391	0.0102993	-2.90763	-2.79114	12	102583866	C	T	0.005252274877473979	2.2796525532135026
12:89463427:T:TCA	9.01382e-05	0.00298643	-3.50049	-2.79082	12	89463427	T	TCA	0.005257470128748527	2.279223186155961
12:25112399:GT:G	0.00251135	0.000195275	2.55417	2.79066	12	25112399	GT	G	0.005260069494818428	2.2790085180103694
12:20877268:T:C	0.00100233	0.000188829	1.66924	2.79045	12	20877268	T	C	0.00526348292459887	2.278726781632592
12:41268651:G:A	0.00089672	0.0141012	-2.75527	-2.79041	12	41268651	G	A	0.005264133328520934	2.2786731195636243
12:69366710:TG:T	0.00928885	0.000569666	2.79152	2.79035	12	69366710	TG	T	0.005265109070530855	2.2785926276619617
12:42117022:A:G	1.25048e-05	0.000730283	-4.06732	-2.79029	12	42117022	A	G	0.005266084975914161	2.2785121372024424
12:116279030:C:CA	6.36343e-05	0.00443759	-4.24471	-2.79028	12	116279030	C	CA	0.0052662476426965765	2.2784987222660638
12:1210346:A:G	0.0037565	0.00047681	2.06413	2.79026	12	1210346	A	G	0.00526657298987828	2.2784718925134855
12:83425490:C:T	2.38202e-05	0.00454891	-5.25211	-2.79017	12	83425490	C	T	0.005268037276896274	2.2783511606098217
12:59714698:A:G	0.000332638	0.00848167	-3.23861	-2.78977	12	59714698	A	G	0.005274549669650349	2.277814613629244
12:74434707:C:A	0.00255542	0.000414613	1.81863	2.78944	12	74434707	C	A	0.005279927867277888	2.277372010620954
12:81639540:T:TA	7.81729e-05	0.00302249	-3.65491	-2.78875	12	81639540	T	TA	0.005291189199383175	2.2764467089311804
12:99692482:G:A	7.58035e-05	0.014446	-5.25003	-2.78851	12	99692482	G	A	0.005295111266923478	2.2761249095691163
12:74960471:T:C	0.00158612	2.06551e-05	4.34109	2.78831	12	74960471	T	C	0.005298381662212665	2.275856761059015
12:41191771:TATTTATTTA:T	0.000624039	8.40587e-05	2.0047	2.78791	12	41191771	TATTTATTTA	T	0.0053049279265290575	2.2753205121063447
12:99692950:G:T	0.000116695	0.00845819	-4.28333	-2.78758	12	99692950	G	T	0.005310334092994114	2.2748781549675963
12:15008636:G:C	0.000394834	0.0266197	-4.21094	-2.78748	12	15008636	G	C	0.005311973307366313	2.2747441159616963
12:83425413:A:AC	2.3903e-05	0.00454891	-5.24864	-2.78739	12	83425413	A	AC	0.00531344899102579	2.274623484281097
12:44854288:C:T	0.00025657	0.0155084	-4.10173	-2.78734	12	44854288	C	T	0.005314268975257831	2.274556468082688
12:62830946:T:C	0.00524761	0.0635176	-2.49354	-2.78725	12	62830946	T	C	0.005315745234887337	2.274435841449008
12:62830940:G:A	0.00524761	0.0635176	-2.49354	-2.78725	12	62830940	G	A	0.005315745234887337	2.274435841449008
12:62830935:G:C	0.00524761	0.0635176	-2.49354	-2.78725	12	62830935	G	C	0.005315745234887337	2.274435841449008
12:62830939:T:C	0.00524761	0.0635176	-2.49354	-2.78725	12	62830939	T	C	0.005315745234887337	2.274435841449008
12:62830914:CGTG:C	0.00524761	0.0635176	-2.49354	-2.78725	12	62830914	CGTG	C	0.005315745234887337	2.274435841449008
12:60131868:C:CAAAAAA	2.99441e-05	0.00569484	-5.24798	-2.78687	12	60131868	C	CAAAAAA	0.005321982415273032	2.2739265647644316
12:18800843:G:GC	0.000689837	9.30262e-05	2.00357	2.78677	12	18800843	G	GC	0.005323624876688832	2.273792554197309
12:72560130:C:CTT	0.000635116	9.49064e-05	1.90092	2.78656	12	72560130	C	CTT	0.005327075535868605	2.273511145043903
12:72560127:A:C	0.000635116	9.49064e-05	1.90092	2.78656	12	72560127	A	C	0.005327075535868605	2.273511145043903
12:25857524:T:C	0.00110255	0.0337534	-3.42146	-2.78613	12	25857524	T	C	0.005334147474719433	2.272934981414892
12:15132662:T:A	1.23916e-05	0.000373199	-3.40509	-2.78608	12	15132662	T	A	0.005334970343211479	2.2728679904504587
12:129654283:TGTGTGTGTG:T	0.0715411	0.000579843	4.81527	2.786	12	129654283	TGTGTGTGTG	T	0.005336287171249206	2.2727608069901164
12:103957127:C:A	0.000155205	0.00902212	-4.06269	-2.78592	12	103957127	C	A	0.005337604292814272	2.272653626093152
12:43854597:T:A	0.000175163	0.00219928	-2.53017	-2.78591	12	43854597	T	A	0.0053377689536513884	2.2726402286612686
12:1268832:G:A	8.15793e-05	0.00128693	-2.75844	-2.7858	12	1268832	G	A	0.005339580525650327	2.272492859554023
12:42113499:A:G	8.83689e-06	0.00167829	-5.2466	-2.78576	12	42113499	A	G	0.005340239416754434	2.272439271989327
12:65583523:C:T	0.000180222	0.00427676	-3.16676	-2.78568	12	65583523	C	T	0.005341557419243544	2.2723320987824502
12:43855455:T:A	0.000174636	0.00219163	-2.5297	-2.78549	12	43855455	T	A	0.005344688852576463	2.2720775726895135
12:43855208:C:T	0.000174636	0.00219163	-2.5297	-2.78549	12	43855208	C	T	0.005344688852576463	2.2720775726895135
12:43855942:C:T	0.000174636	0.00219163	-2.5297	-2.78549	12	43855942	C	T	0.005344688852576463	2.2720775726895135
12:130052504:G:T	0.000374912	0.0226167	-4.09975	-2.78542	12	130052504	G	T	0.005345842956376719	2.271983803563169
12:51498258:A:G	0.00321538	0.000203824	2.75845	2.78539	12	51498258	A	G	0.005346337641181251	2.2719436173955145
12:59925888:G:T	0.00330751	2.9622e-05	4.71543	2.78412	12	59925888	G	T	0.005367317252483819	2.270242733587379
12:15010953:C:T	0.000416626	0.0279793	-4.20703	-2.78379	12	15010953	C	T	0.0053727808016632165	2.2698008773858924
12:42113016:A:T	8.66019e-06	0.00164023	-5.24385	-2.78356	12	42113016	A	T	0.00537659169913517	2.2694929427948485
12:54774341:C:T	0.000180295	0.0124823	-4.23747	-2.78343	12	54774341	C	T	0.0053787467641557155	2.269318902180081
12:73481527:C:A	1.69746e-05	0.0012248	-4.27882	-2.78325	12	73481527	C	A	0.005381731987987501	2.269077934040928
12:41918708:T:G	8.54209e-05	0.00154847	-2.89743	-2.78299	12	41918708	T	G	0.005386046619095087	2.2687298918587593
12:41631057:C:G	6.85881e-05	0.00397217	-4.05895	-2.78239	12	41631057	C	G	0.005396015382908659	2.2679268209158443
12:113928141:A:G	6.29895e-05	0.0033161	-3.96358	-2.78223	12	113928141	A	G	0.0053986765319547336	2.267712693013212
12:88742917:A:G	0.0011625	0.01334	-2.44019	-2.78214	12	88742917	A	G	0.005400173948968343	2.2675922505732626
12:64765221:C:G	8.98105e-06	1.34813e-06	1.8964	2.78203	12	64765221	C	G	0.0054020046345709715	2.267445047551801
12:64765461:T:C	8.98105e-06	1.34813e-06	1.8964	2.78203	12	64765461	T	C	0.0054020046345709715	2.267445047551801
12:103902589:A:G	0.000767552	3.3341e-05	3.13642	2.78196	12	103902589	A	G	0.0054031699080445755	2.2673513754247177
12:64749182:A:G	0.000161254	0.00969258	-4.09614	-2.78193	12	64749182	A	G	0.005403669380432303	2.267311230828094
12:74954419:C:G	2.12415e-05	0.00037296	-2.86552	-2.78166	12	74954419	C	G	0.005408166508184987	2.266949945677235
12:83425334:T:A	2.40759e-05	0.00454891	-5.24143	-2.78163	12	83425334	T	A	0.00540866639757564	2.2669098046847713
12:27035459:T:C	2.74708e-05	0.00184018	-4.2045	-2.7814	12	27035459	T	C	0.005412500269057856	2.266602069049601
12:44660787:GATCTGAAAT:G	0.000161855	3.76159e-06	3.76186	2.7814	12	44660787	GATCTGAAAT	G	0.005412500269057856	2.266602069049601
12:65226769:C:T	0.000103288	0.0062049	-4.09557	-2.78138	12	65226769	C	T	0.00541283376511211	2.266575310430294
12:44099379:G:A	0.000372177	0.00279551	-2.0164	-2.78133	12	44099379	G	A	0.005413667586415144	2.266508414582825
12:51423214:G:A	0.000245685	0.0164524	-4.20417	-2.78109	12	51423214	G	A	0.005417671543145585	2.266187328450775
12:114289292:G:A	0.0102083	0.00131599	2.04861	2.78098	12	114289292	G	A	0.005419507583333736	2.2660401716822856
12:1380596:G:A	0.000273043	0.00284416	-2.34339	-2.78096	12	1380596	G	A	0.005419841469170874	2.266013416426781
12:1380482:G:T	0.000273043	0.00284416	-2.34339	-2.78096	12	1380482	G	T	0.005419841469170874	2.266013416426781
12:58548855:T:TACAC	0.000380192	0.012474	-3.49073	-2.78093	12	58548855	T	TACAC	0.005420342332747433	2.265973283843863
12:3819304:C:T	0.000102439	0.00407285	-3.68283	-2.78089	12	3819304	C	T	0.005421010215853199	2.2659197742939323
12:38503486:T:TA	0.000413696	1.22523e-05	3.51941	2.78074	12	38503486	T	TA	0.005423515439261844	2.265719119188072
12:69743836:TTTGCTATTC:T	0.00924906	0.000273961	3.51929	2.78062	12	69743836	TTTGCTATTC	T	0.005425520370495978	2.265558601590608
12:101029911:T:TAAAAAAAAA	0.000286851	0.0206371	-4.27588	-2.78044	12	101029911	T	TAAAAAAAAA	0.005428529021981391	2.2653178360063912
12:12614327:C:A	0.000300295	0.0105964	-3.5635	-2.78035	12	12614327	C	A	0.005430033912487208	2.265197458079648
12:18177863:C:T	8.24271e-05	0.0106388	-4.86035	-2.78023	12	18177863	C	T	0.005432041019026233	2.265036959222863
12:96802212:G:A	6.81413e-05	0.00879187	-4.86	-2.77993	12	96802212	G	A	0.005437061715902516	2.2646357373084256
12:51314540:T:C	5.47605e-05	0.00156131	-3.35031	-2.77989	12	51314540	T	C	0.005437731458581132	2.2645822437761223
12:70675135:A:G	0.00105307	0.0248275	-3.16024	-2.77959	12	70675135	A	G	0.005442756903109742	2.2641810627058367
12:107840922:A:G	0.00389511	0.000392954	2.29379	2.7795	12	107840922	A	G	0.005444265353838145	2.2640607154122794
12:72558988:A:G	0.000630455	9.49064e-05	1.89355	2.77917	12	72558988	A	G	0.005449799569280136	2.2636194697520353
12:72558990:G:A	0.000630455	9.49064e-05	1.89355	2.77917	12	72558990	G	A	0.005449799569280136	2.2636194697520353
12:29413661:T:TAC	0.000190505	3.16067e-05	1.79631	2.77883	12	29413661	T	TAC	0.005455506799309932	2.263164898619156
12:74772034:TAC:T	0.013766	0.000528683	3.25957	2.77877	12	74772034	TAC	T	0.005456514517432853	2.2630846849889514
12:117626717:T:A	0.00128189	1.68955e-05	4.32904	2.77807	12	117626717	T	A	0.005468283650605677	2.262148965812741
12:95826334:T:C	5.28953e-05	0.00680879	-4.85766	-2.77792	12	95826334	T	C	0.005470808586913378	2.2619484800866396
12:1347446:A:AT	0.000884231	0.00014522	1.80647	2.7777	12	1347446	A	AT	0.0054745137304865925	2.26165445065136
12:75697087:G:A	0.000975548	0.0388582	-3.68468	-2.77755	12	75697087	G	A	0.005477041263231882	2.2614539871474597
12:70340890:CT:C	0.000640087	3.28338e-05	2.97015	2.77727	12	70340890	CT	C	0.005481762142738596	2.26107981271064
12:41637329:C:A	9.5258e-05	0.00284383	-3.39632	-2.77713	12	41637329	C	A	0.00548412395954348	2.2608927372637644
12:67818467:A:G	0.0175519	0.00177559	2.29103	2.77688	12	67818467	A	G	0.005488343774161417	2.2605586934847253
12:4820376:A:AG	0.000127413	0.00913147	-4.27205	-2.77677	12	4820376	A	AG	0.005490201420869974	2.2604117221495947
12:41637300:T:C	7.82169e-05	0.0100528	-4.85612	-2.77661	12	41637300	T	C	0.0054929044655358025	2.2601979543104154
12:45934895:CA:C	0.000888259	1.89661e-05	3.84661	2.77562	12	45934895	CA	C	0.0055096562806555985	2.258875493720042
12:84111576:G:A	4.15566e-05	0.00135629	-3.48545	-2.77558	12	84111576	G	A	0.005510334089766459	2.258822069216552
12:45389743:G:A	3.46179e-05	0.00444219	-4.85453	-2.77525	12	45389743	G	A	0.005515928887115615	2.2583813415049554
12:14086214:A:T	0.00011538	0.0111481	-4.57079	-2.77518	12	14086214	A	T	0.005517116321194251	2.258287859413614
12:42212894:C:T	0.000734391	2.01644e-05	3.59512	2.77506	12	42212894	C	T	0.005519152459215856	2.2581276089639735
12:50782921:G:C	0.000196869	0.0102866	-3.95606	-2.77504	12	50782921	G	C	0.005519491881479848	2.258100901116201
12:113788596:T:C	0.0212439	0.000583602	3.5946	2.77458	12	113788596	T	C	0.005527303794883074	2.2574866648165424
12:44834440:C:CTT	0.000164841	0.0308626	-5.23232	-2.77434	12	44834440	C	CTT	0.005531383535617735	2.2571662273331254
12:27228179:CA:C	0.000731941	9.69387e-06	4.32421	2.77396	12	27228179	CA	C	0.005537848683130605	2.256658915145014
12:24106792:AAATAATAAT:A	0.0142196	0.000549042	3.2542	2.77381	12	24106792	AAATAATAAT	A	0.005540402591682451	2.256458676247468
12:107758856:A:T	5.88321e-05	0.00225421	-3.64586	-2.77361	12	107758856	A	T	0.005543809456441992	2.256191705062538
12:93967751:G:A	0.00699975	0.00134198	1.65173	2.77352	12	93967751	G	A	0.005545343162268003	2.2560715732536885
12:82956263:T:C	0.00714184	0.00115371	1.82299	2.77329	12	82956263	T	C	0.005549264372442005	2.255764584474404
12:90134908:C:T	8.36884e-05	0.00233993	-3.33078	-2.77329	12	90134908	C	T	0.005549264372442005	2.255764584474404
12:44091010:T:C	0.000691199	0.00677353	-2.28235	-2.77329	12	44091010	T	C	0.005549264372442005	2.255764584474404
12:101803418:C:T	2.46702e-05	0.00315808	-4.85212	-2.77318	12	101803418	C	T	0.005551140618182808	2.255617771240045
12:38199183:C:T	1.14681e-05	0.000818584	-4.26801	-2.7729	12	38199183	C	T	0.005555919099842266	2.255244086683142
12:114364259:G:A	0.000585514	0.0400495	-4.22538	-2.77201	12	114364259	G	A	0.005571132505148919	2.254056512053814
12:33987246:T:C	7.71716e-06	0.000527807	-4.22528	-2.77192	12	33987246	T	C	0.0055726730302596925	2.253936437891181
12:49575723:T:TA	0.00190466	0.000417351	1.51813	2.77153	12	49575723	T	TA	0.005579353081719064	2.2534161539884217
12:121179904:C:T	0.00137979	0.00023062	1.78892	2.77133	12	121179904	C	T	0.005582781551050739	2.253149365348447
12:28192154:C:T	3.12354e-05	0.00222591	-4.26637	-2.77133	12	28192154	C	T	0.005582781551050739	2.253149365348447
12:83581777:G:A	8.26553e-06	0.00105532	-4.8495	-2.77094	12	83581777	G	A	0.0055894725342891	2.2526291735547144
12:54776218:T:C	0.000181128	0.0123739	-4.22414	-2.77084	12	54776218	T	C	0.0055911893360868995	2.2524958008506992
12:25860080:T:C	0.0119991	0.00160823	2.00969	2.77044	12	25860080	T	C	0.005598061302067091	2.2519623500635513
12:41929972:T:C	0.000177598	0.0126437	-4.26539	-2.77039	12	41929972	T	C	0.005598920833414938	2.251895673218378
12:14398551:G:A	4.39362e-06	2.74491e-07	2.77299	2.77036	12	14398551	G	A	0.0055994366093763724	2.2518556675916153
12:53601707:A:G	3.70276e-05	0.00102129	-3.31716	-2.77028	12	53601707	A	G	0.005600812221527152	2.2517489876814905
12:123172791:T:C	1.60727e-05	0.00106373	-4.19241	-2.77	12	123172791	T	C	0.00560562926553005	2.251375628170212
12:38670828:T:C	1.66553e-05	0.000631875	-3.63596	-2.76973	12	38670828	T	C	0.005610277811925074	2.251015632647802
12:59584637:TC:T	0.00641231	9.10795e-05	4.25424	2.76957	12	59584637	TC	T	0.005613034146951856	2.2508023157372747
12:47441000:CAAAA:C	0.00065405	1.80733e-05	3.58875	2.76916	12	47441000	CAAAA	C	0.005620102832918266	2.2502557379255332
12:102586443:A:G	0.000546944	0.00978194	-2.88395	-2.76867	12	102586443	A	G	0.005628561308503771	2.249602599042856
12:89194922:G:A	0.000120935	0.00216242	-2.88373	-2.76847	12	89194922	G	A	0.005632017046727283	2.2493360393616135
12:20748210:A:G	0.000840028	0.0166356	-2.98587	-2.76816	12	20748210	A	G	0.005637377223753973	2.248922903495676
12:82955236:G:C	0.00710561	0.0011542	1.81747	2.76809	12	82955236	G	C	0.005638588223049636	2.248829620075077
12:82954985:A:G	0.00710454	0.0011542	1.81732	2.76794	12	82954985	A	G	0.005641184011818445	2.2486297336350125
12:120572901:C:CTTT	0.000208473	0.0123495	-4.08156	-2.76784	12	120572901	C	CTTT	0.005642915136513573	2.24849648101137
12:59483201:A:G	4.64296e-05	0.00316141	-4.22084	-2.76771	12	59483201	A	G	0.0056451663150593094	2.248323258584273
12:39699655:A:G	0.000707874	2.75148e-05	3.24754	2.76764	12	39699655	A	G	0.005646378823660963	2.248229987771375
12:99692670:C:CA	0.000111874	0.00794123	-4.26245	-2.76757	12	99692670	C	CA	0.005647591567190488	2.2481367189196546
12:42122889:T:C	1.37917e-05	0.00256024	-5.22379	-2.76752	12	42122889	T	C	0.005648457956424028	2.248070099512001
12:63624439:G:A	2.59575e-05	0.003299	-4.84491	-2.76701	12	63624439	G	A	0.005657301977579959	2.2473906387076443
12:20878219:A:G	0.00102403	0.000197698	1.64476	2.76679	12	20878219	A	G	0.005661120900413594	2.2470975701071376
12:40872461:A:G	0.00219881	0.000288725	2.03019	2.76656	12	40872461	A	G	0.005665115896873679	2.2467912009183517
12:41456393:A:G	0.00172062	0.00017598	2.28007	2.76648	12	41456393	A	G	0.0056665060568461215	2.246684642685031
12:113925742:C:A	0.000119613	0.0151897	-4.84411	-2.76632	12	113925742	C	A	0.005669287299956283	2.246471533902647
12:73192872:T:TTA	0.00124442	0.000161911	2.03938	2.76615	12	73192872	T	TTA	0.005672243719890982	2.246245117047522
12:43851052:C:T	0.000199836	0.00245314	-2.50763	-2.76597	12	43851052	C	T	0.005675375562566108	2.2460053941606897
12:41180089:A:C	7.26651e-05	0.00125483	-2.8489	-2.76583	12	41180089	A	C	0.0056778125184464585	2.2458189519912866
12:11624414:T:TATATATATA	0.000664441	0.0118336	-2.87976	-2.76568	12	11624414	T	TATATATATA	0.005680424589954222	2.2456192012286764
12:108994648:C:T	0.00507433	0.000981662	1.6427	2.7648	12	108994648	C	T	0.005695770586681445	2.2444475114612272
12:29107680:CAT:C	0.00380171	3.48522e-05	4.69209	2.76473	12	29107680	CAT	C	0.005696992895003312	2.2443543221727356
12:81703410:C:T	0.000307281	0.0120139	-3.66605	-2.76452	12	81703410	C	T	0.005700661239593521	2.2440747660729548
12:122286320:A:C	0.00235229	0.000147571	2.76883	2.76449	12	122286320	A	C	0.005701185462695444	2.244034830927964
12:26671584:G:A	0.00776906	0.000406183	2.9511	2.76441	12	26671584	G	A	0.005702583603535303	2.2439283389688245
12:73785788:AC:A	0.000501495	3.15424e-05	2.76626	2.76414	12	73785788	AC	A	0.005707304612255698	2.2435689475156373
12:90239125:G:T	6.59987e-05	0.0121997	-5.21953	-2.76411	12	90239125	G	T	0.0057078293863117	2.2435290169327886
12:117636527:C:T	0.00011508	0.014574	-4.84137	-2.76397	12	117636527	C	T	0.0057102789073590916	2.243342678975021
12:73226454:A:G	1.52211e-05	0.000234434	-2.73449	-2.76366	12	73226454	A	G	0.005715706221044549	2.2429301014097724
12:33802956:T:G	0.000104927	3.87211e-06	3.29947	2.76311	12	33802956	T	G	0.005725346776049697	2.2421982035970096
12:88417912:C:T	0.000492854	0.00504061	-2.32507	-2.76296	12	88417912	C	T	0.0057279785621520566	2.241998616111599
12:30163069:A:G	0.000370729	0.0251163	-4.2158	-2.76295	12	30163069	A	G	0.0057281540533440116	2.241985310599372
12:8005612:T:C	0.00535694	0.000209036	3.24364	2.76289	12	8005612	T	C	0.005729207102324621	2.24190547836636
12:20847541:AAT:A	0.00758221	0.00102416	2.00194	2.76287	12	20847541	AAT	A	0.00572955815744625	2.241878867942155
12:6990917:C:CA	4.98503e-05	0.00630327	-4.8398	-2.76263	12	6990917	C	CA	0.005733772332288665	2.2415595553368135
12:20778381:T:C	0.0064646	0.000873414	2.00169	2.76263	12	20778381	T	C	0.005733772332288665	2.2415595553368135
12:103817790:AT:A	0.0129197	0.000283746	3.81843	2.76255	12	103817790	AT	A	0.005735177678280144	2.2414531229237755
12:103817676:T:C	0.0129197	0.000283746	3.81843	2.76255	12	103817676	T	C	0.005735177678280144	2.2414531229237755
12:2730425:GT:G	0.0405896	0.00621373	1.87675	2.76231	12	2730425	GT	G	0.005739395580221672	2.241133841050776
12:25203466:G:A	3.91273e-05	0.00721499	-5.2171	-2.76216	12	25203466	G	A	0.005742033189287844	2.2409343015847387
12:61292320:G:A	3.3851e-06	0.000128181	-3.63406	-2.76211	12	61292320	G	A	0.005742912635190733	2.2408677904301646
12:79581906:C:CA	3.43236e-05	5.61089e-06	1.81112	2.76209	12	79581906	C	CA	0.005743264447561181	2.240841186248443
12:81058392:A:G	0.000206668	0.0121698	-4.0756	-2.76208	12	81058392	A	G	0.005743440361034585	2.2408278842176044
12:99932342:A:G	0.00137546	0.00018068	2.02982	2.7618	12	99932342	A	G	0.0057483679114448075	2.240455443600276
12:113925720:T:TAGG	0.000120248	0.0151897	-4.83882	-2.76179	12	113925720	T	TAGG	0.005748543965874767	2.2404421427298735
12:6867905:T:C	0.0143552	0.00188575	2.02979	2.76177	12	6867905	T	C	0.005748896089321758	2.2404155411091145
12:20777187:C:G	0.00590573	0.000816501	1.97865	2.76151	12	20777187	C	G	0.0057534754644422165	2.240069734604576
12:99943967:C:T	0.00177284	0.000245131	1.97855	2.76141	12	99943967	C	T	0.005755237638259378	2.2399367393054317
12:90602527:T:C	0.000164463	0.0156482	-4.55542	-2.76136	12	90602527	T	C	0.005756118907664032	2.2398702431563926
12:38520041:ATT:A	0.00149787	2.0134e-05	4.30939	2.76136	12	38520041	ATT	A	0.005756118907664032	2.2398702431563926
12:70941822:T:TG	2.21959e-05	0.000835083	-3.62762	-2.76136	12	70941822	T	TG	0.005756118907664032	2.2398702431563926
12:97807211:C:G	0.00128982	0.0379064	-3.38062	-2.7611	12	97807211	C	G	0.005760703470435761	2.239524479307042
12:66716899:T:A	0.000281526	0.0198392	-4.25519	-2.76061	12	66716899	T	A	0.005769352558931699	2.2388729209620934
12:30169107:A:G	0.0116496	0.000431004	3.29691	2.7606	12	30169107	A	G	0.005769529192797665	2.2388596248533434
12:100918562:A:G	2.61163e-05	0.00184026	-4.2551	-2.76053	12	100918562	A	G	0.005770765766400246	2.23876655321245
12:89786163:A:C	5.76498e-05	0.00326225	-4.03579	-2.76051	12	89786163	A	C	0.005771119117035456	2.2387399616751673
12:113928353:AAAC:A	0.00271814	5.90208e-05	3.82981	2.76008	12	113928353	AAAC	A	0.005778720876002358	2.2381682823357507
12:84734468:T:C	5.45087e-05	0.0100219	-5.21417	-2.75982	12	84734468	T	C	0.005783321667234812	2.2378226516493678
12:3825812:C:T	8.97531e-05	0.00852415	-4.5536	-2.75971	12	3825812	C	T	0.005785269149882869	2.2376764314244477
12:10252956:TA:T	0.00109321	1.47266e-05	4.30722	2.75951	12	10252956	TA	T	0.0057888115423919305	2.237410588873603
12:117225876:T:G	0.000631132	0.0177297	-3.33548	-2.75909	12	117225876	T	G	0.005796256933235711	2.2368523716112634
12:101666900:C:T	0.00011896	0.00611256	-3.93931	-2.759	12	101666900	C	T	0.005797853496986399	2.2367327628089346
12:25182102:CT:C	0.0305944	0.000256245	4.78244	2.75875	12	25182102	CT	C	0.005802290476918895	2.2364005331401815
12:101406878:C:G	0.000449857	0.016879	-3.6249	-2.75862	12	101406878	C	G	0.005804598916148172	2.2362277835949156
12:101406887:T:C	0.000449857	0.016879	-3.6249	-2.75862	12	101406887	T	C	0.005804598916148172	2.2362277835949156
12:40068825:C:T	2.40736e-05	0.00169289	-4.25308	-2.75859	12	40068825	C	T	0.0058051317504701294	2.2361879192754746
12:95502871:C:T	1.26073e-05	0.00158659	-4.83507	-2.75858	12	95502871	C	T	0.005805309371710174	2.236174631249014
12:61249284:TATA:T	3.261e-05	0.0016612	-3.93067	-2.75855	12	61249284	TATA	T	0.005805842264830122	2.2361347674096903
12:54778287:A:G	0.000180866	0.0121958	-4.21109	-2.7585	12	54778287	A	G	0.005806730518036477	2.236068328477678
12:103815595:T:C	0.000277505	0.0195108	-4.25289	-2.75841	12	103815595	T	C	0.005808329682570133	2.2359487409206587
12:120485046:G:A	0.000137864	5.4453e-06	3.23152	2.7584	12	120485046	G	A	0.005808507392026193	2.2359354536143705
12:26905630:A:G	0.000377654	0.0246801	-4.17978	-2.75807	12	26905630	A	G	0.005814374554803926	2.2354969949520727
12:68734357:C:T	0.000154924	0.00496904	-3.46805	-2.75795	12	68734357	C	T	0.005816509392907397	2.2353375662409487
12:113922615:CTT:C	0.0136846	0.000126533	4.68352	2.75762	12	113922615	CTT	C	0.005822383841967765	2.2348991669917595
12:20878135:TTAATTCCAT:T	0.00101407	0.000197698	1.63499	2.75735	12	20878135	TTAATTCCAT	T	0.005827194187240429	2.2345405091036437
12:7742813:AAAATAAATA:A	0.0209224	0.00046222	3.81253	2.7572	12	7742813	AAAATAAATA	A	0.005829868149152647	2.2343412673238277
12:12621510:C:G	0.000197612	0.00543347	-3.31403	-2.75718	12	12621510	C	G	0.005830224760972897	2.2343147024333145
12:20879239:C:T	0.00132333	0.000258109	1.63452	2.7569	12	20879239	C	T	0.005835219391752089	2.2339428107692347
12:103291490:C:T	5.22651e-05	0.00494779	-4.55037	-2.75681	12	103291490	C	T	0.00583682562778538	2.2338232808241174
12:60851700:C:A	5.16273e-05	0.00290851	-4.03134	-2.75632	12	60851700	C	A	0.005845577685191527	2.233172563528017
12:121538203:G:A	0.000307372	0.0385768	-4.83235	-2.75625	12	121538203	G	A	0.005846828944373851	2.2330796117555365
12:44128048:G:A	0.000727307	0.000149826	1.57987	2.75602	12	44128048	G	A	0.005850941924682738	2.2327742125908703
12:20886215:A:G	0.00216152	0.000422146	1.63322	2.75563	12	20886215	A	G	0.005857922069841618	2.2322564102001494
12:20886291:G:T	0.00216152	0.000422146	1.63322	2.75563	12	20886291	G	T	0.005857922069841618	2.2322564102001494
12:3823554:C:T	0.000102823	0.00398312	-3.65681	-2.75551	12	3823554	C	T	0.005860071316483566	2.2320970986292106
12:17201186:C:T	0.00264901	0.0990716	-3.62166	-2.75537	12	17201186	C	T	0.005862579669273068	2.2319112424106646
12:27999111:A:G	0.000612259	0.00514452	-2.12853	-2.7552	12	27999111	A	G	0.0058656268273455615	2.2316855704007916
12:44663241:A:C	0.000167414	4.0092e-06	3.73188	2.75488	12	44663241	A	C	0.005871366527496569	2.231260807392633
12:58937779:A:AC	0.00934972	0.00158879	1.77238	2.75456	12	58937779	A	AC	0.005877111289777746	2.230836085348431
12:96640244:A:G	4.13809e-05	0.00755812	-5.20756	-2.75453	12	96640244	A	G	0.005877650120913314	2.230796269756971
12:88734862:G:A	0.000750235	0.0083221	-2.40628	-2.75449	12	88734862	G	A	0.005878368631694714	2.230743182861738
12:38497992:G:A	7.1695e-06	0.000366631	-3.93452	-2.75441	12	38497992	G	A	0.0058798058907738775	2.2306370109914258
12:20832950:A:AATT	0.00159009	0.0280059	-2.86862	-2.75414	12	20832950	A	AATT	0.005884658978944579	2.230278699830549
12:84232160:T:G	7.05989e-06	0.000666162	-4.5471	-2.75388	12	84232160	T	G	0.005889335735176912	2.229933687015265
12:15116931:G:A	0.000505178	0.0173351	-3.53558	-2.75385	12	15116931	G	A	0.005889875576413029	2.229893879584375
12:78130774:A:C	3.44324e-05	0.000914896	-3.27981	-2.75351	12	78130774	A	C	0.005895996894980221	2.229442753862253
12:61274920:A:AG	1.15104e-05	0.00108546	-4.54651	-2.75334	12	61274920	A	AG	0.005899059704005569	2.229217208341964
12:21055379:AGTGAAATGA:A	0.000517568	5.3674e-05	2.26621	2.75332	12	21055379	AGTGAAATGA	A	0.005899420128740603	2.2291906743348995
12:81058769:A:G	0.000207941	0.0121332	-4.06645	-2.75323	12	81058769	A	G	0.005901042285678971	2.2290712732831763
12:84393702:G:A	4.54528e-05	0.00167753	-3.6084	-2.75317	12	84393702	G	A	0.005902123946968767	2.2289916743820846
12:60499472:C:CAT	0.00099138	6.51258e-05	2.72278	2.75295	12	60499472	C	CAT	0.005906091567391194	2.2286998240650746
12:102097689:T:G	0.000109948	0.00768562	-4.2471	-2.75286	12	102097689	T	G	0.005907715377570739	2.228580436333692
12:112492671:T:C	0.000416568	0.0392567	-4.54583	-2.75273	12	112492671	T	C	0.0059100615915267775	2.228407993108452
12:123533022:A:C	0.000719449	0.00809353	-2.42034	-2.75262	12	123533022	A	C	0.005912047505381983	2.2282620848902326
12:1262356:G:A	0.000266615	0.00269665	-2.31396	-2.75205	12	1262356	G	A	0.005922347785812047	2.227506092552247
12:72557143:C:T	0.00061348	9.49064e-05	1.86626	2.75178	12	72557143	C	T	0.0059272325086313915	2.227148036277929
12:20878086:A:G	0.00100812	0.000197698	1.62911	2.75166	12	20878086	A	G	0.0059294046617906085	2.22698890951578
12:84034061:C:CAAAA	1.24869e-05	0.000727398	-4.06479	-2.75163	12	84034061	C	CAAAA	0.005929947812160151	2.2269491287252148
12:59588088:GA:G	0.00716533	0.000283407	3.23013	2.75154	12	59588088	GA	G	0.005931577532311502	2.22682978851345
12:101035291:T:C	0.000395197	0.0264412	-4.20329	-2.75113	12	101035291	T	C	0.005939006921986056	2.226286168547091
12:120572900:C:CTT	0.000198401	0.0115498	-4.06413	-2.75099	12	120572900	C	CTT	0.005941545706715411	2.226100557616364
12:76519346:C:A	1.37059e-06	1.59754e-05	-2.4558	-2.75074	12	76519346	C	A	0.005946081683544596	2.2257691290246204
12:88179802:A:T	3.12489e-05	0.0038966	-4.82587	-2.7507	12	88179802	A	T	0.005946807729361621	2.2257161027697907
12:41629698:C:T	7.60834e-05	0.00426029	-4.02526	-2.75057	12	41629698	C	T	0.005949167930045164	2.225543771861281
12:61594645:A:T	2.74034e-05	0.00100823	-3.60529	-2.75037	12	61594645	A	T	0.005952800656349451	2.225278660585654
12:110121761:C:CT	7.57348e-06	0.00137602	-5.2023	-2.75033	12	110121761	C	CT	0.005953527441437942	2.225225640250373
12:40422383:C:A	0.000421613	0.0281803	-4.20229	-2.75018	12	40422383	C	A	0.0059562535977289565	2.225026819692585
12:61296288:A:T	2.50408e-05	0.00312052	-4.82525	-2.75017	12	61296288	A	T	0.0059564353814717304	2.225013565308704
12:117180938:T:C	0.000162327	0.0113122	-4.24402	-2.74992	12	117180938	T	C	0.00596098160016625	2.2246822187104653
12:46422582:ATTTG:A	0.00433805	6.30011e-05	4.23203	2.74991	12	46422582	ATTTG	A	0.005961163513933004	2.224668965366485
12:123194625:A:AT	0.000133884	2.55138e-05	1.65775	2.74979	12	123194625	A	AT	0.00596334686936581	2.2245099283584038
12:23379878:CA:C	0.00030286	4.12745e-06	4.29561	2.74964	12	23379878	CA	C	0.005966077076984181	2.2243111401974422
12:100105151:A:G	1.02929e-05	0.00128137	-4.82423	-2.7493	12	100105151	A	G	0.00597226971801211	2.223860587015459
12:100318981:T:C	1.63957e-05	0.00114179	-4.24333	-2.74925	12	100318981	T	C	0.0059731808888610054	2.223794333094107
12:1738704:A:G	0.000102482	0.00302034	-3.38344	-2.74912	12	1738704	A	G	0.005975550519324269	2.2236220775779887
12:14080649:GT:G	0.0136255	0.00029941	3.81789	2.74904	12	14080649	GT	G	0.005977009174444368	2.2235160775430116
12:19709083:C:CT	7.65571e-05	0.00718324	-4.54147	-2.74881	12	19709083	C	CT	0.005981204595236541	2.223211341700493
12:20886464:G:A	0.00217173	0.000427155	1.62613	2.74879	12	20886464	G	A	0.005981569539806894	2.223184843931436
12:53381363:GA:G	0.00203687	1.90401e-05	4.67262	2.74857	12	53381363	GA	G	0.005985585254493637	2.2228933790302485
12:20833932:A:T	0.00179006	0.0313278	-2.86226	-2.74854	12	20833932	A	T	0.005986133040118129	2.2228536353162225
12:25199622:T:C	4.44779e-05	0.00553164	-4.82325	-2.74845	12	25199622	T	C	0.005987776668025639	2.2227344063338075
12:91810700:C:A	0.000387399	0.0143881	-3.6147	-2.74839	12	91810700	C	A	0.005988872645857987	2.222654922145245
12:39949902:C:T	9.77549e-05	0.0177171	-5.19982	-2.74835	12	39949902	C	T	0.005989603398158721	2.2226019334860743
12:19498402:T:C	3.73402e-06	0.000241511	-4.16943	-2.74831	12	19498402	T	C	0.005990334230798386	2.2225489454667997
12:51800698:T:C	0.000272314	0.015208	-4.02262	-2.74808	12	51800698	T	C	0.005994538077938243	2.2222442767738926
12:24786842:TA:T	0.0750211	0.0048061	2.74788	2.7476	12	24786842	TA	T	0.006003319887451739	2.2216085146061904
12:103906002:T:A	7.58935e-05	0.00423571	-4.02197	-2.74746	12	103906002	T	A	0.006005883431063968	2.221423101330673
12:97185286:G:A	0.000104504	0.00675279	-4.16849	-2.74742	12	97185286	G	A	0.0060066160532281825	2.2213701275488136
12:123458429:CG:C	0.050026	0.00817288	1.81172	2.74742	12	123458429	CG	C	0.0060066160532281825	2.2213701275488136
12:44025789:G:A	0.000103822	0.000750483	-1.97804	-2.74738	12	44025789	G	A	0.006007348755909665	2.2213171544068255
12:54776924:C:G	0.000183017	0.0121958	-4.19927	-2.74732	12	54776924	C	G	0.006008447960918539	2.2212376958936004
12:14101333:G:A	0.000216561	0.00589316	-3.30367	-2.74723	12	14101333	G	A	0.006010097108203087	2.221118510823211
12:42120091:A:G	1.47759e-05	0.000571204	-3.65475	-2.74721	12	42120091	A	G	0.0060104636407550425	2.221092025691922
12:1271090:C:A	8.10765e-05	0.00122671	-2.7167	-2.7472	12	1271090	C	A	0.006010646914583229	2.2210787831862655
12:53543094:G:T	2.41749e-05	0.00300142	-4.82153	-2.74698	12	53543094	G	T	0.006014680212862704	2.2207874581796747
12:102585028:A:G	0.000559635	0.00978238	-2.86105	-2.74696	12	102585028	A	G	0.006015046997226053	2.22076097504796
12:102585312:A:G	0.000559635	0.00978194	-2.86101	-2.74692	12	102585312	A	G	0.006015780626407884	2.2207080092644254
12:122019673:G:T	0.000562768	0.0326122	-4.05957	-2.74659	12	122019673	G	T	0.006021836143766127	2.2202710659648
12:101388750:G:A	0.000142006	0.00720201	-3.92625	-2.74649	12	101388750	G	A	0.006023672232920909	2.2201386675023285
12:28192511:T:A	3.20683e-05	0.00222591	-4.24005	-2.74611	12	28192511	T	A	0.006030653972397709	2.219635589816149
12:70944876:A:G	2.04905e-05	0.000786047	-3.64706	-2.746	12	70944876	A	G	0.0060326763624070035	2.219489972842205
12:45380916:G:A	2.78487e-05	0.00260462	-4.53825	-2.74592	12	45380916	G	A	0.006034147575248672	2.219384072627648
12:59478047:A:G	3.63805e-05	0.00252335	-4.23931	-2.7454	12	59478047	A	G	0.0060437183400115545	2.2186957836164463
12:89459917:G:A	0.000141954	0.00525501	-3.61143	-2.74511	12	89459917	G	A	0.0060490618197957735	2.2183119770963877
12:89459631:G:A	0.000141954	0.00525501	-3.61143	-2.74511	12	89459631	G	A	0.0060490618197957735	2.2183119770963877
12:79753504:C:CA	0.00060587	0.015954	-3.2708	-2.74495	12	79753504	C	CA	0.006052011768020069	2.2181002361707924
12:42559625:A:ATT	0.000148524	0.0054972	-3.61125	-2.74493	12	42559625	A	ATT	0.006052380602654416	2.2180737692748798
12:92467437:G:A	0.00240832	0.0762371	-3.45492	-2.74464	12	92467437	G	A	0.006057730980828309	2.2176900172586924
12:92467343:T:C	0.00240832	0.0762371	-3.45492	-2.74464	12	92467343	T	C	0.006057730980828309	2.2176900172586924
12:67826270:G:A	0.000547984	0.0124433	-3.12269	-2.74447	12	67826270	G	A	0.006060869389937038	2.217465074815399
12:71413744:T:C	9.63181e-05	0.00620413	-4.16531	-2.74443	12	71413744	T	C	0.006061608051965228	2.2174121488611513
12:41205676:C:T	6.95933e-05	0.00157974	-3.12235	-2.74416	12	41205676	C	T	0.006066596142123451	2.217054915404585
12:28432668:A:G	2.62647e-05	0.00473518	-5.19455	-2.74413	12	28432668	A	G	0.006067150602539625	2.217015224597712
12:41453551:T:C	0.00221298	0.0002309	2.26011	2.74408	12	41453551	T	C	0.006068074804673147	2.2169490740526565
12:43853332:G:A	0.000187345	0.00224259	-2.48244	-2.74368	12	43853332	G	A	0.006075472988274393	2.2164199056800493
12:20833885:T:A	0.00179911	0.0313278	-2.85721	-2.74359	12	20833885	T	A	0.00607713869886457	2.216300851613168
12:113496157:A:G	0.0246693	0.00515281	1.56602	2.74356	12	113496157	A	G	0.006077694027135439	2.2162611676439536
12:8005208:C:T	0.00535694	0.000213259	3.22364	2.74355	12	8005208	C	T	0.006077879146716495	2.2162479397341874
12:33805725:G:A	3.72399e-06	0.000347266	-4.5353	-2.74326	12	33805725	G	A	0.006083249824387053	2.2158643477447293
12:88727381:T:G	0.00069677	0.00762267	-2.39243	-2.74319	12	88727381	T	G	0.006084546835132856	2.21577176161303
12:107759794:G:C	5.39585e-05	0.00666898	-4.81701	-2.74311	12	107759794	G	C	0.006086029438126638	2.215665951290202
12:123475897:ATTTTTT:A	0.0134715	0.00229336	1.77055	2.74305	12	123475897	ATTTTTT	A	0.006087141603906533	2.2155865952274563
12:113501893:C:T	0.019708	0.00402412	1.58872	2.74302	12	113501893	C	T	0.00608769775544184	2.2155469177358813
12:123533021:A:G	0.000724647	0.00807174	-2.41044	-2.74298	12	123533021	A	G	0.00608843936201736	2.215494014973571
12:130052087:A:C	0.000386649	0.0223208	-4.05576	-2.7429	12	130052087	A	C	0.006089922819294986	2.2153882113682246
12:100347023:T:C	0.000142843	0.00987888	-4.23641	-2.74262	12	100347023	T	C	0.006095117483908724	2.215017918901787
12:51313307:C:T	5.28326e-05	0.00350242	-4.19408	-2.74242	12	51313307	C	T	0.0060988304017572	2.2147534434754026
12:20872511:C:T	0.000856586	0.000169597	1.61953	2.74241	12	20872511	C	T	0.006099016101113725	2.214740220123917
12:121644685:CACTG:C	0.000154007	4.38388e-06	3.55906	2.74171	12	121644685	CACTG	C	0.0061120277183724404	2.2138146848792086
12:100859677:G:A	7.19663e-05	0.00476637	-4.19314	-2.74153	12	100859677	G	A	0.006115377601288654	2.213576721768655
12:89168822:A:G	0.00010227	1.3706e-05	2.00978	2.74135	12	89168822	A	G	0.006118729137697622	2.21333877161246
12:27030964:A:G	3.91573e-05	0.00251346	-4.16183	-2.74114	12	27030964	A	G	0.006122641354283116	2.213061179469644
12:62830867:C:T	0.00546945	0.0631076	-2.44566	-2.74093	12	62830867	C	T	0.006126555823542912	2.2127836049588736
12:11342158:T:C	0.0103499	0.000414161	3.21848	2.74078	12	11342158	T	C	0.006129353252825363	2.2125853482462285
12:28357808:A:T	0.000450886	6.21042e-06	4.28499	2.7406	12	28357808	A	T	0.006132711686405836	2.2123474520655217
12:62503957:G:GAC	3.94275e-06	0.000485649	-4.81361	-2.7402	12	62503957	G	GAC	0.0061401808061833174	2.2118188402641117
12:16982707:G:GTATATA	7.20407e-05	0.0066947	-4.53184	-2.74015	12	16982707	G	GTATATA	0.006141115021942533	2.2117527682867575
12:51499318:T:C	7.3884e-05	0.00686498	-4.53169	-2.74002	12	51499318	T	C	0.006143544582010034	2.211580985823337
12:42270319:A:G	1.15674e-05	0.000578044	-3.91146	-2.74	12	42270319	A	G	0.006143918437300976	2.2115545583517457
12:61274133:A:G	1.16892e-05	0.00108546	-4.53109	-2.73948	12	61274133	A	G	0.006153645868941774	2.2108675002220908
12:32121591:CAAAAAT:C	0.000102763	0.00391586	-3.64036	-2.73947	12	32121591	CAAAAAT	C	0.006153833070779619	2.2108542886252103
12:8205927:T:C	0.140683	0.0282644	1.60491	2.73879	12	8205927	T	C	0.006166574833381414	2.209955993827893
12:31978714:ATTT:A	0.0318552	0.00027337	4.75813	2.73858	12	31978714	ATTT	A	0.006170514587935312	2.209678616617995
12:40961792:C:A	3.16827e-05	0.000854417	-3.29465	-2.73855	12	40961792	C	A	0.006171077595001279	2.209638992741502
12:41911532:C:G	0.000136915	0.00399153	-3.37257	-2.73854	12	41911532	C	G	0.00617126527430235	2.2096257848626264
12:41920496:C:T	8.33036e-05	0.00144309	-2.85205	-2.73853	12	41920496	C	T	0.006171452958743167	2.2096125770237287
12:59582637:TA:T	0.0143037	0.000197537	4.28235	2.73836	12	59582637	TA	T	0.006174644380735891	2.209388049879057
12:53874796:A:G	0.000454084	0.0142849	-3.44867	-2.73831	12	53874796	A	G	0.006175583317042984	2.209322014682331
12:22507624:C:A	1.69226e-05	0.00302879	-5.18727	-2.7383	12	22507624	C	A	0.006175771119731552	2.2093088077629193
12:120566762:CAA:C	0.0011123	4.46395e-05	3.21557	2.73808	12	120566762	CAA	C	0.006179904080192296	2.209018265650096
12:25212289:A:G	5.34417e-05	0.00955982	-5.18673	-2.73788	12	25212289	A	G	0.0061836634779905255	2.208754153246992
12:122437277:T:TCACACACAC	1.97344e-05	0.00242387	-4.81076	-2.73776	12	122437277	T	TCACACACAC	0.006185920104984388	2.208595693480671
12:20155023:GGAAGAGGAA:G	0.066495	0.00429324	2.74008	2.73761	12	20155023	GGAAGAGGAA	G	0.006188741931477638	2.208397626868017
12:97229518:C:CTTTTTT	0.000411144	0.0380964	-4.52893	-2.73754	12	97229518	C	CTTTTTT	0.006190059180450588	2.2083051988602915
12:3808872:G:A	0.000126599	0.0083477	-4.18872	-2.73735	12	3808872	G	A	0.006193635843173254	2.208054332713425
12:31975243:C:T	0.00030143	0.0173014	-4.05	-2.73734	12	31975243	C	T	0.006193824140115136	2.2080411296317703
12:43852238:T:C	0.000195872	0.00232787	-2.47525	-2.73731	12	43852238	T	C	0.00619438906186765	2.208001520626663
12:20922657:GTCTA:G	0.00291086	0.000393196	2.0019	2.73726	12	20922657	GTCTA	G	0.0061953307012187694	2.207935506417667
12:44398109:GT:G	7.37388e-05	0.000526787	-1.96627	-2.73695	12	44398109	GT	G	0.006201171742487083	2.2075262406282805
12:27030927:T:G	3.93317e-05	0.00251346	-4.15739	-2.73695	12	27030927	T	G	0.006201171742487083	2.2075262406282805
12:24097493:G:GT	0.00082384	6.76786e-05	2.49921	2.73691	12	24097493	G	GT	0.006201925786296078	2.207473434937605
12:58019299:A:G	7.34742e-05	0.00247622	-3.51755	-2.73674	12	58019299	A	G	0.006205131393577822	2.207249017887791
12:3800964:T:C	0.000199144	0.0184341	-4.52793	-2.73663	12	3800964	T	C	0.006207206404924219	2.207103813011699
12:104034209:C:T	6.85059e-05	0.00451297	-4.18779	-2.73647	12	104034209	C	T	0.006210225718516587	2.2068926145537398
12:49647028:A:AG	0.00160271	0.000309827	1.64344	2.73629	12	49647028	A	AG	0.006213624026836408	2.2066550285207205
12:61297039:C:G	2.54559e-05	0.00312052	-4.8088	-2.73608	12	61297039	C	G	0.006217590835914634	2.206377861184956
12:84507010:A:G	1.26921e-05	0.000835676	-4.18726	-2.73597	12	84507010	A	G	0.006219669598105659	2.2062326853302014
12:31097679:C:CAA	0.00210047	0.000136203	2.73577	2.73593	12	31097679	C	CAA	0.006220425666756186	2.2061798953095018
12:29427194:A:G	0.000100801	0.00369656	-3.60201	-2.73565	12	29427194	A	G	0.006225720464653093	2.2058103830727243
12:95149892:C:T	9.31119e-06	0.00061283	-4.18687	-2.73561	12	95149892	C	T	0.006226477195495856	2.205757598168618
12:27036587:C:T	2.68376e-05	0.00171259	-4.15596	-2.7356	12	27036587	C	T	0.006226666391145205	2.2057444020425234
12:73225620:T:C	1.5292e-05	0.000226641	-2.69604	-2.73552	12	73225620	T	C	0.0062281801426757105	2.2056388344728033
12:38206807:G:A	2.20321e-05	0.00203687	-4.52667	-2.7355	12	38206807	G	A	0.006228558632322773	2.2056124429801027
12:43470231:T:C	0.000113953	0.00417797	-3.6018	-2.73544	12	43470231	T	C	0.006229694225514281	2.205533269461351
12:43961281:CAAT:C	0.0226073	0.00374032	1.7991	2.73534	12	43961281	CAAT	C	0.006231587295060158	2.205401316794589
12:14093418:G:A	0.00122912	0.000203356	1.79909	2.73533	12	14093418	G	A	0.006231776630496654	2.2053881217477627
12:75694152:T:C	0.000428635	0.0524922	-4.80781	-2.73523	12	75694152	T	C	0.006233670269727956	2.2052561734779927
12:122020731:C:G	0.00062346	0.0356876	-4.04727	-2.7347	12	122020731	C	G	0.006243715209014805	2.204556914381892
12:121904639:TTTATTATTA:T	0.005711	0.000370717	2.73471	2.7347	12	121904639	TTTATTATTA	T	0.006243715209014805	2.204556914381892
12:10524541:C:T	0.000107731	0.00159497	-2.69497	-2.73453	12	10524541	C	T	0.006246940255915827	2.204332647511663
12:44659435:A:G	3.49677e-05	8.57031e-07	3.70871	2.73438	12	44659435	A	G	0.006249787130837671	2.2041347745722364
12:52633617:TAGCTGCCAT:T	0.0619291	0.000915425	4.21436	2.73426	12	52633617	TAGCTGCCAT	T	0.006252065471646941	2.20397648269602
12:43857315:C:CTT	0.000154211	0.00182545	-2.47126	-2.73379	12	43857315	C	CTT	0.0062609961740767075	2.203356561600266
12:109591203:C:T	0.00313319	0.000607487	1.64048	2.73349	12	109591203	C	T	0.006266702625260503	2.202960913449481
12:1437648:G:A	0.000758162	0.00622252	-2.10503	-2.73345	12	1437648	G	A	0.006267463839057389	2.2029081630806577
12:3825109:C:CT	8.83589e-05	0.00814766	-4.52408	-2.73317	12	3825109	C	CT	0.006272794666633103	2.20253892840523
12:94238488:G:GA	0.0252096	0.00425031	1.78023	2.73291	12	94238488	G	GA	0.006277748375072655	2.202196095693558
12:83281022:G:A	3.24133e-05	0.00206248	-4.15309	-2.7329	12	83281022	G	A	0.006277938972625108	2.2021829103596113
12:66079407:T:C	0.00641284	0.000346633	2.91779	2.73282	12	66079407	T	C	0.0062794639405758836	2.202077429126918
12:27039463:C:T	2.34103e-05	0.00148942	-4.15297	-2.73278	12	27039463	C	T	0.0062802265495848775	2.2020246894698188
12:20872073:A:G	0.000848102	0.000169597	1.60958	2.73278	12	20872073	A	G	0.0062802265495848775	2.2020246894698188
12:129605661:CAT:C	0.0383666	0.00119568	3.46847	2.73277	12	129605661	CAT	C	0.006280417214862799	2.2020115046554647
12:67815752:T:A	0.0184785	0.00195839	2.24449	2.7327	12	67815752	T	A	0.006281752017709547	2.2019192120741087
12:1728960:GT:G	3.86434e-05	0.00045682	-2.46991	-2.73259	12	1728960	GT	G	0.006283850080982873	2.2017741848317054
12:15106898:C:T	0.0219323	0.00032492	4.21214	2.7323	12	15106898	C	T	0.006289384362519099	2.2013918634650746
12:70939885:A:T	6.12728e-05	0.00419169	-4.22552	-2.73219	12	70939885	A	T	0.006291484720183051	2.2012468538085943
12:123475927:A:G	0.0131328	0.00226231	1.75872	2.73163	12	123475927	A	G	0.006302187241935384	2.200508697808909
12:44572617:ATC:A	0.00838539	0.000765805	2.39332	2.7315	12	44572617	ATC	A	0.006304674098347428	2.2003373580912915
12:76772017:T:C	8.80234e-05	0.00240233	-3.30659	-2.73147	12	76772017	T	C	0.006305248113707486	2.2002978191156526
12:100126343:T:C	2.59042e-05	0.000688174	-3.27964	-2.73143	12	100126343	T	C	0.0063060135406933894	2.2002451010409994
12:120102728:A:G	0.00423289	0.000227844	2.92198	2.73139	12	120102728	A	G	0.0063067790513122715	2.2001923836058075
12:96111563:A:G	0.000419763	0.0108935	-3.25623	-2.7311	12	96111563	A	G	0.0063123315051777	2.199810201324481
12:7248747:G:C	0.000281344	0.0102699	-3.5974	-2.73103	12	7248747	G	C	0.006313672411672112	2.199717955464699
12:1781423:G:A	0.00140177	0.000128085	2.39279	2.73099	12	1781423	G	A	0.006314438759056096	2.19966524442407
12:31708826:A:G	2.04334e-05	0.00116504	-4.04334	-2.73089	12	31708826	A	G	0.006316354993808611	2.1995334696200923
12:721710:CAG:C	0.0162139	0.00105482	2.7325	2.73052	12	721710	CAG	C	0.00632344961409934	2.199045937595253
12:20776264:T:A	0.00583388	0.000831834	1.9478	2.73025	12	20776264	T	A	0.006328631295000094	2.198690205512259
12:61250664:T:G	3.28909e-05	0.0016262	-3.9008	-2.72972	12	61250664	T	G	0.006338813857304694	2.197992001332989
12:103906301:G:A	5.63291e-05	0.00997157	-5.17628	-2.72952	12	103906301	G	A	0.0063426601638634445	2.197728557231364
12:123173841:A:T	1.61818e-05	0.0010255	-4.14905	-2.72908	12	123173841	A	T	0.006351129432702142	2.1971490364759263
12:15007553:T:G	0.000377969	0.0346856	-4.51927	-2.72885	12	15007553	T	G	0.006355560599721467	2.1968461359632068
12:105368140:A:G	7.2867e-05	0.00261684	-3.58109	-2.72861	12	105368140	A	G	0.006360187392296745	2.1965300884016643
12:63541688:T:C	0.000359771	0.0235012	-4.17934	-2.72849	12	63541688	T	C	0.00636250192507323	2.1963720732526615
12:97860471:G:GTA	0.00065263	0.0413205	-4.1481	-2.72819	12	97860471	G	GTA	0.00636829157349652	2.195977060555924
12:27234053:T:A	2.2286e-05	0.00393716	-5.17426	-2.7279	12	27234053	T	A	0.006373892739729224	2.195595249135846
12:102146408:T:C	1.08514e-05	0.00070834	-4.17863	-2.72782	12	102146408	T	C	0.00637543866899173	2.1954899277617463
12:14528436:CA:C	0.0269396	0.00135871	2.98707	2.72738	12	14528436	CA	C	0.006383947312636717	2.1949107059188497
12:113592471:G:A	0.000187273	0.0227182	-4.79835	-2.72713	12	113592471	G	A	0.006388786320266184	2.1945816370644744
12:611766:C:G	0.000198705	0.0135147	-4.21971	-2.72662	12	611766	C	G	0.00639866813141887	2.193910414042672
12:44098861:G:A	0.000395923	0.00279551	-1.95455	-2.72658	12	44098861	G	A	0.006399443756763976	2.1938577734952602
12:44098865:A:G	0.000395923	0.00279551	-1.95455	-2.72658	12	44098865	A	G	0.006399443756763976	2.1938577734952602
12:109587752:G:A	0.00304785	0.000517349	1.77347	2.72653	12	109587752	G	A	0.006400413407410511	2.1937919737100646
12:30452239:G:GAAACAAAC	5.55327e-05	0.00377659	-4.2196	-2.72652	12	30452239	G	GAAACAAAC	0.006400607353403095	2.1937788138729006
12:25459365:GTTA:G	0.0530001	0.00119366	3.79327	2.72625	12	25459365	GTTA	G	0.006405845894493898	2.1934235133737205
12:14527954:G:A	0.0231391	0.00151516	2.72601	2.72617	12	14527954	G	A	0.006407398795504987	2.1933182447458783
12:41905424:C:T	0.000148332	0.00426954	-3.35981	-2.72612	12	41905424	C	T	0.006408369530636431	2.1932524531521085
12:28356588:G:T	8.06179e-06	0.000439871	-3.99935	-2.72609	12	28356588	G	T	0.006408952035230789	2.1932129786753407
12:22755458:TC:T	0.131862	0.00114874	4.74309	2.72609	12	22755458	TC	T	0.006408952035230789	2.1932129786753407
12:88734223:A:G	0.00075466	0.00808381	-2.37135	-2.726	12	88734223	A	G	0.006410699834871848	2.193094557402754
12:61313617:G:A	0.000146292	0.00923975	-4.14567	-2.72589	12	61313617	G	A	0.006412836616841743	2.192949824687151
12:95177910:A:AATTTATTTA	1.93565e-05	0.00341102	-5.17174	-2.72588	12	95177910	A	AATTTATTTA	0.006413030901521088	2.1929366674072956
12:83178781:T:G	0.000793639	0.0225328	-3.3461	-2.72587	12	83178781	T	G	0.006413225191496471	2.1929235101673976
12:56306524:C:CT	0.000791153	1.10877e-05	4.26766	2.72586	12	56306524	C	CT	0.006413419486768011	2.192910352967458
12:103875828:C:T	0.000134247	0.00912346	-4.21892	-2.72586	12	103875828	C	T	0.006413419486768011	2.192910352967458
12:103875603:T:C	0.000134247	0.00912346	-4.21892	-2.72586	12	103875603	T	C	0.006413419486768011	2.192910352967458
12:1267328:A:G	0.000941738	0.000184079	1.63236	2.72583	12	1267328	A	G	0.00641400240436088	2.192870881607381
12:101672106:C:A	0.0011343	0.0299679	-3.27411	-2.72571	12	101672106	C	A	0.006416334551465892	2.1927129997632275
12:44646372:C:T	0.000522839	8.88341e-05	1.7725	2.72561	12	44646372	C	T	0.0064182785901755616	2.192581435955054
12:41636767:T:C	9.71143e-05	0.00275651	-3.34583	-2.7256	12	41636767	T	C	0.006418473023191235	2.192568279794001
12:1380617:A:C	0.000263436	0.00288226	-2.39252	-2.72552	12	1380617	A	C	0.0064200286781105585	2.192463031944021
12:67825818:C:T	0.000554302	0.0123337	-3.10238	-2.72549	12	67825818	C	T	0.006420612136160748	2.192423564659567
12:47464043:C:T	8.52926e-05	0.010326	-4.79633	-2.7254	12	47464043	C	T	0.006422362796574169	2.192305164963869
12:15117068:C:T	0.000506816	0.0168776	-3.50559	-2.72538	12	15117068	C	T	0.006422751890540821	2.1922788543599037
12:72569563:A:G	8.12945e-05	0.0015367	-2.93931	-2.72532	12	72569563	A	G	0.006423919299699693	2.192199923506968
12:41180753:G:A	7.98269e-05	0.00117	-2.6849	-2.72519	12	41180753	G	A	0.006426449341172005	2.1920289115935643
12:67816628:T:A	0.0183187	0.00195704	2.23649	2.72511	12	67816628	T	A	0.006428006735344747	2.1919236768493393
12:61594987:T:G	2.74255e-05	0.000980697	-3.57679	-2.72475	12	61594987	T	G	0.006435019212134837	2.191450152145501
12:67816358:C:T	0.0183187	0.00195839	2.2358	2.72446	12	67816358	C	T	0.006440673156333295	2.1910687393478145
12:13940468:A:G	0.049676	0.00156194	3.45959	2.72441	12	13940468	A	G	0.006441648425886703	2.191002981916824
12:49305869:G:A	0.0105707	0.00243303	1.46894	2.7244	12	49305869	G	A	0.0064418434957401755	2.1909898305504907
12:87497043:C:T	0.000664139	0.00725759	-2.39131	-2.72435	12	87497043	C	T	0.006442818924728373	2.1909240743181506
12:59580361:G:A	0.000201995	0.013705	-4.21727	-2.72428	12	59580361	G	A	0.006444184748552992	2.1908320172709823
12:17199973:T:C	0.0416423	0.00282419	2.69089	2.72395	12	17199973	T	C	0.00645062714161349	2.1903980604187145
12:73394149:C:T	0.00464794	6.22939e-05	4.31232	2.72391	12	73394149	C	T	0.006451408431346827	2.1903454625447663
12:73394185:A:G	0.00464794	6.22939e-05	4.31232	2.72391	12	73394185	A	G	0.006451408431346827	2.1903454625447663
12:40070707:C:T	2.34042e-05	0.00158711	-4.21676	-2.72379	12	40070707	C	T	0.0064537528113658635	2.1901876727585243
12:83497989:T:C	0.000347727	0.0130386	-3.62425	-2.72376	12	83497989	T	C	0.006454339026111706	2.190148226210931
12:122822011:G:A	1.44308e-05	0.000978547	-4.2167	-2.72374	12	122822011	G	A	0.006454729862554953	2.190121928712305
12:5734655:T:C	0.000673117	0.0182148	-3.29807	-2.72372	12	5734655	T	C	0.006455120720289508	2.1900956313734956
12:3264571:A:G	0.0449912	0.00375457	2.48349	2.7235	12	3264571	A	G	0.006459421560883643	2.1898063711943947
12:41180450:C:G	8.29747e-05	0.00121362	-2.68283	-2.72327	12	41180450	C	G	0.006463920650376173	2.1895039835013055
12:113789346:G:A	0.0212439	0.000617015	3.53893	2.72309	12	113789346	G	A	0.0064674436431587665	2.189267347005977
12:42274310:T:G	5.7727e-06	0.00101352	-5.16804	-2.72293	12	42274310	T	G	0.006470576642304755	2.1890570143217665
12:14363976:T:TTTTTTTTTT	2.54247e-05	0.000681308	-3.28829	-2.7229	12	14363976	T	TTTTTTTTTT	0.006471164231619533	2.18901757808213
12:108540641:CA:C	7.96009e-06	0.000501135	-4.14243	-2.72284	12	108540641	CA	C	0.006472339554253603	2.1889387066815758
12:1434424:G:A	0.000604021	0.0049007	-2.09352	-2.7228	12	1434424	G	A	0.006473123209357206	2.188886126546923
12:14090254:T:C	9.63359e-05	0.00606357	-4.14221	-2.72263	12	14090254	T	C	0.006476454695876294	2.1886626681061485
12:81101847:T:A	0.000128352	0.0039748	-3.43295	-2.72238	12	81101847	T	A	0.0064813567427361995	2.18833407372693
12:20465138:C:G	0.000689193	0.0177221	-3.24705	-2.72237	12	20465138	C	G	0.006481552894016348	2.1883209304711366
12:71227082:C:A	8.7073e-05	0.00792744	-4.51134	-2.72171	12	71227082	C	A	0.006494510691353273	2.1874535639212453
12:59579539:C:G	0.000202593	0.013705	-4.21431	-2.72145	12	59579539	C	G	0.006499621672792358	2.1871119218495214
12:123348163:TA:T	6.88037e-06	0.000446107	-4.17189	-2.72144	12	123348163	TA	T	0.006499818321234201	2.18709878230917
12:20841884:GTTT:G	0.0154476	0.0021112	1.9902	2.72135	12	20841884	GTTT	G	0.006501588398054296	2.186980528243766
12:23786146:G:A	0.0203084	0.000196167	4.63982	2.72133	12	23786146	G	A	0.006501981807337174	2.186954250002016
12:41638074:C:T	9.08074e-05	0.00512636	-4.03341	-2.7213	12	41638074	C	T	0.006502571961410266	2.1869148329390162
12:96638242:GTATA:G	0.00112386	4.62033e-05	3.19148	2.72129	12	96638242	GTATA	G	0.006502768690141463	2.1869016939979176
12:31312386:TTCTAGGAAT:T	0.0255509	0.000383284	4.19965	2.72125	12	31312386	TTCTAGGAAT	T	0.006503555658603865	2.1868491386330184
12:120463130:C:CTGG	0.00523097	0.000215123	3.19114	2.72098	12	120463130	C	CTGG	0.006508869936835487	2.186494406638944
12:61196929:TAC:T	0.00204597	2.88415e-05	4.26181	2.72089	12	61196929	TAC	T	0.006510642230711593	2.1863761691127523
12:83497996:T:C	0.000347727	0.0129988	-3.62119	-2.72078	12	83497996	T	C	0.006512808957134731	2.186231660975167
12:59579726:T:C	0.000202734	0.013705	-4.21362	-2.72078	12	59579726	T	C	0.006512808957134731	2.186231660975167
12:101405493:C:T	0.000428801	0.0154896	-3.58693	-2.72053	12	101405493	C	T	0.006517735747661936	2.1859032513668364
12:99083847:T:C	0.00188533	0.000202436	2.23143	2.72031	12	99083847	T	C	0.006522074096043402	2.1856142715650226
12:121900660:C:T	0.00496208	0.000326906	2.71991	2.72019	12	121900660	C	T	0.006524441562464554	2.185456654368064
12:114146480:G:C	0.00355719	0.000380439	2.2354	2.72003	12	114146480	G	C	0.006527599386718953	2.1852465070538463
12:14530882:T:C	0.022358	0.00147338	2.71963	2.71992	12	14530882	T	C	0.006529771188237603	2.185102036707597
12:42360374:A:G	3.16885e-05	5.41788e-06	1.76625	2.7197	12	42360374	A	G	0.006534116741086441	2.184813110516116
12:17124409:G:A	0.00591588	0.000147442	3.69196	2.71956	12	17124409	G	A	0.006536883446986382	2.1846292584610247
12:85072235:A:AT	4.93903e-05	0.00309806	-4.13878	-2.71939	12	85072235	A	AT	0.006540244434905462	2.184406020063064
12:116279577:G:A	4.93252e-05	0.00861631	-5.16298	-2.71887	12	116279577	G	A	0.006550534753927887	2.1837232448631334
12:103817180:C:T	0.0129197	0.000297786	3.77013	2.71872	12	103817180	C	T	0.006553505819958955	2.183526310551537
12:61030908:T:C	6.88281e-05	0.00826753	-4.78848	-2.71868	12	61030908	T	C	0.006554298308887903	2.1834737962530557
12:14363205:TA:T	2.76865e-05	0.000653693	-3.16169	-2.71863	12	14363205	TA	T	0.006555289041248596	2.1834081542787325
12:72559101:C:T	0.000621952	9.95214e-05	1.83249	2.71789	12	72559101	C	T	0.006569967635593466	2.182436769818878
12:20765602:G:A	0.000597281	0.0101311	-2.83098	-2.71789	12	20765602	G	A	0.006569967635593466	2.182436769818878
12:44898892:G:A	6.16622e-06	0.00034686	-4.02984	-2.71785	12	44898892	G	A	0.006570761914535893	2.182384268782175
12:99074034:C:T	0.00154617	0.00021878	1.95547	2.71755	12	99074034	C	T	0.006576721759696394	2.181990531378482
12:62574500:T:C	0.000765835	4.18549e-05	2.90676	2.71689	12	62574500	T	C	0.006589850534011885	2.181124435632092
12:73999220:TA:T	0.00038112	5.15235e-06	4.30366	2.71686	12	73999220	TA	T	0.006590447856068002	2.18108507177774
12:1394196:C:T	0.0163023	0.0017569	2.22775	2.71682	12	1394196	C	T	0.0065912443612123955	2.181032587197804
12:3810707:GAGAGA:G	0.0078129	0.00011781	4.19446	2.71665	12	3810707	GAGAGA	G	0.006594630473894473	2.1808095348628402
12:76060081:G:A	0.000295658	0.0267661	-4.50569	-2.71663	12	76060081	G	A	0.006595028942915086	2.180783294170576
12:61257945:CAAG:C	0.00178308	2.68938e-05	4.1942	2.71642	12	61257945	CAAG	C	0.006599214174971568	2.1805077765478766
12:113244225:T:C	0.00076338	0.000157091	1.58093	2.71612	12	113244225	T	C	0.006605197220891692	2.1801142104996813
12:81647077:C:T	0.000125664	0.00785199	-4.13491	-2.71574	12	81647077	C	T	0.006612782747636576	2.1796157451097917
12:41924165:C:A	0.000790515	8.49228e-05	2.23094	2.71569	12	41924165	C	A	0.0066137814261833005	2.1795501618521653
12:114363529:C:T	0.000589011	0.0379511	-4.16561	-2.71551	12	114363529	C	T	0.00661737779195193	2.1793140703924623
12:74432043:T:A	0.00232322	0.000406955	1.74201	2.7155	12	74432043	T	A	0.006617577641598537	2.179300954579693
12:43097605:A:G	0.00667771	0.000274619	3.19115	2.7155	12	43097605	A	G	0.006617577641598537	2.179300954579693
12:62567100:A:G	1.11762e-05	0.000314087	-3.33589	-2.71544	12	62567100	A	G	0.006618776853449413	2.179222260541831
12:76581130:C:G	7.31797e-05	0.00359277	-3.89376	-2.71538	12	76581130	C	G	0.00661997626069949	2.179143567941826
12:4820439:G:C	0.00913147	0.000129588	4.25512	2.7152	12	4820439	G	C	0.0066235756551200455	2.178907498768923
12:20724154:A:G	0.00542139	0.0498219	-2.2181	-2.71499	12	20724154	A	G	0.00662777717258102	2.178632101089337
12:7616435:ATCT:A	0.00754963	7.34957e-05	4.63203	2.71486	12	7616435	ATCT	A	0.00663037931268791	2.178461625638194
12:20889094:GTT:G	0.00267971	0.000452935	1.77772	2.71486	12	20889094	GTT	G	0.00663037931268791	2.178461625638194
12:21341457:AT:A	0.0540739	0.0111448	1.57938	2.71466	12	21341457	AT	A	0.006634384398857206	2.1781993688933996
12:119982866:T:C	0.00245907	0.000356101	1.93232	2.71457	12	119982866	T	C	0.006636187397192135	2.178081358570319
12:20723760:T:C	0.00542514	0.0498219	-2.21741	-2.71437	12	20723760	T	C	0.0066401956375602405	2.177819124990233
12:30512850:G:T	0.00519758	0.000344548	2.71372	2.71413	12	30512850	G	T	0.006645008399151344	2.1775044657817797
12:76156758:A:G	0.000569253	0.00553899	-2.27524	-2.71401	12	76156758	A	G	0.006647415955840968	2.177347144804254
12:106522315:G:A	0.000104305	0.00274189	-3.26909	-2.71397	12	106522315	G	A	0.006648218648998532	2.1772947057564345
12:45386486:TTCTGTCATA:T	0.00233068	3.52596e-05	4.19118	2.71374	12	45386486	TTCTGTCATA	T	0.0066528358260466635	2.1769931936322227
12:89781188:G:A	0.00158551	5.04569e-05	3.44754	2.71306	12	89781188	G	A	0.006666503476886444	2.176101890048955
12:67133357:CT:C	0.0141403	0.00291947	1.57763	2.713	12	67133357	CT	C	0.006667710657199117	2.1760232544811418
12:100865263:C:T	0.000113937	0.00613042	-3.98537	-2.7129	12	100865263	C	T	0.006669723061113462	2.175892198396373
12:115976068:T:A	0.0172344	0.000432926	3.6841	2.7126	12	115976068	T	A	0.006675763549483271	2.175499054103819
12:19653908:A:G	0.0210731	0.00086838	3.18912	2.71258	12	19653908	A	G	0.006676166423518713	2.1754728457622683
12:23783464:G:A	0.000289451	0.0180164	-4.13105	-2.7121	12	23783464	G	A	0.0066858419598726905	2.1748438934877536
12:48466117:A:T	0.000174374	0.020781	-4.78059	-2.71192	12	48466117	A	T	0.006689473534684934	2.174608060106332
12:41454384:G:A	0.00213923	0.00023072	2.227	2.71185	12	41454384	G	A	0.006690886292602801	2.1745163506189646
12:122004475:C:A	0.000777496	0.0483746	-4.13065	-2.71172	12	122004475	C	A	0.006693510697485987	2.1743460381910684
12:131766167:G:C	2.3995e-05	0.00216022	-4.50012	-2.71162	12	131766167	G	C	0.006695530100119194	2.1742150332236103
12:59582552:T:C	0.000205555	0.0131892	-4.16144	-2.71157	12	59582552	T	C	0.006696540006800087	2.174149532237418
12:69762938:AT:A	0.00247828	3.7603e-05	4.18824	2.71114	12	69762938	AT	A	0.006705230858441704	2.1735862649680353
12:85069516:G:A	0.00630975	9.57433e-05	4.18818	2.71109	12	85069516	G	A	0.006706242080321705	2.1735207735659645
12:41454368:G:A	0.00213923	0.0002309	2.22622	2.71109	12	41454368	G	A	0.006706242080321705	2.1735207735659645
12:83437533:C:T	3.44357e-05	0.00595594	-5.15305	-2.71094	12	83437533	C	T	0.006709276568535725	2.173324305349756
12:83437369:C:T	3.44357e-05	0.00595594	-5.15305	-2.71094	12	83437369	C	T	0.006709276568535725	2.173324305349756
12:20884961:G:A	0.00206372	0.000422146	1.58692	2.71088	12	20884961	G	A	0.006710490709372554	2.173245720579066
12:99693192:C:G	0.000126449	0.00845819	-4.20305	-2.71065	12	99693192	C	G	0.006715146745769719	2.1729444922757315
12:51008302:G:GGT	5.56492e-05	0.00662169	-4.77904	-2.71059	12	51008302	G	GGT	0.006716361841444456	2.1728659144533617
12:39947697:G:GTCGC	0.000116531	0.00625179	-3.98246	-2.71014	12	39947697	G	GTCGC	0.006725481360495385	2.1722766266079985
12:19498601:C:T	3.88822e-06	0.000241511	-4.12897	-2.71013	12	19498601	C	T	0.006725684142829949	2.1722635322409842
12:19653671:A:G	0.0210731	0.000870592	3.18658	2.71011	12	19653671	A	G	0.006726089723986421	2.1722373436267515
12:49657836:G:C	0.000145243	0.00121407	-2.12332	-2.71009	12	49657836	G	C	0.006726495327126879	2.1722111551722456
12:15119593:T:A	0.00435494	0.00023973	2.89955	2.71002	12	15119593	T	A	0.006727915111257243	2.172119496839326
12:61660377:CA:C	0.00282747	2.51147e-05	4.72369	2.70999	12	61660377	CA	C	0.0067285236726250105	2.172080215295621
12:75119370:C:CTG	0.0159374	0.000882586	2.89357	2.70986	12	75119370	C	CTG	0.0067311613436741805	2.1719099994257833
12:41455054:A:G	0.000112052	0.00262005	-3.15199	-2.70966	12	41455054	A	G	0.006735221113974242	2.1716481420341536
12:86871181:C:A	0.000100985	0.00285773	-3.34281	-2.70958	12	86871181	C	A	0.006736845638236972	2.171543403549789
12:123177860:A:AC	1.45342e-06	1.62304e-05	-2.41297	-2.70929	12	123177860	A	AC	0.006742737491435746	2.1711637479668604
12:41919944:G:GA	8.58397e-05	0.00144293	-2.82195	-2.70905	12	41919944	G	GA	0.006747617009908899	2.1708495756388553
12:84400193:G:C	0.000578139	5.40576e-05	2.36976	2.70884	12	84400193	G	C	0.006751889191821153	2.1705746937188213
12:1779538:G:GAT	7.97925e-05	0.00947455	-4.77693	-2.70879	12	1779538	G	GAT	0.006752906736249221	2.1705092482380617
12:6999977:T:G	2.68578e-05	0.000999184	-3.61638	-2.70832	12	6999977	T	G	0.00676247839296824	2.16989410951268
12:43470355:A:C	0.000114688	0.00409224	-3.57464	-2.70819	12	43470355	A	C	0.006765128024351744	2.16972398033119
12:30743346:T:C	0.000131178	0.00345882	-3.27212	-2.70805	12	30743346	T	C	0.0067679825169629235	2.169540771836104
12:74388171:AAAAC:A	0.00238043	0.000158827	2.70722	2.70776	12	74388171	AAAAC	A	0.006773898838229179	2.1691612934201903
12:113496160:C:T	0.0245626	0.00534207	1.52561	2.70722	12	113496160	C	T	0.006784927823300944	2.1684547679171176
12:49798226:T:C	0.000981314	0.0299338	-3.41785	-2.70708	12	49798226	T	C	0.006787789822822267	2.1682716136439426
12:91186582:T:C	0.000676493	1.5556e-05	3.77248	2.707	12	91186582	T	C	0.006789425738185571	2.1681669575728377
12:51417611:G:C	0.000289606	0.017928	-4.1256	-2.70695	12	51417611	G	C	0.006790448365207577	2.168101548826017
12:100861398:T:A	7.28314e-05	0.00464968	-4.15641	-2.70681	12	100861398	T	A	0.00679331245731196	2.1679184096451554
12:52451099:T:G	0.025004	0.00167024	2.70607	2.70663	12	52451099	T	G	0.006796996456609023	2.167682956482851
12:100866109:G:A	0.000114702	0.00613042	-3.97868	-2.70657	12	100866109	G	A	0.0067982248552835136	2.1676044749701013
12:108996157:C:G	0.00538562	0.00110663	1.58242	2.70653	12	108996157	C	G	0.006799043898565346	2.1675521547601226
12:117632442:G:A	9.27021e-05	0.00617317	-4.19858	-2.70637	12	117632442	G	A	0.0068023209585296425	2.167342880308352
12:60140802:T:G	0.000486864	3.3664e-05	2.67156	2.70636	12	60140802	T	G	0.006802525821898334	2.1673298009944855
12:12618666:A:G	0.000139911	0.00931631	-4.19852	-2.70631	12	12618666	A	G	0.006803550221910612	2.167264405024038
12:49030833:G:A	1.33684e-05	0.000377027	-3.33942	-2.70628	12	49030833	G	A	0.006804164928457703	2.1672251679208765
12:59474457:G:A	1.32244e-05	0.000342756	-3.25495	-2.70587	12	59474457	G	A	0.006812570921413011	2.166688963523669
12:23785460:A:C	0.0203084	0.000199887	4.62103	2.70573	12	23785460	A	C	0.006815443397066916	2.166505884710393
12:61202500:G:A	3.55655e-05	0.00318096	-4.49356	-2.70573	12	61202500	G	A	0.006815443397066916	2.166505884710393
12:77531332:G:C	0.000110689	0.00736292	-4.19749	-2.70533	12	77531332	G	C	0.0068236564683674655	2.1659828455052215
12:118682891:C:T	3.20287e-05	0.00549869	-5.14563	-2.705	12	118682891	C	T	0.006830438946163764	2.1655513862494584
12:104032880:A:ATT	6.95699e-05	0.00337856	-3.88287	-2.70496	12	104032880	A	ATT	0.00683126147618395	2.165499091112198
12:90444916:C:G	1.86371e-05	0.000470397	-3.22842	-2.70468	12	90444916	C	G	0.006837021678825742	2.1651330430370006
12:92093586:T:C	0.000586681	0.00981398	-2.81708	-2.70428	12	92093586	T	C	0.0068452581105038785	2.164610171510392
12:84729274:A:G	6.5543e-05	0.0041724	-4.15354	-2.7041	12	84729274	A	G	0.0068489674125408245	2.1643749001629113
12:129607989:C:T	0.00028181	0.0332622	-4.77094	-2.70366	12	129607989	C	T	0.006858042199442584	2.16379984687802
12:59478824:A:C	3.80118e-05	0.00252335	-4.19544	-2.70337	12	59478824	A	C	0.00686402921418791	2.163420876742451
12:104837415:T:C	5.6085e-05	0.00144994	-3.25241	-2.70324	12	104837415	T	C	0.006866714572425117	2.1632510044766295
12:101897519:C:CT	0.000169076	0.015079	-4.49071	-2.70316	12	101897519	C	CT	0.006868367569689199	2.163146471050993
12:5204837:A:C	0.00158595	0.0762746	-3.87316	-2.70304	12	5204837	A	C	0.006870847735926053	2.1629896757029896
12:62477629:C:CT	0.000933813	3.66335e-05	3.23831	2.70303	12	62477629	C	CT	0.006871054452761848	2.1629766096834713
12:16636005:A:C	0.000287869	0.0106454	-3.61038	-2.70223	12	16636005	A	C	0.006887609914879371	2.1619314574621624
12:44011659:T:TATACATAC	0.000470138	0.000102828	1.51997	2.70215	12	44011659	T	TATACATAC	0.0068892674305305246	2.16182695629163
12:83208271:C:A	0.00293137	0.00016272	2.8912	2.70206	12	83208271	C	A	0.006891132563978297	2.1617093955285682
12:83208259:G:A	0.00293137	0.00016272	2.8912	2.70206	12	83208259	G	A	0.006891132563978297	2.1617093955285682
12:33016104:T:G	2.55407e-05	0.00227503	-4.48948	-2.70205	12	33016104	T	G	0.006891339829028061	2.1616963334211547
12:39700737:C:T	0.000659286	2.75148e-05	3.17643	2.7019	12	39700737	C	T	0.006894449476905345	2.1615004066001795
12:75686482:C:G	0.0841423	0.00121309	4.23934	2.70177	12	75686482	C	G	0.006897145524693959	2.16133061062048
12:56811743:G:C	0.000315378	0.00825859	-3.26524	-2.70172	12	56811743	G	C	0.006898182718321673	2.161265306270762
12:68450785:T:A	0.00167933	0.0465595	-3.32234	-2.70161	12	68450785	T	A	0.006900465037547348	2.16112164021417
12:64494321:AAG:A	0.0102181	0.000240113	3.75081	2.70119	12	64494321	AAG	A	0.006909185588555391	2.1605731415174385
12:120484205:C:T	5.36749e-06	0.000162748	-3.41184	-2.70099	12	120484205	C	T	0.006913341710565323	2.1603119764106005
12:11341432:A:T	0.000358566	0.031898	-4.48819	-2.70089	12	11341432	A	T	0.0069154206136556075	2.160181399844722
12:129906479:C:A	0.00298172	0.069045	-3.14226	-2.70065	12	129906479	C	A	0.006920412272505428	2.159868032372606
12:77524254:G:A	0.000106891	0.00707438	-4.19243	-2.70048	12	77524254	G	A	0.006923949988898799	2.1596460776573783
12:83209173:A:G	0.00296597	0.000164987	2.88909	2.70006	12	83209173	A	G	0.006932697195190365	2.159097768404983
12:74554736:A:G	0.000141764	0.00135982	-2.26095	-2.69996	12	74554736	A	G	0.006934781325886324	2.1589672289610227
12:19162573:TA:T	0.00608027	0.000408724	2.69977	2.69991	12	19162573	TA	T	0.006935823602269702	2.158901960735864
12:15119924:T:C	0.00430796	0.000239778	2.88851	2.6995	12	15119924	T	C	0.006944375577758537	2.1583667989293263
12:117610892:T:A	5.44279e-05	0.00483435	-4.48662	-2.69949	12	117610892	T	A	0.006944584280800942	2.158353747040545
12:94986086:C:CTAAATAAA	7.40961e-05	0.00870006	-4.76572	-2.69919	12	94986086	C	CTAAATAAA	0.006950847992469996	2.157962208937252
12:10250488:A:T	0.000596624	9.17646e-06	4.17464	2.69911	12	10250488	A	T	0.006952519172401003	2.1578578048433097
12:93970828:CAA:C	0.0104767	0.00154073	1.9169	2.69893	12	93970828	CAA	C	0.006956280646869956	2.1576229049717552
12:42358296:C:A	3.35192e-05	5.85888e-06	1.74416	2.69884	12	42358296	C	A	0.006958162069480073	2.157505459885475
12:13744486:T:C	0.000309177	0.00864922	-3.33131	-2.69838	12	13744486	T	C	0.006967785369335552	2.15690523549018
12:95178042:A:C	1.87056e-05	0.00219346	-4.76441	-2.69806	12	95178042	A	C	0.006974486887455152	2.1564877378957776
12:89593794:A:G	9.86897e-05	0.00651409	-4.18974	-2.6979	12	89593794	A	G	0.00697783981691414	2.156279004424847
12:81650168:C:G	0.000148351	0.00909282	-4.11566	-2.69757	12	81650168	C	G	0.006984759806503427	2.1558485239096745
12:75697571:T:C	0.00107162	0.0394452	-3.60574	-2.69752	12	75697571	T	C	0.006985808827284856	2.155783303380779
12:43677640:C:T	0.000164471	0.00792474	-3.87501	-2.69743	12	43677640	C	T	0.006987697421275601	2.1556659089431713
12:64243368:T:G	0.00195636	6.33033e-05	3.4309	2.69739	12	64243368	T	G	0.006988536943564887	2.155613734675254
12:866068:T:TTGC	0.000626064	2.02614e-05	3.43073	2.69724	12	866068	T	TTGC	0.0069916859589969245	2.155418086857874
12:38401283:C:T	5.43103e-06	0.000481088	-4.48392	-2.69706	12	38401283	C	T	0.006995466459637527	2.1551833213304974
12:99930172:G:C	0.00121908	0.000179622	1.915	2.69701	12	99930172	G	C	0.006996516924463721	2.1551181109788575
12:38205832:C:T	2.20358e-05	0.00195181	-4.48384	-2.69698	12	38205832	C	T	0.006997147271357712	2.155078985246798
12:113511536:T:C	0.0636134	0.0150702	1.44011	2.69677	12	113511536	T	C	0.007001561127900421	2.154805115179751
12:87929811:C:A	0.00561315	0.000827832	1.91406	2.69606	12	87929811	C	A	0.007016502691352869	2.153879303869506
12:103341142:A:G	0.000696401	0.0174151	-3.21917	-2.69588	12	103341142	A	G	0.007020295240481304	2.1536446231101327
12:41210873:CA:C	0.00175473	0.000245944	1.96497	2.6956	12	41210873	CA	C	0.007026198420531077	2.1532795898521395
12:112568208:CAAAAAAAA:C	0.046383	0.0025925	2.88431	2.69551	12	112568208	CAAAAAAAA	C	0.0070280968177112955	2.1531622643782016
12:58536585:A:G	0.000100739	0.00348616	-3.54402	-2.69529	12	58536585	A	G	0.007032739283413089	2.1528754823838057
12:44398217:A:G	6.66038e-05	0.000546804	-2.10533	-2.69478	12	44398217	A	G	0.007043511956041954	2.15221074386616
12:59581567:T:C	0.000198149	0.0124885	-4.14354	-2.69465	12	59581567	T	C	0.007046260300284169	2.1520413173158666
12:100315535:T:A	6.32438e-05	0.00301479	-3.86429	-2.69449	12	100315535	T	A	0.007049644199730355	2.1518328015891854
12:74831874:CA:C	0.00208804	2.0834e-05	4.6074	2.69441	12	74831874	CA	C	0.007051336696610477	2.151728547556844
12:63323083:C:T	0.000152736	0.0100434	-4.18595	-2.69427	12	63323083	C	T	0.00705429944414011	2.1515461091457757
12:100867455:G:A	0.000116246	0.00613042	-3.96531	-2.69394	12	100867455	G	A	0.007061287486504489	2.1511161066951514
12:103817051:AG:A	0.0127703	0.00030249	3.74283	2.69394	12	103817051	AG	A	0.007061287486504489	2.1511161066951514
12:20418750:G:A	0.0234801	0.00173173	2.60703	2.69378	12	20418750	G	A	0.007064677865182097	2.150907636301396
12:25414071:T:A	0.000213539	0.0188452	-4.48019	-2.69371	12	25414071	T	A	0.007066161615421322	2.1508164337164866
12:64762816:G:C	1.22664e-06	0.000143071	-4.75906	-2.69348	12	64762816	G	C	0.007071038765056434	2.150516781847521
12:19657360:T:A	0.000581576	0.0204484	-3.55992	-2.69342	12	19657360	T	A	0.007072311561952366	2.1504386152664496
12:76579610:GGACAGGATA:G	8.48052e-05	0.00310895	-3.60168	-2.69341	12	76579610	GGACAGGATA	G	0.007072523714766895	2.1504255876426033
12:123539776:C:CT	0.00559182	0.00116474	1.5688	2.69338	12	123539776	C	CT	0.0070731602074963415	2.150386505010491
12:10250656:A:G	0.000596624	9.2361e-06	4.16817	2.69338	12	10250656	A	G	0.0070731602074963415	2.150386505010491
12:42419144:T:C	5.22303e-06	0.000119963	-3.1341	-2.69311	12	42419144	T	C	0.007078890956912505	2.150034777482695
12:113356155:A:C	0.00248501	0.0255665	-2.331	-2.6931	12	113356155	A	C	0.007079103286929636	2.1500217510958777
12:51417621:G:A	0.00029028	0.0177054	-4.11078	-2.69297	12	51417621	G	A	0.007081864097569223	2.1498524116985065
12:61313010:T:G	0.00018283	0.0111489	-4.11054	-2.69275	12	61313010	T	G	0.007086538441029218	2.149565852696626
12:67136492:AAT:A	0.0127885	0.00269766	1.55616	2.69271	12	67136492	AAT	A	0.007087388619212087	2.1495137531348987
12:90601076:TCA:T	0.00721107	0.000234526	3.42581	2.6926	12	90601076	TCA	T	0.007089727081430652	2.149370482632165
12:116941880:C:G	0.000149722	0.0131921	-4.4786	-2.69227	12	116941880	C	G	0.007096746625128084	2.148940700093512
12:78124730:A:C	0.000138453	0.00843353	-4.10944	-2.69171	12	78124730	A	C	0.007108672858187764	2.1482114715859386
12:84800774:TTTTTTG:T	0.00947297	0.000644388	2.6879	2.69166	12	84800774	TTTTTTG	T	0.007109738574944504	2.1481463679828012
12:125770814:T:G	0.00268058	0.000182362	2.68779	2.69156	12	125770814	T	G	0.007111870438785675	2.148016163769139
12:20765889:G:C	0.000534295	0.0138686	-3.25644	-2.69141	12	20765889	G	C	0.007115069310616233	2.147820864930146
12:20764521:C:T	0.000762503	0.0125868	-2.8038	-2.69126	12	20764521	C	T	0.007118269474128836	2.147625575068906
12:62830767:G:A	0.00570034	0.0624513	-2.39386	-2.69081	12	62830767	G	A	0.007127877719255054	2.147039759351133
12:93966819:A:C	0.00646713	0.00135099	1.56589	2.69056	12	93966819	A	C	0.007133220662640275	2.1467143410873004
12:100845623:A:G	0.00464001	0.000110363	3.7387	2.6902	12	100845623	A	G	0.007140920817499858	2.146245782597201
12:20871905:A:T	0.000811355	0.000169597	1.56528	2.68997	12	20871905	A	T	0.0071458442665749125	2.1459464528556826
12:110273596:CT:C	6.99617e-05	7.01911e-07	4.6019	2.68984	12	110273596	CT	C	0.007148628433356038	2.1457772758163594
12:88736858:G:A	0.00110398	0.0113099	-2.32676	-2.68964	12	88736858	G	A	0.007152913668345217	2.1455170166146704
12:61301889:T:C	4.03991e-05	0.00469067	-4.75452	-2.6896	12	61301889	T	C	0.007153770992001001	2.1454649666894503
12:20871511:C:G	0.000810953	0.000169597	1.56479	2.68949	12	20871511	C	G	0.00715612910768888	2.145321832686687
12:132404985:A:AG	0.000543845	0.019859	-3.59775	-2.68942	12	132404985	A	AG	0.007157630090036493	2.1452307499257732
12:73352388:A:AT	0.000183568	0.00302438	-2.80188	-2.68938	12	73352388	A	AT	0.007158487921114118	2.1451787035115744
12:123532754:T:TG	0.00582503	0.00123329	1.55248	2.68923	12	123532754	T	TG	0.007161705609649992	2.144983535143755
12:63488234:G:A	0.000309827	0.0202638	-4.18058	-2.68912	12	63488234	G	A	0.007164066072979849	2.144840417379368
12:102147889:A:G	9.79952e-06	0.000613738	-4.13723	-2.68869	12	102147889	A	G	0.007173300040942022	2.144281003348274
12:23846648:TATC:T	0.0306406	0.00100092	3.42141	2.68845	12	23846648	TATC	T	0.007178458527651873	2.1439688043381206
12:105072133:A:G	0.000857935	0.0219587	-3.24239	-2.68829	12	105072133	A	G	0.007181899368385317	2.143760684431492
12:33013581:G:A	2.66678e-05	0.00233934	-4.47416	-2.68828	12	33013581	G	A	0.007182114470076543	2.143747677276444
12:81859836:G:A	4.91308e-05	0.00298172	-4.10577	-2.68825	12	81859836	G	A	0.007182759809846426	2.143708656050676
12:27030523:G:A	4.08783e-05	0.00248072	-4.1057	-2.68819	12	27030523	G	A	0.007184050645531236	2.1436306146763284
12:67815352:C:G	0.0184785	0.0020528	2.1974	2.68801	12	67815352	C	G	0.007187924402006337	2.143396499170763
12:86871615:T:C	0.000104455	0.00289113	-3.32065	-2.688	12	86871615	T	C	0.007188139665661374	2.1433834931327955
12:83210173:A:G	0.00292736	0.000164951	2.87621	2.68779	12	83210173	A	G	0.007192661539273881	2.1431103755513043
12:67815208:G:T	0.0184785	0.00205419	2.19673	2.68736	12	67815208	G	T	0.007201928581078055	2.142551189684741
12:61255569:T:C	2.51582e-05	0.0013175	-3.9583	-2.68733	12	61255569	T	C	0.007202575518606248	2.1425121794700366
12:125777597:T:C	0.00625555	8.77079e-05	4.26721	2.68714	12	125777597	T	C	0.007206674000995653	2.142265123114815
12:76518106:G:A	1.3483e-06	1.47101e-05	-2.3897	-2.68678	12	76518106	G	A	0.007214445287248538	2.1417970558315265
12:69752340:T:C	4.81267e-05	0.00807587	-5.1228	-2.68674	12	69752340	T	C	0.007215309227602864	2.141745051547096
12:105021158:G:A	0.000235968	0.0395947	-5.12275	-2.6867	12	105021158	G	A	0.0072161732608094905	2.1416930479009606
12:45382965:C:T	3.1613e-05	0.00276769	-4.4722	-2.68652	12	45382965	C	T	0.007220062559517226	2.1414590393922146
12:76590647:A:G	3.84674e-05	0.00183247	-3.86361	-2.68651	12	76590647	A	G	0.0072202786868195545	2.1414460392984918
12:91194146:T:C	1.25233e-05	0.00144869	-4.75083	-2.68643	12	91194146	T	C	0.0072220079142784836	2.1413420399848513
12:42795718:CAAA:C	0.00310048	0.000123708	3.22139	2.6864	12	42795718	CAAA	C	0.0072226564703945515	2.1413030409004694
12:55791860:C:T	1.82082e-05	0.00118751	-4.17774	-2.6864	12	55791860	C	T	0.0072226564703945515	2.1413030409004694
12:42970570:T:TACAC	0.000173121	0.0200208	-4.75054	-2.68618	12	42970570	T	TACAC	0.007227414145968598	2.1410170585855015
12:18965807:C:T	0.0344884	0.00256485	2.59873	2.68616	12	18965807	C	T	0.007227846801367444	2.1409910611506544
12:99489754:G:C	8.48062e-05	0.00400693	-3.85541	-2.68592	12	99489754	G	C	0.007233040479513412	2.140679104378881
12:76581871:C:A	7.43542e-05	0.00353845	-3.8626	-2.68555	12	76581871	C	A	0.007241053962075013	2.140198216040483
12:38507641:T:C	1.55883e-05	0.000736143	-3.85491	-2.68543	12	38507641	T	C	0.007243654639928203	2.1400422639831764
12:83580092:T:C	8.6675e-06	0.00100139	-4.74957	-2.68535	12	83580092	T	C	0.00724538889082022	2.1399382991362716
12:109589788:C:T	0.0029771	0.000607487	1.58937	2.68527	12	109589788	C	T	0.007247123514317914	2.139834336842396
12:61297547:C:T	2.64517e-05	0.00305542	-4.74935	-2.68516	12	61297547	C	T	0.007249509230149084	2.139691392856923
12:7742812:AAAATAAATA:A	0.014617	0.00044233	3.49788	2.68513	12	7742812	AAAATAAATA	A	0.007250160002228662	2.1396524089713185
12:1379790:T:C	0.000302247	0.00285571	-2.24583	-2.68511	12	1379790	T	C	0.007250593879406115	2.139626419913703
12:46990148:T:C	7.44903e-05	0.0065114	-4.47064	-2.68511	12	46990148	T	C	0.007250593879406115	2.139626419913703
12:38407702:C:T	4.66333e-06	0.000407606	-4.47057	-2.68505	12	38407702	C	T	0.007251895650747507	2.1395484536982328
12:113596043:G:C	0.000220223	0.00793501	-3.5844	-2.68489	12	113596043	G	C	0.007255368066447041	2.1393405508110472
12:38499617:A:C	8.07557e-06	0.000381068	-3.85414	-2.68469	12	38499617	A	C	0.007259710684273992	2.139080686562576
12:76591343:G:T	3.75913e-05	0.00178708	-3.86156	-2.68455	12	76591343	G	T	0.007262751904432526	2.138898791082475
12:19637024:G:A	0.00124281	0.045158	-3.59279	-2.6844	12	19637024	G	A	0.007266011623234052	2.1387039117441033
12:43910111:C:A	0.0164375	0.0034559	1.55948	2.68437	12	43910111	C	A	0.007266663724518517	2.138664936953447
12:61260069:A:G	2.90051e-05	0.00253263	-4.46954	-2.68413	12	61260069	A	G	0.007271882425695889	2.138353151552354
12:120463392:A:ACT	0.00518686	0.000222017	3.15113	2.6839	12	120463392	A	ACT	0.00727688683662741	2.1380543787696853
12:87740800:A:G	0.000971792	1.52105e-05	4.15715	2.68363	12	87740800	A	G	0.007282765523039103	2.1377036724279255
12:90758426:A:T	5.87644e-05	0.00354845	-4.10073	-2.68349	12	90758426	A	T	0.007285815408201478	2.1375218361431068
12:74430788:C:T	0.00210615	0.000374193	1.72784	2.68343	12	74430788	C	T	0.007287122852644044	2.1374439087000394
12:784447:T:C	7.75998e-05	0.00281511	-3.59119	-2.68278	12	784447	T	C	0.007301300334184316	2.1365997867740747
12:83437349:C:T	3.44921e-05	0.00575887	-5.11777	-2.68271	12	83437349	C	T	0.007302828615106061	2.1365088913874564
12:28004054:G:T	0.000643971	0.00606858	-2.24323	-2.68255	12	28004054	G	T	0.007306322906514447	2.1363011378429033
12:111647692:T:C	0.000184807	0.0111459	-4.09952	-2.68235	12	111647692	T	C	0.007310692880355144	2.136041460271326
12:54439380:C:T	9.0708e-05	0.00790283	-4.46733	-2.68214	12	54439380	C	T	0.007315283876701522	2.135768815992141
12:83653785:G:A	2.08322e-05	0.00239777	-4.74579	-2.68212	12	83653785	G	A	0.007315721249331328	2.135742850787689
12:84397679:C:T	3.92302e-05	0.00133762	-3.5292	-2.68197	12	84397679	C	T	0.0073190022919920415	2.135548116839721
12:39699830:T:C	2.16986e-05	0.00077948	-3.58138	-2.68195	12	39699830	T	C	0.007319439864086338	2.13552215299138
12:89521103:A:T	0.00434239	0.000112982	3.64895	2.68151	12	89521103	A	T	0.007329072390385474	2.134950988691716
12:26076600:CT:C	0.024678	0.00105299	3.15428	2.68141	12	26076600	CT	C	0.007331263186433694	2.134821189392537
12:611369:GCT:G	0.0135147	0.000199623	4.2151	2.68116	12	611369	GCT	G	0.007336742747255394	2.1344967085940456
12:85043662:A:G	0.000282642	0.00729773	-3.25114	-2.68103	12	85043662	A	G	0.007339593570763222	2.134327988430229
12:85043645:GTTTCTATAG:G	0.000282642	0.00729773	-3.25114	-2.68103	12	85043645	GTTTCTATAG	G	0.007339593570763222	2.134327988430229
12:83718046:A:G	2.52005e-05	0.000875182	-3.54757	-2.68102	12	83718046	A	G	0.0073398129060379584	2.1343150102352775
12:84397303:A:G	3.92625e-05	0.00133722	-3.52808	-2.68096	12	84397303	A	G	0.007341129041181723	2.134237141903128
12:84397296:A:G	3.92625e-05	0.00133722	-3.52808	-2.68096	12	84397296	A	G	0.007341129041181723	2.134237141903128
12:16313244:A:G	0.00249104	0.0350769	-2.64484	-2.68076	12	16313244	A	G	0.007345517687634407	2.133977591165734
12:24173448:A:G	0.000114298	0.0190357	-5.11526	-2.6807	12	24173448	A	G	0.007346834740475215	2.133899729055433
12:61298167:G:T	2.66561e-05	0.00306279	-4.74406	-2.68064	12	61298167	G	T	0.007348152005170462	2.133821868380934
12:103872345:T:TTTTG	0.000203998	0.0234222	-4.74333	-2.68001	12	103872345	T	TTTTG	0.0073619960825645325	2.1330044179843073
12:45361119:G:C	4.84145e-05	0.00420802	-4.46495	-2.68	12	45361119	G	C	0.00736221601834996	2.1329914438574287
12:61305667:T:G	4.92042e-05	0.00295972	-4.09687	-2.67985	12	61305667	T	G	0.0073655157625305495	2.1327968367401042
12:106396835:T:A	4.0663e-05	0.0067643	-5.1141	-2.67978	12	106396835	T	A	0.007367056097142877	2.1327060231562673
12:20769538:G:A	0.00604563	0.000906143	1.89789	2.67968	12	20769538	G	A	0.007369257076446813	2.132576292855027
12:45361955:T:C	4.84323e-05	0.00420802	-4.46458	-2.67967	12	45361955	T	C	0.007369477206817853	2.1325633200442535
12:45383559:G:GTTGAAAT	3.18707e-05	0.00276905	-4.46457	-2.67966	12	45383559	G	GTTGAAAT	0.00736969734308776	2.1325503472733605
12:41628074:T:C	7.87845e-05	0.00409208	-3.95009	-2.67957	12	41628074	T	C	0.007371678834987428	2.1324335941299974
12:14116677:T:C	0.0663941	0.0120743	1.70453	2.67933	12	14116677	T	C	0.007376965150138076	2.1321222682074032
12:3797331:C:T	0.000228718	0.0198635	-4.46415	-2.67928	12	3797331	C	T	0.0073780668937338196	2.1320574115315827
12:115176893:C:T	0.0813659	0.00784613	2.33894	2.6792	12	115176893	C	T	0.007379829990510121	2.131953642924083
12:62570663:G:A	7.85838e-06	0.00130571	-5.11292	-2.67883	12	62570663	G	A	0.0073879892303121185	2.131473746315097
12:68158715:A:AGTGT	0.000400864	0.0189425	-3.85554	-2.67879	12	68158715	A	AGTGT	0.007388871794811112	2.131421868870809
12:95177017:G:A	5.53837e-05	0.00634953	-4.74185	-2.67874	12	95177017	G	A	0.007389975133429529	2.1313570229627534
12:74414402:A:T	2.04154e-05	0.00234039	-4.74178	-2.67868	12	74414402	A	T	0.007391299334852964	2.1312792091891306
12:19375934:CT:C	0.0127177	0.000676377	2.934	2.67856	12	19375934	CT	C	0.007393948376260741	2.1311235859489224
12:20764924:C:A	0.000633149	0.0103148	-2.79063	-2.67836	12	20764924	C	A	0.007398365337858533	2.1308642266434368
12:38392414:C:T	5.98721e-06	0.000282745	-3.85492	-2.67819	12	38392414	C	T	0.00740212161597314	2.1306437837758767
12:60141005:G:T	2.07327e-05	0.00070393	-3.52497	-2.67817	12	60141005	G	T	0.007402563643493675	2.130617850078576
12:104674852:T:C	0.029065	0.00510643	1.73903	2.67783	12	104674852	T	C	0.0074100817348345446	2.1301770016304085
12:39079379:A:T	9.54883e-05	0.00617204	-4.16878	-2.67782	12	39079379	A	T	0.007410302958810475	2.1301640361974585
12:46423808:A:G	5.9832e-05	0.00518736	-4.46244	-2.67774	12	46423808	A	G	0.007412072963895496	2.1300603141694885
12:69748072:G:GT	0.000111507	0.00398822	-3.57702	-2.6777	12	69748072	G	GT	0.007412958108637267	2.130008454112587
12:100311849:G:A	6.84546e-05	0.00442377	-4.16858	-2.67762	12	100311849	G	A	0.007414728682563035	2.1299047359129455
12:1370284:C:T	0.00214734	0.000357706	1.79227	2.67753	12	1370284	C	T	0.00741672103163245	2.1297880559890334
12:60704727:G:C	3.12121e-06	0.000146145	-3.84638	-2.6772	12	60704727	G	C	0.007424030420428184	2.1293602572367925
12:14086709:A:T	0.000145093	0.00491788	-3.52326	-2.67663	12	14086709	A	T	0.007436670948087449	2.1286214344048675
12:78121520:T:TA	0.00016716	0.0276887	-5.10983	-2.67636	12	78121520	T	TA	0.007442665301226383	2.128271510915266
12:27225938:C:T	4.72329e-06	0.000782349	-5.10979	-2.67634	12	27225938	C	T	0.007443109499728213	2.12824559181319
12:129925799:GA:G	0.0234375	0.00334395	1.94718	2.67631	12	129925799	GA	G	0.007443775842063496	2.128206713459146
12:123348974:T:C	6.38928e-06	0.000382869	-4.09307	-2.67627	12	123348974	T	C	0.007444664381736985	2.1281548762120193
12:83215943:T:C	0.000153717	0.00531248	-3.5427	-2.67614	12	83215943	T	C	0.007447552792671166	2.1279864095651497
12:41177447:A:T	8.55491e-05	0.00218038	-3.23816	-2.67577	12	41177447	A	T	0.007455779156575372	2.1275069644551925
12:101666928:CAT:C	0.0080856	0.000195424	3.72267	2.67565	12	101666928	CAT	C	0.007458448916070919	2.1273514804671962
12:54771288:C:T	0.0127402	0.000181203	4.2529	2.67547	12	54771288	C	T	0.0074624551628982745	2.127118265251434
12:83209462:T:G	0.00291608	0.000166458	2.86326	2.67545	12	83209462	T	G	0.0074629004205441765	2.127092353247178
12:87740771:TA:T	0.00160536	1.48656e-05	4.68205	2.67544	12	87740771	TA	T	0.007463123058301787	2.127079397304862
12:44317302:T:TA	0.00135411	0.000299224	1.50971	2.67535	12	44317302	T	TA	0.007465127066184596	2.1269627956183728
12:61309741:T:C	0.000124331	0.00744285	-4.09206	-2.67531	12	61309741	T	C	0.007466017891252974	2.126910973683337
12:102145521:TA:T	0.000832622	1.23835e-05	4.20822	2.6753	12	102145521	TA	T	0.007466240612415734	2.126898018299264
12:82768028:T:TACTCGTTTC	0.0439822	0.010657	1.41756	2.67517	12	82768028	T	TACTCGTTTC	0.00746913652980854	2.1267296019348794
12:108139944:A:C	0.0218448	0.00469512	1.53744	2.67501	12	108139944	A	C	0.007472702118656984	2.12652232950644
12:126521061:GTA:G	0.0168262	0.00357338	1.54943	2.67465	12	126521061	GTA	G	0.007480730275338232	2.1260560038643206
12:16637445:CA:C	0.00852357	0.000223526	3.64106	2.67452	12	16637445	CA	C	0.00748363123221778	2.1258876211932427
12:63492748:G:A	0.00031504	0.0202875	-4.16506	-2.67425	12	63492748	G	A	0.007489659520243492	2.125537924869352
12:121900327:A:G	0.004695	0.000324319	2.67253	2.67378	12	121900327	A	G	0.007500163595363702	2.1249292635697863
12:19637064:T:G	0.00124605	0.0447967	-3.58216	-2.67362	12	19637064	T	G	0.007503742463631586	2.1247220798186266
12:130051151:T:C	0.000406564	0.0218408	-3.98379	-2.67334	12	130051151	T	C	0.0075100091681129365	2.124359532814949
12:130533446:C:G	0.00164247	0.0517684	-3.45058	-2.67316	12	130533446	C	G	0.007514040241643706	2.12412648339068
12:93497994:T:C	0.000108454	0.00273191	-3.22643	-2.67294	12	93497994	T	C	0.007518969744068126	2.12384166274861
12:38499015:TTG:T	7.97025e-06	0.000374293	-3.84932	-2.67283	12	38499015	TTG	T	0.00752143558255015	2.1236992596640722
12:20982075:C:T	1.47504e-05	0.00167872	-4.73452	-2.67246	12	20982075	C	T	0.007529735088924144	2.1232203028752954
12:25216232:G:T	5.90538e-05	0.00672045	-4.73446	-2.67241	12	25216232	G	T	0.007530857273431689	2.123155583171252
12:1138902:G:A	0.000197388	0.00204454	-2.33775	-2.67217	12	1138902	G	A	0.007536245846771466	2.1228449424664126
12:41574480:G:A	0.0004287	0.0115459	-3.29333	-2.672	12	41574480	G	A	0.007540064844327089	2.122624919194902
12:28491962:G:GGT	0.000206152	0.0132429	-4.1626	-2.6719	12	28491962	G	GGT	0.0075423121239644245	2.1224954991233758
12:75125322:G:GA	0.0164345	0.000947517	2.85329	2.67166	12	75125322	G	GA	0.007547708045522707	2.122184907218116
12:61305984:T:C	4.96385e-05	0.00295972	-4.08808	-2.67156	12	61305984	T	C	0.007549957367528063	2.1220555007018826
12:88819742:A:G	0.00219574	0.0192319	-2.17005	-2.6714	12	88819742	A	G	0.007553557532874353	2.121848458568478
12:100315642:C:T	5.49311e-05	0.00352628	-4.16192	-2.67124	12	100315642	C	T	0.007557159237346637	2.121641426641248
12:100314276:C:T	6.20534e-05	0.00398333	-4.16188	-2.6712	12	100314276	C	T	0.007558059904019439	2.1215896702541475
12:121406285:A:AGTTGTTGTT	6.17009e-05	0.0101506	-5.10299	-2.67089	12	121406285	A	AGTTGTTGTT	0.007565043334531314	2.1211885798821797
12:49493002:T:G	1.37778e-05	0.000105674	-2.03731	-2.67076	12	49493002	T	G	0.0075679735911777036	2.121020392095932
12:61594625:G:A	6.10499e-05	0.00525125	-4.45453	-2.67063	12	61594625	G	A	0.007570904865382318	2.120852211047174
12:83295658:G:C	0.000186462	8.00574e-06	3.14807	2.67044	12	83295658	G	C	0.007575190866404851	2.1206064200953456
12:116113488:T:TTA	1.46228e-06	8.97941e-05	-4.11752	-2.67006	12	116113488	T	TTA	0.007583769394994196	2.1201148813667436
12:49563320:A:G	0.000343762	0.00343752	-2.30256	-2.66991	12	49563320	A	G	0.00758715805307646	2.1199208687678834
12:17124407:G:A	0.000135777	0.00697969	-3.93974	-2.6698	12	17124407	G	A	0.007589643931669739	2.1197785985628057
12:90442563:AGT:A	0.000496411	2.13357e-05	3.14702	2.66942	12	90442563	AGT	A	0.007598237131395348	2.119287156786898
12:61277834:G:T	1.03872e-05	0.00117787	-4.7309	-2.66936	12	61277834	G	T	0.007599594749437309	2.119209565979163
12:62330934:G:GA	8.9629e-06	0.000320824	-3.5778	-2.6692	12	62330934	G	GA	0.007603216127413897	2.119002664174674
12:29056760:C:T	3.29024e-05	0.00540119	-5.10083	-2.66916	12	29056760	C	T	0.007604121713592014	2.118950940318123
12:16316484:C:CAA	0.00288162	0.0308701	-2.37144	-2.66912	12	16316484	C	CAA	0.007605027396461488	2.118899217099396
12:61307258:T:A	8.14684e-05	0.00484501	-4.08549	-2.66911	12	61307258	T	A	0.007605253832287911	2.118886286394375
12:65585428:A:G	0.000213586	0.00447401	-3.042	-2.66903	12	65585428	A	G	0.007607065536491452	2.118782842189309
12:105382095:AGTGT:A	0.00899939	0.000389193	3.14084	2.66898	12	105382095	AGTGT	A	0.007608198048077016	2.1187181908567205
12:20246551:AACACACACA:A	0.00836023	0.00048048	2.85645	2.66897	12	20246551	AACACACACA	A	0.007608424568530691	2.1187052607097945
12:41918266:A:C	9.7433e-05	0.00157166	-2.78072	-2.66866	12	41918266	A	C	0.00761544970202113	2.1183044459274507
12:38669281:T:A	1.34566e-05	0.00115483	-4.45224	-2.66857	12	38669281	T	A	0.0076174903457483555	2.118188087520894
12:118684452:A:G	3.35217e-05	0.00549869	-5.10007	-2.66856	12	118684452	A	G	0.007617717114195393	2.11817515900837
12:16992760:C:CCT	1.06767e-05	0.000916211	-4.45219	-2.66852	12	16992760	C	CCT	0.007618624248500232	2.118123445356907
12:31974928:CT:C	0.0318552	0.000297474	4.67363	2.66845	12	31974928	CT	C	0.007620211966544457	2.1180329480015723
12:45384071:T:A	3.22886e-05	0.00276981	-4.45182	-2.66819	12	45384071	T	A	0.0076261118021343785	2.1176968320686287
12:42041736:A:G	9.73458e-06	0.000499241	-3.9374	-2.66759	12	42041736	A	G	0.007639742437614918	2.1169212827604524
12:45379957:C:T	2.73427e-05	0.00309284	-4.7284	-2.66722	12	45379957	C	T	0.007648158877908361	2.1164430988854326
12:25184969:T:TAAA	0.00011557	0.0189251	-5.09837	-2.6672	12	25184969	T	TAAA	0.007648614057299713	2.116417252662986
12:84398318:G:T	3.85264e-05	0.00129181	-3.51246	-2.66692	12	84398318	G	T	0.007654989118867515	2.116055422290234
12:42801771:C:T	0.00466465	0.00020147	3.14213	2.6668	12	42801771	C	T	0.007657722745772256	2.115900361696994
12:71249221:AACACAC:A	0.007278	0.000392061	2.92119	2.66677	12	71249221	AACACAC	A	0.007658406289199085	2.1158615974455395
12:114147432:G:A	0.000232831	0.00630367	-3.29857	-2.66651	12	114147432	G	A	0.007664332623444581	2.115525655626816
12:60366395:CA:C	0.00282988	0.000215004	2.57733	2.6665	12	60366395	CA	C	0.007664560641441993	2.115512735325742
12:21120726:C:T	4.7423e-05	0.000840889	-2.87535	-2.66648	12	21120726	C	T	0.007665016695677494	2.1154868948431726
12:88726082:G:A	0.000747851	0.00744633	-2.29827	-2.66641	12	88726082	G	A	0.007666613077043543	2.1153964544097588
12:121306344:A:AAC	0.00703821	0.0012973	1.69107	2.66634	12	121306344	A	AAC	0.007668209756399896	2.115306015929462
12:95227751:C:G	2.62739e-05	0.00296742	-4.72687	-2.66591	12	95227751	C	G	0.007678024469978441	2.1147505081134206
12:17746535:G:GTGTGTA	1.36415e-05	0.00063129	-3.83465	-2.66588	12	17746535	G	GTGTGTA	0.007678709637409095	2.1147117545044267
12:38498647:A:T	8.01394e-06	0.000373525	-3.8418	-2.66563	12	38498647	A	T	0.007684421497444352	2.1143888217132867
12:10265219:T:G	0.000149316	0.00795564	-3.97557	-2.6654	12	10265219	T	G	0.007689679771581618	2.1140917455471766
12:10265325:C:T	0.000149316	0.00795564	-3.97557	-2.6654	12	10265325	C	T	0.007689679771581618	2.1140917455471766
12:93497989:T:C	0.000108846	0.00272025	-3.21855	-2.66536	12	93497989	T	C	0.007690594583150717	2.114040082279312
12:25916617:CT:C	0.0240958	0.000249072	4.57205	2.66506	12	25916617	CT	C	0.007697458779537125	2.1136526280977104
12:116615666:T:A	0.000542405	0.0331171	-4.11179	-2.66464	12	116615666	T	A	0.007707077878931317	2.1131102525075374
12:2719834:C:CACAGACACA	0.00120088	0.0166113	-2.62703	-2.66429	12	2719834	C	CACAGACACA	0.007715102022676143	2.1126583265558145
12:95964033:TA:T	0.022472	0.000982576	3.12985	2.66417	12	95964033	TA	T	0.007717854880683327	2.112503391754642
12:59581864:T:A	0.000203748	0.0124322	-4.11117	-2.66405	12	59581864	T	A	0.00772060861892101	2.112348462692699
12:98719780:C:T	0.000615817	0.0192215	-3.44083	-2.66391	12	98719780	C	T	0.0077238224263677735	2.1121677193741424
12:123453863:TG:T	0.0658621	0.0111236	1.77849	2.6637	12	123453863	TG	T	0.007728645385416696	2.1118966190431245
12:20870558:T:C	0.000788975	0.000169597	1.53731	2.66294	12	20870558	T	C	0.007746122469049522	2.110915640939924
12:20870590:A:G	0.000788975	0.000169597	1.53731	2.66294	12	20870590	A	G	0.007746122469049522	2.110915640939924
12:20870671:G:A	0.000788975	0.000169597	1.53731	2.66294	12	20870671	G	A	0.007746122469049522	2.110915640939924
12:41455763:G:A	0.000134305	0.00215297	-2.77449	-2.66255	12	41455763	G	A	0.0077551047150060766	2.11041233365408
12:41455586:C:G	0.000134305	0.00215297	-2.77449	-2.66255	12	41455586	C	G	0.0077551047150060766	2.11041233365408
12:41455803:G:A	0.000134305	0.00215297	-2.77449	-2.66255	12	41455803	G	A	0.0077551047150060766	2.11041233365408
12:59581953:C:T	0.000204081	0.0124322	-4.10953	-2.6625	12	59581953	C	T	0.007756256959720697	2.1103478114628276
12:26915384:T:G	0.00050121	0.0305321	-4.10951	-2.66248	12	26915384	T	G	0.007756717900558349	2.110322002865297
12:51498709:C:T	7.71962e-05	0.00658002	-4.44544	-2.66245	12	51498709	C	T	0.007757409357838106	2.1102832902678985
12:41629534:A:C	8.97427e-05	0.00319026	-3.57091	-2.66222	12	41629534	A	C	0.007762712365503232	2.109986505603817
12:25414489:G:A	0.000212317	0.0180838	-4.44469	-2.66178	12	25414489	G	A	0.007772866301602678	2.109418802380138
12:1779430:G:A	8.01763e-05	0.00901109	-4.72198	-2.66173	12	1779430	G	A	0.007774020910666037	2.109354295532041
12:1779432:C:T	8.01763e-05	0.00901109	-4.72198	-2.66173	12	1779432	C	T	0.007774020910666037	2.109354295532041
12:76061934:T:C	0.0002891	0.0246187	-4.44449	-2.6616	12	76061934	T	C	0.007777023613464769	2.1091865823896256
12:49514154:CA:C	0.000300236	0.00297156	-2.29227	-2.66152	12	49514154	CA	C	0.007778871947047112	2.1090833776495086
12:21441901:G:T	0.000418511	0.0104896	-3.22144	-2.66148	12	21441901	G	T	0.007779796261430795	2.109031776235882
12:122821488:C:T	1.45069e-05	0.000921729	-4.15163	-2.66138	12	122821488	C	T	0.007782107477940356	2.1089027754914005
12:32120968:A:AT	0.00200723	0.000140445	2.65969	2.6612	12	32120968	A	AT	0.007786269218016728	2.1086705841937934
12:63494796:G:A	0.000326326	0.0277751	-4.444	-2.66116	12	63494796	G	A	0.007787194319908443	2.108618987881096
12:28209517:G:A	4.68944e-05	0.00297766	-4.15099	-2.66077	12	28209517	G	A	0.007796219225644486	2.1081159572469415
12:113786930:C:T	0.000573074	0.0263772	-3.82924	-2.66066	12	113786930	C	T	0.007798766405633583	2.1079740877704736
12:113787030:A:T	0.000573074	0.0263772	-3.82924	-2.66066	12	113787030	A	T	0.007798766405633583	2.1079740877704736
12:17316370:G:A	2.4485e-05	0.00208261	-4.44332	-2.66054	12	17316370	G	A	0.0078015459977988115	2.1078193265681517
12:61257636:C:A	2.99153e-05	0.00176214	-4.07591	-2.66008	12	61257636	C	A	0.007812209325556043	2.107226128451776
12:43106800:C:T	0.000138981	0.00473665	-3.52875	-2.65949	12	43106800	C	T	0.007825905316377637	2.1064654108211642
12:122600053:TAGAA:T	0.00098462	1.58424e-05	4.12957	2.6592	12	122600053	TAGAA	T	0.007832645125990004	2.1060915496115635
12:13940735:CA:C	0.0475927	0.00160387	3.39026	2.65912	12	13940735	CA	C	0.007834505298686222	2.105988421382211
12:28204755:A:G	4.10047e-05	0.00259915	-4.14925	-2.6591	12	28204755	A	G	0.007834970403694309	2.1059626397233453
12:96110363:A:G	0.000223053	0.00757846	-3.52566	-2.65903	12	96110363	A	G	0.007836598466025035	2.1058724051725037
12:17193196:A:C	0.00128594	0.0455669	-3.56769	-2.65895	12	17193196	A	C	0.007838459479788923	2.1057692823623686
12:12488260:C:CTTTG	0.00405401	0.000284844	2.65552	2.65854	12	12488260	C	CTTTG	0.007848003390813048	2.1052408179865334
12:72558182:C:G	0.000626908	9.42498e-05	1.89485	2.65844	12	72558182	C	G	0.007850332752546292	2.1051119343971783
12:64482007:T:A	3.90124e-05	0.00121068	-3.43506	-2.65843	12	64482007	T	A	0.007850565722780381	2.105099046257397
12:101665206:T:C	0.000491239	0.0416837	-4.44093	-2.6584	12	101665206	T	C	0.00785126467064384	2.1050603820771285
12:84225299:G:T	1.1517e-05	0.000698542	-4.10517	-2.65838	12	84225299	G	T	0.007851730666855182	2.1050346061561807
12:130976224:ACT:A	0.0506068	0.0124794	1.40001	2.65834	12	130976224	ACT	A	0.0078526627336087	2.1049830547924353
12:47610259:G:A	6.47235e-05	0.00297183	-3.82681	-2.65832	12	47610259	G	A	0.00785312880415312	2.1049572793496387
12:47610124:C:A	6.47235e-05	0.00297183	-3.82681	-2.65832	12	47610124	C	A	0.00785312880415312	2.1049572793496387
12:20848629:A:C	0.000562353	0.00867141	-2.73566	-2.65796	12	20848629	A	C	0.007861522312420544	2.1044933486337793
12:1210030:T:G	0.00293467	0.000545685	1.68231	2.65789	12	1210030	T	G	0.007863155316378684	2.1044031458802173
12:120488516:C:G	3.73497e-05	5.44778e-06	1.92512	2.65776	12	120488516	C	G	0.007866188844191057	2.1042356316606163
12:98611816:C:T	0.000248584	0.0150667	-4.10446	-2.65771	12	98611816	C	T	0.00786735586477129	2.104171204907641
12:40280237:G:C	6.85587e-05	0.00362378	-3.96758	-2.65768	12	40280237	G	C	0.007868056151561692	2.1041325493339955
12:27037499:G:A	2.56989e-05	0.00150983	-4.07331	-2.65762	12	27037499	G	A	0.007869456892655426	2.1040552392625145
12:20749654:A:C	0.0166015	0.0019046	2.16522	2.65746	12	20749654	A	C	0.007873193294382541	2.1038490860845616
12:41932342:A:G	0.00158735	0.000181053	2.17103	2.65738	12	41932342	A	G	0.00787506209109681	2.1037460133206585
12:41932290:T:G	0.00158735	0.000181053	2.17103	2.65738	12	41932290	T	G	0.00787506209109681	2.1037460133206585
12:38395002:C:T	6.02879e-06	0.000278533	-3.83299	-2.6572	12	38395002	C	T	0.007879268336553924	2.1035141089254386
12:76146347:C:CA	0.00205699	0.0551502	-3.28882	-2.65702	12	76146347	C	CA	0.007883476594322607	2.103282217439685
12:40479770:C:G	0.000120067	6.035e-06	2.99048	2.65701	12	40479770	C	G	0.007883710445440433	2.1032693349578815
12:40479853:G:A	0.000120067	6.035e-06	2.99048	2.65701	12	40479853	G	A	0.007883710445440433	2.1032693349578815
12:41932087:T:C	0.00158664	0.000181071	2.17049	2.65685	12	41932087	T	C	0.00788745290846206	2.1030632206677615
12:43099570:A:T	0.000195228	0.00663383	-3.52577	-2.65659	12	43099570	A	T	0.007893537804955842	2.102728306700805
12:11619173:A:T	0.000791905	0.02298	-3.36794	-2.6565	12	11619173	A	T	0.007895645094722811	2.1026123812183006
12:6897002:C:A	0.000353112	0.0161817	-3.82485	-2.65643	12	6897002	C	A	0.0078972844462322	2.1025222191853303
12:38499455:G:A	8.11627e-06	0.000374664	-3.83216	-2.6564	12	38499455	G	A	0.007897987118773963	2.1024835789116993
12:28755043:C:T	2.49358e-06	7.23447e-05	-3.36772	-2.65628	12	28755043	C	T	0.007900798368975469	2.10232902140301
12:61294515:C:G	2.59707e-05	0.00137025	-3.96578	-2.65593	12	61294515	C	G	0.007909002968767398	2.1018782614396665
12:61294437:T:A	2.59707e-05	0.00137025	-3.96578	-2.65593	12	61294437	T	A	0.007909002968767398	2.1018782614396665
12:49307393:A:AC	0.0110068	0.00272128	1.39742	2.65586	12	49307393	A	AC	0.007910644804171882	2.1017881153037785
12:1437508:T:C	0.00080904	0.00527359	-1.87462	-2.65583	12	1437508	T	C	0.00791134854136147	2.1017494818431675
12:102937734:A:G	0.0548199	0.00841243	1.87434	2.65581	12	102937734	A	G	0.007911817730638976	2.1017237264019686
12:79383040:C:T	0.00195025	0.0402781	-3.02785	-2.65579	12	79383040	C	T	0.007912286944838682	2.1016979711201373
12:57487852:CA:C	0.0225362	0.00329396	1.92303	2.6556	12	57487852	CA	C	0.007916745722948586	2.1014533038911263
12:43995841:T:C	0.000563708	0.000129865	1.46804	2.65545	12	43995841	T	C	0.007920267400433528	2.1012601557119783
12:76156917:T:C	0.000569253	0.0052175	-2.21545	-2.65526	12	76156917	T	C	0.007924730206096227	2.101015514220386
12:61279632:C:CAAA	8.02619e-06	0.00129481	-5.08341	-2.65523	12	61279632	C	CAAA	0.007925435065463051	2.1009768879311976
12:62273946:T:C	6.51945e-05	0.0105138	-5.08307	-2.65496	12	62273946	T	C	0.007931781326936678	2.1006292674639404
12:118231375:T:G	3.95179e-06	0.00020817	-3.96419	-2.65439	12	118231375	T	G	0.007945193938318296	2.0998954974102206
12:97132239:A:AT	0.000213037	0.0124725	-4.06981	-2.65432	12	97132239	A	AT	0.00794684250075493	2.0998053942224244
12:83421506:A:C	0.00412761	3.92119e-05	4.65647	2.65421	12	83421506	A	C	0.007949433717810794	2.0996638074428198
12:1225163:A:G	0.00758467	0.00110699	1.92448	2.65419	12	1225163	A	G	0.007949904929472043	2.0996380649098896
12:20769739:A:C	0.00604068	0.000928534	1.87267	2.65411	12	20769739	A	C	0.007951790026272082	2.099535096371728
12:75925837:G:A	0.0436567	0.00220178	2.98709	2.65411	12	75925837	G	A	0.007951790026272082	2.099535096371728
12:120569540:C:CTTTTTTTTT	8.799e-05	0.00742891	-4.43591	-2.65388	12	120569540	C	CTTTTTTTTT	0.007957211909638046	2.0992390760270183
12:43100117:T:A	0.000192872	0.00653332	-3.52264	-2.65354	12	43100117	T	A	0.007965232932174148	2.098801519338215
12:84291265:T:A	1.61022e-05	0.000545369	-3.52251	-2.65341	12	84291265	T	A	0.007968301706729434	2.0986342304218195
12:42121504:G:A	1.33682e-05	0.000610553	-3.82148	-2.65318	12	42121504	G	A	0.007973733670882827	2.0983382742163372
12:20768841:A:T	0.000506563	0.0125673	-3.2112	-2.65269	12	20768841	A	T	0.007985317175169003	2.0977078290946896
12:104028539:C:T	5.20275e-05	0.0031365	-4.09909	-2.65264	12	104028539	C	T	0.00798650001224245	2.0976435033377765
12:113258391:C:G	0.000204476	0.00200144	-2.28117	-2.65247	12	113258391	C	G	0.007990522831954509	2.097424803213655
12:99917500:G:A	6.58211e-05	0.00100897	-2.72974	-2.65232	12	99917500	G	A	0.007994073885486726	2.097231842076553
12:103877277:G:T	0.000138295	0.00726753	-3.96179	-2.65207	12	103877277	G	T	0.007999995448413287	2.096910260099251
12:25863397:C:T	0.00107339	0.0286319	-3.2837	-2.65204	12	25863397	C	T	0.008000706299841846	2.0968716719350646
12:40600388:C:T	0.000533422	0.0117191	-3.08966	-2.652	12	40600388	C	T	0.008001654189727042	2.096820221607178
12:25413830:G:A	0.00021472	0.01809	-4.43378	-2.65197	12	25413830	G	A	0.008002365173131293	2.096781634279533
12:75626270:GAAAAA:G	0.0353435	0.00208086	2.83233	2.65179	12	75626270	GAAAAA	G	0.008006632261608384	2.0965501178425003
12:59588867:C:T	0.00019958	0.00490754	-3.20231	-2.65137	12	59588867	C	T	0.008016596725516717	2.0960099630145503
12:70649516:T:C	0.00124694	0.027372	-3.08883	-2.65124	12	70649516	T	C	0.008019683213904377	2.0958427864752487
12:48076897:G:A	4.69067e-05	0.00213783	-3.81939	-2.65116	12	48076897	G	A	0.008021583120193871	2.0957399119509645
12:76579677:T:C	7.9484e-05	0.00364905	-3.82667	-2.65114	12	76579677	T	C	0.008022058159732007	2.0957141937182318
12:27226990:C:A	0.000820361	3.63787e-05	3.11576	2.65112	12	27226990	C	A	0.008022533224458723	2.095688475644835
12:101811925:G:A	0.0043438	6.64711e-05	4.17974	2.65108	12	101811925	G	A	0.008023483429482545	2.095637039976045
12:68821044:CTT:C	0.00133737	6.76912e-05	2.9835	2.65104	12	68821044	CTT	C	0.008024433735274478	2.0955856049445947
12:130535788:T:C	0.00104768	0.0322607	-3.42727	-2.65104	12	130535788	T	C	0.008024433735274478	2.0955856049445947
12:49796024:C:A	0.0231073	0.00163384	2.64921	2.65094	12	49796024	C	A	0.008026809940675029	2.0954570201543192
12:42111582:C:A	8.56391e-06	0.00043151	-3.91973	-2.6509	12	42111582	C	A	0.008027760599227586	2.095405587353547
12:71240198:C:T	0.00608191	0.00035625	2.83744	2.65086	12	71240198	C	T	0.008028711358589513	2.095354155190109
12:28905089:T:A	0.000287532	0.0130961	-3.81874	-2.65053	12	28905089	T	A	0.008036558971028628	2.0949298641598832
12:8005733:C:A	0.000180772	0.00829338	-3.82598	-2.65048	12	8005733	C	A	0.008037748602148653	2.0948655814242794
12:39944339:C:T	7.36312e-05	0.0118064	-5.07733	-2.65037	12	39944339	C	T	0.008040366345619167	2.0947241629112234
12:60124644:A:C	0.00131375	6.65554e-05	2.98261	2.65027	12	60124644	A	C	0.008042746774764645	2.0945956048090384
12:83421597:G:C	0.00412761	3.93995e-05	4.6517	2.65025	12	83421597	G	C	0.008043222936304535	2.0945698936665904
12:87925697:A:G	0.00475394	0.000696711	1.92036	2.65017	12	87925697	A	G	0.008045127834871721	2.0944670506900853
12:107704810:G:A	0.000185805	0.00535813	-3.36167	-2.65015	12	107704810	G	A	0.008045604122621147	2.0944413403442814
12:92499366:A:G	0.00128266	0.0431943	-3.51677	-2.65012	12	92499366	A	G	0.008046318601580688	2.0944027751243155
12:38517372:T:C	1.70382e-05	0.000893137	-3.95928	-2.64965	12	38517372	T	C	0.008057519524079482	2.0937986334805725
12:42563051:C:T	5.51517e-05	0.00883533	-5.07643	-2.64965	12	42563051	C	T	0.008057519524079482	2.0937986334805725
12:87175652:G:T	0.000312922	1.58659e-05	2.98178	2.64957	12	87175652	G	T	0.008059427453741509	2.0936958096232887
12:96521424:A:G	2.12264e-05	0.000698068	-3.49307	-2.6495	12	96521424	A	G	0.008061097223975496	2.0936058408392997
12:84722182:T:C	7.58774e-05	0.00455917	-4.09578	-2.6495	12	84722182	T	C	0.008061097223975496	2.0936058408392997
12:1257345:A:G	0.00324332	0.000707076	1.52322	2.64931	12	1257345	A	G	0.008065631018814249	2.0933616496924303
12:7998149:C:CT	0.000341358	0.0119732	-3.55749	-2.64862	12	7998149	C	CT	0.00808211505780257	2.0924749711894517
12:90436573:G:GTT	0.000491107	5.65274e-05	2.16194	2.64852	12	90436573	G	GTT	0.008084506549502326	2.0923464827913776
12:70269488:A:G	1.4222e-05	0.00227495	-5.07492	-2.64844	12	70269488	A	G	0.00808642019895739	2.092243694940633
12:97768902:C:G	0.000273129	0.0436888	-5.0749	-2.64843	12	97768902	C	G	0.008086659433649328	2.0922308466385218
12:94309161:A:T	0.000102268	0.0163558	-5.07474	-2.6483	12	94309161	A	T	0.00808977006127719	2.0920638223355246
12:17381240:G:C	0.000125807	0.00754787	-4.09427	-2.64808	12	17381240	G	C	0.00809503664060438	2.0917811811568976
12:17381164:A:C	0.000125807	0.00754787	-4.09427	-2.64808	12	17381164	A	C	0.00809503664060438	2.0917811811568976
12:68141429:TTG:T	0.0194181	0.000805739	3.1822	2.6479	12	68141429	TTG	T	0.00809934794277532	2.0915499436217813
12:113258264:T:C	0.000204476	0.00199013	-2.2755	-2.64785	12	113258264	T	C	0.008100545891437211	2.09148571326327
12:43857498:G:GGT	0.000166307	0.0017859	-2.37384	-2.64759	12	43857498	G	GGT	0.008106777781677272	2.0911517314497323
12:67814482:C:T	0.0173622	0.00255805	1.91505	2.64733	12	67814482	C	T	0.00811301396326164	2.0908177765597706
12:7313345:G:A	0.000485109	0.0221737	-3.82229	-2.64695	12	7313345	G	A	0.008122136107099666	2.0903297370736285
12:63503607:T:C	0.000550403	0.0319541	-4.06141	-2.64639	12	63503607	T	C	0.008135596001316343	2.0896106258123655
12:84397148:GT:G	0.00217802	3.35229e-05	4.17394	2.64615	12	84397148	GT	G	0.008141370636765071	2.0893024735047065
12:33802827:C:G	3.54156e-06	0.000160549	-3.81403	-2.64599	12	33802827	C	G	0.008145222431661568	2.0890970513770544
12:74418599:T:C	2.08772e-05	0.00230362	-4.70358	-2.64597	12	74418599	T	C	0.008145704020693633	2.089071374327951
12:28194844:C:T	3.2945e-05	0.00197182	-4.09187	-2.64582	12	28194844	C	T	0.008149316750882695	2.0888788015373523
12:28194746:T:A	3.2945e-05	0.00197182	-4.09187	-2.64582	12	28194746	T	A	0.008149316750882695	2.0888788015373523
12:41179433:T:C	8.22743e-05	0.00125247	-2.72282	-2.64573	12	41179433	T	C	0.008151485077323137	2.088763262164071
12:41179361:G:T	8.22743e-05	0.00125247	-2.72282	-2.64573	12	41179361	G	T	0.008151485077323137	2.088763262164071
12:33802530:C:G	3.54156e-06	0.000160501	-3.81373	-2.6457	12	33802530	C	G	0.008152207967547856	2.088724749756489
12:88150204:A:G	6.92398e-06	0.0011036	-5.07134	-2.64558	12	88150204	A	G	0.008155100102273783	2.0885707037103622
12:119516433:G:A	0.000497379	0.0288477	-4.06043	-2.64547	12	119516433	G	A	0.008157752032476805	2.0884294998725297
12:39948374:T:C	9.29857e-05	0.010252	-4.70279	-2.64529	12	39948374	T	C	0.008162093219568496	2.088198449441085
12:127241336:G:C	0.00526211	0.12861	-3.19626	-2.6451	12	127241336	G	C	0.008166677826782948	2.0879545768726473
12:84723094:T:C	7.62337e-05	0.00455917	-4.09109	-2.64507	12	84723094	T	C	0.008167401922782454	2.0879160719918115
12:67814272:TTTTTA:T	0.0189882	0.0022075	2.15196	2.64487	12	67814272	TTTTTA	T	0.008172230698077673	2.0876593819456186
12:59585853:C:A	0.00622312	0.000196775	3.45396	2.64452	12	59585853	C	A	0.008180687203443247	2.087210212694486
12:89599730:A:T	0.000182128	0.00609864	-3.51111	-2.64444	12	89599730	A	T	0.00818262121824111	2.0871075522865907
12:104112012:A:G	0.000116039	0.00604867	-3.95367	-2.64423	12	104112012	A	G	0.008187699954145828	2.086838080841773
12:22158909:T:G	0.000384153	0.023975	-4.13372	-2.64422	12	22158909	T	G	0.008187941869065818	2.086825249306254
12:122284176:T:G	0.000126272	0.00386005	-3.42	-2.64414	12	122284176	T	G	0.008189877418724395	2.0867225984556965
12:95834476:T:TAG	0.000103473	0.00539298	-3.95354	-2.6441	12	95834476	T	TAG	0.008190845347101218	2.0866712739861444
12:45399194:T:C	0.000104262	0.00870651	-4.42492	-2.644	12	45399194	T	C	0.008193265615964649	2.0865429655997905
12:67814975:G:T	0.01867	0.00217281	2.1509	2.64386	12	67814975	G	T	0.008196655067612146	2.0863633405489326
12:77523820:C:T	0.000113415	0.00707438	-4.13318	-2.6437	12	77523820	C	T	0.008200530263157221	2.086158064333667
12:59586214:C:T	9.79859e-05	0.0155805	-5.06895	-2.64367	12	59586214	C	T	0.008201257044829068	2.0861195761782105
12:19499332:G:A	4.36163e-06	0.000252459	-4.0584	-2.64355	12	19499332	G	A	0.008204164747989804	2.085965627140278
12:61482254:C:T	0.000157198	0.00525811	-3.51002	-2.64335	12	61482254	C	T	0.008209012970148989	2.0857090581530686
12:3817135:G:A	0.000144089	0.00497431	-3.54161	-2.64317	12	3817135	G	A	0.008213378562097246	2.0854781596832193
12:48470684:A:AT	0.0002211	0.0243106	-4.70005	-2.64294	12	48470684	A	AT	0.00821895984188623	2.0851831415247646
12:45417633:A:G	3.37846e-05	0.00117838	-3.55189	-2.64294	12	45417633	A	G	0.00821895984188623	2.0851831415247646
12:20759735:C:T	0.0106428	0.00165421	1.86156	2.64285	12	20759735	C	T	0.008221144744657299	2.085067705370747
12:20759893:G:A	0.0106426	0.00165421	1.86154	2.64283	12	20759893	G	A	0.00822163034918673	2.0850420533300937
12:19352577:CT:C	0.00227049	0.000207155	2.39428	2.6426	12	19352577	CT	C	0.008227216646461083	2.084747066310707
12:12144912:G:A	0.0013155	0.0205982	-2.75099	-2.64259	12	12144912	G	A	0.00822745960598283	2.084734241265959
12:30166447:C:T	0.00962812	0.000428539	3.11206	2.64238	12	30166447	C	T	0.008232563239301216	2.0844649245244575
12:2807120:A:T	0.0212424	0.00246061	2.15559	2.64235	12	2807120	A	T	0.008233292560992112	2.084426452137728
12:20749714:G:A	0.0166015	0.00193521	2.14928	2.64232	12	20749714	G	A	0.008234021940498987	2.084387980109368
12:20749809:G:T	0.0166015	0.00193521	2.14928	2.64232	12	20749809	G	T	0.008234021940498987	2.084387980109368
12:95766884:T:C	0.000516988	0.0268907	-3.95152	-2.64215	12	95766884	T	C	0.00823815618330724	2.0841699787178483
12:1272917:T:C	0.000110688	0.00115309	-2.34348	-2.64208	12	1272917	T	C	0.008239859058400752	2.084080216783748
12:100999843:G:A	0.000210707	0.023144	-4.69902	-2.64206	12	100999843	G	A	0.008240345651990909	2.084054570875228
12:116619306:G:T	0.00058267	0.0362739	-4.13123	-2.64184	12	116619306	G	T	0.008245699878788029	2.083772476393533
12:41179288:C:T	8.26117e-05	0.00125247	-2.71872	-2.64183	12	41179288	C	T	0.008245943326682954	2.0837596543750005
12:28195491:G:A	3.32024e-05	0.00197883	-4.08764	-2.64181	12	28195491	G	A	0.008246430241767654	2.0837340104573894
12:28195579:A:G	3.32024e-05	0.00197883	-4.08764	-2.64181	12	28195579	A	G	0.008246430241767654	2.0837340104573894
12:28195448:C:CT	3.32024e-05	0.00197883	-4.08764	-2.64181	12	28195448	C	CT	0.008246430241767654	2.0837340104573894
12:83418802:T:C	0.00293131	2.82761e-05	4.64119	2.64152	12	83418802	T	C	0.00825349340220372	2.0833621915501337
12:62275644:G:A	0.00729006	7.03281e-05	4.6411	2.64145	12	62275644	G	A	0.008255199113809938	2.0832724471757422
12:41541449:CTT:C	0.000288562	0.00437253	-2.71819	-2.64132	12	41541449	CTT	C	0.008258367700796361	2.083105784228122
12:42797679:CAAAAAAA:C	0.00323471	0.000143422	3.1159	2.64125	12	42797679	CAAAAAAA	C	0.008260074313728839	2.083016045428143
12:14469362:CAA:C	0.00651885	0.000465522	2.63929	2.64122	12	14469362	CAA	C	0.008260805815868591	2.0829775865396924
12:23731579:G:A	0.00043256	0.0224742	-3.9504	-2.64107	12	23731579	G	A	0.008264464196106623	2.0827852974727197
12:53545485:C:T	4.4005e-05	0.002736	-4.12995	-2.64061	12	53545485	C	T	0.008275692269967003	2.0821956668632393
12:99917099:A:G	6.58211e-05	0.000996523	-2.71733	-2.6405	12	99917099	A	G	0.008278379265486479	2.0820546807215816
12:43857304:T:G	0.000174276	0.00185643	-2.36577	-2.64045	12	43857304	T	G	0.008279600885112452	2.081990597704368
12:102587797:C:CA	0.000495796	0.00854609	-2.84706	-2.64045	12	102587797	C	CA	0.008279600885112452	2.081990597704368
12:1269927:A:G	0.000804705	0.000172193	1.54186	2.64044	12	1269927	A	G	0.008279845228392096	2.081977781220372
12:4820621:C:T	0.000368792	0.0229245	-4.12973	-2.64039	12	4820621	C	T	0.008281067041570571	2.081913699397627
12:61299118:C:T	2.88042e-05	0.00315665	-4.69674	-2.64011	12	61299118	C	T	0.00828791217696628	2.0815548595849678
12:72557110:T:C	0.000615161	9.42498e-05	1.87593	2.63999	12	72557110	T	C	0.008290847355828248	2.081401080649463
12:131988827:C:G	5.60765e-05	0.000474404	-2.13534	-2.6399	12	131988827	C	G	0.008293049350278974	2.081285750210339
12:68822015:T:C	0.000201609	0.0100394	-3.90795	-2.63976	12	68822015	T	C	0.008296475715032016	2.0811063537151973
12:111466567:T:A	0.000305851	0.0189992	-4.12905	-2.63975	12	111466567	T	A	0.008296720503829912	2.0810935399784385
12:70502243:CT:C	0.0057345	0.000666074	2.15285	2.63968	12	70502243	CT	C	0.008298434206356462	2.081003844935934
12:44435829:T:C	5.66519e-06	3.62517e-05	-1.85615	-2.63947	12	44435829	T	C	0.008303577214235186	2.080734771513807
12:103870143:T:C	0.000422231	0.0251018	-4.08514	-2.63945	12	103870143	T	C	0.008304067173205821	2.080709146389328
12:81703521:A:T	0.00711144	0.000319357	3.10315	2.63943	12	81703521	A	T	0.008304557158041584	2.0806835214241044
12:33918103:A:G	0.000740672	1.83377e-05	3.6986	2.63862	12	33918103	A	G	0.008324423294222871	2.079645844165459
12:87925006:T:C	0.00465461	0.000690558	1.90811	2.63824	12	87925006	T	C	0.00833375785293517	2.079159122628665
12:20765063:T:C	0.000572994	0.0139768	-3.19428	-2.6382	12	20765063	T	C	0.00833474098257832	2.0791078921268995
12:125770065:CA:C	0.00267316	0.000192689	2.62994	2.63805	12	125770065	CA	C	0.008338428642868437	2.078915783418451
12:13742590:C:T	0.000283035	0.017548	-4.12712	-2.6379	12	13742590	C	T	0.008342117762682122	2.0787236836675995
12:108701361:A:G	3.44965e-05	0.000898469	-3.25983	-2.63781	12	108701361	A	G	0.008344331935347421	2.0786084281167105
12:32118062:A:ATATTTTATT	5.95448e-05	0.0065074	-4.69397	-2.63773	12	32118062	A	ATATTTTATT	0.008346300530164023	2.0785059814452995
12:98096226:A:G	0.000166725	0.0263112	-5.0614	-2.63763	12	98096226	A	G	0.008348761857925125	2.0783779266890248
12:107009559:A:AC	0.000102179	0.00462442	-3.81238	-2.63746	12	107009559	A	AC	0.008352947605324576	2.0781602427399317
12:101567290:G:A	0.000963913	0.0321159	-3.50611	-2.63743	12	101567290	G	A	0.008353686461472462	2.078121829119705
12:24176980:GTTTT:G	0.0192219	0.000186338	4.63624	2.63742	12	24176980	GTTTT	G	0.008353932759846623	2.07810902465925
12:52220046:C:A	0.00143255	0.0476345	-3.5041	-2.63741	12	52220046	C	A	0.008354179064716786	2.078096220238606
12:109583090:G:GT	0.00278275	0.000528568	1.66102	2.63735	12	109583090	G	GT	0.008355657030362179	2.0780193945507586
12:117224907:G:A	0.000727608	0.0177297	-3.19324	-2.6373	12	117224907	G	A	0.008356888847067123	2.077955374239004
12:6509888:T:C	0.000370389	5.79075e-05	1.85571	2.63693	12	6509888	T	C	0.008366009340666372	2.0774816548644495
12:113927880:T:C	5.51639e-05	0.00602222	-4.6929	-2.63682	12	113927880	T	C	0.008368722555272233	2.077340829884498
12:63317380:A:G	0.000199958	0.0123827	-4.12595	-2.63677	12	63317380	A	G	0.00836995609481938	2.077276820122353
12:113787330:A:G	0.000575285	0.0258195	-3.80402	-2.63633	12	113787330	A	G	0.008380818257874565	2.076713577129726
12:101871825:GT:G	0.0171563	0.000166544	4.63486	2.63627	12	101871825	GT	G	0.008382300438450369	2.0766367772384178
12:20975155:CA:C	0.0027682	2.96351e-05	4.53699	2.63595	12	20975155	CA	C	0.008390209362136363	2.0762272020215855
12:49307328:G:A	0.0109827	0.00277276	1.37648	2.6358	12	49307328	G	A	0.008393918967274597	2.0760352276710337
12:88155967:A:G	0.0011036	1.0723e-05	4.63394	2.6355	12	88155967	A	G	0.008401342578917339	2.0756513058400663
12:49806063:C:T	0.000786215	0.0223422	-3.347	-2.63528	12	49806063	C	T	0.008406790292418908	2.0753697859337596
12:2975356:CATTATTATT:C	0.0492277	0.00940982	1.6547	2.63527	12	2975356	CATTATTATT	C	0.008407037990813835	2.0753569900321613
12:40276874:C:T	0.000110405	0.00286829	-3.25732	-2.63524	12	40276874	C	T	0.008407781125164826	2.0753186025662087
12:76223639:GTA:G	0.00866832	0.000519359	2.81483	2.6352	12	76223639	GTA	G	0.008408772062359529	2.0752674198355656
12:49805533:G:C	0.00078633	0.0223422	-3.34686	-2.63513	12	49805533	G	C	0.008410506453808508	2.0751778515894963
12:43615239:G:GTT	0.000609751	0.0197333	-3.47701	-2.63506	12	43615239	G	GTT	0.008412241165211288	2.0750882852939476
12:101677941:G:A	0.00214274	0.0518651	-3.18656	-2.63506	12	101677941	G	A	0.008412241165211288	2.0750882852939476
12:76157642:A:G	0.000578422	0.00519085	-2.19435	-2.63453	12	76157642	A	G	0.008425385796095084	2.0744102037766043
12:67814532:T:C	0.0188649	0.00221756	2.1409	2.63437	12	67814532	T	C	0.008429357594805145	2.0742055218950792
12:67814531:T:C	0.0188649	0.00221756	2.1409	2.63437	12	67814531	T	C	0.008429357594805145	2.0742055218950792
12:67814364:A:G	0.0188649	0.00221808	2.14066	2.63415	12	67814364	A	G	0.008434821552238665	2.0739241009465617
12:67814373:A:G	0.0188649	0.00221808	2.14066	2.63415	12	67814373	A	G	0.008434821552238665	2.0739241009465617
12:115176652:TGA:T	0.0809989	0.00818665	2.29193	2.63399	12	115176652	TGA	T	0.008438797328784515	2.0737194432665143
12:113591411:AAG:A	0.0169948	0.000254447	4.20157	2.63361	12	113591411	AAG	A	0.008448246515876516	2.0732334221157944
12:113787459:A:G	0.000575285	0.0257425	-3.80103	-2.63345	12	113787459	A	G	0.00845222795100152	2.073028798826641
12:113787578:A:G	0.000575285	0.0257425	-3.80103	-2.63345	12	113787578	A	G	0.00845222795100152	2.073028798826641
12:67813047:C:T	0.0191612	0.00225464	2.1399	2.63342	12	67813047	C	T	0.00845297465687102	2.0729904330943323
12:74965044:A:G	2.85702e-05	0.00176306	-4.12244	-2.63342	12	74965044	A	G	0.00845297465687102	2.0729904330943323
12:41977996:G:A	0.000161742	0.0253883	-5.05604	-2.63334	12	41977996	G	A	0.008454966160949162	2.0728881262261996
12:51414443:G:A	0.00034678	0.0198525	-4.0474	-2.63317	12	51414443	G	A	0.0084591995003753	2.0726707325896467
12:92906093:CT:C	0.00525929	0.000130987	3.69265	2.63312	12	92906093	CT	C	0.008460444960896278	2.0726067954739578
12:48469426:G:A	0.000212171	0.0230604	-4.68848	-2.63303	12	48469426	G	A	0.008462687203083966	2.0724917111733134
12:98267357:G:A	0.000461311	3.63763e-05	2.54016	2.63234	12	98267357	G	A	0.008479895389207143	2.0716095053105406
12:99691327:G:A	7.98016e-05	0.00206714	-3.25438	-2.63224	12	99691327	G	A	0.008482391923566226	2.071481665110234
12:14220131:G:A	0.000178371	0.0146963	-4.41149	-2.63192	12	14220131	G	A	0.00849038525085908	2.0710726032158475
12:98247899:C:G	0.000148514	0.00875864	-4.07711	-2.63186	12	98247899	C	G	0.008491884749367386	2.070995908647988
12:1204566:T:C	0.000330927	0.0029616	-2.19159	-2.63182	12	1204566	T	C	0.008492884546597024	2.0709447797321
12:77942978:T:G	0.00023576	0.00804316	-3.52976	-2.63161	12	77942978	T	G	0.008498135209145486	2.0706763633713985
12:30174343:G:C	0.0100992	0.00045143	3.10779	2.63147	12	30174343	G	C	0.00850163726326979	2.07049742888207
12:30174351:C:T	0.0100992	0.00045143	3.10779	2.63147	12	30174351	C	T	0.00850163726326979	2.07049742888207
12:30174371:A:G	0.0100992	0.00045143	3.10779	2.63147	12	30174371	A	G	0.00850163726326979	2.07049742888207
12:113630889:T:A	0.000337325	0.0192763	-4.04558	-2.63146	12	113630889	T	A	0.008501887459366258	2.0704846481456203
12:61269019:G:A	0.00137097	2.27648e-05	4.09805	2.63131	12	61269019	G	A	0.008505641190963838	2.070292941874902
12:88526864:CTTTTT:C	0.00413147	4.44836e-05	4.53127	2.63119	12	88526864	CTTTTT	C	0.008508645243169417	2.070139583305932
12:100846572:A:G	9.31643e-05	0.00479097	-3.94012	-2.63114	12	100846572	A	G	0.008509897211559467	2.0700756855936877
12:61304215:A:T	4.34745e-05	0.00471272	-4.68585	-2.63078	12	61304215	A	T	0.00851891624751649	2.069615651437593
12:84415933:A:C	1.36689e-05	0.000440231	-3.47218	-2.63072	12	84415933	A	C	0.008520420250830838	2.0695389840929526
12:113593738:G:A	0.000235737	0.00803367	-3.52868	-2.63056	12	113593738	G	A	0.008524432087120525	2.0693345448451916
12:61312496:C:T	0.000181401	0.0103557	-4.04458	-2.63051	12	61312496	C	T	0.008525686132288003	2.069270659669703
12:30513638:GGT:G	0.00435179	0.000327216	2.58772	2.6301	12	30513638	GGT	G	0.00853597552624697	2.0687468387606165
12:31975313:A:G	0.000306801	0.0151212	-3.89765	-2.63004	12	31975313	A	G	0.008537482222147527	2.068670187653751
12:39954254:A:C	0.00635227	0.000175179	3.59076	2.63001	12	39954254	A	C	0.008538235659262927	2.0686318626375892
12:81703502:A:C	0.00706909	0.000320789	3.0927	2.62974	12	81703502	A	C	0.008545019268977222	2.068286953610179
12:69856372:A:G	0.000182175	0.028467	-5.05153	-2.62973	12	69856372	A	G	0.008545270606295454	2.068274179758921
12:69856122:T:C	0.000182175	0.028467	-5.05153	-2.62973	12	69856122	T	C	0.008545270606295454	2.068274179758921
12:120571395:C:T	0.000127975	0.00423015	-3.49816	-2.62968	12	120571395	C	T	0.008546527392033276	2.0682103110995897
12:121303916:T:TAGA	0.0116551	0.00223154	1.65305	2.62966	12	121303916	T	TAGA	0.008547030152599626	2.068184763914438
12:100845393:G:T	0.000107106	0.00477322	-3.79695	-2.62951	12	100845393	G	T	0.00855080169978355	2.0679931650999306
12:91817979:A:G	0.000151693	0.0164147	-4.68407	-2.62926	12	91817979	A	G	0.008557090918430363	2.0676738536408523
12:7019343:C:CA	0.00216883	0.000341737	1.8479	2.62901	12	7019343	C	CA	0.008563384272433885	2.067354567054583
12:14116673:T:C	0.105481	0.0158258	1.89689	2.62853	12	14116673	T	C	0.008575479112871475	2.0667416065314232
12:90443404:C:A	2.02332e-05	0.000471233	-3.14803	-2.62827	12	90443404	C	A	0.008582036859321735	2.066409624531189
12:95825647:G:T	8.19225e-05	0.00231172	-3.33997	-2.62816	12	95825647	G	T	0.008584812639833125	2.066269178706271
12:74965554:A:G	2.87318e-05	0.00176306	-4.1168	-2.62801	12	74965554	A	G	0.008588599088540793	2.0660776694322367
12:20418425:T:C	0.000928377	0.0224319	-3.1848	-2.62781	12	20418425	T	C	0.008593650009221578	2.065822337661535
12:100863062:T:G	0.00232641	0.00013082	2.87825	2.62727	12	100863062	T	G	0.008607300761510398	2.065133021388676
12:97769694:G:GT	0.000277467	0.0431971	-5.04782	-2.62677	12	97769694	G	GT	0.008619957626653805	2.0644948690425338
12:120625635:C:T	0.00030534	0.032945	-4.68117	-2.62677	12	120625635	C	T	0.008619957626653805	2.0644948690425338
12:17749248:G:A	7.75472e-06	0.000186604	-3.18069	-2.62656	12	17749248	G	A	0.008625278469272588	2.064226874722376
12:83424481:G:A	2.65295e-05	0.00412761	-5.0472	-2.62627	12	83424481	G	A	0.008632631126054889	2.0638568161769366
12:103809837:G:C	0.00501863	0.000378983	2.58342	2.62619	12	103809837	G	C	0.008634660430866676	2.063754736950092
12:1433019:T:C	0.000522241	0.00381721	-1.98915	-2.62618	12	1433019	T	C	0.00863491412394725	2.0637419772257974
12:27997555:T:C	0.000736872	0.00538488	-1.98893	-2.62599	12	27997555	T	C	0.008639735558528646	2.0634995500245035
12:61270001:G:A	1.87796e-05	0.00153687	-4.40473	-2.62584	12	61270001	G	A	0.008643543653868588	2.063308170275425
12:59578971:C:G	0.000207921	0.0127284	-4.11444	-2.62574	12	59578971	C	G	0.008646083217515584	2.06318058874987
12:3436794:G:A	0.00773937	0.0487519	-1.84042	-2.62556	12	3436794	G	A	0.00865065611279634	2.062950952031053
12:41455075:A:C	0.00013805	0.00213101	-2.73673	-2.62556	12	41455075	A	C	0.00865065611279634	2.062950952031053
12:30447975:A:G	5.71755e-05	0.0032464	-4.03918	-2.62541	12	30447975	A	G	0.008654468510098245	2.062759597946768
12:132404906:G:A	0.000601016	0.0197455	-3.49206	-2.62532	12	132404906	G	A	0.008656756669244576	2.0626447897935076
12:44837604:G:A	0.000258269	0.00875415	-3.52328	-2.62529	12	44837604	G	A	0.008657519509111816	2.0626065211253035
12:75684602:C:G	0.0913372	0.00144071	4.14942	2.62529	12	75684602	C	G	0.008657519509111816	2.0626065211253035
12:15106178:TTTTC:T	0.0262027	0.000284158	4.52409	2.62523	12	15106178	TTTTC	T	0.00865904536909828	2.0625299848632155
12:72166908:CGTGT:C	0.0210858	0.000681061	3.4327	2.62486	12	72166908	CGTGT	C	0.008668460151599935	2.062058042899466
12:79386310:GT:G	0.0236527	0.0035614	1.89332	2.62484	12	79386310	GT	G	0.008668969319303454	2.0620325340748233
12:40279722:A:G	4.38353e-05	0.00471891	-4.67889	-2.62482	12	40279722	A	G	0.008669478513737333	2.0620070254093372
12:132408651:G:C	0.0202304	0.000219604	4.52312	2.62443	12	132408651	G	C	0.008679413149650919	2.0615096382433666
12:113109037:G:T	0.0302863	0.00562917	1.68273	2.62392	12	113109037	G	T	0.008692419948661444	2.0608593001862268
12:17077320:CTTTTTTT:C	0.00530458	0.000494175	2.37344	2.62386	12	17077320	CTTTTTTT	C	0.008693951305009063	2.0607827966302388
12:81704653:T:A	0.00706949	0.000322903	3.08619	2.62371	12	81704653	T	A	0.008697780750774115	2.0605915440067446
12:127177672:A:G	0.00139197	0.0850331	-4.11232	-2.62371	12	127177672	A	G	0.008697780750774115	2.0605915440067446
12:61482458:A:G	0.000158042	0.00518294	-3.49027	-2.62352	12	61482458	A	G	0.008702633546097474	2.0603493035348315
12:58483995:GC:G	0.01017	0.00028255	3.58334	2.62345	12	58483995	GC	G	0.008704422027923323	2.060260060665768
12:44838773:T:C	0.000163766	0.0133639	-4.40187	-2.62327	12	44838773	T	C	0.008709022489592785	2.0600305879544125
12:34223690:GA:G	0.0028022	7.78699e-05	3.58312	2.62326	12	34223690	GA	G	0.008709278134497152	2.0600178398484177
12:3796090:T:C	0.000243428	0.0198635	-4.40182	-2.62322	12	3796090	T	C	0.008710300781179296	2.0599668478223014
12:88362824:C:T	9.47151e-06	0.00101754	-4.67685	-2.62307	12	88362824	C	T	0.008714136662051983	2.0597756333938775
12:103906887:A:G	7.54259e-05	0.00255076	-3.52099	-2.62306	12	103906887	A	G	0.008714392441111276	2.059762886083604
12:38975767:T:TTTTG	1.61458e-05	0.00131683	-4.40132	-2.62278	12	38975767	T	TTTTG	0.00872155697930789	2.059405977548913
12:48078370:CAT:C	0.00215149	6.96607e-05	3.43028	2.62262	12	48078370	CAT	C	0.008725653364088327	2.059202043819271
12:28433584:G:A	0.00190771	3.01868e-05	4.14626	2.6226	12	28433584	G	A	0.00872616553306028	2.0591765528191988
12:31326274:G:A	0.000511517	0.0312101	-4.11112	-2.62256	12	31326274	G	A	0.008727189951600356	2.059125571296475
12:123303634:A:AAGGAGTC	0.00111423	0.000211148	1.66336	2.62252	12	123303634	A	AAGGAGTC	0.008728214477610036	2.0590745904103103
12:14441487:C:CT	0.000168722	0.00576688	-3.53163	-2.6224	12	14441487	C	CT	0.008731288700553059	2.0589216515711612
12:43105364:C:T	0.000157659	0.0051723	-3.49064	-2.62236	12	43105364	C	T	0.008732313656537496	2.058870673231224
12:58550743:C:T	0.00042167	0.0138332	-3.49061	-2.62233	12	58550743	C	T	0.008733082444083846	2.058832439894009
12:42797532:T:C	0.00310476	0.000140371	3.0964	2.62225	12	42797532	T	C	0.00873513283991226	2.0587304860786237
12:54489475:TTTTATTTAT:T	0.0117287	0.000185692	4.14571	2.62213	12	54489475	TTTTATTTAT	T	0.00873820924026117	2.0585775601296747
12:92908389:C:T	0.0070887	0.000181779	3.66347	2.62193	12	92908389	C	T	0.008743338725768808	2.0583226962790326
12:64490825:G:T	0.000118331	0.0126951	-4.67549	-2.62191	12	64490825	G	T	0.008743851822279144	2.0582972107692163
12:89792309:G:A	7.58821e-05	0.0046267	-4.11042	-2.62189	12	89792309	G	A	0.008744364945696043	2.0582717254185354
12:59989931:A:G	1.77851e-05	0.00108436	-4.11038	-2.62186	12	59989931	A	G	0.008745134681273843	2.058233497690892
12:54439881:A:G	9.70012e-05	0.00790283	-4.40025	-2.62182	12	54439881	A	G	0.008746161089561787	2.0581825279443406
12:101671500:G:C	0.0011116	0.0265647	-3.17378	-2.62182	12	101671500	G	C	0.008746161089561787	2.0581825279443406
12:57247557:T:C	0.000441531	0.0123813	-3.3337	-2.6218	12	57247557	T	C	0.008746674334073142	2.0581570433097673
12:25204694:TA:T	9.30647e-05	1.40265e-05	1.89235	2.62147	12	25204694	TA	T	0.00875514675500266	2.057736569814267
12:117228943:A:G	0.00065241	0.0156049	-3.17467	-2.62141	12	117228943	A	G	0.008756687982805987	2.057660124742452
12:124469430:G:A	0.00148305	0.035579	-3.17766	-2.62125	12	124469430	G	A	0.008760799108918957	2.057456278219409
12:51319955:C:CTCTCTCCTT	0.0024532	0.000186324	2.57766	2.62095	12	51319955	C	CTCTCTCCTT	0.008768512119116103	2.05707409343872
12:17291421:C:T	0.0495712	0.000490179	4.6164	2.62094	12	17291421	C	T	0.008768769323920771	2.0570613545626566
12:75684320:T:A	0.00140745	0.114534	-4.39909	-2.62077	12	75684320	T	A	0.00877314283713788	2.056844799756244
12:63441960:G:GAGAGAGAGA	7.15375e-05	0.00766431	-4.67411	-2.62072	12	63441960	G	GAGAGAGAGA	0.00877442953543257	2.0567811093541306
12:31705097:G:A	1.48355e-05	0.000724003	-3.88777	-2.62071	12	31705097	G	A	0.008774686895324693	2.056768371393053
12:78403696:GT:G	0.0110164	0.000185138	4.08604	2.62068	12	78403696	GT	G	0.008775459015470114	2.056730157748512
12:103904883:C:T	4.46617e-05	0.00260259	-4.06515	-2.62055	12	103904883	C	T	0.008778805570986566	2.0565645694261274
12:84725017:A:G	7.46563e-05	0.0043504	-4.06513	-2.62053	12	84725017	A	G	0.008779320526880532	2.0565390948963294
12:101296900:T:C	8.18822e-05	0.00498456	-4.10882	-2.62036	12	101296900	T	C	0.008783698741816523	2.0563225678177464
12:21136323:C:T	0.00017564	0.0102324	-4.06488	-2.6203	12	21136323	C	T	0.008785244459860871	2.056246149240799
12:3846584:G:A	0.000256469	0.0130396	-3.92874	-2.62013	12	3846584	G	A	0.008789625314236762	2.056029637716636
12:13741810:G:A	0.000257983	0.00821041	-3.46027	-2.62001	12	13741810	G	A	0.00879271885709817	2.055876812974382
12:42212427:T:C	1.39204e-05	0.00214689	-5.03842	-2.61924	12	42212427	T	C	0.008812592248802261	2.054896323851768
12:86842873:A:C	8.89027e-05	9.71361e-07	4.5166	2.61901	12	86842873	A	C	0.00881853623560046	2.054603496223968
12:82947858:T:A	0.000872599	0.00907144	-2.34141	-2.61889	12	82947858	T	A	0.00882163886778313	2.0544507249456436
12:15061905:T:TTA	0.0010314	0.0599966	-4.06337	-2.61888	12	15061905	T	TTA	0.008821897464481195	2.0544379942643447
12:26666165:A:ATAGATAGAT	0.000178125	0.0100436	-4.03221	-2.61884	12	26666165	A	ATAGATAGAT	0.008822931918999214	2.0543870719369357
12:10256425:GTTTT:G	9.9483e-05	1.55762e-05	1.85424	2.61884	12	10256425	GTTTT	G	0.008822931918999214	2.0543870719369357
12:54779599:G:A	0.000205056	0.0119266	-4.06324	-2.61875	12	54779599	G	A	0.008825259837901915	2.0542724990273085
12:23736689:CT:C	0.0232378	0.000369397	4.14167	2.61869	12	23736689	CT	C	0.00882681208867803	2.0541961188775857
12:3814696:A:T	0.000107914	0.00627609	-4.06317	-2.61868	12	3814696	A	T	0.008827070820853397	2.054183388991856
12:117626500:T:C	0.000725054	1.83437e-05	3.67696	2.61859	12	117626500	T	C	0.008829399715345436	2.05406882181031
12:102905851:T:C	0.000680524	0.00889046	-2.56987	-2.61858	12	102905851	T	C	0.008829658515282189	2.0540560923223623
12:15123572:AAAT:A	0.00395387	0.000128585	3.42586	2.61853	12	15123572	AAAT	A	0.008830952616623582	2.0539924454792944
12:42115578:G:A	1.05313e-05	0.0016221	-5.03712	-2.61821	12	42115578	G	A	0.008839238878432406	2.0535851292321587
12:42115577:T:C	1.05313e-05	0.0016221	-5.03712	-2.61821	12	42115577	T	C	0.008839238878432406	2.0535851292321587
12:75585504:CT:C	0.000837165	0.000126584	1.88912	2.61817	12	75585504	CT	C	0.008840275149402525	2.053534217565256
12:55762515:G:A	3.32993e-05	0.0020221	-4.10636	-2.618	12	55762515	G	A	0.008844680511942146	2.0533178500811697
12:17297648:A:G	8.52234e-05	0.00270617	-3.45801	-2.61798	12	17297648	A	G	0.008845198918803155	2.0532923958388087
12:1711613:CCTCTCTCTC:C	0.00137592	8.39488e-05	2.79667	2.61797	12	1711613	CCTCTCTCTC	C	0.008845458132412698	2.053279668777294
12:48650614:TTTG:T	0.00652704	9.96279e-05	4.18227	2.61787	12	48650614	TTTG	T	0.008848050641775435	2.053152400349878
12:107857000:GTT:G	0.000397742	0.00668853	-2.82235	-2.61771	12	107857000	GTT	G	0.008852200068669037	2.052948779139598
12:115179232:C:G	0.0745985	0.00766941	2.27488	2.6176	12	115179232	C	G	0.008855053807961005	2.0528087954643586
12:59580258:T:C	0.000208406	0.0121029	-4.06171	-2.61731	12	59580258	T	C	0.008862581242253394	2.0524397706635313
12:113593441:G:A	0.00023898	0.00803367	-3.51502	-2.61724	12	113593441	G	A	0.008864399065337937	2.052350700723388
12:113593534:A:G	0.00023898	0.00803367	-3.51502	-2.61724	12	113593534	A	G	0.008864399065337937	2.052350700723388
12:113593611:C:T	0.00023898	0.00803367	-3.51502	-2.61724	12	113593611	C	T	0.008864399065337937	2.052350700723388
12:41207953:C:CA	9.40367e-05	0.00186354	-2.98655	-2.61717	12	41207953	C	CA	0.00886621722149053	2.0522616327322583
12:38198877:T:C	1.34206e-05	0.000590398	-3.784	-2.61701	12	38198877	T	C	0.00887037425796631	2.0520580560712465
12:103906313:C:T	7.44476e-05	0.00250176	-3.51466	-2.61688	12	103906313	C	T	0.008873753132025505	2.051892657531838
12:58468794:A:T	0.000545405	0.0330793	-4.10513	-2.61683	12	58468794	A	T	0.00887505300507814	2.051829044498873
12:102908655:TTATGAACA:T	0.000789834	0.0102989	-2.56797	-2.61682	12	102908655	TTATGAACA	T	0.008875313000098677	2.0518163220116055
12:31701330:C:G	5.42785e-06	0.000238621	-3.78333	-2.61637	12	31701330	C	G	0.00888701982015107	2.051243851251485
12:100908554:CATATT:C	0.00149494	9.13661e-05	2.79497	2.61636	12	100908554	CATATT	C	0.008887280128298782	2.0512311305938518
12:43912463:G:A	0.0191822	0.00365911	1.65677	2.61629	12	43912463	G	A	0.00888910247604052	2.051142087104101
12:86830719:G:GAAACAAAC	1.11939e-05	0.00171985	-5.03463	-2.61621	12	86830719	G	GAAACAAAC	0.008891185567882126	2.051040325502263
12:32405020:A:G	0.00257922	0.000190437	2.60592	2.61584	12	32405020	A	G	0.008900825540672227	2.050569711205479
12:113593360:G:A	0.000239367	0.00803367	-3.5134	-2.61566	12	113593360	G	A	0.008905518631895972	2.0503407833976164
12:14364155:T:C	2.55794e-05	0.000609926	-3.17155	-2.61564	12	14364155	T	C	0.008906040222887051	2.050315347769983
12:20767814:C:T	0.000661145	0.0110929	-2.82009	-2.61563	12	20767814	C	T	0.00890630102861498	2.050302630015826
12:1211621:G:A	0.00298194	0.000579347	1.63843	2.61555	12	1211621	G	A	0.008908387720036118	2.050200889414397
12:121179457:G:A	0.00117344	0.000228827	1.63473	2.61502	12	121179457	G	A	0.008922223083810075	2.049526922222344
12:121179469:C:T	0.00117344	0.000228827	1.63473	2.61502	12	121179469	C	T	0.008922223083810075	2.049526922222344
12:87923423:C:T	0.00421949	0.000663281	1.85027	2.61497	12	87923423	C	T	0.008923529296963436	2.049463346178745
12:65652552:T:A	0.00142463	0.0281649	-2.98417	-2.61495	12	65652552	T	A	0.008924051830046749	2.049437916039709
12:66082642:G:A	0.000238018	0.00606124	-3.23732	-2.61483	12	66082642	G	A	0.008927187602491489	2.049285338546319
12:69855617:A:G	0.000185613	0.028467	-5.03284	-2.61478	12	69855617	A	G	0.008928494464773265	2.0492217662810357
12:42116392:G:A	1.09441e-05	0.00167829	-5.03273	-2.61469	12	42116392	G	A	0.008930847247483277	2.0491073387091294
12:102131900:G:A	8.93607e-05	0.00540762	-4.10288	-2.61467	12	102131900	G	A	0.008931370163279072	2.0490819107973026
12:101032010:A:G	0.000340351	0.0197102	-4.05892	-2.61466	12	101032010	A	G	0.008931631631431543	2.0490691969010464
12:32736228:T:C	0.00157706	0.000356423	1.4872	2.61451	12	32736228	T	C	0.008935554474195292	2.0488784932297492
12:15106589:C:T	0.0284273	0.000312307	4.51112	2.61446	12	15106589	C	T	0.008936862430368543	2.0488149273278724
12:7312550:A:G	0.000493231	0.0217846	-3.78798	-2.6141	12	7312550	A	G	0.008946284763638426	2.0483572821852105
12:41922225:C:T	0.00018407	0.0111307	-4.10215	-2.61397	12	41922225	C	T	0.008949689452679781	2.0481920341061484
12:13743961:A:G	0.000299726	0.0181245	-4.10215	-2.61397	12	13743961	A	G	0.008949689452679781	2.0481920341061484
12:27058564:GTAAT:G	0.000207186	5.26816e-06	3.67194	2.61394	12	27058564	GTAAT	G	0.008950475314469733	2.048153900888541
12:8008031:C:T	0.000158556	0.00531145	-3.51151	-2.61381	12	8008031	C	T	0.008953881427761528	2.04798866108166
12:18650329:C:A	0.00256591	0.000264853	2.2709	2.61376	12	18650329	C	A	0.00895519177954777	2.047925109099428
12:30183434:A:G	0.0125114	0.000569847	3.08902	2.61332	12	30183434	A	G	0.00896673026207317	2.0473658945273465
12:22527330:AT:A	0.00387658	3.86871e-05	4.6072	2.61331	12	22527330	AT	A	0.00896699265454704	2.0473531860000613
12:114147976:G:A	0.00375131	0.000447826	2.12546	2.61302	12	114147976	G	A	0.00897460501980021	2.0469846560082434
12:31403380:CT:C	0.000113338	9.12838e-06	2.51899	2.61289	12	31403380	CT	C	0.008978019332405583	2.046819463765283
12:19499940:A:G	4.50686e-06	0.000252459	-4.02565	-2.61265	12	19499940	A	G	0.008984325726461602	2.046514511127663
12:88823396:C:CA	0.0215217	0.0049412	1.47145	2.61264	12	88823396	C	CA	0.008984588578707433	2.0465018052648616
12:100513882:A:G	0.000166057	0.0100263	-4.10063	-2.61252	12	100513882	A	G	0.00898774334136393	2.046349338013133
12:120568481:CT:C	0.00396049	6.72006e-05	4.07644	2.61218	12	120568481	CT	C	0.008996687208236674	2.0459173785647407
12:103811052:C:A	0.00495997	0.000380441	2.56782	2.612	12	103811052	C	A	0.00900142541347384	2.045688712761896
12:30183392:G:A	0.0125114	0.000570839	3.08728	2.61164	12	30183392	G	A	0.009010908509557419	2.045231419809348
12:48078352:TAC:T	0.00211108	6.91686e-05	3.41841	2.61164	12	48078352	TAC	T	0.009010908509557419	2.045231419809348
12:30183271:T:A	0.0125114	0.000570839	3.08728	2.61164	12	30183271	T	A	0.009010908509557419	2.045231419809348
12:30183256:T:G	0.0125114	0.000570839	3.08728	2.61164	12	30183256	T	G	0.009010908509557419	2.045231419809348
12:30183343:C:T	0.0125114	0.000570839	3.08728	2.61164	12	30183343	C	T	0.009010908509557419	2.045231419809348
12:30183094:T:C	0.0125114	0.00057085	3.08727	2.61162	12	30183094	T	C	0.00901143560970906	2.0452060161564356
12:20748719:C:G	0.000991492	0.016561	-2.81559	-2.6115	12	20748719	C	G	0.009014598788842742	2.0450535975793094
12:95177023:T:C	5.59213e-05	0.00450377	-4.38872	-2.61145	12	95177023	T	C	0.009015917072743492	2.0449900915288897
12:1272094:T:C	9.48844e-05	0.00123883	-2.56927	-2.61088	12	1272094	T	C	0.009030957680970583	2.0442661928196673
12:108140119:G:A	0.0216057	0.00497057	1.46942	2.61073	12	108140119	G	A	0.009034919457617602	2.0440757146324513
12:19973884:C:A	0.000400586	0.010241	-3.24123	-2.6107	12	19973884	C	A	0.009035711999143195	2.0440376200686514
12:89787790:G:A	6.77606e-05	0.00327185	-3.87713	-2.61065	12	89787790	G	A	0.009037033039632514	2.043974129924274
12:61294959:G:A	2.72241e-05	0.00137025	-3.91864	-2.61037	12	61294959	G	A	0.009044434053792523	2.043618603486837
12:92465511:A:G	0.037334	0.00277301	2.59997	2.61034	12	92465511	A	G	0.009045227340492882	2.043580513217567
12:129652498:C:T	0.0414047	0.00116777	3.5683	2.61014	12	129652498	C	T	0.009050517506331282	2.043326587234761
12:6999256:C:G	4.44205e-05	0.00677287	-5.02698	-2.61009	12	6999256	C	G	0.009051840479357762	2.043263108224282
12:32122488:CAA:C	0.000109313	0.0035404	-3.47778	-2.60982	12	32122488	CAA	C	0.00905898751784271	2.0429203387454304
12:20760128:C:A	0.0102997	0.00165421	1.82879	2.60965	12	20760128	C	A	0.00906349008947006	2.0427045357967675
12:20846134:C:T	0.005894	0.00133898	1.48203	2.60951	12	20846134	C	T	0.00906719958980339	2.0425268243498933
12:20846046:C:T	0.005894	0.00133898	1.48203	2.60951	12	20846046	C	T	0.00906719958980339	2.0425268243498933
12:20846822:GT:G	0.00585809	0.00133106	1.48184	2.60933	12	20846822	GT	G	0.009071970939107556	2.0422983496554723
12:20846701:G:C	0.00585809	0.00133106	1.48184	2.60933	12	20846701	G	C	0.009071970939107556	2.0422983496554723
12:38207943:ACCCCC:A	0.000950384	3.12199e-05	3.41581	2.60924	12	38207943	ACCCCC	A	0.009074357454277565	2.0421841171393598
12:114143057:G:A	0.00338546	0.000320708	2.35671	2.60883	12	114143057	G	A	0.009085236451086475	2.0416637653217373
12:97182738:A:G	0.00272811	0.000124845	3.08429	2.60874	12	97182738	A	G	0.009087626081538808	2.0415495506983277
12:58829000:G:A	0.0161006	0.00315033	1.63135	2.60872	12	58829000	G	A	0.009088157186725622	2.041524170108275
12:1385408:G:C	0.00317266	0.000621135	1.63078	2.60816	12	1385408	G	C	0.009103039387055778	2.040813578158188
12:1259100:C:CAA	0.00366423	0.000560676	1.87723	2.60815	12	1259100	C	CAA	0.009103305338238225	2.0408008901493933
12:72561912:T:C	5.75337e-05	0.000957476	-2.81193	-2.60812	12	72561912	T	C	0.009104103233405188	2.0407628263615667
12:31396058:G:T	7.73725e-05	0.0043126	-4.02067	-2.60795	12	31396058	G	T	0.009108625818756835	2.040547138323063
12:91906851:AAAAAAAAAA:A	0.00796111	0.000225096	3.5658	2.60793	12	91906851	AAAAAAAAAA	A	0.009109158019459159	2.0405217640151445
12:58828966:G:GA	0.0160767	0.00315033	1.62987	2.60728	12	58828966	G	GA	0.009126469660960193	2.0396971855836337
12:90438689:C:T	3.155e-05	0.000718671	-3.12583	-2.60718	12	90438689	C	T	0.00912913559558414	2.039570342272962
12:88529089:C:T	0.00390553	4.3292e-05	4.50218	2.60704	12	88529089	C	T	0.009132869071940537	2.039392768317418
12:16999467:G:A	1.71875e-05	1.27126e-06	2.60417	2.60681	12	16999467	G	A	0.009139005599212347	2.0391010565932124
12:16999569:G:A	1.71875e-05	1.27126e-06	2.60417	2.60681	12	16999569	G	A	0.009139005599212347	2.0391010565932124
12:42358737:T:C	7.06186e-06	0.000744381	-4.65784	-2.60679	12	42358737	T	C	0.009139539384182363	2.03907569135027
12:1271716:A:C	9.48657e-05	0.00123309	-2.56482	-2.60676	12	1271716	A	C	0.009140340113819081	2.0390376437840394
12:90439167:A:G	3.15591e-05	0.000718371	-3.12512	-2.60651	12	90439167	A	G	0.009147015296479004	2.0387205946472333
12:131986255:T:A	7.21534e-05	0.000588322	-2.09848	-2.60645	12	131986255	T	A	0.00914861798767737	2.0386445065518264
12:100919736:G:GTATC	6.57746e-06	0.000316142	-3.87254	-2.60632	12	100919736	G	GTATC	0.009152091345220334	2.0384796539217716
12:20748908:G:A	0.000997273	0.016561	-2.80978	-2.60615	12	20748908	G	A	0.00915663520423288	2.038264087543533
12:102146976:G:A	0.000642955	1.03752e-05	4.12666	2.60593	12	102146976	G	A	0.009162518481497595	2.0379851363448864
12:123196016:T:C	2.23682e-05	0.00032636	-2.68036	-2.60529	12	123196016	T	C	0.009179652659570796	2.037173751357103
12:132404986:G:GC	0.000453779	0.0362894	-4.38167	-2.60511	12	132404986	G	GC	0.009184476797185244	2.036945578668708
12:84326687:T:C	7.59619e-05	0.0043546	-4.04875	-2.60506	12	84326687	T	C	0.009185817236925865	2.0368821996522777
12:25376660:CAAAAAA:C	0.0181187	0.00112066	2.78303	2.60503	12	25376660	CAAAAAA	C	0.009186621584580673	2.0368441727194755
12:81060543:G:T	0.000203637	0.0214206	-4.65577	-2.60502	12	81060543	G	T	0.009186889714434952	2.0368314971547172
12:125833428:A:G	0.000961698	0.0265175	-3.31686	-2.60474	12	125833428	A	G	0.00919440018680213	2.0364765974817787
12:28193432:C:T	3.2713e-05	0.00187461	-4.04838	-2.60471	12	28193432	C	T	0.009195205205211068	2.036438574365393
12:28193581:C:T	3.2713e-05	0.00187461	-4.04838	-2.60471	12	28193581	C	T	0.009195205205211068	2.036438574365393
12:28193533:G:A	3.2713e-05	0.00187461	-4.04838	-2.60471	12	28193533	G	A	0.009195205205211068	2.036438574365393
12:41921855:A:C	0.000185908	0.0111307	-4.09221	-2.60444	12	41921855	A	C	0.009202453202238439	2.0360963824182465
12:20840390:ATTTT:A	0.022323	0.00270824	2.10932	2.6044	12	20840390	ATTTT	A	0.009203527413125683	2.036045689779695
12:24027797:T:C	0.000811647	0.00784151	-2.26812	-2.60432	12	24027797	T	C	0.0092056761706486	2.0359443064107574
12:99942698:T:C	0.00179734	0.000275501	1.87547	2.60424	12	99942698	T	C	0.009207825375902319	2.0358429255860355
12:114143518:C:G	0.00339722	0.000323523	2.35144	2.60409	12	114143518	C	G	0.009211856342804421	2.035652843397103
12:10244667:C:T	0.000349654	5.9874e-06	4.06729	2.60407	12	10244667	C	T	0.00921239392403582	2.0356274997810475
12:96638184:CAT:C	0.00167371	7.7653e-05	3.07055	2.60399	12	96638184	CAT	C	0.009214544528961015	2.0355261269069382
12:66074121:A:ATAT	8.23658e-05	0.00657677	-4.38013	-2.60372	12	66074121	A	ATAT	0.00922180612898402	2.035184012239955
12:72561465:T:C	5.7325e-05	0.000949356	-2.80705	-2.60363	12	72561465	T	C	0.009224227797003114	2.0350699804575183
12:103294391:A:AAAAGAAAGA	5.89638e-05	0.008917	-5.01879	-2.60354	12	103294391	A	AAAAGAAAGA	0.009226650032550169	2.0349559518950056
12:99865217:A:G	0.000241845	0.0253908	-4.65384	-2.60337	12	99865217	A	G	0.00923122691520279	2.0347405733954393
12:1969545:C:CT	0.0226263	0.00168661	2.59639	2.60325	12	1969545	C	CT	0.0092344588756915	2.034588548430193
12:44839212:T:C	0.000159829	0.0127532	-4.37944	-2.6031	12	44839212	T	C	0.009238500246350865	2.034398525273308
12:66715455:A:ATGTGTG	0.000104283	0.00596536	-4.04661	-2.60303	12	66715455	A	ATGTGTG	0.009240386759430112	2.0343098508609425
12:76151579:TA:T	0.00118122	0.0106381	-2.19789	-2.60288	12	76151579	TA	T	0.009244430445141413	2.0341198408219414
12:109589295:G:A	0.00295842	0.000658785	1.50201	2.60285	12	109589295	G	A	0.009245239371757958	2.034081839887416
12:34227415:C:A	5.73885e-05	0.00274817	-3.86885	-2.60283	12	34227415	C	A	0.00924577869126201	2.03405650612982
12:3823173:T:C	7.77924e-05	0.00620275	-4.37871	-2.60244	12	3823173	T	C	0.009256301034791435	2.0335625296372464
12:106274277:C:CA	0.0406429	0.00625356	1.87167	2.60242	12	106274277	C	CA	0.0092568409300999	2.0335371991391837
12:64490384:G:C	0.000118231	0.0123957	-4.65247	-2.60219	12	64490384	G	C	0.009263051746250266	2.0332459098395668
12:64244490:TA:T	0.0016692	7.25642e-05	3.13563	2.60214	12	64244490	TA	T	0.009264402415634544	2.033182588861263
12:74834245:C:CTCTT	0.00110737	6.4015e-05	2.85062	2.60185	12	74834245	C	CTCTT	0.009272239764329799	2.032815346783558
12:42194397:A:G	9.37231e-06	0.000559532	-4.08934	-2.60169	12	42194397	A	G	0.009276566350865987	2.032612744774507
12:3264776:T:C	0.041373	0.00432457	2.25832	2.60167	12	3264776	T	C	0.00927710730083118	2.0325874202388547
12:122821616:AT:A	0.000898803	1.45817e-05	4.1213	2.60137	12	122821616	AT	A	0.009285224928791955	2.032207571283385
12:122822000:A:G	0.000898803	1.45817e-05	4.1213	2.60137	12	122822000	A	G	0.009285224928791955	2.032207571283385
12:48464724:A:G	0.000193295	0.0202453	-4.65146	-2.60133	12	48464724	A	G	0.00928630775793251	2.0321569274588764
12:61264662:G:C	2.22993e-05	0.00177571	-4.3774	-2.60126	12	61264662	G	C	0.00928820298006517	2.032068302296291
12:44399441:A:G	7.07005e-05	0.000433241	-1.81284	-2.60114	12	44399441	A	G	0.009291452735275468	2.0319163779774136
12:101666894:T:C	0.0040848	0.00025374	2.77871	2.60095	12	101666894	T	C	0.00929660025598007	2.031675842844908
12:49333543:C:CT	0.0318197	0.00778954	1.4073	2.60083	12	49333543	C	CT	0.009299852632602527	2.031523933312153
12:123279116:AGTTTT:A	0.000135571	0.00138086	-2.32097	-2.60081	12	123279116	AGTTTT	A	0.009300394794067971	2.0314986156131556
12:51402061:T:C	0.0778314	0.00359736	3.07434	2.60076	12	51402061	T	C	0.009301750321117672	2.03143532206124
12:52237625:C:T	0.00176545	0.059057	-3.5101	-2.60057	12	52237625	C	T	0.009306902931759996	2.0311948156262885
12:84510626:T:C	1.57012e-05	0.00089573	-4.0439	-2.60047	12	84510626	T	C	0.009309615854893285	2.0310682390553993
12:84510514:G:T	1.57012e-05	0.00089573	-4.0439	-2.60047	12	84510514	G	T	0.009309615854893285	2.0310682390553993
12:79385464:AT:A	0.0233968	0.00360686	1.86976	2.60044	12	79385464	AT	A	0.009310429869414128	2.031030266859192
12:120569781:G:A	9.36547e-05	0.00979832	-4.65035	-2.60038	12	120569781	G	A	0.009312058088979074	2.0309543235399357
12:43104849:G:A	0.000164368	0.00527206	-3.46807	-2.60037	12	43104849	G	A	0.009312329483605854	2.030941666459172
12:129601716:CACA:C	0.0464615	0.00154114	3.4061	2.60026	12	129601716	CACA	C	0.009315315290320333	2.0308024411940386
12:30182491:T:C	0.012363	0.00057085	3.07534	2.60008	12	30182491	T	C	0.009320202998367362	2.0305746284066752
12:30182517:A:G	0.012363	0.00057085	3.07534	2.60008	12	30182517	A	G	0.009320202998367362	2.0305746284066752
12:30182468:G:A	0.012363	0.00057085	3.07534	2.60008	12	30182468	G	A	0.009320202998367362	2.0305746284066752
12:113562867:TTGTG:T	0.0270634	0.000772231	3.55666	2.59984	12	113562867	TTGTG	T	0.009326723501781535	2.0302708980554662
12:10336821:A:C	0.00463703	0.0425686	-2.21704	-2.59983	12	10336821	A	C	0.0093269952777294	2.0302582431209864
12:10254513:C:T	1.67454e-05	0.00133122	-4.37573	-2.59976	12	10254513	C	T	0.009328897907215703	2.030169659692503
12:41180585:A:G	0.000755925	0.0001207	1.83464	2.59972	12	41180585	A	G	0.009329985279533373	2.0301190414649115
12:113631669:T:C	0.000408425	0.00922772	-3.11766	-2.59941	12	113631669	T	C	0.00933841624989286	2.02972677176283
12:20934677:GTT:G	0.00219147	0.000265314	2.11141	2.59934	12	20934677	GTT	G	0.00934032095785339	2.0296382000194018
12:73705465:C:G	5.70741e-05	0.00128841	-3.11681	-2.59861	12	73705465	C	G	0.009360205005490157	2.028714639319786
12:65560126:A:AT	0.000716381	0.0139162	-2.9666	-2.59852	12	65560126	A	AT	0.00936265907651908	2.0286007903373338
12:83720040:C:G	0.000875436	4.05595e-05	3.07195	2.59843	12	83720040	C	G	0.009365113721540872	2.028486944574082
12:87741610:C:T	1.43914e-05	0.00114239	-4.37424	-2.59842	12	87741610	C	T	0.009365386495313252	2.0284742952435475
12:87741575:T:C	1.43914e-05	0.00114239	-4.37424	-2.59842	12	87741575	T	C	0.009365386495313252	2.0284742952435475
12:113354067:C:T	0.0039027	0.0357371	-2.21452	-2.59812	12	113354067	C	T	0.009373573005063624	2.0280948338079483
12:23986129:T:C	0.000344222	0.0171039	-3.90577	-2.59794	12	23986129	T	C	0.009378487974649496	2.0278671741153893
12:84010940:T:C	2.46427e-05	0.00135902	-4.01004	-2.59792	12	84010940	T	C	0.009379034224273207	2.0278418793888395
12:49667091:T:C	0.000114211	0.000836658	-1.99136	-2.59785	12	49667091	T	C	0.009380946321480477	2.027753349097795
12:50421410:G:A	7.60397e-05	0.00110074	-2.67248	-2.59778	12	50421410	G	A	0.009382858766433298	2.0276648207541097
12:105881237:G:A	0.00032454	0.00812586	-3.2204	-2.59755	12	105881237	G	A	0.009389144963216219	2.0273739556215062
12:3796046:T:C	0.000249976	0.0198182	-4.37299	-2.5973	12	3796046	T	C	0.009395982046805465	2.0270578217135853
12:43859157:A:G	0.000159013	0.00145452	-2.21344	-2.59724	12	43859157	A	G	0.009397623607584815	2.026981953271616
12:9888055:CA:C	0.0177214	0.000822261	3.07047	2.59698	12	9888055	CA	C	0.009404739994340681	2.0266532065552805
12:92423534:C:T	0.000186717	0.00810033	-3.77007	-2.59695	12	92423534	C	T	0.009405561425144641	2.0266152759705762
12:30182128:A:C	0.0124035	0.000574663	3.07195	2.5968	12	30182128	A	C	0.009409669539233416	2.0264256284120092
12:30182189:A:G	0.0124035	0.000574663	3.07195	2.5968	12	30182189	A	G	0.009409669539233416	2.0264256284120092
12:131666625:T:C	0.000166282	0.00159345	-2.25997	-2.59638	12	131666625	T	C	0.009421180775060038	2.0258946628168646
12:18988859:GA:G	0.00664612	0.00127133	1.65397	2.59638	12	18988859	GA	G	0.009421180775060038	2.0258946628168646
12:121360249:C:CA	0.000757864	0.00974018	-2.55351	-2.59631	12	121360249	C	CA	0.009423100535123071	2.025806175366363
12:114365833:CA:C	0.02223	0.000576139	3.65285	2.59627	12	114365833	CA	C	0.009424197697533332	2.0257556119831994
12:62275977:TGA:T	0.00488818	7.97919e-05	4.11515	2.59614	12	62275977	TGA	T	0.009427764262366129	2.025591285379103
12:28194332:G:C	3.30164e-05	0.00187461	-4.03915	-2.59598	12	28194332	G	C	0.009432155533366524	2.0253890464704405
12:63499367:T:C	0.000461807	0.0254145	-4.00793	-2.59593	12	63499367	T	C	0.009433528179652576	2.0253258488977726
12:19513794:A:G	2.14297e-05	0.00169584	-4.37116	-2.59565	12	19513794	A	G	0.009441218292109664	2.0249719608500447
12:19511271:G:A	2.14241e-05	0.00169531	-4.37111	-2.59561	12	19511271	G	A	0.009442317335936435	2.0249214079579088
12:117640224:A:G	0.000540014	0.030643	-4.03856	-2.59543	12	117640224	A	G	0.009447264445457033	2.0246939278114287
12:117640319:C:T	0.000540014	0.030643	-4.03856	-2.59543	12	117640319	C	T	0.009447264445457033	2.0246939278114287
12:117640314:G:C	0.000540014	0.030643	-4.03856	-2.59543	12	117640314	G	C	0.009447264445457033	2.0246939278114287
12:117640311:C:T	0.000540014	0.030643	-4.03856	-2.59543	12	117640311	C	T	0.009447264445457033	2.0246939278114287
12:117640211:A:G	0.000540014	0.030643	-4.03856	-2.59543	12	117640211	A	G	0.009447264445457033	2.0246939278114287
12:41179709:G:T	0.000790384	0.00012678	1.83007	2.59526	12	41179709	G	T	0.009451938838186201	2.0244790972728652
12:117395747:A:C	0.00131345	0.016732	-2.54467	-2.59522	12	117395747	A	C	0.00945303899504996	2.024428550579829
12:13814657:C:T	0.000224304	0.00651239	-3.36846	-2.59521	12	13814657	C	T	0.009453314052111113	2.0244159140059135
12:41632181:A:T	9.62261e-05	0.00320057	-3.50438	-2.59477	12	41632181	A	T	0.009465423632057693	2.023859944093439
12:75695700:G:C	0.000442905	0.0662406	-5.00769	-2.59467	12	75695700	G	C	0.009468177738078348	2.0237335980240987
12:66082052:A:T	0.000239467	0.00597858	-3.21752	-2.59462	12	66082052	A	T	0.009469555059088426	2.023670426479548
12:103816462:A:G	0.0115992	0.000306595	3.63316	2.59443	12	103816462	A	G	0.009474790508773303	2.023430383670134
12:23740819:G:A	0.000403897	0.0132633	-3.49159	-2.59439	12	23740819	G	A	0.009475893037603458	2.0233798501696993
12:95176475:C:G	5.7011e-05	0.00450377	-4.36943	-2.59409	12	95176475	C	G	0.00948416565171417	2.0230008691817125
12:13736142:G:C	0.0188673	0.00049891	3.63276	2.59407	12	13736142	G	C	0.009484717388269098	2.0229756050540533
12:7011052:T:G	0.00223073	2.5117e-05	4.48654	2.59406	12	7011052	T	G	0.009484993267281087	2.0229629730498266
12:91628966:GA:G	0.000753257	0.0250356	-3.50365	-2.59403	12	91628966	GA	G	0.00948582094725703	2.0229250772755605
12:28358956:C:T	7.86746e-06	0.000465945	-4.08133	-2.59402	12	28358956	C	T	0.009486096854896212	2.022912445430275
12:96520508:A:G	2.26257e-05	0.00069926	-3.43094	-2.59364	12	96520508	A	G	0.009496586650109084	2.022432464753175
12:96520547:G:A	2.26257e-05	0.00069926	-3.43094	-2.59364	12	96520547	G	A	0.009496586650109084	2.022432464753175
12:115082675:C:T	0.00019867	0.00853051	-3.75976	-2.59362	12	115082675	C	T	0.009497139031046084	2.02240720420167
12:100846717:G:T	9.38267e-05	0.00464001	-3.90102	-2.59334	12	100846717	G	T	0.009504875373417147	2.022053573169087
12:106539486:T:C	0.0273004	0.00206617	2.58121	2.59298	12	106539486	T	C	0.009514830357284105	2.021598950472304
12:42189073:T:C	1.8524e-05	0.000877803	-3.85835	-2.59292	12	42189073	T	C	0.009516490424941803	2.0215231850292845
12:117640408:G:A	0.000541472	0.030643	-4.03587	-2.59288	12	117640408	G	A	0.009517597280203396	2.0214726755286074
12:61265077:G:A	0.00126259	2.18982e-05	4.05452	2.59277	12	61265077	G	A	0.009520641724159703	2.021333777679741
12:121869566:C:CTT	0.00324468	8.44366e-05	3.64877	2.5925	12	121869566	C	CTT	0.00952811813245411	2.0209928669792134
12:1379408:T:C	0.000310534	0.00307218	-2.29185	-2.59213	12	1379408	T	C	0.00953837208408249	2.0205257400996812
12:19654196:G:A	0.000657076	0.0208837	-3.45892	-2.59207	12	19654196	G	A	0.009540035813975705	2.0204499949203463
12:19654211:C:T	0.000657076	0.0208837	-3.45892	-2.59207	12	19654211	C	T	0.009540035813975705	2.0204499949203463
12:3810646:AGAAGGAAG:A	0.00477318	0.000124274	3.64828	2.59204	12	3810646	AGAAGGAAG	A	0.009540867775959073	2.0204121228670595
12:14064938:CAA:C	0.0235835	0.000241477	4.58153	2.59201	12	14064938	CAA	C	0.009541699802639303	2.02037425117136
12:117640604:C:A	0.000542014	0.0306445	-4.03492	-2.59198	12	117640604	C	A	0.009542531894020715	2.020336379833246
12:41920019:T:TG	0.000188361	0.0111307	-4.0791	-2.59188	12	41920019	T	TG	0.009545305999299838	2.020210144622097
12:126599186:CA:C	0.0460449	0.0106531	1.46377	2.59186	12	126599186	CA	C	0.009545860906643553	2.020184898056646
12:41451380:T:A	0.00285874	0.000274015	2.34495	2.59184	12	41451380	T	A	0.009546415842752854	2.0201596516501215
12:43910458:C:G	0.0173438	0.00401466	1.46329	2.59139	12	43910458	C	G	0.009558909512855235	2.019591649519132
12:13744527:G:T	0.000287922	0.0124164	-3.76408	-2.59122	12	13744527	G	T	0.009563633136799374	2.0193770918744884
12:65579002:A:G	0.000217961	0.00503182	-3.13922	-2.59106	12	65579002	A	G	0.009568080801708281	2.019175165756599
12:53882314:C:T	0.000205234	0.00558301	-3.30333	-2.59103	12	53882314	C	T	0.009568914944175853	2.0191373057418054
12:30173770:T:C	0.0101063	0.000471033	3.06599	2.59103	12	30173770	T	C	0.009568914944175853	2.0191373057418054
12:32938633:C:T	0.00037305	0.0293691	-4.36598	-2.591	12	32938633	C	T	0.009569749151484586	2.0190994460845832
12:10254556:A:T	1.69098e-05	0.00133122	-4.36596	-2.59098	12	10254556	A	T	0.00957030532571541	2.0190742065117515
12:76223158:A:G	0.00875716	0.000549739	2.76818	2.59096	12	76223158	A	G	0.009570861528767707	2.0190489670978398
12:87924054:A:G	0.00428187	0.000689934	1.82555	2.59086	12	87924054	A	G	0.009573642976395715	2.018922772412078
12:51416216:T:TG	0.000316776	0.017338	-4.00246	-2.59077	12	51416216	T	TG	0.00957614689547842	2.018809200591789
12:31108437:T:C	0.000325064	0.00884047	-3.30307	-2.59077	12	31108437	T	C	0.00957614689547842	2.018809200591789
12:83715363:A:G	0.000686004	3.20366e-05	3.06401	2.59069	12	83715363	A	G	0.009578373091518077	2.0187082505642584
12:6400689:A:ATGTGTGTG	0.00110326	0.0651072	-4.07776	-2.5906	12	6400689	A	ATGTGTGTG	0.009580878113629971	2.0185946848225926
12:100309096:G:T	0.000141966	0.00801443	-4.03341	-2.59056	12	100309096	G	T	0.009581991644280523	2.018544212192593
12:1371341:A:G	0.00230566	0.000418901	1.70549	2.59044	12	1371341	A	G	0.00958533292862905	2.0183927981166
12:55112197:G:T	3.99737e-05	0.00197034	-3.89774	-2.59017	12	55112197	G	T	0.009592854616977502	2.0180521373629126
12:614208:A:T	2.49981e-05	0.00196612	-4.36501	-2.59013	12	614208	A	T	0.009593969388632934	2.018001671566287
12:70764354:T:C	0.00287201	0.0260872	-2.20643	-2.59002	12	70764354	T	C	0.009597035606273813	2.017862893903165
12:88527177:C:T	0.00390553	4.41939e-05	4.48156	2.58992	12	88527177	C	T	0.009599823835017321	2.0177367365627092
12:78315730:A:G	0.000742532	0.0214328	-3.36261	-2.58966	12	78315730	A	G	0.009607076610148915	2.017408746070246
12:24176540:A:G	0.000161609	0.0240129	-5.00117	-2.58945	12	24176540	A	G	0.009612938186911708	2.0171438502781114
12:88526914:C:G	0.00390553	4.42248e-05	4.48086	2.58934	12	88526914	C	G	0.00961600980897981	2.0170051023313906
12:88526982:T:C	0.00390553	4.42248e-05	4.48086	2.58934	12	88526982	T	C	0.00961600980897981	2.0170051023313906
12:38655973:G:GA	9.08671e-05	7.50874e-06	2.49333	2.58932	12	38655973	G	GA	0.009616568379722237	2.01697987594844
12:83719245:C:G	0.00086443	4.04256e-05	3.06261	2.58932	12	83719245	C	G	0.009616568379722237	2.01697987594844
12:88527340:C:G	0.00390553	4.42264e-05	4.48083	2.58931	12	88527340	C	G	0.009616847675941042	2.0169672628165554
12:130535352:A:AG	0.00142795	0.0411988	-3.36217	-2.58925	12	130535352	A	AG	0.009618523605130162	2.0168915848595144
12:4821418:ATGTGTGTGT:A	0.0173099	0.000460329	3.62709	2.58892	12	4821418	ATGTGTGTGT	A	0.009627745870960878	2.0164753816599865
12:82769400:T:C	0.0399815	0.0106024	1.32733	2.58871	12	82769400	T	C	0.00963361868925247	2.0162105476033627
12:28195772:T:C	3.51385e-05	0.00197883	-4.03096	-2.58824	12	28195772	T	C	0.009646774190036284	2.0156178872442605
12:121593833:TTTTA:T	0.00150852	0.000235604	1.85673	2.58817	12	121593833	TTTTA	T	0.009648734889599466	2.015529626188242
12:27996679:T:C	0.000869183	0.00609641	-1.9479	-2.58801	12	27996679	T	C	0.009653217822711117	2.015327893941028
12:87380904:C:CT	0.00425664	0.000113314	3.62607	2.588	12	87380904	C	CT	0.009653498067671523	2.015315286013239
12:70947573:T:C	1.72634e-05	0.000563145	-3.48495	-2.58791	12	70947573	T	C	0.009656020598711974	2.015201816450744
12:7006671:C:T	0.00182531	2.07068e-05	4.47904	2.58783	12	7006671	C	T	0.00965826334181248	2.015100957318689
12:28434298:T:G	3.43077e-05	0.000850827	-3.21084	-2.5878	12	28434298	T	G	0.00965910449018732	2.0150631357996227
12:81100473:T:G	0.000133007	0.0137119	-4.63561	-2.58775	12	81100473	T	G	0.009660506549268071	2.0150001007289995
12:103818503:G:GTAGCT	0.000271387	0.0133426	-3.89517	-2.58769	12	103818503	G	GTAGCT	0.009662189259642016	2.014924459955153
12:42125886:C:G	2.48249e-05	0.00116966	-3.85262	-2.58751	12	42125886	C	G	0.009667238958583355	2.0146975462140295
12:113163602:T:C	7.58641e-05	2.0152e-05	1.32564	2.58708	12	113163602	T	C	0.009679311652380326	2.0141555265968143
12:1385322:G:A	0.00222793	0.000591988	1.32534	2.58679	12	1385322	G	A	0.009687461288213175	2.0137900199539165
12:20760919:A:G	0.00979475	0.00160917	1.80613	2.58668	12	20760919	A	G	0.009690554129058306	2.013651388242162
12:51498881:C:CAA	7.50623e-05	0.00588059	-4.3611	-2.5866	12	51498881	C	CAA	0.00969280402066161	2.013550568197974
12:98715220:G:T	0.000484426	0.00715016	-2.69193	-2.58659	12	98715220	G	T	0.009693085289848804	2.013537965871201
12:61311972:G:A	0.000202367	0.0110256	-3.99789	-2.58646	12	61311972	G	A	0.009696742451399752	2.013374139237872
12:60945002:CATAAT:C	0.00305682	0.000179689	2.8339	2.58646	12	60945002	CATAAT	C	0.009696742451399752	2.013374139237872
12:91180388:G:GAAAGAA	1.17566e-05	0.00174009	-4.99727	-2.58633	12	91180388	G	GAAAGAA	0.009700400842840731	2.013210319317568
12:91180398:G:GAA	1.17566e-05	0.00174009	-4.99727	-2.58633	12	91180398	G	GAA	0.009700400842840731	2.013210319317568
12:41979122:C:T	0.00022434	0.00955997	-3.75218	-2.5863	12	41979122	C	T	0.009701245261715508	2.013172515673899
12:59581149:C:G	0.0124885	0.000198149	4.14354	2.5863	12	59581149	C	G	0.009701245261715508	2.013172515673899
12:59581333:C:G	0.0124885	0.000198149	4.14354	2.5863	12	59581333	C	G	0.009701245261715508	2.013172515673899
12:25863905:C:T	0.00107541	0.0268118	-3.21614	-2.58628	12	25863905	C	T	0.009701808244031836	2.0131473134433957
12:39698209:A:G	2.81828e-05	0.000917681	-3.48314	-2.58615	12	39698209	A	G	0.009705468338978188	2.012983502817985
12:47445400:G:T	1.41336e-05	0.000605928	-3.75821	-2.58559	12	47445400	G	T	0.009721248975895885	2.012277933788424
12:83419215:G:C	2.7916e-05	0.00412761	-4.99625	-2.58552	12	83419215	G	C	0.009723223162685672	2.012189746418164
12:97129856:C:T	0.000208639	0.0113557	-3.99687	-2.5855	12	97129856	C	T	0.009723787281684413	2.0121645503841457
12:30181821:G:A	0.0124035	0.000581529	3.06008	2.58531	12	30181821	G	A	0.009729147867274796	2.0119251959851536
12:20769066:A:T	0.00548805	0.000902944	1.80467	2.58521	12	20769066	A	T	0.009731970285945272	2.011799225745093
12:41978901:C:G	0.000224607	0.00955997	-3.75099	-2.58515	12	41978901	C	G	0.009733664087416723	2.0117236455076104
12:113782553:G:T	0.000606058	0.0257903	-3.75078	-2.58495	12	113782553	G	T	0.00973931199011343	2.011471721709777
12:100992691:T:C	0.000383215	0.0163011	-3.75039	-2.58458	12	100992691	T	C	0.009749768310662344	2.011005704567762
12:24440594:TTGTGTG:T	0.0173967	0.000505063	3.53935	2.58453	12	24440594	TTGTGTG	T	0.009751182094070941	2.010942733448786
12:48463581:T:C	0.000197138	0.0202453	-4.63178	-2.58447	12	48463581	T	C	0.009752878875340348	2.01086716941673
12:42800393:C:T	0.000162376	0.00534426	-3.49387	-2.58411	12	42800393	C	T	0.009763065090052873	2.0104138152514697
12:58316839:A:G	0.00134694	0.0443309	-3.49385	-2.58409	12	58316839	A	G	0.00976363126877677	2.0103886304182437
12:42800183:C:T	0.000162393	0.00534426	-3.49376	-2.584	12	42800183	C	T	0.009766179435168847	2.0102753006347545
12:98244639:A:G	0.000160032	0.00897158	-4.02644	-2.58397	12	98244639	A	G	0.009767028955664982	2.0102375247551767
12:103907150:A:AAGAAAGAG	6.33254e-05	0.00344094	-3.99521	-2.58393	12	103907150	A	AAGAAAGAG	0.009768161752104173	2.0101871574717887
12:103810993:T:G	0.00488517	0.000386475	2.53689	2.58387	12	103810993	T	G	0.00976986116630755	2.010111607738232
12:86873923:A:G	0.000115861	0.00332353	-3.3564	-2.58376	12	86873923	A	G	0.009772977443366204	2.009973103606958
12:79385333:T:A	0.0232833	0.00364774	1.85363	2.58373	12	79385333	T	A	0.009773827490836811	2.0099353305870387
12:121698135:C:CA	5.18737e-05	0.00532181	-4.63076	-2.5836	12	121698135	C	CA	0.009777511791343	2.0097716516313047
12:44650300:ATT:A	1.0213e-05	0.000165485	-2.78522	-2.58355	12	44650300	ATT	A	0.00977892915953077	2.009708699974058
12:7912027:TAA:T	0.0270704	0.000914439	3.38789	2.58341	12	7912027	TAA	T	0.00978289876463346	2.009532440616111
12:90143493:G:A	0.000382052	0.0179093	-3.84752	-2.58269	12	90143493	G	A	0.009803336568786118	2.008626086879809
12:59581756:C:T	0.0124322	0.000198149	4.13903	2.58261	12	59581756	C	T	0.009805609782975136	2.0085253936181533
12:20777675:T:C	0.00576762	0.000937623	1.81667	2.5822	12	20777675	T	C	0.009817267379791616	2.0080093805459347
12:85675885:AACAC:A	0.00333149	0.000211091	2.75889	2.58214	12	85675885	AACAC	A	0.009818974405076173	2.0079338720375812
12:84728673:A:ATCT	0.0040987	6.53658e-05	4.13843	2.58212	12	84728673	A	ATCT	0.009819543472277559	2.0079087028525127
12:33016730:G:A	2.7482e-05	0.0013432	-3.88928	-2.582	12	33016730	G	A	0.00982295849269494	2.007757691078102
12:79385637:T:G	0.0232424	0.00364774	1.85187	2.58191	12	79385637	T	G	0.009825520452484934	2.007644436000285
12:44834681:C:T	0.000180593	0.0140726	-4.35573	-2.58178	12	44834681	C	T	0.009829222112233596	2.007480851011427
12:74428501:A:G	0.000223648	0.00554985	-3.21145	-2.58171	12	74428501	A	G	0.009831215828301263	2.007392769566623
12:30182593:G:A	0.0121971	0.000573996	3.05633	2.58169	12	30182593	G	A	0.00983178552764525	2.0073676037969594
12:40959757:T:C	0.000589609	5.71268e-05	2.33418	2.5816	12	40959757	T	C	0.009834349538741061	2.007254359799296
12:1347352:C:T	0.000103439	0.000910593	-2.17511	-2.58143	12	1347352	C	T	0.009839194296488735	2.0070404632470398
12:89781297:G:C	4.9832e-05	0.00211246	-3.74695	-2.58126	12	89781297	G	C	0.009844041180791496	2.0068265781718866
12:64758386:G:A	2.27035e-06	2.2203e-05	-2.28029	-2.58095	12	64758386	G	A	0.009852885094067646	2.006436581992912
12:70764481:C:T	0.00289619	0.0260502	-2.19663	-2.58095	12	70764481	C	T	0.009852885094067646	2.006436581992912
12:31825728:C:T	0.000112544	0.00476923	-3.74659	-2.58091	12	31825728	C	T	0.009854026759691232	2.006386262685175
12:65571792:C:T	0.000356979	0.00680462	-2.94768	-2.58083	12	65571792	C	T	0.00985631044455133	2.006285625975888
12:113108837:CT:C	0.0304017	0.00612401	1.60228	2.58066	12	113108837	CT	C	0.009861164840684987	2.006071781407462
12:111834913:G:A	2.88168e-05	0.000259072	-2.19615	-2.58051	12	111834913	G	A	0.00986544990034801	2.00588310455439
12:51814348:G:C	0.000122886	0.00524029	-3.75288	-2.58049	12	51814348	G	C	0.00986602136696866	2.005857948315745
12:20848040:G:A	0.00563738	0.00131976	1.45197	2.58045	12	20848040	G	A	0.009867164388693409	2.005807636314991
12:113252591:T:C	0.000148182	0.00132781	-2.19285	-2.58045	12	113252591	T	C	0.009867164388693409	2.005807636314991
12:30182282:G:A	0.0122371	0.000576664	3.05497	2.58037	12	30182282	G	A	0.009869450786112734	2.005707014219632
12:4624319:CGTGTGTGT:C	0.0313261	0.000551143	4.04021	2.58011	12	4624319	CGTGTGTGT	C	0.00987688483810357	2.0053800099620545
12:118415927:CT:C	0.0163077	0.000437966	3.61725	2.57999	12	118415927	CT	C	0.009880317621411913	2.005229093974182
12:121869648:C:G	0.00320824	8.46302e-05	3.63519	2.57992	12	121869648	C	G	0.00988232056920012	2.005141062288681
12:41454948:A:G	0.000145362	0.00214114	-2.68987	-2.57965	12	41454948	A	G	0.009890049614123476	2.004801529728806
12:28194267:G:C	3.3079e-05	0.00184573	-4.02173	-2.57952	12	28194267	G	C	0.009893772926573684	2.00463806141349
12:41820074:C:A	0.000164983	0.00471113	-3.35184	-2.57944	12	41820074	C	A	0.009896064816444547	2.004537468862766
12:63542552:T:C	0.000391002	0.0218094	-4.02138	-2.57919	12	63542552	T	C	0.009903230021252155	2.0042231335219363
12:73015676:T:C	0.000131078	0.00192979	-2.68937	-2.57916	12	73015676	T	C	0.009904090156350418	2.0041854149488274
12:20771194:A:G	0.000464342	0.010571	-3.12524	-2.57909	12	20771194	A	G	0.009906097397080281	2.004097406334728
12:766620:A:T	0.000969553	0.0565311	-4.06571	-2.57905	12	766620	A	T	0.009907244554495319	2.004047116571699
12:30173157:A:G	0.0100219	0.000473094	3.05323	2.57869	12	30173157	A	G	0.00991757429818782	2.0035945372947377
12:41454838:A:G	0.000145597	0.00214198	-2.68864	-2.57845	12	41454838	A	G	0.009924466123430552	2.0032928463667963
12:41183567:A:T	0.000702372	0.000114674	1.81237	2.578	12	41183567	A	T	0.009937399796197144	2.0027272375232017
12:61263877:G:GA	0.00115183	3.04536e-05	3.6329	2.57781	12	61263877	G	GA	0.009942865187023472	2.0024884490423522
12:123534508:G:T	0.00518164	0.00123434	1.43459	2.5778	12	123534508	G	T	0.009943152913331902	2.002475881624639
12:41527863:G:A	0.000209497	0.00424725	-3.00932	-2.57769	12	41527863	G	A	0.009946318392289237	2.0023376426504367
12:1378912:G:A	0.00255052	0.000515356	1.59919	2.57768	12	1378912	G	A	0.009946606207613643	2.002325075709203
12:1003116:ACT:A	0.000780026	2.06348e-05	3.63235	2.5773	12	1003116	ACT	A	0.009957548688944625	2.001847561364702
12:25182972:A:AAGAAG	0.000124412	0.0182061	-4.98591	-2.57725	12	25182972	A	AAGAAG	0.009958989287139685	2.001784734798298
12:98008061:C:T	0.00760109	0.000279546	3.30288	2.57684	12	98008061	C	T	0.009970809196936587	2.001269594396115
12:110790794:A:G	0.000289561	0.0123001	-3.749	-2.57678	12	110790794	A	G	0.009972539987578187	2.0011942135942338
12:20771170:C:T	0.000466183	0.0105817	-3.1223	-2.57657	12	20771170	C	T	0.009978599862504354	2.00093039204397
12:114363420:A:G	0.000593541	0.0330134	-4.01856	-2.57652	12	114363420	A	G	0.009980043173223012	2.000867579969947
12:89293282:C:T	0.000805905	0.0624313	-4.34986	-2.57649	12	89293282	C	T	0.0099809092489079	2.0008298932019875
12:89293286:T:C	0.000805905	0.0624313	-4.34986	-2.57649	12	89293286	T	C	0.0099809092489079	2.0008298932019875
12:113501366:C:T	0.00349251	0.0208098	-1.7848	-2.57632	12	113501366	C	T	0.009985818275780363	2.0006163415999487
12:77733834:ATTTT:A	0.0512513	0.00807477	1.848	2.5762	12	77733834	ATTTT	A	0.009989284765936628	2.0004656062011468
12:735218:TA:T	0.0624056	0.00168304	3.61305	2.57619	12	735218	TA	T	0.009989573688492752	2.0004530451759894
12:132404078:C:G	0.000652699	0.0213093	-3.48578	-2.57592	12	132404078	C	G	0.009997377411605501	2.000113912504737
12:49379553:C:CA	0.00129262	0.000301266	1.45643	2.57578	12	49379553	C	CA	0.010001425923836743	1.9999380773293545
12:21441450:T:C	0.000437281	0.00997977	-3.12774	-2.57538	12	21441450	T	C	0.010013001149132976	1.99943573399321
12:56625155:CT:C	0.000999356	0.00691174	-1.93387	-2.57501	12	56625155	CT	C	0.010023718854070851	1.9989711229634235
12:58407502:T:TTA	0.0090182	0.000695947	2.56173	2.57496	12	58407502	T	TTA	0.010025167975958487	1.9989083418578353
12:60768577:T:TTTTATTTTA	2.62771e-06	0.000383385	-4.98293	-2.57486	12	60768577	T	TTTTATTTTA	0.01002806677950484	1.9987827826242828
12:118407720:G:GT	0.000151491	0.00878868	-4.06069	-2.57424	12	118407720	G	GT	0.010046056029631224	1.9980044039893496
12:114153338:G:A	0.00255454	0.000610859	1.43076	2.57418	12	114153338	G	A	0.010047798449102951	1.9979290851236309
12:76526924:ACAGGTGTGA:A	0.0011494	1.92551e-05	4.08922	2.57409	12	76526924	ACAGGTGTGA	A	0.010050412582956964	1.9978161095048212
12:43911834:AAGTC:A	0.0183723	0.00366573	1.61181	2.57383	12	43911834	AAGTC	A	0.01005796792790869	1.9974897535584488
12:3834634:CA:C	0.0170523	0.000196741	4.46216	2.57381	12	3834634	CA	C	0.010058549317743378	1.997464650366477
12:83654213:A:G	2.36406e-05	0.00239777	-4.61933	-2.57381	12	83654213	A	G	0.010058549317743378	1.997464650366477
12:40287255:C:T	7.5075e-05	0.00348607	-3.83804	-2.57373	12	40287255	C	T	0.010060875176380341	1.9973642391865734
12:20834065:A:AAT	0.00213971	0.0313215	-2.68363	-2.57354	12	20834065	A	AAT	0.010066401010298131	1.99712577281721
12:71862260:A:T	0.000134291	0.0103668	-4.34636	-2.57335	12	71862260	A	T	0.010071929546858004	1.9968873207792461
12:101012090:C:G	0.0224156	0.000234795	4.5588	2.57314	12	101012090	C	G	0.010078043180334206	1.9966237852002642
12:107011813:A:G	6.90588e-05	0.00370916	-3.9836	-2.57298	12	107011813	A	G	0.010082703404665706	1.9964230079384584
12:51235652:A:G	0.000178323	0.0137597	-4.3459	-2.57294	12	51235652	A	G	0.01008386876055069	1.996372815210937
12:92799093:G:GA	2.70683e-05	0.00393963	-4.98048	-2.5729	12	92799093	G	GA	0.010085034236377478	1.9963226231185849
12:38199116:G:C	1.04346e-05	0.00048404	-3.83704	-2.57279	12	38199116	G	C	0.010088239913436641	1.9961845981397008
12:76578530:A:G	8.85239e-05	0.00374461	-3.7448	-2.57276	12	76578530	A	G	0.01008911434646425	1.9961469557972975
12:76578793:A:G	8.85371e-05	0.00374461	-3.74465	-2.57262	12	76578793	A	G	0.010093195926415877	1.9959712962567753
12:99092470:GA:G	0.00120793	0.000119134	2.31641	2.5726	12	99092470	GA	G	0.010093779129281286	1.9959462026718624
12:14369707:T:C	1.1318e-05	0.000524869	-3.83675	-2.57252	12	14369707	T	C	0.01009611224083329	1.995845829920109
12:97133191:C:T	0.000210692	0.0306479	-4.97992	-2.57246	12	97133191	C	T	0.01009786238962888	1.9957705520235833
12:64377193:CT:C	0.0077044	0.000124352	4.12643	2.57234	12	64377193	CT	C	0.010101363497711778	1.9956200005178317
12:113278086:T:TCCCA	0.00575031	0.00155148	1.31004	2.57214	12	113278086	T	TCCCA	0.010107201079971317	1.995369094044614
12:86843130:C:T	1.36693e-05	1.7019e-06	2.08341	2.57209	12	86843130	C	T	0.010108660944826884	1.9953063699073577
12:100590373:C:T	0.000501316	0.015613	-3.43862	-2.57167	12	100590373	C	T	0.01012093122426676	1.9947795263347226
12:97129752:C:G	0.000209124	0.0112134	-3.98193	-2.5714	12	97129752	C	G	0.01012882626253852	1.994440878157646
12:97129742:C:G	0.000209124	0.0112134	-3.98193	-2.5714	12	97129742	C	G	0.01012882626253852	1.994440878157646
12:10251022:C:G	0.000596624	1.06016e-05	4.03028	2.57132	12	10251022	C	G	0.010131166586017575	1.9943405435143968
12:10250815:G:A	0.000596624	1.06016e-05	4.03028	2.57132	12	10250815	G	A	0.010131166586017575	1.9943405435143968
12:64811094:G:A	4.75741e-05	0.00481067	-4.6163	-2.57122	12	64811094	G	A	0.010134092667439436	1.9942151287829049
12:1211998:A:AG	0.00300252	0.00061083	1.59239	2.57112	12	1211998	A	AG	0.010137019501317929	1.9940897180209172
12:24027865:G:A	0.000831678	0.00776416	-2.23383	-2.57091	12	24027865	G	A	0.010143168302439718	1.9938263683413995
12:3834010:A:G	0.00016883	0.0245066	-4.9778	-2.57076	12	3834010	A	G	0.010147562336160007	1.99363827214498
12:99916459:A:G	6.54475e-05	0.000920771	-2.64396	-2.57061	12	99916459	A	G	0.010151958064607938	1.9934501848797606
12:28196124:C:T	3.58012e-05	0.00197883	-4.01228	-2.57058	12	28196124	C	T	0.010152837413713643	1.993412568498456
12:28196154:T:TTC	3.58012e-05	0.00197883	-4.01228	-2.57058	12	28196154	T	TTC	0.010152837413713643	1.993412568498456
12:28196192:G:A	3.58012e-05	0.00197883	-4.01228	-2.57058	12	28196192	G	A	0.010152837413713643	1.993412568498456
12:28196081:T:C	3.58012e-05	0.00197883	-4.01228	-2.57058	12	28196081	T	C	0.010152837413713643	1.993412568498456
12:40958354:A:ATG	2.76429e-05	0.0040109	-4.9774	-2.57044	12	40958354	A	ATG	0.010156941939620055	1.9932370301092652
12:80015746:A:AT	0.00789088	0.00160681	1.59146	2.57022	12	80015746	A	AT	0.010163394893878838	1.9929611997877767
12:58545065:CA:C	0.00314825	0.000392732	2.08147	2.5702	12	58545065	CA	C	0.010163981707041896	1.9929361252566458
12:78402175:CA:C	0.00390784	0.000233814	2.81622	2.57019	12	78402175	CA	C	0.010164275124935316	1.992923588050621
12:78705857:T:G	0.000201515	0.00850038	-3.742	-2.57008	12	78705857	T	G	0.010167503219537946	1.9927856814040885
12:121270468:T:C	0.00222957	0.0356009	-2.77056	-2.57006	12	121270468	T	C	0.010168090243885871	1.9927606079843652
12:51411463:C:G	0.00038111	0.0204037	-3.98038	-2.56994	12	51411463	C	G	0.010171613023684604	1.992610170800231
12:108995896:T:C	0.000657238	0.0058415	-2.1847	-2.56992	12	108995896	T	C	0.010172200259281882	1.9925850984919082
12:20845306:CAACAATGAG:C	0.00593105	0.00140404	1.44085	2.56971	12	20845306	CAACAATGAG	C	0.01017836805564869	1.9923218488402845
12:31972900:G:A	0.00037243	0.0172197	-3.83376	-2.56969	12	31972900	G	A	0.01017895563843855	1.992296778357818
12:51796095:C:CCA	0.0130034	0.000384013	3.52229	2.56943	12	51796095	C	CCA	0.010186596963284894	1.9919708765337107
12:31978411:ATC:A	0.0111505	0.000329307	3.52225	2.5694	12	31978411	ATC	A	0.010187478983157548	1.9919332742036842
12:7742511:G:GA	0.000352962	0.0114473	-3.47915	-2.56919	12	7742511	G	GA	0.010193655026248447	1.991670067895808
12:123471298:C:T	0.00220769	0.0191813	-2.16199	-2.56907	12	123471298	C	T	0.01019718569010654	1.9915196721502202
12:53884718:A:C	0.00017279	0.00560265	-3.47892	-2.56896	12	53884718	A	C	0.010200423088301174	1.9913818144043705
12:21136102:C:G	0.000176343	0.00972901	-4.01043	-2.56884	12	21136102	C	G	0.010203955838951262	1.9912314296135298
12:40409038:T:C	0.000453094	0.0249964	-4.01039	-2.56879	12	40409038	T	C	0.010205428139830766	1.9911687709708736
12:51415287:A:AT	0.000344954	0.0184452	-3.97915	-2.56877	12	51415287	A	AT	0.01020601711313324	1.9911437077916472
12:25923349:G:A	0.0182388	0.000676567	3.29428	2.56874	12	25923349	G	A	0.010206900629823991	1.991106113320486
12:99946413:G:A	0.00154041	0.000257644	1.78823	2.56854	12	99946413	G	A	0.010212792481346471	1.9908554926415671
12:63490885:A:G	0.000338618	0.0195246	-4.05456	-2.56836	12	63490885	A	G	0.010218097736164927	1.9906299476046156
12:101018056:C:G	0.00494965	0.000222736	3.10108	2.5682	12	101018056	C	G	0.010222815577682301	1.9904294739229935
12:48459581:G:A	0.000249202	0.0251087	-4.61271	-2.56814	12	48459581	G	A	0.010224585268117571	1.9903542989119072
12:8006702:A:G	0.00452383	0.000218213	3.03164	2.56802	12	8006702	A	G	0.010228125467153116	1.990203953176202
12:63627413:G:A	5.90188e-05	0.00246773	-3.7332	-2.56799	12	63627413	G	A	0.01022901068738904	1.990166367635287
12:25493575:T:C	0.000382908	0.0211033	-4.00939	-2.56785	12	25493575	T	C	0.01023314261698067	1.989990973167368
12:28192370:G:A	3.19352e-05	0.00175954	-4.0091	-2.56758	12	28192370	G	A	0.010241115534294798	1.9896527343756483
12:88496894:A:G	9.27072e-05	0.000909301	-2.28323	-2.56741	12	88496894	A	G	0.010246138355674353	1.9894397840540339
12:92422749:G:C	0.000200876	0.00622835	-3.43418	-2.56723	12	92422749	G	C	0.010251459027160528	1.9892143197447096
12:99915970:T:G	6.54475e-05	0.000917398	-2.64029	-2.56712	12	99915970	T	G	0.010254711759215974	1.9890765423303542
12:121362210:GT:G	0.0109445	0.00183359	1.78656	2.56686	12	121362210	GT	G	0.01026240368719102	1.9887509057134534
12:11341087:A:G	0.000437721	0.0139713	-3.46318	-2.56668	12	11341087	A	G	0.010267731876104491	1.988525480694853
12:100999590:A:G	0.000209649	0.0210867	-4.61096	-2.56665	12	100999590	A	G	0.01026862014694502	1.9884879111085618
12:107187981:T:A	0.00023728	0.00576382	-3.19011	-2.56664	12	107187981	T	A	0.01026891625242477	1.988475387992505
12:59479975:C:T	4.15904e-05	0.0022887	-4.00787	-2.56642	12	59479975	C	T	0.010275432496087231	1.9881998894800053
12:28203643:A:C	4.05065e-05	0.00222892	-4.00781	-2.56636	12	28203643	A	C	0.010277210292086367	1.9881247568557234
12:31316987:G:A	0.000155176	0.00892712	-4.05229	-2.56619	12	31316987	G	A	0.010282248867586736	1.9879118888455996
12:39952989:AT:A	0.000147863	0.0113178	-4.33785	-2.56569	12	39952989	AT	A	0.010297080952920246	1.9872858729367255
12:39953057:T:C	0.000147863	0.0113178	-4.33785	-2.56569	12	39953057	T	C	0.010297080952920246	1.9872858729367255
12:59592314:A:AT	0.000375086	0.00848938	-3.11942	-2.56553	12	59592314	A	AT	0.010301831240372566	1.9870855687997682
12:27052465:G:A	8.00052e-06	0.000384383	-3.87213	-2.56542	12	27052465	G	A	0.010305098194293594	1.9869478655988213
12:108995428:T:C	0.00500996	0.00116109	1.46207	2.56516	12	108995428	T	C	0.010312823751125907	1.9866224043939715
12:25409371:C:T	0.000494181	0.0495959	-4.60876	-2.56476	12	25409371	C	T	0.010324719288638628	1.9861217472311272
12:1719361:C:T	6.2166e-05	0.00298324	-3.87096	-2.56429	12	1719361	C	T	0.010338712148023718	1.9855335561976544
12:92422245:G:A	0.000184477	0.00773075	-3.73544	-2.56379	12	92422245	G	A	0.010353616693665326	1.984907917286115
12:25864322:G:T	0.00108393	0.0264059	-3.19299	-2.56374	12	25864322	G	T	0.01035510819939386	1.9848453588512434
12:54443686:G:A	0.000501586	0.0159567	-3.45986	-2.56345	12	54443686	G	A	0.01036376270381601	1.9844825394919925
12:49662450:G:A	0.000883251	0.000225537	1.36513	2.5629	12	49662450	G	A	0.010380194100810241	1.9837945254738156
12:7311275:C:T	0.000521676	0.0218322	-3.7341	-2.56251	12	7311275	C	T	0.010391859498100977	1.9833067337221668
12:108075157:C:A	0.000544585	0.0545088	-4.6061	-2.56248	12	108075157	C	A	0.010392757319351572	1.983269213779554
12:33787300:T:TAAAA	1.62765e-05	0.000156154	-2.26112	-2.5624	12	33787300	T	TAAAA	0.010395151846806852	1.9831691623451475
12:83416806:G:A	0.00422071	4.47893e-05	4.54579	2.56235	12	83416806	G	A	0.010396648675750866	1.9831066314882209
12:58410406:C:T	0.0111357	0.000625221	2.8798	2.56226	12	58410406	C	T	0.010399343451155391	1.982994078445542
12:58911151:G:GCTAAAAGAT	0.032779	0.00673451	1.58254	2.56212	12	58911151	G	GCTAAAAGAT	0.010403536559370867	1.9828190023230297
12:38982794:A:G	0.00400291	4.68389e-05	4.44806	2.5621	12	38982794	A	G	0.01040413569762153	1.9827939920832471
12:114145784:CTT:C	0.00595318	0.000160106	3.61585	2.56202	12	114145784	CTT	C	0.01040653255765583	1.9826939527112648
12:59918557:CTTAA:C	0.00473315	5.02475e-05	4.54539	2.56201	12	59918557	CTTAA	C	0.010406832199703925	1.9826814479683212
12:98092957:A:G	0.000195102	0.0280081	-4.96672	-2.5619	12	98092957	A	G	0.010410128768948848	1.9825438984147234
12:83703820:C:T	0.000448197	8.37814e-05	1.67702	2.56188	12	83703820	C	T	0.010410728244992992	1.9825188899207982
12:51503040:C:T	0.000385156	0.0204353	-3.97137	-2.56144	12	51503040	C	T	0.010423924491601717	1.9819687432086992
12:100318279:A:T	1.97099e-05	0.00112826	-4.04731	-2.56142	12	100318279	A	T	0.010424524674462974	1.9819437383651473
12:100318165:A:T	1.97099e-05	0.00112826	-4.04731	-2.56142	12	100318165	A	T	0.010424524674462974	1.9819437383651473
12:100346049:ATTT:A	0.00786112	0.0001337	4.07409	2.56122	12	100346049	ATTT	A	0.010430528194391527	1.9816936986586662
12:113626814:G:A	0.00785563	0.00126154	1.8289	2.56105	12	113626814	G	A	0.010435633604826395	1.9814811773866379
12:42797440:C:T	0.000117006	0.00376439	-3.47111	-2.56104	12	42797440	C	T	0.010435933992316024	1.9814686764924352
12:26309401:T:C	0.000580896	0.0141101	-3.19007	-2.56091	12	26309401	T	C	0.010439839729818056	1.9813061684783837
12:85956897:C:CACAA	0.000167957	3.45327e-05	1.5818	2.5609	12	85956897	C	CACAA	0.010440140225026864	1.9812936681396558
12:42116251:A:T	1.09441e-05	0.00156876	-4.96524	-2.56071	12	42116251	A	T	0.01044585109632626	1.9810561692423483
12:73346797:C:T	0.00166761	0.00021186	2.06322	2.56064	12	73346797	C	T	0.010447955802058555	1.9809686732591507
12:63485046:A:G	0.000313935	0.0179542	-4.04639	-2.56054	12	63485046	A	G	0.010450963179032482	1.9808436823699114
12:101569497:TTTTA:T	0.0011012	0.0290675	-3.27322	-2.56052	12	101569497	TTTTA	T	0.010451564746839873	1.980818684668175
12:123472202:A:G	0.00222609	0.0191662	-2.15291	-2.56052	12	123472202	A	G	0.010451564746839873	1.980818684668175
12:30181569:T:G	0.0122371	0.00058908	3.03367	2.55977	12	30181569	T	G	0.010474145790394873	1.9798813854160724
12:87920887:C:T	0.00044388	0.0185158	-3.73083	-2.55938	12	87920887	C	T	0.010485905077629688	1.9793940780020614
12:59579076:T:A	0.000213435	0.0116579	-4.00041	-2.55936	12	59579076	T	A	0.01048650843447293	1.9793690895049043
12:7257159:GT:G	0.00644937	0.000292912	3.09186	2.55914	12	7257159	GT	G	0.010493147398449225	1.9790942265100426
12:88526242:A:G	0.0039078	4.58947e-05	4.44438	2.55905	12	88526242	A	G	0.010495864415782659	1.978981788092057
12:66715473:A:T	0.000107356	0.00240191	-3.10787	-2.55893	12	66715473	A	T	0.01049948807911143	1.9788318752002425
12:99915225:C:CA	0.000631185	0.000130097	1.57932	2.55885	12	99915225	C	CA	0.010501904472921052	1.9787319364462141
12:100861051:G:A	0.00011117	0.00460388	-3.7236	-2.55872	12	100861051	G	A	0.010505832168014475	1.97856954138627
12:88424702:C:G	0.000696091	0.0057821	-2.11704	-2.55857	12	88424702	C	G	0.010510365747625854	1.9783821708022153
12:30170263:G:T	0.00931477	0.000448961	3.03242	2.55856	12	30170263	G	T	0.01051066804813613	1.978369679747325
12:61493584:GT:G	0.0302451	0.000322432	4.5412	2.55854	12	61493584	GT	G	0.01051127267236076	1.9783446977565615
12:63349184:G:A	6.48683e-06	0.000181162	-3.32962	-2.55835	12	63349184	G	A	0.010517018145811609	1.978107376758931
12:7317746:C:T	0.000434025	0.0206985	-3.86471	-2.55825	12	7317746	C	T	0.010520043201167095	1.9779824767231582
12:51414933:G:A	0.000348873	0.0184452	-3.96785	-2.55811	12	51414933	G	A	0.010524279578995129	1.9778076233379442
12:20848612:G:C	0.00545651	0.00130733	1.42882	2.55808	12	20848612	G	C	0.010525187571654077	1.9777701557670255
12:25121671:A:T	0.000234517	0.0233505	-4.60084	-2.55798	12	25121671	A	T	0.01052821471715081	1.9776452664426136
12:97806261:T:A	0.00130764	0.0314804	-3.18114	-2.55748	12	97806261	T	A	0.010543362064543845	1.9770208793272546
12:16666930:T:C	0.000483337	0.00400978	-2.11578	-2.55733	12	16666930	T	C	0.010547910047278513	1.9768335825321064
12:84508082:G:A	1.4843e-05	0.000808993	-3.99826	-2.55733	12	84508082	G	A	0.010547910047278513	1.9768335825321064
12:24284994:G:A	0.0198921	0.00251459	2.06821	2.55729	12	24284994	G	A	0.010549123137351742	1.9767836382275377
12:63365011:T:C	1.82885e-05	0.00181931	-4.59994	-2.5572	12	63365011	T	C	0.010551853043756245	1.9766712658629582
12:116284405:T:C	2.70264e-05	0.00123306	-3.82044	-2.55711	12	116284405	T	C	0.01055458357851554	1.9765588967116472
12:115646020:C:CA	0.000134139	0.00558117	-3.72827	-2.55693	12	115646020	C	CA	0.010560046533588614	1.9763341680487756
12:104030469:T:C	5.71722e-05	0.0081564	-4.96049	-2.55691	12	104030469	T	C	0.010560653683818904	1.9763091989907369
12:20845232:T:C	0.00591688	0.00141965	1.4274	2.55671	12	20845232	T	C	0.010566726894058664	1.9760595171376085
12:63543806:G:T	0.000286733	0.00353009	-2.51053	-2.55657	12	63543806	G	T	0.010570979989383984	1.9758847492816716
12:63543846:T:G	0.000286733	0.00353009	-2.51053	-2.55657	12	63543846	T	G	0.010570979989383984	1.9758847492816716
12:29689260:GT:G	0.0180895	0.000629412	3.3583	2.55605	12	29689260	GT	G	0.010586790534237856	1.9752356796023922
12:51411413:C:T	0.000381999	0.0201491	-3.9655	-2.55589	12	51411413	C	T	0.010591659546755287	1.975035987434381
12:33015572:C:T	2.92686e-05	0.00139236	-3.86224	-2.55586	12	33015572	C	T	0.010592572708297367	1.9749985462834079
12:30173407:T:C	0.00982201	0.000474755	3.02958	2.55582	12	30173407	T	C	0.01059379036594102	1.9749486253041235
12:113852124:TTGA:T	0.0217579	0.00025654	4.44045	2.55578	12	113852124	TTGA	T	0.010595008148075596	1.9748987049595188
12:20849115:G:A	0.00538639	0.00129376	1.42632	2.55566	12	20849115	G	A	0.01059866224153259	1.9747489477337734
12:70948490:G:A	0.00037053	1.82151e-05	3.01268	2.55558	12	70948490	G	A	0.010601098926489467	1.9746491127566546
12:92500727:A:G	0.00139316	0.0445753	-3.4656	-2.55546	12	92500727	A	G	0.010604754888118713	1.9744993650510216
12:98048309:CT:C	0.0010322	6.6834e-05	2.73724	2.55541	12	98048309	CT	C	0.010606278536384269	1.9744369718595172
12:38738835:A:G	2.59306e-05	0.00107013	-3.72012	-2.55536	12	38738835	A	G	0.010607802379339564	1.9743745796596817
12:74965291:T:C	0.00169828	2.9084e-05	4.06718	2.55534	12	74965291	T	C	0.010608411971039521	1.9743496230574145
12:120625843:C:A	0.000309993	0.0307539	-4.59722	-2.55488	12	120625843	C	A	0.010622441181669651	1.973775664996935
12:82950411:A:C	0.000888808	0.00859068	-2.26855	-2.55442	12	82950411	A	C	0.010636486889748685	1.9732017908692985
12:28190188:C:T	0.00168243	2.77609e-05	4.10437	2.55435	12	28190188	C	T	0.010638625727396876	1.973114469555598
12:12161874:G:A	0.00109154	0.0150955	-2.62681	-2.55428	12	12161874	G	A	0.010640764947513055	1.9730271501854755
12:83414515:T:C	0.000185388	0.0100697	-3.99483	-2.55409	12	83414515	T	C	0.010646573330523722	1.972790150263741
12:30353966:TC:T	0.00514545	0.000518072	2.29575	2.55403	12	30353966	TC	T	0.010648408142422194	1.9727153111580278
12:88493512:T:C	0.000131212	0.00114629	-2.16747	-2.55399	12	88493512	T	C	0.010649631506569708	1.9726654192141715
12:99070783:G:C	0.00185319	0.000383811	1.57451	2.55398	12	99070783	G	C	0.010649937367135038	1.9726529463273679
12:101035562:G:A	0.000396619	0.0163396	-3.71837	-2.55367	12	101035562	G	A	0.010659422920110021	1.9722663065098045
12:109482266:G:T	0.000173658	0.00247574	-2.6572	-2.55366	12	109482266	G	T	0.010659729030734116	1.9722538348922456
12:57185944:A:T	0.0232995	0.00395481	1.7735	2.55362	12	57185944	A	T	0.010660953551403387	1.9722039488186476
12:76579762:G:A	0.00137185	0.00011786	2.45442	2.55357	12	76579762	G	A	0.01066248437814176	1.9721415921190795
12:88525572:GTTA:G	0.0039078	4.61982e-05	4.43779	2.55357	12	88525572	GTTA	G	0.01066248437814176	1.9721415921190795
12:49650101:C:T	0.000198526	0.00138041	-1.93922	-2.5535	12	49650101	C	T	0.01066462786396333	1.9720542944055484
12:42977289:G:C	0.000215367	0.0213302	-4.59554	-2.55343	12	42977289	G	C	0.010666771732956519	1.9719669986355197
12:60653398:G:A	0.00151078	0.000284866	1.66836	2.55319	12	60653398	G	A	0.010674125050706224	1.971667713607235
12:90437552:T:C	3.3873e-05	0.000728865	-3.06887	-2.55305	12	90437552	T	C	0.010678416567379147	1.9714931412243797
12:103815883:T:C	0.0112013	0.000310015	3.58716	2.55269	12	103815883	T	C	0.010689458941778697	1.9710442765074656
12:103815994:C:T	0.0112013	0.000310015	3.58716	2.55269	12	103815994	C	T	0.010689458941778697	1.9710442765074656
12:52220317:C:G	0.00152659	0.0466361	-3.41934	-2.55234	12	52220317	C	G	0.010700204316649094	1.970607929534782
12:110467629:G:C	5.35621e-06	0.000759757	-4.95474	-2.55231	12	110467629	G	C	0.010701125795526983	1.9705705306263956
12:68451756:A:G	0.00184866	0.0442706	-3.17586	-2.55209	12	68451756	A	G	0.010707885463583772	1.9702962828716923
12:30172759:A:G	0.00968462	0.000469959	3.02565	2.55201	12	30172759	A	G	0.010710344465843645	1.9701965611747396
12:62277114:T:G	0.000100493	0.00456014	-3.81502	-2.55199	12	62277114	T	G	0.010710959294855705	1.9701716311471085
12:81631085:A:G	1.45446e-05	0.000380629	-3.26461	-2.55179	12	81631085	A	G	0.010717109311185346	1.969922339596104
12:49791551:A:G	0.00135476	0.035452	-3.26455	-2.55173	12	49791551	A	G	0.010718954928227184	1.9698475552243084
12:77522853:T:C	0.000124851	0.00707438	-4.03712	-2.55165	12	77522853	T	C	0.010721416190544494	1.969747844949547
12:28196349:C:CA	3.65271e-05	0.00197883	-3.99221	-2.55161	12	28196349	C	CA	0.010722647010125343	1.969697990764007
12:28196369:T:G	3.65271e-05	0.00197883	-3.99221	-2.55161	12	28196369	T	G	0.010722647010125343	1.969697990764007
12:42261787:G:A	1.95577e-05	0.00080395	-3.71617	-2.55155	12	42261787	G	A	0.010724493475054902	1.969623210675494
12:88527540:C:T	0.00369662	4.38127e-05	4.43525	2.55147	12	88527540	C	T	0.010726955868060096	1.969523506111758
12:28906098:A:G	0.000318673	0.0130961	-3.71591	-2.5513	12	28906098	A	G	0.01073219012232258	1.9693116423414871
12:73581038:T:C	3.0235e-05	0.00227667	-4.32147	-2.55097	12	73581038	T	C	0.010742357216382043	1.9689004100945589
12:42124526:C:A	2.35234e-05	0.00106621	-3.81387	-2.5509	12	42124526	C	A	0.010744514973268076	1.968813184564126
12:114365210:GA:G	0.0314703	0.000521546	4.1	2.55079	12	114365210	GA	G	0.010747906512635151	1.9686761197996487
12:57184505:C:T	0.0242797	0.00413305	1.77063	2.55071	12	57184505	C	T	0.01075037368450397	1.968576439348616
12:31108879:ATG:A	0.000340902	0.00815254	-3.17449	-2.55069	12	31108879	ATG	A	0.010750990556138797	1.9685515196324415
12:1382353:G:A	0.00305839	0.000635541	1.57117	2.55064	12	1382353	G	A	0.010752532872909079	1.968489221036024
12:113252794:C:A	0.000155687	0.00134482	-2.15617	-2.55054	12	113252794	C	A	0.010755618096592744	1.9683646268175492
12:24170192:GA:G	0.00670719	0.00032641	3.02278	2.55052	12	24170192	GA	G	0.010756235235763908	1.9683397084497511
12:70274470:A:G	1.20661e-05	0.00170749	-4.95238	-2.55042	12	70274470	A	G	0.01075932140386676	1.9682151189902326
12:62469882:T:TTTTA	3.55271e-05	0.00502476	-4.95184	-2.54999	12	62469882	T	TTTTA	0.010772600899015664	1.9676794295041091
12:14875342:CATATATATA:C	0.00695051	0.000126526	4.00612	2.54993	12	14875342	CATATATATA	C	0.010774455009781502	1.967604687963563
12:40485067:C:G	1.5077e-05	0.000479607	-3.4598	-2.54957	12	40485067	C	G	0.010785585633212233	1.9671562687007598
12:1228355:T:A	0.00710083	0.00114842	1.82182	2.54948	12	1228355	T	A	0.010788369885772184	1.9670441719154799
12:85956854:T:G	0.000167543	3.48602e-05	1.5699	2.54941	12	85956854	T	G	0.010790535857263346	1.9669569877476698
12:87184097:T:C	4.65738e-05	0.00350057	-4.31964	-2.54933	12	87184097	T	C	0.01079301172660882	1.966857351078101
12:29419296:A:T	5.48952e-05	0.00775697	-4.95092	-2.54926	12	29419296	A	T	0.010795178526537783	1.9667701710741579
12:40279307:ATTAAG:A	0.00471891	5.60821e-05	4.43252	2.54919	12	40279307	ATTAAG	A	0.010797345713162793	1.966682993013343
12:44653721:G:T	8.9885e-05	1.15587e-05	2.05109	2.54913	12	44653721	G	T	0.010799203609521246	1.9666082705077834
12:44652995:G:A	8.98848e-05	1.15587e-05	2.05109	2.54913	12	44652995	G	A	0.010799203609521246	1.9666082705077834
12:82951384:G:A	0.000870856	0.00836174	-2.26194	-2.54858	12	82951384	G	A	0.01081624757293997	1.9659233807283285
12:92466150:GA:G	0.0422802	0.00241213	2.86381	2.54856	12	92466150	GA	G	0.010816867803746591	1.9658984779057618
12:118421757:T:C	0.000886148	0.0463746	-3.95762	-2.54847	12	118421757	T	C	0.010819659233628244	1.9657864171670996
12:57187577:T:TC	0.0224735	0.00383429	1.76835	2.5484	12	57187577	T	TC	0.010821830788443936	1.965699261035446
12:82951443:G:A	0.000871285	0.00836174	-2.26145	-2.54814	12	82951443	G	A	0.010829899955784848	1.965375555272304
12:105685711:TCA:T	0.0105198	0.000644735	2.79218	2.54807	12	105685711	TCA	T	0.010832073337492223	1.9652884083006987
12:70765057:A:G	0.00284463	0.0246894	-2.16094	-2.54795	12	70765057	A	G	0.010835800036708941	1.9651390180127326
12:40279566:G:A	6.42948e-05	0.00290475	-3.81062	-2.54784	12	40279566	G	A	0.010839217178781438	1.9650020819315748
12:91287106:TTTAAAA:T	0.0119476	0.000218088	4.00339	2.54751	12	91287106	TTTAAAA	T	0.010849474352891296	1.9645913024761672
12:47462617:T:C	7.68442e-05	0.0108334	-4.94861	-2.54741	12	47462617	T	C	0.010852584290330041	1.9644668323786378
12:113320084:C:T	0.0185863	0.00438964	1.44318	2.54733	12	113320084	C	T	0.010855072810750077	1.9643672591555832
12:131765668:C:G	2.88051e-05	0.00216022	-4.31741	-2.54732	12	131765668	C	G	0.010855383911461769	1.964354812681136
12:87385688:C:A	0.0102872	0.00012254	4.43022	2.54729	12	87385688	C	A	0.010856317261146496	1.9643174734957087
12:105793863:A:G	0.000257676	0.00569535	-3.0957	-2.54722	12	105793863	A	G	0.010858495354472536	1.964230350117535
12:105793851:T:G	0.000257676	0.00569535	-3.0957	-2.54722	12	105793851	T	G	0.010858495354472536	1.964230350117535
12:91533302:T:G	7.39803e-05	0.0041719	-4.03233	-2.54706	12	91533302	T	G	0.010863475312080982	1.9640312182633815
12:100862359:T:A	0.000112527	0.00460388	-3.71146	-2.54701	12	100862359	T	A	0.010865031965087547	1.9639689916406757
12:97772443:G:C	0.000320232	0.0451211	-4.94806	-2.54697	12	97772443	G	C	0.010866277430234042	1.963919211056241
12:60845198:T:C	5.37809e-05	0.00303167	-4.03195	-2.5467	12	60845198	T	C	0.01087468763956509	1.963583208705417
12:3822773:A:G	7.79849e-05	0.00766308	-4.58765	-2.54668	12	3822773	A	G	0.010875310848120054	1.9635583207922778
12:21583184:T:C	0.0166294	0.00280402	1.78011	2.54655	12	21583184	T	C	0.010879362477525583	1.9633965532228417
12:105687084:GT:G	0.0104417	0.000641049	2.79045	2.54648	12	105687084	GT	G	0.010881544679763802	1.9633094503840876
12:20822199:A:G	0.0303864	0.00519523	1.76626	2.54628	12	20822199	A	G	0.010887781687081677	1.9630605958361598
12:97852481:T:C	0.00125313	0.0345531	-3.31685	-2.54623	12	97852481	T	C	0.010889341435270547	1.962998384677327
12:97852498:T:A	0.00125313	0.0345531	-3.31685	-2.54623	12	97852498	T	A	0.010889341435270547	1.962998384677327
12:41194550:T:C	0.000651716	0.000106265	1.81367	2.54622	12	41194550	T	C	0.010889653408738017	1.962985942564511
12:59578697:A:C	0.000216434	0.0116579	-3.98645	-2.54617	12	59578697	A	C	0.010891213395233279	1.9629237325951843
12:20763756:C:T	0.000810875	0.0115427	-2.6557	-2.54617	12	20763756	C	T	0.010891213395233279	1.9629237325951843
12:16636319:C:T	0.000198553	0.0148685	-4.31594	-2.546	12	16636319	C	T	0.010896518835064295	1.9627122261140262
12:82951513:G:A	0.000871285	0.00834001	-2.25885	-2.54584	12	82951513	G	A	0.010901514288296856	1.9625131716581303
12:1365865:G:C	0.000191149	0.00261982	-2.61781	-2.5457	12	1365865	G	C	0.010905886979379636	1.962339007335618
12:80539349:C:T	0.0657641	0.0137341	1.56619	2.54554	12	80539349	C	T	0.010910886249251952	1.96213997191142
12:23785188:A:G	0.000212924	0.0208944	-4.5863	-2.54553	12	23785188	A	G	0.0109111987712315	1.9621275325344245
12:131772811:G:A	3.45331e-05	0.00485624	-4.9461	-2.5454	12	131772811	G	A	0.01091526228097312	1.9619658242415305
12:76150554:C:CA	0.0105458	0.00212782	1.60063	2.54531	12	76150554	C	CA	0.010918076267811591	1.961853876271674
12:85667988:C:T	0.00128527	2.22758e-05	4.05522	2.54517	12	85667988	C	T	0.010922454862150276	1.9616797413686402
12:28192893:T:TAA	3.27053e-05	0.00175954	-3.98527	-2.54505	12	28192893	T	TAA	0.010926209185005196	1.9615304890654601
12:113325482:C:G	0.00273185	0.0208101	-2.03046	-2.54473	12	113325482	C	G	0.01093622631984329	1.9611325108358035
12:63626530:T:TA	2.91664e-05	0.00218088	-4.31447	-2.54467	12	63626530	T	TA	0.010938105440939289	1.9610578944375745
12:29044310:AT:A	0.00589547	6.39127e-05	4.52442	2.54461	12	29044310	AT	A	0.010939984848961762	1.9609832794666517
12:73194606:C:A	0.000958004	0.00015652	1.81167	2.54426	12	73194606	C	A	0.010950953782958628	1.9605480539163929
12:85945453:C:G	4.00421e-05	0.000363691	-2.20637	-2.54416	12	85945453	C	G	0.010954089558651958	1.9604237126797046
12:77989591:A:G	0.00109249	0.061418	-4.02924	-2.54411	12	77989591	A	G	0.010955657745697785	1.9603615435481032
12:1728456:C:T	0.000584711	9.51941e-05	1.8152	2.54394	12	1728456	C	T	0.010960991074002379	1.9601501759145168
12:118417627:G:A	0.000553498	0.0776822	-4.94412	-2.54382	12	118417627	G	A	0.010964757165276194	1.9600009821304052
12:75693232:A:G	0.000702452	0.00846387	-2.48898	-2.54361	12	75693232	A	G	0.01097135059190577	1.9597399067454746
12:73788484:C:T	0.000284855	4.65721e-05	1.81098	2.54359	12	73788484	C	T	0.010971978721006642	1.9597150433349486
12:42978092:G:A	0.000502007	0.0151855	-3.40948	-2.54328	12	42978092	G	A	0.010981718809148843	1.959329680750341
12:73803053:GTA:G	0.00106474	1.84958e-05	4.05294	2.54323	12	73803053	GTA	G	0.010983290510437244	1.9592675290628105
12:1349661:T:TA	0.000684226	0.000169082	1.3979	2.54313	12	1349661	T	TA	0.010986434512653295	1.959143228661107
12:49578549:G:A	0.00168042	0.000438685	1.34302	2.54302	12	49578549	G	A	0.01098989383870757	1.9590065027981818
12:88525255:G:A	0.0039078	4.67906e-05	4.42505	2.54299	12	88525255	G	A	0.010990837459226984	1.9589692147590088
12:8722220:T:TA	0.002334	6.52957e-05	3.57641	2.54294	12	8722220	T	TA	0.010992410320075597	1.9589070688199395
12:41638288:G:T	0.000107549	0.00504769	-3.84874	-2.54281	12	41638288	G	T	0.010996500694322784	1.9587454940167308
12:88524806:T:C	0.0039078	4.68023e-05	4.4248	2.54279	12	88524806	T	C	0.010997130102690926	1.9587206369493602
12:88524663:G:C	0.0039078	4.68023e-05	4.4248	2.54279	12	88524663	G	C	0.010997130102690926	1.9587206369493602
12:21063185:AT:A	0.000696693	0.000113553	1.81408	2.54278	12	21063185	AT	A	0.010997444818878623	1.9587082084751406
12:88525072:A:G	0.0039078	4.68032e-05	4.42478	2.54277	12	88525072	A	G	0.010997759543068962	1.9586957800405649
12:20740638:C:T	0.0319166	0.00409556	2.05322	2.54271	12	20740638	C	T	0.010999648056276094	1.958621210265634
12:14082392:G:A	0.000258217	0.013431	-3.95152	-2.54271	12	14082392	G	A	0.010999648056276094	1.958621210265634
12:102982328:CACACACAGA:C	0.00962635	0.00165177	1.76266	2.54263	12	102982328	CACACACAGA	C	0.011002166522107417	1.958521786119113
12:123271454:G:A	0.000502143	0.000129586	1.35454	2.54246	12	123271454	G	A	0.011007519963218469	1.9583105182320286
12:14398091:T:C	2.54335e-07	5.59306e-06	-3.09063	-2.54235	12	14398091	T	C	0.011010985187727425	1.9581738215866475
12:62332620:G:T	8.98443e-06	0.000271677	-3.40912	-2.54209	12	62332620	G	T	0.011019179571628868	1.9578507394931641
12:6513180:T:C	6.46515e-05	0.00143001	-3.09642	-2.54173	12	6513180	T	C	0.011030534586489045	1.9574034392972275
12:99941824:T:C	0.00173668	0.000283095	1.81395	2.54144	12	99941824	T	C	0.011039689240942169	1.9570431515020668
12:7391992:A:T	0.00108891	0.0239144	-3.0893	-2.54107	12	7391992	A	T	0.011051379117275844	1.9565835223725567
12:70542579:GA:G	0.0165626	0.000632719	3.26488	2.54106	12	70542579	GA	G	0.01105169521244999	1.9565711007168314
12:23161481:G:A	2.37682e-05	0.00123398	-3.94965	-2.54095	12	23161481	G	A	0.011055172789533349	1.9564344651201455
12:117222662:C:G	0.00111232	0.0203141	-2.90486	-2.54079	12	117222662	C	G	0.011060232818915139	1.956235730996428
12:28195158:TACA:T	0.00197883	3.32024e-05	4.08764	2.54071	12	28195158	TACA	T	0.011062763605106992	1.9561363677400474
12:28195420:T:C	0.00197883	3.32024e-05	4.08764	2.54071	12	28195420	T	C	0.011062763605106992	1.9561363677400474
12:28195496:G:C	0.00197883	3.32024e-05	4.08764	2.54071	12	28195496	G	C	0.011062763605106992	1.9561363677400474
12:28195203:A:G	0.00197883	3.32024e-05	4.08764	2.54071	12	28195203	A	G	0.011062763605106992	1.9561363677400474
12:28195482:T:C	0.00197883	3.32024e-05	4.08764	2.54071	12	28195482	T	C	0.011062763605106992	1.9561363677400474
12:28195163:AGTGCTGATT:A	0.00197883	3.32024e-05	4.08764	2.54071	12	28195163	AGTGCTGATT	A	0.011062763605106992	1.9561363677400474
12:28195415:G:A	0.00197883	3.32024e-05	4.08764	2.54071	12	28195415	G	A	0.011062763605106992	1.9561363677400474
12:28195333:T:C	0.00197883	3.32024e-05	4.08764	2.54071	12	28195333	T	C	0.011062763605106992	1.9561363677400474
12:48071776:TC:T	0.00218871	7.74307e-05	3.34168	2.54069	12	48071776	TC	T	0.011063396382034586	1.956111527322355
12:76582857:G:A	6.27641e-05	0.00293921	-3.84651	-2.54066	12	76582857	G	A	0.011064345607716328	1.956074266993117
12:98723141:A:G	0.00103219	0.0245523	-3.16912	-2.54051	12	98723141	A	G	0.011069092821506489	1.9558879706983332
12:28204118:A:G	4.11037e-05	0.00220067	-3.98042	-2.54047	12	28204118	A	G	0.01107035905074674	1.9558382931927076
12:26253225:G:GA	0.000666085	0.031186	-3.84631	-2.54046	12	26253225	G	GA	0.011070675628162507	1.9558258739154004
12:43687236:T:A	0.00012925	0.00525081	-3.70439	-2.54019	12	43687236	T	A	0.011079226259065975	1.9554905684118784
12:20849341:C:A	0.00522922	0.00127654	1.41011	2.53999	12	20849341	C	A	0.011085563841771028	1.9552422125952975
12:61483046:CAAAAAAAA:C	0.00273288	0.000168995	2.78324	2.53985	12	61483046	CAAAAAAAA	C	0.011090002065659157	1.955068372957757
12:101035019:A:G	0.000394799	0.0160307	-3.70388	-2.5397	12	101035019	A	G	0.01109475905711464	1.9548821248246528
12:51459440:A:G	0.000282593	0.0210126	-4.30887	-2.53964	12	51459440	A	G	0.01109666236117672	1.9548076280686324
12:29686007:C:T	0.000438415	0.0177948	-3.7035	-2.53933	12	29686007	C	T	0.011106500720227647	1.9544227508949814
12:77945122:G:GA	0.000248364	0.00548075	-3.0941	-2.53932	12	77945122	G	GA	0.011106818215615424	1.954410336136489
12:12156753:C:T	0.00120475	0.0163996	-2.61098	-2.5392	12	12156753	C	T	0.011110628789179669	1.954261362126315
12:25204640:CAA:C	9.04203e-05	1.55722e-05	1.75898	2.53891	12	25204640	CAA	C	0.011119842470163318	1.9539013651661377
12:74964694:A:C	0.00163892	2.86154e-05	4.04785	2.5389	12	74964694	A	C	0.011120160304317764	1.9538889520724123
12:85946206:T:C	4.03821e-05	0.000364771	-2.20088	-2.53881	12	85946206	T	C	0.011123021174860286	1.953777236012543
12:82775518:A:G	0.029096	0.00812863	1.27521	2.53876	12	82775518	A	G	0.011124610829866138	1.953715172922125
12:88836919:T:C	0.0306562	0.0074936	1.40879	2.53872	12	88836919	T	C	0.01112588269916609	1.953665523163251
12:21448828:T:G	0.000171799	0.00333906	-2.96712	-2.53867	12	21448828	T	G	0.011127472717428295	1.9536034618564817
12:10395472:G:C	0.00721964	0.000334802	3.07102	2.53866	12	10395472	G	C	0.011127790745300776	1.9535910497140372
12:90289424:G:T	0.000313696	0.0127223	-3.70269	-2.53855	12	90289424	G	T	0.011131289584803574	1.9534545187631525
12:28202487:C:CT	3.99052e-05	0.00213212	-3.97836	-2.53852	12	28202487	C	CT	0.011132243983337902	1.9534172838816382
12:64492944:G:A	0.00013046	0.0126951	-4.57791	-2.53834	12	64492944	G	A	0.011137971901104384	1.9531938820837804
12:76529099:CATT:C	0.00132805	2.32102e-05	4.04688	2.53807	12	76529099	CATT	C	0.011146568686239498	1.9528588034657706
12:41194322:A:G	0.000650198	0.000106924	1.80516	2.53792	12	41194322	A	G	0.011151347224213511	1.952672661163164
12:83280906:A:C	4.0102e-05	0.00223962	-4.02263	-2.53778	12	83280906	A	C	0.011155808834551329	1.9524989363933323
12:122804882:AT:A	0.00332755	0.000637225	1.65287	2.53764	12	122804882	AT	A	0.011160272030332744	1.9523252193919374
12:89533400:G:A	0.0339295	0.00157516	3.06993	2.53759	12	89533400	G	A	0.01116186641314415	1.9522631794883711
12:88156696:T:TA	0.00107085	1.17097e-05	4.51579	2.53745	12	88156696	T	TA	0.011166331761360185	1.9520894730297758
12:41638512:A:T	0.000107185	0.0050019	-3.84302	-2.53728	12	41638512	A	T	0.011171756102913192	1.9518785542022516
12:117164098:T:TA	0.00836503	0.000672403	2.52096	2.53725	12	117164098	T	TA	0.011172713582563705	1.9518413344217098
12:28203390:A:G	3.99633e-05	0.00213212	-3.97691	-2.53715	12	28203390	A	G	0.011175905707807533	1.9517172710627746
12:28202721:C:T	3.99633e-05	0.00213212	-3.97691	-2.53715	12	28202721	C	T	0.011175905707807533	1.9517172710627746
12:28202694:T:C	3.99633e-05	0.00213212	-3.97691	-2.53715	12	28202694	T	C	0.011175905707807533	1.9517172710627746
12:28202996:G:A	3.99633e-05	0.00213212	-3.97691	-2.53715	12	28202996	G	A	0.011175905707807533	1.9517172710627746
12:28202801:C:T	3.99633e-05	0.00213212	-3.97691	-2.53715	12	28202801	C	T	0.011175905707807533	1.9517172710627746
12:28203382:A:G	3.99633e-05	0.00213212	-3.97691	-2.53715	12	28203382	A	G	0.011175905707807533	1.9517172710627746
12:51238044:A:AAAAAAG	0.0011216	3.98385e-05	3.33768	2.53698	12	51238044	A	AAAAAAG	0.01118133417974851	1.9515063724485162
12:71405702:T:C	0.00018212	0.0101618	-4.02173	-2.53691	12	71405702	T	C	0.011183570113493913	1.9514195351718588
12:97792535:G:T	0.000777303	0.040167	-3.94497	-2.53653	12	97792535	G	T	0.011195714970075947	1.9509481666991688
12:32251214:T:C	0.000178253	0.00921078	-3.94492	-2.53648	12	32251214	T	C	0.011197313849215263	1.9508861487922373
12:46431097:C:CTT	0.00168875	9.77143e-05	2.8497	2.53648	12	46431097	C	CTT	0.011197313849215263	1.9508861487922373
12:105010230:A:G	0.000122892	0.0170892	-4.9349	-2.53644	12	105010230	A	G	0.011198593098533865	1.950836535180076
12:41631037:G:GA	0.00213242	0.00010647	2.99715	2.53612	12	41631037	G	GA	0.011208831766678263	1.950439649110984
12:96112698:T:C	0.000525762	0.0111124	-3.05097	-2.53603	12	96112698	T	C	0.011211712889586082	1.9503280322161565
12:42559626:A:AT	0.000170943	0.00952883	-4.02075	-2.53597	12	42559626	A	AT	0.01121363400355586	1.9502536227363658
12:95562622:ATTTTTTTTT:A	0.0195584	0.000982144	2.99142	2.53587	12	95562622	ATTTTTTTTT	A	0.011216836509825138	1.950129610107239
12:50009466:A:AT	3.1774e-05	0.000269559	-2.13814	-2.53584	12	50009466	A	AT	0.011217797420080309	1.9500924070913142
12:109690430:A:G	0.000871975	0.0224592	-3.2487	-2.53566	12	109690430	A	G	0.011223564416964356	1.9498691964860742
12:58830301:G:A	0.0167047	0.00340517	1.5904	2.53551	12	58830301	G	A	0.011228372258799127	1.9496831974570572
12:48352892:T:C	0.00568882	0.000353445	2.77853	2.53551	12	48352892	T	C	0.011228372258799127	1.9496831974570572
12:3264708:T:C	0.0463336	0.00386614	2.48361	2.5354	12	3264708	T	C	0.011231899171810679	1.949546803836313
12:58471048:G:C	0.000397327	0.0119343	-3.40241	-2.53536	12	58471048	G	C	0.011233181929531327	1.9494972073449592
12:25210151:C:T	4.12245e-05	0.00572453	-4.93348	-2.53531	12	25210151	C	T	0.011234785559631892	1.9494352126224541
12:43958799:T:TTTTTG	0.00201873	0.0172832	-2.14727	-2.53531	12	43958799	T	TTTTTG	0.011234785559631892	1.9494352126224541
12:31710552:T:TAC	2.83655e-05	0.000851007	-3.40125	-2.53525	12	31710552	T	TAC	0.011236710184107667	1.9493608202632502
12:3441112:AAC:A	0.0625778	0.0155974	1.38931	2.535	12	3441112	AAC	A	0.011244732604705647	1.9490508674565887
12:79383511:T:C	0.00198911	0.0360973	-2.89853	-2.53487	12	79383511	T	C	0.011248906273160731	1.948889701785709
12:45390608:A:C	4.63864e-05	0.0044952	-4.57376	-2.53478	12	45390608	A	C	0.01125179654173247	1.9487781294753546
12:30172698:G:C	0.00962506	0.000475514	3.00773	2.53468	12	30172698	G	C	0.011255008724670947	1.9486541640064217
12:47445161:G:C	1.5001e-05	0.000470225	-3.4451	-2.53467	12	47445161	G	C	0.011255329987747791	1.9486417676774899
12:90601065:A:G	0.000350516	0.0142484	-3.70499	-2.53464	12	90601065	A	G	0.011256293825837427	1.9486045789284685
12:1354523:T:TA	0.00100064	0.000192275	1.64947	2.53423	12	1354523	T	TA	0.011269473627234152	1.9480963684371475
12:113258979:ATT:A	0.000290102	0.00197118	-1.91615	-2.53388	12	113258979	ATT	A	0.011280735517218076	1.947662582918697
12:86833345:C:A	6.49857e-06	0.000176858	-3.30377	-2.53381	12	86833345	C	A	0.011282989094030733	1.9475758316403156
12:28205710:A:G	4.67337e-05	0.00259915	-4.01847	-2.53379	12	28205710	A	G	0.011283633046539968	1.947551045917428
12:119456008:GAA:G	0.00283615	0.000140452	3.00533	2.53352	12	119456008	GAA	G	0.011292329600001316	1.9472164541725896
12:81644985:G:T	9.53303e-05	0.0132056	-4.93105	-2.53336	12	81644985	G	T	0.011297485921057348	1.9470181912148101
12:33169900:G:A	6.59712e-05	0.0019764	-3.39982	-2.53275	12	33169900	G	A	0.011317163578890264	1.9462624067512566
12:92797212:G:A	3.16407e-05	0.00162848	-3.94096	-2.53274	12	92797212	G	A	0.01131748641681034	1.9462500180704265
12:101010898:T:C	0.000390173	0.0377141	-4.5712	-2.53259	12	101010898	T	C	0.011322329966919183	1.9460641926130526
12:62820619:A:G	0.00325194	0.0387161	-2.477	-2.5325	12	62820619	A	G	0.011325236980318789	1.9459527016181795
12:1352149:C:T	8.87055e-05	0.00106402	-2.48449	-2.53249	12	1352149	C	T	0.011325560022710035	1.9459403139279865
12:100343424:AAAAAG:A	0.00720736	0.000126807	4.04019	2.53238	12	100343424	AAAAAG	A	0.011329114029006075	1.9458040519511284
12:61255510:C:G	2.41755e-05	0.00178308	-4.30076	-2.53234	12	61255510	C	G	0.011330406640410969	1.9457545033301147
12:119984171:T:C	0.000222585	0.00312258	-2.64111	-2.53188	12	119984171	T	C	0.011345281085688965	1.9451847397568838
12:19632881:C:T	0.00118737	0.0278718	-3.15588	-2.53169	12	19632881	C	T	0.011351429935763211	1.9449494270968157
12:100845892:A:T	0.000100008	0.00464001	-3.83722	-2.53167	12	100845892	A	T	0.01135207735521613	1.9449246581752258
12:116933021:T:TAA	0.00015402	0.00278546	-2.89509	-2.53165	12	116933021	T	TAA	0.011352724807450922	1.9448998894121308
12:16309656:C:CA	0.00273725	0.0257837	-2.24279	-2.53163	12	16309656	C	CA	0.011353372292468987	1.9448751208075308
12:14469383:A:C	0.000367672	0.00805235	-3.08653	-2.53148	12	14469383	A	C	0.011358229475212898	1.9446893613250413
12:124474107:C:T	0.00184392	0.0401013	-3.07951	-2.53108	12	124474107	C	T	0.011371190982812807	1.9441940462906473
12:20396587:G:A	0.0142885	0.00119805	2.47876	2.53099	12	20396587	G	A	0.011374109131003687	1.9440826091447503
12:47445259:T:C	1.49406e-05	0.00046661	-3.44141	-2.53094	12	47445259	T	C	0.011375730611693297	1.9440207010060409
12:42134105:TAGG:T	0.00214282	8.27739e-05	3.25377	2.5306	12	42134105	TAGG	T	0.01138676212358287	1.9435997519323613
12:30183553:G:A	0.011706	0.0005808	3.00345	2.53053	12	30183553	G	A	0.011389034495721581	1.9435130916323557
12:42977635:A:G	0.000502216	0.0149921	-3.39625	-2.53038	12	42977635	A	G	0.01139390522021675	1.9433273975270537
12:79795564:T:C	0.000309228	0.0227572	-4.29856	-2.53037	12	79795564	T	C	0.011394230000921204	1.9433150182370054
12:74158666:C:T	2.20268e-05	0.00122068	-4.0149	-2.53037	12	74158666	C	T	0.011394230000921204	1.9433150182370054
12:113321780:T:TTA	0.019486	0.00468574	1.42517	2.53035	12	113321780	T	TTA	0.011394879586985063	1.9432902597757726
12:29449260:C:CT	0.00575934	0.000588985	2.28018	2.53028	12	29449260	C	CT	0.011397153397103909	1.9432036064095304
12:20769236:C:T	0.000687526	0.00956273	-2.63253	-2.53027	12	20769236	C	T	0.011397478259998832	1.943191227515695
12:4820549:AAC:A	0.00941692	0.000166125	4.03753	2.53012	12	4820549	AAC	A	0.011402352189922412	1.9430055488626992
12:43100809:C:T	0.000190059	0.00567142	-3.39586	-2.53001	12	43100809	C	T	0.011405927581004529	1.9428693901829632
12:121082709:A:AAATAATAAT	0.000369076	0.035567	-4.56817	-2.52999	12	121082709	A	AAATAATAAT	0.011406577759022997	1.9428446345744457
12:101901440:T:C	0.0001524	0.00454693	-3.3957	-2.52985	12	101901440	T	C	0.011411129926422924	1.942671349752327
12:43912364:A:G	0.0182146	0.0043824	1.42462	2.52983	12	43912364	A	G	0.011411780367678426	1.9426465954116663
12:84014030:G:A	2.26854e-05	0.00105042	-3.83522	-2.52975	12	84014030	G	A	0.011414382461823943	1.9425475796338392
12:99912354:AT:A	8.53206e-05	0.000763498	-2.19149	-2.52967	12	99912354	AT	A	0.011416985082634569	1.9424485663917075
12:28194454:A:T	0.00194116	3.30164e-05	4.07404	2.52962	12	28194454	A	T	0.01141861198812829	1.9423866844030293
12:73346789:A:G	0.00163312	0.000214399	2.03041	2.52949	12	73346789	A	G	0.011422842905543627	1.9422257958680005
12:99864107:A:T	0.000228508	0.00317565	-2.6317	-2.52948	12	99864107	A	T	0.011423168418360476	1.9422134201041832
12:28415227:AT:A	0.000402139	2.34661e-05	2.84124	2.52924	12	28415227	AT	A	0.011430983196534667	1.941916413658456
12:126397154:GA:G	0.0231843	0.00382857	1.80098	2.52922	12	126397154	GA	G	0.01143163464220638	1.9418916641514175
12:43860691:A:C	0.000159013	0.00133808	-2.13001	-2.52921	12	43860691	A	C	0.011431960377399828	1.9418792894573271
12:101032653:T:C	0.00922786	0.000432071	3.06139	2.5292	12	101032653	T	C	0.011432286120831912	1.9418669148028558
12:3437623:CTATATA:C	0.0738076	0.0122468	1.7962	2.52919	12	3437623	CTATATA	C	0.011432611872502805	1.9418545401880039
12:51418742:G:A	0.000275216	0.0152309	-4.01353	-2.52905	12	51418742	G	A	0.011437173261068403	1.9416812997400894
12:105793459:G:C	0.000259525	0.00562713	-3.0765	-2.52876	12	105793459	G	C	0.011446626990757418	1.9413224692289215
12:31106660:G:T	0.00485502	0.00024572	2.98358	2.5286	12	31106660	G	T	0.01145184581010215	1.9411245080371493
12:59576900:T:TTTTA	0.000215526	0.0119215	-4.01302	-2.52856	12	59576900	T	TTTTA	0.011453150844884588	1.9410750193239348
12:46423839:G:A	6.07794e-05	0.0044634	-4.29642	-2.52844	12	46423839	G	A	0.011457066741283122	1.940926556987621
12:74830080:C:CAA	1.97225e-05	0.00189689	-4.56621	-2.52832	12	74830080	C	CAA	0.01146098382599499	1.9407781003562785
12:102902230:G:T	0.00466602	0.000801645	1.76139	2.52829	12	102902230	G	T	0.011461963282882558	1.940740987089841
12:123535503:A:T	0.00491198	0.00123344	1.38187	2.52797	12	123535503	A	T	0.01147241544666715	1.9403451344335823
12:51411586:C:CCA	0.000383786	0.0196527	-3.93588	-2.52796	12	51411586	C	CCA	0.011472742213052833	1.940332764691758
12:28206530:C:T	4.70376e-05	0.00259915	-4.01199	-2.52758	12	28206530	C	T	0.011485165458444576	1.9398627438584317
12:18652045:C:T	0.00267411	0.000549656	1.58208	2.52755	12	18652045	C	T	0.011486146749289447	1.9398256393869524
12:10337160:T:C	0.0047047	0.0399349	-2.13869	-2.52737	12	10337160	T	C	0.011492036057149432	1.9396030200455212
12:28197447:G:A	3.74418e-05	0.00197674	-3.96642	-2.52724	12	28197447	G	A	0.011496291112711875	1.9394422473926518
12:1359947:CT:C	0.00013436	0.00180607	-2.59839	-2.5272	12	1359947	CT	C	0.01149760064185205	1.9393927802310111
12:19638797:CAAACA:C	0.0350111	0.00164283	3.05925	2.52709	12	19638797	CAAACA	C	0.011501202529628444	1.9392567488047803
12:20849229:A:G	0.00522922	0.00129376	1.39671	2.52704	12	20849229	A	G	0.011502840082369402	1.9391949179229286
12:131772619:G:A	3.41783e-05	0.00469678	-4.92304	-2.52696	12	131772619	G	A	0.011505460597160094	1.9390959905719596
12:40412146:G:C	0.000309589	0.0163384	-3.96603	-2.52686	12	40412146	G	C	0.011508736985702131	1.9389723349486108
12:59577422:C:T	0.000216127	0.0119215	-4.01023	-2.52589	12	59577422	C	T	0.0115405609502963	1.9377730809812002
12:120836988:AT:A	9.92864e-05	8.79098e-06	2.42428	2.52587	12	120836988	AT	A	0.011541217935378819	1.937748358017037
12:70940399:C:A	5.93855e-05	0.00434855	-4.29355	-2.52586	12	70940399	C	A	0.01154154644036624	1.9377359965943752
12:3828545:CA:C	0.00361106	0.000180037	2.9986	2.52584	12	3828545	CA	C	0.011542203475234313	1.9377112738678908
12:46423779:T:C	0.00178714	0.000120165	2.6995	2.52583	12	46423779	T	C	0.01154253200511532	1.9376989125640678
12:32938974:G:A	0.000379163	0.0277614	-4.29344	-2.52576	12	32938974	G	A	0.01154483194664215	1.9376123845464739
12:32938990:A:G	0.000379163	0.0277614	-4.29344	-2.52576	12	32938990	A	G	0.01154483194664215	1.9376123845464739
12:103815090:C:T	0.000292205	0.0213933	-4.29338	-2.5257	12	103815090	C	T	0.011546803648769888	1.9375382192191566
12:11347150:G:A	0.000361798	0.0264876	-4.29335	-2.52568	12	11347150	G	A	0.011547460949214666	1.9375134977602866
12:78393165:G:A	0.000254221	0.00756195	-3.39268	-2.52559	12	78393165	G	A	0.011550419212129251	1.9374022531562038
12:52104190:A:AAAGTG	0.019813	0.00521498	1.3348	2.52555	12	52104190	A	AAAGTG	0.01155173421150297	1.9373528121398746
12:76158097:T:C	0.000615582	0.00510649	-2.1157	-2.52548	12	76158097	T	C	0.01155403578008551	1.9372662918863806
12:3800532:C:T	0.000215603	0.0113604	-3.96446	-2.52538	12	3800532	C	T	0.01155732444109235	1.9371426948913018
12:120483358:G:A	6.36398e-06	0.000162198	-3.23816	-2.52499	12	120483358	G	A	0.011570158157196024	1.9366607044598276
12:101030812:T:C	0.00886484	0.000416926	3.05694	2.52483	12	101030812	T	C	0.011575426928647799	1.9364629822247705
12:17406310:C:A	8.64199e-05	0.00455049	-3.96377	-2.52473	12	17406310	C	A	0.011578720991826103	1.9363394109773255
12:63544150:A:G	0.000295515	0.00351407	-2.47581	-2.52447	12	63544150	A	G	0.011587289449201243	1.9360181442718982
12:41634677:T:C	9.01273e-05	0.00397221	-3.78585	-2.52444	12	41634677	T	C	0.011588278479319786	1.935981076759723
12:26461691:TACACAC:T	0.0224492	0.00199094	2.42265	2.52437	12	26461691	TACACAC	T	0.011590586507569523	1.9358945872843483
12:25916790:G:T	0.0229273	0.000280851	4.40226	2.52407	12	25916790	G	T	0.011600482677810527	1.9355239400878643
12:28197951:T:C	3.75754e-05	0.00197678	-3.96287	-2.52388	12	28197951	T	C	0.011606754129311943	1.9352892153018395
12:28198308:C:T	3.75754e-05	0.00197678	-3.96287	-2.52388	12	28198308	C	T	0.011606754129311943	1.9352892153018395
12:28198004:A:G	3.75754e-05	0.00197678	-3.96287	-2.52388	12	28198004	A	G	0.011606754129311943	1.9352892153018395
12:28197970:A:G	3.75754e-05	0.00197678	-3.96287	-2.52388	12	28197970	A	G	0.011606754129311943	1.9352892153018395
12:28500185:TG:T	0.020542	0.000365057	4.03017	2.52386	12	28500185	TG	T	0.011607414457067793	1.935264508261428
12:30167177:T:TACAC	0.000337595	0.0148692	-3.7852	-2.52382	12	30167177	T	TACAC	0.011608735212577924	1.9352150946559186
12:102593953:C:T	0.000188933	0.00963056	-3.93131	-2.52364	12	102593953	C	T	0.011614680262628508	1.9349927412737673
12:28212086:C:T	5.30834e-05	0.00292101	-4.00782	-2.52358	12	28212086	C	T	0.011616662546190594	1.9349186263315743
12:70679919:A:C	0.00131848	0.023637	-2.88634	-2.52347	12	70679919	A	C	0.011620297512356366	1.9347827526409884
12:27232890:A:AT	0.00197176	0.000100371	2.97781	2.52325	12	27232890	A	AT	0.011627570472344506	1.9345110196377662
12:27233298:G:C	0.00197176	0.000100371	2.97781	2.52325	12	27233298	G	C	0.011627570472344506	1.9345110196377662
12:25916897:A:G	0.0229273	0.00028117	4.40113	2.52313	12	25916897	A	G	0.011631539243464849	1.9343628097161236
12:118690749:G:A	9.45696e-05	0.00293034	-3.43354	-2.52295	12	118690749	G	A	0.01163749465367059	1.9341405055278422
12:41933217:G:GT	0.000117756	0.00163689	-2.63194	-2.5229	12	41933217	G	GT	0.011639149414319786	1.9340787566418836
12:99941669:T:C	0.00173166	0.000287456	1.79577	2.52288	12	99941669	T	C	0.011639811377029059	1.9340540573647536
12:80984077:C:G	0.000895677	7.27628e-05	2.51037	2.52282	12	80984077	C	G	0.011641797465573877	1.9339799604839487
12:103808913:C:T	0.00525445	0.000467008	2.42048	2.52239	12	103808913	C	T	0.011656039900798833	1.9334489745644992
12:81861185:G:A	4.68753e-05	0.00246207	-3.96127	-2.52236	12	81861185	G	A	0.011657034135690133	1.9334119317681187
12:19493632:A:G	7.24988e-07	3.69048e-05	-3.92994	-2.52235	12	19493632	A	G	0.01165736556403975	1.9333995842485387
12:92059182:G:A	0.032223	0.00426286	2.02274	2.52222	12	92059182	G	A	0.011661674893399294	1.933239070098201
12:92058953:C:A	0.0314717	0.00416342	2.02275	2.52222	12	92058953	C	A	0.011661674893399294	1.933239070098201
12:110274407:T:G	1.29811e-06	0.000123965	-4.55908	-2.52221	12	110274407	T	G	0.011662006438803524	1.9332267231331128
12:110274503:T:A	1.29811e-06	0.000123965	-4.55908	-2.52221	12	110274503	T	A	0.011662006438803524	1.9332267231331128
12:99081261:CA:C	0.00555919	6.82569e-05	4.39993	2.52214	12	99081261	CA	C	0.011664327490789616	1.9331402954864763
12:64768637:G:C	6.3381e-06	1.35462e-06	1.54306	2.52209	12	64768637	G	C	0.011665985635970478	1.933078562641354
12:62336524:A:G	3.66089e-06	0.000160932	-3.78327	-2.522	12	62336524	A	G	0.011668970824275109	1.9329674460153234
12:62336805:C:T	3.66089e-06	0.000160932	-3.78327	-2.522	12	62336805	C	T	0.011668970824275109	1.9329674460153234
12:7275905:C:T	5.66671e-05	0.00297518	-3.96087	-2.52199	12	7275905	C	T	0.011669302553692676	1.9329550999215734
12:42270303:C:T	1.27246e-05	0.000507217	-3.6854	-2.52186	12	42270303	C	T	0.01167361579751823	1.9327946043069568
12:95226642:TTTTGGGTCA:T	0.00342589	4.20797e-05	4.39955	2.52182	12	95226642	TTTTGGGTCA	T	0.011674943233978838	1.9327452223875192
12:43101292:A:T	0.000191668	0.00567142	-3.38743	-2.52179	12	43101292	A	T	0.011675938899201424	1.9327081863638016
12:20247077:A:G	0.000336071	0.018457	-4.00588	-2.52172	12	20247077	A	G	0.011678262411007015	1.9326217703613247
12:40873654:T:C	0.00232515	0.000386898	1.79338	2.52135	12	40873654	T	C	0.011690550646066911	1.9321650323012711
12:12437981:T:A	0.00107262	5.37364e-05	2.99377	2.52117	12	12437981	T	A	0.011696532852757369	1.931942855011652
12:89615388:A:G	5.15194e-05	0.00491386	-4.55786	-2.52116	12	89615388	A	G	0.011696865277182276	1.9319305122051391
12:47608702:A:G	0.00012496	0.011914	-4.55747	-2.52083	12	47608702	A	G	0.01170783998604289	1.9315232218082394
12:70680807:C:T	0.00133817	0.0255119	-2.94784	-2.52083	12	70680807	C	T	0.01170783998604289	1.9315232218082394
12:104833267:T:A	1.74037e-05	0.00165887	-4.55721	-2.52061	12	104833267	T	A	0.011715161532317065	1.9312517188373721
12:103416091:A:G	0.000648846	0.03559	-4.00462	-2.52052	12	103416091	A	G	0.011718157880754825	1.931140654964898
12:94027612:T:C	5.54907e-05	0.00756136	-4.91459	-2.5202	12	94027612	T	C	0.011728817070438503	1.9307457871757931
12:58491339:T:C	0.000173639	0.00761801	-3.78129	-2.52014	12	58491339	T	C	0.011730816625718695	1.9306717539800666
12:28198436:C:T	3.77255e-05	0.00197678	-3.95889	-2.52012	12	28198436	C	T	0.011731483211337403	1.9306470765649786
12:76513744:GT:G	3.89473e-05	1.09607e-06	3.57048	2.52002	12	76513744	GT	G	0.011734816643434844	1.9305236918656936
12:51399980:CA:C	0.0853702	0.00428685	2.99145	2.51999	12	51399980	CA	C	0.011735816836882768	1.9304866772281555
12:21444679:AAGG:A	0.000439038	0.00784148	-2.8826	-2.51997	12	21444679	AAGG	A	0.011736483674523955	1.9304620010011424
12:21444670:T:C	0.000439038	0.00784148	-2.8826	-2.51997	12	21444670	T	C	0.011736483674523955	1.9304620010011424
12:95226398:A:AT	6.55738e-05	0.00343533	-3.95869	-2.51993	12	95226398	A	AT	0.011737817450634949	1.9304126490223437
12:28504124:C:CA	0.000444193	0.0243493	-4.004	-2.51992	12	28504124	C	CA	0.01173815091566971	1.9304003111266492
12:108282721:A:C	0.00126907	0.0385914	-3.41474	-2.51945	12	108282721	A	C	0.01175383325415161	1.9298204747000192
12:70764490:T:C	0.0030498	0.0256651	-2.13006	-2.51939	12	70764490	T	C	0.01175583659185682	1.9297464593251912
12:100016140:A:C	6.92641e-05	0.000582784	-2.12989	-2.51924	12	100016140	A	C	0.01176084626119148	1.9295614271253092
12:7006769:T:G	0.00169914	2.09409e-05	4.39617	2.51902	12	7006769	T	G	0.011768197201410797	1.9292900626830622
12:20869770:C:T	0.000668957	0.000166945	1.38805	2.51868	12	20869770	C	T	0.011779565761169711	1.9288707189719903
12:20869689:C:T	0.000668957	0.000166945	1.38805	2.51868	12	20869689	C	T	0.011779565761169711	1.9288707189719903
12:20869823:A:G	0.000668957	0.000166945	1.38805	2.51868	12	20869823	A	G	0.011779565761169711	1.9288707189719903
12:131512583:T:C	0.0107882	0.000916893	2.46522	2.51867	12	131512583	T	C	0.011779900277982749	1.9288583860264323
12:41541206:G:A	0.000373107	0.00516294	-2.6274	-2.51845	12	41541206	G	A	0.011787261779833132	1.9285870712428976
12:17416900:G:A	0.000101436	0.0055508	-4.00227	-2.51826	12	17416900	G	A	0.011793622723709273	1.928352769353866
12:62570772:T:C	0.000574467	3.86858e-05	2.69797	2.518	12	62570772	T	C	0.011802332106663349	1.9280321688817343
12:20775538:T:C	0.000490436	0.00673322	-2.61951	-2.51792	12	20775538	T	C	0.01180501306415213	1.9279335279680545
12:93969403:G:T	0.00112235	0.00894464	-2.07563	-2.51789	12	93969403	G	T	0.011806018562447292	1.9278965382788007
12:34225773:C:T	6.28065e-05	0.00274817	-3.77863	-2.51762	12	34225773	C	T	0.011815071465653726	1.9275636471128486
12:59580284:A:G	0.00513976	0.000243514	3.04959	2.5176	12	59580284	A	G	0.011815742295916868	1.9275389896563095
12:28205050:T:C	4.21107e-05	0.00220067	-3.95622	-2.51759	12	28205050	T	C	0.011816077723715275	1.9275266609874373
12:20869412:ATAT:A	0.000668148	0.000166945	1.38684	2.51751	12	20869412	ATAT	A	0.011818761450130558	1.927428033061981
12:50780577:G:T	0.000252828	0.0100308	-3.68071	-2.51734	12	50780577	G	T	0.0118244661637023	1.9272184571349045
12:116285596:GGAAAGAAAG:G	0.00126302	1.4151e-05	4.49148	2.51727	12	116285596	GGAAAGAAAG	G	0.011826815873097704	1.9271321644911257
12:3812948:G:GCGTGC	0.000120151	0.00627609	-3.95575	-2.51715	12	3812948	G	GCGTGC	0.011830844909741945	1.9269842387587417
12:15715394:C:CTT	0.00240765	0.0127738	-1.66874	-2.51702	12	15715394	C	CTT	0.011835211073010816	1.9268239923165247
12:62278975:G:A	0.0043068	0.000134976	3.46285	2.51684	12	62278975	G	A	0.011841258888876936	1.9266021236748245
12:74430898:A:G	0.000236033	0.00355655	-2.71258	-2.51671	12	74430898	A	G	0.011845628460166667	1.9264418931900864
12:114147775:A:C	0.00023564	0.00934128	-3.67989	-2.51655	12	114147775	A	C	0.011851008356955869	1.9262446956259818
12:91729324:T:C	0.000163955	0.00895466	-4.00034	-2.51641	12	91729324	T	C	0.011855717543943885	1.9260721560725576
12:30172607:G:T	0.00942875	0.000474782	2.98866	2.51623	12	30172607	G	T	0.011861774651191556	1.9258503309074426
12:83353016:T:G	0.00568178	0.000360589	2.75728	2.51596	12	83353016	T	G	0.011870865457417978	1.9255176172139625
12:100844105:A:G	0.00477287	0.000137613	3.54626	2.51558	12	100844105	A	G	0.011883670391677766	1.9250494023968738
12:43103194:A:G	0.000183104	0.00538259	-3.38087	-2.5154	12	43103194	A	G	0.01188974016059919	1.924827636386441
12:41456395:C:G	0.000134703	0.001858	-2.62418	-2.5153	12	41456395	C	G	0.011893113442149291	1.924704438590465
12:82150618:A:G	0.0159574	0.000460254	3.5459	2.51525	12	82150618	A	G	0.011894800401133694	1.9246428411772425
12:28199378:G:A	3.81467e-05	0.00198835	-3.95362	-2.51514	12	28199378	G	A	0.011898512457767714	1.9245073303523896
12:34236465:C:CCATCAT	3.11906e-05	0.00136082	-3.77573	-2.51488	12	34236465	C	CCATCAT	0.01190729049333674	1.9241870510834915
12:20725227:G:T	0.00664633	0.0489861	-1.99747	-2.5148	12	20725227	G	T	0.011909992582318054	1.9240885090007944
12:119520472:C:T	0.000236632	0.00548188	-3.1427	-2.51479	12	119520472	C	T	0.011910330381665748	1.924076191418625
12:17748070:G:C	1.35044e-05	0.00018614	-2.62348	-2.51461	12	17748070	G	C	0.01191641222275234	1.9238544817099221
12:23803256:C:T	0.000256987	0.00552572	-3.06814	-2.51457	12	23803256	C	T	0.011917764116881571	1.9238052146278375
12:50780446:A:G	0.000253561	0.0100308	-3.67781	-2.51454	12	50780446	A	G	0.011918778126717442	1.9237682647319945
12:64922390:A:G	0.000244256	0.0133144	-3.99838	-2.51454	12	64922390	A	G	0.011918778126717442	1.9237682647319945
12:123528717:C:T	0.00144852	0.0127623	-2.17595	-2.51452	12	123528717	C	T	0.01191945417577214	1.9237436316660603
12:29820967:C:T	7.3494e-05	0.00531352	-4.28081	-2.5144	12	29820967	C	T	0.01192351118414299	1.9235958365962018
12:67213083:G:T	0.00714523	0.00174751	1.40825	2.51438	12	67213083	G	T	0.011924187471225336	1.923571204638849
12:11252719:G:A	0.000280129	0.00746761	-3.28308	-2.51417	12	11252719	G	A	0.011931290539201542	1.9233125786480834
12:95302644:A:G	0.0117506	0.0013454	2.16721	2.51405	12	95302644	A	G	0.011935351119310066	1.9231648002068007
12:39169950:CT:C	0.0042443	0.000154542	3.31287	2.51404	12	39169950	CT	C	0.011935689556285874	1.9231524855940385
12:84399565:A:AT	4.37953e-05	0.00123865	-3.34225	-2.51392	12	84399565	A	AT	0.011939751463713831	1.9230047133290147
12:116283890:CT:C	0.00100165	3.14967e-05	3.45952	2.51389	12	116283890	CT	C	0.011940767132049612	1.9229677711535615
12:51424070:A:C	0.00022558	0.0113763	-3.92061	-2.51354	12	51424070	A	C	0.011952622257225525	1.922536805434568
12:103817713:C:T	0.000283746	0.0129197	-3.81843	-2.51352	12	103817713	C	T	0.011953300008026043	1.9225121802869094
12:120005668:C:T	6.36971e-05	0.000876986	-2.62235	-2.5135	12	120005668	C	T	0.011953977792898232	1.922487555297612
12:86875620:A:AGATT	0.000145138	0.00335729	-3.1412	-2.51334	12	86875620	A	AGATT	0.011959401298628502	1.9222905610842391
12:41191940:A:G	0.000611905	0.000103199	1.77992	2.51333	12	41191940	A	G	0.011959740340158842	1.9222782492824197
12:57189703:G:A	0.0217391	0.0038398	1.73369	2.51328	12	57189703	G	A	0.011961435675634223	1.9222166908671747
12:87186200:A:G	5.19372e-05	0.00374938	-4.27931	-2.51305	12	87186200	A	G	0.011969236963330871	1.9219335349049893
12:29415286:C:T	0.000289128	4.87786e-05	1.77958	2.51299	12	29415286	C	T	0.011971272823567287	1.921859671576547
12:84399301:C:T	4.3847e-05	0.00123865	-3.34107	-2.51286	12	84399301	C	T	0.011975684907274088	1.9216996392542138
12:57189889:C:A	0.0217287	0.0038398	1.73322	2.5128	12	57189889	C	A	0.011977721739775774	1.9216257804389556
12:121645658:G:A	3.80687e-06	0.000150314	-3.67592	-2.51271	12	121645658	G	A	0.011980777564376063	1.9215149948883317
12:84399610:A:G	4.38573e-05	0.00123865	-3.34083	-2.51265	12	84399610	A	G	0.011982815164731627	1.9214411396360846
12:59923331:A:G	4.09715e-05	0.00553031	-4.90512	-2.51262	12	59923331	A	G	0.011983834080110604	1.9214042125444113
12:65214894:T:A	2.53142e-05	0.00239043	-4.54786	-2.5126	12	65214894	T	A	0.011984513399700367	1.921379594681239
12:83202500:G:A	0.000219994	0.00645858	-3.37956	-2.51243	12	83202500	G	A	0.011990288994681804	1.9211703492378434
12:52633237:C:CAA	0.000879025	0.0634054	-4.27849	-2.51232	12	52633237	C	CAA	0.011994027459106613	1.9210349612240332
12:70096115:AGT:A	0.00328575	6.24118e-05	3.9636	2.51229	12	70096115	AGT	A	0.011995047219634037	1.9209980380516207
12:62035692:C:T	0.000602955	0.018486	-3.42292	-2.5122	12	62035692	C	T	0.011998106962401375	1.9208872706721407
12:54495296:G:A	0.000243937	0.0064886	-3.28089	-2.51209	12	54495296	G	A	0.01200184758760915	1.920751892674122
12:19646988:CA:C	0.0297152	0.001416	3.04382	2.51194	12	19646988	CA	C	0.012006950106236458	1.9205672940328016
12:99855146:G:A	0.00556928	0.000935204	1.78426	2.51191	12	99855146	G	A	0.01200797084069585	1.9205303753734024
12:73225932:TG:T	0.000365408	6.35214e-06	4.05222	2.51183	12	73225932	TG	T	0.012010693175333959	1.9204319273568518
12:44838219:C:A	0.00818962	0.000414274	2.98409	2.51181	12	44838219	C	A	0.012011373844473986	1.9204073157485875
12:40275500:TTAAGAA:T	0.00556493	0.00010578	3.96288	2.51165	12	40275500	TTAAGAA	T	0.012016820428738867	1.9202104285830288
12:76528332:C:CA	2.28133e-05	0.00123959	-3.99519	-2.51148	12	76528332	C	CA	0.012022609823278942	1.9200012470737695
12:30181138:G:A	0.0121732	0.000616033	2.9837	2.51142	12	30181138	G	A	0.012024653729230091	1.91992742103728
12:131761548:G:T	3.92229e-05	0.00528593	-4.90354	-2.51136	12	131761548	G	T	0.012026697943190834	1.919853596425906
12:118683529:A:C	0.00283071	5.10531e-05	4.01542	2.51131	12	118683529	A	C	0.012028401690138052	1.9197920770050554
12:20739963:C:T	0.03191	0.00422906	2.02094	2.51128	12	20739963	C	T	0.012029424040998658	1.9197551658275815
12:42043177:T:TTAA	0.000206257	9.83693e-06	3.04298	2.51111	12	42043177	T	TTAA	0.012035218817605662	1.919546009218218
12:1960209:C:T	0.00142958	0.0306898	-3.06655	-2.51079	12	1960209	C	T	0.012046133345264136	1.919152333694753
12:109378334:T:TA	0.000162802	0.0153382	-4.54557	-2.51064	12	109378334	T	TA	0.012051252549686968	1.9189678122470153
12:62574960:CA:C	0.000756342	5.13313e-05	2.69019	2.51059	12	62574960	CA	C	0.012052959379627715	1.9189063070770287
12:12926999:C:T	0.00153316	0.144425	-4.54543	-2.51051	12	12926999	C	T	0.012055690753225958	1.9188079008634686
12:28199112:C:G	3.81467e-05	0.00197678	-3.94778	-2.50962	12	28199112	C	G	0.012086114307891195	1.9177133026035622
12:29445440:T:C	0.000524844	0.0160472	-3.42019	-2.50942	12	29445440	T	C	0.012092960418574276	1.9174673686126837
12:61265337:T:C	2.29382e-05	0.00115176	-3.91624	-2.50942	12	61265337	T	C	0.012092960418574276	1.9174673686126837
12:83654809:A:G	2.55401e-05	0.00240261	-4.54406	-2.50935	12	83654809	A	G	0.01209535736918681	1.9173812954564635
12:20740174:C:T	0.0319166	0.00423862	2.01889	2.50929	12	20740174	C	T	0.012097412233419957	1.9173075200091443
12:57410319:TAA:T	0.00168714	2.10397e-05	4.38438	2.50922	12	57410319	TAA	T	0.012099809966073133	1.917221450454947
12:28905183:A:G	0.000250391	0.0125693	-3.91599	-2.50918	12	28905183	A	G	0.012101180288118494	1.9171722687233634
12:1781228:T:A	9.58118e-05	0.00901109	-4.54383	-2.50915	12	1781228	T	A	0.012102208119914009	1.9171353828402913
12:20279817:GAGATAT:G	0.00096474	1.20326e-05	4.38424	2.50911	12	20279817	GAGATAT	G	0.012103578682665988	1.917086202217015
12:42165773:GTTTT:G	0.0022709	8.31365e-05	3.30745	2.50903	12	42165773	GTTTT	G	0.012106320220869424	1.9169878428704095
12:102973394:CCTTCTTTCC:C	0.00918889	0.00198961	1.53006	2.50891	12	102973394	CCTTCTTTCC	C	0.012110433560097387	1.9168403086003551
12:28193606:CAA:C	0.00187461	3.2713e-05	4.04838	2.5087	12	28193606	CAA	C	0.012117634884283057	1.9165821373428722
12:28193573:A:C	0.00187461	3.2713e-05	4.04838	2.5087	12	28193573	A	C	0.012117634884283057	1.9165821373428722
12:28193550:A:G	0.00187461	3.2713e-05	4.04838	2.5087	12	28193550	A	G	0.012117634884283057	1.9165821373428722
12:28193398:T:C	0.00187461	3.2713e-05	4.04838	2.5087	12	28193398	T	C	0.012117634884283057	1.9165821373428722
12:121178664:T:C	0.000132242	0.00104389	-2.06608	-2.5085	12	121178664	T	C	0.012124496816337853	1.9163362761832197
12:42973989:TAA:T	0.0085675	0.000548166	2.74915	2.50848	12	42973989	TAA	T	0.012125183198911585	1.916311690938042
12:89591515:AAAGT:A	0.0118134	0.000373835	3.45317	2.50827	12	89591515	AAAGT	A	0.012132392295311429	1.916053555422489
12:1781033:G:A	9.59147e-05	0.00901109	-4.54275	-2.50823	12	1781033	G	A	0.012133765887124753	1.9160043887319014
12:1213859:A:G	0.00307931	0.00066865	1.5272	2.50821	12	1213859	A	G	0.01213445273471254	1.9159798056240918
12:98096838:G:A	0.00015226	0.00445016	-3.3751	-2.50795	12	98096838	G	A	0.012143384889381234	1.9156602396298534
12:100845648:T:C	0.00321396	0.000117848	3.30587	2.50756	12	100845648	T	C	0.012156794046625312	1.9151809408062115
12:20982447:C:T	1.48314e-05	0.00139215	-4.54186	-2.50746	12	20982447	C	T	0.012160234404968514	1.9150580533689436
12:20982274:C:T	1.48314e-05	0.00139215	-4.54186	-2.50746	12	20982274	C	T	0.012160234404968514	1.9150580533689436
12:131772805:T:C	5.30925e-05	0.00240222	-3.81211	-2.50741	12	131772805	T	C	0.012161954907665334	1.9149966111345322
12:89134247:CAGAG:C	0.00658071	0.000191459	3.53722	2.50738	12	89134247	CAGAG	C	0.012162987312824614	1.9149597462688344
12:98091528:A:G	0.000208882	0.0280081	-4.89848	-2.50731	12	98091528	A	G	0.012165396560223153	1.9148737296341407
12:127627570:CA:C	0.0348918	0.000995968	3.55629	2.5069	12	127627570	CA	C	0.012179516360730107	1.9143699568621246
12:90457546:A:T	5.05683e-07	1.4764e-05	-3.37404	-2.50688	12	90457546	A	T	0.012180205502811658	1.9143453842824358
12:54779323:G:C	0.0116946	0.000204543	4.0461	2.50684	12	54779323	G	C	0.01218158389063465	1.9142962395979943
12:41910597:C:T	0.00174732	0.000234947	2.00648	2.50678	12	41910597	C	T	0.01218365173154058	1.9142225237586745
12:91633464:T:C	0.000887744	0.0348334	-3.66965	-2.50666	12	91633464	T	C	0.012187788346513965	1.9140750963544508
12:30348552:GA:G	0.00507367	0.000585399	2.15953	2.50666	12	30348552	GA	G	0.012187788346513965	1.9140750963544508
12:112097608:C:CA	3.10621e-06	0.000416111	-4.89755	-2.50656	12	112097608	C	CA	0.012191236476287727	1.9139522445378174
12:89200183:T:C	0.00023318	0.00679205	-3.3717	-2.50646	12	89200183	T	C	0.01219468547046422	1.91382939667894
12:83702580:T:A	0.000495376	9.78632e-05	1.62175	2.50641	12	83702580	T	A	0.012196410291760445	1.9137679742336533
12:83702583:G:A	0.000495376	9.78632e-05	1.62175	2.50641	12	83702583	G	A	0.012196410291760445	1.9137679742336533
12:41192080:T:C	0.000615119	0.000104491	1.77271	2.50631	12	41192080	T	C	0.012199860582882702	1.9136451323113737
12:45561532:AG:A	0.0362627	0.0029988	2.49258	2.50617	12	45561532	AG	A	0.012204692443456597	1.9134731602691304
12:88655595:CTA:C	0.00519962	0.00128335	1.39911	2.50575	12	88655595	CTA	C	0.012219198200913927	1.9129572906845507
12:85955611:A:G	0.000158996	3.46159e-05	1.52457	2.50567	12	85955611	A	G	0.012221962933679685	1.9128590377265495
12:41976195:T:C	0.000277053	0.0108572	-3.66837	-2.50543	12	41976195	T	C	0.01223026045788768	1.9125642940496577
12:10241643:A:G	0.00116442	0.000249809	1.53928	2.50532	12	10241643	A	G	0.012234065157605814	1.9124292108160401
12:30169927:T:A	0.00918955	0.000468045	2.97726	2.5052	12	30169927	T	A	0.01223821693512121	1.9122818527498415
12:1379740:C:T	0.0025238	0.000549749	1.52406	2.50518	12	1379740	C	T	0.012238909019395542	1.9122572936261935
12:92797550:C:T	3.14015e-05	0.00156952	-3.91167	-2.5051	12	92797550	C	T	0.012241677703275333	1.9121590587145978
12:74425689:CT:C	0.000154585	0.00326817	-3.05124	-2.5051	12	74425689	CT	C	0.012241677703275333	1.9121590587145978
12:14369175:A:G	1.07262e-05	0.00100395	-4.53901	-2.50502	12	14369175	A	G	0.012244446942077124	1.9120608263357926
12:96506232:A:G	0.000171802	0.00429321	-3.21845	-2.50501	12	96506232	A	G	0.01224479313594996	1.912048547466528
12:1377281:C:G	0.00257209	0.000560458	1.52372	2.50485	12	1377281	C	G	0.012250333417472245	1.9118520909404433
12:41177401:T:G	0.000130667	0.00171559	-2.57486	-2.50479	12	41177401	T	G	0.012252411595567572	1.9117784223550747
12:87743463:T:A	2.58262e-05	0.000209572	-2.09368	-2.50475	12	87743463	T	A	0.012253797221155056	1.9117293107563147
12:10265005:A:G	0.000108616	0.00776882	-4.27006	-2.50473	12	10265005	A	G	0.012254490086010362	1.9117047551943798
12:7390212:A:G	0.00114768	0.0242664	-3.05135	-2.50457	12	7390212	A	G	0.012260034254523215	1.9115083163975688
12:60138220:A:C	2.62033e-05	0.000733306	-3.33168	-2.50442	12	60138220	A	C	0.012265233930668439	1.9113241642264822
12:76510902:A:G	3.51337e-07	1.75441e-05	-3.91073	-2.50422	12	76510902	A	G	0.012272169871379838	1.9110786418491112
12:61197607:T:C	2.70597e-05	0.00193352	-4.26905	-2.50383	12	61197607	T	C	0.012285704951189207	1.9105999187420835
12:30171120:T:G	0.00936959	0.000478035	2.97554	2.50353	12	30171120	T	G	0.012296125548629137	1.9102317111557998
12:123528859:A:G	0.00144852	0.0126185	-2.16463	-2.50349	12	123528859	A	G	0.012297515553069674	1.9101826195018643
12:102898245:G:GT	0.00419299	0.000714431	1.76968	2.50335	12	102898245	G	GT	0.01230238166489993	1.9100108036991361
12:103817500:C:A	0.000286776	0.0129197	-3.80781	-2.50325	12	103817500	C	A	0.012305858503353619	1.909888082874353
12:51231741:T:C	0.000273106	0.0364263	-4.89319	-2.50308	12	51231741	T	C	0.012311771126502303	1.9096794665538517
12:49578642:T:C	0.000215784	0.00175844	-2.0979	-2.50303	12	49578642	T	C	0.012313510612188407	1.909618110988941
12:43497595:A:G	7.93776e-05	0.00230823	-3.37002	-2.50285	12	43497595	A	G	0.012319774563485127	1.9093972391464473
12:107987630:G:T	2.52733e-05	0.0023585	-4.53603	-2.50247	12	107987630	G	T	0.012333007731335584	1.908930996248684
12:91635524:G:A	0.000942715	0.0368256	-3.66518	-2.50235	12	91635524	G	A	0.012337189241602882	1.9087837735204267
12:23842395:T:C	0.000947511	0.0287672	-3.41315	-2.50229	12	23842395	T	C	0.012339280467649523	1.9087101642930662
12:63544863:C:T	0.000241171	0.00501789	-3.03526	-2.50205	12	63544863	C	T	0.012347648512180362	1.9084157416286496
12:20772780:G:C	0.000501983	0.00744435	-2.69664	-2.50205	12	20772780	G	C	0.012347648512180362	1.9084157416286496
12:1377845:T:G	0.000340692	0.00307075	-2.1987	-2.50201	12	1377845	T	G	0.012349043674883271	1.9083666734004605
12:42976716:T:G	0.000212373	0.0198015	-4.53517	-2.50173	12	42976716	T	G	0.012358813724253171	1.9080232135300335
12:28194132:AT:A	0.00187461	3.30048e-05	4.0395	2.50146	12	28194132	AT	A	0.012368241327015006	1.9076920494632297
12:45389467:C:T	3.61863e-05	0.00257873	-4.26637	-2.50142	12	45389467	C	T	0.012369638550531569	1.9076429905732295
12:28194421:G:A	0.00187461	3.30164e-05	4.03915	2.50118	12	28194421	G	A	0.012378024828025231	1.9073486505280375
12:44850995:G:C	0.000290323	0.00866199	-3.3957	-2.50088	12	44850995	G	C	0.01238851475657662	1.9069807575212416
12:88513012:C:A	2.05419e-05	0.000169438	-2.11002	-2.50086	12	88513012	C	A	0.012389214365026718	1.9069562325869378
12:117640099:TC:T	0.030643	0.000539952	4.03868	2.50079	12	117640099	TC	T	0.012391663270184166	1.9068703965632343
12:52104159:C:A	0.0197711	0.00535682	1.30585	2.50076	12	52104159	C	A	0.012392712932206533	1.906833610289436
12:52104169:C:T	0.0197711	0.00535682	1.30585	2.50076	12	52104169	C	T	0.012392712932206533	1.906833610289436
12:52104172:A:T	0.0197711	0.00535682	1.30585	2.50076	12	52104172	A	T	0.012392712932206533	1.906833610289436
12:117640292:T:C	0.030643	0.000540014	4.03856	2.50069	12	117640292	T	C	0.012395162449856632	1.9067477770354093
12:117640166:T:C	0.030643	0.000540014	4.03856	2.50069	12	117640166	T	C	0.012395162449856632	1.9067477770354093
12:102986590:CAA:C	0.0118309	0.00258273	1.52187	2.50061	12	102986590	CAA	C	0.012397962423690753	1.9066496842619487
12:79787250:G:A	0.00034277	0.0244028	-4.26539	-2.50054	12	79787250	G	A	0.012400412860321149	1.906563855162412
12:61394121:G:GA	4.68731e-05	0.00210514	-3.80469	-2.50024	12	61394121	G	GA	0.01241091959096662	1.9061960381236551
12:1718644:G:T	4.46369e-05	0.00117246	-3.26829	-2.50014	12	1718644	G	T	0.012414423586216625	1.9060734403572568
12:92057359:T:A	0.0300136	0.0040646	1.99933	2.5	12	92057359	T	A	0.012419330651552265	1.90590181013132
