Location	iHH_0	iHH_1	iHS	Std iHS	chr	pos	ref	alt	p_value	neg_log10_p
6:24033861:T:C	5.0891e-08	0.035117	-13.4445	-8.92841	6	24033861	T	C	4.32175294189925e-19	18.36434006369911
6:95159290:TA:T	0.00835887	2.50573e-07	10.4151	8.86121	6	95159290	TA	T	7.915061024122512e-19	18.10154573243302
6:815991:GCACACA:G	0.00967699	2.2132e-07	10.6857	8.67285	6	815991	GCACACA	G	4.214369602768214e-18	17.375267379168395
6:20371467:A:G	3.00139e-07	0.0297649	-11.5046	-8.54182	6	20371467	A	G	1.3212412908277969e-17	16.879017862396264
6:39591175:A:C	1.0436e-07	0.00475206	-10.7262	-8.27034	6	39591175	A	C	1.335775274975481e-16	15.874266599530584
6:2343435:C:A	0.00189021	6.34164e-08	10.3025	7.98123	6	2343435	C	A	1.4488220770408105e-15	14.838984944897234
6:13520498:CT:C	0.0155281	1.05537e-06	9.59651	7.92001	6	13520498	CT	C	2.3749147964682572e-15	14.624351966707511
6:16174918:A:G	6.11693e-07	0.0166711	-10.213	-7.78711	6	16174918	A	G	6.855926113093883e-15	14.163933871488668
6:811952:G:A	2.84107e-07	0.0142179	-10.8207	-7.78396	6	811952	G	A	7.028898941988424e-15	14.153112700708455
6:2343395:CA:C	5.93209e-08	0.00208661	-10.4681	-7.72416	6	2343395	CA	C	1.1259334351896741e-14	13.948487284071115
6:19224498:C:A	0.00597194	3.99977e-07	9.61118	7.68222	6	19224498	C	A	1.5635501916367345e-14	13.805888172878996
6:32436271:G:C	1.51577e-07	0.0446056	-12.5923	-7.67825	6	32436271	G	C	1.6127652330074343e-14	13.792428847384725
6:32436600:A:C	1.52009e-07	0.0446056	-12.5894	-7.67625	6	32436600	A	C	1.6381328389952275e-14	13.785650883464852
6:117089698:A:G	4.92136e-08	0.00297563	-11.0098	-7.66701	6	117089698	A	G	1.760520579600296e-14	13.754358893880017
6:16170723:A:G	0.0147823	2.49762e-06	8.68584	7.60272	6	16170723	A	G	2.8997043848048166e-14	13.537646274718966
6:2344192:T:C	8.36089e-08	0.00623566	-11.2196	-7.583	6	2344192	T	C	3.376548465175803e-14	13.471527012267696
6:73269312:G:A	1.01616e-07	0.00281391	-10.2289	-7.5505	6	73269312	G	A	4.335903996871395e-14	13.362920342265467
6:18552494:A:G	1.01565e-07	0.00290654	-10.2618	-7.52587	6	18552494	A	G	5.2370427244856784e-14	13.280913883052365
6:16175064:A:G	1.59135e-06	0.0769569	-10.7864	-7.49804	6	16175064	A	G	6.477913474785051e-14	13.188564857140037
6:18691000:G:T	5.31936e-07	0.0142069	-10.1927	-7.49161	6	18691000	G	T	6.803382937573778e-14	13.16727508350148
6:30182971:CT:C	0.0128536	5.20026e-08	12.4178	7.46373	6	30182971	CT	C	8.410686235349639e-14	13.075168568284477
6:48403006:G:A	9.00712e-07	0.057457	-11.0634	-7.4633	6	48403006	G	A	8.438192181991392e-14	13.073750587673274
6:19507606:C:T	0.00116561	2.50324e-07	8.446	7.40195	6	19507606	C	T	1.3419903472482921e-13	12.872250607976175
6:2336206:T:TA	6.6873e-08	0.00341982	-10.8423	-7.29399	6	2336206	T	TA	3.0090778167690043e-13	12.521566580968331
6:16170476:G:A	5.9971e-07	0.0149722	-10.1253	-7.25153	6	16170476	G	A	4.120897224830511e-13	12.385008216643957
6:95163560:C:G	3.3482e-07	0.0235273	-11.1601	-7.23023	6	95163560	C	G	4.821767180278587e-13	12.3167937634238
6:88445250:T:C	2.02662e-07	0.0136239	-11.1158	-7.2167	6	88445250	T	C	5.326430405866986e-13	12.273563743015254
6:129118524:A:T	2.47221e-07	0.00421475	-9.74382	-7.19539	6	129118524	A	T	6.228248148691287e-13	12.205634092401223
6:32438802:T:C	4.65164e-07	0.0687036	-11.9029	-7.19413	6	32438802	T	C	6.286028236024504e-13	12.201623672519506
6:2338008:AGAG:A	0.00328437	6.9597e-08	10.762	7.17421	6	2338008	AGAG	A	7.272590520924647e-13	12.138310864444133
6:2331761:A:ATT	5.19028e-08	0.00545443	-11.5626	-7.17225	6	2331761	A	ATT	7.377505792733469e-13	12.132090440824792
6:2343924:A:G	8.53026e-08	0.0088296	-11.5474	-7.16139	6	2343924	A	G	7.986308463646938e-13	12.097653919602164
6:95240219:T:C	0.0116185	2.27851e-06	8.53683	7.15744	6	95240219	T	C	8.219754638565524e-13	12.085141146049665
6:18548551:C:G	9.99839e-08	0.00951617	-11.4635	-7.10121	6	18548551	C	G	1.2366929043270346e-12	11.907738131020865
6:30184590:A:G	4.91439e-08	0.0019445	-10.5858	-7.09751	6	30184590	A	G	1.2702461821088194e-12	11.896112101744622
6:30184338:C:G	4.91439e-08	0.00194443	-10.5857	-7.09749	6	30184338	C	G	1.2704299565077742e-12	11.896049274211189
6:16172739:G:C	0.0161815	5.41038e-06	8.00331	7.08074	6	16172739	G	C	1.4338670240133267e-12	11.843491123016225
6:2008825:CT:C	0.0109563	3.21001e-07	10.438	7.0806	6	2008825	CT	C	1.4353164579947547e-12	11.84305233530013
6:2011613:T:TA	1.53465e-07	0.00561478	-10.5074	-7.07563	6	2011613	T	TA	1.4877131866866433e-12	11.827480787503536
6:30184256:G:C	4.76528e-08	0.00258496	-10.9013	-7.03785	6	30184256	G	C	1.952286840076868e-12	11.709456373190502
6:71248890:TA:T	0.0098438	3.26865e-06	8.01022	7.0254	6	71248890	TA	T	2.1345384427723925e-12	11.670696019199891
6:2331759:AT:A	0.00290244	5.02592e-08	10.9639	7.02411	6	2331759	AT	A	2.154350365786868e-12	11.66668366521908
6:87513281:A:G	0.000124492	5.01225e-08	7.81752	6.99736	6	87513281	A	G	2.6083047701314553e-12	11.583641664376787
6:95241154:C:G	0.0138885	3.40154e-06	8.31459	6.98477	6	95241154	C	G	2.8532302161506062e-12	11.544663185381067
6:96381106:G:A	1.02967e-07	0.001622	-9.66476	-6.97555	6	96381106	G	A	3.0467649531966506e-12	11.516161048720258
6:68346138:T:G	5.03398e-07	0.0128644	-10.1486	-6.97332	6	68346138	T	G	3.0954742268423537e-12	11.509272807605443
6:95235290:G:A	1.30929e-06	0.0202871	-9.64825	-6.96286	6	95235290	G	A	3.334331425573031e-12	11.476991234398893
6:30192077:A:C	0.000279515	4.93096e-08	8.64269	6.92785	6	30192077	A	C	4.2728443526014005e-12	11.369282926990316
6:18553243:G:GTTCTCT	0.00280023	1.0157e-07	10.2245	6.92596	6	18553243	G	GTTCTCT	4.3302881564488174e-12	11.36348320281714
6:32643932:T:C	1.00729e-07	0.0124299	-11.7232	-6.92257	6	32643932	T	C	4.435225061859026e-12	11.35308433735571
6:30863418:G:A	2.10882e-07	0.0397141	-12.1459	-6.91274	6	30863418	G	A	4.7538077260265205e-12	11.322958387861178
6:30185012:C:T	5.0911e-08	0.00149083	-10.2848	-6.90533	6	30185012	C	T	5.008685676743898e-12	11.300276221881841
6:30191262:C:G	0.000288318	5.46124e-08	8.57156	6.87203	6	30191262	C	G	6.329463884607267e-12	11.19863307384
6:95241032:G:T	0.0054905	2.15512e-06	7.84293	6.86438	6	95241032	G	T	6.678064896342522e-12	11.175349364858391
6:32439066:C:T	4.8668e-07	0.0436874	-11.405	-6.84443	6	32439066	C	T	7.678096994901675e-12	11.114746405883045
6:95150352:G:A	0.0122733	2.40623e-06	8.53712	6.82988	6	95150352	G	A	8.498569173169823e-12	11.070654186344969
6:5187832:G:GA	0.0166845	3.02332e-07	10.9185	6.82868	6	5187832	G	GA	8.569949435931371e-12	11.067021740475958
6:95241094:C:T	2.0335e-06	0.014434	-8.86758	-6.81191	6	95241094	C	T	9.6311357168701e-12	11.016322497248566
6:35371258:C:T	2.50411e-07	0.00317034	-9.44625	-6.79212	6	35371258	C	T	1.1049757445282178e-11	10.956647255131058
6:55652347:A:AATCTGGTAG	4.52128e-07	0.0418119	-11.4347	-6.72025	6	55652347	A	AATCTGGTAG	1.8141303629650423e-11	10.741331507859105
6:32441281:T:C	9.85524e-07	0.068702	-11.1521	-6.66686	6	32441281	T	C	2.6133416086702344e-11	10.582803816807878
6:24073738:G:A	4.01839e-07	0.0131244	-10.3939	-6.6607	6	24073738	G	A	2.7252642723897658e-11	10.564591377249497
6:95250012:G:A	0.00825795	3.3329e-06	7.81509	6.65346	6	95250012	G	A	2.862816463670531e-11	10.54320649388205
6:95231147:A:C	1.25406e-06	0.00724819	-8.66212	-6.646	6	95231147	A	C	3.011652572896874e-11	10.521195130205923
6:95231441:T:A	1.25406e-06	0.00724819	-8.66212	-6.646	6	95231441	T	A	3.011652572896874e-11	10.521195130205923
6:812922:C:T	2.50845e-07	0.00332254	-9.49141	-6.64085	6	812922	C	T	3.1187930868975016e-11	10.506013437105459
6:95249444:T:C	0.00806659	3.3329e-06	7.79164	6.63699	6	95249444	T	C	3.2015335875760314e-11	10.49464193759355
6:30512870:CAAA:C	0.00875463	1.22043e-07	11.1807	6.61544	6	30512870	CAAA	C	3.70448218154927e-11	10.431272489820277
6:2013072:C:T	1.51259e-07	0.00172599	-9.34232	-6.60402	6	2013072	C	T	4.0015550615665015e-11	10.397771202818511
6:32437249:G:A	1.51924e-07	0.00450732	-10.2978	-6.58927	6	32437249	G	A	4.4199435924784406e-11	10.354583273101513
6:135864804:T:C	0.00573242	3.74343e-06	7.33389	6.5688	6	135864804	T	C	5.072235661024682e-11	10.29480057691161
6:30183593:T:C	5.21937e-08	0.00653455	-11.7377	-6.56548	6	30183593	T	C	5.186551474404419e-11	10.285121307551737
6:96380603:C:CA	9.89513e-08	0.00161841	-9.70233	-6.53965	6	96380603	C	CA	6.166296863797962e-11	10.209975570883296
6:78698904:T:G	5.08833e-07	0.00418558	-9.01504	-6.50673	6	78698904	T	G	7.680427390868917e-11	10.114614612216991
6:19123327:G:A	2.00195e-07	0.000939379	-8.45368	-6.48713	6	19123327	G	A	8.74868485374909e-11	10.058057227399104
6:95247269:TA:T	1.81121e-06	0.00688706	-8.2434	-6.48707	6	95247269	TA	T	8.752168225625474e-11	10.057884343346258
6:6190965:T:C	0.0464392	3.29518e-06	9.55344	6.48409	6	6190965	T	C	8.926892506999097e-11	10.049299694743132
6:95241632:G:C	0.00800482	4.96284e-06	7.38582	6.46575	6	95241632	G	C	1.0079760598342807e-10	9.996549782578327
6:103956338:C:T	1.6266e-06	0.0154935	-9.16168	-6.46288	6	103956338	C	T	1.0272875718541985e-10	9.988307965957492
6:84846718:C:T	9.10406e-07	0.0133699	-9.59463	-6.45648	6	84846718	C	T	1.0716633695358792e-10	9.969941613628544
6:65085946:T:TAAATA	0.0319982	7.63742e-06	8.34037	6.45129	6	65085946	T	TAAATA	1.1090204738743054e-10	9.955060436169543
6:22185390:G:A	0.0123059	8.61105e-06	7.26479	6.44559	6	22185390	G	A	1.151515688520761e-10	9.938730140729206
6:30811306:G:GC	9.11966e-07	0.0147202	-9.68913	-6.41079	6	30811306	G	GC	1.447674934676816e-10	9.839328944992987
6:30811369:T:C	9.16367e-07	0.0144143	-9.66331	-6.39102	6	30811369	T	C	1.6478282533247625e-10	9.78308805509051
6:88446192:G:A	0.00459037	2.03208e-07	10.0252	6.38201	6	88446192	G	A	1.7477854742550508e-10	9.75751187437025
6:88446217:AG:A	0.00459037	2.03208e-07	10.0252	6.38201	6	88446217	AG	A	1.7477854742550508e-10	9.75751187437025
6:16168183:A:C	2.12814e-06	0.014141	-8.80159	-6.35595	6	16168183	A	C	2.0714240131598636e-10	9.68373099346424
6:34909537:A:G	2.07804e-07	0.00136019	-8.78653	-6.33479	6	34909537	A	G	2.376647529459625e-10	9.624035221873497
6:32438468:CA:C	5.84889e-07	0.00835792	-9.5673	-6.31748	6	32438468	CA	C	2.65862834276117e-10	9.575342369689624
6:30811424:TA:T	0.0127265	9.13056e-07	9.5424	6.3043	6	30811424	TA	T	2.8949927765516334e-10	9.53835251556614
6:84830965:A:G	7.54065e-07	0.00903244	-9.39085	-6.29911	6	84830965	A	G	2.9935949956945987e-10	9.523806955840872
6:95091214:TCA:T	0.00540698	1.58727e-06	8.13343	6.29507	6	95091214	TCA	T	3.072611703547041e-10	9.512492319555502
6:51873206:TG:T	0.0178681	5.26732e-06	8.12925	6.29192	6	51873206	TG	T	3.135630833767418e-10	9.503675073632753
6:29205595:CTTT:C	0.00208606	6.42669e-07	8.08516	6.27103	6	29205595	CTTT	C	3.586674977470183e-10	9.445307977069982
6:73786126:A:G	9.7704e-07	0.0054509	-8.62676	-6.26178	6	73786126	A	G	3.806076555720726e-10	9.419522480528059
6:30189877:G:A	5.44691e-08	0.000335482	-8.72569	-6.25346	6	30189877	G	A	4.014574223280881e-10	9.396360508239594
6:15554750:T:TA	1.50585e-07	0.0071574	-10.7691	-6.25339	6	15554750	T	TA	4.016374854773877e-10	9.396165760563608
6:15554752:C:A	1.50585e-07	0.0071574	-10.7691	-6.25339	6	15554752	C	A	4.016374854773877e-10	9.396165760563608
6:29943089:G:A	0.000190523	1.65527e-07	7.04839	6.24394	6	29943089	G	A	4.2668372371611655e-10	9.369893923428704
6:30811595:A:AAAAC	9.14277e-07	0.0118571	-9.4703	-6.24319	6	30811595	A	AAAAC	4.287355727357854e-10	9.367810481028844
6:32438696:A:G	5.67066e-07	0.0101187	-9.78942	-6.23158	6	32438696	A	G	4.6175408353447e-10	9.335589255175982
6:32438927:T:G	5.67066e-07	0.0101187	-9.78942	-6.23158	6	32438927	T	G	4.6175408353447e-10	9.335589255175982
6:15238315:C:T	4.50438e-07	0.00317854	-8.86171	-6.23005	6	15238315	C	T	4.662863318205057e-10	9.33134731476625
6:103958038:A:G	1.7075e-06	0.0153989	-9.10702	-6.22771	6	103958038	A	G	4.733021055947331e-10	9.324861563467481
6:89329237:T:C	2.04455e-07	0.0092818	-10.7232	-6.22119	6	89329237	T	C	4.933982266124464e-10	9.306802415798478
6:31612468:G:A	1.15499e-06	0.00949074	-9.01398	-6.21613	6	31612468	G	A	5.095659206869729e-10	9.292799624928012
6:2337577:A:G	6.57339e-08	0.00175684	-10.1934	-6.19046	6	2337577	A	G	5.998888983301683e-10	9.22192917513299
6:2346014:T:A	4.00998e-07	0.0106097	-10.1833	-6.18323	6	2346014	T	A	6.280310688817716e-10	9.202018871055552
6:52166163:C:T	1.20547e-06	0.0100798	-9.03142	-6.17052	6	52166163	C	T	6.806576456774423e-10	9.167071272784348
6:51881292:G:A	3.48195e-06	0.0175224	-8.52364	-6.15791	6	51881292	G	A	7.371122281344801e-10	9.132466384123443
6:85252752:C:T	5.15503e-07	0.00457216	-9.09035	-6.15572	6	85252752	C	T	7.473716647891372e-10	9.126463371644254
6:29943552:G:A	0.000194271	1.91988e-07	6.91958	6.15359	6	29943552	G	A	7.574835789766007e-10	9.120626777528164
6:51881959:T:C	3.47681e-06	0.0173885	-8.51745	-6.15296	6	51881959	T	C	7.604999154946076e-10	9.118900829869007
6:22188519:TTA:T	0.014583	1.48829e-05	6.8874	6.15206	6	22188519	TTA	T	7.648293007665021e-10	9.11643548250307
6:78696870:C:T	7.48095e-07	0.00398699	-8.58102	-6.15195	6	78696870	C	T	7.653600937632772e-10	9.116134185840576
6:5185806:C:T	1.23579e-06	0.0413663	-10.4185	-6.15166	6	5185806	C	T	7.667611800830071e-10	9.11533988288645
6:89392479:C:CA	0.0124287	2.56586e-06	8.48547	6.14984	6	89392479	C	CA	7.756114971709657e-10	9.110355761840754
6:29943530:G:A	0.000193164	1.91988e-07	6.91387	6.14959	6	29943530	G	A	7.768349571932116e-10	9.109671239621003
6:95244290:T:G	4.74964e-06	0.0269461	-8.64353	-6.14206	6	95244290	T	G	8.145807466648123e-10	9.089065859062256
6:51874281:AT:A	0.0165531	6.05499e-06	7.91345	6.12902	6	51874281	AT	A	8.842201196009166e-10	9.053439607353415
6:51882725:T:C	3.49328e-06	0.0169012	-8.4843	-6.12648	6	51882725	T	C	8.984449400699393e-10	9.046508532863854
6:78695415:G:A	8.08105e-07	0.0041616	-8.54672	-6.12391	6	78695415	G	A	9.130648389694825e-10	9.039498381056273
6:153625932:C:CTT	0.00188419	1.11834e-06	7.42941	6.11693	6	153625932	C	CTT	9.539524425053116e-10	9.020473275686198
6:32443210:A:G	0.0546893	3.31746e-06	9.71022	6.11316	6	32443210	A	G	9.76773492654579e-10	9.010206134638572
6:37489701:G:A	0.00102633	5.05615e-08	9.91831	6.10662	6	37489701	G	A	1.0176313230547236e-09	8.992409533751026
6:17786326:C:T	3.67795e-07	0.00173466	-8.45879	-6.1061	6	17786326	C	T	1.020950550972297e-09	8.990995292153963
6:2345401:A:G	5.62108e-07	0.0060924	-9.29086	-6.10576	6	2345401	A	G	1.0231265206961759e-09	8.990070657741756
6:31612730:A:G	0.00936274	1.16155e-06	8.99474	6.10167	6	31612730	A	G	1.0496591779564083e-09	8.978951692511645
6:78696564:T:TGG	7.82357e-07	0.00390176	-8.51463	-6.09768	6	78696564	T	TGG	1.0761890721265204e-09	8.968111422194047
6:84845529:AC:A	0.0130604	8.83624e-07	9.60107	6.09502	6	84845529	AC	A	1.0942376989930046e-09	8.96088832686197
6:84845528:AC:A	0.0130604	8.83624e-07	9.60107	6.09502	6	84845528	AC	A	1.0942376989930046e-09	8.96088832686197
6:2347574:C:T	5.82297e-07	0.0135958	-10.0583	-6.09357	6	2347574	C	T	1.1042001729825044e-09	8.956952189159889
6:167023093:A:T	1.04017e-07	0.00315693	-10.3206	-6.08287	6	167023093	A	T	1.1805006268334156e-09	8.92793377797939
6:167023092:T:C	1.04017e-07	0.00315693	-10.3206	-6.08287	6	167023092	T	C	1.1805006268334156e-09	8.92793377797939
6:31565037:A:G	1.62084e-06	0.0491159	-10.319	-6.08177	6	31565037	A	G	1.1886299542181604e-09	8.924953329447371
6:77157783:C:T	0.0281552	1.78542e-06	9.66584	6.0809	6	77157783	C	T	1.195098141268595e-09	8.922596429057863
6:167023387:C:T	1.04731e-07	0.00315693	-10.3137	-6.07807	6	167023387	C	T	1.216376579350187e-09	8.914931950544428
6:50014335:A:G	1.25867e-06	0.00395232	-8.052	-6.06805	6	50014335	A	G	1.294726017683975e-09	8.887822124707808
6:167023144:C:T	9.98932e-08	0.0054192	-10.9014	-6.05987	6	167023144	C	T	1.3623160771986044e-09	8.865722118078455
6:139715211:A:G	1.01019e-07	0.000604654	-8.69711	-6.0499	6	139715211	A	G	1.449357713424948e-09	8.838824413842984
6:32428838:G:T	2.02596e-07	0.00174925	-9.06348	-6.04629	6	32428838	G	T	1.482192056475237e-09	8.829095518581205
6:29204534:A:C	0.00184468	1.00689e-06	7.5132	6.04157	6	29204534	A	C	1.5262176590619419e-09	8.816383525759429
6:29404107:T:A	1.35998e-06	0.0127633	-9.14685	-6.0351	6	29404107	T	A	1.588642772782768e-09	8.798973748639543
6:23925244:TACACACACA:T	0.0528735	2.90171e-06	9.81036	6.03176	6	23925244	TACACACACA	T	1.6218352401730685e-09	8.789993267213703
6:17785315:C:G	1.23712e-06	0.0120461	-9.18371	-6.02369	6	17785315	C	G	1.7048475995866436e-09	8.76831443756108
6:51885399:G:A	3.60478e-06	0.0194196	-8.59178	-6.01762	6	51885399	G	A	1.7700009603656858e-09	8.752026497998981
6:80195672:T:A	1.64442e-07	0.00074264	-8.41541	-6.01657	6	80195672	T	A	1.7815148044666486e-09	8.749210564291658
6:139714876:CATAT:C	1.01742e-07	0.000578088	-8.64504	-6.01458	6	139714876	CATAT	C	1.8035368415748811e-09	8.743874981746364
6:103367424:T:G	1.29555e-06	0.0058249	-8.41096	-6.01145	6	103367424	T	G	1.8387122475551505e-09	8.735486231108354
6:32398920:C:CTT	8.072e-07	0.005883	-8.89401	-6.00402	6	32398920	C	CTT	1.9249097451630982e-09	8.71558962880304
6:77155267:TTTGG:T	0.0141907	1.85265e-06	8.94373	5.99836	6	77155267	TTTGG	T	1.9932025493874948e-09	8.70044856602024
6:4258001:C:G	7.75531e-07	0.0251447	-10.3866	-5.98509	6	4258001	C	G	2.1627024183092234e-09	8.665003234133358
6:95245552:T:G	5.38207e-06	0.0175586	-8.09023	-5.98484	6	95245552	T	G	2.1660267783553233e-09	8.664336178541694
6:30807824:C:T	2.155e-06	0.0198668	-9.12902	-5.98181	6	30807824	C	T	2.2067159249455673e-09	8.656253570857025
6:17701660:CA:C	0.00210117	1.3603e-06	7.34254	5.97895	6	17701660	CA	C	2.2458047055742677e-09	8.64862801253542
6:49974725:C:T	5.78198e-07	0.00407278	-8.85992	-5.97768	6	49974725	C	T	2.2633777928531544e-09	8.645242949510816
6:28299339:C:T	0.000500382	7.50267e-07	6.5027	5.97505	6	28299339	C	T	2.3001962410560327e-09	8.638235110603228
6:93271290:AC:A	0.0647868	1.50804e-06	10.668	5.97499	6	93271290	AC	A	2.3010429754419575e-09	8.6380752701523
6:30808813:C:G	2.03582e-06	0.0183629	-9.10719	-5.96509	6	30808813	C	G	2.4449923831759216e-09	8.611722489485073
6:29410798:G:T	1.29096e-06	0.010931	-9.04398	-5.95642	6	29410798	G	T	2.578232293257506e-09	8.588677956208729
6:30865304:C:T	6.28698e-07	0.00261111	-8.33163	-5.94809	6	30865304	C	T	2.712894259950029e-09	8.566567133335772
6:84199558:CA:C	0.0017571	2.35125e-06	6.61648	5.94133	6	84199558	CA	C	2.8271882816840825e-09	8.54864526792591
6:29403388:G:C	1.38947e-06	0.0114979	-9.021	-5.93885	6	29403388	G	C	2.870283292256536e-09	8.542075236997004
6:81768640:C:CT	0.00704472	1.45436e-05	6.18288	5.91675	6	81768640	C	CT	3.2836521441242278e-09	8.483642856390908
6:127924620:G:T	1.50301e-06	0.0359455	-10.0823	-5.91554	6	127924620	G	T	3.3078850410607087e-09	8.480449591894736
6:95097123:C:A	1.76021e-06	0.00561783	-8.06827	-5.91088	6	95097123	C	A	3.402848712562158e-09	8.468157358797217
6:24076593:GT:G	0.0112361	1.00518e-06	9.32172	5.90602	6	24076593	GT	G	3.5047144445441406e-09	8.455347361494995
6:11942014:G:C	5.18619e-06	0.0158914	-8.02754	-5.90405	6	11942014	G	C	3.5468458876169904e-09	8.450157681449566
6:30513100:C:G	2.61605e-07	0.00293358	-9.3249	-5.90329	6	30513100	C	G	3.5632310913941736e-09	8.448156010805656
6:73783709:A:C	9.44931e-07	0.0032834	-8.15328	-5.90203	6	73783709	A	C	3.5905585199297493e-09	8.444837990625862
6:29404652:T:C	1.39269e-06	0.00982452	-8.8614	-5.89023	6	29404652	T	C	3.856584881565113e-09	8.413797105585092
6:85253077:C:A	5.68042e-07	0.00657131	-9.35603	-5.88916	6	85253077	C	A	3.881635064826902e-09	8.410985297588034
6:139713470:GT:G	9.43593e-08	0.000444392	-8.45735	-5.88727	6	139713470	GT	G	3.926270068270139e-09	8.406019830786573
6:18553622:G:A	9.84097e-08	0.00113084	-9.34934	-5.88418	6	18553622	G	A	4.000322958542172e-09	8.397904945309334
6:9800764:T:C	1.32039e-06	0.0570336	-10.6735	-5.88295	6	9800764	T	C	4.030177059566833e-09	8.394675873386516
6:14687869:T:C	5.55796e-06	0.017061	-8.02932	-5.88275	6	14687869	T	C	4.035051837575013e-09	8.394150881604073
6:86371127:C:T	8.40634e-07	0.00163375	-7.57223	-5.88165	6	86371127	C	T	4.06196587366134e-09	8.39126372961236
6:32431076:T:TA	0.000825323	4.22528e-07	7.57727	5.87931	6	32431076	T	TA	4.119801823955863e-09	8.385123674460173
6:93727051:G:GA	5.73054e-07	0.00258146	-8.41289	-5.87784	6	93727051	G	GA	4.156543727557377e-09	8.381267646285151
6:30807518:C:G	2.25284e-06	0.0179827	-8.98498	-5.87149	6	30807518	C	G	4.318956515557833e-09	8.36462116852679
6:6368822:T:C	3.09502e-06	0.0245347	-8.97805	-5.86618	6	6368822	T	C	4.459496703202466e-09	8.350714152802619
6:18552760:G:A	1.02792e-07	0.00114462	-9.31788	-5.86079	6	18552760	G	A	4.606702576174341e-09	8.336609826318188
6:127666408:T:C	0.000760512	5.25512e-07	7.27737	5.85653	6	127666408	T	C	4.726382436181274e-09	8.325471140256882
6:103365848:A:G	1.53851e-06	0.00563882	-8.20661	-5.85432	6	103365848	A	G	4.789656328999732e-09	8.319695647289734
6:7279272:G:T	3.6769e-07	0.0149102	-10.6103	-5.84244	6	7279272	G	T	5.144171710318838e-09	8.288684543272144
6:51881970:C:G	0.011971	6.46543e-06	7.52377	5.83487	6	51881970	C	G	5.3832522436299e-09	8.26895526992424
6:92877713:A:T	0.00148672	7.49429e-07	7.59277	5.82189	6	92877713	A	T	5.818584227240942e-09	8.235182674644733
6:20373053:TA:T	0.0248971	2.93772e-06	9.04488	5.81937	6	20373053	TA	T	5.9069845205252854e-09	8.228634167225724
6:92877924:G:T	0.00147388	7.49429e-07	7.58409	5.81545	6	92877924	G	T	6.0470986935354e-09	8.218452943299457
6:95928408:C:A	0.00256794	6.0134e-06	6.05687	5.81374	6	95928408	C	A	6.1092277852730965e-09	8.214013681703333
6:30810626:T:C	1.97696e-06	0.0144143	-8.89442	-5.80213	6	30810626	T	C	6.54777637930879e-09	8.183906161100444
6:30810916:C:T	1.97696e-06	0.0144143	-8.89442	-5.80213	6	30810916	C	T	6.54777637930879e-09	8.183906161100444
6:30810654:G:C	1.97696e-06	0.0144143	-8.89442	-5.80213	6	30810654	G	C	6.54777637930879e-09	8.183906161100444
6:51881076:C:CT	3.45726e-06	0.0176934	-8.54047	-5.79916	6	51881076	C	CT	6.664791975681367e-09	8.176213401422455
6:29411198:C:T	1.65077e-06	0.0112153	-8.8238	-5.78803	6	29411198	C	T	7.121669438093017e-09	8.147418188558968
6:9802429:C:T	1.73235e-06	0.0642811	-10.5215	-5.78551	6	9802429	C	T	7.2292659753238525e-09	8.140905796626592
6:66887601:G:T	2.01969e-06	0.0143869	-8.87113	-5.7843	6	66887601	G	T	7.281489543723651e-09	8.1377797698012
6:23482134:C:A	5.52788e-06	0.0301594	-8.60445	-5.7803	6	23482134	C	A	7.456753616464917e-09	8.127450206483907
6:30808948:G:A	1.98915e-06	0.0140512	-8.86276	-5.77788	6	30808948	G	A	7.564772851779365e-09	8.121204108050557
6:95155719:A:T	8.5587e-07	0.00116474	-7.21589	-5.77026	6	95155719	A	T	7.914931702805348e-09	8.101552828271334
6:30513524:C:T	0.00222026	4.42211e-07	8.52135	5.76841	6	30513524	C	T	8.002292929722785e-09	8.096785555002295
6:18426896:C:T	9.9189e-07	0.0235619	-10.0755	-5.7669	6	18426896	C	T	8.074292856425878e-09	8.092895502681069
6:22589752:A:G	3.00372e-07	0.00713244	-10.0751	-5.76663	6	22589752	A	G	8.087233227687713e-09	8.0922000320919
6:54916590:A:G	0.000267887	5.40098e-07	6.20657	5.76355	6	54916590	A	G	8.236283771571306e-09	8.084268698685324
6:144538511:C:CA	0.00301212	1.64369e-06	7.51346	5.76303	6	144538511	C	CA	8.261710287604358e-09	8.082930038444498
6:26561894:C:T	0.00132493	1.1414e-06	7.05686	5.75992	6	26561894	C	T	8.415381156015725e-09	8.074926208837821
6:18430657:AT:A	0.00059961	8.94297e-07	6.508	5.75821	6	18430657	AT	A	8.501055802098619e-09	8.070527133044488
6:121906673:GTC:G	0.00658217	2.40544e-06	7.91439	5.75758	6	121906673	GTC	G	8.532833418046786e-09	8.068906732784008
6:103368854:G:A	1.3819e-06	0.0046539	-8.122	-5.74875	6	103368854	G	A	8.990563659244678e-09	8.046213079520848
6:19538763:C:T	5.59362e-06	0.0177805	-8.06423	-5.74483	6	19538763	C	T	9.201338190706322e-09	8.03614900672222
6:77160308:T:A	1.47944e-06	0.0275234	-9.83113	-5.73915	6	77160308	T	A	9.515291448203707e-09	8.021577904969377
6:9800866:T:A	3.06339e-06	0.0562256	-9.8176	-5.72965	6	9800866	T	A	1.0063806375518626e-08	7.997237727508181
6:78696559:TCA:T	0.00390176	7.82357e-07	8.51463	5.7276	6	78696559	TCA	T	1.0186139475692241e-08	7.991990381457623
6:23482155:C:G	0.0265591	5.75353e-06	8.43732	5.726	6	23482155	C	G	1.0282622047127324e-08	7.987896127033534
6:7279235:G:A	4.38704e-07	0.00289104	-8.7933	-5.72469	6	7279235	G	A	1.0362277955227256e-08	7.984544762482946
6:32428500:A:G	4.3071e-07	0.00136033	-8.0578	-5.72425	6	32428500	A	G	1.0389166915351225e-08	7.983419276174456
6:19538239:C:T	5.50741e-06	0.0169125	-8.02971	-5.71829	6	19538239	C	T	1.0760138966246546e-08	7.968182119758447
6:30809550:G:A	1.98095e-06	0.0127595	-8.77046	-5.70719	6	30809550	G	A	1.1485654759414812e-08	7.939844242062729
6:30809372:C:T	1.98095e-06	0.0127595	-8.77046	-5.70719	6	30809372	C	T	1.1485654759414812e-08	7.939844242062729
6:26563222:AT:A	0.00133945	1.24333e-06	6.98222	5.70268	6	26563222	AT	A	1.1793826336442349e-08	7.92834527147767
6:49325716:G:C	3.02759e-07	0.00127026	-8.34179	-5.6933	6	49325716	G	C	1.2460715981787243e-08	7.904457002780718
6:84849106:C:G	2.83797e-06	0.017938	-8.75159	-5.69274	6	84849106	C	G	1.2501668693953806e-08	7.9030320144953015
6:30808706:T:C	1.99875e-06	0.0125925	-8.74834	-5.69025	6	30808706	T	C	1.2685350994401898e-08	7.8966975116647165
6:24768404:T:G	2.01035e-06	0.0172693	-9.05838	-5.68861	6	24768404	T	G	1.280775993104131e-08	7.892526821438628
6:19235183:G:A	4.00257e-07	0.0127661	-10.3702	-5.68844	6	19235183	G	A	1.2820514114629108e-08	7.892094558852333
6:7278554:C:T	8.98724e-07	0.0154591	-9.75273	-5.6841	6	7278554	C	T	1.3150331844123922e-08	7.881063287763313
6:30808455:G:A	2.06733e-06	0.0128789	-8.73709	-5.68163	6	30808455	G	A	1.3341704630338217e-08	7.8747886783464685
6:32438044:T:C	3.15089e-07	0.00267705	-9.04737	-5.68044	6	32438044	T	C	1.3434867598099895e-08	7.871766609223217
6:51873189:G:T	5.26732e-06	0.0178681	-8.12925	-5.68025	6	51873189	G	T	1.3449800749460448e-08	7.871284149419997
6:51171142:C:T	1.11266e-07	0.00145768	-9.48043	-5.6792	6	51171142	C	T	1.3532617309894142e-08	7.868618199461813
6:36594266:A:AC	0.0100205	9.15181e-06	6.99843	5.67491	6	36594266	A	AC	1.3876158984626808e-08	7.85773073291829
6:77729462:G:A	4.56349e-07	0.003845	-9.03903	-5.67424	6	77729462	G	A	1.3930571641285959e-08	7.8560310619276255
6:39590419:ATG:A	0.00296522	5.5465e-06	6.28154	5.6724	6	39590419	ATG	A	1.4081071861003055e-08	7.851364285136994
6:95240768:A:AT	0.00396568	7.94975e-06	6.21229	5.66771	6	95240768	A	AT	1.4471863202359134e-08	7.839475551368071
6:51888084:C:T	0.0160564	6.64986e-06	7.78927	5.66624	6	51888084	C	T	1.4596504109633942e-08	7.835751146112288
6:64755498:TAC:T	0.00359586	4.83797e-06	6.61104	5.66118	6	64755498	TAC	T	1.503356330280429e-08	7.822938069357776
6:19800741:G:A	1.37977e-06	0.00413691	-8.00579	-5.6611	6	19800741	G	A	1.5040574390121537e-08	7.822735577993251
6:22181516:A:C	0.00372563	7.53057e-06	6.20402	5.66075	6	22181516	A	C	1.5071285257875602e-08	7.821849710087352
6:30601712:C:T	9.93555e-08	0.00300565	-10.3173	-5.65452	6	30601712	C	T	1.5628240046669722e-08	7.806089926718855
6:37489257:A:C	5.03254e-08	0.000636602	-9.44539	-5.65407	6	37489257	A	C	1.5669234676398046e-08	7.804952215014121
6:30810908:G:C	0.0101251	2.12968e-06	8.4668	5.65295	6	30810908	G	C	1.5771719746235593e-08	7.802120948676217
6:31610995:T:C	2.51341e-06	0.0100002	-8.28872	-5.65202	6	31610995	T	C	1.585731343655729e-08	7.799770389433908
6:30808420:G:A	2.08234e-06	0.0124775	-8.6982	-5.65184	6	30808420	G	A	1.587393198978459e-08	7.799315484716066
6:19800757:G:A	1.39013e-06	0.00410306	-7.99009	-5.64926	6	19800757	G	A	1.6113998211728188e-08	7.79279668888836
6:51167562:C:G	5.22734e-08	0.000649766	-9.42788	-5.64152	6	51167562	C	G	1.6855545624807897e-08	7.773257184524919
6:30808164:C:G	2.14762e-06	0.0126047	-8.67747	-5.63597	6	30808164	C	G	1.7407568423941457e-08	7.759261889067401
6:30806913:GTAA:G	0.012333	2.26836e-06	8.60098	5.63279	6	30806913	GTAA	G	1.7731732450915634e-08	7.751248830269589
6:30806911:CA:C	0.012333	2.26836e-06	8.60098	5.63279	6	30806911	CA	C	1.7731732450915634e-08	7.751248830269589
6:35369690:G:A	1.35794e-06	0.00309793	-7.73252	-5.63264	6	35369690	G	A	1.774716710725382e-08	7.750870961362487
6:84694917:A:G	1.65504e-07	0.00131088	-8.97721	-5.62833	6	84694917	A	G	1.819627155531112e-08	7.740017590522389
6:35369514:G:C	1.35794e-06	0.00307745	-7.72589	-5.62815	6	35369514	G	C	1.8215265749221913e-08	7.739564488293669
6:19539687:A:C	6.58126e-06	0.0176292	-7.89309	-5.61323	6	19539687	A	C	1.985843606171041e-08	7.702054957074972
6:29945293:G:C	0.000218991	3.90368e-07	6.32969	5.61029	6	29945293	G	C	2.0198784495617025e-08	7.694674764351856
6:51873622:G:A	5.79107e-06	0.0178681	-8.03445	-5.6091	6	51873622	G	A	2.03381486875713e-08	7.691688581962159
6:133495485:T:TACTCATTTA	6.64654e-06	0.0249797	-8.23172	-5.60768	6	133495485	T	TACTCATTTA	2.0505670693030157e-08	7.688126021376815
6:95233290:T:G	0.00301389	6.64238e-06	6.11751	5.60276	6	95233290	T	G	2.1096524174556187e-08	7.67578909238749
6:65967326:T:C	9.3354e-07	0.00709535	-8.93597	-5.59769	6	65967326	T	C	2.1722672820023522e-08	7.663086738955618
6:30806807:C:T	2.25745e-06	0.0125958	-8.62688	-5.59723	6	30806807	C	T	2.178036760203949e-08	7.661934794635798
6:36601944:C:CT	0.00235639	5.17591e-06	6.12087	5.59651	6	36601944	C	CT	2.187097122256478e-08	7.660131930851933
6:32913750:T:A	3.18153e-06	0.0247399	-8.95881	-5.59387	6	32913750	T	A	2.2206325203780462e-08	7.653523304385552
6:51888008:T:C	6.43469e-06	0.0159728	-7.81694	-5.59321	6	51888008	T	C	2.2290940471875108e-08	7.651871607915932
6:77157954:G:A	1.8468e-06	0.0143035	-8.9548	-5.5909	6	77157954	G	A	2.2589565642707136e-08	7.646092119712176
6:18549997:T:A	1.03473e-07	0.00118992	-9.35009	-5.58573	6	18549997	T	A	2.3272056116667952e-08	7.633165244531286
6:84846996:A:T	2.81952e-06	0.01336	-8.46345	-5.5829	6	84846996	A	T	2.3654076611682513e-08	7.6260940009140095
6:20945072:T:TACACAC	3.11453e-06	0.00762585	-7.80322	-5.58225	6	20945072	T	TACACAC	2.3742675586260228e-08	7.624470341536728
6:77159416:C:G	1.81277e-06	0.0138489	-8.9411	-5.58071	6	77159416	C	G	2.395387449505688e-08	7.620624230235577
6:13521591:G:T	5.23943e-06	0.0156743	-8.00356	-5.57947	6	13521591	G	T	2.4125254885363254e-08	7.61752808960191
6:8023467:G:A	2.82698e-06	0.0511174	-9.80267	-5.57552	6	8023467	G	A	2.4679155015086615e-08	7.607669714110735
6:65108306:AT:A	4.20451e-07	0.000617073	-7.29142	-5.57514	6	65108306	AT	A	2.473308778852153e-08	7.606721661002071
6:4043613:A:C	1.09179e-06	0.00203253	-7.52922	-5.57414	6	4043613	A	C	2.4875563305275432e-08	7.6042270759047375
6:65109244:C:G	4.25303e-07	0.000622119	-7.28808	-5.57252	6	65109244	C	G	2.5108065642225238e-08	7.6001867446055655
6:86369714:C:T	0.0125784	8.03363e-07	9.65868	5.57178	6	86369714	C	T	2.521497082142588e-08	7.598341530066857
6:65109049:A:C	4.23397e-07	0.000617073	-7.28443	-5.56966	6	65109049	A	C	2.5523691074796842e-08	7.593056520487625
6:5193379:T:C	1.60348e-06	0.0179556	-9.32348	-5.56666	6	5193379	T	C	2.5966835233501116e-08	7.585580977763077
6:12795224:AAGAG:A	0.00819409	1.0627e-06	8.95036	5.561	6	12795224	AAGAG	A	2.682331973952059e-08	7.5714874734891175
6:85253084:A:G	5.4237e-07	0.00959222	-9.78051	-5.55997	6	85253084	A	G	2.698210264445553e-08	7.568924209916036
6:30514533:A:G	6.28152e-07	0.00221643	-8.16863	-5.55861	6	30514533	A	G	2.719315554947388e-08	7.565540393066909
6:19496468:T:A	9.20023e-06	0.0229461	-7.82168	-5.55832	6	19496468	T	A	2.7238366243617296e-08	7.564818944947953
6:65108191:GT:G	4.20451e-07	0.000601532	-7.26591	-5.55512	6	65108191	GT	G	2.7742110878298392e-08	7.556860496834511
6:51874184:G:A	5.88997e-06	0.0168771	-7.96047	-5.55356	6	51874184	G	A	2.7990952569165437e-08	7.552982321666285
6:72266835:A:C	1.39136e-06	0.00732976	-8.56942	-5.55321	6	72266835	A	C	2.8047079179242844e-08	7.5521123594483095
6:30514957:AC:A	6.28494e-07	0.00218327	-8.15301	-5.54646	6	30514957	AC	A	2.9151127836545123e-08	7.535344638033178
6:167022259:A:AAC	1.02265e-07	0.000354266	-8.15024	-5.54431	6	167022259	A	AAC	2.9511558879786184e-08	7.5300078492934
6:32445274:A:G	4.88862e-06	0.068702	-9.55062	-5.54216	6	32445274	A	G	2.987631206481528e-08	7.524673012905842
6:30179717:G:A	8.55775e-07	0.00441371	-8.54822	-5.53698	6	30179717	G	A	3.0773167638073444e-08	7.5118277973199685
6:4258426:A:AACACAC	6.4565e-07	0.0163255	-10.138	-5.53675	6	4258426	A	AACACAC	3.0813589127720265e-08	7.511257712667145
6:81771643:T:A	5.25411e-06	0.0116181	-7.70131	-5.52934	6	81771643	T	A	3.2143781949983336e-08	7.49290302665855
6:51874730:C:T	6.04671e-06	0.0167386	-7.92596	-5.52766	6	51874730	C	T	3.2453021317595873e-08	7.488744864950544
6:19501202:C:G	8.53542e-06	0.0203027	-7.77428	-5.52188	6	19501202	C	G	3.353915271662157e-08	7.474447912962603
6:30811009:A:G	2.1287e-06	0.0101251	-8.46726	-5.51537	6	30811009	A	G	3.4804693754549864e-08	7.458362183230423
6:32951747:G:A	5.08475e-06	0.0143566	-7.94572	-5.51285	6	32951747	G	A	3.5306912925752e-08	7.452140253491044
6:4041754:A:G	1.28666e-06	0.00219712	-7.44286	-5.51091	6	4041754	A	G	3.569832327552721e-08	7.447352181907058
6:32431095:T:G	3.13407e-07	0.00134889	-8.36729	-5.50864	6	32431095	T	G	3.61616582797455e-08	7.44175166212284
6:30515671:CTAGATAGA:C	0.00155369	2.50297e-07	8.73349	5.50803	6	30515671	CTAGATAGA	C	3.628715773039831e-08	7.440247047515775
6:127666235:T:C	0.000674793	5.62774e-07	7.08928	5.5069	6	127666235	T	C	3.6520757278044526e-08	7.4374602257087625
6:95164058:C:A	0.00434711	3.0543e-07	9.5633	5.50638	6	95164058	C	A	3.662874378702432e-08	7.436177975567468
6:32429935:A:C	3.13292e-07	0.00134187	-8.36244	-5.5049	6	32429935	A	C	3.6937787688411103e-08	7.432529119277129
6:15101539:A:C	3.06313e-07	0.00065817	-7.67261	-5.504	6	15101539	A	C	3.7126954656902285e-08	7.430310672372106
6:15101530:T:C	3.06313e-07	0.00065817	-7.67261	-5.504	6	15101530	T	C	3.7126954656902285e-08	7.430310672372106
6:84845809:C:A	9.28223e-07	0.0150826	-9.69578	-5.50054	6	84845809	C	A	3.786298408349642e-08	7.421785161108482
6:49061014:A:G	3.5566e-07	0.002275	-8.76352	-5.50053	6	49061014	A	G	3.7865131706509666e-08	7.421760528227698
6:49061032:C:G	3.5566e-07	0.002275	-8.76352	-5.50053	6	49061032	C	G	3.7865131706509666e-08	7.421760528227698
6:73331701:G:A	2.55526e-06	0.0260338	-9.229	-5.4989	6	73331701	G	A	3.82167777798324e-08	7.4177459329647055
6:32430871:G:A	3.15021e-07	0.00133706	-8.35334	-5.49787	6	32430871	G	A	3.844061425744656e-08	7.4152096811885055
6:83640309:A:G	1.37152e-06	0.0325899	-10.0758	-5.49417	6	83640309	A	G	3.9255221465217346e-08	7.406102568149031
6:23925246:TACACAC:T	0.0476209	7.72512e-06	8.72655	5.49401	6	23925246	TACACAC	T	3.929082270945114e-08	7.405708877412829
6:50946630:G:A	1.28922e-06	0.0207223	-9.68493	-5.49293	6	50946630	G	A	3.9531951362962016e-08	7.403051747628948
6:67562345:C:T	1.30771e-06	0.00266457	-7.61952	-5.49279	6	67562345	C	T	3.9563313651274004e-08	7.4027073409324124
6:73331916:GAC:G	0.00968791	2.56403e-06	8.23705	5.48655	6	73331916	GAC	G	4.098594512012154e-08	7.387365045798273
6:19500981:T:C	8.96616e-06	0.0203027	-7.72505	-5.48402	6	19500981	T	C	4.157677361434898e-08	7.381149215241452
6:15101942:TTTCTTTCTT:T	0.00179396	2.72788e-07	8.79124	5.4801	6	15101942	TTTCTTTCTT	T	4.250855089593828e-08	7.371523699752345
6:30809481:T:C	2.13399e-06	0.00966752	-8.41853	-5.4781	6	30809481	T	C	4.2991715841045606e-08	7.366615221423414
6:29338674:A:C	3.51706e-06	0.0111395	-8.06063	-5.47461	6	29338674	A	C	4.3847620414426746e-08	7.358053970574458
6:85252173:A:T	6.13016e-07	0.00959222	-9.65807	-5.47409	6	85252173	A	T	4.397655360685051e-08	7.356778808812769
6:32431245:A:G	3.15225e-07	0.00129663	-8.32199	-5.47366	6	32431245	A	G	4.4083449016802446e-08	7.355724434338495
6:32431198:C:T	3.15225e-07	0.00129663	-8.32199	-5.47366	6	32431198	C	T	4.4083449016802446e-08	7.355724434338495
6:32431381:C:T	3.15225e-07	0.00129663	-8.32199	-5.47366	6	32431381	C	T	4.4083449016802446e-08	7.355724434338495
6:32431484:C:G	3.15225e-07	0.00129663	-8.32199	-5.47366	6	32431484	C	G	4.4083449016802446e-08	7.355724434338495
6:22186635:G:A	8.47362e-06	0.0145235	-7.44656	-5.47251	6	22186635	G	A	4.437057133293604e-08	7.3529049791008
6:67560088:C:T	1.31128e-06	0.00258869	-7.5879	-5.46855	6	67560088	C	T	4.53732076927911e-08	7.343200516876035
6:85251725:G:A	6.18993e-07	0.00959222	-9.64837	-5.46729	6	85251725	G	A	4.569680943003971e-08	7.340114121490324
6:83857956:A:G	0.0018941	3.30285e-06	6.35171	5.46558	6	83857956	A	G	4.613956398703992e-08	7.3359265138226695
6:30469003:A:T	1.10276e-06	0.0138672	-9.43947	-5.46409	6	30469003	A	T	4.6528744191046015e-08	7.3322786688993355
6:110449222:T:C	4.21118e-06	0.005352	-7.14748	-5.4622	6	110449222	T	C	4.702698273248533e-08	7.327652884844574
6:12103187:GTAATAA:G	0.00270096	8.48357e-07	8.06582	5.45664	6	12103187	GTAATAA	G	4.8522872284788196e-08	7.314053499221105
6:5193712:G:A	1.63573e-06	0.0157044	-9.16961	-5.45632	6	5193712	G	A	4.861035605813324e-08	7.313271197820415
6:30808616:G:A	2.17105e-06	0.00955706	-8.38983	-5.45615	6	30808616	G	A	4.865689397930895e-08	7.312855617778821
6:167022310:C:CACAA	1.04318e-07	0.000229136	-7.69462	-5.45374	6	167022310	C	CACAA	4.9321301511465475e-08	7.306965471577732
6:19498057:A:G	9.35539e-06	0.0203083	-7.68283	-5.45156	6	19498057	A	G	4.9929869744394913e-08	7.30163956691834
6:22188695:G:T	0.0128991	3.43513e-05	5.92828	5.44771	6	22188695	G	T	5.1022457817941755e-08	7.292238624694089
6:23429107:T:C	6.96172e-06	0.0409704	-8.68018	-5.44074	6	23429107	T	C	5.3059705000660906e-08	7.275235168920996
6:161003033:CATGAT:C	0.00215507	6.86922e-07	8.05111	5.43738	6	161003033	CATGAT	C	5.4069741818070555e-08	7.267045704166838
6:73776558:CTTTT:C	0.0217288	1.1344e-06	9.86029	5.43623	6	73776558	CTTTT	C	5.4419700010229866e-08	7.2642438566073615
6:162776981:C:T	3.67525e-06	0.01162	-8.05886	-5.43486	6	162776981	C	T	5.4839472441018514e-08	7.2609067318011355
6:32428729:A:G	0.00169317	3.04723e-07	8.62271	5.43308	6	32428729	A	G	5.5389559543770426e-08	7.256572088337169
6:93727125:A:G	1.00304e-06	0.00315929	-8.05506	-5.43199	6	93727125	A	G	5.572904643318403e-08	7.253918387992594
6:32429272:G:A	0.00169229	3.05089e-07	8.62099	5.43191	6	32429272	G	A	5.57540421740837e-08	7.253723640741485
6:66012705:T:C	1.57685e-06	0.00957766	-8.71176	-5.43117	6	66012705	T	C	5.598576840970682e-08	7.251922356683693
6:30808397:C:T	2.2531e-06	0.00955706	-8.35273	-5.42778	6	30808397	C	T	5.705931031720139e-08	7.243673482017251
6:30808418:G:C	2.2531e-06	0.00955706	-8.35273	-5.42778	6	30808418	G	C	5.705931031720139e-08	7.243673482017251
6:23785901:C:T	0.000792732	2.59651e-07	8.0239	5.42625	6	23785901	C	T	5.75503373042764e-08	7.239952126613569
6:23785899:T:C	0.000792732	2.59651e-07	8.0239	5.42625	6	23785899	T	C	5.75503373042764e-08	7.239952126613569
6:23785744:G:A	0.000792732	2.59668e-07	8.02384	5.42621	6	23785744	G	A	5.756322937764383e-08	7.239854849524368
6:23785845:A:G	0.000792732	2.59668e-07	8.02384	5.42621	6	23785845	A	G	5.756322937764383e-08	7.239854849524368
6:52161111:G:A	1.39508e-06	0.0294971	-9.9591	-5.42478	6	52161111	G	A	5.8025963830648595e-08	7.236377637035669
6:147795062:A:AT	0.00408188	1.54107e-05	5.57925	5.42331	6	147795062	A	AT	5.850539836833261e-08	7.2328040591586635
6:68519867:T:A	0.0164985	1.31858e-06	9.43447	5.41804	6	68519867	T	A	6.02559372721247e-08	7.220000153774161
6:68519871:T:A	0.0164985	1.31858e-06	9.43447	5.41804	6	68519871	T	A	6.02559372721247e-08	7.220000153774161
6:17784433:C:G	1.15968e-06	0.0244896	-9.95786	-5.41332	6	17784433	C	G	6.186678305327017e-08	7.208542465821537
6:31534990:C:T	2.44389e-06	0.0220035	-9.10537	-5.41025	6	31534990	C	T	6.293682669292112e-08	7.201095158221284
6:32428698:A:G	0.00136033	4.3071e-07	8.0578	5.4046	6	32428698	A	G	6.495317830809512e-08	7.187399593045214
6:32428536:C:T	0.00136033	4.3071e-07	8.0578	5.4046	6	32428536	C	T	6.495317830809512e-08	7.187399593045214
6:69692575:A:G	6.48371e-07	0.00126516	-7.57625	-5.40088	6	69692575	A	G	6.631477680356409e-08	7.178389687746107
6:6367195:C:T	5.84186e-06	0.0250929	-8.36529	-5.39687	6	6367195	C	T	6.781348520716994e-08	7.168683934912972
6:11114637:C:T	3.74763e-06	0.0427947	-9.34304	-5.39638	6	11114637	C	T	6.799885341923371e-08	7.167498410204029
6:153628506:A:G	9.61297e-07	0.00199409	-7.63741	-5.39458	6	153628506	A	G	6.868402050477204e-08	7.163144290798084
6:30806697:C:A	2.24748e-06	0.0129467	-8.65878	-5.39182	6	30806697	C	A	6.974761656874845e-08	7.156470628609582
6:85311034:G:A	5.00088e-06	0.0292941	-8.67553	-5.38329	6	85311034	G	A	7.313656302028385e-08	7.1358654527537535
6:89124301:T:C	2.49996e-07	0.000520251	-7.64062	-5.38322	6	89124301	T	C	7.316502295377047e-08	7.135696486817503
6:55621897:C:A	8.52233e-06	0.0485272	-8.64719	-5.38321	6	55621897	C	A	7.316908953409126e-08	7.13567234899531
6:30811596:AAAAC:A	0.0138186	2.0101e-06	8.83559	5.38159	6	30811596	AAAAC	A	7.383077400488276e-08	7.131762578627684
6:32439072:TAAA:T	0.00243061	4.27248e-07	8.64629	5.38072	6	32439072	TAAA	T	7.418851123816031e-08	7.129663343941808
6:22191085:GA:G	0.0273529	3.59472e-05	6.63452	5.37999	6	22191085	GA	G	7.448997638100153e-08	7.1279021634301944
6:71147147:T:TA	0.00574922	1.3817e-05	6.03092	5.37931	6	71147147	T	TA	7.477186033639883e-08	7.126261813899506
6:80193721:CA:C	0.00283172	1.62216e-07	9.76746	5.37432	6	80193721	CA	C	7.68722319746173e-08	7.114230509067488
6:17787652:AAAC:A	0.0218813	1.2586e-06	9.76339	5.3716	6	17787652	AAAC	A	7.8041069978003e-08	7.1076767848649505
6:22191087:A:G	0.0271577	3.60996e-05	6.62313	5.37139	6	22191087	A	G	7.81320233991278e-08	7.107170928542117
6:22181989:GT:G	0.00329396	1.03091e-05	5.76682	5.37035	6	22181989	GT	G	7.858397458310135e-08	7.1046660094278
6:88280607:A:AACACAC	3.06132e-07	0.0017585	-8.65596	-5.36874	6	88280607	A	AACACAC	7.928862718334906e-08	7.100789101531369
6:162778054:C:T	0.0123951	3.64241e-06	8.13241	5.36548	6	162778054	C	T	8.073422628305534e-08	7.092942312432131
6:114709189:CCT:C	0.00708002	4.27021e-06	7.41337	5.36498	6	114709189	CCT	C	8.095818934063284e-08	7.091739213549796
6:22184686:G:A	8.28603e-06	0.012189	-7.29372	-5.36491	6	22184686	G	A	8.098959213955342e-08	7.091570788118663
6:32951456:CCT:C	0.0143566	5.08475e-06	7.94572	5.3645	6	32951456	CCT	C	8.117375982767706e-08	7.090584337800339
6:49975430:G:A	1.9576e-06	0.00623094	-8.06556	-5.36396	6	49975430	G	A	8.141694104990907e-08	7.089285218710502
6:32431004:G:C	4.22528e-07	0.000825323	-7.57727	-5.36256	6	32431004	G	C	8.205070088556658e-08	7.085917704806696
6:9801761:T:C	7.33297e-06	0.0232656	-8.06235	-5.36148	6	9801761	T	C	8.254286273957179e-08	7.083320473059288
6:95099099:T:G	2.23466e-06	0.00384415	-7.45022	-5.35701	6	95099099	T	G	8.461043936270915e-08	7.072576049751558
6:93726451:C:T	4.23426e-07	0.00456856	-9.28633	-5.35655	6	93726451	C	T	8.482603399773063e-08	7.071470837762753
6:32445768:G:A	6.40957e-06	0.068702	-9.27974	-5.35192	6	32445768	G	A	8.70258738618524e-08	7.060351607095957
6:18427553:C:T	0.0133039	1.94832e-06	8.82884	5.35116	6	18427553	C	T	8.739220882619393e-08	7.058527283779978
6:32432065:T:C	3.69658e-07	0.00129663	-8.1627	-5.35064	6	32432065	T	C	8.764371886971425e-08	7.057279202878449
6:32432008:A:G	3.69658e-07	0.00129663	-8.1627	-5.35064	6	32432008	A	G	8.764371886971425e-08	7.057279202878449
6:18427258:ATT:A	0.0133039	1.94978e-06	8.82809	5.35064	6	18427258	ATT	A	8.764371886971425e-08	7.057279202878449
6:32432743:G:A	3.70322e-07	0.00129663	-8.1609	-5.34925	6	32432743	G	A	8.831946989581001e-08	7.053943546295305
6:32433757:C:T	3.70719e-07	0.00129666	-8.15985	-5.34844	6	32433757	C	T	8.871557626758022e-08	7.05200012207168
6:23786399:G:A	2.58303e-07	0.000805412	-8.04497	-5.34805	6	23786399	G	A	8.890690706035243e-08	7.0510644979536
6:69694951:G:A	7.76319e-07	0.0145544	-9.83884	-5.34765	6	69694951	G	A	8.9103558756721e-08	7.050104950087237
6:167022262:A:AACAC	1.08603e-07	0.000895541	-9.01749	-5.34723	6	167022262	A	AACAC	8.931049626237306e-08	7.049097497427797
6:18427101:A:G	0.0133039	1.96286e-06	8.82141	5.34601	6	18427101	A	G	8.991424272241187e-08	7.046171509091911
6:84847487:GT:G	0.0137484	2.81952e-06	8.49211	5.34472	6	84847487	GT	G	9.055692798580543e-08	7.043078318724736
6:23786698:T:G	0.000700135	2.57478e-07	7.90809	5.34229	6	23786698	T	G	9.17796681779142e-08	7.037253516795656
6:23786185:G:T	2.58976e-07	0.000799078	-8.03448	-5.33995	6	23786185	G	T	9.297221950912336e-08	7.031646801083014
6:23786231:T:TA	2.58976e-07	0.000799078	-8.03448	-5.33995	6	23786231	T	TA	9.297221950912336e-08	7.031646801083014
6:23786110:C:T	2.58976e-07	0.000799078	-8.03448	-5.33995	6	23786110	C	T	9.297221950912336e-08	7.031646801083014
6:30472245:G:A	2.12488e-06	0.0402868	-9.85006	-5.33945	6	30472245	G	A	9.322897636354636e-08	7.030449084223904
6:114709894:TA:T	0.00678624	4.24062e-06	7.37794	5.33904	6	114709894	TA	T	9.344002908620309e-08	7.029467035043582
6:32432311:C:T	4.3079e-07	0.000814674	-7.54492	-5.33743	6	32432311	C	T	9.42732803012981e-08	7.0256113810911955
6:32433440:C:T	4.32665e-07	0.000814368	-7.5402	-5.33376	6	32433440	C	T	9.619965391877876e-08	7.016826490347166
6:85253820:G:A	5.54303e-07	0.00708279	-9.45547	-5.33198	6	85253820	G	A	9.714764041022483e-08	7.01256774338395
6:23785747:A:G	2.59668e-07	0.000792732	-8.02384	-5.33172	6	23785747	A	G	9.728686504446251e-08	7.011945791014056
6:32434068:C:G	4.34027e-07	0.000813897	-7.53648	-5.33087	6	32434068	C	G	9.774337166001428e-08	7.0099126840506
6:32434052:G:A	4.34027e-07	0.000813897	-7.53648	-5.33087	6	32434052	G	A	9.774337166001428e-08	7.0099126840506
6:54087059:C:T	0.00740338	2.1266e-05	5.85258	5.32964	6	54087059	C	T	9.840763668186066e-08	7.006971197909088
6:80183028:T:C	1.62849e-07	0.000279885	-7.44931	-5.32665	6	80183028	T	C	1.0004066837994059e-07	6.999823415374658
6:73633106:C:T	2.54055e-07	0.000942695	-8.21895	-5.32547	6	73633106	C	T	1.006923348934424e-07	6.997003588435291
6:84847924:AT:A	0.0137484	2.90116e-06	8.46357	5.32541	6	84847924	AT	A	1.0072558001960729e-07	6.9968602230848855
6:164257592:G:A	3.16343e-06	0.0325182	-9.2379	-5.32254	6	164257592	G	A	1.023282736289465e-07	6.990004352754077
6:17786861:G:T	1.2251e-06	0.0226379	-9.82435	-5.32183	6	17786861	G	T	1.0272855117122388e-07	6.988308836900749
6:72435757:C:T	5.10816e-06	0.0171849	-8.12095	-5.3184	6	72435757	C	T	1.0468372879251628e-07	6.9801208163610395
6:11116262:G:T	7.7333e-06	0.0298939	-8.25987	-5.31614	6	11116262	G	T	1.0599161165764462e-07	6.974728504121553
6:51176286:C:T	1.62939e-07	0.000483304	-7.99503	-5.30946	6	51176286	C	T	1.0995051040442915e-07	6.958802750247596
6:80182272:A:G	1.60615e-07	0.000269653	-7.42588	-5.30804	6	80182272	A	G	1.1081032807729365e-07	6.955419759301283
6:32437267:G:C	4.55938e-07	0.00562748	-9.42082	-5.30768	6	32437267	G	C	1.1102934182301681e-07	6.954562234655902
6:17787396:C:T	1.25404e-06	0.0226379	-9.80101	-5.30583	6	17787396	C	T	1.1216145324330958e-07	6.950156372313744
6:2145538:AAAAT:A	0.00108776	2.31644e-06	6.15184	5.30441	6	2145538	AAAAT	A	1.1303799516285962e-07	6.946775553719904
6:65099971:T:C	1.33884e-06	0.00702872	-8.56596	-5.30184	6	65099971	T	C	1.1464129705569631e-07	6.940658908959761
6:29945437:AT:A	3.3078e-07	0.000227377	-6.53291	-5.30098	6	29945437	AT	A	1.1518270791554303e-07	6.938612715535635
6:51176806:G:T	1.65126e-07	0.000483304	-7.98169	-5.29916	6	51176806	G	T	1.1633665514991842e-07	6.9342834269637805
6:93270632:T:C	2.898e-06	0.0286697	-9.19957	-5.29562	6	93270632	T	C	1.18613270073213e-07	6.925866720776317
6:36604563:G:A	1.73213e-06	0.00229666	-7.18986	-5.29179	6	36604563	G	A	1.211249308833925e-07	6.916766457759298
6:73784371:A:G	0.00200503	5.60179e-06	5.88033	5.28951	6	73784371	A	G	1.2264447715271793e-07	6.9113520038872975
6:29945498:GC:G	3.35648e-07	0.000226875	-6.51609	-5.28931	6	29945498	GC	G	1.227786471379824e-07	6.910877156293284
6:153643062:T:C	1.00464e-05	0.0160729	-7.37768	-5.28914	6	153643062	T	C	1.228928032738892e-07	6.910473549090373
6:73325552:G:A	3.59004e-06	0.0180082	-8.52042	-5.28906	6	73325552	G	A	1.2294655933589664e-07	6.910283620502673
6:22188737:C:T	0.0124332	4.0831e-05	5.71868	5.28578	6	22188737	C	T	1.2517025290522344e-07	6.9024988702798415
6:65109694:C:T	0.00068859	1.29303e-06	6.27766	5.28333	6	65109694	C	T	1.268565805786344e-07	6.896686999196199
6:127666638:G:C	0.000760512	1.09376e-06	6.54437	5.28136	6	127666638	G	C	1.2822844780235499e-07	6.8920156148092415
6:73784200:C:G	0.00199416	5.63328e-06	5.86929	5.28088	6	73784200	C	G	1.2856487821835032e-07	6.890877657222331
6:73056090:C:G	3.2295e-06	0.00430626	-7.1955	-5.2737	6	73056090	C	G	1.3370039968316842e-07	6.87386729445877
6:65077101:T:C	2.19231e-05	0.0391969	-7.48882	-5.27123	6	65077101	T	C	1.3551252539068617e-07	6.868020561198022
6:73784029:C:T	0.00195873	5.6027e-06	5.8568	5.27113	6	73784029	C	T	1.3558638898752237e-07	6.8677839054859415
6:114709985:T:G	4.24062e-06	0.00678624	-7.37794	-5.26997	6	114709985	T	G	1.3644605790853775e-07	6.865039007105116
6:119516887:C:T	3.9102e-06	0.0123286	-8.05609	-5.26831	6	119516887	C	T	1.3768545086786678e-07	6.861111948934302
6:65089536:C:A	0.00322555	1.16292e-05	5.62534	5.26549	6	65089536	C	A	1.3981593052524545e-07	6.854443342574269
6:51890424:C:T	8.94623e-06	0.0147347	-7.40673	-5.26543	6	51890424	C	T	1.398616045278732e-07	6.854301493730527
6:55653528:T:TA	0.0135434	9.14247e-07	9.60331	5.26483	6	55653528	T	TA	1.4031913903299847e-07	6.852883088704125
6:41908597:C:T	1.0374e-06	0.00502995	-8.48645	-5.26383	6	41908597	C	T	1.4108491558751548e-07	6.85051941733923
6:22188272:A:G	0.012337	4.1754e-05	5.68856	5.26251	6	22188272	A	G	1.4210193240770555e-07	6.847400016173185
6:19799264:C:CAGAAAA	0.00341636	3.65972e-06	6.83894	5.2624	6	19799264	C	CAGAAAA	1.4218700315837177e-07	6.8471400992079685
6:93270062:A:G	3.04015e-06	0.0286769	-9.15194	-5.26217	6	93270062	A	G	1.423650375712645e-07	6.846596652933614
6:51881482:A:C	6.32229e-06	0.012256	-7.56969	-5.26023	6	51881482	A	C	1.4387532297534935e-07	6.8420136884446565
6:73777398:GTTTC:G	0.0154885	1.56302e-06	9.20124	5.25811	6	73777398	GTTTC	G	1.4554345715120992e-07	6.837007313323722
6:77732059:T:C	4.00094e-07	0.00192198	-8.47717	-5.25693	6	77732059	T	C	1.464800345761272e-07	6.834221566192573
6:19798127:T:C	2.86465e-06	0.00450143	-7.35971	-5.25549	6	19798127	T	C	1.4763087541275649e-07	6.830822804985115
6:68519134:AAAG:A	0.0185914	1.89605e-06	9.19068	5.25088	6	68519134	AAAG	A	1.513742754185341e-07	6.819947922676211
6:26561801:G:C	1.1414e-06	0.00132493	-7.05686	-5.24595	6	26561801	G	C	1.554790674122992e-07	6.808328072999011
6:32099042:T:A	2.63456e-06	0.0296918	-9.32991	-5.24391	6	32099042	T	A	1.572089062684394e-07	6.803522853756717
6:65965822:C:T	2.01534e-06	0.00978653	-8.48797	-5.24387	6	65965822	C	T	1.5724301002342595e-07	6.803428651292725
6:23786664:C:T	2.57495e-07	0.000700135	-7.90803	-5.24225	6	23786664	C	T	1.5863024032348411e-07	6.799614017814616
6:23786489:G:A	2.57634e-07	0.00070031	-7.90774	-5.24203	6	23786489	G	A	1.5881953991782622e-07	6.799096066414988
6:57257285:T:G	4.3912e-06	0.0153088	-8.15658	-5.23703	6	57257285	T	G	1.6318117655309072e-07	6.787329939887341
6:50946658:C:T	3.03586e-06	0.00569582	-7.53699	-5.23569	6	50946658	C	T	1.6436963586344517e-07	6.784178406959588
6:18443027:T:C	0.00845513	1.46654e-06	8.65962	5.23382	6	18443027	T	C	1.6604215595886642e-07	6.779781636200769
6:66885505:CG:C	0.0179273	3.90561e-06	8.43167	5.23357	6	66885505	CG	C	1.662669980897438e-07	6.779193944225085
6:18443615:G:A	0.00845513	1.4674e-06	8.65903	5.23341	6	18443615	G	A	1.6641105151776008e-07	6.778817835173883
6:26316754:A:G	0.00421404	1.40131e-05	5.70618	5.2333	6	26316754	A	G	1.6651015824341685e-07	6.778559266455029
6:18444703:CT:C	0.00845513	1.46856e-06	8.65825	5.23287	6	18444703	CT	C	1.6689812331297927e-07	6.777548546720392
6:32431140:GTATACACAT:G	0.00129662	3.15225e-07	8.32199	5.22961	6	32431140	GTATACACAT	G	1.698680049736007e-07	6.769888413785067
6:68344530:T:C	3.71858e-06	0.00855729	-7.7412	-5.22615	6	68344530	T	C	1.7307596837485713e-07	6.76176322979493
6:26562258:G:A	1.17271e-06	0.0013251	-7.02992	-5.22504	6	26562258	G	A	1.7411746528935494e-07	6.7591576636996775
6:31535084:A:G	3.1744e-06	0.0220035	-8.84384	-5.22271	6	31535084	A	G	1.763234156348316e-07	6.753690009846277
6:30808844:C:T	0.0117725	2.07677e-06	8.64271	5.2221	6	30808844	C	T	1.769053871932399e-07	6.7522589415805365
6:35374313:C:G	0.00413134	1.68929e-05	5.49946	5.22199	6	35374313	C	G	1.7701053032624346e-07	6.752000896765051
6:18445308:T:G	0.00845513	1.49184e-06	8.64252	5.22196	6	18445308	T	G	1.7703921620974316e-07	6.751930521790564
6:77634127:A:C	0.00940998	1.00385e-06	9.14569	5.22002	6	77634127	A	C	1.7890380959651858e-07	6.747380411421835
6:68344390:G:A	0.00855729	3.71858e-06	7.7412	5.21921	6	68344390	G	A	1.7968793095027665e-07	6.745481092049182
6:36603927:A:AAT	0.00174678	7.0002e-06	5.51959	5.21583	6	36603927	A	AAT	1.8299595127723395e-07	6.737558518779992
6:97695206:AAAAT:A	0.0140085	2.45609e-05	6.34627	5.21509	6	97695206	AAAAT	A	1.8372800835318946e-07	6.735824632774042
6:36611475:C:T	0.000863938	3.46759e-06	5.51804	5.21463	6	36611475	C	T	1.8418449685680112e-07	6.734746927955114
6:32435463:G:GT	4.30964e-07	0.00126697	-7.98611	-5.21427	6	32435463	G	GT	1.8454251332179498e-07	6.7339035689402
6:18445743:A:G	0.00845513	1.51834e-06	8.62491	5.20975	6	18445743	A	G	1.890952537903088e-07	6.723319371623215
6:95594804:T:G	1.12326e-06	0.00981579	-9.07551	-5.2085	6	95594804	T	G	1.903733515218893e-07	6.720393844275976
6:18443459:A:C	0.00818382	1.47296e-06	8.62264	5.20818	6	18443459	A	C	1.9070188460247472e-07	6.7196450150378375
6:55654042:T:C	1.86726e-06	0.0126716	-8.82265	-5.20752	6	55654042	T	C	1.9138121574705638e-07	6.718100690894284
6:40480467:G:C	0.0290796	0.000118165	5.50571	5.20511	6	40480467	G	C	1.93881724796419e-07	6.712463125393289
6:38613486:A:G	9.82916e-07	0.00228753	-7.75246	-5.20309	6	38613486	A	G	1.960018873166121e-07	6.70773974676983
6:73782895:G:T	0.00186298	4.59652e-06	6.00463	5.20304	6	73782895	G	T	1.960546497535748e-07	6.707622853244553
6:68520438:G:A	1.2957e-06	0.0137442	-9.26932	-5.20142	6	68520438	G	A	1.977716001951576e-07	6.703836072516666
6:83900243:G:A	3.11189e-06	0.0330005	-9.26905	-5.20123	6	83900243	G	A	1.9797392056671763e-07	6.70339201630382
6:91120451:A:G	0.0508274	0.000171455	5.69187	5.20122	6	91120451	A	G	1.9798457454689606e-07	6.703368645345196
6:36602589:T:C	0.00193623	7.57142e-06	5.54412	5.20004	6	36602589	T	C	1.992456425159948e-07	6.700611167808647
6:85310961:C:A	5.47324e-06	0.0578421	-9.2656	-5.19881	6	85310961	C	A	2.005684083199209e-07	6.697737471977648
6:99627504:G:A	1.54922e-06	0.0102903	-8.80121	-5.19215	6	99627504	G	A	2.078794116082369e-07	6.682188521095173
6:36598736:G:C	4.75981e-06	0.00567434	-7.0835	-5.19145	6	36598736	G	C	2.0866262598718226e-07	6.680555331390035
6:32433162:G:C	4.424e-07	0.00112135	-7.83783	-5.18801	6	32433162	G	C	2.1255319229347708e-07	6.6725323680667445
6:17529655:T:A	4.29644e-06	0.00980049	-7.7324	-5.18792	6	17529655	T	A	2.1265591554192978e-07	6.672322531823767
6:32441140:T:C	2.10076e-06	0.00646838	-8.03238	-5.18279	6	32441140	T	C	2.185911113128498e-07	6.660367501975824
6:2140051:T:C	0.000676562	2.34003e-06	5.66686	5.18256	6	2140051	T	C	2.1886092684019367e-07	6.659831765944
6:52409481:G:A	3.67781e-06	0.0308325	-9.03401	-5.17935	6	52409481	G	A	2.2266036757741068e-07	6.652357078314778
6:77162276:CA:C	0.00737056	5.66142e-07	9.47416	5.17869	6	77162276	CA	C	2.2344942210548226e-07	6.65082076419326
6:29790340:A:G	1.69831e-06	0.00754018	-8.39837	-5.17726	6	29790340	A	G	2.25168319951987e-07	6.64749271256788
6:95594462:A:C	1.12721e-06	0.00500253	-8.39796	-5.17695	6	95594462	A	C	2.2554262964674314e-07	6.6467713603465794
6:32440430:GAA:G	2.02154e-06	0.00563666	-7.93319	-5.1734	6	32440430	GAA	G	2.298721735697774e-07	6.638513597658577
6:133499210:A:T	7.59352e-06	0.0243217	-8.07183	-5.17212	6	133499210	A	T	2.3145285815158556e-07	6.635537451857632
6:93258444:C:T	5.44846e-06	0.00875695	-7.38227	-5.17204	6	93258444	C	T	2.315519988545959e-07	6.635351465640616
6:26571480:CAA:C	0.00490807	1.51736e-06	8.08166	5.17189	6	26571480	CAA	C	2.317379982722731e-07	6.635002748743746
6:18431663:A:G	8.75462e-07	0.0035383	-8.3044	-5.17115	6	18431663	A	G	2.3265771013079208e-07	6.633282550645117
6:18431423:A:G	8.75462e-07	0.0035383	-8.3044	-5.17115	6	18431423	A	G	2.3265771013079208e-07	6.633282550645117
6:55653532:C:A	9.14247e-07	0.0135434	-9.60331	-5.17035	6	55653532	C	A	2.3365596022273594e-07	6.631423136279597
6:2006790:C:T	3.67696e-06	0.0111223	-8.01462	-5.1692	6	2006790	C	T	2.3509819781348068e-07	6.628750700022915
6:30186573:G:GAA	4.63599e-07	0.000839551	-7.5016	-5.16585	6	30186573	G	GAA	2.3934868775770214e-07	6.6209689492188035
6:29945590:G:A	0.000227881	3.25207e-07	6.55212	5.16493	6	29945590	G	A	2.405289204029357e-07	6.618832698016576
6:46686121:G:T	7.22365e-06	0.0153384	-7.66076	-5.16358	6	46686121	G	T	2.422709674656287e-07	6.615698626411081
6:82677738:T:C	1.6545e-06	0.00219282	-7.18945	-5.16304	6	82677738	T	C	2.429711937726884e-07	6.614445212521609
6:56083181:T:A	4.35671e-06	0.00921679	-7.65706	-5.16071	6	56083181	T	A	2.460150235450117e-07	6.6090383707686895
6:6366194:A:G	6.77988e-06	0.0142118	-7.64787	-5.15356	6	6366194	A	G	2.555872457076289e-07	6.5924608220981495
6:82676785:G:A	1.67228e-06	0.00218882	-7.17693	-5.15344	6	82676785	G	A	2.5575092841430147e-07	6.59218278105871
6:2006267:T:TA	3.92042e-06	0.0116034	-7.99286	-5.15256	6	2006267	T	TA	2.5695436605065717e-07	6.5901439985836
6:82675055:G:A	1.67574e-06	0.00218834	-7.17464	-5.15169	6	82675055	G	A	2.5814950438038706e-07	6.588128704415207
6:30811425:T:TA	1.95675e-06	0.0122818	-8.74459	-5.15155	6	30811425	T	TA	2.5834232635204843e-07	6.587804433953644
6:8312213:AAAAAC:A	0.00576546	1.02499e-05	6.33237	5.14987	6	8312213	AAAAAC	A	2.6066706877944895e-07	6.583913831703698
6:46684366:T:TTG	5.31672e-06	0.00691458	-7.17053	-5.14854	6	46684366	T	TTG	2.625218077362336e-07	6.58083461383471
6:36594664:C:G	8.87305e-06	0.00997154	-7.02447	-5.14689	6	36594664	C	G	2.648405212806291e-07	6.577015565976199
6:6369180:G:GAAGA	3.02022e-06	0.0241416	-8.98636	-5.14589	6	6369180	G	GAAGA	2.6625541617842214e-07	6.57470154902747
6:29945749:A:G	0.00022775	3.35648e-07	6.51994	5.14429	6	29945749	A	G	2.685344463691229e-07	6.57099999708361
6:29945741:C:A	0.00022775	3.35648e-07	6.51994	5.14429	6	29945741	C	A	2.685344463691229e-07	6.57099999708361
6:29945718:G:A	0.000227743	3.35648e-07	6.51991	5.14428	6	29945718	G	A	2.6854874938217186e-07	6.570976865771023
6:29945691:G:A	0.000227722	3.35648e-07	6.51982	5.14422	6	29945691	G	A	2.686345829136665e-07	6.570838078779072
6:29945600:C:T	0.00022772	3.35648e-07	6.51981	5.14421	6	29945600	C	T	2.6864889107812223e-07	6.57081494776101
6:29945619:A:C	0.00022772	3.35648e-07	6.51981	5.14421	6	29945619	A	C	2.6864889107812223e-07	6.57081494776101
6:29945606:C:T	0.00022772	3.35648e-07	6.51981	5.14421	6	29945606	C	T	2.6864889107812223e-07	6.57081494776101
6:29945505:C:T	0.000226875	3.35648e-07	6.51609	5.14183	6	29945505	C	T	2.7207525062030003e-07	6.565310962108114
6:29945497:T:C	0.000226875	3.35648e-07	6.51609	5.14183	6	29945497	T	C	2.7207525062030003e-07	6.565310962108114
6:29945576:T:C	0.000226875	3.35648e-07	6.51609	5.14183	6	29945576	T	C	2.7207525062030003e-07	6.565310962108114
6:29945529:C:A	0.000226875	3.35648e-07	6.51609	5.14183	6	29945529	C	A	2.7207525062030003e-07	6.565310962108114
6:29945533:G:C	0.000226875	3.35648e-07	6.51609	5.14183	6	29945533	G	C	2.7207525062030003e-07	6.565310962108114
6:29945578:A:G	0.000226875	3.35648e-07	6.51609	5.14183	6	29945578	A	G	2.7207525062030003e-07	6.565310962108114
6:2006459:T:C	3.92042e-06	0.0113896	-7.97425	-5.13833	6	2006459	T	C	2.771907956330277e-07	6.557221194955446
6:119519290:A:T	6.9391e-06	0.0283827	-8.31636	-5.1375	6	119519290	A	T	2.7841746796572487e-07	6.5553035204869845
6:22186088:C:T	8.94452e-06	0.0126544	-7.25472	-5.13733	6	22186088	C	T	2.78669360169156e-07	6.554910779549971
6:29893201:T:A	0.00011291	4.55201e-07	5.5136	5.13433	6	29893201	T	A	2.8315089738360255e-07	6.547982057635795
6:30598843:G:C	1.00249e-06	0.00153773	-7.33558	-5.13387	6	30598843	G	C	2.838441916343924e-07	6.546919988410355
6:93728215:G:A	1.63098e-06	0.00346254	-7.66057	-5.13359	6	93728215	G	A	2.8426699915221003e-07	6.54627355507556
6:94534723:T:C	0.0020168	3.6837e-06	6.30535	5.12889	6	94534723	T	C	2.914555748620929e-07	6.53542763322946
6:30806492:A:AAAAAAAAAG	2.24788e-06	0.029864	-9.49442	-5.12675	6	30806492	A	AAAAAAAAAG	2.947865359747448e-07	6.530492356245164
6:29945427:G:C	0.000225187	3.41515e-07	6.4913	5.12592	6	29945427	G	C	2.960883192655737e-07	6.528578725263749
6:6366132:C:CT	6.77403e-06	0.0177408	-7.87053	-5.125	6	6366132	C	CT	2.9753774637553145e-07	6.526457930766591
6:132230465:T:C	1.22908e-05	0.0156935	-7.15215	-5.12175	6	132230465	T	C	3.027130583305402e-07	6.518968844195147
6:29945886:G:A	0.000229078	3.52695e-07	6.47622	5.11625	6	29945886	G	A	3.1166990799356067e-07	6.506305127216992
6:73777580:A:G	1.51435e-06	0.0207014	-9.52297	-5.1153	6	73777580	A	G	3.132426961374435e-07	6.504119046636081
6:73777966:A:T	1.51447e-06	0.0207014	-9.52289	-5.11524	6	73777966	A	T	3.133422869766842e-07	6.503980991133762
6:73785534:A:G	0.00200503	7.01092e-06	5.65595	5.1142	6	73785534	A	G	3.150733933273487e-07	6.50158826968856
6:50419273:C:T	3.56475e-06	0.0272148	-8.94042	-5.11363	6	50419273	C	T	3.160260862148228e-07	6.500277067281719
6:15101946:TTTCTTTCTT:T	0.0087818	1.82264e-06	8.48015	5.10937	6	15101946	TTTCTTTCTT	T	3.2323480503467835e-07	6.490481881744391
6:119519905:T:C	6.94593e-06	0.0272252	-8.27374	-5.10585	6	119519905	T	C	3.293108451730918e-07	6.48239396646006
6:12794799:G:A	7.65501e-07	0.00107352	-7.24592	-5.10511	6	12794799	G	A	3.306021480222024e-07	6.48069432901273
6:77633643:C:T	1.01809e-06	0.00940998	-9.1316	-5.10482	6	77633643	C	T	3.31109531148053e-07	6.4800283176912155
6:30860657:A:G	3.07804e-06	0.00784757	-7.84367	-5.10426	6	30860657	A	G	3.32091433642549e-07	6.478742326960344
6:30860656:A:G	3.07804e-06	0.00784757	-7.84367	-5.10426	6	30860656	A	G	3.32091433642549e-07	6.478742326960344
6:77632973:G:GA	1.02396e-06	0.00940998	-9.12585	-5.10078	6	77632973	G	GA	3.382565620008451e-07	6.470753769562226
6:124215199:T:C	4.54197e-06	0.00353902	-6.65824	-5.10043	6	124215199	T	C	3.38882697502803e-07	6.46995060457922
6:13513597:G:A	3.85424e-06	0.0353765	-9.12463	-5.09993	6	13513597	G	A	3.39779117946474e-07	6.468803315400141
6:51885114:T:C	0.0110979	1.59675e-05	6.54396	5.09526	6	51885114	T	C	3.482629614398546e-07	6.4580927112943645
6:29790927:A:G	2.01064e-07	0.00266134	-9.49072	-5.09319	6	29790927	A	G	3.520885337971999e-07	6.453348118041684
6:51885765:A:T	0.011057	1.59778e-05	6.53962	5.09199	6	51885765	A	T	3.543247959809723e-07	6.450598454268864
6:31531577:C:T	3.89077e-06	0.0224559	-8.6607	-5.09139	6	31531577	C	T	3.554480618845255e-07	6.449223849462613
6:97271063:C:T	1.3693e-06	0.00394444	-7.96576	-5.09088	6	97271063	C	T	3.564055395615694e-07	6.4480555544041716
6:115952324:C:T	2.22719e-06	0.00851254	-8.24855	-5.08714	6	115952324	C	T	3.6350350324404967e-07	6.439491399296751
6:147834277:C:CTT	0.0259252	0.000147891	5.1665	5.08591	6	147834277	C	CTT	3.6586753056084605e-07	6.436676130890426
6:119519388:A:C	7.01806e-06	0.0267677	-8.24647	-5.08559	6	119519388	A	C	3.664849902440141e-07	6.435943807619543
6:30598464:CT:C	1.02856e-06	0.00148674	-7.27619	-5.08532	6	30598464	CT	C	3.6700675402641296e-07	6.435325943351694
6:30599162:C:T	1.01326e-06	0.00145502	-7.26961	-5.07994	6	30599162	C	T	3.7755409375804405e-07	6.42302081638552
6:66881401:A:G	6.57579e-06	0.0186329	-7.94929	-5.07827	6	66881401	A	G	3.808871574638098e-07	6.419203670386122
6:22186875:T:C	1.47131e-05	0.0143594	-6.88342	-5.07607	6	22186875	T	C	3.85321387358749e-07	6.414176884695526
6:68519832:A:C	1.57631e-06	0.0139812	-9.09039	-5.07591	6	68519832	A	C	3.856458128201768e-07	6.413811379662444
6:18427257:AT:A	0.0123573	3.12915e-06	8.28124	5.07479	6	18427257	AT	A	3.8792418304446465e-07	6.411253145804952
6:30599030:C:G	1.02019e-06	0.00145502	-7.26279	-5.07437	6	30599030	C	G	3.8878191617147047e-07	6.410293944079079
6:83644382:G:A	1.52199e-07	0.000190136	-7.1303	-5.0733	6	83644382	G	A	3.909753718389559e-07	6.407850598643286
6:36607055:A:T	1.66331e-06	0.00161497	-6.87826	-5.07244	6	36607055	A	T	3.927469877237026e-07	6.405887137210945
6:52207064:C:T	5.19221e-06	0.029118	-8.63195	-5.07078	6	52207064	C	T	3.9618855045314345e-07	6.4020980793953255
6:119522839:C:T	6.97543e-06	0.0260132	-8.22396	-5.06887	6	119522839	C	T	4.001844288817027e-07	6.3977398137065915
6:36606045:G:C	0.00138	6.70441e-06	5.32708	5.06715	6	36606045	G	C	4.038160671458272e-07	6.393816405219145
6:70713727:A:G	8.26107e-07	0.0104554	-9.4459	-5.06248	6	70713727	A	G	4.1383749099679674e-07	6.383170167620309
6:87750194:CA:C	0.00257586	1.2067e-05	5.36346	5.06188	6	87750194	CA	C	4.151423053528236e-07	6.3818030072981875
6:31010930:A:AGTACT	2.63235e-06	0.0100058	-8.24304	-5.06179	6	31010930	A	AGTACT	4.153383695417913e-07	6.381597946302733
6:32995041:G:A	2.21435e-05	0.0350841	-7.36796	-5.06144	6	32995041	G	A	4.161016910233042e-07	6.380800519245271
6:133496646:C:CTGTT	0.0201695	8.27879e-06	7.79823	5.06019	6	133496646	C	CTGTT	4.1883890368769583e-07	6.3779529858465995
6:84200164:T:G	2.30392e-06	0.00195115	-6.74156	-5.05945	6	84200164	T	G	4.204675113545352e-07	6.3762675555962645
6:31609660:C:CGT	2.59661e-06	0.0326853	-9.44047	-5.05876	6	31609660	C	CGT	4.219915812377038e-07	6.374696213157948
6:73326745:T:G	5.30019e-06	0.0291169	-8.61133	-5.05599	6	73326745	T	G	4.281637695055396e-07	6.368390084751819
6:77162318:C:T	4.61057e-07	0.00575075	-9.43132	-5.05249	6	77162318	C	T	4.360871957058241e-07	6.360426664796288
6:18441377:A:G	0.00481778	1.4686e-06	8.09576	5.05239	6	18441377	A	G	4.363156450334319e-07	6.360199214173687
6:5207369:C:T	2.5904e-06	0.00615318	-7.77291	-5.04962	6	5207369	C	T	4.4268978138298944e-07	6.353900502733598
6:31011288:G:A	2.45785e-06	0.00892995	-8.19788	-5.0495	6	31011288	G	A	4.42967937594002e-07	6.3536277072530565
6:30182689:G:A	8.20187e-07	0.00700158	-9.05211	-5.04907	6	30182689	G	A	4.4396604919739884e-07	6.352650239817779
6:66879838:A:C	6.68066e-06	0.0249054	-8.22362	-5.04736	6	66879838	A	C	4.4795679533708535e-07	6.348763870938291
6:69703456:CAA:C	0.00544552	7.52932e-07	8.88633	5.04218	6	69703456	CAA	C	4.602580273391393e-07	6.336998628247759
6:31196458:T:C	2.83588e-06	0.0239721	-9.0423	-5.04218	6	31196458	T	C	4.602580273391393e-07	6.336998628247759
6:32435878:T:G	4.78748e-07	0.00112337	-7.76067	-5.04017	6	32435878	T	G	4.6511849833902047e-07	6.332436387715309
6:32436157:C:T	4.78748e-07	0.00112337	-7.76067	-5.04017	6	32436157	C	T	4.6511849833902047e-07	6.332436387715309
6:32441269:G:A	6.74294e-07	0.00566981	-9.037	-5.03847	6	32441269	G	A	4.692679548427664e-07	6.328579101679531
6:19500834:A:G	1.0294e-05	0.0135165	-7.1801	-5.03841	6	19500834	A	G	4.694150566560487e-07	6.328442984362978
6:48062004:ATGTC:A	0.00210591	6.12444e-07	8.1428	5.03551	6	48062004	ATGTC	A	4.765782470070944e-07	6.3218657845249915
6:51891648:C:A	9.79035e-06	0.0120861	-7.11842	-5.03505	6	51891648	C	A	4.777241217252584e-07	6.320822829330654
6:119516897:T:C	5.16993e-06	0.010703	-7.63542	-5.03163	6	119516897	T	C	4.863271635216916e-07	6.313071472487925
6:47053849:T:C	3.46804e-06	0.00621343	-7.49088	-5.03145	6	47053849	T	C	4.867840699890033e-07	6.312663642498407
6:24767718:AT:A	0.0274433	2.62951e-06	9.25308	5.03123	6	24767718	AT	A	4.873430734714464e-07	6.3121652021129435
6:67618154:A:ATG	8.67154e-07	0.00112747	-7.17027	-5.03099	6	67618154	A	ATG	4.879536015412999e-07	6.311621472162433
6:105320375:G:A	4.59308e-05	0.0439216	-6.86302	-5.03097	6	105320375	G	A	4.880045121639929e-07	6.311576162425847
6:95160740:T:A	1.03557e-06	0.0118353	-9.34389	-5.0302	6	95160740	T	A	4.899684711376786e-07	6.30983186538266
6:89336685:T:C	4.65775e-06	0.00961183	-7.63222	-5.02916	6	89336685	T	C	4.92633195336896e-07	6.307476327239284
6:30517189:A:G	5.03116e-06	0.04174	-9.02356	-5.02904	6	30517189	A	G	4.929415613888543e-07	6.307204563624747
6:9804826:G:A	8.17004e-06	0.0551122	-8.81665	-5.0267	6	9804826	G	A	4.989920395607355e-07	6.301906382637977
6:105321326:C:T	4.61667e-05	0.0437818	-6.85471	-5.0249	6	105321326	C	T	5.03694925383516e-07	6.297832424542405
6:64659360:GC:G	0.00948205	4.76533e-06	7.59579	5.0221	6	64659360	GC	G	5.110955944790055e-07	6.291497862542521
6:32436266:A:G	4.90168e-07	0.00112254	-7.73636	-5.02139	6	32436266	A	G	5.129887934632802e-07	6.289892122198552
6:32437101:T:G	4.91684e-07	0.00112254	-7.73327	-5.019	6	32437101	T	G	5.194114987457306e-07	6.28448844017737
6:32436358:A:G	4.91684e-07	0.00112254	-7.73327	-5.019	6	32436358	A	G	5.194114987457306e-07	6.28448844017737
6:32436436:C:T	4.91684e-07	0.00112254	-7.73327	-5.019	6	32436436	C	T	5.194114987457306e-07	6.28448844017737
6:19184603:G:A	4.05291e-06	0.00351179	-6.76444	-5.01891	6	19184603	G	A	5.196548666329839e-07	6.284285001136398
6:83898366:G:A	2.49961e-06	0.012994	-8.55611	-5.01639	6	83898366	G	A	5.265139838148541e-07	6.278590089790977
6:18426365:G:A	0.0137529	3.29217e-06	8.33746	5.01043	6	18426365	G	A	5.43085502706098e-07	6.2651317902450785
6:30182705:T:TA	8.2355e-07	0.00664508	-8.99576	-5.00954	6	30182705	T	TA	5.456028642190584e-07	6.263123358455561
6:31530467:G:GC	4.37607e-06	0.0288014	-8.79203	-5.00941	6	31530467	G	GC	5.459715090950421e-07	6.262830019869711
6:26566181:G:C	0.00134066	3.07385e-06	6.07798	5.00939	6	26566181	G	C	5.460282450025283e-07	6.262784891486712
6:48061995:A:C	6.12444e-07	0.00210591	-8.1428	-5.00859	6	48061995	A	C	5.48302348451475e-07	6.2609798939718315
6:48061994:T:A	6.12444e-07	0.00210591	-8.1428	-5.00859	6	48061994	T	A	5.48302348451475e-07	6.2609798939718315
6:24075484:T:G	4.37391e-06	0.00647155	-7.29951	-5.00796	6	24075484	T	G	5.500996293416123e-07	6.25955864767875
6:38211530:C:G	3.02764e-06	0.0103965	-8.14144	-5.00758	6	38211530	C	G	5.511864484030621e-07	6.258701468633305
6:24077758:A:C	5.84952e-06	0.0116028	-7.59265	-4.99859	6	24077758	A	C	5.775105049200329e-07	6.2384401115443735
6:29946061:G:C	0.000231995	4.29612e-07	6.29159	4.99784	6	29946061	G	C	5.797605744137525e-07	6.236751321400349
6:29946045:C:T	0.000231995	4.29612e-07	6.29159	4.99784	6	29946045	C	T	5.797605744137525e-07	6.236751321400349
6:18428467:C:G	1.82109e-06	0.0117632	-8.77329	-4.99625	6	18428467	C	G	5.845587049984173e-07	6.233171867775649
6:85312238:A:T	0.0123397	6.25683e-06	7.58691	4.99547	6	85312238	A	T	5.869264780756808e-07	6.231416297672026
6:85312752:C:A	6.98217e-06	0.0123456	-7.4777	-4.99526	6	85312752	C	A	5.875655334052928e-07	6.230943687849298
6:6294991:G:A	0.0196083	8.00029e-05	5.50164	4.99364	6	6294991	G	A	5.925179842373936e-07	6.22729846331528
6:50008788:T:C	9.38712e-06	0.00415228	-6.09207	-4.98948	6	50008788	T	C	6.054204173570781e-07	6.217942936871363
6:6295945:A:G	0.0230378	0.000101303	5.42677	4.98939	6	6295945	A	G	6.05702527641529e-07	6.217740613989863
6:84666444:AAC:A	0.00122443	5.55037e-07	7.69895	4.98938	6	84666444	AAC	A	6.057338810492172e-07	6.217718133879718
6:73788962:T:C	0.00263351	8.62762e-06	5.7211	4.98858	6	73788962	T	C	6.082472286520865e-07	6.215919861162205
6:93271470:C:G	5.84493e-06	0.0373311	-8.76201	-4.98833	6	93271470	C	G	6.090347090996231e-07	6.2153579560684475
6:17693657:C:CGGGCAGATC	1.94062e-06	0.0219848	-9.3351	-4.98655	6	17693657	C	CGGGCAGATC	6.146700455032107e-07	6.211357950682041
6:27216562:T:A	7.95594e-07	0.000721442	-6.80992	-4.98493	6	27216562	T	A	6.198424946006472e-07	6.207718653108125
6:85311595:G:A	0.0578421	8.6997e-06	8.80218	4.98448	6	85311595	G	A	6.212867151182065e-07	6.206707932742172
6:81005269:C:T	6.14797e-07	0.00389637	-8.75426	-4.98289	6	81005269	C	T	6.26415648105552e-07	6.203137401970211
6:48583607:T:C	5.4374e-06	0.0057495	-6.96357	-4.98179	6	48583607	T	C	6.299878230857642e-07	6.200667844860336
6:30469199:T:G	2.11994e-06	0.00702744	-8.10619	-4.9814	6	30469199	T	G	6.312590295792552e-07	6.199792396646117
6:29945944:C:G	0.000229934	4.38204e-07	6.26286	4.97942	6	29945944	C	G	6.377510776512788e-07	6.1953487988606915
6:32441279:A:G	0.00425977	2.58419e-06	7.40756	4.97938	6	32441279	A	G	6.378828909451583e-07	6.195259046176479
6:93264059:G:A	0.0160647	4.6405e-06	8.14955	4.9791	6	93264059	G	A	6.388063194669681e-07	6.194630796202844
6:24767181:AT:A	0.0341093	3.53455e-06	9.17474	4.97898	6	24767181	AT	A	6.392024688228955e-07	6.19436155629405
6:69703455:C:CAAA	7.52918e-07	0.00473117	-8.74573	-4.97689	6	69703455	C	CAAA	6.461401609119959e-07	6.18967326450013
6:99631026:G:A	1.54867e-06	0.00195131	-7.13886	-4.97306	6	99631026	G	A	6.590425229648118e-07	6.181086562806329
6:8019610:G:C	3.84014e-06	0.00483743	-7.13863	-4.97287	6	8019610	G	C	6.596890098211801e-07	6.180660751047293
6:84693798:C:A	1.61644e-07	0.00123679	-8.94264	-4.97228	6	84693798	C	A	6.617004193653588e-07	6.179338590113842
6:73786329:C:T	0.00207212	6.94829e-06	5.69783	4.97097	6	73786329	C	T	6.661875815333741e-07	6.1764034672944925
6:73786065:A:AACTCCTGGC	0.00207151	6.94829e-06	5.69754	4.97075	6	73786065	A	AACTCCTGGC	6.669440207861855e-07	6.1759106165840665
6:51175074:A:G	1.01056e-07	0.000193288	-7.55626	-4.97048	6	51175074	A	G	6.678735093441602e-07	6.175305782128638
6:11941274:GATACCACTC:G	0.0178542	4.17204e-05	6.05901	4.96976	6	11941274	GATACCACTC	G	6.703582523676052e-07	6.1736930399191445
6:29945938:C:T	0.000229178	4.44909e-07	6.24438	4.96756	6	29945938	C	T	6.780058399153932e-07	6.1687665653776165
6:29945926:T:C	0.0002287	4.44909e-07	6.2423	4.96622	6	29945926	T	C	6.827050407268487e-07	6.165766890539603
6:95089887:CGTT:C	0.00847462	2.49281e-06	8.13142	4.96592	6	95089887	CGTT	C	6.837613920974769e-07	6.165095424850314
6:93725771:CTATATA:C	0.00119712	3.52159e-07	8.13135	4.96587	6	93725771	CTATATA	C	6.839376037137019e-07	6.164983517576518
6:73789416:GT:G	4.55701e-06	0.00466754	-6.93172	-4.96544	6	73789416	GT	G	6.854548310189093e-07	6.164021158358873
6:73331695:A:T	2.59305e-06	0.0196279	-8.93187	-4.96473	6	73331695	A	T	6.879671214629549e-07	6.162432316573222
6:141174328:G:A	2.35219e-06	0.0177864	-8.93084	-4.964	6	141174328	G	A	6.905594306561736e-07	6.160798939394752
6:116911691:G:C	8.37608e-07	0.0027051	-8.0801	-4.96202	6	116911691	G	C	6.97638098838521e-07	6.156369810094516
6:40481169:C:G	0.0289979	0.000162491	5.18435	4.95693	6	40481169	C	G	7.161576384572618e-07	6.144991371579294
6:24080851:G:C	6.56752e-06	0.0138089	-7.65093	-4.95541	6	24080851	G	C	7.217792663023641e-07	6.141595597560251
6:35365964:G:C	3.64079e-06	0.00304639	-6.72951	-4.95401	6	35365964	G	C	7.269946766587875e-07	6.138468769204481
6:24769647:T:TA	1.71887e-06	0.00546858	-8.06511	-4.95089	6	24769647	T	TA	7.38748531381796e-07	6.131503369479103
6:73788228:G:A	0.00238675	8.23434e-06	5.66937	4.94945	6	73788228	G	A	7.44234934303259e-07	6.12828994810238
6:68245676:TACACACAC:T	0.00427565	7.3086e-06	6.37164	4.94941	6	68245676	TACACACAC	T	7.443878933165515e-07	6.1282006988252204
6:73787514:G:GT	0.00234029	8.08656e-06	5.66783	4.94828	6	73787514	G	GT	7.48721519602051e-07	6.125679684288665
6:32757746:T:TC	0.000443422	7.59556e-07	6.36954	4.94779	6	32757746	T	TC	7.506082480924181e-07	6.124586667632313
6:11115687:CT:C	0.0225826	8.3444e-06	7.90335	4.94637	6	11115687	CT	C	7.56101815172566e-07	6.121419719326377
6:30783226:G:GC	0.00187051	1.02021e-05	5.21137	4.94557	6	30783226	G	GC	7.592138184492197e-07	6.119635895915814
6:30782905:A:G	0.00187009	1.02021e-05	5.21114	4.9454	6	30782905	A	G	7.598767069007777e-07	6.119256868056581
6:50008915:A:G	7.34691e-06	0.00448193	-6.41353	-4.94467	6	50008915	A	G	7.627295709112046e-07	6.117629415752878
6:30783550:G:A	0.0018683	1.02021e-05	5.21019	4.94466	6	30783550	G	A	7.627687227863344e-07	6.117607123439083
6:17784733:G:A	1.2225e-06	0.00898117	-8.90199	-4.94377	6	17784733	G	A	7.662610040495042e-07	6.115623275653087
6:31530058:G:C	0.0224559	6.14623e-06	8.20347	4.94242	6	31530058	G	C	7.715877018033275e-07	6.1126147031141
6:31533232:G:C	1.72533e-06	0.00808695	-8.45259	-4.94216	6	31533232	G	C	7.726176725507586e-07	6.112035362197545
6:74219671:C:T	0.000659678	1.16667e-06	6.3376	4.93949	6	74219671	C	T	7.832716020543316e-07	6.106087618758899
6:24075479:GT:G	0.00529613	5.94236e-06	6.79263	4.93862	6	24075479	GT	G	7.867735722713698e-07	6.104150236461743
6:95225420:CTT:C	0.00368486	2.26497e-06	7.39443	4.93555	6	95225420	CTT	C	7.992520053151586e-07	6.097316265414466
6:85312407:G:A	0.0123397	6.8371e-06	7.49822	4.93531	6	85312407	G	A	8.002355111221946e-07	6.096782180347397
6:65965897:T:C	0.00740344	2.49234e-06	7.99648	4.93519	6	65965897	T	C	8.007277010533178e-07	6.096515146881239
6:66013076:T:C	2.93038e-06	0.0212491	-8.88894	-4.93461	6	66013076	T	C	8.031107323997363e-07	6.095224570344383
6:85311461:A:G	5.38642e-06	0.0156526	-7.97451	-4.93447	6	85311461	A	G	8.036869694612739e-07	6.094913073027039
6:41912199:C:CT	0.000276028	1.35116e-06	5.31954	4.9335	6	41912199	C	CT	8.076904211968952e-07	6.092755067602761
6:85311300:C:G	5.38334e-06	0.0156088	-7.97228	-4.93287	6	85311300	C	G	8.103008826548874e-07	6.091353688018793
6:69703226:T:C	7.52932e-07	0.00544552	-8.88633	-4.93278	6	69703226	T	C	8.106744684347686e-07	6.091153504536073
6:46561867:G:C	3.11925e-06	0.0184051	-8.68279	-4.93269	6	46561867	G	C	8.110482201049514e-07	6.090953324453518
6:18428101:G:A	1.35895e-06	0.0133039	-9.1891	-4.93092	6	18428101	G	A	8.184324860827272e-07	6.087017140480576
6:31530720:C:A	4.8731e-06	0.0224559	-8.43558	-4.92996	6	31530720	C	A	8.224645517173856e-07	6.084882811098706
6:84200202:G:A	2.70821e-06	0.00190746	-6.55724	-4.92913	6	84200202	G	A	8.259660233354672e-07	6.083037817306025
6:54926783:A:G	1.56663e-07	0.000253755	-7.39003	-4.92894	6	54926783	A	G	8.267695820828903e-07	6.082615510003822
6:54926922:A:T	1.56663e-07	0.000253755	-7.39003	-4.92894	6	54926922	A	T	8.267695820828903e-07	6.082615510003822
6:18425912:T:C	3.3798e-06	0.0243033	-8.88055	-4.92873	6	18425912	T	C	8.276586019208922e-07	6.082148766931089
6:29790949:C:G	2.34024e-06	0.00743718	-8.06399	-4.92869	6	29790949	C	G	8.278280433860615e-07	6.082059865587434
6:2129067:T:C	0.00147937	8.2939e-06	5.18385	4.92452	6	2129067	T	C	8.456767971577185e-07	6.072795584987079
6:57578115:C:T	8.12782e-07	0.000963239	-7.07759	-4.92298	6	57578115	C	T	8.523616679831523e-07	6.069376089410347
6:85312782:G:A	0.0123456	6.98217e-06	7.4777	4.92139	6	85312782	G	A	8.593169618786714e-07	6.065846615674523
6:85312732:G:A	0.0123397	6.98217e-06	7.47722	4.92107	6	85312732	G	A	8.607233610584547e-07	6.0651364096042295
6:52411061:G:GCCGGGC	0.00584259	3.68794e-06	7.36786	4.91677	6	52411061	G	GCCGGGC	8.798382033221428e-07	6.055597184514437
6:22868538:G:A	3.52762e-06	0.0110252	-8.04731	-4.91629	6	22868538	G	A	8.819971417498743e-07	6.05453282226531
6:5201244:T:C	2.0498e-06	0.0209568	-9.23247	-4.91623	6	5201244	T	C	8.822673674610834e-07	6.05439978378321
6:22213525:C:G	4.4635e-05	0.0523749	-7.06766	-4.91486	6	22213525	C	G	8.884592578436495e-07	6.051362482883302
6:85312995:G:A	0.0123137	7.03236e-06	7.46794	4.91477	6	85312995	G	A	8.888674857618021e-07	6.051162979740767
6:93726936:A:G	4.20354e-07	0.00296286	-8.86057	-4.91472	6	93726936	A	G	8.890943570865973e-07	6.051052146130483
6:15101501:G:T	2.73692e-07	0.00156809	-8.65337	-4.91203	6	15101501	G	T	9.013825691103432e-07	6.045090844548143
6:18424199:G:T	3.48362e-06	0.0244473	-8.8562	-4.91165	6	18424199	G	T	9.03131577906723e-07	6.044248972393046
6:65540004:G:A	0.00590158	2.29777e-06	7.85103	4.91097	6	65540004	G	A	9.062695420007096e-07	6.042742615575079
6:27539549:A:AT	7.65005e-07	0.00534397	-8.8516	-4.90842	6	27539549	A	AT	9.18130667976583e-07	6.037095505789175
6:32437299:G:C	5.70491e-07	0.00112254	-7.58461	-4.9042	6	32437299	G	C	9.380887174624812e-07	6.027756087332631
6:32437285:G:T	5.70491e-07	0.00112254	-7.58461	-4.9042	6	32437285	G	T	9.380887174624812e-07	6.027756087332631
6:18423395:T:C	3.5274e-06	0.0244473	-8.84371	-4.90289	6	18423395	T	C	9.443687251638737e-07	6.024858403966941
6:32393334:C:T	0.00181805	4.23716e-06	6.06162	4.90257	6	32393334	C	T	9.459089128667323e-07	6.024150682355033
6:93256764:G:A	5.70013e-06	0.0321121	-8.6365	-4.90018	6	93256764	G	A	9.574889144124504e-07	6.018866245492364
6:127666418:T:TTACTC	5.62774e-07	0.000674793	-7.08928	-4.89963	6	127666418	T	TTACTC	9.601730211598042e-07	6.01765050095593
6:158778719:G:A	0.00338755	8.32119e-06	6.00906	4.89884	6	158778719	G	A	9.640410524897894e-07	6.015904471812762
6:158778254:C:G	0.00338755	8.32119e-06	6.00906	4.89884	6	158778254	C	G	9.640410524897894e-07	6.015904471812762
6:18426470:T:G	0.0119148	3.35043e-06	8.17645	4.89878	6	18426470	T	G	9.643354391467293e-07	6.015771872704442
6:158777698:T:C	0.00339298	8.3446e-06	6.00785	4.8979	6	158777698	T	C	9.686630654677465e-07	6.013827259331363
6:158777234:G:A	0.00339298	8.34666e-06	6.0076	4.89771	6	158777234	G	A	9.695998903783055e-07	6.0134074422785515
6:52202490:A:G	0.00403542	1.77856e-05	5.42447	4.89768	6	52202490	A	G	9.697478898096258e-07	6.0133411567601645
6:158777913:TA:T	0.00338954	8.3446e-06	6.00683	4.89711	6	158777913	TA	T	9.7256401446829e-07	6.012081803662531
6:138359977:A:G	2.53655e-07	0.00014411	-6.34236	-4.89587	6	138359977	A	G	9.78717538289923e-07	6.009342629200007
6:4914794:G:A	1.41831e-05	0.0153711	-6.98819	-4.89368	6	4914794	G	A	9.89677120780447e-07	6.0045064695790415
6:73636283:GA:G	0.00155404	2.67815e-07	8.66607	4.89115	6	73636283	GA	G	1.0024852793866839e-06	5.998921995892889
6:91614855:T:C	8.61553e-06	0.0190592	-7.70174	-4.88867	6	91614855	T	C	1.0151950842594072e-06	5.993450493833153
6:138360318:C:T	2.57631e-07	0.000144782	-6.33146	-4.8884	6	138360318	C	T	1.0165881386389804e-06	5.992854961870862
6:138360316:G:C	2.57631e-07	0.000144782	-6.33146	-4.8884	6	138360316	G	C	1.0165881386389804e-06	5.992854961870862
6:52202522:C:G	0.00396867	1.76983e-05	5.41272	4.88834	6	52202522	C	G	1.0168979560547329e-06	5.992722625588406
6:24768865:A:G	0.0109411	1.89428e-06	8.66145	4.88798	6	24768865	A	G	1.018758769984426e-06	5.991928639612017
6:72354807:C:T	1.88758e-06	0.00394774	-7.6456	-4.88699	6	72354807	C	T	1.0238929235399027e-06	5.9897454585430525
6:61259115:G:A	5.00468e-08	0.000145392	-7.97423	-4.88339	6	61259115	G	A	1.0427733307692705e-06	5.981810084569159
6:29892888:C:A	9.17989e-05	4.6284e-07	5.28998	4.88012	6	29892888	C	A	1.0602131041207254e-06	5.97460683224301
6:52203236:T:C	0.00386768	1.74358e-05	5.40188	4.87974	6	52203236	T	C	1.062257856945013e-06	5.973770047985923
6:36612614:G:GTTTT	1.03478e-06	0.010029	-9.17905	-4.87962	6	36612614	G	GTTTT	1.062904356500466e-06	5.9735058129111875
6:147803133:CTGTGTGTGT:C	0.0376068	1.24842e-05	8.01048	4.87804	6	147803133	CTGTGTGTGT	C	1.0714519975120052e-06	5.970027281162179
6:24769646:T:A	3.49032e-06	0.00405205	-7.05698	-4.87539	6	24769646	T	A	1.0859369581806896e-06	5.964195386081378
6:54926925:G:A	2.11784e-07	0.000213919	-6.91779	-4.87473	6	54926925	G	A	1.089573739991825e-06	5.962743372312784
6:24768387:C:A	2.04606e-06	0.0111124	-8.5999	-4.87449	6	24768387	C	A	1.0908991098758806e-06	5.962215412610787
6:81765490:C:CT	0.00661445	4.14106e-05	5.07347	4.8713	6	81765490	C	CT	1.108663518242424e-06	5.95520024316017
6:18431464:A:C	8.0553e-07	0.000833604	-6.94201	-4.86899	6	18431464	A	C	1.1217008331130621e-06	5.950122957565477
6:30882336:G:A	3.36525e-06	0.0221861	-8.79372	-4.86783	6	30882336	G	A	1.1283032284906192e-06	5.9475741691798785
6:31372656:C:T	0.000107153	4.02218e-07	5.58502	4.86401	6	31372656	C	T	1.1503109791231058e-06	5.939184735072754
6:67243052:C:T	6.34878e-06	0.0416177	-8.78802	-4.86383	6	67243052	C	T	1.1513581183757506e-06	5.938789572422243
6:31371773:A:G	0.000107207	4.0259e-07	5.5846	4.86368	6	31371773	A	G	1.1522314349958819e-06	5.938460280594458
6:70944357:G:A	5.2315e-06	0.00870619	-7.41709	-4.86295	6	70944357	G	A	1.1564906827827287e-06	5.936857861754016
6:24237009:C:CAA	1.15701e-05	0.0115098	-6.90253	-4.86254	6	24237009	C	CAA	1.1588895023685987e-06	5.935957971110873
6:32438323:C:T	6.04302e-07	0.00112254	-7.52703	-4.85973	6	32438323	C	T	1.1754595116258091e-06	5.9297923254334055
6:24770115:A:G	0.00812637	1.46774e-06	8.61915	4.85898	6	24770115	A	G	1.1799205080512525e-06	5.928147250386743
6:69702721:C:T	7.73798e-07	0.00410919	-8.57742	-4.8587	6	69702721	C	T	1.1815901188265178e-06	5.927533149514879
6:24770255:T:C	0.00806867	1.45865e-06	8.61823	4.85835	6	24770255	T	C	1.1836803289707262e-06	5.926765569664721
6:64658883:T:C	2.91184e-06	0.0253947	-9.07351	-4.85679	6	64658883	T	C	1.193040037644067e-06	5.923344981446074
6:19797735:C:CA	2.81377e-06	0.0182407	-8.77688	-4.85602	6	19797735	C	CA	1.197686100842922e-06	5.921656990406443
6:19496172:G:A	2.27149e-05	0.0227187	-6.90792	-4.85569	6	19496172	G	A	1.1996825951433571e-06	5.920933641795336
6:35308672:CAAAATAAAA:C	0.00357897	9.29486e-06	5.95337	4.8556	6	35308672	CAAAATAAAA	C	1.200227649049573e-06	5.920736372827922
6:65097802:TA:T	0.00264286	4.8027e-07	8.61302	4.85478	6	65097802	TA	T	1.2052046820525954e-06	5.918939189821733
6:28515705:A:C	3.3641e-06	0.00299523	-6.79162	-4.85417	6	28515705	A	C	1.208919982208443e-06	5.917602443916223
6:29892905:A:G	9.24003e-05	4.83755e-07	5.25231	4.85366	6	29892905	A	G	1.2120346717540593e-06	5.916484956460087
6:64659951:C:G	4.82692e-06	0.00966077	-7.60162	-4.85336	6	64659951	C	G	1.2138704469190209e-06	5.915827661852638
6:85311865:G:C	8.99913e-06	0.0578421	-8.76834	-4.85003	6	85311865	G	C	1.234428027067657e-06	5.90853422639513
6:29892914:C:G	9.24003e-05	4.87455e-07	5.24469	4.84831	6	29892914	C	G	1.2451771205841855e-06	5.904768867828364
6:32486018:A:C	9.00948e-06	0.057711	-8.76493	-4.84763	6	32486018	A	C	1.2494515498893583e-06	5.903280579892602
6:2331760:A:AT	7.32958e-08	0.000103616	-7.25395	-4.84716	6	2331760	A	AT	1.2524141807714603e-06	5.902252023619856
6:55730110:CTTT:C	0.00548302	3.46275e-06	7.36735	4.84654	6	55730110	CTTT	C	1.2563326704887855e-06	5.900895346404952
6:153644869:A:AG	0.0160507	4.2791e-05	5.92718	4.84654	6	153644869	A	AG	1.2563326704887855e-06	5.900895346404952
6:85313194:T:A	8.39139e-06	0.0121885	-7.28104	-4.8465	6	85313194	T	A	1.2565858808487975e-06	5.900807824378082
6:158775096:G:A	5.64786e-06	0.0052906	-6.84241	-4.84465	6	158775096	G	A	1.2683506512876437e-06	5.89676066375185
6:116409501:G:A	2.37122e-06	0.00671028	-7.94799	-4.84246	6	116409501	G	A	1.2824145722136246e-06	5.891971555691334
6:26421164:T:C	2.46835e-06	0.00230399	-6.83885	-4.84182	6	26421164	T	C	1.2865528205699814e-06	5.890572378741498
6:27547086:CA:C	0.00442598	1.54478e-06	7.96036	4.84163	6	27547086	CA	C	1.2877838337383534e-06	5.890157031148146
6:32436443:G:C	1.51978e-06	0.00147114	-6.87523	-4.84072	6	32436443	G	C	1.2936954638127886e-06	5.888167944649737
6:19235901:G:A	2.5045e-06	0.0101821	-8.3103	-4.84013	6	19235901	G	A	1.2975422178991672e-06	5.886878502687704
6:95102857:A:T	1.75222e-05	0.0128798	-6.59994	-4.8389	6	95102857	A	T	1.3055971297281725e-06	5.8841908133578205
6:31146985:A:G	2.27873e-06	0.00640681	-7.9415	-4.83763	6	31146985	A	G	1.3139644485949992e-06	5.881416385147538
6:31528999:T:G	0.0251507	8.00583e-06	8.05247	4.83751	6	31528999	T	G	1.3147577230105237e-06	5.881154269420378
6:52210280:GT:G	0.00689184	5.15195e-06	7.19872	4.83732	6	52210280	GT	G	1.3160146829901316e-06	5.880739265200773
6:32737375:G:A	7.74442e-06	0.0151733	-7.58032	-4.83707	6	32737375	G	A	1.3176703387643016e-06	5.88019323007855
6:132233315:C:CT	0.0143811	3.82683e-05	5.92905	4.83672	6	132233315	C	CT	1.3199916229819475e-06	5.879428824933741
6:18424370:A:G	0.0119763	3.68697e-06	8.08588	4.83598	6	18424370	A	G	1.3249124369730067e-06	5.877812823158153
6:85313441:G:A	8.52955e-06	0.0121971	-7.26542	-4.83468	6	85313441	G	A	1.3335998651311574e-06	5.874974457100865
6:31609506:G:C	1.19225e-05	0.0333368	-7.93599	-4.83354	6	31609506	G	C	1.3412631362601531e-06	5.872486011547998
6:27539354:T:TA	7.40328e-07	0.00464332	-8.74385	-4.83285	6	27539354	T	TA	1.3459219880161326e-06	5.870980111847535
6:22180966:T:G	1.02103e-05	0.0256769	-7.82994	-4.83075	6	22180966	T	G	1.36019706339737e-06	5.866398167110552
6:54086067:G:A	1.38987e-05	0.0119373	-6.75563	-4.83043	6	54086067	G	A	1.362385057399672e-06	5.865700128348784
6:18694811:A:AT	1.53029e-05	0.0217447	-7.25908	-4.82989	6	18694811	A	AT	1.3660849749082066e-06	5.864522285291432
6:73328555:A:G	3.26117e-06	0.0203075	-8.73666	-4.8278	6	73328555	A	G	1.3804963137485993e-06	5.85996474869207
6:69701265:G:A	7.92476e-07	0.00402355	-8.53251	-4.82716	6	69701265	G	A	1.3849385188968157e-06	5.858569505658383
6:31011301:G:A	0.0084347	2.73055e-06	8.03561	4.8258	6	31011301	G	A	1.3944238928472235e-06	5.855605184387158
6:31011321:C:T	0.0084347	2.73055e-06	8.03561	4.8258	6	31011321	C	T	1.3944238928472235e-06	5.855605184387158
6:32400537:C:A	0.00491015	3.68309e-06	7.19531	4.82549	6	32400537	C	A	1.3965947269655973e-06	5.854929602030121
6:32438635:C:G	6.04302e-07	0.00106938	-7.47851	-4.82226	6	32438635	C	G	1.419407623544668e-06	5.8478928665338685
6:95218945:TTGTG:T	3.43288e-06	0.00119259	-5.85048	-4.82163	6	95218945	TTGTG	T	1.4238987669359829e-06	5.846520886067077
6:31391399:G:T	7.38035e-06	0.037159	-8.52414	-4.82128	6	31391399	G	T	1.4263997478883468e-06	5.845758746592874
6:105171687:A:T	0.0152846	8.3849e-05	5.20559	4.82085	6	105171687	A	T	1.4294781646896329e-06	5.844822474113078
6:103075133:A:T	8.3434e-06	0.00467654	-6.32884	-4.81984	6	103075133	A	T	1.4367340109290603e-06	5.842623627327321
6:35365498:CT:C	3.94426e-06	0.00347805	-6.78197	-4.81954	6	35365498	CT	C	1.4388960258838556e-06	5.84197058689475
6:164257442:G:A	8.41076e-06	0.0169696	-7.60967	-4.81815	6	164257442	G	A	1.448954255577034e-06	5.838945325270074
6:93262246:C:T	5.0843e-06	0.0254686	-8.51905	-4.8177	6	93262246	C	T	1.452224978519205e-06	5.837966097574855
6:93261849:T:A	5.0843e-06	0.0254686	-8.51905	-4.8177	6	93261849	T	A	1.452224978519205e-06	5.837966097574855
6:15557300:T:C	1.2071e-06	0.00740291	-8.72141	-4.81711	6	15557300	T	C	1.4565240166979842e-06	5.836682349873653
6:77170258:G:A	4.2937e-06	0.00819034	-7.55356	-4.8166	6	77170258	G	A	1.4602499927584294e-06	5.835572787241992
6:31011275:C:T	0.0084347	2.76941e-06	8.02148	4.81598	6	31011275	C	T	1.464791954760942e-06	5.834224054023484
6:85312575:A:C	9.49767e-06	0.0578421	-8.71443	-4.81221	6	85312575	A	C	1.49270382359629e-06	5.826026354724985
6:32435622:A:ACACACACAC	2.03898e-07	0.000795172	-8.26869	-4.81029	6	32435622	A	ACACACACAC	1.50711471851458e-06	5.821853688812345
6:85313794:C:T	8.76498e-06	0.012128	-7.23251	-4.80979	6	85313794	C	T	1.510889452280193e-06	5.820767310658359
6:85313765:A:ATT	8.76498e-06	0.012128	-7.23251	-4.80979	6	85313765	A	ATT	1.510889452280193e-06	5.820767310658359
6:144903408:A:G	1.9765e-05	0.0129443	-6.4845	-4.80932	6	144903408	A	G	1.514445988772e-06	5.8197462107408695
6:2135871:G:T	0.00101543	5.91837e-06	5.14501	4.80835	6	2135871	G	T	1.5218115395966077e-06	5.817639127053624
6:85313043:T:TG	6.40228e-06	0.0155868	-7.79752	-4.80749	6	85313043	T	TG	1.5283706149049755e-06	5.815771320831378
6:84690420:G:A	1.60294e-07	0.000420407	-7.87197	-4.80744	6	84690420	G	A	1.5287527913308892e-06	5.81566273698199
6:32399945:A:G	3.57713e-06	0.00620196	-7.45806	-4.80647	6	32399945	A	G	1.536185219998638e-06	5.813556417654918
6:11117746:CT:C	0.0995127	1.33594e-05	8.91582	4.80629	6	11117746	CT	C	1.5375682495981732e-06	5.813165597655941
6:52167447:G:C	1.29383e-06	0.00780482	-8.70489	-4.80552	6	52167447	G	C	1.5434980677844603e-06	5.811493909849571
6:33925528:T:C	0.14934	2.9211e-05	8.53944	4.80432	6	33925528	T	C	1.5527831958193973e-06	5.808889177518198
6:15564066:G:GA	3.14191e-06	0.027097	-9.06235	-4.79964	6	15564066	G	GA	1.5895109049000008e-06	5.798736488245182
6:164716238:T:C	3.70083e-06	0.0221257	-8.69594	-4.79924	6	164716238	T	C	1.5926884739778892e-06	5.797869162844884
6:81000624:C:T	0.000732984	3.02078e-07	7.79419	4.7965	6	81000624	C	T	1.6146195745167577e-06	5.79192978673859
6:18429344:CTTTG:C	0.0035636	1.92583e-06	7.52317	4.79647	6	18429344	CTTTG	C	1.6148612950917401e-06	5.791864774486584
6:18429597:AC:A	0.0035636	1.92583e-06	7.52317	4.79647	6	18429597	AC	A	1.6148612950917401e-06	5.791864774486584
6:81000969:A:G	0.000732984	3.02501e-07	7.79279	4.79554	6	81000969	A	G	1.6223719098823584e-06	5.7898495817554725
6:30859168:GA:G	0.0397141	5.42143e-06	8.8991	4.79514	6	30859168	GA	G	1.6256125982366918e-06	5.788982943670612
6:19507889:T:C	0.00105261	5.53786e-06	5.24742	4.79501	6	19507889	T	C	1.6266671610272133e-06	5.7887013007304615
6:36610046:AT:A	1.44758e-06	0.00122822	-6.74343	-4.79364	6	36610046	AT	A	1.637820685695592e-06	5.785733648043122
6:47325024:A:G	5.81116e-05	0.0510439	-6.77808	-4.79356	6	47325024	A	G	1.6384742529002671e-06	5.7855603787620415
6:50423115:G:A	6.66546e-06	0.0321721	-8.48191	-4.79162	6	50423115	G	A	1.6544002238448892e-06	5.781359419824913
6:32400915:CA:C	0.0208799	4.16159e-06	8.52065	4.79143	6	32400915	CA	C	1.6559679591837897e-06	5.7809480705005925
6:87512047:G:GAA	2.88052e-06	0.0043666	-7.32377	-4.79085	6	87512047	G	GAA	1.6607625150889555e-06	5.779692466140006
6:87512049:G:GTGTAAC	2.88052e-06	0.0043666	-7.32377	-4.79085	6	87512049	G	GTGTAAC	1.6607625150889555e-06	5.779692466140006
6:2136539:T:C	0.00100526	6.0127e-06	5.11913	4.78979	6	2136539	T	C	1.6695594758145348e-06	5.777398105176263
6:85313213:A:G	0.0122565	8.41994e-06	7.28321	4.78947	6	85313213	A	G	1.6722239513666363e-06	5.776705560431894
6:81002263:C:A	0.000748302	3.11581e-07	7.7839	4.78944	6	81002263	C	A	1.672473955384527e-06	5.776640636562144
6:81001423:C:T	0.000732984	3.05463e-07	7.78305	4.78886	6	81001423	C	T	1.6773144333841112e-06	5.775385515877383
6:87755135:A:C	0.00272022	1.56378e-05	5.15878	4.78798	6	87755135	A	C	1.6846843286349152e-06	5.773481464036157
6:85311196:T:A	8.94353e-06	0.0429099	-8.47593	-4.78742	6	85311196	T	A	1.6893904559866946e-06	5.7722699636421995
6:53840886:TTGTGTG:T	0.00193855	7.30114e-07	7.88425	4.78632	6	53840886	TTGTGTG	T	1.6986714466305016e-06	5.769890613310934
6:31289734:A:C	3.50672e-06	0.00892713	-7.84217	-4.7853	6	31289734	A	C	1.7073212285075714e-06	5.767684759703418
6:32400000:A:T	3.6042e-06	0.00607373	-7.42963	-4.78451	6	32400000	A	T	1.7140496428910233e-06	5.765976604045594
6:85313285:AT:A	0.0122565	8.49731e-06	7.27406	4.78327	6	85313285	AT	A	1.7246621181574185e-06	5.76329597571703
6:85313351:C:G	0.0122565	8.49731e-06	7.27406	4.78327	6	85313351	C	G	1.7246621181574185e-06	5.76329597571703
6:52202129:A:G	0.00415061	2.11359e-05	5.28004	4.78297	6	52202129	A	G	1.7272391235283197e-06	5.762647533399608
6:1853334:C:T	1.71638e-05	0.0256921	-7.31114	-4.78109	6	1853334	C	T	1.7434728140100811e-06	5.75858482019363
6:65109743:G:A	1.29303e-06	0.00068859	-6.27766	-4.77967	6	65109743	G	A	1.755831528496489e-06	5.755517156854951
6:18687668:TTTTTCTTTT:T	0.0106662	2.27411e-05	6.15066	4.77897	6	18687668	TTTTTCTTTT	T	1.76195478997636e-06	5.754005239349449
6:31531452:C:T	4.80883e-06	0.040205	-9.03129	-4.77836	6	31531452	C	T	1.767307503488926e-06	5.752687878648618
6:157321320:T:C	0.00509941	3.04747e-05	5.11998	4.77735	6	157321320	T	C	1.776204566855128e-06	5.750507017645171
6:81002524:CTATTT:C	0.000748302	3.17611e-07	7.76473	4.7763	6	81002524	CTATTT	C	1.7854996152847175e-06	5.748240239047084
6:81002366:G:C	0.000748302	3.17611e-07	7.76473	4.7763	6	81002366	G	C	1.7854996152847175e-06	5.748240239047084
6:30810528:G:A	1.98325e-06	0.0152443	-8.94722	-4.7758	6	30810528	G	A	1.7899422404301794e-06	5.747160983024115
6:31009406:G:A	3.30577e-06	0.00550721	-7.41814	-4.77564	6	31009406	G	A	1.7913661225173862e-06	5.746815643219066
6:81003096:G:A	0.000747521	3.17611e-07	7.76369	4.77558	6	81003096	G	A	1.7919003588624364e-06	5.746686143557452
6:84846564:C:T	2.74259e-06	0.0158496	-8.662	-4.77544	6	84846564	C	T	1.7931475057926379e-06	5.746383983546091
6:24769630:C:CT	1.49915e-06	0.00865961	-8.66152	-4.77511	6	24769630	C	CT	1.7960905103474207e-06	5.74567178172551
6:81781572:A:T	9.11766e-06	0.00729288	-6.68444	-4.77462	6	81781572	A	T	1.8004689904315706e-06	5.7446143541040975
6:4045168:C:T	0.0099585	1.40213e-06	8.86819	4.77452	6	4045168	C	T	1.8013638171223537e-06	5.744398564908526
6:50419175:T:A	5.79495e-06	0.033429	-8.66019	-4.77417	6	50419175	T	A	1.8044990771138713e-06	5.743643335718331
6:33924786:G:A	2.9203e-05	0.168281	-8.65912	-4.77342	6	33924786	G	A	1.8112351580514282e-06	5.742025160280065
6:30018633:T:C	7.02104e-07	0.00404287	-8.65839	-4.7729	6	30018633	T	C	1.8159196843040286e-06	5.740903363653547
6:96088534:TTGTGTGTG:T	0.0157677	5.50911e-06	7.95931	4.77279	6	96088534	TTGTGTGTG	T	1.8169121325688556e-06	5.740666075038253
6:30809982:C:G	1.99416e-06	0.0152443	-8.94174	-4.77228	6	30809982	C	G	1.8215202975453839e-06	5.739565984969503
6:30810072:T:C	1.99416e-06	0.0152443	-8.94174	-4.77228	6	30810072	T	C	1.8215202975453839e-06	5.739565984969503
6:85313756:TAAA:T	0.012128	8.55527e-06	7.25673	4.77151	6	85313756	TAAA	T	1.828499007179463e-06	5.73790527113485
6:52163881:T:A	0.0414703	8.52735e-06	8.48945	4.77005	6	52163881	T	A	1.8418019685451886e-06	5.734757067185585
6:164256352:G:C	1.71278e-05	0.0799656	-8.44865	-4.76826	6	164256352	G	C	1.8582386912546798e-06	5.730898501517417
6:162944219:T:G	0.00323812	2.40053e-05	4.90447	4.76629	6	162944219	T	G	1.8764911682864364e-06	5.726653475254891
6:137271899:G:C	4.63189e-05	0.117995	-7.84284	-4.7643	6	137271899	G	C	1.8951037764150635e-06	5.722367002956921
6:31529967:G:A	6.14623e-06	0.0224559	-8.20347	-4.76352	6	31529967	G	A	1.9024474496041861e-06	5.720687330700426
6:32439094:G:A	6.53918e-07	0.00116027	-7.48118	-4.76125	6	32439094	G	A	1.9239753168655927e-06	5.7158005039290956
6:69946938:G:C	1.49039e-06	0.00243536	-7.39881	-4.76071	6	69946938	G	C	1.929130837193632e-06	5.714638316708476
6:30809119:G:T	2.03233e-06	0.0152443	-8.92278	-4.76012	6	30809119	G	T	1.934778892494138e-06	5.713368659201365
6:39595482:C:T	1.00808e-05	0.00504926	-6.21636	-4.75961	6	39595482	C	T	1.939673908166286e-06	5.712271276145883
6:104097767:T:G	6.06079e-06	0.0153312	-7.83581	-4.75907	6	104097767	T	G	1.9448698334085997e-06	5.711109459903351
6:19496141:G:T	2.35767e-05	0.0207942	-6.78217	-4.75899	6	19496141	G	T	1.945640736424254e-06	5.7109373493671365
6:32438308:G:T	4.91758e-07	0.00276827	-8.63575	-4.75702	6	32438308	G	T	1.9647171075833295e-06	5.706699973258066
6:81001731:C:T	3.05499e-07	0.000748302	-7.80362	-4.75667	6	81001731	C	T	1.9681250544367754e-06	5.70594731000714
6:81020286:AT:A	5.61451e-06	0.00368579	-6.48689	-4.75636	6	81020286	AT	A	1.97114826339979e-06	5.705280708265086
6:81003257:T:C	0.000747521	3.26761e-07	7.73529	4.75611	6	81003257	T	C	1.9735895842207118e-06	5.704743155536666
6:24083723:A:C	8.98098e-06	0.0145565	-7.39068	-4.75443	6	24083723	A	C	1.9900707647161994e-06	5.701131480284092
6:6364970:GA:G	0.0101855	8.58496e-06	7.07871	4.75284	6	6364970	GA	G	2.0057907466840435e-06	5.697714376550225
6:33925718:A:G	2.92969e-05	0.13377	-8.42639	-4.75263	6	33925718	A	G	2.007875866890597e-06	5.69726314012804
6:165180915:T:C	1.89592e-05	0.0332136	-7.46843	-4.75149	6	165180915	T	C	2.019231472571516e-06	5.694813893290942
6:72353309:A:G	1.85435e-06	0.00450952	-7.79641	-4.75132	6	72353309	A	G	2.020930129084868e-06	5.694448701367151
6:90576419:TCACACACA:T	0.0033703	1.57952e-06	7.66563	4.75126	6	90576419	TCACACACA	T	2.0215299825728676e-06	5.694319812990022
6:65090142:C:G	6.09535e-06	0.0148013	-7.79494	-4.75023	6	65090142	C	G	2.0318541751343702e-06	5.692107464304961
6:162941049:A:ATG	0.00387776	2.6223e-05	4.99637	4.75017	6	162941049	A	ATG	2.03245714290733e-06	5.691978603320655
6:81000899:T:A	3.02078e-07	0.000732984	-7.79419	-4.74967	6	81000899	T	A	2.037488562885826e-06	5.690904820423331
6:81000704:C:T	3.02078e-07	0.000732984	-7.79419	-4.74967	6	81000704	C	T	2.037488562885826e-06	5.690904820423331
6:81000700:C:T	3.02078e-07	0.000732984	-7.79419	-4.74967	6	81000700	C	T	2.037488562885826e-06	5.690904820423331
6:5197544:G:A	3.66923e-06	0.00389767	-6.96815	-4.74907	6	5197544	G	A	2.0435420603995693e-06	5.689616419165279
6:81001123:T:C	3.02501e-07	0.000732984	-7.79279	-4.74863	6	81001123	T	C	2.0479922676394228e-06	5.688671687407081
6:81001050:C:A	3.02501e-07	0.000732984	-7.79279	-4.74863	6	81001050	C	A	2.0479922676394228e-06	5.688671687407081
6:103954751:T:C	5.29547e-06	0.0294132	-8.62235	-4.74763	6	103954751	T	C	2.0581410207791708e-06	5.6865248713384124
6:85314449:C:A	0.0121349	8.89617e-06	7.21822	4.74539	6	85314449	C	A	2.0810498177089876e-06	5.681717523201565
6:85314453:C:A	0.0121349	8.89617e-06	7.21822	4.74539	6	85314453	C	A	2.0810498177089876e-06	5.681717523201565
6:93726093:G:C	4.17249e-07	0.00230134	-8.61532	-4.7427	6	93726093	G	C	2.108884572216839e-06	5.675947190303738
6:81001535:G:A	3.05463e-07	0.000732984	-7.78305	-4.7414	6	81001535	G	A	2.122464134397256e-06	5.673159639771861
6:30808482:C:G	2.10399e-06	0.0153196	-8.89305	-4.74105	6	30808482	C	G	2.1261344950955035e-06	5.672409266327155
6:30808448:G:A	2.10399e-06	0.0153196	-8.89305	-4.74105	6	30808448	G	A	2.1261344950955035e-06	5.672409266327155
6:20373052:T:TA	0.00298633	2.59808e-05	4.74444	4.7409	6	20373052	T	TA	2.1277093722392424e-06	5.672087693412972
6:31371256:G:GTT	9.11207e-05	4.00888e-07	5.42626	4.74066	6	31371256	G	GTT	2.130231506311004e-06	5.671573196350032
6:22190647:T:G	3.83202e-05	0.0251082	-6.48497	-4.73965	6	22190647	T	G	2.1408769900131204e-06	5.669408285574904
6:4041187:A:G	2.12689e-06	0.00150402	-6.56124	-4.73793	6	4041187	A	G	2.1591236273751874e-06	5.6657224900651615
6:49322503:A:G	1.26953e-06	0.00155706	-7.11191	-4.73669	6	49322503	A	G	2.1723707310851454e-06	5.663066057202299
6:85315094:T:G	0.0120791	8.97424e-06	7.20488	4.73634	6	85315094	T	G	2.1761239356196934e-06	5.662316374128731
6:31362144:T:G	9.64518e-07	0.00338673	-8.16375	-4.73504	6	31362144	T	G	2.1901190051410075e-06	5.659532286131632
6:29946125:C:T	0.000235267	6.56979e-07	5.88083	4.73439	6	29946125	C	T	2.197148913012261e-06	5.658140507527435
6:153698050:T:G	5.24058e-06	0.0183527	-8.1611	-4.73314	6	153698050	T	G	2.210728919675633e-06	5.655464507492157
6:30806953:AG:A	0.0153196	5.47718e-06	7.93629	4.73225	6	30806953	AG	A	2.220446970965462e-06	5.653559594249857
6:73769157:C:T	9.0747e-07	0.000850502	-6.84292	-4.73115	6	73769157	C	T	2.232514738021372e-06	5.651205665420276
6:157039878:T:TCCTTCCTTC	4.5005e-07	0.00243871	-8.59762	-4.73028	6	157039878	T	TCCTTCCTTC	2.2421038243080273e-06	5.64934428055458
6:22193325:C:G	5.09892e-05	0.0304585	-6.39251	-4.73013	6	22193325	C	G	2.243761107399194e-06	5.649023384163293
6:31529701:A:G	6.44554e-06	0.0224459	-8.15547	-4.72911	6	31529701	A	G	2.255061868604769e-06	5.646841538564262
6:31529680:A:G	6.44554e-06	0.0224459	-8.15547	-4.72911	6	31529680	A	G	2.255061868604769e-06	5.646841538564262
6:8683232:T:G	1.28567e-06	0.0030324	-7.76583	-4.7286	6	8683232	T	G	2.260732724614366e-06	5.645750779134703
6:78221010:C:A	5.53803e-07	0.00430431	-8.95832	-4.72835	6	78221010	C	A	2.2635175550509925e-06	5.645216132919464
6:81002448:A:T	3.17611e-07	0.000748302	-7.76473	-4.72779	6	81002448	A	T	2.269767533569167e-06	5.644018620365466
6:81002513:C:T	3.17611e-07	0.000748302	-7.76473	-4.72779	6	81002513	C	T	2.269767533569167e-06	5.644018620365466
6:153699422:G:T	5.282e-06	0.0183527	-8.15323	-4.72749	6	153699422	G	T	2.2731225494243756e-06	5.643377149798978
6:81002972:A:G	3.17611e-07	0.000747521	-7.76369	-4.72702	6	81002972	A	G	2.2783883168773394e-06	5.6423722550133535
6:81002984:C:A	3.17611e-07	0.000747521	-7.76369	-4.72702	6	81002984	C	A	2.2783883168773394e-06	5.6423722550133535
6:81002768:C:CT	3.17611e-07	0.000747521	-7.76369	-4.72702	6	81002768	C	CT	2.2783883168773394e-06	5.6423722550133535
6:9804035:C:T	7.863e-06	0.0424006	-8.59275	-4.72687	6	9804035	C	T	2.2800713451666683e-06	5.642051563382257
6:133499926:T:A	7.59905e-06	0.0165194	-7.68427	-4.72624	6	133499926	T	A	2.2871531090633567e-06	5.64070476141178
6:29793476:G:A	3.54989e-07	0.00274997	-8.95501	-4.72609	6	29793476	G	A	2.2888423536465655e-06	5.640384118771124
6:29946146:T:C	0.000236239	6.70868e-07	5.86403	4.72362	6	29946146	T	C	2.3168314604334773e-06	5.635105558124569
6:29946138:G:C	0.000236239	6.70868e-07	5.86403	4.72362	6	29946138	G	C	2.3168314604334773e-06	5.635105558124569
6:29946160:T:C	0.000236239	6.70868e-07	5.86403	4.72362	6	29946160	T	C	2.3168314604334773e-06	5.635105558124569
6:29946168:A:G	0.000236239	6.70868e-07	5.86403	4.72362	6	29946168	A	G	2.3168314604334773e-06	5.635105558124569
6:18426506:T:C	1.83051e-06	0.0098226	-8.58784	-4.72343	6	18426506	T	C	2.3189980272830584e-06	5.634699620805931
6:137270272:A:G	3.19892e-05	0.0770875	-7.7873	-4.723	6	137270272	A	G	2.3239084956667203e-06	5.633780976371804
6:30807908:A:C	2.16436e-06	0.0153196	-8.86476	-4.72291	6	30807908	A	C	2.3249375308395667e-06	5.6335887117530135
6:24768369:AAAC:A	0.0111187	2.45254e-06	8.41926	4.72191	6	24768369	AAAC	A	2.336400731807019e-06	5.631452666402683
6:24768221:C:T	0.0111187	2.45368e-06	8.41879	4.72159	6	24768221	C	T	2.3400804033064654e-06	5.630769220319588
6:6368956:C:T	6.25021e-06	0.0333263	-8.58149	-4.71897	6	6368956	C	T	2.370417703066382e-06	5.625175118060517
6:23925298:CACAG:C	0.0365621	8.11576e-06	8.41296	4.71759	6	23925298	CACAG	C	2.3865483550590464e-06	5.622229761749208
6:153699902:T:C	5.28307e-06	0.0180939	-8.13882	-4.71717	6	153699902	T	C	2.3914785659372817e-06	5.621333507218059
6:19491909:C:CT	0.0213447	4.77417e-05	6.10275	4.71601	6	19491909	C	CT	2.405146189434718e-06	5.618858521229746
6:95090364:A:G	2.34971e-06	0.0124684	-8.57666	-4.71558	6	95090364	A	G	2.4102316625048046e-06	5.617941212648273
6:26422032:G:A	2.55121e-06	0.00216601	-6.74407	-4.7152	6	26422032	G	A	2.41473439251054e-06	5.6171306322875525
6:95465100:C:G	1.80204e-06	0.00615493	-8.13609	-4.7152	6	95465100	C	G	2.41473439251054e-06	5.6171306322875525
6:29946087:G:A	0.000231807	6.6853e-07	5.84858	4.71371	6	29946087	G	A	2.4324678713923275e-06	5.613952887285375
6:84694438:A:G	2.7948e-07	0.000951424	-8.13279	-4.71284	6	84694438	A	G	2.442880060966456e-06	5.6120978552284155
6:19491972:A:G	0.0210782	4.74898e-05	6.09548	4.71061	6	19491972	A	G	2.469764534980392e-06	5.6073444499926755
6:38211743:T:TA	0.00680382	3.56857e-06	7.55308	4.70938	6	38211743	T	TA	2.4847144895361024e-06	5.604723507430726
6:24076930:C:G	5.68016e-06	0.0134364	-7.76874	-4.70921	6	24076930	C	G	2.4867875638688474e-06	5.604361313153906
6:30807675:C:G	2.21655e-06	0.0153196	-8.84094	-4.70763	6	30807675	C	G	2.506134552984463e-06	5.600995615684263
6:26571401:T:A	3.11759e-06	0.0037678	-7.09719	-4.70743	6	26571401	T	A	2.5085938166389826e-06	5.600569652544647
6:81003236:A:T	3.26761e-07	0.000747521	-7.73529	-4.70592	6	81003236	A	T	2.527236170622172e-06	5.597354171295215
6:50947091:C:T	4.12593e-06	0.0138888	-8.12155	-4.70478	6	50947091	C	T	2.5413985527179982e-06	5.594927221737047
6:18444468:T:TG	1.4525e-06	0.00999318	-8.83637	-4.7047	6	18444468	T	TG	2.5423952594854764e-06	5.594756929915337
6:24238078:GT:G	0.0107346	1.65976e-05	6.47197	4.70452	6	24238078	GT	G	2.5446392217687472e-06	5.594373783111822
6:49672697:T:C	3.05421e-06	0.00696511	-7.73215	-4.70359	6	49672697	T	C	2.5562633452872965e-06	5.59239440735489
6:78222824:CT:C	0.000138172	9.10625e-07	5.02212	4.70123	6	78222824	CT	C	2.5859903481440774e-06	5.587373100397461
6:65537518:G:GCA	0.00399426	3.42063e-06	7.06279	4.70106	6	65537518	G	GCA	2.5881444637190775e-06	5.5870114861003195
6:18427946:C:A	1.94832e-06	0.0133039	-8.82884	-4.69987	6	18427946	C	A	2.603271568434676e-06	5.584480524737192
6:18427940:A:G	1.94832e-06	0.0133039	-8.82884	-4.69987	6	18427940	A	G	2.603271568434676e-06	5.584480524737192
6:96088760:C:G	1.09588e-06	0.00568373	-8.5538	-4.69955	6	96088760	C	G	2.6073538170591664e-06	5.583800031213693
6:18427445:G:A	1.94978e-06	0.0133039	-8.82809	-4.69939	6	18427445	G	A	2.609397244719715e-06	5.583459800525273
6:2138569:C:G	2.14645e-06	0.000913801	-6.0538	-4.69803	6	2138569	C	G	2.626828549192884e-06	5.580568272310758
6:49672537:C:A	3.07513e-06	0.00695766	-7.72425	-4.69772	6	49672537	C	A	2.6308174733126492e-06	5.579909282314506
6:19492552:G:A	3.23924e-05	0.0263462	-6.70116	-4.6967	6	19492552	G	A	2.643983395694507e-06	5.577741276561925
6:4255491:G:A	4.90965e-06	0.0253293	-8.54851	-4.69584	6	4255491	G	A	2.6551331895337165e-06	5.575913688507667
6:85316090:TTAGG:T	0.0159025	9.98316e-06	7.37333	4.69575	6	85316090	TTAGG	T	2.6563026333472712e-06	5.575722447186011
6:18426794:C:T	1.96286e-06	0.0133039	-8.82141	-4.6951	6	18426794	C	T	2.664763306120091e-06	5.574341360525256
6:18427021:G:A	1.96286e-06	0.0133039	-8.82141	-4.6951	6	18427021	G	A	2.664763306120091e-06	5.574341360525256
6:18426967:G:GAGA	1.96286e-06	0.0133039	-8.82141	-4.6951	6	18426967	G	GAGA	2.664763306120091e-06	5.574341360525256
6:155082560:G:A	5.67556e-06	0.0118071	-7.64029	-4.69468	6	155082560	G	A	2.6702439507992546e-06	5.573449060116233
6:40480160:G:A	0.025849	0.000210597	4.81008	4.694	6	40480160	G	A	2.6791403188744957e-06	5.572004539800889
6:30807437:C:T	2.26552e-06	0.0153196	-8.81908	-4.69361	6	30807437	C	T	2.6842554759602696e-06	5.571176152243851
6:17529176:T:G	4.16447e-06	0.0174629	-8.34125	-4.69283	6	17529176	T	G	2.6945139222531986e-06	5.569519568110962
6:18690912:G:GA	1.25916e-05	0.0101442	-6.69163	-4.68937	6	18690912	G	GA	2.7404747134491036e-06	5.562174200838701
6:114917119:T:C	0.00018938	1.26933e-06	5.00527	4.68812	6	114917119	T	C	2.7572633000290046e-06	5.559521759723137
6:114917115:G:T	0.00018938	1.26933e-06	5.00527	4.68812	6	114917115	G	T	2.7572633000290046e-06	5.559521759723137
6:95157802:A:C	0.00840363	5.39163e-05	5.04899	4.68751	6	95157802	A	C	2.7654919212648975e-06	5.558227605882286
6:31530607:C:A	0.0117955	5.69873e-06	7.63523	4.68751	6	31530607	C	A	2.7654919212648975e-06	5.558227605882286
6:67825483:G:GC	0.00958983	5.51827e-05	5.15781	4.68589	6	67825483	G	GC	2.787459533600705e-06	5.554791428683328
6:4047075:G:A	1.36593e-06	0.0099585	-8.89435	-4.68452	6	4047075	G	A	2.806167671998311e-06	5.551886382898507
6:29792411:G:A	0.000144934	9.33851e-07	5.04472	4.6841	6	29792411	G	A	2.8119271031042218e-06	5.550995942233275
6:32435620:A:ACACACACAC	4.25249e-07	0.000971585	-7.73401	-4.68339	6	32435620	A	ACACACACAC	2.821689087740499e-06	5.549490841367458
6:30858217:C:T	5.89029e-06	0.042732	-8.8894	-4.68112	6	30858217	C	T	2.8531186079919477e-06	5.5446801737597795
6:85311727:G:A	0.0383492	8.98387e-06	8.35906	4.68063	6	85311727	G	A	2.859946897088016e-06	5.543642030687654
6:95464499:T:C	1.8918e-06	0.00615493	-8.08748	-4.68035	6	95464499	T	C	2.8638558137917966e-06	5.543048851186426
6:54087817:C:CTT	1.78802e-05	0.0126131	-6.55879	-4.67951	6	54087817	C	CTT	2.875613345482999e-06	5.541269509531161
6:141747681:G:C	1.734e-06	0.0125367	-8.88598	-4.67878	6	141747681	G	C	2.885868802531712e-06	5.539723416704643
6:162938712:C:T	2.29075e-05	0.00945496	-6.02283	-4.6768	6	162938712	C	T	2.9138619520170218e-06	5.535531027342079
6:32644620:A:G	0.000318547	1.06529e-06	5.70053	4.67561	6	32644620	A	G	2.9308112623158526e-06	5.533012148253467
6:66524010:CT:C	2.20935e-06	0.000724024	-5.79213	-4.67427	6	66524010	CT	C	2.9500102658377922e-06	5.530176472703549
6:32609380:G:GCTCT	0.0144913	7.58928e-06	7.55457	4.6735	6	32609380	G	GCTCT	2.961097057501114e-06	5.528547357269146
6:19798473:A:G	4.13922e-06	0.00334279	-6.69405	-4.67185	6	19798473	A	G	2.984989233200963e-06	5.525057231023672
6:32486054:A:AT	0.0257049	1.00347e-05	7.84839	4.6713	6	32486054	A	AT	2.9929943102916295e-06	5.523894108756633
6:31015236:A:G	0.00165772	1.36268e-06	7.10375	4.66774	6	31015236	A	G	3.0453092623835723e-06	5.516368596585612
6:4046010:A:T	1.40008e-06	0.0099585	-8.86965	-4.66759	6	4046010	A	T	3.0475326921950976e-06	5.516051626820728
6:4045746:G:A	1.40087e-06	0.0099585	-8.86909	-4.66721	6	4045746	G	A	3.0531723530078167e-06	5.515248678882641
6:19797258:G:A	3.14652e-06	0.0223547	-8.8685	-4.6668	6	19797258	G	A	3.0592684784537575e-06	5.514382408077586
6:4045599:A:C	1.40213e-06	0.0099585	-8.86819	-4.66659	6	4045599	A	C	3.0623954043611456e-06	5.513938735634603
6:119525016:G:A	6.19974e-06	0.0102428	-7.40982	-4.66509	6	119525016	G	A	3.084819919983574e-06	5.510770183345529
6:18442723:C:T	1.44491e-06	0.00930458	-8.77021	-4.66227	6	18442723	C	T	3.1274051463637995e-06	5.5048158535084015
6:6297191:T:C	0.0104501	9.10623e-05	4.74283	4.66072	6	6297191	T	C	3.151051487493119e-06	5.501544500491039
6:32400816:A:G	4.35769e-06	0.00558014	-7.15503	-4.66048	6	32400816	A	G	3.1547281548025276e-06	5.501038058275867
6:38628081:T:C	0.0207353	8.22586e-06	7.83231	4.66015	6	38628081	T	C	3.1597902917976575e-06	5.500341739576927
6:63225149:T:C	4.61695e-06	0.00661286	-7.26704	-4.65894	6	63225149	T	C	3.178418202379259e-06	5.497788960798706
6:41911106:CA:C	0.0047242	2.38108e-06	7.5929	4.65849	6	41911106	CA	C	3.1853727721062102e-06	5.496839736516853
6:24075483:T:G	5.40188e-06	0.0119231	-7.69949	-4.65773	6	24075483	T	G	3.197151420940847e-06	5.495236794531639
6:4046322:T:C	1.74821e-06	0.00697089	-8.29091	-4.65748	6	4046322	T	C	3.201035099279914e-06	5.494709563800256
6:57579316:C:G	5.03139e-08	0.000110721	-7.69649	-4.6555	6	57579316	C	G	3.2319540679544927e-06	5.490534819981503
6:19797757:GA:G	3.90711e-06	0.00336731	-6.75907	-4.65177	6	19797757	GA	G	3.2909801879000387e-06	5.482674732203222
6:38210546:G:GTGTT	3.48843e-06	0.0168949	-8.48532	-4.65151	6	38210546	G	GTGTT	3.2951329275401564e-06	5.4821270610296855
6:29946181:G:C	0.00023129	1.61654e-06	4.96338	4.65076	6	29946181	G	C	3.3071401605898124e-06	5.480547398772168
6:24767589:G:A	0.0111187	2.72711e-06	8.31314	4.64915	6	24767589	G	A	3.3330575684366266e-06	5.477157185157819
6:24084523:C:T	1.02944e-05	0.0145589	-7.25435	-4.64915	6	24084523	C	T	3.3330575684366266e-06	5.477157185157819
6:67269333:A:C	1.5051e-06	0.00726359	-8.48177	-4.64902	6	67269333	A	C	3.335158756066042e-06	5.476883488511311
6:44248048:G:C	3.31111e-05	0.0362637	-6.9987	-4.64864	6	44248048	G	C	3.341307975291942e-06	5.4760834926930375
6:44248049:A:G	3.31111e-05	0.0362637	-6.9987	-4.64864	6	44248049	A	G	3.341307975291942e-06	5.4760834926930375
6:44248047:A:T	3.31111e-05	0.0362637	-6.9987	-4.64864	6	44248047	A	T	3.341307975291942e-06	5.4760834926930375
6:103955122:A:G	5.35508e-06	0.0210719	-8.27765	-4.64817	6	103955122	A	G	3.348928630022904e-06	5.475094107735589
6:18428485:A:ATG	1.83441e-06	0.0115534	-8.74801	-4.64803	6	18428485	A	ATG	3.351201832365054e-06	5.474799415183894
6:22868920:T:A	4.92955e-06	0.0107339	-7.68591	-4.64764	6	22868920	T	A	3.357542129933397e-06	5.473978529163252
6:29800884:C:A	5.42905e-05	3.96626e-07	4.91911	4.64636	6	29800884	C	A	3.378432247201993e-06	5.471284786214026
6:18440810:A:T	0.00261622	1.50662e-06	7.45962	4.64614	6	18440810	A	T	3.3820352657617785e-06	5.470821868161728
6:32444803:T:C	5.84407e-06	0.00941831	-7.38498	-4.64607	6	32444803	T	C	3.3831824533103904e-06	5.470674580299745
6:62798699:TG:T	0.00168797	7.72096e-07	7.68993	4.64512	6	62798699	TG	T	3.3987883718032136e-06	5.4686758762581915
6:158775012:G:T	7.99616e-06	0.00582571	-6.59107	-4.64504	6	158775012	G	T	3.4001057011477794e-06	5.468507581571963
6:32993948:CTTTTTTTTT:C	0.0253644	2.52601e-05	6.91188	4.64455	6	32993948	CTTTTTTTTT	C	3.4081850334015466e-06	5.467476835030971
6:50947692:G:A	4.20325e-06	0.0201366	-8.47443	-4.64388	6	50947692	G	A	3.4192620849517526e-06	5.466067609444406
6:53836980:T:C	8.32253e-07	0.00126587	-7.32713	-4.64344	6	53836980	T	C	3.4265553382954806e-06	5.465142250006721
6:93547198:G:C	4.56904e-06	0.0218661	-8.47339	-4.64315	6	93547198	G	C	3.4313704088242004e-06	5.464532398287314
6:31011395:C:A	2.73055e-06	0.0084347	-8.03561	-4.64315	6	31011395	C	A	3.4313704088242004e-06	5.464532398287314
6:37494805:A:ATTTTTTTT	6.40233e-06	0.00593868	-6.83258	-4.64314	6	37494805	A	ATTTTTTTT	3.431536561409205e-06	5.464511369545077
6:24081591:A:G	0.0160426	8.77824e-06	7.51073	4.64281	6	24081591	A	G	3.4370239268044666e-06	5.463817444515967
6:50003801:T:C	0.00656814	4.82274e-05	4.91406	4.64274	6	50003801	T	C	3.4381889946505082e-06	5.463670254153369
6:67618974:C:T	0.00078071	5.30391e-06	4.99176	4.64178	6	67618974	C	T	3.4542053281642593e-06	5.461651850254862
6:30056900:C:T	1.31096e-06	0.00183483	-7.24395	-4.64112	6	30056900	C	T	3.465258031932743e-06	5.460264421175627
6:85314028:G:A	8.00103e-06	0.0154086	-7.56311	-4.63931	6	85314028	G	A	3.4957435340483397e-06	5.456460436973926
6:73615689:T:G	5.67404e-07	0.00387035	-8.82778	-4.6389	6	73615689	T	G	3.5026847268227297e-06	5.455598951338624
6:73615480:C:T	5.67453e-07	0.00387035	-8.8277	-4.63884	6	73615480	C	T	3.5037016189614753e-06	5.4554728861672634
6:105110688:A:AT	7.58493e-06	0.00250196	-5.79867	-4.63842	6	105110688	A	AT	3.5108277941405187e-06	5.454590472126409
6:9804493:T:C	7.97653e-06	0.0379117	-8.46651	-4.63832	6	9804493	T	C	3.5125265497564922e-06	5.454380384419486
6:6363926:T:TAC	0.0123755	1.24688e-05	6.90025	4.63645	6	6363926	T	TAC	3.5444388270787756e-06	5.450452514668527
6:85315044:T:C	8.05868e-06	0.0154086	-7.55593	-4.63416	6	85315044	T	C	3.5838973188304484e-06	5.445644441672901
6:7278358:T:A	3.46911e-06	0.0133331	-8.2541	-4.63164	6	7278358	T	A	3.6278055726510966e-06	5.440355996415528
6:31530602:CA:C	5.69873e-06	0.0117955	-7.63523	-4.63161	6	31530602	CA	C	3.628331383485395e-06	5.440293054730264
6:32400220:T:A	3.15836e-06	0.0148655	-8.45675	-4.63147	6	32400220	T	A	3.630786133624774e-06	5.439999331842294
6:153702256:C:T	2.80052e-05	0.0232296	-6.72079	-4.63131	6	153702256	C	T	3.633593512033758e-06	5.43966365857856
6:6296367:C:G	0.0103681	9.43372e-05	4.69961	4.63111	6	6296367	C	G	3.6371056617153773e-06	5.439244082054065
6:31021704:T:A	6.90153e-06	0.0146852	-7.66285	-4.63049	6	31021704	T	A	3.648014021105452e-06	5.43794350113391
6:17696003:C:T	3.33547e-06	0.0224579	-8.81478	-4.62999	6	17696003	C	T	3.6568339253106167e-06	5.43689476264772
6:127293156:G:A	6.52518e-06	0.0138722	-7.66198	-4.62984	6	127293156	G	A	3.659483880647851e-06	5.436580161488749
6:67829148:A:C	0.0152047	5.7241e-05	5.58209	4.62918	6	67829148	A	C	3.671165571272134e-06	5.435196028171493
6:2141999:A:C	0.000317486	2.37593e-06	4.89504	4.62911	6	2141999	A	C	3.6724066332626522e-06	5.4350492368377115
6:67269720:T:C	1.50829e-06	0.00707498	-8.45334	-4.62909	6	67269720	T	C	3.6727612962737848e-06	5.435007296832999
6:97344288:C:T	3.79929e-06	0.00229588	-6.40406	-4.62848	6	97344288	C	T	3.68359430581887e-06	5.433728207043665
6:32443949:G:A	4.64849e-06	0.0073183	-7.36159	-4.62815	6	32443949	G	A	3.6894675479518293e-06	5.433036305296651
6:61218678:G:T	2.02342e-07	0.000611062	-8.01299	-4.62694	6	61218678	G	T	3.711079671805866e-06	5.430499721842478
6:162226736:G:A	0.00443679	1.58775e-05	5.63278	4.62452	6	162226736	G	A	3.754668579457698e-06	5.4254283916731225
6:22194385:CAA:C	0.0388407	0.000139202	5.6313	4.6234	6	22194385	CAA	C	3.7750076951843054e-06	5.423082158744018
6:31021760:C:T	6.97619e-06	0.0146852	-7.65209	-4.6225	6	31021760	C	T	3.7914281208279355e-06	5.421197173100523
6:53839685:A:G	7.3767e-07	0.00109021	-7.29838	-4.62145	6	53839685	A	G	3.8106718231399482e-06	5.418998451263627
6:84845752:A:T	2.79467e-06	0.0105829	-8.23928	-4.62122	6	84845752	A	T	3.814899593231838e-06	5.418516888031303
6:65152982:C:CA	3.23524e-07	0.00214968	-8.80156	-4.62093	6	65152982	C	CA	3.820236668726779e-06	5.41790973113588
6:32723186:A:AAT	0.0140935	1.23359e-05	7.04096	4.62026	6	32723186	A	AAT	3.832594536690904e-06	5.4165071238168805
6:102280911:A:C	0.00205517	1.80845e-05	4.73306	4.61995	6	102280911	A	C	3.8383253141272534e-06	5.415858219766505
6:93726256:T:C	0.00106597	4.4922e-07	7.77188	4.61825	6	93726256	T	C	3.8698984775244196e-06	5.412300428063586
6:93272406:A:G	4.60469e-06	0.0276697	-8.70102	-4.61789	6	93272406	A	G	3.876616425889453e-06	5.411547168391996
6:19501648:C:T	7.80468e-06	0.00572423	-6.59774	-4.61717	6	19501648	C	T	3.890085872774425e-06	5.410040811615051
6:91763917:C:T	1.01925e-07	5.11303e-05	-6.21789	-4.61415	6	91763917	C	T	3.947072984652679e-06	5.40372484306512
6:18428549:A:G	1.93112e-06	0.00358742	-7.52709	-4.61347	6	18428549	A	G	3.9600144400737106e-06	5.402303230429816
6:19506263:GT:G	0.00111389	5.99644e-06	5.22445	4.6129	6	19506263	GT	G	3.970893748107995e-06	5.401111733492084
6:22191993:C:A	5.60014e-05	0.0240928	-6.06429	-4.61225	6	22191993	C	A	3.983334936104375e-06	5.399753174688775
6:2140526:C:G	2.15458e-06	0.000809273	-5.92854	-4.61215	6	2140526	C	G	3.985252277814611e-06	5.399544181320592
6:19501625:A:T	7.8319e-06	0.00569847	-6.58975	-4.61103	6	19501625	A	T	4.0067870251533885e-06	5.397203741235583
6:35525077:T:TAC	8.32968e-06	0.012117	-7.28254	-4.60934	6	35525077	T	TAC	4.03949265656269e-06	5.393673177040718
6:8024450:A:G	3.37016e-06	0.0199642	-8.68673	-4.60873	6	8024450	A	G	4.051360367928343e-06	5.392399124665846
6:4255835:C:T	2.1924e-06	0.0143017	-8.78314	-4.60831	6	4255835	C	T	4.0595509952515115e-06	5.391521998705608
6:95461480:C:T	1.92124e-06	0.00872796	-8.42132	-4.60662	6	95461480	C	T	4.092669205128354e-06	5.387993356305887
6:119514034:G:A	1.21822e-05	0.0243692	-7.6011	-4.60626	6	119514034	G	A	4.0997573477181735e-06	5.387241847101142
6:17790143:C:T	3.49176e-06	0.0226537	-8.77767	-4.60456	6	17790143	C	T	4.133388381189816e-06	5.383693785649093
6:17789959:C:T	3.49176e-06	0.0226537	-8.77767	-4.60456	6	17789959	C	T	4.133388381189816e-06	5.383693785649093
6:167283938:A:G	1.69743e-05	0.0225784	-7.19305	-4.6018	6	167283938	A	G	4.188553080138625e-06	5.377935976517335
6:23925310:G:GAC	8.17036e-06	0.036827	-8.41347	-4.60112	6	23925310	G	GAC	4.2022523158992495e-06	5.37651787479705
6:4045358:G:A	1.89989e-06	0.00697846	-8.20878	-4.59981	6	4045358	G	A	4.228764613247983e-06	5.373786488419571
6:32444618:C:A	4.82787e-06	0.00731806	-7.3237	-4.59913	6	32444618	C	A	4.242589840325076e-06	5.372368952370494
6:67266029:AG:A	0.001139	3.00645e-07	8.23973	4.59881	6	67266029	AG	A	4.249110806019777e-06	5.37170194346556
6:19493244:A:G	3.25948e-05	0.0233282	-6.57327	-4.59836	6	19493244	A	G	4.258297165126616e-06	5.370764034614119
6:75854160:T:C	3.26983e-06	0.00334439	-6.9303	-4.59543	6	75854160	T	C	4.318577565095705e-06	5.364659275721086
6:153628244:C:T	0.00196676	9.73555e-06	5.30836	4.5952	6	153628244	C	T	4.323343926974252e-06	5.364180214467312
6:78218940:C:T	1.24749e-06	0.00178129	-7.26396	-4.59512	6	78218940	C	T	4.32500297316539e-06	5.364013589649137
6:104193642:CAA:C	0.0143552	7.035e-06	7.62097	4.59501	6	104193642	CAA	C	4.327285157726679e-06	5.3637844848921885
6:38458143:C:T	1.37889e-06	0.00880775	-8.7621	-4.59389	6	38458143	C	T	4.350587725058222e-06	5.36145206982509
6:39596510:A:G	1.15255e-05	0.00725211	-6.44448	-4.59186	6	39596510	A	G	4.393130416057637e-06	5.357225903920322
6:18442988:G:C	1.46654e-06	0.00845513	-8.65962	-4.59134	6	18442988	G	C	4.404092009786634e-06	5.356143616374855
6:18443290:T:A	1.46654e-06	0.00845513	-8.65962	-4.59134	6	18443290	T	A	4.404092009786634e-06	5.356143616374855
6:18443316:G:T	1.46654e-06	0.00845513	-8.65962	-4.59134	6	18443316	G	T	4.404092009786634e-06	5.356143616374855
6:55650920:ACT:A	0.0018488	8.10074e-07	7.73292	4.59123	6	55650920	ACT	A	4.4064141640732345e-06	5.3559146854153274
6:18443706:C:T	1.4674e-06	0.00845513	-8.65903	-4.59096	6	18443706	C	T	4.412118971894979e-06	5.355352785411162
6:18443729:C:G	1.4674e-06	0.00845513	-8.65903	-4.59096	6	18443729	C	G	4.412118971894979e-06	5.355352785411162
6:18444158:T:C	1.46755e-06	0.00845513	-8.65894	-4.5909	6	18444158	T	C	4.4133876675877e-06	5.355227922881481
6:18444673:T:TA	1.46856e-06	0.00845513	-8.65825	-4.59046	6	18444673	T	TA	4.422702121557745e-06	5.354312310307137
6:157317226:T:C	2.73183e-05	0.0193263	-6.56167	-4.59016	6	157317226	T	C	4.4290636809083234e-06	5.353688075400889
6:82002538:T:TAAC	0.0132029	1.40324e-05	6.84682	4.5896	6	82002538	T	TAAC	4.440962055062404e-06	5.352522937555308
6:123110379:GA:G	0.00670142	1.21421e-05	6.3134	4.58875	6	123110379	GA	G	4.45908062343602e-06	5.350754675217822
6:18444803:T:G	1.47259e-06	0.00845513	-8.6555	-4.5887	6	18444803	T	G	4.460148624109385e-06	5.350650669190293
6:39419354:C:CAA	4.95015e-05	0.0239563	-6.18199	-4.58786	6	39419354	C	CAA	4.478127719728601e-06	5.348903524159767
6:18444877:C:T	1.47692e-06	0.00845513	-8.65257	-4.58682	6	18444877	C	T	4.500483763156662e-06	5.346740800807468
6:18444846:C:T	1.47692e-06	0.00845513	-8.65257	-4.58682	6	18444846	C	T	4.500483763156662e-06	5.346740800807468
6:51177662:G:A	2.47845e-07	0.000707342	-7.95646	-4.5864	6	51177662	G	A	4.509542440663357e-06	5.3458675214426625
6:84858940:A:AT	1.77949e-05	0.0127989	-6.5782	-4.58632	6	84858940	A	AT	4.511269882386965e-06	5.345701190874932
6:30809544:T:C	2.06162e-06	0.0117725	-8.65003	-4.58519	6	30809544	T	C	4.535737816379357e-06	5.343352057331761
6:30809484:A:T	2.06162e-06	0.0117725	-8.65003	-4.58519	6	30809484	A	T	4.535737816379357e-06	5.343352057331761
6:31012805:G:A	1.37016e-06	0.00274237	-7.60165	-4.585	6	31012805	G	A	4.539864359126204e-06	5.342957122685412
6:31529623:G:A	6.38749e-06	0.040205	-8.7474	-4.58382	6	31529623	G	A	4.5655730032108345e-06	5.340504708487666
6:18444953:A:G	1.48434e-06	0.00845513	-8.64756	-4.5836	6	18444953	A	G	4.570381539975931e-06	5.340047543083421
6:24078705:C:CAA	7.91005e-06	0.0158014	-7.59972	-4.58357	6	24078705	C	CAA	4.5710376253091615e-06	5.33998520391371
6:31012556:T:TG	1.37338e-06	0.00274237	-7.5993	-4.58325	6	31012556	T	TG	4.578041485083641e-06	5.339320276174085
6:153700884:TA:T	0.0175339	8.05156e-06	7.68603	4.58293	6	153700884	TA	T	4.5850556245353955e-06	5.338655391230112
6:31529471:G:A	6.39805e-06	0.040205	-8.74575	-4.58269	6	31529471	G	A	4.590322983805142e-06	5.338156755606668
6:84694238:G:A	1.65166e-07	0.0010371	-8.74499	-4.58216	6	84694238	G	A	4.6019756117196924e-06	5.337055687215317
6:85248595:AT:A	0.00635301	3.79276e-06	7.42359	4.5818	6	85248595	AT	A	4.609906759035071e-06	5.336307858655053
6:31012133:T:C	1.37802e-06	0.00274237	-7.59593	-4.58075	6	31012133	T	C	4.6331141307579886e-06	5.3341270013837425
6:31012047:A:G	1.37802e-06	0.00274237	-7.59593	-4.58075	6	31012047	A	G	4.6331141307579886e-06	5.3341270013837425
6:30809183:A:G	2.07677e-06	0.0117725	-8.64271	-4.58049	6	30809183	A	G	4.638877981721883e-06	5.333587050753886
6:18445274:G:A	1.49184e-06	0.00845513	-8.64252	-4.58037	6	18445274	G	A	4.6415405367233696e-06	5.333337852299239
6:18445024:G:GT	1.49184e-06	0.00845513	-8.64252	-4.58037	6	18445024	G	GT	4.6415405367233696e-06	5.333337852299239
6:18444997:C:T	1.49184e-06	0.00845513	-8.64252	-4.58037	6	18444997	C	T	4.6415405367233696e-06	5.333337852299239
6:18445084:A:AT	1.49184e-06	0.00845513	-8.64252	-4.58037	6	18445084	A	AT	4.6415405367233696e-06	5.333337852299239
6:120421328:T:A	1.67624e-06	0.00216459	-7.16344	-4.57893	6	120421328	T	A	4.673605597350011e-06	5.330347940236845
6:81774917:T:G	0.00586084	6.23634e-05	4.54307	4.57629	6	81774917	T	G	4.732943440163438e-06	5.324868685426721
6:31365142:C:T	0.000481209	1.33484e-06	5.88749	4.57599	6	31365142	C	T	4.739731857493016e-06	5.324246227124469
6:31012789:G:T	0.00246457	1.40105e-06	7.47255	4.57597	6	31012789	G	T	4.740184750087464e-06	5.324204731241551
6:119519440:T:G	6.46358e-06	0.00947278	-7.28999	-4.57332	6	119519440	T	G	4.800561025592662e-06	5.318708005107487
6:38460357:G:A	5.6376e-06	0.0349206	-8.73137	-4.57283	6	38460357	G	A	4.8118053335228065e-06	5.3176919508016365
6:27490234:A:G	1.09736e-06	0.000448947	-6.014	-4.57279	6	27490234	A	G	4.812724349045154e-06	5.3176090120223884
6:18445661:A:G	1.51005e-06	0.00845513	-8.63039	-4.57259	6	18445661	A	G	4.817321948952323e-06	5.317194328154918
6:32993610:A:G	2.92308e-05	0.0247535	-6.7415	-4.57198	6	32993610	A	G	4.8313706246018205e-06	5.315929645592456
6:162939677:CGTGTGT:C	2.54861e-05	0.00900309	-5.86719	-4.57009	6	162939677	CGTGTGT	C	4.8751480599442114e-06	5.312012190090507
6:68515188:A:G	4.57267e-06	0.019702	-8.36838	-4.56949	6	68515188	A	G	4.889124926272262e-06	5.310768865559333
6:68511716:AT:A	0.0195725	5.40524e-06	8.19451	4.5678	6	68511716	AT	A	4.928699685870128e-06	5.307267643347175
6:93265340:G:A	4.57254e-06	0.0159964	-8.16005	-4.56558	6	93265340	G	A	4.98115185553345e-06	5.3026702181521905
6:15142532:A:G	0.00479119	3.99942e-05	4.7858	4.56503	6	15142532	A	G	4.994229151354457e-06	5.301531534694804
6:85313036:T:G	9.71161e-06	0.0594382	-8.71937	-4.56461	6	85313036	T	G	5.0042375836499275e-06	5.3006620797102775
6:65103321:A:G	3.61037e-06	0.00702887	-7.57397	-4.56443	6	65103321	A	G	5.008532789099164e-06	5.300289478707714
6:108901101:ATTTTTTTTT:A	0.0292066	1.37786e-05	7.65903	4.56417	6	108901101	ATTTTTTTTT	A	5.014743208116094e-06	5.299751301158725
6:31531625:G:A	2.91631e-06	0.0178194	-8.71772	-4.56348	6	31531625	G	A	5.031260479796953e-06	5.298323197679212
6:19235219:G:A	2.43747e-06	0.0084895	-8.15562	-4.56248	6	19235219	G	A	5.055291050305658e-06	5.296253835542228
6:5198802:C:A	4.18691e-06	0.0115573	-7.92311	-4.56248	6	5198802	C	A	5.055291050305658e-06	5.296253835542228
6:18445839:C:T	1.53549e-06	0.00845513	-8.61368	-4.56187	6	18445839	C	T	5.0700036290588875e-06	5.29499172980282
6:31531826:C:G	2.44023e-06	0.00672779	-7.92191	-4.56162	6	31531826	C	G	5.076045212720908e-06	5.294474518266113
6:8029638:C:G	5.95795e-06	0.0163989	-7.92024	-4.56043	6	8029638	C	G	5.104897785177508e-06	5.292012949321987
6:24767953:G:T	2.61811e-06	0.0111187	-8.35393	-4.55936	6	24767953	G	T	5.130974886687787e-06	5.289800110973071
6:29192193:C:T	0.000291001	2.72898e-06	4.6694	4.55924	6	29192193	C	T	5.13390736362214e-06	5.289551972016484
6:39597931:T:C	1.2146e-05	0.00732067	-6.40145	-4.55887	6	39597931	T	C	5.1429592737412e-06	5.288786914772726
6:49674265:C:T	1.00021e-06	0.00193219	-7.5662	-4.55865	6	49674265	C	T	5.148348733468543e-06	5.288332042985319
6:18424609:GA:G	0.012862	3.61015e-06	8.17828	4.55668	6	18424609	GA	G	5.196850529033656e-06	5.284259774104485
6:92309894:GGT:G	1.86944e-06	0.00129344	-6.53942	-4.55619	6	92309894	GGT	G	5.2089822011185835e-06	5.28324712653144
6:51884121:C:T	1.55115e-05	0.0117533	-6.63031	-4.55512	6	51884121	C	T	5.235568142501389e-06	5.281036183562
6:123189454:T:C	0.00231327	1.95654e-05	4.77266	4.55488	6	123189454	T	C	5.241549158165717e-06	5.280540336792928
6:70432882:A:T	7.20945e-07	0.000432249	-6.39619	-4.55484	6	70432882	A	T	5.242546629939026e-06	5.280457698004221
6:52163424:GT:G	0.0431729	8.45505e-06	8.5382	4.55443	6	52163424	GT	G	5.2527812002173075e-06	5.279610688958417
6:85313646:CA:C	0.0574942	1.62035e-05	8.17421	4.55388	6	85313646	CA	C	5.266540549919344e-06	5.278474567600032
6:77730605:ATTAT:A	0.00568758	2.63336e-06	7.67778	4.55299	6	77730605	ATTAT	A	5.288878809636495e-06	5.27663638437242
6:119518761:T:G	6.63744e-06	0.00947278	-7.26345	-4.55299	6	119518761	T	G	5.288878809636495e-06	5.27663638437242
6:69484967:G:C	3.0219e-07	0.00181827	-8.70234	-4.55294	6	69484967	G	C	5.29013645572273e-06	5.276533125468957
6:66890688:G:GA	0.0019603	1.52466e-06	7.15908	4.55172	6	66890688	G	GA	5.320911898908757e-06	5.274013931854179
6:18422954:C:CAA	3.7117e-06	0.0127198	-8.13943	-4.5511	6	18422954	C	CAA	5.336617497172464e-06	5.272733924200435
6:32609420:GT:G	7.58928e-06	0.0144913	-7.55457	-4.55	6	32609420	GT	G	5.3645915592776945e-06	5.27046333806045
6:88396843:C:T	1.73009e-05	0.0320419	-7.52404	-4.54902	6	88396843	C	T	5.389632113167887e-06	5.268440877980957
6:49977539:AG:A	0.0116252	3.30062e-06	8.16682	4.54881	6	49977539	AG	A	5.39501248590963e-06	5.268007545873493
6:2013665:C:T	2.82163e-06	0.00276391	-6.88709	-4.54851	6	2013665	C	T	5.402707653737414e-06	5.267388531961761
6:63012289:G:GT	1.95949e-06	0.0117052	-8.6951	-4.54798	6	63012289	G	GT	5.416328138244361e-06	5.266295032596189
6:31010969:G:A	2.69713e-06	0.00362002	-7.20205	-4.54778	6	31010969	G	A	5.421476482084341e-06	5.265882421819901
6:39598427:G:A	1.22381e-05	0.00726215	-6.38588	-4.54693	6	39598427	G	A	5.443409257672159e-06	5.264129012427923
6:89117736:C:A	5.68823e-06	0.0339207	-8.69338	-4.5468	6	89117736	C	A	5.446771162500489e-06	5.263860870541255
6:30189822:C:CT	4.58262e-07	0.000306524	-6.50561	-4.54633	6	30189822	C	CT	5.458942333864423e-06	5.26289149338716
6:93730799:G:T	6.11337e-06	0.00596966	-6.88397	-4.54615	6	93730799	G	T	5.463610525352308e-06	5.262520266998379
6:70939705:A:G	0.000602628	2.33659e-06	5.55261	4.54444	6	70939705	A	G	5.5081493669167425e-06	5.258994291300342
6:68883000:T:C	2.54593e-06	0.0105738	-8.33164	-4.54372	6	68883000	T	C	5.527006363933809e-06	5.257510035360373
6:70939597:G:A	0.000577167	2.43588e-06	5.46782	4.54156	6	70939597	G	A	5.5839488737630324e-06	5.253058566735942
6:32400070:T:C	4.74612e-06	0.00518944	-6.99705	-4.53843	6	32400070	T	C	5.667460254211053e-06	5.246611516889552
6:31164308:T:C	5.71729e-06	0.0235541	-8.32356	-4.53806	6	31164308	T	C	5.677410857722435e-06	5.24584967600795
6:24646276:C:T	0.00437064	5.07518e-06	6.7583	4.5376	6	24646276	C	T	5.689805199176452e-06	5.244902602211424
6:120419264:T:G	1.66739e-06	0.00182114	-6.99596	-4.53758	6	120419264	T	G	5.690344670686436e-06	5.244861427094613
6:30807787:C:T	2.23957e-06	0.011856	-8.5743	-4.53662	6	30807787	C	T	5.716296958234669e-06	5.242885217954418
6:58323732:C:T	4.02912e-07	0.000561415	-7.2395	-4.53464	6	58323732	C	T	5.7701818155797644e-06	5.238810502223994
6:73273632:C:T	0.00168789	9.09278e-06	5.22375	4.5345	6	73273632	C	T	5.774010203562925e-06	5.238522452989563
6:29804462:C:T	5.54146e-05	5.81157e-07	4.55758	4.53378	6	29804462	C	T	5.793737490301839e-06	5.23704118622858
6:85315211:G:A	0.0124486	1.24713e-05	6.90593	4.53356	6	85315211	G	A	5.799778128556573e-06	5.236588620124413
6:49268490:CA:C	0.00289038	3.24351e-06	6.79248	4.53342	6	49268490	CA	C	5.8036253091816725e-06	5.236300634037132
6:70940699:G:A	9.89186e-06	0.0137583	-7.23769	-4.53326	6	70940699	G	A	5.808025077940017e-06	5.235971517103511
6:119513651:C:T	7.50366e-06	0.0306898	-8.31629	-4.53296	6	119513651	C	T	5.816283250623127e-06	5.235354451669789
6:29893283:C:T	9.08741e-05	7.51696e-07	4.7949	4.53244	6	29893283	C	T	5.830624046199025e-06	5.234284960624061
6:105175375:C:CA	9.87097e-05	0.0574274	-6.36609	-4.53176	6	105175375	C	CA	5.849428465209739e-06	5.2328865658035415
6:19503889:C:T	0.00114298	8.423e-06	4.91043	4.53172	6	19503889	C	T	5.850536413223202e-06	5.2328043132985265
6:30055302:T:C	3.79835e-06	0.0154513	-8.31088	-4.52916	6	30055302	T	C	5.921864380511879e-06	5.227541542821384
6:31363740:G:A	0.000468009	1.38313e-06	5.82414	4.52713	6	31363740	G	A	5.979016117129717e-06	5.223370275887248
6:31363739:T:C	0.000468009	1.38313e-06	5.82414	4.52713	6	31363739	T	C	5.979016117129717e-06	5.223370275887248
6:19794256:C:T	5.57819e-06	0.0184681	-8.10494	-4.52688	6	19794256	C	T	5.986090907121504e-06	5.222856692079614
6:103627591:A:G	8.53305e-07	0.00152948	-7.49132	-4.52472	6	103627591	A	G	6.047551634675688e-06	5.218420414895145
6:32979187:G:A	2.07976e-05	0.0151256	-6.58931	-4.52383	6	32979187	G	A	6.073051008445367e-06	5.216593071159123
6:91120187:A:T	0.00014902	0.0549669	-5.91041	-4.52363	6	91120187	A	T	6.078795346990238e-06	5.216182477633649
6:68515073:C:G	4.88166e-06	0.019702	-8.30299	-4.52363	6	68515073	C	G	6.078795346990238e-06	5.216182477633649
6:82001459:C:T	1.41597e-05	0.0132029	-6.83779	-4.52348	6	82001459	C	T	6.08310701276307e-06	5.215874543450984
6:23516777:C:T	3.52062e-05	0.0629958	-7.4896	-4.52344	6	23516777	C	T	6.084257284486774e-06	5.215792429255735
6:29893297:A:C	8.91328e-05	9.0097e-07	4.59441	4.5227	6	29893297	A	C	6.105574893471099e-06	5.214273437156059
6:78219914:GA:G	0.00314244	9.29477e-07	8.12589	4.52075	6	78219914	GA	G	6.162092554339804e-06	5.210271782887435
6:32440267:A:C	2.3114e-06	0.00183042	-6.67445	-4.5196	6	32440267	A	C	6.195657800901626e-06	5.207912577240176
6:16169892:A:AT	0.0139422	0.000142693	4.58198	4.5193	6	16169892	A	AT	6.2044426831917236e-06	5.207297223107208
6:69483477:T:C	2.63728e-07	0.00150566	-8.64982	-4.51695	6	69483477	T	C	6.2736711565544675e-06	5.202478249208032
6:32439097:T:A	5.61942e-07	0.00288406	-8.54331	-4.51674	6	32439097	T	A	6.279893378790934e-06	5.202047729733478
6:53836253:A:G	8.63705e-07	0.00111295	-7.1613	-4.51661	6	53836253	A	G	6.283748189344053e-06	5.201781226905384
6:19493739:G:A	3.27694e-05	0.0210518	-6.46524	-4.51529	6	19493739	G	A	6.323017768374551e-06	5.199075597769863
6:29191546:C:CTG	0.000275912	2.73947e-06	4.61232	4.51516	6	29191546	C	CTG	6.326897903542529e-06	5.1988091736467235
6:26564354:T:A	2.97703e-06	0.00134764	-6.11519	-4.51481	6	26564354	T	A	6.3373557484399045e-06	5.198091913002915
6:85315393:G:A	0.0124486	1.28686e-05	6.87457	4.51229	6	85315393	G	A	6.413141964614666e-06	5.192929146209946
6:50948896:T:C	5.88594e-06	0.0233205	-8.28452	-4.51067	6	50948896	T	C	6.4623187453418876e-06	5.189611624788022
6:29409890:T:C	5.00724e-06	0.0198241	-8.28377	-4.51015	6	29409890	T	C	6.478180229203046e-06	5.188546973667685
6:83149908:A:G	7.6139e-06	0.0195277	-7.84961	-4.50978	6	83149908	A	G	6.4894889580480524e-06	5.187789502188602
6:147828573:T:C	5.59306e-05	0.0251242	-6.10748	-4.50882	6	147828573	T	C	6.518918668045411e-06	5.185824437312233
6:8030869:C:CAAAAAAAAA	6.96335e-06	0.0274666	-8.28007	-4.50755	6	8030869	C	CAAAAAAAAA	6.558047962580523e-06	5.183225411422693
6:86660583:AT:A	0.0049192	2.72045e-06	7.5001	4.50718	6	86660583	AT	A	6.569490038380609e-06	5.182468341568542
6:29804475:C:A	5.55743e-05	6.0631e-07	4.51808	4.50671	6	29804475	C	A	6.584052108079037e-06	5.181506740650945
6:30015638:C:T	8.68933e-05	7.71395e-07	4.72424	4.50662	6	30015638	C	T	6.586844110053474e-06	5.181322614825482
6:18230127:C:T	2.07642e-05	0.0115622	-6.32227	-4.50582	6	18230127	C	T	6.611711736743454e-06	5.179686089442803
6:73789990:G:T	0.00282795	1.75487e-05	5.08233	4.50539	6	73789990	G	T	6.625115172525112e-06	5.1788065674504224
6:144084634:G:A	8.84205e-06	0.00805071	-6.814	-4.50497	6	144084634	G	A	6.638231992356632e-06	5.177947573976262
6:95936122:T:A	0.000574625	6.00105e-06	4.56178	4.50383	6	95936122	T	A	6.67396014016942e-06	5.175616391471482
6:86535682:G:A	2.54426e-06	0.0142451	-8.63033	-4.50359	6	86535682	G	A	6.681505260299532e-06	5.175125685339099
6:85316096:A:C	9.98316e-06	0.0159025	-7.37333	-4.50316	6	85316096	A	C	6.6950440122502485e-06	5.174246563653527
6:51886537:G:A	1.59219e-05	0.0112532	-6.56071	-4.50288	6	51886537	G	A	6.703874047726265e-06	5.173674153818609
6:88442521:G:A	2.79346e-06	0.00709261	-7.83953	-4.50255	6	88442521	G	A	6.7142951777981795e-06	5.172999569958573
6:85251663:T:G	1.49935e-06	0.00752596	-8.52108	-4.50248	6	85251663	T	G	6.71650771189707e-06	5.172856482256854
6:69350299:C:CTT	2.59996e-06	0.0101815	-8.27283	-4.50247	6	69350299	C	CTT	6.716823845126107e-06	5.172836041323589
6:105176946:G:C	0.000123228	0.0620099	-6.22102	-4.50101	6	105176946	G	C	6.7631323594259626e-06	5.169852113032172
6:32440431:GA:G	0.00280052	1.77813e-06	7.362	4.50017	6	32440431	GA	G	6.78991385566549e-06	5.168135735623246
6:31363192:C:A	1.2431e-06	0.00112383	-6.80689	-4.49944	6	31363192	C	A	6.813270613777053e-06	5.166644361136034
6:78215894:CCAAA:C	0.00429425	2.1543e-06	7.59756	4.49737	6	78215894	CCAAA	C	6.879920109121221e-06	5.1624166048414155
6:18190152:GAAAA:G	0.00556695	6.85292e-06	6.69993	4.49695	6	18190152	GAAAA	G	6.893519088525375e-06	5.161559017488091
6:157323976:C:T	3.42208e-05	0.0263245	-6.64542	-4.49692	6	157323976	C	T	6.894491427410158e-06	5.161497764066155
6:73273851:G:T	0.00169258	9.60969e-06	5.17124	4.49683	6	73273851	G	T	6.897409231240327e-06	5.161314006054408
6:26565871:T:A	3.04467e-06	0.00134581	-6.09136	-4.49631	6	26565871	T	A	6.914290794110846e-06	5.160252359300124
6:84851678:G:A	0.0158358	1.64498e-05	6.86972	4.49624	6	84851678	G	A	6.91656632807526e-06	5.160109453933621
6:93262469:T:A	5.06991e-06	0.0160647	-8.06105	-4.49606	6	93262469	T	A	6.922420990806936e-06	5.1597419923830214
6:93262415:A:T	5.06991e-06	0.0160647	-8.06105	-4.49606	6	93262415	A	T	6.922420990806936e-06	5.1597419923830214
6:89828502:CA:C	0.000562351	3.15856e-07	7.4846	4.49591	6	89828502	CA	C	6.927303497127671e-06	5.159435784755188
6:67271438:A:C	1.87436e-06	0.00726359	-8.26236	-4.49513	6	67271438	A	C	6.952745673849766e-06	5.157843656485772
6:71868699:A:AGAAGGATCA	1.56649e-06	0.00777136	-8.50936	-4.49497	6	71868699	A	AGAAGGATCA	6.957975617537231e-06	5.157517097460748
6:24081864:C:T	9.15897e-06	0.0162383	-7.48039	-4.49486	6	24081864	C	T	6.961573386328802e-06	5.1572925943295465
6:18421277:TACACAC:T	0.0250938	5.3948e-06	8.44494	4.49222	6	18421277	TACACAC	T	7.0484555560807295e-06	5.1519060343493654
6:26566576:C:T	3.06153e-06	0.00134588	-6.08589	-4.49206	6	26566576	C	T	7.0537543374946494e-06	5.151579669665455
6:128918625:T:C	4.68833e-06	0.00198147	-6.04652	-4.49191	6	128918625	T	C	7.058725405056929e-06	5.151273712478605
6:73274168:A:G	0.00167859	9.60969e-06	5.16293	4.49087	6	73274168	A	G	7.093283738355789e-06	5.149152667595765
6:31361812:T:TA	1.32295e-06	0.00233027	-7.47387	-4.49002	6	31361812	T	TA	7.12164864511877e-06	5.147419456560415
6:65541407:AT:A	5.24904e-06	0.006025	-7.04563	-4.48796	6	65541407	AT	A	7.190842562821368e-06	5.1432202196386205
6:73274620:A:C	0.00167053	9.60969e-06	5.15813	4.48742	6	73274620	A	C	7.209086859681744e-06	5.142119741787684
6:85317395:A:G	1.00224e-05	0.0156046	-7.3505	-4.48678	6	85317395	A	G	7.2307670558361984e-06	5.140815629337991
6:26566737:G:T	3.07385e-06	0.00134073	-6.07804	-4.48596	6	26566737	G	T	7.25863594308013e-06	5.139144985092264
6:68514201:C:CA	0.0147363	7.51979e-06	7.58053	4.48556	6	68514201	C	CA	7.272267769164726e-06	5.138330138514129
6:53838863:T:A	8.21279e-07	0.000939258	-7.04198	-4.48514	6	53838863	T	A	7.286607534445407e-06	5.137474621474908
6:137273053:A:T	6.65274e-05	0.0410741	-6.42552	-4.48475	6	137273053	A	T	7.299947239896151e-06	5.136680278715814
6:98062654:G:T	7.26048e-05	4.44133e-07	5.09666	4.48457	6	98062654	G	T	7.306111900883573e-06	5.13631368039072
6:18430663:T:A	3.46763e-06	0.00262557	-6.62958	-4.48454	6	18430663	T	A	7.307139828276103e-06	5.136252581984508
6:83277936:A:C	0.00421168	1.81625e-05	5.44625	4.48384	6	83277936	A	C	7.331164100776374e-06	5.134827059137479
6:19794138:TCC:T	0.0271537	5.91171e-06	8.43233	4.48381	6	19794138	TCC	T	7.3321953985601525e-06	5.134765969871074
6:153644912:G:A	3.00359e-05	0.0162284	-6.29212	-4.48344	6	153644912	G	A	7.344926150391469e-06	5.1340125664685115
6:114907251:T:A	0.00022761	2.27487e-06	4.60571	4.48238	6	114907251	T	A	7.381515162269746e-06	5.131854483830942
6:32643673:G:T	0.000532913	2.12249e-06	5.52577	4.4821	6	32643673	G	T	7.391209247050414e-06	5.131284502558023
6:46560778:T:TA	0.00127944	3.92188e-06	5.78761	4.4821	6	46560778	T	TA	7.391209247050414e-06	5.131284502558023
6:31529467:A:G	6.21139e-06	0.0301021	-8.48596	-4.47996	6	31529467	A	G	7.465702886454254e-06	5.126929297739609
6:150335870:C:T	7.32811e-05	0.0265817	-5.89368	-4.47838	6	150335870	C	T	7.521163000179886e-06	5.123714999101462
6:44244574:T:C	3.17752e-05	0.0195429	-6.42168	-4.47831	6	44244574	T	C	7.523629184638695e-06	5.123572617565279
6:32701342:GA:G	0.0369385	1.16265e-05	8.06372	4.47812	6	32701342	GA	G	7.5303270122322216e-06	5.123186163703117
6:128917840:A:C	4.67787e-06	0.00193624	-6.02566	-4.4778	6	128917840	A	C	7.5416204533214425e-06	5.122535328092673
6:102278077:A:C	0.0022786	2.46566e-05	4.52627	4.47491	6	102278077	A	C	7.644350566572008e-06	5.116659404605425
6:102278040:G:GT	0.0022786	2.46566e-05	4.52627	4.47491	6	102278040	G	GT	7.644350566572008e-06	5.116659404605425
6:38149411:C:CA	0.000204247	2.06277e-06	4.59528	4.4744	6	38149411	C	CA	7.662617749615678e-06	5.115622838722739
6:92873205:G:A	5.94188e-06	0.0099518	-7.42348	-4.47434	6	92873205	G	A	7.664769571869272e-06	5.115500896930925
6:73275918:C:T	0.00164574	9.65507e-06	5.13846	4.47331	6	73275918	C	T	7.701799401082476e-06	5.11340779707884
6:49252233:TA:T	1.10183e-06	0.00589153	-8.5843	-4.47205	6	49252233	TA	T	7.747330655128329e-06	5.110847908002148
6:36408244:GA:G	0.0261488	1.5201e-05	7.4502	4.47092	6	36408244	GA	G	7.788383034459472e-06	5.1085526979247975
6:72435046:A:G	1.68733e-05	0.0168993	-6.90929	-4.47063	6	72435046	A	G	7.798952089180767e-06	5.1079637476249005
6:18427522:T:C	1.82285e-06	0.00680637	-8.22522	-4.46908	6	18427522	T	C	7.855674771728736e-06	5.104816504824891
6:32643512:A:G	0.000532913	2.16018e-06	5.50817	4.46829	6	32643512	A	G	7.884736570375239e-06	5.10321281190306
6:32643538:C:T	0.000532913	2.16018e-06	5.50817	4.46829	6	32643538	C	T	7.884736570375239e-06	5.10321281190306
6:32643525:G:C	0.000532913	2.16018e-06	5.50817	4.46829	6	32643525	G	C	7.884736570375239e-06	5.10321281190306
6:78694490:G:T	2.5262e-06	0.00383017	-7.32395	-4.46773	6	78694490	G	T	7.905399562451342e-06	5.102076174639753
6:132232876:C:CT	0.00577389	6.09728e-05	4.55067	4.46756	6	132232876	C	CT	7.911682492646295e-06	5.101731149931926
6:29893166:T:C	9.85116e-05	4.17708e-07	5.46315	4.46651	6	29893166	T	C	7.95059475367859e-06	5.0996003822140565
6:93266323:G:A	4.88544e-06	0.011768	-7.78688	-4.4648	6	93266323	G	A	8.014358041209382e-06	5.096131259376728
6:73326869:C:G	5.47264e-06	0.0203075	-8.21898	-4.4647	6	73326869	C	G	8.01810197861155e-06	5.095928424455337
6:38451682:T:A	3.70632e-06	0.00630161	-7.43852	-4.46373	6	38451682	T	A	8.054505042972012e-06	5.093961142235521
6:72499641:T:G	2.64012e-06	0.0124725	-8.46046	-4.4636	6	72499641	T	G	8.059395793500456e-06	5.093697515686786
6:114907357:G:A	0.000221922	2.27487e-06	4.5804	4.46303	6	114907357	G	A	8.080873385277619e-06	5.092541697900156
6:94534298:G:C	3.82252e-06	0.00203221	-6.27597	-4.46266	6	94534298	G	C	8.094844253115396e-06	5.091791502767712
6:73267439:C:T	1.17649e-05	0.00479738	-6.0107	-4.46247	6	73267439	C	T	8.102027452189567e-06	5.091406289625123
6:98063692:C:T	6.34986e-05	4.84173e-07	4.87633	4.46234	6	98063692	C	T	8.10694578295733e-06	5.091142731416077
6:39623012:G:T	1.54778e-05	0.00822352	-6.27535	-4.46218	6	39623012	G	T	8.113003031177965e-06	5.090818361761132
6:68512480:G:C	5.32671e-06	0.019694	-8.21534	-4.46215	6	68512480	G	C	8.114139246748488e-06	5.090757543639877
6:116410921:A:G	8.8457e-06	0.0150053	-7.43623	-4.46203	6	116410921	A	G	8.118685630315176e-06	5.090514274909732
6:103952665:C:CA	1.78266e-05	0.0176256	-6.89641	-4.46067	6	103952665	C	CA	8.170381787552685e-06	5.087757649177087
6:89719249:G:A	1.00472e-07	0.000170112	-7.43433	-4.46062	6	89719249	G	A	8.172288365578597e-06	5.0876563173491824
6:24082397:C:T	9.2222e-06	0.0156083	-7.43395	-4.46033	6	24082397	C	T	8.18335490736378e-06	5.087068613315255
6:9802135:T:A	8.57926e-06	0.0205231	-7.77996	-4.45983	6	9802135	T	A	8.202468799704672e-06	5.086055412894596
6:7278356:TGTGTGAGA:T	0.00729951	4.31359e-06	7.43379	4.45899	6	7278356	TGTGTGAGA	T	8.234676243492958e-06	5.084353470984633
6:32737642:T:C	1.27203e-05	0.0151733	-7.0841	-4.45757	6	32737642	T	C	8.289397234499658e-06	5.081477048128624
6:66518559:T:C	3.48022e-06	0.0127775	-8.20835	-4.45724	6	66518559	T	C	8.302163765736734e-06	5.080808704123687
6:116917923:A:C	7.00024e-07	0.00256943	-8.20808	-4.45706	6	116917923	A	C	8.309135247135336e-06	5.080444171996787
6:32643564:G:A	0.000525789	2.16217e-06	5.49379	4.457	6	32643564	G	A	8.311460317448849e-06	5.0803226642915
6:65541195:A:G	0.006025	4.59199e-06	7.17936	4.45653	6	65541195	A	G	8.32969489509072e-06	5.079370905892758
6:65541064:T:C	0.006025	4.59199e-06	7.17936	4.45653	6	65541064	T	C	8.32969489509072e-06	5.079370905892758
6:69480418:T:C	2.60927e-07	0.000956988	-8.2073	-4.45651	6	69480418	T	C	8.330471682123725e-06	5.079330407579524
6:24080400:A:G	8.61332e-06	0.0144825	-7.42738	-4.45546	6	24080400	A	G	8.371350379285334e-06	5.077204480481226
6:17527601:C:CTTTT	2.05228e-06	0.0107106	-8.56003	-4.45542	6	17527601	C	CTTTT	8.372911447882468e-06	5.077123501876547
6:24082813:T:C	9.64588e-06	0.0162015	-7.42633	-4.45467	6	24082813	T	C	8.402233052362883e-06	5.075605276624318
6:68885779:T:G	1.21593e-06	0.00566326	-8.44624	-4.45449	6	68885779	T	G	8.409284827054619e-06	5.075240937480425
6:91120920:T:C	0.0404899	0.000243882	5.11212	4.45441	6	91120920	T	C	8.412420764530604e-06	5.075079013310515
6:120421542:TATGA:T	0.00218315	1.67328e-06	7.17374	4.45272	6	120421542	TATGA	T	8.478929238722081e-06	5.071658989143767
6:65541736:G:A	5.49603e-06	0.006025	-6.99965	-4.45245	6	65541736	G	A	8.489601301284017e-06	5.071112705129208
6:72349252:G:A	2.3724e-06	0.00280982	-7.07697	-4.45213	6	72349252	G	A	8.502266296179214e-06	5.070465296787146
6:167434927:G:A	4.43303e-06	0.0229689	-8.55281	-4.45047	6	167434927	G	A	8.568256290072549e-06	5.06710755154833
6:31530198:T:C	5.20957e-06	0.0189277	-8.19788	-4.4499	6	31530198	T	C	8.591028189045354e-06	5.065954855946809
6:157327033:C:T	3.63158e-05	0.0305864	-6.73606	-4.44435	6	157327033	C	T	8.815798906503065e-06	5.054738324888856
6:93268190:T:C	5.85019e-06	0.00564818	-6.87261	-4.44229	6	93268190	T	C	8.900648668866467e-06	5.05057834132772
6:132235024:G:A	2.73642e-05	0.0162964	-6.38946	-4.44214	6	132235024	G	A	8.906857434993358e-06	5.050275499036174
6:91113641:C:G	0.044974	0.000290759	5.04134	4.44159	6	91113641	C	G	8.929658337106186e-06	5.049165157589403
6:85249706:CT:C	0.00668653	3.63602e-06	7.51696	4.44148	6	85249706	CT	C	8.934225205529407e-06	5.0489431044401805
6:28593010:A:AT	0.000140967	1.76941e-06	4.37788	4.44125	6	28593010	A	AT	8.943781325127888e-06	5.0484788277997
6:91120392:C:T	0.0402685	0.000247085	5.09359	4.44112	6	91120392	C	T	8.94918692963947e-06	5.048216420327812
6:73778158:T:C	4.05042e-06	0.0207014	-8.53914	-4.4411	6	73778158	T	C	8.950018838143086e-06	5.04817605057314
6:119516626:A:C	7.0461e-06	0.00868855	-7.11729	-4.44104	6	119516626	A	C	8.952515007049132e-06	5.048054942310121
6:24236902:G:T	1.40125e-05	0.00910558	-6.47669	-4.43981	6	24236902	G	T	9.003833309644619e-06	5.0455725538060845
6:69343141:AT:A	3.97224e-06	0.00235757	-6.38606	-4.43957	6	69343141	AT	A	9.01387935687306e-06	5.045088258889286
6:69350298:C:CT	0.00638278	3.48457e-06	7.51301	4.43874	6	69350298	C	CT	9.048704568867107e-06	5.043413590834815
6:38146300:C:G	1.99768e-06	0.00582812	-7.97846	-4.43806	6	38146300	C	G	9.077331840147984e-06	5.042041787754895
6:31730180:C:G	3.24334e-06	0.0115752	-8.18002	-4.43738	6	31730180	C	G	9.10604563561201e-06	5.0406701775238965
6:50012336:G:C	1.82394e-05	0.00360269	-5.28585	-4.43624	6	50012336	G	C	9.154378269940765e-06	5.038371145966644
6:31021883:C:T	7.28566e-06	0.0168576	-7.74665	-4.43595	6	31021883	C	T	9.166712464988334e-06	5.037786391081179
6:50419232:C:T	5.40632e-06	0.0274168	-8.53134	-4.43576	6	50419232	C	T	9.17480209694223e-06	5.037403294828778
6:65537279:T:C	1.29967e-06	0.00657328	-8.52866	-4.43392	6	65537279	T	C	9.253497480702516e-06	5.033694088938535
6:108907458:CT:C	0.0109588	1.24119e-05	6.78324	4.4336	6	108907458	CT	C	9.267249300069225e-06	5.033049153781725
6:91120205:A:AT	0.0399972	0.000248776	5.08001	4.43138	6	91120205	A	AT	9.363191548375668e-06	5.028576091903732
6:38464382:GA:G	0.00755317	7.48728e-06	6.91652	4.43127	6	38464382	GA	G	9.3679700339637e-06	5.028354507144171
6:32643418:T:C	0.000191062	2.42769e-06	4.36566	4.43126	6	32643418	T	C	9.368404557255067e-06	5.028334363325333
6:29415838:AAAG:A	0.0102393	1.16357e-05	6.77991	4.4312	6	29415838	AAAG	A	9.371012101392629e-06	5.028213501288034
6:99569280:T:C	4.49455e-06	0.00546766	-7.10374	-4.43067	6	99569280	T	C	9.394075541025419e-06	5.0271459518259025
6:164257019:C:CA	1.77946e-05	0.0189606	-6.97122	-4.43049	6	164257019	C	CA	9.401920735960357e-06	5.026783414504939
6:49976957:G:A	3.29069e-06	0.0116252	-8.16983	-4.43023	6	49976957	G	A	9.413263735182735e-06	5.026259773338958
6:30507726:ATGTG:A	0.0380853	8.98955e-06	8.35152	4.42991	6	30507726	ATGTG	A	9.427242297586247e-06	5.025615330602634
6:23925264:CACACACACA:C	0.031787	7.50888e-06	8.35073	4.42938	6	23925264	CACACACACA	C	9.450437923850856e-06	5.024548066252081
6:84848209:T:C	1.26303e-05	0.0145198	-7.04716	-4.42933	6	84848209	T	C	9.4526290027613e-06	5.024447386982609
6:49977541:G:C	3.30062e-06	0.0116252	-8.16682	-4.42811	6	49977541	G	C	9.506241961116475e-06	5.021991135860702
6:9680227:G:A	0.0002427	1.50019e-07	7.38882	4.42631	6	9680227	G	A	9.585873815157471e-06	5.018368292196046
6:51893607:G:A	1.93432e-05	0.0135925	-6.55493	-4.42621	6	51893607	G	A	9.590316439750132e-06	5.018167062717757
6:88672216:TATAC:T	0.0238966	3.1136e-05	6.64313	4.42513	6	88672216	TATAC	T	9.638422284168608e-06	5.015994050055287
6:123777052:G:A	2.69045e-05	0.00701114	-5.56296	-4.42484	6	123777052	G	A	9.651378799672284e-06	5.015410638747967
6:141173465:C:T	1.00836e-05	0.0162576	-7.38541	-4.42425	6	141173465	C	T	9.677789982281883e-06	5.014223806749584
6:91244426:C:T	1.11335e-05	0.0389858	-8.16099	-4.42403	6	91244426	C	T	9.6876558800463e-06	5.013781296377319
6:32400310:T:C	4.74601e-06	0.00447238	-6.84837	-4.42356	6	32400310	T	C	9.708765222038659e-06	5.012836000921513
6:141747789:C:T	0.0072622	1.7314e-06	8.34151	4.42323	6	141747789	C	T	9.723612922497919e-06	5.012172337875715
6:31021196:A:G	0.00218352	7.25552e-06	5.70693	4.42223	6	31021196	A	G	9.768738519757088e-06	5.010161515020265
6:8691363:T:TTG	0.00991365	6.16628e-06	7.38257	4.42178	6	8691363	T	TTG	9.78911023753792e-06	5.009256780769729
6:32483986:A:C	0.00313681	3.61368e-06	6.76623	4.42129	6	32483986	A	C	9.811338923715503e-06	5.00827172172274
6:4634562:T:C	0.0534717	0.000537743	4.59953	4.42112	6	4634562	T	C	9.819062176030965e-06	5.007929989934482
6:153631887:A:C	0.00654218	5.55479e-05	4.76878	4.42105	6	153631887	A	C	9.82224402633301e-06	5.007789280347628
6:26062403:A:G	3.99802e-06	0.0139396	-8.15669	-4.42101	6	26062403	A	G	9.82406266866491e-06	5.007708875786728
6:3064015:A:G	0.0802991	0.000267487	5.70444	4.42038	6	3064015	A	G	9.852748746461033e-06	5.006442591950638
6:103060668:T:A	3.58621e-05	0.0205112	-6.34905	-4.42027	6	103060668	T	A	9.857765624063586e-06	5.00622151174286
6:157323026:A:G	3.73522e-05	0.0213457	-6.34821	-4.4196	6	157323026	A	G	9.888375701517684e-06	5.00487504124431
6:148353435:AT:A	0.0173272	2.00259e-05	6.763	4.41895	6	148353435	AT	A	9.918158793597551e-06	5.003568942764901
6:30598196:G:A	2.27797e-06	0.00145582	-6.46004	-4.41816	6	30598196	G	A	9.954472062517963e-06	5.001981767923372
6:73276418:T:C	0.00164272	1.0417e-05	5.06067	4.4175	6	73276418	T	C	9.98490705889772e-06	5.000655973256546
6:32401546:T:A	7.09216e-06	0.0245444	-8.14925	-4.41579	6	32401546	T	A	1.0064175359033244e-05	4.997221804649502
6:76532677:T:C	0.0165108	7.55953e-05	5.38638	4.41537	6	76532677	T	C	1.0083736508036314e-05	4.996378511131344
6:16226399:C:T	0.017256	5.89561e-05	5.67912	4.41528	6	16226399	C	T	1.008793290451229e-05	4.996197814945777
6:169720831:C:T	4.2826e-06	0.00233534	-6.30135	-4.41495	6	169720831	C	T	1.0103333965973504e-05	4.995535291157834
6:138362688:AT:A	0.0582248	2.00997e-05	7.97136	4.41479	6	138362688	AT	A	1.01108092282278e-05	4.995214083846238
6:22475645:GTTTGTTTTT:G	0.0175924	9.98034e-06	7.47461	4.41211	6	22475645	GTTTGTTTTT	G	1.0236807863862332e-05	4.989835447973106
6:19793813:G:T	6.11928e-06	0.0209789	-8.13983	-4.40918	6	19793813	G	T	1.0376275638908347e-05	4.9839585000247
6:77167730:T:C	5.03363e-06	0.00521392	-6.94295	-4.40866	6	77167730	T	C	1.0401216442543002e-05	4.982915866144465
6:31148356:A:C	2.7988e-06	0.00782572	-7.93598	-4.40822	6	31148356	A	C	1.042236490456376e-05	4.982033725521189
6:153698549:G:C	0.0127031	9.72532e-06	7.17487	4.40767	6	153698549	G	C	1.0448858231176534e-05	4.980931163236248
6:153698351:G:A	0.0127031	9.72532e-06	7.17487	4.40767	6	153698351	G	A	1.0448858231176534e-05	4.980931163236248
6:157327938:A:G	3.84302e-05	0.0308291	-6.68737	-4.40648	6	157327938	A	G	1.0506400430023357e-05	4.978546050969092
6:9803063:T:C	9.3807e-06	0.0208166	-7.70485	-4.40598	6	9803063	T	C	1.0530667998058045e-05	4.97754407908336
6:29893061:T:C	9.65281e-05	4.49801e-07	5.36878	4.40598	6	29893061	T	C	1.0530667998058045e-05	4.97754407908336
6:29893022:T:C	9.64994e-05	4.49801e-07	5.36849	4.40579	6	29893022	T	C	1.0539903700830694e-05	4.977163357092058
6:77594690:G:C	6.55182e-06	0.0182461	-7.93196	-4.4054	6	77594690	G	C	1.0558885434484882e-05	4.976381922256703
6:123198847:C:G	2.01915e-05	0.00511586	-5.53484	-4.40445	6	123198847	C	G	1.0605259690368508e-05	4.974478692473851
6:127667872:T:C	1.26945e-06	0.000705337	-6.32009	-4.40368	6	127667872	T	C	1.0642989882774998e-05	4.972936350689045
6:44099206:TA:T	1.02222e-05	0.00826766	-6.69555	-4.40362	6	44099206	TA	T	1.0645935274524213e-05	4.972816178591821
6:75852109:GT:G	0.00523233	3.11113e-06	7.42762	4.4034	6	75852109	GT	G	1.065674170476613e-05	4.972375560407518
6:69699267:G:C	1.54965e-06	0.00526628	-8.13105	-4.40303	6	69699267	G	C	1.0674939780666867e-05	4.9716345662324795
6:19794143:C:G	5.65608e-06	0.0192183	-8.13089	-4.40291	6	19794143	C	G	1.068084822913082e-05	4.9713942560525135
6:52160895:A:G	1.22216e-05	0.00985051	-6.69207	-4.40099	6	52160895	A	G	1.0775809137193756e-05	4.967550109508311
6:52160822:A:C	1.22216e-05	0.00985051	-6.69207	-4.40099	6	52160822	A	C	1.0775809137193756e-05	4.967550109508311
6:148351652:C:CT	9.51455e-06	0.00647163	-6.52236	-4.40077	6	148351652	C	CT	1.0786741408906197e-05	4.967109732505967
6:32235040:C:T	2.55334e-05	0.0173509	-6.52141	-4.40003	6	32235040	C	T	1.0823591365898366e-05	4.965628612464154
6:67621070:T:C	2.86005e-06	0.00160891	-6.33247	-4.39916	6	67621070	T	C	1.0867068695118639e-05	4.963887587580382
6:85247804:A:G	3.97331e-06	0.00618593	-7.35043	-4.39825	6	85247804	A	G	1.091272338422607e-05	4.96206685315636
6:78221399:AT:A	0.000671517	5.60003e-07	7.08935	4.39563	6	78221399	AT	A	1.1045193633290586e-05	4.956826666109206
6:17697160:G:A	4.70073e-06	0.0224579	-8.47168	-4.39487	6	17697160	G	A	1.1083906480695247e-05	4.955307147188736
6:4046660:C:CT	1.39914e-06	0.00668279	-8.47143	-4.3947	6	4046660	C	CT	1.1092583645043672e-05	4.9549672877460536
6:32992700:C:T	3.23798e-05	0.0218528	-6.51455	-4.39467	6	32992700	C	T	1.1094115582405726e-05	4.954907313800655
6:99266102:A:G	2.04379e-05	0.0866615	-8.35238	-4.39428	6	99266102	A	G	1.1114049157858904e-05	4.954127686645506
6:123777085:G:T	2.21232e-05	0.00729947	-5.79893	-4.39296	6	123777085	G	T	1.1181770672184085e-05	4.951489418965765
6:73276505:T:TAA	0.00158697	1.0417e-05	5.02614	4.39273	6	73276505	T	TAA	1.1193610862207246e-05	4.9510297951006885
6:73276625:C:T	0.00158697	1.0417e-05	5.02614	4.39273	6	73276625	C	T	1.1193610862207246e-05	4.9510297951006885
6:37484078:G:T	7.01982e-07	0.000391202	-6.32307	-4.39207	6	37484078	G	T	1.1227653548398499e-05	4.949710996851649
6:93263851:A:G	5.00146e-06	0.0108852	-7.68543	-4.39205	6	93263851	A	G	1.1228686686301085e-05	4.949671036102411
6:93263940:A:G	5.00146e-06	0.0108852	-7.68543	-4.39205	6	93263940	A	G	1.1228686686301085e-05	4.949671036102411
6:103221928:AT:A	0.00165309	7.80835e-06	5.35521	4.39117	6	103221928	AT	A	1.127423470966029e-05	4.947912928177417
6:17693187:T:TACACAC	2.68271e-07	0.000731233	-7.91049	-4.39032	6	17693187	T	TACACAC	1.1318397385687372e-05	4.946215062178256
6:93258133:C:T	7.36861e-06	0.00493744	-6.50737	-4.38906	6	93258133	C	T	1.1384166016333311e-05	4.943698779521476
6:157330453:A:G	3.99413e-05	0.031326	-6.66479	-4.38892	6	157330453	A	G	1.1391496120697975e-05	4.9434192334017535
6:17700237:C:CAT	5.0685e-06	0.0239982	-8.46269	-4.38871	6	17700237	C	CAT	1.1402499725611237e-05	4.942999929537849
6:31021966:C:T	7.82355e-06	0.0169451	-7.6806	-4.38858	6	31021966	C	T	1.1409316564931375e-05	4.942740369689464
6:130833763:C:T	5.43734e-06	0.00625768	-7.04827	-4.38819	6	130833763	C	T	1.1429790432640287e-05	4.941961732402818
6:122421808:G:A	2.84241e-06	0.0028672	-6.91644	-4.38819	6	122421808	G	A	1.1429790432640287e-05	4.941961732402818
6:2005235:A:C	1.03149e-05	0.0103982	-6.91579	-4.38769	6	2005235	A	C	1.1456090289408823e-05	4.9409635721977505
6:125417864:TTTATTATTA:T	0.0617932	0.000448233	4.92623	4.38732	6	125417864	TTTATTATTA	T	1.1475589363336738e-05	4.940225000721234
6:153700598:T:A	0.0123166	9.71084e-06	7.14546	4.38708	6	153700598	T	A	1.1488254346745851e-05	4.93974595783668
6:153700586:GTAAT:G	0.0123166	9.71084e-06	7.14546	4.38708	6	153700586	GTAAT	G	1.1488254346745851e-05	4.93974595783668
6:153700600:TTCTCTGG:T	0.0123166	9.71084e-06	7.14546	4.38708	6	153700600	TTCTCTGG	T	1.1488254346745851e-05	4.93974595783668
6:153700612:G:A	0.0123166	9.71084e-06	7.14546	4.38708	6	153700612	G	A	1.1488254346745851e-05	4.93974595783668
6:31011107:T:A	2.96878e-06	0.00441242	-7.30403	-4.38562	6	31011107	T	A	1.1565587604046038e-05	4.9368322974621535
6:76533317:A:G	0.0181743	6.34464e-05	5.65757	4.38559	6	76533317	A	G	1.1567181841761563e-05	4.936772437042465
6:18426390:G:A	3.29217e-06	0.0137529	-8.33746	-4.38471	6	18426390	G	A	1.161403957977552e-05	4.935016698257162
6:53840025:A:C	7.7645e-07	0.000778851	-6.91084	-4.38387	6	53840025	A	C	1.1658936399042129e-05	4.933341066823638
6:152572306:T:C	0.0337219	2.063e-05	7.39916	4.38362	6	152572306	T	C	1.1672330505305738e-05	4.932842423770674
6:78219754:G:A	9.82015e-07	0.00324463	-8.10291	-4.38329	6	78219754	G	A	1.1690033216363127e-05	4.932184254820819
6:78219618:C:G	9.82192e-07	0.00324463	-8.10273	-4.38316	6	78219618	C	G	1.1697014045444612e-05	4.9319249886034715
6:73276934:T:C	0.00157894	1.05175e-05	5.01147	4.3822	6	73276934	T	C	1.1748688105650989e-05	4.930010625331424
6:67135986:T:G	2.54005e-06	0.00155319	-6.41588	-4.38207	6	67135986	T	G	1.175570236278042e-05	4.929751418162407
6:71868406:G:A	3.31732e-06	0.00504609	-7.32721	-4.38099	6	71868406	G	A	1.1814129388994191e-05	4.927598277035163
6:85266709:A:T	1.13028e-05	0.0303815	-7.89654	-4.38053	6	85266709	A	T	1.1839099048982803e-05	4.926681346003548
6:73277284:G:A	0.00157894	1.05543e-05	5.00798	4.37969	6	73277284	G	A	1.1884825848411167e-05	4.925007177724457
6:80179300:C:T	1.75276e-07	0.000105095	-6.39626	-4.37943	6	80179300	C	T	1.1899013510383958e-05	4.924489042368445
6:119798339:CTTTCTTTTC:C	0.00954743	6.29687e-06	7.32398	4.3792	6	119798339	CTTTCTTTTC	C	1.1911577607868948e-05	4.924030715341859
6:18691512:G:C	2.45905e-05	0.0132233	-6.28737	-4.37852	6	18691512	G	C	1.1948797733436532e-05	4.922675790448203
6:132221374:C:A	4.67474e-05	0.01898	-6.00638	-4.37838	6	132221374	C	A	1.1956474467177399e-05	4.92239685924095
6:30054801:G:A	2.63294e-06	0.00863502	-8.09548	-4.37808	6	30054801	G	A	1.1972940464770071e-05	4.921799177012402
6:62796897:G:A	7.86338e-07	0.00257855	-8.09535	-4.37799	6	62796897	G	A	1.1977884482825762e-05	4.921619879656657
6:29893200:T:C	9.77266e-05	4.75823e-07	5.32488	4.37783	6	29893200	T	C	1.1986678659640885e-05	4.921301137135675
6:14686815:T:C	5.19548e-05	0.0187935	-5.89089	-4.37736	6	14686815	T	C	1.2012547205788e-05	4.920364892670082
6:24774350:A:C	8.30964e-06	0.0177097	-7.66445	-4.377	6	24774350	A	C	1.2032397437488831e-05	4.919647831501631
6:88394169:C:T	2.24729e-05	0.0330048	-7.2921	-4.37676	6	88394169	C	T	1.2045648312993267e-05	4.919169820723467
6:162767528:GT:G	2.71336e-05	0.016484	-6.40937	-4.37674	6	162767528	GT	G	1.204675318104644e-05	4.919129987575312
6:29804488:C:G	5.78482e-05	7.2021e-07	4.38603	4.37655	6	29804488	C	G	1.2057254252527716e-05	4.918751580980517
6:2137333:CT:C	4.24161e-06	0.00096886	-5.43118	-4.37629	6	2137333	CT	C	1.2071638297442621e-05	4.9182337858052065
6:13513390:C:T	9.44822e-06	0.0389144	-8.32329	-4.37563	6	13513390	C	T	1.210822522953384e-05	4.916919509169549
6:29407588:CA:C	0.00294369	6.85959e-06	6.06177	4.3755	6	29407588	CA	C	1.2115444210878547e-05	4.91666065789489
6:31022070:T:C	7.97359e-06	0.0169451	-7.6616	-4.37496	6	31022070	T	C	1.214547474024853e-05	4.915585504898314
6:68512277:C:A	0.0164985	6.04486e-06	7.91182	4.37396	6	68512277	C	A	1.2201274514024318e-05	4.913594801661521
6:29893127:T:C	9.65587e-05	4.7308e-07	5.31864	4.37383	6	29893127	T	C	1.2208546428921892e-05	4.913336040844414
6:29893153:G:A	9.65587e-05	4.7308e-07	5.31864	4.37383	6	29893153	G	A	1.2208546428921892e-05	4.913336040844414
6:80193630:G:T	7.14344e-07	0.000369634	-6.2489	-4.37329	6	80193630	G	T	1.2238797141767736e-05	4.912261263592667
6:61111729:TA:T	0.000136208	4.99789e-08	7.91034	4.37295	6	61111729	TA	T	1.225788057071412e-05	4.9115846143212
6:27494445:G:GAA	3.65991e-06	0.0017036	-6.14306	-4.37281	6	27494445	G	GAA	1.2265746703985216e-05	4.911306008032461
6:3064289:C:T	0.000213442	0.110209	-6.24677	-4.3716	6	3064289	C	T	1.2333933598856906e-05	4.908898393977467
6:28948475:C:T	0.000538984	1.95291e-06	5.62036	4.36996	6	28948475	C	T	1.2426929793246876e-05	4.905636155232032
6:29893049:C:T	9.58873e-05	4.7308e-07	5.31166	4.36935	6	29893049	C	T	1.2461690260915418e-05	4.904423047467952
6:29893037:T:A	9.58873e-05	4.7308e-07	5.31166	4.36935	6	29893037	T	A	1.2461690260915418e-05	4.904423047467952
6:29893050:A:G	9.58873e-05	4.7308e-07	5.31166	4.36935	6	29893050	A	G	1.2461690260915418e-05	4.904423047467952
6:30855983:T:C	7.04639e-06	0.0228162	-8.08271	-4.36912	6	30855983	T	C	1.2474820738123524e-05	4.903965686426266
6:85317316:T:TA	1.17527e-05	0.0154978	-7.18437	-4.36759	6	85317316	T	TA	1.2562503559556577e-05	4.900923802179073
6:165291999:T:C	0.00896077	4.52089e-05	5.28932	4.36549	6	165291999	T	C	1.2683810506369533e-05	4.8967502548704935
6:153697451:AATTTTATTT:A	0.0182509	1.14712e-05	7.37213	4.36484	6	153697451	AATTTTATTT	A	1.2721583857915597e-05	4.895458814950876
6:29804494:T:C	5.80952e-05	7.35467e-07	4.36933	4.36483	6	29804494	T	C	1.272216582390569e-05	4.895438948019205
6:33923910:A:T	5.23454e-05	0.168281	-8.07553	-4.36408	6	33923910	A	T	1.2765885743856953e-05	4.893949046874293
6:33923911:A:C	5.23454e-05	0.168281	-8.07553	-4.36408	6	33923911	A	C	1.2765885743856953e-05	4.893949046874293
6:23925297:GACACAGAC:G	0.0216905	8.08917e-06	7.89411	4.36182	6	23925297	GACACAGAC	G	1.2898496939458224e-05	4.889460895044274
6:29794663:T:TC	0.000102906	9.92477e-07	4.64137	4.3618	6	29794663	T	TC	1.2899676336070433e-05	4.88942118638463
6:103087842:C:T	1.0905e-05	0.0083291	-6.63829	-4.36031	6	103087842	C	T	1.298783133667383e-05	4.886463359869525
6:82703174:A:C	1.39131e-05	0.00708228	-6.23252	-4.36028	6	82703174	A	C	1.2989612158691114e-05	4.886403815813413
6:18426344:T:C	3.57457e-06	0.00528737	-7.29923	-4.36019	6	18426344	T	C	1.299495602262872e-05	4.886225185894557
6:4917119:G:A	3.47892e-05	0.0142706	-6.01665	-4.35869	6	4917119	G	A	1.3084329811029678e-05	4.88324851733634
6:24083025:A:G	0.0163559	1.34511e-05	7.10329	4.35755	6	24083025	A	G	1.3152645775170735e-05	4.8809868760731785
6:88397310:T:C	1.80247e-05	0.025723	-7.2634	-4.35544	6	88397310	T	C	1.3279989018675365e-05	4.876802284089286
6:32701169:C:T	1.16521e-05	0.0369385	-8.06153	-4.35426	6	32701169	C	T	1.3351716605335831e-05	4.874462894277058
6:95155622:G:C	0.00759927	5.19339e-06	7.28842	4.35336	6	95155622	G	C	1.3406672367517184e-05	4.872679003786085
6:82002124:G:A	0.00734459	1.76581e-05	6.03052	4.35263	6	82002124	G	A	1.345140602240067e-05	4.871232318200184
6:82002054:T:G	0.00734459	1.76581e-05	6.03052	4.35263	6	82002054	T	G	1.345140602240067e-05	4.871232318200184
6:68512685:AAAG:A	0.0140387	5.3123e-06	7.87955	4.35184	6	68512685	AAAG	A	1.3499976825482873e-05	4.8696669770289605
6:141746754:G:C	0.00131738	5.00105e-07	7.87634	4.34964	6	141746754	G	C	1.363612052030859e-05	4.865309168995386
6:24083268:A:C	0.0163913	1.3654e-05	7.09048	4.34859	6	24083268	A	C	1.3701558940510747e-05	4.863230016730909
6:32700886:G:A	1.17477e-05	0.0369385	-8.05335	-4.34853	6	32700886	G	A	1.3705307311918682e-05	4.863111221899443
6:147829127:A:T	7.99715e-05	0.0418113	-6.25925	-4.34852	6	147829127	A	T	1.3705932135575361e-05	4.8630914229066375
6:9806423:C:T	1.23978e-05	0.03894	-8.05226	-4.34776	6	9806423	C	T	1.375349831825119e-05	4.861586821319346
6:14686240:C:T	7.52869e-05	0.0260397	-5.84607	-4.34581	6	14686240	C	T	1.3876264488961611e-05	4.857727430867897
6:22869967:C:T	5.21311e-06	0.00567602	-6.99283	-4.34572	6	22869967	C	T	1.3881955778672025e-05	4.857549343387723
6:52480815:G:A	1.81402e-06	0.00231581	-7.15197	-4.34434	6	52480815	G	A	1.3969501507564365e-05	4.854819091121088
6:74230021:A:G	9.05373e-07	0.00401724	-8.39776	-4.34422	6	74230021	A	G	1.3977139015172432e-05	4.854581715362841
6:78692734:T:C	2.99213e-06	0.00381855	-7.15164	-4.34411	6	78692734	T	C	1.3984143562297994e-05	4.854364126186089
6:66515582:C:T	5.4832e-06	0.0171263	-8.04668	-4.34385	6	66515582	C	T	1.4000713076075848e-05	4.853849844527588
6:24083496:T:G	0.0163913	1.37635e-05	7.08248	4.34299	6	24083496	T	G	1.4055653435234402e-05	4.852148959610432
6:29946233:G:T	0.000263348	1.35558e-06	5.26925	4.34215	6	29946233	G	T	1.4109514574566632e-05	4.850487927508128
6:29946214:G:C	0.000263348	1.35558e-06	5.26925	4.34215	6	29946214	G	C	1.4109514574566632e-05	4.850487927508128
6:29946218:C:A	0.000263348	1.35558e-06	5.26925	4.34215	6	29946218	C	A	1.4109514574566632e-05	4.850487927508128
6:52159951:A:G	8.79772e-06	0.0388634	-8.39332	-4.34117	6	52159951	A	G	1.4172601366907666e-05	4.848550428114998
6:67272004:CA:C	0.00707498	2.73016e-06	7.85996	4.3384	6	67272004	CA	C	1.4352376229366884e-05	4.843076189670917
6:19540351:ATTC:A	0.0195976	9.3767e-05	5.34235	4.33817	6	19540351	ATTC	A	1.4367400769962093e-05	4.842621793686641
6:125376204:T:C	0.000525289	0.152285	-5.66956	-4.33787	6	125376204	T	C	1.4387020539496654e-05	4.842029136378349
6:4255687:A:G	4.85384e-06	0.0149849	-8.03503	-4.33568	6	4255687	A	G	1.4531020871832549e-05	4.837703873421922
6:68515964:G:T	4.5511e-06	0.0140387	-8.03421	-4.3351	6	68515964	G	T	1.4569387539504582e-05	4.836558704496599
6:69696570:T:C	6.56591e-07	0.000370993	-6.33688	-4.33486	6	69696570	T	C	1.458529164196269e-05	4.836084882467598
6:160297105:T:TTG	3.20624e-06	0.00456772	-7.26167	-4.33227	6	160297105	T	TTG	1.4757980116484574e-05	4.830973079118243
6:32446428:CAA:C	0.00520986	4.44679e-06	7.06613	4.33154	6	32446428	CAA	C	1.4807004038846063e-05	4.829532805153313
6:14686558:CA:C	5.50265e-05	0.0186457	-5.82555	-4.33137	6	14686558	CA	C	1.4818442839886071e-05	4.829197430741007
6:80195221:G:C	7.72272e-07	0.000378814	-6.19546	-4.33085	6	80195221	G	C	1.4853484443208562e-05	4.828171654296507
6:84851567:G:A	1.64801e-05	0.0154259	-6.84165	-4.33043	6	84851567	G	A	1.4881844944097311e-05	4.827343224746304
6:83640669:C:G	1.42584e-06	0.00436806	-8.02731	-4.33026	6	83640669	C	G	1.4893338867262077e-05	4.827007928904945
6:48401315:G:GA	4.27686e-05	0.0357124	-6.72745	-4.33013	6	48401315	G	GA	1.4902134048811131e-05	4.826751534322064
6:85317448:A:C	1.2515e-05	0.0156046	-7.12839	-4.32743	6	85317448	A	C	1.5085926699204131e-05	4.821428006802264
6:80188352:C:T	0.00027664	6.88482e-07	5.99598	4.32734	6	80188352	C	T	1.5092090188945114e-05	4.821250608159343
6:31011057:G:T	2.90432e-06	0.00241251	-6.72223	-4.3261	6	31011057	G	T	1.5177254183128327e-05	4.81880679240497
6:36608469:CAG:C	0.00821517	5.46468e-06	7.31543	4.32545	6	36608469	CAG	C	1.5222079447876096e-05	4.817526015696154
6:23783844:TATC:T	0.0010849	1.42667e-06	6.6339	4.32544	6	23783844	TATC	T	1.522277005221953e-05	4.8175063128130375
6:69477828:A:T	0.000241065	2.63086e-07	6.82034	4.32402	6	69477828	A	T	1.5321139747108672e-05	4.814708926121921
6:66913432:G:C	1.44492e-05	0.0144725	-6.90936	-4.32394	6	66913432	G	C	1.5326699696720063e-05	4.814551351852009
6:116716453:A:G	4.97578e-06	0.00525397	-6.96216	-4.32223	6	116716453	A	G	1.544600464100915e-05	4.811183839006623
6:26433101:G:A	4.29794e-06	0.002198	-6.23717	-4.32135	6	26433101	G	A	1.550774587477757e-05	4.809451324384333
6:27503669:C:T	7.50152e-06	0.00373852	-6.21134	-4.32005	6	27503669	C	T	1.5599385197684555e-05	4.806892517704166
6:18424077:G:A	3.66294e-06	0.0138242	-8.23591	-4.31959	6	18424077	G	A	1.563193489779227e-05	4.805987262324666
6:13519140:A:G	0.0139609	0.000150407	4.53067	4.31898	6	13519140	A	G	1.5675198500683255e-05	4.80478695083501
6:53839347:C:A	8.74061e-07	0.000717712	-6.71067	-4.31717	6	53839347	C	A	1.5804243684670946e-05	4.801226282578796
6:28850307:A:G	1.59025e-06	0.000798968	-6.21943	-4.3167	6	28850307	A	G	1.583791791567598e-05	4.800301912214115
6:82000568:G:A	0.00700435	1.77034e-05	5.98053	4.31603	6	82000568	G	A	1.5886039872793598e-05	4.7989843517379995
6:82000475:A:T	0.00700435	1.77034e-05	5.98053	4.31603	6	82000475	A	T	1.5886039872793598e-05	4.7989843517379995
6:18423577:G:A	3.68587e-06	0.0138242	-8.22967	-4.31558	6	18423577	G	A	1.5918438798298182e-05	4.7980995279634024
6:56075789:G:A	1.08972e-05	0.0326759	-8.00589	-4.31524	6	56075789	G	A	1.594295974929323e-05	4.797431050351234
6:164257365:G:A	1.72787e-05	0.0337671	-7.57777	-4.31485	6	164257365	G	A	1.5971131059770245e-05	4.796664326464968
6:31344229:T:TG	0.0235857	1.70121e-05	7.23447	4.31416	6	31344229	T	TG	1.6021088886087646e-05	4.795307970077717
6:67135198:C:CT	3.9089e-06	0.0165846	-8.35298	-4.31353	6	67135198	C	CT	1.606683261433908e-05	4.794069730809471
6:65640015:T:G	7.28957e-06	0.00442266	-6.40805	-4.31146	6	65640015	T	G	1.6218011588140508e-05	4.790002393604172
6:85249133:CT:C	0.00470619	3.93672e-06	7.08629	4.31114	6	85249133	CT	C	1.6241502911921565e-05	4.789373785676481
6:29409289:G:C	0.00270696	6.89265e-06	5.97313	4.31061	6	29409289	G	C	1.6280481774181872e-05	4.788332747556592
6:24083559:T:C	0.0157789	1.39041e-05	7.03425	4.30922	6	24083559	T	C	1.638313337248297e-05	4.785603033208102
6:38211525:T:C	3.39306e-06	0.0082393	-7.79494	-4.30917	6	38211525	T	C	1.6386837345972798e-05	4.78550485702916
6:78221350:T:TTG	1.32617e-06	0.00183004	-7.2298	-4.30858	6	78221350	T	TTG	1.6430604552835937e-05	4.784346456703078
6:91105008:A:G	0.0386614	0.000297025	4.86878	4.30752	6	91105008	A	G	1.650951720202544e-05	4.7822656268923875
6:29210829:T:C	4.05817e-06	0.00288446	-6.56636	-4.3059	6	29210829	T	C	1.66308178019051e-05	4.779086394308919
6:29210737:T:C	4.05817e-06	0.00288446	-6.56636	-4.3059	6	29210737	T	C	1.66308178019051e-05	4.779086394308919
6:65541087:C:CT	0.0057804	5.50952e-06	6.95575	4.30524	6	65541087	C	CT	1.6680479678450006e-05	4.777791464567072
6:2011475:T:C	3.89422e-06	0.0019279	-6.20469	-4.30492	6	2011475	T	C	1.670460900798567e-05	4.777163685105858
6:52206771:CT:C	0.0238621	2.1188e-05	7.02661	4.30388	6	52206771	CT	C	1.6783259275308835e-05	4.775123696199182
6:64653730:A:ATTTTT	5.53716e-06	0.00239054	-6.06779	-4.30305	6	64653730	A	ATTTTT	1.684628132289835e-05	4.773495951123868
6:17528992:G:A	3.24279e-06	0.0135442	-8.33728	-4.30277	6	17528992	G	A	1.6867592599545437e-05	4.77294689698051
6:116718355:C:T	5.10458e-06	0.00525397	-6.9366	-4.30266	6	116718355	C	T	1.6875971914096598e-05	4.772731206065875
6:18690212:T:A	2.14682e-05	0.0104595	-6.1887	-4.30264	6	18690212	T	A	1.6877495851966933e-05	4.772691990076994
6:66725417:G:A	0.00588218	3.90854e-06	7.31652	4.30249	6	66725417	G	A	1.6888929566971162e-05	4.772397875466865
6:23479400:A:G	4.70384e-05	0.0260642	-6.31735	-4.30152	6	23479400	A	G	1.6963045992454474e-05	4.770496160396674
6:23479550:T:C	4.70384e-05	0.0260642	-6.31735	-4.30152	6	23479550	T	C	1.6963045992454474e-05	4.770496160396674
6:98800182:C:T	1.5991e-06	0.00218267	-7.21886	-4.30045	6	98800182	C	T	1.7045162798974886e-05	4.768398846452761
6:24083689:A:T	0.0163913	1.46265e-05	7.02167	4.30042	6	24083689	A	T	1.7047470589799694e-05	4.7683400501250786
6:4251924:A:C	6.16242e-06	0.0256344	-8.33322	-4.29999	6	4251924	A	C	1.7080581662488776e-05	4.767497343921726
6:8021880:C:T	2.92282e-06	0.0055903	-7.55624	-4.29941	6	8021880	C	T	1.7125340200944228e-05	4.7663607923362505
6:24036861:G:A	1.23561e-05	0.0168209	-7.21623	-4.29849	6	24036861	G	A	1.719656582639088e-05	4.764558273531975
6:24037094:T:C	1.23561e-05	0.0168209	-7.21623	-4.29849	6	24037094	T	C	1.719656582639088e-05	4.764558273531975
6:111410007:G:A	3.76304e-06	0.0156187	-8.331	-4.29847	6	111410007	G	A	1.719811734010633e-05	4.7645190922525655
6:72435272:A:G	1.81869e-05	0.0100377	-6.31341	-4.2983	6	72435272	A	G	1.7211310593340708e-05	4.764186058098677
6:24083889:C:A	0.0163913	1.46737e-05	7.01845	4.29816	6	24083889	C	A	1.722218286644792e-05	4.763911803708622
6:138008084:A:ATTTT	9.71902e-05	0.0579433	-6.39055	-4.29778	6	138008084	A	ATTTT	1.7251726321253367e-05	4.763167440052648
6:66015364:G:A	7.06305e-06	0.00931889	-7.18492	-4.29715	6	66015364	G	A	1.7300812687423132e-05	4.761933495866949
6:42187145:A:G	0.00243431	2.69727e-05	4.50259	4.29714	6	42187145	A	G	1.7301592908040846e-05	4.761913910783012
6:18686262:C:T	1.95995e-05	0.0136578	-6.54656	-4.29696	6	18686262	C	T	1.7315642613749444e-05	4.761561386388464
6:31362238:C:G	9.60222e-07	0.00349824	-8.2006	-4.29694	6	31362238	C	G	1.7317204363064683e-05	4.761522217843606
6:32436164:A:T	1.64354e-06	0.000814224	-6.20538	-4.29666	6	32436164	A	T	1.733908295160946e-05	4.760973875694152
6:102280937:T:G	1.80845e-05	0.00205521	-4.73308	-4.29662	6	102280937	T	G	1.7342210613535144e-05	4.760895543764766
6:77160015:A:G	1.78119e-06	0.00737056	-8.32797	-4.29639	6	77160015	A	G	1.7360205104728387e-05	4.760445148092387
6:91105420:G:A	0.0384108	0.000299381	4.85438	4.29633	6	91105420	G	A	1.7364902244979715e-05	4.760327657189694
6:57260775:TA:T	0.0029567	1.98348e-06	7.30697	4.29587	6	57260775	TA	T	1.740095390695902e-05	4.759426943374114
6:88440898:G:A	4.90964e-06	0.0202896	-8.32666	-4.2955	6	88440898	G	A	1.743000372506651e-05	4.758702520074421
6:34906225:A:G	2.15226e-06	0.000969439	-6.1102	-4.29521	6	34906225	A	G	1.745280479866381e-05	4.7581347686648225
6:102278250:C:T	2.28278e-05	0.00229905	-4.61227	-4.29424	6	102278250	C	T	1.752927715106012e-05	4.7562359923932815
6:93262423:A:AT	5.56374e-06	0.0105582	-7.54839	-4.29378	6	93262423	A	AT	1.7565653893610935e-05	4.755335678658679
6:26567574:G:T	3.95466e-06	0.00134407	-5.82856	-4.29226	6	26567574	G	T	1.7686367500865175e-05	4.752361355124367
6:32444069:C:G	5.40145e-06	0.00429232	-6.67791	-4.29186	6	32444069	C	G	1.7718265365486823e-05	4.7515787981979765
6:74312920:G:A	5.63859e-06	0.00252707	-6.10518	-4.29181	6	74312920	G	A	1.772225645039189e-05	4.751480983263568
6:19502288:T:C	0.00143455	1.51032e-05	4.5537	4.29174	6	19502288	T	C	1.772784540828641e-05	4.751344044103114
6:160299327:TTACA:T	0.00759453	9.15889e-06	6.72046	4.29142	6	160299327	TTACA	T	1.7753416322658965e-05	4.750718062478441
6:142597820:A:G	1.01079e-05	0.010248	-6.92152	-4.2911	6	142597820	A	G	1.777902237652405e-05	4.750092123464453
6:133711945:A:G	3.28306e-06	0.0134767	-8.31994	-4.29089	6	133711945	A	G	1.779584546814742e-05	4.749681374143495
6:123113562:C:T	1.15585e-05	0.00568189	-6.19762	-4.29063	6	123113562	C	T	1.7816695071362077e-05	4.749172852789871
6:107421807:A:AACAC	5.49819e-07	0.000263465	-6.17209	-4.28987	6	107421807	A	AACAC	1.7877773591224013e-05	4.7476865670418285
6:113312424:TTTTC:T	0.000888236	2.58768e-07	8.14106	4.28954	6	113312424	TTTTC	T	1.7904356597936513e-05	4.747041280962406
6:95088489:A:G	2.37866e-06	0.0068701	-7.9684	-4.28894	6	95088489	A	G	1.7952785847146617e-05	4.74586814963908
6:147832967:A:G	0.000109555	0.0395044	-5.88774	-4.28883	6	147832967	A	G	1.7961678069744528e-05	4.745653091812018
6:32442360:T:C	5.34287e-06	0.002914	-6.30152	-4.28858	6	32442360	T	C	1.7981903274787395e-05	4.745164342747849
6:64659031:C:G	4.13373e-06	0.00974727	-7.76556	-4.28854	6	64659031	C	G	1.7985141320409644e-05	4.745086145310971
6:32436288:G:C	1.66315e-06	0.000813424	-6.19254	-4.28668	6	32436288	G	C	1.813632544208239e-05	4.741450699739035
6:133709170:T:C	3.10135e-06	0.0126331	-8.31224	-4.28561	6	133709170	T	C	1.8223844729959347e-05	4.739359993506915
6:31362155:G:A	9.62367e-07	0.00344179	-8.18211	-4.28508	6	31362155	G	A	1.8267344265099555e-05	4.7383245864650885
6:139153203:TAATC:T	0.00689759	2.75928e-05	5.52137	4.2845	6	139153203	TAATC	T	1.83150608772868e-05	4.737191633449025
6:97341022:G:A	6.71212e-06	0.00247449	-5.90987	-4.28433	6	97341022	G	A	1.8329069267319694e-05	4.736859587538043
6:7278103:A:G	6.40982e-06	0.0183903	-7.96174	-4.28427	6	7278103	A	G	1.8334015841470118e-05	4.736742397734484
6:19490675:T:C	5.36201e-05	0.0254635	-6.16308	-4.28294	6	19490675	T	C	1.8443991991926722e-05	4.7341450750159995
6:66016012:C:T	7.13045e-06	0.00922918	-7.16575	-4.28291	6	66016012	C	T	1.8446479889562468e-05	4.734086497277018
6:32437082:A:G	1.67133e-06	0.000813424	-6.18764	-4.28287	6	32437082	A	G	1.8449797583702743e-05	4.734008394207532
6:31020588:A:G	0.00123242	4.94105e-06	5.51915	4.28286	6	31020588	A	G	1.845062709604959e-05	4.733988868544177
6:70941682:C:G	0.000610582	3.31587e-06	5.21569	4.28285	6	70941682	C	G	1.8451456643924185e-05	4.733969342922426
6:41904499:G:A	2.51794e-06	0.00470439	-7.53281	-4.28261	6	41904499	G	A	1.84713764549379e-05	4.733500740482306
6:112795897:CTT:C	0.00118667	3.49486e-07	8.1302	4.28229	6	112795897	CTT	C	1.8497968071382696e-05	4.732875974507876
6:31020729:T:C	0.00123242	4.94865e-06	5.51762	4.28172	6	31020729	T	C	1.854542474269424e-05	4.731763215649151
6:103675469:C:T	0.00173068	2.74859e-06	6.44518	4.28161	6	103675469	C	T	1.855459638820113e-05	4.731548488272004
6:31010892:AT:A	0.00397702	3.47651e-06	7.04226	4.28095	6	31010892	AT	A	1.860971706232173e-05	4.73026022972826
6:9807519:C:G	1.53444e-05	0.0179121	-7.06248	-4.28014	6	9807519	C	G	1.8677578361154478e-05	4.728679432847045
6:8309667:A:G	1.04145e-05	0.00436233	-6.03756	-4.27987	6	8309667	A	G	1.87002511287276e-05	4.728152561212789
6:72434719:G:T	1.86022e-05	0.0100377	-6.29082	-4.27984	6	72434719	G	T	1.870277194281053e-05	4.728094021792288
6:73330665:G:GA	2.94118e-06	0.00838384	-7.95525	-4.27972	6	73330665	G	GA	1.8712858436347227e-05	4.727859867854671
6:147833835:C:G	0.000111871	0.0398211	-5.8748	-4.27906	6	147833835	C	G	1.8768426836079337e-05	4.726572128286622
6:27539131:C:A	1.26769e-06	0.00235437	-7.52683	-4.27832	6	27539131	C	A	1.883091770503616e-05	4.725128514581238
6:55549357:C:T	1.88388e-05	0.0437636	-7.75064	-4.27806	6	55549357	C	T	1.8852920968201127e-05	4.724621353039377
6:32442799:T:C	5.41487e-06	0.002914	-6.28813	-4.27764	6	32442799	T	C	1.8888516440726595e-05	4.7238021514962725
6:4034157:AT:A	0.00707534	3.01169e-05	5.45928	4.27649	6	4034157	AT	A	1.8986308129690827e-05	4.7215594752197445
6:71140573:CT:C	1.7733e-05	0.00560447	-5.75589	-4.27593	6	71140573	CT	C	1.903410283921146e-05	4.720467588571822
6:84465532:A:G	3.10172e-05	0.0718198	-7.74737	-4.27577	6	84465532	A	G	1.9047779504934033e-05	4.720155644920727
6:116917505:A:C	8.01796e-07	0.00148278	-7.52257	-4.27527	6	116917505	A	C	1.9090579439320515e-05	4.719180889653455
6:77162261:G:A	1.7429e-06	0.00493542	-7.94864	-4.27508	6	77162261	G	A	1.9106867418859606e-05	4.718810509921522
6:93268654:G:T	9.02286e-06	0.00611268	-6.51836	-4.27502	6	93268654	G	T	1.9112013740628694e-05	4.718693551020994
6:38452408:T:C	3.64854e-06	0.0103221	-7.94771	-4.27443	6	38452408	T	C	1.916268960761545e-05	4.7175435349355475
6:24768159:C:T	3.24766e-06	0.0113952	-8.16301	-4.27283	6	24768159	C	T	1.930076059960646e-05	4.714425576085321
6:77161618:G:T	1.74889e-06	0.00493542	-7.94521	-4.27268	6	77161618	G	T	1.931375322074519e-05	4.714133322042958
6:6368443:G:A	6.86738e-06	0.0126537	-7.51892	-4.27265	6	6368443	G	A	1.9316352744371387e-05	4.714074872357671
6:42187928:C:A	0.00236796	2.70815e-05	4.47093	4.27252	6	42187928	C	A	1.932762119789288e-05	4.713821594714435
6:103677454:G:A	0.00273424	2.73625e-06	6.90702	4.27227	6	103677454	G	A	1.9349308899878418e-05	4.713334542083274
6:29946248:C:T	0.000262838	1.50917e-06	5.15998	4.27207	6	29946248	C	T	1.9366675747282584e-05	4.712944918697983
6:29946256:G:A	0.000262838	1.50917e-06	5.15998	4.27207	6	29946256	G	A	1.9366675747282584e-05	4.712944918697983
6:160299373:G:A	0.00741221	9.18745e-06	6.69304	4.27187	6	160299373	G	A	1.9384057439505205e-05	4.7125553119523085
6:89539796:A:G	2.03378e-06	0.00259344	-7.15084	-4.27184	6	89539796	A	G	1.9386665974445347e-05	4.712496872375622
6:96088533:T:TTG	3.1956e-06	0.00900623	-7.9439	-4.27176	6	96088533	T	TTG	1.9393623702176418e-05	4.712341035334806
6:49058154:T:G	3.28374e-06	0.00220621	-6.51005	-4.26856	6	49058154	T	G	1.9673891104460755e-05	4.706109736772481
6:17527599:C:CTTT	2.02012e-06	0.00802137	-8.28671	-4.26812	6	17527599	C	CTTT	1.9712728190440815e-05	4.705253266331364
6:42187266:G:A	0.00236796	2.72721e-05	4.46392	4.26706	6	42187266	G	A	1.9806590293383634e-05	4.703190281867938
6:42187319:T:C	0.00236796	2.72721e-05	4.46392	4.26706	6	42187319	T	C	1.9806590293383634e-05	4.703190281867938
6:52206263:A:C	1.16067e-05	0.00777868	-6.50756	-4.26662	6	52206263	A	C	1.9845676787927723e-05	4.702334085960619
6:102280635:G:A	1.8886e-05	0.00205324	-4.68875	-4.26622	6	102280635	G	A	1.9881273695919713e-05	4.70155579592512
6:133712649:C:T	3.29603e-06	0.0130443	-8.28338	-4.26584	6	133712649	C	T	1.991514707073399e-05	4.700816482035353
6:94802535:G:C	3.09588e-05	3.84607e-07	4.38819	4.26565	6	94802535	G	C	1.9932104360598188e-05	4.700446847614102
6:29946311:G:T	0.000236235	2.85716e-06	4.415	4.26564	6	29946311	G	T	1.9932997230305127e-05	4.700427393586827
6:65114203:A:C	0.000163057	2.0062e-06	4.39786	4.26531	6	65114203	A	C	1.9962483306867857e-05	4.699785434021311
6:119413366:CT:C	0.00549281	3.85306e-06	7.26233	4.26491	6	119413366	CT	C	1.9998279692632106e-05	4.6990073619425585
6:158778487:G:C	8.28985e-06	0.00340137	-6.0169	-4.26402	6	158778487	G	C	2.0078146080610617e-05	4.697276390338335
6:158778746:G:C	8.28985e-06	0.00340137	-6.0169	-4.26402	6	158778746	G	C	2.0078146080610617e-05	4.697276390338335
6:73784296:AT:A	5.60179e-06	0.00200503	-5.88033	-4.26376	6	73784296	AT	A	2.0101535099633514e-05	4.696770775423149
6:88647093:G:A	0.00537261	8.38179e-05	4.16042	4.26349	6	88647093	G	A	2.012585115549516e-05	4.696245743540562
6:88647030:A:G	0.00537254	8.38179e-05	4.16041	4.26348	6	88647030	A	G	2.012675228783307e-05	4.696226298497588
6:77631806:A:C	0.008675	6.71091e-06	7.16447	4.26329	6	77631806	A	C	2.0143881103897864e-05	4.695856850583783
6:8025313:A:G	5.22577e-06	0.00658551	-7.13902	-4.26306	6	8025313	A	G	2.016463455877253e-05	4.6954096442512885
6:158777228:C:T	8.31523e-06	0.00340682	-6.01545	-4.26291	6	158777228	C	T	2.0178180387831675e-05	4.695117999801487
6:24237983:C:T	1.62498e-05	0.00833518	-6.24016	-4.26226	6	24237983	C	T	2.023697917041763e-05	4.693854315326862
6:91118664:CTT:C	0.000160794	0.0498145	-5.73594	-4.26132	6	91118664	CTT	C	2.0322299898868207e-05	4.692027143983311
6:19797910:C:T	4.4654e-06	0.00182515	-6.01306	-4.26108	6	19797910	C	T	2.034413874181527e-05	4.6915606910451215
6:132231116:C:T	3.86513e-05	0.0134158	-5.84961	-4.26004	6	132231116	C	T	2.043903221567716e-05	4.689539671812352
6:65682740:G:C	3.0922e-06	0.00175631	-6.34209	-4.25992	6	65682740	G	C	2.04500085428571e-05	4.689306506232927
6:47326456:G:A	4.48184e-05	0.0086924	-5.26759	-4.2596	6	47326456	G	A	2.0479306194569823e-05	4.688684760634382
6:95941700:C:G	2.45529e-06	0.00114657	-6.14628	-4.25874	6	95941700	C	G	2.05582417921388e-05	4.687014030368549
6:32438088:A:C	5.35913e-07	0.000690518	-7.16123	-4.2576	6	32438088	A	C	2.0663323952201973e-05	4.6847998155373665
6:65114261:A:G	0.000162655	2.0215e-06	4.38779	4.25753	6	65114261	A	G	2.066979300246763e-05	4.684663872590719
6:34908494:A:G	2.15226e-06	0.000916999	-6.05459	-4.25749	6	34908494	A	G	2.0673490468324907e-05	4.684586191821882
6:30600066:TA:T	1.33742e-06	0.00167271	-7.13146	-4.25744	6	30600066	TA	T	2.0678113186216887e-05	4.684489091796596
6:67132788:A:T	2.8275e-06	0.00148373	-6.26293	-4.25703	6	67132788	A	T	2.0716056613069036e-05	4.68369291080775
6:26285639:C:T	1.47493e-05	0.00773694	-6.26257	-4.25674	6	26285639	C	T	2.0742934662782045e-05	4.683129800613757
6:49058415:G:A	3.29265e-06	0.00217883	-6.49485	-4.25674	6	49058415	G	A	2.0742934662782045e-05	4.683129800613757
6:1798242:GCA:G	0.0237016	3.00181e-05	6.6715	4.2565	6	1798242	GCA	G	2.076520367172883e-05	4.682663804834664
6:32979065:G:T	2.2202e-05	0.0285607	-7.1596	-4.2564	6	32979065	G	T	2.0774489141779023e-05	4.682469646996764
6:8023571:C:T	3.4874e-06	0.00393665	-7.02893	-4.25607	6	8023571	C	T	2.080515924890093e-05	4.681828955638674
6:8023324:G:A	2.94865e-06	0.00530418	-7.4949	-4.25543	6	8023324	G	A	2.086476358730739e-05	4.680586531791454
6:32722306:AT:A	0.0148378	1.09236e-05	7.21401	4.25499	6	32722306	AT	A	2.090583583764465e-05	4.679732464209229
6:97341637:C:G	5.96037e-06	0.00252741	-6.04982	-4.25425	6	97341637	C	G	2.097508553886442e-05	4.678296259391702
6:42289489:C:T	5.66434e-06	0.0219875	-8.26404	-4.25258	6	42289489	C	T	2.1132168681600565e-05	4.675055931337552
6:133717836:TG:T	0.0134767	4.15485e-06	8.08444	4.25178	6	133717836	TG	T	2.1207814240551294e-05	4.673504089247843
6:73634764:A:C	2.51965e-07	0.000450848	-7.48959	-4.25162	6	73634764	A	C	2.1222974254719388e-05	4.673193752767546
6:102278858:C:T	2.0777e-05	0.00221115	-4.66742	-4.2516	6	102278858	C	T	2.1224869981715624e-05	4.673154961456043
6:27544441:C:T	1.32999e-06	0.00515094	-8.26176	-4.25102	6	27544441	C	T	2.127991624108375e-05	4.672030085780501
6:18425751:C:T	3.39161e-06	0.00927727	-7.91402	-4.2508	6	18425751	C	T	2.130083138724183e-05	4.67160344539483
6:106878537:G:A	0.000103738	0.0212579	-5.32261	-4.25057	6	106878537	G	A	2.13227181450637e-05	4.671157433784416
6:48063808:G:A	3.0572e-06	0.0039003	-7.15131	-4.25023	6	48063808	G	A	2.1355111702100926e-05	4.670498152568734
6:68511935:A:C	6.05145e-06	0.0164985	-7.91073	-4.24849	6	68511935	A	C	2.1521625181832545e-05	4.667124936497649
6:153700595:C:CCCAGAGA	9.71084e-06	0.0123166	-7.14546	-4.24588	6	153700595	C	CCCAGAGA	2.177371464843975e-05	4.662067472947905
6:153700611:A:ATATT	9.71084e-06	0.0123166	-7.14546	-4.24588	6	153700611	A	ATATT	2.177371464843975e-05	4.662067472947905
6:93258865:G:A	6.13715e-06	0.0108852	-7.4808	-4.24532	6	93258865	G	A	2.182816782858406e-05	4.660982715748899
6:18688252:C:T	1.45982e-05	0.0139232	-6.86041	-4.2443	6	18688252	C	T	2.192768364617704e-05	4.659007243051863
6:105172301:C:T	9.40259e-05	0.0281282	-5.70096	-4.24365	6	105172301	C	T	2.1991325713550644e-05	4.65774858906917
6:73783892:AT:A	5.60163e-06	0.00194683	-5.8509	-4.24326	6	73783892	AT	A	2.2029595304266364e-05	4.656993481003492
6:31193570:A:G	2.7631e-06	0.00924031	-8.11498	-4.24202	6	31193570	A	G	2.215169459708381e-05	4.65459304479027
6:80443769:A:G	7.36375e-06	0.00480931	-6.48174	-4.24189	6	80443769	A	G	2.2164532568260766e-05	4.65434142318105
6:31021149:G:A	4.74763e-06	0.0128213	-7.90122	-4.24182	6	31021149	G	A	2.217144825485908e-05	4.654205937532743
6:40478801:C:A	0.0250039	0.000350235	4.26818	4.23869	6	40478801	C	A	2.2482785871855664e-05	4.648149875762601
6:66890242:C:T	0.0023808	4.01446e-06	6.38529	4.23819	6	66890242	C	T	2.2532904130448657e-05	4.647182831065882
6:2288245:G:A	6.02163e-07	0.00056892	-6.85097	-4.23707	6	2288245	G	A	2.264555515574975e-05	4.6450170281219645
6:22869584:T:C	5.0073e-06	0.00876943	-7.46813	-4.23623	6	22869584	T	C	2.273039495005836e-05	4.643393018162367
6:73782476:C:T	4.54628e-06	0.00187416	-6.0216	-4.23512	6	73782476	C	T	2.2842968719772234e-05	4.641247454943186
6:18685001:G:A	2.12099e-05	0.0136412	-6.46639	-4.2346	6	18685001	G	A	2.2895888295337308e-05	4.6402425024188965
6:70715086:CT:C	0.00659367	2.08625e-06	8.0585	4.23447	6	70715086	CT	C	2.2909136407388908e-05	4.639991281852707
6:29789223:A:C	5.18413e-07	0.000166446	-5.77165	-4.23419	6	29789223	A	C	2.2937695584098395e-05	4.639450215265632
6:66712700:T:C	2.70447e-06	0.00893099	-8.10238	-4.23394	6	66712700	T	C	2.2963223476554157e-05	4.638967147640927
6:66639784:CTT:C	0.0161072	2.40756e-05	6.50582	4.23268	6	66639784	CTT	C	2.309229610634387e-05	4.636532882295582
6:135861380:T:C	0.0043525	6.65882e-05	4.17998	4.23202	6	135861380	T	C	2.316018081511941e-05	4.6352580543270685
6:52408848:C:T	5.54954e-06	0.0147367	-7.88438	-4.23001	6	52408848	C	T	2.3368092377293458e-05	4.631376739205103
6:29946258:T:G	0.000262846	1.61561e-06	5.09186	4.22837	6	29946258	T	G	2.3539046171636155e-05	4.628211139232081
6:144484482:A:G	8.8063e-06	0.00299571	-5.82947	-4.22834	6	144484482	A	G	2.3542184431006673e-05	4.628153242328709
6:141941527:C:T	3.40439e-05	0.0409295	-7.09195	-4.2281	6	141941527	C	T	2.356730484208342e-05	4.627690080570171
6:85249415:G:A	3.65198e-06	0.00790049	-7.67941	-4.22804	6	85249415	G	A	2.3573588928855098e-05	4.627574293871762
6:31153736:C:T	0.00179129	3.06796e-06	6.36968	4.22687	6	31153736	C	T	2.3696447765644473e-05	4.625316752361384
6:68512450:A:G	5.31506e-06	0.0140387	-7.87903	-4.22626	6	68512450	A	G	2.376074375757158e-05	4.624139969214677
6:52158496:G:A	8.96474e-06	0.0292486	-8.09029	-4.22619	6	52158496	G	A	2.376813259419303e-05	4.624004938418893
6:105174699:C:G	9.59734e-05	0.0325417	-5.82621	-4.22607	6	105174699	C	G	2.378080425782833e-05	4.623773461793422
6:105174646:T:C	9.59734e-05	0.032476	-5.82419	-4.22466	6	105174646	T	C	2.3930178614251973e-05	4.621054059811363
6:125455059:CTTT:C	0.0375343	0.000525633	4.26841	4.22442	6	125455059	CTTT	C	2.3955692779154458e-05	4.620591265180979
6:29946254:A:G	0.000248237	1.53633e-06	5.08499	4.22397	6	29946254	A	G	2.400360161501857e-05	4.619723589781081
6:52206781:T:G	1.69187e-05	0.029118	-7.45069	-4.22372	6	52206781	T	G	2.4030257010735423e-05	4.619241584262796
6:52206589:C:T	1.69264e-05	0.029118	-7.45024	-4.2234	6	52206589	C	T	2.40644170137503e-05	4.618624655107674
6:47054146:T:C	0.0056728	1.03438e-05	6.30705	4.22336	6	47054146	T	C	2.406869026121851e-05	4.618547541956033
6:50008946:T:TA	0.00631965	7.70204e-05	4.40735	4.22306	6	50008946	T	TA	2.4100762637641267e-05	4.617969214517294
6:14685885:T:C	0.0157915	0.000202964	4.3542	4.22294	6	14685885	T	C	2.4113602969956992e-05	4.617737894016357
6:52159700:G:A	9.39053e-06	0.0201613	-7.67182	-4.22271	6	52159700	G	A	2.4138231801781795e-05	4.617294546453026
6:68259652:A:T	9.72954e-06	0.00902039	-6.83208	-4.2226	6	68259652	A	T	2.4150019266751125e-05	4.617082518434607
6:12798039:G:GACACACACA	2.76559e-06	0.00134522	-6.18706	-4.2224	6	12798039	G	GACACACACA	2.4171465053324466e-05	4.616697025831827
6:124235015:G:A	5.25208e-05	0.0130996	-5.51913	-4.22184	6	124235015	G	A	2.423160969060816e-05	4.615617734994625
6:66516245:A:G	5.69938e-06	0.00527783	-6.83091	-4.22171	6	66516245	A	G	2.424559218733091e-05	4.615367203977855
6:18686739:T:C	1.49119e-05	0.0177495	-7.08195	-4.22067	6	18686739	T	C	2.435772883189193e-05	4.613363208722264
6:154182738:A:G	2.07446e-05	0.0181118	-6.77203	-4.21892	6	154182738	A	G	2.454753477854565e-05	4.609992115998543
6:99265045:A:G	2.70374e-05	0.0871968	-8.0787	-4.21876	6	99265045	A	G	2.4564958494893946e-05	4.609683965315186
6:93604195:G:A	3.62737e-05	0.0443575	-7.10894	-4.21874	6	93604195	G	A	2.456713728651076e-05	4.609645447227897
6:93604052:T:C	3.62737e-05	0.0443575	-7.10894	-4.21874	6	93604052	T	C	2.456713728651076e-05	4.609645447227897
6:72268628:A:G	6.3463e-06	0.00317707	-6.21584	-4.21854	6	72268628	A	G	2.458893531645274e-05	4.609260275498774
6:47054598:C:T	9.55908e-06	0.0352488	-8.21269	-4.2174	6	47054598	C	T	2.471353585350113e-05	4.607065114095811
6:32970514:G:C	3.78199e-05	0.0805549	-7.66386	-4.21712	6	32970514	G	C	2.4744231248108013e-05	4.606526034271125
6:29790188:A:T	5.20494e-07	0.000163136	-5.74756	-4.2166	6	29790188	A	T	2.4801333228400543e-05	4.605524972473204
6:159277719:G:T	0.00455846	2.69677e-05	5.1301	4.21639	6	159277719	G	T	2.482442915918225e-05	4.605120729373067
6:141940195:GT:G	0.0386908	3.71752e-05	6.94772	4.21613	6	141940195	GT	G	2.4853052468895366e-05	4.604620263309553
6:19492173:T:A	4.75231e-05	0.02097	-6.08963	-4.21602	6	19492173	T	A	2.4865171779494553e-05	4.604408536124944
6:31008426:G:A	8.21312e-06	0.00999198	-7.10381	-4.21492	6	31008426	G	A	2.498667448987268e-05	4.602291540864433
6:55625514:T:A	6.79632e-06	0.00428053	-6.44545	-4.21444	6	55625514	T	A	2.5039870661931154e-05	4.601367918710596
6:87519164:G:GTA	2.15176e-06	0.000934645	-6.07388	-4.21436	6	87519164	G	GTA	2.5048747157939496e-05	4.601213990994352
6:50471308:G:T	1.84277e-05	0.00472128	-5.54598	-4.21411	6	50471308	G	T	2.507650550445306e-05	4.600732984024427
6:159277486:A:C	0.00455846	2.7109e-05	5.12487	4.21233	6	159277486	A	C	2.527499246278353e-05	4.597308965247229
6:61219122:G:A	3.07986e-07	0.000520829	-7.43312	-4.21112	6	61219122	G	A	2.541077122982082e-05	4.594982153691363
6:133496803:T:C	6.73044e-06	0.0245891	-8.20342	-4.21104	6	133496803	T	C	2.541977274739332e-05	4.594828336354562
6:86395552:G:A	1.1055e-05	0.00885823	-6.68622	-4.21039	6	86395552	G	A	2.5493022595783237e-05	4.5935786690875675
6:17702812:C:A	6.58056e-06	0.0239982	-8.20162	-4.2098	6	17702812	C	A	2.5559684707500598e-05	4.592444507737316
6:52549118:G:A	2.014e-05	0.0161118	-6.6846	-4.20914	6	52549118	G	A	2.563445235148703e-05	4.591175956291371
6:70941336:T:A	0.000589498	3.83834e-06	5.03423	4.20912	6	70941336	T	A	2.5636721281865835e-05	4.5911375181642855
6:55625752:C:G	0.00418832	6.78114e-06	6.42591	4.20797	6	55625752	C	G	2.5767506518132615e-05	4.58892760542308
6:11116092:A:G	6.76771e-06	0.0214482	-8.06123	-4.20755	6	11116092	A	G	2.5815429570627963e-05	4.588120643864827
6:33924206:C:G	5.26708e-05	0.135157	-7.85013	-4.20599	6	33924206	C	G	2.5994172710624816e-05	4.585123999847168
6:32336071:G:A	9.74944e-06	0.0113752	-7.06199	-4.20584	6	32336071	G	A	2.6011421444503843e-05	4.584835914292533
6:62797666:T:C	8.05859e-07	0.00168797	-7.64713	-4.20537	6	62797666	T	C	2.6065537995184523e-05	4.5839333067650205
6:69786169:C:T	2.74298e-06	0.0070284	-7.84867	-4.20496	6	69786169	C	T	2.6112833481503216e-05	4.583146000692751
6:29675153:C:CA	3.87798e-06	0.00351292	-6.80889	-4.20485	6	29675153	C	CA	2.612553639366195e-05	4.582934784118552
6:19514999:T:C	0.00049736	7.67828e-06	4.17092	4.20447	6	19514999	T	C	2.616946441525857e-05	4.582205165548044
6:95101450:GT:G	1.71972e-05	0.00330626	-5.25883	-4.20432	6	95101450	GT	G	2.6186823753313913e-05	4.581917174734833
6:133497783:A:G	6.7973e-06	0.0245891	-8.19353	-4.20426	6	133497783	A	G	2.6193770554474948e-05	4.5818019810273665
6:55626580:C:T	6.72693e-06	0.00417606	-6.431	-4.20352	6	55626580	C	T	2.6279592000325504e-05	4.580381381630626
6:29790309:GAACA:G	0.00054671	4.59715e-07	7.08107	4.20269	6	29790309	GAACA	G	2.6376169354509894e-05	4.578788277364258
6:124216929:G:A	4.25264e-06	0.00103382	-5.49347	-4.20205	6	124216929	G	A	2.6450869017347092e-05	4.577560055075346
6:29943611:G:A	0.000209941	2.78371e-06	4.32304	4.20106	6	29943611	G	A	2.6566816498571865e-05	4.5756604839765185
6:124217786:T:TAC	4.23603e-06	0.00102831	-5.49205	-4.20095	6	124217786	T	TAC	2.6579729346711366e-05	4.575449445659209
6:132235149:T:C	3.79091e-05	0.0143221	-5.93437	-4.20074	6	132235149	T	C	2.6604397723481006e-05	4.575046568287068
6:62797183:C:T	8.11451e-07	0.00168797	-7.64021	-4.20051	6	62797183	C	T	2.663144044993886e-05	4.574605342665778
6:105172518:T:C	9.99772e-05	0.0281282	-5.63959	-4.20045	6	105172518	T	C	2.663849937213106e-05	4.574490243944644
6:24083373:C:A	1.37388e-05	0.0163913	-7.08428	-4.2004	6	24083373	C	A	2.664438316643271e-05	4.5743943294863225
6:24083374:C:A	1.37388e-05	0.0163913	-7.08428	-4.2004	6	24083374	C	A	2.664438316643271e-05	4.5743943294863225
6:23784987:C:T	0.000806202	1.43334e-06	6.33232	4.19978	6	23784987	C	T	2.671744496705433e-05	4.573205076502101
6:6294827:G:C	6.1387e-05	0.0200372	-5.78815	-4.19956	6	6294827	G	C	2.6743415887086797e-05	4.572783121899533
6:32438834:C:A	5.38717e-07	0.00168568	-8.04849	-4.19938	6	32438834	C	A	2.676468267619783e-05	4.572437901273384
6:64965975:TGTGC:T	0.00480469	2.27091e-06	7.65717	4.19935	6	64965975	TGTGC	T	2.676822870420904e-05	4.572380365811162
6:88437086:C:A	1.20835e-05	0.0139523	-7.05156	-4.1981	6	88437086	C	A	2.691637763048653e-05	4.569983387276599
6:84121897:C:CAAG	0.00343236	5.80157e-05	4.08029	4.19799	6	84121897	C	CAAG	2.6929451994789598e-05	4.56977248424391
6:32100107:CT:C	0.00414804	1.96784e-06	7.65345	4.1968	6	32100107	CT	C	2.707127943374059e-05	4.567491218264115
6:81740256:T:TCCA	0.00717115	7.64525e-05	4.54115	4.19614	6	81740256	T	TCCA	2.7150245943254927e-05	4.56622623195673
6:24037203:T:C	4.69129e-06	0.0118518	-7.83453	-4.19505	6	24037203	T	C	2.72811400985107e-05	4.564137484156842
6:24037096:G:C	4.69129e-06	0.0118518	-7.83453	-4.19505	6	24037096	G	C	2.72811400985107e-05	4.564137484156842
6:88436879:A:G	1.21531e-05	0.0139523	-7.04582	-4.19384	6	88436879	A	G	2.74271473295546e-05	4.561819360585745
6:88436890:T:C	1.21531e-05	0.0139523	-7.04582	-4.19384	6	88436890	T	C	2.74271473295546e-05	4.561819360585745
6:71871869:C:G	5.31803e-06	0.0189406	-8.17796	-4.19359	6	71871869	C	G	2.745740658602775e-05	4.561340485255375
6:71871846:C:A	5.31803e-06	0.0189406	-8.17796	-4.19359	6	71871846	C	A	2.745740658602775e-05	4.561340485255375
6:71871836:C:G	5.31803e-06	0.0189406	-8.17796	-4.19359	6	71871836	C	G	2.745740658602775e-05	4.561340485255375
6:86538887:A:C	2.40508e-06	0.00606045	-7.83196	-4.19324	6	86538887	A	C	2.749982287593416e-05	4.560670103415269
6:35299771:G:A	3.84637e-06	0.00124411	-5.77905	-4.19323	6	35299771	G	A	2.7501035684910115e-05	4.560650950396218
6:111118789:C:CCACCTAAT	8.52404e-06	0.0175346	-7.62904	-4.19267	6	111118789	C	CCACCTAAT	2.7569034214106157e-05	4.559578447634925
6:167765391:T:G	1.82406e-05	0.0214799	-7.07122	-4.19069	6	167765391	T	G	2.7810741672564462e-05	4.5557874289708975
6:116916421:T:G	8.49356e-07	0.00139421	-7.40336	-4.18978	6	116916421	T	G	2.7922503986535578e-05	4.5540456383850625
6:86539622:G:T	2.29348e-06	0.00574885	-7.82668	-4.18954	6	86539622	G	T	2.795205084517567e-05	4.553586322372623
6:75219035:A:C	2.32985e-06	0.00239569	-6.93562	-4.18913	6	75219035	A	C	2.8002595506638634e-05	4.552801712873151
6:9806643:C:T	1.30729e-05	0.0327158	-7.82508	-4.18841	6	9806643	C	T	2.809156721532641e-05	4.55142403103759
6:72354759:C:T	2.26213e-06	0.00257727	-7.03818	-4.18816	6	72354759	C	T	2.8122522980843625e-05	4.5509457196583885
6:64634559:A:C	1.08405e-05	0.0271118	-7.82444	-4.18797	6	64634559	A	C	2.8146071049370696e-05	4.550582220374496
6:44756512:T:A	0.00411686	6.87421e-06	6.39507	4.18705	6	44756512	T	A	2.8260358660913313e-05	4.548822330687492
6:23785125:G:C	0.000792732	1.4346e-06	6.3146	4.18693	6	23785125	G	C	2.827529822570674e-05	4.548592805780198
6:18684667:A:AT	2.23853e-05	0.0135245	-6.40386	-4.18596	6	18684667	A	AT	2.8396335648458928e-05	4.546737699049079
6:29790409:G:T	0.000535003	4.60704e-07	7.05727	4.1854	6	29790409	G	T	2.846643702248054e-05	4.545666887553085
6:153699759:T:G	2.05938e-05	0.00953316	-6.13754	-4.18523	6	153699759	T	G	2.8487750328185404e-05	4.54534184555279
6:18688563:A:C	2.25319e-05	0.00941239	-6.03485	-4.18434	6	18688563	A	C	2.859957958171031e-05	4.543640351020793
6:48474036:T:C	1.53699e-07	9.29747e-05	-6.40509	-4.18391	6	48474036	T	C	2.8653758845827706e-05	4.542818398516027
6:24083583:C:T	1.38751e-05	0.0161793	-7.06139	-4.18339	6	24083583	C	T	2.8719408298430243e-05	4.541824512040248
6:89544240:ATTG:A	0.00235491	4.46031e-06	6.26904	4.18286	6	89544240	ATTG	A	2.8786467359740056e-05	4.540811627942534
6:159281448:TGAGCTCCCT:T	0.00642325	4.33112e-05	4.99927	4.18231	6	159281448	TGAGCTCCCT	T	2.8856214315263774e-05	4.5397606451701895
6:28709367:C:T	5.66495e-06	0.0198433	-8.16132	-4.18219	6	28709367	C	T	2.8871453166173107e-05	4.539531356536059
6:38631790:C:A	3.54406e-06	0.00181776	-6.24009	-4.18023	6	38631790	C	A	2.9121439883263354e-05	4.535787155530151
6:22180713:C:T	7.68585e-06	0.0233316	-8.01818	-4.17994	6	22180713	C	T	2.915860198990427e-05	4.535233302117604
6:26561474:G:A	7.089e-07	0.00247436	-8.15778	-4.17976	6	26561474	G	A	2.9181690793061636e-05	4.534889548603517
6:69784321:C:T	2.73357e-06	0.00550724	-7.60821	-4.17804	6	69784321	C	T	2.9403195296429015e-05	4.531605471485714
6:29793285:A:G	5.16699e-07	0.000153588	-5.69457	-4.17791	6	29793285	A	G	2.9420001714442495e-05	4.531357306300096
6:81996778:T:TTCTC	0.00890591	1.73432e-05	6.24127	4.17755	6	81996778	T	TTCTC	2.9466590230311717e-05	4.530670116265307
6:29793303:T:G	5.17679e-07	0.000153588	-5.69268	-4.17653	6	29793303	T	G	2.9598972135291036e-05	4.528723370147886
6:29793318:C:T	5.18099e-07	0.000153588	-5.69186	-4.17594	6	29793318	C	T	2.9675803835189485e-05	4.527597508381492
6:15569692:C:T	8.07614e-06	0.0280117	-8.15146	-4.17544	6	15569692	C	T	2.9741063797127048e-05	4.52664350141731
6:123776605:T:C	0.00565722	8.29623e-05	4.2223	4.17525	6	123776605	T	C	2.976589832874691e-05	4.526281005995464
6:29793460:G:A	3.57728e-07	0.00124005	-8.15089	-4.17504	6	29793460	G	A	2.9793369952316663e-05	4.525880370604342
6:4823964:A:C	1.21566e-05	0.00508036	-6.03526	-4.17502	6	4823964	A	C	2.9795987553840894e-05	4.525842215808045
6:95458843:CTG:C	0.00858545	6.86159e-06	7.13188	4.17446	6	95458843	CTG	C	2.9869369202855122e-05	4.524773948959712
6:32721102:C:CTTTTTTTTT	1.23827e-05	0.0138393	-7.01897	-4.17389	6	32721102	C	CTTTTTTTTT	2.9944237613228162e-05	4.523686739670539
6:57588416:A:G	1.70918e-05	1.00825e-07	5.13297	4.17388	6	57588416	A	G	2.9945552684709812e-05	4.523667667027771
6:148353313:G:A	2.04081e-05	0.0167736	-6.71163	-4.17272	6	148353313	G	A	3.0098474026898143e-05	4.521455522296428
6:46807585:G:A	1.00265e-07	0.000346352	-8.14739	-4.17264	6	46807585	G	A	3.010904763795522e-05	4.521302981190064
6:15445005:G:A	0.00280254	9.73936e-07	7.96469	4.1719	6	15445005	G	A	3.0207021037681136e-05	4.519892101959036
6:108901196:C:T	1.33889e-05	0.0400943	-8.00456	-4.17121	6	108901196	C	T	3.0298647515611734e-05	4.518576757293611
6:19127588:G:C	3.43374e-06	0.0118265	-8.14445	-4.17063	6	19127588	G	C	3.0375871140841293e-05	4.517471258208932
6:93257601:C:T	6.81711e-06	0.0108852	-7.37573	-4.16997	6	93257601	C	T	3.0463973826251188e-05	4.516213446428483
6:119799469:G:C	4.79928e-06	0.00533094	-7.01282	-4.16933	6	119799469	G	C	3.054963861040222e-05	4.514993922915255
6:32721210:CAGGGTGT:C	0.0135287	1.12909e-05	7.08857	4.16784	6	32721210	CAGGGTGT	C	3.07499646804311e-05	4.512155378721172
6:67827722:A:G	5.19736e-05	0.0150355	-5.66744	-4.16716	6	67827722	A	G	3.084180293386157e-05	4.510860242121059
6:123776283:T:G	3.05272e-05	0.00730334	-5.47747	-4.16567	6	123776283	T	G	3.1043948863885936e-05	4.508023040612409
6:86660940:G:A	0.00213209	1.88984e-06	7.02837	4.16439	6	86660940	G	A	3.1218609164616324e-05	4.50558644930651
6:75461525:A:C	1.45133e-05	0.0164851	-7.03515	-4.16388	6	75461525	A	C	3.1288460184037384e-05	4.504615809497809
6:29804528:C:A	6.02676e-05	8.42746e-07	4.26988	4.16373	6	29804528	C	A	3.130903284788237e-05	4.504330347755657
6:121553769:C:T	0.0423611	2.1099e-05	7.60476	4.16341	6	121553769	C	T	3.135296416410597e-05	4.503721393931829
6:49854813:T:C	1.08846e-05	0.021473	-7.58721	-4.16329	6	49854813	T	C	3.1369453503383064e-05	4.503493047210208
6:19503710:G:A	0.00106823	1.40604e-05	4.33039	4.1632	6	19503710	G	A	3.138182591515909e-05	4.503321791092992
6:8027822:C:CA	6.26964e-06	0.00367647	-6.37399	-4.16273	6	8027822	C	CA	3.144651276778769e-05	4.502427508237077
6:32437415:T:G	1.94848e-06	0.00081132	-6.03161	-4.16165	6	32437415	T	G	3.159563528656591e-05	4.500372907947525
6:50416922:A:G	8.94223e-06	0.0175838	-7.58395	-4.161	6	50416922	A	G	3.168570857894215e-05	4.499136576419957
6:32437894:A:C	1.95056e-06	0.00081132	-6.03055	-4.16082	6	32437894	A	C	3.171069505660877e-05	4.498794238706384
6:32437585:G:C	1.95056e-06	0.00081132	-6.03055	-4.16082	6	32437585	G	C	3.171069505660877e-05	4.498794238706384
6:80187719:C:T	6.85857e-07	0.000271568	-5.9813	-4.16076	6	80187719	C	T	3.171902804197248e-05	4.498680129124779
6:84696043:G:T	5.14253e-07	0.00123679	-7.78532	-4.16053	6	84696043	G	T	3.1750990430825664e-05	4.498242722909536
6:31021925:C:G	1.63863e-05	0.0179853	-7.00086	-4.16045	6	31021925	C	G	3.17621149548778e-05	4.498090586765988
6:73776554:CT:C	0.00136532	1.15189e-06	7.07774	4.16031	6	73776554	CT	C	3.1781591783633205e-05	4.497824354909129
6:80186333:C:T	6.85857e-07	0.000271368	-5.98056	-4.16017	6	80186333	C	T	3.1801079959843335e-05	4.497558131190517
6:4252429:A:G	6.12754e-06	0.0147235	-7.78441	-4.15989	6	4252429	A	G	3.1840090379546546e-05	4.497025708167954
6:72353763:A:G	2.3072e-06	0.00252999	-6.99993	-4.15976	6	72353763	A	G	3.185821781158108e-05	4.496778522830077
6:67176323:A:ATG	1.40335e-05	0.00581918	-6.02747	-4.15843	6	67176323	A	ATG	3.204423958705034e-05	4.494250029808306
6:98058888:T:C	5.0585e-07	0.000295587	-6.37048	-4.15773	6	98058888	T	C	3.214255983142538e-05	4.49291953901036
6:22390477:C:G	1.78177e-05	0.0194742	-6.99666	-4.15732	6	22390477	C	G	3.220028043191155e-05	4.492140346021517
6:50469122:C:G	2.26485e-05	0.0053534	-5.4654	-4.15713	6	50469122	C	G	3.222706238243462e-05	4.4917792802538274
6:73616144:A:C	0.000167477	1.56194e-06	4.67492	4.15689	6	73616144	A	C	3.226092246512082e-05	4.4913232186028536
6:123111293:C:T	1.17774e-05	0.00487387	-6.02546	-4.15687	6	123111293	C	T	3.2263745663821e-05	4.4912852145447735
6:19515669:G:C	0.000466589	7.66552e-06	4.10872	4.15683	6	19515669	G	C	3.2269392765409096e-05	4.491209206926846
6:9676452:TTG:T	0.00156512	1.64381e-06	6.8587	4.1551	6	9676452	TTG	T	3.251453046759875e-05	4.487922513124736
6:88436801:T:G	1.25111e-05	0.0136325	-6.99359	-4.15505	6	88436801	T	G	3.2521641609285066e-05	4.487827540450051
6:83894400:T:G	1.68908e-06	0.00568377	-8.12119	-4.15469	6	83894400	T	G	3.257288546319687e-05	4.487143767832491
6:95086880:G:T	1.44177e-06	0.00420736	-7.97872	-4.15463	6	95086880	G	T	3.258143355975349e-05	4.487029810960796
6:29806187:C:G	6.29717e-05	1.14852e-06	4.00421	4.15457	6	29806187	C	G	3.258998378742641e-05	4.486915855583736
6:24083671:G:A	1.46233e-05	0.0163913	-7.02189	-4.15402	6	24083671	G	A	3.266846026537911e-05	4.485871334272888
6:7278362:A:T	2.92081e-06	0.00169772	-6.36518	-4.15373	6	7278362	A	T	3.27099110225483e-05	4.48532063724062
6:91619501:T:A	1.68385e-05	0.00978741	-6.36518	-4.15373	6	91619501	T	A	3.27099110225483e-05	4.48532063724062
6:18421317:T:C	4.05443e-06	0.00965605	-7.77553	-4.15366	6	18421317	T	C	3.2719923860804254e-05	4.485187715601908
6:88932352:C:A	1.21357e-05	0.00319423	-5.57295	-4.15354	6	88932352	C	A	3.273709550102915e-05	4.484959854668468
6:72352178:T:C	0.00250298	2.63594e-06	6.856	4.15325	6	72352178	T	C	3.2778628982867896e-05	4.484409215427728
6:92459594:A:G	1.51059e-05	0.0112152	-6.60994	-4.15148	6	92459594	A	G	3.3033213615516755e-05	4.481049174186396
6:70947580:G:C	2.03748e-05	0.0227244	-7.0169	-4.15031	6	70947580	G	C	3.320252833513112e-05	4.4788288440011605
6:14690984:C:T	5.20376e-05	0.173888	-8.1142	-4.1499	6	14690984	C	T	3.32620556597338e-05	4.4780509140434
6:102278332:A:G	2.46566e-05	0.00226066	-4.51837	-4.14939	6	102278332	A	G	3.3336243333514654e-05	4.477083342463876
6:9804753:C:T	1.1846e-05	0.0131878	-7.01506	-4.14895	6	9804753	C	T	3.340037465886744e-05	4.476248661590647
6:24644610:G:GA	0.00413288	8.38819e-06	6.1999	4.14874	6	24644610	G	GA	3.343102408901116e-05	4.475850319506912
6:167285890:A:G	2.12827e-05	0.0122562	-6.3559	-4.14866	6	167285890	A	G	3.34427070881537e-05	4.475698574957236
6:84473095:A:G	2.09658e-05	0.0324819	-7.34555	-4.14833	6	84473095	A	G	3.3490940466193095e-05	4.475072656773562
6:78221349:T:TTGTGTGTG	9.31821e-07	0.000741604	-6.67943	-4.1481	6	78221349	T	TTGTGTGTG	3.3524596738187855e-05	4.474636437501213
6:153698685:C:G	1.14268e-05	0.0127031	-7.01364	-4.14789	6	153698685	C	G	3.355535443380208e-05	4.474238169518483
6:164257720:AAAAAT:A	0.0101206	5.11089e-05	5.28837	4.14748	6	164257720	AAAAAT	A	3.3615482442621947e-05	4.473460651457747
6:103627002:C:G	1.42043e-06	0.00152948	-6.98172	-4.14623	6	103627002	C	G	3.3799431823451596e-05	4.4710906002552955
6:160299108:T:TACAC	3.71915e-06	0.00715688	-7.56233	-4.14582	6	160299108	T	TACAC	3.385997516810809e-05	4.470313364725536
6:153699606:C:G	1.14628e-05	0.0127031	-7.01049	-4.14555	6	153699606	C	G	3.389990141302041e-05	4.46980156480115
6:34915586:G:A	2.34163e-06	0.00084548	-5.88906	-4.14521	6	34915586	G	A	3.395024251849875e-05	4.469157119054478
6:98060211:T:C	4.85063e-07	0.000278586	-6.3532	-4.14467	6	98060211	T	C	3.403034200639027e-05	4.46813368620417
6:44756952:A:G	0.00400202	7.11562e-06	6.33226	4.14445	6	44756952	A	G	3.406302656355881e-05	4.467716766782794
6:91213200:C:T	2.78565e-05	0.0654418	-7.76185	-4.14407	6	91213200	C	T	3.4119551947049036e-05	4.466996680558496
6:128922912:C:T	0.000841695	1.35218e-05	4.13111	4.14354	6	128922912	C	T	3.4198538781269464e-05	4.465992449873361
6:73633889:A:T	2.69659e-07	0.000288983	-6.97696	-4.1427	6	73633889	A	T	3.432408131636821e-05	4.464401077822342
6:69479113:C:G	2.65143e-07	0.000255417	-6.87038	-4.14232	6	69479113	C	G	3.438101805063329e-05	4.4636812676365665
6:23925247:TAC:T	0.0193733	7.04316e-06	7.91959	4.14182	6	23925247	TAC	T	3.445607147993597e-05	4.462734240290338
6:80190923:C:G	7.02307e-07	0.000271491	-5.95732	-4.14171	6	80190923	C	G	3.447260410396493e-05	4.462525908200274
6:55841600:G:GTGTT	0.00895097	0.000102232	4.47227	4.14144	6	55841600	G	GTGTT	3.4513216128520774e-05	4.462014568909341
6:114982299:A:T	9.10939e-07	0.00051972	-6.34657	-4.1414	6	114982299	A	T	3.451923658794868e-05	4.461938817513822
6:72266853:A:G	0.00302162	5.71079e-06	6.27119	4.14136	6	72266853	A	G	3.4525258044784446e-05	4.461863066782433
6:133500494:G:T	7.48602e-06	0.0246902	-8.10113	-4.14094	6	133500494	G	T	3.458854359921511e-05	4.4610677241995855
6:41910632:C:CA	5.22051e-06	0.00434996	-6.72533	-4.14085	6	41910632	C	CA	3.460211911556061e-05	4.460897303172176
6:23789887:A:G	2.60868e-07	0.000105146	-5.99909	-4.14063	6	23789887	A	G	3.4635325017568716e-05	4.460480732592631
6:24644246:AG:A	8.58348e-06	0.00418251	-6.18883	-4.14018	6	24644246	AG	A	3.470334046607538e-05	4.459628718979775
6:24644272:G:A	8.58348e-06	0.00418251	-6.18883	-4.14018	6	24644272	G	A	3.470334046607538e-05	4.459628718979775
6:31360084:C:T	8.8004e-06	0.013467	-7.3332	-4.13947	6	31360084	C	T	3.481091174848786e-05	4.458284601761628
6:5208482:T:C	8.04968e-06	0.0153493	-7.55319	-4.1394	6	5208482	T	C	3.4821534500446627e-05	4.458152094494036
6:32979040:GTGTTT:G	0.0879484	4.5463e-05	7.56761	4.13794	6	32979040	GTGTTT	G	3.504379772797842e-05	4.45538883506869
6:29813922:C:A	9.25197e-05	1.3453e-06	4.2308	4.13628	6	29813922	C	A	3.52981446276532e-05	4.45224812178353
6:29813925:G:C	9.25197e-05	1.3453e-06	4.2308	4.13628	6	29813925	G	C	3.52981446276532e-05	4.45224812178353
6:5200849:TAC:T	0.00253443	8.53434e-06	5.69363	4.13627	6	5200849	TAC	T	3.529968213666442e-05	4.452229205289633
6:84472336:A:C	2.13367e-05	0.0324819	-7.32801	-4.13575	6	84472336	A	C	3.537972029973666e-05	4.451245604799984
6:153644506:G:T	5.73733e-05	0.0127921	-5.407	-4.13536	6	153644506	G	T	3.543986198433802e-05	4.450507978081745
6:169719195:A:G	5.96769e-06	0.00228456	-5.94757	-4.13397	6	169719195	A	G	3.5655003692146994e-05	4.4478795142440735
6:30807277:T:C	5.42203e-06	0.0153196	-7.94642	-4.13391	6	30807277	T	C	3.566431824992894e-05	4.447766073427226
6:18544872:C:T	1.09805e-05	0.00619873	-6.33598	-4.13316	6	18544872	C	T	3.578094535533314e-05	4.446348189280639
6:30807037:C:T	5.43017e-06	0.0153196	-7.94492	-4.13295	6	30807037	C	T	3.58136657858774e-05	4.445951223553924
6:34308461:C:CA	0.000204762	2.99321e-06	4.2255	4.13256	6	34308461	C	CA	3.587450769354328e-05	4.445214050047348
6:4915189:T:A	3.57357e-05	0.0105823	-5.69079	-4.13177	6	4915189	T	A	3.599805245065731e-05	4.443720994588606
6:80191555:C:G	7.11476e-07	0.000270912	-5.94221	-4.12971	6	80191555	C	G	3.632211014034276e-05	4.439828928992183
6:49057785:G:A	4.2246e-06	0.0020309	-6.17531	-4.12962	6	49057785	G	A	3.633633096045657e-05	4.439658927442773
6:99648468:A:G	4.78992e-06	0.00900333	-7.53884	-4.12932	6	99648468	A	G	3.638377188393513e-05	4.439092279888653
6:98059554:C:T	4.97975e-07	0.000280178	-6.33263	-4.12911	6	98059554	C	T	3.641701551588438e-05	4.438695648823712
6:3285611:AG:A	0.0505206	0.00051568	4.58465	4.12894	6	3285611	AG	A	3.644394814843598e-05	4.438374579937308
6:7278743:G:A	3.147e-06	0.00244173	-6.65401	-4.12866	6	7278743	G	A	3.6488349009470894e-05	4.437845786739426
6:30178389:CT:C	0.00290816	3.59949e-06	6.69448	4.12847	6	30178389	CT	C	3.651850741102952e-05	4.437486981313001
6:13513155:G:A	5.112e-06	0.0165368	-8.08175	-4.12766	6	13513155	G	A	3.6647343154992496e-05	4.435957505196137
6:30806968:G:A	5.47718e-06	0.0153196	-7.93629	-4.12742	6	30806968	G	A	3.668559950892534e-05	4.43550437937534
6:30806941:T:C	5.47718e-06	0.0153196	-7.93629	-4.12742	6	30806941	T	C	3.668559950892534e-05	4.43550437937534
6:36608637:C:T	5.46287e-06	0.00821517	-7.31576	-4.12697	6	36608637	C	T	3.675743239254737e-05	4.434654832886954
6:88670312:T:C	0.00160199	2.95409e-05	3.99323	4.12682	6	88670312	T	C	3.6781406348319257e-05	4.434371669398157
6:29806193:C:T	6.28404e-05	1.19352e-06	3.96369	4.1268	6	29806193	C	T	3.678460399719085e-05	4.434333914971776
6:40480267:T:C	0.000118165	0.0290796	-5.50571	-4.12601	6	40480267	T	C	3.691112245088838e-05	4.432842747900658
6:40480474:T:C	0.000118165	0.0290796	-5.50571	-4.12601	6	40480474	T	C	3.691112245088838e-05	4.432842747900658
6:57268868:G:A	5.35344e-06	0.0122538	-7.73585	-4.12583	6	57268868	G	A	3.694000717493474e-05	4.432503024541845
6:32442219:T:C	2.83516e-06	0.00790865	-7.93361	-4.1257	6	32442219	T	C	3.6960881709421625e-05	4.432257677144326
6:32442310:T:C	2.83516e-06	0.00790865	-7.93361	-4.1257	6	32442310	T	C	3.6960881709421625e-05	4.432257677144326
6:70942845:G:A	0.000622101	4.13679e-06	5.01318	4.12561	6	70942845	G	A	3.697533987016637e-05	4.432087825361917
6:68243699:CA:C	0.00862872	1.31324e-05	6.48777	4.12545	6	68243699	CA	C	3.700105652598243e-05	4.431785874936972
6:162017691:C:T	6.91476e-06	0.0222944	-8.07843	-4.12539	6	162017691	C	T	3.701070464911837e-05	4.431672646266398
6:72433995:A:C	1.95705e-05	0.00873264	-6.1008	-4.1245	6	72433995	A	C	3.71540992520674e-05	4.4299932630786705
6:88668103:C:T	0.00167443	3.09675e-05	3.99029	4.12442	6	88668103	C	T	3.7167014458617834e-05	4.429842323387002
6:88668104:C:A	0.00167443	3.09675e-05	3.99029	4.12442	6	88668104	C	A	3.7167014458617834e-05	4.429842323387002
6:95462683:C:T	4.1079e-06	0.00615493	-7.3121	-4.12434	6	95462683	C	T	3.717993392729021e-05	4.429691386351069
6:99627699:A:C	3.15494e-06	0.0087732	-7.93049	-4.1237	6	99627699	A	C	3.728344327200055e-05	4.428483985669595
6:62793755:G:T	1.45485e-06	0.00331927	-7.7326	-4.12355	6	62793755	G	T	3.730774281795394e-05	4.4282010257209246
6:95462435:C:T	4.11315e-06	0.00615493	-7.31082	-4.12342	6	95462435	C	T	3.732881458554046e-05	4.427955801317541
6:46142260:A:G	1.16824e-05	0.00651206	-6.32333	-4.12207	6	46142260	A	G	3.754830572066683e-05	4.425409654738799
6:4252520:C:T	6.09334e-06	0.0138713	-7.73038	-4.12199	6	4252520	C	T	3.756135098138984e-05	4.425258795713403
6:73787429:G:A	7.96926e-06	0.00232649	-5.67652	-4.12183	6	73787429	G	A	3.758745441168372e-05	4.42495708562947
6:19487982:ATGTGTGTGT:A	0.0418144	7.6967e-05	6.29762	4.12095	6	19487982	ATGTGTGTGT	A	3.773133138516274e-05	4.4232978700434264
6:93266308:C:T	5.58101e-06	0.00580406	-6.94694	-4.1204	6	93266308	C	T	3.7821519817853376e-05	4.422261023474973
6:78700113:G:T	6.21559e-06	0.0141091	-7.72751	-4.11998	6	78700113	G	T	3.7890528749266306e-05	4.4214693342529445
6:17528967:G:A	4.5926e-06	0.0126929	-7.92435	-4.11976	6	17528967	G	A	3.792672397037169e-05	4.421054669109387
6:95461897:A:G	4.1361e-06	0.00615493	-7.30525	-4.11943	6	95461897	A	G	3.798107834885832e-05	4.420432709048437
6:125373934:G:T	0.000591317	0.129138	-5.38629	-4.11938	6	125373934	G	T	3.7989320308666464e-05	4.420338476617331
6:89716479:C:T	4.4709e-07	0.00142779	-8.06888	-4.11884	6	89716479	C	T	3.807844172458655e-05	4.419320832458268
6:52206789:CT:C	0.0202048	2.24273e-05	6.8034	4.11718	6	52206789	CT	C	3.8353652004550485e-05	4.416193276567392
6:88442760:G:T	3.62425e-06	0.00669408	-7.52133	-4.11702	6	88442760	G	T	3.8380277828062655e-05	4.415891885808004
6:69480352:A:G	2.76755e-07	0.000257113	-6.83414	-4.11632	6	69480352	A	G	3.849697223864265e-05	4.414573426121583
6:69480325:A:G	2.76755e-07	0.000257113	-6.83414	-4.11632	6	69480325	A	G	3.849697223864265e-05	4.414573426121583
6:67858833:A:T	3.62232e-05	0.014161	-5.96855	-4.11623	6	67858833	A	T	3.8512000216649574e-05	4.414403924625918
6:24084163:A:T	1.54031e-05	0.0163962	-6.97024	-4.11563	6	24084163	A	T	3.861232913161442e-05	4.41327400053863
6:24084153:G:A	1.54031e-05	0.0163962	-6.97024	-4.11563	6	24084153	G	A	3.861232913161442e-05	4.41327400053863
6:24084169:C:T	1.54031e-05	0.0163962	-6.97024	-4.11563	6	24084169	C	T	3.861232913161442e-05	4.41327400053863
6:102976497:T:G	0.000414605	5.44149e-06	4.33327	4.11561	6	102976497	T	G	3.861567769765951e-05	4.413236338974741
6:151561227:T:G	1.64841e-05	0.00556668	-5.82216	-4.11471	6	151561227	T	G	3.876664878058225e-05	4.411541740365149
6:89824890:C:T	1.09038e-06	0.00200642	-7.51758	-4.11439	6	89824890	C	T	3.882046226840897e-05	4.4109392974014465
6:88671796:C:T	0.00151354	2.83952e-05	3.97599	4.11273	6	88671796	C	T	3.910075953290607e-05	4.407814806344641
6:103675367:C:T	2.74859e-06	0.00173068	-6.44518	-4.11205	6	103675367	C	T	3.9216133792455005e-05	4.406535224420592
6:99627807:T:C	3.15696e-06	0.00862033	-7.91227	-4.11201	6	99627807	T	C	3.922293056600101e-05	4.4064599608697765
6:22180962:TG:T	0.00894087	8.09518e-06	7.00712	4.11125	6	22180962	TG	T	3.935228188606693e-05	4.405030079523615
6:29651485:C:CA	4.32075e-06	0.00457135	-6.96414	-4.11109	6	29651485	C	CA	3.937956528375991e-05	4.4047290824057805
6:32441879:G:A	2.02591e-06	0.000950862	-6.15135	-4.1109	6	32441879	G	A	3.941198763627598e-05	4.4043716621224895
6:66515300:G:A	7.64398e-06	0.0171263	-7.71445	-4.11082	6	66515300	G	A	3.94256467312122e-05	4.404221173852122
6:131681509:G:GA	0.00463561	7.71366e-05	4.09594	4.11065	6	131681509	G	GA	3.9454687227000796e-05	4.403901395093344
6:73779499:C:T	5.45422e-06	0.0121701	-7.71035	-4.10794	6	73779499	C	T	3.99203771460924e-05	4.398805364386343
6:69477381:CA:C	2.62692e-07	0.000241065	-6.82184	-4.1075	6	69477381	CA	C	3.9996477809476285e-05	4.397978252053535
6:73784654:C:T	7.01092e-06	0.00200503	-5.65595	-4.1075	6	73784654	C	T	3.9996477809476285e-05	4.397978252053535
6:86536906:C:T	2.5864e-06	0.00576727	-7.70969	-4.10748	6	86536906	C	T	3.99999401996427e-05	4.397940657946653
6:31371077:G:T	9.08176e-05	9.02778e-07	4.61113	4.10733	6	31371077	G	T	4.0025917194113855e-05	4.397658707434183
6:31371109:A:G	9.08176e-05	9.02778e-07	4.61113	4.10733	6	31371109	A	G	4.0025917194113855e-05	4.397658707434183
6:18427321:T:C	3.90636e-06	0.00358262	-6.82124	-4.10707	6	18427321	T	C	4.00709819142629e-05	4.397170015323197
6:153629756:C:T	9.70296e-06	0.00277132	-5.65465	-4.1066	6	153629756	C	T	4.0152567280329195e-05	4.3962866815176636
6:78222685:C:A	5.67016e-07	0.00153505	-7.90368	-4.10651	6	78222685	C	A	4.0168207982313364e-05	4.396117542944774
6:67820266:G:GT	0.00596966	6.28199e-05	4.55417	4.10589	6	67820266	G	GT	4.0276112251585575e-05	4.394952457412624
6:98059956:A:C	4.93778e-07	0.000269403	-6.30188	-4.10584	6	98059956	A	C	4.028482618454569e-05	4.394858505850279
6:84691554:T:A	1.57922e-07	0.000351234	-7.70711	-4.10567	6	84691554	T	A	4.031446694102861e-05	4.394539078295494
6:66889529:C:T	0.00243417	4.92781e-06	6.20247	4.10563	6	66889529	C	T	4.032144424380416e-05	4.394463920613091
6:153279414:T:C	7.24221e-06	0.01057	-7.28584	-4.10552	6	153279414	T	C	4.034063773573826e-05	4.3942572404087565
6:93256487:G:T	6.79936e-06	0.0037027	-6.29999	-4.10517	6	93256487	G	T	4.0401765634931175e-05	4.393599654969791
6:67820530:C:T	0.00596966	6.29151e-05	4.55266	4.10474	6	67820530	C	T	4.047698596049062e-05	4.392791833852578
6:74220385:C:T	0.000494057	3.37638e-06	4.98585	4.10439	6	74220385	C	T	4.0538309896630666e-05	4.392134361658496
6:74220386:A:G	0.000494057	3.37638e-06	4.98585	4.10439	6	74220386	A	G	4.0538309896630666e-05	4.392134361658496
6:51862087:A:T	5.72839e-05	0.0237968	-6.02929	-4.10398	6	51862087	A	T	4.0610258637989287e-05	4.391364244573153
6:51862179:C:T	5.72839e-05	0.0237968	-6.02929	-4.10398	6	51862179	C	T	4.0610258637989287e-05	4.391364244573153
6:28866365:G:C	2.57424e-06	0.000991053	-5.95321	-4.10397	6	28866365	G	C	4.06120149982236e-05	4.391345462100711
6:69482845:C:A	0.000251334	3.80706e-07	6.49251	4.10365	6	69482845	C	A	4.066825660019611e-05	4.390744444884406
6:69482714:G:C	0.000251332	3.80706e-07	6.4925	4.10365	6	69482714	G	C	4.066825660019611e-05	4.390744444884406
6:102976981:A:G	0.000414605	5.52564e-06	4.31793	4.10335	6	102976981	A	G	4.072105021942066e-05	4.390181029821162
6:32485781:T:G	0.00776278	9.1792e-06	6.74016	4.10333	6	32485781	T	G	4.0724572105352924e-05	4.390143470144323
6:102977511:G:T	0.000414934	5.53185e-06	4.3176	4.10308	6	102977511	G	T	4.076862007456443e-05	4.389673988183467
6:85311726:C:T	9.28574e-06	0.0249985	-7.89809	-4.10292	6	85311726	C	T	4.079683449636165e-05	4.38937353333405
6:62795055:T:C	0.00116004	1.11914e-06	6.94365	4.10284	6	62795055	T	C	4.0810948654516376e-05	4.389223309891438
6:160300043:CA:C	0.020979	8.0875e-06	7.86096	4.10272	6	160300043	CA	C	4.083212857984106e-05	4.38899797970513
6:152800775:T:C	3.57513e-05	0.0372731	-6.94944	-4.10017	6	152800775	T	C	4.128467543595616e-05	4.38421112530877
6:19518340:A:AT	1.24071e-05	0.0125439	-6.91872	-4.09944	6	19518340	A	AT	4.1415101732852884e-05	4.382841267494422
6:28865395:A:G	2.41551e-06	0.000922546	-5.94523	-4.09759	6	28865395	A	G	4.1747387218063635e-05	4.37937069987583
6:70948418:G:A	2.13714e-05	0.0222002	-6.9458	-4.09746	6	70948418	G	A	4.1770831879814764e-05	4.379126875531727
6:68523780:A:G	8.10517e-07	0.000296204	-5.90113	-4.09709	6	68523780	A	G	4.183762738624158e-05	4.3784329523023455
6:30512868:CAA:C	4.69613e-06	0.00171453	-5.90016	-4.09632	6	30512868	CAA	C	4.197695929263062e-05	4.376989023835076
6:32452182:A:G	1.15672e-05	0.0308201	-7.88775	-4.09629	6	32452182	A	G	4.198239670881592e-05	4.376932771858861
6:29813904:A:G	9.25162e-05	1.4245e-06	4.17356	4.09608	6	29813904	A	G	4.2020477337103405e-05	4.376539018477126
6:32440750:C:G	2.02626e-06	0.000771236	-5.9418	-4.09485	6	32440750	C	G	4.2244179958295475e-05	4.374233115971214
6:32444794:A:T	6.97765e-06	0.00429252	-6.42192	-4.09408	6	32444794	A	T	4.2384795992270476e-05	4.372789902860439
6:66885049:C:T	0.00291961	6.00662e-06	6.18634	4.09394	6	66885049	C	T	4.241041020601407e-05	4.372527526895471
6:29207992:C:T	5.42941e-06	0.00201466	-5.91637	-4.09324	6	29207992	C	T	4.2538701708656105e-05	4.3712157690024185
6:27543592:C:A	1.563e-06	0.0016143	-6.94005	-4.09319	6	27543592	C	A	4.254787946176494e-05	4.3711220797862795
6:25111011:A:G	1.36951e-05	0.00519693	-5.93879	-4.09244	6	25111011	A	G	4.268577138176824e-05	4.369716865962622
6:31193433:T:G	2.80563e-06	0.00742696	-7.88124	-4.09211	6	31193433	T	G	4.2746578041281114e-05	4.369098645784268
6:66886841:T:G	0.00268715	5.5468e-06	6.18302	4.09153	6	66886841	T	G	4.285364953686382e-05	4.368012186430885
6:25109831:T:A	1.37202e-05	0.00519974	-5.93749	-4.09141	6	25109831	T	A	4.2875834002506276e-05	4.367787419155269
6:46800068:T:C	1.26063e-05	0.00577042	-6.1263	-4.09133	6	46800068	T	C	4.289062969849282e-05	4.367637577622592
6:46800312:T:C	1.26063e-05	0.00577021	-6.12627	-4.0913	6	46800312	T	C	4.2896179333127406e-05	4.36758138773212
6:29941420:G:C	1.02796e-05	0.0105853	-6.93706	-4.09097	6	29941420	G	C	4.2957270290502635e-05	4.366963323571006
6:69480589:C:G	0.000243717	3.76294e-07	6.47339	4.0908	6	69480589	C	G	4.298877359171475e-05	4.366644944507284
6:121551815:T:G	0.00235598	1.22638e-05	5.25806	4.09051	6	121551815	T	G	4.304256510665898e-05	4.366101854942219
6:29754820:T:C	7.02026e-06	0.00517707	-6.60319	-4.0898	6	29754820	T	C	4.317453123217083e-05	4.364772369090827
6:31157290:C:CAACT	0.00232888	4.24398e-06	6.30764	4.08914	6	31157290	C	CAACT	4.329754811519265e-05	4.36353669649171
6:88444999:A:C	2.52759e-06	0.000958366	-5.93797	-4.08889	6	88444999	A	C	4.334423218785531e-05	4.363068685861243
6:67272322:C:A	3.3478e-06	0.00726359	-7.68233	-4.08829	6	67272322	C	A	4.3456468852969156e-05	4.361945566095909
6:105172030:A:G	0.000115723	0.0247527	-5.36549	-4.08649	6	105172030	A	G	4.379483530459035e-05	4.3585771025317355
6:29793949:C:T	5.20534e-07	0.000136393	-5.56844	-4.08583	6	29793949	C	T	4.391952799997413e-05	4.357342335864617
6:19793513:CAT:C	0.00688671	8.36116e-06	6.71375	4.08484	6	19793513	CAT	C	4.4107198633884815e-05	4.355490524549412
6:153700485:C:T	1.16267e-05	0.0118743	-6.92882	-4.08484	6	153700485	C	T	4.4107198633884815e-05	4.355490524549412
6:38213022:G:GT	3.31268e-06	0.00469519	-7.25654	-4.0845	6	38213022	G	GT	4.417182646337247e-05	4.354854642703024
6:83279267:G:T	1.71217e-05	0.00444825	-5.55992	-4.08368	6	83279267	G	T	4.432806331599197e-05	4.35332124252316
6:17527600:C:CTTTTT	4.09632e-06	0.00882175	-7.67489	-4.08307	6	17527600	C	CTTTTT	4.444462812644276e-05	4.352180723243309
6:23785517:T:G	2.68767e-07	0.000472881	-7.47275	-4.08291	6	23785517	T	G	4.447525059751542e-05	4.35188159618813
6:67235202:T:C	2.04249e-05	0.0439657	-7.67441	-4.08274	6	67235202	T	C	4.450780889958204e-05	4.3515637853230364
6:15561660:G:A	1.25378e-06	0.00269727	-7.67383	-4.08233	6	15561660	G	A	4.4586424894990865e-05	4.350797349597569
6:66885219:C:T	0.00284738	5.95647e-06	6.16968	4.08186	6	66885219	C	T	4.467670769540686e-05	4.3499188382959
6:103218017:G:A	0.00178866	1.25835e-05	4.95684	4.08186	6	103218017	G	A	4.467670769540686e-05	4.3499188382959
6:103217932:C:T	0.00178866	1.25835e-05	4.95684	4.08186	6	103217932	C	T	4.467670769540686e-05	4.3499188382959
6:23485655:C:T	4.3082e-05	0.0332304	-6.64811	-4.08171	6	23485655	C	T	4.4705557835302195e-05	4.349638481629633
6:25951032:C:T	6.26391e-06	0.00636552	-6.92385	-4.08114	6	25951032	C	T	4.481534959564274e-05	4.348573211382723
6:132136709:A:G	7.68252e-05	0.0240774	-5.7475	-4.07922	6	132136709	A	G	4.5187059000279955e-05	4.344985923805201
6:89828233:C:T	3.22697e-07	0.000564008	-7.46611	-4.07824	6	89828233	C	T	4.5377910935139057e-05	4.343155501624841
6:66888475:T:A	0.00243417	5.12661e-06	6.16292	4.07696	6	66888475	T	A	4.562833843828579e-05	4.340765345827873
6:105160451:T:TGACC	8.6233e-05	0.0120868	-4.94282	-4.07598	6	105160451	T	TGACC	4.5820957274167695e-05	4.33893584193523
6:69479945:T:G	2.77565e-07	0.000243716	-6.7777	-4.07583	6	69479945	T	G	4.585050770875424e-05	4.338655850966925
6:32436239:T:TAC	5.80849e-07	0.000304479	-6.26187	-4.07558	6	32436239	T	TAC	4.589979859798454e-05	4.338189220083128
6:17527598:C:CTT	7.2453e-06	0.00523972	-6.58367	-4.07486	6	17527598	C	CTT	4.604203727224312e-05	4.336845467915438
6:94806977:G:C	2.40481e-05	3.90059e-07	4.12151	4.07443	6	94806977	G	C	4.612718462498011e-05	4.336043051768249
6:44244298:T:C	3.05486e-05	0.052977	-7.45829	-4.07275	6	44244298	T	C	4.6461286876551575e-05	4.332908765357022
6:69479614:C:G	2.76934e-07	0.000242111	-6.77337	-4.07272	6	69479614	C	G	4.6467273790737675e-05	4.332852806590856
6:97322568:A:G	0.0030461	4.95267e-05	4.11911	4.0727	6	97322568	A	G	4.647126547326523e-05	4.332815500954034
6:81732115:C:T	4.03484e-05	0.0146992	-5.898	-4.0715	6	81732115	C	T	4.671136234929774e-05	4.330577466213515
6:141102115:T:C	2.37925e-06	0.000857723	-5.8875	-4.07103	6	141102115	T	C	4.680572047719003e-05	4.329701065305054
6:97296340:C:CA	0.014945	0.000115869	4.85967	4.06951	6	97296340	C	CA	4.7112117616791813e-05	4.326867374458045
6:32969217:G:A	4.07908e-05	0.0861516	-7.65541	-4.06941	6	32969217	G	A	4.7132341854527246e-05	4.326680981007793
6:69480064:A:G	2.82108e-07	0.000245342	-6.76812	-4.06895	6	69480064	A	G	4.7225479421671324e-05	4.325823624530967
6:17529111:T:C	4.09174e-06	0.00863617	-7.65474	-4.06894	6	17529111	T	C	4.722750608814671e-05	4.325804987320882
6:130257493:C:T	0.00142565	1.06617e-05	4.89573	4.06866	6	130257493	C	T	4.728428624197933e-05	4.325283162269216
6:130256944:C:T	0.00142517	1.06617e-05	4.89539	4.06841	6	130256944	C	T	4.733503749773619e-05	4.324817274508293
6:93159404:A:G	1.58117e-05	0.021902	-7.23358	-4.06804	6	93159404	A	G	4.7410244150554065e-05	4.3241278081704895
6:154110907:AAAGAG:A	0.0356727	3.44137e-05	6.94368	4.06718	6	154110907	AAAGAG	A	4.758548673985777e-05	4.3225254840418526
6:7278355:TGTGTGTGAG:T	0.00304883	5.72962e-06	6.27686	4.06685	6	7278355	TGTGTGTGAG	T	4.765289389328374e-05	4.321910720131181
6:31361701:G:A	1.31284e-06	0.00388233	-7.992	-4.06616	6	31361701	G	A	4.779412878099109e-05	4.3206254505558155
6:31005888:A:G	7.39964e-06	0.0155353	-7.64944	-4.06522	6	31005888	A	G	4.798717444949912e-05	4.318874821168171
6:84606159:C:A	5.89142e-06	0.0173587	-7.98835	-4.06366	6	84606159	C	A	4.830918050248982e-05	4.31597032964793
6:69480146:T:C	2.82891e-07	0.000243716	-6.7587	-4.06219	6	69480146	T	C	4.8614483044061685e-05	4.313234328081503
6:32437915:GA:G	0.000287878	1.07335e-06	5.59175	4.06189	6	32437915	GA	G	4.867701401558171e-05	4.312676070465178
6:84472484:G:A	1.55403e-05	0.0110396	-6.5658	-4.0612	6	84472484	G	A	4.882112474203771e-05	4.311392219518711
6:32725528:C:CAG	0.00667606	1.07724e-05	6.42929	4.06116	6	32725528	C	CAG	4.882949137798062e-05	4.311317799428488
6:55651047:T:C	9.536e-07	0.00130824	-7.22395	-4.06113	6	55651047	T	C	4.883576724692766e-05	4.3112619847960385
6:63009832:A:G	0.000556905	2.08028e-06	5.58989	4.06054	6	63009832	A	G	4.895934817621177e-05	4.310164372834693
6:49979627:A:T	5.24058e-06	0.0109209	-7.64201	-4.06001	6	49979627	A	T	4.907061427027489e-05	4.30917850544845
6:49979807:C:T	5.24058e-06	0.0109209	-7.64201	-4.06001	6	49979807	C	T	4.907061427027489e-05	4.30917850544845
6:31021849:G:C	0.00321726	1.74262e-05	5.21831	4.05957	6	31021849	G	C	4.916316818680236e-05	4.308360137955822
6:65114498:T:C	0.000169892	2.73004e-06	4.13085	4.05902	6	65114498	T	C	4.927909330514554e-05	4.307337291431995
6:72353125:C:T	2.61422e-06	0.00250298	-6.86427	-4.059	6	72353125	C	T	4.928331364268333e-05	4.307300099375463
6:101697340:CGTGTGTGTG:C	0.00368687	5.55528e-05	4.1952	4.05805	6	101697340	CGTGTGTGTG	C	4.948417479902799e-05	4.305533667658584
6:44243155:G:A	3.13138e-05	0.0221448	-6.5613	-4.05776	6	44243155	G	A	4.954564474727544e-05	4.304994515656134
6:75899703:C:CT	0.00802235	0.000108469	4.30352	4.05754	6	75899703	C	CT	4.959232539777539e-05	4.30458552704375
6:31010893:ATT:A	0.00287652	3.63335e-06	6.67418	4.05714	6	31010893	ATT	A	4.967730613744785e-05	4.303841962778374
6:162015573:CT:C	0.0129738	7.56415e-06	7.44726	4.05542	6	162015573	CT	C	5.004429873651962e-05	4.300645392076849
6:29806202:A:G	6.41715e-05	1.26298e-06	3.92809	4.05534	6	29806202	A	G	5.0061430548637e-05	4.300496744210371
6:32725093:G:T	0.00667606	1.0881e-05	6.41927	4.05442	6	32725093	G	T	5.0258846362346756e-05	4.298787484390817
6:32724968:C:A	0.00667606	1.08818e-05	6.41919	4.05437	6	32724968	C	A	5.026959659638545e-05	4.298694599885645
6:32722380:A:G	1.09236e-05	0.0148378	-7.21401	-4.054	6	32722380	A	G	5.0349216094410224e-05	4.298007286749335
6:32643522:A:T	6.01763e-06	0.0124299	-7.63317	-4.05381	6	32643522	A	T	5.03901482169597e-05	4.297654364213926
6:146162837:AAAACG:A	1.22803e-05	0.00250698	-5.31884	-4.0535	6	146162837	AAAACG	A	5.045699992516956e-05	4.297078575353875
6:65114686:G:A	0.00017034	2.75706e-06	4.12363	4.05344	6	65114686	G	A	5.046994867144063e-05	4.296967136948926
6:92873494:C:A	5.81313e-06	0.00788262	-7.2123	-4.05278	6	92873494	C	A	5.0612592912442765e-05	4.2957414129634826
6:52546619:A:T	1.19827e-05	0.0088989	-6.61022	-4.05268	6	52546619	A	T	5.063423898197924e-05	4.295555712956442
6:65115221:A:C	0.000170448	2.7618e-06	4.12255	4.0526	6	65115221	A	C	5.0651562154898715e-05	4.29540715593469
6:65114852:C:T	0.000170448	2.7618e-06	4.12255	4.0526	6	65114852	C	T	5.0651562154898715e-05	4.29540715593469
6:81739760:T:G	0.0215819	8.15918e-05	5.57788	4.05177	6	81739760	T	G	5.083162184950987e-05	4.293866033341645
6:32643399:G:C	0.000228606	2.41579e-06	4.54997	4.05111	6	32643399	G	C	5.097523468041427e-05	4.292640766134927
6:28865356:C:CA	0.000675551	3.70159e-06	5.20677	4.05095	6	28865356	C	CA	5.101010777933986e-05	4.292343758846325
6:113579956:C:T	0.00920363	1.17383e-05	6.66449	4.05036	6	113579956	C	T	5.1138897850341415e-05	4.2912486361585875
6:153622842:GAGTGAGAAA:G	1.0548e-05	0.00163744	-5.04495	-4.04925	6	153622842	GAGTGAGAAA	G	5.1382033554861184e-05	4.289188711588199
6:72353281:G:C	2.62011e-06	0.00247508	-6.85081	-4.049	6	72353281	G	C	5.14369448051864e-05	4.288724835061545
6:147832097:C:T	0.000142922	0.0221779	-5.04455	-4.04897	6	147832097	C	T	5.1443537891313645e-05	4.288669171618826
6:64655527:T:C	1.049e-05	0.00220053	-5.34603	-4.04866	6	64655527	T	C	5.151171336203684e-05	4.288094004549572
6:64968830:A:ACCTTTG	5.89437e-06	0.00255142	-6.07041	-4.04766	6	64968830	A	ACCTTTG	5.1732218314254e-05	4.286238898335869
6:32724439:T:C	0.0067938	1.11887e-05	6.40886	4.04742	6	32724439	T	C	5.1785272452089237e-05	4.28579373450605
6:32724246:T:C	0.0067938	1.11887e-05	6.40886	4.04742	6	32724246	T	C	5.1785272452089237e-05	4.28579373450605
6:86386410:T:A	1.05036e-05	0.00425902	-6.00508	-4.04626	6	86386410	T	A	5.204242849712639e-05	4.28364244580966
6:69483608:G:A	0.000251369	4.15057e-07	6.40626	4.04568	6	69483608	G	A	5.217145987638702e-05	4.282567010557893
6:123700681:C:CA	3.83292e-05	0.00771754	-5.30504	-4.04375	6	123700681	C	CA	5.2603009228134124e-05	4.278989410717146
6:36608376:G:A	6.13901e-06	0.00821517	-7.19907	-4.0433	6	36608376	G	A	5.2704114717990806e-05	4.278155477205692
6:24078247:A:G	7.07637e-06	0.0117644	-7.41607	-4.0431	6	24078247	A	G	5.274910957517606e-05	4.2777848670227145
6:62796302:C:A	1.01627e-06	0.00168866	-7.41555	-4.04273	6	62796302	C	A	5.2832446037043216e-05	4.277099281877914
6:78701337:C:T	6.21587e-06	0.0126381	-7.61736	-4.04272	6	78701337	C	T	5.2834700104418424e-05	4.277080753336947
6:95155982:C:T	5.0856e-06	0.0103307	-7.61646	-4.04209	6	95155982	C	T	5.2976890206227176e-05	4.275913538789154
6:40477583:T:C	0.000216967	0.0310098	-4.96232	-4.04185	6	40477583	T	C	5.3031153181862486e-05	4.275468928886072
6:73789106:A:G	8.62762e-06	0.00267188	-5.73557	-4.0411	6	73789106	A	G	5.320106462938903e-05	4.274079676764301
6:32724109:A:G	0.00679712	1.13145e-05	6.39817	4.04024	6	32724109	A	G	5.3396531276813777e-05	4.272486954512053
6:32724077:G:A	0.00679712	1.13145e-05	6.39817	4.04024	6	32724077	G	A	5.3396531276813777e-05	4.272486954512053
6:32723875:C:CCTG	0.00679638	1.13145e-05	6.39806	4.04017	6	32723875	C	CCTG	5.341247126529136e-05	4.272357327815351
6:31160482:A:G	4.42173e-06	0.00425135	-6.86846	-4.03997	6	31160482	A	G	5.345803893721118e-05	4.2719869770117525
6:32972117:G:T	4.69506e-05	0.0775938	-7.41015	-4.03894	6	32972117	G	T	5.369329636126942e-05	4.270079932830125
6:19185571:T:TAC	1.02179e-05	0.0206622	-7.61192	-4.03891	6	19185571	T	TAC	5.3700163199217985e-05	4.270024394441745
6:153701112:C:A	1.14147e-05	0.0151751	-7.19251	-4.03859	6	153701112	C	A	5.3773461263926836e-05	4.269432008167777
6:52206899:C:T	2.2296e-05	0.0207612	-6.83643	-4.03832	6	52206899	C	T	5.383538023043164e-05	4.268932215249786
6:52409397:AAC:A	0.0172663	1.03282e-05	7.42163	4.03784	6	52409397	AAC	A	5.39456252273615e-05	4.268043769084001
6:132225246:G:A	0.0104143	0.000112147	4.53113	4.03759	6	132225246	G	A	5.400312917922131e-05	4.267581074512306
6:29806200:T:C	6.40349e-05	1.29294e-06	3.90251	4.0374	6	29806200	T	C	5.404687101934726e-05	4.267229443956122
6:32723778:C:T	0.00679638	1.13634e-05	6.39375	4.03726	6	32723778	C	T	5.40791233270384e-05	4.266970357327435
6:32723791:C:T	0.00679638	1.13634e-05	6.39375	4.03726	6	32723791	C	T	5.40791233270384e-05	4.266970357327435
6:43353376:C:CT	4.86588e-06	0.00169293	-5.85197	-4.03678	6	43353376	C	CT	5.418984116193266e-05	4.266082121964122
6:123776176:G:A	3.66324e-05	0.00730334	-5.29515	-4.03676	6	123776176	G	A	5.4194459062521005e-05	4.266045114228859
6:31345601:A:G	1.4468e-05	0.0238019	-7.40558	-4.03574	6	31345601	A	G	5.4430467006230384e-05	4.264157939477547
6:11918202:G:C	0.000282205	0.0727603	-5.55229	-4.03561	6	11918202	G	C	5.4460616316152014e-05	4.263917448174362
6:73789459:AT:A	8.68211e-06	0.0026639	-5.72628	-4.0348	6	73789459	AT	A	5.464882641686038e-05	4.262419160084896
6:66522125:T:C	6.8831e-06	0.0138335	-7.60578	-4.0346	6	66522125	T	C	5.469539281790016e-05	4.262049254252145
6:66521294:C:T	6.88524e-06	0.0138335	-7.60547	-4.03438	6	66521294	C	T	5.4746659277196055e-05	4.26164237697634
6:32485873:A:G	0.00780923	1.01988e-05	6.64079	4.03376	6	32485873	A	G	5.489138252264668e-05	4.260495830716012
6:23785338:T:C	1.39346e-06	0.000792732	-6.3437	-4.03364	6	23785338	T	C	5.4919435305381666e-05	4.260273936930868
6:54168855:CTTTTTT:C	0.0176819	1.73248e-05	6.92816	4.03319	6	54168855	CTTTTTT	C	5.502475425452377e-05	4.259441888368301
6:17528213:G:T	3.94421e-06	0.0111101	-7.94336	-4.03283	6	17528213	G	T	5.510914714906606e-05	4.258776309920283
6:32724531:G:A	0.00663339	1.11655e-05	6.38704	4.03276	6	32724531	G	A	5.512557111187839e-05	4.258646898123606
6:95783172:A:G	0.00174872	1.42411e-05	4.81051	4.03261	6	95783172	A	G	5.5160780933961514e-05	4.258369593966285
6:113809727:C:T	6.83004e-06	0.019209	-7.94181	-4.03176	6	113809727	C	T	5.5360706034290967e-05	4.256798379807777
6:136375406:T:C	2.71451e-06	0.00357338	-7.18265	-4.03152	6	136375406	T	C	5.54172796284179e-05	4.2563547970554865
6:105348697:T:C	0.0538783	0.000785759	4.22783	4.03135	6	105348697	T	C	5.545738572279121e-05	4.25604060704316
6:38214010:A:AAATAAT	0.00309889	5.22961e-06	6.38446	4.03102	6	38214010	A	AAATAAT	5.5535317235429314e-05	4.255430742960841
6:147840280:A:G	0.000201083	0.0514754	-5.54514	-4.03021	6	147840280	A	G	5.5727043749683906e-05	4.253933995114498
6:160301065:T:G	1.01713e-05	0.00733174	-6.5804	-4.02985	6	160301065	T	G	5.581245664937552e-05	4.253268861092248
6:77731689:A:C	2.11103e-06	0.00194294	-6.82478	-4.02967	6	77731689	A	C	5.585520958954867e-05	4.25293631421391
6:168526105:G:A	5.13808e-05	0.0472264	-6.82344	-4.02867	6	168526105	G	A	5.609329140943537e-05	4.251089075964512
6:82664146:T:C	7.63518e-06	0.0026779	-5.86002	-4.02833	6	82664146	T	C	5.6174457981822396e-05	4.250461109325198
6:67381577:A:G	3.66932e-06	0.00126237	-5.84074	-4.02832	6	67381577	A	G	5.617684691731614e-05	4.250442640443085
6:72351071:C:T	0.00220234	2.78293e-06	6.67377	4.02831	6	72351071	C	T	5.6179235949045585e-05	4.250424171602398
6:67381835:G:A	3.66932e-06	0.00126234	-5.84072	-4.0283	6	67381835	G	A	5.618162507701491e-05	4.250405702803132
6:32445540:G:T	7.60694e-06	0.00429426	-6.33597	-4.02768	6	32445540	G	T	5.6329939118579826e-05	4.249260718150041
6:84694326:A:G	2.19652e-07	0.000437077	-7.59582	-4.02761	6	84694326	A	G	5.634670753343113e-05	4.249131455693084
6:22474681:G:A	1.39722e-05	0.0100395	-6.57721	-4.0274	6	22474681	G	A	5.639704115237486e-05	4.248743680500782
6:120414074:T:C	0.000179936	1.73107e-06	4.64386	4.02703	6	120414074	T	C	5.648582783698509e-05	4.248060501990358
6:50007041:T:C	3.53174e-05	0.00461474	-4.87264	-4.02684	6	50007041	T	C	5.653147243541391e-05	4.247709702630325
6:132235378:T:G	4.29888e-05	0.0125542	-5.67687	-4.0268	6	132235378	T	G	5.654108627539789e-05	4.2476358520389415
6:49672106:G:A	7.59134e-06	0.00695766	-6.82059	-4.02656	6	49672106	G	A	5.65988018450434e-05	4.247192762408792
6:49671753:A:T	7.59134e-06	0.00695766	-6.82059	-4.02656	6	49671753	A	T	5.65988018450434e-05	4.247192762408792
6:49671857:C:T	7.59134e-06	0.00695766	-6.82059	-4.02656	6	49671857	C	T	5.65988018450434e-05	4.247192762408792
6:32446767:T:TAA	7.42469e-06	0.0147347	-7.59315	-4.02574	6	32446767	T	TAA	5.679641804814942e-05	4.245679052862501
6:38607769:C:CA	0.00216047	8.46514e-06	5.54213	4.02567	6	38607769	C	CA	5.681331796662477e-05	4.245549846657997
6:32723737:A:G	0.00679638	1.15659e-05	6.37609	4.02539	6	32723737	A	G	5.68809652832805e-05	4.245033042136851
6:32723772:A:G	0.00679638	1.15659e-05	6.37609	4.02539	6	32723772	A	G	5.68809652832805e-05	4.245033042136851
6:31196195:G:C	2.77002e-06	0.00198314	-6.57358	-4.02463	6	31196195	G	C	5.706496421935671e-05	4.243630450707405
6:20945725:G:T	1.44467e-05	0.00539844	-5.9234	-4.02449	6	20945725	G	T	5.709892019204533e-05	4.243372104697592
6:160298709:G:A	3.7034e-06	0.00881509	-7.77497	-4.02395	6	160298709	G	A	5.7230072584242395e-05	4.242375703280569
6:88442425:T:G	3.77796e-06	0.00255392	-6.5162	-4.02327	6	88442425	T	G	5.739563335148676e-05	4.241121147384103
6:24074472:C:A	5.45917e-06	0.00882273	-7.38779	-4.02324	6	24074472	C	A	5.7402947940955424e-05	4.241065803741138
6:2134725:GAGTCATATA:G	9.82187e-06	0.00108074	-4.70079	-4.02288	6	2134725	GAGTCATATA	G	5.749079190967619e-05	4.240401709102611
6:4833064:C:G	0.000162857	2.96884e-06	4.0047	4.02275	6	4833064	C	G	5.752254462124286e-05	4.240161910342133
6:53840885:TTG:T	0.00123475	7.55341e-07	7.39921	4.02247	6	53840885	TTG	T	5.759099150145298e-05	4.239645444479242
6:66886872:C:G	5.3484e-06	0.00299699	-6.32856	-4.02195	6	66886872	C	G	5.7718311840691946e-05	4.238686379744062
6:68254370:A:T	1.66137e-05	0.0118503	-6.56988	-4.02179	6	68254370	A	T	5.775754093249231e-05	4.238391305434668
6:67828984:A:G	5.11748e-05	0.0174398	-5.83127	-4.02117	6	67828984	A	G	5.7909792309690706e-05	4.237247992637288
6:96087365:ATTT:A	0.0221443	2.20841e-05	6.91048	4.02093	6	96087365	ATTT	A	5.796883031148858e-05	4.236805462685828
6:30515216:C:T	0.00166518	6.5765e-06	5.53419	4.01987	6	30515216	C	T	5.823026401914316e-05	4.234851240773015
6:98808712:C:T	4.62994e-06	0.00910929	-7.58451	-4.01968	6	98808712	C	T	5.827724263404069e-05	4.234501004897074
6:11117897:A:G	1.85347e-05	0.0131835	-6.56707	-4.01964	6	11117897	A	G	5.828713744153157e-05	4.234427272933667
6:31346570:A:C	0.0127624	1.31856e-05	6.87513	4.01955	6	31346570	A	C	5.8309406576102924e-05	4.2342613784389345
6:32401711:G:A	7.82025e-06	0.0153506	-7.58219	-4.01805	6	32401711	G	A	5.868174717127637e-05	4.2314969640934414
6:68243744:C:T	1.21551e-05	0.00591592	-6.18766	-4.0178	6	68243744	C	T	5.874402243094338e-05	4.2310363189682745
6:23784949:T:C	1.43708e-06	0.000799773	-6.32172	-4.01666	6	23784949	T	C	5.9028791865417745e-05	4.228936105336349
6:132236616:T:A	4.38129e-05	0.0126155	-5.66275	-4.01633	6	132236616	T	A	5.911146879574288e-05	4.228328249212083
6:52203312:G:A	1.74358e-05	0.00386495	-5.40118	-4.01625	6	52203312	G	A	5.913152819596702e-05	4.228180896943741
6:52203281:G:A	1.74358e-05	0.00386495	-5.40118	-4.01625	6	52203281	G	A	5.913152819596702e-05	4.228180896943741
6:52203342:G:A	1.74358e-05	0.00386495	-5.40118	-4.01625	6	52203342	G	A	5.913152819596702e-05	4.228180896943741
6:52202657:G:A	1.75097e-05	0.0038804	-5.40094	-4.01608	6	52202657	G	A	5.917417582699841e-05	4.227867782174196
6:37483920:G:T	1.09618e-06	0.000370954	-5.82425	-4.01588	6	37483920	G	T	5.9224386802480204e-05	4.227499427180593
6:73786692:T:G	6.94829e-06	0.00207212	-5.69783	-4.0155	6	73786692	T	G	5.9319898829984866e-05	4.226799598331733
6:5198833:C:T	8.0583e-06	0.00538946	-6.5055	-4.01508	6	5198833	C	T	5.942563445306436e-05	4.226026172864502
6:32235158:T:C	2.81701e-05	0.0136271	-6.18156	-4.01483	6	32235158	T	C	5.948865703197322e-05	4.225565835246942
6:147872793:C:T	9.78564e-05	0.0406042	-6.02813	-4.01462	6	147872793	C	T	5.954164490475987e-05	4.225179171651123
6:25955944:A:G	7.28334e-06	0.00514532	-6.56025	-4.01442	6	25955944	A	G	5.959215109475219e-05	4.224810937587133
6:72350587:TTTTGTTC:T	0.00219944	2.83618e-06	6.6535	4.01441	6	72350587	TTTTGTTC	T	5.959467746887901e-05	4.224792526318776
6:114705146:C:A	2.30307e-05	0.00758389	-5.79695	-4.01435	6	114705146	C	A	5.9609837843614554e-05	4.224682059578327
6:114706290:C:G	2.27965e-05	0.00750326	-5.79649	-4.01398	6	114706290	C	G	5.970340755123561e-05	4.224000880956631
6:66520828:T:A	6.72765e-06	0.0131256	-7.57609	-4.01378	6	66520828	T	A	5.9754043662893e-05	4.223632699901847
6:72500984:C:T	1.06438e-05	0.0207569	-7.57566	-4.01347	6	72500984	C	T	5.983261001079422e-05	4.223062052003979
6:32723711:A:AG	0.00679638	1.17781e-05	6.3579	4.01317	6	32723711	A	AG	5.99087350884732e-05	4.222509849995607
6:32723699:T:A	0.00679638	1.17781e-05	6.3579	4.01317	6	32723699	T	A	5.99087350884732e-05	4.222509849995607
6:52545658:G:A	1.25897e-05	0.00887467	-6.55808	-4.01275	6	52545658	G	A	6.001546428660336e-05	4.221736829799765
6:19793335:G:C	6.75914e-06	0.0131562	-7.57375	-4.01213	6	19793335	G	C	6.0173346026233926e-05	4.220595838261936
6:138192503:A:AAAC	0.00876167	9.77604e-05	4.49562	4.01211	6	138192503	A	AAAC	6.017844552754566e-05	4.220559034733665
6:98803040:G:A	2.45274e-06	0.00227067	-6.83063	-4.01184	6	98803040	G	A	6.024732885940392e-05	4.220062203314709
6:49257133:TTAGTAA:T	2.89294e-06	0.0078964	-7.91189	-4.01126	6	49257133	TTAGTAA	T	6.0395552992376466e-05	4.218995037901594
6:19793293:G:T	6.77164e-06	0.0131562	-7.5719	-4.01084	6	19793293	G	T	6.050310319043555e-05	4.218222349910832
6:32724562:T:C	0.00645792	1.12305e-05	6.35443	4.01083	6	32724562	T	C	6.0505666118348066e-05	4.218203953468055
6:32724560:A:T	0.00645792	1.12305e-05	6.35443	4.01083	6	32724560	A	T	6.0505666118348066e-05	4.218203953468055
6:32724571:C:G	0.00645792	1.12305e-05	6.35443	4.01083	6	32724571	C	G	6.0505666118348066e-05	4.218203953468055
6:84466969:CA:C	0.0325054	3.40612e-05	6.861	4.00974	6	84466969	CA	C	6.078564236259345e-05	4.216198989461643
6:123182586:G:C	1.81671e-05	0.0162686	-6.79738	-4.00932	6	123182586	G	C	6.089385015019681e-05	4.215426565835069
6:167280488:A:C	0.0205783	4.68882e-05	6.08423	4.00916	6	167280488	A	C	6.093512011821624e-05	4.2151323284295446
6:29806246:A:C	6.69218e-05	1.4073e-06	3.86185	4.00888	6	29806246	A	C	6.10074062935639e-05	4.214617438478149
6:52546915:C:T	1.20866e-05	0.00847213	-6.55244	-4.00843	6	52546915	C	T	6.112375062652485e-05	4.21379000478532
6:8511620:G:T	1.16569e-06	0.00104106	-6.79469	-4.00732	6	8511620	G	T	6.141163214063122e-05	4.211749360193952
6:32723448:T:G	0.00679638	1.18834e-05	6.349	4.00719	6	32723448	T	G	6.144543184547062e-05	4.211510399157512
6:32723634:G:A	0.00679638	1.18834e-05	6.349	4.00719	6	32723634	G	A	6.144543184547062e-05	4.211510399157512
6:32723629:A:T	0.00679638	1.18834e-05	6.349	4.00719	6	32723629	A	T	6.144543184547062e-05	4.211510399157512
6:32723489:T:C	0.00679638	1.18834e-05	6.349	4.00719	6	32723489	T	C	6.144543184547062e-05	4.211510399157512
6:32723628:T:C	0.00679638	1.18834e-05	6.349	4.00719	6	32723628	T	C	6.144543184547062e-05	4.211510399157512
6:32723672:A:ATCTTT	0.00675056	1.18105e-05	6.34839	4.00677	6	32723672	A	ATCTTT	6.155475130182518e-05	4.210738419019831
6:48483690:T:C	2.07015e-05	1.6048e-07	4.85979	4.00651	6	48483690	T	C	6.16225175024613e-05	4.2102605631581005
6:72248400:T:C	2.50528e-06	0.00483343	-7.56491	-4.00593	6	72248400	T	C	6.17739428725078e-05	4.209194677873512
6:8511265:T:C	1.17729e-06	0.00104903	-6.7924	-4.00562	6	8511265	T	C	6.185502151744262e-05	4.208625037687373
6:96457542:T:A	4.0089e-07	0.00108521	-7.9036	-4.00558	6	96457542	T	A	6.186549061367534e-05	4.208551538626353
6:52159860:G:T	1.91842e-05	0.00916443	-6.169	-4.00533	6	52159860	G	T	6.193096048158408e-05	4.208092184504924
6:32723115:G:T	1.0656e-05	0.0135206	-7.14584	-4.00512	6	32723115	G	T	6.198600585599355e-05	4.207706347042318
6:162015551:G:A	7.50231e-06	0.0144542	-7.56353	-4.00496	6	162015551	G	A	6.202797627483416e-05	4.207412387898545
6:88444259:A:G	6.9031e-06	0.00423831	-6.41995	-4.00476	6	88444259	A	G	6.2080477132615e-05	4.207044953875101
6:85249699:C:T	3.68084e-06	0.00708279	-7.56228	-4.00409	6	85249699	C	T	6.225666170101357e-05	4.205814170574455
6:50416511:A:AAAAT	8.10942e-06	0.0218959	-7.90103	-4.00382	6	50416511	A	AAAAT	6.232779518086613e-05	4.205318235818085
6:153702459:CTT:C	0.0141969	1.50089e-05	6.85213	4.00358	6	153702459	CTT	C	6.239108952916264e-05	4.204877430263664
6:70938242:T:C	0.000342136	4.64912e-06	4.29853	4.00346	6	70938242	T	C	6.242275951720376e-05	4.204657036429991
6:70938243:G:A	0.000342136	4.64912e-06	4.29853	4.00346	6	70938243	G	A	6.242275951720376e-05	4.204657036429991
6:27868152:A:G	6.25564e-06	0.00117405	-5.23473	-4.00248	6	27868152	A	G	6.268196799947449e-05	4.2028573766275885
6:20865631:T:TA	0.000678791	2.63535e-06	5.5513	4.0018	6	20865631	T	TA	6.286242539680369e-05	4.201608866778067
6:85313820:A:C	2.99932e-05	0.0574942	-7.55847	-4.00141	6	85313820	A	C	6.296614482758185e-05	4.200892896047814
6:88651752:C:CG	0.00452997	9.74048e-05	3.8396	4.00124	6	88651752	C	CG	6.301140654131375e-05	4.2005808259504445
6:32483873:T:C	3.31315e-06	0.00127112	-5.94975	-4.00103	6	32483873	T	C	6.306736059256287e-05	4.200195344114835
6:85313188:T:G	1.03534e-05	0.0278178	-7.89611	-4.00045	6	85313188	T	G	6.32221448045816e-05	4.199130774852113
6:31363723:C:G	1.38313e-06	0.000468009	-5.82414	-4.00045	6	31363723	C	G	6.32221448045816e-05	4.199130774852113
6:85252462:G:A	0.00246989	3.69406e-06	6.5052	4.0004	6	85252462	G	A	6.323550509416139e-05	4.199039008160777
6:88651863:T:C	0.00452997	9.75357e-05	3.83825	4.00014	6	88651863	T	C	6.330502169347939e-05	4.19856183805112
6:67131234:C:T	3.84996e-06	0.00147543	-5.94864	-4.00012	6	67131234	C	T	6.331037211952099e-05	4.198525133817344
6:70673318:G:A	7.37451e-06	0.00928809	-7.13846	-3.99983	6	70673318	G	A	6.33880014170619e-05	4.197992941038007
6:24087842:A:G	2.7846e-05	0.015148	-6.29893	-3.99906	6	24087842	A	G	6.359455805646691e-05	4.1965800464139384
6:103669054:T:C	2.71899e-06	0.00178004	-6.48413	-3.99874	6	103669054	T	C	6.368058705064959e-05	4.195992941632157
6:123775959:A:G	4.95012e-05	0.00716727	-4.97528	-3.99874	6	123775959	A	G	6.368058705064959e-05	4.195992941632157
6:32388530:C:T	0.00287652	5.23059e-06	6.30981	3.99851	6	32388530	C	T	6.374248842133491e-05	4.19557098625671
6:18188781:A:AT	1.45348e-05	0.00490242	-5.82094	-3.99828	6	18188781	A	AT	6.380444674625242e-05	4.19514905278256
6:27688596:C:CAA	9.11428e-05	1.84629e-06	3.89925	3.9964	6	27688596	C	CAA	6.431303036819196e-05	4.191701026396436
6:73788709:TAAG:T	8.23434e-06	0.00238675	-5.66937	-3.9962	6	73788709	TAAG	T	6.436736025476599e-05	4.191334301190998
6:8024600:T:C	5.30288e-06	0.0041661	-6.66648	-3.99604	6	8024600	T	C	6.441085543924513e-05	4.191040932949713
6:83897625:G:T	2.12935e-06	0.00568377	-7.88955	-3.99595	6	83897625	G	T	6.44353337042635e-05	4.190875917971426
6:88677225:T:C	0.00132264	2.86418e-05	3.83251	3.99545	6	88677225	T	C	6.457148448257162e-05	4.1899592291559
6:73787741:C:T	8.08656e-06	0.00234029	-5.66783	-3.99515	6	73787741	C	T	6.46533056034806e-05	4.1894092655453745
6:95457665:ATC:A	0.00959443	1.02697e-05	6.83974	3.99496	6	95457665	ATC	A	6.470517639222849e-05	4.189060974529818
6:16226436:C:CAAATATTCC	0.0115514	6.83398e-05	5.13007	3.99408	6	16226436	C	CAAATATTCC	6.494593415666569e-05	4.18744803209819
6:63225294:ATGTGTGTG:A	0.00344541	8.02157e-06	6.06266	3.99391	6	63225294	ATGTGTGTG	A	6.499254179084846e-05	4.187136477894393
6:29790748:T:C	6.28541e-07	0.000145	-5.44109	-3.99285	6	29790748	T	C	6.528386895206765e-05	4.185194115670501
6:88655947:T:C	0.00432814	9.40327e-05	3.82925	3.99278	6	88655947	T	C	6.530315097792639e-05	4.185065862839619
6:29792047:T:C	6.28541e-07	0.000144934	-5.44063	-3.99252	6	29792047	T	C	6.537481713208703e-05	4.18458951294129
6:29792099:G:A	6.28541e-07	0.000144934	-5.44063	-3.99252	6	29792099	G	A	6.537481713208703e-05	4.18458951294129
6:29789587:C:T	3.54723e-07	0.000548031	-7.34275	-3.99161	6	29789587	C	T	6.562623529965015e-05	4.182922508671361
6:16175176:T:G	0.000138078	0.0145219	-4.6556	-3.99148	6	16175176	T	G	6.566222679404727e-05	4.182684393188028
6:157326675:A:G	5.04991e-05	0.0236792	-6.1504	-3.99126	6	157326675	A	G	6.572317803795334e-05	4.182281444461321
6:78691696:T:C	0.000569183	8.72819e-06	4.17764	3.99125	6	78691696	T	C	6.572594982091572e-05	4.182263129086158
6:78222181:T:G	9.32983e-07	0.000562738	-6.40218	-3.99104	6	78222181	T	G	6.578418282526105e-05	4.181878515770121
6:29790616:A:C	6.28541e-07	0.000144612	-5.43841	-3.9909	6	29790616	A	C	6.582303195168478e-05	4.181622117034668
6:103493297:G:C	1.24048e-05	0.0191331	-7.3411	-3.99045	6	103493297	G	C	6.594805125566528e-05	4.1807980331944234
6:69480553:C:A	0.00042315	2.71416e-07	7.35183	3.98998	6	69480553	C	A	6.607886688016779e-05	4.179937412901805
6:31147255:C:T	5.24735e-06	0.00807547	-7.33886	-3.98888	6	31147255	C	T	6.638599170935257e-05	4.177923552637337
6:86536675:G:A	2.46481e-06	0.00650355	-7.87799	-3.98803	6	86536675	G	A	6.662424016991957e-05	4.176367730939372
6:29789862:A:G	3.56598e-07	0.000548031	-7.33748	-3.98791	6	29789862	A	G	6.665794035460469e-05	4.176148109614118
6:81998996:T:C	1.86517e-05	0.00620773	-5.80761	-3.98761	6	81998996	T	C	6.674226140551527e-05	4.175599082378588
6:147873435:G:A	0.0387849	9.92275e-05	5.96837	3.98751	6	147873435	G	A	6.677039084627497e-05	4.175416081578653
6:17635108:CTTTTT:C	0.0014829	2.06898e-06	6.5747	3.98749	6	17635108	CTTTTT	C	6.677601808055813e-05	4.175379481915381
6:162126759:A:G	0.0147051	1.66283e-05	6.78485	3.98744	6	162126759	A	G	6.679008812979033e-05	4.175287983481569
6:116408616:T:C	0.00574058	1.469e-05	5.96814	3.98735	6	116408616	T	C	6.681542128850312e-05	4.17512328890845
6:2135271:C:T	7.92864e-06	0.00119593	-5.01619	-3.98662	6	2135271	C	T	6.702123760347614e-05	4.173787556814118
6:81730181:GT:G	6.03907e-05	0.013843	-5.4347	-3.98646	6	81730181	GT	G	6.706642811630563e-05	4.173494823086613
6:65089984:T:TACAC	6.61658e-06	0.00450455	-6.52326	-3.98609	6	65089984	T	TACAC	6.71710416396032e-05	4.172817916926494
6:69952514:T:TA	0.000767427	9.46265e-06	4.39569	3.98601	6	69952514	T	TA	6.719368107384553e-05	4.17267156628833
6:100864032:T:TA	9.01609e-07	0.00053929	-6.39383	-3.98459	6	100864032	T	TA	6.759673456370557e-05	4.170074283277552
6:85260399:A:G	0.00472714	1.13085e-05	6.03552	3.98459	6	85260399	A	G	6.759673456370557e-05	4.170074283277552
6:16174792:T:C	0.000138078	0.01437	-4.64508	-3.98417	6	16174792	T	C	6.77163852744756e-05	4.169306232743372
6:125419998:CCATGGGTAG:C	0.0506932	0.00111317	3.81858	3.98406	6	125419998	CCATGGGTAG	C	6.77477554661725e-05	4.169105088716336
6:83892273:T:C	1.73979e-06	0.00155056	-6.79261	-3.98358	6	83892273	T	C	6.788480456905303e-05	4.168227427933824
6:95781028:G:A	0.0012058	1.4062e-05	4.45142	3.98325	6	95781028	G	A	6.797917795615835e-05	4.16762409146321
6:64657255:C:A	1.09328e-05	0.00262968	-5.48285	-3.98319	6	64657255	C	A	6.799635008591434e-05	4.16751439876567
6:29786872:TCTC:T	0.00452983	2.08998e-06	7.68129	3.98288	6	29786872	TCTC	T	6.808513816333679e-05	4.1669476768984826
6:41802383:ATTTAT:A	0.0111632	1.17649e-05	6.85526	3.98264	6	41802383	ATTTAT	A	6.815395264943641e-05	4.166508951802016
6:49251843:A:G	3.42512e-06	0.00521867	-7.32886	-3.98186	6	49251843	A	G	6.837805451185459e-05	4.165083259883176
6:32722774:G:A	1.10226e-05	0.0135287	-7.11262	-3.9813	6	32722774	G	A	6.853937794573907e-05	4.16405984148711
6:23784765:G:A	1.48077e-06	0.000787146	-6.27586	-3.98123	6	23784765	G	A	6.855956867741735e-05	4.163931923313662
6:105148986:A:T	0.00489783	9.05284e-05	3.99088	3.98075	6	105148986	A	T	6.869817108852068e-05	4.163054824756115
6:88653137:G:A	0.00442674	9.76781e-05	3.81374	3.9801	6	88653137	G	A	6.888628448621709e-05	4.161867239121413
6:91994883:A:G	2.1107e-05	0.0392434	-7.52794	-3.98	6	91994883	A	G	6.891526823010614e-05	4.161684549159313
6:38465034:A:G	9.05326e-06	0.00538242	-6.38777	-3.97991	6	38465034	A	G	6.894136346432461e-05	4.161520131732003
6:23780520:A:G	4.11881e-06	0.00763986	-7.52557	-3.97834	6	23780520	A	G	6.939808709693748e-05	4.158652500362062
6:30178956:C:T	3.8912e-06	0.00179861	-6.13605	-3.97766	6	30178956	C	T	6.959679084456765e-05	4.157410785542139
6:5200077:A:G	8.10409e-06	0.00515772	-6.45588	-3.97714	6	5200077	A	G	6.974910383097791e-05	4.156461368036608
6:67826606:G:A	5.55303e-05	0.0132491	-5.47476	-3.97708	6	67826606	G	A	6.976669868571345e-05	4.15635182706384
6:29804495:G:A	5.55804e-05	1.31447e-06	3.7444	3.97652	6	29804495	G	A	6.993111994417663e-05	4.155329516494764
6:32431410:C:A	4.68689e-07	0.000358269	-6.6391	-3.97639	6	32431410	C	A	6.996934155957517e-05	4.155092212959214
6:71869282:T:C	5.95908e-06	0.00509779	-6.75165	-3.97535	6	71869282	T	C	7.027582675658729e-05	4.153194036453902
6:66639367:A:G	2.48731e-05	0.0157677	-6.45193	-3.97411	6	66639367	A	G	7.064291132258598e-05	4.1509314109978686
6:52408321:A:T	1.03556e-05	0.0227599	-7.69523	-3.97281	6	52408321	A	T	7.102970535111943e-05	4.148559986885714
6:111115488:C:T	1.3384e-05	0.0246079	-7.51676	-3.97216	6	111115488	C	T	7.122385281857295e-05	4.147374537084285
6:88445240:T:G	4.08146e-06	0.0018732	-6.12895	-3.97214	6	88445240	T	G	7.122983453998987e-05	4.147338064478298
6:88445262:C:T	4.08146e-06	0.0018732	-6.12895	-3.97214	6	88445262	C	T	7.122983453998987e-05	4.147338064478298
6:32395750:C:T	0.00192813	1.47129e-05	4.87559	3.97192	6	32395750	C	T	7.129566484811188e-05	4.146936876736944
6:33925375:A:G	3.53151e-05	0.0774924	-7.69362	-3.97178	6	33925375	A	G	7.133758682299928e-05	4.146681585874889
6:29790530:A:G	2.00218e-07	0.000367535	-7.51517	-3.97104	6	29790530	A	G	7.155956204333552e-05	4.145332326052467
6:72501015:C:G	1.04681e-05	0.0268961	-7.85141	-3.96981	6	72501015	C	G	7.192996702981326e-05	4.143090138764603
6:32396178:T:C	0.00192813	1.47712e-05	4.87163	3.96881	6	32396178	T	C	7.223244513099972e-05	4.141267683645491
6:32721638:G:A	1.12162e-05	0.0135287	-7.09521	-3.96881	6	32721638	G	A	7.223244513099972e-05	4.141267683645491
6:88662313:A:C	0.00262291	5.86987e-05	3.79962	3.96856	6	88662313	A	C	7.23082524290225e-05	4.140812134519277
6:32722963:C:T	1.10475e-05	0.0133198	-7.09481	-3.96853	6	32722963	C	T	7.231735436012484e-05	4.140757470362004
6:26192274:C:A	0.00088101	1.77498e-05	3.90469	3.96848	6	26192274	C	A	7.233252665358389e-05	4.140666364260774
6:144661190:G:A	4.47908e-05	0.0145446	-5.78297	-3.96846	6	144661190	G	A	7.233859641397306e-05	4.140629922109927
6:64199731:GA:G	0.00131371	3.17901e-06	6.02404	3.9666	6	64199731	GA	G	7.290519475959095e-05	4.137241525522256
6:52545466:G:A	1.27369e-05	0.00844911	-6.49732	-3.96621	6	52545466	G	A	7.302452877898357e-05	4.136531236810386
6:77733680:C:T	0.000440519	9.51673e-07	6.13749	3.96591	6	77733680	C	T	7.31164498692429e-05	4.135984903702397
6:95157281:G:T	0.00529814	3.52794e-06	7.3144	3.96431	6	95157281	G	T	7.360854681872445e-05	4.133071756033322
6:99268206:C:T	1.92305e-05	0.00748175	-5.96373	-3.96431	6	99268206	C	T	7.360854681872445e-05	4.133071756033322
6:30807487:A:C	5.46945e-06	0.011856	-7.68141	-3.96395	6	30807487	A	C	7.371969949395732e-05	4.132416443778277
6:30807500:C:T	5.46945e-06	0.011856	-7.68141	-3.96395	6	30807500	C	T	7.371969949395732e-05	4.132416443778277
6:18422242:G:T	3.926e-06	0.00712833	-7.50421	-3.96336	6	18422242	G	T	7.390220971863598e-05	4.131342575755882
6:84465737:CCTT:C	0.0325063	3.64409e-05	6.7935	3.96284	6	84465737	CCTT	C	7.406342040147708e-05	4.13039623520872
6:133502043:TTC:T	0.0180143	3.92085e-05	6.13003	3.96051	6	133502043	TTC	T	7.47898607663472e-05	4.1261572752865705
6:49259325:CTT:C	0.00317847	3.46141e-06	6.82248	3.95991	6	49259325	CTT	C	7.497801503038523e-05	4.12506606128392
6:76531243:T:TA	0.0162335	0.000133647	4.79964	3.95981	6	76531243	T	TA	7.500941756182106e-05	4.124884206763391
6:5211465:A:C	7.36637e-06	0.00380474	-6.24708	-3.95899	6	5211465	A	C	7.526738787104999e-05	4.123393155745637
6:32439110:C:T	1.51646e-06	0.000877352	-6.36053	-3.95887	6	32439110	C	T	7.530520992254737e-05	4.1231749764906365
6:125373081:T:C	0.000730234	0.129469	-5.17783	-3.9586	6	125373081	T	C	7.5390375261375e-05	4.122684094948289
6:67273995:G:A	4.02847e-06	0.00726359	-7.49724	-3.95847	6	67273995	G	A	7.543141327152284e-05	4.12244775533226
6:136381877:TAC:T	0.00184057	2.07712e-06	6.78685	3.95822	6	136381877	TAC	T	7.551039190178678e-05	4.121993275721357
6:78221317:A:T	1.15234e-06	0.00066541	-6.35861	-3.95739	6	78221317	A	T	7.577316208945627e-05	4.120484588831506
6:55842094:T:A	0.0101543	0.000106999	4.55284	3.95704	6	55842094	T	A	7.588422778495014e-05	4.119848480992053
6:28099321:C:T	1.8385e-06	0.00463552	-7.83255	-3.95689	6	28099321	C	T	7.593187447808149e-05	4.119575878859883
6:4333922:T:C	0.0369262	8.07852e-05	6.12488	3.95678	6	4333922	T	C	7.596683336427788e-05	4.119375976545343
6:49250936:G:A	3.5571e-06	0.00521867	-7.29105	-3.9553	6	49250936	G	A	7.643867168656316e-05	4.1166868685061955
6:29946306:CT:C	2.47376e-06	0.000244104	-4.59186	-3.95501	6	29946306	CT	C	7.653145059773057e-05	4.116160054857934
6:84470112:A:AT	2.7475e-05	0.0324819	-7.07516	-3.95444	6	84470112	A	AT	7.671411956131011e-05	4.115124694940009
6:117746334:G:C	5.08844e-05	0.0228264	-6.10612	-3.95437	6	117746334	G	C	7.673658099363114e-05	4.114997554742577
6:124219756:T:G	4.10134e-06	0.000723148	-5.1723	-3.95433	6	124219756	T	G	7.67494188896089e-05	4.114924904111254
6:82662508:C:T	8.81681e-06	0.00281141	-5.76478	-3.95433	6	82662508	C	T	7.67494188896089e-05	4.114924904111254
6:26194737:T:A	0.000832156	1.64315e-05	3.92482	3.95431	6	26194737	T	A	7.67558385991184e-05	4.114888579043791
6:9805997:G:A	1.49454e-05	0.0176571	-7.07449	-3.95396	6	9805997	G	A	7.686826573788407e-05	4.114252917148028
6:31361638:G:A	2.69181e-06	0.00481776	-7.48985	-3.95328	6	31361638	G	A	7.708714088312826e-05	4.113018061757972
6:131061718:C:G	7.98255e-07	0.000941311	-7.0726	-3.9526	6	131061718	C	G	7.730660520673798e-05	4.111783397643313
6:66722981:T:TAC	3.65622e-06	0.00312474	-6.75068	-3.95241	6	66722981	T	TAC	7.736803163270941e-05	4.111438452152701
6:52408076:A:G	1.0514e-05	0.022375	-7.66299	-3.95213	6	52408076	A	G	7.745863890707329e-05	4.110930138647908
6:52407949:T:A	1.0514e-05	0.022375	-7.66299	-3.95213	6	52407949	T	A	7.745863890707329e-05	4.110930138647908
6:52407776:C:T	1.0514e-05	0.022375	-7.66299	-3.95213	6	52407776	C	T	7.745863890707329e-05	4.110930138647908
6:6191945:C:G	0.00011417	0.0437114	-5.94768	-3.95177	6	6191945	C	G	7.757528139937185e-05	4.110276640365482
6:88662398:C:G	0.00256812	5.86987e-05	3.77851	3.9513	6	88662398	C	G	7.772781460702497e-05	4.109423542733882
6:88662370:T:C	0.00256812	5.86987e-05	3.77851	3.9513	6	88662370	T	C	7.772781460702497e-05	4.109423542733882
6:29806253:G:GGA	6.60751e-05	1.50849e-06	3.77968	3.95125	6	29806253	G	GGA	7.774405822140747e-05	4.109332793044054
6:29806365:A:G	6.39739e-05	1.57156e-06	3.70641	3.95049	6	29806365	A	G	7.799135665309503e-05	4.107953525076986
6:65115556:A:G	0.000173894	3.2161e-06	3.99028	3.95041	6	65115556	A	G	7.801743128707673e-05	4.107808352873408
6:49667176:A:G	0.00668846	1.30152e-05	6.24202	3.95016	6	49667176	A	G	7.809896765000333e-05	4.107354706799654
6:67379994:C:T	3.77035e-06	0.00116924	-5.73694	-3.95004	6	67379994	C	T	7.813813371460336e-05	4.107136965866913
6:32973414:T:C	6.02862e-05	0.107326	-7.48452	-3.94955	6	32973414	T	C	7.82982546206248e-05	4.10624791887539
6:31284619:A:C	1.05792e-05	0.00899077	-6.74506	-3.94824	6	31284619	A	C	7.872785762024872e-05	4.103871566624329
6:32723531:C:T	0.00638381	1.21992e-05	6.26015	3.94746	6	32723531	C	T	7.898470919926492e-05	4.102456976470768
6:72506746:G:GTATT	1.23062e-05	0.0305782	-7.81794	-3.94688	6	72506746	G	GTATT	7.91762147377494e-05	4.101405264869791
6:72502314:C:CA	1.10972e-05	0.0196795	-7.48064	-3.94682	6	72502314	C	CA	7.919605068936692e-05	4.101296475059244
6:25118206:C:T	0.0017928	4.12303e-05	3.77236	3.94628	6	25118206	C	T	7.937478578405465e-05	4.1003174337683586
6:129372919:T:C	0.000103931	0.0328228	-5.75516	-3.94571	6	129372919	T	C	7.956386427302446e-05	4.0992841321376465
6:138009166:G:GA	0.000121398	0.0535385	-6.08908	-3.94488	6	138009166	G	GA	7.98399506361653e-05	4.097779740238316
6:66886395:C:T	5.51204e-06	0.00279079	-6.22715	-3.9436	6	66886395	C	T	8.0267498262247e-05	4.095460272688267
6:81007414:TG:T	0.00504301	7.49132e-06	6.51201	3.9436	6	81007414	TG	T	8.0267498262247e-05	4.095460272688267
6:94727539:C:G	0.00889604	0.000185175	3.87206	3.94348	6	94727539	C	G	8.030769162241574e-05	4.095242857346488
6:95778790:A:G	0.00113385	1.39223e-05	4.39989	3.94321	6	95778790	A	G	8.03981962547145e-05	4.0947536946024385
6:105175092:G:A	0.000120097	0.028752	-5.47817	-3.94312	6	105175092	G	A	8.042838588486677e-05	4.094590647054385
6:164257721:AAAAATAAAA:A	0.0259204	5.09464e-05	6.23201	3.94301	6	164257721	AAAAATAAAA	A	8.046529887415554e-05	4.094391371267222
6:65115776:A:ATATTT	0.000173514	3.24087e-06	3.98041	3.94279	6	65115776	A	ATATTT	8.05391729005854e-05	4.093992834705694
6:2013094:C:T	0.000987648	7.82324e-06	4.83823	3.94261	6	2013094	C	T	8.059966296650388e-05	4.093666774225848
6:66885993:C:T	5.52033e-06	0.00279079	-6.22564	-3.94243	6	66885993	C	T	8.066019597563149e-05	4.093340727145757
6:47325308:GA:G	5.75183e-05	0.00813245	-4.95151	-3.94228	6	47325308	GA	G	8.071067297432242e-05	4.093069031481575
6:49059064:C:T	3.12387e-06	0.00227642	-6.59129	-3.94209	6	49059064	C	T	8.077465337091871e-05	4.092724896998591
6:104195404:T:C	1.04253e-05	0.0183633	-7.47388	-3.94208	6	104195404	T	C	8.077802208787197e-05	4.09270678507095
6:66640151:G:A	2.43717e-05	0.0147942	-6.40857	-3.94095	6	66640151	G	A	8.115954364821268e-05	4.090660403625141
6:49673771:A:G	3.08141e-06	0.00251651	-6.70524	-3.94088	6	49673771	A	G	8.118323366324557e-05	4.090533654002542
6:151635066:A:G	0.00144772	2.12854e-05	4.21973	3.94087	6	151635066	A	G	8.11866184846245e-05	4.090515547079022
6:139163352:CTTTTTTTTT:C	0.00338726	3.11906e-05	4.68766	3.9404	6	139163352	CTTTTTTTTT	C	8.134585564301537e-05	4.0896645683229185
6:33921528:T:A	9.51619e-05	0.16703	-7.47035	-3.93961	6	33921528	T	A	8.161417490550839e-05	4.0882344056013755
6:78697725:C:A	6.85996e-06	0.0120399	-7.47028	-3.93956	6	78697725	C	A	8.163118525491013e-05	4.0881438976579965
6:88221682:T:A	7.81635e-06	0.0137143	-7.46998	-3.93935	6	88221682	T	A	8.170266532245387e-05	4.087763775585659
6:52208250:C:CA	0.0176281	2.13024e-05	6.71843	3.93918	6	52208250	C	CA	8.176057346528226e-05	4.087456071075137
6:32810879:A:G	9.55267e-05	0.167481	-7.46922	-3.93881	6	32810879	A	G	8.188674296133789e-05	4.086786402571248
6:104179064:G:A	4.89044e-06	0.00245968	-6.2205	-3.93846	6	104179064	G	A	8.200626183808229e-05	4.0861529844712114
6:19492437:G:T	0.00347464	5.69475e-05	4.11112	3.93809	6	19492437	G	T	8.213278963555953e-05	4.085483426134635
6:62795281:C:T	1.09349e-06	0.00156347	-7.26529	-3.93721	6	62795281	C	T	8.243446230109614e-05	4.083891190508238
6:22475112:T:C	1.28098e-05	0.00817919	-6.45914	-3.93698	6	22475112	T	C	8.251348101803691e-05	4.083475090802245
6:99268714:G:A	0.00700353	1.92685e-05	5.8957	3.9369	6	99268714	G	A	8.25409825657367e-05	4.083330365597472
6:157330082:A:G	7.23404e-05	0.022593	-5.74401	-3.93681	6	157330082	A	G	8.257193216205598e-05	4.083167552905586
6:19492558:A:T	0.0034445	5.65466e-05	4.10947	3.93677	6	19492558	A	T	8.258569105850503e-05	4.083095192784361
6:151634850:A:G	0.001437	2.12378e-05	4.21453	3.93675	6	151634850	A	G	8.259257131925781e-05	4.083059012971864
6:87531392:C:T	2.31453e-06	0.00566457	-7.80278	-3.93649	6	87531392	C	T	8.268206402178846e-05	4.082588690461723
6:43475513:A:G	0.000135243	0.0131362	-4.57605	-3.93622	6	43475513	A	G	8.277509574886642e-05	4.082100308211892
6:146164920:C:A	1.20362e-05	0.00208121	-5.15279	-3.9361	6	146164920	C	A	8.281647493090358e-05	4.081883259110604
6:30861745:A:G	6.01502e-06	0.00502594	-6.72811	-3.93563	6	30861745	A	G	8.297873170493752e-05	4.081033207465066
6:52201849:G:A	2.10413e-05	0.00417658	-5.29076	-3.93542	6	52201849	G	A	8.305132648148524e-05	4.080653426680512
6:52201911:A:G	2.10413e-05	0.00417658	-5.29076	-3.93542	6	52201911	A	G	8.305132648148524e-05	4.080653426680512
6:73790286:G:T	0.00297696	3.93024e-05	4.32737	3.93433	6	73790286	G	T	8.342909324813097e-05	4.078682476534519
6:24084048:G:A	0.0116623	1.41907e-05	6.71153	3.93416	6	24084048	G	A	8.348815718428589e-05	4.078375124926992
6:11889202:C:CAAAAA	0.000381498	0.0691504	-5.19993	-3.93402	6	11889202	C	CAAAAA	8.353682774267401e-05	4.078122020811501
6:29037883:C:G	0.000463002	7.33504e-06	4.14507	3.93374	6	29037883	C	G	8.363424931321542e-05	4.077615836894531
6:148353436:A:AT	1.74599e-05	0.0104963	-6.39888	-3.93354	6	148353436	A	AT	8.370390187582407e-05	4.07725429680193
6:158276293:TTTC:T	0.00632606	9.53923e-06	6.49702	3.93311	6	158276293	TTTC	T	8.385384056454814e-05	4.076477041611339
6:81730618:C:T	6.19049e-05	0.0164792	-5.58425	-3.93231	6	81730618	C	T	8.413347189754181e-05	4.07503118888265
6:101041901:ATTTT:A	0.00295208	1.31457e-05	5.41417	3.93225	6	101041901	ATTTT	A	8.415447973313345e-05	4.074922760596095
6:22180710:T:G	0.00708369	8.29996e-06	6.7493	3.93213	6	22180710	T	G	8.419651027661533e-05	4.074705908488676
6:132239809:G:T	0.00546994	0.000103644	3.96606	3.9317	6	132239809	G	T	8.434728268383188e-05	4.073928903998702
6:29813955:C:A	9.23406e-05	1.79966e-06	3.93789	3.93057	6	29813955	C	A	8.474471570231503e-05	4.071887372922815
6:73787286:A:G	7.87998e-06	0.00207218	-5.57203	-3.93017	6	73787286	A	G	8.488582353957323e-05	4.071164833579559
6:65382461:G:GTGTGTGTGT	1.11636e-05	0.0127501	-7.04064	-3.92969	6	65382461	G	GTGTGTGTGT	8.505544602037232e-05	4.070297873693101
6:29806274:G:A	6.55206e-05	1.54304e-06	3.74861	3.92945	6	29806274	G	A	8.514037732015911e-05	4.069864429473659
6:29806269:T:G	6.55206e-05	1.54304e-06	3.74861	3.92945	6	29806269	T	G	8.514037732015911e-05	4.069864429473659
6:9678811:G:T	1.46747e-06	0.0035528	-7.79195	-3.92907	6	9678811	G	T	8.527501579096063e-05	4.069178191499264
6:20913461:C:G	5.34658e-05	0.0187469	-5.85974	-3.92745	6	20913461	C	G	8.585126119510086e-05	4.066253320467541
6:143190405:AT:A	0.056855	6.49096e-05	6.77526	3.92717	6	143190405	AT	A	8.595123134681497e-05	4.0657478971817405
6:35295900:T:A	4.98391e-06	0.00110013	-5.39697	-3.92715	6	35295900	T	A	8.595837627933738e-05	4.065711796758818
6:17705013:T:C	1.09508e-05	0.003293	-5.70614	-3.92681	6	17705013	T	C	8.607992603045772e-05	4.065098114872131
6:146164082:AT:A	1.22599e-05	0.00209186	-5.13948	-3.92668	6	146164082	AT	A	8.612644383996543e-05	4.0648634844286
6:88691365:C:CTCTTT	0.000801493	1.89016e-05	3.74723	3.92573	6	88691365	C	CTCTTT	8.646710339354932e-05	4.063149089437335
6:32442382:AG:A	0.00252938	2.99548e-06	6.73862	3.92471	6	32442382	AG	A	8.68342812793118e-05	4.0613087859847665
6:19796349:C:CA	4.53166e-06	0.0108738	-7.78302	-3.92295	6	19796349	C	CA	8.747130948785509e-05	4.058134371827288
6:88443559:CT:C	0.00423831	7.1226e-06	6.38865	3.92154	6	88443559	CT	C	8.798483883617568e-05	4.0555921571345355
6:136371323:C:G	3.1191e-06	0.00352191	-7.02922	-3.92149	6	136371323	C	G	8.800310128519741e-05	4.055502022766701
6:84468663:T:G	2.87806e-05	0.0324848	-7.02883	-3.92121	6	84468663	T	G	8.810543719800825e-05	4.0549972894060184
6:78220979:A:C	1.20776e-06	0.00066541	-6.31164	-3.92111	6	78220979	A	C	8.814201297701288e-05	4.054817035346113
6:78220794:A:T	1.20776e-06	0.00066541	-6.31164	-3.92111	6	78220794	A	T	8.814201297701288e-05	4.054817035346113
6:78221189:G:C	1.20776e-06	0.00066541	-6.31164	-3.92111	6	78221189	G	C	8.814201297701288e-05	4.054817035346113
6:78221110:T:C	1.20776e-06	0.00066541	-6.31164	-3.92111	6	78221110	T	C	8.814201297701288e-05	4.054817035346113
6:67274351:A:T	4.25229e-06	0.00726359	-7.44317	-3.92054	6	67274351	A	T	8.835076898444352e-05	4.053789666143102
6:31006006:C:G	7.33854e-06	0.0175431	-7.77928	-3.92038	6	31006006	C	G	8.840945106749258e-05	4.053501305947764
6:29813847:C:T	8.89484e-05	1.75962e-06	3.92296	3.92009	6	29813847	C	T	8.851590620709888e-05	4.0529786800676435
6:84468502:C:T	2.89096e-05	0.0324848	-7.02436	-3.91801	6	84468502	C	T	8.928300318876274e-05	4.049231209912188
6:19178851:T:C	0.016948	1.20791e-05	7.24643	3.9177	6	19178851	T	C	8.939786644914766e-05	4.048672845862011
6:29813958:G:C	9.19376e-05	1.82504e-06	3.91951	3.91766	6	29813958	G	C	8.94126976791107e-05	4.048600801781406
6:72351076:C:A	2.78293e-06	0.00220234	-6.67377	-3.91751	6	72351076	C	A	8.946833549532348e-05	4.048330642369681
6:72351043:A:C	2.78293e-06	0.00220234	-6.67377	-3.91751	6	72351043	A	C	8.946833549532348e-05	4.048330642369681
6:6368345:C:T	7.82542e-06	0.00486759	-6.43298	-3.91694	6	6368345	C	T	8.968005760915805e-05	4.047304121428567
6:24234231:TA:T	0.00809342	5.31363e-05	5.02595	3.9168	6	24234231	TA	T	8.973213188402189e-05	4.047052014022471
6:67433794:A:G	1.47253e-05	0.00384058	-5.56381	-3.91663	6	67433794	A	G	8.979540333304066e-05	4.046745894492948
6:35296253:A:G	5.09863e-06	0.00110772	-5.38109	-3.9161	6	35296253	A	G	8.999293199429444e-05	4.045791598520844
6:5200773:C:G	0.00529677	3.78591e-06	7.24357	3.91574	6	5200773	C	G	9.012733641396385e-05	4.04514346370342
6:92878046:T:A	0.00145579	9.58653e-06	5.02294	3.91457	6	92878046	T	A	9.056546149133058e-05	4.043037395519446
6:158276307:CT:C	0.00614486	9.51516e-06	6.47048	3.91453	6	158276307	CT	C	9.058047563292836e-05	4.042965403191438
6:20865398:A:G	2.55327e-06	0.00353	-7.23168	-3.91361	6	20865398	A	G	9.092645049482755e-05	4.041309762180041
6:66644965:TGAGAAGTAA:T	0.0092922	6.68859e-06	7.23653	3.91092	6	66644965	TGAGAAGTAA	T	9.194522528388775e-05	4.0364708187554434
6:29813929:T:C	9.23571e-05	1.85259e-06	3.90908	3.91034	6	29813929	T	C	9.216629513761048e-05	4.0354278697481405
6:32441931:C:T	2.27712e-06	0.00252938	-7.01282	-3.90973	6	32441931	C	T	9.239934122976823e-05	4.03433112511427
6:155262539:A:C	6.69883e-06	0.00283268	-6.04705	-3.90843	6	155262539	A	C	9.289785501986418e-05	4.031994313603682
6:32442306:C:A	2.28697e-06	0.00252938	-7.0085	-3.90664	6	32442306	C	A	9.358842812638744e-05	4.028777846898018
6:66887973:C:T	1.51602e-06	0.00207448	-7.22138	-3.90637	6	66887973	C	T	9.369301261739786e-05	4.028292796463981
6:24077140:C:T	6.2218e-06	0.00850972	-7.2209	-3.90604	6	24077140	C	T	9.382098799647819e-05	4.0276999979593215
6:133977781:G:GC	0.0194258	0.000409707	3.85892	3.90536	6	133977781	G	GC	9.408521557037227e-05	4.026478615687056
6:137270869:G:A	8.54122e-05	0.0684282	-6.68605	-3.90437	6	137270869	G	A	9.44711564195325e-05	4.024700768421206
6:69487847:G:GT	0.000198189	9.17425e-07	5.37541	3.90395	6	69487847	G	GT	9.463534014688384e-05	4.023946652555092
6:85316091:TA:T	0.0556736	4.05291e-05	7.22524	3.90318	6	85316091	TA	T	9.493704370459396e-05	4.0225642961353705
6:85316093:GGTA:G	0.0556736	4.05291e-05	7.22524	3.90318	6	85316093	GGTA	G	9.493704370459396e-05	4.0225642961353705
6:29813934:T:G	9.21552e-05	1.8712e-06	3.89689	3.90178	6	29813934	T	G	9.548792399612704e-05	4.0200515485572
6:38626450:G:A	7.15491e-06	0.0166331	-7.75135	-3.90125	6	38626450	G	A	9.569725807760353e-05	4.019100505471076
6:23784390:A:G	0.000799773	2.14795e-06	5.91981	3.90069	6	23784390	A	G	9.591891203723936e-05	4.018095755877756
6:38627006:G:A	7.17356e-06	0.0166331	-7.74875	-3.89946	6	38627006	G	A	9.640746201149287e-05	4.015889350070247
6:33628071:C:T	4.64459e-05	0.076951	-7.41264	-3.89913	6	33628071	C	T	9.653893558858132e-05	4.01529749390094
6:78221232:A:G	0.00066541	1.15614e-06	6.35532	3.89899	6	78221232	A	G	9.659476338665729e-05	4.015046416999859
6:147839130:T:C	0.000229837	0.0494465	-5.37128	-3.89897	6	147839130	T	C	9.66027412743793e-05	4.015010549532286
6:68435536:T:C	5.8821e-05	0.035721	-6.40899	-3.89857	6	68435536	T	C	9.67624297375e-05	4.0142932348911815
6:49673108:G:A	0.00193219	3.06216e-06	6.44729	3.89829	6	49673108	G	A	9.68743599241474e-05	4.013791153980644
6:160301165:T:C	9.94476e-06	0.00602952	-6.40738	-3.89733	6	160301165	T	C	9.72590493635076e-05	4.0120699796598895
6:78751483:G:A	0.000282192	6.2581e-06	3.80871	3.89713	6	78751483	G	A	9.73393743293759e-05	4.011711449608567
6:29806238:T:A	6.8381e-05	1.39863e-06	3.8896	3.89666	6	29806238	T	A	9.752838461428716e-05	4.0108689690469115
6:31360765:G:A	1.00057e-05	0.00769506	-6.64518	-3.89628	6	31360765	G	A	9.768145472156384e-05	4.010187881282221
6:29814007:A:G	9.15284e-05	1.87467e-06	3.88822	3.89569	6	29814007	A	G	9.791956575901247e-05	4.009130521147073
6:78700675:A:G	6.37432e-06	0.0105068	-7.4075	-3.89553	6	78700675	A	G	9.798423263586209e-05	4.008843804207148
6:32469141:C:A	0.000521715	1.03613e-05	3.91904	3.89537	6	32469141	C	A	9.804893983115663e-05	4.008557097844925
6:15445568:C:A	9.89652e-07	0.00192569	-7.57344	-3.8947	6	15445568	C	A	9.832033964952807e-05	4.007356629840266
6:78220464:T:C	1.24997e-06	0.00066541	-6.27729	-3.89459	6	78220464	T	C	9.836496555190638e-05	4.007159555803996
6:78220488:A:G	1.24997e-06	0.00066541	-6.27729	-3.89459	6	78220488	A	G	9.836496555190638e-05	4.007159555803996
6:94726225:T:C	0.00821659	0.000190139	3.76616	3.89447	6	94726225	T	C	9.841367016338557e-05	4.006944571648184
6:72502676:T:C	1.11783e-05	0.0183839	-7.40526	-3.89395	6	72502676	T	C	9.862498668998077e-05	4.006013042393102
6:29806221:C:G	6.66731e-05	1.36925e-06	3.88554	3.89381	6	29806221	C	G	9.868195274892217e-05	4.005762265144092
6:24077828:C:T	7.18339e-06	0.00965246	-7.2032	-3.8936	6	24077828	C	T	9.876746008459125e-05	4.005386114454842
6:149962771:C:A	0.00672831	0.000125312	3.98328	3.89321	6	149962771	C	A	9.892644502895167e-05	4.004687597230584
6:123700544:A:T	0.00788353	0.000170277	3.8351	3.89305	6	123700544	A	T	9.89917394866495e-05	4.004401044241274
6:50420877:G:GTA	2.1696e-05	0.0072928	-5.81751	-3.89293	6	50420877	G	GTA	9.90407370273744e-05	4.00418613644057
6:49672551:G:T	0.00193219	3.08658e-06	6.43935	3.89273	6	49672551	G	T	9.912245047713131e-05	4.003827969994167
6:93378053:C:CAGTTGGTG	0.0130165	2.74598e-05	6.16125	3.89254	6	93378053	C	CAGTTGGTG	9.920013720250554e-05	4.00348772717798
6:29810742:T:G	6.37272e-05	1.70511e-06	3.62098	3.89195	6	29810742	T	G	9.944174146252884e-05	4.002431278765604
6:19178496:G:T	1.01632e-05	0.0136129	-7.2	-3.89136	6	19178496	G	T	9.96839011438883e-05	4.001374974174963
6:30423814:G:T	1.21295e-05	0.0162453	-7.19992	-3.8913	6	30423814	G	T	9.970855871274161e-05	4.00126756142573
6:52544943:A:G	2.03462e-05	0.0272331	-7.1993	-3.89086	6	52544943	A	G	9.988955689421677e-05	4.000479913378488
6:2005951:G:T	1.72009e-05	0.00710349	-6.02338	-3.89002	6	2005951	G	T	0.00010023596048303313	3.998976443762488
6:67272922:T:TA	3.65291e-06	0.00488149	-7.19768	-3.88973	6	67272922	T	TA	0.00010035581529871996	3.998457456470273
6:40118439:C:T	7.57885e-06	0.00577626	-6.63615	-3.88957	6	40118439	C	T	0.0001004219999905783	3.998171133527071
6:47324381:T:TA	0.0235978	0.000271512	4.4649	3.88942	6	47324381	T	TA	0.00010048408555818056	3.997902715373383
6:8682885:T:C	2.83183e-06	0.00215637	-6.63526	-3.8889	6	8682885	T	C	0.00010069959616852322	3.996972271076309
6:46552519:T:C	3.05579e-06	0.000521875	-5.14039	-3.8873	6	46552519	T	C	0.00010136544557955508	3.994110066222245
6:67612971:C:T	5.51554e-07	0.00125631	-7.73095	-3.88727	6	67612971	C	T	0.00010137796985720865	3.994056409982214
6:73608818:C:T	5.97867e-06	0.0136151	-7.73074	-3.88712	6	73608818	C	T	0.00010144061315829613	3.99378813435923
6:49672629:G:GAAAC	0.00190823	3.07394e-06	6.43097	3.88687	6	49672629	G	GAAAC	0.00010154509986094498	3.9933410289770275
6:16227127:C:G	4.46106e-05	0.0130366	-5.67754	-3.88655	6	16227127	C	G	0.00010167899107974586	3.9927687717643643
6:144132001:A:G	0.00868324	0.00012216	4.26382	3.88626	6	144132001	A	G	0.00010180047391591796	3.992250200205655
6:78220174:A:T	1.26399e-06	0.000665412	-6.26613	-3.88597	6	78220174	A	T	0.00010192209374229705	3.991731663389942
6:26195180:G:C	0.000809485	1.82255e-05	3.79358	3.88588	6	26195180	G	C	0.00010195986570306001	3.9915707452355123
6:99627025:T:C	1.1769e-05	0.00892481	-6.63112	-3.88583	6	99627025	T	C	0.0001019808558344344	3.9914813477067224
6:29806360:A:C	6.4122e-05	1.73161e-06	3.61174	3.88561	6	29806360	A	C	0.0001020732608762186	3.991088010849451
6:81998834:T:C	2.11648e-05	0.00617736	-5.67631	-3.88559	6	81998834	T	C	0.0001020816652521978	3.9910522539448015
6:12830584:CA:C	6.30393e-06	0.000723519	-4.74295	-3.88538	6	12830584	CA	C	0.0001021699506426472	3.9906768164225603
6:68257222:A:G	1.76514e-05	0.0105355	-6.39169	-3.88532	6	68257222	A	G	0.00010219518827377613	3.9905695519052418
6:32439932:C:A	1.8949e-06	0.000769739	-6.00688	-3.8827	6	32439932	C	A	0.00010330298757158237	3.985887118295574
6:46563911:T:C	5.28332e-06	0.00149835	-5.64756	-3.88263	6	46563911	T	C	0.00010333274013876566	3.9857620540002308
6:8683393:A:G	6.06201e-07	0.000648305	-6.97491	-3.88255	6	8683393	A	G	0.00010336675297571559	3.985619125855493
6:146996623:G:A	0.000473607	1.19314e-05	3.6812	3.88217	6	146996623	G	A	0.00010352845829772952	3.984940253271514
6:95225615:C:T	5.02803e-06	0.0113525	-7.72216	-3.88125	6	95225615	C	T	0.00010392094467555785	3.9832969140374415
6:26195635:G:GT	0.000803002	1.82255e-05	3.78554	3.87991	6	26195635	G	GT	0.0001044951225895146	3.980903980193064
6:147874349:T:C	0.000103716	0.0301634	-5.67273	-3.87985	6	147874349	T	C	0.0001045209019472386	3.980796851250313
6:157260482:G:GCT	0.0155745	4.26557e-05	5.90023	3.87906	6	157260482	G	GCT	0.00010486089041158753	3.9793864588557755
6:32438565:A:C	2.41234e-06	0.000676201	-5.63589	-3.87756	6	32438565	A	C	0.000105509312205901	3.9767092080330135
6:69482502:G:A	3.79647e-07	0.000252679	-6.50063	-3.87705	6	69482502	G	A	0.00010573063622391381	3.9757991544600784
6:95156403:T:C	5.38602e-06	0.00706705	-7.17939	-3.87688	6	95156403	T	C	0.00010580450820241	3.97549582714282
6:95156130:T:C	5.38749e-06	0.00706705	-7.17912	-3.87669	6	95156130	T	C	0.00010588712863777888	3.975156828384715
6:95155715:A:G	5.38749e-06	0.00706705	-7.17912	-3.87669	6	95155715	A	G	0.00010588712863777888	3.975156828384715
6:11051989:A:T	1.08613e-05	0.0083798	-6.64837	-3.87636	6	11051989	A	T	0.00010603077200434889	3.97456807650648
6:48060007:A:G	3.62005e-06	0.00213453	-6.37951	-3.87599	6	48060007	A	G	0.00010619204534552232	3.973908014252037
6:32701341:G:GA	1.15113e-05	0.0217447	-7.5438	-3.87569	6	32701341	G	GA	0.00010632297741050579	3.973372870149903
6:4109188:T:G	3.4143e-05	0.00958966	-5.63788	-3.87533	6	4109188	T	G	0.00010648029697093536	3.9727307462950394
6:132240223:A:G	0.00610887	8.25165e-05	4.3045	3.87499	6	132240223	A	G	0.00010662907821978499	3.9721243451376416
6:73043386:T:C	0.00464766	0.00011665	3.68494	3.87481	6	73043386	T	C	0.00010670792415735907	3.971803328560241
6:40481178:A:G	0.000162491	0.0275832	-5.13434	-3.87474	6	40481178	A	G	0.00010673860132095349	3.971678492394074
6:84601152:T:TAAAA	5.04431e-06	0.00376671	-6.6157	-3.87438	6	84601152	T	TAAAA	0.00010689650108653419	3.9710365097929015
6:69493811:A:T	7.54931e-07	0.00142312	-7.54173	-3.87436	6	69493811	A	T	0.00010690527975509587	3.971000845662304
6:66680119:TA:T	0.000888403	2.47442e-06	5.88342	3.87431	6	66680119	TA	T	0.00010692722940274814	3.9709116860585922
6:31529148:G:A	0.0224546	2.86033e-05	6.66573	3.87407	6	31529148	G	A	0.00010703264691843103	3.970483734333729
6:27547085:CAA:C	0.00147493	1.88164e-06	6.66422	3.87302	6	27547085	CAA	C	0.00010749500265127286	3.9686117252499917
6:62794051:T:A	0.00115892	1.53403e-06	6.62735	3.873	6	62794051	T	A	0.00010750382768981387	3.968576072353304
6:67820393:C:T	5.1602e-05	0.00818237	-5.06618	-3.87248	6	67820393	C	T	0.00010773351878500689	3.9676491550251973
6:72564578:A:C	1.54455e-05	0.0344281	-7.70931	-3.87244	6	72564578	A	C	0.00010775120649690752	3.967577858317896
6:66641286:A:G	2.43444e-05	0.0134942	-6.31771	-3.87147	6	66641286	A	G	0.00010818097331812663	3.965849115473082
6:30187354:A:G	0.000427733	3.70973e-06	4.74754	3.87144	6	30187354	A	G	0.00010819429082398904	3.965795655394464
6:69482749:A:C	3.80706e-07	0.000251332	-6.4925	-3.87122	6	69482749	A	C	0.00010829199980864001	3.965403626175212
6:15388588:AAT:A	0.00231173	1.59922e-05	4.97365	3.87115	6	15388588	AAT	A	0.00010832310648652501	3.965278893797312
6:29940463:A:G	2.04964e-06	0.000400083	-5.27401	-3.87087	6	29940463	A	G	0.0001084476175238441	3.9647799845222016
6:155285901:A:G	2.54133e-05	0.00830793	-5.78969	-3.87019	6	155285901	A	G	0.00010875056388181154	3.963568482510113
6:30180657:C:T	3.43405e-06	0.00643028	-7.53503	-3.87007	6	30180657	C	T	0.00010880410781880393	3.9633547078606153
6:32723238:G:GA	0.00679638	1.45772e-05	6.14468	3.86984	6	32723238	G	GA	0.00010890680322802365	3.9629449897382263
6:32723198:A:G	0.00679638	1.45772e-05	6.14468	3.86984	6	32723198	A	G	0.00010890680322802365	3.9629449897382263
6:32723219:T:TA	0.00679638	1.45772e-05	6.14468	3.86984	6	32723219	T	TA	0.00010890680322802365	3.9629449897382263
6:27499245:A:ATTAT	3.40795e-06	0.00442608	-7.16916	-3.8697	6	27499245	A	ATTAT	0.00010896935824454683	3.962695606794684
6:18545639:C:T	1.00955e-05	0.00664844	-6.49005	-3.86945	6	18545639	C	T	0.00010908114795713455	3.962250300242457
6:4044845:G:GTTA	3.31912e-06	0.00348519	-6.95658	-3.86941	6	4044845	G	GTTA	0.00010909904434896739	3.962179053589365
6:49664961:G:A	0.00793499	1.26442e-05	6.44184	3.86929	6	49664961	G	A	0.00010915275014698659	3.961965317594657
6:49665254:C:T	0.00793499	1.26442e-05	6.44184	3.86929	6	49665254	C	T	0.00010915275014698659	3.961965317594657
6:63223094:G:A	3.58431e-06	0.00376121	-6.95593	-3.86894	6	63223094	G	A	0.00010930953456224844	3.9613419549105453
6:55839144:T:C	0.00897243	0.000121326	4.30343	3.86826	6	55839144	T	C	0.00010961475187190624	3.9601309948895533
6:52544545:G:A	2.10184e-05	0.0272331	-7.16679	-3.86804	6	52544545	G	A	0.00010971367066973299	3.9597392545900734
6:29946319:T:C	0.000248207	2.67589e-06	4.52998	3.86801	6	29946319	T	C	0.00010972716611995723	3.9596858370069445
6:65784219:CA:C	0.00322397	6.94299e-06	6.14064	3.86712	6	65784219	CA	C	0.0001101282442856098	3.958101284440652
6:74218141:C:T	0.000431288	4.00301e-06	4.67973	3.86671	6	74218141	C	T	0.00011031347559686094	3.9573714320757913
6:162226064:TTAATAA:T	0.0806167	4.42808e-05	7.50691	3.86657	6	162226064	TTAATAA	T	0.00011037679260066299	3.957122230093838
6:100595283:CGTTT:C	0.0508843	2.7972e-05	7.50611	3.86604	6	100595283	CGTTT	C	0.00011061680340001358	3.9561788959101887
6:40119540:C:T	7.47499e-06	0.00551529	-6.60372	-3.86548	6	40119540	C	T	0.00011087093460874974	3.955182291483611
6:103952666:C:CAA	1.96931e-05	0.031097	-7.3646	-3.86543	6	103952666	C	CAA	0.00011089365165899568	3.955093315242927
6:49664699:AT:A	0.00793499	1.27163e-05	6.43615	3.86539	6	49664699	AT	A	0.00011091182846066203	3.9550221349936767
6:22477135:T:C	6.12024e-06	0.0134905	-7.69814	-3.86478	6	22477135	T	C	0.00011118937318000926	3.9539367180581015
6:19183360:G:A	9.53554e-06	0.0122888	-7.16142	-3.86426	6	19183360	G	A	0.00011142648586202988	3.9530115659258525
6:29813980:G:A	9.07428e-05	1.94369e-06	3.84344	3.86424	6	29813980	G	A	0.00011143561509947196	3.9529759853813795
6:31360315:A:G	1.04553e-05	0.00769506	-6.60122	-3.86363	6	31360315	A	G	0.00011171439602420432	3.951890858119681
6:31360118:G:A	1.04553e-05	0.00769506	-6.60122	-3.86363	6	31360118	G	A	0.00011171439602420432	3.951890858119681
6:32723146:A:ACCAT	0.00675056	1.46175e-05	6.13516	3.86344	6	32723146	A	ACCAT	0.00011180136371428851	3.951552899043707
6:29814014:T:A	9.11397e-05	1.95459e-06	3.84221	3.86338	6	29814014	T	A	0.00011182884046110317	3.9514461782219263
6:29814002:T:G	9.11366e-05	1.95459e-06	3.84218	3.86336	6	29814002	T	G	0.0001118380007921787	3.9514106049450075
6:32448640:C:CTTT	7.74228e-06	0.00805573	-6.94744	-3.86286	6	32448640	C	CTTT	0.00011206723924345317	3.950521326702139
6:52544089:A:T	2.11772e-05	0.0272331	-7.15926	-3.86275	6	52544089	A	T	0.00011211773115040885	3.9503256993422506
6:52544052:G:C	2.11772e-05	0.0272331	-7.15926	-3.86275	6	52544052	G	C	0.00011211773115040885	3.9503256993422506
6:32439376:A:T	1.69101e-06	0.000863715	-6.23592	-3.86264	6	32439376	A	T	0.00011216824451606079	3.950130076978697
6:52543129:G:C	1.53194e-05	0.00887107	-6.36143	-3.86214	6	52543129	G	C	0.00011239812140811573	3.9492409473871275
6:85314779:C:T	3.65851e-05	0.0574942	-7.3598	-3.86207	6	85314779	C	T	0.00011243033961280173	3.94911647748199
6:147873951:T:C	0.000106378	0.0289053	-5.60478	-3.86173	6	147873951	T	C	0.00011258695198820017	3.9485119381514164
6:36526451:G:A	0.000343991	7.14008e-06	3.87489	3.86126	6	36526451	G	A	0.00011280378443735083	3.947676330027424
6:29946331:T:C	0.000244638	5.2633e-06	3.83902	3.86114	6	29946331	T	C	0.0001128592090051466	3.9474629978893327
6:94734560:G:GT	0.00557244	0.000134855	3.72139	3.86018	6	94734560	G	GT	0.00011330353118382187	3.9457565548343014
6:32439656:G:C	1.69815e-06	0.000863715	-6.23171	-3.85938	6	32439656	G	C	0.0001136750595438244	3.9443348096361808
6:32439663:T:C	1.69815e-06	0.000863715	-6.23171	-3.85938	6	32439663	T	C	0.0001136750595438244	3.9443348096361808
6:68516146:C:A	3.95394e-06	0.00227949	-6.357	-3.85875	6	68516146	C	A	0.00011396844656780578	3.9432153712801297
6:68516234:C:T	3.95394e-06	0.00227949	-6.357	-3.85875	6	68516234	C	T	0.00011396844656780578	3.9432153712801297
6:94734993:C:CCTGT	0.00555891	0.000134855	3.71896	3.85832	6	94734993	C	CCTGT	0.00011416910478904567	3.9424514042770067
6:123185791:T:C	1.88705e-05	0.01378	-6.59337	-3.85779	6	123185791	T	C	0.00011441688618855822	3.9415098755664
6:30512571:C:CT	0.00302635	6.60992e-06	6.12654	3.85765	6	30512571	C	CT	0.00011448242251303491	3.941261189233326
6:78217217:C:A	2.09506e-06	0.00327036	-7.35307	-3.85735	6	78217217	C	A	0.0001146229767339123	3.940728317198061
6:64635485:G:C	1.1226e-05	0.00610564	-6.29873	-3.85695	6	64635485	G	C	0.00011481063554975323	3.940017878953523
6:91117846:A:G	0.0190659	0.000444101	3.7596	3.85663	6	91117846	A	G	0.0001149609711949974	3.9394495759207464
6:31155536:A:G	3.93827e-06	0.00178079	-6.11407	-3.85624	6	31155536	A	G	0.00011514444378788194	3.9387570137612506
6:31155465:A:G	3.93827e-06	0.00178079	-6.11407	-3.85624	6	31155465	A	G	0.00011514444378788194	3.9387570137612506
6:132240981:T:A	0.00612305	8.494e-05	4.27787	3.85589	6	132240981	T	A	0.000115309333775447	3.938135537084253
6:68246287:G:A	1.36228e-05	0.0296333	-7.68491	-3.85572	6	68246287	G	A	0.00011538950352700223	3.937833695232559
6:70946140:G:A	2.27112e-05	0.0130264	-6.35187	-3.85482	6	70946140	G	A	0.00011581480819207197	3.9362359077507074
6:30016866:C:A	6.26929e-06	0.00974949	-7.34931	-3.85471	6	30016866	C	A	0.00011586689114501919	3.936040645548194
6:132240643:T:C	0.00611036	8.494e-05	4.2758	3.8544	6	132240643	T	C	0.00011601378924592454	3.935490388035992
6:132240666:T:C	0.00611036	8.494e-05	4.2758	3.8544	6	132240666	T	C	0.00011601378924592454	3.935490388035992
6:35294213:C:T	5.07804e-06	0.00100942	-5.29221	-3.8542	6	35294213	C	T	0.00011610865540733169	3.9351354042447966
6:29813991:C:T	9.07428e-05	1.97223e-06	3.82887	3.85401	6	29813991	C	T	0.00011619884601951166	3.934798184939207
6:18682767:A:G	2.53552e-05	0.018406	-6.58745	-3.8534	6	18682767	A	G	0.00011648885212748653	3.933715634218835
6:67614558:T:C	1.07203e-06	0.00135992	-7.14562	-3.85317	6	67614558	T	C	0.00011659837578980819	3.933307499237697
6:95457393:C:A	0.00959443	1.26071e-05	6.63468	3.85249	6	95457393	C	A	0.00011692275313597899	3.9321009670258014
6:31157480:C:A	3.40544e-06	0.00431556	-7.14461	-3.85246	6	31157480	C	A	0.00011693708348354115	3.932047742060217
6:89763010:C:A	1.05052e-06	0.00191298	-7.50713	-3.85217	6	89763010	C	A	0.00011707569559513902	3.9315332532150427
6:148459367:C:T	5.8307e-05	0.0903208	-7.3454	-3.85197	6	148459367	C	T	0.00011717138041593423	3.9311784535505847
6:123189168:A:C	1.95654e-05	0.00231327	-4.77266	-3.85183	6	123189168	A	C	0.00011723840366466943	3.9309301036108217
6:123189871:T:G	1.95654e-05	0.00231327	-4.77266	-3.85183	6	123189871	T	G	0.00011723840366466943	3.9309301036108217
6:54168208:T:C	1.53772e-05	0.0194341	-7.1419	-3.85055	6	54168208	T	C	0.00011785286623688236	3.9286598507660915
6:156883297:C:A	3.66118e-06	0.00374379	-6.93007	-3.8504	6	156883297	C	A	0.00011792507203655762	3.928393849785929
6:75034052:AGTGTGTGT:A	0.00225792	3.12466e-05	4.28029	3.85028	6	75034052	AGTGTGTGT	A	0.00011798286671018228	3.9281810556894343
6:16221721:A:AC	0.0250758	0.000178416	4.94554	3.84947	6	16221721	A	AC	0.00011837367994831472	3.92674485102444
6:133732352:C:CA	0.00154264	2.13801e-05	4.27879	3.84912	6	133732352	C	CA	0.00011854292728113182	3.9261243525622804
6:78219378:G:A	1.32623e-06	0.000665204	-6.21775	-3.84861	6	78219378	G	A	0.00011878995335855079	3.925220288188549
6:139166257:T:C	1.59797e-05	0.00321573	-5.30449	-3.84856	6	139166257	T	C	0.00011881419771052782	3.925131660205661
6:40118094:C:G	7.6501e-06	0.00551529	-6.58056	-3.84828	6	40118094	C	G	0.00011895005232822241	3.9246353625728836
6:31157625:C:G	3.43233e-06	0.00431556	-7.13674	-3.84693	6	31157625	C	G	0.0001196071237542582	3.922242953165083
6:77729482:T:G	3.17758e-06	0.00573687	-7.49855	-3.84667	6	77729482	T	G	0.00011973406323917966	3.9217822792317856
6:32721909:C:T	1.06955e-05	0.0164431	-7.33784	-3.84666	6	32721909	C	T	0.0001197389480629458	3.9217645615608427
6:18685981:C:T	2.38408e-05	0.0135262	-6.34099	-3.84648	6	18685981	C	T	0.00011982690702922082	3.9214456505425006
6:110068666:G:C	5.76818e-05	0.00878095	-5.0254	-3.84602	6	110068666	G	C	0.00012005196792335481	3.920630716479516
6:73779538:G:A	5.78654e-06	0.00726367	-7.13511	-3.84578	6	73779538	G	A	0.00012016954916086795	3.920205568163702
6:32723041:C:T	0.00679638	1.51168e-05	6.10834	3.84541	6	32723041	C	T	0.00012035103299082935	3.919550177758775
6:32723012:A:G	0.00679638	1.51168e-05	6.10834	3.84541	6	32723012	A	G	0.00012035103299082935	3.919550177758775
6:19794784:T:C	5.07556e-06	0.0108738	-7.66967	-3.84528	6	19794784	T	C	0.0001204148589060141	3.9193199188695433
6:32722936:A:G	0.00679638	1.51234e-05	6.10791	3.84512	6	32722936	A	G	0.00012049345769061907	3.9190365328899173
6:31530960:G:A	6.15899e-06	0.00441893	-6.57574	-3.8447	6	31530960	G	A	0.0001207000097088351	3.918292694968986
6:84122422:A:G	1.56563e-05	0.00323774	-5.33176	-3.8447	6	84122422	A	G	0.0001207000097088351	3.918292694968986
6:144241392:G:A	2.96964e-05	0.00797552	-5.59311	-3.84466	6	144241392	G	A	0.000120719698731005	3.9182218570597143
6:32722650:T:TG	0.00679638	1.51405e-05	6.10677	3.84436	6	32722650	T	TG	0.00012086746294913003	3.9176905937913302
6:32722603:C:A	0.00679638	1.51405e-05	6.10677	3.84436	6	32722603	C	A	0.00012086746294913003	3.9176905937913302
6:32722887:A:G	0.00679638	1.51405e-05	6.10677	3.84436	6	32722887	A	G	0.00012086746294913003	3.9176905937913302
6:32722811:G:GATT	0.00679638	1.51405e-05	6.10677	3.84436	6	32722811	G	GATT	0.00012086746294913003	3.9176905937913302
6:31021962:G:T	2.50922e-05	0.0179853	-6.57475	-3.84396	6	31021962	G	T	0.00012106474718538444	3.9169823005540194
6:43477365:T:G	0.000125087	0.0106328	-4.44269	-3.84356	6	43477365	T	G	0.00012126233499604618	3.9162740733587245
6:40116932:G:A	7.69956e-06	0.00551529	-6.57412	-3.84349	6	40116932	G	A	0.00012129694410660602	3.9161501403894534
6:5876642:C:G	0.000170423	0.0324912	-5.25044	-3.84339	6	5876642	C	G	0.00012134640184827323	3.915973096798941
6:30527640:G:A	1.29914e-05	0.0277453	-7.66653	-3.84312	6	30527640	G	A	0.00012148003273596118	3.9154950997217886
6:114703402:G:A	0.00760012	3.66683e-05	5.33401	3.84273	6	114703402	G	A	0.00012167330008816224	3.9148047126208274
6:5211143:C:T	1.09204e-05	0.00424332	-5.96247	-3.84265	6	5211143	C	T	0.00012171298048751242	3.914663102513722
6:31021974:C:T	2.51417e-05	0.0179853	-6.57278	-3.8425	6	31021974	C	T	0.00012178741412214125	3.91439759068286
6:116408393:C:T	1.63772e-05	0.00544804	-5.80712	-3.84195	6	116408393	C	T	0.00012206070477811485	3.9134241267572514
6:102607634:A:G	2.57376e-05	0.0548614	-7.66461	-3.84181	6	102607634	A	G	0.00012213036193103283	3.913176355875494
6:78218170:C:T	1.35192e-06	0.00067194	-6.20864	-3.84157	6	78218170	C	T	0.000122249861391286	3.912751624613616
6:78218306:C:G	1.35192e-06	0.00067194	-6.20864	-3.84157	6	78218306	C	G	0.000122249861391286	3.912751624613616
6:28948933:C:G	1.98517e-06	0.000547344	-5.61937	-3.84135	6	28948933	C	G	0.0001223594993918213	3.9123623085083326
6:87566851:C:CAAA	1.02629e-06	0.00156484	-7.32959	-3.84088	6	87566851	C	CAAA	0.0001225940366657765	3.9115306546637276
6:29806124:C:T	6.57247e-05	1.75662e-06	3.62208	3.84071	6	29806124	C	T	0.0001226789736198019	3.9112298661515754
6:29806126:A:G	6.57247e-05	1.75662e-06	3.62208	3.84071	6	29806126	A	G	0.0001226789736198019	3.9112298661515754
6:52412042:T:C	5.28377e-06	0.00533038	-6.91654	-3.8407	6	52412042	T	C	0.00012268397163848704	3.9112121730811453
6:31158216:C:G	3.46307e-06	0.00431556	-7.12783	-3.84067	6	31158216	C	G	0.0001226989668463446	3.911159094117499
6:30425018:G:A	1.27668e-05	0.00910533	-6.56977	-3.84026	6	30425018	G	A	0.00012290407460114724	3.910433718842913
6:78219170:G:A	1.34093e-06	0.000665204	-6.20673	-3.8401	6	78219170	G	A	0.0001229842042985965	3.9101506643856094
6:26434686:C:G	6.34419e-06	0.00149609	-5.46307	-3.83939	6	26434686	C	G	0.00012334037437252747	3.9088947377025134
6:62793586:C:T	0.00115893	1.60808e-06	6.58021	3.83874	6	62793586	C	T	0.00012366729796909863	3.9077451280927877
6:1116387:T:C	0.0180446	0.000270391	4.20074	3.83854	6	1116387	T	C	0.00012376805407374156	3.9073914371402076
6:68523474:G:T	1.12257e-06	0.000296204	-5.57543	-3.83842	6	68523474	G	T	0.0001238285448758465	3.9071792304928286
6:124208766:ATATT:A	0.00409109	6.84451e-05	4.09054	3.83827	6	124208766	ATATT	A	0.00012390419757081698	3.9069139805410975
6:46806109:A:T	1.19525e-05	0.0045773	-5.94792	-3.8381	6	46806109	A	T	0.00012398998996295237	3.906613375154969
6:17791858:C:T	1.07008e-05	0.0226537	-7.65776	-3.83711	6	17791858	C	T	0.0001244907181244655	3.904863027826063
6:31529565:G:C	7.1752e-06	0.00524141	-6.59372	-3.83573	6	31529565	G	C	0.00012519188406925232	3.9024238246254805
6:45425626:T:C	0.00010428	0.024473	-5.45825	-3.83569	6	45425626	T	C	0.00012521226312673	3.902353134804025
6:31346811:T:C	1.27466e-05	0.0127624	-6.90899	-3.83529	6	31346811	T	C	0.00012541622575754858	3.901646272906336
6:69484275:A:G	4.19955e-07	0.000263692	-6.44239	-3.83526	6	69484275	A	G	0.0001254315355728504	3.9015932609258623
6:121555687:GAATAAAATA:G	0.0461089	3.7104e-05	7.12504	3.83447	6	121555687	GAATAAAATA	G	0.00012583532860260596	3.9001974124426804
6:69488810:A:G	0.00034275	7.76513e-07	6.08994	3.83304	6	69488810	A	G	0.00012656936316605798	3.8976714050463013
6:111837865:C:T	5.8701e-05	0.0108732	-5.2216	-3.83261	6	111837865	C	T	0.0001267908748860887	3.89691200141661
6:33923529:C:CAAAAAA	7.71924e-05	0.0950313	-7.11566	-3.83213	6	33923529	C	CAAAAAA	0.00012703857536085317	3.896064385165636
6:46803501:A:G	1.20533e-05	0.00457916	-5.93993	-3.83206	6	46803501	A	G	0.0001270747364308847	3.8959407824061447
6:147140542:C:T	0.00011322	0.0136309	-4.79076	-3.83206	6	147140542	C	T	0.0001270747364308847	3.8959407824061447
6:29806110:A:G	6.57325e-05	1.77973e-06	3.60913	3.83162	6	29806110	A	G	0.0001273022568231773	3.895163897075609
6:29806109:C:T	6.57325e-05	1.77973e-06	3.60913	3.83162	6	29806109	C	T	0.0001273022568231773	3.895163897075609
6:32446426:C:CA	4.38413e-06	0.00659306	-7.31578	-3.83119	6	32446426	C	CA	0.0001275249772076497	3.894404745417578
6:78216007:C:T	2.17483e-06	0.00327036	-7.3157	-3.83114	6	78216007	C	T	0.00012755089874820133	3.894316476920837
6:70435105:ATATATT:A	0.00420519	1.09466e-05	5.95105	3.83088	6	70435105	ATATATT	A	0.00012768577082984098	3.8938574973677222
6:70946760:C:A	0.0025032	7.81728e-06	5.76899	3.83084	6	70946760	C	A	0.00012770653230703523	3.893786887604697
6:32946836:C:T	4.64361e-05	0.0152083	-5.79152	-3.82976	6	32946836	C	T	0.00012826829632557488	3.8918806735728957
6:85315151:T:G	3.71068e-05	0.0556736	-7.31346	-3.82956	6	85315151	T	G	0.00012837258194316425	3.8915277237929597
6:64660309:C:G	8.09675e-06	0.00993026	-7.11188	-3.82947	6	64660309	C	G	0.00012841953653641418	3.8913689017769535
6:46570264:T:A	9.20587e-06	0.0192705	-7.64649	-3.82939	6	46570264	T	A	0.00012846128754055158	3.891227729457567
6:69488451:A:G	0.000338304	7.7074e-07	6.08435	3.82929	6	69488451	A	G	0.0001285134942855058	3.891051267772085
6:30425318:A:AT	1.28182e-05	0.00899662	-6.55374	-3.82836	6	30425318	A	AT	0.00012899997563482258	3.8894103717291473
6:65532989:C:T	3.92174e-06	0.00283593	-6.58359	-3.82821	6	65532989	C	T	0.0001290786027182243	3.889145744500309
6:22393438:G:A	1.45096e-05	0.00395468	-5.60784	-3.828	6	22393438	G	A	0.0001291887565144312	3.8887752819773147
6:69488983:G:A	0.00034275	7.82873e-07	6.08179	3.82756	6	69488983	G	A	0.0001294198422749259	3.8879991337919066
6:32725716:C:T	1.07488e-05	0.00667349	-6.43111	-3.82717	6	32725716	C	T	0.00012962499389796805	3.887311251047098
6:32439533:T:G	0.00074651	2.20277e-06	5.82569	3.82636	6	32439533	T	G	0.00013005205767567543	3.885882772033108
6:32439525:A:G	0.00074651	2.20277e-06	5.82569	3.82636	6	32439525	A	G	0.00013005205767567543	3.885882772033108
6:32439627:G:C	0.00074651	2.20277e-06	5.82569	3.82636	6	32439627	G	C	0.00013005205767567543	3.885882772033108
6:32439691:T:C	0.00074651	2.20277e-06	5.82569	3.82636	6	32439691	T	C	0.00013005205767567543	3.885882772033108
6:85315809:A:T	0.0124486	3.5389e-05	5.86296	3.82612	6	85315809	A	T	0.0001301788495064192	3.8854595709814266
6:32725570:A:G	1.07724e-05	0.00667606	-6.42929	-3.82587	6	32725570	A	G	0.00013031104819530387	3.8850187618250405
6:32725495:T:A	1.07724e-05	0.00667606	-6.42929	-3.82587	6	32725495	T	A	0.00013031104819530387	3.8850187618250405
6:32725483:C:A	1.07724e-05	0.00667606	-6.42929	-3.82587	6	32725483	C	A	0.00013031104819530387	3.8850187618250405
6:32725477:C:T	1.07724e-05	0.00667606	-6.42929	-3.82587	6	32725477	C	T	0.00013031104819530387	3.8850187618250405
6:32725488:T:A	1.07724e-05	0.00667606	-6.42929	-3.82587	6	32725488	T	A	0.00013031104819530387	3.8850187618250405
6:152838005:A:G	1.25832e-05	0.00779708	-6.42914	-3.82576	6	152838005	A	G	0.00013036925568828882	3.884824813965902
6:153628070:A:T	9.73555e-06	0.00195478	-5.30225	-3.82487	6	153628070	A	T	0.0001308411091214489	3.8832557830789773
6:73038350:GT:G	0.00758765	0.000115793	4.18247	3.82472	6	73038350	GT	G	0.0001309207932827597	3.882991371854093
6:147142303:A:G	0.000115886	0.0138006	-4.77986	-3.82459	6	147142303	A	G	0.00013098988987767185	3.8827622229685055
6:32365633:A:C	1.98736e-05	0.00754276	-5.93895	-3.82435	6	32365633	A	C	0.00013111754311341653	3.8823391971913908
6:22475653:T:TG	9.8073e-06	0.00540495	-6.31194	-3.82424	6	22475653	T	TG	0.00013117609001535104	3.8821453183193677
6:29946351:A:G	0.00024118	5.47511e-06	3.78533	3.82343	6	29946351	A	G	0.00013160796730354036	3.8807178185394995
6:29946346:C:T	0.00024118	5.47511e-06	3.78533	3.82343	6	29946346	C	T	0.00013160796730354036	3.8807178185394995
6:2013909:C:G	4.01817e-06	0.00104948	-5.56522	-3.82322	6	2013909	C	G	0.00013172015400427238	3.8803477701923907
6:29806338:T:G	6.37289e-05	1.88752e-06	3.51938	3.82232	6	29806338	T	G	0.0001322019756002318	3.878762054790861
6:114706068:TA:T	0.00731962	3.63162e-05	5.30605	3.82226	6	114706068	TA	T	0.00013223415601622499	3.8786563523131035
6:6366939:T:G	6.62883e-06	0.0137288	-7.63582	-3.82208	6	6366939	T	G	0.00013233074155628036	3.878339253791523
6:29806113:C:A	6.55925e-05	1.80131e-06	3.59494	3.82167	6	29806113	C	A	0.0001325509901596159	3.8776170237268044
6:81731620:T:C	7.34607e-05	0.019731	-5.5932	-3.82102	6	81731620	T	C	0.00013290087277869698	3.876472166975045
6:157320998:CT:C	3.05626e-05	0.00501271	-5.09995	-3.82056	6	157320998	CT	C	0.00013314900764737565	3.8756620659871492
6:49662816:A:G	0.00803894	1.37585e-05	6.37039	3.82031	6	49662816	A	G	0.0001332840465743717	3.8752218303262276
6:70947635:C:T	0.00251821	7.98467e-06	5.75378	3.82013	6	70947635	C	T	0.00013338135449318084	3.8749048766165157
6:30425881:C:A	1.31201e-05	0.00910533	-6.54247	-3.81999	6	30425881	C	A	0.0001334570847033411	3.874658366305872
6:24237061:C:G	0.00590222	6.3846e-05	4.52661	3.81992	6	24237061	C	G	0.0001334949649988754	3.874535114182862
6:72505254:T:C	1.24363e-05	0.0183839	-7.29862	-3.81915	6	72505254	T	C	0.00013391231740719095	3.873179474250532
6:32725617:T:C	1.08004e-05	0.00663107	-6.41994	-3.81915	6	32725617	T	C	0.00013391231740719095	3.873179474250532
6:32725624:T:G	1.08004e-05	0.00663107	-6.41994	-3.81915	6	32725624	T	G	0.00013391231740719095	3.873179474250532
6:32725610:T:G	1.08004e-05	0.00663107	-6.41994	-3.81915	6	32725610	T	G	0.00013391231740719095	3.873179474250532
6:32725640:T:G	1.08004e-05	0.00663107	-6.41994	-3.81915	6	32725640	T	G	0.00013391231740719095	3.873179474250532
6:32725262:G:A	1.08753e-05	0.00667606	-6.41979	-3.81905	6	32725262	G	A	0.000133966609126315	3.873003435062556
6:32725314:G:A	1.08753e-05	0.00667606	-6.41979	-3.81905	6	32725314	G	A	0.000133966609126315	3.873003435062556
6:32725347:G:A	1.08753e-05	0.00667606	-6.41979	-3.81905	6	32725347	G	A	0.000133966609126315	3.873003435062556
6:32725313:C:T	1.08753e-05	0.00667606	-6.41979	-3.81905	6	32725313	C	T	0.000133966609126315	3.873003435062556
6:32725302:A:G	1.08753e-05	0.00667606	-6.41979	-3.81905	6	32725302	A	G	0.000133966609126315	3.873003435062556
6:32725405:A:G	1.08753e-05	0.00667606	-6.41979	-3.81905	6	32725405	A	G	0.000133966609126315	3.873003435062556
6:94802965:C:T	3.75251e-07	3.07869e-05	-4.40725	-3.81894	6	94802965	C	T	0.00013402635397030089	3.872809796720748
6:32725229:C:T	1.0881e-05	0.00667606	-6.41927	-3.81867	6	32725229	C	T	0.0001341731068545355	3.872334523772837
6:32725142:T:G	1.0881e-05	0.00667606	-6.41927	-3.81867	6	32725142	T	G	0.0001341731068545355	3.872334523772837
6:32725223:CG:C	1.0881e-05	0.00667606	-6.41927	-3.81867	6	32725223	CG	C	0.0001341731068545355	3.872334523772837
6:32725197:T:C	1.0881e-05	0.00667606	-6.41927	-3.81867	6	32725197	T	C	0.0001341731068545355	3.872334523772837
6:32725112:A:G	1.0881e-05	0.00667606	-6.41927	-3.81867	6	32725112	A	G	0.0001341731068545355	3.872334523772837
6:32725191:G:C	1.0881e-05	0.00667606	-6.41927	-3.81867	6	32725191	G	C	0.0001341731068545355	3.872334523772837
6:32725092:T:C	1.0881e-05	0.00667606	-6.41927	-3.81867	6	32725092	T	C	0.0001341731068545355	3.872334523772837
6:32725096:T:G	1.0881e-05	0.00667606	-6.41927	-3.81867	6	32725096	T	G	0.0001341731068545355	3.872334523772837
6:32725005:C:T	1.08818e-05	0.00667606	-6.41919	-3.81862	6	32725005	C	T	0.0001342002999232772	3.872246513564354
6:32724934:C:A	1.08867e-05	0.00667606	-6.41874	-3.8183	6	32724934	C	A	0.00013437445856088995	3.8716832726528145
6:32724840:T:C	1.08867e-05	0.00667606	-6.41874	-3.8183	6	32724840	T	C	0.00013437445856088995	3.8716832726528145
6:147840365:G:A	0.000261603	0.050569	-5.26427	-3.81819	6	147840365	G	A	0.0001344343747572742	3.87148966834617
6:49669389:C:T	1.26426e-05	0.0069098	-6.30362	-3.81787	6	49669389	C	T	0.00013460881957129794	3.8709264842007167
6:70946772:A:G	0.00247129	7.86177e-06	5.75048	3.81781	6	70946772	A	G	0.00013464155170763098	3.8708208918764213
6:27218514:T:C	0.00043217	8.86999e-06	3.88615	3.81767	6	27218514	T	C	0.00013471795585703251	3.8705745155619597
6:18541626:C:A	1.68325e-05	0.00633253	-5.93015	-3.8175	6	18541626	C	A	0.00013481078724022932	3.870275355193379
6:85263019:G:A	0.00481526	1.45141e-05	5.80442	3.81703	6	85263019	G	A	0.0001350677524501678	3.869448326808164
6:72505620:C:A	1.24752e-05	0.0183839	-7.29549	-3.81696	6	72505620	C	A	0.00013510606332354768	3.8693251601647227
6:72505583:T:G	1.24752e-05	0.0183839	-7.29549	-3.81696	6	72505583	T	G	0.00013510606332354768	3.8693251601647227
6:32946553:C:T	4.83859e-05	0.0155845	-5.77482	-3.81672	6	32946553	C	T	0.0001352374926268322	3.868902889876289
6:147140514:CTA:C	0.000114049	0.0134226	-4.76806	-3.8165	6	147140514	CTA	C	0.00013535807529420447	3.868515829652637
6:62795327:G:A	1.10266e-06	0.00132737	-7.09324	-3.81638	6	62795327	G	A	0.0001354238903445251	3.868304714309886
6:109279711:T:C	6.16617e-05	0.090699	-7.29364	-3.81566	6	109279711	T	C	0.00013581941420333948	3.867038147001403
6:9542705:T:G	0.00366785	4.64862e-05	4.3682	3.81506	6	9542705	T	G	0.00013614984849352193	3.8659828376032235
6:9544754:C:G	0.00364265	4.61919e-05	4.36766	3.81465	6	9544754	C	G	0.00013637608067994806	3.8652617949262154
6:88679087:A:G	0.000952749	2.57657e-05	3.61031	3.81381	6	88679087	A	G	0.00013684068725394963	3.863784753327603
6:3218821:T:C	0.000282242	0.0292775	-4.64181	-3.81323	6	3218821	T	C	0.0001371623568194361	3.862765061141796
6:68116960:C:CAAAA	1.23311e-05	0.0180611	-7.28939	-3.81268	6	68116960	C	CAAAA	0.00013746804619052283	3.861798239840054
6:32757494:G:A	5.66413e-06	0.00969556	-7.44527	-3.8125	6	32757494	G	A	0.00013756822929349835	3.86148185269694
6:152800240:C:A	3.60255e-05	0.0247501	-6.53236	-3.81248	6	152800240	C	A	0.00013757936499390454	3.8614466993949192
6:32725254:A:C	1.09052e-05	0.00663107	-6.41028	-3.81223	6	32725254	A	C	0.00013771863291341672	3.8610072970413274
6:32725061:G:A	1.09109e-05	0.00663107	-6.40976	-3.81185	6	32725061	G	A	0.00013793057451652144	3.860339454839199
6:32725065:T:A	1.09109e-05	0.00663107	-6.40976	-3.81185	6	32725065	T	A	0.00013793057451652144	3.860339454839199
6:29806101:C:T	6.55972e-05	1.82706e-06	3.58082	3.81177	6	29806101	C	T	0.00013797523293469907	3.860198864070678
6:55840918:G:T	6.24247e-05	0.0141996	-5.42701	-3.81174	6	55840918	G	T	0.00013799198335278843	3.860146143213088
6:32724142:A:G	1.11887e-05	0.00679712	-6.40935	-3.81156	6	32724142	A	G	0.00013809252609515226	3.85982982586358
6:32724155:C:T	1.11887e-05	0.00679712	-6.40935	-3.81156	6	32724155	C	T	0.00013809252609515226	3.85982982586358
6:32724222:A:C	1.11887e-05	0.00679712	-6.40935	-3.81156	6	32724222	A	C	0.00013809252609515226	3.85982982586358
6:102983721:A:AT	0.00159238	2.47319e-05	4.16489	3.81143	6	102983721	A	AT	0.00013816518321002722	3.8596013827561055
6:32724811:G:A	1.0992e-05	0.00667606	-6.40911	-3.81139	6	32724811	G	A	0.00013818754648911623	3.8595310939716425
6:32724810:T:C	1.0992e-05	0.00667606	-6.40911	-3.81139	6	32724810	T	C	0.00013818754648911623	3.8595310939716425
6:32724803:T:C	1.0992e-05	0.00667606	-6.40911	-3.81139	6	32724803	T	C	0.00013818754648911623	3.8595310939716425
6:32724776:C:A	1.0992e-05	0.00667606	-6.40911	-3.81139	6	32724776	C	A	0.00013818754648911623	3.8595310939716425
6:52542625:C:T	2.23667e-05	0.0267334	-7.0861	-3.81137	6	52542625	C	T	0.00013819872940725527	3.8594959498269032
6:52542361:G:A	2.23667e-05	0.0267334	-7.0861	-3.81137	6	52542361	G	A	0.00013819872940725527	3.8594959498269032
6:32724314:T:G	1.11887e-05	0.0067938	-6.40886	-3.81121	6	32724314	T	G	0.0001382882234466346	3.8592148026087663
6:32724283:A:G	1.11887e-05	0.0067938	-6.40886	-3.81121	6	32724283	A	G	0.0001382882234466346	3.8592148026087663
6:31346466:G:T	1.31856e-05	0.0127624	-6.87513	-3.81101	6	31346466	G	T	0.000138400167766025	3.8588633834355126
6:31346536:C:T	1.31856e-05	0.0127624	-6.87513	-3.81101	6	31346536	C	T	0.000138400167766025	3.8588633834355126
6:94737445:A:G	0.00602497	0.000148889	3.70047	3.81096	6	94737445	A	G	0.00013842816718049204	3.858775531220216
6:68262582:T:G	1.5794e-05	0.00855143	-6.29422	-3.81067	6	68262582	T	G	0.00013859066903508584	3.8582660087068135
6:91115791:GGA:G	0.000275122	0.0460374	-5.11999	-3.8104	6	91115791	GGA	G	0.00013874212538034054	3.857791656860533
6:88679510:A:G	0.000952749	2.58751e-05	3.60607	3.81034	6	88679510	A	G	0.0001387758035122555	3.8576862494226667
6:31364371:T:A	9.05276e-07	0.000463235	-6.23775	-3.81032	6	31364371	T	A	0.00013878703126734386	3.8576511139400247
6:31364228:T:G	9.05276e-07	0.000463235	-6.23775	-3.81032	6	31364228	T	G	0.00013878703126734386	3.8576511139400247
6:49250457:A:AT	3.60334e-06	0.000960187	-5.58527	-3.80996	6	49250457	A	AT	0.00013898927723553892	3.857018703465795
6:103218085:C:CT	7.89273e-06	0.0017909	-5.42453	-3.80984	6	103218085	C	CT	0.00013905675422697968	3.8568079118536343
6:85317143:G:A	0.0121885	3.55449e-05	5.83746	3.80882	6	85317143	G	A	0.0001396315558017401	3.855016422960085
6:18681153:C:T	2.6935e-05	0.018406	-6.527	-3.8085	6	18681153	C	T	0.00013981234640653059	3.854454475661363
6:7960392:C:T	0.000134666	0.0495783	-5.90851	-3.80829	6	7960392	C	T	0.00013993111003992505	3.854085720700028
6:120411635:T:C	1.27102e-06	0.000894778	-6.55676	-3.80826	6	120411635	T	C	0.0001399480840281985	3.854033042904691
6:29790302:T:G	4.59715e-07	0.00054671	-7.08107	-3.80783	6	29790302	T	G	0.00014019159107409596	3.8532780352969045
6:29790300:T:TACAG	4.59715e-07	0.00054671	-7.08107	-3.80783	6	29790300	T	TACAG	0.00014019159107409596	3.8532780352969045
6:29790308:A:T	4.59715e-07	0.00054671	-7.08107	-3.80783	6	29790308	A	T	0.00014019159107409596	3.8532780352969045
6:68885535:A:G	7.57873e-07	0.00110227	-7.28237	-3.80776	6	68885535	A	G	0.00014023126950707315	3.8531551342996617
6:31004344:T:A	0.0113506	1.97893e-05	6.35188	3.80761	6	31004344	T	A	0.00014031633034182608	3.8528917818253494
6:65107297:ATT:A	0.0110736	6.6477e-06	7.41805	3.8073	6	65107297	ATT	A	0.00014049227675698344	3.852347549452969
6:48064258:A:G	3.04247e-06	0.00441918	-7.28104	-3.80682	6	48064258	A	G	0.00014076511994791838	3.8515049452704204
6:68246229:T:C	1.23629e-05	0.00524381	-6.05011	-3.80681	6	68246229	T	C	0.00014077080948448177	3.8514873920271144
6:82683696:A:C	1.8037e-06	0.000290003	-5.08005	-3.80655	6	82683696	A	C	0.00014091881348207345	3.851031022177976
6:28949112:A:G	2.09708e-06	0.000552677	-5.57423	-3.80628	6	28949112	A	G	0.00014107266505880193	3.850557129152692
6:78219753:C:T	0.000665204	1.32592e-06	6.21799	3.80608	6	78219753	C	T	0.00014118673117183286	3.850206116666874
6:103219622:C:A	7.80835e-06	0.00176275	-5.41944	-3.80594	6	103219622	C	A	0.0001412666291301855	3.8499604177428726
6:32724623:G:A	1.10769e-05	0.00667606	-6.40142	-3.80587	6	32724623	G	A	0.00014130659407685412	3.849837571312298
6:32724636:C:T	1.10769e-05	0.00667606	-6.40142	-3.80587	6	32724636	C	T	0.00014130659407685412	3.849837571312298
6:2338080:GGAA:G	2.83133e-05	7.63418e-08	5.91587	3.8054	6	2338080	GGAA	G	0.00014157520605250135	3.849012797616678
6:156174242:G:A	3.69679e-05	0.0259242	-6.55288	-3.80538	6	156174242	G	A	0.00014158664700993355	3.8489777028846057
6:68447857:G:T	0.00490358	7.19109e-05	4.22229	3.80522	6	68447857	G	T	0.00014167820602254352	3.848696950967069
6:32447332:T:G	0.00520993	1.04038e-05	6.21615	3.80483	6	32447332	T	G	0.0001419016147886927	3.8480126624013815
6:103220202:A:T	7.80835e-06	0.00175882	-5.4172	-3.80422	6	103220202	A	T	0.00014225171444791994	3.846942490691877
6:107879724:CTT:C	0.00102464	2.48586e-05	3.71889	3.80417	6	107879724	CTT	C	0.00014228044718490336	3.8468547785043152
6:86198410:CTT:C	0.00114342	6.06997e-06	5.23842	3.80394	6	86198410	CTT	C	0.00014241268818859944	3.846451315721542
6:24080614:G:A	1.16703e-05	0.00262702	-5.41656	-3.80373	6	24080614	G	A	0.00014253353106120272	3.846082955712882
6:95459786:T:C	6.43982e-06	0.00616932	-6.86484	-3.80363	6	95459786	T	C	0.00014259110922221592	3.845907552577459
6:150330764:G:A	0.000162715	0.0366192	-5.41632	-3.80355	6	150330764	G	A	0.0001426371875220874	3.8457672330385337
6:32724128:C:T	1.13145e-05	0.00679712	-6.39817	-3.80354	6	32724128	C	T	0.00014264294829548343	3.845749693281757
6:3701503:A:AGTT	0.0329893	0.000262771	4.83266	3.80348	6	3701503	A	AGTT	0.0001426775175375997	3.8456444556071703
6:32723884:C:T	1.13145e-05	0.00679638	-6.39806	-3.80346	6	32723884	C	T	0.00014268904237153487	3.8456093767122415
6:32723989:A:G	1.13145e-05	0.00679638	-6.39806	-3.80346	6	32723989	A	G	0.00014268904237153487	3.8456093767122415
6:32723963:G:T	1.13145e-05	0.00679638	-6.39806	-3.80346	6	32723963	G	T	0.00014268904237153487	3.8456093767122415
6:32723885:A:G	1.13145e-05	0.00679638	-6.39806	-3.80346	6	32723885	A	G	0.00014268904237153487	3.8456093767122415
6:32723944:A:G	1.13145e-05	0.00679638	-6.39806	-3.80346	6	32723944	A	G	0.00014268904237153487	3.8456093767122415
6:45423225:C:T	8.67809e-05	0.0320361	-5.91123	-3.80279	6	45423225	C	T	0.00014307563133076923	3.844434329061968
6:81993374:T:C	1.36456e-05	0.0197054	-7.27523	-3.80275	6	81993374	T	C	0.00014309874244286322	3.8443641828197133
6:65089982:T:TACACAC	2.16614e-05	0.01468	-6.51871	-3.80234	6	65089982	T	TACACAC	0.00014333583413235124	3.84364522188143
6:152800635:G:T	3.60255e-05	0.0243987	-6.51806	-3.80186	6	152800635	G	T	0.00014361387495707035	3.8428035996048813
6:7959452:G:A	0.000128726	0.0469706	-5.89959	-3.80154	6	7959452	G	A	0.000143799517596919	3.8422425708748853
6:29813761:C:T	9.14934e-05	2.14437e-06	3.75342	3.80102	6	29813761	C	T	0.00014410166895280197	3.841330989256829
6:62793285:A:C	0.00115893	1.69454e-06	6.52784	3.80069	6	62793285	A	C	0.00014429372884776224	3.840752543376324
6:50419129:C:A	2.47028e-05	0.00741671	-5.70457	-3.80061	6	50419129	C	A	0.00014434032511116137	3.840612320835222
6:32436316:C:T	1.07162e-06	0.000282175	-5.57336	-3.80044	6	32436316	C	T	0.0001444393892236833	3.84031435669872
6:32723784:T:C	1.13634e-05	0.00679638	-6.39375	-3.80036	6	32723784	T	C	0.00014448602978068715	3.840174142405458
6:70940469:A:C	2.75412e-06	0.000617226	-5.41214	-3.80034	6	70940469	A	C	0.00014449769213575466	3.8401390892445324
6:23783018:G:T	0.000828267	2.55597e-06	5.7809	3.79998	6	23783018	G	T	0.00014470776617104116	3.8395081605553143
6:70947978:A:G	0.00258808	8.44596e-06	5.72498	3.79986	6	70947978	A	G	0.00014477785473725776	3.8392978628690138
6:32468408:G:C	0.000778098	1.16712e-05	4.19973	3.79982	6	32468408	G	C	0.0001448012246956591	3.8392277649598836
6:47056177:G:A	1.66074e-05	0.00610123	-5.9064	-3.79903	6	47056177	G	A	0.00014526350991379472	3.8378434664545558
6:8029131:C:T	6.39459e-06	0.00381714	-6.39181	-3.79897	6	8029131	C	T	0.00014529867690843876	3.837738340374933
6:16226311:A:G	6.60959e-05	0.0172524	-5.5646	-3.7988	6	16226311	A	G	0.00014539836026800128	3.83744049121133
6:85318247:A:G	0.0122459	3.62494e-05	5.82253	3.7987	6	85318247	A	G	0.00014545702761698285	3.837265291388068
6:85318111:G:A	0.0122459	3.62494e-05	5.82253	3.7987	6	85318111	G	A	0.00014545702761698285	3.837265291388068
6:68255603:C:G	2.02298e-05	0.0107803	-6.27832	-3.79849	6	68255603	C	G	0.0001455803016138501	3.836897385182051
6:4828252:CT:C	0.000224368	5.05624e-06	3.79266	3.79773	6	4828252	CT	C	0.00014602725883891982	3.8355660671037386
6:29418829:G:C	2.0362e-05	0.0102459	-6.22097	-3.79748	6	29418829	G	C	0.00014617456645271067	3.8351281855869646
6:29418610:A:G	2.0362e-05	0.0102459	-6.22097	-3.79748	6	29418610	A	G	0.00014617456645271067	3.8351281855869646
6:68347917:A:C	0.00883756	2.89486e-05	5.72124	3.79723	6	68347917	A	C	0.00014632201398233547	3.834690329843043
6:44758628:C:T	1.07409e-05	0.00389573	-5.89358	-3.797	6	44758628	C	T	0.00014645778938956637	3.8342875253211015
6:62793179:T:G	0.00115893	1.7032e-06	6.52274	3.79698	6	62793179	T	G	0.00014646960155146498	3.8342524998718375
6:31345814:A:G	1.34483e-05	0.0127624	-6.85541	-3.79686	6	31345814	A	G	0.0001465404933630182	3.8340423506400887
6:31345809:G:A	1.34483e-05	0.0127624	-6.85541	-3.79686	6	31345809	G	A	0.0001465404933630182	3.8340423506400887
6:28948546:TACC:T	2.00291e-06	0.000521377	-5.56187	-3.79668	6	28948546	TACC	T	0.00014664689166084263	3.8337271379261875
6:32723864:T:G	1.13456e-05	0.00675056	-6.38855	-3.79664	6	32723864	T	G	0.0001466705456033567	3.8336570924708115
6:31346129:A:G	1.34556e-05	0.0127624	-6.85487	-3.79647	6	31346129	A	G	0.00014677111494392883	3.8333594066460535
6:31345947:C:T	1.34556e-05	0.0127624	-6.85487	-3.79647	6	31345947	C	T	0.00014677111494392883	3.8333594066460535
6:111836412:T:C	0.00837973	0.000158349	3.96877	3.796	6	111836412	T	C	0.00014704949760805785	3.8325364549136
6:32724527:A:G	1.11655e-05	0.00663339	-6.38704	-3.79556	6	32724527	A	G	0.00014731056167834015	3.8317661145681847
6:165294254:C:CA	5.61846e-05	0.0100698	-5.18865	-3.79541	6	165294254	C	CA	0.0001473996604938449	3.831503516787819
6:77632489:A:AAAG	6.58491e-06	0.00940998	-7.26474	-3.79539	6	77632489	A	AAAG	0.00014741154416897086	3.8314685044514283
6:73615857:T:TAAGTC	0.000174386	3.08036e-06	4.03623	3.79514	6	73615857	T	TAAGTC	0.00014756016624316534	3.8310308641632562
6:69491303:A:T	0.000353192	8.46822e-07	6.03328	3.79495	6	69491303	A	T	0.00014767321336539178	3.8306982747802905
6:38462793:G:A	6.67356e-06	0.00461281	-6.53844	-3.79464	6	38462793	G	A	0.00014785783374809153	3.830155660901534
6:32723112:T:A	0.00627888	1.50678e-05	6.03238	3.79435	6	32723112	T	A	0.00014803073986039832	3.8296480902434724
6:108897055:A:G	1.48058e-05	0.0172721	-7.06183	-3.79432	6	108897055	A	G	0.00014804863756128284	3.829595584913246
6:31166341:C:CGAG	0.00294414	7.13294e-06	6.02285	3.79382	6	31166341	C	CGAG	0.0001483472326931678	3.8287205507107824
6:88691896:T:G	0.000791567	2.19426e-05	3.58558	3.79359	6	88691896	T	G	0.00014848477677367904	3.8283180695931494
6:109283694:C:G	1.70097e-05	0.0198166	-7.06049	-3.79338	6	109283694	C	G	0.0001486104653535297	3.8279506058833093
6:109283778:C:T	1.70097e-05	0.0198166	-7.06049	-3.79338	6	109283778	C	T	0.0001486104653535297	3.8279506058833093
6:24085628:C:A	2.54323e-05	0.0175487	-6.53672	-3.79336	6	24085628	C	A	0.00014862244091730665	3.8279156102878744
6:69492362:G:A	0.00036488	8.7743e-07	6.03033	3.79297	6	69492362	G	A	0.0001488561460938541	3.8272332291426108
6:84618022:T:C	8.74931e-06	0.0173587	-7.59288	-3.79265	6	84618022	T	C	0.00014904816256031977	3.8266733735047667
6:144895578:G:GA	0.016093	0.000316548	3.92866	3.7923	6	144895578	G	GA	0.00014925844757773726	3.8260610797458288
6:29806097:G:T	6.54597e-05	1.87577e-06	3.55241	3.79184	6	29806097	G	T	0.0001495352469874873	3.825256427620809
6:132242286:G:A	0.0054343	0.000123421	3.78489	3.79172	6	132242286	G	A	0.0001496075349696076	3.8250465327194614
6:31753256:G:A	1.13498e-05	0.0224859	-7.59144	-3.79167	6	31753256	G	A	0.0001496376646711265	3.824959078262909
6:74312788:A:T	1.17875e-05	0.00252707	-5.36778	-3.79163	6	74312788	A	T	0.00014966177254539088	3.824889115439835
6:32396039:T:C	0.00190296	1.82739e-05	4.64569	3.79153	6	32396039	T	C	0.00014972205822981816	3.824714211268353
6:74312218:T:C	1.1792e-05	0.00252707	-5.3674	-3.79137	6	74312218	T	C	0.00014981856288086767	3.8244343731701114
6:66723503:T:A	3.74213e-06	0.00619761	-7.41226	-3.79133	6	66723503	T	A	0.00014984269819223468	3.824364415294803
6:29790357:T:C	4.60704e-07	0.000535003	-7.05727	-3.79112	6	29790357	T	C	0.00014996946864358313	3.82399714727262
6:29790349:A:G	4.60704e-07	0.000535003	-7.05727	-3.79112	6	29790349	A	G	0.00014996946864358313	3.82399714727262
6:29790319:A:G	4.60704e-07	0.000535003	-7.05727	-3.79112	6	29790319	A	G	0.00014996946864358313	3.82399714727262
6:29790345:G:C	4.60704e-07	0.000535003	-7.05727	-3.79112	6	29790345	G	C	0.00014996946864358313	3.82399714727262
6:69484234:C:A	4.26277e-07	0.000251691	-6.38087	-3.79112	6	69484234	C	A	0.00014996946864358313	3.82399714727262
6:29790317:T:G	4.60704e-07	0.000535003	-7.05727	-3.79112	6	29790317	T	G	0.00014996946864358313	3.82399714727262
6:29790324:C:T	4.60704e-07	0.000535003	-7.05727	-3.79112	6	29790324	C	T	0.00014996946864358313	3.82399714727262
6:29790352:C:G	4.60704e-07	0.000535003	-7.05727	-3.79112	6	29790352	C	G	0.00014996946864358313	3.82399714727262
6:29790356:G:A	4.60704e-07	0.000535003	-7.05727	-3.79112	6	29790356	G	A	0.00014996946864358313	3.82399714727262
6:29946359:A:G	0.000239779	5.7002e-06	3.73922	3.79105	6	29946359	A	G	0.0001500117478940289	3.8238747286392063
6:29813754:C:T	9.12944e-05	2.17045e-06	3.73915	3.79101	6	29813754	C	T	0.00015003591250366076	3.823804776041481
6:32724716:G:C	1.10831e-05	0.00654247	-6.38065	-3.79097	6	32724716	G	C	0.00015006008077790152	3.8237348241034503
6:32724732:G:T	1.10831e-05	0.00654247	-6.38065	-3.79097	6	32724732	G	T	0.00015006008077790152	3.8237348241034503
6:50415033:T:C	1.19488e-05	0.0197722	-7.4114	-3.79077	6	50415033	T	C	0.00015018097713633973	3.8233850743087068
6:68119092:CA:C	0.00592864	1.63174e-05	5.89532	3.79051	6	68119092	CA	C	0.0001503382794927341	3.822930424231518
6:34903260:A:G	4.65064e-06	0.000995272	-5.36601	-3.79043	6	34903260	A	G	0.00015038671141533215	3.8227905375074336
6:29999756:G:C	0.000279382	8.02383e-06	3.55016	3.79026	6	29999756	G	C	0.0001504896780262648	3.822493286980219
6:8510354:G:A	1.24008e-06	0.00116568	-6.84588	-3.79003	6	8510354	G	A	0.00015062909143800959	3.822091143468156
6:85261852:C:T	0.00520589	1.06301e-05	6.19386	3.78975	6	85261852	C	T	0.00015079897622218068	3.821601606891755
6:78218662:G:A	1.35192e-06	0.000627127	-6.13962	-3.78827	6	78218662	G	A	0.0001516999391598115	3.819014593389693
6:29790294:A:G	4.59715e-07	0.000531398	-7.05266	-3.78788	6	29790294	A	G	0.00015193819728539872	3.8183330307134127
6:12832845:T:C	1.55591e-05	0.0103403	-6.49916	-3.78782	6	12832845	T	C	0.00015197488363275896	3.8182281804828864
6:32723749:T:A	1.15659e-05	0.00679638	-6.37609	-3.78769	6	32723749	T	A	0.00015205439932717207	3.818001010075092
6:32723735:G:A	1.15659e-05	0.00679638	-6.37609	-3.78769	6	32723735	G	A	0.00015205439932717207	3.818001010075092
6:32723727:T:C	1.15659e-05	0.00679638	-6.37609	-3.78769	6	32723727	T	C	0.00015205439932717207	3.818001010075092
6:86393634:G:T	6.74703e-06	0.00396417	-6.37595	-3.7876	6	86393634	G	T	0.00015210947159471978	3.8178437423358913
6:24079528:G:A	1.16202e-05	0.00256009	-5.39506	-3.78724	6	24079528	G	A	0.00015232994848902114	3.8172147047737006
6:169974382:C:T	0.02864	0.000276552	4.64016	3.78719	6	169974382	C	T	0.00015236059406172373	3.8171273426714647
6:83642164:A:AT	0.000208292	1.08476e-06	5.25759	3.78678	6	83642164	A	AT	0.00015261210676149352	3.816411012310696
6:66912389:G:A	1.38656e-05	0.0159898	-7.0503	-3.78622	6	66912389	G	A	0.0001529562678262658	3.815432721839895
6:66912320:T:C	1.38656e-05	0.0159898	-7.0503	-3.78622	6	66912320	T	C	0.0001529562678262658	3.815432721839895
6:66680118:ATATAT:A	0.00231349	3.23832e-06	6.57146	3.78584	6	66680118	ATATAT	A	0.00015319022163067975	3.814768955508711
6:75839379:G:A	1.63197e-05	0.0229831	-7.25014	-3.78515	6	75839379	G	A	0.00015361589384104617	3.813563847778714
6:15385050:G:T	0.00159899	1.81009e-05	4.48116	3.78507	6	15385050	G	T	0.00015366531910494927	3.8134241378409732
6:70945390:A:G	0.00221204	7.37696e-06	5.70331	3.7846	6	70945390	A	G	0.00015395599496259303	3.8126033952409277
6:31342202:C:CT	0.013203	1.91316e-05	6.53685	3.78453	6	31342202	C	CT	0.00015399933136792243	3.812481164772966
6:10865639:A:G	7.58377e-05	0.0273292	-5.88712	-3.78404	6	10865639	A	G	0.00015430300786185716	3.811625608058207
6:93605932:A:AT	0.0386417	0.000121074	5.76569	3.78393	6	93605932	A	AT	0.00015437125756324158	3.8114335579101652
6:103221025:T:TA	7.80835e-06	0.00171204	-5.39025	-3.78356	6	103221025	T	TA	0.000154601033327516	3.810787607656126
6:103220802:T:C	7.80835e-06	0.00171204	-5.39025	-3.78356	6	103220802	T	C	0.000154601033327516	3.810787607656126
6:49669888:A:C	1.0394e-05	0.0170066	-7.40012	-3.78354	6	49669888	A	C	0.00015461346280538392	3.810752693033937
6:119524581:A:G	6.2427e-06	0.00716767	-7.04592	-3.78315	6	119524581	A	G	0.00015485602570468934	3.8100718908601103
6:29806303:T:C	6.3515e-05	1.99217e-06	3.46205	3.78304	6	29806303	T	C	0.00015492450561412443	3.809879881070814
6:29806323:C:T	6.3515e-05	1.99217e-06	3.46205	3.78304	6	29806323	C	T	0.00015492450561412443	3.809879881070814
6:29806296:C:T	6.35112e-05	1.99217e-06	3.46199	3.783	6	29806296	C	T	0.00015494941446559722	3.8098100605659733
6:12834907:GT:G	0.00257669	1.34908e-05	5.25225	3.78288	6	12834907	GT	G	0.0001550241636390937	3.809600603008951
6:88660992:T:C	0.00264607	7.43715e-05	3.57176	3.78229	6	88660992	T	C	0.0001553921743395764	3.808570856363398
6:106269778:G:A	1.55172e-06	0.00177823	-7.04401	-3.78181	6	106269778	G	A	0.00015569217931423287	3.807733202242268
6:154181554:A:G	2.07966e-05	0.0291327	-7.24483	-3.78143	6	154181554	A	G	0.00015593006978166995	3.8070701267547213
6:91108602:G:A	0.000295885	0.0416817	-4.94785	-3.78121	6	91108602	G	A	0.00015606795216517485	3.806686268153102
6:138985174:C:T	2.84307e-05	0.0102071	-5.88337	-3.78112	6	138985174	C	T	0.0001561243916626105	3.8065292408393363
6:119523937:C:A	6.26137e-06	0.00716767	-7.04294	-3.78106	6	119523937	C	A	0.0001561620286659002	3.806424557818499
6:1851084:G:A	2.57212e-05	0.0359997	-7.24395	-3.78081	6	1851084	G	A	0.00015631894145094256	3.8059883945386277
6:49326543:C:T	1.27073e-06	0.00206956	-7.3955	-3.78058	6	49326543	C	T	0.00015646343226327394	3.805587147075736
6:68348240:A:C	0.00901009	3.02275e-05	5.69735	3.78041	6	68348240	A	C	0.00015657031060099244	3.805290586879477
6:32485802:C:A	0.00319326	8.91661e-06	5.88088	3.78006	6	32485802	C	A	0.00015679057063497956	3.80468005928126
6:10866734:T:C	7.50606e-05	0.0269096	-5.88194	-3.78001	6	10866734	T	C	0.00015682206014995634	3.804592845175094
6:29999757:C:G	0.000279361	8.14374e-06	3.53526	3.7798	6	29999757	C	G	0.0001569543811219409	3.8042265571826204
6:38624822:A:G	7.04419e-06	0.0137112	-7.57377	-3.77955	6	38624822	A	G	0.00015711204309433569	3.803790523750905
6:19792267:G:A	8.74313e-06	0.0122142	-7.24209	-3.7795	6	19792267	G	A	0.00015714359336981075	3.8037033201561403
6:158107682:T:TGAC	0.000121631	1.00041e-06	4.80058	3.77927	6	158107682	T	TGAC	0.00015728880145376105	3.8033021968933425
6:31003992:A:G	2.03016e-05	0.0283522	-7.24176	-3.77927	6	31003992	A	G	0.00015728880145376105	3.8033021968933425
6:7958136:C:CTT	0.00010725	0.0379964	-5.87009	-3.77923	6	7958136	C	CTT	0.00015731406792072339	3.8032324385518224
6:49858413:C:T	9.56261e-06	0.00279641	-5.67823	-3.77908	6	49858413	C	T	0.00015740885119631338	3.8029708506450666
6:13666669:G:C	3.51776e-06	0.00491051	-7.24131	-3.77896	6	13666669	G	C	0.00015748471651129883	3.802761586997394
6:74306575:A:G	1.87234e-05	0.00663034	-5.86964	-3.77889	6	74306575	A	G	0.00015752898716856	3.802639519277414
6:29416961:C:CA	1.99434e-05	0.00979139	-6.19636	-3.77866	6	29416961	C	CA	0.00015767453037794166	3.8022384538470715
6:65964322:C:T	1.6013e-05	0.0108256	-6.51627	-3.77816	6	65964322	C	T	0.00015799136536696925	3.8013666477034853
6:65964311:T:A	1.6013e-05	0.0108256	-6.51627	-3.77816	6	65964311	T	A	0.00015799136536696925	3.8013666477034853
6:162941326:C:A	8.43283e-05	0.0226922	-5.59506	-3.77803	6	162941326	C	A	0.00015807384055291035	3.8011399949856903
6:68261869:C:A	1.68463e-05	0.00873321	-6.25076	-3.77738	6	68261869	C	A	0.00015848682460992302	3.8000068358881385
6:31020781:A:G	5.00183e-06	0.00123242	-5.50693	-3.77657	6	31020781	A	G	0.0001590028874088059	3.7985949890485706
6:72508034:C:A	1.39831e-05	0.0194346	-7.23696	-3.77591	6	72508034	C	A	0.0001594245518072213	3.797444795277977
6:70948108:G:A	0.00253235	8.55257e-06	5.69067	3.7757	6	70948108	G	A	0.00015955893828112176	3.797078862185363
6:24081141:T:A	1.20699e-05	0.00261809	-5.37949	-3.7753	6	24081141	T	A	0.00015981520747659398	3.79638189705628
6:159282690:C:T	3.90476e-05	0.00846402	-5.3788	-3.77478	6	159282690	C	T	0.0001601489365099739	3.795475940980075
6:159282747:C:T	3.90476e-05	0.00846402	-5.3788	-3.77478	6	159282747	C	T	0.0001601489365099739	3.795475940980075
6:14693974:G:C	5.80101e-06	0.00804705	-7.23503	-3.77455	6	14693974	G	C	0.00016029675651233773	3.7950752651882445
6:42291452:TA:T	0.000351168	4.99686e-07	6.55504	3.77446	6	42291452	TA	T	0.00016035463406417343	3.7949184849440294
6:18425079:A:C	3.44116e-06	0.00664808	-7.56627	-3.77442	6	18425079	A	C	0.0001603803637322131	3.7948488059071197
6:47326643:C:T	7.49064e-05	0.00827816	-4.70514	-3.77335	6	47326643	C	T	0.00016107007598722316	3.7929851364321188
6:49856101:G:A	9.53343e-06	0.00276799	-5.67107	-3.77322	6	49856101	G	A	0.00016115406269457465	3.792758741447986
6:77156879:C:A	5.16821e-06	0.00996499	-7.56431	-3.77307	6	77156879	C	A	0.0001612510216391715	3.7924975251215374
6:24035747:A:C	4.67887e-06	0.00429115	-6.82125	-3.77237	6	24035747	A	C	0.00016170422295490777	3.7912786382131674
6:85249134:C:CT	3.73939e-06	0.00601181	-7.38256	-3.77228	6	85249134	C	CT	0.0001617625785736759	3.791121938833978
6:144894054:G:A	0.016521	0.000333272	3.90343	3.77214	6	144894054	G	A	0.00016185339336911544	3.790878190879678
6:94730631:T:TTTGA	0.00717933	0.000194929	3.60633	3.77205	6	94730631	T	TTTGA	0.00016191179963967204	3.790721500031902
6:31010419:T:C	0.00209602	3.85227e-06	6.29913	3.77145	6	31010419	T	C	0.00016230168188118664	3.7896769796935836
6:31010384:A:G	0.00209602	3.85227e-06	6.29913	3.77145	6	31010384	A	G	0.00016230168188118664	3.7896769796935836
6:111837012:A:G	6.09552e-05	0.0103738	-5.1369	-3.77078	6	111837012	A	G	0.00016273809430150188	3.788510773993519
6:34884373:A:G	0.00140212	2.83489e-05	3.90115	3.77031	6	34884373	A	G	0.00016304489303585836	3.7876927998085366
6:73615814:A:T	0.000173264	3.15956e-06	4.00438	3.76984	6	73615814	A	T	0.00016335223591356407	3.7868749166628186
6:29804602:A:G	6.24181e-05	7.84808e-07	4.37617	3.76936	6	29804602	A	G	0.00016366668056672198	3.7860397257124756
6:49661567:C:T	0.00787812	1.45262e-05	6.29589	3.76922	6	49661567	C	T	0.00016375850081177756	3.7857961462380314
6:57109304:A:AT	9.00867e-06	0.0172683	-7.55844	-3.76905	6	57109304	A	AT	0.00016387006198231779	3.7855003820212634
6:44758503:A:G	1.05295e-05	0.00368035	-5.85659	-3.76902	6	44758503	A	G	0.0001638897566691001	3.7854481895723056
6:88931788:T:C	2.02395e-05	0.00276275	-4.91635	-3.76892	6	88931788	T	C	0.00016395542171036004	3.78527421742121
6:77090205:G:A	9.52847e-06	0.00616895	-6.473	-3.76839	6	77090205	G	A	0.00016430385989288308	3.7843522338230686
6:32723409:C:T	1.18834e-05	0.00679638	-6.349	-3.76826	6	32723409	C	T	0.0001643894322014941	3.784126104582424
6:32723429:T:C	1.18834e-05	0.00679638	-6.349	-3.76826	6	32723429	T	C	0.0001643894322014941	3.784126104582424
6:32723502:A:C	1.18834e-05	0.00679638	-6.349	-3.76826	6	32723502	A	C	0.0001643894322014941	3.784126104582424
6:32723450:G:A	1.18834e-05	0.00679638	-6.349	-3.76826	6	32723450	G	A	0.0001643894322014941	3.784126104582424
6:32723397:A:T	1.18834e-05	0.00679638	-6.349	-3.76826	6	32723397	A	T	0.0001643894322014941	3.784126104582424
6:32723408:C:G	1.18834e-05	0.00679638	-6.349	-3.76826	6	32723408	C	G	0.0001643894322014941	3.784126104582424
6:32723574:A:G	1.18834e-05	0.00679638	-6.349	-3.76826	6	32723574	A	G	0.0001643894322014941	3.784126104582424
6:43310403:GA:G	0.00704294	5.87811e-05	4.78596	3.76823	6	43310403	GA	G	0.0001644091856111748	3.7840739219005717
6:29813752:T:C	9.08981e-05	2.23231e-06	3.7067	3.76821	6	29813752	T	C	0.00016442235579160674	3.7840391336520605
6:66020215:G:C	1.36632e-05	0.00883951	-6.47228	-3.76786	6	66020215	G	C	0.00016465299468782247	3.783430365987185
6:85316521:T:C	4.05291e-05	0.0556736	-7.22524	-3.76769	6	85316521	T	C	0.00016476512908805777	3.7831346970508406
6:66725387:T:C	3.8829e-06	0.00619761	-7.37534	-3.76764	6	66725387	T	C	0.00016479812346519013	3.7830477378655596
6:120410353:T:C	1.04675e-06	0.0004726	-6.11256	-3.76737	6	120410353	T	C	0.00016497640054406423	3.7825781760679646
6:34902630:C:T	4.78366e-06	0.000988669	-5.33115	-3.76679	6	34902630	C	T	0.00016535997983350764	3.7815695893451906
6:49249234:C:T	0.00811539	5.17904e-06	7.3569	3.76652	6	49249234	C	T	0.00016553882867370085	3.7811001221246543
6:86873974:A:C	9.62202e-07	0.0015322	-7.37299	-3.76614	6	86873974	A	C	0.00016579085017939777	3.780439441374699
6:103221190:A:G	7.80835e-06	0.00167326	-5.36733	-3.76599	6	103221190	A	G	0.0001658904316830141	3.7801786627225136
6:64660335:G:A	8.86292e-06	0.00993026	-7.02147	-3.76598	6	64660335	G	A	0.00016589707245028283	3.7801612778087064
6:159282971:C:A	3.95193e-05	0.00846402	-5.36679	-3.76557	6	159282971	C	A	0.0001661695593403345	3.7794485318235793
6:32440235:G:A	0.000731856	2.35426e-06	5.73936	3.76532	6	32440235	G	A	0.0001663359164689245	3.7790139646103666
6:9811144:G:A	0.0409352	3.64469e-05	7.02389	3.76511	6	9811144	G	A	0.00016647577752639323	3.778648948054979
6:83630775:TA:T	0.000162361	3.56559e-06	3.81849	3.76505	6	83630775	TA	T	0.00016651575814441945	3.7785446609484596
6:127931326:T:G	2.50914e-05	0.00626482	-5.52018	-3.76428	6	127931326	T	G	0.00016702964518993188	3.7772064414284614
6:15388046:G:A	0.00161935	1.88484e-05	4.45336	3.76375	6	15388046	G	A	0.00016738422612475482	3.7762854712516862
6:33151135:A:G	5.95947e-05	0.0945405	-7.36922	-3.76372	6	33151135	A	G	0.00016740431790389422	3.7762333443257328
6:88447308:G:A	3.68014e-06	0.00208965	-6.3418	-3.7631	6	88447308	G	A	0.00016782005629759902	3.7751561375546103
6:74215407:T:C	4.25225e-06	0.00106843	-5.5265	-3.763	6	74215407	T	C	0.0001678872017680537	3.7749824093614213
6:29893318:A:C	0.00010627	2.82295e-06	3.6282	3.76295	6	29893318	A	C	0.00016792078397957695	3.7748955468100687
6:18546669:G:A	1.05758e-05	0.00956093	-6.80687	-3.76206	6	18546669	G	A	0.0001685196056764241	3.7733495657613862
6:31010381:C:T	0.00207165	3.86134e-06	6.28509	3.76182	6	31010381	C	T	0.00016868142923538083	3.772932727870539
6:162227933:TAA:T	0.0186016	4.71503e-05	5.97766	3.76159	6	162227933	TAA	T	0.00016883664730217538	3.7725332804966722
6:52161677:G:A	9.45558e-06	0.0149502	-7.36587	-3.76157	6	52161677	G	A	0.000168850150872945	3.772498546972554
6:34884996:T:TCAG	0.00198951	2.32259e-05	4.45038	3.76147	6	34884996	T	TCAG	0.00016891768396717403	3.7723248818242774
6:88441034:G:A	6.43646e-06	0.00716424	-7.01488	-3.76135	6	88441034	G	A	0.0001689987572184673	3.7721164890854175
6:128411701:C:T	1.6162e-05	0.00295229	-5.20768	-3.7613	6	128411701	C	T	0.00016903254854152725	3.7720296605287724
6:101789386:G:T	7.23949e-06	0.0114367	-7.36503	-3.76104	6	101789386	G	T	0.00016920836589818275	3.7715781686397927
6:116315331:G:GATAT	2.02253e-05	0.0102563	-6.22872	-3.7605	6	116315331	G	GATAT	0.00016957407482282808	3.7706405437185593
6:24085885:G:A	2.65942e-05	0.0175487	-6.49204	-3.76015	6	24085885	G	A	0.00016981150535749456	3.7700328880379113
6:64965786:C:T	3.13833e-06	0.000667394	-5.35969	-3.76013	6	64965786	C	T	0.00016982508225710214	3.7699981663807103
6:8691660:G:A	6.86587e-06	0.00762744	-7.01294	-3.75999	6	8691660	G	A	0.00016992014914793646	3.769755119395133
6:31158201:A:T	4.00952e-06	0.00264417	-6.49144	-3.7597	6	31158201	A	T	0.00017011723268469962	3.7692516906155484
6:24381398:C:T	6.18472e-05	0.0147712	-5.47577	-3.75927	6	24381398	C	T	0.00017040985580540552	3.7685052910357397
6:3701269:G:A	0.0314096	0.000254985	4.81366	3.75925	6	3701269	G	A	0.00017042347769906534	3.768470576630363
6:20375273:A:AT	4.09018e-05	0.0206969	-6.22656	-3.75885	6	20375273	A	AT	0.00017069613074958888	3.7677763231333485
6:94727692:A:G	0.00814055	0.000224901	3.58895	3.75875	6	94727692	A	G	0.00017076435809187517	3.767602770059816
6:49670668:A:C	1.0551e-05	0.00674233	-6.45994	-3.7587	6	49670668	A	C	0.00017079848138112287	3.7675159950681523
6:70944630:CCT:C	6.25227e-06	0.00218022	-5.85424	-3.75846	6	70944630	CCT	C	0.00017096236246606235	3.767099489446669
6:94727800:G:A	0.00813702	0.000224901	3.58852	3.75842	6	94727800	G	A	0.0001709896903552998	3.767030074150429
6:29806076:T:C	6.51884e-05	1.95993e-06	3.50437	3.75814	6	29806076	T	C	0.0001711811006556076	3.7665441855353983
6:46553865:C:A	3.13267e-06	0.000453613	-4.97536	-3.7578	6	46553865	C	A	0.00017141379839293597	3.765954221358496
6:168425245:C:G	1.58552e-05	0.0214607	-7.21048	-3.75733	6	168425245	C	G	0.00017173595873463095	3.7651387610710456
6:8034868:C:T	0.0128824	1.94141e-05	6.49762	3.75727	6	8034868	C	T	0.00017177712655308005	3.7650346663088037
6:68437649:A:G	7.06964e-05	0.0356969	-6.22442	-3.75721	6	68437649	A	G	0.0001718183036532919	3.7649305730298117
6:144540042:C:CA	0.00204964	2.19085e-05	4.53854	3.75709	6	144540042	C	CA	0.0001719006857067816	3.764722390921572
6:29804572:T:C	6.22804e-05	7.98323e-07	4.35689	3.75699	6	29804572	T	C	0.00017196936579613154	3.764548910363509
6:18556480:G:C	0.000872971	1.0255e-05	4.44414	3.75668	6	18556480	G	C	0.0001721824381223354	3.764011146816804
6:19517507:G:C	1.69662e-05	0.0108113	-6.45713	-3.7566	6	19517507	G	C	0.00017223746482221002	3.763872375554679
6:165291133:A:G	4.50546e-05	0.00913334	-5.31181	-3.75586	6	165291133	A	G	0.00017274724647649655	3.7625888663826723
6:85319269:G:A	0.0490332	4.42679e-05	7.00999	3.75558	6	85319269	G	A	0.0001729405066273451	3.7621032730975417
6:19793344:G:A	1.05055e-05	0.00688756	-6.48557	-3.75534	6	19793344	G	A	0.00017310632001335516	3.7616870759904613
6:89824934:G:T	1.11466e-06	0.000997446	-6.79665	-3.75473	6	89824934	G	T	0.00017352843559259926	3.7606293484865447
6:153613566:C:T	0.0126614	0.000252243	3.91592	3.75471	6	153613566	C	T	0.00017354229182412197	3.760594671491811
6:69488387:T:C	0.000213499	1.21276e-06	5.17074	3.75453	6	69488387	T	C	0.000173667044741819	3.7602825859550304
6:29813748:C:T	9.07013e-05	2.27136e-06	3.68719	3.75452	6	29813748	C	T	0.00017367397793186656	3.7602652482610437
6:114720243:CT:C	0.00277796	1.5781e-05	5.17067	3.75448	6	114720243	CT	C	0.0001737017132952755	3.76019589789709
6:33043356:T:C	0.000120564	0.162467	-7.20605	-3.75422	6	33043356	T	C	0.00017388209471960666	3.7597451365989447
6:49666041:A:T	1.25024e-05	0.00793499	-6.45311	-3.75362	6	49666041	A	T	0.0001742990321213189	3.7587050245109905
6:131843659:C:CT	0.00302544	4.84073e-05	4.13516	3.7535	6	131843659	C	CT	0.0001743825323474637	3.7584970198910685
6:96060258:T:C	0.000165056	0.0467791	-5.64691	-3.75347	6	96060258	T	C	0.00017440341328129797	3.758445019663045
6:83895993:A:G	2.3791e-06	0.00155517	-6.48262	-3.75315	6	83895993	A	G	0.00017462628960155445	3.757890373634979
6:85317317:T:TAA	4.13807e-05	0.0556736	-7.20445	-3.7531	6	85317317	T	TAA	0.000174661138213267	3.7578037140038916
6:24080178:A:G	0.000820822	1.69637e-05	3.87923	3.7528	6	24080178	A	G	0.0001748703672661809	3.7572837778461317
6:49852848:TTGTGTG:T	0.00635444	5.7617e-06	7.00568	3.75262	6	49852848	TTGTGTG	T	0.00017499601781387168	3.7569718339487843
6:22392031:A:G	1.04261e-05	0.00412105	-5.97955	-3.7523	6	22392031	A	G	0.00017521960623412036	3.756417299977958
6:98469789:C:T	0.000149993	0.0203301	-4.90927	-3.75146	6	98469789	C	T	0.00017580780471027657	3.7549618490155567
6:153634460:T:G	4.71598e-05	0.00781511	-5.11027	-3.75134	6	153634460	T	G	0.0001758919844858211	3.7547539511786625
6:99569108:C:CTT	2.08368e-06	0.00389042	-7.53214	-3.75103	6	99569108	C	CTT	0.00017610962437752896	3.75421690922388
6:9545918:G:C	0.00327619	4.51775e-05	4.28384	3.75019	6	9545918	G	C	0.00017670063176441976	3.752761897741052
6:9545659:G:A	0.00327619	4.51775e-05	4.28384	3.75019	6	9545659	G	A	0.00017670063176441976	3.752761897741052
6:9545671:C:T	0.00327619	4.51775e-05	4.28384	3.75019	6	9545671	C	T	0.00017670063176441976	3.752761897741052
6:9545893:TAC:T	0.00327619	4.51775e-05	4.28384	3.75019	6	9545893	TAC	T	0.00017670063176441976	3.752761897741052
6:9545781:T:C	0.00327619	4.51775e-05	4.28384	3.75019	6	9545781	T	C	0.00017670063176441976	3.752761897741052
6:67244235:T:TTTA	5.24164e-06	0.0097731	-7.53075	-3.75008	6	67244235	T	TTTA	0.00017677816355393905	3.7525713820476287
6:88659792:C:T	0.0026487	7.74555e-05	3.53212	3.74989	6	88659792	C	T	0.0001769121574528009	3.752242321226836
6:115791130:G:T	5.79677e-05	0.108042	-7.53039	-3.74983	6	115791130	G	T	0.00017695449115371327	3.752138410373045
6:32398151:G:A	0.00133336	4.40963e-06	5.71167	3.74978	6	32398151	G	A	0.00017698977651431596	3.7520518191277423
6:70944435:G:GCTCGGAGGG	0.00204489	7.16666e-06	5.65366	3.74965	6	70944435	G	GCTCGGAGGG	0.000177081549418749	3.751826686709742
6:32336973:AG:A	0.00351021	1.23028e-05	5.6536	3.74961	6	32336973	AG	A	0.00017710979623671467	3.75175741659713
6:34883381:C:CT	0.00216801	2.57107e-05	4.43466	3.74941	6	34883381	C	CT	0.0001772510938918477	3.7514110759207644
6:28865850:T:A	3.69035e-06	0.000870418	-5.46325	-3.74933	6	28865850	T	A	0.00017730764262873194	3.7512725442639976
6:9546295:A:G	0.00326488	4.50753e-05	4.28264	3.74927	6	9546295	A	G	0.00017735006531384957	3.751168647251586
6:68245010:A:G	9.67174e-06	0.0105808	-6.99759	-3.74921	6	68245010	A	G	0.00017739249754328623	3.7510647517221707
6:9545283:TTTTTTGTTT:T	0.00331372	4.57829e-05	4.28192	3.74871	6	9545283	TTTTTTGTTT	T	0.0001777464708905013	3.7501990133154766
6:57125838:T:TAC	1.11459e-06	0.00172683	-7.34556	-3.74854	6	57125838	T	TAC	0.00017786697305118934	3.749904685717132
6:9810000:A:C	2.27669e-05	0.0201944	-6.78785	-3.74842	6	9810000	A	C	0.00017795207964551844	3.7496969322271743
6:85318273:G:C	4.17209e-05	0.0556736	-7.19626	-3.74736	6	85318273	G	C	0.0001787055193529577	3.747862034021963
6:30187331:C:T	0.000450616	3.66099e-06	4.81288	3.74715	6	30187331	C	T	0.00017885514125569655	3.7474985713836886
6:139164536:T:G	1.96327e-05	0.00345357	-5.16997	-3.74701	6	139164536	T	G	0.00017895495462111696	3.74725627305032
6:159278865:T:C	2.22228e-05	0.00464545	-5.34253	-3.74697	6	159278865	T	C	0.00017898348234411565	3.747187046437996
6:68438577:A:G	7.15677e-05	0.0356537	-6.21097	-3.7469	6	68438577	A	G	0.00017903341614889764	3.747065901452331
6:32725423:A:G	1.12053e-05	0.00621747	-6.31873	-3.74654	6	32725423	A	G	0.00017929042554604274	3.7464429019801764
6:65982524:C:T	1.90208e-05	0.00895405	-6.15433	-3.74652	6	65982524	C	T	0.00017930471401263223	3.7464082924636863
6:9545383:C:T	0.00330289	4.57829e-05	4.27864	3.7462	6	9545383	C	T	0.00017953347514131413	3.7458545626081556
6:83899492:G:A	3.06613e-06	0.00568377	-7.52495	-3.7461	6	83899492	G	A	0.00017960501925302748	3.7456815306785476
6:85317537:G:C	3.61201e-05	0.0122459	-5.8261	-3.74596	6	85317537	G	C	0.0001797052260458649	3.7454392928972644
6:85317526:G:T	3.61201e-05	0.0122459	-5.8261	-3.74596	6	85317526	G	T	0.0001797052260458649	3.7454392928972644
6:167706906:T:C	2.02032e-05	0.0269019	-7.19411	-3.74585	6	167706906	T	C	0.0001797839968296674	3.7452489688757846
6:130667663:A:T	0.00628915	6.40395e-05	4.58708	3.74554	6	130667663	A	T	0.0001800061619208511	3.7447126279943634
6:49665529:T:A	1.26442e-05	0.00793499	-6.44184	-3.74525	6	49665529	T	A	0.00018021422744331848	3.744210925586621
6:96060686:A:G	0.000166732	0.0467791	-5.6368	-3.74521	6	96060686	A	G	0.0001802429438753869	3.7441417279731124
6:139062110:GAAGC:G	0.0108387	0.000110411	4.58666	3.74521	6	139062110	GAAGC	G	0.0001802429438753869	3.7441417279731124
6:19516830:T:C	1.70502e-05	0.0106961	-6.44147	-3.74498	6	19516830	T	C	0.00018040814686939548	3.7437438544851283
6:123194891:C:T	1.99557e-05	0.00263182	-4.88192	-3.74457	6	123194891	C	T	0.000180702992306478	3.7430346557875365
6:29805912:G:A	6.23145e-05	1.91211e-06	3.48399	3.74384	6	29805912	G	A	0.0001812290827840529	3.7417721075469674
6:85318158:G:A	3.62494e-05	0.0122459	-5.82253	-3.74325	6	85318158	G	A	0.00018165533109605785	3.7407518522376737
6:31158920:C:A	3.8637e-06	0.00418902	-6.9886	-3.74289	6	31158920	C	A	0.00018191587763968667	3.7401293940076012
6:66520339:T:C	6.56865e-06	0.0121181	-7.52015	-3.74281	6	66520339	T	C	0.00018197382456456158	3.7399910772056875
6:88440579:A:C	7.61684e-06	0.0100926	-7.1892	-3.7424	6	88440579	A	C	0.00018227107502487045	3.7392822449696905
6:78687034:T:C	1.52382e-05	0.00425912	-5.63301	-3.74211	6	78687034	T	C	0.0001824816009178054	3.7387809176332105
6:66646032:T:C	6.8134e-06	0.00902306	-7.18865	-3.74202	6	66646032	T	C	0.0001825469830078836	3.738625340330554
6:116915214:A:G	8.48282e-07	0.00130048	-7.33503	-3.74179	6	116915214	A	G	0.00018271417064369275	3.738227769047546
6:68438682:A:T	7.20764e-05	0.0356537	-6.20388	-3.74148	6	68438682	A	T	0.00018293973827684378	3.737691946574928
6:22209704:T:C	0.000117649	0.0343768	-5.67743	-3.74062	6	22209704	T	C	0.0001835668778777429	3.7362056785411646
6:81006219:T:G	7.4899e-06	0.00481418	-6.46577	-3.74062	6	81006219	T	G	0.0001835668778777429	3.7362056785411646
6:68346766:A:G	2.65034e-05	0.00902622	-5.83062	-3.74009	6	68346766	A	G	0.00018395437689857743	3.7352898743711207
6:32400844:T:C	0.00263659	5.07317e-06	6.25328	3.74001	6	32400844	T	C	0.00018401293406982103	3.7351516498288664
6:44758843:A:G	1.13865e-05	0.00382906	-5.81795	-3.73979	6	44758843	A	G	0.0001841740566582202	3.7347715459290507
6:146286398:C:A	5.68254e-06	0.000512464	-4.50183	-3.73976	6	146286398	C	A	0.00018419603819322942	3.734719715123548
6:101690973:C:G	5.61382e-05	0.00749288	-4.89389	-3.7396	6	101690973	C	G	0.00018431331470608774	3.7344432904211087
6:73789759:CT:C	1.38773e-05	0.00275329	-5.2903	-3.73907	6	73789759	CT	C	0.00018470229471982143	3.7335277089021233
6:31362020:T:C	2.21509e-06	0.000616773	-5.62921	-3.739	6	31362020	T	C	0.0001847537270931463	3.7334067916900513
6:81941336:G:A	3.41395e-06	0.00521043	-7.33055	-3.73892	6	81941336	G	A	0.00018481252343406388	3.733268603061649
6:114922610:T:C	5.19023e-06	0.00225649	-6.07479	-3.7382	6	114922610	T	C	0.0001853424826125452	3.732025024018542
6:32861543:A:C	9.85174e-05	0.129698	-7.18273	-3.73787	6	32861543	A	C	0.00018558585769659652	3.7314551216427057
6:31009435:T:C	0.00209602	4.04861e-06	6.24942	3.73736	6	31009435	T	C	0.00018596257379476525	3.7305744516418393
6:68348616:T:C	0.00901009	3.21385e-05	5.63605	3.73725	6	68348616	T	C	0.0001860439204703425	3.7303845172539614
6:68348599:T:G	0.00901009	3.21385e-05	5.63605	3.73725	6	68348599	T	G	0.0001860439204703425	3.7303845172539614
6:32446423:C:CAAAAA	6.22538e-06	0.00817938	-7.18074	-3.73647	6	32446423	C	CAAAAA	0.00018662170259165485	3.7290378527238515
6:123108817:G:A	1.14316e-05	0.0122785	-6.97923	-3.73631	6	123108817	G	A	0.00018674043029207502	3.7287616448155596
6:121607091:T:A	9.31402e-05	0.0403574	-6.07142	-3.7356	6	121607091	T	A	0.00018726814155706396	3.727536099414951
6:31158455:C:T	3.74671e-06	0.00401938	-6.978	-3.73545	6	31158455	C	T	0.00018737980905862153	3.7272772079351455
6:69340023:G:A	1.09192e-05	0.00215268	-5.28395	-3.73518	6	69340023	G	A	0.0001875809683020126	3.7268112266216606
6:3700971:T:C	0.000158866	0.0382041	-5.48264	-3.73512	6	3700971	T	C	0.00018762569791339113	3.726707679295664
6:30598076:G:A	9.34575e-06	0.0100198	-6.97739	-3.73503	6	30598076	G	A	0.00018769281112864498	3.726552361086431
6:19181343:G:C	1.32322e-05	0.0173479	-7.17857	-3.73495	6	19181343	G	C	0.00018775248626244802	3.726414303256351
6:160550939:T:C	5.05504e-06	0.00312754	-6.42762	-3.73468	6	160550939	T	C	0.00018795402152826937	3.7259483775380833
6:97279085:T:C	0.000748306	1.05293e-05	4.26365	3.73467	6	97279085	T	C	0.00018796148970090073	3.725931121606539
6:78216589:A:G	2.13806e-06	0.0038978	-7.50827	-3.73467	6	78216589	A	G	0.00018796148970090073	3.725931121606539
6:68885020:A:G	7.5851e-07	0.000993759	-7.17789	-3.73448	6	68885020	A	G	0.00018810343798611836	3.7256032667316243
6:88689650:C:T	0.000664949	1.98208e-05	3.51298	3.73424	6	88689650	C	T	0.00018828288510746842	3.725189155507497
6:30859127:T:C	9.04599e-06	0.00391179	-6.06943	-3.73406	6	30859127	T	C	0.00018841757602899888	3.7248785876557906
6:31009428:A:G	0.00209602	4.07067e-06	6.24399	3.73364	6	31009428	A	G	0.00018873220712272432	3.7241539812227873
6:78221326:T:C	1.22282e-06	0.00130808	-6.97516	-3.73346	6	78221326	T	C	0.0001888672001319316	3.723843457846079
6:100595289:G:GTACAC	2.7972e-05	0.0508843	-7.50611	-3.73319	6	100595289	G	GTACAC	0.00018906985981756558	3.7233776977979764
6:100595287:T:TAA	2.7972e-05	0.0508843	-7.50611	-3.73319	6	100595287	T	TAA	0.00018906985981756558	3.7233776977979764
6:61218004:CA:C	0.000319114	8.41858e-07	5.93769	3.73308	6	61218004	CA	C	0.00018915248345726944	3.7231879523109264
6:7278331:CTGTG:C	0.00612162	5.71141e-06	6.97712	3.73304	6	7278331	CTGTG	C	0.00018918253683022657	3.723118955187396
6:66726214:T:A	4.0994e-06	0.00619761	-7.32108	-3.73284	6	66726214	T	A	0.00018933287102674746	3.722773979452892
6:94449092:GA:G	7.03327e-05	0.0271045	-5.95422	-3.73273	6	94449092	GA	G	0.00018941560268776231	3.7225842498200485
6:86091258:G:GT	0.00112735	1.3175e-05	4.4493	3.73199	6	86091258	G	GT	0.00018997304488884228	3.721308016344566
6:160075211:T:G	0.00447629	5.23377e-05	4.44883	3.73163	6	160075211	T	G	0.00019024479015052496	3.7206872275395657
6:48063384:C:G	0.00172512	3.36141e-06	6.24069	3.73138	6	48063384	C	G	0.00019043371703684423	3.72025615560144
6:68245677:TAC:T	0.00643213	1.03555e-05	6.43155	3.73072	6	68245677	TAC	T	0.00019093333160857427	3.7191182493429777
6:65103742:C:T	0.00262626	2.46041e-06	6.97299	3.73021	6	65103742	C	T	0.0001913202408835365	3.718239080997205
6:4333936:C:T	8.04157e-05	0.0370461	-6.13271	-3.72999	6	4333936	C	T	0.00019148737030544007	3.7178598649723056
6:139693417:TAG:T	0.00657235	2.22683e-05	5.68746	3.72862	6	139693417	TAG	T	0.00019253122237552708	3.715498831839274
6:85318879:A:T	4.28783e-05	0.0556736	-7.1689	-3.72816	6	85318879	A	T	0.00019288291041583228	3.7147062494991228
6:85318963:G:A	4.2881e-05	0.0556736	-7.16883	-3.72812	6	85318963	G	A	0.0001929135204984351	3.7146373334131892
6:4250422:C:T	1.18817e-05	0.0154248	-7.16873	-3.72805	6	4250422	C	T	0.00019296709912805244	3.7145167318480583
6:92874566:G:A	1.53583e-05	0.00941513	-6.41842	-3.72785	6	92874566	G	A	0.00019312025799260823	3.7141721670650187
6:31159917:A:G	3.9487e-06	0.00418902	-6.96684	-3.72761	6	31159917	A	G	0.00019330419942490066	3.7137587110658545
6:31160023:G:T	3.9487e-06	0.00418902	-6.96684	-3.72761	6	31160023	G	T	0.00019330419942490066	3.7137587110658545
6:85319317:C:A	0.0123404	4.05691e-05	5.71763	3.72755	6	85319317	C	A	0.0001933502105014611	3.7136553507718144
6:4250163:T:C	1.1895e-05	0.0154248	-7.16762	-3.72727	6	4250163	T	C	0.00019356506497196778	3.713173022332183
6:89828048:G:T	3.19996e-07	0.000479581	-7.31236	-3.72725	6	89828048	G	T	0.000193580420301987	3.7131385715360237
6:49673398:T:C	3.06216e-06	0.00193219	-6.44729	-3.72688	6	49673398	T	C	0.0001938647004669939	3.7125012615144777
6:49673102:T:G	3.06216e-06	0.00193219	-6.44729	-3.72688	6	49673102	T	G	0.0001938647004669939	3.7125012615144777
6:49673542:C:T	3.06216e-06	0.00193219	-6.44729	-3.72688	6	49673542	C	T	0.0001938647004669939	3.7125012615144777
6:49673329:C:G	3.06216e-06	0.00193219	-6.44729	-3.72688	6	49673329	C	G	0.0001938647004669939	3.7125012615144777
6:164796453:A:G	0.000894204	2.46434e-05	3.59142	3.72675	6	164796453	A	G	0.0001939646757878165	3.712277355158849
6:78220336:CT:C	0.000594786	1.33313e-06	6.10067	3.7267	6	78220336	CT	C	0.0001940031407333262	3.7121912391826006
6:3697632:C:A	0.000121846	0.0280648	-5.43952	-3.72656	6	3697632	C	A	0.000194110880718649	3.7119501199252602
6:70944194:A:G	0.00197234	7.14387e-06	5.62072	3.72646	6	70944194	A	G	0.00019418787227265804	3.711777896825186
6:167707771:C:A	3.60435e-05	0.022046	-6.41616	-3.72618	6	167707771	C	A	0.00019440360131797236	3.7112956940494763
6:66509697:A:T	1.89019e-05	0.0200072	-6.96458	-3.72603	6	66509697	A	T	0.00019451926306957137	3.71103738441244
6:4333983:A:G	7.94178e-05	0.0363935	-6.12742	-3.72594	6	4333983	A	G	0.00019458869115611665	3.710882403076961
6:49672949:A:C	3.06617e-06	0.00193219	-6.44598	-3.72591	6	49672949	A	C	0.00019461183902583963	3.710830743372923
6:49668416:A:G	1.24932e-05	0.00763759	-6.41565	-3.7258	6	49668416	A	G	0.00019469673668813279	3.7106413276284727
6:49669005:G:T	1.24932e-05	0.00763759	-6.41565	-3.7258	6	49669005	G	T	0.00019469673668813279	3.7106413276284727
6:64969466:A:T	8.57719e-06	0.00245851	-5.6582	-3.7256	6	64969466	A	T	0.0001948511852440301	3.710296948129559
6:85318839:G:A	3.7394e-05	0.0123404	-5.79912	-3.72555	6	85318839	G	A	0.00019488981536826855	3.710210855828156
6:153703399:C:T	8.35704e-05	0.022888	-5.61268	-3.72549	6	153703399	C	T	0.00019493618101696785	3.710107546425183
6:9811133:G:A	0.0386098	3.64456e-05	6.96544	3.72503	6	9811133	G	A	0.000195291995505555	3.709315556911885
6:75849400:T:C	8.21066e-06	0.00397405	-6.18211	-3.7248	6	75849400	T	C	0.0001954701315200774	3.708919594825778
6:75849468:A:C	8.21066e-06	0.00397405	-6.18211	-3.7248	6	75849468	A	C	0.0001954701315200774	3.708919594825778
6:75849272:C:A	8.21066e-06	0.00397405	-6.18211	-3.7248	6	75849272	C	A	0.0001954701315200774	3.708919594825778
6:156882273:G:A	3.54164e-06	0.00528698	-7.30841	-3.72472	6	156882273	G	A	0.0001955321276545353	3.70878187398817
6:4034870:G:T	2.89728e-05	0.00724877	-5.52223	-3.72337	6	4034870	G	T	0.00019658110309307862	3.7064582322660407
6:32611557:C:T	2.06651e-06	0.00177003	-6.75289	-3.72335	6	32611557	C	T	0.00019659668314472436	3.7064238135847325
6:22473499:A:G	2.07896e-05	0.0100395	-6.17983	-3.72305	6	22473499	A	G	0.00019683052319346194	3.7059075531272065
6:29755521:C:T	1.13407e-05	0.00517707	-6.12359	-3.72301	6	29755521	C	T	0.0001968617216052993	3.705838721199159
6:8682139:TATTC:T	0.000774622	1.22659e-06	6.44813	3.72289	6	8682139	TATTC	T	0.00019695534472193393	3.705632229367415
6:94749478:T:C	3.03341e-05	0.0049511	-5.09509	-3.72277	6	94749478	T	C	0.0001970490096737407	3.7054257434642524
6:124210492:G:C	3.34669e-05	0.00437007	-4.87198	-3.72269	6	124210492	G	C	0.00019711147622527208	3.7052880894891267
6:133717861:A:G	4.54645e-06	0.00675194	-7.30324	-3.7214	6	133717861	A	G	0.0001981213219232839	3.703068782940377
6:49667739:A:G	1.25736e-05	0.00763759	-6.40924	-3.72104	6	49667739	A	G	0.00019840400570193294	3.7024495638517796
6:49672538:T:A	3.08658e-06	0.00193219	-6.43935	-3.72098	6	49672538	T	A	0.00019845115649270862	3.7023463658576583
6:24715849:CA:C	0.0375377	6.1298e-05	6.41735	3.7204	6	24715849	CA	C	0.00019890749057225297	3.7013488616571575
6:108895588:T:C	2.39423e-05	0.0354956	-7.30152	-3.7203	6	108895588	T	C	0.00019898626843725632	3.701176892171638
6:2143624:TG:T	2.33976e-06	0.000166418	-4.26445	-3.71973	6	2143624	TG	T	0.00019943586230577665	3.7001967447149218
6:88442790:G:A	7.55423e-06	0.00320644	-6.05081	-3.71968	6	88442790	G	A	0.00019947534586209914	3.700110773248883
6:29884426:G:C	4.83094e-06	0.00292854	-6.40722	-3.71954	6	29884426	G	C	0.0001995859388938874	3.6998700586192914
6:68347102:G:C	2.71493e-05	0.00900344	-5.80401	-3.7194	6	68347102	G	C	0.00019969658953040113	3.699629352058567
6:81250390:T:C	0.0180447	0.000107561	5.12255	3.71935	6	81250390	T	C	0.00019973612158049925	3.699543387385197
6:120508916:A:G	1.53906e-05	0.00510201	-5.80363	-3.7191	6	120508916	A	G	0.0001999338921417653	3.6991135794561445
6:56076246:T:G	0.00977607	2.00263e-05	6.19064	3.71861	6	56076246	T	G	0.00020032205624251361	3.6982712305513643
6:56076236:C:G	0.00977607	2.00263e-05	6.19064	3.71861	6	56076236	C	G	0.00020032205624251361	3.6982712305513643
6:27690167:A:G	6.62229e-05	1.76462e-06	3.62509	3.71845	6	27690167	A	G	0.00020044895696585635	3.697996199254575
6:141095806:G:C	8.12822e-06	0.00851011	-6.95367	-3.71836	6	141095806	G	C	0.00020052037180857726	3.697841498781387
6:93548074:G:C	1.70814e-05	0.0218661	-7.1547	-3.71821	6	93548074	G	C	0.00020063944966821614	3.6975836720693973
6:42817968:T:TA	0.00144486	1.71985e-05	4.43094	3.71814	6	42817968	T	TA	0.00020069504206846265	3.697463356106955
6:49663381:T:C	1.317e-05	0.0079671	-6.40513	-3.71798	6	49663381	T	C	0.0002008221647572343	3.697188355767421
6:49663458:A:G	1.317e-05	0.0079671	-6.40513	-3.71798	6	49663458	A	G	0.0002008221647572343	3.697188355767421
6:32400914:C:CAA	4.74118e-06	0.00700306	-7.29782	-3.71792	6	32400914	C	CAA	0.00020086985526546566	3.697085233357072
6:91104574:A:T	0.000296641	0.0384812	-4.8654	-3.71762	6	91104574	A	T	0.00020110846744701314	3.696569643535049
6:67614635:G:A	3.83984e-06	0.00232161	-6.40458	-3.71758	6	67614635	G	A	0.0002011403025166628	3.6965009010247365
6:70068405:G:A	4.95252e-05	0.0224465	-6.11641	-3.71752	6	70068405	G	A	0.00020118806399820817	3.696397788494244
6:95458788:T:G	9.54287e-06	0.0121886	-7.15246	-3.71664	6	95458788	T	G	0.00020188979095937573	3.6948856416413425
6:95785340:C:T	0.00197025	2.44463e-05	4.38944	3.71654	6	95785340	C	T	0.0002019696779887308	3.694713826942693
6:31160828:C:T	4.01253e-06	0.00418902	-6.9508	-3.71635	6	31160828	C	T	0.0002021215451650404	3.6943873903562015
6:67276616:TAAG:T	0.00726359	6.94508e-06	6.9526	3.71623	6	67276616	TAAG	T	0.000202217516542424	3.69418122753718
6:149370723:G:A	3.45835e-06	0.000811344	-5.4579	-3.7159	6	149370723	G	A	0.00020248165861096277	3.693614310349612
6:32757026:C:CT	7.19701e-06	0.00344314	-6.17047	-3.71589	6	32757026	C	CT	0.00020248966797365445	3.693597131740695
6:97292272:C:CA	0.00769025	9.5586e-05	4.38768	3.71523	6	97292272	C	CA	0.0002030189444510859	3.6924634345661493
6:9807752:A:C	2.14381e-05	0.0181554	-6.74155	-3.71522	6	9807752	A	C	0.00020302697377732562	3.692446258715226
6:29798728:G:A	1.14548e-05	0.00711441	-6.43147	-3.71512	6	29798728	G	A	0.00020310728344861813	3.6922745024699952
6:24771461:A:G	0.0088064	8.43972e-06	6.95028	3.71464	6	24771461	A	G	0.00020349318544657383	3.691450129792585
6:77599846:C:T	4.97831e-06	0.00633549	-7.14883	-3.71409	6	77599846	C	T	0.00020393621154854663	3.690505652694585
6:24771996:G:C	0.0088064	8.45272e-06	6.94875	3.71359	6	24771996	G	C	0.00020433974863089433	3.689647145203232
6:24771975:C:T	0.0088064	8.45272e-06	6.94875	3.71359	6	24771975	C	T	0.00020433974863089433	3.689647145203232
6:15385223:A:C	0.00150215	1.86696e-05	4.38776	3.71345	6	15385223	A	C	0.0002044528733551153	3.6894067815464155
6:97292301:C:G	0.00769025	9.58404e-05	4.38502	3.71323	6	97292301	C	G	0.0002046307596441806	3.6890290835287747
6:49665677:G:A	1.2618e-05	0.00757789	-6.39786	-3.71259	6	49665677	G	A	0.0002051490740332461	3.6879304389366943
6:29792733:G:A	9.33851e-07	0.000146746	-5.05714	-3.71255	6	29792733	G	A	0.00020518150959412325	3.687861779247664
6:30186422:T:C	0.00036321	3.85719e-06	4.54504	3.71255	6	30186422	T	C	0.00020518150959412325	3.687861779247664
6:29792575:CGCGGGCGCC:C	9.33851e-07	0.000146746	-5.05714	-3.71255	6	29792575	CGCGGGCGCC	C	0.00020518150959412325	3.687861779247664
6:8020234:C:T	2.32707e-06	0.00139727	-6.39767	-3.71244	6	8020234	C	T	0.00020527073222671952	3.687672968498643
6:65652924:C:T	0.000505092	7.31572e-06	4.23471	3.71242	6	65652924	C	T	0.00020528695843853017	3.6876386398066443
6:24772487:G:A	0.0088064	8.46798e-06	6.94694	3.71235	6	24772487	G	A	0.00020534375966832906	3.6875184906812306
6:24772802:T:C	0.0088064	8.46939e-06	6.94677	3.71223	6	24772802	T	C	0.00020544116755260273	3.6873125254443218
6:88678304:T:C	3.90582e-05	0.0146486	-5.92705	-3.71174	6	88678304	T	C	0.00020583936704829866	3.6864715622420055
6:116718060:T:C	5.02599e-06	0.000808722	-5.08083	-3.7117	6	116718060	T	C	0.00020587190511549015	3.686402916547715
6:48485214:T:C	2.3618e-05	2.67748e-07	4.47971	3.71141	6	48485214	T	C	0.0002061079506277694	3.6859052549594145
6:29883666:A:G	4.82963e-06	0.00289577	-6.39624	-3.71138	6	29883666	A	G	0.00020613238363284894	3.685853774701842
6:132234426:G:C	0.00589205	0.00014851	3.6807	3.71123	6	132234426	G	C	0.00020625458947221283	3.685596378970614
6:22473345:C:T	2.22208e-05	0.018711	-6.73584	-3.71112	6	22473345	C	T	0.00020634425033470383	3.6854076279869528
6:94731527:A:T	0.00675426	0.000185069	3.5972	3.71111	6	94731527	A	T	0.00020635240313732268	3.685390469053581
6:147870476:G:A	0.0465624	0.000172382	5.59884	3.71106	6	147870476	G	A	0.00020639317168910307	3.6853046750041187
6:31158632:G:T	3.88062e-06	0.00401938	-6.94289	-3.71079	6	31158632	G	T	0.0002066134526323263	3.6848414049181293
6:73789620:AT:A	1.64394e-05	0.00265733	-5.0854	-3.71018	6	73789620	AT	A	0.00020711193768973494	3.6837948681593615
6:67177969:C:A	0.00191784	3.77044e-05	3.92918	3.71012	6	67177969	C	A	0.00020716102997891164	3.683691938390551
6:102988873:G:A	2.14631e-05	0.00527244	-5.50391	-3.70962	6	102988873	G	A	0.0002075705576399185	3.6828342479397707
6:77726832:T:TAATG	0.00496281	9.9923e-06	6.20791	3.70891	6	77726832	T	TAATG	0.0002081533935822588	3.681616504296614
6:91112980:C:A	0.000301345	0.0438738	-4.98082	-3.70851	6	91112980	C	A	0.00020848242841719475	3.680930542911013
6:84464696:G:A	3.86242e-05	0.0323891	-6.7317	-3.70815	6	84464696	G	A	0.00020877897737746652	3.6803132339677203
6:47174757:A:G	0.000122028	0.0273198	-5.41111	-3.70792	6	47174757	A	G	0.00020896864657378965	3.679918870068143
6:30854636:C:T	2.77613e-05	0.0131383	-6.15965	-3.7076	6	30854636	C	T	0.00020923280337418383	3.6793702260783148
6:11117165:AT:A	0.00875778	1.76747e-05	6.20556	3.70729	6	11117165	AT	A	0.00020948900431479213	3.6788387674028566
6:61220602:T:C	7.16628e-07	0.000600093	-6.73028	-3.70714	6	61220602	T	C	0.00020961307825802453	3.6785816241782885
6:29791289:A:G	0.000139303	2.4843e-06	4.02666	3.70687	6	29791289	A	G	0.00020983658529279137	3.678118789709756
6:29791740:G:A	0.000139303	2.4843e-06	4.02666	3.70687	6	29791740	G	A	0.00020983658529279137	3.678118789709756
6:29791843:G:A	0.000139303	2.4843e-06	4.02666	3.70687	6	29791843	G	A	0.00020983658529279137	3.678118789709756
6:29791856:C:T	0.000139303	2.4843e-06	4.02666	3.70687	6	29791856	C	T	0.00020983658529279137	3.678118789709756
6:29791911:A:G	0.000139303	2.4843e-06	4.02666	3.70687	6	29791911	A	G	0.00020983658529279137	3.678118789709756
6:29813854:C:G	9.40442e-05	1.30352e-06	4.2787	3.70684	6	29813854	C	G	0.00020986143321940443	3.678067365509729
6:29813860:C:T	9.40442e-05	1.30352e-06	4.2787	3.70684	6	29813860	C	T	0.00020986143321940443	3.678067365509729
6:129115851:A:C	2.99288e-05	0.00434005	-4.97682	-3.70559	6	129115851	A	C	0.00021089922326254575	3.675925019755115
6:32979072:G:T	2.54603e-05	0.00828885	-5.78555	-3.70503	6	32979072	G	T	0.00021136571475275802	3.674965457431875
6:115007115:C:G	2.01981e-07	0.000352088	-7.46347	-3.70397	6	115007115	C	G	0.0002122513707268487	3.67314949638585
6:31166310:C:G	4.74806e-06	0.00223588	-6.15465	-3.70377	6	31166310	C	G	0.00021241886594887348	3.6728069140800503
6:29792334:G:C	9.33851e-07	0.000144934	-5.04472	-3.70348	6	29792334	G	C	0.00021266195450940283	3.6723101989761027
6:29792219:T:C	9.33851e-07	0.000144934	-5.04472	-3.70348	6	29792219	T	C	0.00021266195450940283	3.6723101989761027
6:120740091:C:T	3.78402e-05	0.0224457	-6.38548	-3.70339	6	120740091	C	T	0.00021273744888826614	3.672156053050004
6:29814560:C:CAA	8.79111e-05	2.85837e-06	3.42607	3.70322	6	29814560	C	CAA	0.00021288011805308704	3.671864897617744
6:49662879:A:G	1.3726e-05	0.0081336	-6.38446	-3.70263	6	49662879	A	G	0.00021337596131362112	3.6708545092643896
6:30213844:C:T	4.74014e-05	0.0593329	-7.13227	-3.70247	6	30213844	C	T	0.00021351061409883372	3.6705805303346293
6:162771191:C:T	3.5778e-05	0.0116094	-5.78224	-3.70246	6	162771191	C	T	0.0002135190325467757	3.6705634070013127
6:29806249:GCA:G	1.39491e-06	6.66379e-05	-3.86644	-3.70237	6	29806249	GCA	G	0.00021359481260582706	3.670409298853318
6:108032471:A:G	0.00947956	0.000269725	3.55949	3.70209	6	108032471	A	G	0.00021383073433278146	3.6699298725985408
6:33922568:C:T	7.56103e-05	0.0280046	-5.91453	-3.70207	6	33922568	C	T	0.00021384759524466817	3.669895629100614
6:30182266:G:T	3.34474e-06	0.00108442	-5.78141	-3.70182	6	30182266	G	T	0.0002140584620090859	3.6694675992652614
6:24077959:C:T	7.11281e-06	0.00727265	-6.92998	-3.70173	6	24077959	C	T	0.0002141344218297979	3.669313514820738
6:108901417:A:AT	0.010157	2.36345e-05	6.06321	3.70136	6	108901417	A	AT	0.00021444696709611857	3.6686800915686906
6:88663052:T:C	0.00188557	5.85137e-05	3.47273	3.70134	6	88663052	T	C	0.0002144638736320533	3.6686458540788855
6:123191603:A:G	1.95754e-05	0.00242818	-4.82062	-3.70123	6	123191603	A	G	0.00021455688195404427	3.6684575508272657
6:31593330:TTGTGTGTG:T	0.041964	4.10485e-05	6.92981	3.7006	6	31593330	TTGTGTGTG	T	0.0002150902960495041	3.667379182672597
6:69494324:T:G	9.87844e-07	0.00051371	-6.25389	-3.70002	6	69494324	T	G	0.00021558247637261515	3.666386543689261
6:94533475:C:CTG	0.00208276	1.83174e-05	4.7336	3.69982	6	94533475	C	CTG	0.00021575243878531417	3.6660442864817293
6:164718895:A:G	3.82971e-06	0.00169545	-6.09292	-3.69955	6	164718895	A	G	0.00021598208762868256	3.6655822653610874
6:29792813:G:A	0.000138768	2.49941e-06	4.01674	3.69937	6	29792813	G	A	0.00021613531434775147	3.6652742679462347
6:65982525:C:CTTTT	0.00617349	2.18009e-05	5.64607	3.69936	6	65982525	C	CTTTT	0.00021614382993533768	3.6652571573696626
6:120411846:AT:A	0.00047178	1.1019e-06	6.05947	3.69883	6	120411846	AT	A	0.00021659560715063753	3.664350355695851
6:102275226:G:C	0.00398278	0.000130375	3.41932	3.69848	6	102275226	G	C	0.00021689443652046672	3.66375158777119
6:66507711:T:C	1.96596e-05	0.0200072	-6.92528	-3.69843	6	66507711	T	C	0.0002169371580176117	3.6636660536111045
6:66508062:C:T	1.96596e-05	0.0200072	-6.92528	-3.69843	6	66508062	C	T	0.0002169371580176117	3.6636660536111045
6:167770922:T:G	0.00304055	7.10708e-06	6.0587	3.69831	6	167770922	T	G	0.0002170397218488228	3.6634607758240443
6:32643345:T:C	7.45459e-06	0.00927253	-7.12598	-3.69807	6	32643345	T	C	0.0002172449861129048	3.6630502380260204
6:94054952:C:T	1.43041e-05	0.00631868	-6.09072	-3.69787	6	94054952	C	T	0.00021741617888668013	3.662708141299543
6:164719165:C:T	3.8715e-06	0.00171014	-6.09069	-3.69785	6	164719165	C	T	0.00021743330512873562	3.6626739325321522
6:66888773:G:T	0.00199261	5.52114e-06	5.88862	3.69771	6	66888773	G	T	0.0002175532242942515	3.66243447576899
6:77613872:A:G	4.14463e-06	0.00095933	-5.44442	-3.69741	6	77613872	A	G	0.0002178104030708157	3.6619213812911986
6:54921242:T:A	6.10501e-06	0.0105374	-7.45357	-3.69719	6	54921242	T	A	0.00021799918222835735	3.661545135543918
6:2012871:C:T	7.43126e-06	0.00164128	-5.39754	-3.69714	6	2012871	C	T	0.00021804210800134468	3.6614596279242604
6:66507593:G:A	1.9699e-05	0.0200072	-6.92328	-3.69702	6	66507593	G	A	0.0002181451622374235	3.66125441383411
6:24078050:G:A	0.000492118	1.09104e-05	3.809	3.69668	6	24078050	G	A	0.0002184373976379594	3.6606730060890964
6:92584340:A:G	2.98764e-06	0.00370852	-7.1239	-3.69661	6	92584340	A	G	0.0002184976093594772	3.6605533103991297
6:92584380:T:C	2.98764e-06	0.00370852	-7.1239	-3.69661	6	92584380	T	C	0.0002184976093594772	3.6605533103991297
6:95450565:T:TG	0.00365158	7.83756e-05	3.8414	3.69648	6	95450565	T	TG	0.00021860947247233858	3.660331023752566
6:56083903:C:T	2.63593e-05	0.0326759	-7.12257	-3.69567	6	56083903	C	T	0.00021930767786430678	3.6589461635995786
6:31008794:A:G	0.00209602	4.30295e-06	6.18849	3.69559	6	31008794	A	G	0.00021937674990416965	3.6588094019362263
6:57199260:G:C	0.00229298	6.5845e-05	3.55031	3.695	6	57199260	G	C	0.0002198867873153473	3.6578008659936088
6:53837216:G:GT	1.96648e-06	0.000721662	-5.90531	-3.69495	6	53837216	G	GT	0.00021993006195645685	3.6577154034292163
6:31154349:G:C	0.000709152	4.37092e-06	5.0891	3.69492	6	31154349	G	C	0.0002199560305789321	3.657664126384326
6:99269446:G:GTGATGA	0.00577249	1.9923e-05	5.66898	3.69455	6	99269446	G	GTGATGA	0.00022027654704269222	3.6570317399447885
6:73125062:C:CT	0.000463025	0.0634381	-4.92004	-3.69391	6	73125062	C	CT	0.0002208319893086945	3.655938015299921
6:88440197:A:T	7.80505e-06	0.0111041	-7.2603	-3.69386	6	88440197	A	T	0.0002208754385650434	3.6558525751594786
6:24077590:A:AT	0.000490256	1.09104e-05	3.80521	3.69365	6	24077590	A	AT	0.00022105801309633215	3.655493737802009
6:93549960:G:A	1.76932e-05	0.0218661	-7.11951	-3.69353	6	93549960	G	A	0.00022116240500117797	3.6552886960300026
6:24773143:G:A	0.0088064	8.70476e-06	6.91936	3.69344	6	24773143	G	A	0.00022124072929950587	3.6551349185891087
6:24773246:A:G	0.0088064	8.70476e-06	6.91936	3.69344	6	24773246	A	G	0.00022124072929950587	3.6551349185891087
6:32336445:C:G	1.09435e-05	0.00350897	-5.77033	-3.6932	6	32336445	C	G	0.000221449721423876	3.654724861706382
6:32632671:C:T	0.000963666	8.89692e-06	4.68504	3.69205	6	32632671	C	T	0.0002224537162516808	3.652760334649058
6:83634970:G:C	2.00228e-06	0.000439312	-5.39092	-3.69189	6	83634970	G	C	0.00022259374062668044	3.652487052263276
6:68449178:TC:T	0.00426903	7.24521e-05	4.07622	3.69173	6	68449178	TC	T	0.00022273384773884822	3.6522137804099835
6:48399956:C:T	4.52404e-05	0.0263963	-6.36899	-3.69114	6	48399956	C	T	0.0002232512085198691	3.6512061814782073
6:70067088:A:G	4.839e-05	0.0211804	-6.08154	-3.69085	6	70067088	A	G	0.00022350591780806944	3.6507109734834313
6:31529014:C:G	7.61788e-06	0.0107849	-7.25541	-3.69072	6	31529014	C	G	0.00022362018636352447	3.6504889949243333
6:44103223:G:C	2.221e-05	0.00699772	-5.7528	-3.69051	6	44103223	G	C	0.00022380488988281818	3.6501304288625156
6:19789213:A:AGT	2.07498e-05	0.0354473	-7.44326	-3.69012	6	19789213	A	AGT	0.00022414829070607097	3.6494645685972156
6:31022278:T:C	4.25284e-05	0.0522923	-7.11443	-3.68996	6	31022278	T	C	0.00022428931612556444	3.649191413257074
6:56076484:CAG:C	0.00977607	2.08689e-05	6.14943	3.68976	6	56076484	CAG	C	0.00022446571502492707	3.648849983892566
6:67272070:A:AAC	3.27173e-06	0.00328821	-6.91278	-3.68965	6	67272070	A	AAC	0.00022456278992099494	3.64866220475656
6:68341405:T:A	0.00258658	3.32771e-05	4.35322	3.68936	6	68341405	T	A	0.00022481890357860717	3.6481671745321744
6:17695627:T:C	4.00673e-06	0.00327243	-6.70531	-3.68923	6	17695627	T	C	0.0002249338021311417	3.647945275662878
6:75626339:T:TTA	9.91506e-08	0.000121663	-7.11237	-3.68852	6	75626339	T	TTA	0.0002255622982032465	3.6467334891328798
6:8687854:T:G	5.78941e-06	0.00346871	-6.39551	-3.68839	6	8687854	T	G	0.00022567755333893308	3.6465116351882108
6:67614803:T:C	3.86704e-06	0.00224771	-6.36518	-3.68831	6	67614803	T	C	0.00022574850704968098	3.646375113139503
6:62800683:TGTAA:T	0.00179163	3.05814e-06	6.37307	3.68823	6	62800683	TGTAA	T	0.00022581948169946	3.6462385937237083
6:99265808:C:G	2.23933e-05	0.0274482	-7.1113	-3.68776	6	99265808	C	G	0.00022623688094078212	3.645436595328141
6:110199593:C:CA	0.000325893	1.08543e-05	3.40201	3.68634	6	110199593	C	CA	0.00022750236284911038	3.6430140883826874
6:121608708:T:C	9.92812e-05	0.0403574	-6.00757	-3.68629	6	121608708	T	C	0.00022754704293039473	3.6429288039605185
6:19511179:C:CT	0.000604421	1.574e-05	3.64806	3.68602	6	19511179	C	CT	0.0002277884577221246	3.642468285852126
6:15094527:AAAAAAAAAA:A	0.0151666	9.06748e-05	5.11957	3.68574	6	15094527	AAAAAAAAAA	A	0.0002280390677064677	3.6419907431930953
6:24077829:T:G	7.12823e-06	0.00712144	-6.9068	-3.68545	6	24077829	T	G	0.00022829890084273647	3.641496179438733
6:9811402:A:G	0.0459572	4.59853e-05	6.90714	3.68506	6	9811402	A	G	0.0002286487697514115	3.640831131005848
6:52412185:A:AT	5.26164e-06	0.00427213	-6.69942	-3.68501	6	52412185	A	AT	0.00022869366111629764	3.6407458729112476
6:56077201:C:A	0.00970698	2.08694e-05	6.14232	3.68478	6	56077201	C	A	0.00022890026796019904	3.6403536989219285
6:160078533:T:C	4.5923e-05	0.00397734	-4.4614	-3.68455	6	160078533	T	C	0.00022910704997749414	3.639961546693557
6:168422525:A:G	1.75146e-05	0.0213648	-7.10647	-3.68438	6	168422525	A	G	0.00022926000152838791	3.639671709032674
6:22474527:G:A	1.66964e-05	0.0099487	-6.39	-3.6843	6	22474527	G	A	0.0002293320118847165	3.639535318952883
6:22474548:A:G	1.66964e-05	0.0099487	-6.39	-3.6843	6	22474548	A	G	0.0002293320118847165	3.639535318952883
6:62800137:T:TC	1.97415e-06	0.00240718	-7.10607	-3.6841	6	62800137	T	TC	0.00022951213065961767	3.639194355271355
6:55721335:C:A	2.63871e-05	0.0059421	-5.41694	-3.68407	6	55721335	C	A	0.00022953915992453522	3.639143212138298
6:78219816:TTG:T	1.37317e-06	0.000556417	-6.0044	-3.68384	6	78219816	TTG	T	0.00022974648356275022	3.6387511270843134
6:31730575:T:C	3.72017e-06	0.00301501	-6.69759	-3.68369	6	31730575	T	C	0.0002298817893008679	3.638495431163931
6:15383304:AT:A	0.00152351	1.79009e-05	4.44392	3.68362	6	15383304	AT	A	0.00022994495756918255	3.6383761095684832
6:84472507:A:T	2.16413e-05	0.0215548	-6.90375	-3.68331	6	84472507	A	T	0.00023022489862638813	3.6378477095885047
6:83632084:C:A	2.05726e-06	0.000446298	-5.37961	-3.6829	6	83632084	C	A	0.00023059563452796584	3.6371489187167803
6:7950200:A:G	9.78067e-05	0.0222247	-5.42597	-3.68267	6	7950200	A	G	0.00023080385356428264	3.636756944356288
6:29804680:C:G	6.16081e-05	1.70911e-06	3.58482	3.68262	6	29804680	C	G	0.00023084914191473703	3.636671735418178
6:48908285:T:TA	0.00258495	1.02562e-05	5.52958	3.68194	6	48908285	T	TA	0.00023146589204540917	3.6355129959540236
6:25109869:T:C	0.00175454	5.57765e-05	3.44861	3.68163	6	25109869	T	C	0.00023174757041339672	3.634984810200018
6:70420285:TG:T	0.00315908	6.82308e-06	6.13772	3.68156	6	70420285	TG	T	0.00023181121971159194	3.634865547919825
6:132235861:T:G	0.00581305	0.000152394	3.64139	3.68086	6	132235861	T	G	0.00023244861562179403	3.633673035970918
6:165294272:A:C	4.21738e-05	0.00336143	-4.37832	-3.68077	6	165294272	A	C	0.00023253068574712737	3.6335197276286904
6:56076401:G:A	0.0093248	2.01667e-05	6.1364	3.68063	6	56076401	G	A	0.0002326584044375372	3.633281254607526
6:96111541:AACAC:A	0.00206538	4.33554e-06	6.16622	3.68032	6	96111541	AACAC	A	0.00023294144441795905	3.632753235893176
6:164095049:T:C	0.019482	5.53453e-05	5.86366	3.68027	6	164095049	T	C	0.00023298712627827853	3.632668075286288
6:35359578:T:C	0.00336807	5.9681e-05	4.03308	3.68027	6	35359578	T	C	0.00023298712627827853	3.632668075286288
6:74107143:G:A	2.5123e-06	0.00349917	-7.23908	-3.68026	6	74107143	G	A	0.00023299626365911932	3.6326510432883055
6:138913407:C:T	1.83337e-05	0.00927481	-6.22632	-3.68024	6	138913407	C	T	0.00023301453942966812	3.632616979415737
6:32643317:A:T	7.47547e-06	0.009053	-7.09922	-3.6793	6	32643317	A	T	0.0002338750196566439	3.631016162990505
6:32335734:G:A	0.00333363	1.29276e-05	5.55245	3.6784	6	32335734	G	A	0.00023470167714813946	3.629483806977548
6:153244182:CA:C	0.0535537	9.27106e-05	6.35896	3.67797	6	153244182	CA	C	0.00023509760293407498	3.628751798938911
6:68254873:C:A	2.11028e-05	0.0208511	-6.89575	-3.67769	6	68254873	C	A	0.0002353557519026776	3.628275183424651
6:42133824:GGGGGC:G	0.0434706	0.000262818	5.10838	3.67755	6	42133824	GGGGGC	G	0.00023548492610861617	3.628036887759596
6:83794519:GAT:G	0.00883004	0.000115405	4.33746	3.67753	6	83794519	GAT	G	0.00023550338499634684	3.6280028461798004
6:56084927:T:A	2.70538e-05	0.0326759	-7.09657	-3.67743	6	56084927	T	A	0.00023559569980253055	3.627832640748585
6:56084726:C:A	2.70538e-05	0.0326759	-7.09657	-3.67743	6	56084726	C	A	0.00023559569980253055	3.627832640748585
6:23521672:C:T	0.000114395	0.0655206	-6.35046	-3.67738	6	23521672	C	T	0.00023564186993778782	3.6277475395753225
6:56085299:C:T	2.70571e-05	0.0326759	-7.09644	-3.67735	6	56085299	C	T	0.00023566957609406734	3.6276964793649156
6:8021299:A:G	9.16219e-06	0.00461544	-6.22208	-3.6772	6	8021299	A	G	0.00023580815273259564	3.627441183865311
6:168420481:G:A	1.83823e-05	0.0221863	-7.09584	-3.67692	6	168420481	G	A	0.00023606703372015694	3.6269646570256917
6:139154345:ATG:A	0.00470306	6.15238e-05	4.33655	3.67684	6	139154345	ATG	A	0.00023614104868476148	3.6268285124226365
6:29814553:C:T	9.07862e-05	2.53968e-06	3.57647	3.67675	6	29814553	C	T	0.00023622434154756586	3.6266753528905418
6:85319613:A:G	4.61624e-05	0.0556736	-7.0951	-3.6764	6	85319613	A	G	0.000236548520368303	3.6260797641569122
6:44102396:G:C	2.17314e-05	0.006717	-5.73364	-3.67602	6	44102396	G	C	0.000236900958562865	3.6254331820053034
6:95458336:T:A	9.62206e-06	0.0115976	-7.0945	-3.67598	6	95458336	T	A	0.0002369380859680547	3.6253651241809415
6:65982847:G:A	1.61282e-05	0.0269881	-7.42258	-3.67595	6	65982847	G	A	0.0002369659351047595	3.625314081244512
6:72564524:AAATGGAAAC:A	0.0113612	1.97306e-05	6.35578	3.67566	6	72564524	AAATGGAAAC	A	0.00023723530181710446	3.6248206852756537
6:38623180:A:G	6.7787e-06	0.00816661	-7.09402	-3.67565	6	38623180	A	G	0.00023724459544673836	3.6248036722384707
6:47053220:T:A	2.1466e-05	0.00920388	-6.06091	-3.67507	6	47053220	T	A	0.0002377842108342287	3.623816986450821
6:68342205:C:A	0.00258658	3.39187e-05	4.33412	3.67502	6	68342205	C	A	0.00023783078327922118	3.6237319338087306
6:16227551:T:C	6.02361e-05	0.0133996	-5.40471	-3.67457	6	16227551	T	C	0.00023825032059233625	3.6229665062976575
6:34885105:C:CT	0.00180763	2.28105e-05	4.37255	3.6741	6	34885105	C	CT	0.00023868924530015846	3.6221671487017453
6:18688741:T:G	2.09966e-05	0.0123398	-6.37622	-3.67405	6	18688741	T	G	0.00023873598404058625	3.6220821160060424
6:19503941:G:GGT	0.000658133	1.89569e-05	3.54724	3.6729	6	19503941	G	GGT	0.00023981334798937057	3.620126647772633
6:24074808:T:A	4.44031e-06	0.00739199	-7.41743	-3.67242	6	24074808	T	A	0.00024026437824023014	3.619310613218023
6:158777348:C:G	0.00336555	4.01205e-05	4.42946	3.67239	6	158777348	C	G	0.00024029259403914965	3.619259614204403
6:148352708:A:G	1.06694e-05	0.0146741	-7.22646	-3.67216	6	148352708	A	G	0.00024050901846732703	3.618868634062865
6:102175686:T:TA	0.0215767	0.000572113	3.63003	3.67208	6	102175686	T	TA	0.00024058433938724204	3.618732646069582
6:97330821:C:CTT	0.00242002	6.81565e-05	3.56973	3.67202	6	97330821	C	CTT	0.00024064084459966562	3.618630656801839
6:65684265:T:G	6.71967e-06	0.00179793	-5.58935	-3.67181	6	65684265	T	G	0.00024083871090882638	3.618273706023442
6:114701120:G:A	3.6717e-05	0.00784749	-5.36471	-3.67107	6	114701120	G	A	0.00024153717136211807	3.617016024021367
6:88442545:T:C	0.00320644	7.80481e-06	6.01818	3.67089	6	88442545	T	C	0.00024170735425749107	3.6167101354224824
6:84524316:CGT:C	0.00351675	1.14179e-05	5.73011	3.67086	6	84524316	CGT	C	0.00024173572900778874	3.6166591552847147
6:85540712:G:A	9.98493e-07	0.000794646	-6.67941	-3.67065	6	85540712	G	A	0.00024193443977670734	3.6163023046833707
6:100844464:C:T	2.09929e-06	0.0011911	-6.34103	-3.67037	6	100844464	C	T	0.0002421996258492695	3.6158265320919063
6:65153364:ATGTG:A	0.000461007	9.8208e-07	6.1515	3.67022	6	65153364	ATGTG	A	0.00024234180196469653	3.615571667179987
6:96088531:TTGTG:T	0.00850487	6.27072e-06	7.2125	3.67021	6	96088531	TTGTG	T	0.00024235128315574418	3.615554676514839
6:46554817:A:G	3.46013e-06	0.0004477	-4.86282	-3.6695	6	46554817	A	G	0.0002430253378778852	3.6143484443980514
6:15449820:G:A	0.00277455	2.04879e-06	7.211	3.6692	6	15449820	G	A	0.0002433106779591488	3.613838831155591
6:36612613:G:GTTT	0.000890073	2.36902e-05	3.62624	3.66916	6	36612613	G	GTTT	0.0002433487470407092	3.6137708855195374
6:68261723:C:T	1.79744e-05	0.00808577	-6.10891	-3.66874	6	68261723	C	T	0.00024374880989798674	3.6130574960642936
6:120410712:GA:G	0.000445264	1.08734e-06	6.01493	3.66869	6	120410712	GA	G	0.0002437964775044519	3.612972573579945
6:68248321:T:G	2.63531e-05	0.0118505	-6.10854	-3.66845	6	68248321	T	G	0.00024402540376769445	3.6125649599652045
6:97293881:T:A	0.0079456	0.000105214	4.32438	3.66771	6	97293881	T	A	0.0002447325298282762	3.611308300423604
6:74106712:G:A	2.56271e-06	0.00349917	-7.21922	-3.66751	6	74106712	G	A	0.0002449239746744471	3.6109687013628227
6:74220081:G:A	2.39628e-06	0.000451588	-5.23885	-3.66748	6	74220081	G	A	0.0002449527035151572	3.610917762922347
6:97293705:T:G	0.0079456	0.000105338	4.3232	3.66682	6	97293705	T	G	0.00024558553832617995	3.609797210861723
6:27547726:G:A	2.67074e-06	0.00150703	-6.33554	-3.6663	6	27547726	G	A	0.00024608521526203964	3.608914477816875
6:31161930:C:T	4.44709e-06	0.00431995	-6.87875	-3.66575	6	31161930	C	T	0.0002466147573833236	3.6079809388579562
6:56677303:G:C	1.05901e-05	0.000999176	-4.54701	-3.66494	6	56677303	G	C	0.0002473965750334922	3.606606317052699
6:26128390:A:G	5.73749e-05	0.0145902	-5.5385	-3.66485	6	26128390	A	G	0.00024748358702306606	3.606453597949295
6:32995159:TACACACACA:T	0.044989	0.000131011	5.83889	3.66429	6	32995159	TACACACACA	T	0.0002480256402655735	3.605503420584037
6:52541803:GT:G	0.006689	2.19243e-05	5.72063	3.66399	6	52541803	GT	G	0.000248316483810937	3.6049944500365925
6:74216065:TATA:T	0.000611799	5.86491e-06	4.64742	3.66365	6	74216065	TATA	T	0.00024864649320060274	3.6044176614845096
6:95457542:G:A	1.02924e-05	0.0121886	-7.07685	-3.6636	6	95457542	G	A	0.00024869505867439965	3.6043328436474775
6:12785853:T:C	1.03332e-06	0.000407828	-5.97807	-3.66351	6	12785853	T	C	0.00024878249894878514	3.604180174131151
6:67181717:A:T	9.77118e-05	0.0258456	-5.57787	-3.66284	6	67181717	A	T	0.0002494343501590015	3.603043739080177
6:27217599:A:G	5.52317e-06	0.000869001	-5.05839	-3.66279	6	27217599	A	G	0.0002494830599506757	3.602958937895142
6:158108237:C:T	0.000103942	9.97559e-07	4.64627	3.66279	6	158108237	C	T	0.0002494830599506757	3.602958937895142
6:83901708:G:GTTT	6.01993e-06	0.00711965	-7.07554	-3.66268	6	83901708	G	GTTT	0.0002495902528981814	3.60277237890624
6:18984068:G:A	0.00068752	1.84561e-05	3.6177	3.66255	6	18984068	G	A	0.00024971699116471034	3.6025519065151976
6:96112329:T:C	4.35382e-06	0.00342565	-6.66799	-3.66247	6	96112329	T	C	0.0002497950139430667	3.6024162346513307
6:72489545:G:T	1.03091e-05	0.00312747	-5.71496	-3.66188	6	72489545	G	T	0.00025037113844005417	3.601415735919471
6:70947894:A:G	8.41186e-06	0.00259051	-5.72997	-3.6618	6	70947894	A	G	0.0002504493528946238	3.6012800860932814
6:67233292:TTTA:T	0.0474999	4.91774e-05	6.87305	3.66168	6	67233292	TTTA	T	0.0002505667175455675	3.6010766162877608
6:32642523:C:T	8.30366e-06	0.00980481	-7.07393	-3.66156	6	32642523	C	T	0.0002506841337780573	3.6008731524027446
6:75230207:TATATATA:T	0.00251441	7.54182e-05	3.50675	3.66136	6	75230207	TATATATA	T	0.0002508799421815169	3.6005340590843478
6:24771241:C:T	3.11757e-05	0.0174669	-6.32842	-3.66101	6	24771241	C	T	0.00025122295209259584	3.599940685349632
6:46129832:G:A	5.4444e-05	0.0214097	-5.97443	-3.66069	6	46129832	G	A	0.00025153694600981135	3.59939821629495
6:103952813:T:C	1.83925e-05	0.0144275	-6.66494	-3.66028	6	103952813	T	C	0.00025193978862606	3.598703239345227
6:32970520:A:AG	3.70241e-05	0.0605537	-7.39972	-3.66028	6	32970520	A	AG	0.00025193978862606	3.598703239345227
6:28871043:T:C	5.86316e-06	0.0012952	-5.39773	-3.66011	6	28871043	T	C	0.0002521069983170273	3.598415098439848
6:32484129:T:C	0.00211978	7.93635e-06	5.58761	3.65984	6	32484129	T	C	0.00025237278058248504	3.597957487305434
6:32643199:A:C	7.88343e-06	0.00927258	-7.07005	-3.65884	6	32643199	A	C	0.0002533594500563716	3.5962628923174766
6:141939961:T:G	2.9643e-05	0.023202	-6.66277	-3.65872	6	141939961	T	G	0.000253478093192605	3.5960595685463423
6:3699469:T:C	0.000153085	0.0322792	-5.35119	-3.65864	6	3699469	T	C	0.000253557217560608	3.5959240226545357
6:65685488:T:C	0.000526283	6.78589e-06	4.35099	3.65785	6	65685488	T	C	0.0002543398154037763	3.5945856482527843
6:120413050:A:T	1.18585e-06	0.000414599	-5.85685	-3.6575	6	120413050	A	T	0.0002546872595567382	3.5939927795852538
6:132235355:G:A	0.00576782	0.000155869	3.61104	3.65741	6	132235355	G	A	0.00025477667425353193	3.5938403357821103
6:90055603:G:A	0.00365382	0.000112099	3.48415	3.65586	6	90055603	G	A	0.00025632122074471006	3.5912154372382217
6:105346458:A:G	0.000310737	0.0403052	-4.86529	-3.65537	6	105346458	A	G	0.0002568113204874566	3.5903858360670746
6:159277086:T:C	0.0023292	5.43945e-05	3.75702	3.65514	6	159277086	T	C	0.0002570416702141727	3.5899964654738037
6:48398241:T:C	4.74973e-05	0.0263963	-6.32031	-3.65498	6	48398241	T	C	0.0002572020277550992	3.5897256117999974
6:29793434:G:C	9.9832e-07	0.000144926	-4.9779	-3.6547	6	29793434	G	C	0.0002574828791981378	3.589251643193556
6:78696509:T:C	1.0301e-05	0.0120399	-7.06373	-3.6544	6	78696509	T	C	0.00025778411055473604	3.5887438554506876
6:29813875:T:C	9.27176e-05	1.39477e-06	4.19683	3.65434	6	29813875	T	C	0.00025784439646657725	3.588642302341765
6:31347648:T:C	1.70841e-05	0.0132891	-6.65655	-3.65427	6	31347648	T	C	0.00025791474673889103	3.588523825585092
6:81141038:T:C	5.28169e-06	0.00705429	-7.19714	-3.65336	6	81141038	T	C	0.00025883093963234154	3.58698381104635
6:94729934:A:ATT	0.00673956	0.000199571	3.51958	3.65333	6	94729934	A	ATT	0.00025886119569140236	3.5869330471323844
6:6197949:C:CAG	0.0340942	0.000222465	5.03211	3.65332	6	6197949	C	CAG	0.00025887128178134927	3.5869161259099416
6:66636157:GAGA:G	0.0186152	6.19407e-05	5.70556	3.65308	6	66636157	GAGA	G	0.0002591134585138743	3.58651002890336
6:15085682:G:C	0.000301738	0.0629984	-5.34131	-3.65248	6	15085682	G	C	0.0002597198300550788	3.585494889975185
6:32264581:T:C	0.0511451	9.17382e-05	6.32348	3.65219	6	32264581	T	C	0.000260013386347078	3.585004292540666
6:94729931:A:AT	0.00672851	0.000199571	3.51794	3.65211	6	94729931	A	AT	0.0002600944221244459	3.584868961401009
6:144892925:A:C	0.0142725	0.000470545	3.4122	3.65186	6	144892925	A	C	0.00026034781158026715	3.584446068545648
6:52542258:T:C	2.01176e-05	0.00884803	-6.08635	-3.65146	6	52542258	T	C	0.0002607537161888948	3.5837694934140676
6:67618081:C:T	0.0043279	4.54825e-06	6.8581	3.65143	6	67618081	C	T	0.00026078418294161966	3.5837187529304826
6:22472330:C:T	2.3799e-05	0.0184216	-6.65164	-3.65074	6	22472330	C	T	0.0002614858401165356	3.5825518239124023
6:32612128:C:T	2.38517e-06	0.00184617	-6.6516	-3.65071	6	32612128	C	T	0.0002615163870650494	3.5825010923074334
6:72505366:C:G	1.26745e-05	0.0147294	-7.058	-3.65038	6	72505366	C	G	0.0002618526243911179	3.581943069068704
6:32334951:T:G	0.00354774	1.43271e-05	5.51192	3.64987	6	32334951	T	G	0.0002623730612269371	3.581080757562678
6:32400917:C:CAAAAAA	6.37656e-06	0.00492749	-6.64996	-3.64954	6	32400917	C	CAAAAAA	0.0002627103310740437	3.58052284826369
6:31163826:G:GT	0.00198763	6.64749e-06	5.70046	3.64939	6	31163826	G	GT	0.0002628637698814713	3.58026926792498
6:49662567:G:T	1.42896e-05	0.00788037	-6.3126	-3.64926	6	49662567	G	T	0.00026299681813988883	3.5800495057788644
6:15087667:G:C	0.000298387	0.0620343	-5.33705	-3.6491	6	15087667	G	C	0.0002631606565140572	3.5797790388272284
6:104464869:CAA:C	0.00648078	0.000119936	3.98964	3.6491	6	104464869	CAA	C	0.0002631606565140572	3.5797790388272284
6:94057438:A:G	1.51604e-05	0.00628311	-6.02694	-3.64909	6	94057438	A	G	0.00026317089958897803	3.5797621349921274
6:23783713:T:TTTG	2.37424e-06	0.000820818	-5.84562	-3.64883	6	23783713	T	TTTG	0.00026343735077268465	3.579322649706525
6:73056401:TA:T	1.98467e-05	0.00293327	-4.99583	-3.64781	6	73056401	TA	T	0.00026448510356835725	3.57759878344069
6:65089945:CA:C	0.0117784	2.0121e-05	6.37226	3.64772	6	65089945	CA	C	0.0002645777396626802	3.577446698124114
6:165123692:A:G	0.00326628	3.19916e-05	4.62593	3.64743	6	165123692	A	G	0.0002648764407012323	3.5769566680842875
6:114702470:T:A	3.66683e-05	0.00760033	-5.33403	-3.6467	6	114702470	T	A	0.00026562974342944195	3.5757232972104567
6:67244260:TG:T	0.00336799	5.76317e-06	6.37058	3.64656	6	67244260	TG	T	0.000265774441772188	3.5754867853609147
6:31155605:C:CAAAAAAAAA	3.78696e-06	0.00156412	-6.02352	-3.64648	6	31155605	C	CAAAAAAAAA	0.0002658571597123477	3.5753516393494458
6:28869040:T:C	4.85203e-06	0.0010532	-5.38019	-3.64609	6	28869040	T	C	0.00026626075539558266	3.5746928402119473
6:30181474:T:A	3.59427e-06	0.00108442	-5.70946	-3.64586	6	30181474	T	A	0.0002664990425343883	3.5743043469480233
6:18683760:C:T	2.99355e-05	0.0074342	-5.5148	-3.64548	6	18683760	C	T	0.00026689317236666275	3.5736625361465886
6:3218014:C:G	0.000357851	0.0293393	-4.40657	-3.64544	6	3218014	C	G	0.00026693469148796875	3.5735949805672194
6:73676180:C:T	4.39838e-05	0.0703762	-7.37779	-3.64525	6	73676180	C	T	0.00026713199001206006	3.5732741005454294
6:8026692:C:T	5.71073e-06	0.00235456	-6.02176	-3.64514	6	8026692	C	T	0.00026724627794644685	3.573088334682612
6:32440820:G:A	2.23469e-06	0.000768722	-5.84063	-3.64497	6	32440820	G	A	0.0002674229949144102	3.572801251767115
6:70070803:G:A	5.36716e-05	0.0221202	-6.02136	-3.64483	6	70070803	G	A	0.0002675686087788424	3.5725648394610654
6:98479440:A:G	0.000503868	0.0594722	-4.77095	-3.64477	6	98479440	A	G	0.0002676310374704064	3.5724635223672605
6:69487242:C:T	6.60272e-07	0.000317885	-6.17679	-3.64471	6	69487242	C	T	0.00026769347981575646	3.572362206753012
6:73047368:T:C	0.00336208	0.000111828	3.40336	3.64463	6	73047368	T	C	0.0002677767575202189	3.572227121568875
6:69487205:T:A	6.60272e-07	0.000317819	-6.17658	-3.64456	6	69487205	T	A	0.0002678496454325696	3.5721089241904327
6:18446145:G:A	6.41911e-06	0.00845513	-7.18325	-3.64445	6	18446145	G	A	0.000267964221156733	3.57192318952164
6:73265528:CA:C	0.00557607	0.000100591	4.01518	3.6443	6	73265528	CA	C	0.00026812053482173416	3.571669922987485
6:32334762:A:G	0.00354774	1.44545e-05	5.50306	3.64364	6	32334762	A	G	0.00026880933093047184	3.570555660092613
6:28712042:C:CAA	5.90509e-06	0.0012198	-5.33063	-3.64283	6	28712042	C	CAA	0.00026965693860172326	3.56918840030565
6:84661518:A:G	4.34528e-06	0.00237524	-6.30376	-3.6427	6	84661518	A	G	0.00026979320747764476	3.5689689886600817
6:130262205:G:A	0.000996412	1.93569e-05	3.94111	3.64216	6	130262205	G	A	0.00027035993864661504	3.5680576607839503
6:32970995:G:GT	3.80221e-05	0.0605537	-7.37312	-3.64205	6	32970995	G	GT	0.00027047552060593336	3.5678720346122748
6:8623546:G:A	3.03534e-07	6.25541e-05	-5.32829	-3.64185	6	8623546	G	A	0.00027068578829148255	3.567534545221771
6:2003753:G:C	2.64399e-05	0.0101429	-5.94965	-3.64156	6	2003753	G	C	0.0002709909485995567	3.5670452148042466
6:94057945:A:G	1.53131e-05	0.00628311	-6.01691	-3.64143	6	94057945	A	G	0.0002711278492478645	3.5668258710086467
6:94808445:G:A	1.23203e-05	3.65562e-07	3.51756	3.64135	6	94808445	G	A	0.00027121212801816904	3.566690893663388
6:64524278:C:T	0.000219562	0.0257972	-4.76639	-3.64125	6	64524278	C	T	0.00027131751101181	3.566522175680414
6:43664177:G:A	0.00212384	5.865e-05	3.58939	3.64069	6	43664177	G	A	0.00027190836539692925	3.5655774309198978
6:49677898:T:C	0.00138507	1.31944e-05	4.65371	3.64053	6	49677898	T	C	0.0002720774023196322	3.565307527516216
6:32365219:C:G	1.98645e-05	0.00594722	-5.70175	-3.63985	6	32365219	C	G	0.0002727969086628912	3.5641605554167866
6:97289546:T:C	0.0036458	8.41487e-05	3.76874	3.63972	6	97289546	T	C	0.000272934664243845	3.5639413029751084
6:8507289:G:T	1.97264e-06	0.00107393	-6.29971	-3.63968	6	8507289	G	T	0.0002729770636915482	3.5638738420825575
6:153634663:G:A	6.2045e-05	0.00906291	-4.98409	-3.63963	6	153634663	G	A	0.00027303007168242866	3.563789516891486
6:121555486:C:CA	0.00895694	2.05586e-05	6.07691	3.63898	6	121555486	C	CA	0.0002737200540639715	3.5626933828957976
6:29804684:G:T	6.10926e-05	1.80355e-06	3.52264	3.63895	6	29804684	G	T	0.00027375193882461476	3.562642796287534
6:69695945:A:G	5.31287e-06	0.00496692	-6.84042	-3.63883	6	69695945	A	G	0.00027387951268071373	3.5624404535528758
6:94726284:A:C	0.00774728	0.000234026	3.49966	3.63853	6	94726284	A	C	0.00027419869113867046	3.561934622604893
6:132155484:T:C	0.00549152	0.000172714	3.45932	3.63741	6	132155484	T	C	0.00027539337355619284	3.5600465138343695
6:49660722:A:T	1.45262e-05	0.00787812	-6.29589	-3.63685	6	49660722	A	T	0.0002759925424700255	3.5591026527459166
6:49660824:G:T	1.45262e-05	0.00787812	-6.29589	-3.63685	6	49660824	G	T	0.0002759925424700255	3.5591026527459166
6:98481450:C:T	0.000513678	0.0599558	-4.75977	-3.63615	6	98481450	C	T	0.0002767432216619437	3.557923007597805
6:5205810:T:C	4.74565e-06	0.00540369	-7.03761	-3.63608	6	5205810	T	C	0.0002768183947296254	3.5578050541569746
6:11056133:CA:C	0.00789958	1.44926e-05	6.30093	3.6358	6	11056133	CA	C	0.00027711927840443426	3.5573332605280057
6:109286285:G:A	0.00446237	4.43856e-05	4.61052	3.6358	6	109286285	G	A	0.00027711927840443426	3.5573332605280057
6:47979087:T:C	3.70428e-05	0.0125887	-5.82848	-3.63559	6	47979087	T	C	0.00027734514226095846	3.5569794364472545
6:147835247:C:A	0.0452084	0.000625317	4.28078	3.63498	6	147835247	C	A	0.0002780022017476401	3.5559517645025567
6:22477160:C:T	8.74955e-06	0.00355921	-6.00829	-3.63484	6	22477160	C	T	0.0002781532079641447	3.555715926939791
6:31010038:C:T	3.87608e-06	0.00209602	-6.29297	-3.63468	6	31010038	C	T	0.0002783258806176493	3.555446408158086
6:50228014:C:A	1.54566e-05	0.0243436	-7.36198	-3.63442	6	50228014	C	A	0.00027860668793773535	3.5550084625725296
6:109281983:TC:T	0.0087999	2.26129e-05	5.96397	3.63421	6	109281983	TC	T	0.0002788336876431789	3.5546547575693195
6:81006124:C:T	5.34874e-06	0.00692912	-7.16663	-3.63378	6	81006124	C	T	0.00027929903745164877	3.553930561005611
6:84668909:GAGA:G	0.000524082	1.2125e-06	6.06897	3.63342	6	84668909	GAGA	G	0.0002796891922361345	3.5533243153334975
6:95460448:T:G	6.34093e-06	0.00587887	-6.83209	-3.63299	6	95460448	T	G	0.0002801558797707674	3.5526002583465015
6:116315330:G:GAT	1.11204e-05	0.0103072	-6.83182	-3.63279	6	116315330	G	GAT	0.0002803731922767208	3.552263513540143
6:74218354:T:C	0.000414922	5.20635e-06	4.37821	3.6326	6	74218354	T	C	0.0002805797854546215	3.5519436211970072
6:153624432:T:C	3.09891e-05	0.0350978	-7.03226	-3.63233	6	153624432	T	C	0.00028087361062570035	3.5514890628561577
6:40477495:G:A	0.000323285	0.0290839	-4.49941	-3.6323	6	40477495	G	A	0.0002809062756587102	3.5514385582227606
6:147827422:GA:G	0.13528	0.000105594	7.15551	3.63219	6	147827422	GA	G	0.0002810260779040924	3.5512533777306694
6:71866041:G:A	8.40161e-06	0.00466577	-6.31959	-3.63195	6	71866041	G	A	0.0002812876308247524	3.5508493648225827
6:74310212:A:AG	0.00175636	5.93348e-05	3.3878	3.63192	6	74310212	A	AG	0.000281320340973413	3.5507988648730846
6:31163088:G:A	4.64761e-06	0.0043023	-6.83055	-3.6319	6	31163088	G	A	0.00028134214971928283	3.5507651984455197
6:72510080:T:G	1.8912e-05	0.0296674	-7.35801	-3.6317	6	72510080	T	G	0.0002815603243266019	3.5504285432089073
6:31163499:A:T	4.64969e-06	0.0043023	-6.83011	-3.63159	6	31163499	A	T	0.00028168038792574684	3.550243389834012
6:31163432:A:G	4.64969e-06	0.0043023	-6.83011	-3.63159	6	31163432	A	G	0.00028168038792574684	3.550243389834012
6:66512761:G:A	1.19658e-05	0.0135376	-7.03117	-3.63157	6	66512761	G	A	0.0002817022228245412	3.5502097261181538
6:30854225:GAC:G	0.0489678	3.82747e-05	7.15413	3.63127	6	30854225	GAC	G	0.0002820299366809044	3.5497047901016625
6:68243861:G:T	8.32657e-06	0.013053	-7.35732	-3.63123	6	68243861	G	T	0.00028207365884233045	3.549637468093319
6:68243862:A:G	8.32657e-06	0.013053	-7.35732	-3.63123	6	68243862	A	G	0.00028207365884233045	3.549637468093319
6:31164060:A:T	4.65249e-06	0.0043023	-6.8295	-3.63117	6	31164060	A	T	0.0002821392539929928	3.5495364863133823
6:96110815:C:CTATTTTTTA	2.5588e-06	0.00075726	-5.69017	-3.63085	6	96110815	C	CTATTTTTTA	0.00028248933625601297	3.5489979418005815
6:40477377:A:G	0.000323988	0.0290839	-4.49723	-3.63081	6	40477377	A	G	0.0002825331251462137	3.548930626694652
6:88689875:C:A	0.000658998	2.22955e-05	3.38633	3.63072	6	88689875	C	A	0.00028263167340431477	3.548779170109819
6:76164483:G:A	3.14823e-06	0.00493155	-7.35657	-3.63071	6	76164483	G	A	0.0002826426251987021	3.5487623418058196
6:9808747:G:A	2.25996e-05	0.0170113	-6.6237	-3.63071	6	9808747	G	A	0.0002826426251987021	3.5487623418058196
6:69704665:GGTCT:G	1.50889e-06	0.000227488	-5.01573	-3.63058	6	69704665	GGTCT	G	0.0002827850347153814	3.548543577592617
6:84203586:A:G	3.86358e-05	0.00580853	-5.0129	-3.63037	6	84203586	A	G	0.00028301522288808604	3.5481902039156803
6:89827367:A:G	8.31123e-07	0.000460532	-6.31736	-3.6303	6	89827367	A	G	0.00028309199128559963	3.5480724167163853
6:47984456:C:T	2.94473e-05	0.0460539	-7.35497	-3.62961	6	47984456	C	T	0.00028384975310547883	3.5469114791908134
6:32612677:T:G	2.42167e-06	0.0018188	-6.62148	-3.62912	6	32612677	T	G	0.0002843890273735339	3.5460871640711606
6:32612863:T:A	2.42167e-06	0.0018188	-6.62148	-3.62912	6	32612863	T	A	0.0002843890273735339	3.5460871640711606
6:62799851:T:G	1.83127e-06	0.00168797	-6.82627	-3.6289	6	62799851	T	G	0.0002846314626339024	3.545717095491851
6:23783890:G:C	2.37424e-06	0.000799773	-5.81965	-3.62876	6	23783890	G	C	0.00028478584042302855	3.545481607658135
6:23783910:A:T	2.37424e-06	0.000799773	-5.81965	-3.62876	6	23783910	A	T	0.00028478584042302855	3.545481607658135
6:73054228:G:A	2.9976e-05	0.00419926	-4.94227	-3.62868	6	73054228	G	A	0.00028487409152168054	3.5453470467970885
6:135779380:T:C	2.12146e-05	0.00362125	-5.13989	-3.62825	6	135779380	T	C	0.00028534888033452966	3.5446238272169657
6:65685398:A:T	7.10836e-06	0.00179871	-5.53356	-3.62821	6	65685398	A	T	0.0002853930844066742	3.544556554838783
6:65685811:G:A	7.10836e-06	0.00179871	-5.53356	-3.62821	6	65685811	G	A	0.0002853930844066742	3.544556554838783
6:108032669:T:C	0.00926495	0.000290287	3.46312	3.62767	6	108032669	T	C	0.00028599046767139355	3.5436484420692262
6:2000237:G:A	2.56787e-05	0.0400447	-7.35209	-3.62764	6	2000237	G	A	0.0002860236899571662	3.5435979948723832
6:52205539:A:G	1.75136e-05	0.00244984	-4.9408	-3.62761	6	52205539	A	G	0.0002860569158586914	3.5435475480452814
6:44773977:G:A	1.28445e-05	0.00324624	-5.53234	-3.62726	6	44773977	G	A	0.0002864448186627601	3.542959029048942
6:75851633:TA:T	0.00567781	9.99547e-06	6.34219	3.62687	6	75851633	TA	T	0.00028687763370622063	3.542303310020352
6:109286166:G:C	0.00446237	4.49162e-05	4.59864	3.62683	6	109286166	G	C	0.0002869220596189847	3.5422360603196985
6:40481551:G:A	0.000168663	0.0198466	-4.76788	-3.6268	6	40481551	G	A	0.00028695538328335474	3.5421856234755675
6:129981537:T:C	0.00010326	0.0346955	-5.81711	-3.6268	6	129981537	T	C	0.00028695538328335474	3.5421856234755675
6:68246180:GTAT:G	0.00670101	1.24472e-05	6.28852	3.62679	6	68246180	GTAT	G	0.0002869664919772253	3.5421688112763547
6:55839510:C:T	7.91955e-05	0.0141487	-5.18546	-3.62654	6	55839510	C	T	0.00028724434030040827	3.5417485196475695
6:32443585:A:C	3.58416e-06	0.00197598	-6.31229	-3.62653	6	32443585	A	C	0.000287255459473972	3.5417317085164792
6:49975619:A:C	3.88151e-06	0.00497016	-7.15498	-3.62632	6	49975619	A	C	0.0002874890552897928	3.541378684253396
6:73331238:CA:C	5.00012e-06	0.00640164	-7.15485	-3.62623	6	73331238	CA	C	0.00028758922225171637	3.541227393686629
6:84668278:TAAA:T	0.000519926	1.21535e-06	6.05866	3.6262	6	84668278	TAAA	T	0.00028762261850429223	3.5411769642371684
6:159282180:G:A	3.90476e-05	0.00696726	-5.1842	-3.62557	6	159282180	G	A	0.000288324779650013	3.540118031205954
6:31281355:A:T	1.07669e-05	0.0137697	-7.15375	-3.62553	6	31281355	A	T	0.00028836941548359676	3.5400508028675284
6:89827219:G:A	8.36508e-07	0.000460532	-6.3109	-3.6255	6	89827219	G	A	0.0002884028966070437	3.5400003820450565
6:31022280:C:G	2.75905e-05	0.0151849	-6.31058	-3.62526	6	31022280	C	G	0.0002886708767291795	3.539597028775348
6:13669184:T:C	0.000641324	4.16452e-06	5.03694	3.62525	6	13669184	T	C	0.00028868204762838747	3.5395802229026145
6:88941203:C:A	3.2301e-05	0.00401298	-4.82219	-3.62503	6	88941203	C	A	0.00028892790989501417	3.5392105040957897
6:24077506:T:TACACACACA	8.05614e-06	0.00302197	-5.92723	-3.62425	6	24077506	T	TACACACACA	0.0002898011849622188	3.537899843083268
6:92581899:C:A	1.06772e-05	0.0165662	-7.34701	-3.62416	6	92581899	C	A	0.00028990210642920055	3.5377486290490907
6:31192521:G:A	2.80142e-06	0.00105053	-5.92692	-3.62401	6	31192521	G	A	0.00029007038204210923	3.5374966130530616
6:31192441:C:T	2.80142e-06	0.00105053	-5.92692	-3.62401	6	31192441	C	T	0.00029007038204210923	3.5374966130530616
6:164255463:A:G	5.27613e-05	0.0393118	-6.6135	-3.62339	6	164255463	A	G	0.0002907668924621465	3.5364550449916514
6:55653899:T:TA	1.72869e-06	0.00220341	-7.1504	-3.62338	6	55653899	T	TA	0.00029077813932902586	3.53643824680077
6:32613679:A:G	2.44274e-06	0.0018188	-6.61281	-3.6229	6	32613679	A	G	0.0002913184684390181	3.5356319819466275
6:32613723:A:G	2.44274e-06	0.0018188	-6.61281	-3.6229	6	32613723	A	G	0.0002913184684390181	3.5356319819466275
6:32613398:T:C	2.44274e-06	0.0018188	-6.61281	-3.6229	6	32613398	T	C	0.0002913184684390181	3.5356319819466275
6:32613448:A:C	2.44274e-06	0.0018188	-6.61281	-3.6229	6	32613448	A	C	0.0002913184684390181	3.5356319819466275
6:48062133:G:A	3.31752e-06	0.00176489	-6.27663	-3.62254	6	48062133	G	A	0.0002917243323561989	3.5350273454161156
6:38212805:C:CG	5.5701e-06	0.00296199	-6.2762	-3.62223	6	38212805	C	CG	0.0002920742506665482	3.5345067288407437
6:99570780:G:T	1.41151e-05	0.0104966	-6.61157	-3.62201	6	99570780	G	T	0.00029232281826883395	3.534137282961218
6:32613935:A:G	2.44604e-06	0.0018188	-6.61147	-3.62194	6	32613935	A	G	0.0002924019495073019	3.5340197361688928
6:32613983:G:GTGACTCATA	2.44604e-06	0.0018188	-6.61147	-3.62194	6	32613983	G	GTGACTCATA	0.0002924019495073019	3.5340197361688928
6:32613985:G:A	2.44604e-06	0.0018188	-6.61147	-3.62194	6	32613985	G	A	0.0002924019495073019	3.5340197361688928
6:44775779:T:C	1.17866e-05	0.00339168	-5.66211	-3.62191	6	44775779	T	C	0.0002924358690373337	3.53396935958834
6:31022260:C:T	3.43094e-05	0.0182342	-6.27563	-3.6218	6	31022260	C	T	0.0002925602721843731	3.5337846486225812
6:32723234:G:A	1.45772e-05	0.00679638	-6.14468	-3.62168	6	32723234	G	A	0.0002926960412455237	3.5335831514194735
6:32723248:A:G	1.45772e-05	0.00679638	-6.14468	-3.62168	6	32723248	A	G	0.0002926960412455237	3.5335831514194735
6:32723201:A:T	1.45772e-05	0.00679638	-6.14468	-3.62168	6	32723201	A	T	0.0002926960412455237	3.5335831514194735
6:32723179:T:C	1.45772e-05	0.00679638	-6.14468	-3.62168	6	32723179	T	C	0.0002926960412455237	3.5335831514194735
6:32723204:T:A	1.45772e-05	0.00679638	-6.14468	-3.62168	6	32723204	T	A	0.0002926960412455237	3.5335831514194735
6:29419025:A:C	2.56618e-05	0.0102459	-5.98964	-3.62057	6	29419025	A	C	0.00029395470598776827	3.5317195827000742
6:65686340:T:A	7.13125e-06	0.00178673	-5.52366	-3.62048	6	65686340	T	A	0.0002940569817751989	3.5315685047147696
6:32451229:C:A	1.16005e-05	0.0129106	-7.01476	-3.62005	6	32451229	C	A	0.0002945460929882566	3.530846733596446
6:120408879:A:G	1.01084e-06	0.000336615	-5.80816	-3.61989	6	120408879	A	G	0.00029472828230603924	3.530578186986537
6:63224727:G:A	5.69738e-06	0.00878402	-7.34068	-3.61983	6	63224727	G	A	0.0002947966305096475	3.5304774847187863
6:73041004:G:A	0.00509087	0.00017455	3.373	3.61982	6	73041004	G	A	0.0002948080233202101	3.5304607011512577
6:34421171:A:AT	3.8915e-05	0.0164169	-6.04469	-3.61955	6	34421171	A	AT	0.00029511578514032047	3.53000756035435
6:32700996:C:CT	1.16697e-05	0.012976	-7.01386	-3.61942	6	32700996	C	CT	0.00029526407406325173	3.529789392131614
6:25729741:A:AT	3.15839e-06	0.00350862	-7.01291	-3.61876	6	25729741	A	AT	0.000296018002737377	3.5286818759283887
6:144902490:G:A	0.0105108	0.000278654	3.63019	3.61858	6	144902490	G	A	0.0002962239323675043	3.5283798571069314
6:7958232:T:C	0.000139322	0.0399143	-5.6577	-3.61858	6	7958232	T	C	0.0002962239323675043	3.5283798571069314
6:31281419:A:C	1.08888e-05	0.0137697	-7.14249	-3.6183	6	31281419	A	C	0.0002965445340705473	3.527910076502934
6:20576652:G:A	6.43723e-05	1.05454e-06	4.11157	3.61773	6	20576652	G	A	0.0002971981920063736	3.526953836916993
6:44104668:A:G	2.25549e-05	0.00644593	-5.65525	-3.61672	6	44104668	A	G	0.00029835974328457554	3.525259775196674
6:99647050:G:A	4.78905e-06	0.00603857	-7.13959	-3.61644	6	99647050	G	A	0.00029868250945186376	3.5247902085004754
6:49667286:A:G	1.33262e-05	0.00559881	-6.04058	-3.6164	6	49667286	A	G	0.0002987286455910444	3.524723130172483
6:8023651:T:A	3.61427e-06	0.00266543	-6.60323	-3.61603	6	8023651	T	A	0.00029915572140074443	3.5241026867914784
6:31729781:G:A	3.95342e-06	0.000562194	-4.95726	-3.61576	6	31729781	G	A	0.00029946773213644087	3.523649966296558
6:31729610:C:G	3.95342e-06	0.000562194	-4.95726	-3.61576	6	31729610	C	G	0.00029946773213644087	3.523649966296558
6:9809491:T:C	2.37823e-05	0.0175197	-6.60214	-3.61525	6	9809491	T	C	0.0003000579174511864	3.522794909274503
6:89725740:C:CT	8.83355e-05	3.51358e-07	5.52709	3.61523	6	89725740	C	CT	0.0003000810841550915	3.5227613798033373
6:132155909:A:G	0.00532987	0.000172714	3.42944	3.6152	6	132155909	A	G	0.00030011583735183224	3.522711085904622
6:26127043:A:G	6.09114e-05	0.0145739	-5.47757	-3.61504	6	26127043	A	G	0.0003003012514045933	3.5224428580208755
6:35300756:G:A	9.13573e-06	0.00128793	-4.9486	-3.61492	6	35300756	G	A	0.0003004403823407059	3.5222416940079224
6:16169295:CT:C	0.000178782	0.0229002	-4.85273	-3.61475	6	16169295	CT	C	0.0003006375878420985	3.521956721780101
6:149954393:A:G	0.000116112	0.014008	-4.79283	-3.61458	6	149954393	A	G	0.00030083491456499187	3.521671761421593
6:80438066:C:T	1.67324e-05	0.00476524	-5.65176	-3.61408	6	80438066	C	T	0.00030141599051776376	3.520833711512381
6:29420875:G:A	2.59391e-05	0.0102464	-5.97893	-3.61238	6	29420875	G	A	0.0003033995205712916	3.5179851098162858
6:29814212:T:C	9.53435e-05	1.53138e-06	4.13132	3.61232	6	29814212	T	C	0.00030346975033664986	3.5178845926170843
6:29814213:G:A	9.53435e-05	1.53138e-06	4.13132	3.61232	6	29814213	G	A	0.00030346975033664986	3.5178845926170843
6:116315744:G:A	2.31263e-05	0.00966211	-6.035	-3.61213	6	116315744	G	A	0.0003036922450389216	3.5175662979065767
6:3702775:T:TGTG	0.040399	0.000391142	4.63749	3.61187	6	3702775	T	TGTG	0.0003039969590265852	3.517130760748415
6:31021115:C:T	6.89334e-06	0.00372362	-6.2919	-3.61137	6	31021115	C	T	0.00030458375233226065	3.516293267318571
6:31021129:G:A	6.89334e-06	0.00372362	-6.2919	-3.61137	6	31021129	G	A	0.00030458375233226065	3.516293267318571
6:147877848:T:TACACACACA	0.000105273	0.0346686	-5.79703	-3.61129	6	147877848	T	TACACACACA	0.0003046777376315751	3.5161592778973834
6:65687618:A:C	7.21682e-06	0.00178673	-5.51173	-3.61116	6	65687618	A	C	0.00030483052166606714	3.5159415506935914
6:13667537:A:G	0.000641335	4.24719e-06	5.01729	3.61087	6	13667537	A	G	0.0003051716061589798	3.5154558765563526
6:19495444:T:C	0.00258119	6.18489e-05	3.73131	3.61047	6	19495444	T	C	0.0003056426539844982	3.5147860378664646
6:29422582:A:G	2.60753e-05	0.0102736	-5.97634	-3.6104	6	29422582	A	G	0.0003057251573202796	3.5146688228511387
6:33041645:A:G	0.000117216	0.0857536	-6.59522	-3.61028	6	33041645	A	G	0.0003058666401292798	3.514467887506403
6:27218393:T:G	5.64376e-06	0.000827955	-4.98841	-3.60996	6	27218393	T	G	0.00030624422741645714	3.513932088830862
6:90576421:TCACACACAC:T	0.0179117	1.44602e-05	7.12181	3.60972	6	90576421	TCACACACAC	T	0.00030652770426752577	3.5135302674203723
6:119800181:G:A	6.13396e-06	0.0076488	-7.12846	-3.60931	6	119800181	G	A	0.00030701254570414323	3.5128438772304498
6:159281443:G:A	3.88984e-05	0.00679207	-5.16256	-3.60898	6	159281443	G	A	0.00030740330541461665	3.5122914669741707
6:72508114:T:TA	1.44902e-05	0.0129817	-6.79782	-3.60892	6	72508114	T	TA	0.0003074744026490445	3.5121910335503426
6:32444194:TGAGTCTAGG:T	0.00177523	4.25342e-06	6.03396	3.60891	6	32444194	TGAGTCTAGG	T	0.0003074862536849357	3.512174294790098
6:3279161:G:A	0.000164287	0.0223988	-4.91515	-3.60888	6	3279161	G	A	0.00030752180935887305	3.5121240787557517
6:82851541:T:G	5.3379e-05	0.0105442	-5.28591	-3.60849	6	82851541	T	G	0.0003079843835822442	3.5114713039411143
6:152798457:TA:T	0.0807404	0.000145969	6.3156	3.60843	6	152798457	TA	T	0.0003080556066466736	3.5113708825902465
6:35299938:C:T	8.80779e-06	0.00122969	-4.93888	-3.60815	6	35299938	C	T	0.00030838818490863505	3.510902269166076
6:143386274:G:GA	0.0140362	0.000441907	3.45829	3.60781	6	143386274	G	GA	0.0003087924819107552	3.5103332818609774
6:32642866:G:T	8.10956e-06	0.00886756	-6.99711	-3.60767	6	32642866	G	T	0.0003089591013499824	3.5100990067680446
6:119522293:A:C	6.37764e-06	0.00570346	-6.79603	-3.60766	6	119522293	A	C	0.00030897100595906783	3.5100822731408123
6:119522142:T:G	6.37764e-06	0.00570346	-6.79603	-3.60766	6	119522142	T	G	0.00030897100595906783	3.5100822731408123
6:28865665:A:G	3.8233e-06	0.000780246	-5.31849	-3.60758	6	28865665	A	G	0.00030906625829443715	3.5099484056012336
6:167438450:T:A	0.0020173	2.78112e-05	4.28408	3.60738	6	167438450	T	A	0.00030930450943689	3.509613748250033
6:119521706:T:G	6.3861e-06	0.00570346	-6.79471	-3.60673	6	119521706	T	G	0.0003100800138041603	3.508526225295381
6:29814188:C:G	9.56331e-05	1.54981e-06	4.12239	3.60659	6	29814188	C	G	0.00031024728362144023	3.5082920122897763
6:52481504:ATCTC:A	0.00225636	9.09159e-06	5.51416	3.60609	6	52481504	ATCTC	A	0.0003108453657313218	3.507455602969518
6:32608607:TAAG:T	8.46499e-06	0.00200216	-5.46604	-3.60562	6	32608607	TAAG	T	0.00031140854702559534	3.506669471809283
6:81005409:A:G	4.45671e-06	0.00323929	-6.5887	-3.60561	6	81005409	A	G	0.0003114205399789305	3.5066527465998654
6:119518442:T:TAA	6.95031e-06	0.00619357	-6.79248	-3.60517	6	119518442	T	TAA	0.0003119486582326405	3.5059168780362255
6:70668485:A:G	1.19904e-05	0.00243911	-5.31528	-3.60509	6	70668485	A	G	0.00031204476977396195	3.505783092292659
6:29813827:G:A	9.41149e-05	1.52924e-06	4.11975	3.6049	6	29813827	G	A	0.0003122731458077792	3.5054653616838323
6:29813830:A:G	9.41149e-05	1.52924e-06	4.11975	3.6049	6	29813830	A	G	0.0003122731458077792	3.5054653616838323
6:61596106:T:A	0.000150464	3.37752e-06	3.79658	3.60481	6	61596106	T	A	0.000312381378537688	3.505314862884899
6:84466381:T:TA	3.75509e-05	0.0272461	-6.58697	-3.60437	6	84466381	T	TA	0.00031291102207859354	3.5045791388557084
6:9551792:C:G	0.000312047	6.37335e-06	3.89103	3.60427	6	9551792	C	G	0.0003130315128044498	3.5044119399353924
6:97347502:C:CT	0.000148513	3.59145e-06	3.72211	3.60328	6	97347502	C	CT	0.0003142267168912063	3.5027568921631924
6:74218023:A:G	0.000408752	5.32657e-06	4.3404	3.60324	6	74218023	A	G	0.0003142750976441146	3.502690030004408
6:92876413:CA:C	0.00689762	1.66647e-05	6.02564	3.60309	6	92876413	CA	C	0.00031445658758373076	3.502439302759902
6:15558074:T:C	1.35e-06	0.00119919	-6.7893	-3.60293	6	15558074	T	C	0.0003146502849986063	3.5021718705484166
6:3696386:A:AAATTG	0.0309058	0.00030285	4.62546	3.6026	6	3696386	A	AAATTG	0.0003150501387315303	3.5016203248083375
6:65965366:A:C	1.63346e-05	0.00845819	-6.24961	-3.60247	6	65965366	A	C	0.00031520778743661794	3.5014030614903087
6:65314367:T:C	2.78297e-05	0.004587	-5.10488	-3.60227	6	65314367	T	C	0.0003154504681164438	3.5010688237810994
6:89725934:TACACACACA:T	0.000356607	4.02635e-07	6.78636	3.60224	6	89725934	TACACACACA	T	0.00031548688530098223	3.501018689541231
6:24645469:G:T	3.45043e-05	0.0306069	-6.7879	-3.60195	6	24645469	G	T	0.00031583912105134494	3.5005340776068414
6:17790111:T:C	0.00165264	1.15696e-05	4.96175	3.60195	6	17790111	T	C	0.00031583912105134494	3.5005340776068414
6:115846739:C:T	9.69755e-06	0.0145652	-7.31451	-3.60189	6	115846739	C	T	0.0003159120433627521	3.500433817379789
6:17698737:CA:C	6.65849e-06	0.00075498	-4.7308	-3.60171	6	17698737	CA	C	0.0003161309048766992	3.500133045567139
6:83641517:C:T	1.34725e-06	0.0016599	-7.11645	-3.6016	6	83641517	C	T	0.00031626472344688044	3.4999492471192357
6:142583402:CA:C	0.00608978	7.95388e-05	4.33812	3.60147	6	142583402	CA	C	0.0003164229410320689	3.4997320371767078
6:46561459:C:T	3.53846e-06	0.00137742	-5.96428	-3.60118	6	46561459	C	T	0.0003167761549995395	3.499247516924307
6:84154331:A:G	0.00232842	7.37641e-05	3.45208	3.60012	6	84154331	A	G	0.00031807035556862147	3.497476805626687
6:144892870:T:C	0.0142725	0.000502301	3.34689	3.59847	6	144892870	T	C	0.00032009476561273905	3.4947214276493397
6:23785816:G:T	0.000139186	3.49067e-06	3.68572	3.59817	6	23785816	G	T	0.00032046413346408604	3.4942205699213673
6:108029391:T:C	0.0301639	0.000421122	4.27148	3.59788	6	108029391	T	C	0.0003208215682544304	3.4937364425729927
6:83629576:C:T	2.33646e-06	0.000455327	-5.27238	-3.59774	6	83629576	C	T	0.0003209942565069982	3.493502738279343
6:125452109:A:T	0.0355039	0.00121042	3.37868	3.5977	6	125452109	A	T	0.00032104361198595	3.4934359671019575
6:32336254:G:A	1.23806e-05	0.00350897	-5.64695	-3.59723	6	32336254	G	A	0.00032162407118793126	3.4926514549706016
6:8508172:G:T	1.86111e-06	0.000956908	-6.24254	-3.59722	6	8508172	G	T	0.0003216364320496643	3.4926347642084115
6:46801891:C:T	1.69167e-05	0.00471087	-5.62933	-3.59711	6	46801891	C	T	0.000321772430879226	3.4924511685338517
6:159277904:C:T	2.69677e-05	0.00463623	-5.14702	-3.59707	6	159277904	C	T	0.0003218218983425659	3.4923844077019766
6:88689414:C:T	0.000652132	2.30006e-05	3.34472	3.59671	6	88689414	C	T	0.00032226742593737456	3.4917835897733847
6:68519328:T:G	1.2973e-06	0.000666353	-6.24153	-3.59648	6	68519328	T	G	0.00032255237073374344	3.4913997617290105
6:31009004:C:A	4.08089e-06	0.00209602	-6.24148	-3.59644	6	31009004	C	A	0.00032260195041587886	3.4913330112424914
6:72491726:C:T	1.11031e-05	0.00308908	-5.6284	-3.59641	6	72491726	C	T	0.00032263913985841245	3.4912829488086548
6:8687342:T:A	1.31102e-06	0.00160107	-7.10763	-3.59594	6	8687342	T	A	0.000323222298589645	3.4904986855819127
6:32723061:G:T	1.51168e-05	0.00679638	-6.10834	-3.5956	6	32723061	G	T	0.0003236447729058733	3.489931402755327
6:32722948:T:C	1.51234e-05	0.00679638	-6.10791	-3.59529	6	32722948	T	C	0.00032403042046671613	3.4894142156555565
6:32722894:C:T	1.51234e-05	0.00679638	-6.10791	-3.59529	6	32722894	C	T	0.00032403042046671613	3.4894142156555565
6:68349427:G:A	0.010326	3.33222e-05	5.7362	3.59525	6	68349427	G	A	0.00032408021275880854	3.489347484709848
6:29813822:C:A	9.39083e-05	1.54948e-06	4.1044	3.59505	6	29813822	C	A	0.00032432928165544467	3.4890138398336554
6:49261049:A:G	5.47432e-06	0.00813811	-7.30425	-3.59486	6	49261049	A	G	0.0003245660630407152	3.4886968924107924
6:32722795:A:G	1.51405e-05	0.00679638	-6.10677	-3.59448	6	32722795	A	G	0.000325040111260648	3.488063042023396
6:32722665:T:C	1.51405e-05	0.00679638	-6.10677	-3.59448	6	32722665	T	C	0.000325040111260648	3.488063042023396
6:32722667:A:G	1.51405e-05	0.00679638	-6.10677	-3.59448	6	32722667	A	G	0.000325040111260648	3.488063042023396
6:32722841:AC:A	1.51405e-05	0.00679638	-6.10677	-3.59448	6	32722841	AC	A	0.000325040111260648	3.488063042023396
6:32722788:G:T	1.51405e-05	0.00679638	-6.10677	-3.59448	6	32722788	G	T	0.000325040111260648	3.488063042023396
6:32722860:C:G	1.51405e-05	0.00679638	-6.10677	-3.59448	6	32722860	C	G	0.000325040111260648	3.488063042023396
6:32722664:T:C	1.51405e-05	0.00679638	-6.10677	-3.59448	6	32722664	T	C	0.000325040111260648	3.488063042023396
6:32722715:G:C	1.51405e-05	0.00679638	-6.10677	-3.59448	6	32722715	G	C	0.000325040111260648	3.488063042023396
6:32722695:C:T	1.51405e-05	0.00679638	-6.10677	-3.59448	6	32722695	C	T	0.000325040111260648	3.488063042023396
6:32722857:A:G	1.51405e-05	0.00679638	-6.10677	-3.59448	6	32722857	A	G	0.000325040111260648	3.488063042023396
6:33923605:T:C	9.58237e-05	0.0390987	-6.01133	-3.59401	6	33923605	T	C	0.00032562733045854355	3.4872791511747065
6:102218833:C:G	9.47422e-05	0.0189921	-5.30062	-3.59369	6	102218833	C	G	0.0003260277072417348	3.486745490144125
6:30013591:G:T	9.08994e-05	2.88307e-06	3.4509	3.59354	6	30013591	G	T	0.0003262155424163464	3.486495351006191
6:30013956:A:G	9.08757e-05	2.88307e-06	3.45064	3.59336	6	30013956	A	G	0.00032644107831499675	3.486195196232478
6:19127463:CTGTT:C	0.00420515	3.47978e-06	7.09709	3.59323	6	19127463	CTGTT	C	0.0003266040561005658	3.485978426056315
6:139696887:T:G	0.00451515	2.03556e-05	5.40184	3.59298	6	139696887	T	G	0.00032691768897265787	3.4855615798314514
6:22473942:A:G	2.10755e-05	0.0150405	-6.57039	-3.59248	6	22473942	A	G	0.0003275458004876505	3.484727964349067
6:28050911:T:A	0.0010084	2.76527e-05	3.5964	3.5923	6	28050911	T	A	0.00032777219697642236	3.4844278878973656
6:56078401:A:T	0.00970698	2.38202e-05	6.01007	3.59219	6	56078401	A	T	0.0003279106224699648	3.484244514390815
6:117916838:CT:C	0.000864838	6.13594e-06	4.94838	3.59219	6	117916838	CT	C	0.0003279106224699648	3.484244514390815
6:56077845:CAT:C	0.00970698	2.38202e-05	6.01007	3.59219	6	56077845	CAT	C	0.0003279106224699648	3.484244514390815
6:56078303:C:A	0.00970698	2.38202e-05	6.01007	3.59219	6	56078303	C	A	0.0003279106224699648	3.484244514390815
6:31347763:A:G	1.86303e-05	0.0132891	-6.56991	-3.59214	6	31347763	A	G	0.0003279735612330644	3.484161164438872
6:29938695:A:T	8.10199e-05	3.08646e-06	3.26767	3.59212	6	29938695	A	T	0.0003279987399036719	3.484127824745434
6:74316986:T:C	2.07087e-05	0.00330519	-5.07269	-3.59148	6	74316986	T	C	0.0003288054131489904	3.4830610412494307
6:88640830:T:C	5.94619e-05	0.00631492	-4.66533	-3.59144	6	88640830	T	C	0.0003288558918212428	3.4829943728634682
6:84669069:TA:T	0.000497442	1.22279e-06	6.00835	3.59098	6	84669069	TA	T	0.00032943691804341484	3.482227733629757
6:153702075:T:G	0.0113385	2.78736e-05	6.00828	3.59093	6	153702075	T	G	0.0003295001309201991	3.4821444085118265
6:65103713:A:G	2.46041e-06	0.00262626	-6.97299	-3.59075	6	65103713	A	G	0.0003297277912736619	3.4818444465840654
6:19495303:C:T	0.002586	6.35715e-05	3.7057	3.59046	6	19495303	C	T	0.0003300948870400965	3.4813612025629617
6:152081762:G:A	0.000424359	0.058407	-4.92461	-3.59041	6	152081762	G	A	0.00033015821805578273	3.4812778881172806
6:32608505:T:TA	0.00205479	8.47082e-06	5.4913	3.58992	6	32608505	T	TA	0.0003307794640147888	3.4804614608543867
6:13666060:A:G	0.00065099	4.4369e-06	4.98854	3.58982	6	13666060	A	G	0.00033090638323323205	3.480294855154347
6:68350909:C:A	0.00922487	4.05936e-05	5.42605	3.58942	6	68350909	C	A	0.0003314145159568821	3.479628473400359
6:147869714:T:C	0.000224324	0.0540109	-5.48385	-3.58938	6	147869714	T	C	0.0003314653693679515	3.479561838837007
6:32608148:G:A	0.00205479	8.47909e-06	5.49032	3.58923	6	32608148	G	A	0.00033165613469912506	3.4793119650734674
6:32608275:G:C	0.00205479	8.47909e-06	5.49032	3.58923	6	32608275	G	C	0.00033165613469912506	3.4793119650734674
6:32608153:C:T	0.00205479	8.47909e-06	5.49032	3.58923	6	32608153	C	T	0.00033165613469912506	3.4793119650734674
6:68351631:C:T	0.00922487	4.06245e-05	5.42529	3.58888	6	68351631	C	T	0.0003321016534096453	3.4787289622068007
6:32723028:A:G	1.51585e-05	0.00675056	-6.09882	-3.58877	6	32723028	A	G	0.00033224178919638114	3.478545743118913
6:29813812:G:A	9.37025e-05	1.5615e-06	4.09448	3.58869	6	29813812	G	A	0.0003323437408847588	3.4784124959926173
6:70066186:C:A	5.19745e-05	0.0210526	-6.00402	-3.58841	6	70066186	C	A	0.0003327008023780487	3.4779461517373127
6:68249332:G:A	2.92613e-05	0.0118505	-6.00386	-3.58828	6	68249332	G	A	0.0003328667029202848	3.4777296457001143
6:26191450:A:T	0.000896297	3.01177e-05	3.39316	3.58822	6	26191450	A	T	0.00033294329850689866	3.4776297221763466
6:16225408:C:CT	0.0207607	0.000207267	4.60681	3.58821	6	16225408	C	CT	0.0003329560660413296	3.4776130683993745
6:26191730:C:T	0.000895684	3.01177e-05	3.39248	3.58772	6	26191730	C	T	0.0003335822367400641	3.4767970836073365
6:26191715:G:GC	0.000895684	3.01177e-05	3.39248	3.58772	6	26191715	G	GC	0.0003335822367400641	3.4767970836073365
6:26126669:CCCAATCGGT:C	0.0070465	7.04125e-05	4.60592	3.58752	6	26126669	CCCAATCGGT	C	0.00033383813314144626	3.4764640569107597
6:18421276:TACAC:T	0.0204072	2.35465e-05	6.76466	3.58736	6	18421276	TACAC	T	0.0003340429825009715	3.476197647374184
6:56078893:TA:T	0.00970698	2.39913e-05	6.00291	3.58718	6	56078893	TA	T	0.000334273578617461	3.475897949204962
6:18689465:G:C	3.02289e-05	0.0115535	-5.94594	-3.58715	6	18689465	G	C	0.0003343120257816435	3.475848000802969
6:65382427:C:T	0.00168089	1.78452e-05	4.54534	3.5866	6	65382427	C	T	0.000335017624170489	3.4749323455641696
6:120416137:G:C	1.5069e-06	0.000361455	-5.48008	-3.58643	6	120416137	G	C	0.0003352359999755532	3.4746493499724718
6:57258238:T:G	1.06974e-05	0.0157046	-7.2917	-3.58626	6	57258238	T	G	0.00033545450896343504	3.4743663662421933
6:19514969:C:T	6.9039e-06	0.000520627	-4.32295	-3.58579	6	19514969	C	T	0.0003360593157705096	3.4735840611867235
6:56079144:G:A	0.00970698	2.40425e-05	6.00078	3.58568	6	56079144	G	A	0.0003362010135608998	3.4734009816067135
6:47056819:G:A	0.00557281	2.53951e-05	5.3911	3.5855	6	47056819	G	A	0.00033643300325975203	3.473101407551446
6:18682044:A:G	2.9252e-05	0.0111532	-5.94353	-3.58531	6	18682044	A	G	0.0003366780437612988	3.472785204919394
6:48486355:T:C	2.41533e-05	3.22259e-07	4.31682	3.58493	6	48486355	T	C	0.0003371686258112351	3.472152844103585
6:48486422:G:A	2.41533e-05	3.22259e-07	4.31682	3.58493	6	48486422	G	A	0.0003371686258112351	3.472152844103585
6:72507272:C:T	1.39172e-05	0.0147294	-6.96447	-3.58478	6	72507272	C	T	0.00033736246066863606	3.4719032443061133
6:148351651:C:CTT	3.70985e-05	0.0149548	-5.99922	-3.58472	6	148351651	C	CTT	0.0003374400238004722	3.4718034069727333
6:153626685:T:A	0.00165718	4.92076e-05	3.51682	3.58462	6	153626685	T	A	0.00033756933276476856	3.471637014700403
6:23782775:G:A	0.000821054	3.41099e-06	5.48359	3.58441	6	23782775	G	A	0.0003378410325120282	3.4712876042874137
6:23782782:G:T	0.000821054	3.41099e-06	5.48359	3.58441	6	23782782	G	T	0.0003378410325120282	3.4712876042874137
6:52475008:G:GT	1.70346e-06	0.000860591	-6.22496	-3.58416	6	52475008	G	GT	0.00033816475136276395	3.470871663108617
6:40559786:G:A	7.11385e-05	0.0142845	-5.3023	-3.58385	6	40559786	G	A	0.0003385665657871812	3.47035593167028
6:67276219:G:A	6.87295e-06	0.00726359	-6.96304	-3.58377	6	67276219	G	A	0.0003386703323207513	3.470222846088516
6:31193794:G:C	3.18359e-06	0.00113317	-5.87477	-3.58373	6	31193794	G	C	0.0003387222267449052	3.4701563042826042
6:31193375:C:T	3.18359e-06	0.00113317	-5.87477	-3.58373	6	31193375	C	T	0.0003387222267449052	3.4701563042826042
6:31193384:C:T	3.18359e-06	0.00113317	-5.87477	-3.58373	6	31193384	C	T	0.0003387222267449052	3.4701563042826042
6:24075919:C:A	6.30293e-06	0.00544099	-6.7607	-3.58285	6	24075919	C	A	0.00033986578802709254	3.4686925506827655
6:10858203:A:G	0.0122303	0.00025702	3.86252	3.5827	6	10858203	A	G	0.00034006107319331947	3.468443078931437
6:46568678:G:T	9.54027e-06	0.00110475	-4.75186	-3.58243	6	46568678	G	T	0.00034041285106557344	3.467994053048332
6:12834909:G:A	1.34908e-05	0.00257669	-5.25225	-3.58175	6	12834909	G	A	0.00034130031915791164	3.466863305602243
6:32442939:G:A	2.60084e-06	0.00053878	-5.33347	-3.58168	6	32442939	G	A	0.0003413917989411986	3.4667469159024886
6:31194096:A:AAAAT	3.19391e-06	0.00113317	-5.87153	-3.58123	6	31194096	A	AAAAT	0.00034198043120594376	3.4659987444187927
6:97290021:G:A	0.00364352	9.06611e-05	3.69358	3.58099	6	97290021	G	A	0.00034229475651383474	3.4655997536069356
6:93727053:G:GAA	3.35001e-06	0.00352393	-6.95837	-3.5805	6	93727053	G	GAA	0.000342937343412328	3.4647852207618026
6:29814154:T:A	9.46619e-05	1.59808e-06	4.08151	3.58037	6	29814154	T	A	0.00034310801496936983	3.464569136749092
6:49058933:C:T	3.10622e-06	0.00370239	-7.08333	-3.58036	6	49058933	C	T	0.0003431211468413744	3.4645525151892205
6:5209598:G:A	1.16112e-05	0.00439734	-5.93678	-3.58015	6	5209598	G	A	0.00034339702478819836	3.4642034719114605
6:32442010:T:C	2.59446e-06	0.000535962	-5.33069	-3.57959	6	32442010	T	C	0.00034413371410783276	3.4632727783126533
6:32442004:C:T	2.59446e-06	0.000535962	-5.33069	-3.57959	6	32442004	C	T	0.00034413371410783276	3.4632727783126533
6:29814139:T:C	9.45342e-05	1.59808e-06	4.08016	3.57951	6	29814139	T	C	0.00034423907604705183	3.4631398325895884
6:31395654:AAAAC:A	0.0347009	2.93308e-05	7.07588	3.57909	6	31395654	AAAAC	A	0.00034479272148570583	3.4624419106314273
6:70948252:G:C	0.00256546	1.14616e-05	5.41089	3.57875	6	70948252	G	C	0.00034524152061656866	3.4618769792074247
6:19796647:A:C	4.17794e-06	0.000820966	-5.28066	-3.57819	6	19796647	A	C	0.00034598191063099035	3.460946607330095
6:32398155:C:A	4.36403e-06	0.00137659	-5.75397	-3.57802	6	32398155	C	A	0.0003462069656006776	3.460664198472454
6:32398154:C:CT	4.36403e-06	0.00137659	-5.75397	-3.57802	6	32398154	C	CT	0.0003462069656006776	3.460664198472454
6:32427136:G:A	4.95348e-07	6.03156e-05	-4.80209	-3.57767	6	32427136	G	A	0.0003466707453303809	3.460082805813023
6:87523158:G:C	4.52608e-07	0.000536464	-7.07773	-3.57677	6	87523158	G	C	0.00034786599171605486	3.4585880269350513
6:137269049:G:T	0.000132716	0.0684282	-6.24533	-3.57675	6	137269049	G	T	0.00034789259647616434	3.4585548134017667
6:17701224:T:TA	5.76313e-06	0.00493151	-6.75192	-3.57668	6	17701224	T	TA	0.0003479857281253853	3.458438567327823
6:69489026:A:G	7.82873e-07	0.00034275	-6.08179	-3.57655	6	69489026	A	G	0.0003481587487761548	3.4582226870962764
6:26197265:C:A	0.000699243	2.38706e-05	3.37735	3.57647	6	26197265	C	A	0.0003482652630149808	3.4580898411698184
6:13531644:TG:T	0.039451	0.00134681	3.37732	3.57645	6	13531644	TG	T	0.00034829189633686674	3.458056630098537
6:67276560:G:A	6.94508e-06	0.00726359	-6.9526	-3.57645	6	67276560	G	A	0.00034829189633686674	3.458056630098537
6:13531646:TTTG:T	0.039451	0.00134681	3.37732	3.57645	6	13531646	TTTG	T	0.00034829189633686674	3.458056630098537
6:32444612:T:A	3.85748e-06	0.00198785	-6.2448	-3.57635	6	32444612	T	A	0.00034842509152565394	3.4578905772041226
6:29999779:A:AC	0.000294101	9.495e-06	3.43316	3.57611	6	29999779	A	AC	0.000348744954395279	3.457492066999033
6:65478181:A:G	8.40935e-06	0.00586575	-6.54754	-3.5761	6	65478181	A	G	0.00034875828797352676	3.4574754629200672
6:38458512:A:C	1.43753e-06	0.00150236	-6.95187	-3.57594	6	38458512	A	C	0.0003489716900851465	3.4572098032370744
6:65783601:T:C	7.3762e-06	0.00322397	-6.08011	-3.57535	6	65783601	T	C	0.00034975966641500824	3.456230273940679
6:32444658:G:A	3.8641e-06	0.00198785	-6.24308	-3.57508	6	32444658	G	A	0.0003501208205279933	3.4557820624096136
6:69488357:G:A	7.64416e-07	0.000333976	-6.07971	-3.57506	6	69488357	G	A	0.00035014758655535483	3.4557488627453887
6:48486087:A:G	1.54007e-07	3.16061e-05	-5.32411	-3.57465	6	48486087	A	G	0.00035069671206644417	3.4550683057982634
6:32397507:A:T	4.36289e-06	0.00136978	-5.74927	-3.57439	6	32397507	A	T	0.0003510453552405219	3.4546367688385526
6:151630658:GC:G	0.00285851	2.90657e-05	4.5885	3.57409	6	151630658	GC	G	0.00035144803864499077	3.45413887604357
6:18687858:G:A	3.07541e-05	0.0115535	-5.92872	-3.57398	6	18687858	G	A	0.00035159579744393707	3.453956324604568
6:31344046:G:A	1.88016e-05	0.013076	-6.54459	-3.57398	6	31344046	G	A	0.00035159579744393707	3.453956324604568
6:31344034:T:G	1.88016e-05	0.013076	-6.54459	-3.57398	6	31344034	T	G	0.00035159579744393707	3.453956324604568
6:31347484:C:A	1.64819e-05	0.0114624	-6.54456	-3.57396	6	31347484	C	A	0.0003516226689217476	3.453923133967241
6:109286353:G:A	0.00435168	4.5347e-05	4.56397	3.57392	6	109286353	G	A	0.00035167641763995575	3.453856753184957
6:109286755:G:A	0.00434181	4.52615e-05	4.56359	3.57364	6	109286755	G	A	0.0003520528738843592	3.453392106090721
6:11118176:A:G	1.44408e-05	0.0208118	-7.27322	-3.57359	6	11118176	A	G	0.0003521201378624063	3.4533091367803435
6:31047405:G:A	0.00255041	3.80675e-05	4.20465	3.57306	6	31047405	G	A	0.00035283387539461827	3.4524297251539036
6:86296899:G:C	7.91854e-06	0.00823721	-6.94721	-3.57267	6	86296899	G	C	0.00035335994239717454	3.4517826845459956
6:33624434:G:A	4.75039e-05	0.040409	-6.746	-3.57252	6	33624434	G	A	0.0003535624711193613	3.451533839390722
6:119512027:T:C	2.78893e-05	0.0110411	-5.98114	-3.57088	6	119512027	T	C	0.0003557838787010004	3.448813734582105
6:32397207:A:G	4.35242e-06	0.00135894	-5.74373	-3.57011	6	32397207	A	G	0.0003568313533592562	3.4475369928814565
6:29794241:CT:C	9.36519e-07	0.000121055	-4.86183	-3.56996	6	29794241	CT	C	0.00035703574220392035	3.447288305274541
6:46562283:A:G	4.91629e-06	0.00575885	-7.06594	-3.56921	6	46562283	A	G	0.0003580593296829848	3.446045005705055
6:31179911:CTCT:C	0.0017607	3.4835e-06	6.22543	3.56817	6	31179911	CTCT	C	0.0003594832459504488	3.444321345505921
6:47056619:A:G	2.23488e-05	0.00610123	-5.60947	-3.56808	6	47056619	A	G	0.0003596067180965289	3.444172203465511
6:122417917:T:G	7.56624e-06	0.00884468	-7.06388	-3.56788	6	122417917	T	G	0.0003598812426410239	3.443840788606297
6:12830653:G:A	1.20393e-05	0.0172047	-7.26476	-3.5678	6	12830653	G	A	0.0003599911073215364	3.4437082272573982
6:31008883:C:T	4.24221e-06	0.00209602	-6.20271	-3.56764	6	31008883	C	T	0.000360210930778286	3.443443112436352
6:146160733:A:G	2.61777e-05	0.00268801	-4.63165	-3.56762	6	146160733	A	G	0.00036023841753436795	3.4434099738221646
6:78212504:G:A	4.0095e-06	0.00338481	-6.73838	-3.56717	6	78212504	G	A	0.0003608573883135195	3.4426643983863165
6:46563748:G:C	5.64649e-06	0.00805893	-7.2635	-3.56694	6	46563748	G	C	0.0003611741350685542	3.442283358577826
6:32738457:G:A	4.08603e-05	0.0152054	-5.91925	-3.56674	6	32738457	G	A	0.0003614497783357719	3.441952037254211
6:32738664:A:T	4.08603e-05	0.0152054	-5.91925	-3.56674	6	32738664	A	T	0.0003614497783357719	3.441952037254211
6:32738557:A:G	4.08603e-05	0.0152054	-5.91925	-3.56674	6	32738557	A	G	0.0003614497783357719	3.441952037254211
6:84149952:A:AT	0.00239484	8.7653e-05	3.30769	3.56643	6	84149952	A	AT	0.0003618774141746369	3.4414385216318366
6:30014652:G:A	8.74756e-05	2.88307e-06	3.4125	3.56601	6	30014652	G	A	0.00036245754647380377	3.440742853677473
6:32397737:G:GTC	4.37536e-06	0.00135883	-5.73839	-3.56598	6	32397737	G	GTC	0.000362499017753761	3.4406931658783653
6:70948313:G:A	0.00253312	1.15261e-05	5.39259	3.56587	6	70948313	G	A	0.0003626511170763032	3.4405109804404064
6:164720761:C:T	2.98767e-05	0.0307666	-6.9371	-3.56558	6	164720761	C	T	0.00036305239228687355	3.4400306971699304
6:30509829:T:TTTA	6.30627e-06	0.00649384	-6.93706	-3.56556	6	30509829	T	TTTA	0.0003630800817372451	3.439997575457462
6:74217529:T:C	0.000397463	5.99988e-06	4.19336	3.56441	6	74217529	T	C	0.0003646755503414406	3.4380933529673876
6:66018583:G:C	0.00439241	1.46793e-05	5.70119	3.56438	6	66018583	G	C	0.0003647172588625227	3.4380436848589406
6:29999773:G:A	0.000290932	9.56122e-06	3.41537	3.56362	6	29999773	G	A	0.00036577536364021363	3.4367855492571557
6:56074732:C:A	1.95639e-05	0.00990944	-6.22755	-3.56354	6	56074732	C	A	0.0003658869098961055	3.4366531277136696
6:30014986:G:C	8.70925e-05	2.88307e-06	3.40812	3.56286	6	30014986	G	C	0.00036683633802130197	3.435527650590694
6:44244734:T:C	3.16323e-05	0.032447	-6.93318	-3.56284	6	44244734	T	C	0.00036686429721666627	3.4354945511937798
6:167439126:A:G	0.00194528	2.96241e-05	4.18458	3.56277	6	167439126	A	G	0.00036696217009108393	3.4353787045967077
6:7957866:C:T	0.00013488	0.0358842	-5.58367	-3.56258	6	7957866	C	T	0.00036722794810820514	3.4350642739651103
6:31166944:A:ACTC	0.00212093	7.99823e-06	5.58039	3.56242	6	31166944	A	ACTC	0.00036745190075450113	3.4347995017608444
6:31343888:A:G	1.88098e-05	0.0128696	-6.52824	-3.56226	6	31343888	A	G	0.00036767598108732475	3.4345347400575648
6:31343878:A:C	1.88098e-05	0.0128696	-6.52824	-3.56226	6	31343878	A	C	0.00036767598108732475	3.4345347400575648
6:85263185:C:T	1.43716e-05	0.00497242	-5.84641	-3.56183	6	85263185	C	T	0.000368278830197818	3.433823245012894
6:164288432:G:A	3.80422e-05	0.0148812	-5.96916	-3.56171	6	164288432	G	A	0.0003684472320178738	3.43362470179251
6:31343777:A:G	1.91266e-05	0.013076	-6.52746	-3.56169	6	31343777	A	G	0.00036847530598626215	3.4335916118300425
6:37339212:C:T	9.32895e-05	0.00522027	-4.0246	-3.56166	6	37339212	C	T	0.0003685174206886726	3.433541977193982
6:148459777:A:C	6.05367e-05	0.070046	-7.05366	-3.56133	6	148459777	A	C	0.0003689809795250624	3.4329960205623853
6:25119293:T:C	0.00196579	4.11137e-05	3.86731	3.56133	6	25119293	T	C	0.0003689809795250624	3.4329960205623853
6:31343789:C:G	1.91426e-05	0.013076	-6.52662	-3.56109	6	31343789	C	G	0.0003693184555753444	3.432598989250558
6:76523407:G:A	0.0188887	0.000243434	4.35147	3.56066	6	76523407	G	A	0.0003699238219436494	3.431887700570112
6:49682644:TTC:T	0.00147156	6.3198e-06	5.45039	3.56034	6	49682644	TTC	T	0.00037037492907223123	3.431358418680415
6:32486624:A:T	0.00991318	2.54624e-05	5.96442	3.56023	6	32486624	A	T	0.000370530115888498	3.4311764877314688
6:31021378:C:T	6.5543e-06	0.00756898	-7.05169	-3.56007	6	31021378	C	T	0.00037075595068494023	3.430911869756375
6:116312648:C:T	1.10746e-05	0.00755388	-6.52516	-3.56005	6	116312648	C	T	0.000370784189080549	3.430878793247798
6:96428122:A:T	0.000325348	6.5132e-07	6.21365	3.55998	6	96428122	A	T	0.00037088303930009884	3.430763026759818
6:29999919:C:A	0.000300353	9.92511e-06	3.40989	3.55977	6	29999919	C	A	0.0003711797377998074	3.4304157393548835
6:29999931:G:A	0.000300353	9.92511e-06	3.40989	3.55977	6	29999931	G	A	0.0003711797377998074	3.4304157393548835
6:8462624:T:C	0.00490359	9.82004e-06	6.2133	3.55974	6	8462624	T	C	0.00037122214140888714	3.430366128345074
6:65781948:G:A	7.54053e-06	0.00322397	-6.05808	-3.55954	6	65781948	G	A	0.0003715049478889031	3.4300353977135325
6:167768258:A:C	2.88584e-05	0.0145289	-6.22149	-3.55903	6	167768258	A	C	0.00037222701632620106	3.429192108863536
6:139692782:A:C	4.56888e-05	0.0102019	-5.40847	-3.55856	6	139692782	A	C	0.0003728936134175125	3.428415054775686
6:14653071:T:C	0.0117886	0.000412376	3.35296	3.55834	6	14653071	T	C	0.00037320602087677427	3.428051358461264
6:13522519:A:AACACAC	0.000159151	0.0319584	-5.30234	-3.55831	6	13522519	A	AACACAC	0.0003732486408460435	3.4280017650473793
6:67244026:C:A	7.3371e-06	0.00611452	-6.72548	-3.55811	6	67244026	C	A	0.00037353289027118776	3.4276711517216816
6:123701106:C:G	0.00690732	0.0002312	3.39705	3.55804	6	123701106	C	G	0.0003736324253684191	3.4275554409336295
6:56082327:ACAAAC:A	0.00983941	2.53638e-05	5.96083	3.55772	6	56082327	ACAAAC	A	0.0003740877587806206	3.4270265029245146
6:56082118:T:A	0.00983941	2.53638e-05	5.96083	3.55772	6	56082118	T	A	0.0003740877587806206	3.4270265029245146
6:15095108:C:G	6.28342e-05	0.0120212	-5.25393	-3.55742	6	15095108	C	G	0.00037451510490997715	3.4265306616847746
6:46563115:C:CAA	5.46247e-06	0.00454773	-6.72448	-3.55741	6	46563115	C	CAA	0.00037452935763728325	3.4265141342791763
6:31008698:G:A	4.30295e-06	0.00209602	-6.18849	-3.55708	6	31008698	G	A	0.00037499998218553537	3.425968752903545
6:31008642:G:A	4.30295e-06	0.00209602	-6.18849	-3.55708	6	31008642	G	A	0.00037499998218553537	3.425968752903545
6:31008611:C:A	4.30295e-06	0.00209602	-6.18849	-3.55708	6	31008611	C	A	0.00037499998218553537	3.425968752903545
6:31008719:A:T	4.30295e-06	0.00209602	-6.18849	-3.55708	6	31008719	A	T	0.00037499998218553537	3.425968752903545
6:144602289:T:G	5.06422e-06	0.0010139	-5.29936	-3.55607	6	144602289	T	G	0.0003764438159135236	3.424299832901567
6:77155365:C:T	5.34801e-06	0.00751184	-7.24751	-3.55598	6	77155365	C	T	0.0003765727261989101	3.424151137559513
6:61218744:G:T	3.02655e-07	0.000425114	-7.24752	-3.55598	6	61218744	G	T	0.0003765727261989101	3.424151137559513
6:35301727:C:CTTTT	1.09526e-05	0.00123338	-4.72393	-3.55586	6	35301727	C	CTTTT	0.00037674467076813096	3.4239528822710956
6:74216456:C:T	0.000416617	5.77555e-06	4.27853	3.55521	6	74216456	C	T	0.00037767731324127334	3.4228791020934284
6:74216345:T:C	0.000416617	5.77555e-06	4.27853	3.55521	6	74216345	T	C	0.00037767731324127334	3.4228791020934284
6:29409283:G:A	5.88654e-06	0.00597178	-6.92213	-3.55508	6	29409283	G	A	0.00037786410051571115	3.4226643668512464
6:29410662:A:G	0.00240317	1.7181e-05	4.94074	3.55482	6	29410662	A	G	0.0003782379341382385	3.4222349171600626
6:9271470:GA:G	0.00011275	0.0386387	-5.83684	-3.55444	6	9271470	GA	G	0.0003787849282460913	3.421607309789611
6:22180921:C:A	0.00353447	8.91609e-06	5.98246	3.55433	6	22180921	C	A	0.0003789434065870505	3.421425645024499
6:89709743:T:C	2.46212e-06	0.00281645	-7.04221	-3.55399	6	89709743	T	C	0.00037943364064540905	3.420864167124242
6:127242902:C:T	0.000141631	0.0686834	-6.18404	-3.55377	6	127242902	C	T	0.00037975116672929953	3.420500883157557
6:156834221:AT:A	0.00847897	1.02754e-05	6.71559	3.55371	6	156834221	AT	A	0.00037983780784642637	3.4204018091570205
6:24773230:A:G	8.70476e-06	0.0088064	-6.91936	-3.55314	6	24773230	A	G	0.00038066182045318105	3.419460679786643
6:8686429:G:A	1.31863e-06	0.00184405	-7.24312	-3.55297	6	8686429	G	A	0.0003809079018741873	3.4191800178752563
6:8686343:A:G	1.31863e-06	0.00184405	-7.24312	-3.55297	6	8686343	A	G	0.0003809079018741873	3.4191800178752563
6:8683692:ATTTG:A	0.000132956	1.42545e-06	4.53553	3.55282	6	8683692	ATTTG	A	0.0003811251560077715	3.418932384854702
6:31344267:G:A	1.87787e-05	0.0126794	-6.51501	-3.55277	6	31344267	G	A	0.00038119759978517693	3.41884984256502
6:16166229:T:TATGA	0.0274266	0.000423437	4.17086	3.55248	6	16166229	T	TATGA	0.0003816180275559209	3.418371117502719
6:24773431:C:T	8.71567e-06	0.0088064	-6.91811	-3.55226	6	24773431	C	T	0.0003819372618149726	3.4180079697722308
6:38147884:G:C	2.16281e-06	0.00218472	-6.91783	-3.55207	6	38147884	G	C	0.0003822131649716003	3.417694358159989
6:69695019:C:T	5.57805e-06	0.00562901	-6.91685	-3.55138	6	69695019	C	T	0.00038321669643010025	3.416555577334897
6:123202236:C:T	9.34116e-05	0.0171203	-5.211	-3.55085	6	123202236	C	T	0.0003839891965756313	3.4156809942095276
6:68354097:A:T	4.43761e-05	0.01351	-5.71848	-3.5506	6	68354097	A	T	0.0003843540883721041	3.4152684949823775
6:38378097:G:A	2.83813e-05	0.00967176	-5.83124	-3.55011	6	38378097	G	A	0.0003850702165143244	3.414460070844142
6:21762809:TTTCATTCA:T	0.0744384	9.07025e-05	6.71014	3.54998	6	21762809	TTTCATTCA	T	0.00038526041888876553	3.414245607496725
6:32735331:C:G	1.47311e-05	0.00990782	-6.51112	-3.54998	6	32735331	C	G	0.00038526041888876553	3.414245607496725
6:56083070:CA:C	0.00982037	2.56054e-05	5.94941	3.54972	6	56083070	CA	C	0.0003856410870694347	3.4138167015925074
6:135864046:A:G	0.00507976	0.00018007	3.33968	3.54847	6	135864046	A	G	0.0003874761349481189	3.4117550409757733
6:120735510:T:C	0.0034556	1.4793e-05	5.4536	3.54845	6	120735510	T	C	0.0003875055619302864	3.411722059613679
6:159276165:T:C	0.00213451	5.70803e-05	3.62153	3.54688	6	159276165	T	C	0.000389822107875354	3.4091335344949267
6:29999765:C:T	0.000285403	9.60686e-06	3.39143	3.5468	6	29999765	C	T	0.00038994049424224226	3.409001662188849
6:123201927:C:T	9.22601e-05	0.0168096	-5.20509	-3.5463	6	123201927	C	T	0.00039068117054695805	3.4081775197314843
6:78209891:TTTTG:T	0.00330846	4.05416e-06	6.70449	3.5461	6	78209891	TTTTG	T	0.0003909778090073408	3.4078478914510733
6:32443746:T:C	2.74476e-06	0.000542142	-5.28583	-3.54592	6	32443746	T	C	0.0003912449635581187	3.407551240021842
6:31390167:G:C	1.9564e-05	0.0220918	-7.02927	-3.54569	6	31390167	G	C	0.00039158657594128964	3.4071722047507973
6:19178842:G:A	0.00105012	2.73398e-05	3.64832	3.54563	6	19178842	G	A	0.00039167573804227873	3.4070733295516966
6:63010647:G:A	0.000568314	4.29804e-06	4.88451	3.54556	6	63010647	G	A	0.0003917797844698766	3.4069579770183753
6:69491802:T:G	8.48271e-07	0.000355374	-6.03773	-3.54494	6	69491802	T	G	0.0003927024666193438	3.4059363708563817
6:129365005:G:A	0.00715392	0.00012886	4.01669	3.54477	6	129365005	G	A	0.0003929558145823873	3.4056562805708275
6:88440749:G:T	7.38445e-06	0.00267009	-5.89049	-3.54475	6	88440749	G	T	0.0003929856302636289	3.4056233295515663
6:33036610:A:G	0.000128491	0.0857536	-6.50338	-3.54443	6	33036610	A	G	0.0003934629687419602	3.4050961355484026
6:69692214:T:C	5.92622e-06	0.00484204	-6.70571	-3.54422	6	69692214	T	C	0.0003937765164808025	3.404750187301271
6:43312301:CTT:C	0.00576853	6.09825e-05	4.54959	3.54408	6	43312301	CTT	C	0.00039398567799466975	3.4045195651818783
6:26128182:G:C	5.95809e-05	0.0486647	-6.70537	-3.54399	6	26128182	G	C	0.0003941201937806394	3.4043713123487627
6:32398644:T:C	4.45122e-06	0.00134297	-5.70946	-3.54363	6	32398644	T	C	0.00039465868616929645	3.4037783342272196
6:32441528:A:G	2.45414e-06	0.000483127	-5.28251	-3.54342	6	32441528	A	G	0.0003949731241212149	3.403432454862033
6:66511372:G:A	1.82693e-05	0.0149064	-6.70432	-3.54325	6	66511372	G	A	0.0003952278405586067	3.4031524705239082
6:121552051:C:T	1.23051e-05	0.00231155	-5.23566	-3.54322	6	121552051	C	T	0.00039527280644741417	3.4031030627530785
6:120734489:T:G	0.00339549	1.46604e-05	5.44505	3.54266	6	120734489	T	G	0.00039611304760182333	3.4021808520967216
6:31730311:T:G	3.9358e-06	0.000509322	-4.86297	-3.54254	6	31730311	T	G	0.0003962933162622485	3.40198325225552
6:32441707:C:T	2.47767e-06	0.000836079	-5.8214	-3.54252	6	32441707	C	T	0.00039632336849019703	3.401950319522651
6:83890681:G:T	5.01729e-08	1.80826e-05	-5.88723	-3.54225	6	83890681	G	T	0.0003967292820281856	3.4015057436802847
6:83890791:A:G	5.01729e-08	1.80826e-05	-5.88723	-3.54225	6	83890791	A	G	0.0003967292820281856	3.4015057436802847
6:135858599:T:C	7.06521e-05	0.00733222	-4.64227	-3.54181	6	135858599	T	C	0.00039739160312969547	3.400781313756062
6:29999940:T:C	0.000294341	9.98615e-06	3.38354	3.54126	6	29999940	T	C	0.0003982209572851501	3.3998758879706004
6:69492328:A:G	8.75456e-07	0.00036488	-6.03258	-3.54125	6	69492328	A	G	0.000398236051409193	3.3998594268315556
6:19541959:T:C	0.000118811	0.0215	-5.19827	-3.54106	6	19541959	T	C	0.0003985229413465976	3.3995466729793975
6:31722232:G:A	0.000826999	2.22781e-05	3.6142	3.54102	6	31722232	G	A	0.00039858336382776304	3.399480831949078
6:29814249:G:A	9.44332e-05	1.69522e-06	4.02008	3.54098	6	29814249	G	A	0.00039864379486782327	3.399414991574731
6:42620080:G:A	2.00665e-07	8.35798e-05	-6.03192	-3.54078	6	42620080	G	A	0.00039894607849059994	3.3990857995425543
6:31048883:C:T	0.00201671	3.14077e-05	4.16217	3.54049	6	31048883	C	T	0.00039938477014658515	3.398608500224976
6:120417273:G:A	1.6101e-06	0.000363874	-5.42051	-3.53989	6	120417273	G	A	0.0004002938392716828	3.397621093859176
6:67278219:G:A	7.31755e-06	0.00726359	-6.90035	-3.53981	6	67278219	G	A	0.000400415194443811	3.397489450828337
6:7956115:CA:C	0.0197787	0.000210362	4.54353	3.53941	6	7956115	CA	C	0.0004010224860457298	3.396831275031217
6:32738701:C:T	4.23523e-05	0.0152054	-5.88338	-3.53931	6	32738701	C	T	0.00040117444333843694	3.396666741331125
6:32738703:C:T	4.23523e-05	0.0152054	-5.88338	-3.53931	6	32738703	C	T	0.00040117444333843694	3.396666741331125
6:8505755:G:A	2.83799e-06	0.00187921	-6.49551	-3.53879	6	8505755	G	A	0.0004019654887816971	3.395811232176878
6:30893952:G:A	7.86184e-05	0.0778611	-6.89808	-3.53821	6	30893952	G	A	0.000402849527681846	3.394857141205208
6:31362384:G:A	1.31286e-06	0.000470583	-5.88177	-3.53807	6	31362384	G	A	0.00040306318833608224	3.3946268640462445
6:49855442:A:AT	1.16764e-05	0.0159758	-7.22126	-3.53799	6	49855442	A	AT	0.0004031853276638054	3.394495280705856
6:33034577:C:T	0.00013103	0.0865672	-6.49325	-3.53717	6	33034577	C	T	0.0004044392508458677	3.393146702738392
6:31724386:A:G	7.27804e-06	0.000935017	-4.8557	-3.5369	6	31724386	A	G	0.0004048529245979392	3.3927027190970547
6:56672565:C:T	2.81796e-05	0.00192037	-4.22167	-3.53685	6	56672565	C	T	0.0004049295742104622	3.3926205031837515
6:120734603:T:A	0.00339549	1.4793e-05	5.43605	3.53655	6	120734603	T	A	0.0004053897566410737	3.3921272292257956
6:19182863:ATTTTTTTT:A	0.0086471	1.73421e-05	6.21184	3.53648	6	19182863	ATTTTTTTT	A	0.0004054972028132393	3.3920121372776464
6:167767425:C:T	2.98471e-05	0.0145726	-6.19081	-3.53622	6	167767425	C	T	0.00040589652154661594	3.391584670485088
6:56076302:T:C	2.00272e-05	0.00977607	-6.1906	-3.53607	6	56076302	T	C	0.0004061270648012947	3.3913380676333467
6:56080212:G:A	0.00946005	2.51629e-05	5.92946	3.53576	6	56080212	G	A	0.00040660390853087294	3.390828450967946
6:63224455:A:G	5.95034e-06	0.00661513	-7.01367	-3.53568	6	63224455	A	G	0.00040672704984667807	3.390696943384701
6:30515674:C:CTAGA	2.79469e-06	0.00275641	-6.89396	-3.53533	6	30515674	C	CTAGA	0.0004072662028183079	3.390121628555111
6:93542452:T:C	9.40352e-06	0.00458558	-6.18959	-3.53531	6	93542452	T	C	0.00040729703171482856	3.3900887549387213
6:73130410:A:G	0.000582794	0.063715	-4.69434	-3.53503	6	73130410	A	G	0.0004077288652171299	3.389628541526102
6:144598611:T:C	5.62093e-06	0.00109413	-5.27121	-3.53495	6	144598611	T	C	0.0004078523247476206	3.3894970578825365
6:97329832:C:T	0.00243213	0.000100548	3.18589	3.53475	6	97329832	C	T	0.000408161126363465	3.3891683602514293
6:52206863:A:G	2.17683e-05	0.0175451	-6.69207	-3.53465	6	52206863	A	G	0.00040831560905669155	3.3890040175846807
6:97330309:C:T	0.00243128	0.000100548	3.18554	3.53451	6	97330309	C	T	0.0004085319765825002	3.3887739447378697
6:151339651:T:C	0.0313001	0.00119145	3.26845	3.53435	6	151339651	T	C	0.00040877938489068417	3.388511014179534
6:86300043:TTTATTATTA:T	0.00123955	3.22076e-06	5.95288	3.53405	6	86300043	TTTATTATTA	T	0.0004092436527292991	3.388018047666827
6:29999946:C:G	0.000293729	1.00684e-05	3.37325	3.53404	6	29999946	C	G	0.0004092591368029354	3.388001616085104
6:29808198:T:C	6.47478e-05	2.92147e-06	3.09841	3.53384	6	29808198	T	C	0.0004095689332161693	3.387672993058789
6:147822830:T:A	8.73719e-05	0.118762	-7.21471	-3.5335	6	147822830	T	A	0.00041009608987243055	3.3871143715438308
6:92878331:A:G	2.10347e-05	0.0285841	-7.21443	-3.53331	6	92878331	A	G	0.00041039095338168036	3.3868022213361035
6:14652818:A:C	0.0115324	0.000417345	3.31901	3.5331	6	14652818	A	C	0.0004107170855397743	3.3864572304278044
6:27548959:G:C	2.12815e-06	0.00171123	-6.68971	-3.53299	6	27548959	G	C	0.00041088801326572705	3.3862765281187164
6:137267400:GT:G	0.0136593	0.000214831	4.15233	3.53294	6	137267400	GT	G	0.0004109657296489423	3.386194392345106
6:10858844:T:A	0.0117301	0.000263345	3.79645	3.53273	6	10858844	T	A	0.0004112922884114385	3.385849433286244
6:61211859:C:T	4.79189e-06	0.00107303	-5.41132	-3.53271	6	61211859	C	T	0.0004113234018831959	3.3858165809853147
6:19794354:G:A	4.46001e-06	0.000826399	-5.22193	-3.53255	6	19794354	G	A	0.0004115723888107652	3.385553768480421
6:22846549:CAT:C	0.0131249	2.64899e-05	6.2055	3.53208	6	22846549	CAT	C	0.0004123046022807199	3.3847818174325357
6:69492948:A:C	8.94947e-07	0.00036817	-6.01953	-3.53189	6	69492948	A	C	0.0004126009486674684	3.384469777815671
6:56084212:G:GAA	2.68645e-05	0.0263444	-6.88821	-3.53129	6	56084212	G	GAA	0.0004135380859549092	3.383484486695815
6:87127056:ACACACACC:A	0.00533758	2.38629e-05	5.4102	3.5312	6	87127056	ACACACACC	A	0.00041367882789136186	3.3833367057548296
6:116316277:G:A	2.59661e-05	0.00975955	-5.92921	-3.53111	6	116316277	G	A	0.0004138196145638368	3.3831889281339076
6:67176398:T:C	3.14206e-05	0.00580846	-5.21961	-3.53075	6	67176398	T	C	0.00041438320887558495	3.382597850850712
6:48391401:A:AT	8.60699e-05	0.0255381	-5.69277	-3.53073	6	48391401	A	AT	0.00041441454068091225	3.3825650147814166
6:165459006:TC:T	0.000153871	0.0456533	-5.69271	-3.53069	6	165459006	TC	T	0.0004144772109293958	3.3824993431346786
6:48487737:T:C	3.46242e-05	4.95699e-07	4.24634	3.53021	6	48487737	T	C	0.00041522994464885586	3.3817113345265937
6:40125620:A:AG	7.33469e-06	0.00344573	-6.15227	-3.53018	6	40125620	A	AG	0.0004152770328724269	3.38166208712414
6:148460447:AT:A	0.0903208	0.000113298	6.68111	3.53007	6	148460447	AT	A	0.00041544973236381567	3.3814815164711725
6:84599865:G:T	8.30294e-06	0.00275607	-5.80495	-3.52981	6	84599865	G	T	0.0004158581978362133	3.381054732824483
6:70057428:A:G	8.43167e-05	0.0155675	-5.21836	-3.52978	6	70057428	A	G	0.0004159053525952245	3.381005490340497
6:108077414:T:TATC	0.0476067	0.000682236	4.24535	3.52944	6	108077414	T	TATC	0.00041644012231456176	3.380447434636095
6:4768457:T:C	0.000233358	0.0266013	-4.73614	-3.52939	6	4768457	T	C	0.0004165188190608898	3.380365371616952
6:67614096:T:C	9.24575e-07	0.00124903	-7.20854	-3.52927	6	67614096	T	C	0.00041670774792267555	3.3801684245516443
6:31160552:G:A	4.43128e-06	0.00207801	-6.15048	-3.52885	6	31160552	G	A	0.0004173696293850226	3.3794791563016475
6:29814258:C:T	9.46179e-05	1.732e-06	4.00057	3.52846	6	29814258	C	T	0.0004179851126054268	3.3788391862356177
6:29814265:C:G	9.46179e-05	1.732e-06	4.00057	3.52846	6	29814265	C	G	0.0004179851126054268	3.3788391862356177
6:29814256:C:A	9.46179e-05	1.732e-06	4.00057	3.52846	6	29814256	C	A	0.0004179851126054268	3.3788391862356177
6:29814257:A:G	9.46179e-05	1.732e-06	4.00057	3.52846	6	29814257	A	G	0.0004179851126054268	3.3788391862356177
6:68253103:AC:A	0.0114706	2.32741e-05	6.20021	3.52841	6	68253103	AC	A	0.0004180640819835271	3.378757143299694
6:8686949:A:G	1.32138e-06	0.00178279	-7.20726	-3.52839	6	8686949	A	G	0.00041809567363589403	3.378724326412224
6:67278929:A:G	7.43853e-06	0.00726359	-6.88396	-3.52831	6	67278929	A	G	0.00041822206254112885	3.378593060501767
6:29999640:T:C	0.000251594	1.14479e-05	3.09001	3.52809	6	29999640	T	C	0.00041856981603428456	3.3782320927732283
6:29999641:G:C	0.000251594	1.14479e-05	3.09001	3.52809	6	29999641	G	C	0.00041856981603428456	3.3782320927732283
6:18083734:CAAA:C	0.0122804	4.8571e-05	5.53273	3.52791	6	18083734	CAAA	C	0.0004188545424552149	3.377936770295506
6:29814171:C:G	9.56182e-05	1.75189e-06	3.99967	3.52788	6	29814171	C	G	0.00041890201443999366	3.377887551173586
6:29814170:G:T	9.56182e-05	1.75189e-06	3.99967	3.52788	6	29814170	G	T	0.00041890201443999366	3.377887551173586
6:30216625:C:CA	5.88914e-06	0.0022037	-5.92479	-3.52772	6	30216625	C	CA	0.0004191552832294731	3.377625055419743
6:23483058:T:C	7.37115e-05	0.0244014	-5.80224	-3.52772	6	23483058	T	C	0.0004191552832294731	3.377625055419743
6:73048097:G:A	5.49514e-05	0.00192669	-3.55711	-3.52751	6	73048097	G	A	0.00041948791553222676	3.37728054566547
6:75213889:A:G	5.63735e-06	0.00230465	-6.01327	-3.5274	6	75213889	A	G	0.000419662249865188	3.3771000953884576
6:92460675:A:AT	0.0310693	2.83896e-05	6.99795	3.52711	6	92460675	A	AT	0.0004201221829319687	3.3766243866110184
6:13669136:T:TA	3.87213e-06	0.000724191	-5.23125	-3.52708	6	13669136	T	TA	0.00042016978907170226	3.376575177325432
6:18554137:G:A	0.000968772	1.53574e-05	4.14443	3.52689	6	18554137	G	A	0.0004204714116275386	3.3762635270824277
6:147871826:T:C	0.000169462	0.031679	-5.23078	-3.5267	6	147871826	T	C	0.00042077323637112985	3.3759518916346902
6:74231384:C:G	1.16533e-06	0.00113493	-6.88132	-3.52646	6	74231384	C	G	0.0004211547778722709	3.3755582680062974
6:29794175:A:G	9.91104e-07	0.000120679	-4.80207	-3.52633	6	29794175	A	G	0.00042136158105581564	3.3753450650641694
6:17526958:C:CAA	3.79746e-06	0.00369685	-6.8809	-3.52616	6	17526958	C	CAA	0.00042163215907354613	3.375066271667573
6:74315550:T:A	2.0161e-05	0.00292176	-4.97619	-3.52602	6	74315550	T	A	0.00042185510985011864	3.374836685999066
6:68350709:G:A	0.0104981	3.758e-05	5.63248	3.52553	6	68350709	G	A	0.0004226363048172424	3.374033199416746
6:73644972:A:G	6.66849e-06	0.000843817	-4.84054	-3.52513	6	73644972	A	G	0.000423275016240248	3.373377364951953
6:87510186:T:C	0.00189139	1.40844e-05	4.9	3.525	6	87510186	T	C	0.00042348279144683595	3.373164232869345
6:68516679:G:A	3.96748e-06	0.0038557	-6.87918	-3.52495	6	68516679	G	A	0.0004235627303440196	3.3730822608356203
6:3280971:G:T	0.000283409	0.034423	-4.79959	-3.52452	6	3280971	G	T	0.00042425078674512444	3.3723773436390445
6:138739085:C:CAA	6.5383e-05	0.0215521	-5.79797	-3.52442	6	138739085	C	CAA	0.0004244109493735427	3.3722134202674714
6:32441411:GA:G	0.000811101	2.45177e-06	5.80158	3.52434	6	32441411	GA	G	0.00042453912012514804	3.372082284520891
6:18422421:G:A	3.84791e-06	0.00516007	-7.20118	-3.52422	6	18422421	G	A	0.0004247314440226343	3.371885585818804
6:29791973:G:A	0.000120873	3.23481e-06	3.62077	3.5241	6	29791973	G	A	0.00042492384927232836	3.3716888930180433
6:32441283:G:A	1.84224e-06	0.00201071	-6.99526	-3.52388	6	32441283	G	A	0.0004252768036248733	3.371328304876979
6:30025737:ACACAC:A	0.000333713	7.03766e-07	6.16159	3.52382	6	30025737	ACACAC	A	0.00042537311140239533	3.3712299660991056
6:119516393:C:T	7.10798e-06	0.00563983	-6.67639	-3.52364	6	119516393	C	T	0.00042566215693737715	3.370934958617376
6:78553977:TACAC:T	0.0114263	1.44694e-05	6.67164	3.52358	6	78553977	TACAC	T	0.0004257585461963747	3.3708366257407563
6:112793068:T:C	1.51525e-05	0.0146927	-6.87694	-3.52339	6	112793068	T	C	0.0004260639133219171	3.370525248031054
6:131844506:T:TTGC	0.00276088	8.87846e-05	3.43709	3.52302	6	131844506	T	TTGC	0.00042665916259315175	3.369918923367994
6:131844587:G:GAAAGT	0.00276088	8.87846e-05	3.43709	3.52302	6	131844587	G	GAAAGT	0.00042665916259315175	3.369918923367994
6:96113075:GT:G	4.38814e-06	0.00347789	-6.67528	-3.52285	6	96113075	GT	G	0.0004269329157656276	3.3696403605759997
6:86298025:C:G	6.97791e-06	0.00675932	-6.87593	-3.52268	6	86298025	C	G	0.00042720683293373735	3.36936180962724
6:32335291:G:A	1.37779e-05	0.00354774	-5.551	-3.5226	6	32335291	G	A	0.0004273357919021248	3.3692307309258154
6:65688071:G:GA	8.4726e-06	0.00187247	-5.39818	-3.52244	6	65688071	G	GA	0.0004275938188886897	3.368968581391081
6:97144105:CA:C	0.00904499	1.9401e-05	6.14464	3.52224	6	97144105	CA	C	0.00042791655718739694	3.368640909225328
6:20375115:T:G	0.00265331	8.54119e-05	3.43608	3.52223	6	20375115	T	G	0.00042793270007121054	3.368624526047324
6:64512628:G:A	0.0120447	0.00030004	3.69246	3.52212	6	64512628	G	A	0.00042811030932476794	3.3684443137939324
6:74216734:CT:C	0.000409679	5.92912e-06	4.2355	3.52179	6	74216734	CT	C	0.00042864355013384585	3.3679037067846846
6:28054075:A:AG	0.0013738	4.12495e-05	3.5057	3.52175	6	28054075	A	AG	0.00042870822750660186	3.3678381816948026
6:42791932:C:G	0.0100654	0.000155488	4.17029	3.52157	6	42791932	C	G	0.00042899938845886214	3.3675433269041593
6:121553949:G:A	0.0133931	2.83461e-05	6.15801	3.52133	6	121553949	G	A	0.0004293878902677161	3.367150207836585
6:65686790:C:T	0.0017064	8.52741e-06	5.29886	3.52126	6	65686790	C	T	0.0004295012651570353	3.367035552554718
6:88687292:C:G	0.000652119	2.52253e-05	3.25238	3.52122	6	88687292	C	G	0.0004295660633562067	3.3669700361523205
6:32333032:A:G	3.27132e-05	0.0151754	-6.13965	-3.52081	6	32333032	A	G	0.0004302307713590478	3.3662985308302074
6:29999967:G:A	0.000281834	1.18856e-05	3.16599	3.5208	6	29999967	G	A	0.0004302469957397972	3.3662821535121594
6:65684869:G:A	0.00168955	8.45024e-06	5.29803	3.52069	6	65684869	G	A	0.0004304255016338106	3.3661020057181834
6:102664945:C:G	3.46279e-05	0.0461975	-7.19602	-3.52069	6	102664945	C	G	0.0004304255016338106	3.3661020057181834
6:32810139:CTT:C	0.0234987	5.0526e-05	6.14221	3.52047	6	32810139	CTT	C	0.00043078272087971773	3.3657417250051833
6:61218274:A:G	9.91408e-07	0.000459692	-6.13919	-3.52046	6	61218274	A	G	0.0004307989646929356	3.3657253490803827
6:121606582:CGTGTGT:C	0.0238191	0.000119179	5.29762	3.5204	6	121606582	CGTGTGT	C	0.00043089643958210184	3.3656270943921025
6:55546112:G:A	1.64774e-05	0.005771	-5.85861	-3.52037	6	55546112	G	A	0.0004309451847481392	3.36557796760116
6:145015127:G:T	0.0297389	0.000403475	4.30009	3.52035	6	145015127	G	T	0.0004309776843856347	3.365545216612086
6:137649927:T:G	4.03876e-05	0.00710916	-5.17062	-3.51979	6	137649927	T	G	0.00043188860381962604	3.364628255465233
6:32332786:T:A	2.14882e-05	0.0207288	-6.87178	-3.51976	6	32332786	T	A	0.0004319374537661168	3.364579136173129
6:88695510:T:A	0.000883599	3.42588e-05	3.25006	3.51932	6	88695510	T	A	0.00043265451256160046	3.3638587622589404
6:104091123:A:G	0.00164733	8.25612e-06	5.29596	3.51925	6	104091123	A	G	0.00043276869251188186	3.3637441646323727
6:41902186:G:A	0.00019441	6.29179e-06	3.43073	3.5181	6	41902186	G	A	0.0004346485380596876	3.361861776785792
6:14685500:TA:T	0.0298321	0.000804652	3.61293	3.51798	6	14685500	TA	T	0.0004348451344712658	3.3616653849295592
6:65688199:T:C	8.52954e-06	0.00187247	-5.39148	-3.5172	6	65688199	T	C	0.00043612503600897216	3.360388981686
6:55547705:T:C	1.6798e-05	0.00775106	-6.13433	-3.51685	6	55547705	T	C	0.0004367004931274051	3.3598163176678746
6:66016228:A:G	0.00319222	1.45618e-05	5.39007	3.51661	6	66016228	A	G	0.00043709550188291763	3.3594236627793466
6:66680122:A:T	2.0531e-06	0.00066984	-5.78769	-3.51648	6	66680122	A	T	0.0004373096041996394	3.3592109845689233
6:130634830:G:A	0.000163523	0.0301623	-5.2174	-3.516	6	130634830	G	A	0.00043810098421038027	3.3584257711617993
6:136376260:G:T	2.11975e-06	0.0028085	-7.18911	-3.51596	6	136376260	G	T	0.0004381669928542381	3.3583603409724283
6:67787734:T:C	0.000781825	1.79486e-05	3.77412	3.51584	6	67787734	T	C	0.00043836507449463385	3.3581640543377254
6:68542236:A:T	6.20756e-06	0.00135983	-5.38934	-3.51554	6	68542236	A	T	0.00043886064436593817	3.357673363563906
6:103227202:G:T	5.31721e-06	0.00154669	-5.67292	-3.5154	6	103227202	G	T	0.0004390920892348165	3.3574443871557236
6:31161839:A:G	6.45317e-06	0.00224497	-5.85188	-3.51521	6	31161839	A	G	0.0004394063752331469	3.3571336463037857
6:31161865:A:C	6.45317e-06	0.00224497	-5.85188	-3.51521	6	31161865	A	C	0.0004394063752331469	3.3571336463037857
6:18680511:C:T	3.45951e-05	0.00732404	-5.35521	-3.51502	6	18680511	C	T	0.000439720871210035	3.3568229202428603
6:72256688:C:CT	0.00227211	1.04156e-05	5.38515	3.51487	6	72256688	C	CT	0.0004399693059150579	3.3565776206426627
6:81734214:G:GA	0.0103775	0.000117097	4.48439	3.51486	6	81734214	G	GA	0.00043998587288640194	3.3565612676637597
6:17693188:TACAC:T	0.00119759	3.20042e-06	5.92479	3.51479	6	17693188	TACAC	T	0.0004401018579917152	3.35644679795865
6:31157928:C:G	4.54263e-06	0.00157907	-5.85109	-3.51461	6	31157928	C	G	0.0004404002364716535	3.3561524565070373
6:103226742:G:A	5.32742e-06	0.00154669	-5.671	-3.51392	6	103226742	G	A	0.0004415457708395501	3.355024270585324
6:137649817:G:A	4.05256e-05	0.00707624	-5.16256	-3.5136	6	137649817	G	A	0.00044207797666355247	3.354501120135366
6:99628120:A:G	4.25132e-06	0.00456462	-6.97886	-3.51336	6	99628120	A	G	0.0004424775239098171	3.3541087848302302
6:41059781:C:T	4.39022e-05	0.00766328	-5.16223	-3.51334	6	41059781	C	T	0.0004425108347238113	3.3540760912867027
6:8509224:T:A	1.5427e-06	0.000985869	-6.45999	-3.51332	6	8509224	T	A	0.00044254414787853126	3.354043397907058
6:31240143:C:T	8.19582e-06	0.00879841	-6.9787	-3.51326	6	31240143	C	T	0.00044264410138856455	3.3539453187514097
6:43996703:A:G	0.000328053	0.0466402	-4.95704	-3.51303	6	43996703	A	G	0.00044302745175456564	3.3535693623183596
6:142582754:CAAT:C	0.00711019	8.0444e-05	4.48172	3.51288	6	142582754	CAAT	C	0.0004432776297922286	3.3533241850167776
6:31162301:T:C	6.47355e-06	0.00224497	-5.84872	-3.5128	6	31162301	T	C	0.00044341111199164306	3.3531934275585082
6:25948510:C:T	6.08527e-06	0.00580837	-6.86118	-3.51233	6	25948510	C	T	0.0004441960778982669	3.3524252804445913
6:18543844:T:C	1.62192e-05	0.00648816	-5.99154	-3.5118	6	18543844	T	C	0.0004450828081148998	3.3515591805658915
6:87749407:G:C	3.22255e-05	0.0104499	-5.78159	-3.51177	6	87749407	G	C	0.00044513304976496706	3.351510159485856
6:46564377:G:A	6.15733e-06	0.00658898	-6.97551	-3.51121	6	46564377	G	A	0.00044607186608529444	3.3505951670054412
6:70057545:T:G	8.51661e-05	0.0153468	-5.19406	-3.5109	6	70057545	T	G	0.0004465923623244905	3.350088708556771
6:70057864:A:G	8.51661e-05	0.0153468	-5.19406	-3.5109	6	70057864	A	G	0.0004465923623244905	3.350088708556771
6:68352965:C:G	0.00922487	4.54223e-05	5.31366	3.5103	6	68352965	C	G	0.0004476013850787716	3.3491085782403434
6:24082863:G:A	9.52976e-06	0.0125082	-7.17972	-3.50952	6	24082863	G	A	0.0004489162957726685	3.347834629314998
6:67135133:G:A	5.49415e-06	0.00427132	-6.65599	-3.50931	6	67135133	G	A	0.00044927092565362134	3.347491685650816
6:67134934:AT:A	5.49415e-06	0.00427132	-6.65599	-3.50931	6	67134934	AT	A	0.00044927092565362134	3.347491685650816
6:84605017:C:G	6.05093e-06	0.00195582	-5.77835	-3.50927	6	84605017	C	G	0.00044933850383897805	3.3474263650964358
6:79679375:AT:A	0.044484	9.71549e-05	6.12658	3.50911	6	79679375	AT	A	0.0004496089114593418	3.347165089433517
6:32446513:A:G	0.00209063	1.0637e-05	5.28088	3.50875	6	32446513	A	G	0.00045021788398109957	3.346577257536206
6:65477214:T:C	7.71212e-06	0.00598841	-6.65479	-3.50847	6	65477214	T	C	0.00045069206137499367	3.346120091654779
6:32334980:G:A	1.40402e-05	0.00354774	-5.53214	-3.50794	6	32334980	G	A	0.0004515908877676595	3.3452548298829186
6:33923016:G:A	8.72964e-05	0.0553702	-6.45249	-3.50794	6	33923016	G	A	0.0004515908877676595	3.3452548298829186
6:141938035:C:T	8.64496e-05	0.0393937	-6.1218	-3.50755	6	141938035	C	T	0.0004522533564233585	3.3446182013156127
6:29784726:C:T	1.70205e-05	0.00799543	-6.15221	-3.50753	6	29784726	C	T	0.00045228735360996396	3.3445855553763284
6:76623999:T:A	2.9623e-05	0.0036636	-4.81765	-3.50736	6	76623999	T	A	0.00045257642600626916	3.344308071508182
6:24038309:G:A	3.58445e-05	0.0168209	-6.15119	-3.50677	6	24038309	G	A	0.0004535810153964416	3.343345131101722
6:30518286:A:G	8.92367e-06	0.00186907	-5.34449	-3.50626	6	30518286	A	G	0.0004544510657188804	3.342512873789435
6:99571482:G:A	1.70968e-05	0.0108179	-6.45007	-3.5062	6	99571482	G	A	0.00045455352690796464	3.3424149681692046
6:94534260:A:AT	0.00143868	3.65715e-05	3.67221	3.50604	6	94534260	A	AT	0.0004548268621477583	3.342153893724768
6:29999956:T:A	0.000290713	1.03814e-05	3.33232	3.5053	6	29999956	T	A	0.0004560930339467204	3.3409465608255013
6:169603151:CT:C	1.13331e-05	0.00136489	-4.7911	-3.50524	6	169603151	CT	C	0.00045619584055191334	3.3408486787998064
6:153631615:A:G	5.55479e-05	0.00668654	-4.79061	-3.50489	6	153631615	A	G	0.00045679597686105154	3.3402777297069095
6:154176444:C:T	8.35969e-05	0.0789036	-6.84998	-3.50447	6	154176444	C	T	0.0004575171128775933	3.3395926570307277
6:153631123:A:G	5.55479e-05	0.00668084	-4.78975	-3.5043	6	153631123	A	G	0.00045780930316606153	3.3393153862516183
6:22474042:C:T	2.29927e-05	0.00788377	-5.83738	-3.50413	6	22474042	C	T	0.0004581016675732016	3.3390381273103134
6:29797894:A:AT	6.63991e-05	1.87323e-06	3.56802	3.50412	6	29797894	A	AT	0.000458118870903921	3.3390218183294755
6:49657699:G:A	0.00682688	1.85322e-05	5.90911	3.50404	6	49657699	G	A	0.00045825651925340214	3.338891347957367
6:49658022:C:T	0.00682688	1.85322e-05	5.90911	3.50404	6	49658022	C	T	0.00045825651925340214	3.338891347957367
6:49657538:A:C	0.00682688	1.85322e-05	5.90911	3.50404	6	49657538	A	C	0.00045825651925340214	3.338891347957367
6:101688355:C:G	6.74741e-05	0.00742546	-4.70093	-3.50361	6	101688355	C	G	0.0004589970405600276	3.338190114620893
6:32438753:G:A	1.59029e-06	0.000288774	-5.20173	-3.50349	6	32438753	G	A	0.0004592038968652694	3.33799443511378
6:150242078:T:C	0.0220675	0.000261602	4.43504	3.50334	6	150242078	T	C	0.0004594625895727991	3.3377498440243762
6:22394620:T:G	1.80831e-05	0.00322612	-5.18406	-3.50313	6	22394620	T	G	0.0004598249878227695	3.337407431982189
6:22394571:C:T	1.80831e-05	0.00322612	-5.18406	-3.50313	6	22394571	C	T	0.0004598249878227695	3.337407431982189
6:15556976:A:G	1.01175e-06	0.000153763	-5.02373	-3.50254	6	15556976	A	G	0.00046084458214930464	3.336445513862462
6:67798200:GA:G	0.0020528	9.58142e-06	5.36713	3.50213	6	67798200	GA	G	0.0004615543556732805	3.335777146254774
6:67784146:C:CTCTCTT	0.00140216	2.22272e-05	4.14446	3.50209	6	67784146	C	CTCTCTT	0.00046162365645283847	3.335711943345227
6:22469209:CT:C	0.0124504	3.39027e-05	5.90601	3.50191	6	22469209	CT	C	0.00046193563012259176	3.3354185383621453
6:67234185:A:G	4.87213e-05	0.045774	-6.84536	-3.50123	6	67234185	A	G	0.00046311597354259637	3.334310239300282
6:67176236:G:A	3.21973e-05	0.00572573	-5.18084	-3.50063	6	67176236	G	A	0.0004641597893445349	3.333332485642684
6:56077089:A:G	2.08694e-05	0.00970698	-6.14232	-3.50017	6	56077089	A	G	0.00046496153421051345	3.332582974359746
6:119510116:A:AT	2.95848e-05	0.010676	-5.8885	-3.49993	6	119510116	A	AT	0.00046538034861598693	3.3321919593987235
6:31348704:T:C	2.03379e-05	0.0127529	-6.44103	-3.49972	6	31348704	T	C	0.00046574709991626116	3.331849840659924
6:95942620:G:C	0.000875271	1.008e-05	4.46398	3.49971	6	95942620	G	C	0.0004657645709881589	3.3318335497419334
6:95942558:A:C	0.000875271	1.008e-05	4.46398	3.49971	6	95942558	A	C	0.0004657645709881589	3.3318335497419334
6:29806447:T:A	6.53632e-05	2.84105e-06	3.13578	3.49961	6	29806447	T	A	0.0004659393153399978	3.331670642814634
6:29946416:G:A	0.000273591	5.24005e-06	3.9553	3.49943	6	29946416	G	A	0.00046625400932083256	3.331377420666522
6:29946438:T:A	0.000273591	5.24005e-06	3.9553	3.49943	6	29946438	T	A	0.00046625400932083256	3.331377420666522
6:93522134:C:A	1.41181e-05	0.0132282	-6.84265	-3.49933	6	93522134	C	A	0.0004664289249825674	3.3312145252070113
6:19497073:G:C	2.41827e-05	0.00283741	-4.76501	-3.49927	6	19497073	G	C	0.00046653390376369473	3.3311167898972043
6:128382913:G:A	9.0178e-06	0.00844833	-6.84252	-3.49925	6	128382913	G	A	0.00046656890158903053	3.33108421178825
6:15104891:G:A	1.84466e-05	0.00317528	-5.14827	-3.49917	6	15104891	G	A	0.00046670891738603143	3.330953900990679
6:162227106:C:T	4.3237e-05	0.027088	-6.44015	-3.49909	6	162227106	C	T	0.00046684897238364454	3.3308235928142946
6:14691980:A:G	0.00459228	0.000170057	3.296	3.49861	6	14691980	A	G	0.000467690126146744	3.3300417988006035
6:16008371:T:C	8.61565e-05	0.0274644	-5.76448	-3.49856	6	16008371	T	C	0.0004677778275966521	3.3299603673507945
6:76623106:T:C	2.98103e-05	0.00364448	-4.80612	-3.4984	6	76623106	T	C	0.0004680585753519919	3.32969979359191
6:83644895:C:T	1.06437e-06	0.000182998	-5.14709	-3.49823	6	83644895	C	T	0.00046835704207840204	3.329422945461041
6:6365773:G:A	7.8526e-06	0.00823256	-6.95501	-3.49806	6	6365773	G	A	0.00046865568635549463	3.329146109166188
6:111410223:C:T	3.82867e-06	0.00358021	-6.84066	-3.49794	6	111410223	C	T	0.0004688666010321955	3.3289507024371505
6:98468752:T:TTCTTTCTC	0.00011672	0.089232	-6.63921	-3.49753	6	98468752	T	TTCTTTCTC	0.0004695878945117443	3.328283107276869
6:67233332:T:A	4.92792e-05	0.0460388	-6.83974	-3.49729	6	67233332	T	A	0.000470010595278951	3.3278923518104153
6:115846552:G:A	1.89415e-05	0.0198275	-6.95347	-3.49707	6	115846552	G	A	0.00047039838278281284	3.327534180022283
6:73677031:C:CA	7.70305e-05	0.0218683	-5.64859	-3.4966	6	73677031	C	CA	0.000471227838079062	3.3267690612451344
6:67280109:G:A	7.78879e-06	0.00726359	-6.83794	-3.49603	6	67280109	G	A	0.00047223560394873303	3.3258412726246003
6:72271908:T:G	1.6146e-05	0.00333937	-5.33187	-3.49594	6	72271908	T	G	0.00047239490854037147	3.3256947918475523
6:31162725:T:C	6.62046e-06	0.00224497	-5.82628	-3.49564	6	31162725	T	C	0.000472926285981696	3.3252065465480323
6:44911276:CCACA:C	8.71756e-05	1.22118e-06	4.26811	3.49525	6	44911276	CCACA	C	0.0004736179102633227	3.3245718827601016
6:152841931:T:C	8.28452e-06	0.00864309	-6.95013	-3.49493	6	152841931	T	C	0.00047418610142590097	3.3240511795069163
6:3281158:C:T	0.000295136	0.034423	-4.75904	-3.49491	6	3281158	C	T	0.0004742216344775919	3.3240186369459535
6:3281039:C:T	0.000295136	0.034423	-4.75904	-3.49491	6	3281039	C	T	0.0004742216344775919	3.3240186369459535
6:119514162:A:C	7.40517e-06	0.00563983	-6.63543	-3.49487	6	119514162	A	C	0.0004742927080324816	3.323953552315448
6:70942642:G:T	4.13679e-06	0.000622362	-5.0136	-3.49477	6	70942642	G	T	0.00047447043539428156	3.323790843605797
6:6365748:C:T	7.89446e-06	0.00823256	-6.94969	-3.49465	6	6365748	C	T	0.0004746837902318696	3.3235955985598165
6:98801538:A:C	2.73368e-05	0.00564303	-5.32994	-3.49437	6	98801538	A	C	0.00047518196626566484	3.323140049718622
6:5340001:A:G	5.18939e-05	0.0394577	-6.63378	-3.49372	6	5340001	A	G	0.0004763403271516709	3.3220826493973834
6:73269039:G:A	0.00175683	4.04032e-05	3.77236	3.49321	6	73269039	G	A	0.0004772510384314852	3.3212531179692393
6:73269017:C:T	0.00175683	4.04032e-05	3.77236	3.49321	6	73269017	C	T	0.0004772510384314852	3.3212531179692393
6:95455477:A:G	1.58326e-05	0.00983566	-6.4317	-3.49303	6	95455477	A	G	0.0004775728535212316	3.3209603676010504
6:165456698:G:C	0.000156463	0.0441952	-5.64355	-3.49271	6	165456698	G	C	0.00047814546907257426	3.3204399552618113
6:84472743:GAAT:G	0.0072411	3.41574e-05	5.35655	3.4923	6	84472743	GAAT	G	0.0004788800686638181	3.319773238232928
6:157925231:A:G	0.000261578	9.54152e-06	3.31108	3.49229	6	157925231	A	G	0.00047889799887088026	3.319756977701911
6:32334964:G:T	1.43271e-05	0.00354774	-5.51192	-3.4922	6	32334964	G	T	0.00047905939891520056	3.3196106347654664
6:156882758:A:G	3.41554e-06	0.00436929	-7.15402	-3.49191	6	156882758	A	G	0.00047957981092637585	3.3191391078663965
6:164256777:T:G	5.4168e-05	0.0335952	-6.43005	-3.49184	6	164256777	T	G	0.0004797055065957414	3.319025296188223
6:73269284:C:T	0.00175347	4.04032e-05	3.77045	3.49184	6	73269284	C	T	0.0004797055065957414	3.319025296188223
6:165184972:A:G	9.74548e-05	0.0328739	-5.82104	-3.49164	6	165184972	A	G	0.00048006480641739303	3.318700131020962
6:88443758:C:T	6.63432e-06	0.00164139	-5.51104	-3.49152	6	88443758	C	T	0.0004802805067785258	3.3185050397826905
6:57274947:A:AT	3.28339e-05	0.041965	-7.15313	-3.4913	6	57274947	A	AT	0.0004806761922379319	3.31814738782714
6:50749887:G:A	2.92691e-06	0.000601588	-5.32562	-3.49084	6	50749887	G	A	0.0004815045172814674	3.3173996341444063
6:65114320:AT:A	2.26367e-06	0.000162655	-4.27464	-3.49075	6	65114320	AT	A	0.00048166673651835217	3.317253344645367
6:115598642:C:CT	6.72172e-06	0.000841891	-4.83031	-3.49062	6	115598642	C	CT	0.00048190114318533465	3.3170420434466776
6:38700076:A:G	0.000106208	0.0299099	-5.64054	-3.49039	6	38700076	A	G	0.00048231612333310875	3.316668219816541
6:160299965:A:G	1.61309e-05	0.00574725	-5.87574	-3.49016	6	160299965	A	G	0.00048273143675642706	3.3162944178473905
6:162483559:A:AGGAG	0.0583802	0.000704444	4.41732	3.48997	6	162483559	A	AGGAG	0.00048307477330703104	3.315985641254135
6:103958404:G:T	0.00956185	0.000134858	4.26131	3.48992	6	103958404	G	T	0.0004831651628767395	3.3159043867127105
6:153631812:C:T	5.55479e-05	0.00654218	-4.76878	-3.48969	6	153631812	C	T	0.00048358115810550874	3.315530629006925
6:55841206:A:G	9.27368e-05	0.00953978	-4.63346	-3.48953	6	55841206	A	G	0.0004838707430805617	3.315270636421641
6:62801322:GT:G	0.00280331	2.71041e-06	6.94146	3.48943	6	62801322	GT	G	0.0004840518158120142	3.315108146378842
6:32723568:A:G	1.08518e-05	0.00341792	-5.75245	-3.48927	6	32723568	A	G	0.0004843416636365405	3.3148481708271396
6:32723396:C:T	1.08518e-05	0.00341792	-5.75245	-3.48927	6	32723396	C	T	0.0004843416636365405	3.3148481708271396
6:73049693:A:G	5.73705e-05	0.00190831	-3.50444	-3.48924	6	73049693	A	G	0.0004843960281209701	3.3147994265781544
6:23781596:T:C	0.00083796	3.9697e-06	5.35228	3.48921	6	23781596	T	C	0.00048445039829641943	3.3147506826976825
6:23781805:C:A	0.00083796	3.9697e-06	5.35228	3.48921	6	23781805	C	A	0.00048445039829641943	3.3147506826976825
6:23782289:C:T	0.000837537	3.9697e-06	5.35177	3.48884	6	23782289	C	T	0.0004851214319367908	3.3141495384716895
6:61218416:T:C	9.93743e-07	0.000441315	-6.09604	-3.48841	6	61218416	T	C	0.00048590237092427775	3.3134509818243805
6:160297612:G:A	9.39104e-06	0.00333808	-5.8734	-3.48836	6	160297612	G	A	0.0004859932538346505	3.3133697592206692
6:8808969:A:T	0.0077753	0.00011756	4.19176	3.48783	6	8808969	A	T	0.00048695758782639405	3.3125088625534733
6:78225092:G:C	4.11107e-06	0.00378916	-6.82622	-3.48781	6	78225092	G	C	0.00048699401270516454	3.3124763781387387
6:70937905:C:T	1.29837e-05	0.0119664	-6.82617	-3.48777	6	70937905	C	T	0.00048706687008571715	3.3124114098006032
6:102777844:G:GCAAA	0.00818655	6.70706e-05	4.8045	3.48715	6	102777844	G	GCAAA	0.0004881974601513132	3.311404484331241
6:86533365:C:A	1.08973e-05	0.0138424	-7.14698	-3.48709	6	86533365	C	A	0.0004883070018780811	3.311307048283536
6:158342109:T:C	9.92458e-05	3.67691e-06	3.29553	3.48692	6	158342109	T	C	0.0004886174945939728	3.3110309874861863
6:158342063:G:C	9.92458e-05	3.67691e-06	3.29553	3.48692	6	158342063	G	C	0.0004886174945939728	3.3110309874861863
6:55840576:G:A	9.25967e-05	0.00949359	-4.63012	-3.4869	6	55840576	G	A	0.0004886540352507882	3.3109985105232487
6:78217736:G:T	2.17169e-06	0.000681551	-5.74887	-3.4865	6	78217736	G	T	0.0004893853837599271	3.310349005656893
6:19541687:A:G	0.000118651	0.0199939	-5.127	-3.48625	6	19541687	A	G	0.0004898429947941097	3.309943098381689
6:37494060:CTTTTTTTT:C	0.00585552	1.3038e-05	6.10727	3.48608	6	37494060	CTTTTTTTT	C	0.0004901543981926882	3.3096670960511356
6:121611514:T:C	0.000113819	0.0318682	-5.63476	-3.48591	6	121611514	T	C	0.0004904659861940774	3.3093911055529994
6:55840959:GGA:G	9.27368e-05	0.00948943	-4.62817	-3.48537	6	55840959	GGA	G	0.0004914569619765478	3.308514508339451
6:32334764:T:G	1.44545e-05	0.00354774	-5.50306	-3.48532	6	32334764	T	G	0.0004915488133760535	3.3084333479697428
6:31047046:T:A	0.00253126	4.23734e-05	4.08995	3.48512	6	31047046	T	A	0.0004919163790793902	3.3081087167263528
6:74314578:A:G	1.96163e-05	0.00267636	-4.91585	-3.48509	6	74314578	A	G	0.0004919715360360202	3.3080600234523327
6:158805231:C:T	4.0528e-06	0.00513306	-7.14405	-3.48508	6	158805231	C	T	0.0004919899229697837	3.308043792442875
6:16226037:A:G	0.000104551	0.0182213	-5.16067	-3.48496	6	16226037	A	G	0.0004922106161640174	3.3078490235228335
6:96114482:A:G	5.812e-06	0.00357008	-6.42042	-3.48494	6	96114482	A	G	0.000492247407336891	3.3078165626093403
6:50751519:C:T	2.94912e-06	0.000601588	-5.31807	-3.48466	6	50751519	C	T	0.0004927627530927057	3.3073621270158107
6:133506010:T:C	8.5096e-05	0.107656	-7.14291	-3.4843	6	133506010	T	C	0.0004934260797620281	3.3067778998454513
6:30518902:T:C	0.0018721	8.96749e-06	5.34121	3.4838	6	30518902	T	C	0.0004943487481923436	3.3059665612425335
6:73613654:G:A	3.06195e-06	0.00387035	-7.14205	-3.48371	6	73613654	G	A	0.0004945149992681307	3.305820531163687
6:123701484:G:A	0.00695379	0.000256558	3.29969	3.48358	6	123701484	G	A	0.0004947552317530476	3.3056096046820187
6:86489144:C:T	8.47184e-06	0.00325795	-5.9521	-3.48351	6	86489144	C	T	0.0004948846327759688	3.305496031750002
6:8810697:G:A	0.00730245	0.000122513	4.08775	3.48343	6	8810697	G	A	0.0004950325583018391	3.3053662365698084
6:4813937:AT:A	0.0137126	0.000267689	3.93624	3.48291	6	4813937	AT	A	0.0004959950796433249	3.3045226317645446
6:43997428:T:C	0.000341689	0.0464658	-4.91257	-3.48286	6	43997428	T	C	0.0004960877216774883	3.304441521751766
6:101042465:G:A	1.32474e-05	0.00317161	-5.47819	-3.48279	6	101042465	G	A	0.000496217447631632	3.304327969453324
6:23779291:A:C	0.000320715	8.40008e-06	3.64231	3.48229	6	23779291	A	C	0.0004971449818759315	3.3035169399455078
6:111389715:T:C	0.0148236	1.4498e-05	6.92997	3.48176	6	111389715	T	C	0.0004981299329931714	3.3026573604094125
6:70419158:C:T	3.86036e-06	0.00486458	-7.13898	-3.4816	6	70419158	C	T	0.0004984276340869867	3.3023978872983397
6:97337171:CAA:C	3.65062e-06	0.000120132	-3.49369	-3.48143	6	97337171	CAA	C	0.0004987441232589415	3.302122208600934
6:133502044:TTCTCTC:T	0.0210446	2.06079e-05	6.92872	3.48093	6	133502044	TTCTCTC	T	0.0004996760600991555	3.3013114574733504
6:144485555:C:T	2.34077e-05	0.00317379	-4.90962	-3.48086	6	144485555	C	T	0.0004998066607460592	3.3011979604825106
6:23483908:A:G	2.15604e-05	0.0271182	-7.1371	-3.48032	6	23483908	A	G	0.0005008152217313867	3.3003224796908324
6:23484246:T:C	2.15604e-05	0.0271182	-7.1371	-3.48032	6	23484246	T	C	0.0005008152217313867	3.3003224796908324
6:130256532:T:C	0.00142517	2.32586e-05	4.11537	3.48015	6	130256532	T	C	0.0005011331241732616	3.3000468900728905
6:130256250:A:G	0.00142517	2.32586e-05	4.11537	3.48015	6	130256250	A	G	0.0005011331241732616	3.3000468900728905
6:29804647:A:G	6.27116e-05	1.23783e-06	3.92519	3.48011	6	29804647	A	G	0.0005012079520854322	3.2999820471762398
6:29804653:G:T	6.27116e-05	1.23783e-06	3.92519	3.48011	6	29804653	G	T	0.0005012079520854322	3.2999820471762398
6:38464880:C:T	9.48419e-06	0.00314803	-5.80491	-3.47929	6	38464880	C	T	0.0005027442218600661	3.2986529121359136
6:35362644:T:C	3.15571e-05	0.00298586	-4.54984	-3.47928	6	35362644	T	C	0.0005027629839241595	3.298636704870846
6:2147126:T:C	3.78098e-06	0.003848	-6.92533	-3.47902	6	2147126	T	C	0.0005032510267829477	3.298215330347478
6:4245970:C:T	3.01674e-05	0.00630594	-5.34249	-3.47893	6	4245970	C	T	0.0005034200675777397	3.298069476382869
6:155286355:AAGAC:A	0.0219031	4.77374e-05	6.12867	3.47881	6	155286355	AAGAC	A	0.0005036455376510029	3.2978750095878953
6:85320252:G:A	4.08044e-05	0.0155879	-5.94546	-3.47875	6	85320252	G	A	0.0005037583079892886	3.2977777784009064
6:22472456:T:TA	2.19452e-05	0.0223189	-6.92464	-3.47859	6	22472456	T	TA	0.0005040591439902503	3.297518502440167
6:124575953:G:A	0.0450779	0.000519039	4.46417	3.47819	6	124575953	G	A	0.0005048119669232348	3.296870358385308
6:61218973:G:A	9.96086e-07	0.000436198	-6.08202	-3.478	6	61218973	G	A	0.0005051699249016122	3.2965625129030665
6:147870478:G:A	0.0394046	0.000187178	5.34958	3.4779	6	147870478	G	A	0.0005053584188713708	3.29640049490052
6:67609909:A:T	5.53247e-06	0.002422	-6.08172	-3.47778	6	67609909	A	T	0.0005055846981863081	3.2962060787007768
6:84463870:A:G	4.27709e-05	0.0260095	-6.41036	-3.47773	6	84463870	A	G	0.0005056790091090762	3.2961250736905807
6:106280820:T:A	1.88853e-05	0.0236537	-7.13289	-3.47743	6	106280820	T	A	0.0005062452191545243	3.2956390651197203
6:32058480:T:C	3.65241e-05	0.0331641	-6.81125	-3.47731	6	32058480	T	C	0.0005064718686196172	3.295444672006682
6:88443207:T:C	0.00219096	1.05956e-05	5.33166	3.47705	6	88443207	T	C	0.000506963267023702	3.295023507149595
6:31344944:C:T	0.00742142	2.14765e-05	5.84517	3.47674	6	31344944	C	T	0.0005075497460154209	3.2945213852153166
6:125455997:CAAAA:C	0.0225703	0.000901191	3.22067	3.47669	6	125455997	CAAAA	C	0.0005076443986145123	3.294440401490539
6:92459377:T:C	3.16415e-05	0.0395829	-7.13168	-3.4766	6	92459377	T	C	0.0005078148147620423	3.294294633364711
6:137273080:A:C	0.000106542	0.133267	-7.13157	-3.47653	6	137273080	A	C	0.0005079473975242723	3.2941812604479743
6:31361810:A:AT	1.26882e-06	0.00128597	-6.92118	-3.47637	6	31361810	A	AT	0.0005082505650224813	3.2939221298841996
6:83861686:A:G	0.00154257	5.00597e-06	5.73058	3.4763	6	83861686	A	G	0.0005083832538380951	3.2938087635576236
6:19126507:C:A	7.56419e-06	0.00126481	-5.11925	-3.47613	6	19126507	C	A	0.0005087056325613607	3.2935334536861696
6:64958440:T:C	2.26875e-06	0.000749736	-5.80049	-3.47592	6	64958440	T	C	0.0005091041282093172	3.293193381353434
6:50005717:A:T	6.80091e-05	0.00683555	-4.61025	-3.47583	6	50005717	A	T	0.0005092750011242356	3.2930476415938212
6:6365158:C:A	8.51601e-06	0.00516307	-6.40734	-3.47556	6	6365158	C	A	0.0005097879407001449	3.2926104422079194
6:153632556:T:G	5.61554e-05	0.00647905	-4.74821	-3.47536	6	153632556	T	G	0.0005101682063950644	3.2922866100488943
6:153632533:A:G	5.61554e-05	0.00647905	-4.74821	-3.47536	6	153632533	A	G	0.0005101682063950644	3.2922866100488943
6:65638729:C:T	2.1256e-05	0.00442266	-5.33786	-3.47531	6	65638729	C	T	0.0005102633141253202	3.2922056545673644
6:126855874:T:C	0.0027069	2.15907e-05	4.8313	3.4747	6	126855874	T	C	0.0005114249600514088	3.2912180800874156
6:25112115:G:C	0.00171727	5.87941e-05	3.37445	3.47462	6	25112115	G	C	0.0005115774897780993	3.2910885734198025
6:68536083:A:G	8.03673e-07	7.23182e-05	-4.49964	-3.47428	6	68536083	A	G	0.0005122262143226524	3.290538199306968
6:43663858:C:A	0.00211697	7.25232e-05	3.37384	3.47415	6	43663858	C	A	0.0005124744586498447	3.290327774650449
6:84607366:AACTGCAAGT:A	0.00144108	6.99922e-06	5.32735	3.474	6	84607366	AACTGCAAGT	A	0.0005127610337633271	3.2900849855652123
6:22473489:T:A	2.38557e-05	0.0103783	-6.07545	-3.47312	6	22473489	T	A	0.0005144452854715261	3.2886608084261018
6:13531055:T:C	0.0332787	0.00124957	3.28212	3.47252	6	13531055	T	C	0.0005155965939377363	3.2876899602847556
6:12153571:CAAA:C	0.000549221	2.10434e-05	3.26191	3.47228	6	12153571	CAAA	C	0.0005160577894216057	3.287301662284385
6:32446112:C:A	0.00141024	1.17934e-05	4.78398	3.47217	6	32446112	C	A	0.0005162692991664609	3.287123700246267
6:72268170:C:T	0.00445075	6.07869e-06	6.59604	3.47174	6	72268170	C	T	0.0005170968855221865	3.2864280779784654
6:48401352:G:GT	2.83249e-05	0.0351632	-7.12401	-3.47135	6	48401352	G	GT	0.0005178485562694513	3.2857972302024128
6:24773906:T:G	0.00805167	1.10038e-05	6.59539	3.47129	6	24773906	T	G	0.0005179642882747405	3.2857001822236187
6:83861499:T:C	0.00154257	5.04388e-06	5.72303	3.4712	6	83861499	T	C	0.0005181379314844976	3.2855546130180224
6:7276363:T:C	3.00356e-05	0.0221128	-6.60153	-3.47106	6	7276363	T	C	0.0005184081509920195	3.2853281786208224
6:137269668:G:A	0.000148611	0.0175307	-4.77038	-3.47066	6	137269668	G	A	0.0005191809306633131	3.284681267401422
6:35362253:T:C	3.19682e-05	0.00298579	-4.53688	-3.47051	6	35362253	T	C	0.0005194709997456819	3.2844386925764386
6:153632722:C:T	5.65483e-05	0.00647905	-4.74123	-3.47051	6	153632722	C	T	0.0005194709997456819	3.2844386925764386
6:32442438:T:C	3.9674e-06	0.00177308	-6.10236	-3.47047	6	32442438	T	C	0.0005195483770073966	3.2843740075116523
6:32442433:T:C	3.9674e-06	0.00177308	-6.10236	-3.47047	6	32442433	T	C	0.0005195483770073966	3.2843740075116523
6:32737253:C:G	1.76869e-05	0.0177528	-6.91147	-3.47014	6	32737253	C	G	0.0005201871494233642	3.283840380712727
6:38144705:A:G	2.07353e-06	0.00152427	-6.60002	-3.47	6	38144705	A	G	0.0005204583648549334	3.283614007050633
6:160308602:CAA:C	0.0137059	3.12396e-05	6.0839	3.46984	6	160308602	CAA	C	0.0005207684867252096	3.2833553041161925
6:67280916:G:C	8.08864e-06	0.00726359	-6.80017	-3.46954	6	67280916	G	C	0.0005213504294863506	3.282870264352906
6:87572903:A:C	8.20737e-07	0.000142754	-5.15867	-3.46908	6	87572903	A	C	0.0005222439189792744	3.282126608253582
6:68257668:A:C	1.68812e-05	0.0208841	-7.12054	-3.46897	6	68257668	A	C	0.000522457790843925	3.2819487902772613
6:65114444:G:T	7.31167e-05	2.52189e-06	3.36705	3.4689	6	65114444	G	T	0.0005225939336192362	3.28183563596151
6:111835817:G:C	8.25884e-05	0.00928667	-4.72247	-3.46821	6	111835817	G	C	0.0005239376827550246	3.280720365010657
6:54081393:AT:A	0.0104763	0.000179328	4.06765	3.46802	6	54081393	AT	A	0.0005243082656613539	3.2804132956282195
6:8024258:G:A	3.16525e-06	0.00136715	-6.06825	-3.46778	6	8024258	G	A	0.0005247767195489174	3.280025439630307
6:31192360:C:CT	3.09e-06	0.000844705	-5.61082	-3.46742	6	31192360	C	CT	0.0005254801318003376	3.279443699830981
6:159277423:G:A	2.7109e-05	0.00393512	-4.97783	-3.46735	6	159277423	G	A	0.0005256170084019145	3.2793305899178646
6:29804634:A:G	6.25732e-05	1.26002e-06	3.90521	3.4673	6	29804634	A	G	0.0005257147977450403	3.279249798350478
6:29804629:C:G	6.25732e-05	1.26002e-06	3.90521	3.4673	6	29804629	C	G	0.0005257147977450403	3.279249798350478
6:67241845:T:C	9.84256e-06	0.00202671	-5.32745	-3.46718	6	67241845	T	C	0.000525949561348926	3.279055902762915
6:29804658:G:C	6.25791e-05	1.26055e-06	3.90489	3.46709	6	29804658	G	C	0.0005261256981630926	3.2789104849394737
6:31155792:C:T	0.00164928	3.77615e-06	6.07939	3.46671	6	31155792	C	T	0.0005268699931472647	3.278296535117961
6:132232875:C:CTT	0.00493279	0.000187819	3.26818	3.46661	6	132232875	C	CTT	0.0005270660232708366	3.2781349791969
6:50820669:C:G	2.59605e-06	0.000608127	-5.45639	-3.4663	6	50820669	C	G	0.0005276741486852591	3.277634181847797
6:31287230:C:T	8.86354e-06	0.00212295	-5.47862	-3.4663	6	31287230	C	T	0.0005276741486852591	3.277634181847797
6:67282723:A:T	8.30735e-06	0.00742493	-6.79546	-3.46623	6	67282723	A	T	0.0005278115577904736	3.277521104018076
6:84697630:AACACACACA:A	0.000792368	3.03899e-06	5.5635	3.46617	6	84697630	AACACACACA	A	0.0005279293635626957	3.277424181759992
6:153630291:T:G	0.00203197	4.85358e-05	3.73446	3.46602	6	153630291	T	G	0.0005282239852025144	3.277181882559992
6:78216423:G:A	0.000678008	2.23411e-06	5.71532	3.46598	6	78216423	G	A	0.0005283025768463439	3.2771172709950243
6:3285052:A:G	0.000452981	0.0507669	-4.71915	-3.46579	6	3285052	A	G	0.0005286760359853919	3.2768103750028343
6:67615032:C:T	1.01483e-06	0.00124903	-7.11541	-3.46545	6	67615032	C	T	0.000529344945371903	3.276261229571355
6:32449656:C:T	1.23016e-05	0.0151377	-7.11522	-3.46532	6	32449656	C	T	0.0005296009132052078	3.2760512747019654
6:146383045:T:G	8.06336e-05	0.00915649	-4.7323	-3.46429	6	146383045	T	G	0.0005316330469991566	3.274388030582401
6:120734436:G:T	1.46158e-05	0.00341398	-5.45353	-3.46414	6	120734436	G	T	0.0005319295942143726	3.2741458467795126
6:24078882:G:A	0.000518499	1.53829e-05	3.51768	3.46389	6	24078882	G	A	0.0005324241821253311	3.2737422275679675
6:65646015:C:T	0.00202349	1.6383e-05	4.81633	3.46375	6	65646015	C	T	0.0005327013384959358	3.2735162119805756
6:41903172:C:A	0.00019441	6.75074e-06	3.36032	3.4637	6	41903172	C	A	0.0005328003554902464	3.2734354940716126
6:41903219:C:A	0.00019441	6.75074e-06	3.36032	3.4637	6	41903219	C	A	0.0005328003554902464	3.2734354940716126
6:31289848:T:C	9.14298e-06	0.00218131	-5.4747	-3.46325	6	31289848	T	C	0.0005336922805042831	3.272709078925172
6:130858596:CAT:C	0.00172968	8.40415e-06	5.32696	3.46256	6	130858596	CAT	C	0.000535062601400849	3.2715954033013057
6:84853351:A:G	5.14041e-05	0.0156387	-5.71779	-3.4625	6	84853351	A	G	0.0005351819145437389	3.2714985711493663
6:29806342:CT:C	1.95692e-06	6.35984e-05	-3.48121	-3.46229	6	29806342	CT	C	0.0005355997057951454	3.2711596702178705
6:165501559:C:T	0.0131382	0.000263449	3.90942	3.46228	6	165501559	C	T	0.0005356196081947724	3.271143532528374
6:29806327:G:A	1.95692e-06	6.35962e-05	-3.48118	-3.46227	6	29806327	G	A	0.0005356395112834887	3.271127394879796
6:29783352:T:C	1.84838e-05	0.00816923	-6.09123	-3.4622	6	29783352	T	C	0.0005357788522008243	3.2710144324854484
6:31005758:G:C	1.80601e-05	0.00549114	-5.71719	-3.46203	6	31005758	G	C	0.000536117392196168	3.270740103589273
6:32739931:C:CT	0.0143014	6.19607e-05	5.44161	3.46191	6	32739931	C	CT	0.0005363564815948985	3.270546466782246
6:133713010:C:G	3.32742e-06	0.00407351	-7.11006	-3.46179	6	133713010	C	G	0.0005365956703389818	3.27035283586735
6:9261421:C:G	0.000160096	0.0262873	-5.10107	-3.46168	6	9261421	C	G	0.0005368150139921697	3.2701753460380862
6:136377133:T:A	2.11562e-06	0.00187617	-6.78764	-3.46075	6	136377133	T	A	0.0005386728065593319	3.2686749480837425
6:65646918:A:T	0.00200604	1.6309e-05	4.8122	3.46072	6	65646918	A	T	0.0005387328349686205	3.2686265540417336
6:78216444:A:G	2.23411e-06	0.000678008	-5.71532	-3.46059	6	78216444	A	G	0.0005389930301039489	3.268416850781658
6:78216693:C:T	2.23411e-06	0.000678008	-5.71532	-3.46059	6	78216693	C	T	0.0005389930301039489	3.268416850781658
6:32443530:C:T	4.02131e-06	0.00177308	-6.08886	-3.46044	6	32443530	C	T	0.0005392934007497597	3.2681748940739728
6:32614136:A:G	3.06641e-06	0.0018188	-6.38543	-3.45985	6	32614136	A	G	0.0005404763724147592	3.2672232870098026
6:32614112:C:T	3.06641e-06	0.0018188	-6.38543	-3.45985	6	32614112	C	T	0.0005404763724147592	3.2672232870098026
6:31290478:G:C	9.18448e-06	0.00218131	-5.47017	-3.45973	6	31290478	G	C	0.0005407172724976361	3.267029757240354
6:30857964:G:A	9.44153e-06	0.00305449	-5.77925	-3.45967	6	30857964	G	A	0.0005408377600496986	3.2669329945650567
6:29806451:C:T	6.54963e-05	3.01386e-06	3.07877	3.45962	6	29806451	C	T	0.0005409381854503591	3.266852360127479
6:44759444:G:C	1.64205e-05	0.00381232	-5.44746	-3.45955	6	44759444	G	C	0.0005410788101988593	3.2667394736333075
6:69491801:G:A	0.000222344	1.89295e-06	4.76609	3.45911	6	69491801	G	A	0.0005419635173762625	3.2660299472908454
6:84463414:T:C	4.39025e-05	0.0260095	-6.38425	-3.459	6	84463414	T	C	0.0005421849046529634	3.2658525780819483
6:24040620:C:CTT	1.75419e-05	0.0103911	-6.38411	-3.4589	6	24040620	C	CTT	0.000542386238923783	3.2656913376426147
6:46686509:G:A	2.45763e-05	0.0177658	-6.58325	-3.45823	6	46686509	G	A	0.0005437369762827327	3.264611132237363
6:32632779:G:C	0.00066124	1.33294e-05	3.90414	3.45822	6	32632779	G	C	0.0005437571602571551	3.2645950111597024
6:32632804:G:A	0.00066124	1.33294e-05	3.90414	3.45822	6	32632804	G	A	0.0005437571602571551	3.2645950111597024
6:29999636:G:A	0.000253178	1.16743e-05	3.0767	3.45817	6	29999636	G	A	0.0005438580905999782	3.2645144063851075
6:19182862:A:AT	1.09309e-05	0.00789542	-6.58245	-3.45766	6	19182862	A	AT	0.0005448885775094764	3.2636922961087365
6:15088096:C:CTT	0.000320162	0.0538692	-5.12549	-3.45763	6	15088096	C	CTT	0.0005449492509977043	3.2636439399946924
6:120735268:C:T	1.4748e-05	0.00341398	-5.44453	-3.45733	6	120735268	C	T	0.0005455563321443467	3.2631603991061975
6:27689868:G:A	4.74408e-05	1.82063e-06	3.2603	3.45687	6	27689868	G	A	0.0005464884136911012	3.262419041259313
6:23784531:G:C	1.35795e-06	0.00165053	-7.10288	-3.45686	6	23784531	G	C	0.0005465086927993385	3.262402925745824
6:73781903:A:G	6.54356e-06	0.00643334	-6.89077	-3.45686	6	73781903	A	G	0.0005465086927993385	3.262402925745824
6:160297724:T:C	9.78586e-06	0.00333808	-5.83221	-3.45682	6	160297724	T	C	0.0005465898162428371	3.2623384641009903
6:66512925:G:A	1.201e-05	0.0105896	-6.78189	-3.45671	6	66512925	G	A	0.0005468129635592433	3.262161197952957
6:32401300:T:C	8.11376e-06	0.0071538	-6.78184	-3.45668	6	32401300	T	C	0.0005468738366456983	3.2621128534990125
6:56836000:G:A	1.04808e-06	9.19737e-05	-4.47454	-3.45654	6	56836000	G	A	0.0005471579945292915	3.2618872509158106
6:147826589:C:T	0.000104023	0.126355	-7.10224	-3.45643	6	147826589	C	T	0.0005473813579244921	3.2617099973686927
6:35292753:C:T	8.45904e-06	0.000949768	-4.72098	-3.45641	6	35292753	C	T	0.0005474219785758689	3.2616777699828887
6:35292726:C:T	8.45904e-06	0.000949768	-4.72098	-3.45641	6	35292726	C	T	0.0005474219785758689	3.2616777699828887
6:68243700:CAAA:C	0.00547581	1.23318e-05	6.09592	3.4561	6	68243700	CAAA	C	0.0005480519578717298	3.2611782664292885
6:123201859:C:T	9.31826e-05	0.00638248	-4.22675	-3.45602	6	123201859	C	T	0.0005482146427719019	3.2610493686686324
6:48398764:A:G	6.34731e-05	0.0269841	-6.05239	-3.45599	6	48398764	A	G	0.0005482756612067059	3.2610010326834242
6:32692061:T:C	0.0321276	7.23736e-05	6.09563	3.4559	6	32692061	T	C	0.0005484587544737231	3.2608560269370175
6:9272665:T:A	0.000192358	0.0618941	-5.77382	-3.45552	6	9272665	T	A	0.000549232443054991	3.260243816985886
6:49069869:A:AT	0.000486444	1.59118e-05	3.42006	3.45514	6	49069869	A	AT	0.0005500071482321642	3.2596316661101006
6:141748188:C:A	1.03471e-05	0.0125367	-7.09971	-3.45469	6	141748188	C	A	0.0005509258786834297	3.258906826999625
6:136370907:CTTT:C	0.00281065	2.86317e-06	6.88924	3.4546	6	136370907	CTTT	C	0.0005511097962339784	3.2587618691187
6:64518796:G:A	0.0129638	0.000424372	3.41931	3.45456	6	64518796	G	A	0.0005511915557243321	3.2586974444575016
6:71918099:G:A	6.21418e-05	0.0187119	-5.7075	-3.45455	6	71918099	G	A	0.000551211997362255	3.258681338394478
6:89544924:A:C	0.00207715	1.1425e-05	5.20295	3.45448	6	89544924	A	C	0.0005513551086019767	3.2585685970987828
6:89543910:A:G	0.000874241	1.52343e-05	4.04981	3.45434	6	89543910	A	G	0.0005516414349203747	3.2583431205211317
6:78209567:AT:A	0.0037938	5.31622e-06	6.57036	3.45413	6	78209567	AT	A	0.000552071184110412	3.2580049206889488
6:32721101:C:CTTTTTTTTT	1.09024e-05	0.0131903	-7.09825	-3.45369	6	32721101	C	CTTTTTTTTT	0.0005529726224091045	3.257296370017152
6:153054401:G:A	3.10479e-05	0.0105452	-5.8279	-3.45351	6	153054401	G	A	0.0005533417876355536	3.257006531205956
6:29806457:G:A	6.50955e-05	3.305e-06	2.98042	3.45299	6	29806457	G	A	0.0005544095549012424	3.2561692935385183
6:160298560:C:T	9.84523e-06	0.00333808	-5.82616	-3.45219	6	160298560	C	T	0.0005560560219540348	3.254881451583677
6:103495453:C:G	2.50929e-05	0.0147236	-6.37462	-3.4521	6	103495453	C	G	0.0005562415342285655	3.2547365857472768
6:49862816:C:CA	1.4988e-05	0.00293791	-5.2782	-3.45207	6	49862816	C	CA	0.000556303384462729	3.2546882978714744
6:32237149:T:C	7.94123e-05	0.0160325	-5.30772	-3.45177	6	32237149	T	C	0.0005569222392165921	3.254205439362522
6:124575679:C:T	0.0446509	0.00053205	4.42989	3.45176	6	124575679	C	T	0.0005569428787474738	3.2541893447129504
6:30853745:C:T	4.0606e-05	0.0489678	-7.095	-3.45147	6	30853745	C	T	0.0005575417351456551	3.2537226176698457
6:157937971:A:C	9.56895e-06	0.000929017	-4.5756	-3.45144	6	157937971	A	C	0.0005576037200266203	3.253674337525462
6:24078702:C:CA	7.56648e-06	0.00737319	-6.88188	-3.45116	6	24078702	C	CA	0.0005581825551755451	3.2532237405979902
6:36526222:GTT:G	0.000670871	1.52174e-06	6.08872	3.45111	6	36526222	GTT	G	0.0005582859774685798	3.2531432802357214
6:50821463:G:A	2.65805e-06	0.000609998	-5.43586	-3.45077	6	50821463	G	A	0.0005589897225249215	3.2525961768930873
6:31363854:TA:T	0.000280322	1.23346e-06	5.42611	3.45069	6	31363854	TA	T	0.0005591554296291355	3.2524674535670313
6:70952299:T:C	3.5419e-05	0.0119818	-5.8239	-3.45045	6	70952299	T	C	0.0005596528254917977	3.252081299296684
6:18540454:C:CTT	1.83836e-05	0.00674435	-5.905	-3.44972	6	18540454	C	CTT	0.0005611682720750962	3.2509068915500103
6:147869077:A:G	0.000266708	0.0452699	-5.13424	-3.44956	6	147869077	A	G	0.0005615009349829031	3.250649516236758
6:142579618:CT:C	0.0080006	9.86635e-05	4.39556	3.44893	6	142579618	CT	C	0.0005628125813434761	3.2496362027316525
6:104184984:G:T	4.92285e-06	0.00351174	-6.56998	-3.44891	6	104184984	G	T	0.0005628542676050913	3.249604036707725
6:82858129:C:CTAGATAGA	2.62469e-05	0.0070036	-5.58663	-3.44873	6	82858129	C	CTAGATAGA	0.0005632295733808509	3.2493145498550744
6:29885078:C:T	6.65679e-06	0.00280073	-6.042	-3.44828	6	29885078	C	T	0.0005641688577101618	3.248590890704427
6:56078275:T:C	1.60095e-05	0.0139315	-6.76872	-3.44748	6	56078275	T	C	0.0005658422994340448	3.2473045900636555
6:32615192:T:C	3.58059e-06	0.00254863	-6.56778	-3.44737	6	32615192	T	C	0.0005660727588396252	3.247127744197355
6:32361821:A:G	9.2036e-05	0.0655076	-6.56774	-3.44734	6	32361821	A	G	0.000566135626573704	3.2470795143654976
6:52543694:G:A	2.16429e-05	0.018826	-6.76832	-3.4472	6	52543694	G	A	0.0005664290953153057	3.246854446684193
6:130257215:AAAG:A	1.06617e-05	0.00142544	-4.89557	-3.44693	6	130257215	AAAG	A	0.0005669954708580574	3.246420410223865
6:123186723:G:A	1.73703e-05	0.0101164	-6.36716	-3.44675	6	123186723	G	A	0.0005673733475003125	3.246131069148924
6:51794186:G:A	0.0132266	0.000114544	4.74903	3.44665	6	51794186	G	A	0.0005675833802925122	3.2459703298335323
6:114766776:T:A	1.59877e-05	0.00213655	-4.89513	-3.4466	6	114766776	T	A	0.0005676884238384697	3.2458899617096466
6:162933765:G:A	0.0128158	0.000532212	3.18139	3.4466	6	162933765	G	A	0.0005676884238384697	3.2458899617096466
6:43667428:C:CCTGCCTGG	0.00247371	6.07172e-05	3.70725	3.4465	6	43667428	C	CCTGCCTGG	0.0005678985652443843	3.24572922852949
6:32632824:C:A	0.00066124	1.35386e-05	3.88858	3.44625	6	32632824	C	A	0.0005684242357242082	3.245327413473455
6:32632825:C:T	0.00066124	1.35386e-05	3.88858	3.44625	6	32632825	C	T	0.0005684242357242082	3.245327413473455
6:99572081:G:T	1.88464e-05	0.0109567	-6.36539	-3.44548	6	99572081	G	T	0.000570046149235035	3.2440899837190647
6:29806084:TA:T	1.98143e-06	6.50522e-05	-3.49137	-3.44518	6	29806084	TA	T	0.0005706792293875061	3.2436079338756914
6:66511723:C:T	1.30957e-05	0.0113585	-6.76543	-3.44517	6	66511723	C	T	0.0005707003433305314	3.24359186618153
6:103270700:G:A	5.46589e-06	0.00653022	-7.08567	-3.44507	6	103270700	G	A	0.0005709115227728635	3.2434311914894294
6:63225295:A:G	8.23374e-06	0.00276296	-5.81582	-3.44426	6	63225295	A	G	0.0005726247600254169	3.242129877219194
6:96111590:T:C	4.8831e-06	0.00210544	-6.0665	-3.44381	6	96111590	T	C	0.0005735786258916518	3.2414070407960893
6:153607672:G:A	0.0220937	0.000607498	3.5937	3.44368	6	153607672	G	A	0.0005738544624669683	3.2411982368037866
6:86298387:C:T	7.02316e-06	0.00497256	-6.56248	-3.44364	6	86298387	C	T	0.0005739393601059383	3.241133990812088
6:62789862:AT:A	0.00128872	3.0827e-06	6.0356	3.443	6	62789862	AT	A	0.0005752993138640645	3.2401061439394376
6:18540574:G:A	1.84348e-05	0.00669907	-5.89548	-3.44289	6	18540574	G	A	0.0005755333578709037	3.2399294996286
6:5041217:CTTATAG:C	0.025031	0.0007625	3.49127	3.44279	6	5041217	CTTATAG	C	0.0005757462020797102	3.239768918185728
6:103272791:T:G	5.6338e-06	0.00670831	-7.08232	-3.44278	6	103272791	T	G	0.0005757674905311828	3.239752860266377
6:103272647:T:C	5.6338e-06	0.00670831	-7.08232	-3.44278	6	103272647	T	C	0.0005757674905311828	3.239752860266377
6:29946529:G:C	0.000244906	9.56529e-06	3.24273	3.44238	6	29946529	G	C	0.0005766196298366957	3.2391105770282036
6:29946530:G:A	0.000244906	9.56529e-06	3.24273	3.44238	6	29946530	G	A	0.0005766196298366957	3.2391105770282036
6:86297730:T:TA	7.03682e-06	0.00497256	-6.56053	-3.44227	6	86297730	T	TA	0.0005768541739284595	3.2389339606093697
6:38464333:CTA:C	0.00387479	8.90356e-06	6.0758	3.44214	6	38464333	CTA	C	0.0005771314769235367	3.2387252384943133
6:77601139:C:T	6.6283e-06	0.00128343	-5.26594	-3.44205	6	77601139	C	T	0.000577323528623384	3.2385807426172932
6:69489821:T:G	0.000214835	1.87255e-06	4.74257	3.44193	6	69489821	T	G	0.0005775796901209831	3.238388086600924
6:90048427:G:C	0.000155061	0.00878562	-4.03705	-3.44185	6	90048427	G	C	0.0005777505232417164	3.238259652528408
6:148585891:C:A	0.000247812	0.0828751	-5.81242	-3.44166	6	148585891	C	A	0.0005781564404729249	3.2379546320961348
6:128315008:AAAAC:A	0.00239723	5.02451e-05	3.86516	3.44161	6	128315008	AAAAC	A	0.0005782633049215734	3.237874366015109
6:86393082:G:A	2.26392e-05	0.0268973	-7.0801	-3.44126	6	86393082	G	A	0.0005790118711687708	3.237312532075259
6:26125483:A:C	6.77017e-05	0.0130926	-5.26469	-3.44103	6	26125483	A	C	0.000579504277279166	3.236943354192389
6:31345585:T:C	0.00724662	2.2074e-05	5.79389	3.44084	6	31345585	T	C	0.0005799113415870909	3.2366383974760935
6:19185765:A:T	1.02655e-05	0.00884003	-6.75825	-3.44014	6	19185765	A	T	0.0005814133504943703	3.2355150001206865
6:19533419:T:C	0.00462004	0.000117276	3.67363	3.43983	6	19533419	T	C	0.0005820796823759313	3.2350175595984996
6:72511354:T:C	2.0056e-05	0.0172556	-6.75736	-3.43951	6	72511354	T	C	0.0005827682545315702	3.234504113829412
6:66911475:C:T	3.24984e-05	0.00645848	-5.29196	-3.43945	6	66911475	C	T	0.0005828974462066607	3.234407847409642
6:26126296:A:G	0.00651619	7.89115e-05	4.41372	3.43928	6	26126296	A	G	0.0005832636341012314	3.234135100548399
6:48397693:T:C	6.37048e-05	0.0264756	-6.02972	-3.43916	6	48397693	T	C	0.0005835222486104103	3.233942580467757
6:48397241:A:G	6.37048e-05	0.0264756	-6.02972	-3.43916	6	48397241	A	G	0.0005835222486104103	3.233942580467757
6:32979064:TG:T	0.00815447	1.94289e-05	6.03956	3.43903	6	32979064	TG	T	0.0005838025347966525	3.2337340236922847
6:151634709:AAT:A	0.00291148	2.43973e-05	4.78195	3.43858	6	151634709	AAT	A	0.000584773724371967	3.2330121497585282
6:44758656:G:T	0.00111278	2.30187e-05	3.87831	3.43836	6	44758656	G	T	0.00058524907539362	3.2326592637513993
6:84668651:G:A	1.21528e-06	0.000519926	-6.05871	-3.43802	6	84668651	G	A	0.0005859844164089284	3.232113933397612
6:28943483:G:A	0.000112849	1.94748e-06	4.05951	3.43802	6	28943483	G	A	0.0005859844164089284	3.232113933397612
6:84668484:G:A	1.21535e-06	0.000519926	-6.05866	-3.43798	6	84668484	G	A	0.0005860709836427099	3.2320497799932393
6:110076661:G:A	6.681e-05	0.00397102	-4.08493	-3.43781	6	110076661	G	A	0.0005864390272248561	3.2317771353239504
6:4417943:T:C	0.0328415	0.00027552	4.78079	3.43773	6	4417943	T	C	0.0005866122986467017	3.2316488360393976
6:22473260:C:T	2.30041e-05	0.0219457	-6.86066	-3.43755	6	22473260	C	T	0.0005870023336187537	3.231360172217917
6:31389653:G:T	1.69915e-05	0.00726478	-6.05808	-3.43755	6	31389653	G	T	0.0005870023336187537	3.231360172217917
6:14655800:C:T	0.0141648	0.000560918	3.22894	3.43746	6	14655800	C	T	0.000587197441625857	3.2312158452755577
6:141936954:T:A	8.7682e-05	0.0363561	-6.0274	-3.43744	6	141936954	T	A	0.0005872408071585859	3.2311837730715114
6:29999776:ATG:A	9.495e-06	0.000294101	-3.43316	-3.43744	6	29999776	ATG	A	0.0005872408071585859	3.2311837730715114
6:31239846:GACA:G	0.00497025	7.14252e-06	6.54516	3.43685	6	31239846	GACA	G	0.0005885214324474676	3.230237716636723
6:153899744:C:T	6.20014e-05	0.0356085	-6.35318	-3.43673	6	153899744	C	T	0.0005887822165635372	3.2300453157985456
6:132780422:T:A	4.45149e-05	0.00296464	-4.19869	-3.43568	6	132780422	T	A	0.0005910686706553037	3.228362059636244
6:132780485:T:C	4.45149e-05	0.00296464	-4.19869	-3.43568	6	132780485	T	C	0.0005910686706553037	3.228362059636244
6:78707166:G:A	2.05253e-05	0.00394337	-5.25813	-3.43567	6	78707166	G	A	0.000591090486088553	3.2283460307923657
6:68352998:GT:G	0.0105722	4.32731e-05	5.49845	3.43544	6	68352998	GT	G	0.0005915924479683064	3.2279773786687658
6:121849906:A:G	0.000459941	1.84859e-05	3.21409	3.43535	6	121849906	A	G	0.0005917889758272972	3.2278331293781
6:97282077:C:A	0.000886715	1.84202e-05	3.87407	3.4351	6	97282077	C	A	0.0005923352054665398	3.227432454282111
6:86393659:C:T	2.28447e-05	0.0268973	-7.07107	-3.43506	6	86393659	C	T	0.0005924226457493297	3.227368348638343
6:164718620:T:C	2.71271e-05	0.0231709	-6.75012	-3.43443	6	164718620	T	C	0.0005938014160808112	3.2263587710455504
6:147871334:T:C	0.000171481	0.0384899	-5.41368	-3.43399	6	147871334	T	C	0.0005947661376962107	3.2256537654868565
6:102817158:A:G	0.00192796	7.67246e-05	3.224	3.43379	6	102817158	A	G	0.0005952051296326206	3.225333334583244
6:130858792:G:T	8.00538e-06	0.00179511	-5.41271	-3.43326	6	130858792	G	T	0.0005963699173078281	3.2244842717863103
6:99567194:TA:T	0.00181959	4.37456e-06	6.03056	3.43278	6	99567194	TA	T	0.0005974266499076681	3.2237154083644715
6:75848112:A:G	8.5885e-06	0.00283897	-5.80077	-3.43274	6	75848112	A	G	0.0005975147895826936	3.2236513406649094
6:152842516:T:C	8.7112e-06	0.00824687	-6.85298	-3.43262	6	152842516	T	C	0.0005977792812333769	3.2234591414913663
6:31398695:T:C	4.94392e-05	0.0344518	-6.54657	-3.43247	6	31398695	T	C	0.0005981100490411172	3.2232189008040057
6:74218797:C:T	3.25338e-06	0.000451172	-4.93215	-3.43233	6	74218797	C	T	0.0005984189193504057	3.2229946844624533
6:29814040:A:G	9.47224e-05	2.0144e-06	3.85063	3.43229	6	29814040	A	G	0.0005985071952747649	3.2229306241224953
6:29814049:T:C	9.47224e-05	2.0144e-06	3.85063	3.43229	6	29814049	T	C	0.0005985071952747649	3.2229306241224953
6:29814066:G:A	9.47224e-05	2.0144e-06	3.85063	3.43229	6	29814066	G	A	0.0005985071952747649	3.2229306241224953
6:29814065:C:T	9.47224e-05	2.0144e-06	3.85063	3.43229	6	29814065	C	T	0.0005985071952747649	3.2229306241224953
6:29814075:G:A	9.47224e-05	2.0144e-06	3.85063	3.43229	6	29814075	G	A	0.0005985071952747649	3.2229306241224953
6:29814074:A:G	9.47224e-05	2.0144e-06	3.85063	3.43229	6	29814074	A	G	0.0005985071952747649	3.2229306241224953
6:94720432:C:CA	0.0122053	0.000516589	3.16238	3.43204	6	94720432	C	CA	0.0005990591944646396	3.222530261819062
6:81733761:C:T	6.63697e-05	0.0103559	-5.05007	-3.43203	6	81733761	C	T	0.0005990812842852994	3.222514247858445
6:44755555:C:A	0.00130072	2.71305e-05	3.87002	3.43198	6	44755555	C	A	0.0005991917447612076	3.2224341786686557
6:153702433:C:T	0.0113385	3.49824e-05	5.78111	3.4319	6	153702433	C	T	0.0005993685209534867	3.2223060700910704
6:153702146:C:T	0.0113385	3.49824e-05	5.78111	3.4319	6	153702146	C	T	0.0005993685209534867	3.2223060700910704
6:73268903:C:T	0.00177213	4.43991e-05	3.68672	3.43177	6	73268903	C	T	0.0005996558858000422	3.2220978992334324
6:154109880:G:A	0.0147314	5.93292e-05	5.51464	3.43131	6	154109880	G	A	0.0006006737452523621	3.221361350142223
6:32632861:A:G	0.00066124	1.38058e-05	3.86903	3.43122	6	32632861	A	G	0.0006008730796590894	3.2212172528305003
6:102817529:A:C	0.00192101	7.67246e-05	3.22038	3.4311	6	102817529	A	C	0.0006011389546402824	3.221025128233081
6:102817684:G:A	0.00192101	7.67246e-05	3.22038	3.4311	6	102817684	G	A	0.0006011389546402824	3.221025128233081
6:102817474:G:A	0.00192101	7.67246e-05	3.22038	3.4311	6	102817474	G	A	0.0006011389546402824	3.221025128233081
6:73985831:A:C	5.88032e-06	0.00249236	-6.04937	-3.43108	6	73985831	A	C	0.0006011832777810662	3.2209931080392384
6:88437324:TA:T	0.0025187	1.13881e-05	5.39893	3.431	6	88437324	TA	T	0.0006013606007624097	3.220865028899268
6:64523772:G:A	0.000197182	0.0228105	-4.75085	-3.43064	6	64523772	G	A	0.0006021591567488802	3.220288705150289
6:28050691:A:G	0.000859334	3.11684e-05	3.31675	3.43004	6	28050691	A	G	0.0006034922769443537	3.2193282833162793
6:144907166:T:C	0.00786688	0.000265794	3.38769	3.42997	6	144907166	T	C	0.0006036479864332718	3.219216243689661
6:156796401:C:CT	0.00343047	1.95485e-05	5.16755	3.42983	6	156796401	C	CT	0.0006039595175893489	3.218992170446367
6:52543042:C:T	2.22011e-05	0.018826	-6.74285	-3.42933	6	52543042	C	T	0.0006050733507560307	3.2181919742770706
6:91244554:A:G	1.47045e-05	0.0171676	-7.06263	-3.42928	6	91244554	A	G	0.0006051848391551127	3.2181119602816137
6:15390773:G:C	1.7483e-05	0.00289247	-5.10863	-3.4291	6	15390773	G	C	0.0006055863557094263	3.21782391836079
6:31345087:C:A	0.00724615	2.24543e-05	5.77674	3.42884	6	31345087	C	A	0.0006061667617666244	3.2174078811935725
6:4419292:C:T	0.000200696	0.0316189	-5.05972	-3.42884	6	4419292	C	T	0.0006061667617666244	3.2174078811935725
6:67128064:T:C	1.05863e-05	0.0073387	-6.54136	-3.42881	6	67128064	T	C	0.0006062337649993656	3.2173598786834505
6:88688905:T:G	0.000653704	2.83144e-05	3.13928	3.42877	6	88688905	T	G	0.0006063231133649467	3.2172958759089805
6:88689122:G:A	0.000653539	2.83144e-05	3.13903	3.42856	6	88689122	G	A	0.0006067923933792488	3.216959872074701
6:74215915:TAAC:T	0.00041691	6.80521e-06	4.11518	3.42838	6	74215915	TAAC	T	0.0006071949024051852	3.2166718831379253
6:74215707:C:T	0.00041691	6.80521e-06	4.11518	3.42838	6	74215707	C	T	0.0006071949024051852	3.2166718831379253
6:66016154:A:G	1.3631e-05	0.00447897	-5.7948	-3.42817	6	66016154	A	G	0.0006076648103150289	3.2163359127863056
6:102818459:G:T	0.00191333	7.67246e-05	3.21638	3.42813	6	102818459	G	T	0.000607754354945899	3.2162719204777215
6:98290773:CA:C	0.000270425	4.12701e-06	4.18244	3.42803	6	98290773	CA	C	0.0006079782702499857	3.216111942568002
6:116301820:G:A	9.78243e-06	0.00186188	-5.24875	-3.428	6	116301820	G	A	0.0006080454598106571	3.2160639499922827
6:84462308:A:G	4.58459e-05	0.0260095	-6.34093	-3.42794	6	84462308	A	G	0.0006081798596630357	3.2159679659446567
6:103271445:G:T	5.60647e-06	0.00653022	-7.06028	-3.42767	6	103271445	G	T	0.000608785001189659	3.215536055943147
6:103227678:T:C	5.31721e-06	0.0013804	-5.55918	-3.42753	6	103227678	T	C	0.0006090989988320974	3.215312114342041
6:84662124:A:G	4.34134e-06	0.0013461	-5.73678	-3.4272	6	84662124	A	G	0.0006098397325517002	3.214784283700025
6:29811428:G:C	8.29233e-05	3.31021e-06	3.2209	3.42705	6	29811428	G	C	0.0006101767067443332	3.2145443753981167
6:35375278:T:C	5.09784e-05	0.00566143	-4.71003	-3.42677	6	35375278	T	C	0.0006108061888901198	3.214096571178139
6:11943038:G:A	0.00301727	9.14772e-05	3.49602	3.42663	6	11943038	G	A	0.0006111211565330594	3.213872681087049
6:130252372:A:G	2.2786e-05	0.00352951	-5.04277	-3.42652	6	130252372	A	G	0.0006113687371322352	3.2136967730651085
6:83622122:C:G	3.73319e-06	0.000586394	-5.05673	-3.42647	6	83622122	C	G	0.0006114813046208259	3.2136168165085306
6:75032120:A:G	2.31174e-05	0.00245421	-4.66498	-3.42624	6	75032120	A	G	0.0006119993635330333	3.213249029511686
6:78216365:A:G	2.29984e-06	0.00215563	-6.843	-3.42622	6	78216365	A	G	0.0006120444314308796	3.2132170490557006
6:34899829:G:A	8.10962e-06	0.00101443	-4.82903	-3.4262	6	34899829	G	A	0.0006120895024170804	3.2131850687632366
6:29999962:A:C	0.000284707	1.13806e-05	3.21955	3.4261	6	29999962	A	C	0.0006123149036802123	3.2130251697537093
6:84461972:G:C	4.59704e-05	0.0260095	-6.33822	-3.426	6	84461972	G	C	0.0006125403821813024	3.2128652748321658
6:32632946:G:A	0.000656418	1.38058e-05	3.86171	3.4256	6	32632946	G	A	0.0006134430690495642	3.212225736025629
6:32632980:G:A	0.000656418	1.38058e-05	3.86171	3.4256	6	32632980	G	A	0.0006134430690495642	3.212225736025629
6:32632928:C:G	0.000656418	1.38058e-05	3.86171	3.4256	6	32632928	C	G	0.0006134430690495642	3.212225736025629
6:32633020:C:A	0.000656418	1.38058e-05	3.86171	3.4256	6	32633020	C	A	0.0006134430690495642	3.212225736025629
6:32633026:T:C	0.000656418	1.38058e-05	3.86171	3.4256	6	32633026	T	C	0.0006134430690495642	3.212225736025629
6:32633004:A:G	0.000656418	1.38058e-05	3.86171	3.4256	6	32633004	A	G	0.0006134430690495642	3.212225736025629
6:32632961:A:C	0.000656418	1.38058e-05	3.86171	3.4256	6	32632961	A	C	0.0006134430690495642	3.212225736025629
6:32632953:C:T	0.000656418	1.38058e-05	3.86171	3.4256	6	32632953	C	T	0.0006134430690495642	3.212225736025629
6:18446530:A:T	0.00845513	1.99132e-05	6.05114	3.42505	6	18446530	A	T	0.0006146862848164443	3.2113464769637163
6:97285504:C:G	0.00273719	8.31817e-05	3.49366	3.42479	6	97285504	C	G	0.0006152748025645052	3.210930870270768
6:31566177:C:CA	5.07861e-05	0.0427784	-6.73617	-3.42464	6	31566177	C	CA	0.0006156145704908151	3.2106911097488204
6:57131890:T:C	5.54651e-08	4.66971e-05	-6.73568	-3.42431	6	57131890	T	C	0.0006163626745737916	3.2101636689760924
6:78212568:T:A	0.000811251	2.84325e-06	5.65363	3.42424	6	78212568	T	A	0.0006165214720304629	3.210051793322984
6:66514086:T:C	1.17575e-05	0.00989237	-6.73503	-3.42385	6	66514086	T	C	0.0006174068978244139	3.2094285227801533
6:67127902:G:A	1.06653e-05	0.0073387	-6.53392	-3.42359	6	67127902	G	A	0.0006179978388756633	3.209013043626419
6:67236985:GA:G	0.00252027	1.40381e-05	5.19035	3.42349	6	67236985	GA	G	0.0006182252639978551	3.2088532513098076
6:165152392:A:ATAAAT	0.0306554	0.000404152	4.32877	3.42312	6	165152392	A	ATAAAT	0.0006190674142386781	3.2082620552808727
6:29946391:T:C	0.000252624	5.45395e-06	3.83556	3.42263	6	29946391	T	C	0.0006201843371602577	3.2074792061263717
6:28937327:T:A	9.67965e-05	2.04387e-06	3.85776	3.42256	6	28937327	T	A	0.000620344050551399	3.2073673785446264
6:32643917:G:A	0.000248747	7.77458e-06	3.46558	3.42226	6	32643917	G	A	0.0006210289700678424	3.206888140166182
6:29806459:A:G	6.56439e-05	3.18652e-06	3.02531	3.42213	6	29806459	A	G	0.0006213259869784708	3.2066804816269796
6:15391145:G:GC	1.81839e-05	0.0028406	-5.05124	-3.42211	6	15391145	G	GC	0.0006213716936171054	3.206648534772545
6:74215756:A:G	0.000394737	7.17387e-06	4.00777	3.42211	6	74215756	A	G	0.0006213716936171054	3.206648534772545
6:114765976:G:T	1.65358e-05	0.0021378	-4.86201	-3.42202	6	114765976	G	T	0.0006215774122073652	3.206504775950929
6:28711239:T:C	0.00391512	5.75203e-06	6.52305	3.42169	6	28711239	T	C	0.0006223322559835499	3.205977688598336
6:95931075:C:T	3.19599e-05	0.026797	-6.73156	-3.42142	6	95931075	C	T	0.0006229504897253003	3.205546468418738
6:108048905:T:C	7.20204e-05	0.00984495	-4.91777	-3.42129	6	108048905	T	C	0.0006232483615770463	3.205338854515297
6:43662968:A:AT	0.00211417	7.75629e-05	3.30533	3.42122	6	43662968	A	AT	0.0006234088089963092	3.2052270652746766
6:108020613:G:A	0.0184616	0.000747252	3.20704	3.4212	6	108020613	G	A	0.0006234546581741955	3.2051951258595133
6:81017336:C:T	2.52531e-05	0.00345117	-4.91752	-3.4211	6	81017336	C	T	0.0006236839511269208	3.2050354312361775
6:70421021:A:G	6.91879e-06	0.00289319	-6.03588	-3.42105	6	70421021	A	G	0.0006237986270230623	3.204955585457304
6:92877616:T:C	1.91602e-05	0.0160563	-6.73102	-3.42104	6	92877616	T	C	0.000623821564556265	3.204939616424153
6:22210326:C:A	0.0239699	0.000297226	4.39006	3.42103	6	22210326	C	A	0.0006238445028741848	3.2049236474318756
6:81016610:C:T	2.48425e-05	0.00339405	-4.91722	-3.42088	6	81016610	C	T	0.0006241886718255368	3.204684117452651
6:81016412:G:A	2.48425e-05	0.00339405	-4.91722	-3.42088	6	81016412	G	A	0.0006241886718255368	3.204684117452651
6:116303131:C:T	9.80042e-06	0.00184902	-5.23999	-3.42083	6	116303131	C	T	0.0006243034340606529	3.2046042761699596
6:116303342:G:T	9.80042e-06	0.00184902	-5.23999	-3.42083	6	116303342	G	T	0.0006243034340606529	3.2046042761699596
6:43663795:C:T	0.00211697	7.77279e-05	3.30453	3.4206	6	43663795	C	T	0.0006248315932341521	3.2042370194310577
6:82473860:C:T	3.87393e-06	0.000647348	-5.11862	-3.42041	6	82473860	C	T	0.0006252682121580999	3.2039336497380817
6:62793439:A:G	1.69221e-06	0.00115893	-6.52922	-3.42028	6	62793439	A	G	0.000625567114954479	3.2037260895025335
6:65981291:A:T	1.62165e-05	0.00657004	-6.00424	-3.42024	6	65981291	A	T	0.0006256591117870022	3.2036622262043775
6:29806453:C:A	6.52232e-05	3.17468e-06	3.02261	3.42023	6	29806453	C	A	0.0006256821129617775	3.2036462604820217
6:17694966:G:A	3.19007e-06	0.00367435	-7.04909	-3.42	6	17694966	G	A	0.0006262113571623993	3.2032790601489465
6:82697306:C:A	0.00277346	5.10933e-05	3.9942	3.41987	6	82697306	C	A	0.0006265106793914438	3.20307152169897
6:70419970:C:A	6.93294e-06	0.00289319	-6.03383	-3.41953	6	70419970	C	A	0.0006272941515688052	3.2025287614874323
6:28710219:C:A	0.0039199	5.77932e-06	6.51954	3.41928	6	28710219	C	A	0.0006278708154652923	3.20212970324034
6:29946524:G:A	0.000239459	9.66802e-06	3.20956	3.41908	6	29946524	G	A	0.0006283325016352706	3.2018104750353333
6:123747520:A:T	1.77982e-05	0.00154056	-4.4608	-3.41904	6	123747520	A	T	0.0006284248767609092	3.201746631356208
6:141173160:C:T	5.28215e-05	0.0099435	-5.23776	-3.41901	6	141173160	C	T	0.000628494166396268	3.201698749026024
6:64959216:G:T	2.27539e-06	0.000697942	-5.72599	-3.41894	6	64959216	G	T	0.0006286558698532368	3.201587025019456
6:35654144:T:C	1.55433e-05	0.0129836	-6.72781	-3.41879	6	35654144	T	C	0.0006290025076031725	3.2013476231778633
6:57133225:A:G	4.60368e-05	1.1294e-07	6.01034	3.41874	6	57133225	A	G	0.0006291180930285537	3.201267824607603
6:102610884:A:G	3.29508e-05	0.0275135	-6.72742	-3.41851	6	102610884	A	G	0.0006296500405355981	3.20090076434517
6:70058235:C:T	9.22953e-05	0.0142384	-5.03871	-3.41836	6	70058235	C	T	0.000629997188224503	3.2006613888659543
6:32468437:C:A	9.2368e-06	0.000855508	-4.5285	-3.41828	6	32468437	C	A	0.0006301824064547188	3.200533725703895
6:133499541:T:C	0.00705337	7.5897e-06	6.83447	3.41807	6	133499541	T	C	0.0006306688453588986	3.2001986223488466
6:125131915:CA:C	5.4126e-05	0.00249048	-3.82891	-3.41714	6	125131915	CA	C	0.0006328272765348369	3.1987148098623654
6:28868679:T:C	5.3944e-06	0.000861507	-5.07332	-3.41709	6	28868679	T	C	0.0006329435156574618	3.1986350450107977
6:68116985:C:T	1.22812e-05	0.0140835	-7.04469	-3.41699	6	68116985	C	T	0.0006331760534908332	3.1984755183729296
6:103950788:T:G	2.80532e-05	0.0191219	-6.52448	-3.41696	6	103950788	T	G	0.0006332458303366636	3.198427661178536
6:44756245:T:C	0.00129622	2.75718e-05	3.85041	3.41691	6	44756245	T	C	0.0006333621409758361	3.1983479000052837
6:66506727:C:G	2.24071e-05	0.0152648	-6.52392	-3.41656	6	66506727	C	G	0.0006341768720636491	3.1977896004014674
6:66814816:A:G	8.7978e-05	0.0599341	-6.52391	-3.41656	6	66814816	A	G	0.0006341768720636491	3.1977896004014674
6:8697122:A:T	9.6862e-06	0.00540565	-6.3245	-3.41616	6	8697122	A	T	0.0006351091870444196	3.1971516050158635
6:31850502:A:G	2.17115e-05	0.0147821	-6.52333	-3.41614	6	31850502	A	G	0.0006351558362449177	3.1971197069630963
6:25727580:CGG:C	0.00360047	1.11125e-05	5.78075	3.41603	6	25727580	CGG	C	0.0006354124638262072	3.196944270595028
6:31045574:G:A	1.83106e-05	0.0152302	-6.72356	-3.4158	6	31045574	G	A	0.000635949360474745	3.196577465077957
6:128871791:C:T	0.00063153	0.0553758	-4.47375	-3.41555	6	128871791	C	T	0.0006365334224032495	3.1961787879502737
6:23785606:C:T	0.000138748	4.37361e-06	3.45707	3.41546	6	23785606	C	T	0.0006367438068167409	3.1960352704372097
6:32700277:T:TA	0.0150988	6.9773e-05	5.37712	3.4152	6	32700277	T	TA	0.0006373519474031843	3.1956206828834937
6:162841682:G:A	8.36385e-05	0.0346972	-6.02791	-3.41513	6	162841682	G	A	0.0006375157698470467	3.1955090678777793
6:77157100:T:C	5.33069e-06	0.00442923	-6.7225	-3.41506	6	77157100	T	C	0.0006376796314588369	3.195397454874603
6:29804674:A:G	6.20458e-05	1.35621e-06	3.82318	3.41469	6	29804674	A	G	0.0006385464081338364	3.1948075336957578
6:139062103:GGAGA:G	0.00984101	0.000163577	4.09703	3.41428	6	139062103	GGAGA	G	0.0006395081703591481	3.1941539026017054
6:49264091:G:A	5.52412e-06	0.0019288	-5.85553	-3.41422	6	49264091	G	A	0.000639649029016701	3.1940582550331644
6:68436861:C:A	8.15812e-05	0.0156964	-5.25959	-3.41416	6	68436861	C	A	0.0006397899165325565	3.1939626089358417
6:29813794:T:TA	9.29674e-05	2.03469e-06	3.82191	3.41387	6	29813794	T	TA	0.0006404712798546791	3.1935003402054565
6:24232024:CACACAT:C	0.00992493	0.000132462	4.31651	3.41387	6	24232024	CACACAT	C	0.0006404712798546791	3.1935003402054565
6:75844679:T:C	0.00568126	1.35988e-05	6.03495	3.41382	6	75844679	T	C	0.0006405888244846337	3.1934206421739013
6:84663132:T:C	4.2522e-06	0.00129552	-5.71923	-3.41377	6	84663132	T	C	0.0006407063891801095	3.1933409451640156
6:56078158:C:G	2.37653e-05	0.00983941	-6.02593	-3.41365	6	56078158	C	G	0.0006409886263353266	3.193149676508686
6:99571987:CA:C	1.82877e-05	0.0101699	-6.32096	-3.41362	6	99571987	CA	C	0.0006410592036909934	3.1931018602643517
6:96089094:C:T	2.18315e-05	0.00664885	-5.71884	-3.41348	6	96089094	C	T	0.0006413886602665629	3.1928787226539033
6:74215546:G:A	0.00041482	6.9041e-06	4.09573	3.41327	6	74215546	G	A	0.0006418831404277459	3.1925440312566096
6:78213535:G:T	2.84211e-06	0.000811251	-5.65403	-3.41326	6	78213535	G	T	0.0006419066959442439	3.192528094020553
6:78213081:C:T	2.84325e-06	0.000811251	-5.65363	-3.41295	6	78213081	C	T	0.0006426373158764421	3.192034059972332
6:31117563:G:A	4.81588e-06	0.00137286	-5.65273	-3.41226	6	31117563	G	A	0.0006442663121028711	3.1909345767870203
6:29788752:T:G	2.04091e-06	0.00232422	-7.03774	-3.41223	6	29788752	T	G	0.0006443372250720091	3.1908867775837204
6:83627688:T:C	3.38292e-06	0.000521907	-5.03875	-3.41219	6	83627688	T	C	0.0006444317869902221	3.190823045884762
6:97282680:C:CG	0.000908234	1.94411e-05	3.84411	3.41206	6	97282680	C	CG	0.0006447392023745543	3.1906159223787265
6:49674270:C:A	0.00228696	1.33743e-05	5.14164	3.41178	6	49674270	C	A	0.000645401791131124	3.190169833668271
6:68535422:C:G	7.83265e-07	6.45189e-05	-4.41124	-3.41178	6	68535422	C	G	0.000645401791131124	3.190169833668271
6:165184373:C:T	0.000106865	0.0324625	-5.71627	-3.41151	6	165184373	C	T	0.000646041315748268	3.1897397070394007
6:84605535:G:C	5.79657e-06	0.00239299	-6.02303	-3.4115	6	84605535	G	C	0.0006460650131601015	3.189723776995618
6:121551078:CA:C	0.00205095	2.74615e-05	4.31327	3.41142	6	121551078	CA	C	0.0006462546215611283	3.189596338116463
6:66886127:C:G	3.77731e-06	0.00209342	-6.31754	-3.41117	6	66886127	C	G	0.0006468474814425283	3.189198108475545
6:65407222:C:A	1.05017e-05	0.00133758	-4.84708	-3.41093	6	65407222	C	A	0.00064741710278234	3.188815832048233
6:78211979:C:T	0.000811251	2.90007e-06	5.63384	3.41085	6	78211979	C	T	0.0006476070802108525	3.1886884118030134
6:98898945:T:C	1.02204e-05	0.00190377	-5.2272	-3.41039	6	98898945	T	C	0.0006487004569554668	3.1879557961453586
6:111102997:C:G	3.00714e-05	0.0248202	-6.71584	-3.41039	6	111102997	C	G	0.0006487004569554668	3.1879557961453586
6:31346946:T:C	8.76451e-06	0.00350376	-5.99088	-3.41031	6	31346946	T	C	0.0006488907845944187	3.187828393553084
6:29806070:C:T	2.05367e-06	6.40766e-05	-3.44045	-3.41026	6	29806070	C	T	0.0006490097657402604	3.1877487682609598
6:29794291:T:C	9.91104e-07	0.000102919	-4.64288	-3.41011	6	29794291	T	C	0.0006493668309278093	3.1875098985140164
6:32633530:C:T	0.000582435	1.67101e-05	3.55121	3.40993	6	32633530	C	T	0.0006497955503131067	3.1872232669539176
6:64518780:G:C	0.0131038	0.000405912	3.47452	3.40984	6	64518780	G	C	0.0006500100087052745	3.187079956138673
6:69697865:T:C	0.00215482	5.1896e-06	6.0288	3.40956	6	69697865	T	C	0.0006506776336255307	3.1866341214357425
6:68534096:A:G	7.67755e-07	6.30308e-05	-4.40791	-3.40942	6	68534096	A	G	0.0006510116851772654	3.1864112160977656
6:68534166:A:C	7.67755e-07	6.30308e-05	-4.40791	-3.40942	6	68534166	A	C	0.0006510116851772654	3.1864112160977656
6:27222478:G:GTTGT	0.00124158	2.22581e-05	4.02143	3.40931	6	27222478	G	GTTGT	0.0006512742661352549	3.1862360818078836
6:68534765:G:C	7.68163e-07	6.30399e-05	-4.40752	-3.40915	6	68534765	G	C	0.0006516563779048796	3.1859813498487655
6:68534613:A:G	7.68163e-07	6.30399e-05	-4.40752	-3.40915	6	68534613	A	G	0.0006516563779048796	3.1859813498487655
6:54080480:AT:A	0.00506084	0.000224528	3.11529	3.40915	6	54080480	AT	A	0.0006516563779048796	3.1859813498487655
6:68354634:A:C	0.0092249	5.2478e-05	5.16927	3.40865	6	68354634	A	C	0.0006528518214110603	3.185185379898152
6:40476832:A:G	0.000448464	0.0291157	-4.1732	-3.40865	6	40476832	A	G	0.0006528518214110603	3.185185379898152
6:6197560:T:C	0.000206676	0.0333085	-5.08242	-3.40815	6	6197560	T	C	0.0006540493040786551	3.184389512100491
6:91244342:C:T	3.03166e-05	0.0204048	-6.51183	-3.40807	6	91244342	C	T	0.00065424109075196	3.18426218273257
6:18548526:C:A	1.5372e-05	0.00285513	-5.22433	-3.40803	6	18548526	C	A	0.0006543370036991437	3.184198519029263
6:92878264:A:T	9.63337e-06	0.00145579	-5.01807	-3.4079	6	92878264	A	T	0.0006546488110910835	3.183991616508598
6:31021588:A:G	0.00314249	1.79059e-05	5.16764	3.40751	6	31021588	A	G	0.0006555850625089178	3.183370950378927
6:29813781:CAT:C	2.05661e-06	9.20943e-05	-3.80175	-3.40714	6	29813781	CAT	C	0.0006564744519132083	3.1827821707306545
6:98475282:C:T	0.000290179	0.025168	-4.46283	-3.40712	6	98475282	C	T	0.0006565225589654026	3.182750346397248
6:31361824:C:A	1.28947e-06	0.000710382	-6.31157	-3.40689	6	31361824	C	A	0.0006570760257406143	3.182384378310173
6:25953456:A:G	9.82962e-06	0.00248413	-5.53228	-3.40674	6	25953456	A	G	0.0006574372160557885	3.1821457151156807
6:25953132:G:A	9.82962e-06	0.00248413	-5.53228	-3.40674	6	25953132	G	A	0.0006574372160557885	3.1821457151156807
6:62092721:C:T	3.68914e-06	0.0041676	-7.0297	-3.40672	6	62092721	C	T	0.0006574853887116171	3.182113894051021
6:41912352:CT:C	5.42086e-06	0.000817601	-5.01612	-3.40643	6	41912352	CT	C	0.0006581842611759771	3.18165250697958
6:31022879:T:C	0.0046834	6.117e-05	4.33812	3.4063	6	31022879	T	C	0.0006584977730163349	3.181445689446848
6:68354686:T:C	0.0092249	5.26596e-05	5.16581	3.40622	6	68354686	T	C	0.0006586907723950954	3.181318420551141
6:18284984:G:T	1.76311e-05	0.00191399	-4.68728	-3.40613	6	18284984	G	T	0.0006589079595691339	3.181175246169152
6:113589718:T:A	3.06983e-05	0.00483187	-5.05878	-3.4058	6	113589718	T	A	0.0006597048823909881	3.1806503017500485
6:74215277:AT:A	0.000413076	6.94178e-06	4.08607	3.40577	6	74215277	AT	A	0.0006597773743449101	3.1806025817364727
6:48064083:G:T	5.37263e-06	0.00213471	-5.98477	-3.40577	6	48064083	G	T	0.0006597773743449101	3.1806025817364727
6:147136110:G:GA	0.0102	0.000420645	3.18835	3.40528	6	147136110	G	GA	0.0006609624586097952	3.179823206901075
6:154110258:C:G	4.00184e-05	0.0268269	-6.50782	-3.40526	6	154110258	C	G	0.0006610108714132823	3.1797913977670476
6:29813786:A:G	9.26788e-05	2.05661e-06	3.80808	3.405	6	29813786	A	G	0.0006616405379854452	3.1793778938967994
6:62924769:C:A	4.52426e-06	0.00410203	-6.80978	-3.40492	6	62924769	C	A	0.0006618343937232798	3.1792506674933185
6:86392277:C:A	0.00348124	1.63193e-05	5.36279	3.40483	6	86392277	C	A	0.0006620525445561477	3.1791075409149756
6:67611057:C:T	5.55531e-06	0.00220387	-5.98321	-3.40462	6	67611057	C	T	0.0006625618232066455	3.178773591768804
6:107890171:TAA:T	0.00895015	2.25801e-05	5.98236	3.40432	6	107890171	TAA	T	0.000663289996055862	3.1782965528154485
6:149358235:A:G	3.51165e-06	0.000361599	-4.63445	-3.40395	6	149358235	A	G	0.0006641891007134542	3.1777082554146006
6:70948197:C:T	1.14601e-05	0.00253274	-5.39819	-3.40375	6	70948197	C	T	0.0006646755749284956	3.1773902801075713
6:102986748:G:A	2.93929e-05	0.00166652	-4.03774	-3.40363	6	102986748	G	A	0.0006649676184587648	3.1771995027676927
6:25954969:G:C	9.83413e-06	0.00247474	-5.52803	-3.40346	6	25954969	G	C	0.0006653815510314366	3.1769292449404767
6:81427117:AATTATTATT:A	0.00104772	1.65082e-05	4.15051	3.40298	6	81427117	AATTATTATT	A	0.0006665515953984833	3.176166227751121
6:70418176:C:T	4.33006e-06	0.00486458	-7.02415	-3.40292	6	70418176	C	T	0.0006666979853758976	3.176070857220998
6:16228519:A:G	8.54912e-05	0.013406	-5.05505	-3.4029	6	16228519	A	G	0.0006667467886774835	3.1760390673711303
6:162842758:T:C	5.98278e-05	0.009381	-5.05497	-3.40284	6	162842758	T	C	0.0006668932185124768	3.1759436988020466
6:48824975:C:T	3.24071e-06	0.000310768	-4.56325	-3.40283	6	48824975	C	T	0.0006669176263917387	3.1759278041835257
6:84604655:C:T	5.81365e-06	0.00237157	-6.0111	-3.40263	6	84604655	C	T	0.0006674059584316183	3.1756099203926116
6:99402474:GGTTA:G	0.00903476	2.19801e-05	6.0187	3.40255	6	99402474	GGTTA	G	0.0006676013843180019	3.175482771451979
6:24236346:C:T	6.23452e-05	0.00673453	-4.68232	-3.40228	6	24236346	C	T	0.0006682613395492983	3.1750536630811084
6:159485700:T:C	7.25834e-05	0.00808356	-4.71285	-3.40196	6	159485700	T	C	0.000669044294155453	3.1745451287635738
6:159485596:C:T	7.25834e-05	0.00808356	-4.71285	-3.40196	6	159485596	C	T	0.000669044294155453	3.1745451287635738
6:56078631:T:A	2.38202e-05	0.00970698	-6.01007	-3.40186	6	56078631	T	A	0.0006692891423226413	3.1743862203686968
6:56078404:T:C	2.38202e-05	0.00970698	-6.01007	-3.40186	6	56078404	T	C	0.0006692891423226413	3.1743862203686968
6:56078620:C:A	2.38202e-05	0.00970698	-6.01007	-3.40186	6	56078620	C	A	0.0006692891423226413	3.1743862203686968
6:78224314:TAA:T	0.00168657	4.11229e-06	6.01647	3.40101	6	78224314	TAA	T	0.0006713737179227455	3.1730356639586277
6:29813777:C:T	9.20943e-05	2.05661e-06	3.80175	3.40095	6	29813777	C	T	0.000671521092281826	3.1729403417179083
6:98475028:C:A	0.000291529	0.0250753	-4.4545	-3.4007	6	98475028	C	A	0.0006721354759080192	3.1725431815453766
6:18677391:T:TGAAAGATGC	0.0167308	5.28328e-05	5.75787	3.40035	6	18677391	T	TGAAAGATGC	0.0006729964909691925	3.171987200199039
6:65476179:T:A	7.29018e-06	0.00230967	-5.75833	-3.40023	6	65476179	T	A	0.0006732919321104392	3.171796589543505
6:19176525:G:A	2.34912e-05	0.0262605	-7.01919	-3.39952	6	19176525	G	A	0.0006750424275065445	3.1706689302017037
6:31163832:A:T	6.64749e-06	0.00198763	-5.70046	-3.39942	6	31163832	A	T	0.0006752893157988051	3.170510121487176
6:31163834:A:C	6.64749e-06	0.00198763	-5.70046	-3.39942	6	31163834	A	C	0.0006752893157988051	3.170510121487176
6:31163792:C:T	6.64749e-06	0.00198763	-5.70046	-3.39942	6	31163792	C	T	0.0006752893157988051	3.170510121487176
6:18687669:T:TTTTTC	2.18241e-05	0.00886406	-6.00675	-3.3994	6	18687669	T	TTTTTC	0.00067533870352946	3.170478360234485
6:29945706:T:C	0.000352783	1.47064e-05	3.17757	3.3993	6	29945706	T	C	0.0006755856925552084	3.170319556422104
6:28711843:G:A	5.55957e-06	0.00451565	-6.69978	-3.39913	6	28711843	G	A	0.0006760057666315563	3.1700495993163784
6:24040145:G:A	4.28743e-05	0.0284837	-6.49881	-3.39893	6	24040145	G	A	0.0006765002823019972	3.1697320178362416
6:66024305:C:T	1.96882e-05	0.00774975	-5.9754	-3.39881	6	66024305	C	T	0.0006767971531048702	3.1695414767915002
6:22472532:G:A	2.72124e-05	0.0051339	-5.23995	-3.39881	6	22472532	G	A	0.0006767971531048702	3.1695414767915002
6:147871224:A:G	0.000198778	0.0301432	-5.02152	-3.39851	6	147871224	A	G	0.0006775398600477255	3.169065149915464
6:84470110:A:T	2.95311e-05	0.00933451	-5.75603	-3.39847	6	84470110	A	T	0.0006776389448667453	3.169001642443149
6:31735807:C:CCA	2.92282e-06	0.00092354	-5.75566	-3.39819	6	31735807	C	CCA	0.0006783329158644034	3.1685571084377973
6:4246189:AT:A	0.00102699	4.23736e-05	3.18786	3.39806	6	4246189	AT	A	0.0006786553412111258	3.1683507285361108
6:19171488:T:C	2.46298e-05	0.00264566	-4.67672	-3.39793	6	19171488	T	C	0.0006789779090199987	3.1681443555380344
6:72431041:AAAAAAAG:A	0.0169644	4.28904e-05	5.98023	3.39781	6	72431041	AAAAAAAG	A	0.0006792757904159128	3.1679538635134077
6:78212177:T:C	2.90007e-06	0.000811251	-5.63384	-3.39767	6	78212177	T	C	0.0006796234722541896	3.1677316302526144
6:36399131:TATTTCATTT:T	0.0416542	0.000225475	5.21895	3.39735	6	36399131	TATTTCATTT	T	0.000680418794892807	3.1672236985787245
6:86659308:A:C	4.51685e-06	0.00365778	-6.6968	-3.39703	6	86659308	A	C	0.0006812149826381804	3.166715808734202
6:140152875:C:A	0.000142513	5.20454e-07	5.61249	3.39641	6	140152875	C	A	0.0006827600614423345	3.165731891193078
6:64966966:C:T	5.71288e-06	0.00462166	-6.69579	-3.39632	6	64966966	C	T	0.0006829846176386704	3.1655890775042264
6:64967155:C:CTT	5.71288e-06	0.00462166	-6.69579	-3.39632	6	64967155	C	CTT	0.0006829846176386704	3.1655890775042264
6:64966697:A:T	5.71288e-06	0.00462166	-6.69579	-3.39632	6	64966697	A	T	0.0006829846176386704	3.1655890775042264
6:25953046:T:A	9.72757e-06	0.00242436	-5.51836	-3.39599	6	25953046	T	A	0.0006838085778459297	3.165065455619289
6:70419103:C:G	7.19224e-06	0.00290692	-6.00185	-3.39575	6	70419103	C	G	0.0006844084018865107	3.1646846676426965
6:66349440:CTAGTTAAAA:C	0.017732	4.52986e-05	5.96985	3.39523	6	66349440	CTAGTTAAAA	C	0.0006857096988189732	3.1638597077407327
6:32614418:C:A	3.36745e-06	0.0018251	-6.29523	-3.39517	6	32614418	C	A	0.0006858599963651025	3.1637645271670904
6:32614511:C:T	3.36745e-06	0.0018251	-6.29523	-3.39517	6	32614511	C	T	0.0006858599963651025	3.1637645271670904
6:56079014:G:T	2.40425e-05	0.00970698	-6.00078	-3.39496	6	56079014	G	T	0.0006863862789485046	3.163431406739349
6:6196371:G:A	0.000208803	0.0315214	-5.01703	-3.39494	6	6196371	G	A	0.0006864364206711486	3.163399681923795
6:45428560:A:C	0.000239178	0.0355279	-5.00086	-3.39492	6	45428560	A	C	0.0006864865657984715	3.1633679572716256
6:43998131:C:G	0.0292618	0.00130075	3.11334	3.39448	6	43998131	C	G	0.000687590620410623	3.16267005626028
6:74215065:GT:G	0.00041134	7.01489e-06	4.07138	3.39437	6	74215065	GT	G	0.0006878668918220135	3.1624955933633587
6:108046521:A:AT	0.00669941	0.000127693	3.96014	3.3943	6	108046521	A	AT	0.0006880427546182923	3.162384574093148
6:88644094:C:T	6.94725e-05	0.0055826	-4.38648	-3.39427	6	88644094	C	T	0.0006881181371804977	3.1623369950186
6:31346661:G:A	8.9462e-06	0.0034949	-5.96783	-3.39319	6	31346661	G	A	0.0006908370274887857	3.160624393161469
6:8861627:T:A	0.0281082	0.000759242	3.6115	3.39283	6	8861627	T	A	0.0006917455408408068	3.1600536317453383
6:32468425:A:G	9.46772e-06	0.000845763	-4.49235	-3.39283	6	32468425	A	G	0.0006917455408408068	3.1600536317453383
6:8861626:A:T	0.0281082	0.000759242	3.6115	3.39283	6	8861626	A	T	0.0006917455408408068	3.1600536317453383
6:29810078:T:C	6.57778e-05	3.3293e-06	2.98352	3.39281	6	29810078	T	C	0.0006917960463500311	3.1600219243298553
6:22469243:G:A	3.13508e-05	0.0169332	-6.29179	-3.39271	6	22469243	G	A	0.0006920486253088196	3.159863389703085
6:31609658:CGTGT:C	0.0345281	8.85397e-05	5.96608	3.39248	6	31609658	CGTGT	C	0.0006926298822167329	3.15949877556178
6:125501693:T:C	0.00556544	0.000106396	3.95716	3.39207	6	125501693	T	C	0.0006936671613250801	3.1588488648097997
6:42186366:G:A	0.00195597	7.45368e-05	3.26735	3.39187	6	42186366	G	A	0.0006941736748722409	3.158531860089128
6:42186524:T:C	0.00195563	7.45368e-05	3.26717	3.39174	6	42186524	T	C	0.0006945030929855989	3.1583258157815317
6:77156966:C:A	5.34192e-06	0.0042912	-6.68874	-3.39138	6	77156966	C	A	0.000695416086153743	3.157755267568486
6:48400656:G:A	3.1848e-05	0.0351632	-7.00678	-3.39101	6	48400656	G	A	0.0006963556025096442	3.157168925951786
6:56085374:C:T	0.00955154	3.12588e-05	5.72216	3.39062	6	56085374	C	T	0.0006973471804465097	3.15655095072165
6:44098142:C:T	4.78796e-05	0.0101418	-5.35573	-3.39016	6	44098142	C	T	0.0006985184204894596	3.1558221367059294
6:32614715:C:T	3.39142e-06	0.0018251	-6.28814	-3.39009	6	32614715	C	T	0.0006986968128527771	3.1557112378013445
6:8035358:T:TAAA	1.95815e-05	0.00365311	-5.22875	-3.39006	6	8035358	T	TAAA	0.0006987732796830473	3.155663710311997
6:61593478:GTTT:G	0.000226734	3.63459e-06	4.13328	3.38946	6	61593478	GTTT	G	0.0007003042504633536	3.154713237714299
6:44756993:C:T	0.0012684	2.79958e-05	3.81346	3.38849	6	44756993	C	T	0.0007027859145916102	3.1531769513264867
6:19941276:G:GAA	4.72079e-05	0.0519245	-7.00299	-3.38841	6	19941276	G	GAA	0.0007029909522911774	3.153050264447177
6:65114463:ATTT:A	2.70107e-06	0.000168425	-4.13284	-3.38793	6	65114463	ATTT	A	0.0007042223463114115	3.1522901980591347
6:16868907:A:G	0.00786326	0.000332899	3.16212	3.38783	6	16868907	A	G	0.0007044791388894002	3.1521318627382433
6:148587279:C:T	0.000122756	0.0802559	-6.48278	-3.38767	6	148587279	C	T	0.0007048901880097138	3.1518785347192524
6:73616238:G:A	2.12199e-06	0.000624735	-5.68497	-3.38757	6	73616238	G	A	0.0007051472068741003	3.151720210016391
6:56079398:T:A	2.46181e-05	0.00983941	-5.99067	-3.38744	6	56079398	T	A	0.0007054814615889566	3.1515143940080046
6:29886615:C:T	7.54391e-06	0.00292356	-5.95982	-3.38724	6	29886615	C	T	0.0007059959871176739	3.1511977674717144
6:24714454:TA:T	0.0212104	5.44538e-05	5.9649	3.38716	6	24714454	TA	T	0.000706201894948152	3.151071121431061
6:49661973:T:C	1.34395e-05	0.0147547	-7.00112	-3.38713	6	49661973	T	C	0.0007062791247705477	3.1510236298396417
6:67127132:C:G	1.12368e-05	0.0073387	-6.48172	-3.38692	6	67127132	C	G	0.0007068199533126992	3.1506911989908453
6:56085576:G:A	0.00955154	3.14348e-05	5.71654	3.38669	6	56085576	G	A	0.000707412730863992	3.1503271287250687
6:9261904:G:A	0.000176009	0.0262873	-5.0063	-3.38642	6	9261904	G	A	0.0007081091895905576	3.14989976945658
6:8275821:A:T	0.0254223	0.000484173	3.96094	3.3862	6	8275821	A	T	0.000708677145496741	3.1495515728045875
6:16867880:G:A	0.00777321	0.000329942	3.15952	3.3859	6	16867880	G	A	0.0007094523129998063	3.149076791040985
6:84124535:G:C	3.38067e-05	0.00353268	-4.64915	-3.38585	6	84124535	G	C	0.0007095815841548068	3.148997664320258
6:88644620:T:C	7.03221e-05	0.00558276	-4.37435	-3.3857	6	88644620	T	C	0.0007099695289522745	3.148760290283547
6:23779599:C:T	0.000268065	7.92957e-06	3.52063	3.38565	6	23779599	C	T	0.0007100988876735267	3.1486811676464637
6:30143103:G:A	4.60045e-05	0.0142906	-5.73861	-3.38513	6	30143103	G	A	0.0007114455172365831	3.147858352739912
6:141934565:G:A	9.40914e-05	0.0363591	-5.95693	-3.3851	6	141934565	G	A	0.0007115232797534531	3.147810886018111
6:3060251:AAAT:A	0.0481755	0.000626033	4.3432	3.38489	6	3060251	AAAT	A	0.0007120678385402404	3.147478629256082
6:9264596:A:G	0.000121977	0.0226035	-5.22203	-3.38481	6	9264596	A	G	0.0007122753913480068	3.1473520599884184
6:32444502:G:GAACTAACT	0.00113334	1.02223e-05	4.70835	3.3847	6	32444502	G	GAACTAACT	0.0007125608682415113	3.1471780315126767
6:58075983:C:G	0.00135792	1.22539e-05	4.70787	3.38434	6	58075983	C	G	0.0007134958997232641	3.1466085183204306
6:19302756:CTGT:C	0.000580089	1.5846e-05	3.60027	3.38433	6	19302756	CTGT	C	0.0007135218890858564	3.146592699264983
6:31364213:G:A	9.68591e-07	0.000283899	-5.68053	-3.38418	6	31364213	G	A	0.0007139118350896466	3.1463554183334326
6:31364962:C:T	9.68591e-07	0.000283899	-5.68053	-3.38418	6	31364962	C	T	0.0007139118350896466	3.1463554183334326
6:8458541:AT:A	1.10663e-05	0.00426921	-5.95528	-3.38387	6	8458541	AT	A	0.0007147183510325263	3.145865066856651
6:7948467:G:A	0.00592173	0.000189653	3.44119	3.3838	6	7948467	G	A	0.0007149005846573735	3.1457543477606165
6:19183622:C:T	1.04794e-05	0.00919076	-6.77655	-3.3836	6	19183622	C	T	0.0007154214900646315	3.1454380185114696
6:69487736:G:A	3.90011e-07	0.000253498	-6.47694	-3.38356	6	69487736	G	A	0.0007155257134542818	3.145374754621678
6:29810061:G:A	6.55138e-05	3.36043e-06	2.97019	3.38346	6	29810061	G	A	0.0007157863336494632	3.145216597755578
6:85319602:C:G	0.0123404	6.73923e-05	5.2101	3.38329	6	85319602	C	G	0.0007162295904027383	3.1449477404545823
6:156172367:T:TAGATAGACA	2.01406e-05	0.0176506	-6.77579	-3.38311	6	156172367	T	TAGATAGACA	0.0007166991990447807	3.1446630808808522
6:136374530:A:G	2.6558e-06	0.0021082	-6.67684	-3.38303	6	136374530	A	G	0.0007169080058090366	3.1445365697614402
6:87754398:C:T	6.44308e-05	0.00278484	-3.76635	-3.38259	6	87754398	C	T	0.000718057453674922	3.1438408053179687
6:87754306:G:C	6.44308e-05	0.00278484	-3.76635	-3.38259	6	87754306	G	C	0.000718057453674922	3.1438408053179687
6:56079761:T:G	2.47907e-05	0.00983941	-5.98368	-3.38225	6	56079761	T	G	0.0007189468358763932	3.143303223301646
6:56079643:C:T	2.47907e-05	0.00983941	-5.98368	-3.38225	6	56079643	C	T	0.0007189468358763932	3.143303223301646
6:77729823:T:C	3.16236e-06	0.00250736	-6.67567	-3.38221	6	77729823	T	C	0.0007190515363346469	3.143239981461834
6:53836176:G:C	2.94838e-06	0.000721654	-5.50029	-3.38203	6	53836176	G	C	0.0007195228637227756	3.1429554012675105
6:74215809:T:C	0.000404104	7.00763e-06	4.05467	3.38139	6	74215809	T	C	0.0007212010200050807	3.1419436677202057
6:74216014:G:T	0.000404104	7.00763e-06	4.05467	3.38139	6	74216014	G	T	0.0007212010200050807	3.1419436677202057
6:56848953:A:AC	0.0003253	1.25711e-05	3.25335	3.38106	6	56848953	A	AC	0.0007220677394901743	3.1414220579611
6:27213116:AT:A	5.5099e-06	0.000554996	-4.61241	-3.3808	6	27213116	AT	A	0.0007227512908216669	3.141011124013961
6:147817313:G:T	7.32541e-05	0.0281399	-5.95101	-3.3807	6	147817313	G	T	0.0007230143552128011	3.140853079845421
6:68245802:A:T	1.10467e-05	0.0120137	-6.99168	-3.38066	6	68245802	A	T	0.0007231196058734977	3.1407898633212707
6:31240676:A:G	1.0081e-05	0.00879841	-6.77168	-3.38048	6	31240676	A	G	0.0007235934100131686	3.14050539704709
6:29806479:A:AGGGGC	6.70804e-05	3.45562e-06	2.96589	3.38045	6	29806479	A	AGGGGC	0.0007236724054034792	3.140457987287561
6:147294259:A:G	8.83265e-07	0.000349461	-5.98052	-3.3799	6	147294259	A	G	0.0007251220748197725	3.1395888734873787
6:78211325:C:T	0.000811251	3.03603e-06	5.58803	3.37986	6	78211325	C	T	0.0007252276104870186	3.1395256700289655
6:42188192:G:A	2.70815e-05	0.00237423	-4.47358	-3.37962	6	42188192	G	A	0.0007258611241968248	3.1391464629973314
6:15088920:T:C	0.000157608	0.0245063	-5.04657	-3.37951	6	15088920	T	C	0.0007261516564227553	3.138972667634226
6:50013522:T:G	6.59481e-05	0.00578082	-4.47343	-3.37951	6	50013522	T	G	0.0007261516564227553	3.138972667634226
6:29814332:CA:C	2.22162e-06	9.55383e-05	-3.76129	-3.37908	6	29814332	CA	C	0.0007272884101445728	3.1382933331632876
6:144132970:T:TA	0.00760787	0.000205185	3.61302	3.3789	6	144132970	T	TA	0.000727764751190749	3.1380089830092923
6:116994760:C:T	5.60101e-06	0.00172526	-5.73019	-3.37868	6	116994760	C	T	0.000728347339374062	3.137661461896907
6:87754247:CT:C	0.00278484	6.44308e-05	3.76635	3.37824	6	87754247	CT	C	0.0007295138156476872	3.13696647895526
6:32721100:C:CTTTTTTTTT	1.10216e-05	0.0119416	-6.98792	-3.37809	6	32721100	C	CTTTTTTTTT	0.0007299118744928738	3.1367295710189507
6:85319666:T:C	0.0123404	6.79165e-05	5.20235	3.37804	6	85319666	T	C	0.0007300446056039755	3.1366506037482504
6:14594789:T:C	0.000103388	0.0150133	-4.97821	-3.37783	6	14594789	T	C	0.0007306023211420894	3.1363189523573354
6:45428582:A:T	0.000241579	0.0350766	-4.97809	-3.37775	6	45428582	A	T	0.0007308148882885385	3.1361926137063434
6:153704567:GTA:G	8.36538e-05	0.0257359	-5.72896	-3.37774	6	153704567	GTA	G	0.0007308414632208418	3.1361768215586947
6:31348982:G:A	2.50927e-05	0.0132685	-6.27057	-3.37749	6	31348982	G	A	0.0007315061283357387	3.1357820311364204
6:141540665:G:A	7.85819e-06	0.00241662	-5.72857	-3.37744	6	141540665	G	A	0.0007316391287203101	3.1357030761140248
6:29173966:A:G	8.81932e-06	0.00694046	-6.66818	-3.37696	6	29173966	A	G	0.0007329170757805047	3.134945159831178
6:48483730:A:T	1.6048e-07	2.07015e-05	-4.85979	-3.37684	6	48483730	A	T	0.0007332368863564538	3.13475569545816
6:16867706:C:T	0.00767402	0.000329745	3.14728	3.37681	6	16867706	C	T	0.0007333168592517193	3.134708330283506
6:29946544:C:A	0.000245027	1.05078e-05	3.14925	3.37673	6	29946544	C	A	0.0007335301599176129	3.1345820249474676
6:137267721:G:T	0.000167768	0.0175325	-4.64923	-3.37659	6	137267721	G	T	0.0007339035747600101	3.134360996896685
6:29810069:A:T	6.53804e-05	3.38776e-06	2.96005	3.37635	6	29810069	A	T	0.0007345441253120934	3.133982110283589
6:124575381:A:G	0.0413133	0.000673589	4.11632	3.37615	6	124575381	A	G	0.0007350783140824143	3.1336663894028467
6:30853410:G:A	3.96184e-05	0.0155887	-5.97501	-3.3758	6	30853410	G	A	0.0007360140127923612	3.133113917156433
6:18084089:A:AT	4.42262e-05	0.00810143	-5.21048	-3.37579	6	18084089	A	AT	0.0007360407632900501	3.1330981329699683
6:16175039:T:TGAATG	0.0142786	0.000613611	3.14715	3.37574	6	16175039	T	TGAATG	0.0007361745293248896	3.1330192126500287
6:4255902:G:A	5.32425e-06	0.00342197	-6.4657	-3.37567	6	4255902	G	A	0.0007363618397086291	3.132908725916783
6:68440044:G:A	0.00010428	0.0397844	-5.94415	-3.3756	6	68440044	G	A	0.000736549194358462	3.1327982411839805
6:124576550:A:T	0.0414186	0.00067601	4.11528	3.37533	6	124576550	A	T	0.0007372722628382183	3.132372104524811
6:94443210:G:A	9.86804e-05	0.0239404	-5.49144	-3.37519	6	94443210	G	A	0.0007376474467449222	3.1321511564924047
6:31005088:A:G	2.23575e-05	0.00878815	-5.974	-3.37505	6	31005088	A	G	0.000738022807977896	3.1319302164616696
6:29814309:A:G	9.55383e-05	2.22162e-06	3.76129	3.37499	6	29814309	A	G	0.0007381837313802353	3.131835530326554
6:29814317:G:GC	9.55383e-05	2.22162e-06	3.76129	3.37499	6	29814317	G	GC	0.0007381837313802353	3.131835530326554
6:29814325:A:AC	9.55383e-05	2.22162e-06	3.76129	3.37499	6	29814325	A	AC	0.0007381837313802353	3.131835530326554
6:29814339:T:G	9.55444e-05	2.22231e-06	3.76104	3.37484	6	29814339	T	G	0.0007385861824813492	3.1315988214186383
6:45427401:T:G	0.000251264	0.032327	-4.85715	-3.37482	6	45427401	T	G	0.0007386398580230312	3.1315672609249336
6:67132867:T:C	6.74506e-06	0.00432903	-6.46429	-3.37468	6	67132867	T	C	0.0007390156882720919	3.13134634204133
6:29196802:T:C	1.33211e-06	0.00104361	-6.66367	-3.3738	6	29196802	T	C	0.0007413821197173988	3.1299578922769267
6:31022129:T:C	0.00334113	4.70234e-05	4.26342	3.37379	6	31022129	T	C	0.0007414090513806885	3.1299421162553474
6:42132527:G:T	0.0160674	0.000302024	3.97404	3.37356	6	42132527	G	T	0.0007420287304756861	3.1295792790262382
6:35885265:AAC:A	0.00217518	3.42991e-06	6.45233	3.3732	6	35885265	AAC	A	0.0007429996287525934	3.1290114032390752
6:109695705:G:A	5.42211e-06	0.00165778	-5.72275	-3.37298	6	109695705	G	A	0.0007435935361553336	3.1286643940807086
6:31192340:C:T	2.96581e-06	0.00155835	-6.26423	-3.37294	6	31192340	C	T	0.0007437015666775553	3.128601303629229
6:29798244:C:T	2.78227e-06	0.00067295	-5.48841	-3.37284	6	29798244	C	T	0.0007439717067579119	3.128443580358099
6:64965627:T:C	2.28116e-05	0.00696586	-5.72151	-3.37203	6	64965627	T	C	0.0007461632024255683	3.1271661723115036
6:29939235:A:G	7.66315e-05	3.99577e-06	2.95377	3.37195	6	29939235	A	G	0.0007463799714284554	3.1270400230863253
6:15555195:A:G	1.23526e-06	0.000483471	-5.96971	-3.37186	6	15555195	A	G	0.0007466239064624342	3.1268981083308294
6:116302745:G:GT	9.98083e-06	0.00177267	-5.17958	-3.37145	6	116302745	G	GT	0.0007477361032641846	3.1262516496196318
6:68450438:T:C	0.00388674	9.96264e-05	3.6639	3.37137	6	68450438	T	C	0.000747953296592264	3.126125519335412
6:31022242:A:G	0.00477316	2.65449e-05	5.19192	3.37096	6	31022242	A	G	0.000749067332251454	3.125479142633022
6:43663643:T:C	0.00211047	8.26576e-05	3.23996	3.37071	6	43663643	T	C	0.0007497473783396102	3.1250850441741456
6:43663522:G:A	0.00211047	8.26747e-05	3.23975	3.37055	6	43663522	G	A	0.0007501829086766735	3.1248328345494167
6:86294098:G:T	1.07999e-05	0.00689058	-6.45838	-3.37053	6	86294098	G	T	0.0007502373664856301	3.124801309081082
6:68522960:T:C	0.000199878	1.12379e-06	5.181	3.37052	6	68522960	T	C	0.000750264596766778	3.124785546408144
6:24078704:C:CAAA	8.81309e-06	0.00757287	-6.75609	-3.37048	6	24078704	C	CAAA	0.0007503735270698262	3.1247224961245914
6:64659555:C:T	4.72639e-06	0.00506425	-6.9768	-3.37047	6	64659555	C	T	0.000750400761940343	3.124706733655753
6:23782049:C:A	0.000203977	6.80218e-06	3.40077	3.37047	6	23782049	C	A	0.000750400761940343	3.124706733655753
6:24086606:C:A	2.72856e-05	0.0234429	-6.75596	-3.3704	6	24086606	C	A	0.0007505914317383893	3.124596397516829
6:85320367:C:T	7.14158e-05	0.0556736	-6.65874	-3.37034	6	85320367	C	T	0.0007507548988015778	3.1245018252754324
6:85320384:C:G	7.14158e-05	0.0556736	-6.65874	-3.37034	6	85320384	C	G	0.0007507548988015778	3.1245018252754324
6:84669877:A:G	1.22459e-06	0.000463853	-5.93696	-3.37026	6	84669877	A	G	0.0007509729063131123	3.124375731239462
6:19175463:T:C	2.86521e-05	0.00419281	-4.9859	-3.37022	6	19175463	T	C	0.0007510819321132074	3.124312685201144
6:29886503:T:C	7.56186e-06	0.00286355	-5.9367	-3.37007	6	29886503	T	C	0.0007514909097879752	3.12407626837421
6:29806489:A:T	6.7362e-05	3.52199e-06	2.95105	3.37004	6	29806489	A	T	0.0007515727301352508	3.124028986110944
6:66513882:C:T	0.00466267	1.23334e-05	5.93503	3.36993	6	66513882	C	T	0.0007518728088573511	3.1238556209553794
6:31021894:A:AT	1.73517e-05	0.0135168	-6.658	-3.36982	6	31021894	A	AT	0.0007521729988369452	3.1236822607389225
6:68523271:A:C	0.000199639	1.12379e-06	5.1798	3.36968	6	68523271	A	C	0.0007525552197799194	3.1234616276067486
6:49852850:TTGTGTGTG:T	0.00727893	8.42213e-06	6.76188	3.36965	6	49852850	TTGTGTGTG	T	0.0007526371477299015	3.1234143501193072
6:29806476:A:T	6.69355e-05	3.50178e-06	2.95046	3.36962	6	29806476	A	T	0.0007527190839623588	3.123367072999234
6:79327699:C:CT	1.86277e-05	0.00704965	-5.93608	-3.36961	6	79327699	C	CT	0.0007527463978805256	3.1233513140408475
6:102275935:G:A	0.000132837	0.00390565	-3.38106	-3.36954	6	102275935	G	A	0.0007529376210801462	3.123241002475064
6:31117884:C:T	4.6802e-06	0.00298097	-6.45666	-3.36933	6	31117884	C	T	0.0007535115613701173	3.1229100797783804
6:15446211:A:G	1.05335e-06	0.000670896	-6.45664	-3.36931	6	15446211	A	G	0.0007535662435331376	3.1228785642699024
6:87525611:C:T	6.19678e-07	0.00053147	-6.7542	-3.36927	6	87525611	C	T	0.0007536756189142459	3.1228155337427674
6:9263147:G:A	0.000146899	0.0302577	-5.32776	-3.369	6	9263147	G	A	0.00075441428841257	3.1223900947670566
6:42187178:T:C	2.74625e-05	0.00237079	-4.45816	-3.36876	6	42187178	T	C	0.0007550714478390547	3.122011951769306
6:3931425:T:TAG	0.117416	0.00461121	3.23723	3.36861	6	3931425	T	TAG	0.0007554824423732133	3.1217756243349277
6:130858661:G:C	8.40415e-06	0.00172968	-5.32696	-3.3684	6	130858661	G	C	0.0007560581837196724	3.121444781355855
6:132271952:A:G	0.000103715	0.0188164	-5.20083	-3.36825	6	132271952	A	G	0.0007564696769535154	3.1212084759629373
6:141935128:C:A	9.68089e-05	0.029401	-5.71605	-3.36785	6	141935128	C	A	0.0007575680091697194	3.1205783731473473
6:15759307:C:G	3.81429e-05	0.0109404	-5.65888	-3.36762	6	15759307	C	G	0.0007582002205134869	3.120216093600198
6:152062685:C:T	0.0180222	0.000341582	3.96577	3.36733	6	152062685	C	T	0.0007589980548262206	3.1197593371207533
6:42187873:T:G	2.53021e-05	0.00249873	-4.59265	-3.36704	6	42187873	T	G	0.0007597966686251923	3.1193026149677525
6:29946029:C:A	0.000363449	1.6752e-05	3.07712	3.36674	6	29946029	C	A	0.0007606236418380034	3.1188301798970675
6:85259479:C:A	0.00249411	1.1308e-05	5.39618	3.36669	6	85259479	C	A	0.0007607615519329875	3.118751444289991
6:17695834:C:T	3.45332e-06	0.00367435	-6.9698	-3.36567	6	17695834	C	T	0.0007635799907066721	3.117145460633971
6:88687725:A:AT	0.000653574	3.05823e-05	3.06203	3.36562	6	88687725	A	AT	0.0007637183984236079	3.1170667468628954
6:16165413:C:T	0.000170776	0.0136596	-4.38184	-3.36562	6	16165413	C	T	0.0007637183984236079	3.1170667468628954
6:94729430:A:G	0.000134589	0.00745282	-4.01412	-3.36551	6	94729430	A	G	0.0007640229773984842	3.1168935801581923
6:42186700:C:T	2.79101e-05	0.00239786	-4.45334	-3.36537	6	42186700	C	T	0.0007644107864800033	3.1166731933128733
6:56081692:C:G	2.53638e-05	0.00983941	-5.96083	-3.36526	6	56081692	C	G	0.0007647156218232791	3.1165000378320595
6:68450063:C:A	0.0039448	0.000101918	3.65599	3.36522	6	68450063	C	A	0.0007648264990199256	3.1164370734270905
6:7948355:C:T	0.00614538	0.000172176	3.57494	3.36518	6	7948355	C	T	0.0007649373911426212	3.1163741096751454
6:42186871:C:T	2.79101e-05	0.00239717	-4.45306	-3.36517	6	42186871	C	T	0.0007649651165057048	3.116358368839194
6:31103477:T:C	4.20019e-06	0.000860563	-5.32246	-3.36499	6	31103477	T	C	0.0007654643326156032	3.116075040771219
6:130668633:A:T	0.00582167	9.63183e-05	4.10168	3.36466	6	130668633	A	T	0.0007663803478420745	3.1155556403245694
6:56080414:A:C	2.50467e-05	0.00970698	-5.95986	-3.36454	6	56080414	A	C	0.0007667136965440949	3.1153667784544856
6:83848720:G:C	4.90215e-05	0.0254501	-6.25221	-3.36432	6	83848720	G	C	0.0007673251854918976	3.1150205469567696
6:19796632:C:T	4.5891e-06	0.000711511	-5.04371	-3.36418	6	19796632	C	T	0.0007677145505382675	3.1148002281067204
6:68446264:C:G	7.13047e-05	0.0170509	-5.477	-3.36403	6	68446264	C	G	0.0007681319309250822	3.1145641810727254
6:56082570:C:T	2.54062e-05	0.00983941	-5.95916	-3.36402	6	56082570	C	T	0.0007681597637734478	3.1145484449302936
6:29168648:T:A	1.32802e-05	0.0140943	-6.96725	-3.36392	6	29168648	T	A	0.0007684381437593564	3.114391085750664
6:17744696:C:G	9.45237e-05	0.0225882	-5.47633	-3.36352	6	17744696	C	G	0.0007695526005958108	3.1137616898445053
6:68354313:A:T	0.0105723	4.81881e-05	5.39088	3.36313	6	68354313	A	T	0.0007706406406083819	3.1131480917069303
6:78209581:TGTA:T	0.000833587	4.14003e-06	5.30503	3.36299	6	78209581	TGTA	T	0.0007710315673088471	3.112927840849961
6:58076774:C:T	0.00131197	1.21929e-05	4.67843	3.3628	6	58076774	C	T	0.0007715624051674017	3.1126289417670283
6:32721599:G:GGTTT	1.34431e-05	0.00383146	-5.65253	-3.36276	6	32721599	G	GGTTT	0.0007716742037314755	3.1125660175216248
6:56082658:A:AT	2.54062e-05	0.00982037	-5.95722	-3.36258	6	56082658	A	AT	0.0007721774834050647	3.1122828664979125
6:56082677:T:C	2.54062e-05	0.00982037	-5.95722	-3.36258	6	56082677	T	C	0.0007721774834050647	3.1122828664979125
6:32699913:AAAATAAAT:A	0.0263036	7.02883e-05	5.92486	3.36253	6	32699913	AAAATAAAT	A	0.0007723173373837374	3.1122042157824055
6:42187260:C:A	2.54789e-05	0.00249873	-4.58569	-3.36219	6	42187260	C	A	0.0007732689682449663	3.1116694179745306
6:165459489:TTAGATAGAT:T	0.0463605	0.000230515	5.30389	3.36216	6	165459489	TTAGATAGAT	T	0.0007733529879153845	3.1116222321976514
6:8047164:A:T	3.49367e-05	0.000976739	-3.33068	-3.36189	6	8047164	A	T	0.0007741095464201306	3.111197576733966
6:29814520:C:T	9.5475e-05	2.26605e-06	3.74083	3.36187	6	29814520	C	T	0.0007741656151149884	3.1111661219571927
6:29814507:T:C	9.5475e-05	2.26605e-06	3.74083	3.36187	6	29814507	T	C	0.0007741656151149884	3.1111661219571927
6:94059003:C:T	2.08613e-05	0.00593856	-5.65133	-3.36184	6	94059003	C	T	0.0007742497252261729	3.111118940098109
6:29959176:C:A	0.000116041	6.13924e-06	2.93924	3.36176	6	29959176	C	A	0.0007744740603323717	3.110993123602864
6:27219576:T:C	9.79015e-06	0.00103345	-4.65928	-3.36152	6	27219576	T	C	0.0007751474277560019	3.1106156897881805
6:31165179:G:C	6.83057e-06	0.0043023	-6.4455	-3.36149	6	31165179	G	C	0.0007752316368883769	3.1105685122141455
6:30182970:C:CT	3.38831e-06	0.00126785	-5.92475	-3.36119	6	30182970	C	CT	0.0007760741954269618	3.1100967566745914
6:15173725:G:A	3.12927e-05	0.00188053	-4.09592	-3.36117	6	15173725	G	A	0.0007761303962107868	3.1100653076111935
6:31022322:G:A	4.87493e-05	0.0182248	-5.92385	-3.36052	6	31022322	G	A	0.0007779589797310133	3.1090433019127928
6:87526515:T:TA	2.36228e-06	0.000493709	-5.34232	-3.36029	6	87526515	T	TA	0.0007786069743394059	3.108681710425777
6:88687843:A:G	0.000653574	3.07883e-05	3.05532	3.36013	6	88687843	A	G	0.0007790580486662687	3.108430181254014
6:31165886:T:C	6.84454e-06	0.0043023	-6.44345	-3.36005	6	31165886	T	C	0.0007792836767868221	3.1083044205857306
6:31166093:G:A	6.84454e-06	0.0043023	-6.44345	-3.36005	6	31166093	G	A	0.0007792836767868221	3.1083044205857306
6:49657228:G:A	1.84884e-05	0.00690699	-5.92315	-3.36	6	49657228	G	A	0.0007794247251640635	3.1082258214943193
6:154169524:A:C	0.00012264	0.0214754	-5.16541	-3.35987	6	154169524	A	C	0.0007797915618611366	3.1080214686312
6:48593713:T:C	2.76714e-05	0.00225736	-4.40155	-3.35986	6	48593713	T	C	0.0007798197867059059	3.1080057494658466
6:55549374:A:AGTGTGT	2.31534e-05	0.00483581	-5.34166	-3.35978	6	55549374	A	AGTGTGT	0.0007800456196064221	3.1078799976121103
6:63078376:G:A	3.1276e-06	0.00056119	-5.18979	-3.35963	6	63078376	G	A	0.0007804692199337971	3.10764421992571
6:84461817:C:A	3.93858e-05	0.0147053	-5.92256	-3.35956	6	84461817	C	A	0.0007806669731535541	3.1075341934809213
6:56081430:A:C	2.52264e-05	0.00970698	-5.95271	-3.35922	6	56081430	A	C	0.0007816281505690582	3.106999807763379
6:56081548:A:AT	2.52264e-05	0.00970698	-5.95271	-3.35922	6	56081548	A	AT	0.0007816281505690582	3.106999807763379
6:56081368:C:T	2.52264e-05	0.00970698	-5.95271	-3.35922	6	56081368	C	T	0.0007816281505690582	3.106999807763379
6:31651247:T:G	2.81033e-05	0.0215497	-6.64223	-3.35876	6	31651247	T	G	0.0007829303156388285	3.106276890407303
6:15382059:G:A	1.75764e-05	0.0110257	-6.44143	-3.35863	6	15382059	G	A	0.0007832986835997897	3.106072603325678
6:48454421:C:A	5.32552e-05	0.00931105	-5.16386	-3.35861	6	48454421	C	A	0.0007833553698708162	3.1060411751559904
6:29814521:A:G	9.52658e-05	2.27465e-06	3.73484	3.35803	6	29814521	A	G	0.0007850009291006069	3.1051298292381513
6:5338091:AAG:A	0.0258206	4.16282e-05	6.43015	3.35799	6	5338091	AAG	A	0.0007851145341326068	3.1050669828555058
6:95256264:T:A	0.00906447	0.00048222	2.93372	3.35788	6	95256264	T	A	0.0007854270266627018	3.1048941586697154
6:29899870:T:C	0.000185339	9.86012e-06	2.93369	3.35786	6	29899870	T	C	0.0007854838558884735	3.1048627366209556
6:136374136:T:C	2.67972e-06	0.00205168	-6.6407	-3.35769	6	136374136	T	C	0.0007859670584271303	3.1045956557966266
6:42873069:C:CAA	0.00787755	0.000367519	3.065	3.35746	6	42873069	C	CAA	0.0007866212422047967	3.1042343299225053
6:81133783:A:G	1.57467e-05	0.0165551	-6.95782	-3.35746	6	81133783	A	G	0.0007866212422047967	3.1042343299225053
6:8799602:GAC:G	0.00979642	0.000140909	4.24166	3.35737	6	8799602	GAC	G	0.000786877364708221	3.1040929474129535
6:136372221:C:T	2.98782e-06	0.00187045	-6.43939	-3.35719	6	136372221	C	T	0.000787389841943929	3.103810192309512
6:56083020:A:C	2.56054e-05	0.00982037	-5.94941	-3.35677	6	56083020	A	C	0.0007885868271578819	3.1031504818157054
6:81783361:A:G	6.02888e-05	0.007135	-4.77362	-3.35641	6	81783361	A	G	0.0007896141585104844	3.102585072967793
6:66512301:C:A	1.33337e-05	0.008337	-6.43816	-3.35634	6	66512301	C	A	0.0007898140615807047	3.10247513849952
6:68252501:A:G	2.63002e-05	0.027597	-6.95589	-3.35613	6	68252501	A	G	0.0007904140526606234	3.102145347091086
6:24708400:G:C	4.26749e-05	0.0219015	-6.2407	-3.35607	6	24708400	G	C	0.0007905855563682335	3.102051124279508
6:130669209:G:A	0.00582167	9.73787e-05	4.09073	3.35607	6	130669209	G	A	0.0007905855563682335	3.102051124279508
6:93255674:GAAAAACA:G	0.0108852	2.92269e-05	5.92007	3.35602	6	93255674	GAAAAACA	G	0.0007907285025076433	3.101972606391963
6:93255575:C:T	0.0108852	2.92269e-05	5.92007	3.35602	6	93255575	C	T	0.0007907285025076433	3.101972606391963
6:30139338:TC:T	0.0138533	6.20126e-05	5.40894	3.35592	6	30139338	TC	T	0.0007910144667556832	3.1018155736771513
6:79029242:C:T	2.63084e-05	0.0275506	-6.95389	-3.35477	6	79029242	C	T	0.0007943099618057355	3.100009990730061
6:89114603:TA:T	2.52147e-06	0.00013752	-3.99893	-3.35467	6	89114603	TA	T	0.0007945971279584022	3.0998530090189793
6:76823152:A:G	0.00834467	1.35212e-05	6.42512	3.35453	6	76823152	A	G	0.000794999322448294	3.0996332414782373
6:67239976:A:G	1.16004e-05	0.00206786	-5.18323	-3.3545	6	67239976	A	G	0.0007950855315590895	3.099586149474247
6:64508312:A:AAAATAT	0.0121688	0.000244669	3.90672	3.35421	6	64508312	A	AAAATAT	0.000795919333715951	3.0991309457011105
6:123753834:A:AGAAATATTT	0.0020628	9.66459e-05	3.06077	3.35421	6	123753834	A	AGAAATATTT	0.000795919333715951	3.0991309457011105
6:66712113:C:T	1.06621e-05	0.00893099	-6.73059	-3.35412	6	66712113	C	T	0.0007961782648608429	3.0989896825417267
6:87753735:C:G	6.35781e-05	0.00263562	-3.72461	-3.35365	6	87753735	C	G	0.0007975317314429386	3.098252028626369
6:108900042:T:C	1.44881e-05	0.0110277	-6.63483	-3.35357	6	108900042	T	C	0.0007977623212828946	3.0981264794893906
6:143190983:T:A	5.75341e-05	0.0213061	-5.91437	-3.35348	6	143190983	T	A	0.0007980218088102513	3.0979852398315675
6:5199797:C:T	8.23543e-06	0.0012392	-5.01378	-3.3533	6	5199797	C	T	0.0007985410188722452	3.0977027704305367
6:73050675:G:A	4.2642e-05	0.0040944	-4.56453	-3.35291	6	73050675	G	A	0.0007996670496700807	3.0970907987448753
6:95789638:A:T	0.00844716	1.37209e-05	6.42267	3.35285	6	95789638	A	T	0.0007998404159086664	3.0969966547628296
6:4637790:A:G	0.000580703	0.0577726	-4.60003	-3.35283	6	4637790	A	G	0.000799898212405607	3.0969652737618816
6:169905065:C:A	0.000265862	0.0380551	-4.96381	-3.35268	6	169905065	C	A	0.0008003318096890673	3.0967299214567965
6:160082624:C:T	8.79919e-05	0.00478514	-3.99603	-3.3526	6	160082624	C	T	0.0008005631507507071	3.096604403981022
6:29814497:A:G	9.5475e-05	2.29976e-06	3.72606	3.3524	6	29814497	A	G	0.0008011417749323	3.0962906217155575
6:29814496:G:T	9.5475e-05	2.29976e-06	3.72606	3.3524	6	29814496	G	T	0.0008011417749323	3.0962906217155575
6:92876438:C:CA	1.73809e-05	0.00662642	-5.94345	-3.35234	6	92876438	C	CA	0.0008013154378527669	3.0961964902182997
6:32721654:T:C	0.00352998	1.37704e-05	5.54653	3.35178	6	32721654	T	C	0.0008029379772369048	3.0953180004050997
6:32721655:G:A	0.00352998	1.37704e-05	5.54653	3.35178	6	32721655	G	A	0.0008029379772369048	3.0953180004050997
6:68511714:A:ATT	4.75223e-06	0.00133507	-5.63812	-3.35174	6	68511714	A	ATT	0.0008030539894919344	3.095255256028635
6:93096322:G:A	9.26644e-05	0.0218084	-5.46107	-3.35172	6	93096322	G	A	0.0008031120014523658	3.095223884085196
6:35471952:C:G	0.000266724	0.0158204	-4.08284	-3.35168	6	35471952	C	G	0.0008032280370402463	3.0951611406879063
6:15082148:G:A	0.000466933	0.0667244	-4.96214	-3.35135	6	15082148	G	A	0.0008041859244355417	3.0946435325679382
6:29946546:T:G	0.000243966	1.08486e-05	3.113	3.35127	6	29946546	T	G	0.0008044182991473141	3.09451805850256
6:29814534:T:C	9.46476e-05	2.28485e-06	3.72386	3.35099	6	29814534	T	C	0.0008052321014169304	3.0940789198361216
6:23999143:C:T	0.000118729	0.0451518	-5.94094	-3.35048	6	23999143	C	T	0.000806716347512812	3.0932791423099526
6:116305824:T:G	1.08865e-05	0.00188439	-5.15383	-3.35041	6	116305824	T	G	0.0008069202655881003	3.09316937720595
6:8047162:A:T	3.42311e-05	0.000978753	-3.35314	-3.3504	6	8047162	A	T	0.000806949400645984	3.0931536966399977
6:42419678:A:T	0.00705302	0.000316496	3.1039	3.35025	6	42419678	A	T	0.0008073865436698171	3.0929184930463935
6:117584633:C:T	1.48779e-05	0.00208263	-4.94151	-3.35016	6	117584633	C	T	0.0008076489349509448	3.092777375296345
6:27500167:A:AAGAG	8.3913e-06	0.0052006	-6.42933	-3.35013	6	27500167	A	AAGAG	0.0008077364162939532	3.0927303367806793
6:4827090:G:A	6.9005e-06	0.000189451	-3.31254	-3.34979	6	4827090	G	A	0.0008087284862176373	3.0921972592644975
6:19793785:A:G	4.9739e-06	0.000728405	-4.98665	-3.34976	6	19793785	A	G	0.0008088160760597032	3.092150225277299
6:22846513:TACAC:T	0.0166758	2.72095e-05	6.41815	3.34975	6	22846513	TACAC	T	0.0008088452746298166	3.0921345473631603
6:26314306:CT:C	0.0143682	6.681e-05	5.37092	3.34971	6	26314306	CT	C	0.0008089620786915233	3.0920718361145716
6:68451215:G:C	0.00377258	9.948e-05	3.63556	3.34935	6	68451215	G	C	0.000810014019790878	3.0915074642508276
6:139947633:C:CA	2.6279e-05	0.00735804	-5.63478	-3.34918	6	139947633	C	CA	0.0008105112108393398	3.091240973693948
6:95156869:A:G	5.9539e-05	0.0166691	-5.63468	-3.34911	6	95156869	A	G	0.0008107160188598323	3.0911312457150526
6:88437051:G:T	1.32773e-05	0.00674808	-6.23096	-3.34908	6	88437051	G	T	0.0008108038084252674	3.091084220050324
6:7277568:A:G	2.46336e-05	0.015243	-6.42776	-3.34903	6	7277568	A	G	0.0008109501439699942	3.0910058447583633
6:29814391:C:T	9.5683e-05	2.31739e-06	3.7206	3.3489	6	29814391	C	T	0.0008113307310844325	3.090802073772392
6:29814351:C:T	9.5683e-05	2.31739e-06	3.7206	3.3489	6	29814351	C	T	0.0008113307310844325	3.090802073772392
6:29814381:G:A	9.5683e-05	2.31739e-06	3.7206	3.3489	6	29814381	G	A	0.0008113307310844325	3.090802073772392
6:29814415:A:G	9.5683e-05	2.31739e-06	3.7206	3.3489	6	29814415	A	G	0.0008113307310844325	3.090802073772392
6:4334085:GC:G	0.0567204	0.000149113	5.94118	3.3488	6	4334085	GC	G	0.0008116236031728296	3.090645331551628
6:15387164:G:A	0.00123438	2.46922e-05	3.91184	3.34856	6	15387164	G	A	0.0008123268964631541	3.0902691668664217
6:29948824:T:C	0.000412203	2.22405e-05	2.9196	3.34798	6	29948824	T	C	0.0008140288570919537	3.0893601992217814
6:3280641:G:A	0.020351	0.000961347	3.05255	3.34792	6	3280641	G	A	0.000814205110695802	3.089266175918767
6:31342501:G:A	2.29308e-05	0.0116355	-6.22934	-3.34792	6	31342501	G	A	0.000814205110695802	3.089266175918767
6:51189630:T:A	3.77001e-06	0.00191291	-6.2293	-3.34789	6	51189630	T	A	0.0008142932507755195	3.08921916481799
6:14583069:T:G	0.000511198	1.71461e-05	3.39498	3.3477	6	14583069	T	G	0.0008148516768988593	3.0889214363724773
6:89824922:A:G	1.07843e-06	0.000665796	-6.42548	-3.34743	6	89824922	A	G	0.0008156458410677693	3.0884983739148453
6:151635800:TCAA:T	1.95497e-05	0.00578085	-5.68934	-3.3474	6	151635800	TCAA	T	0.0008157341258470146	3.088451368810851
6:81023632:T:C	0.00576668	0.000104564	4.01005	3.34675	6	81023632	T	C	0.0008176491412425526	3.0874330150455482
6:31022028:T:C	0.00329037	4.65754e-05	4.25768	3.3466	6	31022028	T	C	0.000818091659822516	3.0871980348066486
6:151626496:C:T	3.44957e-05	0.00594021	-5.14867	-3.34618	6	151626496	C	T	0.0008193318942516977	3.086540138967147
6:80011016:G:A	0.00796958	7.92489e-05	4.61079	3.34573	6	80011016	G	A	0.0008206626524918072	3.0858353304195574
6:97264836:C:T	5.11269e-08	1.33683e-05	-5.56633	-3.34554	6	97264836	C	T	0.0008212251300502711	3.0855377693901263
6:100545249:T:C	0.000471683	6.89228e-06	4.2259	3.34547	6	100545249	T	C	0.0008214324487699976	3.085428145354525
6:57273425:C:T	2.53906e-05	0.0262175	-6.9398	-3.34511	6	57273425	C	T	0.0008224994265440517	3.0848643961729314
6:140153647:C:CTG	5.02268e-07	0.00013988	-5.62941	-3.34508	6	140153647	C	CTG	0.0008225883993728631	3.0848174194607814
6:32722889:T:TGG	1.35136e-05	0.00352998	-5.56535	-3.34478	6	32722889	T	TGG	0.000823478618895313	3.0843476725310577
6:139164080:A:ACTCT	3.11587e-05	0.00321619	-4.63686	-3.34459	6	139164080	A	ACTCT	0.0008240428867955875	3.0840501851305717
6:15387027:G:A	1.59374e-05	0.00231793	-4.97976	-3.3444	6	15387027	G	A	0.0008246075133863255	3.083752712455645
6:15387053:G:A	1.59374e-05	0.00231793	-4.97976	-3.3444	6	15387053	G	A	0.0008246075133863255	3.083752712455645
6:152844358:C:T	2.82154e-05	0.0291027	-6.93872	-3.34437	6	152844358	C	T	0.0008246966977558135	3.083705744432018
6:65110752:A:G	1.16267e-05	4.71326e-07	3.2055	3.34409	6	65110752	A	G	0.0008255295168263384	3.083267393914661
6:32722880:T:C	1.3528e-05	0.00352998	-5.56428	-3.34395	6	32722880	T	C	0.0008259462188842715	3.0830482306483953
6:162226212:G:A	3.80836e-05	0.00442687	-4.75566	-3.34309	6	162226212	G	A	0.0008285102440526988	3.0817021174099373
6:27800061:CA:C	4.48491e-06	0.000448836	-4.60594	-3.34298	6	27800061	CA	C	0.0008288387328686882	3.081529961896517
6:5884848:AT:A	0.000322558	0.037473	-4.75509	-3.34266	6	5884848	AT	A	0.0008297950238010816	3.081029173920412
6:24237031:A:C	6.20966e-05	0.00620715	-4.60477	-3.34207	6	24237031	A	C	0.0008315608689879243	3.080105955586918
6:49656885:G:C	1.87262e-05	0.00682688	-5.8987	-3.34185	6	49656885	G	C	0.000832220211518285	3.079761741025321
6:30139193:TA:T	0.0125304	6.4086e-05	5.27569	3.34174	6	30139193	TA	T	0.0008325500646124832	3.079589641147545
6:116682365:TTGA:T	0.000425425	2.1764e-06	5.27542	3.34154	6	116682365	TTGA	T	0.0008331501082399564	3.0792767449230833
6:87754126:G:A	0.00262975	6.44308e-05	3.70905	3.34149	6	87754126	G	A	0.000833300181816664	3.0791985234161974
6:49659881:A:G	1.65217e-05	0.00457789	-5.62432	-3.34119	6	49659881	A	G	0.0008342011499972412	3.0787292157883033
6:14582133:C:T	0.000511231	1.73037e-05	3.3859	3.3406	6	14582133	C	T	0.0008359756907012313	3.0778063512066915
6:88441890:A:G	1.2342e-05	0.00320644	-5.55991	-3.34057	6	88441890	A	G	0.0008360660150653666	3.0777594296821524
6:32722161:T:A	1.35898e-05	0.00352998	-5.55973	-3.34043	6	32722161	T	A	0.0008364876484721719	3.077540467421231
6:32722131:A:C	1.35898e-05	0.00352998	-5.55973	-3.34043	6	32722131	A	C	0.0008364876484721719	3.077540467421231
6:32722169:G:A	1.35898e-05	0.00352998	-5.55973	-3.34043	6	32722169	G	A	0.0008364876484721719	3.077540467421231
6:32722543:G:C	1.35898e-05	0.00352998	-5.55973	-3.34043	6	32722543	G	C	0.0008364876484721719	3.077540467421231
6:32722555:A:T	1.35898e-05	0.00352998	-5.55973	-3.34043	6	32722555	A	T	0.0008364876484721719	3.077540467421231
6:32722301:A:C	1.35898e-05	0.00352998	-5.55973	-3.34043	6	32722301	A	C	0.0008364876484721719	3.077540467421231
6:88441740:A:G	1.23526e-05	0.00320644	-5.55905	-3.33991	6	88441740	A	G	0.000838055442822051	3.0767272490127007
6:88441585:A:AGT	1.23526e-05	0.00320644	-5.55905	-3.33991	6	88441585	A	AGT	0.000838055442822051	3.0767272490127007
6:167765499:T:C	3.87994e-05	0.0145464	-5.9267	-3.33989	6	167765499	T	C	0.0008381157970012847	3.076695973584046
6:70062653:C:G	8.99082e-05	0.0125229	-4.93653	-3.33979	6	70062653	C	G	0.0008384176283772653	3.076539598887919
6:16229052:T:C	9.28062e-05	0.0134115	-4.97335	-3.33942	6	16229052	T	C	0.0008395352813571591	3.0759610479752943
6:120740013:C:CAAA	1.57795e-05	0.0117674	-6.61438	-3.33922	6	120740013	C	CAAA	0.0008401399933371852	3.0756483409998814
6:13522917:TA:T	0.023773	0.000806079	3.38412	3.33921	6	13522917	TA	T	0.000840170239538833	3.0756327060793547
6:65110491:A:G	1.15511e-05	4.71326e-07	3.19898	3.33905	6	65110491	A	G	0.0008406543161462366	3.0753825528976737
6:88440404:A:G	9.16339e-06	0.00212146	-5.44464	-3.33903	6	88440404	A	G	0.0008407148439084437	3.0753512844840922
6:33918905:G:A	0.000109645	0.0549491	-6.21691	-3.33901	6	33918905	G	A	0.000840775375712868	3.075320016233649
6:50895971:A:G	1.30902e-06	0.000196224	-5.00998	-3.33886	6	50895971	A	G	0.0008412294931164612	3.0750855095553824
6:103091459:G:A	5.4178e-05	0.00800549	-4.99561	-3.33878	6	103091459	G	A	0.0008414717820774514	3.0749604430791604
6:132239356:C:T	7.08436e-05	0.00671497	-4.55162	-3.33846	6	132239356	C	T	0.0008424415853248815	3.074460203276317
6:111112378:G:A	1.43667e-05	0.00875464	-6.41243	-3.33826	6	111112378	G	A	0.0008430482386896718	3.0741475746073332
6:31166546:C:T	7.06197e-06	0.0043023	-6.41218	-3.33809	6	31166546	C	T	0.0008435642126038535	3.073881853065252
6:57269563:T:C	1.69156e-05	0.0125936	-6.61271	-3.33805	6	57269563	T	C	0.0008436856607897952	3.0738193320623886
6:102248076:G:A	0.000980029	4.61072e-05	3.05661	3.33804	6	102248076	G	A	0.0008437160253701235	3.073803701913632
6:40559895:A:C	8.29642e-05	0.011967	-4.97149	-3.33798	6	40559895	A	C	0.0008438982341387475	3.0737099218775494
6:30138074:CA:C	0.0127804	6.57211e-05	5.27025	3.3378	6	30138074	CA	C	0.0008444450794484834	3.0734285905785574
6:30138076:CACACA:C	0.0127804	6.57211e-05	5.27025	3.3378	6	30138076	CACACA	C	0.0008444450794484834	3.0734285905785574
6:29811439:C:T	8.19176e-05	3.71591e-06	3.09309	3.33729	6	29811439	C	T	0.0008459962598173934	3.0726315569896503
6:42422506:CAAAA:C	0.012543	0.000247401	3.92591	3.33727	6	42422506	CAAAA	C	0.0008460571442366681	3.0726003029319795
6:48069750:T:C	5.59731e-06	0.00110552	-5.28579	-3.33725	6	48069750	T	C	0.0008461180327198352	3.0725690490374387
6:96429179:A:G	6.50974e-07	0.000325348	-6.21418	-3.33705	6	96429179	A	G	0.0008467271411198	3.072256519064244
6:44920380:C:T	0.000621609	1.66302e-06	5.92367	3.33666	6	44920380	C	T	0.000847916072382707	3.0716471325368064
6:67132648:G:A	6.81754e-06	0.00414458	-6.41006	-3.3366	6	67132648	G	A	0.0008480991222494605	3.071553386268961
6:24245115:A:G	3.78343e-05	0.00565181	-5.00651	-3.33626	6	24245115	A	G	0.0008491370972926823	3.0710221851495945
6:7278040:A:G	7.12095e-06	0.00725809	-6.92683	-3.33622	6	7278040	A	G	0.000849259289431269	3.070959693999676
6:115332694:A:T	3.98885e-05	1.52116e-06	3.26661	3.33579	6	115332694	A	T	0.000850573885247192	3.0702879553477715
6:29811381:T:C	7.54909e-05	3.4328e-06	3.09064	3.33556	6	29811381	T	C	0.0008512778155888595	3.069928684231123
6:16229314:G:T	9.32926e-05	0.0134115	-4.96812	-3.33536	6	16229314	G	T	0.0008518903680588011	3.0696162921002736
6:115332551:G:T	3.98565e-05	1.52116e-06	3.26581	3.33517	6	115332551	G	T	0.0008524726715088051	3.069319534685217
6:108052051:G:A	6.84392e-05	0.00786621	-4.74439	-3.33472	6	108052051	G	A	0.0008538532840056726	3.068616746899633
6:35465331:G:A	0.00974889	0.000443344	3.09056	3.33468	6	35465331	G	A	0.0008539761054140843	3.0685542808707016
6:65110211:G:T	1.14852e-05	4.71326e-07	3.19326	3.33464	6	65110211	G	T	0.0008540989432063926	3.068491815494249
6:135290213:C:T	0.0161201	0.000661577	3.19319	3.33458	6	135290213	C	T	0.0008542832306190132	3.068398118652966
6:31361689:A:G	2.68399e-06	0.00198765	-6.60741	-3.33433	6	31361689	A	G	0.0008550514918324934	3.068007730949775
6:49654249:TTTC:T	0.00516865	2.38494e-05	5.37861	3.33429	6	49654249	TTTC	T	0.000855174473068762	3.0679452712824826
6:108052470:A:G	6.82972e-05	0.00784532	-4.7438	-3.33428	6	108052470	A	G	0.0008552052209407661	3.0679296564676086
6:77635993:C:T	0.000306032	6.31919e-06	3.8801	3.33422	6	77635993	C	T	0.000855389729703866	3.0678359684347316
6:92875291:G:T	1.54738e-05	0.00770129	-6.20999	-3.33405	6	92875291	G	T	0.0008559127050253298	3.067570526980615
6:30016475:G:A	6.30277e-06	0.0014498	-5.43819	-3.33405	6	30016475	G	A	0.0008559127050253298	3.067570526980615
6:68451293:G:A	0.00367382	9.88128e-05	3.61576	3.33397	6	68451293	G	A	0.0008561589136449197	3.067445617433075
6:73278348:T:G	2.05644e-05	0.00179395	-4.46861	-3.33354	6	73278348	T	G	0.0008574834106041608	3.0667742733292314
6:86874948:G:A	2.29366e-06	0.00114036	-6.20895	-3.3333	6	86874948	G	A	0.0008582234907057638	3.0663996024294615
6:31160775:A:C	0.00103855	6.57609e-06	5.06214	3.33324	6	31160775	A	C	0.0008584086032604208	3.06630593837458
6:4858198:A:G	1.00856e-05	0.000850132	-4.43428	-3.33323	6	4858198	A	G	0.0008584394589523525	3.0662903278414904
6:23787753:A:T	9.23479e-07	0.000135477	-4.98841	-3.33303	6	23787753	A	T	0.0008590567888192119	3.065978125743134
6:89120449:A:G	2.19681e-06	0.000602076	-5.61338	-3.33282	6	89120449	A	G	0.0008597054282254161	3.0656503310948233
6:5214248:CA:C	0.00584309	1.62261e-05	5.88639	3.33262	6	5214248	CA	C	0.0008603236022497134	3.0653381624343985
6:29886159:C:T	7.61332e-06	0.00274012	-5.88586	-3.33231	6	29886159	C	T	0.0008612825866193708	3.0648543332454214
6:152078729:T:C	0.000421853	0.0416412	-4.59219	-3.3323	6	152078729	T	C	0.0008613135380961477	3.064838726504666
6:152078490:G:A	0.000421965	0.0416412	-4.59192	-3.3321	6	152078490	G	A	0.0008619327842700332	3.064526600252785
6:25733845:A:G	4.97548e-06	0.00144206	-5.66931	-3.33205	6	25733845	A	G	0.0008620876603061579	3.0644485712383838
6:29946076:G:C	0.000363435	1.75305e-05	3.03166	3.33192	6	29946076	G	C	0.0008624904587767088	3.0642457005718424
6:6294303:A:C	0.0175891	0.000506573	3.54737	3.3318	6	6294303	A	C	0.0008628624276383061	3.064058441457714
6:49655784:C:T	1.87306e-05	0.0067355	-5.88499	-3.33166	6	49655784	C	T	0.0008632965793159679	3.0638399799125917
6:29814463:CTG:C	2.36735e-06	9.50559e-05	-3.6927	-3.33152	6	29814463	CTG	C	0.000863730933543272	3.063621526359672
6:119513361:T:C	2.91988e-05	0.00798761	-5.61152	-3.3314	6	119513361	T	C	0.0008641033984448328	3.063434286818286
6:46565343:C:A	6.09746e-06	0.00367865	-6.40243	-3.33124	6	46565343	C	A	0.0008646002499907659	3.063184643230317
6:46565356:A:T	6.09746e-06	0.00367865	-6.40243	-3.33124	6	46565356	A	T	0.0008646002499907659	3.063184643230317
6:67285262:A:T	1.00711e-05	0.00742493	-6.60293	-3.33119	6	67285262	A	T	0.0008647555704163191	3.0631066317498226
6:29814461:A:ACC	9.50559e-05	2.36735e-06	3.6927	3.331	6	29814461	A	ACC	0.0008653460240216913	3.0628101974208635
6:29814474:T:C	9.50559e-05	2.36735e-06	3.6927	3.331	6	29814474	T	C	0.0008653460240216913	3.0628101974208635
6:15234903:GT:G	1.65848e-05	0.00201493	-4.79985	-3.33089	6	15234903	GT	G	0.0008656880364240819	3.0626385842742163
6:32336308:A:G	9.90149e-06	0.00799858	-6.69433	-3.33087	6	32336308	A	G	0.0008657502339618272	3.0626073824140003
6:69488195:C:T	4.22367e-07	0.000131296	-5.73933	-3.33086	6	69488195	C	T	0.0008657813342845241	3.0625917815450565
6:31361832:G:T	1.26491e-06	0.00102158	-6.6941	-3.33072	6	31361832	G	T	0.0008662168475887497	3.0623733736612766
6:4415616:C:T	0.0353486	0.000343277	4.63447	3.33061	6	4415616	C	T	0.0008665591791093813	3.0622017730735083
6:4415721:A:C	0.0353486	0.000343277	4.63447	3.33061	6	4415721	A	C	0.0008665591791093813	3.0622017730735083
6:31392976:T:G	2.16288e-05	0.00800769	-5.91413	-3.33055	6	31392976	T	G	0.0008667459582629303	3.0621081748324532
6:32722009:T:C	1.37704e-05	0.00352998	-5.54653	-3.33024	6	32722009	T	C	0.0008677115787014529	3.061624607304909
6:32721512:C:T	1.37704e-05	0.00352998	-5.54653	-3.33024	6	32721512	C	T	0.0008677115787014529	3.061624607304909
6:31347707:G:C	2.02189e-05	0.00748152	-5.91357	-3.33013	6	31347707	G	C	0.0008680544579122728	3.0614530282464254
6:139150474:TA:T	0.00281355	7.60543e-05	3.61075	3.33008	6	139150474	TA	T	0.0008682103536252744	3.06137503939629
6:29948820:C:T	0.000411346	2.27777e-05	2.89365	3.32978	6	29948820	C	T	0.0008691462731887959	3.0609071277021815
6:31022265:T:C	0.00269562	5.52643e-05	3.88726	3.32971	6	31022265	T	C	0.0008693647889811036	3.06079795358719
6:101536332:G:A	0.0182822	5.09934e-05	5.88199	3.32956	6	101536332	G	A	0.0008698332086456771	3.0605640157828278
6:28047791:A:C	0.000733169	3.03039e-05	3.1861	3.3291	6	28047791	A	C	0.0008712711552134654	3.0598466637221358
6:24646963:A:T	8.57231e-06	0.00423637	-6.20292	-3.32898	6	24646963	A	T	0.000871646634014523	3.059659542591235
6:63225293:C:CGT	6.01221e-06	0.00484242	-6.69138	-3.32898	6	63225293	C	CGT	0.000871646634014523	3.059659542591235
6:50421839:A:G	2.21518e-05	0.00686631	-5.73646	-3.3288	6	50421839	A	G	0.0008722101335306486	3.059378871903733
6:57269889:T:A	1.7142e-05	0.0125936	-6.59941	-3.32872	6	57269889	T	A	0.000872460686159808	3.0592541336163834
6:68349386:C:T	3.33222e-05	0.010326	-5.7362	-3.32861	6	68349386	C	T	0.000872805304986513	3.05908262273208
6:107808533:G:A	0.00024733	1.13617e-05	3.08048	3.32843	6	107808533	G	A	0.0008733694989479482	3.0588019791995436
6:8033159:T:C	1.83318e-05	0.0147411	-6.68976	-3.32794	6	8033159	T	C	0.0008749070738590178	3.0580380720672915
6:31346875:A:G	1.18264e-05	0.00867627	-6.59802	-3.32775	6	31346875	A	G	0.0008755039513243577	3.0577418895182937
6:64519441:G:A	0.0132022	0.000454294	3.3694	3.3277	6	64519441	G	A	0.000875661087076489	3.0576639491885738
6:73263611:TGG:T	0.00595402	0.000189513	3.44737	3.32746	6	73263611	TGG	T	0.0008764157027256402	3.057289849794579
6:69494684:T:G	1.6605e-06	0.00051371	-5.73454	-3.32742	6	69494684	T	G	0.0008765415306009826	3.0572275021788062
6:63009840:T:C	3.95704e-06	0.000548611	-4.93189	-3.32733	6	63009840	T	C	0.0008768247045599392	3.0570872224284646
6:31179738:G:A	3.57118e-06	0.0017607	-6.20057	-3.32729	6	31179738	G	A	0.0008769505868750036	3.0570248769328217
6:30857510:T:C	5.84976e-06	0.00469596	-6.68806	-3.32685	6	30857510	T	C	0.0008783363986167058	3.056339119535426
6:39772615:G:C	0.000174095	0.0299492	-5.14766	-3.32671	6	39772615	G	C	0.0008787777643120551	3.056120940553016
6:143877511:A:G	7.37509e-05	0.0035438	-3.87226	-3.32648	6	143877511	A	G	0.0008795033114987371	3.0557625210013795
6:16174799:C:T	0.0141158	0.000650181	3.0778	3.326	6	16174799	C	T	0.0008810192861693951	3.0550145844537098
6:22470453:A:T	3.55488e-05	0.0126813	-5.87698	-3.32571	6	22470453	A	T	0.0008819363610654993	3.0545627516428056
6:28709737:A:G	5.7486e-06	0.0057666	-6.91088	-3.32529	6	28709737	A	G	0.0008832661075455559	3.053908433876852
6:72512795:AC:A	0.0155781	2.63497e-05	6.38216	3.32508	6	72512795	AC	A	0.0008839316775569024	3.053581301962867
6:32970422:G:A	6.04383e-05	0.0605537	-6.90966	-3.32446	6	32970422	G	A	0.000885899407391379	3.0526155888296964
6:148352885:G:A	3.60884e-05	0.00917647	-5.53843	-3.32398	6	148352885	G	A	0.000887425599085314	3.051868047581216
6:124240125:A:G	0.00697302	0.000322718	3.07302	3.3232	6	124240125	A	G	0.0008899108598205031	3.050653493385316
6:85051548:G:GA	0.00991588	0.000144876	4.22601	3.32309	6	85051548	G	GA	0.0008902618639371299	3.050482230056857
6:112790137:A:G	1.64407e-05	0.0131067	-6.68111	-3.32239	6	112790137	A	G	0.0008924985350128939	3.049392488085616
6:5201388:T:G	8.56078e-06	0.0012392	-4.97503	-3.32234	6	5201388	T	G	0.0008926584963809139	3.049314657017074
6:130860906:T:C	8.41298e-06	0.00240698	-5.65635	-3.32213	6	130860906	T	C	0.0008933306243670069	3.0489877776583114
6:31528728:C:CA	4.02315e-05	0.0292725	-6.58975	-3.32195	6	31528728	C	CA	0.0008939071074010163	3.0487076096596017
6:32633432:T:C	0.000594048	1.62282e-05	3.60021	3.32189	6	32633432	T	C	0.000894099345027912	3.048614223261825
6:31286101:C:T	1.0685e-05	0.00212485	-5.29262	-3.32163	6	31286101	C	T	0.0008949328176350718	3.0482095658298918
6:31155380:G:A	3.43459e-06	0.00167971	-6.19248	-3.32149	6	31155380	G	A	0.0008953819088149458	3.0479916847808224
6:26125114:C:T	6.75518e-05	0.0401915	-6.38852	-3.32147	6	26125114	C	T	0.0008954460817471373	3.0479605595689123
6:32633345:G:A	0.000596455	1.63092e-05	3.59927	3.32116	6	32633345	G	A	0.0008964413075006453	3.0474781396355692
6:42792434:A:AT	0.00675055	0.000239579	3.33849	3.32071	6	42792434	A	AT	0.0008978878144904246	3.0467779223431175
6:32633369:C:T	0.000595937	1.63092e-05	3.5984	3.32049	6	32633369	C	T	0.000898595782786339	3.04643562393231
6:32633363:G:A	0.000595937	1.63092e-05	3.5984	3.32049	6	32633363	G	A	0.000898595782786339	3.04643562393231
6:32633362:A:G	0.000595937	1.63092e-05	3.5984	3.32049	6	32633362	A	G	0.000898595782786339	3.04643562393231
6:31392318:G:A	2.19245e-05	0.00800769	-5.90055	-3.32045	6	31392318	G	A	0.0008987245598693195	3.0463733899773464
6:58324287:T:A	1.96687e-06	0.000561415	-5.65402	-3.32034	6	58324287	T	A	0.0008990787850516474	3.046202249964217
6:120411102:A:T	1.48948e-06	0.000148841	-4.60446	-3.32013	6	120411102	A	T	0.000899755392488548	3.0458755418175882
6:4416277:A:C	0.0329966	0.000325119	4.61997	3.32	6	4416277	A	C	0.000900174481184235	3.0456733029260445
6:85542636:C:T	6.69371e-07	0.00048562	-6.58684	-3.31991	6	85542636	C	T	0.0009004647254891372	3.0455332954213237
6:4415178:C:A	0.0353486	0.000348419	4.61961	3.31973	6	4415178	C	A	0.0009010454743293264	3.0452532903173526
6:5337363:C:T	6.79667e-05	0.0492835	-6.58633	-3.31955	6	5337363	C	T	0.0009016265703005016	3.0449732984206226
6:73040232:G:A	8.66818e-05	0.00741794	-4.44941	-3.31948	6	73040232	G	A	0.0009018526458544292	3.0448644162497622
6:31593434:T:C	7.89334e-05	0.0225006	-5.65269	-3.31933	6	31593434	T	C	0.0009023372703973427	3.044631104038062
6:147816367:T:TTA	6.52895e-05	0.0473124	-6.5857	-3.31911	6	147816367	T	TTA	0.0009030484896743184	3.0442889293846185
6:86875081:G:A	2.29754e-06	0.00111956	-6.18885	-3.31889	6	86875081	G	A	0.0009037602284762498	3.0439467744601725
6:122420738:A:G	1.15363e-05	0.00310353	-5.5948	-3.31861	6	122420738	A	G	0.0009046668297839882	3.0435113330898136
6:68449033:T:C	6.21767e-05	0.0450159	-6.58479	-3.31847	6	68449033	T	C	0.0009051204464490623	3.043293624388627
6:29806486:G:A	6.66566e-05	3.75183e-06	2.87731	3.31832	6	29806486	G	A	0.0009056066982223592	3.0430603739315867
6:29806485:A:C	6.66566e-05	3.75183e-06	2.87731	3.31832	6	29806485	A	C	0.0009056066982223592	3.0430603739315867
6:68246128:TA:T	0.00721924	1.23417e-05	6.37152	3.31778	6	68246128	TA	T	0.0009073592099069326	3.0422207482246355
6:48483704:G:C	1.57552e-07	2.11219e-05	-4.89831	-3.31758	6	48483704	G	C	0.0009080090855448903	3.0419098059037277
6:51873554:C:T	0.0120369	0.000254143	3.85783	3.31751	6	51873554	C	T	0.0009082366439103405	3.041800979943297
6:67242681:T:G	1.04243e-05	0.00616677	-6.38279	-3.31745	6	67242681	T	G	0.0009084317360025573	3.041707702138305
6:95243419:C:T	0.0157767	0.000562274	3.3343	3.31737	6	95243419	C	T	0.0009086919192055109	3.041583334014237
6:3718867:AGAG:A	0.0420626	0.000434833	4.57195	3.31737	6	3718867	AGAG	A	0.0009086919192055109	3.041583334014237
6:32399482:T:G	6.15982e-06	0.00138651	-5.4165	-3.31729	6	32399482	T	G	0.0009089521714675448	3.0414589684988353
6:32633393:G:C	0.000595937	1.63861e-05	3.5937	3.31683	6	32633393	G	C	0.0009104499629876197	3.0407439174094275
6:141938905:C:T	6.5719e-05	0.0238844	-5.89559	-3.31677	6	141938905	C	T	0.0009106454956370149	3.0406506562345794
6:67285556:T:TTGTA	1.02837e-05	0.00742493	-6.58204	-3.31654	6	67285556	T	TTGTA	0.0009113953980355606	3.040293168657682
6:79260842:A:C	2.56604e-05	0.0185246	-6.58191	-3.31645	6	79260842	A	C	0.0009116889938549591	3.0401532880839204
6:31626851:T:A	6.57361e-05	0.0474542	-6.58187	-3.31642	6	31626851	T	A	0.0009117868786037403	3.0401066619596695
6:11053148:T:TAA	1.18151e-05	0.00697864	-6.38123	-3.31635	6	11053148	T	TAA	0.0009120153142274472	3.039997869096326
6:23786616:G:T	0.000107559	3.47206e-06	3.4333	3.31629	6	23786616	G	T	0.00091221115840271	3.0399046196602146
6:68116959:C:CAAAAAAA	3.50718e-05	0.020713	-6.38112	-3.31627	6	68116959	C	CAAAAAAA	0.000912276448454659	3.0398735368409175
6:42291960:T:C	0.000126564	0.0210091	-5.11197	-3.31618	6	42291960	T	C	0.0009125703072825346	3.039733666171661
6:32439030:G:A	1.48935e-06	0.000285991	-5.25762	-3.31595	6	32439030	G	A	0.0009133216784158368	3.0393762339050974
6:80902622:T:TATATA	0.00173628	2.63899e-05	4.18652	3.31574	6	80902622	T	TATATA	0.0009140082135780327	3.0390499015357655
6:77600834:C:T	0.00082099	1.16716e-05	4.25335	3.31559	6	77600834	C	T	0.0009144988885974218	3.0388168179910635
6:67285613:C:T	1.03021e-05	0.00742493	-6.58025	-3.31528	6	67285613	C	T	0.0009155137239298107	3.0383351410593753
6:5885434:A:G	0.000337021	0.0286736	-4.44359	-3.31522	6	5885434	A	G	0.0009157102641727089	3.0382419177903
6:19126205:G:C	3.33193e-06	0.00161512	-6.18361	-3.31513	6	19126205	G	C	0.0009160051478486495	3.0381020856378482
6:142997992:TTGG:T	0.0631117	0.000180068	5.85933	3.31492	6	142997992	TTGG	T	0.0009166935520036777	3.037775823454181
6:31193223:G:A	3.09594e-06	0.00182448	-6.37896	-3.31476	6	31193223	G	A	0.0009172183721573271	3.0375272548070824
6:32334027:G:C	0.00319437	2.0765e-05	5.03588	3.31475	6	32334027	G	C	0.0009172511826598935	3.037511719613078
6:87508882:C:CCACT	1.40958e-05	0.00192269	-4.9156	-3.31439	6	87508882	C	CCACT	0.0009184330853513747	3.036952479773277
6:10863092:A:C	0.000183243	0.0360856	-5.28283	-3.31402	6	10863092	A	C	0.0009196492890914712	3.0363777605358586
6:143877361:A:C	7.46502e-05	0.00352366	-3.85444	-3.314	6	143877361	A	C	0.0009197150723291942	3.036346696220646
6:143877352:A:G	7.46502e-05	0.00352366	-3.85444	-3.314	6	143877352	A	G	0.0009197150723291942	3.036346696220646
6:80015189:T:TGGG	0.00725899	4.39125e-05	5.1078	3.3139	6	80015189	T	TGGG	0.0009200440539269183	3.03619137708998
6:79265875:AC:A	0.0170073	2.92449e-05	6.36569	3.31379	6	79265875	AC	A	0.0009204060596260478	3.0360205307536203
6:32334268:A:C	1.6228e-05	0.00319437	-5.28241	-3.31369	6	32334268	A	C	0.000920735270244196	3.035865220181803
6:32334290:C:T	1.6228e-05	0.00319437	-5.28241	-3.31369	6	32334290	C	T	0.000920735270244196	3.035865220181803
6:30010575:G:A	8.62951e-06	0.00193262	-5.41145	-3.31338	6	30010575	G	A	0.0009217565166897315	3.03538378330971
6:95104497:C:T	0.00033078	0.0302418	-4.51553	-3.31333	6	95104497	C	T	0.0009219213321218825	3.0353061358693476
6:164720714:C:T	3.06515e-05	0.0220295	-6.57745	-3.31332	6	164720714	C	T	0.0009219542984849801	3.0352906065035428
6:66512721:A:G	1.17869e-05	0.0116179	-6.89332	-3.31326	6	66512721	A	G	0.0009221521196030017	3.0351974311645846
6:31194079:T:C	3.10313e-06	0.00182448	-6.37664	-3.31313	6	31194079	T	C	0.0009225808669581902	3.0349955562968414
6:50096134:GT:G	0.00185882	8.70224e-05	3.06153	3.31312	6	50096134	GT	G	0.000922613855173525	3.03498002774615
6:46566035:C:G	6.25757e-06	0.00367865	-6.37651	-3.31304	6	46566035	C	G	0.0009228778002454125	3.0348558008078257
6:46566561:C:T	6.25787e-06	0.00367865	-6.37646	-3.313	6	46566561	C	T	0.0009230097990175977	3.0347936883167956
6:78214958:A:T	0.000677387	2.80041e-06	5.48848	3.3125	6	78214958	A	T	0.0009246612603772077	3.0340173371985575
6:32633203:G:C	0.000590369	1.63242e-05	3.5881	3.31248	6	32633203	G	C	0.0009247273757441476	3.0339862852730914
6:32333737:G:A	0.00319437	2.08415e-05	5.0322	3.31216	6	32333737	G	A	0.00092578581751015	3.0334894766362286
6:85251291:C:T	0.000914249	3.78166e-06	5.48794	3.31214	6	85251291	C	T	0.0009258520073774185	3.0334584274820813
6:29812431:T:A	8.30935e-05	3.90736e-06	3.05711	3.31202	6	29812431	T	A	0.0009262492386699586	3.033272135980574
6:139950220:A:C	0.00916673	4.36497e-05	5.34714	3.31184	6	139950220	A	C	0.0009268453817039773	3.0329927097319795
6:61213371:C:T	1.56443e-06	0.00153845	-6.89101	-3.31167	6	61213371	C	T	0.0009274087320874891	3.032728819288221
6:32633228:A:G	0.00058952	1.63242e-05	3.58666	3.31136	6	32633228	A	G	0.0009284368349132874	3.0322476376234437
6:32633223:T:A	0.00058952	1.63242e-05	3.58666	3.31136	6	32633223	T	A	0.0009284368349132874	3.0322476376234437
6:32633241:T:C	0.000589003	1.63242e-05	3.58578	3.31068	6	32633241	T	C	0.000930695728019463	3.0311922795349036
6:32633230:G:A	0.000589003	1.63242e-05	3.58578	3.31068	6	32633230	G	A	0.000930695728019463	3.0311922795349036
6:31166848:A:G	7.34795e-06	0.00430303	-6.37265	-3.31033	6	31166848	A	G	0.0009318603775098891	3.0306491539759324
6:50010352:A:C	7.87282e-05	0.00624908	-4.37419	-3.30965	6	50010352	A	C	0.0009341269861818689	3.0295940813187707
6:114924028:C:T	6.40179e-06	0.00142661	-5.40648	-3.30955	6	114924028	C	T	0.0009344607414640909	3.029438939468301
6:148061857:CTTTTTTTTT:C	0.0174276	3.01576e-05	6.35937	3.30945	6	148061857	CTTTTTTTTT	C	0.000934794607222573	3.029283801692984
6:32633472:A:G	0.000590166	1.63861e-05	3.58397	3.30927	6	32633472	A	G	0.0009353958440940879	3.029004563966765
6:109284862:C:G	0.00413241	6.1516e-05	4.20732	3.30922	6	109284862	C	G	0.0009355629179052529	3.0289270002749014
6:26191615:C:T	1.6253e-05	0.000912742	-4.02817	-3.30921	6	26191615	C	T	0.0009355963359849286	3.0289114876587835
6:78214328:A:T	0.000677387	2.81837e-06	5.48208	3.30817	6	78214328	A	T	0.0009390778606839532	3.027298398081547
6:68260322:A:G	2.13556e-05	0.0208832	-6.88539	-3.30782	6	68260322	A	G	0.0009402522242942036	3.026755630521829
6:29948838:T:C	0.000410526	2.34604e-05	2.86213	3.30767	6	29948838	T	C	0.0009407559393472468	3.026523031134494
6:67235116:ATG:A	0.00227781	2.38671e-05	4.55847	3.30753	6	67235116	ATG	A	0.0009412262989324418	3.0263059466451097
6:84471615:G:C	3.44969e-05	0.00766626	-5.40371	-3.30741	6	84471615	G	C	0.0009416296376804436	3.0261198805825202
6:147828842:G:A	0.000129294	0.126355	-6.88477	-3.3074	6	147828842	G	A	0.0009416632564692849	3.0261043753421735
6:65107396:A:AT	1.01584e-05	4.31847e-07	3.15798	3.30738	6	65107396	A	AT	0.0009417304973827772	3.0260733649837284
6:16230744:T:C	9.79131e-05	0.0135757	-4.93195	-3.30726	6	16230744	T	C	0.0009421340362805079	3.025887306255973
6:95105251:C:T	0.000339612	0.0307747	-4.50664	-3.30714	6	95105251	C	T	0.0009425377353629894	3.0257012533960634
6:4418686:G:GAGA	0.000242686	0.0327939	-4.90623	-3.30694	6	4418686	G	GAGA	0.0009432109232901497	3.0253911783358185
6:103496129:C:T	2.6263e-05	0.0204361	-6.6569	-3.30686	6	103496129	C	T	0.0009434803231540189	3.0252671528755646
6:86300045:T:TTTATTA	1.72929e-06	0.00123138	-6.56818	-3.30682	6	86300045	T	TTTATTA	0.0009436150498144459	3.0252051411234016
6:111832601:G:GATC	0.00877153	0.000316789	3.32103	3.30676	6	111832601	G	GATC	0.0009438171732217264	3.02511212471761
6:89716551:C:T	4.86967e-07	0.000174586	-5.88198	-3.30665	6	89716551	C	T	0.0009441878369721796	3.0249415984502934
6:48070124:TTG:T	0.00672463	1.16853e-05	6.3552	3.30659	6	48070124	TTG	T	0.0009443900740330252	3.0248485862008274
6:31159785:C:T	5.96949e-06	0.0015809	-5.57909	-3.30659	6	31159785	C	T	0.0009443900740330252	3.0248485862008274
6:86299230:C:T	6.81642e-06	0.00396992	-6.36717	-3.30648	6	86299230	C	T	0.0009447609462015576	3.0246780675534253
6:4418490:A:T	0.000242899	0.0327939	-4.90535	-3.30625	6	4418490	A	T	0.0009455368422092846	3.024321544495866
6:4418477:A:AT	0.000242899	0.0327912	-4.90527	-3.30618	6	4418477	A	AT	0.0009457731016100784	3.0242130417568713
6:95456866:G:A	1.30151e-05	0.00757682	-6.36674	-3.30617	6	95456866	G	A	0.0009458068574168197	3.0241975415285767
6:91844253:TA:T	0.00225684	2.26643e-05	4.60093	3.30605	6	91844253	TA	T	0.0009462120141586186	3.024011541967365
6:31393169:T:C	2.23723e-05	0.00801355	-5.88106	-3.30597	6	31393169	T	C	0.0009464822079651887	3.0238875455196945
6:68342860:G:T	3.54413e-05	0.0206162	-6.36595	-3.30562	6	68342860	G	T	0.0009476651464229955	3.0233450917235225
6:43661427:G:T	0.00191191	8.14652e-05	3.15568	3.3056	6	43661427	G	T	0.0009477327842544892	3.0233140958713878
6:29948842:C:CAT	0.000410193	2.35189e-05	2.85882	3.30535	6	29948842	C	CAT	0.0009485786345448829	3.0229266614717893
6:88440290:T:A	9.57999e-06	0.00212169	-5.40029	-3.30477	6	88440290	T	A	0.000950543701047243	3.0220279117418483
6:141376364:C:CTGAG	0.000965452	5.90585e-06	5.09665	3.30387	6	141376364	C	CTGAG	0.0009536004087243511	3.020633571460076
6:72568542:A:T	0.0437229	5.5859e-05	6.6628	3.30357	6	72568542	A	T	0.0009546213328676934	3.020168864707673
6:32723007:T:C	1.34796e-05	0.00355557	-5.5751	-3.30354	6	32723007	T	C	0.0009547234809440328	3.020122396049301
6:3696129:C:CCA	0.0467883	0.000309173	5.01949	3.30321	6	3696129	C	CCA	0.0009558477781689333	3.019611265009487
6:56081533:C:T	1.96659e-05	0.0139315	-6.56302	-3.3032	6	56081533	C	T	0.0009558818669177593	3.019595776882754
6:86297289:C:CA	7.05988e-06	0.00499947	-6.56266	-3.30295	6	86297289	C	CA	0.0009567344516886369	3.019208586956295
6:94722943:A:G	0.0112691	0.000564549	2.99379	3.30292	6	94722943	A	G	0.0009568368091798222	3.0191621258763712
6:29796083:T:C	2.35366e-06	0.00228508	-6.87818	-3.30289	6	29796083	T	C	0.0009569391768138645	3.019115665163145
6:137272932:C:T	0.000111546	0.0646284	-6.36197	-3.30283	6	137272932	C	T	0.0009571439425141881	3.0190227448367755
6:86392528:A:AAATAAATTA	1.66691e-05	0.0117939	-6.56178	-3.30233	6	86392528	A	AAATAAATTA	0.0009588519022492618	3.0182484658248896
6:26193893:C:T	1.77498e-05	0.000823914	-3.83769	-3.30228	6	26193893	C	T	0.0009590228533878258	3.018171043525929
6:85249694:T:A	0.000971763	4.07944e-06	5.47315	3.30213	6	85249694	T	A	0.000959535876192997	3.017938782740526
6:130859494:G:C	9.17931e-06	0.00173068	-5.23932	-3.3021	6	130859494	G	C	0.0009596385112511515	3.017892331683509
6:97322063:T:C	0.00301055	7.84344e-05	3.64762	3.30209	6	97322063	T	C	0.000959672725196674	3.0178768480793243
6:75841013:G:A	0.00524647	1.4755e-05	5.87373	3.30203	6	75841013	G	A	0.0009598780325966882	3.0177839473098103
6:29037818:A:G	0.000470693	1.67423e-05	3.33627	3.30182	6	29037818	A	G	0.0009605969288989978	3.017458806167128
6:15567459:G:GAAAC	4.18727e-06	0.00242158	-6.36013	-3.30153	6	15567459	G	GAAAC	0.0009615905102890649	3.0170098312704434
6:78207555:C:T	9.97208e-06	0.00704685	-6.56055	-3.30146	6	78207555	C	T	0.0009618304828417269	3.0169014631530713
6:78694173:A:G	0.000334912	1.00644e-05	3.50486	3.3013	6	78694173	A	G	0.0009623791998274754	3.0166537720956534
6:68450352:G:T	5.68985e-05	0.00927451	-5.09376	-3.3013	6	68450352	G	T	0.0009623791998274754	3.0166537720956534
6:49659101:T:C	0.00331578	2.03622e-05	5.09277	3.30105	6	49659101	T	C	0.0009632371505626781	3.0162667756987616
6:153056838:CTGTGTGTGT:C	0.00904256	4.37181e-05	5.33194	3.301	6	153056838	CTGTGTGTGT	C	0.0009634088256919459	3.0161893794750263
6:34885114:C:T	2.09904e-05	0.00198951	-4.55158	-3.30077	6	34885114	C	T	0.000964198896336903	3.0158333699646764
6:67132124:A:C	7.65979e-06	0.00442479	-6.35899	-3.30074	6	67132124	A	C	0.0009643019932575929	3.01578693553051
6:9676101:G:A	5.59028e-06	0.00155451	-5.62789	-3.30033	6	9676101	G	A	0.0009657120081033459	3.0151523683455803
6:24070701:C:G	3.32025e-05	0.00818229	-5.5071	-3.29979	6	24070701	C	G	0.0009675720144600122	3.0143167014318566
6:38156953:C:A	2.83662e-05	0.00623772	-5.39317	-3.29927	6	38156953	C	A	0.0009693662668868175	3.0135120974251177
6:68350365:T:A	3.5543e-05	0.0105722	-5.69524	-3.29923	6	68350365	T	A	0.0009695044138542489	3.013450209372093
6:81993009:G:A	0.0102555	2.98998e-05	5.83771	3.29921	6	81993009	G	A	0.0009695734941749596	3.0134192655900187
6:8508821:GCAA:G	0.000595868	2.18103e-06	5.61022	3.29911	6	8508821	GCAA	G	0.0009699189641593741	3.0132645491240315
6:4415025:A:G	0.0353601	0.000358577	4.5912	3.29893	6	4415025	A	G	0.0009705410974170137	3.01298606975163
6:16230519:T:C	9.83613e-05	0.0134917	-4.92118	-3.29889	6	16230519	T	C	0.0009706793994290702	3.0129241872391885
6:16230493:C:T	9.83613e-05	0.0134917	-4.92118	-3.29889	6	16230493	C	T	0.0009706793994290702	3.0129241872391885
6:94733398:C:T	0.000130258	0.0065697	-3.92071	-3.29887	6	94733398	C	T	0.0009707485572790614	3.0128932462274034
6:48070123:TTGTG:T	0.0032314	1.18324e-05	5.60983	3.29885	6	48070123	TTGTG	T	0.0009708177196920579	3.012862305378576
6:11926244:T:C	0.000757589	0.0611159	-4.39039	-3.29879	6	11926244	T	C	0.0009710252343118118	3.0127694838098384
6:72564716:C:T	1.97277e-05	0.0113614	-6.35595	-3.2986	6	72564716	C	T	0.0009716826349696184	3.012475558517727
6:32722489:G:A	0.00679638	3.40998e-05	5.29485	3.29858	6	32722489	G	A	0.0009717518590099559	3.012444619868815
6:32722580:C:G	0.00679638	3.40998e-05	5.29485	3.29858	6	32722580	C	G	0.0009717518590099559	3.012444619868815
6:32722298:T:A	0.00679638	3.40998e-05	5.29485	3.29858	6	32722298	T	A	0.0009717518590099559	3.012444619868815
6:32722314:T:C	0.00679638	3.40998e-05	5.29485	3.29858	6	32722314	T	C	0.0009717518590099559	3.012444619868815
6:32722570:G:C	0.00679638	3.40998e-05	5.29485	3.29858	6	32722570	G	C	0.0009717518590099559	3.012444619868815
6:79671870:T:C	6.15985e-05	0.0354557	-6.3554	-3.29821	6	79671870	T	C	0.0009730333278115929	3.011872284257047
6:97323634:A:G	7.6698e-05	0.00297325	-3.65753	-3.29807	6	97323634	A	G	0.0009735186158591919	3.011655739380084
6:26194641:A:G	1.77498e-05	0.000818722	-3.83137	-3.29785	6	26194641	A	G	0.0009742816642200632	3.011315470705833
6:73039442:T:C	9.0276e-05	0.00749999	-4.41979	-3.2978	6	73039442	T	C	0.0009744551615252971	3.0112381396660624
6:24082913:C:T	1.00718e-05	0.0070793	-6.55519	-3.29771	6	24082913	C	T	0.0009747675287756309	3.0110989463609736
6:72562408:ATTAC:A	0.0111036	3.24423e-05	5.83556	3.29764	6	72562408	ATTAC	A	0.0009750105451845786	3.010990687182789
6:4418478:A:AAAT	0.000216638	0.0406015	-5.23333	-3.29757	6	4418478	A	AAAT	0.0009752536176966441	3.010882430000764
6:77594948:T:G	9.12083e-06	0.00640938	-6.55496	-3.29754	6	77594948	T	G	0.0009753578088077233	3.010836034676679
6:87753696:C:CTTTTT	0.00164669	9.55005e-05	2.84739	3.29733	6	87753696	C	CTTTTT	0.0009760874352538859	3.010511277673992
6:67242422:T:A	1.07277e-05	0.00616677	-6.3541	-3.2973	6	67242422	T	A	0.0009761917088528226	3.0104648852830205
6:64518550:A:C	0.0124505	0.000445478	3.33037	3.29721	6	64518550	A	C	0.0009765045915442411	3.010325710309932
6:62551935:C:T	8.96326e-05	4.50723e-07	5.29262	3.29708	6	62551935	C	T	0.000976956697156614	3.0101246856187007
6:93378556:A:T	2.82057e-05	0.0133308	-6.15831	-3.29699	6	93378556	A	T	0.0009772698068866777	3.009985518711611
6:66511381:A:G	1.61787e-05	0.0113585	-6.55402	-3.29689	6	66511381	A	G	0.0009776178155710788	3.0098308926848762
6:31193627:C:T	3.10258e-06	0.00178238	-6.35347	-3.29686	6	31193627	C	T	0.0009777222405517785	3.0097845056712296
6:83631840:T:C	6.46373e-06	0.00453762	-6.55395	-3.29684	6	83631840	T	C	0.000977791862943714	3.00975358119915
6:92585506:G:A	0.000759669	1.10699e-05	4.22865	3.29654	6	92585506	G	A	0.0009788367498761808	3.009289733671676
6:44758179:G:A	0.00107306	3.03105e-05	3.56677	3.29591	6	44758179	G	A	0.0009810343787721159	3.008315773201689
6:44920567:CAA:C	0.000192988	1.05151e-06	5.2124	3.2959	6	44920567	CAA	C	0.0009810692985766998	3.0083003148152474
6:78215414:A:G	2.76779e-06	0.000678159	-5.50133	-3.29534	6	78215414	A	G	0.000983026645543088	3.0074347101887233
6:112541233:CT:C	0.0191376	5.60946e-05	5.83237	3.29533	6	112541233	CT	C	0.0009830616310062944	3.0074192541242115
6:31194116:T:A	3.10978e-06	0.00178238	-6.35115	-3.29523	6	31194116	T	A	0.0009834115490538519	3.0072646957195333
6:88677979:CT:C	0.00441094	6.69161e-05	4.1884	3.29518	6	88677979	CT	C	0.000983586551322365	3.0071874180447637
6:39595954:C:T	6.72522e-05	0.00504336	-4.31738	-3.29494	6	39595954	C	T	0.0009844269636784943	3.0068164993816606
6:39595747:A:G	6.72522e-05	0.00504336	-4.31738	-3.29494	6	39595747	A	G	0.0009844269636784943	3.0068164993816606
6:119415342:A:G	1.17328e-05	0.00156108	-4.89075	-3.29465	6	119415342	A	G	0.0009854433490286139	3.006368337301784
6:68447111:ATT:A	0.022764	6.47206e-05	5.86285	3.29449	6	68447111	ATT	A	0.0009860045291969423	3.0061210901290507
6:96451240:G:T	0.000137925	4.04625e-07	5.83151	3.29449	6	96451240	G	T	0.0009860045291969423	3.0061210901290507
6:67132050:A:G	7.72933e-06	0.00442479	-6.34996	-3.29439	6	67132050	A	G	0.0009863554170479586	3.0059665659415553
6:96452522:A:G	0.000137925	4.0471e-07	5.8313	3.29434	6	96452522	A	G	0.000986530904326998	3.0058893053753417
6:140151087:T:A	5.06343e-07	0.000173033	-5.83402	-3.29381	6	140151087	T	A	0.0009883928476067455	3.005070405981575
6:15562115:C:T	1.89077e-06	0.00108103	-6.34869	-3.2935	6	15562115	C	T	0.0009894834163628624	3.0045914801260563
6:19127673:A:C	3.82933e-06	0.00180039	-6.15307	-3.29323	6	19127673	A	C	0.0009904341742130673	3.004174383049215
6:19798418:A:T	0.000482469	1.46652e-05	3.49344	3.2931	6	19798418	A	T	0.0009908922481132061	3.0039735691212957
6:117916443:A:G	6.13594e-06	0.000856248	-4.9384	-3.29307	6	117916443	A	G	0.0009909979853268828	3.003927228423208
6:4416093:GA:G	0.0327805	0.000335097	4.58317	3.29305	6	4416093	GA	G	0.0009910684826062307	3.003896334828146
6:15384589:CTATT:C	0.0100287	2.94896e-05	5.82917	3.293	6	15384589	CTATT	C	0.0009912447461190928	3.003819101553314
6:73135643:T:C	0.000823063	0.0637525	-4.34973	-3.29243	6	73135643	T	C	0.0009932562026578856	3.0029387141943897
6:95937830:T:C	2.45324e-06	0.00115191	-6.15177	-3.2923	6	95937830	T	C	0.000993715484812487	3.002737942628101
6:32722088:G:C	0.00675056	3.41937e-05	5.28534	3.29218	6	32722088	G	C	0.0009941396120786432	3.0025526211382205
6:31344945:A:G	1.77337e-05	0.0134847	-6.63384	-3.29208	6	31344945	A	G	0.0009944931794843113	3.002398191043804
6:8025767:T:A	5.26185e-06	0.00246719	-6.15035	-3.29128	6	8025767	T	A	0.0009973259126431402	3.0011628969210813
6:29755912:G:A	1.99448e-05	0.00517707	-5.55902	-3.29125	6	29755912	G	A	0.0009974322853105093	3.0011165784624785
6:84894044:T:C	3.63149e-05	0.00584684	-5.08143	-3.29122	6	84894044	T	C	0.0009975386684813639	3.0010702603704527
6:30135181:T:A	0.00011302	0.0786805	-6.54559	-3.29097	6	30135181	T	A	0.000998425603500332	3.000684290525897
6:5200453:T:C	8.68831e-06	0.00120879	-4.9354	-3.29067	6	5200453	T	C	0.000999490889196686	3.0002211603148874
6:31194871:C:A	3.13014e-06	0.00178238	-6.34463	-3.29065	6	31194871	C	A	0.0009995619456431828	3.000190286270848
6:31195317:C:T	3.13014e-06	0.00178238	-6.34463	-3.29065	6	31195317	C	T	0.0009995619456431828	3.000190286270848
6:97335285:AT:A	5.58775e-06	0.000141369	-3.23079	-3.29039	6	97335285	AT	A	0.0010004861051191936	2.999788938523986
6:94729670:A:G	0.0001472	0.00733141	-3.90813	-3.28991	6	94729670	A	G	0.0010021943241653847	2.999048061173101
6:27620366:C:T	2.63678e-07	0.000199735	-6.63002	-3.28962	6	27620366	C	T	0.0010032276811667836	2.998600493247677
6:88680795:A:T	0.000637437	3.27339e-05	2.96904	3.28961	6	88680795	A	T	0.0010032633317531756	2.9985850604818696
6:124205367:A:AG	6.40251e-05	0.00476824	-4.31046	-3.2896	6	124205367	A	AG	0.0010032989835123498	2.998569627756792
6:32100190:C:T	1.58678e-05	0.00555846	-5.85879	-3.28941	6	32100190	C	T	0.0010039765898123105	2.998276413718755
6:83637995:G:A	2.30205e-06	0.000322898	-4.94353	-3.28899	6	83637995	G	A	0.0010054759599486295	2.997628308544579
6:73044308:G:C	6.91157e-05	0.00607983	-4.47695	-3.28897	6	73044308	G	C	0.0010055474102040986	2.997597448185466
6:62790244:T:C	0.00105001	3.10492e-06	5.82356	3.28893	6	62790244	T	C	0.0010056903248156445	2.997535727955976
6:62790246:T:C	0.00105001	3.10492e-06	5.82356	3.28893	6	62790246	T	C	0.0010056903248156445	2.997535727955976
6:31286219:A:G	1.11443e-05	0.00212485	-5.25053	-3.2889	6	31286219	A	G	0.0010057975231134414	2.9974894382115016
6:31286311:T:C	1.11556e-05	0.00212558	-5.24986	-3.28837	6	31286311	T	C	0.0010076931046808226	2.9966717131656906
6:5402240:TAAATC:T	0.00687897	1.22767e-05	6.32852	3.2883	6	5402240	TAAATC	T	0.0010079437115954265	2.996563720297311
6:28872102:A:G	8.27555e-06	0.00153164	-5.22079	-3.28809	6	28872102	A	G	0.0010086958785369914	2.996239753665953
6:18073914:C:A	6.60196e-05	0.0374365	-6.34045	-3.28771	6	18073914	C	A	0.001010058263419523	2.995653573987864
6:55726387:A:G	5.57123e-05	0.0385888	-6.54052	-3.28742	6	55726387	A	G	0.001011099123935347	2.995206265904641
6:92459580:G:GTGTGTA	0.0182172	3.25582e-05	6.32709	3.28732	6	92459580	G	GTGTGTA	0.0010114582715037082	2.995052029679633
6:92459575:T:TATATAC	0.0182172	3.25582e-05	6.32709	3.28732	6	92459575	T	TATATAC	0.0010114582715037082	2.995052029679633
6:33713598:GTTT:G	0.00529687	8.12276e-05	4.17762	3.28717	6	33713598	GTTT	G	0.0010119972142723327	2.994820682978254
6:133713267:GA:G	0.00294333	3.85585e-06	6.63771	3.28683	6	133713267	GA	G	0.0010132198021363496	2.994296331046405
6:32722057:C:G	0.00675056	3.44681e-05	5.27735	3.28681	6	32722057	C	G	0.0010132917616279382	2.9942654882812416
6:124209313:A:G	6.01354e-05	0.00446235	-4.30683	-3.2868	6	124209313	A	G	0.001013327743147651	2.994250066959749
6:84472993:C:A	3.39801e-05	0.00734993	-5.37667	-3.28652	6	84472993	C	A	0.0010143357059885125	2.9938182864924388
6:86294600:G:GATATAT	8.95385e-06	0.00619247	-6.53901	-3.28636	6	86294600	G	GATATAT	0.0010149121013491448	2.9935715691321003
6:32700662:A:C	6.34169e-05	0.0173079	-5.60919	-3.28601	6	32700662	A	C	0.0010161740233102646	2.993031911253321
6:87753447:A:G	0.00242134	6.4693e-05	3.62242	3.28593	6	87753447	A	G	0.0010164626664582771	2.99290856788567
6:87753571:C:T	0.00242132	6.4693e-05	3.62242	3.28593	6	87753571	C	T	0.0010164626664582771	2.99290856788567
6:44107842:T:A	5.06216e-05	0.0479377	-6.85328	-3.28582	6	44107842	T	A	0.0010168596746995137	2.992738975010856
6:130637724:T:C	0.000163402	0.0151866	-4.53196	-3.28554	6	130637724	T	C	0.001017870888863404	2.9923073062922354
6:64661208:T:C	0.00693324	9.1005e-06	6.63575	3.28553	6	64661208	T	C	0.001017907020863475	2.9922918901427846
6:102222509:CT:C	0.0517327	9.27141e-05	6.32433	3.28542	6	102222509	CT	C	0.0010183045512237622	2.992122315186604
6:78215139:T:C	2.80041e-06	0.000677387	-5.48848	-3.28541	6	78215139	T	C	0.0010183406974719343	2.992106899525841
6:104097014:G:T	2.01207e-05	0.00381775	-5.24567	-3.28512	6	104097014	G	T	0.0010193894554065349	2.991659863078526
6:29755986:T:C	2.0108e-05	0.00517707	-5.55088	-3.28502	6	29755986	T	C	0.0010197513278067014	2.9915057205205535
6:29756008:T:C	2.0108e-05	0.00517707	-5.55088	-3.28502	6	29756008	T	C	0.0010197513278067014	2.9915057205205535
6:32444611:T:G	3.88591e-06	0.000542142	-4.93817	-3.28496	6	32444611	T	G	0.0010199685083142902	2.991413236940496
6:30856755:C:T	1.60867e-05	0.00560151	-5.8528	-3.28496	6	30856755	C	T	0.0010199685083142902	2.991413236940496
6:31528792:A:G	3.93226e-05	0.0182617	-6.14076	-3.2844	6	31528792	A	G	0.0010219975918031722	2.990550127555343
6:132307219:C:G	0.0113765	0.000240879	3.85501	3.2838	6	132307219	C	G	0.001024175755202516	2.9896255092147546
6:33017275:G:A	0.000203896	0.0945865	-6.13966	-3.28362	6	33017275	G	A	0.0010248300415582174	2.9893481522995398
6:65382394:A:G	0.00160961	2.48017e-05	4.17284	3.28362	6	65382394	A	G	0.0010248300415582174	2.9893481522995398
6:68451937:G:A	5.63979e-05	0.00899245	-5.07171	-3.28328	6	68451937	G	A	0.0010260669713820043	2.9888242919021453
6:23999169:C:T	0.000115682	0.0536197	-6.13883	-3.28302	6	23999169	C	T	0.0010270137910245267	2.988423724537446
6:50232773:TCA:T	0.00414822	2.05705e-05	5.30657	3.2829	6	50232773	TCA	T	0.001027451057369364	2.9882388565766234
6:94733877:C:T	0.000132783	0.00654819	-3.89823	-3.28284	6	94733877	C	T	0.0010276697551482351	2.9881464247951453
6:87753492:G:A	6.4693e-05	0.00242134	-3.62242	-3.28279	6	87753492	G	A	0.0010278520362062425	2.9880693994304046
6:29812476:G:T	7.78215e-05	4.60957e-06	2.82628	3.28253	6	29812476	G	T	0.0010288003801507217	2.987668883944221
6:95789238:G:T	1.3472e-05	0.00925954	-6.53279	-3.282	6	95789238	G	T	0.0010307360510864178	2.9868525337783023
6:96113715:G:A	6.07069e-06	0.00210544	-5.84881	-3.28199	6	96113715	G	A	0.0010307726055546799	2.9868371320444256
6:160306891:G:GC	3.01579e-05	0.0139561	-6.13723	-3.28187	6	160306891	G	GC	0.0010312113527632507	2.9866523144140658
6:32446496:T:C	0.00028608	1.16943e-05	3.19717	3.28178	6	32446496	T	C	0.00103154052658165	2.9865137050393145
6:102221238:C:T	8.77574e-05	0.060296	-6.53245	-3.28175	6	102221238	C	T	0.0010316502727952088	2.986467502647352
6:162954514:C:T	0.015284	2.01769e-05	6.63002	3.28171	6	162954514	C	T	0.001031796617888399	2.9864059000281427
6:42190361:AT:A	0.0100902	0.0002203	3.82433	3.28146	6	42190361	AT	A	0.0010327117100776908	2.986020898418911
6:5884626:A:G	0.000399076	0.0314899	-4.36827	-3.28144	6	5884626	A	G	0.0010327849498893917	2.985990099389596
6:32632451:T:C	0.00066124	1.67756e-05	3.67419	3.2814	6	32632451	T	C	0.0010329314439334735	2.985928501819597
6:8031781:A:G	1.53804e-05	0.00446256	-5.67038	-3.28139	6	8031781	A	G	0.0010329680704490106	2.9859131025288956
6:32978847:CT:C	0.0249598	7.23208e-05	5.84391	3.28135	6	32978847	CT	C	0.0010331145885303051	2.9858515057732817
6:32978829:CAG:C	0.0249598	7.23208e-05	5.84391	3.28135	6	32978829	CAG	C	0.0010331145885303051	2.9858515057732817
6:116304162:G:C	1.0264e-05	0.0016327	-5.06935	-3.28135	6	116304162	G	C	0.0010331145885303051	2.9858515057732817
6:50755429:T:TA	2.15396e-06	0.000278005	-4.86033	-3.2812	6	50755429	T	TA	0.0010336642026419454	2.9856205237422024
6:48066100:T:C	0.00281451	8.41652e-06	5.81235	3.28118	6	48066100	T	C	0.0010337375049643543	2.9855897268302822
6:57271013:C:T	0.00864633	2.58484e-05	5.81264	3.28099	6	57271013	C	T	0.0010344341169924015	2.985297164290465
6:8504516:A:G	3.20174e-06	0.00107526	-5.81662	-3.28088	6	8504516	A	G	0.001034837617223298	2.9851277926965376
6:19684392:G:A	0.0123751	0.000417709	3.38866	3.28084	6	19684392	G	A	0.0010349843806886083	2.985066204247579
6:83020341:GT:G	0.00605164	0.000204299	3.3885	3.28071	6	83020341	GT	G	0.0010354614949879073	2.9848660462878613
6:9265443:G:A	0.000197183	0.0257711	-4.87288	-3.28045	6	9265443	G	A	0.0010364163342521761	2.9844657510126456
6:4416021:C:G	0.0327805	0.000340949	4.56586	3.28038	6	4416021	C	G	0.0010366735455414216	2.984357983910732
6:94735727:C:T	0.00467075	0.00022948	3.01326	3.27972	6	94735727	C	T	0.0010391015862958638	2.983341992181922
6:114812829:ATTTTTT:A	0.00539813	9.75649e-06	6.31588	3.27963	6	114812829	ATTTTTT	A	0.001039433090186875	2.9832034615974243
6:19795354:C:G	5.00508e-06	0.000638001	-4.84789	-3.27955	6	19795354	C	G	0.0010397278424682916	2.983080326068861
6:163565450:A:G	0.000273035	0.0365263	-4.89619	-3.27947	6	163565450	A	G	0.0010400226720922421	2.9829571931461913
6:68339375:T:C	0.00149127	3.313e-05	3.80694	3.27931	6	68339375	T	C	0.0010406125634413728	2.9827109351185093
6:117156706:T:C	1.80519e-05	0.0169312	-6.84366	-3.27923	6	117156706	T	C	0.0010409076252033789	2.9825878100134853
6:38617719:C:T	5.81009e-06	0.00397693	-6.52867	-3.27911	6	38617719	C	T	0.0010413503630074933	2.9824031272419527
6:27095569:G:T	4.84396e-06	0.00271321	-6.32815	-3.27908	6	27095569	G	T	0.0010414610746824356	2.982356957465193
6:32446643:G:A	8.87348e-06	0.00256563	-5.66689	-3.27889	6	32446643	G	A	0.001042162501588899	2.9820645573887954
6:66013866:C:T	0.00503968	2.51615e-05	5.29978	3.27806	6	66013866	C	T	0.0010452317584427695	2.9807874030904165
6:68452158:T:C	0.00360298	0.000104177	3.54343	3.27777	6	68452158	T	C	0.0010463061196196437	2.9803412345781277
6:95242297:G:A	0.0148242	0.000555452	3.28424	3.27736	6	95242297	G	A	0.0010478267876176315	2.9797105030384716
6:30862515:C:A	5.4983e-06	0.00307171	-6.32555	-3.27725	6	30862515	C	A	0.0010482351194937161	2.9795412940258843
6:65479849:G:A	8.46281e-06	0.00472745	-6.32546	-3.27719	6	65479849	G	A	0.001048457908023768	2.9794490002772744
6:74106382:C:G	2.5874e-06	0.00144506	-6.32525	-3.27704	6	74106382	C	G	0.0010490150710414283	2.9792182723182523
6:167434911:A:G	3.20624e-05	0.00685003	-5.36433	-3.27698	6	167434911	A	G	0.0010492380129460154	2.979125983699639
6:154167325:T:G	0.000132072	0.0208955	-5.06394	-3.27693	6	154167325	T	G	0.001049423831354204	2.9790490776370993
6:32632693:T:C	0.00066124	1.68759e-05	3.66823	3.27682	6	32632693	T	C	0.0010498327390362227	2.978879887882346
6:32632510:T:C	0.00066124	1.68759e-05	3.66823	3.27682	6	32632510	T	C	0.0010498327390362227	2.978879887882346
6:32632724:A:G	0.00066124	1.68759e-05	3.66823	3.27682	6	32632724	A	G	0.0010498327390362227	2.978879887882346
6:32632634:C:T	0.00066124	1.68759e-05	3.66823	3.27682	6	32632634	C	T	0.0010498327390362227	2.978879887882346
6:32632514:T:C	0.00066124	1.68759e-05	3.66823	3.27682	6	32632514	T	C	0.0010498327390362227	2.978879887882346
6:32632476:G:T	0.00066124	1.68759e-05	3.66823	3.27682	6	32632476	G	T	0.0010498327390362227	2.978879887882346
6:22466109:A:C	3.7962e-05	0.00966933	-5.54013	-3.2768	6	22466109	A	C	0.0010499071017243233	2.9788491266380355
6:145014377:A:T	0.0301657	0.000558433	3.98932	3.2765	6	145014377	A	T	0.0010510231270391883	2.978387727516005
6:156172370:T:TAGACAGAC	3.70171e-05	0.0252321	-6.52449	-3.27618	6	156172370	T	TAGACAGAC	0.0010522147637946875	2.9778956088403405
6:99693148:G:A	1.66176e-05	0.00762897	-6.12925	-3.27615	6	99693148	G	A	0.0010523265438059667	2.9778494748519453
6:92456721:T:C	4.6153e-05	0.0110284	-5.47627	-3.27598	6	92456721	T	C	0.0010529601714267729	2.9775880558389285
6:23782009:G:A	3.95938e-06	0.0008447	-5.36289	-3.27587	6	23782009	G	A	0.0010533703538495004	2.9774189086297147
6:119513877:C:T	1.0636e-05	0.00592948	-6.32344	-3.27577	6	119513877	C	T	0.001053743375245594	2.9772651427143675
6:52554391:G:A	9.02639e-05	0.0215609	-5.4759	-3.27569	6	52554391	G	A	0.001054041880354264	2.9771421329134045
6:28110633:A:T	0.00039311	1.71712e-06	5.43344	3.27526	6	28110633	A	T	0.001055647686164722	2.97648099987446
6:56086433:G:C	0.00841751	3.2482e-05	5.55738	3.27526	6	56086433	G	C	0.001055647686164722	2.97648099987446
6:28110254:A:C	0.00039311	1.71724e-06	5.43337	3.27522	6	28110254	A	C	0.0010557971784596108	2.9764195029536045
6:3277064:C:T	0.000214484	0.0185147	-4.45809	-3.27519	6	3277064	C	T	0.0010559093105340237	2.976373380690438
6:28711135:T:A	5.75203e-06	0.00391512	-6.52305	-3.27516	6	28711135	T	A	0.0010560214536265893	2.976327258793682
6:102780336:T:C	7.33689e-05	0.0499254	-6.52278	-3.27498	6	102780336	T	C	0.0010566945436182669	2.9760505351076953
6:38619422:C:T	5.84468e-06	0.00397693	-6.52273	-3.27494	6	38619422	C	T	0.0010568441730646524	2.9759890427465754
6:38620427:C:T	5.84602e-06	0.00397693	-6.5225	-3.27478	6	38620427	C	T	0.0010574428868973067	2.9757430798159636
6:4914510:A:G	6.85546e-05	0.00607156	-4.48374	-3.27466	6	4914510	A	G	0.0010578921281864716	2.9755586144575505
6:132166653:A:G	0.00322793	0.00016552	2.9705	3.27403	6	132166653	A	G	0.0010602535432392742	2.974590267506127
6:32365063:A:AT	3.15888e-05	0.00590865	-5.23137	-3.27399	6	32365063	A	AT	0.0010604036388717896	2.9745287906152673
6:132166558:A:T	0.00322793	0.000165601	2.97001	3.27367	6	132166558	A	T	0.0010616051118070655	2.9740369989376525
6:85249680:T:C	4.07944e-06	0.000971763	-5.47315	-3.27357	6	85249680	T	C	0.0010619808302963188	2.97388332258757
6:32721295:A:G	0.00679743	3.54116e-05	5.25726	3.27331	6	32721295	A	G	0.0010629582741660273	2.973483783129679
6:32721279:G:A	0.00679743	3.54116e-05	5.25726	3.27331	6	32721279	G	A	0.0010629582741660273	2.973483783129679
6:32722032:G:A	0.00679638	3.54092e-05	5.25717	3.27325	6	32722032	G	A	0.0010631839562973847	2.9733915856244733
6:32721673:T:C	0.00679638	3.54116e-05	5.25711	3.27321	6	32721673	T	C	0.0010633344356773568	2.9733301214351977
6:32721910:T:C	0.00679638	3.54116e-05	5.25711	3.27321	6	32721910	T	C	0.0010633344356773568	2.9733301214351977
6:32721953:T:TG	0.00679638	3.54116e-05	5.25711	3.27321	6	32721953	T	TG	0.0010633344356773568	2.9733301214351977
6:32722013:A:G	0.00679638	3.54116e-05	5.25711	3.27321	6	32722013	A	G	0.0010633344356773568	2.9733301214351977
6:32721977:C:T	0.00679638	3.54116e-05	5.25711	3.27321	6	32721977	C	T	0.0010633344356773568	2.9733301214351977
6:32722005:G:T	0.00679638	3.54116e-05	5.25711	3.27321	6	32722005	G	T	0.0010633344356773568	2.9733301214351977
6:32721618:A:AT	0.00679638	3.54116e-05	5.25711	3.27321	6	32721618	A	AT	0.0010633344356773568	2.9733301214351977
6:95106728:T:C	0.000387948	0.0334738	-4.45765	-3.27302	6	95106728	T	C	0.0010640494818455425	2.9730381754312014
6:81120400:A:G	0.00227942	3.42552e-05	4.19784	3.27277	6	81120400	A	G	0.0010649910097905075	2.9726540583424765
6:32632168:T:TAACA	0.000660935	1.69582e-05	3.66291	3.27273	6	32632168	T	TAACA	0.0010651417257646818	2.9725926019694207
6:28109824:G:A	0.00039311	1.7236e-06	5.42968	3.27272	6	28109824	G	A	0.0010651794078411648	2.9725772379779296
6:29959148:C:T	0.000122889	6.11204e-06	3.00102	3.27263	6	29959148	C	T	0.0010655186020301125	2.97243896388642
6:99692660:T:A	1.67013e-05	0.00762897	-6.12422	-3.27255	6	99692660	T	A	0.0010658201918583479	2.972316056351071
6:17794543:T:TA	2.52147e-05	0.0170917	-6.51892	-3.27227	6	17794543	T	TA	0.0010668763782513046	2.9718859004946303
6:156181321:G:A	0.019439	9.79308e-05	5.29077	3.27163	6	156181321	G	A	0.0010692941554088003	2.970902806954297
6:6366308:G:A	5.06236e-05	0.0107391	-5.35723	-3.27149	6	6366308	G	A	0.0010698237193630426	2.970687777468963
6:66505501:G:A	0.0156747	4.74771e-05	5.79956	3.27148	6	66505501	G	A	0.0010698615546417577	2.9706724185253193
6:30532145:T:C	2.95784e-05	0.0274228	-6.83208	-3.27129	6	30532145	T	C	0.0010705806601600592	2.9703806063305356
6:149951078:AG:A	0.000215213	0.0184746	-4.45252	-3.27113	6	149951078	AG	A	0.0010711865694691283	2.970134881143557
6:66018701:G:GTATA	1.30335e-05	0.01208	-6.83179	-3.27109	6	66018701	G	GTATA	0.0010713380963536885	2.9700734514751064
6:17697071:CAA:C	0.00367568	4.93064e-06	6.61403	3.27104	6	17697071	CAA	C	0.0010715275328422554	2.969996665305457
6:132232143:C:T	0.000120394	0.00583367	-3.88063	-3.27029	6	132232143	C	T	0.0010743728009747278	2.9688449948815134
6:132741819:A:G	0.000139273	0.0251733	-5.1971	-3.27017	6	132741819	A	G	0.0010748286918847523	2.9686607488625145
6:67820136:C:T	5.97898e-05	0.00594183	-4.59894	-3.27013	6	67820136	C	T	0.001074980695281838	2.9685993348254476
6:67819977:A:T	5.97898e-05	0.00594183	-4.59894	-3.27013	6	67819977	A	T	0.001074980695281838	2.9685993348254476
6:127291280:C:CTTT	1.17276e-05	0.00792485	-6.51581	-3.27009	6	127291280	C	CTTT	0.0010751327185630566	2.96853792143968
6:9263864:G:A	0.000189144	0.0243839	-4.85917	-3.26957	6	9263864	G	A	0.001077110831748395	2.9677396066924975
6:76526434:T:A	0.0126926	0.000254395	3.90989	3.26898	6	76526434	T	A	0.001079359305856466	2.9668339597886275
6:19684282:C:CA	0.0129295	0.000279282	3.83504	3.26874	6	19684282	C	CA	0.0010802751809761192	2.966465601590193
6:28269332:G:A	0.000335109	1.06658e-05	3.44741	3.26871	6	28269332	G	A	0.0010803897158950754	2.966419558463925
6:28269394:A:G	0.000335109	1.06658e-05	3.44741	3.26871	6	28269394	A	G	0.0010803897158950754	2.966419558463925
6:46563113:G:T	5.48673e-06	0.00302794	-6.31331	-3.26865	6	46563113	G	T	0.0010806188194299677	2.9663274733104106
6:25728007:C:T	1.09008e-05	0.00360047	-5.79998	-3.26852	6	25728007	C	T	0.0010811153645882057	2.9661279605047888
6:36873334:A:G	3.17764e-05	0.0214246	-6.51357	-3.26852	6	36873334	A	G	0.0010811153645882057	2.9661279605047888
6:25727982:T:A	1.09008e-05	0.00360047	-5.79998	-3.26852	6	25727982	T	A	0.0010811153645882057	2.9661279605047888
6:83852822:T:C	2.36342e-05	0.00780287	-5.79955	-3.26821	6	83852822	T	C	0.00108230028557789	2.9656522269593375
6:99691925:T:C	0.00834297	2.54233e-05	5.79351	3.26809	6	99691925	T	C	0.0010827592870713036	2.965468082540145
6:28110525:G:A	0.000389957	1.72155e-06	5.42281	3.26807	6	28110525	G	A	0.0010828358048225889	2.965437392373466
6:120415314:G:A	2.03736e-06	0.000189983	-4.53528	-3.26792	6	120415314	G	A	0.0010834098473995692	2.965207221313097
6:138193897:T:C	0.00010047	0.00880899	-4.47367	-3.26789	6	138193897	T	C	0.001083524689685896	2.9651611882000206
6:11058952:T:A	1.05734e-05	0.00136016	-4.85702	-3.26786	6	11058952	T	A	0.0010836395432315322	2.9651151554532764
6:11058976:T:G	1.05734e-05	0.00136016	-4.85702	-3.26786	6	11058976	T	G	0.0010836395432315322	2.9651151554532764
6:11058977:T:C	1.05734e-05	0.00136016	-4.85702	-3.26786	6	11058977	T	C	0.0010836395432315322	2.9651151554532764
6:76372362:ATCT:A	0.000232617	3.76718e-06	4.12307	3.26785	6	76372362	ATCT	A	0.0010836778302489858	2.9650998112857687
6:72503519:A:G	3.0922e-06	0.000280841	-4.50891	-3.26764	6	72503519	A	G	0.0010844821466958158	2.9647775931705924
6:31283077:A:G	1.13582e-05	0.00210705	-5.22311	-3.26757	6	31283077	A	G	0.001084750374853332	2.9646701911211237
6:31283046:C:G	1.13582e-05	0.00210705	-5.22311	-3.26757	6	31283046	C	G	0.001084750374853332	2.9646701911211237
6:30857443:C:A	9.92427e-06	0.00546673	-6.31145	-3.26735	6	30857443	C	A	0.0010855937771516771	2.9643326548070834
6:22844745:AGAAGGAAGG:A	0.0121341	3.7026e-05	5.79216	3.26715	6	22844745	AGAAGGAAGG	A	0.001086361032778909	2.9640258207077244
6:120415711:C:T	2.03967e-06	0.000189983	-4.53415	-3.26706	6	120415711	C	T	0.0010867064614115823	2.963887750674717
6:8032436:A:G	1.57075e-05	0.00446699	-5.65033	-3.26701	6	8032436	A	G	0.0010868984100997473	2.963811046525414
6:31593329:TTGTGTG:T	0.0167467	8.49236e-05	5.2842	3.26695	6	31593329	TTGTGTG	T	0.0010871287899178162	2.9637190028894347
6:29959121:A:C	0.000122931	6.16433e-06	2.99285	3.26689	6	29959121	A	C	0.0010873592148986754	2.963626960718742
6:88646786:C:T	8.10354e-05	0.00543641	-4.20599	-3.26665	6	88646786	C	T	0.0010882813666104774	2.963258806688798
6:27215260:CT:C	5.65568e-06	0.000422323	-4.31311	-3.26665	6	27215260	CT	C	0.0010882813666104774	2.963258806688798
6:22467539:C:T	3.90744e-05	0.0177006	-6.11589	-3.26657	6	22467539	C	T	0.0010885889112105256	2.963136093888693
6:153051309:G:A	4.72212e-05	0.0125621	-5.5836	-3.26641	6	153051309	G	A	0.0010892042415690003	2.9628906761032585
6:28936084:A:AT	6.35666e-05	2.1851e-06	3.37042	3.26636	6	28936084	A	AT	0.0010893965982666425	2.962813985182157
6:128943270:CAGAGAGAG:C	0.000251502	7.3815e-06	3.52848	3.26616	6	128943270	CAGAGAGAG	C	0.0010901663392824756	2.9625072316731758
6:8460830:A:G	1.07185e-05	0.00352801	-5.79652	-3.26596	6	8460830	A	G	0.001090936583282035	2.9622004944448013
6:26195274:G:A	1.82255e-05	0.000803151	-3.78572	-3.26589	6	26195274	G	A	0.0010912062875669034	2.9620931402611452
6:17796977:A:G	4.48404e-05	0.0301194	-6.50982	-3.26588	6	17796977	A	G	0.0010912448217840157	2.9620778041119995
6:29948859:G:A	0.000409343	2.48291e-05	2.80254	3.26587	6	29948859	G	A	0.0010912833572596294	2.962062468003555
6:155256010:T:TA	5.82948e-05	0.0263742	-6.11463	-3.26566	6	155256010	T	TA	0.0010920928930274367	2.9617404191281707
6:158339964:A:G	6.66535e-05	3.45798e-06	2.95882	3.26535	6	158339964	A	G	0.001093288937131332	2.9612650464503822
6:158339867:A:G	6.66535e-05	3.45798e-06	2.95882	3.26535	6	158339867	A	G	0.001093288937131332	2.9612650464503822
6:65643769:A:G	0.00202917	2.15523e-05	4.5449	3.26504	6	65643769	A	G	0.001094486192554013	2.96078971288584
6:29959180:C:G	0.00011456	6.95797e-06	2.80121	3.26494	6	29959180	C	G	0.0010948726625621067	2.960636387821484
6:130859510:C:CA	9.26188e-06	0.00166247	-5.19016	-3.26491	6	130859510	C	CA	0.0010949886281719826	2.9605903910958284
6:4247858:A:AT	1.26787e-05	0.00107907	-4.44393	-3.26486	6	4247858	A	AT	0.001095181929431325	2.960513730700405
6:74228638:G:T	3.13086e-06	0.00287538	-6.82263	-3.26482	6	74228638	G	T	0.0010953365931600876	2.960452403116665
6:120413276:T:C	1.60107e-06	0.000148586	-4.53049	-3.2643	6	120413276	T	C	0.00109734906063961	2.959655203786917
6:31718720:G:A	0.000990083	3.77115e-05	3.26782	3.26424	6	31718720	G	A	0.0010975814883313895	2.959563226330586
6:148061963:C:T	4.99263e-06	0.00273748	-6.30683	-3.2641	6	148061963	C	T	0.0010981239966734572	2.959348617963708
6:29959167:C:T	0.000120743	6.0791e-06	2.98881	3.26405	6	29959167	C	T	0.001098317809741928	2.959271974051604
6:31347361:G:A	0.00853218	1.57775e-05	6.29301	3.26395	6	31347361	G	A	0.001098705530783627	2.9591186892798222
6:31391492:C:G	8.8757e-06	0.00814032	-6.82127	-3.26388	6	31391492	C	G	0.0010989770108202524	2.959011392361163
6:30784510:A:G	0.00198686	9.77191e-05	3.01221	3.26373	6	30784510	A	G	0.0010995589626575204	2.958781477107912
6:132748326:G:A	0.000140976	0.00969855	-4.23114	-3.26365	6	132748326	G	A	0.0010998694534836704	2.9586588593837937
6:132748353:C:G	0.000140976	0.00969855	-4.23114	-3.26365	6	132748353	C	G	0.0010998694534836704	2.9586588593837937
6:32971134:C:T	3.83761e-05	0.035182	-6.82085	-3.2636	6	32971134	C	T	0.0011000635514208437	2.9585822246289224
6:30187536:C:T	3.50808e-06	0.000442462	-4.83729	-3.26348	6	30187536	C	T	0.001100529515714955	2.95839830536848
6:102219042:C:T	8.86176e-05	0.0234831	-5.57971	-3.26343	6	102219042	C	T	0.0011007237213678876	2.958321674072979
6:164286383:G:T	5.72258e-05	0.0151638	-5.57966	-3.26339	6	164286383	G	T	0.0011008791087078285	2.958260369769147
6:29946561:C:T	0.000241418	1.21678e-05	2.98774	3.2633	6	29946561	C	T	0.001101228804393025	2.9581224374663755
6:27801927:G:A	0.000381824	8.30846e-06	3.82769	3.26319	6	27801927	G	A	0.0011016563497290707	2.957953858017563
6:8462627:A:C	1.04136e-05	0.00341406	-5.79255	-3.263	6	8462627	A	C	0.0011023951986947908	2.9576626869321854
6:8462626:G:A	1.04136e-05	0.00341406	-5.79255	-3.263	6	8462626	G	A	0.0011023951986947908	2.9576626869321854
6:62789787:G:A	0.00102934	3.15623e-06	5.78729	3.26257	6	62789787	G	A	0.0011040690229008347	2.9570037750416684
6:94729031:C:A	0.000156291	0.00748993	-3.86959	-3.26242	6	94729031	C	A	0.001104653467747709	2.956773939759986
6:95445233:C:A	7.60623e-05	0.00585787	-4.34399	-3.26239	6	95445233	C	A	0.001104770391042106	2.9567279738024737
6:88647091:C:T	8.14882e-05	0.00543046	-4.19932	-3.26194	6	88647091	C	T	0.0011065256143115085	2.9560385283924924
6:32635902:GC:G	0.00444874	1.32569e-05	5.81586	3.2619	6	32635902	GC	G	0.0011066817588860419	2.95597724834433
6:129056879:C:T	2.15277e-05	0.0019399	-4.50105	-3.26154	6	129056879	C	T	0.0011080879771961083	2.95542575721229
6:105059907:ATT:A	0.0226681	8.9215e-05	5.53766	3.26146	6	105059907	ATT	A	0.0011084006944495324	2.955303210789927
6:139160899:T:C	3.65213e-05	0.00337554	-4.52642	-3.26123	6	139160899	T	C	0.001109300211179128	2.954950904333746
6:160078704:A:G	8.63887e-05	0.00898685	-4.64466	-3.2607	6	160078704	A	G	0.0011113755810753705	2.954139149678339
6:49655343:T:C	2.0615e-05	0.0067355	-5.78913	-3.26047	6	49655343	T	C	0.0011122773298720692	2.9537869143577917
6:87166346:G:A	1.02252e-05	0.00740114	-6.58454	-3.26045	6	87166346	G	A	0.0011123557747741682	2.9537562862168567
6:153422209:AAGAG:A	0.0185803	9.86795e-05	5.23798	3.26035	6	153422209	AAGAG	A	0.0011127480760229093	2.9536031479538702
6:69695272:T:C	5.56028e-06	0.00402363	-6.58429	-3.26029	6	69695272	T	C	0.0011129835181736356	2.953511266949426
6:92457048:C:T	4.60462e-05	0.0107773	-5.45555	-3.25998	6	92457048	C	T	0.001114200703245053	2.953036571764792
6:108034761:C:T	0.00392408	0.00019403	3.00687	3.25965	6	108034761	C	T	0.0011154977687751048	2.952531294057534
6:62810845:C:A	6.77176e-06	0.00303609	-6.10557	-3.25917	6	62810845	C	A	0.0011173869019185483	2.951796423773991
6:65113379:G:T	1.3964e-05	6.32004e-07	3.09534	3.25898	6	65113379	G	T	0.0011181355006382098	2.951505563521471
6:65113612:T:C	1.3964e-05	6.3298e-07	3.0938	3.25779	6	65113612	T	C	0.0011228346494892645	2.9496841939626055
6:65113463:A:C	1.3964e-05	6.3298e-07	3.0938	3.25779	6	65113463	A	C	0.0011228346494892645	2.9496841939626055
6:65113568:A:G	1.3964e-05	6.3298e-07	3.0938	3.25779	6	65113568	A	G	0.0011228346494892645	2.9496841939626055
6:65113451:T:C	1.3964e-05	6.3298e-07	3.0938	3.25779	6	65113451	T	C	0.0011228346494892645	2.9496841939626055
6:29789408:C:T	4.68116e-07	0.00025432	-6.29763	-3.25764	6	29789408	C	T	0.0011234282732497532	2.9494546504600185
6:17792197:C:CA	1.3928e-05	0.00756392	-6.29724	-3.25737	6	17792197	C	CA	0.0011244975272647003	2.949041495227439
6:123670885:A:G	0.000295585	0.0195704	-4.19282	-3.25734	6	123670885	A	G	0.0011246163913274506	2.948995590921596
6:166917550:AT:A	0.0501082	0.00211374	3.16573	3.25732	6	166917550	AT	A	0.0011246956404892161	2.9489649882544895
6:32699743:G:A	0.000107638	0.0714076	-6.49739	-3.25716	6	32699743	G	A	0.0011253298196756984	2.948720172777157
6:8382766:G:T	0.000147137	0.0227166	-5.03949	-3.25694	6	8382766	G	T	0.0011262023558736279	2.9483835685046476
6:70211276:T:C	2.19749e-05	0.0199473	-6.81095	-3.25681	6	70211276	T	C	0.0011267182393921728	2.94818467523713
6:84464768:C:T	3.91378e-05	0.0259499	-6.49684	-3.25678	6	84464768	C	T	0.0011268373204563011	2.9481387777673542
6:111118680:CA:C	0.00281666	8.70662e-06	5.77922	3.25671	6	111118680	CA	C	0.001127115221522351	2.94803168509538
6:8382294:G:A	0.000147186	0.0227166	-5.03915	-3.25666	6	8382294	G	A	0.0011273137610750407	2.9479551915503968
6:29793690:A:C	1.7119e-06	0.00014403	-4.43242	-3.25645	6	29793690	A	C	0.0011281479803110209	2.9476339297699314
6:28676006:C:CAAA	1.2107e-05	0.0080185	-6.49572	-3.256	6	28676006	C	CAAA	0.0011299375150895907	2.946945572093665
6:47322324:A:G	0.000205787	0.0276189	-4.89941	-3.25587	6	47322324	A	G	0.0011304549801576054	2.946746728549444
6:8382087:T:G	0.000147359	0.0227166	-5.03798	-3.25571	6	8382087	T	G	0.0011310921609856454	2.9465020074734336
6:10862657:A:G	0.000197521	0.0360856	-5.2078	-3.25566	6	10862657	A	G	0.0011312913480735205	2.9464255342733705
6:119510896:C:T	3.07532e-05	0.00806567	-5.56938	-3.25552	6	119510896	C	T	0.0011318492444460037	2.9462114147248526
6:119511374:C:A	3.07532e-05	0.00806567	-5.56938	-3.25552	6	119511374	C	A	0.0011318492444460037	2.9462114147248526
6:138193452:A:G	0.000101821	0.00876062	-4.45481	-3.25521	6	138193452	A	G	0.0011330854916492355	2.9457373212479916
6:29959182:T:A	0.000114316	7.04379e-06	2.78682	3.25485	6	29959182	T	A	0.0011345226999906412	2.9451868101518546
6:37340029:T:TAC	0.000112281	0.00824241	-4.29604	-3.25463	6	37340029	T	TAC	0.0011354018233762256	2.944850412663365
6:72512007:C:T	2.61053e-05	0.0172556	-6.49375	-3.25461	6	72512007	C	T	0.001135481774902369	2.944819832050017
6:18559456:C:T	1.04471e-07	1.63831e-05	-5.0551	-3.25439	6	18559456	C	T	0.0011363615852472257	2.9444834560447903
6:107804248:C:CGTGTGTGTG	1.0543e-05	0.000383646	-3.59426	-3.25411	6	107804248	C	CGTGTGTGTG	0.001137482255280696	2.9440553696104423
6:10633355:C:G	0.000119474	0.00287463	-3.18058	-3.2539	6	10633355	C	G	0.0011383234281615473	2.9437343257183612
6:82671605:C:T	1.19682e-05	0.00093628	-4.35966	-3.25378	6	82671605	C	T	0.00113880435651326	2.943550880121807
6:3701264:G:A	0.000254985	0.0314096	-4.81366	-3.25374	6	3701264	G	A	0.0011389647076976333	2.943489732891608
6:89727445:A:G	1.79272e-06	0.000797352	-6.09756	-3.25343	6	89727445	A	G	0.0011402081372215876	2.9430158639301824
6:65113049:T:A	1.36067e-05	6.20285e-07	3.08814	3.25342	6	65113049	T	A	0.0011402482687353094	2.943000578485641
6:22469730:A:G	3.09813e-05	0.0221767	-6.57342	-3.25332	6	22469730	A	G	0.0011406496556906267	2.9428477262779773
6:30017066:C:A	6.23684e-06	0.00411442	-6.49178	-3.25323	6	30017066	C	A	0.0011410110156168166	2.942710162769774
6:62791889:A:C	0.000937336	2.82902e-06	5.80311	3.25306	6	62791889	A	C	0.0011416938731031393	2.942450329579292
6:132768682:C:T	0.00812948	0.000412682	2.98058	3.25299	6	132768682	C	T	0.0011419751594968558	2.942343342859676
6:160920697:T:C	9.751e-05	0.0643035	-6.49141	-3.25297	6	160920697	T	C	0.001142055538803248	2.942312775591674
6:11939052:T:C	0.00020983	0.0163881	-4.35801	-3.25257	6	11939052	T	C	0.0011436642235568173	2.941701464407814
6:82670486:A:C	1.20453e-05	0.000940501	-4.35774	-3.25237	6	82670486	A	C	0.0011444693511441161	2.941395833227284
6:65112866:T:G	1.35821e-05	6.20285e-07	3.08633	3.25202	6	65112866	T	G	0.0011458795852056591	2.9408610178209513
6:32445482:A:G	0.00123115	1.33141e-05	4.52688	3.25184	6	32445482	A	G	0.0011466054737099697	2.9405859893044437
6:32445373:G:A	0.00123115	1.33141e-05	4.52688	3.25184	6	32445373	G	A	0.0011466054737099697	2.9405859893044437
6:48058149:T:C	5.01217e-06	0.00222425	-6.09531	-3.25181	6	48058149	T	C	0.0011467264964416487	2.940540152499929
6:87572935:C:T	8.84276e-07	0.000111474	-4.83678	-3.25178	6	87572935	C	T	0.0011468475309801861	2.9404943160615784
6:32977210:A:G	0.000162456	0.106947	-6.48968	-3.25176	6	32977210	A	G	0.001146928227232431	2.9404637586394333
6:29959117:T:A	0.000122664	6.2857e-06	2.97117	3.25166	6	29959117	T	A	0.001147331787223845	2.9403109739697872
6:29959132:A:G	0.000122664	6.2857e-06	2.97117	3.25166	6	29959132	A	G	0.001147331787223845	2.9403109739697872
6:32450639:C:T	1.13469e-05	0.002062	-5.20249	-3.25153	6	32450639	C	T	0.0011478566114302236	2.9401123599815797
6:70945220:A:G	9.4135e-06	0.00165912	-5.1719	-3.2511	6	70945220	A	G	0.0011495941496846788	2.939455455004421
6:111264624:T:C	4.53913e-05	0.00600959	-4.88579	-3.25103	6	111264624	T	C	0.0011498772347263832	2.9393485241045836
6:107812583:G:C	1.51846e-05	0.00188417	-4.82096	-3.25092	6	107812583	G	C	0.0011503222128282395	2.9391804938611017
6:152076868:C:G	0.00047191	0.0419441	-4.4873	-3.25087	6	152076868	C	G	0.0011505245282113262	2.939104118105048
6:67130969:T:C	0.000547383	8.46601e-06	4.16909	3.2506	6	67130969	T	C	0.0011516175997025408	2.9386917065976284
6:32333675:C:G	0.00300615	2.14137e-05	4.94439	3.25034	6	32333675	C	G	0.0011526710941617785	2.9382945976212587
6:88647833:C:T	8.17355e-05	0.00535824	-4.1829	-3.25033	6	88647833	C	T	0.0011527116309621719	2.9382793247483123
6:107812336:C:T	1.5197e-05	0.00188417	-4.82014	-3.2503	6	107812336	C	T	0.0011528332492691193	2.9382335063735696
6:31002447:C:T	3.54171e-05	0.0114126	-5.77528	-3.25018	6	31002447	C	T	0.0011533198411019514	2.9380502365360583
6:72503209:C:A	3.0922e-06	0.000274595	-4.48642	-3.25018	6	72503209	C	A	0.0011533198411019514	2.9380502365360583
6:162533823:T:C	6.32516e-05	0.0415446	-6.4874	-3.25016	6	162533823	T	C	0.0011534009581935058	2.9380196921326998
6:9269161:C:T	0.000204444	0.0270367	-4.88466	-3.25013	6	9269161	C	T	0.0011535226437178903	2.9379738758327814
6:85250338:G:A	3.96133e-06	0.000915251	-5.44262	-3.24999	6	85250338	G	A	0.0011540906664021268	2.9377600712744005
6:78263484:A:G	0.00251612	0.00012892	2.97128	3.24962	6	78263484	A	G	0.00115559311389231	2.9371950547540107
6:80192822:C:CT	0.000373185	2.75478e-06	4.90874	3.24959	6	80192822	C	CT	0.0011557150131540682	2.9371492450446435
6:69432560:T:C	0.00361526	1.12854e-05	5.76941	3.24958	6	69432560	T	C	0.0011557556488822171	2.937133975222885
6:63227400:G:C	1.02797e-05	0.00674524	-6.48642	-3.24947	6	63227400	G	C	0.0011562027290541717	2.936966009868559
6:22467149:C:T	3.86753e-05	0.0124504	-5.77431	-3.24946	6	22467149	C	T	0.0011562433806310262	2.936950740534985
6:153054650:CAAAT:C	0.00770612	3.08653e-05	5.52014	3.24919	6	153054650	CAAAT	C	0.00115734147266319	2.9365384839062108
6:31283700:T:C	1.16309e-05	0.00210705	-5.19938	-3.24911	6	31283700	T	C	0.001157667018314728	2.936416339489416
6:16164156:G:GA	0.0120499	0.000616416	2.97289	3.24907	6	16164156	G	GA	0.0011578298228753813	2.936355268257377
6:88648215:C:T	8.19008e-05	0.00535824	-4.18088	-3.2489	6	88648215	C	T	0.0011585219783535284	2.9360957227828375
6:31755340:CATTTATTT:C	0.0190982	2.64845e-05	6.58079	3.24887	6	31755340	CATTTATTT	C	0.0011586441631271363	2.9360499218607115
6:12146852:T:G	0.00268132	1.55895e-05	5.14747	3.24887	6	12146852	T	G	0.0011586441631271363	2.9360499218607115
6:31345686:C:A	1.08663e-05	0.0034949	-5.7734	-3.24878	6	31345686	C	A	0.001159010788908886	2.935912521291118
6:62789617:G:A	2.73171e-06	0.000710161	-5.56056	-3.24877	6	62789617	G	A	0.0011590515317244528	2.935897254764569
6:29948861:C:T	0.000407641	2.53372e-05	2.77811	3.24874	6	29948861	C	T	0.0011591737681132838	2.9358514554290087
6:54923454:G:A	1.13225e-05	0.00204972	-5.19867	-3.24856	6	54923454	G	A	0.0011599074366772277	2.9355766671043577
6:67611393:GA:G	0.00426895	8.08138e-06	6.26956	3.24787	6	67611393	GA	G	0.0011627238102528657	2.934523433962874
6:65647596:A:G	1.59856e-05	0.00200484	-4.83163	-3.2477	6	65647596	A	G	0.0011634186690614235	2.934263971476876
6:73641330:T:C	6.91189e-06	0.000627464	-4.50844	-3.24766	6	73641330	T	C	0.0011635822210135504	2.9342029231887268
6:32444703:G:A	0.00113326	1.23267e-05	4.52109	3.24761	6	32444703	G	A	0.0011637866908337598	2.934126613743835
6:32444762:A:G	0.00113326	1.23267e-05	4.52109	3.24761	6	32444762	A	G	0.0011637866908337598	2.934126613743835
6:83022861:TC:T	0.0056698	0.000199582	3.34668	3.2475	6	83022861	TC	T	0.0011642366413253079	2.9339587365448883
6:150224614:C:CTCTT	0.0234607	0.000451055	3.95149	3.24681	6	150224614	C	CTCTT	0.0011670627271041913	2.93290580093569
6:152846635:C:T	6.40663e-05	0.0211851	-5.80114	-3.24655	6	152846635	C	T	0.001168129272468856	2.9325090928287203
6:164285807:A:G	6.71487e-05	0.0164369	-5.50037	-3.2464	6	164285807	A	G	0.001168744996749247	2.9322802352756563
6:13534397:TC:T	0.0408562	0.00217481	2.93312	3.24624	6	13534397	TC	T	0.0011694020998814154	2.932036130640609
6:31161154:C:CA	4.16419e-06	0.00294707	-6.56204	-3.24603	6	31161154	C	CA	0.0011702650658491486	2.9317157591105536
6:32443258:A:C	0.000564566	1.08661e-05	3.95041	3.24596	6	32443258	A	C	0.0011705528519216533	2.931608972586973
6:32443164:T:C	0.000564566	1.08661e-05	3.95041	3.24596	6	32443164	T	C	0.0011705528519216533	2.931608972586973
6:141106032:GT:G	0.000445215	7.21941e-06	4.12179	3.24573	6	141106032	GT	G	0.0011714988952543808	2.931258116614737
6:148350658:T:C	4.68679e-05	0.0114597	-5.49926	-3.24554	6	148350658	T	C	0.0011722809421724103	2.9309682953027942
6:8026866:T:C	5.60959e-06	0.00246719	-6.08636	-3.24539	6	8026866	T	C	0.0011728986883741165	2.9307394993766076
6:51189998:T:C	4.35177e-06	0.00191291	-6.0858	-3.24499	6	51189998	T	C	0.0011745474825033456	2.930129421651499
6:19491373:G:GA	6.01168e-05	0.0054371	-4.50471	-3.24484	6	19491373	G	GA	0.0011751663322767051	2.9299006592837413
6:29753220:G:A	0.000631236	2.23014e-05	3.34303	3.2446	6	29753220	G	A	0.0011761571186391605	2.9295346585319018
6:116073646:G:A	2.70988e-05	0.00346474	-4.8509	-3.24429	6	116073646	G	A	0.001177438026770484	2.929061942237201
6:31155639:T:C	3.75779e-06	0.00164928	-6.08427	-3.24389	6	31155639	T	C	0.0011790927161314457	2.9284520434875256
6:35304497:C:T	2.03292e-05	0.001682	-4.41568	-3.2438	6	35304497	C	T	0.0011794653172305073	2.928314825237789
6:28108492:A:G	0.000400636	1.83337e-06	5.3869	3.24377	6	28108492	A	G	0.0011795895417718361	2.9282690865533665
6:32333592:GAC:G	0.00289798	2.08415e-05	4.93482	3.24361	6	32333592	GAC	G	0.0011802522768591436	2.928025153085728
6:8458605:T:C	1.10703e-05	0.00353567	-5.76639	-3.24358	6	8458605	T	C	0.0011803765779837916	2.9279794167197863
6:66634948:C:A	7.76236e-05	0.0189198	-5.49609	-3.24312	6	66634948	C	A	0.0011822840438881848	2.9272781716158467
6:68447700:A:ATAT	0.0224766	6.88184e-05	5.78876	3.24311	6	68447700	A	ATAT	0.0011823255421510518	2.927262928112919
6:169723100:G:A	2.1192e-05	0.00270176	-4.84803	-3.24206	6	169723100	G	A	0.0011866903570666159	2.9256625866563883
6:29422966:C:G	3.06244e-05	0.00625239	-5.31892	-3.2419	6	29422966	C	G	0.001187356777392568	2.9254187644730876
6:94062334:T:C	2.30581e-05	0.00561075	-5.49442	-3.24185	6	94062334	T	C	0.0011875651046455485	2.9253425721761404
6:94064332:C:CT	2.57319e-05	0.00625984	-5.49418	-3.24166	6	94064332	C	CT	0.001188357056240759	2.925053050721158
6:106270647:C:T	3.12217e-06	0.002771	-6.78843	-3.24138	6	106270647	C	T	0.0011895250322292341	2.9246264142869607
6:30142747:C:T	6.92159e-05	0.0367344	-6.27424	-3.24121	6	30142747	C	T	0.001190234677861761	2.9243674005805422
6:24234705:A:G	0.00460061	0.000163238	3.33874	3.24119	6	24234705	A	G	0.0011903181912936635	2.92433692915256
6:68447109:ATTT:A	0.0129757	7.09057e-05	5.20948	3.24119	6	68447109	ATTT	A	0.0011903181912936635	2.92433692915256
6:31155777:G:A	3.77615e-06	0.00164928	-6.07939	-3.2404	6	31155777	G	A	0.0011936213055051418	2.923133437876821
6:12835954:T:C	1.29309e-05	0.000600628	-3.83835	-3.24013	6	12835954	T	C	0.0011947521582618787	2.9227221762745232
6:28103341:A:T	1.82275e-06	0.00117972	-6.47269	-3.23984	6	28103341	A	T	0.0011959678803403144	2.9222804838745957
6:76822885:T:C	9.45266e-06	0.00215544	-5.42946	-3.23983	6	76822885	T	C	0.0011960098221681103	2.9222652537122444
6:84360203:ATGCACACAT:A	0.0270728	0.000159394	5.13491	3.23978	6	84360203	ATGCACACAT	A	0.0011962195516908825	2.922189103510545
6:31181314:G:T	3.33224e-06	0.000759724	-5.42931	-3.23972	6	31181314	G	T	0.0011964712719677905	2.922097724610633
6:51190525:A:G	4.21752e-06	0.00295559	-6.55221	-3.23972	6	51190525	A	G	0.0011964712719677905	2.922097724610633
6:64660572:T:C	8.28692e-06	0.00733588	-6.78585	-3.23962	6	64660572	T	C	0.0011968909145112254	2.9219454296977423
6:43313748:AGTAGTCCAC:A	0.00461155	7.75286e-05	4.08567	3.23962	6	43313748	AGTAGTCCAC	A	0.0011968909145112254	2.9219454296977423
6:84897735:TA:T	0.0104968	4.26238e-05	5.50641	3.23958	6	84897735	TA	T	0.0011970588095980392	2.921884512871355
6:116415309:AC:A	0.0150082	6.09625e-05	5.50609	3.23935	6	116415309	AC	A	0.0011980246286627664	2.921534253747716
6:37843342:C:T	3.72788e-06	0.00329809	-6.78526	-3.23921	6	37843342	C	T	0.001198612870939032	2.921321063075554
6:65777615:T:C	1.17968e-05	0.00322637	-5.61128	-3.23899	6	65777615	T	C	0.0011995377907906256	2.920986065267387
6:33926515:T:G	0.0171734	0.000114901	5.00704	3.2389	6	33926515	T	G	0.0011999163570984579	2.92084902638291
6:18684212:G:T	6.81202e-05	0.00864926	-4.84395	-3.23889	6	18684212	G	T	0.0011999584268338923	2.920833800043537
6:78214659:T:C	3.07549e-06	0.00215221	-6.55078	-3.2388	6	78214659	T	C	0.0012003371157752378	2.9206967648193083
6:96975408:G:C	8.19497e-05	0.0186604	-5.42805	-3.23875	6	96975408	G	C	0.0012005475462226515	2.9206206355626083
6:8030865:C:CAAAAAAAAA	8.46578e-06	0.00130109	-5.03493	-3.23863	6	8030865	C	CAAAAAAAAA	0.0012010527183496612	2.9204379294947884
6:159269058:GTCTATCTAT:G	0.00256635	6.88358e-05	3.61852	3.23859	6	159269058	GTCTATCTAT	G	0.0012012211526921488	2.920377028773595
6:8811857:G:C	0.00777374	0.000162041	3.87066	3.23852	6	8811857	G	C	0.001201515965299836	2.920270454077264
6:69495315:G:A	0.000526133	2.88773e-06	5.20508	3.23823	6	69495315	G	A	0.0012027380440266867	2.9198289515644906
6:29787296:C:A	3.01019e-06	0.00265865	-6.78357	-3.23805	6	29787296	C	A	0.0012034971530897967	2.919554932724933
6:124209457:A:G	6.23822e-05	0.00434454	-4.2434	-3.23788	6	124209457	A	G	0.0012042144957998715	2.9192961492530993
6:4249412:G:A	1.2611e-05	0.00103408	-4.4067	-3.23768	6	4249412	G	A	0.0012050589340761406	2.918991713157004
6:4248932:G:A	1.26114e-05	0.00103408	-4.40666	-3.23765	6	4248932	G	A	0.0012051856469868848	2.9189460491456374
6:87753200:T:A	0.00225003	6.48218e-05	3.54706	3.23759	6	87753200	T	A	0.0012054391097339318	2.9188547222209396
6:29808151:G:A	6.56332e-05	4.14521e-06	2.76213	3.23753	6	29808151	G	A	0.0012056926217222682	2.9187633967602853
6:30137614:T:C	0.01145	6.76271e-05	5.13174	3.23748	6	30137614	T	C	0.0012059039193336649	2.9186872933281056
6:29808102:A:G	6.96439e-05	3.64177e-06	2.95092	3.23745	6	29808102	A	G	0.0012060307143192347	2.9186416317568105
6:29808112:T:C	6.96439e-05	3.64177e-06	2.95092	3.23745	6	29808112	T	C	0.0012060307143192347	2.9186416317568105
6:29808101:A:G	6.96439e-05	3.64177e-06	2.95092	3.23745	6	29808101	A	G	0.0012060307143192347	2.9186416317568105
6:29812457:A:T	8.10508e-05	4.23847e-06	2.95087	3.23741	6	29812457	A	T	0.0012061997934574246	2.9185807502310985
6:29812463:G:T	8.07106e-05	4.2209e-06	2.95082	3.23737	6	29812463	G	T	0.0012063688944921743	2.9185198693560683
6:30533366:T:TG	2.99827e-05	0.0264522	-6.78247	-3.2373	6	30533366	T	TG	0.0012066648739992895	2.91841332939047
6:68292452:C:A	3.85024e-05	0.02032	-6.26864	-3.23728	6	68292452	C	A	0.00120674945189293	2.918382889766308
6:68351286:G:A	3.87496e-05	0.0105722	-5.60886	-3.23726	6	68351286	G	A	0.0012068340352627963	2.918352450304815
6:68351816:G:T	3.87496e-05	0.0105722	-5.60886	-3.23726	6	68351816	G	T	0.0012068340352627963	2.918352450304815
6:68351120:A:G	3.87496e-05	0.0105722	-5.60886	-3.23726	6	68351120	A	G	0.0012068340352627963	2.918352450304815
6:29946481:G:GGAGGGAGA	0.000269439	7.76705e-06	3.54645	3.2372	6	29946481	G	GGAGGGAGA	0.0012070878182329444	2.9182611328963555
6:29946467:G:A	0.000269439	7.76705e-06	3.54645	3.2372	6	29946467	G	A	0.0012070878182329444	2.9182611328963555
6:68455897:G:T	6.11055e-05	0.0393937	-6.46876	-3.23708	6	68455897	G	T	0.0012075955320745837	2.9180785024715163
6:32613082:C:G	3.20429e-06	0.00206481	-6.4683	-3.23676	6	32613082	C	G	0.0012089504002206063	2.9175915166349844
6:30138716:T:C	0.0112268	6.63928e-05	5.13047	3.23656	6	30138716	T	C	0.0012097979057222755	2.9172871716339634
6:124207865:G:T	6.42597e-05	0.00446746	-4.24164	-3.23652	6	124207865	G	T	0.0012099674726656952	2.9172263045857623
6:67286374:T:C	1.15304e-05	0.00742493	-6.46761	-3.23628	6	67286374	T	C	0.001210985335443768	2.9168611159605087
6:66507663:T:G	1.88685e-05	0.0121498	-6.46757	-3.23625	6	66507663	T	G	0.0012111126238889766	2.9168154690293413
6:86874520:C:G	0.00112185	3.57962e-06	5.74748	3.23611	6	86874520	C	G	0.00121170680006052	2.9166024548565126
6:125210580:TA:T	7.87406e-05	0.00845407	-4.67625	-3.23611	6	125210580	TA	T	0.00121170680006052	2.9166024548565126
6:97329903:CAGCCATGT:C	0.000100548	0.00243172	-3.18572	-3.2356	6	97329903	CAGCCATGT	C	0.0012138735767900798	2.9158265420593503
6:97330082:A:G	0.000100548	0.00243172	-3.18572	-3.2356	6	97330082	A	G	0.0012138735767900798	2.9158265420593503
6:167288452:ACACACACAC:A	0.0383262	0.000226985	5.129	3.2355	6	167288452	ACACACACAC	A	0.0012142988544253121	2.9156744146982354
6:96658737:C:G	0.000264402	0.0599501	-5.4238	-3.23546	6	96658737	C	G	0.0012144690040109892	2.9156135648924195
6:87527454:G:A	1.92745e-06	0.00101434	-6.2658	-3.23528	6	87527454	G	A	0.0012152349497049045	2.9153397488179835
6:96080221:TA:T	0.00328385	0.000142511	3.13735	3.23525	6	96080221	TA	T	0.0012153626506926944	2.9152941140865307
6:12148301:C:T	1.57651e-05	0.00402657	-5.54287	-3.23522	6	12148301	C	T	0.0012154903640754235	2.9152484797210647
6:3276511:T:G	0.0002228	0.0182071	-4.40329	-3.23519	6	3276511	T	G	0.0012156180898541817	2.9152028457215833
6:103496217:C:T	2.71182e-05	0.0188546	-6.54431	-3.23465	6	103496217	C	T	0.001217919274833614	2.914381496314101
6:76658755:C:T	6.54017e-05	0.00848212	-4.86517	-3.23455	6	76658755	C	T	0.0012183458614941386	2.914229407584635
6:79663868:C:G	0.0360129	0.00011478	5.74862	3.23447	6	79663868	C	G	0.0012186872301834348	2.91410773952889
6:88647045:GTAAA:G	8.38179e-05	0.00537254	-4.16041	-3.23442	6	88647045	GTAAA	G	0.0012189006304746972	2.9140316983156365
6:78225628:T:G	1.89289e-05	0.0045614	-5.4847	-3.23441	6	78225628	T	G	0.0012189433146744825	2.914016490194977
6:120408771:GTA:G	0.00019457	1.07414e-06	5.19927	3.23433	6	120408771	GTA	G	0.001219284837977895	2.913894826693617
6:32723084:A:AT	0.00641514	3.54151e-05	5.19928	3.23433	6	32723084	A	AT	0.001219284837977895	2.913894826693617
6:11928609:C:G	0.000809811	0.06016	-4.30796	-3.23412	6	11928609	C	G	0.001220181757195083	2.9135754723847196
6:67613352:G:T	9.26514e-07	0.000813551	-6.77773	-3.23405	6	67613352	G	T	0.0012204808656630436	2.9134690249334745
6:120339445:TAAAAC:T	0.00663358	3.93667e-05	5.12698	3.23403	6	120339445	TAAAAC	T	0.00122056633766324	2.9134386117419497
6:94809343:A:AACACACACA	9.3585e-06	5.94104e-07	2.75699	3.23392	6	94809343	A	AACACACACA	0.0012210365324959965	2.913271342096009
6:93253044:C:T	5.0286e-05	0.0264062	-6.26363	-3.23376	6	93253044	C	T	0.001221720750905546	2.9130280495761385
6:87126118:CA:C	3.93918e-05	0.0017655	-3.80263	-3.23336	6	87126118	CA	C	0.001223432846511403	2.9124198638192875
6:57271502:A:G	1.90321e-05	0.0166755	-6.77557	-3.23257	6	57271502	A	G	0.0012268207472993667	2.9112188880845316
6:24066326:T:C	5.69487e-05	0.0364705	-6.46211	-3.23242	6	24066326	T	C	0.0012274649975681751	2.9109908833840032
6:4418067:A:T	0.0201186	0.000468346	3.76019	3.23229	6	4418067	A	T	0.0012280236005326305	2.9107932867106485
6:4418034:G:A	0.0201186	0.000468346	3.76019	3.23229	6	4418034	G	A	0.0012280236005326305	2.9107932867106485
6:86874402:G:A	0.00112185	3.60142e-06	5.7414	3.23189	6	86874402	G	A	0.001229743851812995	2.9101853400476427
6:86872988:C:T	5.14141e-06	0.00449989	-6.77448	-3.23182	6	86872988	C	T	0.0012300451245024911	2.910078956070391
6:29298368:T:TA	2.95995e-05	0.00363869	-4.81162	-3.23181	6	29298368	T	TA	0.0012300881690222062	2.910063758521998
6:153702483:C:T	3.49824e-05	0.0113385	-5.78111	-3.23167	6	153702483	C	T	0.0012306909383863415	2.9098509971139124
6:153702451:G:C	3.49824e-05	0.0113385	-5.78111	-3.23167	6	153702451	G	C	0.0012306909383863415	2.9098509971139124
6:82857675:T:C	4.87607e-05	0.0311931	-6.46103	-3.23166	6	82857675	T	C	0.0012307340037774168	2.9098358001754345
6:78210284:A:T	3.98708e-06	0.00348778	-6.77396	-3.23147	6	78210284	A	T	0.001231552510686631	2.909547066069898
6:95093916:T:A	0.000239585	1.31914e-05	2.89934	3.23058	6	95093916	T	A	0.001235393266395081	2.908194770146965
6:49678157:A:C	1.2374e-05	0.00131883	-4.66891	-3.23049	6	49678157	A	C	0.001235782272643686	2.908058039052049
6:49678156:A:G	1.2374e-05	0.00131883	-4.66891	-3.23049	6	49678156	A	G	0.001235782272643686	2.908058039052049
6:121710324:G:A	6.26616e-06	0.0054724	-6.77231	-3.23033	6	121710324	G	A	0.0012364741186299086	2.90781496968186
6:103085053:G:A	5.40901e-05	0.00701426	-4.86505	-3.23007	6	103085053	G	A	0.0012375991312854279	2.9074200041552283
6:158777202:T:C	7.05603e-06	0.00486922	-6.53681	-3.22984	6	158777202	T	C	0.0012385951226675318	2.9070706344852946
6:73123170:TTC:T	0.00107051	0.0536526	-3.9144	-3.22955	6	73123170	TTC	T	0.0012398519929232438	2.90663015555808
6:22193934:G:T	0.000371487	0.0370467	-4.60242	-3.22935	6	22193934	G	T	0.0012407194861095176	2.9063263969101794
6:31281834:G:A	1.01716e-05	0.00648194	-6.45718	-3.22896	6	31281834	G	A	0.0012424127101692973	2.9057341143238036
6:126856734:C:T	0.00227467	3.87935e-05	4.07133	3.2288	6	126856734	C	T	0.0012431079832737504	2.90549114448545
6:31346521:T:G	1.67218e-05	0.00399964	-5.47725	-3.22871	6	31346521	T	G	0.0012434992322694063	2.9053544785253385
6:56083407:C:A	3.04646e-05	0.0098345	-5.77709	-3.22867	6	56083407	C	A	0.001243673157208745	2.9052937391557134
6:108034366:C:T	0.000200601	0.0343217	-5.14222	-3.22865	6	108034366	C	T	0.0012437601281019882	2.9052633697148442
6:28053036:T:G	0.00118008	5.55491e-05	3.05607	3.22864	6	28053036	T	G	0.0012438036156546461	2.9052481850553957
6:28053042:C:G	0.00118008	5.55491e-05	3.05607	3.22864	6	28053042	C	G	0.0012438036156546461	2.9052481850553957
6:113722023:T:TATTATG	2.44999e-06	0.00213355	-6.76946	-3.22838	6	113722023	T	TATTATG	0.00124493478497545	2.904853398180385
6:67241211:T:C	1.18363e-05	0.00616677	-6.25576	-3.22824	6	67241211	T	C	0.0012455442695429053	2.9046408320162524
6:61596343:T:A	2.31839e-06	0.000159402	-4.23056	-3.22797	6	61596343	T	A	0.0012467204822299508	2.9042309054889115
6:32444789:T:A	5.50644e-06	0.00177523	-5.77577	-3.22769	6	32444789	T	A	0.0012479413416175728	2.903805827803043
6:103950765:G:GT	2.81385e-05	0.0146462	-6.25479	-3.22756	6	103950765	G	GT	0.0012485085443616325	2.903608481140899
6:97280613:C:T	1.19775e-05	0.010416	-6.76807	-3.22743	6	97280613	C	T	0.0012490759851441424	2.9034111413496086
6:24076447:G:T	0.000464988	1.85514e-05	3.22147	3.2272	6	24076447	G	T	0.0012500805022380137	2.9030620185503424
6:32979049:G:GTT	3.27375e-05	0.0284546	-6.76754	-3.22707	6	32979049	G	GTT	0.0012506486026753062	2.9028646977858963
6:4821716:C:A	2.79861e-05	0.00260921	-4.5351	-3.22683	6	4821716	C	A	0.0012516980298233915	2.9025004313486464
6:3060031:C:G	0.000446251	0.0545082	-4.80522	-3.22673	6	3060031	C	G	0.001252135531059876	2.9023486605778306
6:92743884:T:TTCTCTCTC	2.17951e-05	0.0149656	-6.53182	-3.22664	6	92743884	T	TTCTCTCTC	0.0012525294028912259	2.9022120703600947
6:91762222:T:C	4.89139e-05	1.76791e-06	3.32026	3.22652	6	91762222	T	C	0.001253054743287618	2.902029955192288
6:9264658:G:A	0.000199633	0.0243779	-4.80495	-3.22651	6	9264658	G	A	0.0012530985308361433	2.9020147791925606
6:105348555:G:A	0.000742651	0.0559691	-4.32233	-3.22645	6	105348555	G	A	0.0012533612857982281	2.9019237240479403
6:85246771:C:T	1.94375e-05	0.00625308	-5.77363	-3.2261	6	85246771	C	T	0.0012548950372476342	2.901392598207261
6:24770495:G:T	5.09337e-05	0.0158776	-5.74214	-3.22557	6	24770495	G	T	0.0012572208744014287	2.9005884167396534
6:155282537:A:G	3.16989e-05	0.0217147	-6.52946	-3.22513	6	155282537	A	G	0.0012591547810723892	2.89992088114397
6:72563479:A:G	5.08146e-06	0.00037301	-4.29601	-3.22474	6	72563479	A	G	0.0012608712213993455	2.899329267662952
6:29808157:C:T	6.49603e-05	4.17975e-06	2.74352	3.22448	6	29808157	C	T	0.001262016714819478	2.8989348930270724
6:24237186:TA:T	6.01167e-05	0.00712183	-4.77463	-3.22431	6	24237186	TA	T	0.0012627662106965997	2.898677047546643
6:70070193:G:A	0.0108559	6.08448e-05	5.18414	3.22415	6	70070193	G	A	0.0012634719939650346	2.8984343801795593
6:84893862:A:G	3.52778e-05	0.00703834	-5.29587	-3.22409	6	84893862	A	G	0.0012637367565722763	2.8983433825999287
6:124207806:A:G	6.48733e-05	0.00443772	-4.22546	-3.22404	6	124207806	A	G	0.001263957431205896	2.898267552401494
6:77713875:G:C	1.74215e-05	0.0150723	-6.76291	-3.22389	6	77713875	G	C	0.0012646196685838478	2.8980400679039446
6:102223016:T:C	9.50843e-05	0.0601482	-6.4498	-3.22379	6	102223016	T	C	0.0012650613381185662	2.897888416653693
6:153568477:A:AAAT	0.0159765	0.000339452	3.85154	3.22367	6	153568477	A	AAAT	0.0012655915295423622	2.8977064405193773
6:73794004:T:C	5.17575e-05	0.00546491	-4.65953	-3.2233	6	73794004	T	C	0.0012672275781253565	2.89714538428888
6:86872889:C:T	5.20643e-06	0.00449989	-6.76191	-3.22321	6	86872889	C	T	0.0012676258310140884	2.89700891956648
6:32641648:C:G	9.81542e-06	0.00848228	-6.76178	-3.22312	6	32641648	C	G	0.0012680241994483168	2.8968724581367917
6:15450584:G:T	2.34967e-06	0.00046814	-5.29449	-3.22303	6	15450584	G	T	0.001268422683458345	2.896735999999803
6:154110430:G:A	5.95062e-05	0.0149563	-5.52681	-3.22292	6	154110430	G	A	0.0012689098764695876	2.89656922230393
6:81007835:A:T	5.67987e-06	0.00490655	-6.7614	-3.22286	6	81007835	A	T	0.0012691756909208986	2.8964782547248067
6:65114362:AAAAGC:A	2.30693e-06	0.000114527	-3.9049	-3.22267	6	65114362	AAAAGC	A	0.0012700177758625752	2.896190200378688
6:44759270:C:T	0.00102508	3.18292e-05	3.47214	3.22238	6	44759270	C	T	0.0012713040578999145	2.89575056677442
6:116317456:A:G	3.886e-05	0.00975955	-5.52604	-3.22232	6	116317456	A	G	0.0012715703353281906	2.8956596123659075
6:75852189:T:G	8.3429e-06	0.00568715	-6.52455	-3.22198	6	75852189	T	G	0.0012730802135487032	2.8951442316927083
6:70667242:A:G	2.00134e-05	0.00248594	-4.822	-3.22183	6	70667242	A	G	0.0012737468623115029	2.8949168728049313
6:102219918:A:G	8.93433e-05	0.0224189	-5.52517	-3.22166	6	102219918	A	G	0.0012745027871506893	2.8946592104553326
6:153608181:T:A	0.0174158	0.000633364	3.31409	3.22162	6	153608181	T	A	0.0012746807119946649	2.8945985857273886
6:34884476:G:T	2.2933e-05	0.0019627	-4.4495	-3.22152	6	34884476	G	T	0.0012751256244280006	2.894447026752945
6:31390588:G:C	9.55843e-06	0.00602679	-6.44655	-3.2215	6	31390588	G	C	0.001275214624115636	2.894416715445841
6:57256743:CAT:C	0.0330163	4.77182e-05	6.53944	3.22129	6	57256743	CAT	C	0.0012761494671161223	2.8940984565378933
6:108983069:G:A	4.15611e-05	0.0214356	-6.24565	-3.22113	6	108983069	G	A	0.001276862153036883	2.8938559855923534
6:94723771:G:T	0.000227248	0.0102777	-3.81169	-3.22111	6	94723771	G	T	0.0012769512646062342	2.8938256774558297
6:15096764:G:A	5.62627e-05	0.00698033	-4.82082	-3.22091	6	15096764	G	A	0.001277842696107037	2.8935226050331937
6:29812462:C:A	8.07011e-05	4.32055e-06	2.92737	3.2209	6	29812462	C	A	0.0012778872827580636	2.893507451838866
6:29808153:A:G	6.53594e-05	4.2281e-06	2.73815	3.22071	6	29808153	A	G	0.001278734702036963	2.893219548869752
6:83634172:A:T	2.56033e-06	0.000327888	-4.85253	-3.22068	6	83634172	A	T	0.0012788685524916354	2.8931740918475852
6:51186433:T:C	2.78516e-06	0.000553224	-5.29146	-3.22068	6	51186433	T	C	0.0012788685524916354	2.8931740918475852
6:153049169:C:T	4.98014e-05	0.0124779	-5.52367	-3.22051	6	153049169	C	T	0.001279627282730469	2.8929165089654076
6:49251609:C:T	3.57878e-06	0.00184401	-6.24468	-3.22045	6	49251609	C	T	0.0012798951690674383	2.8928256001646147
6:26194852:G:C	1.68821e-05	0.000832202	-3.89782	-3.21984	6	26194852	G	C	0.0012826216202741303	2.8919014437524653
6:5203718:C:T	9.68046e-06	0.00123183	-4.84614	-3.21935	6	5203718	C	T	0.0012848156022577152	2.8911591981447153
6:89113705:G:A	0.000113877	6.1102e-06	2.92516	3.21935	6	89113705	G	A	0.0012848156022577152	2.8911591981447153
6:70666258:G:A	2.00864e-05	0.00248658	-4.81862	-3.2192	6	70666258	G	A	0.001285487921618167	2.8909319996117264
6:68523376:G:C	0.000196883	1.11177e-06	5.17666	3.21913	6	68523376	G	C	0.001285801781773551	2.890825976759405
6:104191514:A:C	0.000308276	7.112e-06	3.76921	3.21909	6	104191514	A	C	0.0012859811621904896	2.890765393166573
6:73675290:A:T	0.0225709	7.35084e-05	5.72702	3.21877	6	73675290	A	T	0.001287417037321381	2.8902807478358343
6:80195164:A:AT	7.14726e-07	0.000367367	-6.24222	-3.21873	6	80195164	A	AT	0.0012875966257274922	2.8902201700959695
6:133499065:T:G	2.06453e-05	0.0139997	-6.5193	-3.21861	6	133499065	T	G	0.0012881355296966894	2.8900384407783304
6:152799568:G:C	0.000126228	0.0855891	-6.51923	-3.21856	6	152799568	G	C	0.0012883601344558632	2.8899627219567368
6:19178889:T:C	1.46153e-05	0.00619166	-6.04889	-3.21853	6	19178889	T	C	0.0012884949146621193	2.889917291151523
6:37338877:G:T	0.000172858	0.01174	-4.21828	-3.21851	6	37338877	G	T	0.0012885847753631367	2.8898870041512734
6:97331519:C:T	6.56478e-05	0.00150353	-3.13127	-3.21807	6	97331519	C	T	0.001290563174869479	2.8892207312784453
6:90369412:G:A	0.000532337	0.0676202	-4.84439	-3.21795	6	90369412	G	A	0.001291103224743549	2.889039034151568
6:128676562:C:T	7.9858e-05	0.0684881	-6.75417	-3.2179	6	128676562	C	T	0.001291328307081097	2.8889633287427596
6:32445032:T:A	5.58037e-06	0.00177523	-5.76243	-3.21778	6	32445032	T	A	0.0012918686524687913	2.88878163990734
6:32444815:G:A	5.58037e-06	0.00177523	-5.76243	-3.21778	6	32444815	G	A	0.0012918686524687913	2.88878163990734
6:56083782:C:T	3.05449e-05	0.00971336	-5.76206	-3.2175	6	56083782	C	T	0.001293130270055129	2.888357722052096
6:109284120:G:T	0.00413241	6.96358e-05	4.08334	3.2172	6	109284120	G	T	0.0012944832650444915	2.8879035597102303
6:78209948:T:G	4.07501e-06	0.00348778	-6.75215	-3.21652	6	78209948	T	G	0.001297554892373741	2.8868742604924145
6:31720741:T:A	1.57785e-05	0.0019027	-4.79238	-3.21652	6	31720741	T	A	0.001297554892373741	2.8868742604924145
6:31724609:C:G	9.17951e-06	0.00469939	-6.23821	-3.21591	6	31724609	C	G	0.0013003160452085248	2.885951078455898
6:116307783:G:A	1.06646e-05	0.00210483	-5.28506	-3.21574	6	116307783	G	A	0.0013010865124664895	2.8856938251619644
6:49245098:C:G	7.87249e-06	0.00094786	-4.79083	-3.21529	6	49245098	C	G	0.0013031280188350227	2.885012917255502
6:31008870:C:T	6.26081e-06	0.00192479	-5.72826	-3.21526	6	31008870	C	T	0.0013032642243174309	2.8849675263212524
6:32441130:G:A	2.58443e-06	0.000683748	-5.57809	-3.21518	6	32441130	G	A	0.0013036275031740132	2.8848464856181324
6:32443869:T:G	9.50482e-06	0.00114402	-4.79051	-3.21503	6	32443869	T	G	0.001304308902931059	2.8846195413103675
6:73676836:C:T	4.52653e-05	0.0282752	-6.4372	-3.21495	6	73676836	C	T	0.001304672450522315	2.8844985080851933
6:46558701:A:G	3.11388e-06	0.00209882	-6.51326	-3.21474	6	46558701	A	G	0.0013056272079322423	2.88418080824423
6:31158000:C:A	6.01637e-06	0.000882051	-4.98777	-3.21466	6	31158000	C	A	0.0013059910946187987	2.8840597844476994
6:84464473:G:A	4.15445e-05	0.021225	-6.23617	-3.21448	6	84464473	G	A	0.0013068101818989747	2.8837874904153686
6:56087062:CTTTTGTTTT:C	0.00841751	3.54297e-05	5.47052	3.21445	6	56087062	CTTTTGTTTT	C	0.0013069467425287594	2.8837421093568163
6:131842477:T:C	6.30523e-05	0.0073663	-4.76071	-3.2138	6	131842477	T	C	0.0013099087919970721	2.8827589429025506
6:9545376:C:T	4.57829e-05	0.00331372	-4.28192	-3.21368	6	9545376	C	T	0.001310456308870856	2.8825774540249776
6:56083110:G:C	1.97096e-05	0.016787	-6.74725	-3.21316	6	56083110	G	C	0.0013128313233069068	2.8817910698456872
6:48066837:A:G	0.00209898	1.14786e-05	5.20872	3.21311	6	48066837	A	G	0.0013130598992862569	2.8817154617733314
6:42873875:T:TTTTC	0.0136081	0.000377342	3.58527	3.21303	6	42873875	T	TTTTC	0.0013134256972433006	2.881594490970771
6:29999828:A:G	0.000306041	9.16358e-06	3.50848	3.21285	6	29999828	A	G	0.0013142490865051472	2.881322316174412
6:29999808:G:T	0.000306041	9.16358e-06	3.50848	3.21285	6	29999808	G	T	0.0013142490865051472	2.881322316174412
6:32338427:A:AC	3.32839e-05	0.0207288	-6.43421	-3.21285	6	32338427	A	AC	0.0013142490865051472	2.881322316174412
6:143102614:G:A	8.01081e-05	0.0498875	-6.43415	-3.21281	6	143102614	G	A	0.001314432126572584	2.88126183467442
6:61258480:C:G	4.59201e-07	0.000140693	-5.72485	-3.21272	6	61258480	C	G	0.0013148440527396756	2.8811257536767747
6:31158046:T:G	3.9259e-06	0.00164928	-6.0405	-3.21251	6	31158046	T	G	0.0013158056771081657	2.8808082441499363
6:94451629:G:C	0.000153601	0.0301884	-5.28085	-3.21249	6	94451629	G	C	0.001315897294220954	2.8807780060820534
6:31345900:C:T	1.39439e-05	0.00867627	-6.43331	-3.21222	6	31345900	C	T	0.0013171347015309583	2.8803698080753204
6:31345945:C:T	1.39439e-05	0.00867627	-6.43331	-3.21222	6	31345945	C	T	0.0013171347015309583	2.8803698080753204
6:32700133:G:A	5.93805e-05	0.0369385	-6.43305	-3.21203	6	32700133	G	A	0.0013180061131999672	2.8800825753847588
6:55623236:C:T	3.5577e-05	0.0238705	-6.5087	-3.21181	6	55623236	C	T	0.001319015780801506	2.87975000849153
6:72251771:C:T	1.6483e-05	0.00408074	-5.51171	-3.21135	6	72251771	C	T	0.001321129210697311	2.879054704907337
6:31349737:C:A	3.17306e-05	0.0133078	-6.03882	-3.21131	6	31349737	C	A	0.0013213131348017457	2.878994247789769
6:168526533:G:A	0.000128972	0.0283388	-5.39239	-3.21121	6	168526533	G	A	0.0013217730484369986	2.8788431078403987
6:31346497:A:G	1.39655e-05	0.00867627	-6.43175	-3.21113	6	31346497	A	G	0.0013221410856955277	2.878722198806718
6:11943272:T:C	0.00300095	0.000119909	3.21995	3.21094	6	11943272	T	C	0.0013230155531930932	2.8784350502749083
6:72432444:T:C	3.57695e-05	0.0222131	-6.43134	-3.21084	6	72432444	T	C	0.0013234760135754306	2.878283925360918
6:31722849:C:CA	0.00057371	1.97255e-05	3.37021	3.21032	6	31722849	C	CA	0.0013258727921990846	2.8774981413129317
6:49057926:G:T	5.53176e-06	0.00370239	-6.50623	-3.21023	6	49057926	G	T	0.0013262880256157854	2.8773621513821275
6:29411871:C:T	0.00442581	2.53427e-05	5.16272	3.20976	6	29411871	C	T	0.0013284584169240446	2.87665203521913
6:68519260:TC:T	0.000547562	3.01007e-06	5.20351	3.20939	6	68519260	TC	T	0.0013301693277333558	2.876093070747644
6:24771912:C:T	5.1373e-05	0.0156683	-5.72029	-3.20933	6	24771912	C	T	0.0013304469642280853	2.876002433102195
6:119103788:A:T	6.72899e-05	0.00845579	-4.8336	-3.20932	6	119103788	A	T	0.001330493242175117	2.875987326970172
6:133494840:A:AAAAT	0.00417559	0.000226343	2.91496	3.20923	6	133494840	A	AAAAT	0.0013309098105389508	2.8758513736105025
6:24341511:C:CT	0.000191193	0.0241122	-4.83719	-3.20916	6	24341511	C	CT	0.0013312338913483008	2.8757456343840384
6:81651578:T:G	0.0187781	0.000406537	3.83277	3.2091	6	81651578	T	G	0.0013315117328494956	2.875655002346074
6:99566586:C:T	4.35373e-06	0.00181959	-6.03533	-3.20881	6	99566586	C	T	0.0013328553878416743	2.8752169681175155
6:99566444:T:G	4.35373e-06	0.00181959	-6.03533	-3.20881	6	99566444	T	G	0.0013328553878416743	2.8752169681175155
6:64966663:G:A	2.44377e-05	0.0074415	-5.7187	-3.20816	6	64966663	G	A	0.0013358715740133594	2.8742352913950815
6:82708282:T:A	0.00208873	0.000118439	2.86992	3.20804	6	82708282	T	A	0.0013364290965180603	2.8740540775417815
6:68446228:A:G	0.00852428	9.78693e-05	4.46704	3.20804	6	68446228	A	G	0.0013364290965180603	2.8740540775417815
6:102222345:G:A	0.000120683	0.0151963	-4.83563	-3.20799	6	102222345	G	A	0.0013366614609142346	2.8739785734964562
6:9545472:T:C	4.57829e-05	0.00328922	-4.2745	-3.20786	6	9545472	T	C	0.0013372657828006572	2.873782267732601
6:9270200:A:G	0.000209962	0.0263294	-4.83152	-3.20766	6	9270200	A	G	0.0013381960010167351	2.8734802722737753
6:111126066:CTG:C	0.00143748	4.63359e-06	5.73732	3.20744	6	111126066	CTG	C	0.001339219930552164	2.873148096041065
6:24076866:T:A	8.31305e-06	0.00162316	-5.2743	-3.20743	6	24076866	T	A	0.0013392664899737217	2.873132997588663
6:4417756:A:G	0.0201204	0.00048388	3.72765	3.20734	6	4417756	A	G	0.0013396855919752476	2.87299711334547
6:111508730:C:G	1.25434e-05	0.00634245	-6.22582	-3.20721	6	111508730	C	G	0.0013402911751509417	2.872800841915628
6:106272556:A:T	9.24472e-06	0.00780581	-6.73857	-3.20721	6	106272556	A	T	0.0013402911751509417	2.872800841915628
6:70667674:A:C	2.00134e-05	0.00243932	-4.80307	-3.20712	6	70667674	A	C	0.0013407105729754006	2.8726649657174885
6:31349842:A:G	3.19247e-05	0.0133078	-6.03272	-3.20693	6	31349842	A	G	0.001341596366018058	2.872378126773797
6:145595489:G:GATTT	6.81384e-05	2.15827e-06	3.45224	3.20692	6	145595489	G	GATTT	0.0013416430016573988	2.8723630303935996
6:96463302:C:A	1.28654e-06	0.00108567	-6.738	-3.20682	6	96463302	C	A	0.0013421094403154948	2.8722120688263333
6:97279002:A:T	1.04815e-05	0.000750888	-4.27165	-3.20562	6	97279002	A	T	0.0013477183856010658	2.87040084693768
6:86875617:C:G	0.000839711	3.57971e-06	5.45778	3.20553	6	86875617	C	G	0.0013481399270289835	2.8702650288817586
6:29999796:G:T	0.000304713	9.22989e-06	3.49692	3.20544	6	29999796	G	T	0.0013485615900881778	2.870129214116824
6:29999802:G:A	0.000304713	9.22989e-06	3.49692	3.20544	6	29999802	G	A	0.0013485615900881778	2.870129214116824
6:4840612:T:A	9.87356e-06	0.00497738	-6.2228	-3.20509	6	4840612	T	A	0.0013502025477131019	2.8696010768710485
6:125452054:C:T	0.0355271	0.00202256	2.86593	3.20499	6	125452054	C	T	0.0013506717309623118	2.8694501896566442
6:74214293:G:T	0.000400313	8.71596e-06	3.82709	3.20469	6	74214293	G	T	0.001352080183265171	2.868997552390674
6:136203511:G:GAA	0.0131243	0.000747611	2.86534	3.20454	6	136203511	G	GAA	0.001352784917373251	2.86877124746981
6:18838953:CATT:C	0.00293051	7.07352e-05	3.72399	3.20453	6	18838953	CATT	C	0.0013528319116929172	2.8687561608001126
6:88677179:C:G	2.17607e-05	0.00133675	-4.11789	-3.20436	6	88677179	C	G	0.0013536310455764015	2.868499693631365
6:73642279:C:T	7.32297e-06	0.000627464	-4.45067	-3.20405	6	73642279	C	T	0.001355089410861854	2.8680320484332325
6:54913903:T:A	0.00923015	1.86315e-05	6.20538	3.20386	6	54913903	T	A	0.0013559839638969662	2.8677454464809315
6:6199649:A:G	0.000258682	0.032284	-4.82673	-3.20384	6	6199649	A	G	0.0013560781590558908	2.8677152787075513
6:68254166:GA:G	0.00559478	1.81299e-05	5.73203	3.20377	6	68254166	GA	G	0.0013564078896472673	2.867609692780484
6:90241049:C:T	1.65505e-05	0.00832027	-6.22003	-3.20315	6	90241049	C	T	0.001359331590672022	2.866674590042139
6:32441065:A:G	1.7416e-06	0.00115278	-6.49513	-3.20311	6	32441065	A	G	0.0013595204160161392	2.866614266195954
6:44106430:G:C	5.10322e-05	0.0313361	-6.42007	-3.20293	6	44106430	G	C	0.0013603704295142847	2.8663428169321628
6:31067818:C:T	1.01898e-05	0.00235628	-5.44346	-3.20287	6	31067818	C	T	0.0013606538762671512	2.866252336769331
6:109814313:A:AT	0.00635901	0.000149906	3.74762	3.20281	6	109814313	A	AT	0.0013609373774958345	2.8661618580690447
6:119103643:G:A	6.74999e-05	0.00840939	-4.82498	-3.20244	6	119103643	G	A	0.0013626868394055376	2.865603938401962
6:73038622:A:G	0.000100876	0.0078816	-4.35839	-3.20241	6	73038622	A	G	0.001362828778544665	2.86555870410975
6:73038609:T:G	0.000100876	0.0078816	-4.35839	-3.20241	6	73038609	T	G	0.001362828778544665	2.86555870410975
6:84207713:T:TA	0.0112841	0.000644732	2.86232	3.20236	6	84207713	T	TA	0.0013630653740817368	2.865483314435245
6:90052850:A:T	0.000329765	0.0275158	-4.42414	-3.20182	6	90052850	A	T	0.001365623021133131	2.8646691706668914
6:4839818:A:G	9.9827e-06	0.00611983	-6.41844	-3.20179	6	4839818	A	G	0.0013657652423455446	2.864623943930991
6:103215623:T:A	0.00252001	5.50774e-05	3.82328	3.20173	6	103215623	T	A	0.0013660497257561464	2.8645334915560636
6:103215956:T:G	0.00252001	5.50774e-05	3.82328	3.20173	6	103215956	T	G	0.0013660497257561464	2.8645334915560636
6:19224334:A:C	0.00889271	0.000283607	3.4454	3.20161	6	19224334	A	C	0.001366618856553605	2.8643525911936916
6:28108133:G:A	1.86156e-06	0.000403891	-5.37973	-3.20143	6	28108133	G	A	0.0013674729628325947	2.864081251618802
6:32640823:A:AAAGAAAG	1.74306e-05	0.0145917	-6.72998	-3.20133	6	32640823	A	AAAGAAAG	0.0013679476790383835	2.863930513097963
6:94800143:A:G	4.08321e-05	2.23829e-06	2.90375	3.2012	6	94800143	A	G	0.001368565037347463	2.863734559094217
6:81014859:T:G	2.8044e-05	0.00239385	-4.44688	-3.20119	6	81014859	T	G	0.0013686125370906928	2.8637194859936836
6:31349985:G:A	3.21936e-05	0.0133078	-6.02434	-3.20092	6	31349985	G	A	0.0013698956050816101	2.8633125276351854
6:68292796:C:T	3.90215e-05	0.0195484	-6.21654	-3.20069	6	68292796	C	T	0.0013709894639085353	2.8629658827626145
6:32757416:A:G	0.000541153	6.56379e-06	4.41213	3.20069	6	32757416	A	G	0.0013709894639085353	2.8629658827626145
6:11943758:C:T	0.00295574	0.0001197	3.20651	3.20044	6	11943758	C	T	0.0013721793545793967	2.8625891192318025
6:31350078:T:A	3.22172e-05	0.0133078	-6.02361	-3.20039	6	31350078	T	A	0.0013724174469824891	2.862513769572394
6:76386785:C:CAAA	6.40163e-06	0.000756254	-4.77183	-3.2002	6	76386785	C	CAAA	0.001373322545655662	2.862227450128726
6:67786635:C:A	1.2848e-05	0.00123187	-4.5631	-3.20017	6	67786635	C	A	0.0013734655062876018	2.862182243136077
6:116993817:C:T	6.10918e-06	0.00132298	-5.37785	-3.19998	6	116993817	C	T	0.0013743712424114456	2.861895940672819
6:43481492:C:A	0.00293451	8.96611e-05	3.48826	3.19988	6	43481492	C	A	0.0013748481668715232	2.8617452610561434
6:74217417:A:G	4.27026e-06	0.000531825	-4.82464	-3.19974	6	74217417	A	G	0.0013755161175514996	2.861534316417396
6:11943362:A:G	0.00295574	0.000119909	3.20477	3.19908	6	11943362	A	G	0.0013786690610988034	2.8605399703631567
6:11943542:C:A	0.00295574	0.000119909	3.20477	3.19908	6	11943542	C	A	0.0013786690610988034	2.8605399703631567
6:92875368:CA:C	0.00309967	6.33332e-05	3.89064	3.19906	6	92875368	CA	C	0.0013787647088100874	2.8605098414268335
6:132638943:A:G	5.5584e-05	0.0167159	-5.70622	-3.19888	6	132638943	A	G	0.0013796258136473658	2.8602386883118025
6:84616015:T:TA	6.84621e-06	0.00212295	-5.73687	-3.19877	6	84616015	T	TA	0.0013801522885206984	2.8600729901095137
6:4417933:C:T	0.000277159	0.0326736	-4.76973	-3.19854	6	4417933	C	T	0.001381253698405002	2.859726546114898
6:80014745:C:T	4.41783e-05	0.00726253	-5.10225	-3.19842	6	80014745	C	T	0.001381828668780993	2.859545801256822
6:80014827:T:A	4.41783e-05	0.00726253	-5.10225	-3.19842	6	80014827	T	A	0.001381828668780993	2.859545801256822
6:94732771:G:T	0.000149994	0.00656994	-3.77966	-3.19827	6	94732771	G	T	0.001382547692150206	2.859319878409945
6:88676872:A:G	2.19604e-05	0.00133675	-4.10875	-3.1979	6	88676872	A	G	0.0013843227586235838	2.8587626411313107
6:30858889:G:GAA	1.56e-05	0.00300734	-5.26154	-3.19757	6	30858889	G	GAA	0.0013859076989831156	2.8582656926370036
6:17156748:A:G	1.68223e-05	0.00520664	-5.73498	-3.19737	6	17156748	A	G	0.0013868690831704753	2.8579645332598926
6:103090148:G:A	5.00837e-05	0.00821894	-5.1005	-3.1971	6	103090148	G	A	0.0013881679273960257	2.8575579938738946
6:84697055:A:G	7.19282e-07	0.000437605	-6.41082	-3.19644	6	84697055	A	G	0.0013913476038044494	2.856564355590316
6:89115967:G:GCTAA	9.44701e-05	5.23716e-06	2.8925	3.19642	6	89115967	G	GCTAA	0.0013914440623973912	2.8565342481013705
6:64971299:GA:G	3.00661e-05	0.0182883	-6.41062	-3.1963	6	64971299	GA	G	0.001392022943466956	2.856353606579639
6:80014595:A:G	4.43044e-05	0.00726253	-5.0994	-3.19627	6	80014595	A	G	0.001392167698430704	2.8563084471131175
6:32401064:C:T	7.84372e-06	0.00651778	-6.72258	-3.19625	6	32401064	C	T	0.0013922642094514296	2.8562783410051953
6:168421047:A:G	2.69189e-05	0.00579946	-5.37269	-3.19599	6	168421047	A	G	0.001393519414289848	2.855886976387191
6:66021845:G:C	0.00428868	2.40247e-05	5.18465	3.19594	6	66021845	G	C	0.0013937609194384468	2.855811717108545
6:73042287:G:A	9.03199e-05	0.00699097	-4.34902	-3.19557	6	73042287	G	A	0.0013955492574359702	2.8552548300065226
6:67785878:C:A	1.33897e-05	0.00127548	-4.55659	-3.19533	6	67785878	C	A	0.0013967103915843114	2.854893635672308
6:51890379:G:A	8.22576e-05	0.0101804	-4.81836	-3.19503	6	51890379	G	A	0.0013981630620170068	2.854442175654365
6:29999890:G:A	0.000304792	9.38768e-06	3.48023	3.19473	6	29999890	G	A	0.0013996171255149063	2.853990752191474
6:90055134:C:A	0.000268008	0.0331349	-4.81733	-3.19425	6	90055134	C	A	0.0014019465276949607	2.85326855068454
6:66504916:A:G	2.00433e-05	0.0121498	-6.40717	-3.19389	6	66504916	A	G	0.0014036959246755735	2.852726960965467
6:32468961:TCTGTTTTGG:T	0.00156325	9.16789e-06	5.13881	3.19369	6	32468961	TCTGTTTTGG	T	0.0014046686814014853	2.85242610053283
6:19129504:G:A	4.15935e-06	0.00170176	-6.01406	-3.19355	6	19129504	G	A	0.001405349980901737	2.852215507896383
6:97278615:T:G	1.05712e-05	0.000745737	-4.25624	-3.19354	6	97278615	T	G	0.001405398656808786	2.85220046586982
6:9678995:G:T	1.44283e-06	0.000329376	-5.43059	-3.19303	6	9678995	G	T	0.001407883190337525	2.8514333763702346
6:168424579:C:T	1.69411e-05	0.00324616	-5.25549	-3.19289	6	168424579	C	T	0.0014085659272392993	2.8512228212616835
6:56070831:A:G	0.00010311	0.08525	-6.71755	-3.1928	6	56070831	A	G	0.0014090049907187563	2.8510874686097507
6:78217369:T:C	2.53886e-06	0.00031241	-4.8126	-3.19255	6	78217369	T	C	0.0014102252736727377	2.850711506281973
6:148351650:CT:C	0.0135606	4.46749e-05	5.71551	3.19231	6	148351650	CT	C	0.0014113976619610483	2.8503506063281683
6:8027824:C:CAA	5.80732e-06	0.0023718	-6.01229	-3.19228	6	8027824	C	CAA	0.0014115442736653855	2.8503054954787883
6:152845598:C:A	8.83841e-06	0.00148832	-5.1263	-3.19227	6	152845598	C	A	0.0014115931473537532	2.850290458610223
6:29948866:T:C	0.000414907	2.31398e-05	2.8865	3.1922	6	29948866	T	C	0.0014119353068606112	2.8501852016674323
6:17698225:G:A	5.05069e-06	0.00416992	-6.71613	-3.19183	6	17698225	G	A	0.001413745134882618	2.8496288766003652
6:160921449:A:G	0.000103569	0.0854133	-6.71502	-3.19107	6	160921449	A	G	0.0014174693299919307	2.8484863292317857
6:57120980:C:T	1.81571e-06	0.00109617	-6.4031	-3.19103	6	57120980	C	T	0.0014176655905844475	2.8484262016577064
6:56084231:A:T	0.00761251	3.26261e-05	5.45244	3.19093	6	56084231	A	T	0.0014181563516768932	2.848275885565336
6:73038352:T:G	0.000104595	0.00804331	-4.3425	-3.19081	6	73038352	T	G	0.0014187454717347059	2.848095511615238
6:55732352:G:A	0.0146528	3.01592e-05	6.18589	3.1905	6	55732352	G	A	0.001420268409663314	2.8476295726450545
6:54924274:C:T	3.24477e-06	0.000527847	-5.09176	-3.19049	6	54924274	C	T	0.0014203175617768246	2.8476145430054745
6:57272058:G:A	0.0124322	2.55958e-05	6.18562	3.19031	6	57272058	G	A	0.0014212025680290252	2.8473440164375456
6:94739155:T:TA	0.00241993	0.000140485	2.84639	3.19003	6	94739155	T	TA	0.0014225802549739815	2.8469232234853177
6:103947648:C:T	8.22819e-05	0.0334834	-6.00865	-3.18967	6	103947648	C	T	0.0014243533758789898	2.846382250758721
6:31363754:C:T	1.23346e-06	0.000280322	-5.42611	-3.18961	6	31363754	C	T	0.0014246490940350185	2.846292093754521
6:31363651:G:A	1.23346e-06	0.000280322	-5.42611	-3.18961	6	31363651	G	A	0.0014246490940350185	2.846292093754521
6:31364101:C:T	1.23346e-06	0.000280322	-5.42611	-3.18961	6	31364101	C	T	0.0014246490940350185	2.846292093754521
6:36527214:G:A	9.38944e-06	0.000614167	-4.18068	-3.1895	6	36527214	G	A	0.0014251913909948367	2.846126809710532
6:2070172:A:G	3.96985e-05	0.00848021	-5.36418	-3.18942	6	2070172	A	G	0.0014255859083048376	2.846006606219446
6:8457335:A:T	1.45581e-05	0.00432049	-5.69298	-3.18905	6	8457335	A	T	0.0014274118607938919	2.8454506988808013
6:74214035:C:T	0.000400313	8.89604e-06	3.80664	3.18881	6	74214035	C	T	0.0014285974149650445	2.845090140062962
6:81147805:TTTG:T	0.000713931	5.55221e-06	4.85659	3.18854	6	81147805	TTTG	T	0.0014299322483868446	2.8446845393522775
6:94726142:T:A	0.000190175	0.00821659	-3.76597	-3.1885	6	94726142	T	A	0.001430130099241168	2.8446244528758546
6:24710267:A:AT	5.06458e-05	0.015473	-5.72199	-3.18772	6	24710267	A	AT	0.0014339932384260742	2.84345289645146
6:91761166:GC:G	0.00297973	6.15884e-06	6.1817	3.18763	6	91761166	GC	G	0.00143443960371352	2.843317732762098
6:31347754:G:A	1.65426e-05	0.0099371	-6.39809	-3.18752	6	31347754	G	A	0.0014349853352189138	2.843152537164168
6:31282865:T:C	1.25933e-05	0.00210705	-5.11988	-3.18727	6	31282865	T	C	0.001436226345940996	2.842777110896796
6:29946327:G:A	0.000375269	2.18668e-05	2.84267	3.18718	6	29946327	G	A	0.0014366733519329971	2.8426419636534628
6:68515182:T:G	4.51297e-06	0.00369937	-6.70896	-3.18692	6	68515182	T	G	0.0014379654230563925	2.842251556760056
6:168527306:C:T	0.000133117	0.0283388	-5.36076	-3.18677	6	168527306	C	T	0.0014387113358554312	2.8420263345004746
6:81004532:C:T	3.37015e-07	0.000202205	-6.39691	-3.18669	6	81004532	C	T	0.0014391093018325516	2.8419062196978446
6:153055564:A:AT	3.7531e-05	0.0111025	-5.68975	-3.18666	6	153055564	A	AT	0.0014392585652325577	2.841861177316867
6:32702359:T:C	6.26034e-05	0.014171	-5.42213	-3.18656	6	32702359	T	C	0.0014397562129689504	2.8417110386863635
6:83912057:C:CA	1.13224e-05	0.00679185	-6.3967	-3.18654	6	83912057	C	CA	0.0014398557615472177	2.8416810114475393
6:19536150:ACTTGGCTTC:A	0.0270782	9.28355e-05	5.67566	3.18621	6	19536150	ACTTGGCTTC	A	0.0014414992293495803	2.841185585457053
6:42186708:G:A	0.00185161	0.000102757	2.89144	3.18618	6	42186708	G	A	0.0014416487212209623	2.8411405489233736
6:23999576:A:T	0.000119642	0.0484418	-6.00361	-3.18606	6	23999576	A	T	0.001442246831618042	2.840960406443186
6:18447521:G:A	2.75119e-05	0.0164907	-6.39593	-3.186	6	18447521	G	A	0.0014425459725807511	2.840870337395806
6:4629420:A:C	0.00122316	0.0814081	-4.19804	-3.18565	6	4629420	A	C	0.001444292101659985	2.8403449637539326
6:29946583:T:A	0.000239921	1.35092e-05	2.87694	3.18549	6	29946583	T	A	0.001445090980774927	2.8401048095132038
6:88657951:T:C	7.17956e-05	0.00429422	-4.0912	-3.18549	6	88657951	T	C	0.001445090980774927	2.8401048095132038
6:63010927:C:G	4.76432e-06	0.000580976	-4.80355	-3.18532	6	63010927	C	G	0.001445940236091544	2.8398496570221545
6:30784984:C:A	0.00195801	0.000114406	2.83993	3.18508	6	30784984	C	A	0.0014471399679405333	2.839489461718256
6:44241306:T:C	0.00012214	0.0175222	-4.96605	-3.18482	6	44241306	T	C	0.0014484407127787608	2.8390992765320053
6:121555682:GAATAAAATA:G	0.0014051	6.17033e-06	5.42811	3.18476	6	121555682	GAATAAAATA	G	0.0014487410376575118	2.8390092376947336
6:47057094:T:G	0.00398933	3.23222e-05	4.81562	3.18475	6	47057094	T	G	0.0014487910973836019	2.83899423136397
6:70937951:G:A	1.29762e-05	0.00776127	-6.39379	-3.1845	6	70937951	G	A	0.0014500431088031883	2.8386190862911986
6:66510853:C:A	1.84423e-05	0.0110272	-6.39348	-3.18428	6	66510853	C	A	0.0014511457036749161	2.8382889796193673
6:156173540:G:C	3.27389e-05	0.00462445	-4.95055	-3.18423	6	156173540	G	C	0.0014513964011616735	2.8382139581165164
6:68249225:G:GA	2.74065e-05	0.00519287	-5.24426	-3.18422	6	68249225	G	GA	0.0014514465454488915	2.8381989539377575
6:28052201:C:T	0.00101771	5.07418e-05	2.99857	3.18421	6	28052201	C	T	0.0014514966913328402	2.8381839497996015
6:145021216:A:G	0.0173584	0.000314106	4.0121	3.18409	6	145021216	A	G	0.0014520985665018482	2.8380039033088016
6:144483388:C:T	0.00235415	0.000137555	2.83991	3.18404	6	144483388	C	T	0.0014523494157040622	2.8379288856632803
6:30424427:T:A	1.14602e-05	0.00736061	-6.46501	-3.1838	6	30424427	T	A	0.001453554047924894	2.8375688150946967
6:56085634:T:C	3.14348e-05	0.00955154	-5.71654	-3.18367	6	56085634	T	C	0.0014542069414807508	2.8373737866350837
6:84659569:C:T	6.45402e-06	0.00145501	-5.41806	-3.18345	6	84659569	C	T	0.001455312454032687	2.8370437541047444
6:68351901:T:C	3.95539e-05	0.0100097	-5.53364	-3.18329	6	68351901	T	C	0.0014561169496131229	2.8368037427895096
6:4258124:G:A	0.0017078	5.8817e-06	5.67111	3.18305	6	4258124	G	A	0.0014573244615210866	2.8364437453057882
6:28602172:C:T	8.92767e-06	0.00103203	-4.75013	-3.18297	6	28602172	C	T	0.0014577271705277922	2.836323751341623
6:77598946:G:GTTC	0.000847493	1.43127e-05	4.08113	3.18276	6	77598946	G	GTTC	0.0014587847696823713	2.8360087795489832
6:78749248:C:CGTGT	2.66338e-06	0.000599826	-5.41704	-3.18267	6	78749248	C	CGTGT	0.0014592382429015306	2.835873797119093
6:30146297:A:G	4.16244e-05	0.0126276	-5.71495	-3.18248	6	30146297	A	G	0.001460196001917196	2.835588845011569
6:23472853:A:AAT	0.000100505	0.0161773	-5.08116	-3.18247	6	23472853	A	AAT	0.001460246426330892	2.835573847938241
6:72255955:C:G	1.50711e-05	0.00212364	-4.94811	-3.18224	6	72255955	C	G	0.0014614066308549075	2.8352289264576394
6:56084217:A:AAAAT	2.55369e-05	0.0152245	-6.39054	-3.18222	6	56084217	A	AAAAT	0.0014615075583424234	2.8351989343004425
6:131683749:G:GT	0.00560281	0.000306558	2.90562	3.18221	6	131683749	G	GT	0.0014615580244950349	2.8351839382827455
6:80016444:G:A	0.00566556	4.16182e-05	4.91362	3.18219	6	80016444	G	A	0.0014616589616181987	2.8351539463691555
6:4257798:GT:G	0.00170556	5.88615e-06	5.66904	3.18162	6	4257798	GT	G	0.0014645383716330093	2.834299245102106
6:15557608:A:T	1.33336e-06	0.000536516	-5.99739	-3.1816	6	15557608	A	T	0.0014646394984258325	2.8342692579793964
6:4414791:AACAGACCAT:A	0.0353974	0.000421376	4.43087	3.18156	6	4414791	AACAGACCAT	A	0.0014648417713171594	2.834209284221183
6:4414781:A:G	0.0353974	0.000421376	4.43087	3.18156	6	4414781	A	G	0.0014648417713171594	2.834209284221183
6:73790099:C:CTTTTTTT	0.00276525	0.000128685	3.06752	3.18093	6	73790099	C	CTTTTTTT	0.0014680309669827516	2.833264783215668
6:22472096:G:T	3.32489e-05	0.0100628	-5.71258	-3.18072	6	22472096	G	T	0.0014690954533031237	2.832949985356068
6:167435012:G:C	3.07233e-05	0.0035391	-4.7466	-3.18017	6	167435012	G	C	0.0014718867655969462	2.8321255996235144
6:48807637:G:T	0.000240965	1.40204e-05	2.84414	3.1801	6	48807637	G	T	0.001472242373902968	2.832020686612938
6:48808022:T:G	0.000240958	1.40204e-05	2.84411	3.18008	6	48808022	T	G	0.0014723439908167978	2.831990711832445
6:31391383:CAAAAG:C	0.00643946	9.90513e-06	6.47715	3.17974	6	31391383	CAAAAG	C	0.0014740724675244238	2.8314811654102434
6:24965141:AT:A	0.0106078	0.000624246	2.8328	3.17962	6	24965141	AT	A	0.0014746829644290962	2.831301336701607
6:4831782:A:G	4.60015e-06	0.000148315	-3.47325	-3.17935	6	4831782	A	G	0.0014760574344279181	2.83089674348193
6:132243840:A:T	9.76236e-05	0.00643689	-4.18868	-3.17906	6	132243840	A	T	0.001477535031821928	2.830462213359335
6:35306022:A:G	2.41845e-05	0.0018227	-4.32236	-3.17881	6	35306022	A	G	0.0014788099164947334	2.8300876458291833
6:113436625:CAACT:C	0.0274391	9.51022e-05	5.66477	3.17865	6	113436625	CAACT	C	0.0014796263745541825	2.8298479359256783
6:32468956:A:C	9.26959e-06	0.00153327	-5.10842	-3.17836	6	32468956	A	C	0.0014811072635565572	2.8294134882148834
6:95961695:T:C	4.90068e-05	0.00687231	-4.9433	-3.17831	6	95961695	T	C	0.001481362727236479	2.8293385868878578
6:78216994:G:A	2.5403e-06	0.000307049	-4.79472	-3.17826	6	78216994	G	A	0.0014816182315167696	2.829263686575738
6:75840108:A:G	0.00524846	1.7646e-05	5.69518	3.17822	6	75840108	A	G	0.0014818226641771677	2.829203767056775
6:29806561:A:G	7.01847e-05	3.99344e-06	2.86648	3.17814	6	29806561	A	G	0.0014822316074737402	2.8290839299674624
6:32333512:T:C	0.0027131	2.14137e-05	4.84182	3.17814	6	32333512	T	C	0.0014822316074737402	2.8290839299674624
6:127249942:CA:C	0.0398751	0.000229128	5.15923	3.1778	6	127249942	CA	C	0.0014839707768831518	2.8285746513234025
6:95962042:G:A	4.90583e-05	0.00687231	-4.94225	-3.17745	6	95962042	G	A	0.0014857630622162913	2.8280504429149356
6:30139532:A:G	0.0108017	6.93126e-05	5.04883	3.17744	6	30139532	A	G	0.001485814299663492	2.828035466262553
6:29806512:A:G	6.58188e-05	4.52899e-06	2.67641	3.1774	6	29806512	A	G	0.0014860192657334117	2.8279755600589747
6:29806511:A:G	6.58188e-05	4.52899e-06	2.67641	3.1774	6	29806511	A	G	0.0014860192657334117	2.8279755600589747
6:64970147:CA:C	0.00578015	3.32392e-05	5.15845	3.17725	6	64970147	CA	C	0.0014867881205458033	2.8277509175803583
6:32810160:T:TTTTTTA	4.54901e-05	0.0137018	-5.70779	-3.17716	6	32810160	T	TTTTTTA	0.0014872496093498453	2.8276161364774492
6:98895624:A:T	1.06108e-05	0.00199133	-5.23468	-3.17682	6	98895624	A	T	0.0014889942028524408	2.827106993096781
6:77597493:A:G	0.000847493	1.44247e-05	4.07334	3.17675	6	77597493	A	G	0.001489353617849718	2.827002175284903
6:150241890:A:G	0.0142024	0.0003618	3.67007	3.17657	6	150241890	A	G	0.0014902781949200584	2.8267326529023657
6:152796287:TA:T	0.0532882	0.000185255	5.66173	3.17654	6	152796287	TA	T	0.0014904323425030054	2.8266877337839933
6:72512790:A:C	2.63497e-05	0.0155781	-6.38216	-3.17635	6	72512790	A	C	0.00149140895172365	2.8264032545184548
6:165489328:T:C	0.000191964	0.0123416	-4.16342	-3.17619	6	165489328	T	C	0.001492231816757891	2.8261637043979726
6:8274800:T:TTATC	0.0254223	0.000636952	3.68669	3.17593	6	8274800	T	TTATC	0.0014935698646330042	2.8257744576163084
6:142596933:T:G	4.42315e-05	0.0104489	-5.46481	-3.17543	6	142596933	T	G	0.0014961461410551336	2.825025983240283
6:94724134:T:C	0.000208629	0.00884947	-3.74755	-3.17537	6	94724134	T	C	0.0014964555692030847	2.8249361731347693
6:32468910:G:C	9.32182e-06	0.00153537	-5.10417	-3.17505	6	32468910	G	C	0.0014981068486500792	2.824457210585636
6:32468903:A:G	9.32182e-06	0.00153537	-5.10417	-3.17505	6	32468903	A	G	0.0014981068486500792	2.824457210585636
6:132242132:CTTTTTT:C	0.00011581	0.00538294	-3.83904	-3.17492	6	132242132	CTTTTTT	C	0.0014987781603154472	2.8242626439233107
6:88684698:T:TATG	0.000641384	3.78985e-05	2.82872	3.1749	6	88684698	T	TATG	0.0014988814636283181	2.8242327111995276
6:153048977:A:G	4.98942e-05	0.029435	-6.38004	-3.17485	6	153048977	A	G	0.001499139750610272	2.8241578801004312
6:8459700:T:A	1.09191e-05	0.00317845	-5.67364	-3.17469	6	8459700	T	A	0.001499966544530832	2.8239184274027735
6:140923133:C:T	1.32865e-05	0.00641172	-6.17913	-3.17442	6	140923133	C	T	0.0015013627119290517	2.823514374539002
6:116305932:G:A	1.06913e-05	0.00199939	-5.23116	-3.1741	6	116305932	G	A	0.0015030189791497045	2.823035535389175
6:28988639:A:G	2.35742e-05	0.00375099	-5.06962	-3.17374	6	28988639	A	G	0.001504884291734057	2.822496891029101
6:150991080:C:T	0.0121478	0.000217064	4.02471	3.17369	6	150991080	C	T	0.0015051435315288802	2.8224220834729783
6:150991053:C:T	0.0121478	0.000217064	4.02471	3.17369	6	150991053	C	T	0.0015051435315288802	2.8224220834729783
6:101697763:T:C	5.67788e-05	0.00333966	-4.07446	-3.17365	6	101697763	T	C	0.001505350952985688	2.822362238158711
6:101697775:T:A	5.67788e-05	0.00333966	-4.07446	-3.17365	6	101697775	T	A	0.001505350952985688	2.822362238158711
6:30135218:CA:C	0.0139033	8.96859e-05	5.04357	3.17362	6	30135218	CA	C	0.0015055065363591572	2.8223173545992117
6:89114475:T:C	0.00010669	6.1102e-06	2.85996	3.17357	6	89114475	T	C	0.001505765874901303	2.822242549478522
6:25725697:C:T	3.52683e-05	0.0207554	-6.37758	-3.17313	6	25725697	C	T	0.0015080498293231419	2.821584308172779
6:29946179:C:T	0.000359844	2.0346e-05	2.87279	3.17294	6	29946179	C	T	0.0015090370686178154	2.821300091902051
6:111125255:A:C	4.74628e-06	0.00279189	-6.37711	-3.1728	6	111125255	A	C	0.0015097648890348748	2.8210906787629955
6:16874291:T:C	0.000385534	0.028925	-4.31783	-3.1728	6	16874291	T	C	0.0015097648890348748	2.8210906787629955
6:77884580:A:G	2.68154e-06	0.000560451	-5.34235	-3.17256	6	77884580	A	G	0.0015110133335659	2.820731703319118
6:101690200:A:C	6.46776e-05	0.00484996	-4.31731	-3.17242	6	101690200	A	C	0.0015117420319858052	2.820522311773594
6:70949460:G:T	0.00261166	2.07894e-05	4.8333	3.17214	6	70949460	G	T	0.0015132004001004939	2.8201035525488587
6:116682062:C:G	3.33614e-06	0.00196006	-6.37591	-3.17196	6	116682062	C	G	0.00151413860670762	2.8198343669938297
6:9805040:AGGCAGGAGA:A	0.00346265	1.2032e-05	5.66222	3.17169	6	9805040	AGGCAGGAGA	A	0.0015155469213756225	2.81943061331875
6:9805111:T:C	0.00346265	1.20321e-05	5.66221	3.17168	6	9805111	T	C	0.0015155991043431841	2.8194156600471683
6:165152340:T:C	0.000329603	0.0540274	-5.09936	-3.17131	6	165152340	T	C	0.0015175310380793514	2.818862417531953
6:52552757:A:G	0.0175353	8.93404e-05	5.27952	3.17112	6	52552757	A	G	0.0015185239934548949	2.8185783416168126
6:85544804:T:C	5.5921e-07	0.00022174	-5.98274	-3.17109	6	85544804	T	C	0.0015186808305801104	2.8185334888643343
6:10858147:A:G	0.000244622	0.040063	-5.0985	-3.17064	6	10858147	A	G	0.0015210351787002206	2.8178607414113603
6:121553515:A:G	1.95439e-05	0.0114589	-6.37386	-3.17052	6	121553515	A	G	0.0015216635724162337	2.8176813559713083
6:20380743:CAAAA:C	0.0146785	0.000117124	4.83091	3.17046	6	20380743	CAAAA	C	0.0015219778589412448	2.8175916654429645
6:31282075:C:G	1.07973e-05	0.00632711	-6.3733	-3.17013	6	31282075	C	G	0.001523707503879375	2.8170983936544824
6:31282096:T:G	1.07973e-05	0.00632711	-6.3733	-3.17013	6	31282096	T	G	0.001523707503879375	2.8170983936544824
6:56084511:C:G	3.13273e-05	0.00934639	-5.69826	-3.17007	6	56084511	C	G	0.0015240221792333043	2.8170087126233563
6:64967328:A:ATT	2.45094e-05	0.00708998	-5.66738	-3.17004	6	64967328	A	ATT	0.001524179539356473	2.816963872655707
6:37337846:T:G	0.000183383	0.011694	-4.15526	-3.1699	6	37337846	T	G	0.001524914084500433	2.816754624303078
6:32469273:A:G	9.13472e-06	0.00149339	-5.09672	-3.16926	6	32469273	A	G	0.001528276159322278	2.8157981617072747
6:24965921:G:A	0.0104627	0.000624246	2.81902	3.16907	6	24965921	G	A	0.0015292755888195832	2.8155142438756613
6:78698882:T:C	6.47514e-06	0.00378797	-6.37162	-3.16895	6	78698882	T	C	0.0015299071175804554	2.815334934899226
6:108030851:A:G	0.00032698	0.0300577	-4.52097	-3.1689	6	108030851	A	G	0.0015301703254516888	2.8152602245505634
6:66509775:C:T	5.56486e-06	0.000445048	-4.38171	-3.16888	6	66509775	C	T	0.0015302756202778816	2.815230340695192
6:57257272:ATT:A	0.0122318	4.17056e-05	5.68116	3.1685	6	57257272	ATT	A	0.001532277490383381	2.8146625782873484
6:8038783:C:T	3.24776e-05	0.0128318	-5.97913	-3.1685	6	8038783	C	T	0.001532277490383381	2.8146625782873484
6:47056842:C:CA	3.3698e-05	0.0078887	-5.45575	-3.16849	6	47056842	C	CA	0.0015323302037329987	2.8146476379627465
6:29946595:T:C	0.000239346	1.3807e-05	2.85274	3.16849	6	29946595	T	C	0.0015323302037329987	2.8146476379627465
6:32333071:T:C	0.00273406	2.18787e-05	4.82803	3.16843	6	32333071	T	C	0.001532646518907474	2.8145579968674066
6:73677029:C:CAA	4.44849e-05	0.0260003	-6.37071	-3.16831	6	73677029	C	CAA	0.0015332793296839223	2.8143787190598046
6:109280351:A:G	0.00821067	6.15826e-05	4.89281	3.16808	6	109280351	A	G	0.0015344928896941989	2.8140351195969213
6:20145648:C:T	0.00229566	0.000137199	2.81735	3.16778	6	20145648	C	T	0.0015360771235416232	2.813586978648456
6:31283280:G:T	1.06804e-05	0.00623766	-6.36995	-3.16778	6	31283280	G	T	0.0015360771235416232	2.813586978648456
6:150240507:A:T	0.0173076	0.000395324	3.77919	3.1675	6	150240507	A	T	0.0015375571007608382	2.8131687467168622
6:51201987:ATGTG:A	0.00332438	1.16184e-05	5.65644	3.16749	6	51201987	ATGTG	A	0.0015376099813708812	2.813153810450617
6:15813614:T:C	0.00038667	0.0903782	-5.45419	-3.16729	6	15813614	T	C	0.0015386679453883527	2.8128550936481087
6:39685313:GACT:G	0.0198388	3.10977e-05	6.45826	3.16715	6	39685313	GACT	G	0.00153940891905874	2.8126460015450374
6:69702711:G:C	2.6837e-06	0.000246012	-4.51818	-3.16683	6	69702711	G	C	0.0015411038073802157	2.8121681066066944
6:69703436:T:C	2.6837e-06	0.000246012	-4.51818	-3.16683	6	69703436	T	C	0.0015411038073802157	2.8121681066066944
6:63225233:G:A	6.97548e-06	0.00162931	-5.45351	-3.16678	6	63225233	G	A	0.0015413687888713268	2.812093439276435
6:38150979:A:G	3.48033e-06	0.000111659	-3.46832	-3.16662	6	38150979	A	G	0.001542217011645091	2.811854510637381
6:31185041:C:A	3.30511e-06	0.000612108	-5.22144	-3.16659	6	31185041	C	A	0.0015423761012657426	2.811809712674143
6:52550792:TCCACCTGCC:T	0.0167782	8.60798e-05	5.27256	3.16641	6	52550792	TCCACCTGCC	T	0.001543330956426084	2.8115409325646663
6:8452383:A:T	1.50365e-05	0.00432783	-5.66234	-3.1663	6	8452383	A	T	0.001543914746995014	2.81137668452609
6:133975332:A:T	0.000405099	0.0184684	-3.81969	-3.16627	6	133975332	A	T	0.0015440739978968942	2.811331890458689
6:32446862:G:A	1.04009e-05	0.00257027	-5.50987	-3.16624	6	32446862	G	A	0.0015442332639264314	2.8112870967565216
6:132243886:TTGTGTGTGT:T	9.88593e-05	0.00640032	-4.17041	-3.16619	6	132243886	TTGTGTGTGT	T	0.00154449874092953	2.811212441397869
6:165293698:G:C	0.00287236	0.000165379	2.85465	3.16599	6	165293698	G	C	0.0015455610693104092	2.8109138301085776
6:77596752:C:T	0.000851097	1.47005e-05	4.05864	3.16541	6	77596752	C	T	0.0015486456281098113	2.810047949163676
6:88668201:T:C	2.94324e-05	0.00171103	-4.06275	-3.16538	6	88668201	T	C	0.001548805328349379	2.8100031659313736
6:31249702:A:G	0.0104058	3.56415e-05	5.67661	3.16534	6	31249702	A	G	0.0015490182855940353	2.8099434555230953
6:108030793:A:G	0.000329006	0.0300577	-4.5148	-3.16432	6	108030793	A	G	0.0015544578146146856	2.8084210594867627
6:95594018:T:C	1.35148e-05	0.00387924	-5.65961	-3.16427	6	95594018	T	C	0.0015547249099108508	2.8083464430850715
6:13526894:GA:G	0.0364896	0.00154798	3.16008	3.16416	6	13526894	GA	G	0.0015553126683311024	2.808182290572297
6:84471190:A:C	3.58144e-05	0.00660639	-5.21744	-3.1635	6	84471190	A	C	0.0015588435178943113	2.8071974786058336
6:121613391:TCACACA:T	0.0262043	0.00013505	5.26803	3.16335	6	121613391	TCACACA	T	0.0015596470124131657	2.806973682355623
6:150241831:G:T	0.0139887	0.000362713	3.6524	3.1633	6	150241831	G	T	0.001559914928655991	2.8068990856344453
6:29401100:CTT:C	0.0124976	7.3292e-05	5.13884	3.16326	6	29401100	CTT	C	0.001560129292162355	2.8068394089879023
6:49854889:A:G	0.00529543	1.13427e-05	6.14603	3.16316	6	49854889	A	G	0.0015606653196078416	2.806690220211983
6:4831219:A:G	4.71223e-06	0.000148356	-3.44945	-3.16285	6	4831219	A	G	0.0015623280825901354	2.806227760793625
6:77596311:A:T	0.000848381	1.47034e-05	4.05525	3.1628	6	77596311	A	T	0.00156259642288779	2.8061531742168127
6:77596413:G:A	0.000848381	1.47034e-05	4.05525	3.1628	6	77596413	G	A	0.00156259642288779	2.8061531742168127
6:49056132:C:A	4.24101e-06	0.00104288	-5.50494	-3.1627	6	49056132	C	A	0.0015631332308051983	2.8060040041064744
6:138915452:AT:A	0.00332783	6.19676e-05	3.98346	3.16247	6	138915452	AT	A	0.0015643685334974756	2.8056609282516445
6:77597055:A:G	0.000847493	1.46949e-05	4.05478	3.16244	6	77597055	A	G	0.001564529726189597	2.805616180809597
6:77597106:T:C	0.000847493	1.46949e-05	4.05478	3.16244	6	77597106	T	C	0.001564529726189597	2.805616180809597
6:84845914:T:C	4.97445e-05	0.00693447	-4.93736	-3.1624	6	84845914	T	C	0.0015647446735693547	2.8055565181216062
6:91993762:C:A	3.82198e-05	0.02215	-6.36224	-3.16237	6	91993762	C	A	0.0015649059019485576	2.8055117715316684
6:31360334:T:A	8.46981e-06	0.00185735	-5.3904	-3.16229	6	31360334	T	A	0.0015653359190802155	2.805392449077203
6:88285618:C:CA	9.39638e-06	0.00742909	-6.67283	-3.16216	6	88285618	C	CA	0.001566034928982029	2.8051985556273844
6:32633437:AT:A	0.00393041	1.35304e-05	5.67156	3.16184	6	32633437	AT	A	0.0015677567934238373	2.8047213086581184
6:31347841:A:G	0.00900888	1.93343e-05	6.14408	3.16183	6	31347841	A	G	0.001567810629765559	2.804706395359833
6:31347872:G:T	0.00900888	1.93343e-05	6.14408	3.16183	6	31347872	G	T	0.001567810629765559	2.804706395359833
6:31347852:T:C	0.00900888	1.93343e-05	6.14408	3.16183	6	31347852	T	C	0.001567810629765559	2.804706395359833
6:84849850:C:T	2.95719e-05	0.0171227	-6.36134	-3.16174	6	84849850	C	T	0.0015682952334476663	2.8045721775011865
6:76527591:T:C	0.000183102	0.0210512	-4.74467	-3.16174	6	76527591	T	C	0.0015682952334476663	2.8045721775011865
6:84849596:A:G	2.95719e-05	0.0171227	-6.36134	-3.16174	6	84849596	A	G	0.0015682952334476663	2.8045721775011865
6:148353041:T:G	1.03547e-05	0.00599157	-6.36066	-3.16126	6	148353041	T	G	0.00157088211654224	2.803856404429229
6:94735442:G:C	0.000133686	0.0055559	-3.72712	-3.16079	6	94735442	G	C	0.001573418912623571	2.803155633880444
6:88354165:G:A	0.000103202	0.0189659	-5.21371	-3.16061	6	88354165	G	A	0.001574391450035266	2.802887277406501
6:44010586:A:C	0.00058446	0.0402523	-4.23223	-3.16049	6	44010586	A	C	0.001575040115760839	2.802708380393936
6:107461064:A:G	4.57872e-06	0.00216498	-6.15875	-3.16011	6	107461064	A	G	0.0015770958475968904	2.802141911732923
6:29806554:A:T	6.98348e-05	4.07758e-06	2.84063	3.15999	6	29806554	A	T	0.0015777455391218541	2.8019630390647707
6:14580056:G:A	0.000477196	2.0356e-05	3.15455	3.15984	6	14580056	G	A	0.0015785580000505118	2.8017394564457407
6:67126172:TG:T	0.00152909	1.15836e-05	4.88284	3.15971	6	67126172	TG	T	0.001579262444415856	2.80154569222695
6:123185671:G:GTTT	1.70768e-05	0.0105617	-6.42727	-3.15959	6	123185671	G	GTTT	0.0015799129576310978	2.8013668390340603
6:152924100:G:A	3.22462e-05	0.00441915	-4.9203	-3.15951	6	152924100	G	A	0.0015803467701523805	2.801247606817986
6:8692240:G:C	1.06319e-05	0.00303048	-5.65261	-3.15907	6	8692240	G	C	0.0015827346999441468	2.8005918760449666
6:74383807:C:A	8.65295e-06	0.000633701	-4.29368	-3.15884	6	74383807	C	A	0.0015839842576208542	2.8002491389475157
6:24645841:TACACACACA:T	0.0104322	3.72049e-05	5.63622	3.15881	6	24645841	TACACACACA	T	0.0015841473103463868	2.800204435691037
6:99692449:G:A	1.95722e-05	0.00762897	-5.9656	-3.1588	6	99692449	G	A	0.0015842016646886766	2.800189534686689
6:48809455:G:A	0.000232283	1.39085e-05	2.81546	3.15878	6	48809455	G	A	0.0015843103785242248	2.8001597327997088
6:15559879:C:T	1.36804e-06	0.000533184	-5.96549	-3.15872	6	15559879	C	T	0.0015846365612421066	2.8000703281124983
6:61214263:C:T	2.74353e-06	0.000805152	-5.68179	-3.15783	6	61214263	C	T	0.0015894822040860583	2.798744330102458
6:31348028:G:C	0.00900888	1.94585e-05	6.13768	3.15744	6	31348028	G	C	0.0015916098710274363	2.798163376060298
6:31348015:T:C	0.00900888	1.94585e-05	6.13768	3.15744	6	31348015	T	C	0.0015916098710274363	2.798163376060298
6:124204710:T:C	7.52406e-05	0.00472084	-4.13905	-3.1574	6	124204710	T	C	0.0015918282414600382	2.798103794519406
6:101690379:A:G	6.56968e-05	0.00482565	-4.29665	-3.15733	6	101690379	A	G	0.0015922104560858873	2.797999528384805
6:31098850:GACA:G	0.0180917	6.41457e-05	5.64205	3.15703	6	31098850	GACA	G	0.0015938494758846028	2.7975526960387076
6:29806502:C:CCT	6.56811e-05	4.65332e-06	2.64723	3.15694	6	29806502	C	CCT	0.0015943414846118166	2.797418653454922
6:31348102:T:G	0.00900888	1.94796e-05	6.1366	3.1567	6	31348102	T	G	0.0015956541915050704	2.7970612226304574
6:31348084:G:A	0.00900888	1.94796e-05	6.1366	3.1567	6	31348084	G	A	0.0015956541915050704	2.7970612226304574
6:104086790:A:T	0.00106948	2.79889e-05	3.64312	3.15634	6	104086790	A	T	0.0015976251174832645	2.7965251202088166
6:22470923:G:A	3.64006e-05	0.0106596	-5.67963	-3.15622	6	22470923	G	A	0.0015982825906520563	2.796346431085531
6:67235636:G:A	1.63843e-05	0.00263399	-5.07993	-3.1562	6	67235636	G	A	0.0015983921937256652	2.7963166501329493
6:31363430:T:A	1.28856e-06	0.000280322	-5.38241	-3.15618	6	31363430	T	A	0.001598501803718075	2.7962868693426435
6:31363198:C:T	1.29157e-06	0.00028096	-5.38236	-3.15614	6	31363198	C	T	0.001598721044460875	2.796227308248859
6:44755364:A:G	1.85062e-05	0.00200236	-4.68398	-3.15594	6	44755364	A	G	0.0015998176634366634	2.7959295125164387
6:31363091:A:G	1.29217e-06	0.00028096	-5.38189	-3.15578	6	31363091	A	G	0.0016006954571201018	2.795691287614265
6:31363051:C:T	1.29217e-06	0.00028096	-5.38189	-3.15578	6	31363051	C	T	0.0016006954571201018	2.795691287614265
6:31362909:G:GA	1.29217e-06	0.00028096	-5.38189	-3.15578	6	31362909	G	GA	0.0016006954571201018	2.795691287614265
6:8028907:TAA:T	0.00128884	5.8148e-06	5.40109	3.15573	6	8028907	TAA	T	0.001600969858554347	2.795616844462179
6:2071427:T:C	4.49501e-05	0.00820851	-5.20737	-3.15572	6	2071427	T	C	0.0016010247440370335	2.7956019559534666
6:44105422:T:C	4.14959e-05	0.00644593	-5.04561	-3.15558	6	44105422	T	C	0.0016017933226832241	2.795393521091165
6:92876725:T:A	1.94367e-05	0.00753907	-5.96069	-3.15528	6	92876725	T	A	0.0016034414207119208	2.7949469017325965
6:14587503:C:T	0.00046526	1.72056e-05	3.29736	3.15521	6	14587503	C	T	0.0016038262014517809	2.7948426958024704
6:143993331:AAC:A	0.00402108	3.07375e-05	4.87382	3.1552	6	143993331	AAC	A	0.0016038811770667874	2.794827809403294
6:61593253:G:A	2.12056e-06	0.000329165	-5.04488	-3.15502	6	61593253	G	A	0.0016048710348042432	2.794559861155191
6:61593192:A:G	2.12056e-06	0.000329165	-5.04488	-3.15502	6	61593192	A	G	0.0016048710348042432	2.794559861155191
6:31732880:G:T	3.18186e-06	0.00195392	-6.42012	-3.155	6	31732880	G	T	0.0016049810537021297	2.794530089938974
6:66511274:T:C	1.80602e-05	0.0103549	-6.3515	-3.15484	6	66511274	T	C	0.0016058614548451232	2.794291926050943
6:89825236:T:C	8.42226e-07	0.000326455	-5.96	-3.15478	6	89825236	T	C	0.0016061917198647237	2.7942026172703707
6:32735967:T:C	0.0125467	2.72117e-05	6.13356	3.15462	6	32735967	T	C	0.0016070727322694566	2.7939644676619886
6:150242365:A:G	0.013855	0.000363482	3.64067	3.1545	6	150242365	A	G	0.001607733783457846	2.7937858622709553
6:80012290:C:A	0.00537379	0.000116265	3.83341	3.15416	6	80012290	C	A	0.001609608121276431	2.793279845386193
6:24710801:C:A	5.06253e-05	0.0147821	-5.67672	-3.15406	6	24710801	C	A	0.001610159779762417	2.7931310258153004
6:29904362:T:TG	0.000208319	1.22712e-05	2.83181	3.1538	6	29904362	T	TG	0.0016115949063807943	2.7927441139159566
6:66018835:T:A	1.89661e-05	0.00435537	-5.43651	-3.15376	6	66018835	T	A	0.0016118157995609248	2.792684591442327
6:38022982:G:A	1.05252e-06	0.000297826	-5.64533	-3.15366	6	38022982	G	A	0.0016123681544385781	2.7925357880978616
6:87506858:A:C	1.47814e-05	0.00228996	-5.04292	-3.15354	6	87506858	A	C	0.0016130312102683778	2.7923572294391827
6:35472007:A:C	0.000277004	0.0201304	-4.28595	-3.15346	6	35472007	A	C	0.0016134733869075588	2.792238193578646
6:71150108:G:C	0.00423836	0.000245402	2.84903	3.15343	6	71150108	G	C	0.0016136392319087377	2.7921935558002766
6:31158453:T:C	4.26344e-06	0.00164928	-5.95802	-3.15336	6	31158453	T	C	0.0016140262645977508	2.7920894024038714
6:89116527:C:T	1.95502e-05	0.00915438	-6.149	-3.15326	6	89116527	C	T	0.0016145793166576735	2.7919406152856348
6:84616176:A:T	7.27878e-06	0.00212295	-5.6756	-3.15323	6	84616176	A	T	0.0016147452662851425	2.7918959799411867
6:38462633:G:A	1.02553e-05	0.00116612	-4.73365	-3.15318	6	38462633	G	A	0.0016150218838850586	2.791821588511744
6:159451644:T:C	0.000206355	0.0241507	-4.76247	-3.15308	6	159451644	T	C	0.0016155752499351465	2.7916728086952447
6:78207469:T:G	1.17988e-05	0.00674615	-6.34873	-3.15289	6	78207469	T	G	0.0016166271262414598	2.791390138219552
6:155604070:G:A	1.14263e-05	0.00127176	-4.71224	-3.15288	6	155604070	G	A	0.0016166825056095782	2.7913752612317437
6:136133632:A:G	7.77641e-05	0.00158892	-3.01713	-3.15276	6	136133632	A	G	0.0016173471942348208	2.791196740542088
6:30702515:C:T	1.92594e-05	0.00744302	-5.95703	-3.15266	6	30702515	C	T	0.0016179012935522404	2.791047977762819
6:153612290:G:A	0.0131813	0.000567478	3.14536	3.15266	6	153612290	G	A	0.0016179012935522404	2.791047977762819
6:52556845:T:A	0.000118609	0.0241492	-5.31617	-3.15234	6	52556845	T	A	0.0016196755857051295	2.7905719641284468
6:115849036:CAAAAAAAAA:C	0.0184114	6.42578e-05	5.65782	3.15231	6	115849036	CAAAAAAAAA	C	0.0016198420173785784	2.7905273399798465
6:32633137:T:C	0.000593265	2.01616e-05	3.38186	3.15224	6	32633137	T	C	0.0016202304191636607	2.7904232183861883
6:95246907:A:G	0.0174668	0.000765554	3.12746	3.15208	6	95246907	A	G	0.0016211185165606783	2.790185233635878
6:99624428:C:CAAAACAAAA	0.0160975	5.79734e-05	5.62644	3.15201	6	99624428	C	CAAAACAAAA	0.0016215072000379132	2.790081118573005
6:65382051:A:G	0.0021856	2.70913e-05	4.39043	3.15196	6	65382051	A	G	0.0016217848836036339	2.7900067518878635
6:31528690:C:G	4.00596e-05	0.0228706	-6.34724	-3.15185	6	31528690	C	G	0.001622395941512653	2.7898431487501507
6:92233095:A:G	3.01413e-05	0.0116333	-5.95573	-3.15172	6	92233095	A	G	0.0016231183740487408	2.7896498059153045
6:88669643:A:G	2.84095e-05	0.00161929	-4.04302	-3.15142	6	88669643	A	G	0.0016247866561632897	2.7892036563058884
6:10862416:T:C	0.000225863	0.0360856	-5.07372	-3.15137	6	10862416	T	C	0.0016250648565611719	2.7891293015869203
6:78709359:C:G	3.02624e-05	0.00410519	-4.9101	-3.15117	6	78709359	C	G	0.0016261780966055504	2.788831892851759
6:37339498:TA:T	0.000240369	0.00502065	-3.03914	-3.15112	6	37339498	TA	T	0.0016264565162609265	2.7887575432031384
6:94723712:G:A	0.000250689	0.0102777	-3.71352	-3.15109	6	94723712	G	A	0.0016266235891114283	2.788712933900716
6:102990191:C:A	4.51704e-05	0.00527244	-4.75981	-3.15107	6	102990191	C	A	0.00162673497978645	2.7886831945685815
6:30139348:T:C	6.05482e-05	0.0138533	-5.43284	-3.15094	6	30139348	T	C	0.0016274591903096855	2.788489892864547
6:8800398:CAA:C	0.00680278	0.000179347	3.63577	3.15082	6	8800398	CAA	C	0.001628127955683801	2.7883114666067157
6:94736020:C:G	0.000135715	0.00556158	-3.71308	-3.15078	6	94736020	C	G	0.0016283509336724635	2.788251992485431
6:108907477:T:A	7.10438e-06	0.000975689	-4.92243	-3.15074	6	108907477	T	A	0.0016285739397650845	2.7881925190131396
6:4257275:T:G	0.00168077	6.06532e-06	5.62442	3.15061	6	4257275	T	G	0.0016292989036975306	2.7879992347103046
6:104085682:T:C	0.00106135	2.79889e-05	3.63549	3.15061	6	104085682	T	C	0.0016292989036975306	2.7879992347103046
6:68452723:T:A	5.82036e-05	0.00788991	-4.90939	-3.15059	6	68452723	T	A	0.0016294104629676288	2.787969499272144
6:85249419:C:G	4.57684e-06	0.00098829	-5.37497	-3.15049	6	85249419	C	G	0.0016299683647726536	2.7878208245150584
6:4257119:A:T	0.00168077	6.06856e-06	5.62389	3.15024	6	4257119	A	T	0.0016313638884933586	2.787449155368101
6:48069661:TGTGTGC:T	0.00252469	1.14833e-05	5.39298	3.15017	6	48069661	TGTGTGC	T	0.0016317548321305522	2.7873450925498484
6:32447645:G:T	0.000834524	1.47031e-05	4.0388	3.15011	6	32447645	G	T	0.0016320899952979482	2.7872558974303834
6:4256938:A:G	0.00168077	6.07144e-06	5.62341	3.14991	6	4256938	A	G	0.0016332076634733622	2.7869585909114303
6:32444621:C:T	1.02223e-05	0.00113326	-4.70828	-3.14973	6	32444621	C	T	0.0016342141670242926	2.7866910289162625
6:30021918:G:C	8.53816e-06	0.00173211	-5.31255	-3.14954	6	30021918	G	C	0.001635277206692962	2.7864086166229454
6:58076033:A:G	1.22539e-05	0.00135792	-4.70787	-3.1494	6	58076033	A	G	0.0016360609062397679	2.7862005327236914
6:26313120:C:T	0.00195756	0.000113946	2.84373	3.14933	6	26313120	C	T	0.001636452885612802	2.7860964937552586
6:19942720:C:G	6.4985e-05	0.0117678	-5.19897	-3.14922	6	19942720	C	G	0.0016370690278145036	2.7859330079631954
6:30139341:T:C	6.07069e-05	0.0138533	-5.43022	-3.14894	6	30139341	T	C	0.001638638353231705	2.7855168844565066
6:93130480:T:C	0.000115434	0.0156143	-4.90724	-3.14883	6	93130480	T	C	0.0016392552526078952	2.785353416064699
6:31157381:C:T	0.000767431	6.55405e-06	4.76297	3.14808	6	31157381	C	T	0.0016434670842365355	2.7842389896520814
6:87752827:T:C	0.00222019	7.3557e-05	3.40729	3.14795	6	87752827	T	C	0.0016441981468882665	2.7840458456070007
6:73944188:CACACAT:C	0.00550811	2.51437e-05	5.38937	3.14769	6	73944188	CACACAT	C	0.0016456611700114933	2.7836595780800364
6:89539426:A:T	3.79571e-06	0.00106541	-5.63725	-3.14766	6	89539426	A	T	0.0016458300574342631	2.783615010514293
6:8274899:A:C	0.0248479	0.000646185	3.64944	3.14737	6	8274899	A	C	0.00164746345830322	2.783184209531082
6:57400463:A:G	1.10329e-05	0.00265564	-5.48356	-3.14736	6	57400463	A	G	0.0016475198090671792	2.783169354933134
6:108903255:C:CT	0.00186077	4.07924e-06	6.12284	3.14726	6	108903255	C	CT	0.0016480834142624452	2.783020811184342
6:29939339:A:G	7.61139e-05	5.46997e-06	2.63296	3.14693	6	29939339	A	G	0.001649944570397678	2.7825306455889898
6:4255834:T:C	0.00167307	6.07223e-06	5.61869	3.14663	6	4255834	T	C	0.0016516382085555177	2.7820850788290117
6:4255741:A:G	0.00167307	6.07223e-06	5.61869	3.14663	6	4255741	A	G	0.0016516382085555177	2.7820850788290117
6:4820912:A:C	3.25231e-05	0.002694	-4.41683	-3.14661	6	4820912	A	C	0.0016517511746232275	2.7820553756761726
6:32736628:GA:G	0.0125096	2.74612e-05	6.12148	3.14633	6	32736628	GA	G	0.0016533334462439876	2.7816395485703085
6:19919651:C:T	4.85754e-05	0.0275142	-6.33934	-3.14631	6	19919651	C	T	0.0016534465189953426	2.7816098478508757
6:5197897:T:C	0.000344792	6.10563e-06	4.03373	3.1462	6	5197897	T	C	0.00165406854632747	2.7814464967937917
6:80017487:C:T	0.00526923	4.08225e-05	4.86041	3.1461	6	80017487	C	T	0.001654634212557565	2.781298000091232
6:95246282:A:G	0.0174122	0.000769581	3.11908	3.14539	6	95246282	A	G	0.0016586555639030063	2.7802437901219865
6:88672109:A:T	2.71745e-05	0.00153551	-4.03434	-3.14529	6	88672109	A	T	0.0016592226733187644	2.780095326269676
6:31360740:T:C	0.00254398	1.93677e-05	4.87788	3.14524	6	31360740	T	C	0.001659506294923648	2.780021095864344
6:27221176:C:CA	0.000489512	2.12809e-05	3.1356	3.14504	6	27221176	C	CA	0.00166064122747032	2.779724184381812
6:84469726:C:A	3.52416e-05	0.00634727	-5.19355	-3.14504	6	84469726	C	A	0.00166064122747032	2.779724184381812
6:148350012:A:C	5.15416e-05	0.0110466	-5.36749	-3.14477	6	148350012	A	C	0.0016621745192340433	2.779323379612509
6:153611315:C:T	0.013416	0.000583504	3.13515	3.14469	6	153611315	C	T	0.0016626290779880155	2.779204628321488
6:153611168:A:C	0.013416	0.000583504	3.13515	3.14469	6	153611168	A	C	0.0016626290779880155	2.779204628321488
6:29959095:C:G	0.000121164	7.23134e-06	2.81872	3.1446	6	29959095	C	G	0.0016631405932955288	2.779071036221511
6:51793838:G:A	0.000112705	0.0130495	-4.75172	-3.1439	6	51793838	G	A	0.0016671239909318088	2.7780320986873095
6:89764926:G:C	3.51895e-06	0.000982548	-5.63199	-3.14375	6	89764926	G	C	0.0016679787173281544	2.77780949506873
6:31184962:G:GT	3.54464e-06	0.000560558	-5.0635	-3.14342	6	31184962	G	GT	0.001669860534735665	2.7773197992260585
6:147828106:C:T	0.000118364	0.0546401	-6.13476	-3.14326	6	147828106	C	T	0.0016707736339774436	2.777082386835487
6:29886762:A:G	1.02481e-05	0.00285904	-5.63115	-3.14313	6	29886762	A	G	0.001671515865321512	2.776889496912342
6:139155901:A:G	6.09252e-05	0.0048114	-4.3691	-3.14247	6	139155901	A	G	0.001675288798474038	2.7759103153302283
6:4416908:G:A	0.000299242	0.0328415	-4.69819	-3.14172	6	4416908	G	A	0.0016795857317100688	2.774797823404129
6:19183265:A:C	9.27493e-06	0.00711426	-6.64254	-3.14141	6	19183265	A	C	0.0016813647570557578	2.774338060033297
6:76372946:C:T	0.000196431	3.6665e-06	3.98108	3.1413	6	76372946	C	T	0.0016819964406827369	2.774174927559202
6:42186602:A:AAAG	0.00185162	0.000108914	2.83325	3.14124	6	42186602	A	AAAG	0.001682341087399657	2.7740859482777602
6:86392255:C:T	1.63193e-05	0.00348124	-5.36279	-3.14118	6	86392255	C	T	0.0016826857990797763	2.7739969704561274
6:86392236:C:T	1.63193e-05	0.00348124	-5.36279	-3.14118	6	86392236	C	T	0.0016826857990797763	2.7739969704561274
6:164286313:A:T	0.0377368	6.15129e-05	6.41914	3.14105	6	164286313	A	T	0.0016834328972990217	2.7738041901838604
6:88690411:T:TAA	0.000622888	3.59688e-05	2.85171	3.14099	6	88690411	T	TAA	0.0016837778147685625	2.7737152169849333
6:12797009:AGT:A	0.000940642	5.01125e-06	5.23488	3.14092	6	12797009	AGT	A	0.0016841803006480327	2.7736114167645387
6:56086424:CGTG:C	0.0124455	2.75379e-05	6.11355	3.1409	6	56086424	CGTG	C	0.0016842953128683104	2.7735817599236596
6:104095490:G:C	1.61311e-05	0.00742116	-6.13134	-3.14086	6	104095490	G	C	0.0016845253589844642	2.7735224467285
6:89112580:C:CT	0.000124796	7.48955e-06	2.81317	3.14071	6	89112580	C	CT	0.0016853882893686728	2.77330002802498
6:81147812:GTTT:G	0.000665558	5.74536e-06	4.75223	3.1406	6	81147812	GTTT	G	0.0016860213634086441	2.7731369267743204
6:138186963:A:T	0.000152476	0.00675895	-3.79162	-3.14053	6	138186963	A	T	0.0016864243425936821	2.7730331376239685
6:121850314:A:G	0.000459984	2.7083e-05	2.83229	3.14049	6	121850314	A	G	0.0016866546561919572	2.772973830430138
6:1115103:G:A	0.000241837	0.0150942	-4.1338	-3.14042	6	1115103	G	A	0.0016870577746126614	2.7728700444020817
6:22594077:GTCATCATCA:G	0.00874346	5.29486e-05	5.10674	3.14036	6	22594077	GTCATCATCA	G	0.0016874033752267619	2.77278108653088
6:150991651:G:A	0.0121579	0.000227338	3.97929	3.13998	6	150991651	G	A	0.0016895936919129465	2.772217720578877
6:116993269:G:C	5.44126e-06	0.00305346	-6.33002	-3.13977	6	116993269	G	C	0.0016908052517931342	2.771906411883215
6:81145545:C:A	5.5567e-06	0.00118248	-5.36037	-3.13932	6	81145545	C	A	0.0016934041430160197	2.7712393820352546
6:32703988:A:G	5.77626e-05	0.00908646	-5.0582	-3.1393	6	32703988	A	G	0.0016935197345319581	2.771209738169988
6:71914919:C:T	9.45573e-05	0.0189277	-5.29918	-3.13922	6	71914919	C	T	0.0016939821731773654	2.771091164330836
6:5520099:G:A	0.0343226	0.000122076	5.63891	3.1392	6	5520099	G	A	0.0016940978009861774	2.771061521276525
6:76526826:A:G	0.000186383	0.0208157	-4.71566	-3.1392	6	76526826	A	G	0.0016940978009861774	2.771061521276525
6:29806539:G:A	6.8785e-05	4.13751e-06	2.81089	3.13911	6	29806539	G	A	0.0016946182159718352	2.770928129539232
6:31734933:C:T	2.79433e-06	0.00167307	-6.39482	-3.13878	6	31734933	C	T	0.0016965276626169294	2.7704390546018622
6:29806545:C:T	6.9381e-05	4.1763e-06	2.81019	3.13861	6	29806545	C	T	0.0016975120891016032	2.7701871241394063
6:94723361:G:A	0.000255201	0.0102777	-3.69568	-3.13836	6	94723361	G	A	0.0016989607296164309	2.769816659452315
6:139950016:T:A	4.07293e-05	0.00916673	-5.41639	-3.13834	6	139950016	T	A	0.0016990766699669054	2.769787023372108
6:68449427:A:G	6.82357e-05	0.00417679	-4.11433	-3.13833	6	68449427	A	G	0.001699134642871152	2.7697722053928246
6:68449477:G:A	6.82357e-05	0.00417679	-4.11433	-3.13833	6	68449477	G	A	0.001699134642871152	2.7697722053928246
6:28266987:A:ACAAAAAAAA	0.00027666	1.46397e-05	2.93905	3.13823	6	28266987	A	ACAAAAAAAA	0.0016997144719896275	2.7696240278300475
6:73781835:A:ACACACACAC	7.49757e-06	0.00168712	-5.4162	-3.1382	6	73781835	A	ACACACACAC	0.001699888456211327	2.7695795753518704
6:116777597:C:CATATATATA	1.6411e-05	0.0125287	-6.63783	-3.13818	6	116777597	C	CATATATATA	0.0017000044547927562	2.7695499405691515
6:68293322:T:C	4.26564e-05	0.0195484	-6.12747	-3.13814	6	68293322	T	C	0.001700236473798183	2.7694906714902676
6:32636607:G:A	2.11654e-05	0.0161485	-6.63722	-3.13776	6	32636607	G	A	0.0017024421074808734	2.7689276475967257
6:75219011:T:TA	0.00132235	4.81454e-06	5.61552	3.13776	6	75219011	T	TA	0.0017024421074808734	2.7689276475967257
6:34847426:A:G	1.45591e-06	0.000327391	-5.41552	-3.13768	6	34847426	A	G	0.001702906786629361	2.768809123711173
6:128920408:A:G	1.61435e-05	0.000921918	-4.04494	-3.13767	6	128920408	A	G	0.0017029648797247463	2.768794308407934
6:18286336:T:C	0.000610747	3.23437e-05	2.93826	3.13762	6	18286336	T	C	0.0017032553725446556	2.7687202324999296
6:87748737:A:C	1.40572e-05	0.000785482	-4.02317	-3.13738	6	87748737	A	C	0.0017046503726167073	2.768364682251367
6:31621899:A:G	1.02628e-05	0.00160989	-5.05539	-3.13711	6	31621899	A	G	0.0017062210037561082	2.767964716137204
6:65671198:CATTAA:C	0.0033674	7.49393e-06	6.1078	3.13695	6	65671198	CATTAA	C	0.001707152376103256	2.7677277131281635
6:26311942:G:C	0.00195782	0.000115818	2.82756	3.13684	6	26311942	G	C	0.0017077929658145998	2.767564779580356
6:84517197:C:T	6.86455e-05	0.0522901	-6.63561	-3.13665	6	84517197	C	T	0.0017088999597057173	2.7672833604620943
6:6200540:G:A	0.0100212	0.000379831	3.27273	3.13658	6	6200540	G	A	0.0017093079658937658	2.7671796834238624
6:83639819:T:C	2.47371e-06	0.00026082	-4.65811	-3.13643	6	83639819	T	C	0.0017101825665779046	2.766957525031748
6:93255109:C:T	2.85169e-05	0.0107721	-5.93422	-3.1363	6	93255109	C	T	0.0017109408867418978	2.7667649951376205
6:55733499:A:C	0.0100396	3.58627e-05	5.63459	3.13621	6	55733499	A	C	0.0017114660587729598	2.766631709224775
6:32740341:T:C	7.19762e-05	0.0152462	-5.35575	-3.13579	6	32740341	T	C	0.001713918822458128	2.76600975172051
6:155994847:GAAAGAAAGA:G	0.0115082	5.34633e-05	5.37182	3.13566	6	155994847	GAAAGAAAGA	G	0.001714678666151262	2.7658172555587197
6:77594769:C:T	0.000851376	1.52868e-05	4.01987	3.13551	6	77594769	C	T	0.0017155557938431886	2.7655951531168763
6:77594892:T:C	0.000851376	1.52868e-05	4.01987	3.13551	6	77594892	T	C	0.0017155557938431886	2.7655951531168763
6:160304975:G:A	3.26147e-05	0.007311	-5.41237	-3.13527	6	160304975	G	A	0.0017169600565003296	2.7652398081840324
6:103963051:G:A	0.000149866	0.0565123	-5.93247	-3.13505	6	103963051	G	A	0.0017182482258461496	2.764914095843535
6:4255529:AGAAGAAAGG:A	0.00167307	6.17468e-06	5.60196	3.13501	6	4255529	AGAAGAAAGG	A	0.0017184825339261408	2.7648548775262003
6:54935477:A:G	6.25605e-06	0.00235882	-5.93237	-3.13497	6	54935477	A	G	0.0017187168713903023	2.764795659857543
6:15088394:CTT:C	0.015647	0.000294748	3.97192	3.1345	6	15088394	CTT	C	0.0017214725387888347	2.764099900840574
6:30183366:G:A	5.00898e-06	0.000534089	-4.66933	-3.13433	6	30183366	G	A	0.0017224702697658906	2.7638482653785648
6:86295026:T:A	9.02079e-06	0.00411101	-6.12189	-3.13422	6	86295026	T	A	0.0017231161437468014	2.7636854486759566
6:29799084:C:T	5.04505e-05	3.12273e-06	2.78228	3.13412	6	29799084	C	T	0.0017237034951724651	2.763537437748612
6:73677030:CA:C	0.0260636	4.29388e-05	6.40852	3.13397	6	73677030	CA	C	0.0017245848675368533	2.7633154289590744
6:29938889:G:A	7.86173e-05	5.75537e-06	2.61446	3.13395	6	29938889	G	A	0.001724702415160515	2.7632858284763353
6:140024278:A:G	0.00315945	1.15661e-05	5.61007	3.13379	6	140024278	A	G	0.0017256430614326103	2.7630490304523194
6:5400942:G:GT	1.24145e-05	0.00690639	-6.32134	-3.13368	6	5400942	G	GT	0.0017262900293919976	2.762886237831126
6:72557558:T:C	3.99069e-05	0.0302644	-6.63118	-3.13362	6	72557558	T	C	0.0017266430150151993	2.7627974439235055
6:107938247:A:ATTT	6.01948e-05	0.00489157	-4.39768	-3.13362	6	107938247	A	ATTT	0.0017266430150151993	2.7627974439235055
6:87752934:G:A	7.3557e-05	0.00222019	-3.40729	-3.13361	6	87752934	G	A	0.001726701852405087	2.762782645080794
6:67861456:AACAC:A	0.00744107	2.66804e-05	5.63084	3.1336	6	67861456	AACAC	A	0.0017267606916387393	2.7627678462786234
6:102221809:G:A	9.05749e-05	0.0202534	-5.4099	-3.13337	6	102221809	G	A	0.001728114503010719	2.7624274850178794
6:67618155:ATATG:A	0.0042044	9.40805e-06	6.10232	3.13319	6	67618155	ATATG	A	0.0017291746883391125	2.762161130294936
6:88660691:C:T	7.49433e-05	0.00416209	-4.01704	-3.13305	6	88660691	C	T	0.0017299996904037735	2.7619539745914037
6:9811234:G:A	4.44353e-05	0.0167086	-5.92964	-3.13302	6	9811234	G	A	0.0017301765236457383	2.761909585117274
6:162954508:T:TC	2.01769e-05	0.015284	-6.63002	-3.13283	6	162954508	T	TC	0.0017312968535563374	2.7616284602539265
6:162954512:T:A	2.01769e-05	0.015284	-6.63002	-3.13283	6	162954512	T	A	0.0017312968535563374	2.7616284602539265
6:162954510:T:A	2.01769e-05	0.015284	-6.63002	-3.13283	6	162954510	T	A	0.0017312968535563374	2.7616284602539265
6:153612882:C:T	0.0128442	0.000567275	3.11981	3.1327	6	153612882	C	T	0.0017320637793979408	2.7614361200954614
6:80849615:C:T	0.000328928	6.21162e-06	3.96942	3.13265	6	80849615	C	T	0.0017323588340513176	2.761362144935714
6:18077424:A:G	5.99809e-05	0.0164974	-5.61693	-3.13257	6	18077424	A	G	0.001732831017634467	2.7612437867881647
6:31347281:C:G	1.57916e-05	0.00876693	-6.31927	-3.13223	6	31347281	C	G	0.0017348391184899656	2.760740793606057
6:31284692:T:G	1.36036e-05	0.00212057	-5.04911	-3.13223	6	31284692	T	G	0.0017348391184899656	2.760740793606057
6:28887305:A:G	1.11985e-05	0.00127702	-4.73651	-3.13174	6	28887305	A	G	0.0017377369106023747	2.760015974102784
6:29946625:C:A	0.000238623	1.4507e-05	2.80025	3.13163	6	29946625	C	A	0.0017383880467958918	2.759853272898089
6:16867333:CA:C	0.000253752	0.00502239	-2.9853	-3.13153	6	16867333	CA	C	0.0017389801834647447	2.759705366968505
6:32613873:G:A	3.10516e-06	0.0023473	-6.62796	-3.13141	6	32613873	G	A	0.0017396909922770694	2.7595278852040144
6:149962676:T:C	0.000150645	0.013163	-4.47024	-3.13124	6	149962676	T	C	0.0017406984287585718	2.759276462696889
6:160305565:GGA:G	0.00550903	3.3793e-05	5.09389	3.1312	6	160305565	GGA	G	0.001740935550583151	2.759217306162501
6:87525898:T:TA	1.50195e-07	0.000113463	-6.62729	-3.13096	6	87525898	T	TA	0.001742358905366354	2.758862380576762
6:125408703:CT:C	0.0586823	0.00343391	2.83844	3.13083	6	125408703	CT	C	0.0017431303359041455	2.7586701389670396
6:68330617:G:A	5.06033e-07	8.94415e-05	-5.17474	-3.1305	6	68330617	G	A	0.0017450899933209836	2.75818217180226
6:9265578:A:C	0.000212142	0.023428	-4.70443	-3.13048	6	9265578	A	C	0.0017452088255169454	2.758152599453486
6:139900549:A:T	1.85861e-05	0.00842402	-6.11643	-3.13039	6	139900549	A	T	0.001745743662478143	2.7580195258905644
6:139900486:C:T	1.85861e-05	0.00842402	-6.11643	-3.13039	6	139900486	C	T	0.001745743662478143	2.7580195258905644
6:50760227:C:T	8.30223e-06	0.00109744	-4.88421	-3.13001	6	50760227	C	T	0.0017480035248929112	2.757457695935027
6:88646778:C:G	7.77355e-05	0.00555105	-4.26843	-3.12993	6	88646778	C	G	0.0017484796280098109	2.757339423403044
6:162130067:C:A	0.000103249	0.0291834	-5.64421	-3.1299	6	162130067	C	A	0.0017486581974157987	2.7572950718723948
6:31362842:G:A	1.33683e-06	0.00028096	-5.34791	-3.1298	6	31362842	G	A	0.001749253549878673	2.7571472360717286
6:31347161:C:T	1.56903e-05	0.00867627	-6.31531	-3.12945	6	31347161	C	T	0.001751338751447795	2.756629842691248
6:31347250:A:G	1.57203e-05	0.00869026	-6.31501	-3.12924	6	31347250	A	G	0.0017525909691357314	2.7563194304977783
6:31347228:C:T	1.57203e-05	0.00869026	-6.31501	-3.12924	6	31347228	C	T	0.0017525909691357314	2.7563194304977783
6:31362588:G:A	1.33789e-06	0.00028096	-5.34711	-3.12919	6	31362588	G	A	0.0017528892375125486	2.756245525467452
6:31362461:T:A	1.33789e-06	0.00028096	-5.34711	-3.12919	6	31362461	T	A	0.0017528892375125486	2.756245525467452
6:31362418:T:C	1.33789e-06	0.00028096	-5.34711	-3.12919	6	31362418	T	C	0.0017528892375125486	2.756245525467452
6:31362568:A:T	1.33789e-06	0.00028096	-5.34711	-3.12919	6	31362568	A	T	0.0017528892375125486	2.756245525467452
6:162761397:C:G	7.66217e-05	0.0102343	-4.89462	-3.12901	6	162761397	C	G	0.0017539633901484891	2.755979475749012
6:48817439:C:T	0.00315612	1.13948e-05	5.62394	3.12882	6	48817439	C	T	0.0017550978744571989	2.7556986597386364
6:31391544:C:T	0.00297467	1.09674e-05	5.60297	3.12863	6	31391544	C	T	0.001756233033389882	2.7554178583612328
6:29946591:A:C	0.00023782	1.45242e-05	2.7957	3.12843	6	29946591	A	C	0.0017574286667436073	2.7551222937723456
6:65402516:A:G	1.21741e-05	0.00113532	-4.53536	-3.1281	6	65402516	A	G	0.001759403098002243	2.7546346476476655
6:95671768:A:G	1.59033e-05	0.00212167	-4.89343	-3.12808	6	95671768	A	G	0.0017595228260229125	2.754605094755761
6:87128949:CAT:C	0.00482672	2.62109e-05	5.21575	3.12798	6	87128949	CAT	C	0.0017601215784938454	2.7544573327282524
6:70072962:TTTTATTTA:T	0.0131795	0.000104453	4.83768	3.12778	6	70072962	TTTTATTTA	T	0.00176131964544193	2.754161820833269
6:56087063:CTTTTGTTTT:C	0.00658761	4.06127e-05	5.08887	3.12761	6	56087063	CTTTTGTTTT	C	0.0017623385917769237	2.753910648470238
6:85990814:T:C	5.41578e-08	9.53627e-06	-5.17096	-3.12758	6	85990814	T	C	0.001762518462082447	2.753866325151578
6:92743883:T:TTCTCTCTCT	3.95357e-05	0.0147519	-5.92193	-3.12748	6	92743883	T	TTCTCTCTCT	0.001763118151668963	2.753718583390686
6:85990545:A:C	5.41578e-08	9.53308e-06	-5.17062	-3.12732	6	85990545	A	C	0.0017640780451978835	2.753482205004087
6:23484032:A:G	3.70408e-05	0.020413	-6.31191	-3.12707	6	23484032	A	G	0.0017655788407026916	2.7531128845479906
6:57256635:TACACAC:T	0.0252925	5.71092e-05	6.0933	3.12701	6	57256635	TACACAC	T	0.0017659392062440965	2.753024251408042
6:103495174:G:T	2.40801e-05	0.014155	-6.37644	-3.12699	6	103495174	G	T	0.001766059343116965	2.7529947073523178
6:31048268:AG:A	0.00915252	3.41961e-05	5.58967	3.12647	6	31048268	AG	A	0.001769185540309273	2.7522266188104347
6:86394672:A:G	0.0309874	7.00238e-05	6.0925	3.12646	6	86394672	A	G	0.001769245709312385	2.7522118489510294
6:31285939:C:G	1.13319e-05	0.00623766	-6.31074	-3.12625	6	31285939	C	G	0.0017705096930137874	2.7519016912662893
6:72565483:A:ATTT	2.62107e-05	0.0118058	-6.11017	-3.12599	6	72565483	A	ATTT	0.0017720757753535907	2.7515177112783613
6:96111542:AAC:A	0.00119412	4.32924e-06	5.61977	3.12593	6	96111542	AAC	A	0.0017724373597691693	2.751429104402897
6:118988597:G:C	6.04628e-06	0.00453322	-6.61974	-3.12578	6	118988597	G	C	0.0017733416175614075	2.751207593597846
6:8623536:C:T	4.88408e-05	1.27561e-06	3.64514	3.12552	6	8623536	C	T	0.0017749100024270262	2.7508236631385956
6:31160896:G:A	4.49495e-06	0.00167242	-5.91908	-3.12544	6	31160896	G	A	0.0017753928388599687	2.7507055362017367
6:31160634:C:T	4.49495e-06	0.00167242	-5.91908	-3.12544	6	31160634	C	T	0.0017753928388599687	2.7507055362017367
6:98799863:A:AGAGC	8.50969e-06	0.00239086	-5.6382	-3.12543	6	98799863	A	AGAGC	0.001775453201903144	2.750690770517016
6:124163532:CA:C	0.0176125	0.001038	2.83131	3.12538	6	124163532	CA	C	0.001775755045419606	2.7506169427013636
6:132252928:T:C	0.000110198	0.0124263	-4.72529	-3.12517	6	132252928	T	C	0.0017770233033891952	2.75030687694035
6:8456771:T:G	1.58689e-05	0.00432049	-5.60677	-3.12502	6	8456771	T	G	0.0017779297116732058	2.750085412339856
6:44011477:A:T	0.000584792	0.038338	-4.18294	-3.12441	6	44011477	A	T	0.0017816201521627432	2.7491848835786543
6:88657352:G:C	0.00171304	0.000103414	2.80728	3.12429	6	88657352	G	C	0.001782346968789654	2.7490077481315045
6:102975411:CAACAA:C	5.43622e-06	0.000381428	-4.25084	-3.12389	6	102975411	CAACAA	C	0.0017847716597780684	2.7484173387908473
6:108033694:C:T	0.000259967	0.0224812	-4.45988	-3.12356	6	108033694	C	T	0.0017867743119814208	2.747930299901181
6:31240190:ATT:A	0.0017996	8.5116e-06	5.35389	3.12337	6	31240190	ATT	A	0.0017879282909343702	2.7476499035915696
6:10860178:G:C	0.000237636	0.0366197	-5.0376	-3.12328	6	10860178	G	C	0.0017884751516144709	2.7475170893935053
6:94732473:T:C	0.000166962	0.00658284	-3.67446	-3.12323	6	94732473	T	C	0.0017887790295324562	2.747443305146377
6:70943858:G:T	1.09118e-05	0.00598007	-6.30635	-3.12317	6	70943858	G	T	0.0017891437456788299	2.7473547653872314
6:67784025:T:A	1.74343e-05	0.0016151	-4.52871	-3.123	6	67784025	T	A	0.001790177479313638	2.747103910659412
6:52553577:C:T	9.02804e-05	0.0176941	-5.27807	-3.12292	6	52553577	C	T	0.0017906641321380058	2.7469858654284525
6:20264338:G:C	5.32264e-05	0.0291475	-6.30557	-3.12262	6	20264338	G	C	0.0017924901634289922	2.746543218912732
6:8805120:C:G	9.34225e-05	0.00865009	-4.52819	-3.1226	6	8805120	C	G	0.0017926119596823255	2.746513710441875
6:121554502:T:C	2.72035e-05	0.0158813	-6.36956	-3.12257	6	121554502	T	C	0.0017927946683249365	2.7464694480395404
6:153049751:A:AAAATAAAT	4.80452e-05	0.0130329	-5.60309	-3.12229	6	153049751	A	AAAATAAAT	0.0017945007745738093	2.746056349872921
6:29806544:A:G	6.90831e-05	4.25671e-06	2.78681	3.12219	6	29806544	A	G	0.001795110459803556	2.745908822513419
6:84664147:CACTT:C	0.00133641	8.30206e-06	5.08124	3.12217	6	84664147	CACTT	C	0.001795232419693998	2.7458793175278338
6:15100250:A:G	2.67936e-05	0.00992298	-5.91444	-3.12212	6	15100250	A	G	0.0017955373527402956	2.7458055557730745
6:30141395:GA:G	0.0104851	7.26558e-05	4.97197	3.12177	6	30141395	GA	G	0.00179767321739453	2.745289251857916
6:30141286:G:A	0.0104851	7.26558e-05	4.97197	3.12177	6	30141286	G	A	0.00179767321739453	2.745289251857916
6:22471698:A:G	4.00618e-05	0.00529763	-4.88459	-3.12117	6	22471698	A	G	0.0018013401332898655	2.744404274929611
6:158775034:C:CTT	4.11632e-05	0.00431417	-4.65212	-3.12109	6	158775034	C	CTT	0.0018018295744862982	2.7442862890286555
6:30140974:G:A	0.0104785	7.26792e-05	4.97102	3.12108	6	30140974	G	A	0.0018018907632290568	2.7442715409733975
6:48395180:G:GTT	7.52749e-05	0.020386	-5.60146	-3.12108	6	48395180	G	GTT	0.0018018907632290568	2.7442715409733975
6:24380095:T:C	0.00663212	0.000174251	3.63918	3.12103	6	24380095	T	C	0.0018021967355906117	2.744197801304979
6:31290364:G:A	1.40429e-05	0.00766626	-6.30247	-3.12045	6	31290364	G	A	0.001805749506367504	2.7433424951894754
6:26436464:C:T	2.00919e-05	0.00897659	-6.10206	-3.1203	6	26436464	C	T	0.001806669373426319	2.7431213175189693
6:122485676:G:A	5.09055e-07	0.000296126	-6.36598	-3.12028	6	122485676	G	A	0.0018067920549007844	2.743091827851807
6:29938547:C:A	9.12476e-05	3.15646e-06	3.36412	3.12027	6	29938547	C	A	0.0018068533985090849	2.743077083079011
6:29938567:G:A	9.12476e-05	3.15646e-06	3.36412	3.12027	6	29938567	G	A	0.0018068533985090849	2.743077083079011
6:29886926:A:G	1.0453e-05	0.0028277	-5.60034	-3.12024	6	29886926	A	G	0.0018070374408189025	2.7430328490037645
6:35414360:TACC:T	0.00397397	0.000251119	2.76159	3.12003	6	35414360	TACC	T	0.0018083262194664065	2.7427232206889913
6:95248113:C:T	0.0178142	0.000812927	3.08711	3.11984	6	95248113	C	T	0.0018094929851297725	2.742443096184042
6:95248003:A:T	0.0178142	0.000812926	3.08711	3.11984	6	95248003	A	T	0.0018094929851297725	2.742443096184042
6:44914705:T:C	2.58929e-06	0.00192347	-6.6105	-3.11945	6	44914705	T	C	0.0018118900930531809	2.7418681496107387
6:32740477:G:A	7.35429e-05	0.0152462	-5.33422	-3.11933	6	32740477	G	A	0.001812628251639634	2.7416912553727677
6:32740561:T:C	7.35486e-05	0.0152462	-5.33414	-3.11927	6	32740561	T	C	0.0018129974345616655	2.7416028104419987
6:129055166:A:ATTATTATTA	2.14366e-05	0.00197581	-4.52364	-3.11911	6	129055166	A	ATTATTATTA	0.0018139822602140324	2.741366964425222
6:85990259:G:A	5.27541e-08	9.18602e-06	-5.1598	-3.11896	6	85990259	G	A	0.001814905980738327	2.7411458682059124
6:7168241:T:C	3.76224e-05	0.00576496	-5.03195	-3.11888	6	7168241	T	C	0.001815398808418652	2.741027953950311
6:89122360:A:G	3.91491e-06	0.000510479	-4.87056	-3.11885	6	89122360	A	G	0.001815583650503329	2.7409837367730727
6:50896134:T:C	0.000148482	4.00784e-06	3.61221	3.11883	6	50896134	T	C	0.001815706888168387	2.740954258857523
6:65976463:G:T	9.71103e-06	0.00101478	-4.64917	-3.11882	6	65976463	G	T	0.0018157685098836576	2.740939519960531
6:46133716:A:G	4.07761e-05	0.030257	-6.60939	-3.11869	6	46133716	A	G	0.001816569767094691	2.740747917987121
6:120688609:G:A	1.45093e-06	0.00031824	-5.3906	-3.11859	6	120688609	G	A	0.0018171863398882544	2.7406005365137243
6:9806270:T:C	0.00346265	1.29473e-05	5.5889	3.11841	6	9806270	T	C	0.0018182966555835062	2.7403352600730355
6:38466287:CTTTTTTTTT:C	0.0103477	1.74505e-05	6.38515	3.11838	6	38466287	CTTTTTTTTT	C	0.0018184817688002542	2.740291048609345
6:35308186:C:T	2.91282e-05	0.00201216	-4.23526	-3.11815	6	35308186	C	T	0.0018199015455920673	2.739952106170225
6:5212711:C:T	1.23181e-05	0.00670177	-6.29906	-3.11806	6	5212711	C	T	0.0018204573876603788	2.7398194823551676
6:116683077:T:C	2.01333e-06	0.000416595	-5.33232	-3.11788	6	116683077	T	C	0.001821569539852155	2.7395542445716194
6:106667956:TA:T	0.00522356	7.09972e-05	4.29829	3.11758	6	106667956	TA	T	0.0018234245144058143	2.739112210773879
6:92743882:TTC:T	0.0124991	2.86251e-05	6.07913	3.11729	6	92743882	TTC	T	0.0018252193063582247	2.738684946101164
6:31566233:CTT:C	0.00181652	1.0022e-05	5.1999	3.11725	6	31566233	CTT	C	0.0018254669912287007	2.7386260157171787
6:89545191:C:T	0.00099027	2.6789e-05	3.60998	3.11712	6	89545191	C	T	0.0018262721803803561	2.7384344964466685
6:15240213:T:C	3.18359e-05	0.00354913	-4.71386	-3.11659	6	15240213	T	C	0.0018295582533000437	2.7376537579816946
6:77088122:C:T	2.29178e-05	0.00616895	-5.59537	-3.11656	6	77088122	C	T	0.0018297444198016126	2.7376095686420094
6:43999107:C:T	0.000555502	0.0439951	-4.37196	-3.11617	6	43999107	C	T	0.0018321661688710644	2.737035140411018
6:79677215:C:G	9.60709e-05	0.0426681	-6.09612	-3.11612	6	79677215	C	G	0.001832476862435215	2.7369615002230683
6:29414358:T:A	0.00418858	2.75694e-05	5.02341	3.11612	6	29414358	T	A	0.001832476862435215	2.7369615002230683
6:152798791:A:T	0.000145325	0.0839829	-6.35939	-3.11605	6	152798791	A	T	0.001832911914758186	2.736858405661712
6:9806513:A:G	0.00346265	1.29937e-05	5.58533	3.11581	6	9806513	A	G	0.0018344042433437577	2.736504953666993
6:88678085:T:C	1.7317e-05	0.000938191	-3.99226	-3.11553	6	88678085	T	C	0.0018361467043834	2.7360926225035955
6:80018648:A:G	3.61592e-05	0.00532604	-4.99243	-3.11535	6	80018648	A	G	0.0018372676608548204	2.735827569244312
6:74219029:A:G	4.60349e-06	0.000422201	-4.51867	-3.11529	6	74219029	A	G	0.0018376414527223792	2.7357392210751446
6:153903567:T:TA	0.00377765	0.000102456	3.60743	3.11516	6	153903567	T	TA	0.0018384515748268854	2.735547805045836
6:8031259:C:T	1.79306e-05	0.00194083	-4.68436	-3.11489	6	8031259	C	T	0.0018401351847594227	2.735150270556524
6:29946604:G:T	0.00024063	1.4984e-05	2.77628	3.11479	6	29946604	G	T	0.0018407591034168287	2.7350030430561127
6:91252128:A:G	1.11058e-05	0.000877547	-4.36966	-3.11461	6	91252128	A	G	0.0018418826468435832	2.734738043765577
6:38623841:A:G	6.7626e-06	0.00366004	-6.29382	-3.11438	6	38623841	A	G	0.0018433192026146303	2.7343994526645194
6:11944910:T:C	0.00265196	0.000119971	3.0958	3.11394	6	11944910	T	C	0.0018460702650896943	2.733751772887586
6:15099354:A:C	4.00986e-05	0.00424942	-4.6632	-3.11393	6	15099354	A	C	0.0018461328330560284	2.7337370538042625
6:102819960:T:C	0.00164697	0.000100834	2.79322	3.11384	6	102819960	T	C	0.0018466960324354618	2.733604583877545
6:102820359:A:G	0.00164697	0.000100834	2.79322	3.11384	6	102820359	A	G	0.0018466960324354618	2.733604583877545
6:8808360:T:C	8.95119e-05	0.00819063	-4.51637	-3.11354	6	8808360	T	C	0.0018485745039961967	2.7331630411566707
6:26837875:TAC:T	0.000286171	5.28685e-06	3.99137	3.11353	6	26837875	TAC	T	0.0018486371499391115	2.7331483236939604
6:93252575:G:C	5.02505e-05	0.0271503	-6.29212	-3.11319	6	93252575	G	C	0.0018507682729203658	2.7326479540682476
6:31400105:A:G	7.09562e-05	0.0313789	-6.09183	-3.11311	6	31400105	A	G	0.0018512700415428648	2.7325302268451517
6:78751262:T:A	7.53151e-06	0.00333062	-6.09182	-3.1131	6	78751262	T	A	0.0018513327714077899	2.732515511124581
6:26127998:C:T	6.49459e-05	0.00701328	-4.68201	-3.11306	6	26127998	C	T	0.0018515837103967787	2.732456648647442
6:30858035:G:A	2.30569e-05	0.00298204	-4.8624	-3.11217	6	30858035	G	A	0.0018571751921698343	2.7311471261988998
6:98807440:G:T	4.63782e-06	0.00204811	-6.09043	-3.11213	6	98807440	G	T	0.0018574268586123155	2.731088278792947
6:87571170:GT:G	6.53534e-05	1.21041e-06	3.98885	3.11159	6	87571170	GT	G	0.0018608274235046305	2.730293902256117
6:4416594:A:G	0.00031093	0.0328415	-4.65988	-3.11129	6	4416594	A	G	0.0018627190966844446	2.7298526330039232
6:3564422:A:AT	0.000205192	0.0132112	-4.16487	-3.11118	6	3564422	A	AT	0.0018634131527087334	2.72969084341365
6:31397158:GCTAGAACGA:G	0.00783063	2.9006e-05	5.59829	3.11104	6	31397158	GCTAGAACGA	G	0.0018642968403383144	2.7294849364792815
6:88673208:A:G	2.65683e-05	0.0014298	-3.98557	-3.1108	6	88673208	A	G	0.0018658126291455801	2.729131971636642
6:67861457:AACACAC:A	0.0106105	2.45329e-05	6.06959	3.11075	6	67861457	AACACAC	A	0.0018661285609502683	2.7290584402315248
6:165146256:C:T	0.008525	0.000545171	2.74966	3.11027	6	165146256	C	T	0.0018691640076743765	2.7283525902728605
6:38210294:A:ATCTCTC	4.47478e-05	0.0240627	-6.28738	-3.10986	6	38210294	A	ATCTCTC	0.0018717603761166455	2.7277497506787736
6:97265911:C:T	6.43852e-06	2.04172e-07	3.45109	3.10985	6	97265911	C	T	0.0018718237435435931	2.727735048124762
6:68450400:G:T	5.97694e-05	0.0217555	-5.89713	-3.1097	6	68450400	G	T	0.0018727744914580674	2.7275145146758324
6:44105233:A:G	4.22993e-05	0.00618394	-4.98494	-3.10969	6	44105233	A	G	0.0018728378904222078	2.7274998127699863
6:133512146:A:G	0.0650723	0.000241574	5.59608	3.1095	6	133512146	A	G	0.0018740428453965395	2.727220484255827
6:4837467:G:GT	1.22848e-05	0.00660248	-6.28684	-3.10948	6	4837467	G	GT	0.001874169724180033	2.727191082105047
6:95258485:G:A	0.016749	0.00104369	2.77557	3.10929	6	95258485	G	A	0.0018753754662383581	2.726911769754356
6:142591692:TTACTC:T	0.0102734	6.50066e-05	5.06283	3.10904	6	142591692	TTACTC	T	0.0018769630545651718	2.726544275783763
6:32453450:A:G	0.0138587	6.78214e-05	5.31979	3.10892	6	32453450	A	G	0.001877725535385213	2.7263678876709703
6:48066801:GA:G	0.00230922	1.11546e-05	5.33281	3.10891	6	48066801	GA	G	0.0018777890882947957	2.7263531889248815
6:8627726:T:G	4.27708e-06	0.00155489	-5.89589	-3.10881	6	8627726	T	G	0.0018784247260705612	2.7262062036919943
6:93254601:C:T	4.61004e-05	0.00792216	-5.1466	-3.10876	6	93254601	C	T	0.0018787426190694108	2.7261327125946417
6:31157792:T:G	0.000726401	6.56527e-06	4.70631	3.10862	6	31157792	T	G	0.0018796329823839177	2.725926942909747
6:29904371:C:T	0.000206521	1.29777e-05	2.76717	3.1084	6	29904371	C	T	0.0018810329078562105	2.725603606589255
6:4104932:C:CA	0.0089303	0.000244441	3.59823	3.10811	6	4104932	C	CA	0.0018828797274629081	2.7251774204864745
6:132774033:T:C	0.00525753	0.000339698	2.73936	3.10805	6	132774033	T	C	0.0018832620359523406	2.7250892483047853
6:102222632:A:G	0.000115163	0.0126919	-4.70237	-3.10796	6	102222632	A	G	0.0018838356323789911	2.7249569927665482
6:114202237:C:T	0.0108901	0.000249927	3.77444	3.10788	6	114202237	C	T	0.0018843456305809377	2.7248394350426586
6:4846844:G:C	1.28099e-05	0.00686397	-6.28382	-3.10737	6	4846844	G	C	0.0018875998514952988	2.724090065496695
6:132192367:G:A	0.0101682	0.000652585	2.74608	3.1072	6	132192367	G	A	0.0018886857383809351	2.723840299061304
6:31047896:TTTTTTAA:T	0.00719506	3.52994e-05	5.31728	3.10717	6	31047896	TTTTTTAA	T	0.0018888774250287593	2.7237962238467412
6:57269481:G:A	1.72716e-05	0.00757354	-6.08335	-3.10716	6	57269481	G	A	0.0018889413245488345	2.723781532189567
6:4376142:T:C	0.00020436	0.0262622	-4.856	-3.10695	6	4376142	T	C	0.001890283673204	2.7234730167460084
6:32703120:T:C	5.86528e-05	0.00884991	-5.01653	-3.10689	6	32703120	T	C	0.0018906673622876582	2.7233848727574683
6:155604789:C:T	1.13852e-05	0.00119583	-4.65427	-3.10684	6	155604789	C	T	0.0018909871578322852	2.723311420547616
6:32691490:CAA:C	0.0181533	6.90133e-05	5.57231	3.10635	6	32691490	CAA	C	0.00189412378439085	2.7225916424809853
6:3279553:G:A	0.000274495	0.0214255	-4.3574	-3.1063	6	3279553	G	A	0.0018944441168623476	2.722518201207816
6:4837935:A:G	1.1759e-05	0.00628998	-6.2821	-3.10616	6	4837935	A	G	0.0018953413125081665	2.72231257103022
6:72500427:G:GA	1.1284e-05	0.0064192	-6.34366	-3.10596	6	72500427	G	GA	0.0018966236975608587	2.722018827405576
6:70930578:C:T	0.000108915	0.079329	-6.59079	-3.10594	6	70930578	C	T	0.0018967519798858223	2.721989453934232
6:153056427:A:C	4.18415e-05	0.0111025	-5.58103	-3.10591	6	153056427	A	C	0.0018969444183152648	2.721945394031007
6:26127531:A:G	6.55482e-05	0.00701328	-4.67277	-3.10589	6	26127531	A	G	0.0018970727205635397	2.7219160209647173
6:47178852:G:T	0.00016815	0.0176371	-4.65291	-3.10576	6	47178852	G	T	0.0018979068794683614	2.7217250999830993
6:42188893:T:TATC	0.00156697	9.69949e-05	2.78224	3.10569	6	42188893	T	TATC	0.0018983561814750565	2.7216222992129766
6:78702318:C:T	1.57316e-05	0.00894456	-6.34313	-3.10562	6	78702318	C	T	0.001898805581169863	2.7215195004276023
6:159273550:A:T	0.0016546	7.68671e-05	3.06924	3.10556	6	159273550	A	T	0.0018991908586744608	2.7214313887626904
6:22166266:TTCTCTTTC:T	0.027943	0.00143319	2.97027	3.10529	6	22166266	TTCTCTTTC	T	0.0019009254961041113	2.7210349043154833
6:111264787:CA:C	0.00395376	7.74856e-05	3.93233	3.10512	6	111264787	CA	C	0.0019020184216073414	2.720785281108556
6:108028969:C:G	0.000379442	0.0343357	-4.50524	-3.105	6	108028969	C	G	0.0019027902458603034	2.7206090835396615
6:29938631:T:C	9.02703e-05	3.19795e-06	3.3403	3.10499	6	29938631	T	C	0.001902854577530262	2.7205944006721983
6:153608180:T:TA	0.0098383	0.000750617	2.57314	3.10497	6	153608180	T	TA	0.0019029832468628073	2.720565035058783
6:56087436:T:C	4.33501e-05	0.0231459	-6.28026	-3.10487	6	56087436	T	C	0.001903626713392469	2.720418209421956
6:29887554:A:G	1.06723e-05	0.00282782	-5.57961	-3.10485	6	29887554	A	G	0.0019037554306749053	2.720388844780639
6:89113236:C:T	0.000122025	7.70828e-06	2.76193	3.10472	6	89113236	C	T	0.0019045922878649863	2.720197978561216
6:32740727:C:G	7.49891e-05	0.0152462	-5.31474	-3.10443	6	32740727	C	G	0.001906460340721704	2.719772224738524
6:27221430:G:C	1.68093e-05	0.00105852	-4.14269	-3.10443	6	27221430	G	C	0.001906460340721704	2.719772224738524
6:32740690:T:A	7.49891e-05	0.0152462	-5.31474	-3.10443	6	32740690	T	A	0.001906460340721704	2.719772224738524
6:70074708:G:A	0.000118064	0.0254205	-5.37209	-3.10441	6	70074708	G	A	0.0019065892339574515	2.7197428636615357
6:66817094:A:T	0.000149823	0.0654213	-6.07915	-3.10421	6	66817094	A	T	0.0019078786065532883	2.719449261802388
6:116777842:G:A	0.00776275	6.25586e-05	4.82099	3.104	6	116777842	G	A	0.0019092333095889367	2.7191409972868974
6:32720412:G:A	7.11676e-05	0.0310647	-6.07879	-3.10395	6	32720412	G	A	0.0019095559881085733	2.7190676036063794
6:68353269:G:A	4.66675e-05	0.0105722	-5.42294	-3.10387	6	68353269	G	A	0.00191007237791509	2.7189501758236965
6:139949423:C:T	4.05007e-05	0.00871402	-5.37137	-3.10387	6	139949423	C	T	0.00191007237791509	2.7189501758236965
6:140018561:C:A	0.00240776	9.18819e-06	5.56853	3.10361	6	140018561	C	A	0.0019117515305948315	2.7185685534321546
6:31021970:A:T	4.34225e-05	0.023132	-6.27799	-3.10328	6	31021970	A	T	0.0019138847150379416	2.718084225979644
6:31396063:A:G	3.08092e-05	0.0084013	-5.60833	-3.10322	6	31396063	A	G	0.001914272801520744	2.717996171181569
6:31347416:C:T	1.70722e-05	0.00909376	-6.27789	-3.10321	6	31347416	C	T	0.0019143374896267234	2.7179814955236474
6:76526058:A:G	0.000189484	0.0202024	-4.66925	-3.10315	6	76526058	A	G	0.0019147256604207879	2.7178934424266523
6:28944724:TCTTTCTCTG:T	2.23919e-06	0.000167807	-4.3167	-3.10292	6	28944724	TCTTTCTCTG	T	0.0019162143181628273	2.7175559190621694
6:95247366:T:C	0.0171305	0.000798699	3.06563	3.10268	6	95247366	T	C	0.0019177688332740219	2.717203743611649
6:68453618:C:A	6.93534e-05	0.0302171	-6.07695	-3.10266	6	68453618	C	A	0.0019178984284596847	2.717174396710474
6:48395242:T:C	7.46021e-05	0.0197079	-5.57661	-3.10262	6	48395242	T	C	0.0019181576429576019	2.717115703394135
6:105059036:G:C	8.85635e-05	0.0241296	-5.60748	-3.10259	6	105059036	G	C	0.0019183520749435556	2.7170716838321445
6:105059037:C:T	8.85635e-05	0.0241296	-5.60748	-3.10259	6	105059037	C	T	0.0019183520749435556	2.7170716838321445
6:39781021:T:A	0.000138685	0.0737679	-6.27648	-3.10221	6	39781021	T	A	0.001920816447100459	2.7165141342638197
6:29660660:T:C	8.1138e-05	0.0220901	-5.60673	-3.10204	6	29660660	T	C	0.001921919870288785	2.7162647231278556
6:162762531:C:T	7.53269e-05	0.00971804	-4.8599	-3.10188	6	162762531	C	T	0.001922958917916461	2.716029993927287
6:96066059:A:G	0.000305166	0.0389701	-4.8497	-3.10179	6	96066059	A	G	0.0019235436088658336	2.7158979633082407
6:143189380:C:A	6.67985e-05	0.0240415	-5.88586	-3.10162	6	143189380	C	A	0.001924648470535458	2.7156485810894386
6:73278010:GT:G	2.05387e-05	0.00121276	-4.07834	-3.10138	6	73278010	GT	G	0.001926209267345276	2.715296532000569
6:84846389:A:T	0.00423527	1.59086e-05	5.58434	3.10136	6	84846389	A	T	0.0019263393861950146	2.7152671956294876
6:138006425:CA:C	0.031471	0.000728304	3.7661	3.10134	6	138006425	CA	C	0.0019264695131159173	2.715237859420403
6:35298454:G:C	0.000874796	5.32127e-05	2.79969	3.1012	6	35298454	G	C	0.0019273806275923293	2.7150325104927524
6:73105928:C:T	0.057845	0.0037405	2.73855	3.10119	6	73105928	C	T	0.0019274457223361194	2.7150178430159504
6:37489887:C:G	1.24979e-06	0.000705345	-6.33571	-3.10087	6	37489887	C	G	0.0019295298203397143	2.7145485051418667
6:68453918:C:T	7.07967e-05	0.0120408	-5.13624	-3.10076	6	68453918	C	T	0.0019302467067929408	2.714387179825658
6:15383305:A:AT	2.48065e-05	0.010777	-6.07406	-3.10063	6	15383305	A	AT	0.0019310942515438942	2.7141965289515766
6:95245991:C:T	0.0170386	0.00079651	3.063	3.10058	6	95245991	C	T	0.0019314203212724122	2.7141232035147516
6:108031236:C:G	0.012052	0.000747268	2.78057	3.10055	6	108031236	C	G	0.0019316159873750765	2.7140792087386396
6:108030898:G:C	0.012052	0.000747268	2.78057	3.10055	6	108030898	G	C	0.0019316159873750765	2.7140792087386396
6:11945112:C:T	0.00265367	0.000122132	3.07859	3.1005	6	11945112	C	T	0.0019319421379936615	2.7140058849217534
6:47057721:C:A	0.00368976	3.37424e-05	4.69456	3.10044	6	47057721	C	A	0.0019323335854829235	2.7139178976779395
6:141096227:T:C	0.00326916	1.25301e-05	5.56415	3.10043	6	141096227	T	C	0.0019323988338111496	2.713903233279047
6:68446175:C:T	6.53849e-05	0.00713359	-4.69228	-3.10039	6	68446175	C	T	0.0019326598473546996	2.7138445760884635
6:44156296:C:CCTT	0.031322	0.000617891	3.92576	3.10025	6	44156296	C	CCTT	0.0019335736497083302	2.7136392810241983
6:11945276:C:T	0.00265259	0.000122132	3.07819	3.10018	6	11945276	C	T	0.0019340306996411122	2.7135366364686773
6:19130651:T:C	6.31469e-06	0.00334891	-6.27351	-3.10014	6	19130651	T	C	0.0019342919155671751	2.7134779833279072
6:131906495:A:G	0.000199778	0.0200734	-4.60995	-3.10011	6	131906495	A	G	0.0019344878487702547	2.713433993897557
6:24233060:G:A	0.000102044	0.00746776	-4.29295	-3.09996	6	24233060	G	A	0.0019354677881652303	2.7132140522130213
6:23780680:T:A	4.9339e-06	0.000838221	-5.13515	-3.09992	6	23780680	T	A	0.001935729182304193	2.7131554026360596
6:23780913:G:T	4.93234e-06	0.00083796	-5.13516	-3.09992	6	23780913	G	T	0.001935729182304193	2.7131554026360596
6:29948177:A:G	0.000438286	2.76718e-05	2.76246	3.09988	6	29948177	A	G	0.001935990608857203	2.713096753707061
6:88443821:C:T	7.66439e-06	0.000813588	-4.66487	-3.09974	6	88443821	C	T	0.0019369058571053512	2.7128914875582573
6:47179010:T:A	0.000168865	0.0175779	-4.6453	-3.09971	6	47179010	T	A	0.0019371020334104092	2.7128475029876276
6:99572321:G:A	0.0104588	4.06217e-05	5.5509	3.09953	6	99572321	G	A	0.001938279474408257	2.712583603217845
6:89764825:G:A	2.47542e-06	0.0017853	-6.58093	-3.09918	6	89764825	G	A	0.0019405708243492184	2.7120705023376486
6:150998691:C:T	0.000376119	0.0238221	-4.14846	-3.09917	6	150998691	C	T	0.0019406363280197049	2.7120558430414436
6:150240133:A:G	0.0176573	0.000440451	3.69111	3.09911	6	150240133	A	G	0.001941029392676739	2.7119678881146427
6:108907101:A:G	1.12771e-05	0.0019138	-5.13407	-3.09908	6	108907101	A	G	0.0019412259524154319	2.711923911197947
6:55719408:C:CTT	5.31842e-05	0.00541676	-4.62349	-3.09908	6	55719408	C	CTT	0.0019412259524154319	2.711923911197947
6:9263139:TA:T	0.0297604	0.000112159	5.58102	3.09906	6	9263139	TA	T	0.0019413570023941735	2.711894593455967
6:124166455:A:C	0.0149634	0.000978457	2.72738	3.09888	6	124166455	A	C	0.0019425368177869195	2.7116307410675047
6:31281816:G:A	1.40619e-05	0.00180668	-4.85578	-3.09866	6	31281816	G	A	0.0019439797083753245	2.7113082726333135
6:95259014:C:A	0.0172647	0.00109191	2.76074	3.09865	6	95259014	C	A	0.0019440453176858628	2.71129361544292
6:88672602:T:G	2.70153e-05	0.00142898	-3.96831	-3.0986	6	88672602	T	G	0.0019443733947352134	2.711220330098389
6:162039452:C:T	6.69974e-05	0.0135157	-5.30696	-3.09848	6	162039452	C	T	0.0019451609870653798	2.7110444494021
6:38378066:G:A	3.28887e-05	0.0173972	-6.27093	-3.09833	6	38378066	G	A	0.0019461458893733062	2.7108246067321375
6:72428715:T:C	5.58383e-05	0.0070999	-4.84537	-3.09826	6	72428715	T	C	0.0019466056671215027	2.7107220166043193
6:30060083:A:G	8.46552e-05	0.060956	-6.57932	-3.09808	6	30060083	A	G	0.0019477884107345178	2.7104582225299847
6:125371434:G:GTTT	0.00153725	0.114452	-4.31016	-3.09799	6	125371434	G	GTTT	0.0019483800299252216	2.710326330412999
6:162225890:G:GTA	4.98215e-05	0.026331	-6.27006	-3.09771	6	162225890	G	GTA	0.0019502216781911918	2.7099160203588353
6:4708521:T:A	0.000243228	0.10521	-6.06972	-3.09758	6	4708521	T	A	0.0019510772723154855	2.709725530054144
6:152798196:T:C	0.000170806	0.0738791	-6.06966	-3.09754	6	152798196	T	C	0.0019513406013690093	2.70966691902952
6:76249496:G:A	0.00287533	6.68776e-05	3.76106	3.09739	6	76249496	G	A	0.0019523283759505495	2.7094471334576515
6:31287777:AAAG:A	0.00570893	1.34611e-05	6.04999	3.09731	6	31287777	AAAG	A	0.0019528553767429024	2.7093299182114756
6:30015448:C:T	1.87383e-05	0.00989773	-6.26949	-3.09731	6	30015448	C	T	0.0019528553767429024	2.7093299182114756
6:32615067:A:T	3.56273e-06	0.00256225	-6.57811	-3.09726	6	32615067	A	T	0.001953184818556067	2.7092566599986814
6:119101517:A:G	8.75392e-05	0.046228	-6.26926	-3.09715	6	119101517	A	G	0.0019539097701534868	2.709095495494024
6:30012049:T:C	0.000140658	9.1513e-06	2.73244	3.09706	6	30012049	T	C	0.001954503096102499	2.7089636372710455
6:4294068:T:A	0.000394959	0.0329539	-4.42408	-3.09699	6	4294068	T	A	0.001954964686191887	2.708861083143058
6:147917705:T:C	5.32669e-05	0.0281111	-6.26861	-3.09669	6	147917705	T	C	0.0019569440632170145	2.708421587925737
6:153610251:T:A	0.0141418	0.000654084	3.07366	3.09664	6	153610251	T	A	0.001957274138207176	2.70834834226604
6:36881034:G:A	3.76044e-06	0.00134389	-5.87879	-3.09655	6	36881034	G	A	0.0019578684019917404	2.7082165026296723
6:4252061:C:T	0.00308341	1.18819e-05	5.55877	3.09652	6	4252061	C	T	0.0019580665267263674	2.7081725568130963
6:4252066:T:C	0.00308341	1.18819e-05	5.55877	3.09652	6	4252066	T	C	0.0019580665267263674	2.7081725568130963
6:153607383:C:G	0.0178171	0.000712304	3.21941	3.0965	6	153607383	C	G	0.0019581986201081215	2.7081432598045114
6:119101285:T:C	8.76404e-05	0.046228	-6.2681	-3.09634	6	119101285	T	C	0.0019592556617089307	2.7079088895668573
6:29472964:G:A	6.35987e-05	0.0135481	-5.36141	-3.09624	6	29472964	G	A	0.00195991657868858	2.7077624134324223
6:46132445:A:G	6.06164e-05	0.00660979	-4.69174	-3.09597	6	46132445	A	G	0.0019617020770081924	2.7073669480956233
6:76523964:A:ATAT	0.0108111	0.000349096	3.43298	3.09593	6	76523964	A	ATAT	0.00196196672223963	2.7073083631488655
6:95259414:T:G	0.0172676	0.00109627	2.75692	3.09591	6	95259414	T	G	0.001962099057145732	2.707279070918441
6:102242801:C:A	0.000105216	0.0554449	-6.26713	-3.09566	6	102242801	C	A	0.0019637539350040025	2.7069129317043257
6:97294232:G:T	0.000107047	0.0079451	-4.30705	-3.09564	6	97294232	G	T	0.001963886380570058	2.7068836416604873
6:31282730:A:G	1.41692e-05	0.00210705	-5.00197	-3.09557	6	31282730	A	G	0.0019643500046318276	2.706781127782556
6:84204988:A:AT	0.00555297	0.000310615	2.88353	3.09534	6	84204988	A	AT	0.0019658740483551266	2.7064443104390863
6:124205504:C:T	7.03407e-05	0.00443139	-4.14312	-3.09525	6	124205504	C	T	0.0019664707087096223	2.706312518178984
6:19178706:C:T	2.00318e-05	0.00714268	-5.87652	-3.09493	6	19178706	C	T	0.001968593514342975	2.7058439500388514
6:88673282:G:A	0.000936113	6.1097e-05	2.72927	3.09471	6	88673282	G	A	0.0019700541632514047	2.7055218334943234
6:18837254:T:C	0.0027646	7.70458e-05	3.58025	3.09432	6	18837254	T	C	0.0019726459406592934	2.704950856874731
6:88683390:C:T	0.000607144	3.96063e-05	2.72978	3.09402	6	88683390	C	T	0.001974641745024605	2.704511685998071
6:29904358:T:C	0.000205654	1.31913e-05	2.74664	3.09398	6	29904358	T	C	0.0019749079922726596	2.704453132634514
6:32809975:T:C	3.38275e-05	0.0177798	-6.26454	-3.09385	6	32809975	T	C	0.001975773523426547	2.704262838677095
6:138906393:T:G	6.87314e-05	0.0101977	-4.99971	-3.09381	6	138906393	T	G	0.0019760399107483177	2.7042042880668515
6:24077203:G:A	8.83345e-06	0.00111692	-4.83979	-3.09369	6	24077203	G	A	0.001976839270536894	2.7040286401231404
6:89115502:G:C	9.52187e-05	6.1102e-06	2.74622	3.09368	6	89115502	G	C	0.0019769058972490005	2.7040140030576794
6:84468299:G:A	3.73334e-05	0.00629128	-5.12703	-3.09364	6	84468299	G	A	0.001977172424710471	2.7039554552007363
6:4910416:C:T	6.2558e-05	0.00365317	-4.06726	-3.09358	6	4910416	C	T	0.001977572277748147	2.7038676346300083
6:109279347:C:T	0.00765466	6.40773e-05	4.78298	3.09358	6	109279347	C	T	0.001977572277748147	2.7038676346300083
6:109278991:C:T	0.00765466	6.40773e-05	4.78298	3.09358	6	109278991	C	T	0.001977572277748147	2.7038676346300083
6:5404725:C:T	1.1651e-05	0.00612074	-6.26404	-3.0935	6	5404725	C	T	0.0019781055305957895	2.7037505428031134
6:84068372:C:CT	0.0167105	0.000670542	3.21571	3.09345	6	84068372	C	CT	0.001978438880647721	2.7036773617272094
6:29416354:T:C	0.00411857	2.80432e-05	4.98952	3.09333	6	29416354	T	C	0.0019792391311673737	2.703501731274947
6:29415543:C:T	0.00411857	2.80432e-05	4.98952	3.09333	6	29415543	C	T	0.0019792391311673737	2.703501731274947
6:89112806:T:C	0.000122042	7.83844e-06	2.74533	3.09306	6	89112806	T	C	0.0019810407812875038	2.7031065840748663
6:57269223:T:C	1.70585e-05	0.00733061	-6.06316	-3.09298	6	57269223	T	C	0.001981574892565547	2.7029895090914344
6:113882381:T:C	0.000242833	0.0514973	-5.35691	-3.09279	6	113882381	T	C	0.001982843936641292	2.702711466391126
6:49326105:G:C	2.82268e-06	0.00100347	-5.87353	-3.09278	6	49326105	G	C	0.001982910749094686	2.7026968329696803
6:64661439:A:G	2.36546e-05	0.0101594	-6.0626	-3.09258	6	64661439	A	G	0.0019842474321815034	2.7024041730433046
6:150239932:T:C	0.0176573	0.0004442	3.68263	3.09253	6	150239932	T	C	0.0019845817321565064	2.702331010592226
6:66634585:C:T	9.33964e-05	0.0400934	-6.06211	-3.09224	6	66634585	C	T	0.0019865216916752464	2.7019066883365674
6:125280627:A:G	0.00686299	0.000187348	3.60093	3.09218	6	125280627	A	G	0.0019869232798601145	2.701818901776276
6:86291138:T:G	2.8226e-05	0.0201499	-6.57071	-3.09218	6	86291138	T	G	0.0019869232798601145	2.701818901776276
6:28053811:G:A	0.00119323	6.70531e-05	2.87893	3.09178	6	28053811	G	A	0.0019896024392674163	2.701233695289523
6:29403972:G:A	3.51511e-05	0.00447649	-4.84694	-3.09175	6	29403972	G	A	0.0019898035098293225	2.701189807414448
6:90243904:G:A	1.99059e-05	0.0104314	-6.26156	-3.09175	6	90243904	G	A	0.0019898035098293225	2.701189807414448
6:31348671:T:A	1.95724e-05	0.0102502	-6.26094	-3.09132	6	31348671	T	A	0.0019926875714738586	2.700560787913296
6:32615030:A:C	3.55289e-06	0.00253276	-6.5693	-3.09122	6	32615030	A	C	0.0019933588331292867	2.700414515037353
6:4415518:T:TG	0.000343277	0.0353486	-4.63447	-3.09112	6	4415518	T	TG	0.0019940303023185347	2.700268246210053
6:31719231:G:A	0.000946625	3.81071e-05	3.2125	3.09102	6	31719231	G	A	0.0019947019790990503	2.700121981431383
6:88357002:G:A	0.018987	0.000155804	4.80291	3.09089	6	88357002	G	A	0.0019955754693571654	2.6999318432717914
6:31341142:T:C	3.7847e-05	0.0134149	-5.87057	-3.09066	6	31341142	T	C	0.001997121735252835	2.6995954617506275
6:95244716:T:C	0.016442	0.00077825	3.05055	3.09063	6	95244716	T	C	0.0019973235031575665	2.6995515874789855
6:95244678:T:C	0.016442	0.00077825	3.05055	3.09063	6	95244678	T	C	0.0019973235031575665	2.6995515874789855
6:116992419:A:G	5.83698e-06	0.00305346	-6.25982	-3.09053	6	116992419	A	G	0.0019979961979661267	2.699405342538416
6:95245319:T:C	0.016442	0.000778469	3.05027	3.0904	6	95245319	T	C	0.001998871012081928	2.69921523016826
6:64661696:C:A	2.37369e-05	0.0101594	-6.05913	-3.09015	6	64661696	C	A	0.002000554335054462	2.698849648686948
6:95245395:C:T	0.016442	0.000778844	3.04978	3.09002	6	95245395	C	T	0.002001430177071829	2.6986595563164846
6:31720440:A:G	1.96216e-05	0.00141763	-4.28011	-3.08999	6	31720440	A	G	0.0020016323444296213	2.698615689818016
6:108032208:T:G	0.000285017	0.0235532	-4.41447	-3.08985	6	108032208	T	G	0.002002576039931674	2.698410984309518
6:19127473:T:G	1.11056e-05	0.00116346	-4.6517	-3.08951	6	19127473	T	G	0.0020048695720864774	2.6979138753957175
6:33714637:T:C	0.00531372	0.000106358	3.91124	3.08947	6	33714637	T	C	0.0020051395578286895	2.697855395070903
6:8027112:T:C	5.26777e-06	0.00136715	-5.55888	-3.08945	6	8027112	T	C	0.002005274563212031	2.697826155151401
6:8027169:G:A	5.26777e-06	0.00136715	-5.55888	-3.08945	6	8027169	G	A	0.002005274563212031	2.697826155151401
6:95247688:G:A	0.0171305	0.00081205	3.04905	3.08943	6	95247688	G	A	0.002005409576937475	2.6977969153938366
6:95247841:C:T	0.0171305	0.00081205	3.04905	3.08943	6	95247841	C	T	0.002005409576937475	2.6977969153938366
6:32088573:GTAA:G	5.43343e-05	0.0283738	-6.25806	-3.0893	6	32088573	GTAA	G	0.0020062873695235557	2.6976068609168595
6:19684075:A:G	0.000171757	0.0170062	-4.59525	-3.08902	6	19684075	A	G	0.0020081791974634424	2.6971975360503477
6:32641270:C:T	1.38506e-05	0.00983809	-6.56569	-3.08874	6	32641270	C	T	0.0020100726624015758	2.696788242922963
6:12798040:G:GACACACACA	5.64267e-06	0.00118976	-5.35115	-3.08838	6	12798040	G	GACACACACA	0.002012509524747799	2.696262055538667
6:29806590:G:C	6.91466e-05	4.47095e-06	2.73863	3.08836	6	29806590	G	C	0.002012644985449186	2.696232824444556
6:153609489:C:T	0.0142641	0.000667034	3.06266	3.08805	6	153609489	C	T	0.0020147456965734435	2.6957797631926885
6:32446967:G:A	9.27826e-06	0.00483573	-6.25611	-3.08793	6	32446967	G	A	0.002015559415131292	2.69560439508804
6:11940360:C:G	0.000210732	0.0140736	-4.20146	-3.08784	6	11940360	C	G	0.0020161699019564695	2.695472872835119
6:80015892:C:G	4.16327e-05	0.00590704	-4.95501	-3.08705	6	80015892	C	G	0.002021535905973868	2.6943185404407046
6:42790330:AT:A	0.000132453	0.00874727	-4.19027	-3.08683	6	42790330	AT	A	0.0020230325674261912	2.693997125761258
6:15080657:A:G	0.000625051	0.0652549	-4.64822	-3.08681	6	15080657	A	G	0.002023168677965391	2.693967907216484
6:151629588:C:T	3.02638e-05	0.00309852	-4.62873	-3.08655	6	151629588	C	T	0.0020249388798358526	2.6935880808693713
6:31343599:A:G	2.62892e-05	0.0055283	-5.34848	-3.08633	6	31343599	A	G	0.0020264378529365103	2.69326671071854
6:29888401:C:T	1.09793e-05	0.00283711	-5.55452	-3.08622	6	29888401	C	T	0.0020271877212496344	2.69310603299027
6:38624683:G:GA	7.52365e-06	0.00320214	-6.05353	-3.08621	6	38624683	G	GA	0.002027255903720495	2.6930914261669425
6:55731780:C:T	0.010115	3.88351e-05	5.56244	3.08618	6	55731780	C	T	0.002027460463759015	2.6930476059398436
6:73790268:A:G	3.93024e-05	0.00297696	-4.32737	-3.08593	6	73790268	A	G	0.0020291658674573133	2.6926824515486087
6:102774941:T:A	5.08411e-05	0.0264213	-6.25322	-3.0859	6	102774941	T	A	0.0020293706043316116	2.6926386347218076
6:32641232:T:G	1.39055e-05	0.0098319	-6.56111	-3.0856	6	32641232	T	G	0.0020314190158479814	2.692200486491098
6:105239892:G:A	0.00014885	0.0146603	-4.58996	-3.08503	6	105239892	G	A	0.0020353162254052124	2.691368105220501
6:105239862:A:G	0.00014885	0.0146603	-4.58996	-3.08503	6	105239862	A	G	0.0020353162254052124	2.691368105220501
6:49651527:A:G	2.49601e-05	0.00523443	-5.34574	-3.08423	6	49651527	A	G	0.0020407975647859476	2.690200072626734
6:103666178:A:G	2.99926e-06	0.000184062	-4.11691	-3.0842	6	103666178	A	G	0.002041003378246079	2.690156276443941
6:29904344:A:G	0.000195414	1.536e-05	2.54336	3.08408	6	29904344	A	G	0.0020418268225421447	2.6899810953557264
6:30138519:G:A	6.45774e-05	0.0127804	-5.2878	-3.08383	6	30138519	G	A	0.002043543310582396	2.6896161534759417
6:69695275:G:A	0.00148236	5.88939e-06	5.52824	3.08379	6	69695275	G	A	0.002043818071498344	2.6895577651228386
6:108033324:G:A	0.000274327	0.0224812	-4.40611	-3.08365	6	108033324	G	A	0.0020447800016462386	2.6893534109870485
6:29403216:G:A	3.55264e-05	0.00447573	-4.83615	-3.08333	6	29403216	G	A	0.002046980259125183	2.688886345610255
6:29808061:C:A	6.94651e-05	4.52407e-06	2.73141	3.08329	6	29808061	C	A	0.002047255443988751	2.6888279653524503
6:169175080:GC:G	0.0224426	0.000305578	4.29651	3.0832	6	169175080	GC	G	0.0020478747340345604	2.688696612140244
6:92462145:CTT:C	0.0355009	8.54617e-05	6.02924	3.08309	6	92462145	CTT	C	0.0020486318774977376	2.688536073777686
6:167706690:C:G	3.12868e-05	0.0161933	-6.24916	-3.08305	6	167706690	C	G	0.002048907266063992	2.6884776974055793
6:66647473:C:G	4.61892e-05	0.00913159	-5.28675	-3.08302	6	66647473	C	G	0.0020491138297770678	2.688433915551495
6:90055580:G:C	0.000108481	0.00367889	-3.52379	-3.08251	6	90055580	G	C	0.0020526283374210554	2.687689679766944
6:16225518:T:C	0.000195504	0.0202933	-4.64247	-3.08234	6	16225518	T	C	0.0020538010683477247	2.687441624566803
6:133585325:C:T	0.00487863	0.000311681	2.75064	3.08222	6	133585325	C	T	0.0020546292484744004	2.6872665338211057
6:4375106:G:GT	0.00020725	0.0258365	-4.82562	-3.08211	6	4375106	G	GT	0.0020553886827279115	2.6871060390909403
6:32740959:T:C	7.72372e-05	0.0152462	-5.2852	-3.08184	6	32740959	T	C	0.0020572538405672284	2.686712118243971
6:29904377:T:G	0.000205633	1.34205e-05	2.72931	3.08181	6	29904377	T	G	0.0020574611761478485	2.68666835108232
6:8701691:CT:C	0.0189627	3.37873e-05	6.33015	3.08169	6	8701691	CT	C	0.002058290710185701	2.6864932860783948
6:121605214:A:G	0.00030318	0.0563174	-5.22443	-3.0815	6	121605214	A	G	0.0020596047666103586	2.6862161117417824
6:78209566:A:T	4.2089e-06	0.000830181	-5.28444	-3.08126	6	78209566	A	T	0.002061265727424932	2.685866017674748
6:29799350:C:T	5.10906e-06	0.000847228	-5.11096	-3.08122	6	29799350	C	T	0.002061542673666118	2.685807670930097
6:153609626:A:G	0.0142218	0.000670924	3.05388	3.08119	6	153609626	A	G	0.0020617504057481605	2.6857639112965788
6:102276507:C:G	0.00367379	0.000320975	2.43761	3.08101	6	102276507	C	G	0.0020629972015536813	2.685501361144938
6:77088309:C:T	2.27066e-05	0.00582589	-5.54741	-3.08094	6	77088309	C	T	0.002063482253356323	2.6853992618495957
6:14540516:T:C	0.00528307	0.000336006	2.75513	3.08091	6	14540516	T	C	0.0020636901647257794	2.6853555056158314
6:78702763:G:A	2.65776e-05	0.0137104	-6.24584	-3.08073	6	78702763	G	A	0.0020649380365672055	2.685092975862638
6:132191448:A:G	0.0101104	0.000672511	2.7103	3.08061	6	132191448	A	G	0.002065770335649186	2.684917963312287
6:84360447:A:G	0.021891	0.000182226	4.78858	3.0805	6	84360447	A	G	0.002066533546808982	2.684757540260922
6:139263681:G:GTTATTC	0.0687451	0.001951	3.56207	3.08038	6	139263681	G	GTTATTC	0.00206736643580684	2.684582538881003
6:31346869:A:G	2.01848e-05	0.00374385	-5.22294	-3.08034	6	31346869	A	G	0.002067644133896798	2.6845242063828136
6:8455847:G:A	1.6887e-05	0.00432783	-5.54628	-3.08009	6	8455847	G	A	0.002069380522366733	2.684159642940305
6:102221637:G:A	9.13374e-05	0.0190475	-5.34013	-3.07994	6	102221637	G	A	0.0020704229974248026	2.683940917016407
6:54930937:C:G	7.03496e-06	0.00116459	-5.10923	-3.07989	6	54930937	C	G	0.002070770596151083	2.6838680103986974
6:8804101:C:T	9.11604e-05	0.00891621	-4.58301	-3.07979	6	8804101	C	T	0.0020714659542082387	2.6837222001986594
6:90055672:CA:C	0.000112296	0.00379329	-3.51985	-3.07976	6	90055672	CA	C	0.0020716746033894954	2.6836784579278428
6:4419750:A:T	0.000183951	0.0186709	-4.62005	-3.07966	6	4419750	A	T	0.0020723702399034188	2.683532652989108
6:32740997:A:G	7.74785e-05	0.0152462	-5.28209	-3.07946	6	32740997	A	G	0.0020737621557864717	2.6832410552530486
6:149553763:T:G	8.48283e-06	0.000842144	-4.59791	-3.07941	6	149553763	T	G	0.0020741102687284476	2.683168158348486
6:4415205:G:T	0.000348419	0.0353486	-4.61961	-3.07931	6	4415205	G	T	0.002074806655429539	2.6830223675746896
6:48066266:C:T	0.00222693	1.1236e-05	5.28926	3.07905	6	48066266	C	T	0.0020766182647291606	2.6826433305031956
6:29808117:G:A	3.67493e-06	6.94987e-05	-2.93978	-3.07892	6	29808117	G	A	0.0020775246133902495	2.6824538222267664
6:80197934:TCATC:T	0.000591584	8.4791e-06	4.2452	3.07882	6	80197934	TCATC	T	0.002078222051569179	2.6823080512836164
6:54165554:G:A	0.00813743	3.21386e-05	5.53417	3.07864	6	54165554	G	A	0.0020794779815305336	2.68204567378446
6:10713151:G:A	0.0210878	0.00120551	2.86179	3.07854	6	10713151	G	A	0.0020801760211913594	2.6818999141729667
6:83643215:T:A	1.32456e-06	0.000245089	-5.22054	-3.07849	6	83643215	T	A	0.002080525121615835	2.6818270358848455
6:84475355:T:C	0.00482206	3.35703e-05	4.96732	3.07841	6	84475355	T	C	0.0020810837940757115	2.6817104327282832
6:107887699:GTAAC:G	0.00904236	3.57283e-05	5.53373	3.07832	6	107887699	GTAAC	G	0.0020817124650728924	2.681579257273091
6:73337903:CT:C	0.00434016	0.000272037	2.76973	3.07829	6	73337903	CT	C	0.0020819220607801972	2.6815355328498134
6:28103549:GGAGA:G	0.000999167	1.78954e-06	6.32497	3.07824	6	28103549	GGAGA	G	0.0020822714299748983	2.6814626596204123
6:95444034:C:T	0.000102378	0.00623341	-4.10901	-3.078	6	95444034	C	T	0.002083949150805425	2.681112882202664
6:38455977:C:CT	1.32923e-06	0.00055908	-6.04169	-3.0779	6	38455977	C	CT	0.0020846485670246813	2.6809671484917197
6:48484908:T:A	2.67674e-07	2.3379e-05	-4.46982	-3.07785	6	48484908	T	A	0.002084998355870521	2.6808942831538407
6:24713495:A:C	6.14125e-05	0.0213807	-5.85263	-3.07779	6	24713495	A	C	0.0020854181735471006	2.680806846083863
6:32702687:G:T	5.86528e-05	0.00852405	-4.97901	-3.07771	6	32702687	G	T	0.002085978051059538	2.680690265590157
6:8456157:G:A	1.69455e-05	0.00432783	-5.54282	-3.07753	6	8456157	G	A	0.002087238279589475	2.680427968949024
6:94728526:C:A	0.000219245	0.00810742	-3.61034	-3.0775	6	94728526	C	A	0.0020874483855590985	2.6803842541169334
6:32445317:A:G	0.000933328	1.28106e-05	4.28848	3.07732	6	32445317	A	G	0.002088709428810435	2.6801219727729393
6:153608953:T:C	0.0143286	0.000679354	3.04887	3.07728	6	153608953	T	C	0.002088989755518087	2.68006368981044
6:153609255:G:A	0.0143281	0.000679354	3.04884	3.07725	6	153609255	G	A	0.002089200023194415	2.6800199780134824
6:30787262:G:A	0.00219967	0.00013808	2.76823	3.07714	6	30787262	G	A	0.0020899711707693188	2.679859704540695
6:8624613:C:T	4.30211e-05	1.19809e-06	3.58096	3.07712	6	8624613	C	T	0.002090111407465441	2.679830564435365
6:15384467:C:T	2.56204e-05	0.0107632	-6.0405	-3.07706	6	15384467	C	T	0.0020905321693403096	2.679743145090611
6:96451209:A:G	4.03704e-07	0.0001404	-5.85157	-3.07703	6	96451209	A	G	0.002090742579410597	2.679699435964552
6:130671010:C:T	0.00547679	0.000130749	3.735	3.07694	6	130671010	C	T	0.0020913739261721157	2.6795683107716446
6:84602174:G:A	1.09633e-05	0.0013699	-4.82794	-3.07691	6	84602174	G	A	0.0020915844139481844	2.679524603102431
6:32702531:A:G	5.87282e-05	0.00852405	-4.97773	-3.07671	6	32702531	A	G	0.002092988162422163	2.679233227948591
6:101039607:G:A	2.22735e-05	0.00311721	-4.9413	-3.07667	6	101039607	G	A	0.0020932690157878797	2.6791749548602715
6:53602743:T:C	0.00863795	0.000355058	3.19164	3.07658	6	53602743	T	C	0.002093901062247954	2.679043842778896
6:53602794:G:A	0.00863795	0.000355058	3.19164	3.07658	6	53602794	G	A	0.002093901062247954	2.679043842778896
6:51188257:G:T	3.4215e-06	0.000563984	-5.10495	-3.07658	6	51188257	G	T	0.002093901062247954	2.679043842778896
6:65113965:G:T	3.4994e-05	2.0062e-06	2.85893	3.07633	6	65113965	G	T	0.002095657665376891	2.6786796597514737
6:29798095:C:T	3.30282e-06	0.00230388	-6.54757	-3.07633	6	29798095	C	T	0.002095657665376891	2.6786796597514737
6:65114005:A:G	3.4994e-05	2.0062e-06	2.85893	3.07633	6	65114005	A	G	0.002095657665376891	2.6786796597514737
6:65113900:T:C	3.4994e-05	2.0062e-06	2.85893	3.07633	6	65113900	T	C	0.002095657665376891	2.6786796597514737
6:65113708:G:GTTTTCCCTA	3.4994e-05	2.0062e-06	2.85893	3.07633	6	65113708	G	GTTTTCCCTA	0.002095657665376891	2.6786796597514737
6:94723129:T:A	0.000304943	0.0112571	-3.60863	-3.07627	6	94723129	T	A	0.0020960794511948586	2.678592259588337
6:49325369:A:G	2.89046e-06	0.00100398	-5.85031	-3.07613	6	49325369	A	G	0.0020970639209099157	2.678388331539728
6:168428835:C:T	1.66086e-05	0.00306369	-5.21745	-3.07611	6	168428835	C	T	0.0020972045940540773	2.6783591996088245
6:75850781:C:T	1.04648e-05	0.00568146	-6.29695	-3.076	6	75850781	C	T	0.0020979784510640454	2.678198976882231
6:102820730:C:T	0.00176666	0.000113825	2.74218	3.07594	6	102820730	C	T	0.002098400665264546	2.678111584731525
6:155603705:C:G	2.48593e-05	0.00264266	-4.66631	-3.07565	6	155603705	C	G	0.0021004424660551703	2.677689209873177
6:91251403:T:A	1.14738e-05	0.000855922	-4.31211	-3.07557	6	91251403	T	A	0.002101006042016559	2.677572698659884
6:16223037:G:T	0.000227557	0.0234141	-4.63369	-3.07552	6	16223037	G	T	0.002101358347415172	2.6774998804667227
6:3056922:A:T	0.0511301	0.000992486	3.94192	3.07539	6	3056922	A	T	0.0021022745950338745	2.6773105578990255
6:89330626:T:C	1.43072e-05	0.00296546	-5.33402	-3.07526	6	89330626	T	C	0.002103191209042251	2.677121242170056
6:28894392:T:A	1.18848e-05	0.00126249	-4.66558	-3.07507	6	28894392	T	A	0.0021045315350096327	2.676844562252352
6:84466120:A:C	3.533e-05	0.00899251	-5.53941	-3.075	6	84466120	A	C	0.0021050255367521305	2.676742631228187
6:57270111:C:T	2.63513e-05	0.00381508	-4.9752	-3.07474	6	57270111	C	T	0.002106861331593415	2.6763640476408854
6:94730439:A:T	0.000194929	0.00717976	-3.60639	-3.07467	6	94730439	A	T	0.0021073558348573954	2.676262125964174
6:72506300:A:G	0.00281643	1.44743e-05	5.27085	3.07466	6	72506300	A	G	0.0021074264868694696	2.6762475658865044
6:72506325:T:C	0.00281643	1.44743e-05	5.27085	3.07466	6	72506325	T	C	0.0021074264868694696	2.6762475658865044
6:72506502:C:T	0.00281643	1.44743e-05	5.27085	3.07466	6	72506502	C	T	0.0021074264868694696	2.6762475658865044
6:30139198:A:C	6.4086e-05	0.0125304	-5.27569	-3.07456	6	30139198	A	C	0.0021081331264789552	2.6761019673353674
6:123774909:G:GA	0.0059218	0.000382388	2.73996	3.07428	6	123774909	G	GA	0.0021101128735802597	2.6756943129193953
6:133154315:A:T	0.00881923	3.44476e-05	5.54525	3.07425	6	133154315	A	T	0.002110325090437463	2.6756506375421414
6:105244720:A:C	0.0140058	0.000286163	3.89067	3.0742	6	105244720	A	C	0.0021106788286961212	2.675577846056004
6:8511616:C:G	1.08358e-06	0.000753196	-6.54406	-3.07392	6	8511616	C	G	0.002112660768048683	2.67517023242809
6:17744549:C:T	0.000107633	0.017679	-5.10141	-3.07385	6	17744549	C	T	0.0021131565194893818	2.675068333977954
6:28756305:A:T	7.92897e-06	0.00404932	-6.23578	-3.07367	6	28756305	A	T	0.002114431798824334	2.6748063184962407
6:28756064:A:C	7.92897e-06	0.00404932	-6.23578	-3.07367	6	28756064	A	C	0.002114431798824334	2.6748063184962407
6:28756172:T:C	7.92897e-06	0.00404932	-6.23578	-3.07367	6	28756172	T	C	0.002114431798824334	2.6748063184962407
6:28756183:C:T	7.92897e-06	0.00404932	-6.23578	-3.07367	6	28756183	C	T	0.002114431798824334	2.6748063184962407
6:28756564:A:AAAAAC	7.92931e-06	0.00404932	-6.23574	-3.07364	6	28756564	A	AAAAAC	0.0021146444139859976	2.6747626505238937
6:66911956:T:C	3.08777e-05	0.0106863	-5.84669	-3.07353	6	66911956	T	C	0.0021154241706644187	2.674602537740981
6:151632992:T:C	0.000857989	3.22728e-05	3.28037	3.07338	6	151632992	T	C	0.0021164879001661025	2.674384210018279
6:88674430:C:T	2.79118e-05	0.00142464	-3.93263	-3.07337	6	88674430	C	T	0.002116558832903969	2.6743696551604725
6:88674329:T:C	2.79118e-05	0.00142464	-3.93263	-3.07337	6	88674329	T	C	0.002116558832903969	2.6743696551604725
6:88674167:C:T	2.79118e-05	0.00142464	-3.93263	-3.07337	6	88674167	C	T	0.002116558832903969	2.6743696551604725
6:32443599:T:G	3.71908e-06	0.00201071	-6.29276	-3.07332	6	32443599	T	G	0.0021169135292953972	2.674296881478384
6:88676385:C:A	3.17222e-05	0.0012811	-3.69846	-3.07299	6	88676385	C	A	0.0021192558929143037	2.6738166005469157
6:53602884:G:A	0.0085927	0.000355058	3.18639	3.07281	6	53602884	G	A	0.002120534547352235	2.6735546477021632
6:3700884:T:G	0.000297886	0.0240546	-4.39137	-3.07271	6	3700884	T	G	0.0021212452165847127	2.6734091240087197
6:139948689:T:C	2.66393e-05	0.0111218	-6.03428	-3.07269	6	139948689	T	C	0.0021213873766374783	2.6733800197555797
6:44758245:A:T	1.95381e-05	0.00118059	-4.1014	-3.07204	6	44758245	A	T	0.002126012337053371	2.672434219634615
6:85252542:G:A	3.75634e-06	0.000377525	-4.61019	-3.07183	6	85252542	G	A	0.0021275085300377188	2.672128689978564
6:85252576:C:T	3.75634e-06	0.000377525	-4.61019	-3.07183	6	85252576	C	T	0.0021275085300377188	2.672128689978564
6:89763341:A:C	2.28733e-06	0.00116467	-6.23281	-3.07158	6	89763341	A	C	0.0021292909710564217	2.671764987462726
6:153609295:C:A	0.0142225	0.000679354	3.04144	3.07147	6	153609295	C	A	0.002130075678828469	2.6716049663670205
6:29806592:T:C	6.90032e-05	4.57233e-06	2.71413	3.07115	6	29806592	T	C	0.002132359973093512	2.6711394782891524
6:78218303:G:A	0.000267699	1.88429e-06	4.95631	3.07101	6	78218303	G	A	0.0021333600579907697	2.670935840283326
6:89824574:G:A	2.54535e-06	0.000664573	-5.56488	-3.07092	6	89824574	G	A	0.0021340031968035095	2.6708049343243494
6:3700998:A:G	0.000299774	0.0241442	-4.38877	-3.07078	6	3700998	A	G	0.0021350039883322046	2.670601309346662
6:141750001:C:A	2.92916e-05	0.0148972	-6.23163	-3.07076	6	141750001	C	A	0.002135146993676689	2.6705722207114935
6:70948637:G:C	0.00221127	2.11055e-05	4.65179	3.07066	6	70948637	G	C	0.002135862152153331	2.6704267799632344
6:56086014:T:C	3.22594e-05	0.00841751	-5.56426	-3.07046	6	56086014	T	C	0.0021372931280706255	2.670135910604602
6:56085959:T:TAG	3.22594e-05	0.00841751	-5.56426	-3.07046	6	56085959	T	TAG	0.0021372931280706255	2.670135910604602
6:99625943:G:C	0.0102248	4.01586e-05	5.53974	3.07043	6	99625943	G	C	0.00213750785026197	2.670092281596658
6:30137572:T:C	6.57301e-05	0.0127804	-5.27011	-3.0703	6	30137572	T	C	0.00213843854167623	2.669903226770006
6:30137767:C:A	6.57301e-05	0.0127804	-5.27011	-3.0703	6	30137767	C	A	0.00213843854167623	2.669903226770006
6:4837941:A:AT	1.02397e-05	0.00707971	-6.53871	-3.07026	6	4837941	A	AT	0.0021387249830086582	2.6698450574297263
6:77714974:C:T	1.96403e-05	0.00496704	-5.533	-3.07023	6	77714974	C	T	0.0021389398370947332	2.669801430849338
6:11936281:G:A	0.000342441	0.0275554	-4.38785	-3.0701	6	11936281	G	A	0.0021398711001783454	2.6696123865420627
6:30142281:G:A	0.00827904	6.99417e-05	4.77382	3.0698	6	30142281	G	A	0.0021420215878756137	2.6691761565443075
6:62789535:C:G	3.97989e-06	0.0020211	-6.23014	-3.06972	6	62789535	C	G	0.002142595385827671	2.669059834694618
6:63354785:A:G	0.000771797	5.20958e-05	2.69564	3.06971	6	63354785	A	G	0.002142667120480129	2.6690452946454704
6:34304001:T:C	1.07369e-05	0.000793565	-4.30285	-3.06929	6	34304001	T	C	0.0021456819651071756	2.6684346491150324
6:45519794:G:A	0.00148612	0.00010037	2.69506	3.06928	6	45519794	G	A	0.0021457537945036406	2.668420110805584
6:33149317:C:A	0.000139573	0.0287029	-5.32616	-3.06924	6	33149317	C	A	0.0021460411341368882	2.6683619579723694
6:108025473:A:C	0.000499626	0.0431425	-4.4584	-3.06909	6	108025473	A	C	0.0021471189719944332	2.668143890613044
6:68260427:C:T	3.04981e-05	0.0154736	-6.22923	-3.06908	6	68260427	C	T	0.0021471908454959708	2.6681293531127506
6:153052265:GC:G	4.63322e-05	0.0248688	-6.28553	-3.06868	6	153052265	GC	G	0.0021500675950318453	2.667547886276082
6:167435400:A:G	3.23911e-05	0.00324225	-4.60614	-3.06861	6	167435400	A	G	0.002150571389358166	2.6674461362348767
6:109277421:T:C	6.58053e-05	0.00813517	-4.81725	-3.06856	6	109277421	T	C	0.0021509313087092275	2.6673734588477247
6:153052030:T:C	4.63413e-05	0.0248688	-6.28533	-3.06855	6	153052030	T	C	0.002151003299206315	2.667358923491664
6:75850192:C:T	1.0592e-05	0.00568146	-6.28486	-3.06825	6	75850192	C	T	0.0021531640416219155	2.66692288162227
6:4836655:A:G	1.25982e-05	0.00638363	-6.22794	-3.06817	6	4836655	A	G	0.002153740575591161	2.6668066099398335
6:46826053:A:G	2.2134e-05	0.0152566	-6.53565	-3.06816	6	46826053	A	G	0.002153812652287986	2.666792076161583
6:49854806:A:T	1.04525e-05	0.00529543	-6.22776	-3.06805	6	49854806	A	T	0.002154605641922929	2.6666322072709443
6:49854405:G:A	1.04525e-05	0.00529543	-6.22776	-3.06805	6	49854405	G	A	0.002154605641922929	2.6666322072709443
6:144540810:G:A	2.24951e-05	0.00234998	-4.64886	-3.0678	6	144540810	G	A	0.0021564088866789202	2.6662688870884095
6:83643744:C:G	1.32456e-06	0.000241677	-5.20652	-3.06766	6	83643744	C	G	0.002157419308007004	2.666065438830665
6:132168982:AT:A	9.39835e-05	0.00342771	-3.59653	-3.06764	6	132168982	AT	A	0.002157563689339073	2.666036375441136
6:30012375:G:GAATA	0.000135132	9.1513e-06	2.69235	3.06726	6	30012375	G	GAATA	0.0021603086183116286	2.665484201786313
6:95250849:C:A	0.021089	0.000876118	3.18101	3.0672	6	95250849	C	A	0.0021607423206980846	2.665397021812498
6:93731999:TAGA:T	0.00618751	5.38794e-05	4.74354	3.06683	6	93731999	TAGA	T	0.0021634185831022963	2.664859444155914
6:31281490:G:C	1.22042e-05	0.00617199	-6.226	-3.06681	6	31281490	G	C	0.002163563332469363	2.6648303874819432
6:155603759:TATAC:T	0.00139044	4.01681e-05	3.5443	3.06676	6	155603759	TATAC	T	0.0021639252447321735	2.6647577465049728
6:156178397:C:T	6.70798e-05	0.00820449	-4.80655	-3.06653	6	156178397	C	T	0.002165590756087821	2.6644236110372446
6:98482175:T:C	0.00113345	0.0631888	-4.02086	-3.06624	6	98482175	T	C	0.0021676924236685414	2.664002340297804
6:30140334:C:T	6.19898e-05	0.0119887	-5.26475	-3.0662	6	30140334	C	T	0.0021679824555453082	2.6639442366588773
6:65772644:A:G	1.49704e-05	0.00321761	-5.37032	-3.06612	6	65772644	A	G	0.0021685626260247635	2.663828031322807
6:154179429:G:GA	7.07823e-05	0.0486245	-6.53227	-3.06584	6	154179429	G	GA	0.00217059434373465	2.6634213330351804
6:154179436:G:A	7.07823e-05	0.0486245	-6.53227	-3.06584	6	154179436	G	A	0.00217059434373465	2.6634213330351804
6:116411289:G:A	3.91027e-05	0.00711461	-5.20371	-3.06549	6	116411289	G	A	0.0021731364447197038	2.6629130047754153
6:109278749:C:T	0.00765466	6.68002e-05	4.74136	3.06535	6	109278749	C	T	0.00217415404906997	2.662709687346877
6:84664418:T:C	3.50195e-06	0.00176715	-6.2238	-3.06527	6	84664418	T	C	0.0021747357333725924	2.6625935095189797
6:106282183:A:C	3.58878e-05	0.0246256	-6.53114	-3.06507	6	106282183	A	C	0.0021761905683308582	2.6623030762759456
6:73267840:C:CT	0.00190319	7.94983e-05	3.17555	3.06504	6	73267840	C	CT	0.0021764088705069364	2.6622595126850985
6:125418864:C:T	0.000820711	0.053209	-4.17181	-3.06498	6	125418864	C	T	0.002176845535082955	2.6621723865956146
6:14599015:G:T	0.00754936	0.00031456	3.17804	3.06496	6	14599015	G	T	0.0021769911077875233	2.6621433448894054
6:108379012:T:C	2.30925e-06	0.00158415	-6.53088	-3.06488	6	108379012	T	C	0.0021775734878483346	2.6620271796826507
6:48989307:A:G	5.38601e-06	0.000741822	-4.9253	-3.06458	6	48989307	A	G	0.002179758685246846	2.661591583214949
6:31346217:C:A	1.42017e-05	0.00715568	-6.2223	-3.06422	6	31346217	C	A	0.0021823835753878307	2.6610689155102696
6:65104010:C:T	4.14597e-06	0.000799724	-5.26213	-3.0642	6	65104010	C	T	0.002182529487539246	2.6610398799527166
6:65772000:A:G	1.49704e-05	0.00320899	-5.36764	-3.06419	6	65772000	A	G	0.0021826024469683053	2.661025362234617
6:3280300:C:T	0.0143311	0.00115901	2.51487	3.0641	6	3280300	C	T	0.0021832591824414334	2.66089470459202
6:133506216:A:G	0.000130921	0.0160904	-4.81139	-3.06398	6	133506216	A	G	0.002184135111507943	2.660720499498722
6:34302079:A:T	2.58513e-05	0.00166924	-4.16776	-3.06323	6	34302079	A	T	0.002189616970373101	2.659631849635733
6:8697268:CAA:C	0.00346073	1.78733e-05	5.26592	3.06305	6	8697268	CAA	C	0.0021909344916882234	2.6593706075253927
6:107930175:C:CTTT	5.02772e-05	0.0125924	-5.5233	-3.06303	6	107930175	C	CTTT	0.0021910809277916514	2.6593415814332384
6:19181336:T:G	2.04639e-05	0.00697583	-5.83155	-3.06267	6	19181336	T	G	0.002193718312176762	2.6588191394419156
6:109278060:A:G	0.00765408	6.70693e-05	4.73727	3.06257	6	109278060	A	G	0.002194451435171088	2.6586740259698822
6:96452396:C:T	4.0471e-07	0.000137925	-5.8313	-3.06249	6	96452396	C	T	0.0021950380952456706	2.658557938104587
6:91088782:T:G	0.000258186	0.0180017	-4.24454	-3.06238	6	91088782	T	G	0.0021958449875695784	2.658398321516717
6:95248950:T:A	0.0204387	0.000855046	3.17403	3.06192	6	95248950	T	A	0.002199222210992669	2.657730886995598
6:111266063:T:C	0.0040176	8.3493e-05	3.87368	3.06159	6	111266063	T	C	0.0022016479336907143	2.6572521279981993
6:19630570:TA:T	0.107039	0.000196569	6.29994	3.06155	6	19630570	TA	T	0.002201942127259686	2.657194099597718
6:66644792:C:A	2.56002e-05	0.0054671	-5.3639	-3.06151	6	66644792	C	A	0.002202236356858397	2.6571360718443997
6:66644734:T:C	2.56002e-05	0.0054671	-5.3639	-3.06151	6	66644734	T	C	0.002202236356858397	2.6571360718443997
6:4418416:A:G	0.0200873	0.000584562	3.53698	3.06115	6	4418416	A	G	0.002204886045235567	2.656613851186731
6:70414924:C:T	7.13042e-06	0.00486458	-6.52537	-3.06111	6	70414924	C	T	0.002205180635348521	2.656555829904997
6:49653169:C:T	2.21266e-05	0.0150897	-6.52498	-3.06085	6	49653169	C	T	0.0022070963505413433	2.6561787073480585
6:97292147:C:T	9.37276e-05	0.00664119	-4.26065	-3.06062	6	97292147	C	T	0.00220879229299236	2.6558451217240675
6:152835954:CT:C	1.99171e-05	0.00206027	-4.63901	-3.0604	6	152835954	CT	C	0.002210415616313173	2.6555260598438606
6:125455337:T:C	0.0356196	0.00244936	2.67707	3.06034	6	125455337	T	C	0.002210858530579407	2.655439046364925
6:29753961:T:A	0.000620335	2.76428e-05	3.11089	3.06024	6	29753961	T	A	0.0022115969017754045	2.6552940271357195
6:47221637:A:G	0.000104894	0.0109361	-4.64688	-3.06012	6	47221637	A	G	0.002212483245527973	2.6551200093995377
6:11940231:G:C	0.000218889	0.0140736	-4.16349	-3.06012	6	11940231	G	C	0.002212483245527973	2.6551200093995377
6:38462322:G:A	7.73939e-06	0.00409888	-6.27214	-3.0601	6	38462322	G	A	0.0022126310011333743	2.6550910070097493
6:31727813:T:C	5.09512e-06	0.00208894	-6.01613	-3.05995	6	31727813	T	C	0.002213739456460509	2.6548734942431675
6:71868917:G:A	0.00162109	6.66596e-06	5.49384	3.05989	6	71868917	G	A	0.002214182981068729	2.6547864916846087
6:165488779:C:T	0.000421174	0.0510961	-4.79842	-3.05987	6	165488779	C	T	0.00221433084070096	2.6547574911553196
6:51191498:C:T	0.000406236	3.79314e-06	4.67374	3.05982	6	51191498	C	T	0.0022147005293715557	2.654684990539894
6:160551913:CT:C	0.00183141	1.31077e-05	4.93964	3.0598	6	160551913	CT	C	0.002214848420677107	2.654655990576841
6:32737767:T:C	3.50477e-05	0.0185503	-6.27153	-3.0597	6	32737767	T	C	0.002215588012974247	2.6545109931882993
6:124242208:A:G	0.00732699	0.000493516	2.69777	3.05966	6	124242208	A	G	0.0022158839132613885	2.6544529953653506
6:112792044:A:AT	1.67301e-05	0.00430233	-5.5497	-3.05964	6	112792044	A	AT	0.0022160318769858583	2.654423996696547
6:128872112:C:T	0.00100199	0.0553758	-4.01215	-3.05952	6	128872112	C	T	0.002216919849496419	2.6542500080811187
6:162484175:A:C	0.000645593	0.0650691	-4.61303	-3.05947	6	162484175	A	C	0.0022172899342729367	2.654177514543605
6:156174687:T:C	6.52334e-05	0.010517	-5.08278	-3.05945	6	156174687	T	C	0.002217437984036013	2.6541485174117136
6:82708281:AT:A	0.0108207	0.000159366	4.21801	3.05897	6	82708281	AT	A	0.002220993897277069	2.653452634779997
6:32614995:G:A	3.55289e-06	0.00241607	-6.52214	-3.05889	6	32614995	G	A	0.0022215870572851876	2.6533366634009377
6:90055664:G:A	0.000115032	0.00377042	-3.48973	-3.05867	6	90055664	G	A	0.0022232189959391587	2.6530177554550862
6:109281258:G:C	6.07523e-05	0.00830218	-4.91747	-3.05865	6	109281258	G	C	0.0022233674084604195	2.6529887647943
6:109281240:G:A	6.07523e-05	0.00830218	-4.91747	-3.05865	6	109281240	G	A	0.0022233674084604195	2.6529887647943
6:109281140:A:C	6.07559e-05	0.00830218	-4.91741	-3.0586	6	109281140	A	C	0.002223738479485784	2.652916288850104
6:29959084:A:T	0.000116289	9.48249e-06	2.50664	3.05832	6	29959084	A	T	0.0022258175262287556	2.6525104422475936
6:29959083:T:C	0.000116289	9.48249e-06	2.50664	3.05832	6	29959083	T	C	0.0022258175262287556	2.6525104422475936
6:111387380:G:A	2.05982e-05	0.0139947	-6.52123	-3.05827	6	111387380	G	A	0.0022261889719621315	2.6524379729765934
6:92581380:CAAAAAAAAA:C	0.00201442	1.44513e-05	4.9373	3.05823	6	92581380	CAAAAAAAAA	C	0.002226486169446913	2.652379998287774
6:32446425:C:CAAAA	4.70312e-06	0.00234904	-6.21354	-3.05807	6	32446425	C	CAAAA	0.0022276753230073103	2.652148106003419
6:132167348:A:T	9.66518e-05	0.00347776	-3.58303	-3.05801	6	132167348	A	T	0.0022281214056217363	2.652061149066034
6:125408827:T:A	0.0583139	0.00375346	2.74316	3.05797	6	125408827	T	A	0.002228418839505534	2.652003178583305
6:94054705:G:GAC	1.27351e-05	0.00520464	-6.01294	-3.05771	6	94054705	G	GAC	0.002230353046787405	2.651626386218283
6:43308652:G:A	7.08189e-05	0.00672549	-4.55353	-3.05756	6	43308652	G	A	0.002231469635285115	2.6514090184438155
6:88664659:C:T	3.59841e-05	0.00179568	-3.91006	-3.05741	6	88664659	C	T	0.0022325867360057238	2.6511916597688945
6:94449712:T:TAC	0.0220101	0.000158107	4.93598	3.05735	6	94449712	T	TAC	0.00223303371976338	2.6511047188467893
6:30138247:A:T	6.56186e-05	0.0125411	-5.2529	-3.05714	6	30138247	A	T	0.002234598808774358	2.6508004370847513
6:95519536:T:C	5.72636e-06	0.00146707	-5.54594	-3.05685	6	95519536	T	C	0.002236761774680544	2.650380267781319
6:86277198:G:A	0.00470886	3.20598e-05	4.9896	3.05681	6	86277198	G	A	0.0022370602653148724	2.6503223160637845
6:7424973:G:A	0.00104663	2.08128e-05	3.91776	3.05676	6	7424973	G	A	0.0022374334299355265	2.650249877326799
6:4414941:G:T	0.000358577	0.0353601	-4.5912	-3.05674	6	4414941	G	T	0.00223758271175402	2.6502209021150938
6:4414950:A:T	0.000358577	0.0353601	-4.5912	-3.05674	6	4414950	A	T	0.00223758271175402	2.6502209021150938
6:4414918:A:G	0.000358577	0.0353601	-4.5912	-3.05674	6	4414918	A	G	0.00223758271175402	2.6502209021150938
6:80015335:T:C	4.39053e-05	0.00598433	-4.91487	-3.05668	6	80015335	T	C	0.002238030611971049	2.6501339774505714
6:68875382:TA:T	0.00610192	2.48395e-05	5.50392	3.05666	6	68875382	TA	T	0.002238179930298906	2.650105002885927
6:26126956:C:T	6.98467e-05	0.00701342	-4.60928	-3.05655	6	26126956	C	T	0.002239001344288945	2.6499456456719317
6:90050222:T:A	0.00501045	0.000191485	3.26447	3.05635	6	90050222	T	A	0.002240495532006664	2.649655917819577
6:83484607:CAAA:C	0.00940056	0.000269159	3.55322	3.0562	6	83484607	CAAA	C	0.002241616772338245	2.6494386325460337
6:66025963:A:T	3.76459e-05	0.0187483	-6.21063	-3.05603	6	66025963	A	T	0.002242888132915689	2.6491923869025342
6:62791986:A:G	2.22136e-06	0.000904832	-6.00963	-3.05538	6	62791986	A	G	0.002247755312524213	2.6482509672152195
6:22469660:A:C	2.97227e-05	0.020096	-6.51637	-3.05494	6	22469660	A	C	0.0022510555094088173	2.6476137954780654
6:111388538:G:A	1.99949e-05	0.0135174	-6.51625	-3.05486	6	111388538	G	A	0.002251656021969437	2.6474979544826476
6:64095285:T:C	6.15441e-05	0.0011258	-2.90649	-3.05474	6	64095285	T	C	0.002252557066026271	2.6473241978421824
6:8697032:AG:A	0.00342492	1.79143e-05	5.25324	3.05436	6	8697032	AG	A	0.0022554125521480704	2.646774006897368
6:95249724:A:AC	0.0204732	0.000865212	3.1639	3.05426	6	95249724	A	AC	0.0022561645468869426	2.646629229511825
6:40475915:A:T	0.0292714	0.00201762	2.67469	3.05414	6	40475915	A	T	0.0022570672438013504	2.646455501986997
6:147467881:C:CA	0.00347319	0.000233755	2.69855	3.05406	6	147467881	C	CA	0.002257669225568804	2.646339686872146
6:29796870:G:A	5.10415e-07	1.66183e-05	-3.48303	-3.05398	6	29796870	G	A	0.002258271354433307	2.6462238743453135
6:10857757:TAC:T	0.0335543	0.000297795	4.72451	3.05392	6	10857757	TAC	T	0.0022587230476334205	2.646137016648573
6:29793329:T:C	1.39521e-06	0.000566758	-6.00689	-3.05346	6	29793329	T	C	0.002262188779759733	2.645471156003409
6:33149216:C:T	0.000142497	0.0287029	-5.30543	-3.05337	6	33149216	C	T	0.002262867427376056	2.6453408889288603
6:109277534:G:A	0.00765408	6.79935e-05	4.72358	3.05329	6	109277534	G	A	0.0022634708262851463	2.6452250987234134
6:32614781:G:C	3.45432e-06	0.00232978	-6.5139	-3.05325	6	32614781	G	C	0.0022637725810149864	2.6451672045911736
6:32614764:A:G	3.45432e-06	0.00232978	-6.5139	-3.05325	6	32614764	A	G	0.0022637725810149864	2.6451672045911736
6:84831123:G:A	4.5159e-05	0.00808714	-5.18784	-3.05324	6	84831123	G	A	0.0022638480254559682	2.645152731159206
6:3695451:A:AAT	0.0252596	0.000668517	3.6319	3.05314	6	3695451	A	AAT	0.002264602596570593	2.6450079990635422
6:19126674:C:T	3.02471e-06	0.00158461	-6.26128	-3.05313	6	19126674	C	T	0.002264678066353919	2.6449935260763766
6:150990663:G:A	0.0105212	0.000221199	3.86209	3.05299	6	150990663	G	A	0.0022657348852927186	2.6447909085019017
6:55732270:T:A	3.04972e-05	0.0151151	-6.20582	-3.05265	6	55732270	T	A	0.0022683033268803368	2.6442988702456223
6:73335086:C:CA	0.00236609	9.09945e-05	3.25819	3.05233	6	73335086	C	CA	0.0022707231200721485	2.6438358181165413
6:96194199:T:A	1.26665e-05	0.00425522	-5.81694	-3.0522	6	96194199	T	A	0.0022717068363968013	2.6436477150165145
6:95455356:C:CT	0.00797015	1.48445e-05	6.28583	3.05214	6	95455356	C	CT	0.002272160990981655	2.6435609005059333
6:44754054:C:T	3.70402e-05	0.00501705	-4.90859	-3.05194	6	44754054	C	T	0.002273675440391349	2.643271529317148
6:75898266:T:A	0.000121226	0.0164099	-4.90798	-3.05147	6	75898266	T	A	0.002277238037183883	2.6425915706882153
6:75897937:G:A	0.000121233	0.0164099	-4.90793	-3.05143	6	75897937	G	A	0.0022775414729152323	2.642533705993057
6:32701355:C:T	0.00845579	7.99e-05	4.66183	3.05143	6	32701355	C	T	0.0022775414729152323	2.642533705993057
6:42432843:CA:C	0.00824458	0.000237607	3.54669	3.05128	6	42432843	CA	C	0.0022786796868173374	2.642316719148098
6:64967827:T:C	2.68905e-05	0.0054008	-5.30253	-3.05114	6	64967827	T	C	0.00227974248990988	2.6421142063009286
6:75213471:TA:T	0.00334679	1.39365e-05	5.48125	3.05114	6	75213471	TA	T	0.00227974248990988	2.6421142063009286
6:79325061:A:T	2.63669e-05	0.00499978	-5.24504	-3.05113	6	79325061	A	T	0.0022798184217900823	2.642099741400815
6:72272757:A:G	2.78206e-05	0.0033391	-4.78768	-3.0511	6	72272757	A	G	0.002280046231331846	2.642056346943075
6:96086797:G:T	0.00324462	0.000125647	3.25128	3.05078	6	96086797	G	T	0.002282477497641724	2.6415934953700937
6:38211435:G:GA	0.00576662	3.51e-05	5.10164	3.05077	6	38211435	G	GA	0.002282553512967058	2.6415790319255916
6:148055456:C:T	4.13702e-05	0.0204406	-6.20272	-3.05048	6	148055456	C	T	0.002284758966461421	2.6411596096235463
6:65933945:C:A	0.000124031	0.019764	-5.07109	-3.05042	6	65933945	C	A	0.0022852155108301353	2.6410728368410195
6:31391142:C:G	7.02756e-06	0.00284213	-6.00247	-3.05035	6	31391142	C	G	0.0022857482515470425	2.6409716037677713
6:8033288:C:A	2.10098e-05	0.00209263	-4.60119	-3.05027	6	8033288	C	A	0.002286357237386417	2.6408559112528884
6:78213259:G:C	4.13193e-06	0.00215382	-6.25625	-3.0499	6	78213259	G	C	0.002289175730673327	2.640320867031744
6:66513289:C:G	2.21087e-06	0.000138455	-4.13716	-3.04984	6	66513289	C	G	0.0022896330834262426	2.640234108319774
6:12963730:G:A	0.0111791	0.000330192	3.52213	3.04976	6	12963730	G	A	0.0022902430172973246	2.6401184323013505
6:143385283:G:T	0.00048056	0.0478303	-4.60046	-3.0497	6	143385283	G	T	0.002290700565368746	2.6400316769856826
6:94725710:A:G	0.00651439	0.000537857	2.49418	3.04958	6	94725710	A	G	0.0022916159127174423	2.639858170721001
6:68446473:T:A	0.00846819	0.000120729	4.25052	3.04953	6	68446473	T	A	0.0022919974063208485	2.6397858781624053
6:76491045:C:T	1.28226e-05	0.00860146	-6.50847	-3.04953	6	76491045	C	T	0.0022919974063208485	2.6397858781624053
6:128942484:G:A	4.52289e-06	0.000246723	-3.99911	-3.04946	6	128942484	G	A	0.002292531595098435	2.6396846702785077
6:30935668:G:GT	7.2467e-05	0.00868027	-4.78568	-3.04946	6	30935668	G	GT	0.002292531595098435	2.6396846702785077
6:141093285:A:G	3.45476e-05	0.00876246	-5.53589	-3.04938	6	141093285	A	G	0.002293142236202184	2.639569006551385
6:77087827:G:A	2.50956e-05	0.00616895	-5.50459	-3.04913	6	77087827	G	A	0.002295051450049983	2.6392075740821266
6:24338687:C:A	0.000220588	0.0224747	-4.62385	-3.04902	6	24338687	C	A	0.0022958919653183496	2.639048551801057
6:68251593:C:A	3.0987e-05	0.00785315	-5.5351	-3.04879	6	68251593	C	A	0.002297650317526362	2.6387160664764604
6:88097544:A:T	0.00165559	0.0635845	-3.64821	-3.0487	6	88097544	A	T	0.002298338704101053	2.6385859693454043
6:24158777:CAA:C	0.0046448	0.000276013	2.82305	3.04861	6	24158777	CAA	C	0.0022990272795832332	2.6384558754892344
6:133711721:C:A	0.00102344	4.27787e-06	5.47747	3.04852	6	133711721	C	A	0.0022997160440191636	2.6383257849079413
6:68451640:A:C	5.97314e-05	0.0199632	-5.81179	-3.04851	6	68451640	A	C	0.0022997925850667526	2.6383113306010615
6:167765154:C:A	5.73015e-05	0.0145119	-5.5344	-3.04827	6	167765154	C	A	0.002301630270374087	2.637964439365044
6:69348493:C:CA	0.000749359	3.39066e-05	3.09561	3.0481	6	69348493	C	CA	0.002302932777801789	2.637718738829441
6:68448805:A:G	0.00407793	0.000184521	3.09559	3.04808	6	68448805	A	G	0.0023030860583477335	2.6376898336522463
6:125501743:A:C	8.45963e-05	0.00710718	-4.43097	-3.04806	6	125501743	A	C	0.002303239348238193	2.63766092863677
6:8041691:GAC:G	0.00501834	4.76563e-05	4.65684	3.04792	6	8041691	GAC	G	0.002304312639160457	2.637458598056574
6:8041686:GC:G	0.00501834	4.76563e-05	4.65684	3.04792	6	8041686	GC	G	0.002304312639160457	2.637458598056574
6:162958818:A:G	4.29824e-05	0.0108791	-5.53381	-3.04783	6	162958818	A	G	0.00230500285377973	2.6373285325823494
6:89541392:CTTT:C	0.00293246	5.49795e-06	6.27922	3.04773	6	89541392	CTTT	C	0.0023057699809973862	2.637184019229574
6:139158670:C:CAA	4.6774e-05	0.00325759	-4.24342	-3.0476	6	139158670	C	CAA	0.002306767595973622	2.636996157915159
6:68354842:T:G	5.0486e-05	0.0105723	-5.34429	-3.04744	6	68354842	T	G	0.002307995972495004	2.636764953369305
6:30142084:A:C	0.00827904	7.21424e-05	4.74284	3.04734	6	30142084	A	C	0.002308764012030031	2.6366204557839246
6:31361315:A:C	1.94092e-05	0.00231886	-4.78308	-3.04734	6	31361315	A	C	0.002308764012030031	2.6366204557839246
6:30142054:T:C	0.00827904	7.21424e-05	4.74284	3.04734	6	30142054	T	C	0.002308764012030031	2.6366204557839246
6:34607649:CA:C	0.000105834	0.00619555	-4.06971	-3.04717	6	34607649	CA	C	0.0023100702164951335	2.6363748191672
6:15384372:A:ATT	2.52127e-05	0.0123981	-6.19795	-3.04714	6	15384372	A	ATT	0.0023103007934140284	2.6363314727418157
6:49855742:C:T	1.91161e-05	0.00468637	-5.50188	-3.04712	6	49855742	C	T	0.0023104545230703895	2.6363025753270364
6:40487903:T:TC	0.0186101	0.00123678	2.7112	3.04698	6	40487903	T	TC	0.0023115308930237587	2.636100297951579
6:31041278:C:T	7.13857e-05	0.0477054	-6.5047	-3.04695	6	31041278	C	T	0.0023117616034718244	2.636056953830621
6:32331396:G:T	5.27236e-05	0.0258989	-6.19689	-3.04639	6	32331396	G	T	0.002316072071523322	2.6352479303600265
6:32448589:A:G	1.23328e-05	0.00257849	-5.34269	-3.04629	6	32448589	A	G	0.0023168425721113847	2.635103475224319
6:29806470:TAAGAA:T	3.62592e-06	6.65097e-05	-2.90924	-3.04601	6	29806470	TAAGAA	T	0.002319001222845363	2.6346990223517266
6:4837940:AT:A	0.00473806	1.20415e-05	5.97503	3.04591	6	4837940	AT	A	0.002319772615832752	2.6345545825783985
6:116309110:CTTA:C	0.00197231	1.7223e-05	4.74072	3.04579	6	116309110	CTTA	C	0.0023206985976168314	2.6343812601867667
6:109281100:T:C	6.11155e-05	0.00820982	-4.90032	-3.04568	6	109281100	T	C	0.0023215477116153675	2.634222386441765
6:145167552:GACA:G	0.0155748	0.000119925	4.86654	3.04541	6	145167552	GACA	G	0.0023236331069745307	2.63383244435198
6:63011944:C:T	0.000501318	7.19122e-06	4.24438	3.04504	6	63011944	C	T	0.0023264936573631047	2.633298127130696
6:116322103:GTGAT:G	0.0118644	8.21233e-05	4.97307	3.04502	6	116322103	GTGAT	G	0.0023266483735443363	2.633269246695348
6:136315703:T:A	0.00232907	0.000156468	2.70037	3.04488	6	136315703	T	A	0.002327731650673405	2.6330670881755998
6:149962608:G:C	0.000111631	0.00693788	-4.12956	-3.04454	6	149962608	G	C	0.002330364389840904	2.6325761647577304
6:36402951:CTT:C	0.0200487	0.000287992	4.24299	3.04402	6	36402951	CTT	C	0.0023343962070426754	2.631825431097374
6:68449294:C:T	6.55114e-05	0.0217555	-5.8054	-3.04392	6	68449294	C	T	0.0023351722884610918	2.631681071771259
6:140021741:A:G	0.00240776	9.97793e-06	5.48608	3.04369	6	140021741	A	G	0.002336958172469571	2.631349060662211
6:130758283:G:A	6.27376e-05	0.00872716	-4.93523	-3.04366	6	130758283	G	A	0.0023371912060477368	2.6313057564419204
6:32333545:C:T	2.08415e-05	0.00289798	-4.93482	-3.04334	6	32333545	C	T	0.002339678221936193	2.63084386739618
6:32333598:T:TA	2.08415e-05	0.00289798	-4.93482	-3.04334	6	32333598	T	TA	0.002339678221936193	2.63084386739618
6:26196202:A:G	2.19981e-05	0.00070536	-3.46775	-3.04328	6	26196202	A	G	0.0023401448071228848	2.6307572678084044
6:84461719:C:T	7.83951e-05	0.0260095	-5.80446	-3.04325	6	84461719	C	T	0.0023403781316671426	2.630713968560234
6:66023734:A:C	0.00278923	2.51473e-05	4.70877	3.04324	6	66023734	A	C	0.0023404559112491295	2.6306995355583562
6:51171734:T:C	1.83116e-06	1.22308e-07	2.70616	3.04309	6	51171734	T	C	0.002341622889061497	2.630483045381012
6:68884008:A:G	1.251e-06	0.000260361	-5.33813	-3.04302	6	68884008	A	G	0.002342167661031561	2.6303820197441774
6:92878271:T:A	1.91575e-05	0.0127264	-6.49874	-3.04286	6	92878271	T	A	0.002343413289939855	2.6301511114406924
6:9810747:T:TG	3.40774e-05	0.0112986	-5.8038	-3.04278	6	9810747	T	TG	0.0023440363318493716	2.6300356611695546
6:8024516:C:CAAA	4.95263e-06	0.00255271	-6.24499	-3.04268	6	8024516	C	CAAA	0.0023448153475412767	2.629891351968685
6:167770222:A:C	2.79035e-05	0.00492908	-5.17415	-3.04267	6	167770222	A	C	0.002344893262148009	2.6298769212709243
6:19533151:GTAC:G	0.021368	0.000113703	5.23606	3.04258	6	19533151	GTAC	G	0.002345594600298783	2.6297470468100874
6:89116444:A:G	5.22344e-06	9.39635e-05	-2.88975	-3.04257	6	89116444	A	G	0.0023456725386156257	2.6297326165165504
6:139148714:T:C	7.82797e-05	0.00606942	-4.35073	-3.04255	6	139148714	T	C	0.002345828422363457	2.6297037560507466
6:18545758:CAAAAAAAAA:C	0.00618688	1.58027e-05	5.97001	3.04247	6	18545758	CAAAAAAAAA	C	0.002346452052219629	2.6295883158044324
6:98800189:CA:C	0.00155916	8.39019e-06	5.22484	3.04244	6	98800189	CA	C	0.0023466859525520497	2.6295450263790348
6:119508264:AG:A	0.0116662	6.20917e-05	5.23584	3.04243	6	119508264	AG	A	0.002346763924073837	2.629530596651414
6:73781750:TAC:T	0.00126357	6.80084e-06	5.22465	3.04231	6	73781750	TAC	T	0.002347699767390394	2.6293574430729
6:30136703:A:G	6.82079e-05	0.0127798	-5.23306	-3.04197	6	30136703	A	G	0.0023503531795388112	2.6288668728771953
6:15590286:TTCAGG:T	0.0297318	5.62578e-05	6.27003	3.0416	6	15590286	TTCAGG	T	0.0023532438362353714	2.628333070169935
6:73616131:A:G	4.30837e-05	1.96561e-06	3.08734	3.04153	6	73616131	A	G	0.0023537910832851887	2.628232086693454
6:154180409:TA:T	0.0197133	3.73093e-05	6.26981	3.04145	6	154180409	TA	T	0.0023544166511701645	2.6281166794313187
6:31291393:G:A	1.54377e-05	0.00752746	-6.1895	-3.04121	6	31291393	G	A	0.0023562942683324336	2.6277704731665668
6:66023784:G:A	0.00425437	2.96095e-05	4.96761	3.04112	6	66023784	G	A	0.002356998728169681	2.627640651819774
6:48489215:ATATATGTAT:A	0.00261699	6.69835e-06	5.96792	3.04104	6	48489215	ATATATGTAT	A	0.0023576250765785763	2.627525257815672
6:165452832:A:G	0.000218692	0.0260973	-4.78192	-3.04096	6	165452832	A	G	0.002358251577386055	2.627409866398482
6:122488172:G:A	1.86508e-06	0.000744255	-5.98908	-3.04095	6	122488172	G	A	0.0023583299007041672	2.6273954426532242
6:47241481:AT:A	0.0329801	0.000475873	4.23851	3.04074	6	47241481	AT	A	0.0023599752406818233	2.627092553339921
6:168425168:GT:G	1.89863e-05	0.00334451	-5.17136	-3.04051	6	168425168	GT	G	0.002361778485608822	2.626760837877919
6:151630661:T:G	2.90657e-05	0.00285851	-4.5885	-3.04041	6	151630661	T	G	0.002362562898563794	2.6266166204332824
6:47057975:A:T	3.21929e-05	0.00445902	-4.93094	-3.04032	6	47057975	A	T	0.0023632690741645437	2.6264868281889906
6:31046339:C:T	5.29529e-05	0.00538429	-4.62184	-3.04011	6	31046339	C	T	0.002364917568867222	2.6261839923511183
6:90241017:T:C	1.53197e-05	0.00212134	-4.93066	-3.0401	6	90241017	T	C	0.002364996094869872	2.6261695720415466
6:51155662:A:C	5.30951e-08	7.35151e-06	-4.93058	-3.04003	6	51155662	A	C	0.002365545843736574	2.6260686310062846
6:109280682:C:T	6.15826e-05	0.00821067	-4.89281	-3.04	6	109280682	C	T	0.0023657814862088093	2.6260253711688892
6:109280481:T:C	6.15826e-05	0.00821067	-4.89281	-3.04	6	109280481	T	C	0.0023657814862088093	2.6260253711688892
6:109280500:G:C	6.15826e-05	0.00821067	-4.89281	-3.04	6	109280500	G	C	0.0023657814862088093	2.6260253711688892
6:29806594:C:T	6.8721e-05	4.76443e-06	2.66888	3.03937	6	29806594	C	T	0.0023707349453721328	2.625116998614368
6:66023665:T:C	0.00401071	2.79899e-05	4.96488	3.03917	6	66023665	T	C	0.002372309456707984	2.6248286599221675
6:159278093:C:G	0.00159716	0.000112335	2.65449	3.03912	6	159278093	C	G	0.002372703234104865	2.624756577775248
6:8454132:T:C	1.78489e-05	0.00432783	-5.49088	-3.03895	6	8454132	T	C	0.0023740425249163632	2.6245115060338655
6:32635518:G:C	2.29111e-05	0.0151306	-6.49285	-3.03882	6	32635518	G	C	0.0023750671554391145	2.6243241061130904
6:4422123:C:T	0.000168136	0.0223792	-4.89111	-3.03871	6	4422123	C	T	0.0023759344667105974	2.6241655422844756
6:30135968:C:T	7.09166e-05	0.0132297	-5.22871	-3.03864	6	30135968	C	T	0.0023764865430276508	2.6240646405762
6:57363565:A:G	1.32399e-05	0.00643166	-6.18575	-3.03858	6	57363565	A	G	0.0023769598447726317	2.6239781549739525
6:78434051:AG:A	0.00215256	1.67327e-05	4.85705	3.03854	6	78434051	AG	A	0.002377275427211634	2.6239204987141314
6:89543802:A:G	1.20551e-05	0.00292127	-5.49029	-3.03851	6	89543802	A	G	0.0023775121392135634	2.623877256943648
6:11922961:C:T	0.046611	0.00232241	2.99923	3.03849	6	11922961	C	T	0.002377669959202825	2.623848429298743
6:125409300:A:C	0.0573747	0.00378879	2.71756	3.03839	6	125409300	A	C	0.002378459203024218	2.6237042934992463
6:101764843:A:G	0.000503103	0.0160181	-3.46068	-3.03833	6	101764843	A	G	0.002378932864435852	2.623617813959563
6:162759854:A:G	8.07209e-05	0.0111515	-4.92833	-3.03829	6	162759854	A	G	0.002379248686685101	2.6235601617414464
6:139950259:A:G	4.41782e-05	0.00872224	-5.2854	-3.03802	6	139950259	A	G	0.0023813814910763277	2.623171026183559
6:84663699:G:A	4.16097e-06	0.00274368	-6.49131	-3.03777	6	84663699	G	A	0.0023833578704490336	2.6228107417525277
6:72500917:G:A	1.16246e-05	0.00594421	-6.23705	-3.03758	6	72500917	G	A	0.0023848609229321625	2.6225369424789036
6:33143316:T:C	8.0912e-05	0.0111659	-4.92725	-3.03745	6	33143316	T	C	0.0023858898271975695	2.622349614540302
6:132155601:A:G	0.000172714	0.00549152	-3.45932	-3.03738	6	132155601	A	G	0.002386444020877802	2.6222487484793873
6:69349181:T:G	1.02335e-05	0.00522956	-6.23642	-3.03718	6	69349181	T	G	0.0023880280808096076	2.62196057064612
6:142594822:A:C	5.19715e-05	0.0102482	-5.28416	-3.03707	6	142594822	A	C	0.00238889972400752	2.6218020797286474
6:131684915:A:G	0.000151656	0.00582439	-3.6482	-3.03655	6	131684915	A	G	0.002393024163226029	2.6210529161367724
6:29946641:C:T	0.000240526	1.67463e-05	2.66465	3.0364	6	29946641	C	T	0.0023942151161181146	2.620836831562875
6:32442914:G:A	3.74143e-06	0.00190927	-6.23501	-3.03628	6	32442914	G	A	0.0023951682690607685	2.6206639704508787
6:102815670:C:T	7.62973e-05	0.00242199	-3.45771	-3.03625	6	102815670	C	T	0.0023954066115651506	2.6206207560821984
6:29811401:C:T	8.39476e-05	3.31065e-06	3.23305	3.0362	6	29811401	C	T	0.0023958038973200093	2.620548732942681
6:3280657:G:A	0.0205289	0.00145711	2.64538	3.03607	6	3280657	G	A	0.0023968371225843786	2.6203614775083737
6:15090843:T:C	0.000220602	0.0211904	-4.56495	-3.0359	6	15090843	T	C	0.0023981888787820444	2.6201166153228885
6:147875660:C:G	0.000151026	0.0598193	-5.98163	-3.03572	6	147875660	C	G	0.002399620910662652	2.6198573622097308
6:127917141:G:C	2.1218e-05	0.004176	-5.28226	-3.03562	6	127917141	G	C	0.0024004168221169178	2.619713338360302
6:131537639:A:C	4.35714e-05	0.00401901	-4.52439	-3.03558	6	131537639	A	C	0.0024007352543556075	2.619655729952102
6:66023991:C:T	0.00425307	2.9834e-05	4.95975	3.03551	6	66023991	C	T	0.002401292603819279	2.6195549167936614
6:83618941:G:A	8.0444e-06	0.000772165	-4.56422	-3.03532	6	83618941	G	A	0.0024028060066122315	2.619281291059922
6:73636851:T:C	0.00261622	4.99735e-06	6.26058	3.03529	6	73636851	T	C	0.0024030450447441046	2.619238088330327
6:73636819:T:G	0.00261622	4.99735e-06	6.26058	3.03529	6	73636819	T	G	0.0024030450447441046	2.619238088330327
6:15098049:C:T	4.63251e-05	0.00444617	-4.56411	-3.03523	6	15098049	C	T	0.0024035231863120984	2.619151683962283
6:114909194:T:C	0.000199397	1.35719e-05	2.6873	3.03517	6	114909194	T	C	0.002404001414964199	2.6190652810490973
6:132265608:T:C	3.80802e-05	0.00120662	-3.45588	-3.03497	6	132265608	T	C	0.002405596139593519	2.618777281845757
6:85539938:TTTTTATTTT:T	0.000608014	3.30707e-06	5.21414	3.03495	6	85539938	TTTTTATTTT	T	0.0024057556653033258	2.618748482814497
6:8681913:CATCTT:C	0.00704995	2.95697e-05	5.47403	3.03494	6	8681913	CATCTT	C	0.0024058354317894434	2.6187340833594868
6:38606491:TTTGA:T	0.0353794	9.13743e-05	5.95892	3.03487	6	38606491	TTTGA	T	0.002406393864981229	2.618633288305953
6:114908200:C:CA	0.000201522	1.37225e-05	2.68686	3.03485	6	114908200	C	CA	0.002406553439112994	2.6186044900829404
6:30142102:G:GT	6.14634e-05	0.0114094	-5.22375	-3.03484	6	30142102	G	GT	0.0024066332298110843	2.618590091032052
6:57257270:AT:A	0.00988953	4.14893e-05	5.4738	3.03477	6	57257270	AT	A	0.002407191832504962	2.6184892988073756
6:19183170:C:CAT	1.66999e-05	0.00850167	-6.23262	-3.03474	6	19183170	C	CAT	0.002407431269988401	2.61844610274584
6:68115151:T:C	0.0349693	9.03346e-05	5.95871	3.03472	6	68115151	T	C	0.002407590907088307	2.6184173055735434
6:32632894:C:T	1.27883e-05	0.00505695	-5.97999	-3.03457	6	32632894	C	T	0.002408788494222576	2.618201331933847
6:31724898:C:CA	8.24682e-06	0.00326043	-5.97979	-3.03443	6	31724898	C	CA	0.002409906734145332	2.6179997647404063
6:80009773:C:T	0.00914962	8.35758e-05	4.69571	3.03439	6	80009773	C	T	0.002410226318531031	2.6179421755685315
6:10857413:C:T	0.000354538	0.0487297	-4.92323	-3.03432	6	10857413	C	T	0.0024107856845520283	2.6178413960735964
6:76377130:CT:C	0.000288122	6.3593e-06	3.81347	3.03414	6	76377130	CT	C	0.0024122245999916364	2.617582257893489
6:31395463:AAAAAAAGG:A	0.00360429	2.81914e-05	4.85086	3.03405	6	31395463	AAAAAAAGG	A	0.0024129443524642863	2.617452693713413
6:162485889:T:C	0.000673378	0.0629999	-4.53858	-3.03379	6	162485889	T	C	0.002415024741719806	2.6170784155802362
6:32635628:C:T	2.30852e-05	0.0151306	-6.48528	-3.03364	6	32635628	C	T	0.0024162257129627237	2.6168624983143607
6:32270149:T:C	6.13225e-05	0.0147613	-5.48362	-3.03356	6	32270149	T	C	0.002416866454452312	2.6167473461570063
6:165452169:A:G	0.000219532	0.0259461	-4.77228	-3.03342	6	165452169	A	G	0.002417988126292321	2.6165458361048524
6:86281455:A:G	1.76715e-05	0.00852151	-6.17839	-3.03342	6	86281455	A	G	0.002417988126292321	2.6165458361048524
6:67795395:C:G	2.36227e-05	0.0113897	-6.17826	-3.03332	6	67795395	C	G	0.0024187896121581937	2.616401905202553
6:67795446:A:T	2.36227e-05	0.0113897	-6.17826	-3.03332	6	67795446	A	T	0.0024187896121581937	2.616401905202553
6:78697501:C:A	6.76439e-06	0.00443067	-6.48463	-3.0332	6	78697501	C	A	0.0024197517161652212	2.61622919345394
6:29899807:T:A	0.000192649	1.34752e-05	2.66002	3.03315	6	29899807	T	A	0.002420152696201937	2.6161572319427777
6:64096130:A:C	6.01907e-05	0.00106812	-2.87614	-3.03268	6	64096130	A	C	0.002423924882370335	2.615480843118602
6:29806618:A:G	6.74684e-05	5.70672e-06	2.47001	3.03264	6	29806618	A	G	0.002424246167840537	2.6154232822340604
6:47055714:A:G	2.83961e-05	0.00703921	-5.513	-3.03236	6	47055714	A	G	0.002426496257698513	2.6150203741455798
6:29899812:A:C	0.000192242	1.34619e-05	2.65889	3.03236	6	29899812	A	C	0.002426496257698513	2.6150203741455798
6:73115518:G:C	0.0484026	0.00293816	2.80177	3.03217	6	73115518	G	C	0.0024280241927996014	2.6147469902709877
6:161107042:ACG:A	0.0019313	4.17631e-05	3.83394	3.03209	6	161107042	ACG	A	0.002428667797291703	2.6146318856353
6:153060715:CT:C	0.0234997	6.09393e-05	5.95486	3.03208	6	153060715	CT	C	0.0024287482588308527	2.6146174977376777
6:73611477:G:A	5.92061e-06	0.00387035	-6.48266	-3.03184	6	73611477	G	A	0.0024306800678307395	2.614272200317265
6:57362897:G:C	1.41686e-05	0.00681511	-6.17587	-3.03165	6	57362897	G	C	0.0024322104138394572	2.6139988563661998
6:33195674:G:A	0.0257578	0.000202145	4.84751	3.03162	6	33195674	G	A	0.002432452128011706	2.6139556981284437
6:18680988:G:T	7.41865e-05	0.0072134	-4.57711	-3.03156	6	18680988	G	T	0.0024329356223116855	2.6138693827439443
6:149545316:G:A	7.09541e-06	0.000407159	-4.04976	-3.03151	6	149545316	G	A	0.00243333860141368	2.6137974543680773
6:72501664:A:G	1.26841e-05	0.00314009	-5.51165	-3.03136	6	72501664	A	G	0.002434547905270997	2.613581675301634
6:80011025:A:T	7.92489e-05	0.00796958	-4.61079	-3.03129	6	80011025	A	T	0.00243511243527986	2.613480981515345
6:38616771:G:A	6.27931e-06	0.00247136	-5.97526	-3.03125	6	38616771	G	A	0.002435435077642876	2.6134234430978593
6:4415741:T:C	0.000343277	0.0327805	-4.55905	-3.03121	6	4415741	T	C	0.0024357577591286508	2.6133659053268925
6:80018461:CA:C	3.99783e-05	0.00526818	-4.8811	-3.03114	6	80018461	CA	C	0.002436322545880612	2.6132652157833824
6:80018239:T:C	3.99783e-05	0.00526818	-4.8811	-3.03114	6	80018239	T	C	0.002436322545880612	2.6132652157833824
6:32700169:T:G	7.2321e-05	0.0133596	-5.21888	-3.03112	6	32700169	T	G	0.002436483935536133	2.613236447706045
6:107807381:C:T	1.07681e-05	0.000280353	-3.25946	-3.0311	6	107807381	C	T	0.0024366453349757783	2.613207679790336
6:26061541:G:C	4.29575e-06	0.000747499	-5.15911	-3.03105	6	26061541	G	C	0.0024370488763838984	2.6131357607081918
6:88440198:T:A	0.00201445	1.26284e-05	5.07215	3.03082	6	88440198	T	A	0.002438905954759939	2.612804945941401
6:63083762:C:A	2.63182e-06	0.0012641	-6.17444	-3.03064	6	63083762	C	A	0.002440360223722083	2.6125460623383914
6:152838923:T:C	2.07019e-05	0.00511991	-5.51066	-3.03062	6	152838923	T	C	0.0024405218581393566	2.6125172983017455
6:109286246:C:T	4.49162e-05	0.00446237	-4.59864	-3.0301	6	109286246	C	T	0.002444727793405503	2.611769490079472
6:95443600:T:C	9.82996e-05	0.00668746	-4.21997	-3.0299	6	95443600	T	C	0.00244634722630762	2.611481900624774
6:123696571:A:AAC	0.00795133	0.000568986	2.63724	3.02984	6	123696571	A	AAC	0.0024468332475741975	2.611395626940007
6:48388434:C:T	0.000150664	0.0233695	-5.04413	-3.0296	6	48388434	C	T	0.002448778216403993	2.611050546746895
6:89716938:A:G	4.69423e-07	0.000112391	-5.47824	-3.02956	6	89716938	A	G	0.002449102515392009	2.6109930356440727
6:49854044:C:T	0.00277215	1.19079e-05	5.45018	3.02956	6	49854044	C	T	0.002449102515392009	2.6109930356440727
6:169713199:A:G	2.11574e-05	0.00201607	-4.55692	-3.02952	6	169713199	A	G	0.0024494268536817345	2.6109355251877338
6:69503119:T:C	0.000574459	4.30182e-06	4.89439	3.02939	6	69503119	T	C	0.0024504812246020904	2.610748620669387
6:32736746:G:A	3.05187e-05	0.00992898	-5.78487	-3.0292	6	32736746	G	A	0.0024520229753705195	2.610475464810275
6:81118010:T:C	0.00233437	4.81135e-05	3.88194	3.02912	6	81118010	T	C	0.0024526723991069948	2.610360456180673
6:31045308:C:T	0.00243042	7.21362e-05	3.51726	3.02908	6	31045308	C	T	0.00245299716999573	2.6103029528355823
6:73104372:C:T	0.0583854	0.00412389	2.65027	3.02903	6	73104372	C	T	0.0024534031889468294	2.61023107456332
6:48330927:G:GATAT	6.03132e-05	0.0148816	-5.50833	-3.02889	6	48330927	G	GATAT	0.0024545403691995774	2.610029820774769
6:8507801:G:A	2.17146e-06	0.000399901	-5.21582	-3.02878	6	8507801	G	A	0.002455434206320884	2.609871698353636
6:67615877:C:A	9.85128e-06	0.00235601	-5.47712	-3.02873	6	67615877	C	A	0.0024558405943775046	2.609799826142014
6:73790185:A:C	4.26354e-05	0.00296806	-4.24298	-3.02868	6	73790185	A	C	0.0024562470439807712	2.609727954940493
6:19537583:G:A	0.000115829	0.00614942	-3.972	-3.02855	6	19537583	G	A	0.0024573041010471685	2.609541094543796
6:25125813:C:T	4.08109e-05	0.00247875	-4.10656	-3.02853	6	25125813	C	T	0.0024574667621535037	2.609512347396515
6:10719554:C:T	0.0239657	0.00163122	2.6873	3.02852	6	10719554	C	T	0.0024575480964014323	2.6094979738834803
6:93431127:T:C	0.000161503	0.0153685	-4.55555	-3.02843	6	93431127	T	C	0.002458280215487495	2.609368614084337
6:52213178:T:G	2.54797e-05	0.0128332	-6.22191	-3.02787	6	52213178	T	G	0.0024628401092546834	2.6085637822016623
6:87434099:C:CA	0.000377856	2.14146e-05	2.87044	3.02764	6	87434099	C	CA	0.002464715163902063	2.6082332629559972
6:68437313:C:A	0.000122982	0.048151	-5.97006	-3.0276	6	68437313	C	A	0.002465041393671979	2.608175783529799
6:141933755:T:C	5.93639e-05	0.00564199	-4.55431	-3.02745	6	141933755	T	C	0.0024662651072309997	2.6079602414389047
6:32689659:T:C	6.68259e-05	0.0319506	-6.16986	-3.02743	6	32689659	T	C	0.002466428311030456	2.6079315031802923
6:30137031:G:A	6.82188e-05	0.0125411	-5.21404	-3.02742	6	30137031	G	A	0.0024665099166359204	2.60791713411159
6:55733921:T:C	1.38953e-05	0.00137522	-4.59482	-3.02724	6	55733921	T	C	0.0024679792400683865	2.6076584977837163
6:161905325:C:A	0.000882187	0.217175	-5.50606	-3.0272	6	161905325	C	A	0.002468305865131409	2.6076010248218813
6:42293605:C:T	1.45106e-05	0.00567518	-5.96897	-3.02683	6	42293605	C	T	0.0024713290225692555	2.607069430569691
6:49327265:A:G	0.000701301	3.86133e-06	5.20193	3.0264	6	49327265	A	G	0.002474846678150992	2.606451701334668
6:61110744:A:C	4.02785e-07	0.000130485	-5.78061	-3.02615	6	61110744	A	C	0.00247689393218302	2.6060925907714174
6:147646427:T:TTGG	0.000112594	0.0439926	-5.96799	-3.02614	6	147646427	T	TTGG	0.0024769758545650903	2.606078226874096
6:31749915:A:G	7.20996e-06	0.00233554	-5.78054	-3.0261	6	31749915	A	G	0.0024773035688852685	2.606020771688816
6:44107982:G:A	9.7886e-05	0.0233243	-5.47345	-3.026	6	44107982	G	A	0.002478123028252423	2.6058771365536497
6:65982939:T:C	1.75928e-05	0.0114023	-6.47408	-3.02597	6	65982939	T	C	0.0024783689144206853	2.605834046800907
6:109281156:T:C	6.16643e-05	0.00807027	-4.87424	-3.02595	6	109281156	T	C	0.002478532850934044	2.605805320501081
6:24713065:C:A	5.89444e-05	0.0144824	-5.5041	-3.02574	6	24713065	C	A	0.0024802547834416487	2.6055037041095517
6:142593650:A:C	5.28866e-05	0.0102734	-5.26917	-3.02559	6	142593650	A	C	0.002481485405282114	2.605288274737898
6:32737333:C:A	3.08761e-05	0.00999458	-5.77982	-3.02558	6	32737333	C	A	0.0024815674665980576	2.605273913102987
6:32737237:T:C	3.08761e-05	0.00999458	-5.77982	-3.02558	6	32737237	T	C	0.0024815674665980576	2.605273913102987
6:38460939:T:C	7.66197e-06	0.00384499	-6.21826	-3.02553	6	38460939	T	C	0.002481977810422144	2.6052021055344268
6:29899198:A:G	0.000193191	1.3663e-05	2.64899	3.0254	6	29899198	A	G	0.0024830449949203863	2.6050154105829364
6:162485563:A:G	0.000662489	0.0638987	-4.56905	-3.0253	6	162485563	A	G	0.002483866191733583	2.60487180372774
6:107937726:T:C	7.81935e-05	0.0151791	-5.26849	-3.02507	6	107937726	T	C	0.0024857558874738644	2.604541523292345
6:77093971:G:A	4.69323e-05	0.0183059	-5.96627	-3.02493	6	77093971	G	A	0.002486906780950156	2.6043404934907013
6:34312869:G:T	4.25375e-05	3.0107e-06	2.64821	3.02486	6	34312869	G	T	0.0024874824104875533	2.604239981559203
6:38621825:G:A	6.5085e-06	0.00253801	-5.96603	-3.02476	6	38621825	G	A	0.002488304949857484	2.604096396519533
6:32736068:T:C	2.77188e-05	0.0108048	-5.96564	-3.02449	6	32736068	T	C	0.002490527049282148	2.6037087370915324
6:164287759:T:C	5.6081e-05	0.0266981	-6.16555	-3.02441	6	164287759	T	C	0.002491185797676172	2.603593880694569
6:68458096:G:A	7.24842e-05	0.0282495	-5.96546	-3.02437	6	68458096	G	A	0.0024915152316480234	2.6035364534656447
6:32916980:A:G	0.000300306	0.142952	-6.16546	-3.02435	6	32916980	A	G	0.002491679963579535	2.6035077400935727
6:31347597:C:T	1.89264e-05	0.00900888	-6.16541	-3.02431	6	31347597	C	T	0.0024920094573364303	2.6034503138342036
6:31347562:C:T	1.89264e-05	0.00900888	-6.16541	-3.02431	6	31347562	C	T	0.0024920094573364303	2.6034503138342036
6:30936495:A:G	0.000184243	0.0876113	-6.16441	-3.02361	6	30936495	A	G	0.0024977820545786615	2.6024454589255352
6:29811397:G:C	8.37706e-05	3.36996e-06	3.21318	3.02346	6	29811397	G	C	0.002499020630167894	2.6022301586270133
6:24071984:G:A	1.1456e-05	0.00445818	-5.96398	-3.02333	6	24071984	G	A	0.00250009451680721	2.602043572387206
6:75894587:CAT:C	0.0152095	0.000141247	4.67917	3.02316	6	75894587	CAT	C	0.0025014994671081923	2.60179958529786
6:160312807:C:T	4.4006e-05	0.0141966	-5.77643	-3.02315	6	160312807	C	T	0.0025015821337322766	2.6017852334797027
6:68883988:G:A	0.000970176	2.54895e-06	5.94179	3.02312	6	68883988	G	A	0.0025018301485998273	2.6017421782676124
6:108061145:T:TA	0.00497213	0.000340801	2.6803	3.02312	6	108061145	T	TA	0.0025018301485998273	2.6017421782676124
6:93544121:G:T	1.75203e-05	0.00428931	-5.50052	-3.02308	6	93544121	G	T	0.0025021608700814763	2.601684771883708
6:40011279:GT:G	0.0120716	6.67829e-05	5.19716	3.02307	6	40011279	GT	G	0.0025022435567008355	2.601670420388723
6:15572715:G:C	1.24658e-05	0.00592141	-6.16334	-3.02286	6	15572715	G	C	0.002503980553244475	2.60136904832559
6:95248777:A:C	0.0189608	0.000835668	3.1219	3.02249	6	95248777	A	C	0.002507043659819566	2.600838102797422
6:95248778:T:C	0.0189608	0.000835668	3.1219	3.02249	6	95248778	T	C	0.002507043659819566	2.600838102797422
6:31624287:C:T	4.04108e-05	0.0191852	-6.1628	-3.02248	6	31624287	C	T	0.002507126494037144	2.600823753685802
6:102223642:T:C	0.000100863	0.0195112	-5.26499	-3.02239	6	102223642	T	C	0.0025078721146692415	2.6006946134990283
6:36872613:A:AT	3.80212e-05	0.0147762	-5.96263	-3.02238	6	36872613	A	AT	0.002507954973926703	2.6006802647913645
6:132773883:A:C	0.00510652	0.000369024	2.62741	3.02231	6	132773883	A	C	0.0025085350588547814	2.6005798249687886
6:29893360:C:T	9.65958e-05	6.86537e-06	2.64405	3.02193	6	29893360	C	T	0.0025116862335480255	2.600034614755607
6:5521296:C:T	0.0337554	0.000142211	5.46959	3.02179	6	5521296	C	T	0.0025128481051406113	2.5998337625387364
6:5520617:C:T	0.0337094	0.000142049	5.46936	3.02163	6	5520617	C	T	0.0025141765604014604	2.59960422684275
6:64971070:T:C	1.84083e-05	0.00239518	-4.86841	-3.02154	6	64971070	T	C	0.0025149240987776267	2.5994751175581396
6:96657124:A:T	0.00036294	0.062377	-5.14671	-3.02147	6	96657124	A	T	0.00251550565807363	2.5993747014877493
6:32737123:G:A	3.08761e-05	0.00993562	-5.7739	-3.02134	6	32737123	G	A	0.0025165860231487385	2.5991882197511305
6:33019005:G:A	0.000293984	0.0945865	-5.77375	-3.02123	6	33019005	G	A	0.002517500509708236	2.5990304328444727
6:6714578:CCT:C	0.0223262	0.000501289	3.79633	3.02121	6	6714578	CCT	C	0.002517666812646717	2.599001744841112
6:66514431:G:A	1.20205e-05	0.00466267	-5.96073	-3.02104	6	66514431	G	A	0.0025190807934078285	2.5987579033361445
6:78699278:C:T	6.49363e-06	0.00307614	-6.16061	-3.02094	6	78699278	C	T	0.0025199128860851822	2.598614472609902
6:73675288:A:T	0.0181675	7.7683e-05	5.45475	3.02093	6	73675288	A	T	0.0025199961091792486	2.5986001297594425
6:30136121:A:G	7.01464e-05	0.0127798	-5.20504	-3.02053	6	30136121	A	G	0.0025233270952655837	2.598026448863612
6:88675102:GAA:G	3.40125e-05	0.00127763	-3.62603	-3.02048	6	88675102	GAA	G	0.0025237437515838214	2.597954743295863
6:116325116:AT:A	0.0110941	8.84465e-05	4.83178	3.02023	6	116325116	AT	A	0.002525827977292133	2.597596230604425
6:153606113:C:G	0.0224719	0.00116164	2.96243	3.02022	6	153606113	C	G	0.002525911379058952	2.597581890621873
6:153606178:G:A	0.0224719	0.00116164	2.96243	3.02022	6	153606178	G	A	0.002525911379058952	2.597581890621873
6:19684365:C:A	0.000177613	0.0358016	-5.30614	-3.02007	6	19684365	C	A	0.0025271627078738033	2.597366795730686
6:65784783:A:C	0.000752951	2.31196e-05	3.48332	3.02	6	65784783	A	C	0.0025277468553445946	2.5972664212250143
6:8031608:G:GA	1.95565e-05	0.00356024	-5.20428	-3.01995	6	8031608	G	GA	0.002528164179150029	2.597194726361302
6:31022793:GAA:G	0.0188866	0.000104966	5.19257	3.01985	6	31022793	GAA	G	0.0025289990158281943	2.597051339663293
6:62927036:A:C	1.16517e-05	0.00224628	-5.26158	-3.01978	6	62927036	A	C	0.0025295835515258772	2.596950971378016
6:31392249:C:G	1.92407e-05	0.00909777	-6.15876	-3.01965	6	31392249	C	G	0.0025306694456910003	2.596764578384882
6:29421353:C:T	0.00413436	3.14147e-05	4.87981	3.01959	6	29421353	C	T	0.0025311707714049947	2.596678553151924
6:29421534:T:C	0.00413436	3.14147e-05	4.87981	3.01959	6	29421534	T	C	0.0025311707714049947	2.596678553151924
6:61256174:A:AT	7.05062e-07	6.98433e-05	-4.59572	-3.01925	6	61256174	A	AT	0.002534013333341526	2.596191104298112
6:88691034:T:C	1.69561e-05	0.000801493	-3.85585	-3.01908	6	88691034	T	C	0.002535435708961497	2.5959473973808502
6:38623059:C:T	6.62799e-06	0.00425245	-6.46395	-3.01902	6	38623059	C	T	0.002535937898210415	2.5958613859617428
6:84835387:CA:C	0.00851057	1.66637e-05	6.23583	3.01879	6	84835387	CA	C	0.002537863799912337	2.5955316889921853
6:116309314:CACATACAT:C	0.00200757	5.30795e-06	5.93547	3.01879	6	116309314	CACATACAT	C	0.002537863799912337	2.5955316889921853
6:153902393:G:A	0.00397413	0.000109948	3.58755	3.01871	6	153902393	G	A	0.0025385339922765386	2.5954170167938306
6:18444244:G:A	0.0047754	2.65863e-05	5.19084	3.01864	6	18444244	G	A	0.0025391205433770714	2.595316680740773
6:158775974:C:G	5.15407e-05	0.00594476	-4.7479	-3.01858	6	158775974	C	G	0.0025396234001197502	2.595230679984808
6:24708295:A:G	3.43342e-05	0.016204	-6.15687	-3.01833	6	24708295	A	G	0.002541719617122254	2.5948723591528493
6:29899819:A:G	0.000190631	1.36189e-05	2.63888	3.01831	6	29899819	A	G	0.0025418873828265626	2.5948436945768263
6:27308415:GA:G	4.39477e-05	0.00429779	-4.58286	-3.01825	6	27308415	GA	G	0.0025423907407077753	2.5947577018181156
6:142592891:T:C	5.34089e-05	0.0102734	-5.25934	-3.01806	6	142592891	T	C	0.0025439853088298323	2.59448540100812
6:68883795:T:C	0.000970176	2.56845e-06	5.93417	3.0179	6	68883795	T	C	0.0025453288124330565	2.5942561063719674
6:71917108:A:T	8.91576e-05	0.0103288	-4.75228	-3.0178	6	71917108	A	T	0.002546168831679878	2.5941128024750015
6:31392895:G:A	2.07727e-05	0.00801982	-5.95603	-3.01774	6	31392895	G	A	0.002546672964922457	2.5940268220755094
6:30141635:C:T	6.44385e-05	0.0116943	-5.20114	-3.01756	6	30141635	C	T	0.002548185912442132	2.593768889601094
6:77657492:G:GCA	0.00478494	3.82923e-05	4.82798	3.01748	6	77657492	G	GCA	0.002548858597389256	2.5936542571462553
6:95094120:T:A	7.41901e-06	0.000246796	-3.50452	-3.01744	6	95094120	T	A	0.0025491950007623873	2.5935969418881695
6:26126557:T:TC	7.15416e-05	0.00655219	-4.51728	-3.01741	6	26126557	T	TC	0.0025494473299393764	2.5935539558686878
6:81133646:C:T	1.63671e-05	0.00249898	-5.02836	-3.01741	6	81133646	C	T	0.0025494473299393764	2.5935539558686878
6:125414493:G:A	0.0530847	0.00360315	2.69008	3.01737	6	125414493	G	A	0.0025497838043750474	2.5934966417414884
6:77280239:A:G	3.75412e-05	0.00884196	-5.46182	-3.01737	6	77280239	A	G	0.0025497838043750474	2.5934966417414884
6:83856538:T:C	2.40335e-05	0.00436019	-5.20082	-3.01731	6	83856538	T	C	0.0025502885921796043	2.5934106717623506
6:98290776:C:CA	5.91773e-06	0.00113693	-5.25814	-3.01714	6	98290776	C	CA	0.0025517193206634928	2.5931670980507624
6:73615837:T:C	3.08036e-06	0.000174386	-4.03623	-3.017	6	73615837	T	C	0.0025528981187918584	2.592966516699623
6:66645234:T:C	0.00589476	2.57836e-05	5.43208	3.01699	6	66645234	T	C	0.0025529823377122987	2.5929521897631687
6:121254617:T:TTTTG	0.0024809	1.08553e-05	5.43172	3.01674	6	121254617	T	TTTTG	0.0025550886366981036	2.592594029477925
6:114760410:C:T	3.63356e-05	0.00272095	-4.31594	-3.01672	6	114760410	C	T	0.0025552572092536097	2.5925653777455806
6:124244066:C:CT	0.00777121	0.000556501	2.63651	3.01664	6	124244066	C	CT	0.0025559316011913953	2.5924507724317167
6:42296290:A:G	2.33473e-05	0.00153448	-4.18547	-3.01651	6	42296290	A	G	0.00255702783526683	2.5922645443096095
6:29791551:T:C	1.38762e-06	0.000534681	-5.95408	-3.01637	6	29791551	T	C	0.002558208875896955	2.592063998580587
6:29791674:C:A	1.38762e-06	0.000534681	-5.95408	-3.01637	6	29791674	C	A	0.002558208875896955	2.592063998580587
6:29791121:T:C	1.38762e-06	0.000534681	-5.95408	-3.01637	6	29791121	T	C	0.002558208875896955	2.592063998580587
6:150243398:G:A	0.0133894	0.000422327	3.45644	3.01621	6	150243398	G	A	0.0025595592474636623	2.5918348131546693
6:94794622:A:G	0.000144735	6.43244e-06	3.11355	3.01617	6	94794622	A	G	0.002559896942194083	2.5917775184136778
6:80017781:C:T	4.04283e-05	0.00522279	-4.86126	-3.01613	6	80017781	C	T	0.0025602346776687455	2.5917202243188804
6:75848641:A:G	1.14909e-05	0.00568146	-6.20341	-3.01601	6	75848641	A	G	0.0025612481286019753	2.5915483459116397
6:75032328:G:A	0.00175919	0.000109051	2.78079	3.01596	6	75032328	G	A	0.0025616705080907715	2.591476731625067
6:4340901:C:A	0.000187888	0.0723463	-5.95337	-3.01587	6	4340901	C	A	0.002562430951697294	2.5913478284536025
6:84119490:C:G	7.81773e-05	0.00471099	-4.09867	-3.01582	6	84119490	C	G	0.0025628535095642375	2.5912762169941015
6:19130505:C:G	6.19019e-06	0.00395252	-6.45914	-3.01573	6	19130505	C	G	0.0025636142743117566	2.591147318911356
6:115839396:C:CTAT	0.00823057	7.64477e-05	4.679	3.01558	6	115839396	C	CTAT	0.0025648826744967424	2.5909324960430125
6:61219141:G:A	0.000271795	7.22119e-07	5.93061	3.01545	6	61219141	G	A	0.002565982418849161	2.590746323574088
6:123700921:G:A	0.000154188	0.00734941	-3.8642	-3.01539	6	123700921	G	A	0.002566490138588724	2.5906604001212115
6:31154097:CAA:C	5.95693e-06	0.000534922	-4.49757	-3.01535	6	31154097	CAA	C	0.0025668286694512372	2.5906031186270146
6:32338202:G:T	6.9032e-05	0.0167241	-5.49004	-3.01529	6	32338202	G	T	0.002567336542310183	2.590517197597297
6:7958841:GT:G	0.011832	0.000529896	3.10589	3.01506	6	7958841	GT	G	0.0025692842396701655	2.590187847118724
6:32441465:C:A	3.02678e-06	0.000170079	-4.02876	-3.01504	6	32441465	C	A	0.002569453668498831	2.590159208956316
6:138908225:A:AC	6.33621e-05	0.0153384	-5.48925	-3.0147	6	138908225	A	AC	0.002572335522234999	2.589672384911262
6:109279090:A:G	6.23885e-05	0.00804315	-4.85919	-3.01457	6	109279090	A	G	0.0025734381883761345	2.589486258643479
6:99399710:A:T	2.06862e-05	0.010203	-6.20096	-3.01444	6	99399710	A	T	0.002574541286730311	2.5893001392007484
6:89824933:T:G	0.000415736	1.10629e-06	5.92904	3.01437	6	89824933	T	G	0.0025751354418431624	2.5891999238662136
6:8804431:G:A	9.64588e-05	0.00864915	-4.4961	-3.01425	6	8804431	G	A	0.0025761542851867074	2.5890281307537144
6:99400380:A:T	2.06963e-05	0.010203	-6.20048	-3.01413	6	99400380	A	T	0.0025771734971227335	2.588856343456583
6:153773166:T:C	2.6351e-05	0.00504196	-5.25404	-3.01401	6	153773166	T	C	0.0025781930777699098	2.5886845619747954
6:19954467:T:C	0.00575025	0.00042008	2.61655	3.014	6	19954467	T	C	0.0025782780594707714	2.5886702471138108
6:39526479:A:G	4.79162e-05	0.00319154	-4.19881	-3.01393	6	39526479	A	G	0.0025788730030995	2.588570044217672
6:140022619:T:C	0.00237261	1.02437e-05	5.44508	3.0139	6	140022619	T	C	0.0025791280173670292	2.5885271007250883
6:29816461:G:A	9.74902e-05	3.98157e-06	3.19808	3.01377	6	29816461	G	A	0.0025802333456725283	2.5883410164571585
6:29816443:A:ATG	9.74902e-05	3.98157e-06	3.19808	3.01377	6	29816443	A	ATG	0.0025802333456725283	2.5883410164571585
6:75896529:C:T	0.000123158	0.0158599	-4.85808	-3.01373	6	75896529	C	T	0.0025805735338234955	2.5882837611323857
6:29948839:CTG:C	2.34604e-05	0.000410526	-2.86213	-3.01371	6	29948839	CTG	C	0.0025807436432781564	2.5882551337123023
6:31160467:T:A	0.000729781	7.56241e-06	4.56955	3.01339	6	31160467	T	A	0.0025834667894055825	2.587797116959659
6:102822928:C:T	0.00223378	0.000156574	2.65792	3.01335	6	102822928	C	T	0.002583807367347102	2.587739867773188
6:12145436:G:A	1.43735e-05	0.00218298	-5.02306	-3.01332	6	12145436	G	A	0.0025840628277444843	2.5876969313073594
6:88682601:T:C	0.000547404	3.9416e-05	2.63102	3.01329	6	88682601	T	C	0.0025843183112364346	2.5876539952049793
6:77091777:CA:C	0.00616895	3.42697e-05	5.19302	3.01307	6	77091777	CA	C	0.0025861925626878527	2.587339141559547
6:143118369:G:A	0.000331595	2.36407e-05	2.64094	3.01274	6	143118369	G	A	0.002589006270357322	2.5868668977388296
6:11227952:C:G	0.0583862	0.00180989	3.47381	3.01271	6	11227952	C	G	0.002589262200709452	2.5868239686630607
6:57256886:A:G	4.86255e-05	0.0227657	-6.14886	-3.01271	6	57256886	A	G	0.002589262200709452	2.5868239686630607
6:103812121:C:T	4.23143e-05	0.0162172	-5.9487	-3.01259	6	103812121	C	T	0.002590286153460236	2.5866522559943954
6:165145504:A:G	0.000248988	0.0226589	-4.5109	-3.01251	6	165145504	A	G	0.002590968994307228	2.5865377841125343
6:108982881:C:T	5.91912e-05	0.0277032	-6.14853	-3.01247	6	108982881	C	T	0.002591310476447903	2.586480549140775
6:108982855:A:G	5.91912e-05	0.0277032	-6.14853	-3.01247	6	108982855	A	G	0.002591310476447903	2.586480549140775
6:64515174:A:G	0.000239843	0.0159368	-4.1964	-3.01211	6	64515174	A	G	0.002594385668023596	2.585965463469935
6:32722431:T:C	3.40998e-05	0.00679638	-5.29485	-3.01197	6	32722431	T	C	0.0025955824767213923	2.585765166509313
6:32722478:C:T	3.40998e-05	0.00679638	-5.29485	-3.01197	6	32722478	C	T	0.0025955824767213923	2.585765166509313
6:32722584:A:G	3.40998e-05	0.00679638	-5.29485	-3.01197	6	32722584	A	G	0.0025955824767213923	2.585765166509313
6:32722154:G:A	3.40998e-05	0.00679638	-5.29485	-3.01197	6	32722154	G	A	0.0025955824767213923	2.585765166509313
6:32722499:C:T	3.40998e-05	0.00679638	-5.29485	-3.01197	6	32722499	C	T	0.0025955824767213923	2.585765166509313
6:32722420:T:C	3.40998e-05	0.00679638	-5.29485	-3.01197	6	32722420	T	C	0.0025955824767213923	2.585765166509313
6:32722376:G:A	3.40998e-05	0.00679638	-5.29485	-3.01197	6	32722376	G	A	0.0025955824767213923	2.585765166509313
6:32722282:G:A	3.40998e-05	0.00679638	-5.29485	-3.01197	6	32722282	G	A	0.0025955824767213923	2.585765166509313
6:32722250:G:A	3.40998e-05	0.00679638	-5.29485	-3.01197	6	32722250	G	A	0.0025955824767213923	2.585765166509313
6:32722126:T:A	3.40998e-05	0.00679638	-5.29485	-3.01197	6	32722126	T	A	0.0025955824767213923	2.585765166509313
6:32722474:C:A	3.40998e-05	0.00679638	-5.29485	-3.01197	6	32722474	C	A	0.0025955824767213923	2.585765166509313
6:32722148:A:G	3.40998e-05	0.00679638	-5.29485	-3.01197	6	32722148	A	G	0.0025955824767213923	2.585765166509313
6:92582858:T:C	2.99754e-06	0.00190332	-6.45356	-3.0119	6	92582858	T	C	0.002596181070347832	2.5856650209970375
6:168035883:G:T	0.000102936	0.0505537	-6.19669	-3.0117	6	168035883	G	T	0.0025978920334119283	2.5853789018648996
6:131761915:A:ATCCTTCCT	0.000142831	0.027235	-5.2506	-3.01137	6	131761915	A	ATCCTTCCT	0.002600717376516917	2.5849068406100395
6:66641199:C:A	2.54811e-05	0.0119061	-6.14686	-3.0113	6	66641199	C	A	0.002601317052768516	2.5848067120577616
6:94057155:G:A	1.90836e-05	0.00254607	-4.89348	-3.01118	6	94057155	G	A	0.0026023453633322196	2.5846350677143737
6:34608460:G:A	0.000105795	0.00591439	-4.02364	-3.01102	6	34608460	G	A	0.0026037170222088465	2.5844062176350464
6:88655830:AT:A	9.39211e-05	0.00438762	-3.84409	-3.01076	6	88655830	AT	A	0.0026059473777428166	2.584034358303657
6:94741058:T:TA	0.00210494	0.000154435	2.61227	3.01072	6	94741058	T	TA	0.0026062906643566862	2.5839771515985426
6:114763219:ATTG:A	0.0260385	6.9685e-05	5.92334	3.01047	6	114763219	ATTG	A	0.0026084371425709406	2.5836196243291862
6:29811690:C:A	8.56987e-05	3.5198e-06	3.19243	3.01015	6	29811690	C	A	0.0026111869930240095	2.583162026250363
6:32633941:C:T	0.00052317	2.73886e-05	2.94978	3.0101	6	32633941	C	T	0.002611616896485275	2.583090530285609
6:84368700:CT:C	0.0176632	0.00016207	4.69121	3.0099	6	84368700	CT	C	0.0026133371574918757	2.582804556521294
6:133507286:G:C	0.000138974	0.0159345	-4.74195	-3.00973	6	133507286	G	C	0.002614800193781983	2.582561491520697
6:75630928:ATC:A	0.000851884	2.28268e-06	5.9221	3.00962	6	75630928	ATC	A	0.002615747263294516	2.582404220385642
6:48956048:C:T	1.12854e-06	0.000150265	-4.89148	-3.00962	6	48956048	C	T	0.002615747263294516	2.582404220385642
6:88682864:G:T	0.000547354	3.95966e-05	2.62635	3.00947	6	88682864	G	T	0.0026170392271062763	2.5821897676206778
6:66020673:T:C	2.25475e-05	0.00428868	-5.24811	-3.00946	6	66020673	T	C	0.00261712537876582	2.582175471092705
6:31347886:A:T	1.93343e-05	0.00900888	-6.14408	-3.00935	6	31347886	A	T	0.002618073218156869	2.582018211949947
6:149550812:C:A	9.95652e-06	0.000515266	-3.94646	-3.00885	6	149550812	C	A	0.0026223855354932575	2.581303459240624
6:88672202:CAT:C	3.18156e-05	0.00148201	-3.8412	-3.00872	6	88672202	CAT	C	0.0026235078011113697	2.581117640070718
6:81426513:A:C	1.46447e-05	0.00138255	-4.54761	-3.00864	6	81426513	A	C	0.0026241986443192775	2.5810032932039837
6:147819408:A:G	8.143e-05	0.0257429	-5.75617	-3.00862	6	147819408	A	G	0.0026243713811042258	2.5809747068910687
6:68187423:A:G	9.83636e-05	0.0112062	-4.73555	-3.00848	6	68187423	A	G	0.002625580829670393	2.5807746072228674
6:95458844:C:CTG	6.74549e-06	0.00329569	-6.1915	-3.00837	6	95458844	C	CTG	0.002626531468115045	2.5806173916067885
6:51190526:A:AT	3.48966e-06	0.000399423	-4.74022	-3.00837	6	51190526	A	AT	0.002626531468115045	2.5806173916067885
6:31348836:G:A	2.3573e-05	0.0109621	-6.1421	-3.00796	6	31348836	G	A	0.002630077529539979	2.5800314491698924
6:140015570:A:T	8.43574e-06	0.00321174	-5.94209	-3.00795	6	140015570	A	T	0.0026301640734900595	2.580017158738843
6:18248817:A:G	5.71774e-05	0.0073058	-4.85026	-3.00781	6	18248817	A	G	0.0026313759621629036	2.5798170969436125
6:32691868:A:G	7.0685e-05	0.0328617	-6.14183	-3.00777	6	32691868	A	G	0.0026317223098127423	2.5797599378842184
6:32691832:T:C	7.0685e-05	0.0328617	-6.14183	-3.00777	6	32691832	T	C	0.0026317223098127423	2.5797599378842184
6:42790523:AC:A	0.000142379	0.0105339	-4.30386	-3.00776	6	42790523	AC	A	0.002631808903236255	2.57974564822031
6:153606353:C:T	0.022111	0.00116164	2.94624	3.00728	6	153606353	C	T	0.002635968451813463	2.5790597918342177
6:109280841:AG:A	6.2225e-05	0.00794479	-4.84952	-3.00725	6	109280841	AG	A	0.002636228623024476	2.5790169288987923
6:30141705:A:G	6.53364e-05	0.0116943	-5.1873	-3.00697	6	30141705	A	G	0.002638658019835803	2.5786168923575183
6:68447024:C:A	6.90882e-05	0.0217903	-5.75384	-3.00695	6	68447024	C	A	0.002638831626463458	2.5785883195300974
6:140151313:T:C	8.3216e-07	0.00031632	-5.94049	-3.00682	6	140151313	T	C	0.0026399603240637097	2.57840260008838
6:32445682:G:A	1.33141e-05	0.00123274	-4.52817	-3.00669	6	32445682	G	A	0.0026410894629429684	2.578216887469937
6:124186310:G:A	0.00783944	0.000576046	2.61073	3.00659	6	124186310	G	A	0.002641958331686616	2.5780740362526338
6:97683896:T:G	0.000102726	0.0647102	-6.44561	-3.00645	6	97683896	T	G	0.002643175186881143	2.577874051331254
6:19797606:A:G	0.000400683	2.08076e-05	2.95785	3.00616	6	19797606	A	G	0.002645697445360167	2.577459822024335
6:29899828:G:A	0.000189889	1.38036e-05	2.62151	3.00611	6	29899828	G	A	0.0026461325398012595	2.5773884066100723
6:8808687:T:C	9.35419e-05	0.00829753	-4.4853	-3.00611	6	8808687	T	C	0.0026461325398012595	2.5773884066100723
6:121606585:CGT:C	0.0266248	0.000116194	5.43434	3.0061	6	121606585	CGT	C	0.002646219566537438	2.5773741236483403
6:72349042:C:T	8.14297e-06	0.00188884	-5.44656	-3.00603	6	72349042	C	T	0.002646828826946817	2.577274144046669
6:8386569:G:T	0.000149752	0.0225264	-5.01347	-3.0059	6	8386569	G	T	0.002647960650745572	2.5770884728920955
6:29899186:C:T	0.000191149	1.38995e-05	2.6212	3.00589	6	29899186	C	T	0.002648047732435591	2.5770741907782027
6:92461770:A:T	7.1837e-05	0.0120997	-5.12654	-3.00589	6	92461770	A	T	0.002648047732435591	2.5770741907782027
6:89367712:G:A	7.01074e-05	0.0441242	-6.44473	-3.00585	6	89367712	G	A	0.0026483960853725627	2.577017062726361
6:15557276:A:G	1.36635e-06	0.000326672	-5.47681	-3.00546	6	15557276	A	G	0.0026517947223011528	2.576460098073601
6:85208483:C:G	4.17529e-05	0.0193427	-6.1383	-3.0053	6	85208483	C	G	0.00265319018772801	2.57623161751849
6:32979648:C:CAA	0.0942751	0.000254273	5.91556	3.00513	6	32979648	C	CAA	0.0026546736051516035	2.5759888682531216
6:52543150:TAATA:T	0.0330862	0.00014459	5.43297	3.0051	6	52543150	TAATA	T	0.002654935463375384	2.5759460313586335
6:31049201:C:A	0.00128114	4.6555e-05	3.31487	3.0051	6	31049201	C	A	0.002654935463375384	2.5759460313586335
6:32975822:TTTC:T	0.0614159	0.000165666	5.91545	3.00506	6	32975822	TTTC	T	0.002655284644398214	2.5758889160645246
6:81773522:A:G	0.00507069	0.000355806	2.65684	3.005	6	81773522	A	G	0.0026558084946368345	2.5758032443345216
6:86874282:A:C	0.000121422	5.47755e-06	3.09861	3.00487	6	86874282	A	C	0.002656943827553251	2.5756176272387767
6:66349117:AACAC:A	0.00833755	4.73414e-05	5.17114	3.00485	6	66349117	AACAC	A	0.0026571185335233925	2.5755890713680847
6:5521835:C:G	5.6945e-05	0.0276676	-6.18593	-3.0048	6	5521835	C	G	0.002657555344385806	2.5755176823978614
6:5521851:A:G	5.6945e-05	0.0276676	-6.18593	-3.0048	6	5521851	A	G	0.002657555344385806	2.5755176823978614
6:5522013:A:G	5.6945e-05	0.0276676	-6.18593	-3.0048	6	5522013	A	G	0.002657555344385806	2.5755176823978614
6:164686209:G:T	5.60746e-05	0.0259504	-6.13726	-3.00457	6	164686209	G	T	0.002659565519820814	2.5751893061344777
6:19797423:A:T	0.000399868	2.08076e-05	2.95582	3.00457	6	19797423	A	T	0.002659565519820814	2.5751893061344777
6:31043070:G:A	7.11952e-05	0.0329446	-6.13716	-3.0045	6	31043070	G	A	0.002660177588126516	2.575089369771577
6:102175534:C:T	0.000590939	0.0217138	-3.60399	-3.0045	6	102175534	C	T	0.002660177588126516	2.575089369771577
6:65161732:T:C	5.87286e-06	0.00368861	-6.44266	-3.00443	6	65161732	T	C	0.0026607897851729104	2.5749894353868656
6:57269695:G:A	0.00576141	2.56749e-05	5.41342	3.00402	6	57269695	G	A	0.0026643780973200815	2.5744041451443356
6:149901448:C:G	3.65851e-05	0.0229641	-6.44205	-3.00401	6	149901448	C	G	0.0026644656723542495	2.5743898706203527
6:27095281:T:TA	4.95539e-06	0.00187583	-5.93633	-3.00391	6	27095281	T	TA	0.002665341567401668	2.5742471276009025
6:76621134:T:C	5.43312e-05	0.0340934	-6.44176	-3.00382	6	76621134	T	C	0.002666130097936017	2.5741186623350725
6:53469499:A:G	0.000210011	0.0413815	-5.28343	-3.00378	6	53469499	A	G	0.002666480624383826	2.5740615677109977
6:11942424:A:G	0.00304807	0.000158804	2.9546	3.00362	6	11942424	A	G	0.002667883151407074	2.573833195673936
6:67616082:C:T	1.00355e-05	0.00232017	-5.44326	-3.00358	6	67616082	C	T	0.002668233888493402	2.573776104279474
6:92458357:T:TACACACACA	3.54215e-05	0.0222162	-6.44126	-3.00347	6	92458357	T	TACACACACA	0.002669198632784937	2.5736191062752263
6:87499600:GAT:G	0.00313192	3.16916e-05	4.59335	3.00323	6	87499600	GAT	G	0.0026713046360807985	2.5732765821303554
6:32720982:T:C	4.98146e-05	0.0156205	-5.74803	-3.00279	6	32720982	T	C	0.0026751695867129116	2.5726486815907483
6:32721006:G:A	4.98146e-05	0.0156205	-5.74803	-3.00279	6	32721006	G	A	0.0026751695867129116	2.5726486815907483
6:32721002:A:G	4.98146e-05	0.0156205	-5.74803	-3.00279	6	32721002	A	G	0.0026751695867129116	2.5726486815907483
6:100786912:T:G	1.86138e-05	0.00312206	-5.12235	-3.00266	6	100786912	T	G	0.002676312481568411	2.5724631804789624
6:150989919:C:G	0.0104278	0.00023463	3.79422	3.00262	6	150989919	C	G	0.0026766642312870833	2.5724061045863347
6:14579208:T:C	0.00048163	2.51266e-05	2.95325	3.00257	6	14579208	T	C	0.002677103977849122	2.572334760628846
6:89114763:C:T	6.1102e-06	0.000104028	-2.83471	-3.00257	6	89114763	C	T	0.002677103977849122	2.572334760628846
6:152798415:A:G	0.000173564	0.0839829	-6.18182	-3.00216	6	152798415	A	G	0.002680712390860214	2.5717497782448895
6:9676721:C:A	5.5025e-06	0.00344413	-6.43923	-3.00208	6	9676721	C	A	0.0026814169894862744	2.57163564325287
6:32735763:A:T	2.72117e-05	0.0125467	-6.13356	-3.00198	6	32735763	A	T	0.002682297975768576	2.5714929781459603
6:97782882:G:A	0.00832452	0.000187504	3.79316	3.00183	6	97782882	G	A	0.0026836199511703785	2.5712789880545546
6:31044953:T:C	5.67601e-05	0.00549918	-4.57352	-3.0015	6	31044953	T	C	0.002686530393148155	2.5708082418245386
6:86188954:CT:C	0.00162031	3.46152e-05	3.84608	3.00147	6	86188954	CT	C	0.002686795121762834	2.570765448892552
6:93439850:T:TACACAC	1.94227e-05	0.00732491	-5.93259	-3.00128	6	93439850	T	TACACAC	0.002688472289980086	2.5704944354266837
6:29946689:T:C	0.000237738	2.10314e-05	2.42515	3.00117	6	29946689	T	C	0.0026894437193322913	2.5703375395543495
6:58318029:A:T	0.000299087	1.95902e-06	5.02829	3.00115	6	58318029	A	T	0.002689620377308827	2.570309013556874
6:31179858:GTA:G	0.000788985	3.42499e-06	5.43965	3.00103	6	31179858	GTA	G	0.002690680547868881	2.57013786096282
6:31046232:A:T	5.38721e-05	0.00521451	-4.57259	-3.00076	6	31046232	A	T	0.0026930673279952507	2.569752788879131
6:31046233:C:A	5.38721e-05	0.00521451	-4.57259	-3.00076	6	31046233	C	A	0.0026930673279952507	2.569752788879131
6:29811963:A:G	8.56628e-05	3.57245e-06	3.17717	3.00036	6	29811963	A	G	0.0026966068549549725	2.569182365808657
6:29811960:G:C	8.56628e-05	3.57245e-06	3.17717	3.00036	6	29811960	G	C	0.0026966068549549725	2.569182365808657
6:29811943:G:A	8.56628e-05	3.57245e-06	3.17717	3.00036	6	29811943	G	A	0.0026966068549549725	2.569182365808657
6:29811929:G:C	8.56628e-05	3.57245e-06	3.17717	3.00036	6	29811929	G	C	0.0026966068549549725	2.569182365808657
6:29811935:C:T	8.56628e-05	3.57245e-06	3.17717	3.00036	6	29811935	C	T	0.0026966068549549725	2.569182365808657
6:29811959:T:C	8.56628e-05	3.57245e-06	3.17717	3.00036	6	29811959	T	C	0.0026966068549549725	2.569182365808657
6:29811952:C:T	8.56628e-05	3.57245e-06	3.17717	3.00036	6	29811952	C	T	0.0026966068549549725	2.569182365808657
6:29811942:A:C	8.56628e-05	3.57245e-06	3.17717	3.00036	6	29811942	A	C	0.0026966068549549725	2.569182365808657
6:29811954:C:T	8.56628e-05	3.57245e-06	3.17717	3.00036	6	29811954	C	T	0.0026966068549549725	2.569182365808657
6:31566645:GAAAA:G	0.0461488	9.28907e-05	6.2082	3.00036	6	31566645	GAAAA	G	0.0026966068549549725	2.569182365808657
6:80011328:A:G	0.00806147	7.74363e-05	4.6454	3.00026	6	80011328	A	G	0.002697492400657151	2.569039770132471
6:68544112:A:G	6.27177e-05	0.0288456	-6.13107	-3.00022	6	68544112	A	G	0.002697846693337498	2.5689827329922306
6:4248104:G:T	1.18303e-05	0.00544101	-6.13106	-3.00022	6	4248104	G	T	0.002697846693337498	2.5689827329922306
6:63354605:A:C	0.000756391	5.60632e-05	2.60208	3.00016	6	63354605	A	C	0.0026983782120859217	2.5688971784928314
