Location	iHH_0	iHH_1	iHS	Std iHS	chr	pos	ref	alt	p_value	neg_log10_p
X:6704136:G:GATACATAC	3.02836e-07	0.00508022	-9.72767	-9.52908	X	6704136	G	GATACATAC	1.5868322059529473e-21	20.79946899377533
X:131722981:A:G	1.54122e-07	0.000831474	-8.59321	-9.21406	X	131722981	A	G	3.140175208903972e-20	19.503046119398977
X:33852376:A:C	2.0216e-07	0.00302197	-9.61236	-9.17878	X	33852376	A	C	4.360029378110089e-20	19.36051058442221
X:21823515:T:C	7.09909e-07	0.00328549	-8.43989	-9.04655	X	21823515	T	C	1.4755666241508935e-19	18.83104117664327
X:114892616:T:C	5.43599e-08	0.0100961	-12.132	-8.73167	X	114892616	T	C	2.509394900707052e-18	17.600430988863696
X:99002761:A:C	2.29604e-06	0.0104799	-8.42603	-8.60884	X	99002761	A	C	7.380357390485767e-18	17.131922607152873
X:131710755:G:A	1.4917e-07	0.00196128	-9.48402	-8.3659	X	131710755	G	A	5.965777884366008e-17	16.224332920164354
X:116792384:A:T	2.58876e-07	0.0123705	-10.7745	-8.31502	X	116792384	A	T	9.173679793721824e-17	16.03745642294032
X:116793112:G:A	2.59698e-07	0.0123705	-10.7713	-8.31235	X	116793112	G	A	9.382521127343273e-17	16.027680448979545
X:116793161:T:G	2.59698e-07	0.0123705	-10.7713	-8.31235	X	116793161	T	G	9.382521127343273e-17	16.027680448979545
X:4287418:T:C	0.000552781	2.50521e-07	7.69918	8.27047	X	4287418	T	C	1.3343194832087505e-16	15.874740172531542
X:115560848:T:G	0.00822835	2.57095e-06	8.07106	8.17258	X	115560848	T	G	3.0186340170543096e-16	15.520189538188793
X:115562094:G:A	0.00780623	2.57095e-06	8.0184	8.12007	X	115562094	G	A	4.659148733058914e-16	15.33169342543593
X:4280681:T:C	3.39251e-07	0.000578888	-7.44212	-7.92616	X	4280681	T	C	2.2602633624101286e-15	14.645840954579283
X:78148837:A:G	1.5794e-06	0.00250998	-7.37099	-7.87877	X	78148837	A	G	3.306194292287476e-15	14.480671628202886
X:85639818:A:C	3.25317e-06	0.00516834	-7.37068	-7.87843	X	85639818	A	C	3.315201334100407e-15	14.479490091502441
X:116790510:G:GA	5.00493e-07	0.0123705	-10.1152	-7.7579	X	116790510	G	GA	8.63471914128286e-15	14.063751784022957
X:89957581:T:C	9.90782e-07	0.0122514	-9.42266	-7.69481	X	89957581	T	C	1.417045841544625e-14	13.848616100064575
X:78633843:C:A	4.70645e-07	0.00302707	-8.769	-7.6934	X	78633843	C	A	1.4327569593031076e-14	13.84382747337477
X:94853649:C:CAA	2.5737e-07	0.011984	-10.7486	-7.61312	X	94853649	C	CAA	2.6755715880399835e-14	13.572583424478625
X:115561214:G:C	2.39046e-06	0.0093045	-8.26677	-7.59747	X	115561214	G	C	3.0197619343535545e-14	13.52002729368918
X:4281527:A:T	4.51689e-07	0.000564595	-7.13087	-7.58659	X	4281527	A	T	3.284342492140625e-14	13.483551560842777
X:115564587:A:G	2.39046e-06	0.0088105	-8.21221	-7.54444	X	115564587	A	G	4.542350988653507e-14	13.342719310771054
X:122710485:G:GTA	2.60062e-06	0.00200571	-6.648	-7.47425	X	122710485	G	GTA	7.764540571406449e-14	13.109884236420408
X:140294292:G:A	8.05907e-06	0.0213104	-7.88015	-7.39967	X	140294292	G	A	1.3652334310799944e-13	12.86479308550049
X:117243817:C:T	1.07254e-06	0.00109121	-6.92501	-7.39153	X	117243817	C	T	1.4514880487925685e-13	12.838186535695076
X:148676232:G:A	1.56919e-06	0.0111554	-8.86912	-7.38149	X	148676232	G	A	1.5652777395862562e-13	12.8054085909816
X:117364614:C:T	1.52073e-06	0.00440584	-7.97149	-7.31041	X	117364614	C	T	2.663284844185166e-13	12.574582382324763
X:47107493:C:CTT	2.17334e-05	0.0230471	-6.96644	-7.23466	X	47107493	C	CTT	4.666968404006149e-13	12.330965139336021
X:28102122:A:G	0.00450919	1.44066e-06	8.04877	7.231	X	28102122	A	G	4.794503519188224e-13	12.319256358261917
X:47108225:G:A	1.95818e-05	0.0303423	-7.3457	-7.22312	X	47108225	G	A	5.080814103611739e-13	12.294066694728073
X:28927893:A:G	1.44225e-06	0.00404552	-7.93916	-7.19147	X	28927893	A	G	6.409741935018051e-13	12.19315945541937
X:87162055:ATTT:A	0.00666747	2.09473e-07	10.3682	7.17538	X	87162055	ATTT	A	7.210662061523022e-13	12.142024857823474
X:7194674:G:T	7.80883e-07	0.0466242	-10.9972	-7.17427	X	7194674	G	T	7.269402040784086e-13	12.138501311433707
X:140310653:C:A	1.2729e-06	0.00848953	-8.80529	-7.12304	X	140310653	C	A	1.0557216459284516e-12	11.97645057382176
X:140311404:C:CATA	1.3459e-06	0.00705123	-8.5639	-7.09605	X	140311404	C	CATA	1.2837305003592405e-12	11.891526140201442
X:140311230:C:T	1.16987e-06	0.0130496	-9.31962	-7.08554	X	140311230	C	T	1.3850315607606035e-12	11.85854033020386
X:93505183:A:G	0.0025608	8.17401e-07	8.0497	7.07427	X	93505183	A	G	1.5023751922505212e-12	11.82322159624254
X:117245087:C:T	1.31059e-06	0.00108789	-6.72152	-7.05859	X	117245087	C	T	1.6820054377836636e-12	11.774172604497904
X:104947734:C:T	0.0173325	6.4097e-07	10.2051	7.045	X	104947734	C	T	1.854615068637772e-12	11.73174621592173
X:81318717:G:A	0.00322903	2.93362e-06	7.0037	7.00613	X	81318717	G	A	2.4500028738389986e-12	11.61083340621029
X:117419920:G:A	0.00171203	4.8058e-07	8.1782	7.0003	X	117419920	G	A	2.5541500064562876e-12	11.59275360000012
X:117419921:T:C	0.00171203	4.8058e-07	8.1782	7.0003	X	117419921	T	C	2.5541500064562876e-12	11.59275360000012
X:93508882:A:G	0.00126551	1.64198e-06	6.64733	6.97345	X	93508882	A	G	3.0926138316650218e-12	11.509674306070982
X:117419287:A:C	0.00166248	4.87186e-07	8.13517	6.96224	X	117419287	A	C	3.3490431311037284e-12	11.475079259304048
X:15010296:G:GC	0.000706998	1.54767e-06	6.12428	6.95146	X	15010296	G	GC	3.61524924057733e-12	11.441861756439692
X:116772332:A:T	5.46914e-06	0.00407755	-6.61413	-6.94438	X	116772332	A	T	3.801260320462588e-12	11.420072387732029
X:7233548:A:G	1.0901e-06	0.046411	-10.659	-6.91532	X	7233548	A	G	4.6680842498248284e-12	11.33086131438677
X:7213975:C:T	1.13476e-06	0.04646	-10.6199	-6.88539	X	7213975	C	T	5.762943120832841e-12	11.23935566680253
X:129379480:A:C	4.81306e-06	0.00444767	-6.8288	-6.88512	X	129379480	A	C	5.773884243112922e-12	11.238531927258423
X:116787724:A:G	0.00664423	5.97314e-06	7.01423	6.88361	X	116787724	A	G	5.835449832164603e-12	11.233925660253243
X:93508071:T:G	0.00239743	9.59443e-07	7.82355	6.87052	X	93508071	T	G	6.3968294334084505e-12	11.194035229260097
X:116789642:T:G	0.0073196	6.81109e-06	6.97976	6.84833	X	116789642	T	G	7.471705291523074e-12	11.126580266433939
X:116799554:AGG:A	0.0162975	3.1769e-06	8.54286	6.84699	X	116799554	AGG	A	7.541998773187323e-12	11.122513542574527
X:129388624:A:G	0.00507113	6.06996e-06	6.72797	6.8333	X	129388624	A	G	8.298316165026694e-12	11.081010022614938
X:129388675:T:TAAAG	0.00507113	6.06996e-06	6.72797	6.8333	X	129388675	T	TAAAG	8.298316165026694e-12	11.081010022614938
X:87271180:G:A	0.00479343	2.7564e-06	7.46108	6.82933	X	87271180	G	A	8.531212521543585e-12	11.06898923917337
X:96283442:G:C	4.55267e-07	0.00167665	-8.21142	-6.82902	X	96283442	G	C	8.549665603019561e-12	11.068050871190355
X:96285232:T:A	4.55267e-07	0.00167665	-8.21142	-6.82902	X	96285232	T	A	8.549665603019561e-12	11.068050871190355
X:96287889:C:T	4.55267e-07	0.00167665	-8.21142	-6.82902	X	96287889	C	T	8.549665603019561e-12	11.068050871190355
X:96287707:T:C	4.55267e-07	0.00167665	-8.21142	-6.82902	X	96287707	T	C	8.549665603019561e-12	11.068050871190355
X:117418846:A:G	4.56416e-07	0.0016264	-8.17847	-6.79915	X	117418846	A	G	1.0523820159686648e-11	10.977826582129765
X:117418845:C:T	4.56416e-07	0.0016264	-8.17847	-6.79915	X	117418845	C	T	1.0523820159686648e-11	10.977826582129765
X:27407715:AT:A	0.00379806	5.18575e-06	6.59633	6.70204	X	27407715	AT	A	2.055297536815817e-11	10.68712529824358
X:117418843:C:T	0.00095717	4.66873e-07	7.62568	6.69224	X	117418843	C	T	2.1978001644360295e-11	10.658011798458565
X:93058937:C:G	1.43435e-06	0.00311543	-7.68341	-6.67238	X	93058937	C	G	2.5168783434328646e-11	10.599137776129306
X:7234513:G:A	1.518e-06	0.046411	-10.3279	-6.66179	X	7234513	G	A	2.7051237859760872e-11	10.567812856865611
X:116780729:A:G	7.08804e-07	0.000464067	-6.48421	-6.65265	X	116780729	A	G	2.8786219071571434e-11	10.540815373822333
X:96281783:A:G	5.55247e-07	0.00167665	-8.01289	-6.64905	X	96281783	A	G	2.94990783914524e-11	10.530191552013665
X:96280425:T:C	5.55247e-07	0.00167665	-8.01289	-6.64905	X	96280425	T	C	2.94990783914524e-11	10.530191552013665
X:96276434:T:C	5.57032e-07	0.00167665	-8.00968	-6.64614	X	96276434	T	C	3.0087908935786374e-11	10.52160799402149
X:96276115:C:A	5.57032e-07	0.00167665	-8.00968	-6.64614	X	96276115	C	A	3.0087908935786374e-11	10.52160799402149
X:96279948:C:T	5.57032e-07	0.00167665	-8.00968	-6.64614	X	96279948	C	T	3.0087908935786374e-11	10.52160799402149
X:116794235:A:G	1.94868e-06	0.0128035	-8.79032	-6.63824	X	116794235	A	G	3.174506906103483e-11	10.498323723785921
X:82535705:A:AT	3.2017e-06	0.0023434	-6.59567	-6.62556	X	82535705	A	AT	3.459341814575948e-11	10.461006523602896
X:28953068:T:G	6.73725e-07	0.00198006	-7.98582	-6.62451	X	28953068	T	G	3.48401932770059e-11	10.457919444396168
X:118421137:A:T	1.38976e-05	0.0121794	-6.77578	-6.6118	X	118421137	A	T	3.796747395936065e-11	10.420588296249829
X:10789224:GGCTAA:G	0.0063618	2.29729e-06	7.92634	6.60897	X	10789224	GGCTAA	G	3.870031278827383e-11	10.412285524860355
X:5127224:GGTGT:G	0.00661602	7.78189e-06	6.74545	6.60854	X	5127224	GGTGT	G	3.881286741748336e-11	10.411024271261816
X:117359596:G:A	0.00503516	9.32268e-06	6.29175	6.60448	X	117359596	G	A	3.9891505874265284e-11	10.399119569091518
X:136100442:TTAATAATAA:T	0.00173162	5.0072e-06	5.84593	6.59762	X	136100442	TTAATAATAA	T	4.178104859431398e-11	10.379020664570895
X:28925348:A:G	3.99778e-06	0.00214625	-6.28574	-6.59512	X	28925348	A	G	4.249120339651466e-11	10.371700969050163
X:87008197:A:C	2.0515e-06	0.00627359	-8.02553	-6.59257	X	87008197	A	C	4.322772508941489e-11	10.364237619130016
X:87008198:A:G	2.0515e-06	0.00627359	-8.02553	-6.59257	X	87008198	A	G	4.322772508941489e-11	10.364237619130016
X:96281952:C:T	5.69388e-07	0.0015998	-7.94083	-6.58372	X	96281952	C	T	4.588208370672194e-11	10.338356867105071
X:116797041:G:A	2.41182e-06	0.0147678	-8.71982	-6.57866	X	116797041	G	A	4.747068700002161e-11	10.323574483087633
X:93504759:T:C	2.24308e-06	0.00166645	-6.6106	-6.57462	X	93504759	T	C	4.877757804121793e-11	10.311779767561601
X:122707710:TA:T	0.00238057	5.53103e-06	6.06472	6.56728	X	122707710	TA	T	5.124263780987826e-11	10.290368522237493
X:4278159:G:A	3.01775e-07	0.000361623	-7.08868	-6.56466	X	4278159	G	A	5.2151719633667847e-11	10.282731366717798
X:93517952:A:G	0.00202894	1.15094e-06	7.47469	6.55621	X	93517952	A	G	5.519249427381686e-11	10.258119978740002
X:91619186:A:G	0.00391521	1.13755e-05	5.84116	6.55566	X	91619186	A	G	5.539631716362658e-11	10.256519106908394
X:122710462:GGTGT:G	0.00669728	5.26702e-06	7.14799	6.52509	X	122710462	GGTGT	G	6.796071392176614e-11	10.167742067550858
X:148678428:G:T	1.62314e-06	0.00928884	-8.65221	-6.52152	X	148678428	G	T	6.959843892384869e-11	10.15740050140038
X:93503072:C:T	9.84245e-07	0.00125605	-7.15161	-6.51335	X	93503072	C	T	7.349299327206676e-11	10.133754064022337
X:93503092:T:A	9.84245e-07	0.00125605	-7.15161	-6.51335	X	93503092	T	A	7.349299327206676e-11	10.133754064022337
X:94855858:T:A	9.32633e-07	0.00103275	-7.00973	-6.50568	X	94855858	T	A	7.734271068090888e-11	10.11158061099154
X:90282475:C:T	0.00256109	5.23779e-06	6.19229	6.50127	X	90282475	C	T	7.964473551600895e-11	10.098842925599305
X:117425298:A:G	2.78747e-06	0.00449019	-7.38452	-6.50109	X	117425298	A	G	7.97401051947185e-11	10.098323195743406
X:93502874:A:G	7.97049e-07	0.00246055	-8.03498	-6.49425	X	93502874	A	G	8.344807629473139e-11	10.07858367053911
X:117359717:G:T	1.66184e-06	0.0124059	-8.918	-6.48927	X	117359717	G	T	8.625327097469677e-11	10.06422442623353
X:27407550:C:CT	2.90328e-06	0.00357961	-7.11717	-6.47987	X	27407550	C	CT	9.180168018004427e-11	10.037149370146858
X:93505901:A:C	8.5132e-07	0.0025608	-8.00904	-6.47156	X	93505901	A	C	9.699622755057284e-11	10.013245156309313
X:96265603:T:TA	0.00621384	1.09786e-06	8.64117	6.46745	X	96265603	T	TA	9.967050383277351e-11	10.001433346381978
X:87162055:ATT:A	2.39369e-07	0.000635877	-7.88475	-6.46091	X	87162055	ATT	A	1.0407520667738626e-10	9.982652717998146
X:47109155:CA:C	0.0208516	6.56714e-05	5.76052	6.45049	X	47109155	CA	C	1.1148908940588353e-10	9.952767631653199
X:31783411:T:C	2.10387e-06	0.00537155	-7.84509	-6.42382	X	31783411	T	C	1.3289633999205096e-10	9.876486979502292
X:117361926:T:G	1.5758e-06	0.0108461	-8.8368	-6.42304	X	117361926	T	G	1.335793728332332e-10	9.874260599916841
X:105747533:TATAC:T	0.00431981	2.8432e-06	7.32603	6.42228	X	105747533	TATAC	T	1.3424819161788859e-10	9.872091555726445
X:122707826:C:A	5.53103e-06	0.00235135	-6.05237	-6.40995	X	122707826	C	A	1.4556736872440818e-10	9.836935968231792
X:93506319:T:G	9.325e-07	0.0025608	-7.91796	-6.3919	X	93506319	T	G	1.638370384963929e-10	9.7855879109014
X:118422232:TA:T	1.83218e-05	0.0127602	-6.54599	-6.3847	X	118422232	TA	T	1.7173380248636937e-10	9.765144213933727
X:80188896:C:T	0.00814835	1.19415e-05	6.52555	6.38349	X	80188896	C	T	1.7309690421358832e-10	9.761710699282194
X:131326342:CTGTGTGTG:C	0.0139823	1.08308e-05	7.16316	6.37057	X	131326342	CTGTGTGTG	C	1.8832696328953575e-10	9.72508749639575
X:87260622:C:T	2.65987e-06	0.00710307	-7.89001	-6.36745	X	87260622	C	T	1.9219667241674454e-10	9.71625413572864
X:78630391:C:A	0.00424514	3.70987e-07	9.34512	6.3573	X	78630391	C	A	2.0533074526207242e-10	9.687546016542985
X:80333650:C:CT	0.00143688	1.02066e-06	7.24978	6.35358	X	80333650	C	CT	2.103607054485858e-10	9.677035381441417
X:47119136:CT:C	0.014176	2.93395e-05	6.18037	6.34784	X	47119136	CT	C	2.1835900479092046e-10	9.660828893734077
X:107783358:C:CT	0.000391124	8.16289e-07	6.17201	6.33982	X	107783358	C	CT	2.300337565909313e-10	9.638208428219604
X:73236957:CTCTTTCTT:C	0.00186626	3.84464e-07	8.4876	6.33683	X	73236957	CTCTTTCTT	C	2.3454052591842304e-10	9.629782105349314
X:80188611:G:A	0.00788554	1.2102e-05	6.47941	6.33628	X	80188611	G	A	2.353788700060722e-10	9.628232526418868
X:140299233:TCAG:T	0.0201183	7.16165e-06	7.94065	6.32895	X	140299233	TCAG	T	2.468350711401151e-10	9.607593134263897
X:81316343:T:C	6.52224e-06	0.00384438	-6.37915	-6.32879	X	81316343	T	C	2.4709111547247e-10	9.607142870019405
X:31795686:T:C	2.34796e-06	0.00314764	-7.20086	-6.32013	X	31795686	T	C	2.6134335311204287e-10	9.58278854107406
X:4280144:T:C	3.34341e-07	0.000320527	-6.86556	-6.30691	X	4280144	T	C	2.8466124336747897e-10	9.545671658028365
X:139824123:C:CA	1.93684e-06	0.00430541	-7.70657	-6.29427	X	139824123	C	CA	3.0884983967201765e-10	9.510252619774162
X:93510778:G:C	1.09667e-06	0.00257367	-7.76081	-6.25445	X	93510778	G	C	3.9891923764496373e-10	9.399115019589892
X:93511660:A:G	1.10685e-06	0.00257367	-7.75157	-6.24637	X	93511660	A	G	4.201013554165357e-10	9.376645917250457
X:93515848:T:C	1.13398e-06	0.00257367	-7.72735	-6.22519	X	93515848	T	C	4.809727726281479e-10	9.317879507892359
X:93515536:A:G	1.13398e-06	0.00257367	-7.72735	-6.22519	X	93515536	A	G	4.809727726281479e-10	9.317879507892359
X:93516586:T:C	1.13398e-06	0.00257367	-7.72735	-6.22519	X	93516586	T	C	4.809727726281479e-10	9.317879507892359
X:116798364:A:G	0.00779063	6.42614e-06	7.1003	6.21891	X	116798364	A	G	5.006203361463855e-10	9.30049151250492
X:91433445:C:CA	0.000150853	3.60856e-07	6.03558	6.209	X	91433445	C	CA	5.332282289513158e-10	9.27308686722279
X:31789299:G:A	0.00989591	2.3709e-06	8.33661	6.20841	X	31789299	G	A	5.352336086090418e-10	9.271456623986158
X:93509605:T:G	1.09667e-06	0.00241626	-7.6977	-6.19925	X	93509605	T	G	5.673285485466517e-10	9.24616536174762
X:93509604:C:T	1.09667e-06	0.00241626	-7.6977	-6.19925	X	93509604	C	T	5.673285485466517e-10	9.24616536174762
X:7246426:C:T	1.55135e-06	0.0124402	-8.98956	-6.19095	X	7246426	C	T	5.980267873656998e-10	9.223279362258156
X:87168225:C:T	1.1265e-06	0.00431643	-8.25107	-6.18252	X	87168225	C	T	6.308631542640448e-10	9.200064836941925
X:9419384:G:A	2.01007e-05	0.00956212	-6.16481	-6.17658	X	9419384	G	A	6.550502482843962e-10	9.183725384411845
X:87169351:A:G	1.13724e-06	0.00431643	-8.24158	-6.1745	X	87169351	A	G	6.637318142815735e-10	9.178007365067325
X:128583748:C:A	0.0125929	5.50393e-06	7.73543	6.15242	X	128583748	C	A	7.630946693913073e-10	9.117421580205248
X:97196788:G:A	0.00643472	4.3968e-05	4.986	6.14005	X	97196788	G	A	8.249551040969922e-10	9.083569686084608
X:87260656:A:AC	5.82081e-06	0.00504012	-6.76375	-6.13628	X	87260656	A	AC	8.447621241372778e-10	9.073265566456728
X:91620463:G:T	0.00923655	8.38917e-06	7.00398	6.13213	X	91620463	G	T	8.671020083822599e-10	9.061929807862276
X:81315966:A:T	0.00384136	8.50107e-06	6.11339	6.12625	X	81315966	A	T	8.997439787813201e-10	9.0458810510277
X:81315865:C:T	0.00384136	8.50107e-06	6.11339	6.12625	X	81315865	C	T	8.997439787813201e-10	9.0458810510277
X:132727236:TG:T	0.00518628	8.24057e-06	6.4447	6.10872	X	132727236	TG	T	1.0043334768135179e-09	8.998122061002514
X:93058520:AAAG:A	0.00293975	4.67409e-06	6.44405	6.10807	X	93058520	AAAG	A	1.0084312654426179e-09	8.996353697903656
X:117420452:C:T	4.82498e-07	0.00175539	-8.19922	-6.09397	X	117420452	C	T	1.1014431055597156e-09	8.958037931177415
X:15007823:A:G	1.52778e-06	0.000773398	-6.22698	-6.08486	X	15007823	A	G	1.1659314459929948e-09	8.933326984313041
X:81314777:T:C	0.00384136	8.88659e-06	6.06904	6.08242	X	81314777	T	C	1.183819688106284e-09	8.926714441552189
X:117419932:G:C	4.8058e-07	0.00171203	-8.1782	-6.07683	X	117419932	G	C	1.2258159462756569e-09	8.911574733339204
X:117419917:C:G	4.8058e-07	0.00171203	-8.1782	-6.07683	X	117419917	C	G	1.2258159462756569e-09	8.911574733339204
X:117421329:C:A	5.10736e-07	0.00181134	-8.17373	-6.07319	X	117421329	C	A	1.253939424125745e-09	8.901723443093308
X:117420814:C:T	4.9976e-07	0.00175539	-8.16407	-6.06532	X	117420814	C	T	1.316911847035073e-09	8.880443295370458
X:28915187:C:T	4.44787e-06	0.00385309	-6.7642	-6.06479	X	28915187	C	T	1.3212617370209824e-09	8.879011141746348
X:31771550:T:G	1.56477e-06	0.00688602	-8.38951	-6.05821	X	31771550	T	G	1.3764462627196495e-09	8.861240739054438
X:31770755:A:C	1.56477e-06	0.00688602	-8.38951	-6.05821	X	31770755	A	C	1.3764462627196495e-09	8.861240739054438
X:117435066:ATGTGTGTGTG:A	0.00512703	8.60293e-06	6.39018	6.05448	X	117435066	ATGTGTGTGTG	A	1.40871974857546e-09	8.851175397063184
X:5146071:C:T	0.00452287	1.42374e-05	5.76103	6.05377	X	5146071	C	T	1.4149459733030701e-09	8.849260142432481
X:81315862:T:C	8.50107e-06	0.00384136	-6.11339	-6.04652	X	81315862	T	C	1.4800786694608093e-09	8.829715200277532
X:117419037:T:A	4.87186e-07	0.00166248	-8.13517	-6.04176	X	117419037	T	A	1.5244210781867333e-09	8.816895054863856
X:28095598:G:T	1.42883e-06	0.0046011	-8.0772	-6.03558	X	28095598	G	T	1.5839273376840956e-09	8.80026474545275
X:96275743:G:A	1.09353e-06	0.00167665	-7.33514	-6.03468	X	96275743	G	A	1.5927799988073368e-09	8.797844206560598
X:96275848:G:A	1.09353e-06	0.00167665	-7.33514	-6.03468	X	96275848	G	A	1.5927799988073368e-09	8.797844206560598
X:122708429:CA:C	0.00694475	3.80808e-06	7.50862	6.02715	X	122708429	CA	C	1.6687611442622781e-09	8.777605820991454
X:87261380:T:C	3.22796e-06	0.00583255	-7.49936	-6.02577	X	87261380	T	C	1.6830638784391655e-09	8.773899400644984
X:93517290:C:T	1.15094e-06	0.00202894	-7.47469	-6.0042	X	93517290	C	T	1.9227757248801938e-09	8.716071369493843
X:81313418:G:GTT	0.00394689	1.30506e-05	5.71185	6.00273	X	81313418	G	GTT	1.9402712306892187e-09	8.712137555761501
X:93519867:T:A	1.16112e-06	0.00202894	-7.46589	-5.9965	X	93519867	T	A	2.0161561017226985e-09	8.69547584549426
X:15011642:G:A	1.50427e-06	0.000706998	-6.15272	-5.99604	X	15011642	G	A	2.021872386309279e-09	8.694246259066817
X:140416510:TTTTTATTTTATTTTA:T	0.0131001	4.03965e-06	8.08421	5.99374	X	140416510	TTTTTATTTTATTTTA	T	2.0506914831528953e-09	8.688099672270656
X:94859427:A:C	1.01158e-06	0.00633791	-8.74279	-5.99143	X	94859427	A	C	2.0800385404779233e-09	8.68192861803636
X:96275080:A:G	1.14977e-06	0.00167665	-7.28499	-5.98922	X	96275080	A	G	2.1084979059232804e-09	8.676026825973004
X:96275073:C:T	1.14977e-06	0.00167665	-7.28499	-5.98922	X	96275073	C	T	2.1084979059232804e-09	8.676026825973004
X:100073574:G:GAC	2.2717e-06	0.0141887	-8.73967	-5.98891	X	100073574	G	GAC	2.1125201575634e-09	8.675199138341922
X:28931237:A:G	4.08608e-06	0.007905	-7.56767	-5.97683	X	28931237	A	G	2.275214055593943e-09	8.642977738000242
X:128578993:C:CAAAAA	3.55248e-06	0.0106406	-8.00479	-5.97439	X	128578993	C	CAAAAA	2.309527035222459e-09	8.636476949555469
X:96275371:G:C	1.12316e-06	0.0015814	-7.24992	-5.95743	X	96275371	G	C	2.562354070173309e-09	8.59136085894034
X:93513185:G:GACAC	1.34965e-06	0.0161728	-9.39124	-5.9446	X	93513185	G	GACAC	2.7713274603487274e-09	8.557312154903391
X:47112747:C:T	7.8685e-05	0.0226343	-5.66177	-5.93658	X	47112747	C	T	2.91028939296413e-09	8.536063823550707
X:96275742:C:G	1.13286e-06	0.00155492	-7.22443	-5.93433	X	96275742	C	G	2.9504786166553183e-09	8.53010752852617
X:87266985:C:G	3.3582e-06	0.00545388	-7.39268	-5.93247	X	87266985	C	G	2.9841092757073157e-09	8.525185277389802
X:87267369:C:T	3.3582e-06	0.00545388	-7.39268	-5.93247	X	87267369	C	T	2.9841092757073157e-09	8.525185277389802
X:116784483:AT:A	0.0102747	5.85084e-06	7.47086	5.92482	X	116784483	AT	A	3.1263964873810334e-09	8.504955945906527
X:5133472:A:G	0.00606268	5.78716e-06	6.95427	5.91765	X	5133472	A	G	3.2657398518464647e-09	8.486018414029068
X:116779265:T:TAA	7.66447e-06	0.00680228	-6.78842	-5.91376	X	116779265	T	TAA	3.343850177021798e-09	8.475753189591384
X:107784807:CAAAA:C	0.00750822	1.14488e-06	8.78846	5.91216	X	107784807	CAAAA	C	3.3765030797277308e-09	8.471532849821143
X:27488564:C:T	0.00276325	1.4606e-05	5.24273	5.90187	X	27488564	C	T	3.594043234558911e-09	8.44441670284824
X:82534813:C:A	6.09089e-06	0.00257842	-6.04814	-5.89269	X	82534813	C	A	3.7995881532487075e-09	8.420263475084457
X:28082787:T:TA	0.00528045	6.69752e-06	6.67003	5.89147	X	28082787	T	TA	3.8277515760103575e-09	8.417056256022896
X:93065847:G:A	0.000630939	5.13004e-07	7.11468	5.87331	X	93065847	G	A	4.2717857311336155e-09	8.369390539247307
X:15006924:T:C	1.70677e-06	0.000707922	-6.02773	-5.87252	X	15006924	T	C	4.2921990530550165e-09	8.367320145597317
X:15008326:T:C	1.70677e-06	0.000706998	-6.02642	-5.87123	X	15008326	T	C	4.325736445750399e-09	8.363939944361345
X:122706150:G:C	0.00225998	1.94692e-05	4.75428	5.86888	X	122706150	G	C	4.387488340525368e-09	8.357784024634888
X:81311242:G:A	0.00440955	1.26641e-05	5.85275	5.86867	X	81311242	G	A	4.3930481664384566e-09	8.357234034999246
X:31779685:T:TTG	2.22273e-06	0.00584438	-7.8745	-5.86429	X	31779685	T	TTG	4.510585512754524e-09	8.345767079307523
X:122707164:T:C	0.00226025	1.965e-05	4.74515	5.8582	X	122707164	T	C	4.67910942191735e-09	8.329836798625035
X:122707216:TAAAGTA:T	0.00226025	1.965e-05	4.74515	5.8582	X	122707216	TAAAGTA	T	4.67910942191735e-09	8.329836798625035
X:122708137:A:G	3.52574e-06	0.00919236	-7.86604	-5.85713	X	122708137	A	G	4.70934487248476e-09	8.327039504347512
X:5134022:A:G	0.00606268	6.2017e-06	6.88508	5.85645	X	5134022	A	G	4.728658638236615e-09	8.325262036562112
X:96272403:G:A	1.23993e-06	0.00155836	-7.13633	-5.85447	X	96272403	G	A	4.7853357728921e-09	8.320087583655567
X:96272105:T:C	1.23993e-06	0.00155836	-7.13633	-5.85447	X	96272105	T	C	4.7853357728921e-09	8.320087583655567
X:117431054:GT:G	0.00412424	8.46496e-06	6.1887	5.85402	X	117431054	GT	G	4.798308831714605e-09	8.31891180313911
X:117173117:CT:C	0.124721	1.03349e-07	14.0035	5.84917	X	117173117	CT	C	4.940319721997109e-09	8.306244943990137
X:47113127:C:T	3.82586e-05	0.0218118	-6.34584	-5.84719	X	47113127	C	T	4.999463541487755e-09	8.30107659435818
X:116794080:A:G	7.55588e-07	0.00792368	-9.25787	-5.84248	X	116794080	A	G	5.142936267781378e-09	8.288788857503208
X:5134406:G:A	0.00606268	6.33663e-06	6.86356	5.83742	X	5134406	G	A	5.3015335674550084e-09	8.275598484447379
X:117423263:G:C	0.000733919	2.20263e-06	5.80874	5.83397	X	117423263	G	C	5.412385685385023e-09	8.266611263244725
X:84488324:AACAC:A	0.00251015	3.19255e-06	6.66728	5.82877	X	84488324	AACAC	A	5.583739799253981e-09	8.25307482791733
X:113287436:T:A	0.00659383	5.9251e-06	7.01469	5.8274	X	113287436	T	A	5.629756317238431e-09	8.249510403082768
X:15005972:TA:T	1.98516e-06	0.000785999	-5.98126	-5.82659	X	15005972	TA	T	5.657136486145869e-09	8.247403343185532
X:87171853:A:G	1.74539e-06	0.0043599	-7.82323	-5.82096	X	87171853	A	G	5.851057275514236e-09	8.232765650595821
X:81318350:GT:G	0.00522177	3.37013e-06	7.34564	5.81711	X	81318350	GT	G	5.987374371793478e-09	8.222763585929656
X:117423024:C:G	2.2479e-06	0.000578652	-5.5507	-5.81339	X	117423024	C	G	6.122020598192993e-09	8.213105213505997
X:128589796:T:C	5.71223e-06	0.0141406	-7.8142	-5.81333	X	128589796	T	C	6.124216266630847e-09	8.212949481307218
X:96271469:A:C	1.30242e-06	0.00155836	-7.08716	-5.8099	X	96271469	A	C	6.251016940660845e-09	8.204049324129423
X:117360940:A:T	8.59092e-06	0.00526732	-6.41857	-5.80071	X	117360940	A	T	6.603471753307739e-09	8.180227675536338
X:5135341:T:C	0.00606268	6.6715e-06	6.81206	5.79186	X	5135341	T	C	6.961115874834321e-09	8.15732113690689
X:33851527:G:A	1.29349e-06	0.00151313	-7.06459	-5.78944	X	33851527	G	A	7.062147769066078e-09	8.151063199457914
X:33851422:G:C	1.29349e-06	0.00151313	-7.06459	-5.78944	X	33851422	G	C	7.062147769066078e-09	8.151063199457914
X:81310210:T:C	0.00441295	1.3775e-05	5.76944	5.78634	X	81310210	T	C	7.193654006455482e-09	8.14305045429909
X:82538128:C:A	7.53917e-06	0.00258862	-5.83877	-5.75484	X	82538128	C	A	8.672389379007867e-09	8.061861231110333
X:44224910:GTGC:G	0.0169725	2.98848e-05	6.342	5.74187	X	44224910	GTGC	G	9.363669735783662e-09	8.028553912623446
X:128587319:T:A	5.53597e-06	0.0125929	-7.72962	-5.74185	X	128587319	T	A	9.36477598294309e-09	8.028502607027164
X:119293215:G:GGAAAGAAA	1.00977e-05	0.0150631	-7.3077	-5.73606	X	119293215	G	GGAAAGAAA	9.690434434731146e-09	8.01365675252847
X:81310704:CGTATATAT:C	1.28641e-05	0.00430954	-5.81415	-5.72869	X	81310704	CGTATATAT	C	1.0120915235310168e-08	7.994780212429801
X:117420325:G:A	0.000574478	1.92525e-06	5.69841	5.72825	X	117420325	G	A	1.0147195280638176e-08	7.993653981639097
X:117420547:T:C	1.58635e-06	0.00464242	-7.98156	-5.72546	X	117420547	T	C	1.031538494506152e-08	7.986514560575304
X:87266437:T:C	5.97076e-06	0.00307808	-6.24519	-5.72043	X	87266437	T	C	1.0625479790846378e-08	7.973651450377649
X:87266151:T:G	5.97076e-06	0.00307808	-6.24519	-5.72043	X	87266151	T	G	1.0625479790846378e-08	7.973651450377649
X:87275819:A:G	4.53057e-06	0.0100017	-7.69966	-5.71653	X	87275819	A	G	1.087212832204475e-08	7.963685430334884
X:117424856:T:C	0.000794896	2.73741e-06	5.6712	5.70218	X	117424856	T	C	1.1828482433783567e-08	7.927070970749121
X:30692068:TTTTCTGTTTTTGTTTTTTGTGTTTTG:T	0.00629219	9.25908e-06	6.52146	5.6974	X	30692068	TTTTCTGTTTTTGTTTTTTGTGTTTTG	T	1.2164828969663783e-08	7.91489399261507
X:30360030:C:T	1.69017e-05	0.0120019	-6.56541	-5.69403	X	30360030	C	T	1.2407526861425482e-08	7.906314775912526
X:93506404:A:G	5.04419e-06	0.00162843	-5.77714	-5.68937	X	93506404	A	G	1.2750891817838624e-08	7.894459438914633
X:31780849:A:G	2.11391e-06	0.00906642	-8.36379	-5.685	X	31780849	A	G	1.3081265974998106e-08	7.883350223951311
X:31785983:G:A	2.3709e-06	0.0101398	-8.36096	-5.68271	X	31785983	G	A	1.3257696877394097e-08	7.877531914868951
X:27397224:T:A	0.000453615	3.10019e-06	4.98579	5.68264	X	27397224	T	A	1.3263126213573799e-08	7.877354097553998
X:80191002:A:G	0.00963669	2.80313e-05	5.84001	5.68192	X	80191002	A	G	1.3319096340125082e-08	7.875525239716041
X:81310491:G:A	1.3775e-05	0.00441295	-5.76944	-5.68121	X	81310491	G	A	1.3374513783566435e-08	7.873721997340553
X:122712503:TAAATAAAATA:T	0.00360103	5.67242e-06	6.45336	5.68096	X	122712503	TAAATAAAATA	T	1.3394080242394073e-08	7.873087103583759
X:86884669:G:A	0.00242371	1.99541e-06	7.1022	5.67528	X	86884669	G	A	1.3846198756905767e-08	7.858669438548079
X:86884545:C:T	0.00242371	1.99541e-06	7.1022	5.67528	X	86884545	C	T	1.3846198756905767e-08	7.858669438548079
X:87269519:A:G	1.92153e-06	0.00525921	-7.91462	-5.67086	X	87269519	A	G	1.420824717403492e-08	7.847459496287764
X:104040193:C:T	3.11031e-05	2.15251e-07	4.97325	5.66931	X	104040193	C	T	1.4337374711677231e-08	7.843530364191982
X:90285092:G:A	3.51983e-06	0.00188205	-6.2817	-5.66765	X	90285092	G	A	1.4476930286241548e-08	7.839323516942677
X:90286137:T:C	3.51983e-06	0.00188205	-6.2817	-5.66765	X	90286137	T	C	1.4476930286241548e-08	7.839323516942677
X:7229971:G:A	1.47917e-06	0.00620473	-8.34159	-5.66705	X	7229971	G	A	1.4527696005856603e-08	7.837803256402856
X:31786939:T:A	2.55359e-06	0.00531047	-7.63994	-5.66606	X	31786939	T	A	1.4611837735516791e-08	7.835295159274311
X:148685835:G:A	0.0144244	5.10045e-05	5.64476	5.66312	X	148685835	G	A	1.4864513051311037e-08	7.827849313340475
X:117362289:C:T	8.36437e-06	0.004429	-6.27195	-5.65817	X	117362289	C	T	1.529955516761528e-08	7.815321196048969
X:73239316:A:G	1.62732e-07	0.029505	-12.108	-5.64707	X	73239316	A	G	1.6320539073331636e-08	7.787265500440813
X:73239110:C:T	1.62732e-07	0.029505	-12.108	-5.64707	X	73239110	C	T	1.6320539073331636e-08	7.787265500440813
X:73239422:A:T	1.62732e-07	0.029505	-12.108	-5.64707	X	73239422	A	T	1.6320539073331636e-08	7.787265500440813
X:87183874:G:T	0.00338056	1.82551e-05	5.22135	5.64304	X	87183874	G	T	1.6707351067277396e-08	7.777092401576281
X:70364883:G:T	5.74036e-06	0.00164711	-5.65925	-5.64102	X	70364883	G	T	1.690457227434511e-08	7.771995813436617
X:33852262:CTG:C	0.173138	7.63666e-07	12.3315	5.63876	X	33852262	CTG	C	1.7127905791781288e-08	7.766295734446807
X:27394643:G:A	0.000419044	3.01933e-06	4.93294	5.62643	X	27394643	G	A	1.8397739472974327e-08	7.7352355353993625
X:117423266:T:G	1.91997e-06	0.00496976	-7.85882	-5.62535	X	117423266	T	G	1.8513221841979988e-08	7.7325179947299105
X:93059098:C:T	0.00308806	3.27607e-06	6.84865	5.62448	X	93059098	C	T	1.8606760892774194e-08	7.730329223259906
X:117423232:G:GAA	0.000588547	2.20263e-06	5.588	5.62246	X	117423232	G	GAA	1.8825716670612873e-08	7.725248481785
X:117422017:T:C	0.000588254	2.20263e-06	5.58751	5.62199	X	117422017	T	C	1.8877019464192912e-08	7.724066576374763
X:46995499:A:C	9.43586e-06	0.0186088	-7.58688	-5.62122	X	46995499	A	C	1.896136223395083e-08	7.722130465023482
X:117421345:C:G	0.000586568	2.20263e-06	5.58463	5.61924	X	117421345	C	G	1.9179927287674716e-08	7.717153043600261
X:31778565:A:ATTTT	2.07821e-06	0.00532813	-7.84925	-5.61754	X	31778565	A	ATTTT	1.9369534251845104e-08	7.71288082193889
X:87265221:G:T	2.45954e-06	0.0191408	-8.9596	-5.6141	X	87265221	G	T	1.975879284101732e-08	7.704239592061118
X:31790838:G:A	2.52128e-06	0.00989591	-8.27511	-5.6133	X	31790838	G	A	1.9850400776669405e-08	7.702230720470694
X:31790424:A:G	2.52128e-06	0.00989591	-8.27511	-5.6133	X	31790424	A	G	1.9850400776669405e-08	7.702230720470694
X:129380764:C:CA	6.24093e-06	0.0040781	-6.48226	-5.6121	X	129380764	C	CA	1.998858630994659e-08	7.699217920214042
X:87184960:A:T	0.00338056	1.88477e-05	5.18941	5.60907	X	87184960	A	T	2.034167410665968e-08	7.6916133077866515
X:113288474:C:CTGTGTGTG	9.44119e-06	0.00659408	-6.54885	-5.6053	X	113288474	C	CTGTGTGTG	2.078945574562914e-08	7.682156880065547
X:5140265:T:A	0.00606268	8.32779e-06	6.59031	5.59571	X	5140265	T	A	2.197207102535418e-08	7.658129005778954
X:5140759:G:A	0.00606268	8.32779e-06	6.59031	5.59571	X	5140759	G	A	2.197207102535418e-08	7.658129005778954
X:5140832:G:A	0.00606268	8.32779e-06	6.59031	5.59571	X	5140832	G	A	2.197207102535418e-08	7.658129005778954
X:117421634:C:T	0.00057792	2.2479e-06	5.54944	5.58551	X	117421634	C	T	2.3301537866447803e-08	7.632615415245572
X:117421610:C:T	0.00057792	2.2479e-06	5.54944	5.58551	X	117421610	C	T	2.3301537866447803e-08	7.632615415245572
X:117421613:T:C	0.00057792	2.2479e-06	5.54944	5.58551	X	117421613	T	C	2.3301537866447803e-08	7.632615415245572
X:87198166:A:C	1.49048e-05	0.0138773	-6.83633	-5.58252	X	87198166	A	C	2.370583389524931e-08	7.625144762988541
X:90282334:G:A	5.23779e-06	0.00256109	-6.19229	-5.58072	X	90282334	G	A	2.3952497209818734e-08	7.620649201752217
X:117422065:G:T	1.89919e-06	0.00465249	-7.80373	-5.58041	X	117422065	G	T	2.3995228812831816e-08	7.61987510438226
X:117421720:T:C	1.89919e-06	0.00465249	-7.80373	-5.58041	X	117421720	T	C	2.3995228812831816e-08	7.61987510438226
X:117421688:A:G	1.89919e-06	0.00465249	-7.80373	-5.58041	X	117421688	A	G	2.3995228812831816e-08	7.61987510438226
X:117421113:A:C	1.89919e-06	0.00464337	-7.80177	-5.57881	X	117421113	A	C	2.4216958153433276e-08	7.615880408680291
X:117421405:T:C	1.89919e-06	0.00464337	-7.80177	-5.57881	X	117421405	T	C	2.4216958153433276e-08	7.615880408680291
X:5141654:C:G	0.00606268	8.50288e-06	6.5695	5.5773	X	5141654	C	G	2.4428038363689757e-08	7.612111406625833
X:5141888:A:G	0.00606268	8.50749e-06	6.56896	5.57682	X	5141888	A	G	2.449550994397564e-08	7.610913515033964
X:79421566:CT:C	0.0118487	3.82366e-05	5.73618	5.57565	X	79421566	CT	C	2.466073054585211e-08	7.607994062073908
X:93066287:G:A	5.03971e-07	0.000630939	-7.13245	-5.57376	X	93066287	G	A	2.49299125837371e-08	7.603279244338872
X:93066677:G:C	5.03971e-07	0.000630939	-7.13245	-5.57376	X	93066677	G	C	2.49299125837371e-08	7.603279244338872
X:31768027:T:C	4.01204e-07	0.286642	-13.4793	-5.57214	X	31768027	T	C	2.5162907834207487e-08	7.599239173108337
X:117423128:T:G	1.91997e-06	0.00465385	-7.79314	-5.57178	X	117423128	T	G	2.521497082142588e-08	7.598341530066857
X:93520040:TCA:T	0.00154399	5.99693e-06	5.55088	5.57034	X	93520040	TCA	T	2.542427015204546e-08	7.594751505405761
X:97196219:TACACAC:T	0.00731091	5.29824e-05	4.92716	5.56866	X	97196219	TACACAC	T	2.5670584038303897e-08	7.59056425046657
X:5142912:C:G	0.00606268	8.59857e-06	6.55831	5.5674	X	5142912	C	G	2.5856837631520196e-08	7.587424591720223
X:31792860:A:G	2.45491e-06	0.000656569	-5.58894	-5.56622	X	31792860	A	G	2.6032454348278703e-08	7.584484884535199
X:87177430:AC:A	0.00239292	1.02114e-05	5.45677	5.56571	X	87177430	AC	A	2.6108714234720404e-08	7.583214515174964
X:116786601:T:C	5.58017e-06	0.0102747	-7.51822	-5.5632	X	116786601	T	C	2.6487202617406923e-08	7.576963906254503
X:116786388:C:T	5.58017e-06	0.0102747	-7.51822	-5.5632	X	116786388	C	T	2.6487202617406923e-08	7.576963906254503
X:116786020:G:A	5.58017e-06	0.0102747	-7.51822	-5.5632	X	116786020	G	A	2.6487202617406923e-08	7.576963906254503
X:116786985:C:T	5.58017e-06	0.0102747	-7.51822	-5.5632	X	116786985	C	T	2.6487202617406923e-08	7.576963906254503
X:131326342:CTGTGTGTGTGTG:C	0.0408992	9.65266e-06	8.35163	5.56285	X	131326342	CTGTGTGTGTGTG	C	2.6540401050211134e-08	7.57609251882736
X:87183652:G:A	0.00313309	1.8251e-05	5.14555	5.56243	X	87183652	G	A	2.6604376041883644e-08	7.575046922221106
X:104948058:A:G	2.18154e-07	0.0340912	-11.9593	-5.55984	X	104948058	A	G	2.7002207912496606e-08	7.568600723062873
X:107785048:A:G	1.09008e-06	0.00789358	-8.88755	-5.55893	X	107785048	A	G	2.7143352392641057e-08	7.566336514977202
X:31791338:C:T	2.54977e-06	0.00935015	-8.20714	-5.55835	X	31791338	C	T	2.7233685894981586e-08	7.564893575864581
X:93065794:C:A	5.13004e-07	0.000630939	-7.11468	-5.5573	X	93065794	C	A	2.7397963326831272e-08	7.562281719982305
X:118419671:T:C	0.00785881	2.26408e-05	5.84964	5.55601	X	118419671	T	C	2.7601106573685778e-08	7.5590735060068175
X:118417301:A:G	2.22661e-05	0.00785806	-5.86623	-5.55297	X	118417301	A	G	2.808562909544332e-08	7.551515843832712
X:73261228:C:T	5.21072e-08	0.0358836	-13.4425	-5.55135	X	73261228	C	T	2.8347189058714024e-08	7.547489999798033
X:73267941:C:A	5.24695e-08	0.0358836	-13.4356	-5.54744	X	73267941	C	A	2.8988258898390422e-08	7.537777868588745
X:81789435:C:CATTTATTTATTTATTT	2.10029e-07	0.000209963	-6.90744	-5.54693	X	81789435	C	CATTTATTTATTTATTT	2.9072906734170864e-08	7.536511544923696
X:86990228:C:T	8.80958e-06	0.00879156	-6.90571	-5.5453	X	86990228	C	T	2.934505907796767e-08	7.5324650118205545
X:5143195:A:G	0.00606268	8.81986e-06	6.5329	5.54493	X	5143195	A	G	2.9407179338919095e-08	7.531546629906062
X:31792423:C:T	0.00552019	4.89094e-06	7.02878	5.54454	X	31792423	C	T	2.9472795565569215e-08	7.530578668319786
X:90282633:T:C	5.32486e-06	0.0025019	-6.15242	-5.54196	X	90282633	T	C	2.9910464097264195e-08	7.524176848308795
X:90282636:T:C	5.32486e-06	0.0025019	-6.15242	-5.54196	X	90282636	T	C	2.9910464097264195e-08	7.524176848308795
X:70801625:TTTTCTTTCTTTCTTTCTTTCTTTC:T	0.0019873	1.48004e-05	4.89988	5.53889	X	70801625	TTTTCTTTCTTTCTTTCTTTCTTTC	T	3.043947504003951e-08	7.516562841690558
X:118417998:T:G	2.26408e-05	0.00785881	-5.84964	-5.53861	X	118417998	T	G	3.04881728044734e-08	7.51586860268326
X:7215110:C:CAT	1.13676e-06	0.00786697	-8.84225	-5.52424	X	7215110	C	CAT	3.309148687338681e-08	7.480283718594161
X:80190105:C:G	0.00835058	2.84142e-05	5.6832	5.52143	X	80190105	C	G	3.36251770383773e-08	7.47333542039956
X:7217366:T:C	1.71853e-06	0.00601948	-8.16129	-5.52127	X	7217366	T	C	3.3655815009950186e-08	7.472939888095251
X:116783219:G:A	5.86645e-06	0.0102747	-7.46819	-5.52092	X	116783219	G	A	3.372293000624777e-08	7.472074698867462
X:86985222:C:G	9.07856e-06	0.00879156	-6.87563	-5.51718	X	86985222	C	G	3.444825571986932e-08	7.462832763608723
X:86985254:G:A	9.07856e-06	0.00879156	-6.87563	-5.51718	X	86985254	G	A	3.444825571986932e-08	7.462832763608723
X:86995399:T:A	2.35886e-06	0.0020418	-6.76341	-5.51642	X	86995399	T	A	3.4597486986398817e-08	7.460955445356815
X:117359458:G:A	0.00594604	1.71855e-05	5.84641	5.51346	X	117359458	G	A	3.518470308282017e-08	7.453646109551659
X:97222172:A:AGAT	2.41695e-07	0.230535	-13.7682	-5.51177	X	97222172	A	AGAT	3.552429492813329e-08	7.449474533016532
X:78711159:C:CA	0.00156046	1.82613e-05	4.44795	5.51041	X	78711159	C	CA	3.579988236504738e-08	7.446118400403464
X:85644474:G:GA	0.00125719	1.02899e-05	4.80547	5.50949	X	85644474	G	GA	3.598748374821862e-08	7.443848518239198
X:30698599:G:T	6.47899e-06	0.00647706	-6.90746	-5.50808	X	30698599	G	T	3.6276855017257414e-08	7.440370370670776
X:7215138:C:T	1.23874e-06	0.00838442	-8.82003	-5.50723	X	7215138	C	T	3.64523875922849e-08	7.438274020591683
X:41198118:CTG:C	0.00307967	3.72732e-06	6.71689	5.50124	X	41198118	CTG	C	3.771294366091018e-08	7.423509567679354
X:87183389:T:G	0.00312208	1.9317e-05	5.08527	5.49831	X	87183389	T	G	3.834483967374359e-08	7.416293073749195
X:27406325:G:A	0.00529268	2.9228e-06	7.50154	5.49816	X	27406325	G	A	3.837746407356527e-08	7.415923726193662
X:87182662:G:T	1.065e-05	0.00441863	-6.02802	-5.49739	X	87182662	G	T	3.854536019558425e-08	7.414027891613747
X:86993930:G:T	5.55708e-06	0.00941291	-7.43477	-5.49267	X	86993930	G	T	3.9590214814792664e-08	7.402412141778334
X:80161227:CA:C	0.000259276	7.72165e-07	5.81645	5.48365	X	80161227	CA	C	4.1663868592248665e-08	7.380240407209617
X:46037998:GATATAT:G	0.004923	1.13148e-05	6.07556	5.48296	X	46037998	GATATAT	G	4.1826761750983144e-08	7.378545757415974
X:122709916:GA:G	0.00169027	2.02543e-05	4.42428	5.48271	X	122709916	GA	G	4.188593327306605e-08	7.377931803467919
X:104732888:G:A	5.5919e-05	6.70482e-07	4.42366	5.48199	X	104732888	G	A	4.20568010945272e-08	7.37616376350487
X:148205395:TTG:T	0.00208439	4.80638e-06	6.07229	5.47978	X	148205395	TTG	T	4.2585501916524276e-08	7.370738229754793
X:32818844:G:T	7.15979e-05	0.0151064	-5.35181	-5.47761	X	32818844	G	T	4.311090087421668e-08	7.365412901743344
X:117427498:T:C	0.00516681	5.34812e-06	6.87327	5.47706	X	117427498	T	C	4.3245061596060523e-08	7.364063479968757
X:117426885:A:G	0.00516681	5.34812e-06	6.87327	5.47706	X	117426885	A	G	4.3245061596060523e-08	7.364063479968757
X:44224752:G:C	2.98848e-05	0.0169725	-6.342	-5.47391	X	44224752	G	C	4.4021269907159876e-08	7.356337433256613
X:44225250:T:TA	2.98848e-05	0.0169725	-6.342	-5.47391	X	44225250	T	TA	4.4021269907159876e-08	7.356337433256613
X:93060971:T:C	2.01958e-07	0.178668	-13.693	-5.4697	X	93060971	T	C	4.507979683054372e-08	7.346018049936769
X:5146257:CAA:C	0.00435152	2.42692e-05	5.18907	5.46027	X	5146257	CAA	C	4.754110190842e-08	7.322930756406737
X:80189630:C:CTTTAG	0.00763557	1.23144e-05	6.4298	5.45373	X	80189630	C	CTTTAG	4.932407662476018e-08	7.306941036243535
X:5130407:TC:T	9.86944e-06	0.00448605	-6.11929	-5.44638	X	5130407	TC	T	5.140525523943356e-08	7.288992480132731
X:118414815:G:T	0.00675279	2.22661e-05	5.71465	5.44591	X	118414815	G	T	5.154119399849619e-08	7.28784552484309
X:118416428:A:G	0.00675279	2.22661e-05	5.71465	5.44591	X	118416428	A	G	5.154119399849619e-08	7.28784552484309
X:118415648:C:T	0.00675279	2.22661e-05	5.71465	5.44591	X	118415648	C	T	5.154119399849619e-08	7.28784552484309
X:48917976:T:G	1.99203e-06	0.0021695	-6.9931	-5.4447	X	48917976	T	G	5.189276909007861e-08	7.284893153963889
X:107785976:T:TA	1.11162e-06	0.0069008	-8.73357	-5.44103	X	107785976	T	TA	5.297339155072207e-08	7.275942221049461
X:86881734:GTTT:G	0.0137272	3.77545e-06	8.19861	5.44049	X	86881734	GTTT	G	5.31342225313189e-08	7.274625669706988
X:92331808:C:T	0.0381087	0.000119399	5.76573	5.43318	X	92331808	C	T	5.535851451769504e-08	7.2568155721897325
X:87177878:A:AATAACAGATTCTGGAGAGGATATGGAG	1.02114e-05	0.00239454	-5.45744	-5.42634	X	87177878	A	AATAACAGATTCTGGAGAGGATATGGAG	5.7521340368203745e-08	7.24017100253247
X:4957436:A:G	1.47834e-05	0.00656215	-6.09557	-5.42364	X	4957436	A	G	5.8397437217176204e-08	7.233606211566719
X:118415106:A:G	2.22661e-05	0.00675279	-5.71465	-5.42173	X	118415106	A	G	5.902498871726913e-08	7.228964087265385
X:118416178:A:C	2.22661e-05	0.00675279	-5.71465	-5.42173	X	118416178	A	C	5.902498871726913e-08	7.228964087265385
X:28081458:A:G	6.26336e-06	0.00662153	-6.96336	-5.41716	X	28081458	A	G	6.055314970566382e-08	7.2178632618650616
X:87161268:G:A	0.000736047	2.10266e-07	8.16068	5.41015	X	87161268	G	A	6.297198135991472e-08	7.200852641775908
X:28708649:G:T	4.15799e-05	0.00732093	-5.17088	-5.40943	X	28708649	G	T	6.322565716803704e-08	7.1991066478994306
X:113285159:A:G	0.00681941	2.35665e-05	5.6677	5.40532	X	113285159	A	G	6.469278981345676e-08	7.189144119929772
X:113284684:T:C	0.00681941	2.35665e-05	5.6677	5.40532	X	113284684	T	C	6.469278981345676e-08	7.189144119929772
X:83358643:G:A	2.87056e-06	0.00299605	-6.95054	-5.40529	X	83358643	G	A	6.470361911446233e-08	7.189071426943629
X:85646723:A:G	0.00112866	1.02899e-05	4.69762	5.40323	X	85646723	A	G	6.545144664750674e-08	7.184080749967523
X:115386828:TG:T	0.0117079	2.93414e-05	5.98902	5.39887	X	115386828	TG	T	6.706194396618846e-08	7.17352386156106
X:7238121:G:GGTGT	6.313e-07	0.0749252	-11.6842	-5.39835	X	7238121	G	GGTGT	6.725656482807496e-08	7.172265318322454
X:87270261:A:G	2.693e-06	0.00525921	-7.57708	-5.39555	X	87270261	A	G	6.83139649280909e-08	7.165490507573709
X:33850032:T:G	9.0093e-07	0.000760611	-6.73845	-5.38888	X	33850032	T	G	7.089812312572514e-08	7.14936526167067
X:33849897:G:A	9.0093e-07	0.000760611	-6.73845	-5.38888	X	33849897	G	A	7.089812312572514e-08	7.14936526167067
X:97199227:A:ATGTGTG	0.00466604	3.36129e-05	4.93316	5.38813	X	97199227	A	ATGTGTG	7.119454983494206e-08	7.147553251689092
X:29131337:G:T	1.38197e-05	0.00335902	-5.49331	-5.38791	X	29131337	G	T	7.12817291463268e-08	7.147021773763554
X:73260690:C:T	2.53977e-07	0.029354	-11.6577	-5.38279	X	73260690	C	T	7.334008373142845e-08	7.13465859854672
X:29133769:A:G	7.57586e-06	0.00416602	-6.30975	-5.38042	X	29133769	A	G	7.431225772629556e-08	7.128939543926949
X:94863385:G:T	3.71516e-06	0.010929	-7.98675	-5.38016	X	94863385	G	T	7.441966637136928e-08	7.128312281283016
X:94863488:G:GA	3.71516e-06	0.010929	-7.98675	-5.38016	X	94863488	G	GA	7.441966637136928e-08	7.128312281283016
X:31795865:G:A	3.23495e-06	0.00950282	-7.98533	-5.37901	X	31795865	G	A	7.489654908637827e-08	7.125538192277437
X:31795372:G:T	3.23495e-06	0.00950282	-7.98533	-5.37901	X	31795372	G	T	7.489654908637827e-08	7.125538192277437
X:73263533:T:C	2.57133e-07	0.029354	-11.6453	-5.37554	X	73263533	T	C	7.635349818598206e-08	7.11717106066302
X:87271101:A:G	2.693e-06	0.0051048	-7.54728	-5.37124	X	87271101	A	G	7.81970529705183e-08	7.106809613983108
X:87271261:C:G	2.693e-06	0.0051048	-7.54728	-5.37124	X	87271261	C	G	7.81970529705183e-08	7.106809613983108
X:93516304:T:C	0.00184176	2.00888e-06	6.8209	5.36571	X	93516304	T	C	8.063140486033999e-08	7.093495773317622
X:21809194:C:CTT	0.00405507	1.62509e-05	5.51958	5.361	X	21809194	C	CTT	8.276251779956062e-08	7.0821663057078155
X:83352887:CT:C	0.00288151	4.1113e-06	6.55233	5.34732	X	83352887	CT	C	8.926611337737315e-08	7.049313373879726
X:113292943:G:A	0.00523184	1.92189e-05	5.60663	5.34605	X	113292943	G	A	8.989438525197358e-08	7.046267433185967
X:5136339:A:G	0.00495558	7.84692e-06	6.44815	5.34169	X	5136339	A	G	9.208403106393958e-08	7.035815677318034
X:5136063:T:G	0.00495558	7.84692e-06	6.44815	5.34169	X	5136063	T	G	9.208403106393958e-08	7.035815677318034
X:73238633:A:G	2.77806e-07	0.029505	-11.5731	-5.33316	X	73238633	A	G	9.651819501156335e-08	7.015390808435939
X:5149061:C:T	0.00883337	1.66529e-05	6.27371	5.31565	X	5149061	C	T	1.0627725816086528e-07	6.973559658448499
X:81310775:T:A	1.20526e-05	0.00476589	-5.97996	-5.31278	X	81310775	T	A	1.0796535210906439e-07	6.966715594532163
X:93059610:G:A	3.27607e-06	0.00308806	-6.84865	-5.31093	X	93059610	G	A	1.0906722014612935e-07	6.9623057558163435
X:32817728:T:C	0.0137112	0.000141076	4.57666	5.30769	X	32817728	T	C	1.1102325245520465e-07	6.9545860540474145
X:87162055:AT:A	0.088664	1.89511e-07	13.0559	5.29785	X	87162055	AT	A	1.1717415906625872e-07	6.931168154634669
X:129384320:CATGTATATATACGTTTGTATATACAT:C	0.0046685	5.51446e-06	6.74122	5.29717	X	129384320	CATGTATATATACGTTTGTATATACAT	C	1.1761119106883972e-07	6.929551351829575
X:41204413:GT:G	3.959e-06	0.000473572	-4.78431	-5.29333	X	41204413	GT	G	1.2010889505357832e-07	6.920424828320361
X:70869036:GTAAAATAAAATAAAATAAAA:G	0.003435	3.2073e-05	4.67376	5.2922	X	70869036	GTAAAATAAAATAAAATAAAA	G	1.2085361845906295e-07	6.917740341919317
X:116779213:G:A	7.08966e-06	0.00943887	-7.19395	-5.28916	X	116779213	G	A	1.228793678120394e-07	6.910521031658666
X:117364319:T:TGAGA	7.98516e-06	0.00732075	-6.82088	-5.28521	X	117364319	T	TGAGA	1.2556063548547584e-07	6.901146494922162
X:4289637:A:G	2.44851e-07	0.129954	-13.182	-5.28386	X	4289637	A	G	1.2648993030352025e-07	6.897944046722818
X:48967569:C:T	2.7438e-06	0.00104514	-5.94256	-5.27692	X	48967569	C	T	1.313732031061884e-07	6.8814932111075935
X:92333885:T:C	0.0367996	0.000159238	5.44284	5.27545	X	92333885	T	C	1.3243071612779012e-07	6.878011272466894
X:86882293:A:AT	3.6672e-06	0.0183277	-8.51674	-5.27501	X	86882293	A	AT	1.3274884875807522e-07	6.876969236575557
X:70369232:G:A	1.26556e-05	0.00189866	-5.0108	-5.2736	X	70369232	G	A	1.3377330760069977e-07	6.873630534686181
X:87264392:G:A	6.15041e-06	0.00406085	-6.49263	-5.27097	X	87264392	G	A	1.3570465175572342e-07	6.867405265109488
X:31783854:A:T	2.42804e-06	0.00406827	-7.42389	-5.2706	X	31783854	A	T	1.3597851670680267e-07	6.866529700546553
X:93060125:C:CAA	2.15524e-06	0.00360451	-7.42204	-5.26909	X	93060125	C	CAA	1.3710173522091297e-07	6.862957048550396
X:31790256:G:A	2.24411e-06	0.00170005	-6.63011	-5.2655	X	31790256	G	A	1.3980831959426423e-07	6.854466984195672
X:117367864:G:A	7.9883e-06	0.00587407	-6.60032	-5.25971	X	117367864	G	A	1.4428276804162002e-07	6.840785534404203
X:93505010:T:C	1.278e-06	0.00164023	-7.1573	-5.25818	X	93505010	T	C	1.4548807983626897e-07	6.837172587938568
X:81011619:CGT:C	0.00115709	4.66721e-06	5.5131	5.2553	X	81011619	CGT	C	1.4778337395157873e-07	6.830374422553095
X:86881685:CTT:C	0.0183277	6.37082e-06	7.96444	5.25323	X	86881685	CTT	C	1.4945470813196353e-07	6.8254903992361085
X:31785775:C:T	2.45122e-06	0.00401393	-7.40094	-5.25188	X	31785775	C	T	1.5055454162995385e-07	6.822306139021513
X:31782344:T:C	2.39928e-06	0.00392665	-7.40037	-5.25142	X	31782344	T	C	1.5093108456117884e-07	6.821221307188387
X:73262182:A:G	0.029354	2.57133e-07	11.6453	5.24997	X	73262182	A	G	1.5212398310650657e-07	6.817802311852817
X:113289407:A:G	1.74295e-05	0.00641957	-5.90894	-5.24468	X	113289407	A	G	1.5655380138423022e-07	6.805336382533485
X:73272512:G:GAAAGAAAAGA	3.23665e-07	0.0294171	-11.4174	-5.24173	X	73272512	G	GAAAGAAAAGA	1.5907802779914386e-07	6.798389801903171
X:5146898:ATT:A	0.00622966	1.53141e-05	6.0083	5.23507	X	5146898	ATT	A	1.6492234795405933e-07	6.782720490895703
X:133504591:A:ATTT	0.0308232	2.77553e-07	11.6178	5.23434	X	133504591	A	ATTT	1.655754256512569e-07	6.781004119821739
X:4288108:C:T	2.66919e-07	0.129954	-13.0957	-5.23382	X	4288108	C	T	1.6604215595886642e-07	6.779781636200769
X:97198265:TACACAC:T	3.6385e-05	0.00512612	-4.94795	-5.23157	X	97198265	TACACAC	T	1.6807636385883801e-07	6.774493355968142
X:93504347:C:A	3.57143e-07	0.137831	-12.8634	-5.22416	X	93504347	C	A	1.7494746004418607e-07	6.7570923583928595
X:113296364:C:A	0.00482405	2.00987e-05	5.48072	5.22387	X	113296364	C	A	1.7522181805444773e-07	6.756411817855716
X:129382630:C:G	0.00368221	7.70398e-06	6.16953	5.2235	X	129382630	C	G	1.755724650025112e-07	6.755543593413563
X:100073574:GAC:G	0.305458	7.48234e-07	12.9196	5.21854	X	100073574	GAC	G	1.8033903487992694e-07	6.743910258867728
X:117435241:G:GTATATA	1.38637e-05	0.006069	-6.08167	-5.21742	X	117435241	G	GTATATA	1.8143254369368853e-07	6.741284810556291
X:81314009:GT:G	1.18457e-05	0.00421434	-5.87429	-5.21145	X	81314009	GT	G	1.8737034456633064e-07	6.727299144560051
X:15012973:T:C	1.60701e-06	0.000312473	-5.27014	-5.20897	X	15012973	T	C	1.8989181022707007e-07	6.721493765383518
X:5140939:C:G	0.00495558	9.19421e-06	6.28969	5.20585	X	5140939	C	G	1.931105932539861e-07	6.714193901955642
X:5141511:C:A	0.00495558	9.19421e-06	6.28969	5.20585	X	5141511	C	A	1.931105932539861e-07	6.714193901955642
X:5141343:T:C	0.00495558	9.19421e-06	6.28969	5.20585	X	5141343	T	C	1.931105932539861e-07	6.714193901955642
X:113298546:T:C	0.00473335	2.01345e-05	5.45995	5.20372	X	113298546	T	C	1.9533825539628852e-07	6.709212695367873
X:4289120:A:C	2.5494e-07	0.117828	-13.0437	-5.20364	X	4289120	A	C	1.9542240557764068e-07	6.709025645013898
X:86879712:T:C	0.00527849	7.49511e-06	6.55715	5.20336	X	86879712	T	C	1.9571720723098863e-07	6.708370989993769
X:93041023:A:T	2.13017e-05	0.0074707	-5.85996	-5.19771	X	93041023	A	T	2.0175855574165538e-07	6.695168039591743
X:69676484:C:CTG	2.47203e-06	0.00111777	-6.11405	-5.19636	X	69676484	C	CTG	2.0322852189740762e-07	6.692015341499323
X:47113224:G:C	0.0195883	0.000245176	4.38071	5.19319	X	47113224	G	C	2.0672102263444238e-07	6.684615355255265
X:89956934:G:A	5.27865e-06	0.0236962	-8.4094	-5.19282	X	89956934	G	A	2.0713242506864155e-07	6.683751910154787
X:5145555:C:T	1.31734e-05	0.00431521	-5.7917	-5.19129	X	5145555	C	T	2.08842046414857e-07	6.6801820598478105
X:5145219:C:T	1.31734e-05	0.00431521	-5.7917	-5.19129	X	5145219	C	T	2.08842046414857e-07	6.6801820598478105
X:5145602:G:T	1.31824e-05	0.00431521	-5.79102	-5.19062	X	5145602	G	T	2.0959499014466106e-07	6.678619102311076
X:122706110:G:A	1.89077e-05	0.00256489	-4.9101	-5.19022	X	122706110	G	A	2.1004575870471081e-07	6.677686083417762
X:116793764:T:G	2.59823e-07	0.0936748	-12.7953	-5.1857	X	116793764	T	G	2.152049961092761e-07	6.667147650489371
X:93509334:G:C	1.88544e-06	0.00221426	-7.06852	-5.18316	X	93509334	G	C	2.1815773456670499e-07	6.661229384922897
X:113300476:C:T	0.0047362	2.06034e-05	5.43754	5.18196	X	113300476	C	T	2.1956630911849004e-07	6.658434298495364
X:28083848:A:G	0.0048824	6.60635e-06	6.60536	5.1803	X	28083848	A	G	2.2152933232379217e-07	6.654568761436572
X:5132464:T:C	0.0049071	9.38995e-06	6.2588	5.17936	X	5132464	T	C	2.2264843293628383e-07	6.652380357211491
X:5131420:G:A	0.0049071	9.38995e-06	6.2588	5.17936	X	5131420	G	A	2.2264843293628383e-07	6.652380357211491
X:129377809:C:T	0.00382885	1.00233e-05	5.9454	5.1784	X	129377809	C	T	2.2379698167043575e-07	6.650145775058401
X:41202611:A:G	0.000408423	6.35956e-06	4.16235	5.17619	X	41202611	A	G	2.2646283768865737e-07	6.6450030550679555
X:86985546:T:C	0.00683184	9.30322e-06	6.59899	5.17482	X	86985546	T	C	2.2813080542195997e-07	6.641816066229514
X:5149003:C:T	0.00609839	4.51287e-05	4.90626	5.16681	X	5149003	C	T	2.3812310633413007e-07	6.623198460678607
X:5148915:C:G	0.00609839	4.51287e-05	4.90626	5.16681	X	5148915	C	G	2.3812310633413007e-07	6.623198460678607
X:5149122:G:A	0.00609781	4.51287e-05	4.90617	5.16671	X	5149122	G	A	2.3825048763446627e-07	6.622966201805098
X:5149113:T:G	0.00609781	4.51287e-05	4.90617	5.16671	X	5149113	T	G	2.3825048763446627e-07	6.622966201805098
X:117369560:T:C	7.94521e-06	0.00528244	-6.49957	-5.16549	X	117369560	T	C	2.3980985008502026e-07	6.620132982414342
X:80161227:CAAA:C	0.00349118	1.35505e-06	7.85416	5.16504	X	80161227	CAAA	C	2.403875102492758e-07	6.619088100607443
X:86991355:A:AT	7.31782e-06	0.00840267	-7.04599	-5.16412	X	86991355	A	AT	2.4157269090324923e-07	6.616952163016053
X:5146074:G:C	1.42374e-05	0.00452287	-5.76103	-5.16147	X	5146074	G	C	2.4501816063147963e-07	6.610801724738571
X:92333494:A:G	0.0381087	0.000156997	5.49197	5.16081	X	92333494	A	G	2.458836338717084e-07	6.609270377140699
X:5142303:G:T	0.00495558	9.70465e-06	6.23566	5.15953	X	5142303	G	T	2.4757055292249975e-07	6.606301013382967
X:93508063:T:C	4.98559e-06	0.001675	-5.81702	-5.15653	X	93508063	T	C	2.5156819359606675e-07	6.599344268707328
X:127540217:ATTT:A	5.57179e-05	1.50587e-07	5.91351	5.15647	X	127540217	ATTT	A	2.516487790085345e-07	6.599205172444042
X:117422717:G:C	2.1588e-06	0.0048122	-7.70936	-5.15589	X	117422717	G	C	2.5242905802668235e-07	6.597860653333358
X:5145787:G:A	1.34024e-05	0.00422101	-5.7524	-5.15308	X	5145787	G	A	2.5624258430417893e-07	6.591348694296682
X:15015233:A:C	1.21499e-06	0.00024222	-5.29511	-5.14849	X	15015233	A	C	2.6259178279398976e-07	6.580718868281053
X:139481204:CT:C	0.0103996	4.68454e-05	5.40267	5.14813	X	139481204	CT	C	2.630961353031101e-07	6.579885531347443
X:93057557:A:G	0.00308806	5.45561e-06	6.33866	5.14747	X	93057557	A	G	2.6402321272715413e-07	6.578357888599351
X:93057768:AT:A	0.00308806	5.45561e-06	6.33866	5.14747	X	93057768	AT	A	2.6402321272715413e-07	6.578357888599351
X:116552554:CCA:C	0.00157827	2.52817e-05	4.134	5.14302	X	116552554	CCA	C	2.70356828370087e-07	6.568062657026034
X:4283127:A:T	1e-06	0.000246939	-5.50914	-5.14158	X	4283127	A	T	2.724376022292663e-07	6.564732950673899
X:41193164:G:A	3.0528e-06	0.00239572	-6.66538	-5.14119	X	41193164	G	A	2.730038015916344e-07	6.563831305344687
X:41193066:T:C	3.0528e-06	0.00239572	-6.66538	-5.14119	X	41193066	T	C	2.730038015916344e-07	6.563831305344687
X:131324541:G:A	9.75525e-06	0.0408992	-8.34106	-5.14049	X	131324541	G	A	2.7402290866715695e-07	6.562213128085293
X:5133995:G:T	0.00495558	9.93848e-06	6.21186	5.13912	X	5133995	G	T	2.760280894323686e-07	6.559046720598735
X:5129871:T:C	0.00464799	9.35687e-06	6.20808	5.13588	X	5129871	T	C	2.8082681567887853e-07	6.551561424514725
X:24209608:C:G	5.34677e-06	0.00302332	-6.33762	-5.13045	X	24209608	C	G	2.8905033306239287e-07	6.5390265258665305
X:117421469:T:C	1.62625e-06	0.00181134	-7.01555	-5.12917	X	117421469	T	C	2.910224463317789e-07	6.536073512931341
X:117366012:A:G	7.94874e-06	0.0061552	-6.65204	-5.12883	X	117366012	A	G	2.915484690723478e-07	6.535289234727166
X:15017217:A:G	1.18795e-06	0.000232013	-5.27456	-5.12818	X	15017217	A	G	2.9255665738179287e-07	6.533790014691258
X:93057030:T:C	0.00308806	5.57319e-06	6.31733	5.12752	X	93057030	T	C	2.9358380063595983e-07	6.532267911591479
X:93057128:A:C	0.00308806	5.57319e-06	6.31733	5.12752	X	93057128	A	C	2.9358380063595983e-07	6.532267911591479
X:93056833:ATTT:A	0.00308806	5.57319e-06	6.31733	5.12752	X	93056833	ATTT	A	2.9358380063595983e-07	6.532267911591479
X:27398571:G:A	0.000467784	2.94254e-06	5.06873	5.12492	X	27398571	G	A	2.976641068013645e-07	6.526273530680463
X:73270072:G:A	1.04606e-07	0.0337451	-12.6841	-5.12287	X	73270072	G	A	3.009198267549043e-07	6.5215491968841235
X:70360153:G:A	9.52715e-06	0.00124268	-4.87088	-5.12095	X	70360153	G	A	3.0400025073455304e-07	6.517126058191944
X:90301243:G:A	1.81731e-06	0.00742193	-8.31483	-5.12041	X	90301243	G	A	3.048720915185838e-07	6.515882329830177
X:96268758:A:G	0.113619	5.17872e-07	12.2986	5.12027	X	96268758	A	G	3.050985181095573e-07	6.515559901759117
X:96269038:G:A	0.113619	5.17872e-07	12.2986	5.12027	X	96269038	G	A	3.050985181095573e-07	6.515559901759117
X:31792647:C:T	4.9508e-06	0.00538922	-6.99261	-5.11901	X	31792647	C	T	3.0714367750240434e-07	6.512658420126539
X:70358284:G:GT	9.52715e-06	0.00123932	-4.86817	-5.11799	X	70358284	G	GT	3.088089716948682e-07	6.510310090781332
X:93509594:A:C	5.12849e-06	0.00165512	-5.77682	-5.11798	X	93509594	A	C	3.088253411821172e-07	6.5102870701108895
X:44961058:A:G	7.94109e-07	0.316063	-12.8942	-5.11697	X	44961058	A	G	3.1048298203565567e-07	6.507962199064065
X:44962565:T:C	7.94109e-07	0.316063	-12.8942	-5.11697	X	44962565	T	C	3.1048298203565567e-07	6.507962199064065
X:96270021:G:C	2.80817e-06	0.00155836	-6.31885	-5.11344	X	96270021	G	C	3.1634426811016887e-07	6.4998400301812085
X:113291769:A:G	1.74295e-05	0.00558668	-5.76998	-5.11142	X	113291769	A	G	3.197462247145455e-07	6.495194574590731
X:93505657:A:T	3.52468e-07	0.163329	-13.0463	-5.10822	X	93505657	A	T	3.252078723698662e-07	6.487838949900199
X:41191329:CA:C	1.26087e-06	0.000376593	-5.69936	-5.10152	X	41191329	CA	C	3.3693640717477576e-07	6.472452059423049
X:74377919:G:T	5.71615e-06	0.00161093	-5.64127	-5.10016	X	74377919	G	T	3.393664806178043e-07	6.469331055364293
X:5134362:G:A	0.00495558	1.04034e-05	6.16614	5.09992	X	5134362	G	A	3.3979706968197584e-07	6.468780370688973
X:28080350:A:G	0.00480211	7.1499e-06	6.50971	5.09802	X	28080350	A	G	3.432245634745214e-07	6.464421638656367
X:44226923:A:T	4.38688e-05	0.0169725	-5.95814	-5.09571	X	44226923	A	T	3.4743664044958606e-07	6.459124383050791
X:5143279:C:T	0.00495558	1.04666e-05	6.16008	5.09473	X	5143279	C	T	3.4923861686783547e-07	6.45687774043798
X:93065193:A:G	0.000630939	1.18025e-06	6.28148	5.09399	X	93065193	A	G	3.5060526726036943e-07	6.455181563641739
X:93065486:C:A	0.000630939	1.18025e-06	6.28148	5.09399	X	93065486	C	A	3.5060526726036943e-07	6.455181563641739
X:93507314:T:A	1.7431e-06	0.00184029	-6.96202	-5.09315	X	93507314	T	A	3.521628558961855e-07	6.453256452826492
X:92337570:T:G	0.0353715	0.000184518	5.25592	5.08415	X	92337570	T	G	3.6927602667643677e-07	6.432648885742156
X:92335766:G:A	0.0353703	0.000184518	5.25588	5.08412	X	92335766	G	A	3.6933439085020856e-07	6.432580250808066
X:5133113:G:A	5.78716e-06	0.00606268	-6.95427	-5.07922	X	5133113	G	A	3.7898763702105426e-07	6.4213749569477825
X:5133088:G:A	5.78716e-06	0.00606268	-6.95427	-5.07922	X	5133088	G	A	3.7898763702105426e-07	6.4213749569477825
X:5133040:T:C	5.78716e-06	0.00606268	-6.95427	-5.07922	X	5133040	T	C	3.7898763702105426e-07	6.4213749569477825
X:33845925:T:C	1.69594e-06	0.000905159	-6.27987	-5.07811	X	33845925	T	C	3.8120797938576944e-07	6.418838017354436
X:96267212:TC:T	0.106637	5.23336e-07	12.2247	5.07711	X	96267212	TC	T	3.8321903261978994e-07	6.416552929769674
X:122725367:GTATATATATATA:G	0.00451221	2.37505e-05	5.24694	5.07497	X	122725367	GTATATATATATA	G	3.8755714240269907e-07	6.4116642549626475
X:5131871:G:T	5.78546e-06	0.00601158	-6.9461	-5.07256	X	5131871	G	T	3.9249932128442093e-07	6.406161089906463
X:5131588:G:A	5.78546e-06	0.00601158	-6.9461	-5.07256	X	5131588	G	A	3.9249932128442093e-07	6.406161089906463
X:5131356:T:C	5.78546e-06	0.00601158	-6.9461	-5.07256	X	5131356	T	C	3.9249932128442093e-07	6.406161089906463
X:133500498:G:A	1.79218e-07	0.000183478	-6.93124	-5.06715	X	133500498	G	A	4.038160671458272e-07	6.393816405219145
X:122710485:G:A	5.3267e-06	0.00695157	-7.17399	-5.06677	X	122710485	G	A	4.046226840065684e-07	6.39294977341216
X:87273029:T:A	4.83092e-06	0.0183475	-8.24221	-5.0648	X	87273029	T	A	4.088293394603164e-07	6.3884579447997245
X:139822833:G:A	9.12068e-07	0.264884	-12.5791	-5.06351	X	139822833	G	A	4.116067810168246e-07	6.385517479065265
X:93515303:A:G	5.45709e-06	0.00166273	-5.7193	-5.06283	X	93515303	A	G	4.130781775534307e-07	6.383967747697008
X:84920817:TAGA:T	0.0103207	1.60354e-05	6.46711	5.06137	X	84920817	TAGA	T	4.1625451765693023e-07	6.380641040013362
X:7264451:G:A	3.46866e-06	0.0131086	-8.23726	-5.06101	X	7264451	G	A	4.170413390386132e-07	6.3798208936437
X:133501471:T:C	1.8066e-07	0.000183478	-6.92323	-5.06038	X	133501471	T	C	4.1842173061677253e-07	6.378385768591351
X:48970569:G:C	4.90541e-06	0.00127608	-5.56121	-5.06037	X	48970569	G	C	4.184436770960249e-07	6.378362990173817
X:93064616:C:T	0.000617517	1.19771e-06	6.24529	5.06014	X	93064616	C	T	4.189487527540702e-07	6.3778390981728545
X:101975609:C:T	3.0069e-07	0.000594748	-7.58981	-5.05923	X	101975609	C	T	4.2095286907327205e-07	6.3757665261292376
X:47015807:T:C	7.58399e-05	0.00740994	-4.58195	-5.05652	X	47015807	T	C	4.2697611078441244e-07	6.369596422972024
X:122711113:T:C	5.57277e-06	0.0032949	-6.38224	-5.05575	X	122711113	T	C	4.287026250126786e-07	6.36784385722874
X:70363255:T:A	5.95336e-06	0.00153672	-5.55345	-5.05294	X	70363255	T	A	4.350606009319036e-07	6.361450244614935
X:49611857:A:G	0.0100098	6.56666e-05	5.02673	5.05234	X	49611857	A	G	4.3642991298773433e-07	6.360085490438655
X:148680229:A:G	0.00118458	6.37695e-06	5.22446	5.05196	X	148680229	A	G	4.3729929340540665e-07	6.359221224393951
X:33851642:G:A	0.00031322	3.6535e-06	4.45122	5.04941	X	33851642	G	A	4.4317666538870856e-07	6.353423114614717
X:69675587:AT:A	0.00119602	2.66545e-06	6.10638	5.04869	X	69675587	AT	A	4.448499068102216e-07	6.351786496074273
X:100100489:T:TA	1.91536e-05	0.0111713	-6.36861	-5.04301	X	100100489	T	TA	4.582652921512604e-07	6.338883033870167
X:9425553:G:GT	0.013429	0.00015631	4.45333	5.03944	X	9425553	G	GT	4.668959697224707e-07	6.3307798749123
X:93530200:C:CTATAA	0.00577145	1.76374e-05	5.79065	5.03898	X	93530200	C	CTATAA	4.680193833356063e-07	6.3297361599571325
X:5134750:A:G	6.102e-06	0.00606268	-6.90129	-5.03604	X	5134750	A	G	4.7526128668782383e-07	6.323067560547662
X:5134605:A:G	6.102e-06	0.00606268	-6.90129	-5.03604	X	5134605	A	G	4.7526128668782383e-07	6.323067560547662
X:86881734:GTT:G	3.77545e-06	0.0137272	-8.19861	-5.03142	X	86881734	GTT	G	4.868602613061741e-07	6.312595672157246
X:86982920:T:C	0.00387796	1.19253e-05	5.7844	5.03103	X	86982920	T	C	4.878517956624974e-07	6.311712092139893
X:113288474:C:CTGTGTGTGTGTGTG	0.0041723	4.02091e-05	4.64213	5.02702	X	113288474	C	CTGTGTGTGTGTGTG	4.981604162599104e-07	6.302630784392593
X:5134135:G:T	6.2017e-06	0.00606268	-6.88508	-5.02283	X	5134135	G	T	5.091560916621345e-07	6.293149055864923
X:5133832:C:T	6.2017e-06	0.00606268	-6.88508	-5.02283	X	5133832	C	T	5.091560916621345e-07	6.293149055864923
X:5134289:C:CCAGA	6.2017e-06	0.00606268	-6.88508	-5.02283	X	5134289	C	CCAGA	5.091560916621345e-07	6.293149055864923
X:5134172:G:A	6.2017e-06	0.00606268	-6.88508	-5.02283	X	5134172	G	A	5.091560916621345e-07	6.293149055864923
X:33851609:T:C	0.000622743	1.09563e-06	6.3428	5.01778	X	33851609	T	C	5.227198583140358e-07	6.281731000586423
X:113291822:AAAG:A	1.92189e-05	0.00558668	-5.67225	-5.01771	X	113291822	AAAG	A	5.229102973286011e-07	6.281572805810511
X:86882689:GATATATATATATATATATATATATATATATATATATATATATATATATATAT:G	3.86082e-06	0.00472861	-7.11051	-5.01498	X	86882689	GATATATATATATATATATATATATATATATATATATATATATATATATATAT	G	5.303898257051122e-07	6.2754048154526565
X:113285070:T:TA	2.35665e-05	0.00681941	-5.6677	-5.01335	X	113285070	T	TA	5.34904696497859e-07	6.271723588954581
X:113281452:T:C	2.56701e-05	0.00736976	-5.65981	-5.00579	X	113281452	T	C	5.563338430536944e-07	6.254664520133935
X:5134505:A:G	6.33663e-06	0.00606268	-6.86356	-5.00528	X	5134505	A	G	5.578088822963743e-07	6.253514574505987
X:154101347:GGATGGATA:G	0.000347958	2.39417e-06	4.97905	5.00521	X	154101347	GGATGGATA	G	5.58011632702741e-07	6.253356747360001
X:41194602:C:T	3.54547e-06	0.00239572	-6.51577	-5.00263	X	41194602	C	T	5.655342008478434e-07	6.247541125857255
X:132719644:G:A	1.74573e-05	0.0117518	-6.51201	-4.99915	X	132719644	G	A	5.758359450190534e-07	6.23970122894007
X:90280412:C:T	1.48732e-05	0.00233112	-5.05454	-4.99775	X	90280412	C	T	5.800311499896861e-07	6.236548682462296
X:82441645:A:AAAAT	5.08781e-08	0.00304811	-11.0006	-4.9971	X	82441645	A	AAAAT	5.819889245425936e-07	6.235085280050805
X:90511761:AAAAATAAAAT:A	0.00117593	6.70117e-06	5.16753	4.9937	X	90511761	AAAAATAAAAT	A	5.92333844716376e-07	6.227433451972204
X:148676389:T:G	0.00119308	6.81133e-06	5.16571	4.99184	X	148676389	T	G	5.980678999827445e-07	6.223249506791169
X:4287419:G:GCGCGCACACACA	2.81246e-07	0.105678	-12.8367	-4.99103	X	4287419	G	GCGCGCACACACA	6.005816788559591e-07	6.221427920377333
X:86991630:T:C	7.39799e-06	0.00691583	-6.84036	-4.99035	X	86991630	T	C	6.026998728734048e-07	6.219898900137173
X:107783930:GTA:G	0.000588215	1.23458e-06	6.16636	4.98632	X	107783930	GTA	G	6.15401863293227e-07	6.210841193144229
X:113284193:A:G	2.50751e-05	0.00704949	-5.63884	-4.98567	X	113284193	A	G	6.174745872000368e-07	6.209380911535345
X:82437882:A:C	5.01033e-08	0.00294289	-10.9808	-4.98549	X	82437882	A	C	6.180497609219364e-07	6.208976557235114
X:82439375:G:A	5.01033e-08	0.00294289	-10.9808	-4.98549	X	82439375	G	A	6.180497609219364e-07	6.208976557235114
X:93056532:C:CAA	6.7811e-06	0.00371448	-6.30585	-4.98432	X	93056532	C	CAA	6.218009969190989e-07	6.206348585998011
X:86882293:A:T	0.00247475	1.32199e-05	5.23217	4.98268	X	86882293	A	T	6.270960976004565e-07	6.2026659018173165
X:29131274:G:GTATA	1.36375e-05	0.00226147	-5.11094	-4.98179	X	29131274	G	GTATA	6.299878230857642e-07	6.200667844860336
X:94862975:C:T	3.65707e-06	0.00652998	-7.4875	-4.97651	X	94862975	C	T	6.474093318429938e-07	6.188821044910725
X:93516852:T:C	2.00888e-06	0.00184176	-6.8209	-4.9739	X	93516852	T	C	6.561916796204832e-07	6.182969280682401
X:92339992:T:A	0.0366279	0.000182254	5.30316	4.97295	X	92339992	T	A	6.594167303756261e-07	6.180840038361139
X:92341723:T:G	0.0379532	0.000189944	5.29738	4.9672	X	92341723	T	G	6.792652407168238e-07	6.167960608508214
X:5135122:T:C	6.6715e-06	0.00606268	-6.81206	-4.96331	X	5135122	T	C	6.9301834643711e-07	6.1592552680564
X:5135064:A:G	6.6715e-06	0.00606268	-6.81206	-4.96331	X	5135064	A	G	6.9301834643711e-07	6.1592552680564
X:113285835:A:G	2.35665e-05	0.00641933	-5.60724	-4.95538	X	113285835	A	G	7.218906461917292e-07	6.141528585466941
X:113292776:G:C	1.92189e-05	0.00523184	-5.60663	-4.95478	X	113292776	G	C	7.24121724537335e-07	6.140188422958384
X:133501874:C:G	1.61975e-07	0.0385835	-12.3809	-4.95152	X	133501874	C	G	7.363605016198465e-07	6.1329095151009465
X:43137951:G:A	5.967e-05	0.00650576	-4.69161	-4.95152	X	43137951	G	A	7.363605016198465e-07	6.1329095151009465
X:87165918:G:A	0.000534543	2.71899e-07	7.58374	4.9488	X	87165918	G	A	7.467242741909931e-07	6.1268397305843605
X:95396838:T:G	1.596e-06	0.00101399	-6.45415	-4.94557	X	95396838	T	G	7.592138184492197e-07	6.119635895915814
X:87258814:C:T	2.07644e-07	0.0714029	-12.748	-4.94148	X	87258814	C	T	7.753177075066781e-07	6.1105202970512345
X:136392770:C:G	9.45434e-06	0.00494297	-6.25925	-4.94073	X	136392770	C	G	7.783062277743094e-07	6.108849494442407
X:92334877:T:G	0.0001645	0.0394901	-5.48089	-4.93545	X	92334877	T	G	7.99661657830193e-07	6.097093727031349
X:92334876:A:T	0.0001645	0.0394901	-5.48089	-4.93545	X	92334876	A	T	7.99661657830193e-07	6.097093727031349
X:70352882:G:A	6.31028e-06	0.000555013	-4.47681	-4.93348	X	70352882	G	A	8.077731683565478e-07	6.092710576801367
X:47116951:G:C	0.0139639	6.77786e-05	5.32798	4.93194	X	47116951	G	C	8.141692781146148e-07	6.089285289327073
X:4958393:CA:C	0.00650757	1.27047e-05	6.23875	4.92769	X	4958393	CA	C	8.32074954141524e-07	6.079837550267149
X:114892940:TCTCA:T	0.00453304	8.85031e-06	6.23869	4.92764	X	114892940	TCTCA	T	8.322878495568072e-07	6.079726445519579
X:5136267:G:C	6.97262e-06	0.00606268	-6.76792	-4.92732	X	5136267	G	C	8.336516229972719e-07	6.079015399984227
X:78710405:A:G	1.53344e-05	0.00166913	-4.68996	-4.92356	X	78710405	A	G	8.498380373069888e-07	6.070663834528175
X:47117576:A:G	0.0139639	6.85294e-05	5.31696	4.92297	X	47117576	A	G	8.52405242080359e-07	6.069353888146511
X:131950767:C:CA	3.50045e-06	0.00582158	-7.41643	-4.91905	X	131950767	C	CA	8.696525490513199e-07	6.060654225736967
X:113290267:TATAC:T	0.00659408	1.7175e-05	5.95047	4.91503	X	113290267	TATAC	T	8.876886531726073e-07	6.0517393314276
X:113290534:AATTT:A	0.00659408	1.7175e-05	5.95047	4.91503	X	113290534	AATTT	A	8.876886531726073e-07	6.0517393314276
X:113288715:G:GTTGTCC	0.00659408	1.7175e-05	5.95047	4.91503	X	113288715	G	GTTGTCC	8.876886531726073e-07	6.0517393314276
X:139835981:C:T	1.72587e-06	0.481918	-12.5398	-4.91146	X	139835981	C	T	9.040073072315343e-07	6.043828059040668
X:113297233:G:A	1.93357e-05	0.00502326	-5.55988	-4.90996	X	113297233	G	A	9.109497252287063e-07	6.040505590818708
X:47116835:C:T	6.97611e-05	0.0137717	-5.2853	-4.90907	X	47116835	C	T	9.150931280343193e-07	6.038534706006422
X:96267637:A:C	5.17872e-07	0.113619	-12.2986	-4.90504	X	96267637	A	C	9.340830195573481e-07	6.0296145227706015
X:5139661:C:T	7.17015e-06	0.00606268	-6.73998	-4.90455	X	5139661	C	T	9.364176708767561e-07	6.028530399448016
X:5139625:A:G	7.17015e-06	0.00606268	-6.73998	-4.90455	X	5139625	A	G	9.364176708767561e-07	6.028530399448016
X:5136828:C:T	7.17015e-06	0.00606268	-6.73998	-4.90455	X	5136828	C	T	9.364176708767561e-07	6.028530399448016
X:5136864:C:T	7.17015e-06	0.00606268	-6.73998	-4.90455	X	5136864	C	T	9.364176708767561e-07	6.028530399448016
X:96265739:C:G	5.18416e-07	0.113619	-12.2976	-4.90445	X	96265739	C	G	9.368948200985553e-07	6.02830916216961
X:87178405:T:C	1.00395e-05	0.00244678	-5.496	-4.90381	X	87178405	T	C	9.399541226561609e-07	6.026893342957215
X:87177624:T:C	1.00395e-05	0.00244512	-5.49532	-4.90315	X	87177624	T	C	9.431191007190291e-07	6.025433459416516
X:93520040:T:TCACACACACACACACA	1.76657e-06	0.0895282	-10.8333	-4.89889	X	93520040	T	TCACACACACACACACA	9.637957963656755e-07	6.016014972223617
X:103278823:TTG:T	0.00350964	1.47188e-05	5.47414	4.89854	X	103278823	TTG	T	9.655138514267933e-07	6.015241491377003
X:90281640:C:T	1.03492e-05	0.0025019	-5.4879	-4.89594	X	90281640	C	T	9.783691660484348e-07	6.009497242834027
X:117425882:G:A	7.51907e-06	0.00327933	-6.07795	-4.89507	X	117425882	G	A	9.827074256740469e-07	6.007575762257654
X:4286058:A:G	3.42467e-07	0.108222	-12.6635	-4.89424	X	4286058	A	G	9.868634814826773e-07	6.005742921635807
X:41184691:T:C	1.3169e-06	0.00109824	-6.72619	-4.89386	X	41184691	T	C	9.88771895645426e-07	6.004903886247543
X:7272217:C:CATATAT	5.23723e-06	0.00313452	-6.39444	-4.89026	X	7272217	C	CATATAT	1.007028737617664e-06	5.9969581357912745
X:136397491:CTT:C	0.00535191	1.90289e-05	5.63925	4.89	X	136397491	CTT	C	1.0083597767150709e-06	5.996384486576608
X:122712335:C:T	0.00310658	5.8916e-06	6.26775	4.88988	X	122712335	C	T	1.0089746734604686e-06	5.996119734966667
X:122712475:A:G	0.00310658	5.8916e-06	6.26775	4.88988	X	122712475	A	G	1.0089746734604686e-06	5.996119734966667
X:122712115:T:TA	0.00310658	5.8916e-06	6.26775	4.88988	X	122712115	T	TA	1.0089746734604686e-06	5.996119734966667
X:96270503:C:T	5.01908e-07	0.106637	-12.2665	-4.88691	X	96270503	C	T	1.0243088904420052e-06	5.989569057827568
X:4287419:G:GCA	2.96786e-07	0.0922237	-12.6467	-4.88485	X	4287419	G	GCA	1.0350762311605294e-06	5.985027664165309
X:101785321:T:C	3.63789e-06	0.000871789	-5.47914	-4.88379	X	101785321	T	C	1.0406590747604675e-06	5.982691524284419
X:94860347:A:C	9.94455e-07	0.263997	-12.4893	-4.88215	X	94860347	A	C	1.0493538299899337e-06	5.979078048029533
X:41204956:A:G	5.08953e-06	0.00301265	-6.38339	-4.88003	X	41204956	A	G	1.060697045063662e-06	5.974408641023252
X:84920813:TG:T	0.0103207	1.98025e-05	6.2561	4.87985	X	84920813	TG	T	1.0616655648235455e-06	5.974012268777934
X:97201131:A:ACC	2.14745e-05	0.00301241	-4.94363	-4.87977	X	97201131	A	ACC	1.0620962911986887e-06	5.973836107698509
X:5148590:T:C	0.00462671	4.51987e-05	4.62853	4.87862	X	5148590	T	C	1.0683065991258938e-06	5.971304088881092
X:5148259:C:T	0.00462668	4.51987e-05	4.62853	4.87861	X	5148259	C	T	1.0683607547667642e-06	5.971282073759312
X:5148240:T:C	0.00462668	4.51987e-05	4.62853	4.87861	X	5148240	T	C	1.0683607547667642e-06	5.971282073759312
X:5148304:G:A	0.00462663	4.51987e-05	4.62852	4.8786	X	5148304	G	A	1.0684149130497515e-06	5.97126005867948
X:122709031:C:CT	2.02543e-05	0.00206509	-4.62456	-4.87826	X	122709031	C	CT	1.0702578676067675e-06	5.9705115709258925
X:82437095:A:G	0.00294289	5.01033e-08	10.9808	4.87343	X	82437095	A	G	1.0967714084550984e-06	5.9598838796190075
X:82439585:G:A	0.00294289	5.01033e-08	10.9808	4.87343	X	82439585	G	A	1.0967714084550984e-06	5.9598838796190075
X:122718563:T:G	0.00354618	2.2749e-05	5.0491	4.8725	X	122718563	T	G	1.1019485619484525e-06	5.957838677519922
X:87253469:ATCT:A	0.00974916	3.58797e-05	5.60476	4.8715	X	87253469	ATCT	A	1.1075416309487627e-06	5.955639940272823
X:129382942:C:G	5.83631e-06	0.00598163	-6.93235	-4.86967	X	129382942	C	G	1.1178477646370644e-06	5.95161733730813
X:113305302:T:G	0.00439961	2.64754e-05	5.11306	4.86708	X	113305302	T	G	1.1325919067018822e-06	5.94592654608868
X:122719900:C:T	0.00354658	2.30298e-05	5.03695	4.86006	X	122719900	C	T	1.173501818158415e-06	5.930516233193164
X:47105379:AAATAATAATAATAAT:A	0.0679644	0.000768738	4.48199	4.8567	X	47105379	AAATAATAATAATAAT	A	1.1935821877361525e-06	5.9231476709585555
X:139487802:C:T	6.81631e-05	0.0324608	-6.16589	-4.85342	X	139487802	C	T	1.2135030780173475e-06	5.915959117754581
X:86881575:G:T	6.37082e-06	0.0183277	-7.96444	-4.85212	X	86881575	G	T	1.2214867361671817e-06	5.913111244565024
X:86881527:C:CT	6.37082e-06	0.0183277	-7.96444	-4.85212	X	86881527	C	CT	1.2214867361671817e-06	5.913111244565024
X:127534956:A:G	1.57867e-07	0.0462071	-12.5869	-4.85141	X	127534956	A	G	1.2258683519747086e-06	5.911556166914531
X:101787806:C:T	3.63789e-06	0.000835922	-5.43713	-4.84777	X	101787806	C	T	1.2485703680538987e-06	5.90358697626312
X:27397762:CATAA:C	3.10019e-06	0.000453615	-4.98579	-4.84719	X	27397762	CATAA	C	1.252224874942952e-06	5.902317673380193
X:41199155:T:G	0.00310221	3.68492e-06	6.73562	4.84673	X	41199155	T	G	1.2551305914130952e-06	5.901311085195298
X:41198879:G:A	0.00310221	3.68492e-06	6.73562	4.84673	X	41198879	G	A	1.2551305914130952e-06	5.901311085195298
X:41198886:A:T	0.00310221	3.68492e-06	6.73562	4.84673	X	41198886	A	T	1.2551305914130952e-06	5.901311085195298
X:86880585:T:C	6.41759e-06	0.0183277	-7.95712	-4.84652	X	86880585	T	C	1.256459269532846e-06	5.900851585307647
X:90695718:G:A	2.01442e-05	0.00461585	-5.43433	-4.84387	X	90695718	G	A	1.2733426228866794e-06	5.895054723441167
X:101791804:G:A	3.63789e-06	0.000829361	-5.42925	-4.84102	X	101791804	G	A	1.291743696440861e-06	5.8888236490837365
X:41204730:G:A	3.38838e-06	0.000772948	-5.42986	-4.83952	X	41204730	G	A	1.3015309372546978e-06	5.885545504297493
X:86879796:T:C	6.47995e-06	0.0183277	-7.94745	-4.83911	X	86879796	T	C	1.304218504483345e-06	5.884649642237748
X:86880273:G:A	6.47995e-06	0.0183277	-7.94745	-4.83911	X	86880273	G	A	1.304218504483345e-06	5.884649642237748
X:93058406:C:T	5.45561e-06	0.00308806	-6.33866	-4.8386	X	93058406	C	T	1.3075690260975893e-06	5.883535375606369
X:93057551:A:G	5.45561e-06	0.00308806	-6.33866	-4.8386	X	93057551	A	G	1.3075690260975893e-06	5.883535375606369
X:116784767:C:CAA	7.04245e-06	0.0028849	-6.01529	-4.83827	X	116784767	C	CAA	1.3097414206898309e-06	5.882814437666631
X:148218276:C:T	9.74291e-06	0.00220635	-5.42256	-4.83528	X	148218276	C	T	1.3295834967080215e-06	5.876284384153466
X:122720663:C:T	0.00345661	2.30298e-05	5.01126	4.83377	X	122720663	C	T	1.339713635242444e-06	5.872988022474596
X:41197624:CTTT:C	0.00295962	3.56966e-06	6.72035	4.83374	X	41197624	CTTT	C	1.3399156463912188e-06	5.872922541530673
X:85683822:A:C	1.0676e-06	0.00015395	-4.97121	-4.83266	X	85683822	A	C	1.3472075906537633e-06	5.870565478865688
X:31787099:G:A	2.09744e-06	0.5087	-12.3989	-4.82975	X	31787099	G	A	1.3670457890889456e-06	5.864216938529751
X:139896546:TACAC:T	0.00253124	3.11871e-05	4.39646	4.82886	X	139896546	TACAC	T	1.3731690374537622e-06	5.862275997712481
X:93513185:GAC:G	0.126711	9.54763e-07	11.796	4.82672	X	93513185	GAC	G	1.3880005055896858e-06	5.857610375686084
X:145070045:T:C	0.003308	3.52388e-05	4.54195	4.82585	X	145070045	T	C	1.3940740623485226e-06	5.855714153056617
X:117426681:T:C	5.34812e-06	0.00516681	-6.87327	-4.82148	X	117426681	T	C	1.4249700991483038e-06	5.846194248575568
X:93057036:C:A	5.57319e-06	0.00308806	-6.31733	-4.81885	X	93057036	C	A	1.4438805390594828e-06	5.840468737080392
X:93056836:T:TAA	5.57319e-06	0.00308806	-6.31733	-4.81885	X	93056836	T	TAA	1.4438805390594828e-06	5.840468737080392
X:132726458:T:C	5.4961e-06	0.0151176	-7.91958	-4.81777	X	132726458	T	C	1.4517157335446202e-06	5.838118416307636
X:96265609:T:TATTTA	5.03053e-07	0.138064	-12.5225	-4.81543	X	96265609	T	TATTTA	1.4688324818891887e-06	5.833027732010714
X:73241009:C:CT	1.61012e-07	0.0301206	-12.1392	-4.81499	X	73241009	C	CT	1.4720726174224043e-06	5.832070765699635
X:117425911:G:T	0.000796726	6.92743e-06	4.74502	4.81475	X	117425911	G	T	1.4738428595712158e-06	5.831548818280979
X:109207151:C:CT	8.57576e-06	0.00182655	-5.36124	-4.81256	X	109207151	C	CT	1.4900911540852065e-06	5.826787163463347
X:86989668:G:T	9.02734e-06	0.00683184	-6.62909	-4.8118	X	86989668	G	T	1.495769981195059e-06	5.8251351869383345
X:86988723:C:CA	9.02734e-06	0.00683184	-6.62909	-4.8118	X	86988723	C	CA	1.495769981195059e-06	5.8251351869383345
X:127540134:G:C	1.50408e-07	0.0410073	-12.5159	-4.81173	X	127540134	G	C	1.496294076341112e-06	5.824983043382666
X:15018461:G:A	1.19598e-06	0.000169335	-4.95291	-4.8103	X	15018461	G	A	1.5070393164011e-06	5.821875417444283
X:117428174:G:A	5.42486e-06	0.00516681	-6.85902	-4.80986	X	117428174	G	A	1.5103604428878642e-06	5.820919397291562
X:117429369:A:C	5.42486e-06	0.00516681	-6.85902	-4.80986	X	117429369	A	C	1.5103604428878642e-06	5.820919397291562
X:117430809:A:G	5.42486e-06	0.00516681	-6.85902	-4.80986	X	117430809	A	G	1.5103604428878642e-06	5.820919397291562
X:117429952:A:T	5.42486e-06	0.00516681	-6.85902	-4.80986	X	117429952	A	T	1.5103604428878642e-06	5.820919397291562
X:117428879:T:A	5.42486e-06	0.00516681	-6.85902	-4.80986	X	117428879	T	A	1.5103604428878642e-06	5.820919397291562
X:117429975:T:G	5.42486e-06	0.00516681	-6.85902	-4.80986	X	117429975	T	G	1.5103604428878642e-06	5.820919397291562
X:41196058:G:C	3.01439e-06	0.000663484	-5.39411	-4.80476	X	41196058	G	C	1.5493724310947137e-06	5.809844175960594
X:73272512:GAAAGAAAAGA:G	0.00272096	1.65746e-06	7.40346	4.80463	X	73272512	GAAAGAAAAGA	G	1.5503794066823994e-06	5.80956200888438
X:127534588:C:CTT	1.59499e-07	0.0428959	-12.5022	-4.80409	X	127534588	C	CTT	1.5545689671554154e-06	5.808390006080988
X:146487483:C:T	0.03002	0.000336917	4.48978	4.80406	X	146487483	C	T	1.5548020393573304e-06	5.808324898397696
X:122725367:G:GTA	1.42112e-05	0.00641317	-6.11208	-4.8031	X	122725367	G	GTA	1.5622781123283956e-06	5.806241651701842
X:129168546:G:A	0.00015668	0.0122546	-4.35945	-4.79614	X	129168546	G	A	1.6175225182582385e-06	5.7911496646084295
X:96331284:A:G	6.14145e-07	0.110933	-12.1042	-4.79519	X	96331284	A	G	1.6252071721725255e-06	5.789091269764234
X:96332371:C:T	6.14145e-07	0.110933	-12.1042	-4.79519	X	96332371	C	T	1.6252071721725255e-06	5.789091269764234
X:5149169:A:G	0.00534176	4.96271e-05	4.67877	4.78993	X	5149169	A	G	1.6683950513337294e-06	5.777701106995495
X:44895074:TTTTA:T	0.004844	1.10993e-05	6.07861	4.78904	X	44895074	TTTTA	T	1.6758107769636487e-06	5.775775021004028
X:86985932:T:G	9.30322e-06	0.00683184	-6.59899	-4.78637	X	86985932	T	G	1.6982485224234167e-06	5.769998754598937
X:86985269:A:T	9.30322e-06	0.00683184	-6.59899	-4.78637	X	86985269	A	T	1.6982485224234167e-06	5.769998754598937
X:93065283:A:T	1.18025e-06	0.000630939	-6.28148	-4.78565	X	93065283	A	T	1.7043484064042575e-06	5.7684416211232366
X:5140281:A:G	8.32779e-06	0.00606268	-6.59031	-4.78256	X	5140281	A	G	1.7307670162028792e-06	5.761761389887443
X:5141631:C:G	8.32779e-06	0.00606268	-6.59031	-4.78256	X	5141631	C	G	1.7307670162028792e-06	5.761761389887443
X:5140320:G:A	8.32779e-06	0.00606268	-6.59031	-4.78256	X	5140320	G	A	1.7307670162028792e-06	5.761761389887443
X:5140659:A:G	8.32779e-06	0.00606268	-6.59031	-4.78256	X	5140659	A	G	1.7307670162028792e-06	5.761761389887443
X:5140748:T:G	8.32779e-06	0.00606268	-6.59031	-4.78256	X	5140748	T	G	1.7307670162028792e-06	5.761761389887443
X:117434782:T:C	0.0028176	9.72297e-06	5.66915	4.78088	X	117434782	T	C	1.7452952293153836e-06	5.758131098436845
X:31794718:CTT:C	0.467842	2.43567e-06	12.1657	4.77987	X	31794718	CTT	C	1.754085784711179e-06	5.755949170995251
X:129377438:G:T	8.0061e-06	0.00732908	-6.8194	-4.77754	X	129377438	G	T	1.7745275816387057e-06	5.750917245986493
X:41195447:G:A	3.03322e-06	0.000648819	-5.36553	-4.77698	X	41195447	G	A	1.7794746464901693e-06	5.749708195335244
X:91568770:GT:G	0.00218812	8.95522e-06	5.49856	4.77582	X	91568770	GT	G	1.7897643316583304e-06	5.747204151253914
X:91569040:TCTGA:T	0.00218812	8.95522e-06	5.49856	4.77582	X	91569040	TCTGA	T	1.7897643316583304e-06	5.747204151253914
X:86878612:G:A	7.04079e-06	0.0183277	-7.86445	-4.77556	X	86878612	G	A	1.7920784716641025e-06	5.746642977338765
X:87160886:G:A	2.07967e-07	0.00850625	-10.6189	-4.77308	X	87160886	G	A	1.8142968015647055e-06	5.741291665049984
X:4289935:AGT:A	0.10846	2.34131e-07	13.046	4.7724	X	4289935	AGT	A	1.8204350141526107e-06	5.7398248198877795
X:47119675:G:A	6.94342e-05	0.0117412	-5.13048	-4.77212	X	47119675	G	A	1.8229683092030381e-06	5.739220881129926
X:5142153:G:A	8.50749e-06	0.00606268	-6.56896	-4.76516	X	5142153	G	A	1.8870384756949617e-06	5.724219244714954
X:5142189:T:C	8.50749e-06	0.00606268	-6.56896	-4.76516	X	5142189	T	C	1.8870384756949617e-06	5.724219244714954
X:5142407:C:G	8.50749e-06	0.00606268	-6.56896	-4.76516	X	5142407	C	G	1.8870384756949617e-06	5.724219244714954
X:5127714:G:A	8.05366e-06	0.00570082	-6.56224	-4.75968	X	5127714	G	A	1.9390013395157993e-06	5.712421890898541
X:5127495:A:G	8.05366e-06	0.00570082	-6.56224	-4.75968	X	5127495	A	G	1.9390013395157993e-06	5.712421890898541
X:107788453:C:T	1.13333e-06	0.000588215	-6.25193	-4.75828	X	107788453	C	T	1.9524953765898836e-06	5.709409985836771
X:117436310:TAACC:T	0.00541913	1.92046e-05	5.64254	4.75734	X	117436310	TAACC	T	1.9616062319576705e-06	5.7073881674203815
X:5142592:C:A	8.59232e-06	0.00606268	-6.55904	-4.75707	X	5142592	C	A	1.964230721048483e-06	5.706807500768456
X:5142591:G:T	8.59232e-06	0.00606268	-6.55904	-4.75707	X	5142591	G	T	1.964230721048483e-06	5.706807500768456
X:5142585:A:G	8.59232e-06	0.00606268	-6.55904	-4.75707	X	5142585	A	G	1.964230721048483e-06	5.706807500768456
X:5142768:G:T	8.59857e-06	0.00606268	-6.55831	-4.75648	X	5142768	G	T	1.9699774601238156e-06	5.705538742873864
X:5142877:C:T	8.59857e-06	0.00606268	-6.55831	-4.75648	X	5142877	C	T	1.9699774601238156e-06	5.705538742873864
X:5142812:A:G	8.59857e-06	0.00606268	-6.55831	-4.75648	X	5142812	A	G	1.9699774601238156e-06	5.705538742873864
X:87187491:G:T	1.68154e-05	0.0119122	-6.56302	-4.75597	X	87187491	G	T	1.974957992365021e-06	5.704442137444149
X:92335368:A:T	0.000182029	0.0366266	-5.30437	-4.75414	X	92335368	A	T	1.9929290788702512e-06	5.700508155992606
X:44958590:A:C	8.52101e-07	0.209544	-12.4127	-4.75406	X	44958590	A	C	1.993718273082754e-06	5.70033621066318
X:92340099:T:C	0.000182254	0.0366279	-5.30316	-4.7529	X	92340099	T	C	2.005195380201888e-06	5.697843304635056
X:92335204:AT:A	0.000160764	0.0438726	-5.60911	-4.7518	X	92335204	AT	A	2.0161374525995117e-06	5.695479862667703
X:128592429:T:C	3.38879e-05	0.0174377	-6.24333	-4.75032	X	128592429	T	C	2.030950045640903e-06	5.69230075860864
X:86992210:C:CT	6.45371e-06	0.0161868	-7.8273	-4.74711	X	86992210	C	CT	2.063437445553852e-06	5.68540869250625
X:92341235:G:C	0.000189922	0.0379531	-5.29749	-4.74708	X	92341235	G	C	2.063743407617203e-06	5.68534430102899
X:117359899:C:G	1.36912e-05	0.00701594	-6.23919	-4.74648	X	117359899	C	G	2.069871807714479e-06	5.684056550642685
X:78712016:C:T	0.0017842	2.40313e-05	4.30737	4.73602	X	78712016	C	T	2.179560885850588e-06	5.661630994496905
X:5143145:C:CACAAAA	8.81986e-06	0.00606268	-6.5329	-4.73576	X	5143145	C	CACAAAA	2.1823572458511803e-06	5.661074155121485
X:84738996:A:ACTCTCTCTCT	3.25601e-06	0.00431465	-7.18927	-4.73539	X	84738996	A	ACTCTCTCTCT	2.1863426222587287e-06	5.660281778664187
X:93064212:G:A	0.00043659	1.20434e-06	5.89307	4.73069	X	93064212	G	A	2.237579912480374e-06	5.6502214454290245
X:113298084:ATTAG:A	2.08594e-05	0.00449486	-5.37289	-4.73065	X	113298084	ATTAG	A	2.2380208835786044e-06	5.650135865269405
X:107786726:C:T	1.17796e-06	0.000588215	-6.2133	-4.72251	X	107786726	C	T	2.3295163161341287e-06	5.632734243368925
X:93063974:A:T	0.00043659	1.21518e-06	5.88411	4.72231	X	93063974	A	T	2.3318089543741848e-06	5.6323070342989014
X:41193061:G:A	2.34195e-06	0.000473229	-5.30859	-4.72163	X	41193061	G	A	2.339620140260632e-06	5.63085464873528
X:41193588:G:A	2.34195e-06	0.000473229	-5.30859	-4.72163	X	41193588	G	A	2.339620140260632e-06	5.63085464873528
X:129378425:A:T	7.60089e-06	0.00649665	-6.75078	-4.72157	X	129378425	A	T	2.34031056742908e-06	5.630726506362961
X:87183745:C:G	1.82368e-05	0.0033305	-5.20744	-4.7214	X	87183745	C	G	2.342267840249979e-06	5.63036344449354
X:84738996:A:ACTCTCT	6.71892e-06	0.0162919	-7.7935	-4.72123	X	84738996	A	ACTCTCT	2.344226684683052e-06	5.630000394724376
X:136387343:A:G	0.00416616	9.64136e-06	6.06869	4.71864	X	136387343	A	G	2.3742654830843595e-06	5.624470721189258
X:136388326:A:G	0.00416616	9.64136e-06	6.06869	4.71864	X	136388326	A	G	2.3742654830843595e-06	5.624470721189258
X:136387179:T:C	0.00416616	9.64136e-06	6.06869	4.71864	X	136387179	T	C	2.3742654830843595e-06	5.624470721189258
X:136388231:A:G	0.00416616	9.64136e-06	6.06869	4.71864	X	136388231	A	G	2.3742654830843595e-06	5.624470721189258
X:131495700:AT:A	0.019541	1.32698e-05	7.29478	4.71773	X	131495700	AT	A	2.3849071210088525e-06	5.622528529671573
X:136390937:G:A	0.00416616	9.66828e-06	6.0659	4.71624	X	136390937	G	A	2.402430282959721e-06	5.619349206433696
X:116794741:C:A	2.25407e-06	0.083377	-10.5184	-4.71407	X	116794741	C	A	2.4281718531380513e-06	5.614720579446714
X:78713344:A:G	0.00181809	2.50229e-05	4.28575	4.71349	X	78713344	A	G	2.4350968069556122e-06	5.613483768785724
X:78712709:A:G	0.00181635	2.50229e-05	4.28479	4.71249	X	78712709	A	G	2.4470809302996446e-06	5.611351667345659
X:122716361:TA:T	0.00734741	1.84033e-05	5.98957	4.71195	X	122716361	TA	T	2.453575878399698e-06	5.610200506641401
X:125811757:A:C	7.49955e-05	0.17925	-7.77911	-4.71021	X	125811757	A	C	2.4746168088328985e-06	5.606492041455064
X:33849059:C:CT	1.22758e-06	0.279063	-12.3341	-4.71012	X	33849059	C	CT	2.475709830945621e-06	5.606300258764986
X:113309313:CATTTACATTGT:C	0.00389327	2.76566e-05	4.94714	4.70608	X	113309313	CATTTACATTGT	C	2.525254540571105e-06	5.597694839329923
X:29148891:C:G	3.37789e-05	0.00432068	-4.85133	-4.70605	X	29148891	C	G	2.5256259825590367e-06	5.5976309632571235
X:44944716:GTTCA:G	0.316065	1.86861e-06	12.0385	4.70589	X	44944716	GTTCA	G	2.5276078923954903e-06	5.597290297231749
X:113282493:A:C	0.00757123	2.52943e-05	5.70153	4.7016	X	113282493	A	C	2.581307925892111e-06	5.588160185096169
X:87184316:T:A	1.85648e-05	0.00331155	-5.1839	-4.69885	X	87184316	T	A	2.6163051671747734e-06	5.582311601062435
X:87184023:T:C	1.85718e-05	0.00331155	-5.18353	-4.69849	X	87184023	T	C	2.6209201963379833e-06	5.58154620256263
X:48980225:TTG:T	0.0081337	2.32295e-05	5.85835	4.69822	X	48980225	TTG	T	2.624386594621744e-06	5.580972189287194
X:122716549:C:T	0.00734741	1.87203e-05	5.97249	4.69716	X	122716549	C	T	2.638038013068432e-06	5.578718950735477
X:122716846:A:T	0.00734741	1.87203e-05	5.97249	4.69716	X	122716846	A	T	2.638038013068432e-06	5.578718950735477
X:92341343:G:A	0.000192513	0.0366268	-5.24837	-4.69663	X	92341343	G	A	2.6448892544460874e-06	5.577592507821565
X:90348194:C:A	1.46289e-06	0.0524395	-10.487	-4.69564	X	90348194	C	A	2.6577326248988033e-06	5.575488712396982
X:78712112:T:A	0.0017501	2.45195e-05	4.26796	4.69495	X	78712112	T	A	2.6667194387281542e-06	5.574022673332094
X:33849659:C:T	8.04813e-07	0.0288064	-10.4855	-4.69476	X	33849659	C	T	2.6691991851225887e-06	5.573619016406616
X:24195594:A:G	0.000704274	1.13746e-05	4.12579	4.69436	X	24195594	A	G	2.674426939522894e-06	5.572769261741837
X:101782304:T:C	6.46398e-06	0.00124182	-5.25809	-4.69427	X	101782304	T	C	2.6756045377272313e-06	5.572578076171256
X:80616346:AT:A	0.00133435	1.90032e-06	6.55418	4.69241	X	80616346	AT	A	2.70005327443882e-06	5.568627666742291
X:93063782:C:A	0.00043659	1.26215e-06	5.84618	4.68684	X	93063782	C	A	2.774557070352932e-06	5.556806337678271
X:113307731:C:CA	0.00383125	2.77673e-05	4.92709	4.68662	X	113307731	C	CA	2.7775399002163826e-06	5.556339693568251
X:87162569:TTTC:T	0.000378499	9.11759e-07	6.02859	4.68415	X	87162569	TTTC	T	2.811240862222848e-06	5.551101943203316
X:128590994:C:T	0.0141406	3.4089e-05	6.02783	4.68349	X	128590994	C	T	2.8203121954390292e-06	5.54970281464097
X:24184955:C:CTATTAT	0.00134493	2.198e-05	4.11396	4.68146	X	24184955	C	CTATTAT	2.8483898073199477e-06	5.545400576979132
X:93064490:T:C	1.18397e-06	0.000564231	-6.16659	-4.67924	X	93064490	T	C	2.8794023781498387e-06	5.540697640992219
X:93509977:A:G	9.29356e-07	0.13658	-11.8979	-4.67864	X	93509977	A	G	2.887839608803343e-06	5.539426931236055
X:43348337:C:A	3.76319e-05	0.00319067	-4.44014	-4.67677	X	43348337	C	A	2.9142880876230604e-06	5.535467518907561
X:93514854:A:C	2.15854e-06	0.00174475	-6.69493	-4.67602	X	93514854	A	C	2.924960931115685e-06	5.533879930441352
X:93515242:T:C	2.15854e-06	0.00174475	-6.69493	-4.67602	X	93515242	T	C	2.924960931115685e-06	5.533879930441352
X:132724137:AAAAAGAAAAG:A	0.00707019	5.06658e-06	7.24098	4.6747	X	132724137	AAAAAGAAAAG	A	2.94383628212497e-06	5.531086346422446
X:93527833:C:T	1.48339e-05	0.00571481	-5.9539	-4.67407	X	93527833	C	T	2.9528861171332256e-06	5.529753301986611
X:93529300:T:G	1.4844e-05	0.00571481	-5.95322	-4.67347	X	93529300	T	G	2.9615298184805945e-06	5.528483890260456
X:5149302:T:G	2.24094e-05	0.00860323	-5.95041	-4.67102	X	5149302	T	G	2.997077529605148e-06	5.523302022404975
X:24194746:A:T	0.000865597	1.42907e-05	4.10381	4.67039	X	24194746	A	T	3.00628432177918e-06	5.521969948053663
X:93513147:T:C	9.44753e-07	0.13658	-11.8815	-4.66936	X	93513147	T	C	3.021395166349828e-06	5.5197924699131695
X:93513185:G:GACACAC	9.15926e-07	0.168241	-12.121	-4.6686	X	93513185	G	GACACAC	3.0325916048871184e-06	5.5181860716168325
X:87161008:G:A	0.00850625	2.07967e-07	10.6189	4.66837	X	87161008	G	A	3.0359878389306295e-06	5.517699972399712
X:87185014:T:G	1.91796e-05	0.00331155	-5.15132	-4.66763	X	87185014	T	G	3.046939625356812e-06	5.51613615117088
X:87198143:TAGTA:T	0.00636217	8.61009e-05	4.3026	4.66592	X	87198143	TAGTA	T	3.072392295562237e-06	5.512523332611681
X:87184774:C:T	1.9221e-05	0.00331155	-5.14917	-4.66557	X	87184774	C	T	3.077626992673873e-06	5.511784017655911
X:87184735:T:C	1.9221e-05	0.00331155	-5.14917	-4.66557	X	87184735	T	C	3.077626992673873e-06	5.511784017655911
X:104733398:C:T	6.70482e-07	5.5919e-05	-4.42366	-4.65878	X	104733398	C	T	3.1808892680762486e-06	5.497451449126053
X:104733576:T:C	6.70482e-07	5.5919e-05	-4.42366	-4.65878	X	104733576	T	C	3.1808892680762486e-06	5.497451449126053
X:96259552:AC:A	0.113621	1.1428e-06	11.5071	4.65806	X	96259552	AC	A	3.19203188520067e-06	5.495932779132855
X:28070224:T:C	3.35111e-05	0.026449	-6.6711	-4.65658	X	28070224	T	C	3.215053841683754e-06	5.4928117496603335
X:145601378:CAT:C	0.0067876	5.3776e-05	4.83803	4.65648	X	145601378	CAT	C	3.2166151096663916e-06	5.492600902339652
X:113287124:A:G	0.00659383	2.32237e-05	5.64872	4.65633	X	113287124	A	G	3.2189583751861777e-06	5.492284639202499
X:113287080:G:A	0.00659383	2.32237e-05	5.64872	4.65633	X	113287080	G	A	3.2189583751861777e-06	5.492284639202499
X:145049123:G:A	1.8558e-05	0.0222974	-7.09132	-4.6562	X	145049123	G	A	3.220990529596668e-06	5.492010552097401
X:31784635:T:C	2.15287e-06	0.303326	-11.8558	-4.65481	X	31784635	T	C	3.242796007414321e-06	5.489080370365196
X:129386256:T:G	5.15422e-06	0.00405533	-6.66797	-4.65403	X	129386256	T	G	3.255094117532505e-06	5.487436449758128
X:73271693:A:T	2.55615e-07	0.0358833	-11.8521	-4.65275	X	73271693	A	T	3.275372622311987e-06	5.484739285410085
X:73270564:C:T	2.55615e-07	0.0358836	-11.8521	-4.65275	X	73270564	C	T	3.275372622311987e-06	5.484739285410085
X:73270548:T:TA	2.55615e-07	0.0358836	-11.8521	-4.65275	X	73270548	T	TA	3.275372622311987e-06	5.484739285410085
X:73270840:C:T	2.55615e-07	0.0358836	-11.8521	-4.65275	X	73270840	C	T	3.275372622311987e-06	5.484739285410085
X:139820192:C:CA	9.18563e-07	0.0305151	-10.4109	-4.65099	X	139820192	C	CA	3.3034534886125103e-06	5.481031803516215
X:93058948:A:C	0.00137674	3.46535e-06	5.98466	4.64635	X	93058948	A	C	3.3785959408867273e-06	5.47126374404518
X:87176194:C:CGATA	3.71617e-06	0.00231013	-6.43237	-4.64555	X	87176194	C	CGATA	3.391716107750161e-06	5.469580506060761
X:139480426:G:A	4.65513e-05	0.0116952	-5.52638	-4.64364	X	139480426	G	A	3.4232383757727474e-06	5.465562857894501
X:139480209:C:A	4.65513e-05	0.0116952	-5.52638	-4.64364	X	139480209	C	A	3.4232383757727474e-06	5.465562857894501
X:92341031:C:T	0.000179698	0.043905	-5.49851	-4.64283	X	92341031	C	T	3.4366911198175597e-06	5.463859499281718
X:129384985:G:A	5.23693e-06	0.00405451	-6.65185	-4.64088	X	129384985	G	A	3.4692855986403845e-06	5.459759946681994
X:129389705:A:C	1.11187e-05	0.00186633	-5.1231	-4.64059	X	129389705	A	C	3.4741582306809234e-06	5.459150405478249
X:136394524:A:G	0.00383049	9.71968e-06	5.97659	4.63942	X	136394524	A	G	3.4938835079837107e-06	5.456691579228091
X:136395061:G:A	0.00383049	9.71968e-06	5.97659	4.63942	X	136395061	G	A	3.4938835079837107e-06	5.456691579228091
X:136394967:G:A	0.00383049	9.71968e-06	5.97659	4.63942	X	136394967	G	A	3.4938835079837107e-06	5.456691579228091
X:139479709:G:A	4.65513e-05	0.0116059	-5.51872	-4.63643	X	139479709	G	A	3.544781632685554e-06	5.450410513270954
X:42810712:C:A	0.0182621	0.000100483	5.2026	4.63467	X	42810712	C	A	3.5750733329848267e-06	5.446715045391849
X:117253723:G:T	2.74382e-05	0.0124527	-6.11776	-4.63402	X	117253723	G	T	3.5863232399651225e-06	5.445350569484763
X:44947279:T:C	1.83757e-06	0.316065	-12.0553	-4.6305	X	44947279	T	C	3.647837831216877e-06	5.437964476970026
X:128592916:AT:A	0.0140376	3.61159e-05	5.96276	4.62752	X	128592916	AT	A	3.70070503997272e-06	5.43171552841937
X:41216707:G:A	1.40208e-05	0.0162261	-7.05383	-4.62589	X	41216707	G	A	3.729932301880598e-06	5.4282990505469435
X:93055972:A:G	0.0044128	1.36547e-05	5.77818	4.62323	X	93055972	A	G	3.778104099664679e-06	5.422726079953866
X:93054826:G:A	0.0044128	1.36547e-05	5.77818	4.62323	X	93054826	G	A	3.778104099664679e-06	5.422726079953866
X:93055943:C:T	0.0044128	1.36547e-05	5.77818	4.62323	X	93055943	C	T	3.778104099664679e-06	5.422726079953866
X:5144988:G:A	1.01496e-05	0.00606268	-6.39247	-4.6213	X	5144988	G	A	3.813428554792611e-06	5.418684385777165
X:117253806:A:G	2.78628e-05	0.0124527	-6.1024	-4.61979	X	117253806	A	G	3.841286347603631e-06	5.415523317268855
X:90288143:C:CTTT	1.50329e-05	0.00358778	-5.47505	-4.61972	X	90288143	C	CTTT	3.842582488155452e-06	5.415376800792116
X:24186136:A:AT	0.00126963	2.198e-05	4.05635	4.61861	X	24186136	A	AT	3.863191688939109e-06	5.413053741924278
X:96256358:C:T	0.113675	1.22377e-06	11.4392	4.61836	X	96256358	C	T	3.867847997824228e-06	5.412530601549556
X:44943168:G:C	1.88779e-06	0.316065	-12.0283	-4.61486	X	44943168	G	C	3.933603844890957e-06	5.405209380217664
X:93524738:A:C	1.46397e-05	0.00526717	-5.88551	-4.61425	X	93524738	A	C	3.945173251746161e-06	5.403933920052739
X:139485903:A:C	7.70203e-05	0.00515418	-4.20349	-4.61364	X	139485903	A	C	3.956775268795362e-06	5.402658615463993
X:42813333:G:A	0.0180378	0.000101512	5.18005	4.61276	X	42813333	G	A	3.973570237643447e-06	5.4008191059008
X:148670820:G:A	1.54596e-06	0.294834	-12.1585	-4.61195	X	148670820	G	A	3.9890896151560436e-06	5.399126207126962
X:5148718:A:G	2.7884e-05	0.00529428	-5.24633	-4.60929	X	5148718	A	G	4.040464164878214e-06	5.39356874066515
X:5148714:A:G	2.7884e-05	0.00529428	-5.24633	-4.60929	X	5148714	A	G	4.040464164878214e-06	5.39356874066515
X:19832670:A:C	0.0911007	2.4732e-06	10.5142	4.60903	X	19832670	A	C	4.045519618883624e-06	5.393025688360606
X:92334140:T:C	0.0110286	0.000278973	3.67713	4.60838	X	92334140	T	C	4.058184789527544e-06	5.3916681812442855
X:87165073:C:G	2.6831e-07	0.00828684	-10.338	-4.60821	X	87165073	C	G	4.061503482373309e-06	5.391313170061087
X:87165521:A:G	2.6831e-07	0.00828684	-10.338	-4.60821	X	87165521	A	G	4.061503482373309e-06	5.391313170061087
X:117432057:G:A	0.000970421	1.05025e-05	4.52612	4.605	X	117432057	G	A	4.124658607973263e-06	5.38461199155261
X:87182862:G:A	1.9317e-05	0.00312208	-5.08527	-4.60434	X	87182862	G	A	4.137759904850807e-06	5.38323471304766
X:28075651:T:A	0.00753007	3.59671e-05	5.34405	4.6032	X	28075651	T	A	4.160483400840878e-06	5.38085620636339
X:42810883:T:C	0.0179201	0.000101953	5.16916	4.60218	X	42810883	T	C	4.180916275150691e-06	5.378728529317351
X:86986702:G:A	7.8023e-06	0.0161868	-7.63753	-4.60181	X	86986702	G	A	4.18835194044307e-06	5.377956832396607
X:83363974:G:T	5.47137e-07	0.0892357	-12.0021	-4.59967	X	83363974	G	T	4.231607449777177e-06	5.373494626961269
X:7238121:G:GGT	7.8784e-07	0.100383	-11.7552	-4.598	X	7238121	G	GGT	4.265659951249111e-06	5.370013768479263
X:15015131:C:T	7.19654e-05	1.61454e-06	3.79714	4.59381	X	15015131	C	T	4.352256786829786e-06	5.361285488812354
X:41193671:A:T	3.25051e-06	0.000558818	-5.14701	-4.59252	X	41193671	A	T	4.379255263871946e-06	5.358599739334026
X:44956140:G:GT	1.13825e-06	0.209545	-12.1232	-4.59221	X	44956140	G	GT	4.3857671435895785e-06	5.35795443032806
X:44956284:A:G	1.13825e-06	0.209545	-12.1232	-4.59221	X	44956284	A	G	4.3857671435895785e-06	5.35795443032806
X:31794522:T:G	5.37674e-06	0.00391582	-6.5907	-4.591	X	31794522	T	G	4.411273368896466e-06	5.355436027933555
X:31793388:A:G	5.33306e-06	0.00388096	-6.58991	-4.59036	X	31793388	A	G	4.424821668027907e-06	5.3541042278253865
X:107790855:T:A	0.000104971	7.75e-07	4.90858	4.59009	X	107790855	T	A	4.4305493056937155e-06	5.353542426002095
X:107790858:G:A	0.000104971	7.75e-07	4.90858	4.59009	X	107790858	G	A	4.4305493056937155e-06	5.353542426002095
X:33850067:A:G	0.000296605	4.59592e-06	4.16723	4.58999	X	33850067	A	G	4.432672455024762e-06	5.353334358985099
X:41205155:CACTA:C	0.00310221	5.00634e-06	6.42917	4.58609	X	41205155	CACTA	C	4.516239809270317e-06	5.345223005392405
X:41205633:GT:G	0.00310221	5.00634e-06	6.42917	4.58609	X	41205633	GT	G	4.516239809270317e-06	5.345223005392405
X:7237056:A:G	8.71241e-07	0.108299	-11.7305	-4.58403	X	7237056	A	G	4.560987557594565e-06	5.34094111251578
X:80160643:G:T	2.42435e-06	0.00266318	-7.00171	-4.58375	X	80160643	G	T	4.567102466235254e-06	5.340359244574005
X:139479048:T:A	4.60408e-05	0.0108522	-5.4626	-4.58365	X	139479048	T	A	4.569288264883136e-06	5.3401514425354595
X:123706373:CT:C	0.0353035	5.7157e-05	6.42593	4.58334	X	123706373	CT	C	4.576070611131491e-06	5.33950728277531
X:45079501:ATATG:A	0.172374	1.97297e-06	11.3779	4.58257	X	45079501	ATATG	A	4.592958836736359e-06	5.337907446822086
X:122727720:A:G	2.78645e-05	0.00640085	-5.43683	-4.58207	X	122727720	A	G	4.603957172222063e-06	5.336868724997533
X:86881685:CT:C	7.34362e-06	0.00527849	-6.57756	-4.58029	X	86881685	CT	C	4.643316386599681e-06	5.33317172333942
X:24206500:CGTGTGTGTGTGTGT:C	0.00241089	1.04473e-05	5.44141	4.57943	X	24206500	CGTGTGTGTGTGTGT	C	4.662447923525416e-06	5.331386005939685
X:93520677:C:CTGTGTGTG	1.29375e-06	0.203767	-11.9672	-4.57943	X	93520677	C	CTGTGTGTG	4.662447923525416e-06	5.331386005939685
X:118414121:G:A	0.00173338	1.65487e-05	4.65152	4.57876	X	118414121	G	A	4.6774050294964424e-06	5.329995021697404
X:87174899:G:A	1.51766e-06	0.00304985	-7.60568	-4.57742	X	87174899	G	A	4.7074572420845525e-06	5.327213615997664
X:117428310:C:T	0.00216236	9.39523e-06	5.43876	4.57708	X	117428310	C	T	4.71511179680376e-06	5.3265080055439675
X:92342380:C:T	0.000185523	0.0422477	-5.42813	-4.57349	X	92342380	C	T	4.796665822809657e-06	5.319060537186631
X:91255419:T:C	0.00239547	5.08331e-05	3.85279	4.57083	X	91255419	T	C	4.857962624294872e-06	5.313545830849319
X:118407983:T:TTACAATC	0.00171479	1.65487e-05	4.64074	4.56997	X	118407983	T	TTACAATC	4.877940368186039e-06	5.311763513150219
X:118410783:C:T	0.00171479	1.65487e-05	4.64074	4.56997	X	118410783	C	T	4.877940368186039e-06	5.311763513150219
X:118410267:A:G	0.00171479	1.65487e-05	4.64074	4.56997	X	118410267	A	G	4.877940368186039e-06	5.311763513150219
X:118407502:C:CA	0.00171479	1.65487e-05	4.64074	4.56997	X	118407502	C	CA	4.877940368186039e-06	5.311763513150219
X:117427525:T:C	1.05025e-05	0.000839597	-4.38131	-4.5697	X	117427525	T	C	4.884228663269887e-06	5.311204012034347
X:117427690:G:A	1.05025e-05	0.000839597	-4.38131	-4.5697	X	117427690	G	A	4.884228663269887e-06	5.311204012034347
X:93054509:C:T	0.00462308	1.51554e-05	5.72046	4.56925	X	93054509	C	T	4.8947264115959225e-06	5.3102715778659055
X:117251781:A:T	2.70265e-05	0.0114126	-6.04566	-4.56724	X	117251781	A	T	4.941880753036331e-06	5.306107738278966
X:73236957:C:CTCTTTCTTTCTT	3.3441e-07	0.0514818	-11.9444	-4.5662	X	73236957	C	CTCTTTCTTTCTT	4.966449496252398e-06	5.30395397650362
X:148670679:A:G	2.36011e-06	0.0677423	-10.2648	-4.5652	X	148670679	A	G	4.9901835714412964e-06	5.3018834779041475
X:107781784:A:ATAGATATCTATATTTATATATAGATATC	0.000438026	5.82117e-06	4.32078	4.56466	X	107781784	A	ATAGATATCTATATTTATATATAGATATC	5.003045097186574e-06	5.300765582391224
X:87257881:A:C	4.0755e-07	0.0714029	-12.0737	-4.56453	X	87257881	A	C	5.006146128176976e-06	5.3004964775934225
X:117789979:C:CT	0.0128121	0.000336568	3.63934	4.56416	X	117789979	C	CT	5.0149822175980896e-06	5.299730602586278
X:139488156:A:G	6.12909e-05	0.0655851	-6.97547	-4.56253	X	139488156	A	G	5.054086915872246e-06	5.296357293726129
X:24212901:G:GT	5.28745e-06	0.010385	-7.58278	-4.55989	X	24212901	G	GT	5.118042288771533e-06	5.290896129995483
X:87192260:G:C	2.02683e-05	0.0113728	-6.32992	-4.55898	X	87192260	G	C	5.140266570195999e-06	5.28901435824923
X:44939702:AAG:A	0.316069	2.41277e-06	11.7829	4.55719	X	44939702	AAG	A	5.1842524219759765e-06	5.285313860763544
X:116777694:G:GA	6.42309e-06	0.00681747	-6.96734	-4.55596	X	116777694	G	GA	5.2146860065749216e-06	5.282771836751793
X:82535535:G:C	0.00205253	3.43521e-06	6.39275	4.55512	X	82535535	G	C	5.235568142501389e-06	5.281036183562
X:18554066:T:A	0.00368094	1.85e-05	5.29315	4.55375	X	18554066	T	A	5.2697977985593685e-06	5.278206048289276
X:132560133:A:G	8.32262e-06	0.00127565	-5.03224	-4.55353	X	132560133	A	G	5.275314460120552e-06	5.277751647077729
X:86997940:TA:T	0.000609939	2.72532e-06	5.41077	4.55233	X	86997940	TA	T	5.305502812084212e-06	5.275273450939702
X:139821059:C:A	0.0305151	9.18563e-07	10.4109	4.5505	X	139821059	C	A	5.351858716527026e-06	5.271495360009029
X:139820054:A:G	0.0305151	9.18563e-07	10.4109	4.5505	X	139820054	A	G	5.351858716527026e-06	5.271495360009029
X:139820681:C:T	0.0305151	9.18563e-07	10.4109	4.5505	X	139820681	C	T	5.351858716527026e-06	5.271495360009029
X:139819942:C:T	0.0305151	9.18563e-07	10.4109	4.5505	X	139819942	C	T	5.351858716527026e-06	5.271495360009029
X:139818680:G:T	0.030513	9.18563e-07	10.4109	4.55046	X	139818680	G	T	5.352876278218112e-06	5.271412794409977
X:80191518:A:T	3.24319e-05	0.00963669	-5.69419	-4.5472	X	80191518	A	T	5.436433186506951e-06	5.264685945056893
X:80191502:A:G	3.24319e-05	0.00963669	-5.69419	-4.5472	X	80191502	A	G	5.436433186506951e-06	5.264685945056893
X:31791469:T:C	2.46119e-06	0.286018	-11.6632	-4.54599	X	31791469	T	C	5.4677632370421805e-06	5.262190299347871
X:69689648:CTTT:C	0.000859895	2.60955e-06	5.79763	4.54576	X	69689648	CTTT	C	5.4737380543472504e-06	5.261715989584561
X:44952271:C:CTTT	1.32839e-06	0.224691	-12.0385	-4.54487	X	44952271	C	CTTT	5.496916941163675e-06	5.259880825207603
X:21822090:C:T	1.91114e-06	0.221244	-11.6593	-4.54382	X	21822090	C	T	5.524383645856601e-06	5.257716169070051
X:113295124:T:TTGTG	1.7561e-05	0.00580968	-5.8016	-4.54086	X	113295124	T	TTGTG	5.602522646727064e-06	5.251616379267918
X:109561224:G:A	0.00809414	6.21872e-05	4.86875	4.54073	X	109561224	G	A	5.605978566976142e-06	5.251348566986326
X:109561405:G:A	0.00809414	6.22146e-05	4.86831	4.54029	X	109561405	G	A	5.617690676181904e-06	5.2504421777947705
X:78709297:G:A	1.48034e-05	0.00113335	-4.33808	-4.53967	X	78709297	G	A	5.63423386587596e-06	5.249165130273304
X:78714503:T:C	0.00181809	2.96086e-05	4.11748	4.53814	X	78714503	T	C	5.675257959895232e-06	5.246014393515821
X:117428943:C:T	0.0020984	9.52849e-06	5.39464	4.53806	X	117428943	C	T	5.677410857722435e-06	5.24584967600795
X:117430417:G:A	0.0020984	9.52849e-06	5.39464	4.53806	X	117430417	G	A	5.677410857722435e-06	5.24584967600795
X:95402319:C:G	1.08665e-06	0.159355	-11.8958	-4.53803	X	95402319	C	G	5.678218395935535e-06	5.2457879076316445
X:84498821:GCACACACACACA:G	0.00142778	7.31241e-06	5.2743	4.53543	X	84498821	GCACACACACACA	G	5.74862426446357e-06	5.240436076325812
X:132737090:T:C	2.03334e-05	0.00828724	-6.01021	-4.53441	X	132737090	T	C	5.776472593825768e-06	5.238337282804315
X:4962194:CA:C	0.0066313	1.91154e-05	5.84906	4.52971	X	4962194	CA	C	5.906470166259498e-06	5.2286719853281225
X:5148724:G:GA	2.50193e-05	0.0055662	-5.40482	-4.52931	X	5148724	G	GA	5.917662154464711e-06	5.227849832794845
X:93060125:C:CAAA	1.0866e-06	0.178668	-12.0102	-4.52906	X	93060125	C	CAAA	5.924667451014446e-06	5.22733602139255
X:87176194:C:CGATAGAT	2.06806e-07	6.74656e-05	-5.78759	-4.52861	X	87176194	C	CGATAGAT	5.937296990138319e-06	5.226411226642021
X:117436826:G:A	2.09717e-05	0.00464405	-5.40017	-4.52494	X	117436826	G	A	6.041264230797705e-06	5.218872168828087
X:78712865:G:A	2.45195e-05	0.00185186	-4.32447	-4.52482	X	78712865	G	A	6.0446929479173035e-06	5.218625755086423
X:41195046:C:CTTTTTTTTTTTTTTT	1.29064e-06	0.210558	-12.0024	-4.52467	X	41195046	C	CTTTTTTTTTTTTTTT	6.048981463183215e-06	5.218317746365451
X:139822419:GTTTGT:G	0.0305151	9.61763e-07	10.365	4.52446	X	139822419	GTTTGT	G	6.054990276473694e-06	5.217886549940782
X:113321028:TAGA:T	0.00300058	2.71699e-05	4.70445	4.51978	X	113321028	TAGA	T	6.190392586033536e-06	5.208281807758307
X:45087468:A:G	2.2775e-06	0.322117	-11.8596	-4.51704	X	45087468	A	G	6.271006296115302e-06	5.202662763191041
X:95400783:C:T	1.12903e-06	0.159355	-11.8575	-4.51585	X	95400783	C	T	6.306329353627105e-06	5.200223351582456
X:153199363:A:C	2.88789e-05	0.00460065	-5.07084	-4.51429	X	153199363	A	C	6.352923664055033e-06	5.197026363062164
X:4959278:A:T	1.36511e-05	0.00726	-6.27631	-4.51368	X	4959278	A	T	6.371232666830147e-06	5.195776534915539
X:148671657:G:T	0.0731641	2.35169e-06	10.3453	4.51333	X	148671657	G	T	6.381760615375746e-06	5.195059490548528
X:10800726:C:T	6.64768e-06	0.174438	-10.1751	-4.51255	X	10800726	C	T	6.405282814413561e-06	5.193461689958699
X:117428265:A:C	0.000854206	1.01844e-05	4.42932	4.51224	X	117428265	A	C	6.414654397019136e-06	5.1928267371862855
X:123031553:A:C	1.59462e-05	0.00252862	-5.06621	-4.50953	X	123031553	A	C	6.497140680541565e-06	5.187277729491141
X:104064505:G:A	2.09143e-07	0.0331827	-11.9745	-4.5091	X	104064505	G	A	6.51032183872287e-06	5.186397541489181
X:99808192:G:C	7.73976e-06	0.00119684	-5.04107	-4.50822	X	99808192	G	C	6.537377031586901e-06	5.184596467150371
X:97209875:CT:C	0.260921	2.16709e-06	11.6986	4.50811	X	97209875	CT	C	6.540766484304948e-06	5.184371355590264
X:123032136:G:A	1.59462e-05	0.00252001	-5.0628	-4.50603	X	123032136	G	A	6.605175304816238e-06	5.180115651493206
X:93523521:A:G	1.46397e-05	0.00465248	-5.76142	-4.50571	X	93523521	A	G	6.615138051211073e-06	5.179461088097253
X:117426331:T:C	0.000839597	1.00788e-05	4.42249	4.50571	X	117426331	T	C	6.615138051211073e-06	5.179461088097253
X:5845105:A:T	0.000131265	0.00973928	-4.30671	-4.50544	X	5845105	A	T	6.623555298955785e-06	5.178908833483563
X:117250868:T:G	2.73398e-05	0.0107901	-5.97804	-4.50462	X	117250868	T	G	6.649181649922874e-06	5.177231802334887
X:142423608:G:A	6.01955e-05	0.00636576	-4.66109	-4.50399	X	142423608	G	A	6.668934589076868e-06	5.175943542251805
X:69689301:C:CT	0.000828341	2.64188e-06	5.74793	4.50273	X	69689301	C	CT	6.708609005480112e-06	5.17336751915569
X:69695333:G:A	0.000828341	2.64188e-06	5.74793	4.50273	X	69695333	G	A	6.708609005480112e-06	5.17336751915569
X:41195046:C:CTTTTTTTTTTTTTT	1.28329e-06	0.200987	-11.9616	-4.50186	X	41195046	C	CTTTTTTTTTTTTTT	6.736134911882638e-06	5.171589223334501
X:118414067:A:G	1.65487e-05	0.00173338	-4.65152	-4.50126	X	118414067	A	G	6.755181208011026e-06	5.170362996518528
X:82418453:T:TAC	1.82462e-06	0.000951036	-6.25618	-4.49666	X	82418453	T	TAC	6.902923861396499e-06	5.1609669168127255
X:82445693:GT:G	0.00361843	3.25632e-06	7.0132	4.49256	X	82445693	GT	G	7.037208283294145e-06	5.15259959478095
X:118408619:A:G	1.65487e-05	0.00171479	-4.64074	-4.49193	X	118408619	A	G	7.058062402507147e-06	5.151314506227579
X:118409993:A:G	1.65487e-05	0.00171479	-4.64074	-4.49193	X	118409993	A	G	7.058062402507147e-06	5.151314506227579
X:109560894:A:AT	0.00783145	6.3312e-05	4.81783	4.49007	X	109560894	A	AT	7.1199771226271265e-06	5.1475214018031386
X:27406067:C:T	5.11859e-06	0.00500625	-6.88556	-4.48984	X	27406067	C	T	7.127669234152352e-06	5.147052462326328
X:127350091:A:C	2.52069e-05	0.00151567	-4.0965	-4.48711	X	127350091	A	C	7.219580429909405e-06	5.14148804097189
X:82597713:C:A	5.79489e-06	0.0103383	-7.48664	-4.48627	X	82597713	C	A	7.248088089324062e-06	5.13977653712003
X:139475030:A:AGT	6.29828e-05	0.00653925	-4.64272	-4.48448	X	139475030	A	AGT	7.3091960979870915e-06	5.136130386298916
X:34181444:G:GAA	0.000745437	4.7893e-06	5.04759	4.48404	X	34181444	G	GAA	7.324292326323747e-06	5.135234330512373
X:96262634:G:C	1.0928e-06	0.113619	-11.5519	-4.4831	X	96262634	G	C	7.356643313385523e-06	5.133320300201039
X:96262873:A:G	1.0928e-06	0.113619	-11.5519	-4.4831	X	96262873	A	G	7.356643313385523e-06	5.133320300201039
X:75917105:GA:G	0.00109639	2.12559e-05	3.94314	4.48205	X	75917105	GA	G	7.392941614222756e-06	5.131182723630834
X:41206752:T:A	0.140322	4.76682e-06	10.29	4.48199	X	41206752	T	A	7.3950209673549964e-06	5.131060590295396
X:144420252:T:C	0.000111477	0.0107374	-4.56767	-4.47984	X	144420252	T	C	7.469901287189966e-06	5.126685137235732
X:117437012:A:G	2.20072e-05	0.00464405	-5.35197	-4.47961	X	117437012	A	G	7.477954533185997e-06	5.1262171797336125
X:87252436:T:C	3.59754e-05	0.0110905	-5.73101	-4.47912	X	87252436	T	C	7.495139141308101e-06	5.125220300408576
X:31794836:T:C	2.96414e-06	0.30454	-11.54	-4.47638	X	31794836	T	C	7.591930774220801e-06	5.119647760605919
X:33844583:T:G	4.05504e-06	0.00128716	-5.76023	-4.47405	X	33844583	T	G	7.6751781935133e-06	5.1149115327809165
X:44941499:A:T	0.174298	2.40472e-06	11.1911	4.47348	X	44941499	A	T	7.695675918566328e-06	5.113753229658116
X:25079385:T:C	1.01453e-05	0.00514414	-6.2286	-4.47336	X	25079385	T	C	7.699997893387502e-06	5.113509393644441
X:86983354:G:C	1.16825e-05	0.00369442	-5.75649	-4.47055	X	86983354	G	C	7.801870102725913e-06	5.107801284752115
X:116799554:A:AG	1.48275e-05	0.0141517	-6.86111	-4.47007	X	116799554	A	AG	7.819400116145154e-06	5.106826563595028
X:4161723:T:TTCTC	0.00184293	3.20447e-05	4.05198	4.46989	X	4161723	T	TTCTC	7.825983574562815e-06	5.106461067946228
X:44947391:A:AT	1.94025e-06	0.196312	-11.5246	-4.46772	X	44947391	A	AT	7.905769014500853e-06	5.102055878734908
X:117427565:T:C	0.000839597	1.05025e-05	4.38131	4.46625	X	117427565	T	C	7.960258394351983e-06	5.09907283459652
X:117430681:C:A	0.000839597	1.05025e-05	4.38131	4.46625	X	117430681	C	A	7.960258394351983e-06	5.09907283459652
X:117428638:T:C	0.000839597	1.05025e-05	4.38131	4.46625	X	117428638	T	C	7.960258394351983e-06	5.09907283459652
X:117427877:T:C	0.000839597	1.05025e-05	4.38131	4.46625	X	117427877	T	C	7.960258394351983e-06	5.09907283459652
X:106630919:A:G	2.89408e-07	0.0423612	-11.8939	-4.46403	X	106630919	A	G	8.043229521385434e-06	5.094569538104753
X:87263076:T:C	0.000798373	1.27388e-05	4.13793	4.46199	X	87263076	T	C	8.120201632550422e-06	5.0904331866680845
X:15915136:A:AT	2.03093e-05	0.00412988	-5.31493	-4.46196	X	15915136	A	AT	8.121338811805347e-06	5.090372370924916
X:7233528:G:A	1.02918e-06	0.102713	-11.5109	-4.45998	X	7233528	G	A	8.196730155772731e-06	5.086359362069399
X:27492655:AT:A	0.00195856	3.13836e-05	4.13368	4.45787	X	27492655	AT	A	8.277807582018154e-06	5.082084673011241
X:41198366:TTTTGAAGGAAGATCTTTTTATTAGAAAATCTGAGTTTTCTGAGATGTAATGAGATCTTAAATTCC:T	0.000583668	4.87506e-06	4.7852	4.45761	X	41198366	TTTTGAAGGAAGATCTTTTTATTAGAAAATCTGAGTTTTCTGAGATGTAATGAGATCTTAAATTCC	T	8.28785105186375e-06	5.081558062610297
X:113312851:G:A	0.00389891	3.58263e-05	4.68977	4.45632	X	113312851	G	A	8.337854613024156e-06	5.07894568192642
X:113312232:C:T	0.00389891	3.58263e-05	4.68977	4.45632	X	113312232	C	T	8.337854613024156e-06	5.07894568192642
X:113312218:G:C	0.00389891	3.58263e-05	4.68977	4.45632	X	113312218	G	C	8.337854613024156e-06	5.07894568192642
X:72574464:C:CT	0.00628155	3.49118e-05	5.19255	4.456	X	72574464	C	CT	8.350303161524396e-06	5.078297756973029
X:96258858:A:T	1.15149e-06	0.113621	-11.4996	-4.45355	X	96258858	A	T	8.446202759789275e-06	5.073338497099996
X:96258859:G:T	1.15149e-06	0.113621	-11.4996	-4.45355	X	96258859	G	T	8.446202759789275e-06	5.073338497099996
X:96257920:G:C	1.15149e-06	0.113621	-11.4996	-4.45355	X	96257920	G	C	8.446202759789275e-06	5.073338497099996
X:145052972:T:G	3.53108e-05	0.0174854	-6.20494	-4.45336	X	145052972	T	G	8.453683691229382e-06	5.072954006060302
X:116783609:T:C	4.63661e-06	0.00792368	-7.44363	-4.45334	X	116783609	T	C	8.454471525985846e-06	5.072913534195306
X:46994624:A:T	7.00709e-06	0.00107407	-5.03229	-4.45301	X	46994624	A	T	8.46748093512937e-06	5.072245772513558
X:129380620:C:T	7.12868e-06	0.00437713	-6.42002	-4.45179	X	129380620	C	T	8.51574263831566e-06	5.069777472227645
X:44962513:G:A	0.209544	8.33886e-07	12.4343	4.45175	X	44962513	G	A	8.517329431818697e-06	5.069696554861541
X:44961999:G:C	0.209544	8.33886e-07	12.4343	4.45175	X	44961999	G	C	8.517329431818697e-06	5.069696554861541
X:82535717:T:G	4.83753e-06	0.00180308	-5.92085	-4.45165	X	82535717	T	G	8.521297651992228e-06	5.069494264366301
X:19827890:A:AAAAC	1.59187e-06	0.200594	-11.7441	-4.45009	X	19827890	A	AAAAC	8.583431137049443e-06	5.066339072755397
X:129379701:T:C	7.15166e-06	0.00437713	-6.4168	-4.44916	X	129379701	T	C	8.620678005380704e-06	5.064458576122385
X:133520881:A:G	6.20699e-07	0.0775933	-11.7361	-4.44546	X	133520881	A	G	8.770399912145966e-06	5.05698060324987
X:123035393:C:T	1.69226e-05	0.00252001	-5.00337	-4.44499	X	123035393	C	T	8.789595570832643e-06	5.056031107337658
X:123033334:T:C	1.69226e-05	0.00252001	-5.00337	-4.44499	X	123033334	T	C	8.789595570832643e-06	5.056031107337658
X:78626273:C:T	3.79826e-07	0.0536021	-11.8574	-4.44362	X	78626273	C	T	8.845778218290047e-06	5.0532639534787664
X:87251807:C:T	3.77116e-05	0.011114	-5.68599	-4.43975	X	87251807	C	T	9.00634381800627e-06	5.045451477824702
X:129383343:A:G	7.70398e-06	0.00368221	-6.16953	-4.43959	X	129383343	A	G	9.013041777367666e-06	5.045128615881464
X:78714588:A:T	2.65854e-05	0.00185363	-4.24454	-4.43762	X	78714588	A	T	9.095901459390504e-06	5.041154253231795
X:43344366:T:TA	0.00463787	0.000102267	3.81442	4.43661	X	43344366	T	TA	9.13866455886397e-06	5.039117263466424
X:43344351:T:C	0.00463787	0.000102267	3.81442	4.43661	X	43344351	T	C	9.13866455886397e-06	5.039117263466424
X:69695690:T:C	0.00071822	2.47559e-06	5.6703	4.43551	X	69695690	T	C	9.185456742143768e-06	5.036899243750016
X:69696178:T:G	0.00071822	2.47559e-06	5.6703	4.43551	X	69696178	T	G	9.185456742143768e-06	5.036899243750016
X:117248540:A:G	9.17809e-07	0.127638	-11.8427	-4.43542	X	117248540	A	G	9.189295307608305e-06	5.036717791742456
X:87253045:G:A	3.58797e-05	0.0104916	-5.67816	-4.43289	X	87253045	G	A	9.297830904725369e-06	5.031618356390452
X:117432648:C:A	8.62734e-06	0.00516681	-6.39508	-4.43144	X	117432648	C	A	9.360586083284072e-06	5.028696958444836
X:25080251:A:G	1.03347e-05	0.00498085	-6.17785	-4.43046	X	25080251	A	G	9.403228876830182e-06	5.026722992931707
X:77035802:C:CA	8.05264e-07	0.0181794	-10.0246	-4.42425	X	77035802	C	CA	9.677789982281883e-06	5.014223806749584
X:30688397:G:T	1.11988e-05	0.00663327	-6.38404	-4.42244	X	30688397	G	T	9.759245582599183e-06	5.010583753232655
X:96255786:C:G	1.22377e-06	0.113675	-11.4392	-4.41943	X	96255786	C	G	9.896156865725406e-06	5.004533429246053
X:96255784:C:T	1.22377e-06	0.113675	-11.4392	-4.41943	X	96255784	C	T	9.896156865725406e-06	5.004533429246053
X:96255088:T:A	1.22377e-06	0.113675	-11.4392	-4.41943	X	96255088	T	A	9.896156865725406e-06	5.004533429246053
X:96255791:G:A	1.22377e-06	0.113675	-11.4392	-4.41943	X	96255791	G	A	9.896156865725406e-06	5.004533429246053
X:96255790:T:C	1.22377e-06	0.113675	-11.4392	-4.41943	X	96255790	T	C	9.896156865725406e-06	5.004533429246053
X:87202525:T:A	8.12563e-05	0.00739417	-4.51084	-4.41939	X	87202525	T	A	9.897988577650293e-06	5.004453051703516
X:87177797:G:A	7.36191e-06	0.00349728	-6.16342	-4.41827	X	87177797	G	A	9.949408185452641e-06	5.002202751358416
X:93064017:T:C	1.21518e-06	0.00043659	-5.88411	-4.41762	X	93064017	T	C	9.979366820657798e-06	5.000897013323648
X:82173146:G:A	1.87189e-07	0.0221798	-11.6826	-4.4144	X	82173146	G	A	1.0129052316356553e-05	4.994431185738431
X:95402776:T:A	1.09508e-06	0.146343	-11.8029	-4.41315	X	95402776	T	A	1.0187735844965136e-05	4.991922324266067
X:154465468:T:C	5.05797e-08	8.19465e-05	-7.39027	-4.41249	X	154465468	T	C	1.0218851588697874e-05	4.990597908185212
X:93059720:C:CTTTT	1.29369e-06	0.172506	-11.8007	-4.41193	X	93059720	C	CTTTT	1.024532398151105e-05	4.989474303621226
X:41197181:A:G	3.4955e-06	0.00310221	-6.78839	-4.41128	X	41197181	A	G	1.027613299448597e-05	4.988170283697476
X:117175989:T:C	1.5521e-06	0.000716221	-6.13438	-4.41093	X	117175989	T	C	1.0292759090574751e-05	4.9874681920797395
X:117431054:G:GTT	0.000808311	1.07127e-05	4.32352	4.41087	X	117431054	G	GTT	1.0295611856678527e-05	4.987347838644479
X:129390667:G:A	0.00605069	2.15282e-05	5.63856	4.40804	X	129390667	G	A	1.0431028378189446e-05	4.981672873073322
X:87193598:A:G	0.00482147	8.3171e-05	4.05994	4.40784	X	87193598	A	G	1.0440662525529059e-05	4.981271941750229
X:87193512:C:T	0.00482147	8.3171e-05	4.05994	4.40784	X	87193512	C	T	1.0440662525529059e-05	4.981271941750229
X:43343507:A:T	8.06359e-05	0.00534037	-4.19311	-4.40689	X	43343507	A	T	1.0486540882591553e-05	4.979367745681348
X:132562384:TTTATTATTATTA:T	0.00109123	6.39447e-06	5.13963	4.40459	X	132562384	TTTATTATTATTA	T	1.0598413391817076e-05	4.974759144806251
X:41202155:G:C	2.40128e-06	0.279488	-11.6647	-4.40404	X	41202155	G	C	1.0625333866207249e-05	4.973657414786031
X:93511499:AT:A	0.0331926	1.30446e-06	10.1443	4.39942	X	93511499	AT	A	1.0854058030752851e-05	4.96440786081363
X:15915136:A:ATTTTT	2.11431e-05	0.00618954	-5.6793	-4.39837	X	15915136	A	ATTTTT	1.0906692520418937e-05	4.96230693024648
X:29129039:CT:C	0.00278339	1.73524e-05	5.07769	4.39663	X	29129039	CT	C	1.0994452317774068e-05	4.958826399890528
X:114423242:T:C	1.5971e-06	0.182977	-11.6489	-4.39489	X	114423242	T	C	1.1082886063975132e-05	4.9553471314444835
X:44950583:A:AGT	1.62603e-06	0.209546	-11.7666	-4.39285	X	44950583	A	AGT	1.118743187924909e-05	4.951269596105645
X:44949487:T:TTAA	1.62603e-06	0.209546	-11.7666	-4.39285	X	44949487	T	TTAA	1.118743187924909e-05	4.951269596105645
X:85672833:G:GT	2.7245e-06	0.0582598	-9.97038	-4.39241	X	85672833	G	GT	1.1210104082378263e-05	4.950390355095241
X:85672407:T:A	2.7245e-06	0.0582598	-9.97038	-4.39241	X	85672407	T	A	1.1210104082378263e-05	4.950390355095241
X:78684455:G:A	1.65765e-06	0.00031827	-5.2575	-4.39075	X	78684455	G	A	1.129603566760345e-05	4.947073944991023
X:87189600:T:C	0.004789	8.40124e-05	4.04311	4.38995	X	87189600	T	C	1.1337672683635846e-05	4.945476085159718
X:96257215:G:T	1.20985e-06	0.106639	-11.3867	-4.38979	X	96257215	G	T	1.1346017649383832e-05	4.945156545200715
X:87188715:G:A	0.00478927	8.40306e-05	4.04295	4.38977	X	87188715	G	A	1.1347061182284267e-05	4.9451166034560075
X:139477629:G:T	4.80124e-05	0.00920151	-5.25566	-4.38903	X	139477629	G	T	1.138573637383682e-05	4.943638876093891
X:140421487:A:G	4.61046e-06	0.522	-11.6371	-4.38803	X	140421487	A	G	1.1438200109711007e-05	4.9416423098016695
X:138537725:A:T	3.91531e-05	0.00737486	-5.23835	-4.38651	X	138537725	A	T	1.1518387178947937e-05	4.938608327190513
X:33816073:G:C	0.00496851	2.97032e-05	5.11962	4.38515	X	33816073	G	C	1.1590588108172812e-05	4.935894527310409
X:113315168:C:T	0.00389891	3.85751e-05	4.61585	4.38458	X	113315168	C	T	1.1620977086869442e-05	4.934757355112992
X:5713824:C:A	7.86e-05	0.00741421	-4.54678	-4.38258	X	5713824	C	A	1.1728207789593596e-05	4.930768348204782
X:73276302:C:T	0.000298245	4.69946e-06	4.15047	4.38255	X	73276302	C	T	1.1729823416920639e-05	4.9307085257902
X:93063666:G:T	1.26215e-06	0.00043659	-5.84618	-4.3825	X	93063666	G	T	1.1732516601214403e-05	4.93060882259932
X:18264431:TTGTG:T	0.00199765	2.07003e-05	4.56958	4.38175	X	18264431	TTGTG	T	1.1772985259364763e-05	4.92911339974945
X:113308789:G:C	2.76566e-05	0.00413782	-5.00806	-4.38082	X	113308789	G	C	1.1823351445635843e-05	4.927259400947437
X:113308510:A:G	2.76566e-05	0.00413782	-5.00806	-4.38082	X	113308510	A	G	1.1823351445635843e-05	4.927259400947437
X:113308770:A:T	2.76566e-05	0.00413782	-5.00806	-4.38082	X	113308770	A	T	1.1823351445635843e-05	4.927259400947437
X:116780066:A:G	5.34168e-06	0.00825866	-7.34348	-4.37666	X	116780066	A	G	1.2051173620525719e-05	4.918970656649396
X:122702091:T:TG	3.04288e-05	0.00423355	-4.93541	-4.37519	X	122702091	T	TG	1.213267528453764e-05	4.916043425579744
X:122702098:T:G	3.04288e-05	0.00423355	-4.93541	-4.37519	X	122702098	T	G	1.213267528453764e-05	4.916043425579744
X:19827890:AAAAC:A	0.100395	1.64022e-06	11.022	4.37477	X	19827890	AAAAC	A	1.2156057922294186e-05	4.915207239221182
X:102733650:T:TA	2.96197e-06	0.00454925	-7.33686	-4.37159	X	102733650	T	TA	1.2334498631144874e-05	4.908878498882188
X:86876769:T:C	0.0053199	1.97635e-05	5.59537	4.37064	X	86876769	T	C	1.2388289483396071e-05	4.906988654818915
X:41202153:G:T	3.68492e-06	0.00310221	-6.73562	-4.36861	X	41202153	G	T	1.2503983253189225e-05	4.902951616646929
X:41202152:T:C	3.68492e-06	0.00310221	-6.73562	-4.36861	X	41202152	T	C	1.2503983253189225e-05	4.902951616646929
X:25078579:C:CA	1.14872e-05	0.00514414	-6.10438	-4.36838	X	25078579	C	CA	1.2517156249400185e-05	4.902494326514916
X:93059720:C:CTT	1.41109e-06	0.173589	-11.7201	-4.36687	X	93059720	C	CTT	1.2603969260087328e-05	4.8994926647007295
X:116719650:CCCTTCCTT:C	0.0150112	6.11237e-05	5.50365	4.36646	X	116719650	CCCTTCCTT	C	1.262763999808081e-05	4.898677807922963
X:28924743:G:A	3.66699e-06	0.0747126	-9.92203	-4.36403	X	28924743	G	A	1.2768805496531372e-05	4.893849728463225
X:15021130:C:T	4.56041e-05	1.28258e-06	3.57112	4.36168	X	15021130	C	T	1.2906754876738542e-05	4.889182937926032
X:116551721:G:A	2.76076e-05	0.00237209	-4.45344	-4.35833	X	116551721	G	A	1.3105866616307194e-05	4.8825342563475695
X:131470719:T:C	1.15783e-05	0.0174703	-7.31912	-4.35801	X	131470719	T	C	1.3125038831862165e-05	4.8818994030124045
X:80157099:T:A	6.059e-06	0.00145755	-5.48296	-4.35573	X	80157099	T	A	1.3262417408065366e-05	4.877377307658606
X:28071245:C:T	0.00756496	4.66805e-05	5.08796	4.35439	X	28071245	C	T	1.3343796335411244e-05	4.874720595234668
X:87256223:A:C	3.3115e-05	0.00881732	-5.58449	-4.35097	X	87256223	A	C	1.3553659749722876e-05	4.867943421062276
X:29146408:A:G	2.25331e-05	0.00414653	-5.21504	-4.35082	X	29146408	A	G	1.356293598317807e-05	4.8676462881036064
X:15027928:A:G	2.68542e-06	0.0534863	-9.89934	-4.35071	X	15027928	A	G	1.3569742403001922e-05	4.867428396556671
X:31788286:C:G	0.00125135	6.29996e-06	5.29144	4.35002	X	31788286	C	G	1.3612511596396375e-05	4.866061737263804
X:31787910:C:T	0.00125135	6.29996e-06	5.29144	4.35002	X	31787910	C	T	1.3612511596396375e-05	4.866061737263804
X:93521632:T:TAG	1.32934e-05	0.0109258	-6.71161	-4.3492	X	93521632	T	TAG	1.3663505964259945e-05	4.864437849295192
X:55800140:A:G	6.51593e-07	0.000173133	-5.58239	-4.34914	X	55800140	A	G	1.3667244405137325e-05	4.864319039219936
X:70793554:G:A	2.47598e-05	0.00175906	-4.26331	-4.34812	X	70793554	G	A	1.3730947374136819e-05	4.862299497346941
X:129389890:G:C	0.00553224	2.1134e-05	5.56746	4.34647	X	129389890	G	C	1.3834596314450702e-05	4.859033508800898
X:100096608:G:C	0.0163866	1.77071e-05	6.83026	4.34627	X	100096608	G	C	1.3847210414429835e-05	4.858637708451018
X:116779905:A:G	5.56811e-06	0.00825866	-7.30196	-4.34487	X	116779905	A	G	1.3935816770148771e-05	4.855867572456708
X:74272988:A:T	8.00084e-06	0.00146235	-5.20826	-4.34444	X	74272988	A	T	1.3963139958675253e-05	4.855016908834103
X:49607806:C:T	5.69458e-05	0.0102436	-5.19231	-4.34114	X	49607806	C	T	1.4174536832553986e-05	4.848491123218292
X:41197852:G:GA	3.63705e-06	0.00295962	-6.70165	-4.34114	X	41197852	G	GA	1.4174536832553986e-05	4.848491123218292
X:109562703:C:T	0.00858319	8.06394e-05	4.66757	4.34057	X	109562703	C	T	1.4211358610538995e-05	4.847364401393053
X:122712503:TAAATAAAATAAAATA:T	0.195064	3.38504e-06	10.9617	4.33954	X	122712503	TAAATAAAATAAAATA	T	1.4278127690228148e-05	4.845328738436151
X:33836451:ATCTC:A	0.000784416	8.48082e-06	4.52713	4.33831	X	33836451	ATCTC	A	1.4358253612101577e-05	4.842898379923136
X:94862715:T:C	5.63933e-06	0.000756909	-4.89948	-4.33829	X	94862715	T	C	1.4359560008825788e-05	4.842858867103923
X:136397967:T:C	1.95543e-05	0.00535848	-5.61324	-4.33658	X	136397967	T	C	1.447167707471259e-05	4.839481137015787
X:70791923:G:A	2.04252e-05	0.00178731	-4.4717	-4.33457	X	70791923	G	A	1.460453118791956e-05	4.8355123795166834
X:80160251:TA:T	0.0460426	5.16071e-07	11.3988	4.3337	X	80160251	TA	T	1.466239513990471e-05	4.833795080780837
X:101817656:T:A	1.25063e-06	0.0241593	-9.86878	-4.33277	X	101817656	T	A	1.4724491437710516e-05	4.831959696174828
X:101817627:G:A	1.25063e-06	0.0241593	-9.86878	-4.33277	X	101817627	G	A	1.4724491437710516e-05	4.831959696174828
X:101817236:C:T	1.25063e-06	0.0241593	-9.86878	-4.33277	X	101817236	C	T	1.4724491437710516e-05	4.831959696174828
X:101817486:G:C	1.25063e-06	0.0241593	-9.86878	-4.33277	X	101817486	G	C	1.4724491437710516e-05	4.831959696174828
X:82535705:AT:A	0.00205253	4.46427e-06	6.13072	4.33225	X	82535705	AT	A	1.4759321173132408e-05	4.830933616601208
X:93520470:G:A	1.71893e-06	0.13658	-11.283	-4.33117	X	93520470	G	A	1.4831911040759247e-05	4.82880288801506
X:42811591:G:A	0.000101404	0.0180378	-5.18111	-4.33011	X	42811591	G	A	1.490348759315643e-05	4.826712089626184
X:115567709:CT:C	0.220975	2.49406e-06	11.3919	4.32966	X	115567709	CT	C	1.4933973350500974e-05	4.825824628000444
X:33848508:A:G	2.92314e-06	0.000793839	-5.60422	-4.32815	X	33848508	A	G	1.5036705107684259e-05	4.822847317355904
X:148670587:G:A	2.31316e-06	0.182652	-11.2767	-4.32764	X	148670587	G	A	1.5071554555019674e-05	4.8218419500843535
X:33819488:TCTA:T	0.00405654	2.57383e-05	5.06011	4.32733	X	33819488	TCTA	T	1.5092775169326352e-05	4.8212308974071965
X:7194359:T:A	1.14668e-06	0.131034	-11.6463	-4.32565	X	7194359	T	A	1.5208273632310968e-05	4.817920082101738
X:139474423:G:A	5.13613e-05	0.00920151	-5.18824	-4.32561	X	139474423	G	A	1.5211033840018296e-05	4.817841267488316
X:79954828:G:A	6.60016e-06	0.000872187	-4.88391	-4.3223	X	79954828	G	A	1.5441103481523318e-05	4.811321666512458
X:79145002:CTCTCTT:C	0.0161921	7.29484e-07	10.0077	4.32202	X	79145002	CTCTCTT	C	1.5460717019766045e-05	4.810770368729022
X:41199790:C:T	3.72676e-06	0.00295962	-6.67728	-4.32144	X	41199790	C	T	1.5501420645840005e-05	4.809628498579623
X:41201360:A:G	3.72676e-06	0.00295962	-6.67728	-4.32144	X	41201360	A	G	1.5501420645840005e-05	4.809628498579623
X:94873109:A:T	2.0834e-05	0.00674663	-5.78021	-4.3214	X	94873109	A	T	1.550423155499423e-05	4.809549754076508
X:30809387:CT:C	0.00489764	8.93523e-05	4.00392	4.31982	X	30809387	CT	C	1.561565196273052e-05	4.806439879003077
X:42814171:C:A	0.00010249	0.0180378	-5.17046	-4.31961	X	42814171	C	A	1.5630518348100754e-05	4.806026619422457
X:93055670:G:A	1.36547e-05	0.0044128	-5.77818	-4.31952	X	93055670	G	A	1.563689378554896e-05	4.805849513793758
X:93055146:G:C	1.36547e-05	0.0044128	-5.77818	-4.31952	X	93055146	G	C	1.563689378554896e-05	4.805849513793758
X:92333883:GA:G	0.000159238	0.0367996	-5.44284	-4.31936	X	92333883	GA	G	1.5648234018081517e-05	4.8055346676688515
X:123037763:TA:T	0.00123029	1.30263e-05	4.54804	4.31878	X	123037763	TA	T	1.56894081191924e-05	4.804393439804856
X:5140069:A:ATT	2.08835e-05	0.00278818	-4.89418	-4.31875	X	5140069	A	ATT	1.56915406207826e-05	4.804334414586569
X:125740012:A:G	0.000123365	0.176286	-7.26472	-4.31635	X	125740012	A	G	1.586303889013502e-05	4.7996136110415
X:139476773:C:T	0.0091533	4.8105e-05	5.24848	4.3132	X	139476773	C	T	1.609084327315459e-05	4.793421195224704
X:87166593:A:T	4.44343e-07	0.00828684	-9.83358	-4.31212	X	87166593	A	T	1.6169662973024512e-05	4.791299032071403
X:139825827:A:C	1.63641e-06	0.0305154	-9.83348	-4.31206	X	139825827	A	C	1.6174052618239323e-05	4.79118114835451
X:33848500:G:A	2.33732e-06	0.000595092	-5.53971	-4.3118	X	33848500	G	A	1.6193087543139173e-05	4.790670336230902
X:87166925:C:T	4.45518e-07	0.00828684	-9.83094	-4.31057	X	87166925	C	T	1.6283427190900736e-05	4.788254183387115
X:139826441:C:T	1.64555e-06	0.0305154	-9.82791	-4.30879	X	139826441	C	T	1.6415013639365355e-05	4.784758752075753
X:4956072:C:A	1.42889e-05	0.0201915	-7.25353	-4.30779	X	4956072	C	A	1.64893825937512e-05	4.782795605189123
X:109561052:AT:A	6.21872e-05	0.00809414	-4.86875	-4.30672	X	109561052	AT	A	1.656931296318587e-05	4.780695498972525
X:87162971:C:A	9.11759e-07	0.000378499	-6.02859	-4.30433	X	87162971	C	A	1.674918469259299e-05	4.776006328455537
X:113308115:CTTG:C	2.84711e-05	0.00393106	-4.92777	-4.30383	X	113308115	CTTG	C	1.678704941548079e-05	4.775025631151019
X:128591828:T:C	3.4089e-05	0.0141406	-6.02783	-4.30369	X	128591828	T	C	1.6797666147982772e-05	4.774751054551653
X:128590746:T:C	3.4089e-05	0.0141406	-6.02783	-4.30369	X	128590746	T	C	1.6797666147982772e-05	4.774751054551653
X:82284865:C:G	0.000908334	5.38294e-06	5.12838	4.30253	X	82284865	C	G	1.6885879854752707e-05	4.772476305113939
X:15031319:C:T	2.91923e-06	0.0534925	-9.81598	-4.30178	X	15031319	C	T	1.6943149384843143e-05	4.77100586004241
X:15030244:A:C	2.91923e-06	0.0534863	-9.81586	-4.30171	X	15030244	A	C	1.694850397490972e-05	4.770868630447063
X:145053366:T:C	3.52276e-05	0.0145436	-6.02308	-4.29967	X	145053366	T	C	1.710526222478614e-05	4.766870263665138
X:84920817:TAG:T	0.0026564	2.9876e-05	4.48767	4.29793	X	84920817	TAG	T	1.7240058666804336e-05	4.7634612606327655
X:41208776:C:T	6.94141e-06	0.000905268	-4.87073	-4.29594	X	41208776	C	T	1.7395463187546656e-05	4.759564002839506
X:41208769:G:A	6.94141e-06	0.000905268	-4.87073	-4.29594	X	41208769	G	A	1.7395463187546656e-05	4.759564002839506
X:116776928:A:G	6.16005e-06	0.00856968	-7.2379	-4.29582	X	116776928	A	G	1.7404876860410333e-05	4.759329045004426
X:48921904:G:A	5.59391e-07	0.000777483	-7.23697	-4.2951	X	48921904	G	A	1.74614609141513e-05	4.757919423837073
X:5720413:C:G	8.51651e-05	0.00738761	-4.46297	-4.29356	X	5720413	C	G	1.758307688143153e-05	4.7549051249560765
X:5719999:C:G	8.51651e-05	0.00738761	-4.46297	-4.29356	X	5719999	C	G	1.758307688143153e-05	4.7549051249560765
X:5719722:G:A	8.51651e-05	0.00738761	-4.46297	-4.29356	X	5719722	G	A	1.758307688143153e-05	4.7549051249560765
X:15026979:TTCTC:T	0.0672305	1.26645e-06	10.8797	4.29162	X	15026979	TTCTC	T	1.773743038616307e-05	4.751109296000407
X:5716232:G:A	8.56214e-05	0.00740888	-4.4605	-4.29094	X	5716232	G	A	1.7791838595033834e-05	4.749779169936398
X:5716718:T:C	8.56214e-05	0.00740888	-4.4605	-4.29094	X	5716718	T	C	1.7791838595033834e-05	4.749779169936398
X:93520040:T:TCACACACACACACA	1.72921e-06	0.031077	-9.79656	-4.29038	X	93520040	T	TCACACACACACACA	1.7836764713100047e-05	4.7486839164771615
X:128586940:C:A	0.00640291	6.99593e-05	4.51659	4.28826	X	128586940	C	A	1.800782319901415e-05	4.744538781894113
X:114896043:A:G	1.752e-05	0.0240558	-7.22479	-4.28578	X	114896043	A	G	1.820991296380204e-05	4.739692129956361
X:5719309:G:T	8.51651e-05	0.00732614	-4.45461	-4.28468	X	5719309	G	T	1.8300239581269453e-05	4.73754322457874
X:87164215:C:A	9.36233e-07	0.000378499	-6.0021	-4.28194	X	87164215	C	A	1.8527094405944376e-05	4.732192685506255
X:139469987:C:T	5.35413e-05	0.00915359	-5.14145	-4.28161	X	139469987	C	T	1.855459638820113e-05	4.731548488272004
X:44943370:A:AT	1.98552e-06	0.209546	-11.5668	-4.2812	X	44943370	A	AT	1.8588819692368132e-05	4.730748185126707
X:80161830:T:A	5.28571e-07	0.000117051	-5.40019	-4.28069	X	80161830	T	A	1.8631474065043885e-05	4.729752783697993
X:80162104:A:G	5.28571e-07	0.000117051	-5.40019	-4.28069	X	80162104	A	G	1.8631474065043885e-05	4.729752783697993
X:44941481:G:GT	2.31001e-06	0.242196	-11.5603	-4.27752	X	44941481	G	GT	1.889869832766446e-05	4.723568107391852
X:93053068:C:A	1.51554e-05	0.00466704	-5.72993	-4.27483	X	93053068	C	A	1.9128319137455307e-05	4.718323191049559
X:30821494:G:A	0.0045673	2.05539e-05	5.40362	4.2729	X	30821494	G	A	1.9294700225585545e-05	4.714561964508255
X:86876535:C:CAA	1.35868e-05	0.0183277	-7.20707	-4.27221	X	86876535	C	CAA	1.9354517396106917e-05	4.713217653320525
X:132566265:C:T	9.21079e-06	0.000605127	-4.18506	-4.26692	X	132566265	C	T	1.981901894638551e-05	4.702917847162364
X:128572136:T:G	0.0107506	4.21114e-05	5.5424	4.26591	X	128572136	T	G	1.9908903111872896e-05	4.700952666923047
X:117440347:C:T	2.76488e-05	0.00464781	-5.12457	-4.26573	X	117440347	C	T	1.9924962773905404e-05	4.700602481329721
X:117440348:A:G	2.76488e-05	0.00464781	-5.12457	-4.26573	X	117440348	A	G	1.9924962773905404e-05	4.700602481329721
X:136392261:C:A	9.66828e-06	0.00383049	-5.9819	-4.26487	X	136392261	C	A	2.0001862691153103e-05	4.698929558394983
X:136392285:AGAT:A	9.66828e-06	0.00383049	-5.9819	-4.26487	X	136392285	AGAT	A	2.0001862691153103e-05	4.698929558394983
X:82425522:GA:G	0.000242287	1.74854e-06	4.93134	4.26478	X	82425522	GA	G	2.0009926673015792e-05	4.698754502846196
X:117439703:C:T	2.76793e-05	0.00464781	-5.12346	-4.26469	X	117439703	C	T	2.0017993750672366e-05	4.698579450666533
X:28118622:T:G	1.46064e-06	0.133305	-11.4215	-4.26303	X	28118622	T	G	2.0167343031678284e-05	4.695351314612655
X:5845867:G:A	0.00909675	0.000310149	3.37862	4.25906	X	5845867	G	A	2.0528836625637198e-05	4.687635661510174
X:122707798:G:T	1.80666e-06	0.183001	-11.5258	-4.25825	X	122707798	G	T	2.0603346185536545e-05	4.686062240218314
X:26841420:CTGTGTG:C	0.00245456	1.67263e-05	4.98872	4.25797	X	26841420	CTGTGTG	C	2.0629162411289948e-05	4.685518404966233
X:85689989:A:G	5.03706e-06	0.000300349	-4.08812	-4.25789	X	85689989	A	G	2.063654413091608e-05	4.685363029454535
X:109562740:G:T	0.00810263	8.27524e-05	4.58409	4.25751	X	109562740	G	T	2.0671641656686293e-05	4.684625032123122
X:87259555:G:T	3.34501e-05	0.00552217	-5.10647	-4.25657	X	87259555	G	T	2.0758706193942215e-05	4.682799717795711
X:139831351:G:GA	1.79902e-06	0.0305154	-9.73874	-4.25645	X	139831351	G	GA	2.0769845912714645e-05	4.6825667253958585
X:34198882:AGT:A	0.0922291	1.84688e-06	10.8185	4.25592	X	34198882	AGT	A	2.0819114453335964e-05	4.6815377472658675
X:78707834:C:T	1.38476e-05	0.000816643	-4.07709	-4.25493	X	78707834	C	T	2.0911442559394012e-05	4.679616006686155
X:44942055:A:C	2.08137e-06	0.209546	-11.5197	-4.25484	X	44942055	A	C	2.0919855326292002e-05	4.679441323208698
X:103284909:T:C	1.47975e-05	0.00578125	-5.96791	-4.25305	X	103284909	T	C	2.1087846774746618e-05	4.67596776267807
X:127341475:A:G	3.80948e-05	0.00181699	-3.86486	-4.25005	X	127341475	A	G	2.1372280193191292e-05	4.67014914079836
X:90281406:G:A	0.00125586	2.46984e-05	3.92884	4.24921	X	90281406	G	A	2.1452573699618292e-05	4.668520597349146
X:90281341:G:T	0.00125586	2.46984e-05	3.92884	4.24921	X	90281341	G	T	2.1452573699618292e-05	4.668520597349146
X:90281452:G:A	0.00125569	2.46984e-05	3.9287	4.24908	X	90281452	G	A	2.1465025706102196e-05	4.668268587081507
X:90281000:G:A	0.0012582	2.47526e-05	3.92851	4.2489	X	90281000	G	A	2.148227830495392e-05	4.667919661389645
X:132723025:A:T	1.15547e-05	0.0151176	-7.17652	-4.24882	X	132723025	A	T	2.14899503630939e-05	4.667764587629046
X:122707965:G:T	1.84009e-06	0.183001	-11.5074	-4.248	X	122707965	G	T	2.1568739488131422e-05	4.666175235024716
X:117428286:T:A	0.000657695	1.31112e-05	3.91527	4.24553	X	117428286	T	A	2.1807732713003267e-05	4.6613894844174695
X:117428515:A:C	0.000657695	1.31112e-05	3.91527	4.24553	X	117428515	A	C	2.1807732713003267e-05	4.6613894844174695
X:117438375:T:C	0.00464405	2.64199e-05	5.16922	4.24525	X	117438375	T	C	2.1834983583326424e-05	4.660847130267643
X:107272895:G:C	4.54002e-06	0.000745637	-5.10131	-4.24385	X	107272895	G	C	2.1971724836945517e-05	4.658135848506698
X:132562384:T:TTTA	8.23783e-06	0.000913869	-4.70895	-4.24377	X	132562384	T	TTTA	2.197956319129175e-05	4.657980942735852
X:122710585:T:G	0.000785282	6.46078e-06	4.80029	4.24373	X	122710585	T	G	2.198348336650598e-05	4.657903490848349
X:101816678:T:A	0.0241593	1.25063e-06	9.86878	4.2433	X	101816678	T	A	2.202566730264845e-05	4.657070925074013
X:100075954:G:A	3.07341e-06	0.208162	-11.1233	-4.24094	X	100075954	G	A	2.225856370306019e-05	4.652502863180122
X:132564141:GA:G	0.00119145	5.14824e-06	5.44427	4.23981	X	132564141	GA	G	2.2370905689706704e-05	4.650316433065655
X:132727249:A:G	1.17201e-05	0.0151176	-7.16231	-4.23794	X	132727249	A	G	2.255800311567913e-05	4.646699347695133
X:82597808:G:T	5.83748e-06	0.00751096	-7.15982	-4.23603	X	82597808	G	T	2.2750639439550508e-05	4.643006392362227
X:148678800:A:T	0.00100979	2.19831e-05	3.82722	4.23567	X	148678800	A	T	2.2787122769335012e-05	4.642310507829112
X:74267962:T:TAAA	0.000585019	1.18893e-05	3.896	4.23349	X	74267962	T	TAAA	2.300924182983529e-05	4.638097691394096
X:117426777:C:T	0.000647335	1.30979e-05	3.90042	4.23109	X	117426777	C	T	2.3256158936453532e-05	4.633462013186851
X:79958693:G:A	7.23028e-06	0.00087382	-4.7946	-4.23057	X	79958693	G	A	2.3309988976895782e-05	4.632457931853703
X:79960631:T:G	7.23028e-06	0.00087382	-4.7946	-4.23057	X	79960631	T	G	2.3309988976895782e-05	4.632457931853703
X:81786331:T:A	2.93632e-07	0.025291	-11.3636	-4.22946	X	81786331	T	A	2.3425292344915803e-05	4.6303149804618915
X:117440523:C:G	2.80576e-05	0.00452348	-5.08278	-4.22642	X	117440523	C	G	2.3743863194232865e-05	4.624448618682103
X:95392998:T:G	1.56532e-06	0.14944	-11.4666	-4.22515	X	95392998	T	G	2.387816745188238e-05	4.621999006523999
X:117438758:A:T	0.00464405	2.71057e-05	5.1436	4.22328	X	117438758	A	T	2.4077238922148372e-05	4.618393317647915
X:117439081:C:T	0.00464405	2.71057e-05	5.1436	4.22328	X	117439081	C	T	2.4077238922148372e-05	4.618393317647915
X:139470313:C:T	0.00915359	5.35413e-05	5.14145	4.22144	X	139470313	C	T	2.4274657288912224e-05	4.614846892772582
X:137888387:A:G	3.27214e-05	0.00790687	-5.48746	-4.21895	X	137888387	A	G	2.454426914089806e-05	4.610049895436213
X:7240536:T:TAG	1.84418e-06	0.155987	-11.3455	-4.21894	X	7240536	T	TAG	2.4545357640855898e-05	4.610030635582093
X:117372110:G:GT	9.21253e-06	0.00110025	-4.78272	-4.21837	X	117372110	G	GT	2.460747810748828e-05	4.60893289260044
X:99366441:A:C	0.23386	3.20015e-06	11.1993	4.2176	X	99366441	A	C	2.4691632753138637e-05	4.60745019106308
X:147602776:C:G	0.000664001	0.105353	-5.06679	-4.21747	X	147602776	C	G	2.4705867666729265e-05	4.607199889143292
X:78627169:T:A	3.93827e-07	0.0254506	-11.0763	-4.21442	X	78627169	T	A	2.5042089505372405e-05	4.601329436532177
X:78626913:T:C	3.93827e-07	0.0254506	-11.0763	-4.21442	X	78626913	T	C	2.5042089505372405e-05	4.601329436532177
X:49611720:CTTTTA:C	6.35447e-05	0.00511331	-4.38786	-4.21378	X	49611720	CTTTTA	C	2.511319132889004e-05	4.600098094596527
X:73272512:GAAAGAAAAGAAAAGA:G	0.000334411	2.38579e-06	4.94284	4.2134	X	73272512	GAAAGAAAAGAAAAGA	G	2.5155498852603955e-05	4.599367065864172
X:128588177:C:T	2.45455e-06	0.0384423	-9.65897	-4.20963	X	128588177	C	T	2.557892318274628e-05	4.592117742329406
X:117440577:C:T	0.00179581	3.72295e-05	3.87611	4.20746	X	117440577	C	T	2.582570981919899e-05	4.587947733067787
X:70357767:A:G	2.8688e-05	0.0355392	-7.12191	-4.20701	X	70357767	A	G	2.5877169493486462e-05	4.587083229571645
X:81012056:G:A	8.1302e-06	0.000967363	-4.77899	-4.20676	X	81012056	G	A	2.5905800325685722e-05	4.586602986211833
X:109564632:G:A	0.0090594	9.77328e-05	4.52932	4.20302	X	109564632	G	A	2.633773077688666e-05	4.579421645985103
X:45084578:A:T	2.31682e-06	0.212236	-11.4253	-4.20206	X	45084578	A	T	2.644970028942886e-05	4.577579244739747
X:103280252:G:A	1.58445e-05	0.00582206	-5.90659	-4.20122	X	103280252	G	A	2.6548044823106917e-05	4.575967457776583
X:117086409:TCACACACACACA:T	0.00281486	4.36978e-05	4.16537	4.20107	X	117086409	TCACACACACACA	T	2.656564289915348e-05	4.575679669527394
X:15915040:A:G	0.00215914	4.05338e-05	3.97533	4.20081	X	15915040	A	G	2.6596172513125347e-05	4.575180858708487
X:116799554:AG:A	0.00565799	1.43729e-05	5.97548	4.20021	X	116799554	AG	A	2.6666752857762655e-05	4.574029864018086
X:78628396:T:A	3.81262e-07	0.0239611	-11.0485	-4.19866	X	78628396	T	A	2.6849910761344905e-05	4.571057153387885
X:29153344:G:A	0.00382239	6.42649e-05	4.08562	4.19845	X	29153344	G	A	2.687481752610282e-05	4.570654475827061
X:29153326:T:G	0.00382239	6.42649e-05	4.08562	4.19845	X	29153326	T	G	2.687481752610282e-05	4.570654475827061
X:92331372:T:TTCCTCCTCCTCC	0.00894722	0.000187285	3.86647	4.19809	X	92331372	T	TTCCTCCTCCTCC	2.6917565959589127e-05	4.569964214065885
X:78623682:T:C	4.49315e-07	0.0280695	-11.0425	-4.19528	X	78623682	T	C	2.7253470381035448e-05	4.564578188015945
X:139476457:G:A	0.00872489	5.27865e-05	5.10768	4.19249	X	139476457	G	A	2.7590924813021928e-05	4.5592337422732285
X:44941544:G:A	2.32862e-06	0.209546	-11.4074	-4.1921	X	44941544	G	A	2.763841115284437e-05	4.558486926832777
X:102767170:A:G	2.63919e-06	0.00320256	-7.10124	-4.19118	X	102767170	A	G	2.7750738262438528e-05	4.556725458702084
X:102768071:G:A	2.63919e-06	0.00320256	-7.10124	-4.19118	X	102768071	G	A	2.7750738262438528e-05	4.556725458702084
X:103284250:G:A	1.59229e-05	0.00578125	-5.89462	-4.19111	X	103284250	G	A	2.7759302635798864e-05	4.556591448347897
X:103283969:C:T	1.59229e-05	0.00578125	-5.89462	-4.19111	X	103283969	C	T	2.7759302635798864e-05	4.556591448347897
X:87258263:A:G	3.57525e-05	0.00552217	-5.03991	-4.19098	X	87258263	A	G	2.777521456818719e-05	4.5563425773764825
X:90280643:T:C	0.0012582	2.63665e-05	3.86535	4.18949	X	90280643	T	C	2.7958210181091612e-05	4.55349063454852
X:132728508:C:T	1.2489e-05	0.0151176	-7.09877	-4.18929	X	132728508	C	T	2.798286043089436e-05	4.553107893637678
X:92346602:C:T	0.000247309	0.0381155	-5.03774	-4.18884	X	92346602	C	T	2.8038399063501673e-05	4.552246787343617
X:43668026:G:A	2.67268e-05	0.0180118	-6.51312	-4.18871	X	43668026	G	A	2.80544630577929e-05	4.551998038964416
X:107273556:T:A	0.000745637	4.54002e-06	5.10131	4.18702	X	107273556	T	A	2.826409284843162e-05	4.548764948899871
X:117439268:C:A	0.00451932	2.75216e-05	5.10114	4.18688	X	117439268	C	A	2.8281525260067923e-05	4.548497172167632
X:103285681:C:CA	1.60339e-05	0.00578125	-5.88767	-4.18523	X	103285681	C	CA	2.8487750328185404e-05	4.54534184555279
X:86988257:A:G	1.1011e-05	0.00219105	-5.29324	-4.18375	X	86988257	A	G	2.8673943467774766e-05	4.542512575329701
X:101993942:A:G	9.14806e-07	6.18429e-05	-4.21364	-4.18372	X	101993942	A	G	2.8677729588855635e-05	4.542455234666107
X:4958996:G:T	5.39476e-05	0.00392978	-4.28833	-4.18269	X	4958996	G	T	2.8808008379924656e-05	4.5404867653053875
X:87256850:A:G	3.22274e-05	0.00707848	-5.392	-4.18261	X	87256850	A	G	2.8818150631822466e-05	4.540333892924013
X:139475044:A:G	0.00872489	5.36118e-05	5.09217	4.17919	X	139475044	A	G	2.9254920038739067e-05	4.533801084590755
X:7251505:G:T	1.61855e-06	0.142311	-11.3842	-4.17913	X	7251505	G	T	2.9262638533286733e-05	4.533686517281664
X:153219905:AT:A	0.00800981	7.04345e-05	4.73374	4.17906	X	153219905	AT	A	2.9271645890055945e-05	4.533552857310903
X:45088893:C:T	2.42294e-06	0.212236	-11.3805	-4.17703	X	45088893	C	T	2.9534008567848778e-05	4.529677603466752
X:45094097:T:A	4.1134e-06	0.322117	-11.2684	-4.17425	X	45094097	T	A	2.9896931578852124e-05	4.5243733824700465
X:79960063:T:C	7.37704e-06	0.00084371	-4.73944	-4.17391	X	79960063	T	C	2.99416076349282e-05	4.523724885080667
X:87176194:C:CGATAGATA	3.57041e-06	0.0525222	-9.59631	-4.17285	X	87176194	C	CGATAGATA	3.0081299435278183e-05	4.521703407263183
X:117440268:C:G	0.00452306	2.80576e-05	5.08268	4.17106	X	117440268	C	G	3.0318601236601094e-05	4.518290838964736
X:139829269:T:A	0.0305154	1.79902e-06	9.73874	4.16962	X	139829269	T	A	3.051079342975247e-05	4.515546498431575
X:137886470:C:A	3.45465e-05	0.00790687	-5.43318	-4.16819	X	137886470	C	A	3.070279635272034e-05	4.512822068000021
X:29150068:A:G	5.63551e-05	0.00434286	-4.34461	-4.16785	X	29150068	A	G	3.074861605881279e-05	4.512174426280321
X:100916077:C:CCACA	0.000156591	0.0187236	-4.7839	-4.16587	X	100916077	C	CCACA	3.101674221266235e-05	4.5084038194612885
X:84738996:A:ACTCTCTCT	6.57731e-06	0.000985181	-5.0092	-4.16073	X	84738996	A	ACTCTCTCT	3.172319531483089e-05	4.498623074894525
X:71379105:A:AT	1.413e-06	0.11996	-11.3492	-4.15955	X	71379105	A	AT	3.188752130175519e-05	4.496379238261208
X:116555917:G:GCA	2.92629e-05	0.00208432	-4.26588	-4.15882	X	116555917	G	GCA	3.1989585181602456e-05	4.494991391504174
X:96250468:T:G	2.8702e-06	0.218258	-11.2391	-4.15722	X	96250468	T	G	3.2214373558360935e-05	4.491950309538566
X:7203791:T:G	0.000141202	1.06763e-06	4.88475	4.15696	X	7203791	T	G	3.225104311784978e-05	4.491456234113988
X:122708429:C:CA	2.5004e-06	0.21106	-11.3434	-4.15633	X	122708429	C	CA	3.2340060814337126e-05	4.490259167753483
X:48913554:C:CA	0.138554	3.31302e-06	10.6412	4.15233	X	48913554	C	CA	3.291072192438969e-05	4.482662590986088
X:92337134:C:T	0.000184518	0.0353715	-5.25592	-4.14991	X	92337134	C	T	3.326060256836578e-05	4.478069887114524
X:118430315:T:G	0.000403905	0.0237024	-4.07215	-4.14975	X	118430315	T	G	3.328385926794393e-05	4.477766322958271
X:92340825:ATC:A	0.000184677	0.0353713	-5.25505	-4.14912	X	92340825	ATC	A	3.337558276679144e-05	4.476571142400638
X:84490707:A:AT	5.31959e-06	0.00609618	-7.04402	-4.14737	X	84490707	A	AT	3.363163175117963e-05	4.473252060923802
X:74376531:C:CTT	1.41587e-05	0.00157698	-4.71294	-4.14669	X	74376531	C	CTT	3.373162754528278e-05	4.471962703670485
X:78150100:A:G	0.00207699	2.37374e-05	4.47162	4.14562	X	78150100	A	G	3.3889545872674835e-05	4.469934250764653
X:90277872:A:C	2.06879e-05	0.00206968	-4.6056	-4.14474	X	90277872	A	C	3.401994862287547e-05	4.4682663465970105
X:44220212:C:T	5.24721e-05	0.0180309	-5.83956	-4.14458	X	44220212	C	T	3.4043709359602036e-05	4.467963125830705
X:24184010:C:T	0.00124722	2.96747e-05	3.73838	4.1431	X	24184010	C	T	3.426424466476904e-05	4.46515883750888
X:139848492:G:GT	4.6763e-06	0.264893	-10.9446	-4.13997	X	139848492	G	GT	3.473512440140732e-05	4.45923114139167
X:87430563:TTATA:T	0.0183688	0.000131069	4.94268	4.13827	X	87430563	TTATA	T	3.499344261521599e-05	4.4560133300165035
X:33836514:C:CAAA	7.86521e-06	0.000867494	-4.70316	-4.13665	X	33836514	C	CAAA	3.524130148019138e-05	4.452948061235351
X:30841407:T:C	3.59452e-05	0.0226981	-6.44804	-4.1361	X	30841407	T	C	3.5325829522191535e-05	4.451907631243577
X:15912675:C:T	0.00210021	4.19848e-05	3.91249	4.1356	X	15912675	C	T	3.540284023821234e-05	4.450961894745341
X:70790769:T:A	2.28608e-05	0.00163572	-4.27042	-4.13386	X	70790769	T	A	3.567208214644731e-05	4.44767154055451
X:93520677:CTG:C	0.0698151	4.38846e-06	9.67463	4.13329	X	93520677	CTG	C	3.576070407828269e-05	4.446593939140582
X:123035819:C:T	1.19403e-05	0.00137474	-4.7461	-4.12962	X	123035819	C	T	3.633633096045657e-05	4.439658927442773
X:26814977:G:A	1.56516e-05	0.0022714	-4.97758	-4.12748	X	26814977	G	A	3.6676031867311835e-05	4.435617658589643
X:80160060:C:A	3.15016e-05	5.17578e-07	4.10863	4.12695	X	80160060	C	A	3.676062806258196e-05	4.434617077215646
X:80159047:C:G	3.15016e-05	5.17578e-07	4.10863	4.12695	X	80159047	C	G	3.676062806258196e-05	4.434617077215646
X:101780540:C:T	1.28582e-05	0.000873775	-4.21884	-4.12664	X	101780540	C	T	3.681019469143899e-05	4.434031885536381
X:74269242:G:A	9.159e-06	0.00132729	-4.97616	-4.12615	X	74269242	G	A	3.6888671380791575e-05	4.43310698647506
X:86987186:A:T	1.09183e-05	0.00203476	-5.22769	-4.12433	X	86987186	A	T	3.718154916062068e-05	4.429672519408308
X:93054592:T:A	0.00354321	1.63927e-05	5.37595	4.12273	X	93054592	T	A	3.744084631316184e-05	4.4266543430273595
X:88528114:CAT:C	0.0486102	0.000135446	5.88302	4.12157	X	88528114	CAT	C	3.7629909219190424e-05	4.42446682939877
X:41203991:T:C	5.00634e-06	0.00310221	-6.42917	-4.12084	X	41203991	T	C	3.774935272315223e-05	4.42309049068839
X:87179504:T:A	7.4125e-06	0.00819875	-7.00857	-4.12022	X	87179504	T	A	3.785108045206014e-05	4.421921719131662
X:55803174:C:A	1.15722e-06	0.000236559	-5.32018	-4.11979	X	55803174	C	A	3.7921786326426354e-05	4.4211112131737
X:5147736:G:C	4.35373e-05	0.00473094	-4.68826	-4.11856	X	5147736	G	C	3.812473092755401e-05	4.418793212749181
X:5147457:C:A	4.35373e-05	0.00473094	-4.68826	-4.11856	X	5147457	C	A	3.812473092755401e-05	4.418793212749181
X:5147607:A:G	4.35373e-05	0.00473094	-4.68826	-4.11856	X	5147607	A	G	3.812473092755401e-05	4.418793212749181
X:49694021:G:GACAC	2.2344e-05	0.0138002	-6.42588	-4.11818	X	49694021	G	GACAC	3.818763743067678e-05	4.418077209460122
X:100073574:G:GACACACACAC	2.69778e-06	0.212616	-11.2748	-4.11797	X	100073574	G	GACACACACAC	3.8222443808249293e-05	4.4176815491358505
X:82420847:C:T	0.000260291	1.90102e-06	4.91941	4.11769	X	82420847	C	T	3.826889915782857e-05	4.417154030499744
X:128581244:T:C	0.00558399	7.27437e-05	4.34072	4.11759	X	128581244	T	C	3.828550333887925e-05	4.416965638870138
X:24186679:G:A	0.00109443	2.67028e-05	3.71322	4.11689	X	24186679	G	A	3.84019242279143e-05	4.4156470136369546
X:70796779:C:T	2.78919e-05	0.00158455	-4.03972	-4.11611	X	70796779	C	T	3.853204618280452e-05	4.4141779278594235
X:5146291:T:TTC	4.17659e-05	0.00452287	-4.68482	-4.11521	X	5146291	T	TTC	3.868270693119385e-05	4.412483142548026
X:45099295:C:CT	4.55642e-06	0.322117	-11.1661	-4.11494	X	45099295	C	CT	3.872801407889426e-05	4.411974772486952
X:33845681:T:C	3.62818e-06	0.000784235	-5.37598	-4.1147	X	33845681	T	C	3.87683293797895e-05	4.411522913379461
X:5217974:G:A	1.37523e-05	0.0055856	-6.00674	-4.11469	X	5217974	G	A	3.877001004814991e-05	4.411504086435259
X:73236957:C:CTCTTTCTT	6.53551e-07	0.0353141	-10.8974	-4.1133	X	73236957	C	CTCTTTCTT	3.90042970352459e-05	4.408887544873623
X:77033966:C:A	3.04164e-07	0.0237189	-11.2642	-4.11205	X	77033966	C	A	3.9216133792455005e-05	4.406535224420592
X:108627271:G:A	3.93755e-05	0.00423432	-4.67783	-4.11064	X	108627271	G	A	3.945639612353632e-05	4.4038825849514955
X:113312003:G:A	3.45455e-05	0.00389891	-4.72617	-4.11051	X	113312003	G	A	3.947861817205846e-05	4.403638056882657
X:5147913:T:C	4.39116e-05	0.00473103	-4.67972	-4.11025	X	5147913	T	C	3.95230979087369e-05	4.403149021778221
X:122725713:ATTG:A	0.00410358	2.19912e-05	5.22897	4.10954	X	122725713	ATTG	A	3.9644804209874735e-05	4.401813722617274
X:24771614:G:A	1.1989e-06	0.0930688	-11.2597	-4.10951	X	24771614	G	A	3.964995455355125e-05	4.401757306130822
X:31796663:A:T	5.31571e-06	0.283945	-10.8859	-4.1068	X	31796663	A	T	4.011783085442186e-05	4.396662557043009
X:118433943:T:TAA	0.031536	0.00100549	3.44565	4.10641	X	118433943	T	TAA	4.018559332110992e-05	4.395929615137981
X:109566234:C:T	0.00918171	0.000109193	4.43185	4.10605	X	109566234	C	T	4.024823968473669e-05	4.39525310938116
X:7258346:GGATA:G	0.102271	2.65236e-06	10.5599	4.1049	X	7258346	GGATA	G	4.044898149043502e-05	4.393092409494299
X:116765303:T:A	0.000131448	0.00678769	-3.94426	-4.10488	X	116765303	T	A	4.0452481043428186e-05	4.393054836958343
X:32809348:A:G	0.00105439	3.36738e-05	3.44399	4.10465	X	32809348	A	G	4.0492746559320025e-05	4.392622764720779
X:82419872:C:A	0.000260291	1.93086e-06	4.90383	4.10391	X	82419872	C	A	4.062255467344939e-05	4.391232768137148
X:73196547:C:G	9.26512e-05	0.00401041	-3.76781	-4.1038	X	73196547	C	G	4.0641884153022917e-05	4.391026166415746
X:147601948:C:CTT	0.000504427	0.0713113	-4.95139	-4.10377	X	147601948	C	CTT	4.0647157343829425e-05	4.390969821362826
X:82619287:T:C	0.000848977	2.41875e-06	5.86078	4.10266	X	82619287	T	C	4.084272245345278e-05	4.388885316851899
X:82421471:T:C	0.000255704	1.90102e-06	4.90163	4.10196	X	82421471	T	C	4.0966510514292855e-05	4.387571027233783
X:34032700:GT:G	0.0023307	1.10497e-05	5.35152	4.10171	X	34032700	GT	G	4.1010806750049084e-05	4.387101687341425
X:44950172:T:C	0.209546	1.62603e-06	11.7666	4.10169	X	44950172	T	C	4.10143524115907e-05	4.387064141269978
X:122721476:T:C	0.00335767	2.50137e-05	4.89958	4.10014	X	122721476	T	C	4.1290027732860075e-05	4.384154825426967
X:82534622:A:G	3.40223e-06	0.00205253	-6.4024	-4.0992	X	82534622	A	G	4.145806694018728e-05	4.38239095156154
X:28228735:CACGCACAA:C	0.00492687	0.000158263	3.4382	4.0985	X	28228735	CACGCACAA	C	4.1583623825176755e-05	4.3810776665509525
X:5148174:G:A	4.44831e-05	0.00473103	-4.66679	-4.09768	X	5148174	G	A	4.1731163612659354e-05	4.3795395054509685
X:5147072:C:T	4.34188e-05	0.00461622	-4.66644	-4.09734	X	5147072	C	T	4.179248419311401e-05	4.378901813127825
X:5147048:G:C	4.34188e-05	0.00461622	-4.66644	-4.09734	X	5147048	G	C	4.179248419311401e-05	4.378901813127825
X:5147074:C:T	4.34188e-05	0.00461622	-4.66644	-4.09734	X	5147074	C	T	4.179248419311401e-05	4.378901813127825
X:41194111:C:T	3.4955e-06	0.00210261	-6.39946	-4.09682	X	41194111	C	T	4.188643399832858e-05	4.377926611726882
X:41194441:C:G	3.4955e-06	0.00210261	-6.39946	-4.09682	X	41194441	C	G	4.188643399832858e-05	4.377926611726882
X:117435289:T:C	1.72407e-05	0.00539586	-5.74611	-4.09446	X	117435289	T	C	4.2315345659725795e-05	4.3735021071699425
X:31803434:G:A	0.00606378	5.82524e-05	4.6453	4.09312	X	31803434	G	A	4.256073147208945e-05	4.37099091662555
X:80160573:T:A	3.02914e-05	5.17578e-07	4.06946	4.09268	X	80160573	T	A	4.26415999071251e-05	4.370166509004917
X:96253400:CTT:C	0.113675	3.01914e-06	10.5361	4.091	X	96253400	CTT	C	4.295171315836016e-05	4.367019509355801
X:19829720:C:CA	1.85516e-06	0.138542	-11.221	-4.08786	X	19829720	C	CA	4.353707465668032e-05	4.361140755431416
X:47008858:A:G	6.18498e-05	0.00649925	-4.65473	-4.08691	X	47008858	A	G	4.3715660327108454e-05	4.359362957187437
X:139472145:C:A	4.9198e-05	0.00968438	-5.28242	-4.08677	X	139472145	C	A	4.374203688795255e-05	4.359100997507769
X:100094014:C:T	1.65616e-05	0.0174956	-6.96262	-4.08504	X	100094014	C	T	4.406922417051529e-05	4.355864595086404
X:81962593:A:G	7.30946e-06	0.00233959	-5.76856	-4.08458	X	81962593	A	G	4.415661183954287e-05	4.3550042576484636
X:5147164:G:C	4.41247e-05	0.00462654	-4.65254	-4.08383	X	5147164	G	C	4.4299444288740825e-05	4.353601721719304
X:5147231:G:A	4.42281e-05	0.00462654	-4.6502	-4.08156	X	5147231	G	A	4.473442564429188e-05	4.349358134292872
X:5147283:T:C	4.42281e-05	0.00462654	-4.6502	-4.08156	X	5147283	T	C	4.473442564429188e-05	4.349358134292872
X:26815242:G:A	0.0022714	1.56516e-05	4.97758	4.08095	X	26815242	G	A	4.485200364377465e-05	4.348218151237538
X:102765620:C:T	2.05384e-06	0.0258149	-9.43899	-4.08051	X	102765620	C	T	4.49369958969362e-05	4.347395964159705
X:10817514:CTCTT:C	0.00194097	2.70377e-05	4.27371	4.07896	X	10817514	CTCTT	C	4.523761886060882e-05	4.344500262785348
X:91255517:A:G	5.49004e-05	0.00236506	-3.76304	-4.07761	X	91255517	A	G	4.550100488100748e-05	4.341979011926241
X:55741125:G:A	5.97995e-07	0.0302879	-10.8327	-4.07674	X	55741125	G	A	4.567151244177107e-05	4.3403546062112754
X:113314669:T:C	3.58263e-05	0.00389891	-4.68977	-4.07561	X	113314669	T	C	4.5893881039139684e-05	4.338245214421003
X:113312493:C:T	3.58263e-05	0.00389891	-4.68977	-4.07561	X	113312493	C	T	4.5893881039139684e-05	4.338245214421003
X:41204574:T:TAC	5.06335e-06	0.00295962	-6.37079	-4.07364	X	41204574	T	TAC	4.628400745340959e-05	4.334569045149111
X:91253154:T:C	6.57239e-05	0.00281924	-3.75876	-4.07346	X	91253154	T	C	4.6319809891602345e-05	4.33423323173307
X:5148016:T:C	4.46093e-05	0.00462665	-4.64165	-4.07324	X	5148016	T	C	4.636360409179333e-05	4.333822811355133
X:116792473:G:A	6.88555e-07	0.00850711	-9.42182	-4.07043	X	116792473	G	A	4.692644031231152e-05	4.3285823887100365
X:148676877:G:A	6.81133e-06	0.00119308	-5.16571	-4.06814	X	148676877	G	A	4.738990686364505e-05	4.3243141448276035
X:79953386:C:T	8.43991e-06	0.000869629	-4.63509	-4.06674	X	79953386	C	T	4.7675383055501184e-05	4.321705808859364
X:90288042:G:T	2.6368e-05	0.00358778	-4.91314	-4.06608	X	90288042	G	T	4.781052949117756e-05	4.320476446560992
X:9413738:G:C	7.34727e-05	0.00397374	-3.99055	-4.06508	X	9413738	G	C	4.801598910416753e-05	4.318614120469715
X:87180461:G:T	7.9713e-06	0.00819875	-6.93589	-4.06457	X	87180461	G	T	4.8121095557725174e-05	4.317664493774868
X:37420668:C:CA	1.96439e-05	0.0113252	-6.35702	-4.06251	X	37420668	C	CA	4.854786728134146e-05	4.313829843990565
X:127346703:T:G	2.25794e-05	0.00170943	-4.32687	-4.06127	X	127346703	T	G	4.8806486399186045e-05	4.311522456272392
X:5148592:C:T	4.51987e-05	0.00462671	-4.62853	-4.06049	X	5148592	C	T	4.896983475155881e-05	4.310071361503677
X:5148333:C:T	4.51987e-05	0.00462663	-4.62852	-4.06047	X	5148333	C	T	4.897402997786439e-05	4.310034157261411
X:5146955:T:C	4.41247e-05	0.00451463	-4.62806	-4.06003	X	5146955	T	C	4.906641120116041e-05	4.309215705877459
X:87161871:G:A	1.10506e-06	0.000210796	-5.25099	-4.05928	X	87161871	G	A	4.922426008377305e-05	4.3078208032538265
X:29154483:T:C	6.74319e-05	0.00468351	-4.24068	-4.05747	X	29154483	T	C	4.960718707288507e-05	4.304455398510262
X:69695512:C:CTTT	2.53856e-06	0.000786392	-5.73586	-4.05694	X	69695512	C	CTTT	4.9719848252933067e-05	4.303470205513385
X:86880729:G:C	2.02535e-06	0.129437	-11.0652	-4.05642	X	86880729	G	C	4.983061942946388e-05	4.302503714211121
X:78068494:T:C	4.04407e-05	0.00267332	-4.19124	-4.05491	X	78068494	T	C	5.015360932116749e-05	4.299697807372138
X:116795938:G:A	2.32273e-06	0.113165	-10.7939	-4.05481	X	116795938	G	A	5.017506929051732e-05	4.299512019090232
X:24198695:T:C	1.09752e-05	0.000681156	-4.12815	-4.05427	X	24198695	T	C	5.029110360335417e-05	4.298508833983606
X:7258105:C:CATAGATAG	2.18428e-06	0.153141	-11.1578	-4.05258	X	7258105	C	CATAGATAG	5.06558938257527e-05	4.295370017093679
X:5142986:CAA:C	9.73966e-06	0.00985217	-6.91924	-4.05182	X	5142986	CAA	C	5.082075772998838e-05	4.293958863970824
X:44949349:T:C	0.209546	1.78835e-06	11.6714	4.05181	X	44949349	T	C	5.082293037781936e-05	4.293940297762103
X:24195502:A:G	1.13746e-05	0.000704274	-4.12579	-4.0518	X	24195502	A	G	5.082510311368357e-05	4.293921731594826
X:109210911:T:C	1.59324e-05	0.00161781	-4.62048	-4.05173	X	109210911	T	C	5.084031472994823e-05	4.293791769584262
X:148670887:C:T	0.0327405	2.37707e-06	9.5305	4.05162	X	148670887	C	T	5.086422741676123e-05	4.2935875476704215
X:27482883:C:T	0.000253266	0.0163065	-4.16488	-4.05138	X	27482883	C	T	5.091643755847246e-05	4.29314198999129
X:31797785:A:G	5.86386e-06	0.283945	-10.7877	-4.05135	X	31797785	A	G	5.092296739642393e-05	4.2930862969597925
X:88532990:TCA:T	0.0545279	8.53588e-05	6.4596	4.04987	X	88532990	TCA	T	5.1246093290824756e-05	4.290339237138696
X:122728625:C:A	0.00662972	6.66812e-05	4.5994	4.04851	X	122728625	C	A	5.154473222436069e-05	4.287815712199879
X:82535647:G:T	3.63898e-06	0.00205253	-6.33513	-4.04481	X	82535647	G	T	5.236557551707889e-05	4.280954119046628
X:100095860:T:C	1.7508e-05	0.0174956	-6.90704	-4.04249	X	100095860	T	C	5.288656881223358e-05	4.276654608330823
X:127086730:G:GCACACACACACA	7.40815e-06	0.00275159	-5.91735	-4.04178	X	127086730	G	GCACACACACACA	5.3046989800985436e-05	4.27533925549333
X:117436717:G:A	1.90485e-05	0.00558687	-5.68119	-4.04154	X	117436717	G	A	5.3101320808714065e-05	4.274894676417548
X:24184965:G:T	2.198e-05	0.00134493	-4.11396	-4.03948	X	24184965	G	T	5.356983545717349e-05	4.271079687585538
X:47007805:TTTTG:T	0.0110543	1.75319e-05	6.44656	4.03944	X	47007805	TTTTG	T	5.3578971477115286e-05	4.271005627534467
X:81320011:T:C	2.55926e-06	0.000174585	-4.2227	-4.03836	X	81320011	T	C	5.38262027894676e-05	4.269006256739175
X:87186273:TAAAGAG:T	0.00338098	8.27002e-05	3.7107	4.03641	X	87186273	TAAAGAG	T	5.4275332701806586e-05	4.265397505688082
X:26841529:TAC:T	0.00154532	1.43874e-05	4.67664	4.03531	X	26841529	TAC	T	5.453025204300652e-05	4.263362494966141
X:116758991:G:A	0.000122066	0.0160526	-4.87907	-4.03483	X	116758991	G	A	5.464184469712758e-05	4.262474647389117
X:87256359:A:C	3.24249e-05	0.00546272	-5.12678	-4.03285	X	87256359	A	C	5.5104455439789445e-05	4.258813285092184
X:117434866:T:A	9.72297e-06	0.0028176	-5.66915	-4.03173	X	117434866	T	A	5.536777474028952e-05	4.2567429306587945
X:28910019:C:T	4.90449e-05	0.00969987	-5.28713	-4.03161	X	28910019	C	T	5.539605811550522e-05	4.256521137791284
X:139469928:G:A	5.24413e-05	0.00968438	-5.21857	-4.03093	X	139469928	G	A	5.555658928270776e-05	4.255264424222522
X:44938948:G:C	3.10953e-06	0.209548	-11.1182	-4.03044	X	44938948	G	C	5.5672539238838855e-05	4.254358969958257
X:26815461:A:G	1.33536e-05	0.00246295	-5.21733	-4.02984	X	26815461	A	G	5.5814830999236747e-05	4.253250385913558
X:34198882:A:AGTGT	1.73535e-06	0.116685	-11.116	-4.02921	X	34198882	A	AGTGT	5.596460809114734e-05	4.252086533169425
X:93520677:CTGTGTGTGTG:C	0.149703	1.3369e-06	11.6261	4.02804	X	93520677	CTGTGTGTGTG	C	5.62437761962118e-05	4.249925528562163
X:70379067:G:A	3.48147e-05	0.00210652	-4.10275	-4.0278	X	70379067	G	A	5.63012042613209e-05	4.2494823156557056
X:128566935:T:C	6.10252e-05	0.0120135	-5.2825	-4.02728	X	128566935	T	C	5.6425822339257476e-05	4.248522102878479
X:100094862:T:C	1.67496e-05	0.0163866	-6.88585	-4.02626	X	100094862	T	C	5.667102478432298e-05	4.24663893392366
X:147602836:TACAC:T	0.113923	0.000630998	5.19598	4.02484	X	147602836	TACAC	T	5.7014066120369434e-05	4.244017984944511
X:29138763:C:T	0.0104944	9.10318e-05	4.74739	4.02351	X	29138763	C	T	5.733714840827709e-05	4.24156390994805
X:82535984:GTGTT:G	0.00205253	6.4273e-06	5.76628	4.02228	X	82535984	GTGTT	G	5.7637481523085515e-05	4.239295003994801
X:33847877:A:G	0.000590507	3.28588e-06	5.19135	4.02083	X	33847877	A	G	5.799344629901873e-05	4.236621082247224
X:154014371:TAAAA:T	5.43728e-05	1.34979e-06	3.69591	4.02069	X	154014371	TAAAA	T	5.8027925313826644e-05	4.23636295659149
X:90287437:C:CA	2.76927e-05	0.00358778	-4.86412	-4.01778	X	90287437	C	CA	5.87490071545561e-05	4.230999468476501
X:90287584:G:T	2.76927e-05	0.00358778	-4.86412	-4.01778	X	90287584	G	T	5.87490071545561e-05	4.230999468476501
X:90287592:C:T	2.76927e-05	0.00358778	-4.86412	-4.01778	X	90287592	C	T	5.87490071545561e-05	4.230999468476501
X:28079272:A:AAC	2.08105e-06	0.136745	-11.093	-4.01634	X	28079272	A	AAC	5.910896182386105e-05	4.2283466684319935
X:93049254:T:G	0.00388287	2.03597e-05	5.25077	4.01504	X	93049254	T	G	5.943571381519202e-05	4.225952517106303
X:26814693:CT:C	0.00220833	1.64379e-05	4.9004	4.01478	X	26814693	CT	C	5.950126914040718e-05	4.2254737708294785
X:88528217:A:G	5.34398e-05	0.0514474	-6.86976	-4.01394	X	88528217	A	G	5.9713531521855625e-05	4.223927243420451
X:30821646:G:A	1.96851e-05	0.0045673	-5.44682	-4.01263	X	30821646	G	A	6.004599139717877e-05	4.221515980304287
X:93062760:A:G	1.2635e-06	0.000292769	-5.4455	-4.01141	X	93062760	A	G	6.0357186096798004e-05	4.219271015601544
X:93062769:G:T	1.2635e-06	0.000292769	-5.4455	-4.01141	X	93062769	G	T	6.0357186096798004e-05	4.219271015601544
X:93062439:C:T	1.2635e-06	0.000292769	-5.4455	-4.01141	X	93062439	C	T	6.0357186096798004e-05	4.219271015601544
X:93062356:A:G	1.2635e-06	0.000292769	-5.4455	-4.01141	X	93062356	A	G	6.0357186096798004e-05	4.219271015601544
X:44946831:G:A	0.209546	1.93252e-06	11.5939	4.01117	X	44946831	G	A	6.041858421299465e-05	4.218829455754033
X:87185536:GA:G	0.00331155	8.30166e-05	3.68613	4.01028	X	87185536	GA	G	6.064678556775845e-05	4.217192212887769
X:87186594:G:A	0.00331193	8.30327e-05	3.68605	4.0102	X	87186594	G	A	6.0667337976262625e-05	4.217045061057003
X:34198418:T:C	2.52531e-06	0.000902243	-5.87852	-4.01011	X	34198418	T	C	6.069046731853583e-05	4.216879518415283
X:117436158:A:C	1.92046e-05	0.00541913	-5.64254	-4.01004	X	117436158	A	C	6.070846257905355e-05	4.216750765346255
X:93063483:G:T	1.2635e-06	0.000291977	-5.44279	-4.0089	X	93063483	G	T	6.100224030395085e-05	4.214654215255173
X:93063415:C:T	1.2635e-06	0.000291977	-5.44279	-4.0089	X	93063415	C	T	6.100224030395085e-05	4.214654215255173
X:5846158:G:A	0.000204225	0.00960573	-3.85089	-4.00815	X	5846158	G	A	6.119624864402592e-05	4.213275199474264
X:16512119:A:G	2.19839e-05	0.00783212	-5.87568	-4.00779	X	16512119	A	G	6.128958001403677e-05	4.212613354634368
X:87258173:A:C	3.24249e-05	0.00531043	-5.0985	-4.00722	X	87258173	A	C	6.143763035070021e-05	4.211565543390955
X:73195497:A:G	0.000100632	0.00401041	-3.68518	-4.00711	X	73195497	A	G	6.146624041719137e-05	4.211363349690288
X:91619875:T:G	2.11358e-05	0.0113536	-6.28632	-4.00534	X	91619875	T	G	6.192834042795066e-05	4.208110558172902
X:93520677:C:CTGTGTG	2.21095e-06	0.14243	-11.0732	-4.00526	X	93520677	C	CTGTGTG	6.194930379566684e-05	4.207963569988469
X:93520677:C:CTG	2.9626e-06	0.1733	-10.9767	-4.00511	X	93520677	C	CTG	6.198862821930323e-05	4.207687974285285
X:43118901:G:GGTGT	0.000189387	0.00781445	-3.71994	-4.00455	X	43118901	G	GGTGT	6.213564830901133e-05	4.206659165975834
X:122698213:CTT:C	0.0458501	3.62214e-06	9.44607	4.00378	X	122698213	CTT	C	6.233834001581201e-05	4.205244766569467
X:84498821:GCACACACACA:G	0.00837039	1.38986e-05	6.40067	4.00274	X	84498821	GCACACACACA	G	6.261309927190113e-05	4.2033347986366785
X:44944684:G:A	0.209546	1.96527e-06	11.5771	4.00236	X	44944684	G	A	6.271377774640048e-05	4.202637037448219
X:86886111:T:C	0.000347819	1.97853e-06	5.16933	4.00177	X	86886111	T	C	6.287039806897623e-05	4.2015537898707045
X:31769338:T:C	2.84401e-05	0.0036192	-4.84621	-4.00014	X	31769338	T	C	6.330502169347939e-05	4.19856183805112
X:5147168:C:G	4.87115e-05	0.00298782	-4.11638	-3.99979	X	5147168	C	G	6.339871597491106e-05	4.197919537869967
X:90285423:T:G	2.89545e-05	0.00662121	-5.43231	-3.9992	X	90285423	T	G	6.355695497568459e-05	4.196836918087314
X:91563984:C:G	0.00285147	2.76525e-05	4.63588	3.99858	X	91563984	C	G	6.372364284681343e-05	4.195699405139454
X:100073574:G:GACAC	2.29781e-06	0.0250902	-9.29828	-3.99792	X	100073574	G	GACAC	6.390153945027793e-05	4.194488679138822
X:87186831:A:C	0.00331193	8.40452e-05	3.67393	3.99731	X	87186831	A	C	6.406637697195817e-05	4.193369835171181
X:87187166:A:G	0.00331193	8.40682e-05	3.67366	3.99702	X	87187166	A	G	6.414488342950829e-05	4.19283797977155
X:43350567:A:G	0.00248276	8.28149e-05	3.40052	3.99631	X	43350567	A	G	6.433747344353389e-05	4.191535998004709
X:85649994:G:A	1.55352e-06	0.0681833	-10.6894	-3.99581	X	85649994	G	A	6.447342850746709e-05	4.190619234670489
X:116795986:C:T	2.24575e-06	0.142214	-11.056	-3.99568	X	116795986	C	T	6.450882134021234e-05	4.190380893156612
X:70798901:T:TG	2.64794e-05	0.00164928	-4.13173	-3.99556	X	70798901	T	TG	6.454150796890841e-05	4.190160891815209
X:142888542:CCACA:C	0.0366084	0.000221648	5.10694	3.9954	X	142888542	CCACA	C	6.458511452649173e-05	4.189867565966717
X:115566969:G:A	2.56932e-06	0.162512	-11.0549	-3.99502	X	115566969	G	A	6.468879188936467e-05	4.189170959551763
X:85649434:G:T	1.55731e-06	0.0681833	-10.687	-3.99443	X	85649434	G	T	6.485007685404138e-05	4.188089504895764
X:87187732:T:C	0.0033137	8.43722e-05	3.67058	3.99375	X	87187732	T	C	6.50364367164331e-05	4.186843261337469
X:78695813:G:T	4.5217e-06	0.00029552	-4.17985	-3.99285	X	78695813	G	T	6.528386895206765e-05	4.185194115670501
X:30821923:G:A	2.01831e-05	0.0045673	-5.42183	-3.98949	X	30821923	G	A	6.621551057653896e-05	4.179040267829354
X:116793111:T:C	0.00850711	6.89731e-07	9.42011	3.98907	X	116793111	T	C	6.633284653829826e-05	4.178271365443221
X:117426204:T:C	0.000580254	1.40967e-05	3.71752	3.9862	X	117426204	T	C	6.713992420316884e-05	4.173019153379399
X:100496896:G:GT	0.0251828	0.000611923	3.71731	3.98599	X	100496896	G	GT	6.719934206051424e-05	4.172634979042706
X:114423948:C:T	0.000921041	9.05843e-06	4.62181	3.98591	X	114423948	C	T	6.722199052063399e-05	4.172488631715867
X:114423485:T:C	0.000921041	9.05843e-06	4.62181	3.98591	X	114423485	T	C	6.722199052063399e-05	4.172488631715867
X:114423997:A:G	0.000921041	9.05843e-06	4.62181	3.98591	X	114423997	A	G	6.722199052063399e-05	4.172488631715867
X:117431273:C:T	9.39523e-06	0.0025732	-5.6127	-3.98572	X	117431273	C	T	6.727580956633203e-05	4.172141067431539
X:117432580:T:A	9.39523e-06	0.0025732	-5.6127	-3.98572	X	117432580	T	A	6.727580956633203e-05	4.172141067431539
X:93061158:A:G	1.30415e-06	0.000293458	-5.41618	-3.98426	X	93061158	A	G	6.769072897798853e-05	4.169470808854239
X:93061005:T:A	1.30415e-06	0.000293458	-5.41618	-3.98426	X	93061005	T	A	6.769072897798853e-05	4.169470808854239
X:93061170:G:A	1.30415e-06	0.000293458	-5.41618	-3.98426	X	93061170	G	A	6.769072897798853e-05	4.169470808854239
X:87181581:T:G	8.87241e-06	0.00819875	-6.82879	-3.98257	X	87181581	T	G	6.817403593446347e-05	4.166380994806253
X:103287892:A:G	2.01362e-05	0.00571119	-5.64766	-3.98241	X	103287892	A	G	6.821996161536498e-05	4.166088529288631
X:100088500:G:C	1.51082e-05	0.0139294	-6.82652	-3.98083	X	100088500	G	C	6.867505229051879e-05	4.16320100122702
X:114427103:A:AT	0.000916751	9.07518e-06	4.61529	3.98004	X	114427103	A	AT	6.890367334825241e-05	4.161757624647509
X:137887835:A:T	3.44531e-05	0.0179244	-6.25432	-3.97947	X	137887835	A	T	6.906907479971633e-05	4.1607163614554
X:87174728:G:T	1.48447e-06	0.0157073	-9.26682	-3.97945	X	87174728	G	T	6.907488517553947e-05	4.160679828346609
X:24186222:A:G	2.198e-05	0.00126963	-4.05635	-3.97944	X	24186222	A	G	6.907779053687171e-05	4.160661561854292
X:80158658:CACA:C	0.0248976	8.0099e-07	10.3444	3.97905	X	80158658	CACA	C	6.919118985456495e-05	4.159949200935332
X:132716441:C:T	1.64373e-05	0.0151176	-6.82406	-3.97895	X	132716441	C	T	6.922029496044271e-05	4.1597665544290665
X:10795564:G:A	4.2399e-06	0.260232	-11.0248	-3.97821	X	10795564	G	A	6.943603303254232e-05	4.1584150989100435
X:117433646:C:T	9.485e-06	0.0025732	-5.60319	-3.97797	X	117433646	C	T	6.950613864547568e-05	4.157976837681455
X:117433647:A:G	9.485e-06	0.0025732	-5.60319	-3.97797	X	117433647	A	G	6.950613864547568e-05	4.157976837681455
X:117432758:C:T	9.485e-06	0.0025732	-5.60319	-3.97797	X	117432758	C	T	6.950613864547568e-05	4.157976837681455
X:42977643:G:A	6.06382e-05	0.0113182	-5.22925	-3.97747	X	42977643	G	A	6.965240714637085e-05	4.157063870017887
X:15034551:G:A	5.07692e-06	0.0534928	-9.2626	-3.97697	X	15034551	G	A	6.979896682598955e-05	4.156151005816559
X:15035600:C:A	5.07692e-06	0.0534928	-9.2626	-3.97697	X	15035600	C	A	6.979896682598955e-05	4.156151005816559
X:92926240:TA:T	0.0129803	0.000101158	4.8545	3.97543	X	92926240	TA	T	7.025220595519108e-05	4.15334003413996
X:87174903:G:A	1.48617e-06	0.0155574	-9.25609	-3.97315	X	87174903	G	A	7.092835082046416e-05	4.1491801379647875
X:125767920:A:G	0.000196987	0.179335	-6.81388	-3.97115	X	125767920	A	G	7.152652443529825e-05	4.1455328773635545
X:15036303:G:A	5.13145e-06	0.0534928	-9.25191	-3.9707	X	15036303	G	A	7.16617695715481e-05	4.144712471837366
X:4943916:C:A	7.57723e-05	0.0211885	-5.63348	-3.97043	X	4943916	C	A	7.174303272693642e-05	4.144220268742642
X:90286848:T:C	2.80492e-05	0.0034624	-4.81575	-3.97013	X	90286848	T	C	7.183342735279408e-05	4.143673411794518
X:90287255:C:G	2.80492e-05	0.0034624	-4.81575	-3.97013	X	90287255	C	G	7.183342735279408e-05	4.143673411794518
X:117434293:G:A	9.58186e-06	0.0025732	-5.59303	-3.96969	X	117434293	G	A	7.196620103858793e-05	4.142871422302422
X:93048841:T:C	0.00372849	2.06165e-05	5.19766	3.96936	X	93048841	T	C	7.20659336067215e-05	4.142269982755122
X:28071253:A:C	3.75523e-05	0.00693494	-5.21859	-3.96751	X	28071253	A	C	7.262746561246657e-05	4.1388991105918045
X:27550834:CA:C	0.00221908	5.8905e-05	3.62892	3.96715	X	27550834	CA	C	7.273721663544848e-05	4.138243321689247
X:41654032:C:T	6.06644e-06	0.0626429	-9.24243	-3.96514	X	41654032	C	T	7.335288184607008e-05	4.134582819172299
X:118401852:A:G	1.34298e-05	0.00051494	-3.64657	-3.96444	X	118401852	A	G	7.356844732067167e-05	4.133308409747636
X:87175531:T:C	1.50929e-06	0.0155574	-9.24065	-3.96409	X	87175531	T	C	7.367645460375612e-05	4.132671281061363
X:87273784:GATA:G	0.00473887	3.74892e-05	4.8395	3.96257	X	87273784	GATA	G	7.414725706897962e-05	4.129904910203231
X:122719510:T:C	2.2749e-05	0.00354658	-5.04922	-3.96254	X	122719510	T	C	7.415657779238734e-05	4.1298503203977495
X:122718425:C:T	2.2749e-05	0.00354618	-5.0491	-3.96244	X	122718425	C	T	7.418765487389173e-05	4.129668357068729
X:93529997:T:C	0.00298678	7.05776e-05	3.74524	3.96205	X	93529997	T	C	7.430897321858685e-05	4.128958739617427
X:93059720:C:CTTTTTT	2.58182e-06	0.153604	-10.9936	-3.9608	X	93059720	C	CTTTTTT	7.46990796870356e-05	4.126684748777696
X:93047047:C:T	2.53944e-05	0.00555329	-5.38762	-3.95781	X	93047047	C	T	7.564008615974775e-05	4.121247985132634
X:148670288:G:A	0.0278004	2.38559e-06	9.36336	3.95691	X	148670288	G	A	7.592551995157189e-05	4.119612225273045
X:120515227:C:CAAA	9.38562e-05	0.0204899	-5.38593	-3.95624	X	120515227	C	CAAA	7.6138670570624e-05	4.118394710511967
X:5150357:C:T	0.00615937	0.000146433	3.73916	3.95575	X	5150357	C	T	7.629491493875243e-05	4.117504406837175
X:136099494:G:T	3.5324e-05	0.00171932	-3.88512	-3.95568	X	136099494	G	T	7.631726029646248e-05	4.117377228706019
X:84826022:CTTTTT:C	0.00734405	4.12618e-05	5.18171	3.95563	X	84826022	CTTTTT	C	7.633322505487589e-05	4.117286388424795
X:44933358:C:T	5.88753e-06	0.316069	-10.8909	-3.95534	X	44933358	C	T	7.642588294484987e-05	4.116759535187924
X:91618678:T:C	1.95833e-05	0.00238014	-4.80024	-3.95484	X	91618678	T	C	7.658588773020219e-05	4.1158512492386965
X:88373607:G:A	0.00031569	0.0123826	-3.66929	-3.95416	X	88373607	G	A	7.680400260694572e-05	4.1146161463120645
X:130848831:C:A	0.110185	3.70206e-06	10.301	3.9537	X	130848831	C	A	7.695188381783962e-05	4.113780743971834
X:42978812:G:A	6.22816e-05	0.0113182	-5.20251	-3.95247	X	42978812	G	A	7.734862883021829e-05	4.111547380694389
X:93045680:A:C	2.55686e-05	0.00555329	-5.38078	-3.95148	X	93045680	A	C	7.766936416029041e-05	4.109750250179669
X:93045721:A:G	2.55686e-05	0.00555329	-5.38078	-3.95148	X	93045721	A	G	7.766936416029041e-05	4.109750250179669
X:122720215:T:C	2.30298e-05	0.00354658	-5.03695	-3.95143	X	122720215	T	C	7.768559622557976e-05	4.109659496767056
X:27167185:G:A	0.011547	7.33016e-05	5.0596	3.95112	X	27167185	G	A	7.778630664049132e-05	4.109096848690102
X:105941555:A:AAGAGAG	1.43174e-06	0.0144203	-9.2175	-3.95051	X	105941555	A	AAGAGAG	7.798483928208607e-05	4.107989818541515
X:26818035:T:C	1.72779e-05	0.00207666	-4.78909	-3.9502	X	26818035	T	C	7.808591642022494e-05	4.1074272884341925
X:73277653:A:G	2.93378e-06	0.029383	-9.21188	-3.9472	X	73277653	A	G	7.907050229500043e-05	4.101985502340046
X:85670911:C:T	0.0615061	2.09413e-06	10.2878	3.94595	X	85670911	C	T	7.94842004402952e-05	4.099719190129924
X:41206048:G:A	5.94048e-06	0.00295962	-6.21103	-3.94447	X	41206048	G	A	7.997666458252911e-05	4.0970367120255515
X:95393000:T:G	0.14944	1.56532e-06	11.4666	3.94443	X	95393000	T	G	7.999001437020342e-05	4.096964225190506
X:69691605:A:T	2.60955e-06	0.000859895	-5.79763	-3.94413	X	69691605	A	T	8.009020494260193e-05	4.096420595020586
X:69692074:G:T	2.60955e-06	0.000859895	-5.79763	-3.94413	X	69692074	G	T	8.009020494260193e-05	4.096420595020586
X:123037370:G:C	1.30263e-05	0.00123402	-4.55107	-3.9426	X	123037370	G	C	8.060302478459583e-05	4.093648660147639
X:7169901:GCT:G	0.172819	3.79436e-06	10.7265	3.9425	X	7169901	GCT	G	8.063665025633141e-05	4.093467521640207
X:137904024:AAC:A	0.007563	7.13511e-05	4.66341	3.94191	X	137904024	AAC	A	8.083531059849212e-05	4.0923988886286535
X:117433753:T:C	9.61959e-06	0.00249609	-5.55868	-3.94168	X	117433753	T	C	8.091287971433805e-05	4.091982341877863
X:123037934:T:A	1.30263e-05	0.00123029	-4.54804	-3.9397	X	123037934	T	A	8.158356471912047e-05	4.088397322504817
X:127535253:A:AT	9.67456e-07	0.0383798	-10.5884	-3.93871	X	127535253	A	AT	8.19208744011987e-05	4.086605420801973
X:16514115:G:GAAAA	2.19839e-05	0.00717936	-5.78865	-3.93681	X	16514115	G	GAAAA	8.257193216205598e-05	4.083167552905586
X:43349039:G:A	0.00280384	9.90077e-05	3.34355	3.93571	X	43349039	G	A	8.295109232982885e-05	4.081177890655972
X:30680601:A:T	4.52957e-05	0.00748745	-5.10777	-3.93402	X	30680601	A	T	8.353682774267401e-05	4.078122020811501
X:29153556:T:C	6.6302e-05	0.00382239	-4.05441	-3.93386	X	29153556	T	C	8.359248407141195e-05	4.077832768889322
X:147601063:A:T	0.000807718	0.143778	-5.18182	-3.93312	X	147601063	A	T	8.385035073736328e-05	4.0764951164451
X:117434430:A:C	9.72297e-06	0.00249609	-5.54799	-3.93297	X	117434430	A	C	8.39027125598866e-05	4.0762239982803905
X:73191705:A:T	0.000107466	0.00401899	-3.62161	-3.93272	X	73191705	A	T	8.399005093859204e-05	4.075772155347303
X:142888542:CCA:C	0.0187676	0.000122211	5.03414	3.92731	X	142888542	CCA	C	8.590123252947617e-05	4.066000604772831
X:102743889:T:C	2.7497e-06	0.00236195	-6.75575	-3.92664	X	102743889	T	C	8.614076179009091e-05	4.064791291851687
X:27171058:T:TTGAC	0.0115269	7.52162e-05	5.03207	3.92537	X	27171058	T	TTGAC	8.65965277556881e-05	4.062499521455824
X:114425583:C:CA	0.000873521	9.18967e-06	4.55445	3.92522	X	114425583	C	CA	8.665050857661338e-05	4.062228883944079
X:102158153:CTTATTATTATTA:C	0.00108683	1.98888e-06	6.30345	3.925	X	102158153	CTTATTATTATTA	C	8.672973796105556e-05	4.061831965753569
X:67921929:C:T	4.57749e-06	0.00392103	-6.75296	-3.92451	X	67921929	C	T	8.690644947824203e-05	4.06094799260914
X:87165637:T:C	9.7794e-07	0.000258635	-5.57773	-3.92331	X	87165637	T	C	8.734065014015608e-05	4.058783579632089
X:117362047:G:C	0.00178683	1.62601e-05	4.69949	3.92315	X	117362047	G	C	8.739869817997555e-05	4.058495036215296
X:15026979:T:TTC	1.31607e-06	0.0730795	-10.9247	-3.92223	X	15026979	T	TTC	8.773318239400926e-05	4.056836116952956
X:87169959:A:G	7.37399e-06	2.01502e-07	3.59991	3.91859	X	87169959	A	G	8.906847207377639e-05	4.05027599773054
X:41653378:A:C	6.5754e-06	0.0626429	-9.16187	-3.91785	X	41653378	A	C	8.934227003204535e-05	4.048943017054841
X:94852754:C:CTCTA	3.82745e-06	0.146001	-10.5492	-3.91655	X	94852754	C	CTCTA	8.982519271294033e-05	4.046601842377398
X:85689295:A:G	5.14097e-06	0.000295379	-4.05102	-3.91508	X	85689295	A	G	9.03742371277662e-05	4.043955355673622
X:41651916:C:T	6.61252e-06	0.0626429	-9.15624	-3.91455	X	41651916	C	T	9.057296826826158e-05	4.043001399272772
X:117165447:A:T	2.64319e-06	0.13184	-10.8174	-3.9127	X	117165447	A	T	9.126989240737113e-05	4.039672461433399
X:41650073:C:A	6.63707e-06	0.0626429	-9.15254	-3.91237	X	41650073	C	A	9.139473973135008e-05	4.039078799576777
X:41650089:G:C	6.63707e-06	0.0626429	-9.15254	-3.91237	X	41650089	G	C	9.139473973135008e-05	4.039078799576777
X:93046987:A:G	0.0045614	2.69731e-05	5.13055	3.91162	X	93046987	A	G	9.167908380395012e-05	4.0377297354822375
X:26839639:G:A	1.67857e-05	0.00193554	-4.74761	-3.9112	X	26839639	G	A	9.183868124456872e-05	4.036974361142953
X:82537882:G:A	0.00205253	7.33003e-06	5.63485	3.9105	X	82537882	G	A	9.210526025977234e-05	4.035715565931754
X:134655332:T:TACACAC	3.68782e-05	0.00766138	-5.33633	-3.91031	X	134655332	T	TACACAC	9.217774342911999e-05	4.035373927891655
X:71831214:C:T	5.28861e-05	0.0167003	-5.75504	-3.9094	X	71831214	C	T	9.252564721294872e-05	4.033737868350881
X:96252141:C:A	3.01914e-06	0.113675	-10.5361	-3.90919	X	96252141	C	A	9.260610863052694e-05	4.033360364754037
X:123040108:A:T	1.34834e-05	0.00123266	-4.51547	-3.90847	X	123040108	A	T	9.288247833057464e-05	4.03206620508114
X:92332720:A:ACAG	0.0107972	0.000241942	3.79835	3.90767	X	92332720	A	ACAG	9.319046930297904e-05	4.030628501173641
X:131960029:G:A	1.86409e-05	0.0156188	-6.73087	-3.9076	X	131960029	G	A	9.321746435321717e-05	4.0305027146665
X:26827601:T:C	0.00213875	1.80467e-05	4.77501	3.90728	X	26827601	T	C	9.334096437175952e-05	4.0299277164231135
X:147564207:C:A	0.000584573	0.0676847	-4.75173	-3.90705	X	147564207	C	A	9.342982543813801e-05	4.0295144625761345
X:87169097:T:C	0.000534929	1.00337e-06	6.27877	3.90527	X	87169097	T	C	9.412023948057388e-05	4.026316976470948
X:41207045:GCT:G	0.00299461	1.07625e-05	5.6285	3.9051	X	41207045	GCT	G	9.418642935112636e-05	4.026011667084923
X:45087849:C:T	0.212236	2.39655e-06	11.3914	3.90504	X	45087849	C	T	9.420980097515697e-05	4.025903913682595
X:87170400:T:A	7.37399e-06	2.04123e-07	3.58699	3.90485	X	87170400	T	A	9.428384725443822e-05	4.025562704390362
X:87170401:A:T	7.37399e-06	2.04123e-07	3.58699	3.90485	X	87170401	A	T	9.428384725443822e-05	4.025562704390362
X:96251279:A:C	3.04353e-06	0.113675	-10.5281	-3.90464	X	96251279	A	C	9.436575181925051e-05	4.025185595687769
X:24211636:C:T	3.21573e-06	0.120037	-10.5275	-3.90431	X	24211636	C	T	9.44945947578873e-05	4.024593033119954
X:24209733:G:T	3.21573e-06	0.120037	-10.5275	-3.90431	X	24209733	G	T	9.44945947578873e-05	4.024593033119954
X:28077737:A:T	1.99601e-05	0.0166485	-6.72634	-3.90412	X	28077737	A	T	9.456885239557026e-05	4.024251881147653
X:69689301:C:CTT	2.64188e-06	0.000828341	-5.74793	-3.9036	X	69689301	C	CTT	9.47723657137926e-05	4.02331827835353
X:69690095:A:G	2.64188e-06	0.000828341	-5.74793	-3.9036	X	69690095	A	G	9.47723657137926e-05	4.02331827835353
X:69694730:C:G	2.64188e-06	0.000828341	-5.74793	-3.9036	X	69694730	C	G	9.47723657137926e-05	4.02331827835353
X:88374955:T:G	0.000327692	0.0122157	-3.6184	-3.90353	X	88374955	T	G	9.479979330038049e-05	4.023192609588116
X:24186995:A:C	2.198e-05	0.00117926	-3.98251	-3.90249	X	24186995	A	C	9.520817285785357e-05	4.021325769318069
X:118424311:A:G	0.0108694	0.000454623	3.17424	3.90227	X	118424311	A	G	9.529477345137883e-05	4.020930918075955
X:45090039:A:T	0.212236	2.42294e-06	11.3805	3.8993	X	45090039	A	T	9.647118564870124e-05	4.015602383883486
X:45089451:A:G	0.212236	2.42294e-06	11.3805	3.8993	X	45089451	A	G	9.647118564870124e-05	4.015602383883486
X:88375798:C:G	0.000336341	0.0120563	-3.57922	-3.89898	X	88375798	C	G	9.659875225275435e-05	4.015028483245411
X:42978527:G:A	6.30114e-05	0.0108076	-5.14468	-3.89839	X	42978527	G	A	9.683437083120702e-05	4.013970464872614
X:123037061:T:C	1.32262e-05	0.00119425	-4.50307	-3.89658	X	123037061	T	C	9.7560591067815e-05	4.010725577190688
X:87173033:T:C	7.97186e-06	2.22465e-07	3.5789	3.89624	X	87173033	T	C	9.769758055242448e-05	4.010116191304174
X:29133087:C:T	5.66387e-05	0.00969107	-5.14227	-3.89613	X	29133087	C	T	9.774193954811155e-05	4.009919047273422
X:118405992:T:G	0.000750624	1.65487e-05	3.8146	3.89612	X	118405992	T	G	9.774597312687134e-05	4.009901125336725
X:118404763:C:T	0.000748436	1.65487e-05	3.81168	3.89374	X	118404763	C	T	9.871044742586697e-05	4.005636879556444
X:67628361:A:T	5.37878e-07	0.0283773	-10.8735	-3.89362	X	67628361	A	T	9.875931351618565e-05	4.005421937544972
X:67629246:G:A	5.37878e-07	0.0283773	-10.8735	-3.89362	X	67629246	G	A	9.875931351618565e-05	4.005421937544972
X:46999436:T:TATATATATATATATAACATATATATACATATATAAC	1.49792e-05	0.00700783	-6.14812	-3.89361	X	46999436	T	TATATATATATATATAACATATATATACATATATAAC	9.876338672108975e-05	4.005404025979247
X:134501483:T:C	0.0141475	0.000358719	3.67476	3.88892	X	134501483	T	C	0.00010069129923736799	3.9970080553297356
X:122730359:G:A	6.8422e-05	0.00777679	-4.7332	-3.88879	X	122730359	G	A	0.00010074524082665335	3.996775460636397
X:122730102:A:G	6.8422e-05	0.00777679	-4.7332	-3.88879	X	122730102	A	G	0.00010074524082665335	3.996775460636397
X:91564968:A:G	0.00252406	2.76525e-05	4.51391	3.88869	X	91564968	A	G	0.00010078675291724714	3.9965965463925865
X:41655575:A:G	0.0626429	6.06644e-06	9.24243	3.88839	X	41655575	A	G	0.00010091138608791326	3.9960598284492437
X:80616346:A:AT	7.34222e-07	0.0351021	-10.775	-3.88812	X	80616346	A	AT	0.00010102368031516364	3.995576814090815
X:117361862:A:G	0.00178683	1.69263e-05	4.65933	3.88763	X	117361862	A	G	0.00010122777488230376	3.9947003094021785
X:150760931:CA:C	0.0372596	0.00107358	3.54691	3.88742	X	150760931	CA	C	0.00010131536307218756	3.99432469490048
X:33817300:G:A	2.93211e-05	0.00496851	-5.13257	-3.88706	X	33817300	G	A	0.00010146568070768447	3.9936808267127084
X:15015042:CA:C	5.90678e-06	0.000216156	-3.5999	-3.88512	X	15015042	CA	C	0.0001022793562140733	3.9902120142549653
X:55723474:C:T	6.89979e-06	3.08642e-07	3.10706	3.88505	X	55723474	C	T	0.00010230883044762207	3.9900868799812224
X:96248934:C:T	3.15282e-06	0.113683	-10.4929	-3.88474	X	96248934	C	T	0.00010243945558830714	3.9895327382436543
X:96250037:A:C	3.15282e-06	0.113675	-10.4928	-3.88471	X	96250037	A	C	0.00010245210508143861	3.989479113730718
X:45092605:G:A	0.212236	2.49592e-06	11.3508	3.88374	X	45092605	G	A	0.00010286190073307172	3.9877454548325666
X:28229214:A:G	0.000199193	0.00549109	-3.31661	-3.88342	X	28229214	A	G	0.00010299743007656428	3.9871736113869742
X:96247714:A:G	3.16115e-06	0.113683	-10.4902	-3.88325	X	96247714	A	G	0.00010306949857394156	3.986869836761797
X:92350593:A:G	0.000326511	0.0368842	-4.72708	-3.88276	X	92350593	A	G	0.00010327749180647289	3.9859943178740487
X:42979744:G:A	6.71414e-05	0.0113182	-5.12737	-3.8822	X	42979744	G	A	0.00010351568341289145	3.9849938463068284
X:93056532:CAA:C	0.149587	5.69995e-06	10.1752	3.88021	X	93056532	CAA	C	0.00010436631578377101	3.9814396472122477
X:34189956:T:G	4.20494e-06	0.00128111	-5.71922	-3.88017	X	34189956	T	G	0.00010438348136286652	3.9813682227950884
X:80159052:A:G	5.17578e-07	3.15016e-05	-4.10863	-3.87979	X	80159052	A	G	0.00010454668730686359	3.980689723794587
X:137906366:CA:C	0.00797243	8.02174e-05	4.599	3.87934	X	137906366	CA	C	0.00010474026894636228	3.9798863152753663
X:85689438:C:T	5.24838e-06	0.000290538	-4.01382	-3.87798	X	85689438	C	T	0.00010532737371746248	3.9774587445839384
X:87176194:C:CGATAGATGATA	1.42013e-06	0.0727061	-10.8434	-3.87683	X	87176194	C	CGATAGATGATA	0.0001058262445222705	3.975406615497689
X:118407147:A:G	0.00072944	1.65487e-05	3.78597	3.87277	X	118407147	A	G	0.00010760536478022532	3.9681660759152817
X:78987147:CCTTCCTTCCTTCCTTA:C	0.0016025	3.13855e-06	6.23556	3.87071	X	78987147	CCTTCCTTCCTTCCTTA	C	0.00010851882730212831	3.964494908045038
X:44939763:A:C	0.209548	2.53937e-06	11.3208	3.86801	X	44939763	A	C	0.00010972716611995723	3.9596858370069445
X:87259702:G:A	3.23807e-05	0.0045446	-4.94413	-3.86729	X	87259702	G	A	0.00011005152714770314	3.958403926511644
X:146670376:C:T	0.0158185	5.94422e-05	5.58393	3.8672	X	146670376	C	T	0.00011009213582037352	3.9582437027521187
X:5721710:A:G	0.000117928	0.00684098	-4.06061	-3.86621	X	5721710	A	G	0.00011053976522161221	3.956481462163024
X:79950398:C:T	9.6504e-07	0.0336701	-10.46	-3.86615	X	79950398	C	T	0.0001105669493855189	3.956374672711059
X:129383618:T:C	3.94764e-06	0.197924	-10.8225	-3.86514	X	129383618	T	C	0.00011102549716559228	3.954577273404997
X:114428793:T:A	0.000891908	1.00616e-05	4.48463	3.86232	X	114428793	T	A	0.00011231531458112537	3.9495610221480812
X:96250975:A:G	3.07866e-06	0.106687	-10.4532	-3.86231	X	96250975	A	G	0.00011231991345029149	3.9495432398659376
X:78687173:T:C	2.40882e-06	0.0208061	-9.06387	-3.86033	X	78687173	T	C	0.00011323399724922748	3.9460231614778594
X:87174994:AAAAG:A	8.17531e-06	2.36111e-07	3.54457	3.85973	X	87174994	AAAAG	A	0.00011351237471676111	3.9449567906448513
X:7272217:C:CATATATATATAT	4.97915e-06	0.00391782	-6.66803	-3.85948	X	7272217	C	CATATATATATAT	0.00011362855573796566	3.9445125133346344
X:101995463:A:G	9.07648e-07	5.46571e-05	-4.09798	-3.8588	X	101995463	A	G	0.00011394513581651596	3.9433042096072146
X:7258105:CATAG:C	0.143272	1.76957e-06	11.3018	3.85804	X	7258105	CATAG	C	0.00011429994503973496	3.9419539784318887
X:107789174:C:CT	9.11377e-07	0.0450187	-10.8076	-3.85682	X	107789174	C	CT	0.00011487168702928092	3.9397870007475064
X:129382380:C:G	4.00982e-06	0.197924	-10.8069	-3.85641	X	129382380	C	G	0.00011506443462794936	3.9390588921101535
X:41206578:T:A	6.70539e-06	0.00298959	-6.09998	-3.85469	X	41206578	T	A	0.0001158763631457481	3.9360051438662658
X:87178929:C:T	6.03576e-06	0.0516188	-9.05394	-3.8545	X	87178929	C	T	0.00011596638358184801	3.935667886124342
X:34195897:T:TTATGATATGA	2.31296e-06	0.0790326	-10.4391	-3.85436	X	34195897	T	TTATGATATGA	0.00011603275662834464	3.9354193899566323
X:42678490:C:T	0.000399645	1.394e-05	3.35581	3.85433	X	42678490	C	T	0.00011604698408434597	3.935366141830608
X:117427404:G:A	9.28201e-06	0.00216236	-5.45088	-3.85382	X	117427404	G	A	0.00011628910269902712	3.9344609805373976
X:118408396:CT:C	3.45529e-05	0.00171148	-3.90262	-3.85286	X	118408396	CT	C	0.00011674614829796325	3.932757438817819
X:34191652:C:T	0.000539032	6.15321e-06	4.4728	3.85166	X	34191652	C	T	0.00011731983764278981	3.9306285467048614
X:117247719:T:C	0.00211807	3.63014e-05	4.0664	3.85139	X	117247719	T	C	0.00011744928360509317	3.9301496279055645
X:26832367:C:T	1.86793e-05	0.00202022	-4.68355	-3.85094	X	26832367	C	T	0.00011766532622383091	3.929351496784328
X:117248563:G:A	8.21172e-06	0.00364323	-6.09506	-3.85071	X	117248563	G	A	0.00011777589267137043	3.9289435953828202
X:7247450:T:C	1.80937e-06	0.000351914	-5.27041	-3.84926	X	7247450	T	C	0.00011847520098457803	3.9263725458788743
X:117373351:T:TATAGATAG	1.70056e-06	0.000412004	-5.49008	-3.84923	X	117373351	T	TATAGATAG	0.0001184897106901239	3.926319360915616
X:117360395:C:T	1.71529e-05	0.00235492	-4.92209	-3.84731	X	117360395	C	T	0.0001194218250547634	3.922916296031844
X:99803066:T:C	1.52627e-05	0.128909	-9.04146	-3.84717	X	99803066	T	C	0.0001194900614823723	3.922668215409229
X:34190020:C:T	0.000539032	6.18495e-06	4.46766	3.84702	X	34190020	C	T	0.00011956321273591023	3.9224024237203152
X:43353451:ATG:A	0.0027899	1.7831e-05	5.05282	3.84476	X	43353451	ATG	A	0.00012067048185238652	3.9183989530712013
X:120688075:A:G	0.000144014	0.00818671	-4.04036	-3.84469	X	120688075	A	G	0.00012070493168051372	3.918274985429752
X:85647827:CA:C	0.0726771	2.94345e-06	10.1142	3.8446	X	85647827	CA	C	0.00012074923794215233	3.9181156014341108
X:67927408:C:T	4.85925e-06	0.00374939	-6.64847	-3.8445	X	67927408	C	T	0.00012079848510539425	3.9179385120269172
X:117428543:A:T	9.39523e-06	0.00216236	-5.43876	-3.84394	X	117428543	A	T	0.00012107461936240795	3.9169468876257607
X:117428047:G:A	9.39523e-06	0.00216236	-5.43876	-3.84394	X	117428047	G	A	0.00012107461936240795	3.9169468876257607
X:117430319:G:T	9.39523e-06	0.00216236	-5.43876	-3.84394	X	117430319	G	T	0.00012107461936240795	3.9169468876257607
X:117428834:T:C	9.39523e-06	0.00216236	-5.43876	-3.84394	X	117428834	T	C	0.00012107461936240795	3.9169468876257607
X:117428777:A:T	9.39523e-06	0.00216236	-5.43876	-3.84394	X	117428777	A	T	0.00012107461936240795	3.9169468876257607
X:117428819:T:C	9.39523e-06	0.00216236	-5.43876	-3.84394	X	117428819	T	C	0.00012107461936240795	3.9169468876257607
X:117428285:A:G	9.39523e-06	0.00216236	-5.43876	-3.84394	X	117428285	A	G	0.00012107461936240795	3.9169468876257607
X:16514812:G:A	2.46534e-05	0.00717936	-5.67405	-3.84333	X	16514812	G	A	0.0001213760856186895	3.9158668726258723
X:96249549:C:A	3.18635e-06	0.106694	-10.4188	-3.84292	X	96249549	C	A	0.00012157910801501197	3.9151410472123054
X:96249609:C:T	3.18635e-06	0.106694	-10.4188	-3.84292	X	96249609	C	T	0.00012157910801501197	3.9151410472123054
X:96247835:G:A	3.19477e-06	0.106694	-10.4162	-3.84142	X	96247835	G	A	0.00012232460452234184	3.912486179647667
X:26838781:G:A	1.6964e-05	0.00181575	-4.67316	-3.84117	X	26838781	G	A	0.00012244927215302977	3.9120437920081303
X:26838264:C:T	1.74372e-05	0.00186632	-4.67312	-3.84113	X	26838264	C	T	0.00012246923008626346	3.9119730123796943
X:87167092:A:G	9.92033e-07	0.00828726	-9.03047	-3.84073	X	87167092	A	G	0.00012266897815829258	3.911265252416254
X:69700023:C:T	2.47559e-06	0.000718621	-5.67086	-3.84073	X	69700023	C	T	0.00012266897815829258	3.911265252416254
X:87167518:G:C	9.92424e-07	0.00828726	-9.03008	-3.8405	X	87167518	G	C	0.00012278397233347077	3.9108583203399867
X:87168833:G:A	9.92424e-07	0.00828726	-9.03008	-3.8405	X	87168833	G	A	0.00012278397233347077	3.9108583203399867
X:26837877:C:CT	1.7449e-05	0.00186632	-4.67244	-3.84049	X	26837877	C	CT	0.0001227889743848138	3.910840628136299
X:69696239:C:CA	2.47559e-06	0.00071822	-5.6703	-3.84027	X	69696239	C	CA	0.0001228990681296036	3.910451410097316
X:69695747:G:A	2.47559e-06	0.00071822	-5.6703	-3.84027	X	69695747	G	A	0.0001228990681296036	3.910451410097316
X:43345649:TTTAA:T	8.70941e-05	0.00463792	-3.97503	-3.83931	X	43345649	TTTAA	T	0.00012338056711136704	3.9087532378789476
X:34193047:C:T	0.00053906	6.24788e-06	4.45758	3.83795	X	34193047	C	T	0.00012406573563310014	3.906348145013503
X:41649582:TC:T	0.0626429	6.63707e-06	9.15254	3.83745	X	41649582	TC	T	0.00012431853635623224	3.90546411160746
X:144518405:A:G	0.0109554	0.0004896	3.108	3.83701	X	144518405	A	G	0.00012454140258656918	3.904686247558112
X:30696700:C:A	5.22374e-06	0.228446	-10.6858	-3.83645	X	30696700	C	A	0.00012482559523362426	3.903696354325029
X:30697480:T:C	5.22374e-06	0.228446	-10.6858	-3.83645	X	30697480	T	C	0.00012482559523362426	3.903696354325029
X:30696443:A:T	5.22374e-06	0.228446	-10.6858	-3.83645	X	30696443	A	T	0.00012482559523362426	3.903696354325029
X:30695940:C:T	5.22374e-06	0.228446	-10.6858	-3.83645	X	30695940	C	T	0.00012482559523362426	3.903696354325029
X:93519149:TA:T	2.11601e-06	0.000171636	-4.39585	-3.83428	X	93519149	TA	T	0.0001259326259959353	3.8998617404688782
X:74267962:T:TAA	9.6775e-06	0.000818653	-4.43786	-3.83404	X	74267962	T	TAA	0.00012605562932613	3.8994377550594486
X:95455414:TCAA:T	0.105287	4.35951e-06	10.0921	3.83168	X	95455414	TCAA	T	0.0001272712087227279	3.8952698312799985
X:88221698:G:A	6.13925e-05	0.00240074	-3.66624	-3.83129	X	88221698	G	A	0.0001274731490207857	3.8945812855059696
X:24180383:C:CT	0.00134493	4.79352e-05	3.33424	3.8308	X	24180383	C	CT	0.00012772729696582916	3.893716278501914
X:24180602:T:C	0.00134493	4.79352e-05	3.33424	3.8308	X	24180602	T	C	0.00012772729696582916	3.893716278501914
X:34033158:T:TA	8.77567e-06	0.0719954	-9.01237	-3.8301	X	34033158	T	TA	0.0001280911939944727	3.8924807260793957
X:44183717:T:C	6.9737e-05	0.00744725	-4.67087	-3.82738	X	44183717	T	C	0.0001295144895885652	3.887681641649591
X:80159489:A:T	7.92537e-07	0.025798	-10.3906	-3.82694	X	80159489	A	T	0.00012974612437398575	3.8869056060277156
X:100765015:C:T	7.58991e-05	0.0571685	-6.62435	-3.82603	X	100765015	C	T	0.000130226426468228	3.8853008767143318
X:103291569:G:C	2.39979e-05	0.00565599	-5.4625	-3.82593	X	103291569	G	C	0.0001302793089770343	3.8851245536706953
X:118428966:A:G	0.000432103	0.0225724	-3.95582	-3.8249	X	118428966	A	G	0.00013082517777446336	3.883308666437974
X:93060555:CG:C	0.000293458	2.13636e-06	4.92263	3.82301	X	93060555	CG	C	0.00013183243081320439	3.879977740040355
X:93060459:C:G	0.000293458	2.13636e-06	4.92263	3.82301	X	93060459	C	G	0.00013183243081320439	3.879977740040355
X:93060481:A:G	0.000293458	2.13636e-06	4.92263	3.82301	X	93060481	A	G	0.00013183243081320439	3.879977740040355
X:93060358:A:G	0.000293458	2.13636e-06	4.92263	3.82301	X	93060358	A	G	0.00013183243081320439	3.879977740040355
X:93060169:C:A	0.000293458	2.13636e-06	4.92263	3.82301	X	93060169	C	A	0.00013183243081320439	3.879977740040355
X:74265892:CTT:C	0.000773779	1.22328e-05	4.14716	3.82279	X	74265892	CTT	C	0.00013195015085697048	3.8795901089201545
X:82445693:G:GT	5.64014e-07	0.0240776	-10.6617	-3.82246	X	82445693	G	GT	0.0001321269166577966	3.8790086996817372
X:145617445:G:T	0.000126503	0.0168903	-4.89423	-3.82205	X	145617445	G	T	0.00013234684560762102	3.8782864053375445
X:90283781:ATG:A	0.00311718	4.9396e-05	4.14482	3.82046	X	90283781	ATG	A	0.00013320300774141	3.875485968628558
X:26837982:A:C	0.00186632	1.7449e-05	4.67244	3.81935	X	26837982	A	C	0.00013380379615415881	3.8735315650030504
X:90269742:G:A	8.07395e-05	0.00417494	-3.94563	-3.81815	X	90269742	G	A	0.00013445616870506343	3.8714192680177493
X:117426697:A:C	9.4136e-06	0.0020984	-5.40678	-3.81787	X	117426697	A	C	0.00013460881957129794	3.8709264842007167
X:117426740:G:T	9.4136e-06	0.0020984	-5.40678	-3.81787	X	117426740	G	T	0.00013460881957129794	3.8709264842007167
X:96332498:CAGAG:C	0.110933	4.72128e-06	10.0646	3.81563	X	96332498	CAGAG	C	0.0001358359179582519	3.866985378004447
X:42980281:G:A	7.23338e-05	0.0113182	-5.05288	-3.81254	X	42980281	G	A	0.00013754596043981976	3.8615521597959774
X:26825165:A:T	2.0672e-05	0.00214309	-4.64122	-3.81113	X	26825165	A	T	0.00013833299093546264	3.8590742329595447
X:26824684:T:G	2.06875e-05	0.00214286	-4.64037	-3.81033	X	26824684	T	G	0.00013878141728284617	3.8576686816607215
X:24178607:C:CAG	0.00134493	4.89589e-05	3.31311	3.80774	X	24178607	C	CAG	0.00014024260814488702	3.8531200201002305
X:35520800:A:AACAC	3.8192e-06	0.0300692	-8.97122	-3.80595	X	35520800	A	AACAC	0.00014126092072120226	3.849977967397931
X:114450128:G:GACAC	4.62387e-05	0.0194077	-6.03961	-3.80588	X	114450128	G	GACAC	0.00014130088414687035	3.849855120678648
X:87269423:T:A	3.5879e-05	0.00509845	-4.95654	-3.80174	X	87269423	T	A	0.0001436834644823523	3.8425932088823065
X:133549610:C:CCTCT	0.000767751	2.2815e-05	3.51605	3.80168	X	133549610	C	CCTCT	0.00014371827115212428	3.8424880157479926
X:4287419:G:GCACACACA	3.07167e-07	0.00239917	-8.96324	-3.80127	X	4287419	G	GCACACACA	0.0001439563293309	3.841769235731679
X:69696948:C:A	2.50615e-06	0.00069265	-5.62178	-3.8007	X	69696948	C	A	0.0001442879053109442	3.8407700713795387
X:85670971:C:T	2.06506e-06	0.0641255	-10.3434	-3.80031	X	85670971	C	T	0.00014451518733047292	3.8400865098124375
X:33847431:C:T	0.000568933	4.08659e-06	4.93605	3.79979	X	33847431	C	T	0.000144818754495653	3.8391751919610404
X:91568625:CT:C	0.00218812	2.64793e-05	4.41444	3.79907	X	91568625	CT	C	0.00014524006970364513	3.837913551332395
X:42812360:A:G	0.0173809	0.000226001	4.34259	3.79896	X	42812360	A	G	0.00014530453885357926	3.8377208195059955
X:85671250:G:A	2.0721e-06	0.0641255	-10.34	-3.79839	X	85671250	G	A	0.00014563903808810803	3.836722198142422
X:117439324:T:G	2.4929e-05	0.00541913	-5.38166	-3.7974	X	117439324	T	G	0.00014622173443342934	3.8349880689448304
X:29141559:A:C	7.11764e-05	0.010942	-5.0352	-3.796	X	29141559	A	C	0.00014704949760805785	3.8325364549136
X:33809649:G:A	3.20253e-05	0.0049202	-5.03458	-3.79542	X	33809649	G	A	0.0001473937189945489	3.8315210230178662
X:33810646:C:G	3.20772e-05	0.0049202	-5.03296	-3.79391	X	33810646	C	G	0.00014829344375788777	3.8288780492596333
X:33810721:A:G	3.20772e-05	0.0049202	-5.03296	-3.79391	X	33810721	A	G	0.00014829344375788777	3.8288780492596333
X:33810698:G:T	3.20772e-05	0.0049202	-5.03296	-3.79391	X	33810698	G	T	0.00014829344375788777	3.8288780492596333
X:88375972:G:A	0.000369948	0.0118955	-3.47055	-3.79339	X	88375972	G	A	0.00014860447791234117	3.827968103742876
X:88373661:G:C	0.000369948	0.0118955	-3.47055	-3.79339	X	88373661	G	C	0.00014860447791234117	3.827968103742876
X:4961447:T:C	2.07119e-05	0.00567048	-5.61232	-3.79298	X	4961447	T	C	0.00014885014933372978	3.8272507253116315
X:19835582:AT:A	0.0234515	2.70025e-06	9.06935	3.79031	X	19835582	AT	A	0.00015045938684137255	3.8225807123689584
X:16505154:T:C	8.21188e-05	0.00646031	-4.36527	-3.78961	X	16505154	T	C	0.00015088398624020508	3.8213568507251465
X:114428470:G:A	0.00084551	1.03409e-05	4.40383	3.78952	X	114428470	G	A	0.00015093865935887098	3.8211995117424626
X:92358524:A:ATT	0.000398957	0.0313368	-4.36369	-3.788	X	92358524	A	ATT	0.00015186484959950046	3.818542735627116
X:109222083:GT:G	0.0138381	3.00618e-05	6.13192	3.78784	X	109222083	GT	G	0.00015196265392387862	3.8182631303948162
X:42810994:T:C	0.0172676	0.000227307	4.33028	3.78701	X	42810994	T	C	0.00015247096618442992	3.81681284763753
X:144389192:T:C	9.21008e-05	0.00634263	-4.23216	-3.78692	X	144389192	T	C	0.00015252618046609072	3.8166556051297045
X:33836514:C:CAA	6.59497e-06	0.286898	-10.6806	-3.78579	X	33836514	C	CAA	0.00015322103009063193	3.814681622265411
X:24182874:T:C	2.80473e-05	0.00134493	-3.8702	-3.78546	X	24182874	T	C	0.0001534245122477391	3.8141052487085387
X:24183800:TCGGCTCACTGCAACCTCCACCC:T	2.80473e-05	0.00134493	-3.8702	-3.78546	X	24183800	TCGGCTCACTGCAACCTCCACCC	T	0.0001534245122477391	3.8141052487085387
X:34183199:A:G	5.25768e-06	0.00214845	-6.01281	-3.78421	X	34183199	A	G	0.00015419758691305338	3.811922422643981
X:29143023:G:A	7.21537e-05	0.0109417	-5.02154	-3.78323	X	29143023	G	A	0.00015480624003046304	3.810211537476267
X:100079547:TTTTA:T	0.206837	2.94786e-06	11.1586	3.78299	X	100079547	TTTTA	T	0.0001549556422674282	3.8097926055428224
X:91281778:A:G	0.000178622	0.00667531	-3.6209	-3.78175	X	91281778	A	G	0.00015572971824342704	3.8076285021552647
X:21490548:A:G	7.60843e-06	0.228401	-10.3096	-3.78119	X	21490548	A	G	0.0001560804926159323	3.80665137290593
X:139837337:T:A	4.04441e-06	0.0305154	-8.92865	-3.78096	X	139837337	T	A	0.0001562247759821282	3.8062500894148847
X:139836134:G:A	4.04441e-06	0.0305154	-8.92865	-3.78096	X	139836134	G	A	0.0001562247759821282	3.8062500894148847
X:26838066:G:A	1.80867e-05	0.00181575	-4.60908	-3.7809	X	26838066	G	A	0.00015626243576124786	3.8061454103513848
X:133555784:T:C	2.99201e-05	0.000901823	-3.40589	-3.78034	X	133555784	T	C	0.00015661433929688786	3.8051684773201164
X:119293215:GGAAAGAAAGAAA:G	0.253857	7.38756e-06	10.4447	3.77857	X	119293215	GGAAAGAAAGAAA	G	0.00015773151651005823	3.8020815211361314
X:15913831:CT:C	0.00306813	3.2916e-05	4.53487	3.77753	X	15913831	CT	C	0.00015839143057071918	3.800268318684177
X:97195866:G:A	0.00717405	0.000268517	3.28531	3.77741	X	97195866	G	A	0.00015846774147769418	3.8000591317054018
X:117360744:T:C	0.00178683	1.9189e-05	4.53386	3.77664	X	117360744	T	C	0.00015895822703983832	3.798716989828217
X:117359873:C:T	0.00178683	1.9189e-05	4.53386	3.77664	X	117359873	C	T	0.00015895822703983832	3.798716989828217
X:117360727:A:G	0.00178683	1.9189e-05	4.53386	3.77664	X	117360727	A	G	0.00015895822703983832	3.798716989828217
X:117360239:C:A	0.00178683	1.9189e-05	4.53386	3.77664	X	117360239	C	A	0.00015895822703983832	3.798716989828217
X:82420590:G:A	1.83456e-06	0.000388601	-5.35575	-3.77628	X	82420590	G	A	0.00015918803476083136	3.7980895787631344
X:104189165:T:TA	5.28344e-06	0.000200814	-3.6378	-3.77567	X	104189165	T	TA	0.00015957814504877535	3.7970265875131117
X:104189076:C:G	5.28344e-06	0.000200814	-3.6378	-3.77567	X	104189076	C	G	0.00015957814504877535	3.7970265875131117
X:26850890:T:C	1.49578e-05	0.00149231	-4.60285	-3.77504	X	26850890	T	C	0.00015998199010366148	3.795928905086821
X:118405299:A:G	1.65487e-05	0.000748436	-3.81168	-3.77412	X	118405299	A	G	0.00016057346011061398	3.7943262341506654
X:34024623:A:T	2.15912e-05	0.00217962	-4.61462	-3.77195	X	34024623	A	T	0.00016197671875515574	3.7905474030052964
X:150756266:C:T	0.000579889	0.0287974	-3.90521	-3.76968	X	150756266	C	T	0.00016345698758623173	3.786596509129026
X:117792154:T:G	0.000346167	0.0127876	-3.60931	-3.76908	X	117792154	T	G	0.0001638503695223173	3.785552574841127
X:85671832:A:G	2.09413e-06	0.0615077	-10.2878	-3.76886	X	85671832	A	G	0.0001639948326161416	3.785169836108713
X:85671111:C:T	2.09413e-06	0.0615061	-10.2878	-3.76885	X	85671111	C	T	0.0001640014019669352	3.785152439367538
X:85670585:T:C	2.09413e-06	0.0615061	-10.2878	-3.76885	X	85670585	T	C	0.0001640014019669352	3.785152439367538
X:27488517:C:CTGTG	0.000105116	0.0156902	-5.00572	-3.76844	X	27488517	C	CTGTG	0.0001642709586272205	3.784439208462434
X:41211056:G:A	0.0031874	1.34835e-05	5.4655	3.76646	X	41211056	G	A	0.00016557859756696723	3.780995800155399
X:90270526:G:C	0.00148159	3.67995e-05	3.69539	3.76551	X	90270526	G	C	0.00016620947077016285	3.7793442333435165
X:90270200:C:A	0.00148051	3.67995e-05	3.69466	3.76487	X	90270200	C	A	0.00016663575420265572	3.778231808529879
X:148654733:C:T	5.2899e-05	0.0078631	-5.00155	-3.76453	X	148654733	C	T	0.00016686263540944586	3.7776409015004804
X:90270411:A:G	0.00147982	3.67995e-05	3.69419	3.76446	X	90270411	A	G	0.00016690938230594853	3.7775192500842296
X:28073473:A:T	0.0067322	4.72886e-05	4.95839	3.76353	X	28073473	A	T	0.00016753161853306676	3.7759032157402923
X:115389258:GC:G	0.0200331	4.49313e-05	6.10001	3.76232	X	115389258	GC	G	0.00016834446162324192	3.7738011669267992
X:122729623:C:CA	6.76288e-05	0.00675295	-4.6037	-3.7612	X	122729623	C	CA	0.00016910015025544536	3.771856006505855
X:79949761:G:T	1.22946e-05	0.00094014	-4.33687	-3.76045	X	79949761	G	T	0.00016960797434165245	3.770553732673872
X:39355628:AGTGTGT:A	0.0299361	0.000225043	4.89053	3.76037	X	39355628	AGTGTGT	A	0.00016966222683113626	3.770414837144988
X:123629206:A:AACAC	7.35126e-05	0.0108786	-4.9971	-3.76037	X	123629206	A	AACAC	0.00016966222683113626	3.770414837144988
X:107783753:C:T	0.000673609	5.24695e-06	4.855	3.75976	X	107783753	C	T	0.00017007643914802265	3.7693558454510314
X:107783453:G:A	0.000673609	5.24695e-06	4.855	3.75976	X	107783453	G	A	0.00017007643914802265	3.7693558454510314
X:109555500:T:G	3.84367e-05	0.0100886	-5.57015	-3.75859	X	109555500	T	G	0.00017087357519478765	3.7673250937123224
X:31781621:C:A	5.05608e-06	0.00104588	-5.33202	-3.75694	X	31781621	C	A	0.00017200371551820146	3.7644621716295217
X:31781620:G:A	5.05608e-06	0.00104588	-5.33202	-3.75694	X	31781620	G	A	0.00017200371551820146	3.7644621716295217
X:91240067:T:C	0.000150904	0.00660564	-3.77903	-3.75266	X	91240067	T	C	0.00017496808813460187	3.757041153661336
X:144650646:TAGTA:T	0.0211136	0.000704152	3.40068	3.75246	X	144650646	TAGTA	T	0.0001751077784637325	3.7566945616901384
X:92284706:TCA:T	0.0282214	0.000385184	4.29412	3.75186	X	92284706	TCA	T	0.00017552747899868035	3.7556548846493913
X:144312018:TA:T	0.00658148	0.000346919	2.94292	3.7492	X	144312018	TA	T	0.00017739957050958598	3.7510474359447805
X:70382217:G:A	3.62006e-05	0.00239644	-4.19266	-3.74907	X	70382217	G	A	0.00017749154320664205	3.7508223345873914
X:26853874:C:T	1.42684e-05	0.00138427	-4.57488	-3.74874	X	26853874	C	T	0.00017772521377374073	3.7502509547157037
X:28075383:T:C	0.0064657	4.63684e-05	4.93765	3.74569	X	28075383	T	C	0.0001798986304702471	3.7449721428327614
X:139841655:C:T	4.29891e-06	0.0305154	-8.86763	-3.74514	X	139841655	C	T	0.00018029320798424036	3.744020633735313
X:73191926:G:T	9.61441e-05	0.00463982	-3.87658	-3.7447	X	73191926	G	T	0.00018060945571201552	3.7432595161706277
X:42981070:G:A	7.42791e-05	0.0108076	-4.98017	-3.74454	X	42981070	G	A	0.00018072458414148865	3.7429827659184642
X:27485924:C:CTTT	0.000233397	0.00856796	-3.60305	-3.74199	X	27485924	C	CTTT	0.00018256878193161552	3.7385734819710494
X:15916139:ATTAT:A	0.00412376	4.60586e-05	4.49461	3.74192	X	15916139	ATTAT	A	0.00018261965560462278	3.7384524805737804
X:128582324:C:CCT	7.27437e-05	0.00558399	-4.34072	-3.7409	X	128582324	C	CCT	0.00018336247133176445	3.7366895463176593
X:150757616:C:G	0.00059731	0.0287956	-3.87554	-3.7401	X	150757616	C	G	0.00018394705848401324	3.735307152624241
X:9410023:T:C	0.000118284	0.00773298	-4.18016	-3.7371	X	9410023	T	C	0.00018615490166198345	3.730125523846744
X:27160804:A:C	0.0154923	0.000123842	4.82909	3.73552	X	27160804	A	C	0.00018732768977129698	3.7273980228059576
X:116783297:C:T	3.70297e-06	0.102486	-10.2283	-3.73528	X	116783297	C	T	0.0001875064412226089	3.7269838087928635
X:116783914:A:G	3.70297e-06	0.102486	-10.2283	-3.73528	X	116783914	A	G	0.0001875064412226089	3.7269838087928635
X:116781587:G:T	3.71201e-06	0.102486	-10.2259	-3.7339	X	116781587	G	T	0.0001885373773167953	3.724602538544326
X:116781982:C:T	3.71201e-06	0.102486	-10.2259	-3.7339	X	116781982	C	T	0.0001885373773167953	3.724602538544326
X:116782474:G:A	3.71201e-06	0.102486	-10.2259	-3.7339	X	116782474	G	A	0.0001885373773167953	3.724602538544326
X:82538586:G:A	0.00182438	8.02115e-06	5.42691	3.73365	X	82538586	G	A	0.0001887247101708111	3.724171232912706
X:100499079:A:G	0.000611923	0.0259946	-3.74904	-3.73286	X	100499079	A	G	0.00018931783255593212	3.7228084762851066
X:90270764:T:C	0.00146068	3.7716e-05	3.65657	3.73156	X	90270764	T	C	0.0001902976719142864	3.720566524802646
X:90270676:G:A	0.00146068	3.7716e-05	3.65657	3.73156	X	90270676	G	A	0.0001902976719142864	3.720566524802646
X:46012458:G:T	0.000106818	0.00793743	-4.30822	-3.73102	X	46012458	G	T	0.0001907060815545039	3.719635457224321
X:86201422:T:C	0.000138235	0.0236624	-5.14269	-3.73097	X	86201422	T	C	0.00019074393890221273	3.719549253337145
X:4942590:C:CA	0.0087534	0.000285404	3.42329	3.73075	X	4942590	C	CA	0.00019091059515573646	3.7191699684634094
X:26851708:A:G	1.4685e-05	0.00139759	-4.55568	-3.73068	X	26851708	A	G	0.0001909636508377142	3.7190492910922246
X:116780518:C:A	3.73911e-06	0.102486	-10.2186	-3.72979	X	116780518	C	A	0.00019163942520065175	3.7175151404258706
X:82454053:A:ATTATT	1.41866e-05	0.00203082	-4.9639	-3.72932	X	82454053	A	ATTATT	0.00019199720098548722	3.716705102574671
X:26847751:T:C	1.55348e-05	0.00147627	-4.55419	-3.72928	X	26847751	T	C	0.00019202767895575425	3.7166361673830948
X:91562984:C:T	0.00285147	3.73237e-05	4.33596	3.72837	X	91562984	C	T	0.00019272228235268481	3.715068069758844
X:82621649:T:C	0.00105512	4.6755e-06	5.41908	3.72698	X	82621649	T	C	0.0001937878293276268	3.7126735019076977
X:91564116:G:A	0.00207415	4.04386e-05	3.93752	3.72632	X	91564116	G	A	0.00019429570865967514	3.711536791402299
X:91564113:G:A	0.00207415	4.04386e-05	3.93752	3.72632	X	91564113	G	A	0.00019429570865967514	3.711536791402299
X:41646527:G:A	9.14528e-06	0.0627979	-8.83444	-3.72566	X	41646527	G	A	0.00019480483859269526	3.710400260249958
X:73283091:T:TAG	0.0293865	3.79349e-06	8.955	3.72552	X	73283091	T	TAG	0.00019491299689709755	3.7101592009413897
X:145620208:C:T	0.000140863	0.0168903	-4.78671	-3.72458	X	145620208	C	T	0.00019564066535129456	3.7085408688628982
X:26850501:G:A	1.52808e-05	0.00144489	-4.54919	-3.72457	X	26850501	G	A	0.00019564842020982511	3.708523654519884
X:34179208:T:C	5.53986e-06	0.00139449	-5.52832	-3.72446	X	34179208	T	C	0.00019573374271932798	3.708334299464105
X:34179962:A:C	5.53986e-06	0.00139449	-5.52832	-3.72446	X	34179962	A	C	0.00019573374271932798	3.708334299464105
X:129380637:G:A	5.08725e-06	0.197924	-10.5689	-3.72337	X	129380637	G	A	0.00019658110309307862	3.7064582322660407
X:115397673:A:ATG	3.8702e-05	0.000973792	-3.22531	-3.72246	X	115397673	A	ATG	0.0001972911712215055	3.7048923489879155
X:94867507:C:T	5.00559e-06	0.135381	-10.2053	-3.72226	X	94867507	C	T	0.00019744755284580406	3.704548244516192
X:129379713:A:C	5.10276e-06	0.197924	-10.5659	-3.72167	X	129379713	A	C	0.0001979095574787476	3.703533232271346
X:129379529:T:G	5.10276e-06	0.197924	-10.5659	-3.72167	X	129379529	T	G	0.0001979095574787476	3.703533232271346
X:129379940:A:T	5.10276e-06	0.197924	-10.5659	-3.72167	X	129379940	A	T	0.0001979095574787476	3.703533232271346
X:42818428:T:C	0.0155379	0.000219124	4.2614	3.72007	X	42818428	T	C	0.0001991675687869278	3.7007813779783283
X:100913383:T:TAC	0.000353531	0.0178656	-3.92266	-3.71968	X	100913383	T	TAC	0.00019947534586209914	3.700110773248883
X:122699687:G:T	3.07839e-05	0.00769566	-5.52142	-3.71884	X	122699687	G	T	0.0002001397686805928	3.6986666065038403
X:44935105:A:G	5.43564e-06	0.209548	-10.5597	-3.71824	X	44935105	A	G	0.00020061562878282834	3.6976352366707976
X:88371728:A:C	0.000362193	0.0112038	-3.43184	-3.71791	X	88371728	A	C	0.00020087780471786547	3.6970680464327623
X:69712781:A:G	4.39901e-06	0.16927	-10.5579	-3.71721	X	69712781	A	G	0.00020143500143285898	3.695865064028613
X:116779265:TA:T	0.102486	5.16327e-06	9.89591	3.71712	X	116779265	TA	T	0.00020150674626186088	3.6957104094967947
X:84494134:T:C	0.00100381	7.94054e-06	4.83957	3.71626	X	84494134	T	C	0.00020219351968554314	3.6942327676862114
X:27165631:T:C	6.86464e-05	0.011547	-5.12521	-3.71478	X	27165631	T	C	0.00020338055960735454	3.6916905620265963
X:69688081:T:G	0.000859895	6.81781e-06	4.83727	3.71427	X	69688081	T	G	0.00020379112154582266	3.690814740583022
X:137890834:G:A	0.00159697	1.90491e-05	4.42884	3.71402	X	137890834	G	A	0.00020399266163936874	3.690385455450826
X:137890707:G:A	0.00159697	1.90491e-05	4.42884	3.71402	X	137890707	G	A	0.00020399266163936874	3.690385455450826
X:4594048:A:G	0.00547948	0.000217465	3.22673	3.7135	X	4594048	A	G	0.00020441246491627744	3.6894926247834134
X:101993319:G:C	9.19167e-07	4.69638e-05	-3.93366	-3.71346	X	101993319	G	C	0.00020444479106711453	3.6894239501114905
X:43342019:T:A	0.000102812	0.00482157	-3.84796	-3.7126	X	43342019	T	A	0.00020514096589562155	3.687947603961855
X:43341853:T:G	0.000102812	0.00482157	-3.84796	-3.7126	X	43341853	T	G	0.00020514096589562155	3.687947603961855
X:139838947:CA:C	0.0305154	4.04441e-06	8.92865	3.71059	X	139838947	CA	C	0.00020677676605224138	3.6844982612365715
X:90301824:G:T	2.9064e-05	9.65878e-07	3.40422	3.71046	X	90301824	G	T	0.00020688298478642258	3.684275226672295
X:43342645:T:C	0.000103072	0.00482157	-3.84542	-3.71007	X	43342645	T	C	0.0002072019485687303	3.6836061647150866
X:75943390:GTT:G	0.000687256	2.71234e-05	3.23231	3.70546	X	75943390	GTT	G	0.00021100742967429238	3.675702252713015
X:100910585:T:TA	0.000420574	0.0195225	-3.8377	-3.70334	X	100910585	T	TA	0.0002127794010839265	3.67207041786475
X:15026979:TTCTCTC:T	0.00274509	6.63079e-06	6.02585	3.70302	X	15026979	TTCTCTC	T	0.00021304807916012471	3.6715223770416507
X:7272217:C:CATAT	5.98173e-06	0.000297401	-3.90637	-3.70239	X	7272217	C	CATAT	0.00021357797041043734	3.6704435448203623
X:117943050:C:G	0.000251032	0.0116338	-3.83609	-3.70163	X	117943050	C	G	0.0002142188513162733	3.6691423137917756
X:28920161:A:G	4.20459e-06	0.145702	-10.4531	-3.70152	X	28920161	A	G	0.00021431175985532803	3.6689539974129053
X:72439842:A:C	0.0130158	0.000436353	3.39547	3.70115	X	72439842	A	C	0.00021462454815827646	3.6683206061353895
X:79003788:G:A	1.3897e-05	0.00100283	-4.27891	-3.70092	X	79003788	G	A	0.00021481920013468074	3.667926904816559
X:4594355:A:G	0.00547948	0.000220319	3.21369	3.69927	X	4594355	A	G	0.00021622048440117503	3.6651031640322325
X:82629424:A:C	1.16139e-05	0.002353	-5.31124	-3.6981	X	82629424	A	C	0.0002172193181156002	3.6631015539546037
X:18553465:C:CGT	1.4277e-05	0.0935231	-8.78732	-3.69801	X	18553465	C	CGT	0.0002172963306512648	3.662947607279856
X:144730067:T:C	0.000102676	0.00737481	-4.27424	-3.69612	X	144730067	T	C	0.00021891952793124213	3.65971549702267
X:107783858:A:ATGTGTGTGTG	1.10741e-06	0.0285679	-10.158	-3.69555	X	107783858	A	ATGTGTGTGTG	0.00021941129358274208	3.6587410220920518
X:5725541:AAAAGAAAG:A	0.006629	0.00017185	3.65259	3.6943	X	5725541	AAAAGAAAG	A	0.00022049336039088515	3.656604483697347
X:93056672:C:CA	4.52572e-06	0.166922	-10.5155	-3.69352	X	93056672	C	CA	0.00022117110641531218	3.6552716094831044
X:34180888:AT:A	0.000557847	7.60063e-06	4.29585	3.69224	X	34180888	AT	A	0.00022228754470525033	3.6530848711621178
X:134431834:C:CA	2.2091e-05	0.00157988	-4.26993	-3.69169	X	134431834	C	CA	0.00022276888744988057	3.6521454640923574
X:37393868:G:A	0.161015	8.52056e-06	9.84677	3.68842	X	37393868	G	A	0.00022565095109457848	3.6465628316352747
X:91242129:A:T	0.000154475	0.00626709	-3.70304	-3.68728	X	91242129	A	T	0.00022666390838185785	3.6446176269332526
X:93060125:CA:C	0.000293458	2.47032e-06	4.77739	3.68716	X	93060125	CA	C	0.00022677078339096587	3.644412899644359
X:98742956:CTGTG:C	0.000943684	1.15741e-05	4.40102	3.68699	X	98742956	CTGTG	C	0.00022692227062396118	3.6441228794589873
X:26846567:C:A	1.62589e-05	0.00147627	-4.50863	-3.68643	X	26846567	C	A	0.00022742195945289276	3.643167602934253
X:122740210:T:C	5.86145e-05	0.0117083	-5.29707	-3.68613	X	122740210	T	C	0.0002276900745429931	3.642655900720651
X:129379251:T:C	5.44175e-06	0.197924	-10.5015	-3.68572	X	129379251	T	C	0.0002280569783184197	3.6419566342372733
X:87277210:T:A	5.66339e-05	0.00513641	-4.5075	-3.68537	X	87277210	T	A	0.00022837062783445563	3.6413597541464497
X:87276700:T:C	5.66339e-05	0.00513641	-4.5075	-3.68537	X	87276700	T	C	0.00022837062783445563	3.6413597541464497
X:87346715:G:C	4.48307e-05	0.0280856	-6.44012	-3.68497	X	87346715	G	C	0.00022872958016399258	3.6406776671760186
X:87346776:A:G	4.48307e-05	0.0280856	-6.44012	-3.68497	X	87346776	A	G	0.00022872958016399258	3.6406776671760186
X:87346497:T:G	4.48307e-05	0.0280856	-6.44012	-3.68497	X	87346497	T	G	0.00022872958016399258	3.6406776671760186
X:87346806:G:T	4.48307e-05	0.0280856	-6.44012	-3.68497	X	87346806	G	T	0.00022872958016399258	3.6406776671760186
X:27547890:T:TC	4.01501e-05	0.00139584	-3.54863	-3.68412	X	27547890	T	TC	0.00022949411280924153	3.63922845089907
X:26846722:G:A	1.58608e-05	0.0014365	-4.50611	-3.68406	X	26846722	G	A	0.00022954817034338037	3.6391261645095505
X:73208505:T:C	7.49218e-05	0.00225932	-3.40638	-3.68085	X	73208505	T	C	0.0002324577331820622	3.6336560015461417
X:139861769:T:TAC	1.05119e-05	0.263384	-10.1289	-3.67907	X	139861769	T	TAC	0.00023408601628010213	3.6306245292071737
X:129378993:G:A	5.49364e-06	0.197444	-10.4896	-3.67905	X	129378993	G	A	0.00023410437225186584	3.6305904751238507
X:129378625:A:G	5.49364e-06	0.197444	-10.4896	-3.67905	X	129378625	A	G	0.00023410437225186584	3.6305904751238507
X:33810062:A:AT	3.2014e-05	0.0043399	-4.90943	-3.67838	X	33810062	A	AT	0.00023472007841850856	3.629449758405701
X:109718404:G:A	0.000193547	0.0261861	-4.90746	-3.67654	X	109718404	G	A	0.0002364187987795758	3.6263179936044865
X:70365814:A:G	5.73861e-05	0.0355392	-6.42859	-3.67614	X	70365814	A	G	0.00023678960909737432	3.625637359426674
X:34193951:A:G	3.50861e-06	0.000831785	-5.46835	-3.67556	X	34193951	A	G	0.0002373282534871824	3.624650556754559
X:91558184:A:G	0.00320899	4.46033e-05	4.2759	3.67426	X	91558184	A	G	0.00023853973901715903	3.62243926023719
X:10767312:A:ATTTC	9.39882e-05	0.00841513	-4.49462	-3.67325	X	10767312	A	ATTTC	0.00023948497268767228	3.620721732702756
X:139847399:A:ACTAG	4.8638e-06	0.0305209	-8.74435	-3.67278	X	139847399	A	ACTAG	0.0002399260310205944	3.6199226302510126
X:90692424:C:T	2.22731e-05	0.00526199	-5.46488	-3.67273	X	90692424	C	T	0.00023997299694321215	3.6198376246981483
X:44929827:CT:C	0.317405	1.10899e-05	10.2619	3.67219	X	44929827	CT	C	0.000240480778826522	3.618919630238899
X:89133721:C:CATATATATATAT	1.59764e-05	0.00984173	-6.42327	-3.67207	X	89133721	C	CATATATATATAT	0.00024059375605812365	3.6187156477554816
X:154008477:CAA:C	8.75356e-05	3.60953e-06	3.18847	3.67175	X	154008477	CAA	C	0.0002408952721692593	3.6181717234178077
X:116779243:C:T	0.102486	5.5886e-06	9.81675	3.67089	X	116779243	C	T	0.00024170735425749107	3.6167101354224824
X:122732679:A:G	5.247e-05	0.0186135	-5.8714	-3.66988	X	122732679	A	G	0.00024266435775122466	3.6149940076346727
X:129377175:C:T	6.11456e-06	0.150418	-10.1105	-3.6687	X	129377175	C	T	0.00024378694328363123	3.612989557994573
X:73207515:A:C	7.57179e-05	0.00225932	-3.39581	-3.66848	X	73207515	A	C	0.00024399677696087093	3.612615910371736
X:87174888:AG:A	0.0664656	1.18081e-06	10.9382	3.66748	X	87174888	AG	A	0.0002449527035151572	3.610917762922347
X:79849152:CATAT:C	0.00527339	9.7491e-05	3.99067	3.66709	X	79849152	CATAT	C	0.00024532646621690734	3.610255596873375
X:82442477:A:G	0.00304811	4.36757e-07	8.85065	3.66639	X	82442477	A	G	0.0002459986645272507	3.609067250579629
X:82442197:C:T	0.00304811	4.36757e-07	8.85065	3.66639	X	82442197	C	T	0.0002459986645272507	3.609067250579629
X:82441904:C:T	0.00304811	4.36757e-07	8.85065	3.66639	X	82441904	C	T	0.0002459986645272507	3.609067250579629
X:82442667:A:C	0.00304811	4.36757e-07	8.85065	3.66639	X	82442667	A	C	0.0002459986645272507	3.609067250579629
X:82443080:T:C	0.00304811	4.36757e-07	8.85065	3.66639	X	82443080	T	C	0.0002459986645272507	3.609067250579629
X:29139349:T:TA	7.84297e-05	0.0104944	-4.8964	-3.66619	X	29139349	T	TA	0.000246191038284399	3.6087277600743644
X:29136124:CTT:C	0.00844682	6.65265e-05	4.84395	3.66508	X	29136124	CTT	C	0.00024726128008362315	3.60684388672238
X:84490604:G:T	1.98913e-06	0.0696553	-10.4636	-3.66452	X	84490604	G	T	0.0002478028766341284	3.605893656397901
X:139848781:C:T	4.93584e-06	0.0305209	-8.72964	-3.66416	X	139848781	C	T	0.00024815163321648375	3.6052828621367263
X:7181368:T:C	2.35283e-06	0.00016342	-4.24071	-3.66168	X	7181368	T	C	0.0002505667175455675	3.6010766162877608
X:85647827:C:CA	3.1998e-06	0.00194043	-6.40758	-3.66005	X	85647827	C	CA	0.0002521660383469564	3.598313404486523
X:133568377:C:G	3.46039e-05	0.000927201	-3.28821	-3.6599	X	133568377	C	G	0.0002523136951572558	3.5980591760785186
X:41647537:T:C	0.0627979	9.10321e-06	8.83905	3.65982	X	41647537	T	C	0.0002523924786076573	3.597923591376642
X:42818100:ATTC:A	0.0155378	0.000233421	4.19819	3.65864	X	42818100	ATTC	A	0.000253557217560608	3.5959240226545357
X:113288474:C:CTGTGTGTGTGTGTGTG	5.78944e-06	0.185775	-10.3763	-3.65693	X	113288474	C	CTGTGTGTGTGTGTGTG	0.00025525405001687536	3.593027358404513
X:115386965:A:AT	3.32119e-05	0.0200331	-6.40224	-3.65596	X	115386965	A	AT	0.0002562213082096933	3.591384755726851
X:85673540:G:A	2.66707e-06	0.0641255	-10.0876	-3.65577	X	85673540	G	A	0.0002564111732618459	3.59106305411329
X:27166574:A:T	7.33016e-05	0.011547	-5.0596	-3.65401	X	27166574	A	T	0.00025817620535687266	3.5880837866954787
X:129377919:A:C	5.74919e-06	0.197444	-10.4442	-3.65364	X	129377919	A	C	0.0002585487096031328	3.5874576254170996
X:129377714:A:G	5.74919e-06	0.197444	-10.4442	-3.65364	X	129377714	A	G	0.0002585487096031328	3.5874576254170996
X:100767301:G:A	0.00218283	9.1608e-05	3.17086	3.65254	X	100767301	G	A	0.00025965913308136616	3.5855963972087954
X:117365002:A:G	9.66966e-06	0.00107063	-4.70701	-3.65235	X	117365002	A	G	0.0002598513858055029	3.5852749627122855
X:26839173:G:A	0.000988555	5.66081e-05	2.86009	3.65227	X	26839173	G	A	0.0002599323742428965	3.585139626311089
X:55720559:G:A	3.08403e-07	8.19999e-06	-3.28048	-3.652	X	55720559	G	A	0.0002602058849839548	3.584682885379523
X:55716968:C:T	3.08403e-07	8.19999e-06	-3.28048	-3.652	X	55716968	C	T	0.0002602058849839548	3.584682885379523
X:55716201:G:A	3.08403e-07	8.19999e-06	-3.28048	-3.652	X	55716201	G	A	0.0002602058849839548	3.584682885379523
X:55718650:G:A	3.08403e-07	8.19999e-06	-3.28048	-3.652	X	55718650	G	A	0.0002602058849839548	3.584682885379523
X:55716320:T:C	3.08403e-07	8.19999e-06	-3.28048	-3.652	X	55716320	T	C	0.0002602058849839548	3.584682885379523
X:127331950:A:G	0.00240809	8.44309e-05	3.35066	3.65175	X	127331950	A	G	0.0002604593762498849	3.5842600038281724
X:100493380:C:T	0.000628746	0.0245603	-3.66516	-3.65146	X	100493380	C	T	0.0002607537161888948	3.5837694934140676
X:100493601:C:T	0.000628746	0.0245603	-3.66516	-3.65146	X	100493601	C	T	0.0002607537161888948	3.5837694934140676
X:82443383:A:G	5.041e-07	0.00304811	-8.70726	-3.65102	X	82443383	A	G	0.0002612008965402903	3.583025336731448
X:84824601:C:T	4.10056e-05	0.00365782	-4.49091	-3.65007	X	84824601	C	T	0.00026216885287350767	3.5814189061954163
X:116777403:AAAC:A	0.10186	5.80404e-06	9.77281	3.64523	X	116777403	AAAC	A	0.0002671527662280676	3.5732403245641158
X:37393601:G:A	0.15082	8.61231e-06	9.77065	3.64397	X	37393601	G	A	0.00026846472580506047	3.571112769162178
X:133559354:A:AG	0.000943468	3.33867e-05	3.34141	3.64337	X	133559354	A	AG	0.0002690915889400164	3.5700998768703096
X:86880700:G:A	2.04403e-06	0.0121892	-8.69338	-3.64287	X	86880700	G	A	0.0002696150226979453	3.5692559129785044
X:86880534:C:T	2.04403e-06	0.0121892	-8.69338	-3.64287	X	86880534	C	T	0.0002696150226979453	3.5692559129785044
X:86880685:A:G	2.04403e-06	0.0121892	-8.69338	-3.64287	X	86880685	A	G	0.0002696150226979453	3.5692559129785044
X:34188527:A:C	3.44927e-06	0.000785411	-5.42804	-3.64268	X	34188527	A	C	0.00026981417764828064	3.5689352336387556
X:85675718:A:T	2.73077e-06	0.0641255	-10.064	-3.64243	X	85675718	A	T	0.0002700764337233355	3.568513309742317
X:91562010:TAA:T	0.00285147	4.10678e-05	4.24037	3.64225	X	91562010	TAA	T	0.0002702654060257	3.568209540441263
X:87189541:A:AT	8.2596e-05	0.00488995	-4.08098	-3.64206	X	87189541	A	AT	0.00027046501124152784	3.567888909513309
X:23548414:T:G	0.000159647	0.00524517	-3.4921	-3.64103	X	23548414	T	G	0.0002715494887121008	3.5661510105834595
X:137891847:T:C	1.12801e-05	0.0669172	-8.68817	-3.63981	X	137891847	T	C	0.00027283928805321565	3.5640930923873464
X:127334001:G:A	8.00635e-05	0.00210137	-3.26753	-3.63874	X	127334001	G	A	0.0002739752296368323	3.5622887003851877
X:100492576:G:A	0.000637834	0.0245603	-3.65081	-3.63753	X	100492576	G	A	0.000275265138920654	3.560248786547306
X:100492497:C:T	0.000637834	0.0245603	-3.65081	-3.63753	X	100492497	C	T	0.000275265138920654	3.560248786547306
X:139871516:C:CTT	3.99677e-05	0.236016	-8.68358	-3.63712	X	139871516	C	CTT	0.00027570350510301575	3.559557712540502
X:26835675:A:C	2.05253e-05	0.0017678	-4.45584	-3.63677	X	26835675	A	C	0.00027607823769243634	3.5589678259669792
X:105762873:A:AT	3.19498e-06	0.000601556	-5.23794	-3.63616	X	105762873	A	AT	0.0002767324842141281	3.5579398582537136
X:100774597:C:T	0.00268862	0.000114544	3.15583	3.63614	X	100774597	C	T	0.0002767539595001973	3.5579061569829857
X:28917076:A:T	4.96118e-05	0.00538911	-4.68791	-3.63503	X	28917076	A	T	0.0002779482895767186	3.556035994155295
X:44895457:CT:C	0.198604	1.15175e-05	9.7552	3.63495	X	44895457	CT	C	0.00027803455375378775	3.5559012272039867
X:15905773:C:T	2.78099e-05	0.00301819	-4.68702	-3.63422	X	15905773	C	T	0.0002788228742044613	3.554671600253822
X:15905934:G:A	2.78099e-05	0.00301819	-4.68702	-3.63422	X	15905934	G	A	0.0002788228742044613	3.554671600253822
X:73219545:A:G	3.07411e-05	0.00127451	-3.72472	-3.63386	X	73219545	A	G	0.0002792124056763947	3.554065289497623
X:87193951:A:G	8.30481e-05	0.00487237	-4.07192	-3.63338	X	87193951	A	G	0.0002797325742792019	3.5532569579903144
X:74271828:T:C	0.000624487	1.85077e-05	3.51874	3.63319	X	74271828	T	C	0.00027993872510629475	3.5529370195879215
X:28229430:TAAATA:T	0.00532454	0.000225744	3.16068	3.63266	X	28229430	TAAATA	T	0.0002805145300983076	3.5520446382292743
X:24191947:A:G	2.09197e-05	0.00086569	-3.72283	-3.6319	X	24191947	A	G	0.00028134214971928283	3.5507651984455197
X:24183200:T:A	0.00102298	4.80774e-05	3.05766	3.6316	X	24183200	T	A	0.0002816694710710498	3.5502602217535717
X:93632291:G:C	0.0073272	0.000202795	3.58716	3.62964	X	93632291	G	C	0.00028381676745977585	3.5469619506680203
X:87196367:T:C	8.5182e-05	0.00497453	-4.0673	-3.62895	X	87196367	T	C	0.0002845763467138153	3.545801200241085
X:87195520:A:G	8.5182e-05	0.00497453	-4.0673	-3.62895	X	87195520	A	G	0.0002845763467138153	3.545801200241085
X:27171246:A:T	7.52162e-05	0.0115269	-5.03207	-3.62852	X	27171246	A	T	0.0002850506705934159	3.5450779329630326
X:116778599:T:C	5.25746e-06	0.160288	-10.3251	-3.62726	X	116778599	T	C	0.0002864448186627601	3.542959029048942
X:87192343:C:T	8.22392e-05	0.00479043	-4.06474	-3.62651	X	87192343	C	T	0.00028727769903085605	3.5416980863775422
X:91560065:A:C	0.00303738	4.45387e-05	4.22239	3.62605	X	91560065	A	C	0.00028778965427310785	3.5409248225358296
X:87429020:T:C	0.000193407	0.0164499	-4.44328	-3.62496	X	87429020	T	C	0.00028900617992695107	3.5390928704632523
X:87428759:G:C	0.000193407	0.0164499	-4.44328	-3.62496	X	87428759	G	C	0.00028900617992695107	3.5390928704632523
X:74265886:GTGAT:G	0.00114226	1.67807e-05	4.22053	3.62437	X	74265886	GTGAT	G	0.00028966667420322634	3.538101466971504
X:84496215:G:A	0.00100381	8.83224e-06	4.73315	3.62411	X	84496215	G	A	0.00028995818813636797	3.5376646226901016
X:123030887:A:ACTCTCTCTCTCTCT	6.22373e-06	0.202676	-10.391	-3.62392	X	123030887	A	ACTCTCTCTCTCTCT	0.00029017139132679035	3.5373454078919906
X:117364298:A:ATG	9.98339e-06	0.00107063	-4.67508	-3.6234	X	117364298	A	ATG	0.000290755646002777	3.536471843223612
X:69681854:G:A	0.114898	6.80818e-06	9.73368	3.62238	X	69681854	G	A	0.00029190488628879664	3.534758635157583
X:69681872:T:C	0.114898	6.80818e-06	9.73368	3.62238	X	69681872	T	C	0.00029190488628879664	3.534758635157583
X:26846284:G:A	1.83315e-05	0.00233847	-4.84863	-3.62152	X	26846284	G	A	0.00029287715847069255	3.5333144976832207
X:44937468:A:G	0.209548	4.06507e-06	10.8503	3.62136	X	44937468	A	G	0.00029305838067341614	3.5330458544626175
X:86547524:AACACAC:A	0.0985231	1.916e-06	10.8478	3.62007	X	86547524	AACACAC	A	0.000294523326742305	3.530880302662041
X:7258105:C:CATAG	1.82024e-06	0.0010474	-6.35509	-3.61986	X	7258105	C	CATAG	0.0002947624545522612	3.5305278356678236
X:87188091:A:G	8.29468e-05	0.00478927	-4.05593	-3.61806	X	87188091	A	G	0.00029681959417144293	3.5275074330437777
X:87188099:G:A	8.29468e-05	0.00478927	-4.05593	-3.61806	X	87188099	G	A	0.00029681959417144293	3.5275074330437777
X:128590203:C:CAA	2.60184e-06	0.0836583	-10.3783	-3.61681	X	128590203	C	CAA	0.0002982560664119806	3.52541071418753
X:146686004:T:A	2.77179e-05	0.00184277	-4.19695	-3.61673	X	146686004	T	A	0.0002983482219654444	3.52527654603137
X:28711751:TTTATATA:T	0.0120129	6.07048e-05	5.28771	3.61525	X	28711751	TTTATATA	T	0.0003000579174511864	3.522794909274503
X:87277691:T:A	0.0048992	5.81824e-05	4.43324	3.61428	X	87277691	T	A	0.00030118343411763876	3.5211689191551057
X:90285883:G:A	4.17424e-05	0.00359005	-4.45441	-3.6141	X	90285883	G	A	0.00030139272731257143	3.5208672315373994
X:85675613:T:C	2.75996e-06	0.0615077	-10.0117	-3.61287	X	85675613	T	C	0.0003028265469138024	3.5188060556157708
X:80330049:C:CAGGCTGTCA	9.70343e-07	0.0309769	-10.3711	-3.6128	X	80330049	C	CAGGCTGTCA	0.0003029083382073613	3.5186887716073745
X:80330107:T:TTCTC	9.70343e-07	0.0309769	-10.3711	-3.6128	X	80330107	T	TTCTC	0.0003029083382073613	3.5186887716073745
X:109873194:T:C	0.0204746	0.000186644	4.69774	3.61266	X	109873194	T	C	0.00030307198286123063	3.5184542096276363
X:15909495:A:AGTGTGTTTGT	0.00968326	2.62057e-05	5.91218	3.61212	X	15909495	A	AGTGTGTTTGT	0.00030370395951690815	3.5175495459640707
X:90284079:C:T	4.18319e-05	0.00359005	-4.45226	-3.61199	X	90284079	C	T	0.00030385628624239895	3.517331774448653
X:30818891:G:GGTGTGTGT	2.13887e-05	0.0121701	-6.34387	-3.61127	X	30818891	G	GGTGTGTGT	0.0003047012381993364	3.5161257809527555
X:5843856:T:C	0.00911174	0.0005406	2.82464	3.61079	X	5843856	T	C	0.0003052657613057984	3.5153219035618744
X:85676652:A:G	2.7712e-06	0.0615077	-10.0076	-3.61058	X	85676652	A	G	0.00030551304800636975	3.514970236956102
X:93054662:C:T	1.54005e-05	0.00336763	-5.38756	-3.60966	X	93054662	C	T	0.00030659861186194457	3.513429815763647
X:86880392:C:T	2.16413e-06	0.0121892	-8.63629	-3.60936	X	86880392	C	T	0.0003069533802774985	3.512927579655303
X:134421919:TTTTG:T	0.00122965	2.41102e-05	3.93185	3.60857	X	134421919	TTTTG	T	0.00030788944348059767	3.511605201375203
X:73203501:A:G	8.09372e-05	0.00229452	-3.3446	-3.60856	X	73203501	A	G	0.0003079013094945038	3.511588464052217
X:116779265:T:TA	7.8389e-06	0.00042425	-3.99123	-3.60817	X	116779265	T	TA	0.00030836441817379306	3.5109357404858508
X:87169576:CT:C	0.000125927	1.15548e-06	4.69119	3.60654	X	87169576	CT	C	0.0003103070433132338	3.508208366738243
X:5140186:C:T	6.76652e-06	0.199032	-10.2892	-3.60648	X	5140186	C	T	0.0003103787691695238	3.508107993431463
X:87189924:A:G	8.40124e-05	0.00479005	-4.04333	-3.60599	X	87189924	A	G	0.0003109651116168105	3.5072883334240994
X:87189614:C:T	8.40124e-05	0.004789	-4.04311	-3.60578	X	87189614	C	T	0.00031121671857054417	3.5069370807443523
X:87189123:C:A	8.40306e-05	0.00478927	-4.04295	-3.60563	X	87189123	C	A	0.00031139655450467175	3.506686197059764
X:87188908:G:GT	8.40306e-05	0.00478927	-4.04295	-3.60563	X	87188908	G	GT	0.00031139655450467175	3.506686197059764
X:87191586:A:T	8.40532e-05	0.00479043	-4.04293	-3.6056	X	87191586	A	T	0.0003114325333646927	3.506636021431509
X:131950249:C:CATCTATCTATCT	2.23175e-06	0.0655354	-10.2876	-3.60551	X	131950249	C	CATCTATCTATCT	0.0003115404932981416	3.5064854967640633
X:100108516:G:GTA	3.05616e-05	0.170949	-8.62938	-3.6053	X	100108516	G	GTA	0.0003117925360874874	3.5061342854743627
X:45105820:T:G	6.74386e-06	0.21224	-10.3568	-3.60483	X	45105820	T	G	0.0003123573237852426	3.5053483067750144
X:87192774:T:C	8.24609e-05	0.00469235	-4.04136	-3.6041	X	87192774	T	C	0.00031323644673162337	3.504127711194171
X:87190715:G:GA	8.41987e-05	0.00479043	-4.0412	-3.60394	X	87190715	G	GA	0.0003134294404563788	3.5038602126305296
X:87191005:A:G	8.41987e-05	0.00479043	-4.0412	-3.60394	X	87191005	A	G	0.0003134294404563788	3.5038602126305296
X:93048643:G:A	2.06165e-05	0.00372849	-5.19766	-3.60212	X	93048643	G	A	0.00031563259340021833	3.500818156277002
X:15903143:T:G	2.64686e-05	0.00277266	-4.6516	-3.60212	X	15903143	T	G	0.00031563259340021833	3.500818156277002
X:96334527:G:A	4.77102e-06	0.104299	-9.99245	-3.602	X	96334527	G	A	0.00031577836449603753	3.500617628925146
X:147564230:T:G	0.000707549	0.0319855	-3.81123	-3.60133	X	147564230	T	G	0.0003165934120635113	3.4994981265369356
X:37400450:C:A	0.161018	9.90461e-06	9.69627	3.60053	X	37400450	C	A	0.0003175691826858214	3.4981616486846887
X:84738996:A:ACTCTCTCTCTCT	2.30199e-06	0.0501088	-9.98818	-3.59958	X	84738996	A	ACTCTCTCTCTCT	0.0003187315666993559	3.496574922517958
X:77034764:C:T	7.61928e-07	0.0237189	-10.3459	-3.59873	X	77034764	C	T	0.0003197749691910847	3.495155534234685
X:77034763:G:A	7.61928e-07	0.0237189	-10.3459	-3.59873	X	77034763	G	A	0.0003197749691910847	3.495155534234685
X:129382154:GA:G	0.197924	4.00982e-06	10.8069	3.59862	X	129382154	GA	G	0.00031991023116159363	3.4949718703692505
X:85679202:A:G	2.95256e-06	0.0641255	-9.98592	-3.59831	X	85679202	A	G	0.00032029171217970323	3.494454298929652
X:85678713:T:A	2.95256e-06	0.0641255	-9.98592	-3.59831	X	85678713	T	A	0.00032029171217970323	3.494454298929652
X:28946384:A:C	0.00196981	3.90606e-05	3.92058	3.59735	X	28946384	A	C	0.0003214757755248885	3.492851747319046
X:82538719:C:T	0.00182438	9.42022e-06	5.26614	3.5969	X	82538719	C	T	0.0003220322144836981	3.492100681494508
X:107783358:C:CTT	1.07042e-06	0.0331702	-10.3414	-3.59618	X	107783358	C	CTT	0.00032292439225717844	3.4908991490906307
X:48032343:T:C	2.9753e-05	0.00118966	-3.68849	-3.59611	X	48032343	T	C	0.00032301125504657604	3.490782344791308
X:27542878:G:C	3.26939e-05	0.001125	-3.53835	-3.59585	X	27542878	G	C	0.00032333407976572673	3.490348517862401
X:144651600:C:T	0.0178643	0.000704152	3.23357	3.59529	X	144651600	C	T	0.00032403042046671613	3.4894142156555565
X:150760931:CAA:C	0.00109138	0.0375247	-3.53755	-3.59502	X	150760931	CAA	C	0.0003243666574385014	3.488963794518499
X:87009332:TAAC:T	0.0701596	4.37355e-06	9.68295	3.59275	X	87009332	TAAC	T	0.00032720648013562204	3.4851781039638112
X:26821732:G:T	1.97161e-05	0.00220474	-4.71693	-3.59217	X	26821732	G	T	0.0003279357966186939	3.4842111742868918
X:26830616:G:A	1.96962e-05	0.00220043	-4.71598	-3.59134	X	26830616	G	A	0.0003289821202322016	3.4828277047719105
X:9422371:A:T	0.00594469	0.000180383	3.49517	3.59039	X	9422371	A	T	0.0003301835536456173	3.4812445626263364
X:103288684:CA:C	0.00710066	1.97459e-05	5.885	3.59039	X	103288684	CA	C	0.0003301835536456173	3.4812445626263364
X:34029213:A:G	1.31489e-05	0.00234408	-5.18331	-3.58999	X	34029213	A	G	0.0003306906476678859	3.480578087286672
X:28076649:T:TTA	0.00560199	5.12836e-05	4.69351	3.58979	X	28076649	T	TTA	0.00033094446788420865	3.480244874244737
X:44895474:T:A	1.09736e-05	0.313539	-10.2602	-3.58963	X	44895474	T	A	0.000331147655305805	3.479978315632511
X:44895841:C:CT	1.0994e-05	0.313539	-10.2583	-3.58856	X	44895841	C	CT	0.0003325094748178615	3.4781959750150495
X:44896165:C:T	1.0994e-05	0.313539	-10.2583	-3.58856	X	44896165	C	T	0.0003325094748178615	3.4781959750150495
X:24176430:A:AT	0.00149563	6.65598e-05	3.1122	3.58855	X	24176430	A	AT	0.00033252222678474856	3.4781793198425524
X:129377117:C:T	6.46209e-06	0.197444	-10.3273	-3.5883	X	129377117	C	T	0.00033284117472246534	3.4777629538697297
X:55717089:C:T	8.19999e-06	3.08403e-07	3.28048	3.58814	X	55717089	C	T	0.000333045451610949	3.477496493109824
X:55720687:CA:C	8.19999e-06	3.08403e-07	3.28048	3.58814	X	55720687	CA	C	0.000333045451610949	3.477496493109824
X:100771712:A:G	0.00267742	0.000119212	3.11171	3.58801	X	100771712	A	G	0.00033321151295828374	3.4772800014793166
X:85690315:G:C	7.13899e-06	0.000295379	-3.72269	-3.58768	X	85690315	G	C	0.00033363340133236785	3.4767304769546086
X:44932891:C:CT	6.86823e-06	0.209549	-10.3258	-3.58748	X	44932891	C	CT	0.000333889334458542	3.4763974535415607
X:116777994:G:C	5.26678e-06	0.149728	-10.2552	-3.58672	X	116777994	G	C	0.0003348635566889208	3.475132114299812
X:127337672:G:GATGT	0.00209562	7.89477e-05	3.27882	3.58663	X	127337672	G	GATGT	0.00033497910108328015	3.4749822871939973
X:19838059:A:AAAC	6.80894e-06	0.1934	-10.2543	-3.58621	X	19838059	A	AAAC	0.00033551880166992286	3.4742831379906454
X:129378423:T:A	5.60375e-06	0.17018	-10.3212	-3.58489	X	129378423	T	A	0.0003372203049155102	3.472086283254681
X:82536098:A:G	6.4273e-06	0.00205253	-5.76628	-3.58488	X	82536098	A	G	0.00033723322584952375	3.4720696431450584
X:116554960:C:T	4.73989e-05	0.00150028	-3.45481	-3.58434	X	116554960	C	T	0.00033793164455243115	3.471171138171773
X:95495671:T:C	8.92261e-05	0.0284695	-5.76541	-3.58419	X	95495671	T	C	0.00033812588978310374	3.4709215746957254
X:100909599:G:A	0.000458782	0.0190379	-3.72561	-3.58411	X	100909599	G	A	0.00033822952994864075	3.4707884779509213
X:87428483:G:A	0.000201996	0.0164499	-4.39983	-3.5841	X	87428483	G	A	0.0003382424870589208	3.470771841042504
X:87428604:A:G	0.000201996	0.0164499	-4.39983	-3.5841	X	87428604	A	G	0.0003382424870589208	3.470771841042504
X:7177481:T:A	3.15214e-06	0.000202904	-4.16465	-3.58356	X	7177481	T	A	0.0003389428610570093	3.469873508933173
X:85644215:G:A	3.23076e-06	0.0683242	-9.9593	-3.58326	X	85644215	G	A	0.0003393325437621177	3.469374487249829
X:22755692:A:G	0.00169585	0.0753413	-3.79384	-3.58286	X	22755692	A	G	0.00033985277274719666	3.4687091824611693
X:22755693:A:C	0.00169585	0.0753413	-3.79384	-3.58286	X	22755693	A	C	0.00033985277274719666	3.4687091824611693
X:27159432:G:A	0.0154923	0.000145894	4.66522	3.58225	X	27159432	G	A	0.00034064755875272103	3.4676947190804364
X:127542596:G:T	1.71498e-05	1.58374e-07	4.68478	3.58224	X	127542596	G	T	0.000340660602506733	3.4676780898054225
X:127542334:T:A	1.71498e-05	1.58374e-07	4.68478	3.58224	X	127542334	T	A	0.000340660602506733	3.4676780898054225
X:127543229:A:G	1.71498e-05	1.58374e-07	4.68478	3.58224	X	127543229	A	G	0.000340660602506733	3.4676780898054225
X:84498129:C:G	0.000968094	8.94412e-06	4.68433	3.58185	X	84498129	C	G	0.0003411696735339227	3.4670295800901583
X:86881527:CT:C	0.0121892	2.02893e-06	8.7008	3.58148	X	86881527	CT	C	0.0003416532961643176	3.4664143849835325
X:84496412:G:A	0.000967482	8.94412e-06	4.6837	3.5813	X	84496412	G	A	0.00034188880386851623	3.466115121191525
X:72442007:A:C	0.011588	0.000434904	3.2826	3.58112	X	72442007	A	C	0.00034212446343793226	3.465815870695822
X:134418471:A:G	1.91574e-05	0.00122946	-4.16164	-3.58047	X	134418471	A	G	0.00034297672210562675	3.4647353546048514
X:114425522:G:T	8.819e-06	0.000972869	-4.70334	-3.58029	X	114425522	G	T	0.0003432130831112242	3.4644361654191558
X:114422713:G:C	8.819e-06	0.000972869	-4.70334	-3.58029	X	114422713	G	C	0.0003432130831112242	3.4644361654191558
X:122713165:T:A	7.32437e-06	0.220466	-10.3123	-3.57993	X	122713165	T	A	0.0003436862623303668	3.4638378269356678
X:28946607:A:G	0.0017863	4.05391e-05	3.78563	3.57947	X	28946607	A	G	0.000344291768332107	3.463073360712926
X:28945266:G:A	0.0019625	3.9693e-05	3.9008	3.57768	X	28945266	G	A	0.00034665748641988576	3.4600994163342773
X:78706678:T:TTCAGAGAA	0.000299865	1.34797e-05	3.10214	3.57757	X	78706678	T	TTCAGAGAA	0.00034680336052817754	3.4599167028573823
X:78706711:T:A	0.000299865	1.34797e-05	3.10214	3.57757	X	78706711	T	A	0.00034680336052817754	3.4599167028573823
X:28074152:G:A	0.00612065	5.34136e-05	4.74136	3.57683	X	28074152	G	A	0.00034778618885390684	3.458687668519714
X:107793386:G:A	0.000103213	9.78734e-07	4.65829	3.57576	X	107793386	G	A	0.000349211913451076	3.456910948649725
X:136383813:CCTTTCTTT:C	0.0269286	4.52903e-06	8.69044	3.57561	X	136383813	CCTTTCTTT	C	0.0003494122177333747	3.4566619133158323
X:90281253:G:T	4.83906e-05	0.00700158	-4.97458	-3.57528	X	90281253	G	T	0.00034985326548956123	3.4561140680788993
X:28722457:G:A	6.85789e-05	0.0216077	-5.75282	-3.57401	X	28722457	G	A	0.00035155549382848405	3.4540061108682876
X:5128242:C:CGT	4.972e-06	0.103383	-9.94237	-3.5737	X	5128242	C	CGT	0.00035197217297400945	3.4534916706171805
X:15911625:T:C	3.22179e-05	0.00326838	-4.61953	-3.57304	X	15911625	T	C	0.000352860835361263	3.452396542066165
X:53939722:T:C	3.59248e-05	0.0113055	-5.75162	-3.57303	X	53939722	T	C	0.00035287431606707056	3.4523799505838415
X:73202024:A:G	8.34351e-05	0.0022942	-3.31407	-3.57283	X	73202024	A	G	0.0003531440313567696	3.4520481295536176
X:15093679:G:A	4.78983e-05	0.0017248	-3.58379	-3.5725	X	15093679	G	A	0.0003535894831501098	3.4515006607341854
X:82444164:G:A	5.76608e-07	0.00304811	-8.57287	-3.57214	X	82444164	G	A	0.0003540760298702052	3.4509034729805563
X:37397023:G:A	7.76518e-06	0.161016	-9.93961	-3.57214	X	37397023	G	A	0.0003540760298702052	3.4509034729805563
X:37397866:A:ATTG	7.76518e-06	0.161016	-9.93961	-3.57214	X	37397866	A	ATTG	0.0003540760298702052	3.4509034729805563
X:82444170:C:T	5.76608e-07	0.00304811	-8.57287	-3.57214	X	82444170	C	T	0.0003540760298702052	3.4509034729805563
X:84498821:GCACACA:G	0.000593416	8.0377e-06	4.30175	3.57132	X	84498821	GCACACA	G	0.0003551866135564299	3.4495434104838854
X:87188414:T:C	8.53177e-05	0.00469115	-4.00705	-3.57123	X	87188414	T	C	0.0003553087050899075	3.4493941521329665
X:87190075:T:G	8.53827e-05	0.00469191	-4.00645	-3.57065	X	87190075	T	G	0.00035609645916428605	3.448432344699959
X:26846456:T:G	1.85028e-05	0.00223302	-4.79319	-3.56967	X	26846456	T	G	0.0003574312044497694	3.446807535409631
X:87189341:C:G	8.54579e-05	0.00469113	-4.00541	-3.56965	X	87189341	C	G	0.0003574584928017093	3.4467743801390514
X:85679020:C:T	2.98424e-06	0.0615077	-9.93357	-3.56873	X	85679020	C	T	0.00035871586514723777	3.4452494150900486
X:85677736:G:A	2.98424e-06	0.0615077	-9.93357	-3.56873	X	85677736	G	A	0.00035871586514723777	3.4452494150900486
X:87190576:C:A	8.5588e-05	0.00469229	-4.00413	-3.56843	X	87190576	C	A	0.00035912677129472105	3.4447522189557884
X:149410709:C:T	0.0242674	6.93686e-05	5.85745	3.56836	X	149410709	C	T	0.0003592227127085701	3.4446362118372584
X:77035710:C:T	8.04646e-07	0.0237189	-10.2914	-3.56824	X	77035710	C	T	0.0003593872394684733	3.4444373471680914
X:73200361:A:C	8.38845e-05	0.0022942	-3.3087	-3.56654	X	73200361	A	C	0.0003617256183027116	3.441620732340087
X:90285719:G:A	4.22818e-05	0.00346458	-4.40599	-3.5664	X	90285719	G	A	0.0003619188233851534	3.441388828663806
X:144729936:C:T	0.000116575	0.00737481	-4.14729	-3.56573	X	144729936	C	T	0.00036284478433759116	3.4402791152438237
X:144730916:G:GA	6.30778e-05	0.00902671	-4.96357	-3.56508	X	144730916	G	GA	0.0003637452212361659	3.4392027035851327
X:100772573:T:TTTGTTTTATTGATCTTTTGTA	0.00267742	0.000121765	3.09051	3.56488	X	100772573	T	TTTGTTTTATTGATCTTTTGTA	0.0003640226988092492	3.4388715348667485
X:15093133:A:G	4.78983e-05	0.0017113	-3.57593	-3.56487	X	15093133	A	G	0.00036403657788183893	3.43885497686156
X:15093309:G:C	4.78983e-05	0.0017113	-3.57593	-3.56487	X	15093309	G	C	0.00036403657788183893	3.43885497686156
X:35269590:C:T	0.00019367	1.14088e-05	2.83177	3.56484	X	35269590	C	T	0.00036407821806835265	3.4388053030921255
X:85684452:CA:C	0.117564	4.9452e-06	10.0763	3.56422	X	85684452	CA	C	0.0003649397796466509	3.437778794515803
X:87186699:C:G	1.65354e-05	0.00883875	-6.2814	-3.56343	X	87186699	C	G	0.0003660403379304437	3.4364710523780233
X:131950473:A:G	2.46523e-06	0.0720252	-10.2825	-3.56327	X	131950473	A	G	0.0003662636133652113	3.4362062243865936
X:87280128:C:T	6.20004e-05	0.00493487	-4.37694	-3.56257	X	87280128	C	T	0.0003672419414090507	3.4350477253946967
X:34195244:C:T	4.05925e-06	0.000837526	-5.32945	-3.56226	X	34195244	C	T	0.00036767598108732475	3.4345347400575648
X:34195818:T:G	4.05977e-06	0.000837526	-5.32932	-3.56216	X	34195818	T	G	0.0003678160961659506	3.434369269325529
X:27544444:G:T	3.33528e-05	0.00110853	-3.50365	-3.55984	X	27544444	G	T	0.0003710808136540721	3.4305314998133642
X:4966047:C:CAAACA	3.756e-05	0.0116267	-5.73512	-3.5597	X	4966047	C	CAAACA	0.0003712786865989194	3.4302999809062285
X:27548064:G:A	4.78672e-05	0.00159047	-3.50336	-3.55954	X	27548064	G	A	0.0003715049478889031	3.4300353977135325
X:146681283:C:CTTAT	1.30847e-05	0.354906	-10.2082	-3.55947	X	146681283	C	CTTAT	0.0003716039777318141	3.4299196458685692
X:34201563:C:G	0.00108239	1.70898e-05	4.14845	3.55943	X	34201563	C	G	0.00037166057729287074	3.429853502859525
X:34201088:CA:C	0.00108239	1.70898e-05	4.14845	3.55943	X	34201088	CA	C	0.00037166057729287074	3.429853502859525
X:34200966:G:A	0.00108239	1.70898e-05	4.14845	3.55943	X	34200966	G	A	0.00037166057729287074	3.429853502859525
X:73198691:G:T	8.78736e-05	0.00238736	-3.30204	-3.55875	X	73198691	G	T	0.0003726240037299395	3.4287291721137394
X:114908141:T:G	4.19086e-05	0.0129554	-5.73378	-3.55861	X	114908141	T	G	0.00037282264582482193	3.428497715797517
X:82604063:C:T	4.22198e-07	1.83215e-05	-3.77036	-3.55792	X	82604063	C	T	0.0003738031146498389	3.4273570842584102
X:34199842:T:C	0.00107952	1.70898e-05	4.14578	3.55703	X	34199842	T	C	0.0003750713371411463	3.425886123258141
X:34200340:G:T	0.00107952	1.70898e-05	4.14578	3.55703	X	34200340	G	T	0.0003750713371411463	3.425886123258141
X:122712503:T:TAAATAAAATA	6.26198e-06	0.126304	-9.91195	-3.55651	X	122712503	T	TAAATAAAATA	0.0003758141814306157	3.4250268357286906
X:29142698:A:AT	8.61135e-05	0.010247	-4.77907	-3.55647	X	29142698	A	AT	0.0003758713802250118	3.42496074128151
X:8095636:ATGTG:A	0.00588544	0.000270009	3.08178	3.55536	X	8095636	ATGTG	A	0.0003774618967084714	3.4231268821393104
X:27181558:G:A	0.00884316	8.57133e-05	4.63639	3.55528	X	27181558	G	A	0.0003775767712297006	3.4229947316331586
X:73285924:A:T	5.7263e-06	0.0293917	-8.5434	-3.55484	X	73285924	A	T	0.00037820916543694215	3.4222679507674028
X:73285290:A:C	5.7263e-06	0.0293917	-8.5434	-3.55484	X	73285290	A	C	0.00037820916543694215	3.4222679507674028
X:73285291:G:A	5.7263e-06	0.0293917	-8.5434	-3.55484	X	73285291	G	A	0.00037820916543694215	3.4222679507674028
X:82536867:A:T	6.67547e-06	0.00205253	-5.72839	-3.55425	X	82536867	A	T	0.00037905870248645485	3.421293528312199
X:144654361:G:C	0.0160609	0.000661332	3.18988	3.5542	X	144654361	G	C	0.0003791307790731417	3.4212109566998827
X:91563106:C:G	0.0027012	4.2906e-05	4.14244	3.55402	X	91563106	C	G	0.0003793903608659681	3.4209137073848876
X:91563382:T:G	0.0027012	4.2906e-05	4.14244	3.55402	X	91563382	T	G	0.0003793903608659681	3.4209137073848876
X:97229326:A:AT	0.000149485	6.26421e-06	3.17234	3.55326	X	97229326	A	AT	0.00038048820539205585	3.4196588012128255
X:152403569:CGT:C	0.0225852	0.000791832	3.3507	3.55266	X	152403569	CGT	C	0.0003813570214006489	3.4186682531365884
X:34204683:AT:A	0.00122961	1.95814e-05	4.13988	3.55171	X	34204683	AT	A	0.0003827364397601822	3.4171001872832614
X:34179373:C:T	0.000557847	8.89747e-06	4.13832	3.5503	X	34179373	C	T	0.0003847923862839783	3.41477352974121
X:104931947:A:AGTGTGTGT	6.83133e-06	0.0347025	-8.53305	-3.54876	X	104931947	A	AGTGTGTGT	0.00038704967831503623	3.412233289158244
X:41208110:G:A	1.39895e-05	0.00087027	-4.1305	-3.54848	X	41208110	G	A	0.0003874614222401706	3.4117715317183297
X:109881216:A:G	0.0371913	0.000203744	5.20696	3.54658	X	109881216	A	G	0.00039026623000792526	3.4086390268784443
X:15910932:C:CAAA	3.31838e-05	0.00326933	-4.59028	-3.54653	X	15910932	C	CAAA	0.0003903402963161407	3.4085566125302043
X:55731344:A:G	2.01882e-06	0.0534795	-10.1845	-3.54577	X	55731344	A	G	0.00039146772264269953	3.4073040406457626
X:93047048:A:G	2.69731e-05	0.0045614	-5.13055	-3.5454	X	93047048	A	G	0.00039201770186609474	3.406694321629576
X:26836775:G:A	1.87861e-05	0.00199097	-4.66326	-3.54523	X	26836775	G	A	0.00039227063702139235	3.4064141992802135
X:86880083:G:A	0.0121892	2.16413e-06	8.63629	3.54493	X	86880083	G	A	0.0003927173652147765	3.405919894629215
X:86879729:G:GAGGTC	0.0121892	2.16413e-06	8.63629	3.54493	X	86879729	G	GAGGTC	0.0003927173652147765	3.405919894629215
X:84492604:G:C	6.46181e-06	0.0010916	-5.12949	-3.54451	X	84492604	G	C	0.0003933435833588874	3.405227930113021
X:85931615:C:A	0.0168809	0.000239907	4.25369	3.54385	X	85931615	C	A	0.00039432952585742977	3.4041407034317777
X:136411522:A:T	0.00642321	9.13055e-05	4.25346	3.54362	X	136411522	A	T	0.0003946736540998462	3.4037618633712508
X:136413057:A:AT	0.00642321	9.13055e-05	4.25346	3.54362	X	136413057	A	AT	0.0003946736540998462	3.4037618633712508
X:87345329:A:G	4.89552e-05	0.025475	-6.25455	-3.54288	X	87345329	A	G	0.00039578275403364803	3.4025431338062306
X:127536851:T:C	9.88318e-07	0.00496728	-8.52238	-3.5425	X	127536851	T	C	0.00039635342284743437	3.4019173869537798
X:82153175:TA:T	0.00141113	4.16888e-06	5.8245	3.54201	X	82153175	TA	T	0.0003970904201192607	3.4011105902454304
X:73199209:G:T	8.57791e-05	0.00229682	-3.28751	-3.54174	X	73199209	G	T	0.0003974970675972155	3.400666070859198
X:84491797:T:C	8.47657e-06	0.00170451	-5.30373	-3.54128	X	84491797	T	C	0.0003981907706405843	3.399908810371687
X:27627537:TTGTGTG:T	0.00108835	5.05884e-05	3.06869	3.54108	X	27627537	TTGTGTG	T	0.00039849273331525115	3.3995795937405475
X:87186481:T:A	1.70453e-05	0.00883875	-6.25102	-3.54018	X	87186481	T	A	0.00039985421475600817	3.398098321840967
X:100085875:A:G	1.18545e-05	0.310878	-10.1745	-3.53992	X	100085875	A	G	0.0004002483399415306	3.397670460672193
X:37400760:G:C	9.13162e-06	0.239123	-10.173	-3.53907	X	37400760	G	C	0.000401539360345307	3.396271877177484
X:34032016:C:T	1.38918e-05	0.0023307	-5.12263	-3.53871	X	34032016	C	T	0.00040208731733831993	3.3956796252230017
X:42815258:C:T	0.000226498	0.0180378	-4.37749	-3.53831	X	42815258	C	T	0.00040269697771355185	3.395021629809635
X:78705185:A:G	0.000294438	1.25213e-05	3.15763	3.53793	X	78705185	A	G	0.00040327695484902205	3.3943965949223642
X:7272217:C:CATATATATAT	4.71858e-06	0.0919776	-9.87779	-3.53721	X	7272217	C	CATATATATAT	0.0004043779994380973	3.3932124806343134
X:70363244:CT:C	0.000419856	1.63095e-05	3.24816	3.53613	X	70363244	CT	C	0.0004060348328249664	3.391436707667221
X:79486001:G:A	9.47509e-05	0.00922675	-4.57861	-3.53595	X	79486001	G	A	0.00040631158746897176	3.391140791992873
X:21859169:AT:A	0.0111661	0.000110601	4.6147	3.53499	X	21859169	AT	A	0.0004077905906180927	3.3895627993763817
X:41206627:C:G	1.18384e-05	0.000726124	-4.11637	-3.53398	X	41206627	C	G	0.00040935205273706193	3.387903027455579
X:84920816:G:T	4.86435e-05	0.00148104	-3.41598	-3.53367	X	84920816	G	T	0.0004098324323754022	3.3873936763781223
X:29138489:C:T	9.04174e-05	0.0104944	-4.75416	-3.53317	X	29138489	C	T	0.0004106083479325818	3.3865722253887065
X:44895074:TTTTATTTA:T	0.169706	1.17167e-05	9.58081	3.5331	X	44895074	TTTTATTTA	T	0.0004107170855397743	3.3864572304278044
X:34173596:G:A	9.49597e-06	0.00189019	-5.29357	-3.53299	X	34173596	G	A	0.00041088801326572705	3.3862765281187164
X:34172987:C:T	9.49597e-06	0.00189019	-5.29357	-3.53299	X	34172987	C	T	0.00041088801326572705	3.3862765281187164
X:29137678:C:A	9.04432e-05	0.0104944	-4.75388	-3.53291	X	29137678	C	A	0.00041101236606892603	3.386145111372822
X:100767215:G:T	0.00205196	9.61493e-05	3.06065	3.5323	X	100767215	G	T	0.0004119617127258724	3.38514314494878
X:7169979:G:A	4.72024e-06	0.000288906	-4.11424	-3.53179	X	7169979	G	A	0.0004127570003458871	3.3843055523818033
X:27539733:CA:C	0.000564934	2.34957e-05	3.17989	3.53062	X	27539733	CA	C	0.00041458690516359804	3.3823844193309247
X:85697483:G:T	1.51622e-05	0.000450244	-3.39098	-3.53056	X	85697483	G	T	0.00041468095037285854	3.382285914811948
X:4592852:A:G	0.00463494	0.000217683	3.05834	3.52978	X	4592852	A	G	0.0004159053525952245	3.381005490340497
X:4592678:T:C	0.00463494	0.000217683	3.05834	3.52978	X	4592678	T	C	0.0004159053525952245	3.381005490340497
X:137889935:A:AAAT	0.00146505	2.11286e-05	4.23902	3.52959	X	137889935	A	AAAT	0.00041620411538584567	3.3806936298415295
X:26853793:C:T	1.78304e-05	0.00245485	-4.92492	-3.52928	X	26853793	C	T	0.0004166920007945639	3.38018483658166
X:96230935:T:G	1.65628e-05	0.00053445	-3.47408	-3.52916	X	96230935	T	G	0.00041688100301659963	3.3799878949265705
X:27542054:C:T	3.28187e-05	0.00105775	-3.4729	-3.52794	X	27542054	C	T	0.0004188070754944764	3.3779859897862927
X:29139526:A:G	8.53067e-05	0.00984436	-4.7484	-3.52779	X	29139526	A	G	0.00041904446054346614	3.377739896021021
X:93060338:C:T	2.13636e-06	0.000293458	-4.92263	-3.52717	X	93060338	C	T	0.00042002698576330057	3.3767228062887678
X:93060391:T:C	2.13636e-06	0.000293458	-4.92263	-3.52717	X	93060391	T	C	0.00042002698576330057	3.3767228062887678
X:137890816:C:CTA	0.00184764	1.84656e-05	4.60575	3.52663	X	137890816	C	CTA	0.00042088448595267063	3.375837082304538
X:73334294:AT:A	0.00101796	3.66175e-05	3.32503	3.52603	X	73334294	AT	A	0.0004218391811444552	3.3748530847089975
X:15910045:A:C	3.39587e-05	0.00326933	-4.5672	-3.5256	X	15910045	A	C	0.00042252462289107067	3.3741479771897285
X:118401996:G:A	0.000475881	1.65487e-05	3.35886	3.5244	X	118401996	G	A	0.0004244429886735984	3.372180636084937
X:5844926:TAA:T	0.0102338	0.000483409	3.05258	3.52351	X	5844926	TAA	T	0.00042587102609054794	3.3707219059159916
X:35282182:C:G	0.00304725	5.2619e-05	4.05892	3.52331	X	35282182	C	G	0.0004261925501249154	3.370394146052877
X:153221587:C:T	9.41993e-05	0.00571439	-4.10533	-3.52264	X	153221587	C	T	0.000427271307875171	3.369296269948689
X:146178444:T:C	9.6621e-05	0.00585514	-4.10428	-3.52156	X	146178444	T	C	0.0004290155694795801	3.3675269464717545
X:132560036:T:A	0.00208855	2.09967e-05	4.59986	3.52111	X	132560036	T	A	0.00042974430547059643	3.366789869426442
X:127390945:G:GA	2.88616e-05	0.00276429	-4.56203	-3.52092	X	127390945	G	GA	0.0004300523408672375	3.3664786840332783
X:145173722:A:G	0.00290581	0.11353	-3.66535	-3.52	X	145173722	A	G	0.0004315467985894347	3.364972100836173
X:109191614:T:TTG	2.72297e-05	1.42228e-06	2.95204	3.51925	X	109191614	T	TTG	0.00043276869251188186	3.3637441646323727
X:117074299:G:A	0.00920615	5.21323e-05	5.17384	3.5184	X	117074299	G	A	0.00043415740999774367	3.362352782240823
X:117074564:T:C	0.00920615	5.21323e-05	5.17384	3.5184	X	117074564	T	C	0.00043415740999774367	3.362352782240823
X:116555385:T:C	0.00112496	6.24199e-05	2.89162	3.51796	X	116555385	T	C	0.0004348779086096219	3.3616326535271726
X:70350647:C:T	6.60126e-06	0.124289	-9.84311	-3.51761	X	70350647	C	T	0.00043545182945442344	3.361059880516728
X:136413653:T:G	0.00642321	9.38028e-05	4.22648	3.51741	X	136413653	T	G	0.0004357801016115888	3.360732604189765
X:44924648:G:GGTGT	1.12308e-05	0.0539843	-8.47779	-3.51633	X	44924648	G	GGTGT	0.00043755676698487277	3.358965595238278
X:73198289:G:A	9.11295e-05	0.00238736	-3.26566	-3.51618	X	73198289	G	A	0.00043780406017037993	3.358720215126664
X:153210746:TA:T	0.00585011	5.8381e-05	4.60723	3.51509	X	153210746	TA	T	0.0004396049798333866	3.356937396544473
X:34551000:GT:G	5.92675e-05	0.00226168	-3.6418	-3.51457	X	34551000	GT	G	0.0004404665684392703	3.356087049098327
X:29145335:C:A	0.00928503	8.71102e-05	4.66898	3.51457	X	29145335	C	A	0.0004404665684392703	3.356087049098327
X:29146075:C:A	0.00928503	8.71102e-05	4.66898	3.51457	X	29146075	C	A	0.0004404665684392703	3.356087049098327
X:100093526:C:G	1.33322e-05	0.334162	-10.1292	-3.51368	X	100093526	C	G	0.00044194486910141675	3.354631903814654
X:100094557:A:G	1.33322e-05	0.334162	-10.1292	-3.51368	X	100094557	A	G	0.00044194486910141675	3.354631903814654
X:153222256:T:C	0.00883109	8.84543e-05	4.60355	3.51191	X	153222256	T	C	0.00044489863401095224	3.3517389276806284
X:153223198:A:G	0.00883109	8.84543e-05	4.60355	3.51191	X	153223198	A	G	0.00044489863401095224	3.3517389276806284
X:100091066:G:T	0.00183304	1.84024e-05	4.60125	3.50991	X	100091066	G	T	0.000448258390442022	3.348471572622294
X:34188188:A:G	3.78402e-06	0.000732121	-5.26516	-3.50982	X	34188188	A	G	0.00044841013482911136	3.3483245801747072
X:118426035:G:A	0.000425908	0.0161732	-3.63689	-3.50971	X	118426035	G	A	0.00044859566529779427	3.3481449272451242
X:100773675:G:GT	0.0626389	0.000192749	5.78375	3.50942	X	100773675	G	GT	0.00044908513454954094	3.3476713205550896
X:79409391:G:A	1.89195e-05	0.00941758	-6.21014	-3.50888	X	79409391	G	A	0.0004499978884940686	3.3467895240413807
X:27164166:T:G	0.000115113	0.0154924	-4.90219	-3.50824	X	27164166	T	G	0.0004510819128593198	3.345744586564168
X:134431391:G:C	2.40353e-05	0.00143753	-4.09116	-3.50808	X	134431391	G	C	0.0004513532994832734	3.3454833784127436
X:131951719:G:A	3.23478e-06	0.0797792	-10.1131	-3.50432	X	131951719	G	A	0.0004577749188025479	3.339348005728858
X:109880974:C:CT	0.036991	0.000213003	5.15713	3.50419	X	109880974	C	CT	0.000457998460247351	3.339135982055526
X:42812746:G:T	0.000226001	0.0173809	-4.34259	-3.50393	X	42812746	G	T	0.00045844584874854197	3.3387119554761435
X:81319011:C:T	1.7939e-06	0.00841729	-8.45365	-3.50216	X	81319011	C	T	0.0004615023864591198	3.3358260488670024
X:83924323:CA:C	0.00741093	2.30148e-05	5.77458	3.50209	X	83924323	CA	C	0.00046162365645283847	3.335711943345227
X:5220831:T:C	0.000856609	2.40375e-05	3.57336	3.50177	X	5220831	T	C	0.0004621784123032217	3.3351903436611945
X:5128242:C:CGTGTGTGTGT	5.43454e-06	0.142206	-10.1723	-3.50165	X	5128242	C	CGTGTGTGTGT	0.0004623866060693171	3.334994754592793
X:131323272:C:T	8.70637e-06	0.213729	-10.1084	-3.50163	X	131323272	C	T	0.00046242131353646076	3.334962156988147
X:85693380:T:C	1.25128e-05	0.0586034	-8.45179	-3.50107	X	85693380	T	C	0.00046339411006817105	3.334049490574417
X:135735462:TACAC:T	0.00198074	2.036e-05	4.57765	3.50034	X	135735462	TACAC	T	0.0004646650867972439	3.3328599575639966
X:99355722:G:T	7.48681e-06	0.195437	-10.1698	-3.5003	X	99355722	G	T	0.0004647348232607309	3.332794783980464
X:140462583:G:GATT	7.12534e-05	0.00950557	-4.89339	-3.50009	X	140462583	G	GATT	0.00046510109992411064	3.332452633418161
X:35405750:ATGTG:A	0.00180401	8.59295e-05	3.04424	3.5	X	35405750	ATGTG	A	0.00046525815807105003	3.3323060029920852
X:92940849:C:A	0.000215723	0.0127974	-4.083	-3.4997	X	92940849	C	A	0.0004657820426715043	3.3318172588648993
X:37407763:G:A	0.161019	1.17748e-05	9.52332	3.49953	X	37407763	G	A	0.0004660791548588997	3.3315403202216625
X:153220428:A:G	0.00803828	8.16739e-05	4.58924	3.49951	X	153220428	A	G	0.00046611412085624624	3.3315077399829836
X:75747090:A:G	0.0195674	1.43132e-06	9.52302	3.49936	X	75747090	A	G	0.00046637644385689715	3.331263393414824
X:24175574:G:GT	0.00152845	7.38762e-05	3.02962	3.49845	X	24175574	G	GT	0.0004679708247965079	3.3297812217652907
X:73199146:C:A	8.90214e-05	0.00229682	-3.25041	-3.49833	X	73199146	C	A	0.00046818145191934637	3.329585795869298
X:28921037:C:T	4.66505e-06	0.084801	-9.80796	-3.49776	X	28921037	C	T	0.0004691831390903036	3.328657603401382
X:142940382:TAAAA:T	0.0809949	0.000253025	5.76865	3.49735	X	142940382	TAAAA	T	0.0004699048868219604	3.3279900384655017
X:137890636:C:T	0.00184764	1.90545e-05	4.57436	3.49726	X	137890636	C	T	0.000470063457826147	3.327843509035753
X:99131361:C:T	0.000174099	0.0039787	-3.12908	-3.49706	X	99131361	C	T	0.00047041601657747613	3.3275178999574297
X:87176198:A:AGAT	3.76058e-06	0.0974642	-10.1627	-3.49629	X	87176198	A	AGAT	0.0004717756721494035	3.3262644579474094
X:101349769:T:G	0.000214826	0.0215215	-4.60698	-3.49601	X	101349769	T	G	0.0004722710006375634	3.3258087210541416
X:42986972:A:G	6.75127e-05	0.0107554	-5.07084	-3.49495	X	42986972	A	G	0.0004741505708578349	3.3240837222316855
X:42987073:A:G	6.75127e-05	0.0107554	-5.07084	-3.49495	X	42987073	A	G	0.0004741505708578349	3.3240837222316855
X:48037188:CAAA:C	3.26639e-05	0.151289	-8.44068	-3.49455	X	48037188	CAAA	C	0.0004748616542894406	3.323432898859489
X:115482236:C:CTT	0.00200849	0.0399623	-2.99055	-3.49438	X	115482236	C	CTT	0.0004751641658697563	3.3231563187672526
X:100100489:TAA:T	0.202218	1.49203e-05	9.51438	3.49431	X	100100489	TAA	T	0.00047528878170428353	3.323042436286818
X:37397977:A:AACAC	7.73621e-06	0.139447	-9.79953	-3.49299	X	37397977	A	AACAC	0.0004776443954683849	3.320895313765466
X:42811185:G:C	0.000227307	0.0172676	-4.33028	-3.4918	X	42811185	G	C	0.0004797773464880534	3.318960261844421
X:84738996:A:ACT	2.32022e-06	0.0416896	-9.79635	-3.49119	X	84738996	A	ACT	0.0004808741489681899	3.3179685692814287
X:90289921:C:T	1.45186e-05	0.00274476	-5.24202	-3.49095	X	90289921	C	T	0.0004813063185250963	3.3175784369252366
X:30825836:CA:C	0.00187934	1.95177e-05	4.56735	3.49071	X	30825836	CA	C	0.00048173885031748217	3.317188328154872
X:42816242:C:A	0.00022924	0.0173809	-4.32836	-3.4899	X	42816242	C	A	0.0004832013231212009	3.3158718851827653
X:42815344:C:T	0.00022924	0.0173809	-4.32836	-3.4899	X	42815344	C	T	0.0004832013231212009	3.3158718851827653
X:4593014:A:AAT	0.00454647	0.000221723	3.02068	3.4887	X	4593014	A	AAT	0.00048537556253514343	3.3139220931118407
X:69681842:C:T	6.62897e-06	0.169247	-10.1477	-3.4879	X	69681842	C	T	0.00048683012075832885	3.312622559294792
X:85691827:A:G	7.89338e-06	0.000295379	-3.62224	-3.48752	X	85691827	A	G	0.00048752245906884354	3.312005372529557
X:118436079:T:G	0.00101494	0.0376354	-3.61312	-3.48622	X	118436079	T	G	0.0004898979349254243	3.309894391228265
X:142890943:T:A	4.46737e-06	0.000128937	-3.36252	-3.48619	X	142890943	T	A	0.0004899528808030406	3.3098456844433253
X:7072617:C:A	0.000127905	0.0361235	-5.64341	-3.48555	X	7072617	C	A	0.0004911264294447615	3.308806694145383
X:148205577:C:T	0.00134733	4.61235e-05	3.37456	3.4849	X	148205577	C	T	0.0004923209973759707	3.3077516412736525
X:84920820:A:T	0.00217248	5.4346e-05	3.68826	3.48443	X	84920820	A	T	0.0004931864491411599	3.306988864647409
X:79141693:CATAT:C	0.000780263	7.58798e-06	4.63307	3.48367	X	79141693	CATAT	C	0.0004945889053684717	3.305755629970867
X:117077875:C:T	0.00920652	5.43304e-05	5.13258	3.48331	X	117077875	C	T	0.0004952545238979414	3.305171548712304
X:117078256:G:A	0.00920652	5.43304e-05	5.13258	3.48331	X	117078256	G	A	0.0004952545238979414	3.305171548712304
X:21433653:T:TAC	1.34173e-05	0.339516	-10.1387	-3.48291	X	21433653	T	TAC	0.0004959950796433249	3.3045226317645446
X:26842228:C:G	1.93421e-05	0.00253278	-4.87479	-3.48286	X	26842228	C	G	0.0004960877216774883	3.304441521751766
X:117077160:A:G	0.00920634	5.4405e-05	5.13119	3.48213	X	117077160	A	G	0.0004974421340895799	3.30325743211871
X:30836408:G:T	2.30466e-05	0.0064787	-5.63875	-3.48178	X	30836408	G	T	0.0004980927320158272	3.3026897952851826
X:122733137:C:T	6.62902e-05	0.0186135	-5.6376	-3.48085	X	122733137	C	T	0.0004998253205792094	3.3011817467904265
X:7274121:CT:C	0.00035616	1.22991e-05	3.36585	3.48073	X	7274121	CT	C	0.0005000492892464643	3.300987185678505
X:7274123:GT:G	0.00035616	1.22991e-05	3.36585	3.48073	X	7274123	GT	G	0.0005000492892464643	3.300987185678505
X:45151101:G:A	1.45168e-05	0.34343	-10.0714	-3.48018	X	45151101	G	A	0.0005010770100745546	3.3000955226752122
X:23542815:A:AC	0.00735112	0.000132735	4.01425	3.47991	X	23542815	A	AC	0.0005015822479293946	3.2996578425177203
X:87184358:C:T	1.64473e-05	0.00787974	-6.17189	-3.47959	X	87184358	C	T	0.0005021816633841601	3.2991391491230235
X:95545800:G:A	9.38853e-05	0.012238	-4.87023	-3.47864	X	95545800	G	A	0.0005039651147524992	3.2975995250521866
X:5143807:C:T	0.11504	8.73038e-06	9.48623	3.47787	X	5143807	C	T	0.0005054149798470514	3.2963518902979727
X:78684306:ACAC:A	0.0246038	1.86878e-06	9.48537	3.47737	X	78684306	ACAC	A	0.00050635853206491	3.2955418678263957
X:83682291:A:ATG	9.59595e-06	0.0431623	-8.41138	-3.47735	X	83682291	A	ATG	0.0005063963082891091	3.29550946905609
X:37394426:G:A	8.60793e-06	0.15082	-9.77116	-3.47696	X	37394426	G	A	0.0005071334700021023	3.2948777257614528
X:101804127:G:A	1.17373e-05	0.000284949	-3.18954	-3.47684	X	101804127	G	A	0.000507360490172696	3.294683355734847
X:4287855:A:AAGG	0.000560628	2.52873e-05	3.09876	3.47658	X	4287855	A	AAGG	0.000507852692258927	3.294262240898123
X:41644488:A:G	1.39829e-05	0.0627979	-8.40984	-3.47644	X	41644488	A	G	0.0005081179084922194	3.2940354982164717
X:41644208:T:C	1.39829e-05	0.0627979	-8.40984	-3.47644	X	41644208	T	C	0.0005081179084922194	3.2940354982164717
X:144730311:T:C	0.000115599	0.00670293	-4.06018	-3.47626	X	144730311	T	C	0.0005084590905166824	3.2937439837000966
X:87270148:A:G	2.88484e-06	0.0720872	-10.1262	-3.47588	X	87270148	A	G	0.00050918006512784	3.2931286077176183
X:87271200:C:T	2.88484e-06	0.0720872	-10.1262	-3.47588	X	87271200	C	T	0.00050918006512784	3.2931286077176183
X:87271164:G:GT	2.88484e-06	0.0720872	-10.1262	-3.47588	X	87271164	G	GT	0.00050918006512784	3.2931286077176183
X:23542552:CAA:C	0.0258043	8.28467e-05	5.7413	3.47548	X	23542552	CAA	C	0.000509940015260429	3.2924809073795904
X:85919248:C:A	0.0212966	0.000324769	4.18319	3.47535	X	85919248	C	A	0.0005101872266190101	3.292270418870727
X:7191210:TC:T	0.00014465	2.62724e-06	4.00838	3.4742	X	7191210	TC	T	0.0005123789667937254	3.290408706392042
X:29141954:TGTA:T	0.0092818	9.13279e-05	4.62136	3.4736	X	29141954	TGTA	T	0.0005135259645289122	3.289437593027645
X:41207003:C:T	1.07625e-05	0.00299461	-5.6285	-3.47349	X	41207003	C	T	0.0005137365068881039	3.289259571560633
X:27173369:T:TCCTGGTGACTCA	0.0122368	7.31816e-05	5.11926	3.47198	X	27173369	T	TCCTGGTGACTCA	0.0005166348245085974	3.2868163229358784
X:87274718:A:G	2.90598e-06	0.0720872	-10.1189	-3.4718	X	87274718	A	G	0.0005169813341717396	3.2865251370077124
X:29141388:G:A	0.009282	9.15415e-05	4.61904	3.47161	X	29141388	G	A	0.0005173473293691961	3.2862177884696795
X:29141116:C:T	0.009282	9.15415e-05	4.61904	3.47161	X	29141116	C	T	0.0005173473293691961	3.2862177884696795
X:30691468:CT:C	0.125328	6.18705e-06	9.91623	3.47107	X	30691468	CT	C	0.0005183888452435002	3.2853443522403105
X:117362778:A:C	1.14863e-05	0.00103991	-4.50573	-3.46989	X	117362778	A	C	0.0005206715551447248	3.2834361476577425
X:105947642:A:T	2.83718e-05	0.00785771	-5.62385	-3.46973	X	105947642	A	T	0.0005209817954065051	3.2831774519262535
X:44935047:A:C	0.209548	5.43564e-06	10.5597	3.46906	X	44935047	A	C	0.0005222827987027625	3.2820942773441075
X:99136707:T:A	0.000183	0.00440784	-3.18165	-3.46899	X	99136707	T	A	0.0005224188989798172	3.281981120450085
X:37409179:G:A	0.161019	1.24133e-05	9.47051	3.46869	X	37409179	G	A	0.0005230025603502864	3.2814961850461497
X:73289010:T:C	6.63732e-06	0.0293949	-8.39587	-3.46824	X	73289010	T	C	0.0005238791919839076	3.2807688510004844
X:42817158:C:G	0.000230528	0.0170946	-4.30615	-3.46802	X	42817158	C	G	0.0005243082656613539	3.2804132956282195
X:79142715:TATAC:T	0.0532949	2.64912e-06	9.90937	3.46708	X	79142715	TATAC	T	0.0005261452723131411	3.2788943276081524
X:116775092:G:A	6.51031e-06	0.149998	-10.045	-3.46485	X	116775092	G	A	0.0005305272980002541	3.2752922647958806
X:116773767:A:C	6.51031e-06	0.149998	-10.045	-3.46485	X	116773767	A	C	0.0005305272980002541	3.2752922647958806
X:153224396:A:G	0.00883109	9.34091e-05	4.54905	3.46472	X	153224396	A	G	0.0005307837985573263	3.275082341844784
X:153224229:A:G	0.00883109	9.34091e-05	4.54905	3.46472	X	153224229	A	G	0.0005307837985573263	3.275082341844784
X:153224175:T:C	0.00883109	9.34091e-05	4.54905	3.46472	X	153224175	T	C	0.0005307837985573263	3.275082341844784
X:96236338:T:C	1.88492e-05	0.082976	-8.38984	-3.4647	X	96236338	T	C	0.0005308232704368665	3.2750500466199624
X:31775055:A:T	1.2182e-05	0.00176065	-4.97347	-3.46469	X	31775055	A	T	0.0005308430074023492	3.2750338990689314
X:107783575:G:A	5.24695e-06	0.000673609	-4.855	-3.46453	X	107783575	G	A	0.0005311588918665954	3.2747755438176247
X:24926039:G:GT	5.99324e-06	0.137937	-10.0439	-3.46423	X	24926039	G	GT	0.0005317516473940769	3.2742911559564063
X:139488687:C:T	0.000332468	0.0358395	-4.68026	-3.46406	X	139488687	C	T	0.0005320878157474297	3.274016685849272
X:29143459:C:T	0.0092818	9.23556e-05	4.61017	3.46397	X	29143459	C	T	0.0005322658673909349	3.2738713829331183
X:42816927:C:T	0.000231821	0.0170946	-4.30055	-3.46251	X	42816927	C	T	0.0005351620272985311	3.271514709739061
X:15907678:C:T	3.42256e-05	0.00307135	-4.4969	-3.46188	X	15907678	C	T	0.0005364162694658149	3.2704980585011354
X:15908089:C:T	3.42256e-05	0.00307135	-4.4969	-3.46188	X	15908089	C	T	0.0005364162694658149	3.2704980585011354
X:26843280:C:T	1.97887e-05	0.00253278	-4.85196	-3.46171	X	26843280	C	T	0.0005367551847122482	3.27022375186415
X:134430761:G:A	2.51581e-05	0.00143753	-4.0455	-3.46119	X	134430761	G	A	0.0005377931055643035	3.269384769674211
X:106632098:A:G	2.25125e-06	0.0547533	-10.0991	-3.46076	X	106632098	A	G	0.0005386527984744817	3.268691079512912
X:102740929:A:G	0.000273112	2.92865e-06	4.53534	3.46076	X	102740929	A	G	0.0005386527984744817	3.268691079512912
X:102740217:C:T	0.000273112	2.92865e-06	4.53534	3.46076	X	102740217	C	T	0.0005386527984744817	3.268691079512912
X:90282112:G:A	4.61653e-05	0.0126282	-5.61146	-3.45971	X	90282112	G	A	0.0005407574322360146	3.2669975028515936
X:44929243:C:CT	1.16512e-05	0.196839	-9.73473	-3.45638	X	44929243	C	CT	0.000547482914818233	3.2616294292110215
X:122712503:TAAATA:T	0.176057	4.68e-06	10.5353	3.45623	X	122712503	TAAATA	T	0.0005477876908254332	3.2613877308747785
X:83652641:T:A	1.00432e-05	0.0435513	-8.3748	-3.45588	X	83652641	T	A	0.0005484994496006617	3.2608238038878397
X:78683327:G:A	1.37423e-06	0.0231928	-9.73371	-3.4558	X	78683327	G	A	0.000548662258238661	3.260694913327582
X:33839413:G:A	0.000945182	9.49848e-06	4.60025	3.45544	X	33839413	G	A	0.0005493954543590947	3.26011493820801
X:90288285:T:C	1.4843e-05	0.00268526	-5.198	-3.45504	X	90288285	T	C	0.0005502111871323463	3.2594705835929125
X:118438411:CTTTCT:C	0.00104862	0.0376439	-3.5807	-3.45418	X	118438411	CTTTCT	C	0.0005519688345977203	3.2580854428221353
X:37411019:G:A	0.161019	1.27343e-05	9.44498	3.45378	X	37411019	G	A	0.0005527881258386021	3.257441294393189
X:37412462:AT:A	0.161019	1.27343e-05	9.44498	3.45378	X	37412462	AT	A	0.0005527881258386021	3.257441294393189
X:87432552:G:A	0.000128866	0.0183746	-4.95995	-3.45366	X	87432552	G	A	0.0005530341340109904	3.25724806262817
X:82619957:T:G	3.88992e-06	0.00105451	-5.60244	-3.45242	X	82619957	T	G	0.0005555821968130239	3.255251679330647
X:100084520:T:C	1.24255e-05	0.208182	-9.72641	-3.45168	X	100084520	T	C	0.0005571080206442392	3.254060588989023
X:100105840:G:A	0.00468576	2.8715e-05	5.09486	3.45123	X	100105840	G	A	0.0005580377939439346	3.2533363868232343
X:5143493:AC:A	0.108039	8.58886e-06	9.43978	3.45074	X	5143493	AC	A	0.0005590518573283342	3.2525479053390227
X:153605584:GAAA:G	0.00202391	3.76731e-05	3.98384	3.45035	X	153605584	GAAA	G	0.0005598601953672844	3.251920408637998
X:81017394:C:T	1.75476e-05	0.00095859	-4.00055	-3.44998	X	81017394	C	T	0.0005606280863170385	3.251325148768096
X:5133859:T:C	7.06753e-06	0.118047	-9.72333	-3.44993	X	5133859	T	C	0.0005607319305671868	3.2512447125401827
X:147256837:G:GT	1.03638e-05	0.00279012	-5.59552	-3.44683	X	147256837	G	GT	0.0005672053733816664	3.2462596635461587
X:42818283:G:A	0.000224474	0.0162636	-4.28292	-3.44514	X	42818283	G	A	0.0005707636895242371	3.24354366334445
X:87431242:G:A	0.00013071	0.0184222	-4.94833	-3.44419	X	87431242	G	A	0.0005727730420816328	3.2420174305582674
X:37391988:T:G	0.15082	1.21544e-05	9.42615	3.44278	X	37391988	T	G	0.0005757674905311828	3.239752860266377
X:34175165:T:C	8.33328e-06	0.0014846	-5.18264	-3.44251	X	34175165	T	C	0.0005763425558430972	3.2393193119031367
X:7193043:A:G	2.14506e-06	0.000120335	-4.02712	-3.4423	X	7193043	A	G	0.0005767901985499983	3.2389821282328324
X:153458774:AAAC:A	0.00305085	0.000153226	2.99126	3.44211	X	153458774	AAAC	A	0.0005771954875463217	3.2386770728339016
X:78158542:C:T	1.56245e-06	4.91747e-05	-3.44912	-3.44181	X	78158542	C	T	0.0005778359574432309	3.2381954364736663
X:15040088:A:C	1.26528e-05	0.0535117	-8.34977	-3.44119	X	15040088	A	C	0.0005791616926440205	3.237200171299003
X:87430890:A:G	0.000131069	0.0183688	-4.94268	-3.43959	X	87430890	A	G	0.0005825960404328659	3.2346324713458396
X:81041708:A:G	2.16477e-05	0.00116926	-3.98923	-3.43898	X	81041708	A	G	0.0005839103705468389	3.2336538113880846
X:19838098:C:A	0.106873	8.69268e-06	9.41692	3.43739	X	19838098	C	A	0.0005873492340345771	3.2311035932770036
X:91251493:T:C	7.64427e-05	0.00234178	-3.42213	-3.43684	X	91251493	T	C	0.0005885431603494953	3.2302216830086405
X:29138775:TA:T	0.00458421	8.65387e-05	3.96978	3.43669	X	29138775	TA	T	0.0005888691685050063	3.229981183494337
X:148657364:A:G	4.33651e-05	0.181923	-8.34168	-3.43644	X	148657364	A	G	0.0005894128890293003	3.229580371416025
X:37415103:A:C	0.161019	1.31256e-05	9.41472	3.43611	X	37415103	A	C	0.0005901313157363437	3.2290513386051445
X:99354737:T:A	8.42235e-06	0.195437	-10.0521	-3.43449	X	99354737	T	A	0.0005936699760452373	3.2264549143004744
X:75943390:GT:G	2.76013e-05	0.000673706	-3.19493	-3.43341	X	75943390	GT	G	0.0005960400453345466	3.2247245609249013
X:129378433:T:A	0.197444	5.49364e-06	10.4896	3.4323	X	129378433	T	A	0.0005984851251574487	3.222946639146156
X:31775603:A:G	1.23504e-05	0.00171103	-4.93116	-3.4302	X	31775603	A	G	0.0006031365099003596	3.2195843814140725
X:26837195:G:A	2.41511e-05	0.00251085	-4.64405	-3.43019	X	26837195	G	A	0.0006031587396207624	3.2195683749763284
X:74375144:T:TTTTTG	3.84366e-05	0.00213054	-4.01512	-3.42998	X	74375144	T	TTTTTG	0.0006036257399315755	3.2192322492279555
X:42989135:T:C	7.29659e-05	0.010743	-4.99202	-3.42833	X	42989135	T	C	0.0006073067545574174	3.216591888561776
X:91566369:C:T	2.72548e-05	0.00252406	-4.52839	-3.42727	X	91566369	C	T	0.000609682537201925	3.214896244055419
X:91566346:G:C	2.72548e-05	0.00252406	-4.52839	-3.42727	X	91566346	G	C	0.000609682537201925	3.214896244055419
X:82622109:T:C	0.00105512	6.65519e-06	5.06602	3.4267	X	82622109	T	C	0.0006109636538238471	3.213984625131021
X:100110525:T:C	4.2117e-05	0.0187896	-6.10061	-3.42501	X	100110525	T	C	0.0006147767919010638	3.2112825356738335
X:100100148:C:T	0.00512088	1.75326e-05	5.67702	3.42407	X	100100148	C	T	0.0006169072814995854	3.209780103647369
X:131326342:CTGTGTGTGTGTGTG:C	0.115571	9.6215e-06	9.39364	3.4238	X	131326342	CTGTGTGTGTGTGTG	C	0.0006175204994842683	3.2093486207968356
X:93056532:CAAA:C	0.132377	1.10283e-05	9.39294	3.42339	X	93056532	CAAA	C	0.0006184527669921401	3.2086934630809023
X:37409941:TGAA:T	0.148945	1.24176e-05	9.39222	3.42297	X	37409941	TGAA	T	0.000619409130481893	3.208022397157021
X:73217578:A:C	4.47141e-05	0.00151353	-3.52191	-3.42253	X	73217578	A	C	0.000620412510861987	3.2073194530513063
X:44920693:C:T	1.48242e-05	0.317407	-9.97167	-3.42234	X	44920693	C	T	0.000620846256098891	3.2070159334700223
X:37410019:A:C	0.150823	1.25972e-05	9.39039	3.4219	X	37410019	A	C	0.0006218518022355457	3.2063131026724214
X:37398830:G:A	1.0139e-05	0.161018	-9.67289	-3.42143	X	37398830	G	A	0.000622927581993103	3.205562439005127
X:96216663:C:T	0.0104992	3.60919e-05	5.67299	3.42085	X	96216663	C	T	0.0006242575268110838	3.204636212560414
X:139856094:C:G	7.47419e-06	0.0305209	-8.31471	-3.42061	X	139856094	C	G	0.000624808621150227	3.2042529866657428
X:134513398:G:A	0.0104448	0.000464804	3.11225	3.4205	X	134513398	G	A	0.0006250613572962693	3.2040773493322723
X:4742232:CTT:C	0.0135299	0.000590774	3.13122	3.42012	X	4742232	CTT	C	0.0006259351778123397	3.2034706402337707
X:116556111:T:C	0.00106704	6.49212e-05	2.79947	3.42008	X	116556111	T	C	0.0006260272250019563	3.2034067795515213
X:153225296:C:T	0.00883109	9.84445e-05	4.49654	3.41926	X	153225296	C	T	0.0006279169698761805	3.2020977796841352
X:34197777:G:T	0.000563002	1.03859e-05	3.99284	3.41923	X	34197777	G	T	0.0006279862074108016	3.2020498946563705
X:27164578:C:T	0.0167316	0.000106482	5.05708	3.41909	X	27164578	C	T	0.0006283094098277741	3.201826436057296
X:33836718:T:C	8.77721e-06	0.000901593	-4.63201	-3.41893	X	33836718	T	C	0.0006286789735064385	3.2015710646105773
X:33837383:A:G	8.77721e-06	0.000901593	-4.63201	-3.41893	X	33837383	A	G	0.0006286789735064385	3.2015710646105773
X:42817830:T:C	0.000230528	0.0162636	-4.25632	-3.41892	X	42817830	T	C	0.0006287020779495511	3.201555104242572
X:85917217:G:C	0.0212966	0.000344202	4.12508	3.41889	X	85917217	G	C	0.0006287713960186028	3.201507223383788
X:29134105:A:C	4.88435e-05	0.0126999	-5.56073	-3.4187	X	29134105	A	C	0.0006292105755955606	3.201203986487091
X:139856659:C:T	7.50723e-06	0.0305209	-8.3103	-3.41802	X	139856659	C	T	0.0006307847156194744	3.2001188384923767
X:153211152:GTGATAATTCTGGTTAACTATAGTCACTCTACCGTGCTATTGAAGACTAGGACTCATTTCCTCTGTCTAACTGTATGTTTGTATC:G	0.00545992	6.09901e-05	4.49448	3.41747	X	153211152	GTGATAATTCTGGTTAACTATAGTCACTCTACCGTGCTATTGAAGACTAGGACTCATTTCCTCTGTCTAACTGTATGTTTGTATC	G	0.0006320605962332758	3.199241283508443
X:82423161:A:G	1.8749e-06	0.000255704	-4.91547	-3.41741	X	82423161	A	G	0.0006321999283501659	3.199145557716827
X:82423117:G:A	1.8749e-06	0.000255704	-4.91547	-3.41741	X	82423117	G	A	0.0006321999283501659	3.199145557716827
X:31782243:A:G	4.28848e-06	0.000114766	-3.28696	-3.41692	X	31782243	A	G	0.0006333388772582735	3.198363852158194
X:41644164:T:G	0.0627979	1.39829e-05	8.40984	3.41661	X	41644164	T	G	0.0006340604222493372	3.1978693544224908
X:117425942:T:C	5.24336e-06	0.0825325	-9.66399	-3.4164	X	117425942	T	C	0.0006345496451763979	3.1975343944002885
X:44922544:C:G	1.31424e-05	0.295017	-10.0189	-3.41595	X	44922544	C	G	0.0006355991626450077	3.196816683615212
X:5142986:CAAA:C	0.101835	8.60423e-06	9.37885	3.41516	X	5142986	CAAA	C	0.0006374455554326748	3.1955569026350195
X:91565746:G:T	2.76525e-05	0.00252406	-4.51391	-3.4146	X	91565746	G	T	0.0006387574113471334	3.1946640478145842
X:91565191:T:TATTC	2.76525e-05	0.00252406	-4.51391	-3.4146	X	91565191	T	TATTC	0.0006387574113471334	3.1946640478145842
X:91565814:A:T	2.76525e-05	0.00252406	-4.51391	-3.4146	X	91565814	A	T	0.0006387574113471334	3.1946640478145842
X:37398102:G:A	1.02702e-05	0.161018	-9.66002	-3.41417	X	37398102	G	A	0.0006397664332756361	3.193978549849894
X:42816887:T:C	0.000234731	0.016475	-4.25116	-3.41385	X	42816887	T	C	0.0006405182952989974	3.193468460870235
X:115398462:T:A	6.21273e-05	0.00103619	-2.81412	-3.41343	X	115398462	T	A	0.0006415063614906611	3.192799032591325
X:134420340:A:G	2.25511e-05	0.00122965	-3.9987	-3.41312	X	134420340	A	G	0.0006422365576092405	3.192304977006694
X:45118699:CTT:C	0.332875	1.81648e-05	9.81604	3.41278	X	45118699	CTT	C	0.0006430383067316566	3.191763154748187
X:37392657:CA:C	0.15082	1.28121e-05	9.37346	3.41201	X	37392657	CA	C	0.0006448574753746276	3.19053626133071
X:37390874:G:A	0.161015	1.36886e-05	9.37269	3.41157	X	37390874	G	A	0.0006458991482533227	3.18983528816025
X:44223135:T:A	4.68234e-05	0.188243	-8.29911	-3.41145	X	44223135	T	A	0.0006461835123465416	3.1896441273896645
X:44223449:T:C	4.68234e-05	0.188243	-8.29911	-3.41145	X	44223449	T	C	0.0006461835123465416	3.1896441273896645
X:44223137:A:G	4.68234e-05	0.188243	-8.29911	-3.41145	X	44223137	A	G	0.0006461835123465416	3.1896441273896645
X:44221572:A:C	4.68234e-05	0.188243	-8.29911	-3.41145	X	44221572	A	C	0.0006461835123465416	3.1896441273896645
X:80614377:GTATA:G	0.0275722	7.98352e-07	10.4498	3.41141	X	80614377	GTATA	G	0.0006462783262499282	3.1895804084404578
X:69709882:C:G	0.000652292	7.33795e-06	4.48743	3.41137	X	69709882	C	G	0.0006463731530921636	3.1895166901450764
X:129378261:T:C	0.197444	5.72202e-06	10.4489	3.41095	X	129378261	T	C	0.0006473696165246077	3.1888476875181744
X:129378215:A:C	0.197444	5.72202e-06	10.4489	3.41095	X	129378215	A	C	0.0006473696165246077	3.1888476875181744
X:136416059:A:G	0.00666888	0.000108716	4.11647	3.41053	X	136416059	A	G	0.0006483675085125801	3.1881787569747515
X:102734124:A:G	0.000306794	3.47264e-06	4.48126	3.41018	X	102734124	A	G	0.0006492001777772133	3.18762136991843
X:69710164:G:A	0.000652292	7.35128e-06	4.48562	3.4098	X	69710164	G	A	0.0006501053446739246	3.1870162635054333
X:28225183:C:T	0.00210331	0.000145709	2.66966	3.4096	X	28225183	C	T	0.000650582219608858	3.1866978101462005
X:28225288:C:T	0.00210331	0.000145709	2.66966	3.4096	X	28225288	C	T	0.000650582219608858	3.1866978101462005
X:7266174:CAT:C	5.37258e-06	0.000649934	-4.79556	-3.40948	X	7266174	CAT	C	0.0006508685007015406	3.1865067459762084
X:131951856:A:G	3.25949e-06	0.0682371	-9.94917	-3.40929	X	131951856	A	G	0.0006513220187084835	3.186204239740928
X:101818193:G:A	1.27837e-06	0.00511361	-8.29408	-3.4085	X	101818193	G	A	0.0006532108519548551	3.184946608832855
X:101816750:G:A	1.27837e-06	0.00511361	-8.29408	-3.4085	X	101816750	G	A	0.0006532108519548551	3.184946608832855
X:45114363:C:T	9.8103e-06	0.217008	-10.0043	-3.40774	X	45114363	C	T	0.0006550327637176634	3.1837369767319985
X:142757144:A:C	0.278045	6.31756e-05	8.38962	3.40515	X	142757144	A	C	0.0006612772007767776	3.179616450451207
X:48044923:CT:C	0.00118372	7.30506e-05	2.78527	3.405	X	48044923	CT	C	0.0006616405379854452	3.1793778938967994
X:122721306:T:TA	2.50137e-05	0.00335767	-4.89958	-3.40446	X	122721306	T	TA	0.0006629500895076795	3.1785191664177326
X:122722621:C:T	2.50137e-05	0.00335767	-4.89958	-3.40446	X	122722621	C	T	0.0006629500895076795	3.1785191664177326
X:122722212:G:C	2.50137e-05	0.00335767	-4.89958	-3.40446	X	122722212	G	C	0.0006629500895076795	3.1785191664177326
X:122702684:A:T	2.96535e-05	0.00356388	-4.78902	-3.40343	X	122702684	A	T	0.0006654546228208391	3.176881553608402
X:122702382:G:T	2.96535e-05	0.00356388	-4.78902	-3.40343	X	122702382	G	T	0.0006654546228208391	3.176881553608402
X:131482338:G:A	7.39718e-06	0.162238	-9.99572	-3.40297	X	131482338	G	A	0.0006665759916524386	3.176150332560629
X:30692966:A:AATC	6.04207e-06	0.124911	-9.93661	-3.40201	X	30692966	A	AATC	0.0006689219013042981	3.1746245844930376
X:15082791:G:A	4.56541e-05	0.00130224	-3.35075	-3.40118	X	15082791	G	A	0.000670956320518149	3.173305751627425
X:5793792:A:ATGTG	0.000386851	0.0208364	-3.98642	-3.40116	X	5793792	A	ATGTG	0.0006710054135700494	3.17327397599477
X:7170375:A:G	4.66129e-06	0.000250829	-3.98548	-3.39954	X	7170375	A	G	0.0006749930599188344	3.170700692434825
X:99130975:C:T	0.000174099	0.0036164	-3.03361	-3.39935	X	99130975	C	T	0.0006754621875473063	3.170398957817656
X:6044106:A:AAAATAAATAAATAAATAAAT	7.04174e-05	0.00378851	-3.98529	-3.39934	X	6044106	A	AAAATAAATAAATAAATAAAT	0.0006754868868695789	3.170383077456843
X:153203482:G:A	5.31969e-05	0.00445407	-4.42757	-3.39904	X	153203482	G	A	0.0006762282570820637	3.169906685628202
X:106652695:G:GCACA	2.76717e-05	0.00330689	-4.78335	-3.39818	X	106652695	G	GCACA	0.0006783577127576306	3.1685412328156457
X:90576124:CTT:C	0.00115728	6.05234e-05	2.9508	3.3979	X	90576124	CTT	C	0.0006790523679825057	3.168096731980408
X:83683777:T:TG	1.09931e-05	0.0431576	-8.27535	-3.3975	X	83683777	T	TG	0.0006800458797423866	3.1674617863425913
X:83680488:T:G	1.09851e-05	0.0431149	-8.27508	-3.39735	X	83680488	T	G	0.000680418794892807	3.1672236985787245
X:139487973:A:G	0.000323695	0.0324608	-4.60799	-3.39647	X	139487973	A	G	0.0006826103954410444	3.1658271021571376
X:116775609:C:A	6.7088e-06	0.10186	-9.62794	-3.39604	X	116775609	C	A	0.0006836836760254208	3.1651447894091866
X:80149960:C:T	2.75808e-05	0.002301	-4.42398	-3.39578	X	80149960	C	T	0.0006843333971443174	3.164732264853079
X:27181200:T:TG	0.0128182	8.38459e-05	5.02964	3.39575	X	27181200	T	TG	0.0006844084018865107	3.1646846676426965
X:136415563:T:C	0.00656818	0.000108716	4.10125	3.39574	X	136415563	T	C	0.0006844334051652747	3.1646688019875975
X:27179895:C:T	0.0128182	8.40018e-05	5.02778	3.39417	X	27179895	C	T	0.0006883694678329151	3.1621784007584073
X:83698285:GTA:G	0.00502818	1.78842e-05	5.6389	3.39359	X	83698285	GTA	G	0.0006898288689694661	3.161258634596365
X:29133671:A:G	0.00118171	6.95204e-05	2.8331	3.39272	X	29133671	A	G	0.0006920233635565525	3.159879242981964
X:95459372:A:G	5.37535e-06	0.115716	-9.97707	-3.39254	X	95459372	A	G	0.0006924782062511286	3.159593890211259
X:34548642:C:T	9.3496e-05	0.00264247	-3.34155	-3.39164	X	34548642	C	T	0.0006947565903911959	3.158167324857241
X:122725011:G:GCA	2.47912e-05	0.00327343	-4.8831	-3.39103	X	122725011	G	GCA	0.0006963047876980024	3.157200618663749
X:144152716:C:T	0.00220496	0.0742534	-3.51678	-3.391	X	144152716	C	T	0.0006963810112078493	3.157153079657066
X:55709575:TA:T	4.82791e-06	0.00205903	-6.05558	-3.39053	X	55709575	TA	T	0.0006975761923963491	3.156408349874987
X:83630443:T:C	1.12098e-05	0.0434718	-8.26308	-3.3903	X	83630443	T	C	0.0006981617627421013	3.1560439405187592
X:7168216:G:A	5.72434e-06	0.000305262	-3.97644	-3.39026	X	7168216	G	A	0.0006982636476825691	3.155980567183983
X:94845260:G:T	0.000120524	0.0142496	-4.77264	-3.38825	X	94845260	G	T	0.000703401194467098	3.1527968985296972
X:7162874:G:A	7.54836e-06	0.112958	-9.61344	-3.38785	X	7162874	G	A	0.0007044277734137279	3.152163529475712
X:137889352:T:C	0.00184764	2.14222e-05	4.45724	3.38771	X	137889352	T	C	0.0007047874048407986	3.151941865743875
X:27175683:T:C	0.0127603	8.43904e-05	5.01864	3.3864	X	27175683	T	C	0.0007081608044629699	3.1498681143987493
X:107060929:C:T	3.99251e-06	0.00099703	-5.52036	-3.38606	X	107060929	C	T	0.0007090387923416288	3.1493300034078597
X:26833071:T:A	2.40956e-05	0.00284036	-4.76966	-3.38549	X	26833071	T	A	0.0007105129827663589	3.148427982068283
X:118445236:A:G	0.0413094	0.00259924	2.76587	3.3844	X	118445236	A	G	0.0007133399820173795	3.1467034335106536
X:26843001:G:T	0.00525361	1.89088e-05	5.62704	3.38411	X	26843001	G	T	0.0007140938776449341	3.146244690376316
X:49679509:G:GT	9.4129e-06	0.139886	-9.6065	-3.38392	X	49679509	G	GT	0.0007145882105831173	3.1459441531502774
X:109192053:C:T	1.54159e-06	3.9994e-05	-3.25592	-3.383	X	109192053	C	T	0.0007169863229163449	3.1444891287654126
X:81962634:A:T	0.000679793	1.13951e-05	4.08861	3.38278	X	81962634	A	T	0.0007175608912976433	3.1441412393570407
X:81962504:C:A	0.000679793	1.13951e-05	4.08861	3.38278	X	81962504	C	A	0.0007175608912976433	3.1441412393570407
X:129375772:T:A	9.35217e-06	0.197371	-9.95723	-3.38145	X	129375772	T	A	0.0007210435385222656	3.142038510635516
X:7163056:C:CA	6.63904e-06	0.140082	-9.95701	-3.38133	X	7163056	C	CA	0.0007213585334415157	3.1418488262748347
X:123035926:T:TC	1.04741e-05	0.208876	-9.90059	-3.38112	X	123035926	T	TC	0.0007219100821892204	3.141516892791774
X:29140572:C:T	0.00845716	9.26623e-05	4.51381	3.38108	X	29140572	C	T	0.0007220151835027975	3.1414536694079986
X:139854102:C:T	0.0305209	7.23912e-06	8.34667	3.38081	X	139854102	C	T	0.000722724989273705	3.1410269286553847
X:5142759:G:A	8.2836e-06	0.122399	-9.60076	-3.38068	X	5142759	G	A	0.0007230669787640561	3.140821471501684
X:90132681:CA:C	0.00978064	0.000164588	4.08471	3.37967	X	90132681	CA	C	0.0007257290997947313	3.1392254625228393
X:148635853:G:A	8.89874e-05	0.01042	-4.76299	-3.37932	X	148635853	G	A	0.0007266537392713197	3.1386724872798344
X:48978680:T:C	1.05657e-05	0.155668	-9.59787	-3.37905	X	48978680	T	C	0.0007273677802007814	3.1382459405523013
X:30688926:A:G	6.18705e-06	0.122879	-9.8965	-3.37875	X	30688926	A	G	0.0007281619234305026	3.1377720346527913
X:34192127:C:T	6.15321e-06	0.000539032	-4.4728	-3.37865	X	34192127	C	T	0.0007284268167750759	3.137614074185387
X:92940849:C:CA	4.09215e-05	0.010124	-5.51101	-3.3785	X	92940849	C	CA	0.0007288243246380188	3.1373771411396474
X:114429789:C:T	0.000891908	1.72169e-05	3.94747	3.37836	X	114429789	C	T	0.0007291955137709605	3.1371560119184734
X:73275279:C:T	2.44669e-06	0.0359905	-9.59628	-3.37815	X	73275279	C	T	0.000729752626749674	3.1368243330911154
X:81965314:G:A	0.000679793	1.14602e-05	4.08291	3.37775	X	81965314	G	A	0.0007308148882885385	3.1361926137063434
X:104732407:G:A	5.41706e-05	2.11074e-06	3.2451	3.37757	X	104732407	G	A	0.0007312933744326155	3.1359083612952787
X:104732611:T:G	5.41706e-05	2.11074e-06	3.2451	3.37757	X	104732611	T	G	0.0007312933744326155	3.1359083612952787
X:4960637:CA:C	2.13993e-05	0.00296511	-4.93131	-3.37703	X	4960637	CA	C	0.0007327305794514575	3.135055683430419
X:131481549:G:A	7.72699e-06	0.161779	-9.94927	-3.377	X	131481549	G	A	0.0007328105010513869	3.13500831592864
X:4961981:C:T	1.0177e-05	0.201276	-9.8923	-3.37632	X	4961981	C	T	0.0007346242306339685	3.1339347511104148
X:128590203:C:CA	0.0836583	2.60184e-06	10.3783	3.37394	X	128590203	C	CA	0.000741005171822161	3.1301787608654927
X:14998954:TTGTG:T	0.00131087	5.13012e-05	3.24073	3.37338	X	14998954	TTGTG	T	0.0007425140322297481	3.129295334519351
X:34555290:T:C	8.00283e-05	0.00222219	-3.32387	-3.37329	X	34555290	T	C	0.0007427567936348692	3.12915336722589
X:34555815:G:A	8.00283e-05	0.00222219	-3.32387	-3.37329	X	34555815	G	A	0.0007427567936348692	3.12915336722589
X:116774895:A:G	6.98498e-06	0.10186	-9.5876	-3.37324	X	116774895	A	G	0.0007428916929319769	3.129074497936099
X:116774800:A:G	6.98498e-06	0.10186	-9.5876	-3.37324	X	116774800	A	G	0.0007428916929319769	3.129074497936099
X:44926931:G:A	1.08743e-05	0.225827	-9.94113	-3.37245	X	44926931	G	A	0.0007450261240707223	3.1278284986062794
X:115390909:G:A	4.81548e-05	0.0200331	-6.03072	-3.3715	X	115390909	G	A	0.0007476003871789551	3.1263304823739437
X:84490879:T:C	6.62361e-06	0.00108008	-5.09415	-3.37033	X	84490879	T	C	0.0007507821465260853	3.124486063378067
X:147259538:G:C	1.20838e-05	0.236516	-9.88191	-3.37029	X	147259538	G	C	0.0007508911466079284	3.1244230161968045
X:73280158:C:T	4.03523e-06	0.000519363	-4.85754	-3.37019	X	73280158	C	T	0.000751163711109155	3.1242654011010087
X:73336256:T:C	4.11108e-05	0.0013944	-3.52395	-3.36959	X	73336256	T	C	0.0007528010284780539	3.1233197962465296
X:134420972:A:G	2.35283e-05	0.00122965	-3.95628	-3.36955	X	134420972	A	G	0.0007529103007186715	3.123256761147718
X:92344603:A:G	0.000275975	0.0122919	-3.79639	-3.36937	X	92344603	A	G	0.0007534022080980143	3.1229731112851566
X:126773282:A:T	0.000179952	0.00415738	-3.13995	-3.36907	X	126773282	A	T	0.0007542227169800432	3.1225003909034847
X:126773388:C:T	0.000179952	0.00415738	-3.13995	-3.36907	X	126773388	C	T	0.0007542227169800432	3.1225003909034847
X:86760250:A:G	0.00541518	6.40907e-05	4.43666	3.36847	X	86760250	A	G	0.0007558662246835212	3.1215550603488214
X:79961648:G:A	1.67403e-05	0.00087382	-3.95506	-3.36829	X	79961648	G	A	0.0007563599250951327	3.1212714898364013
X:57487296:TA:T	0.00558831	1.35551e-06	8.32425	3.36811	X	57487296	TA	T	0.00075685392492421	3.1209879325487804
X:4961202:AAAAC:A	0.201276	1.18709e-05	9.73834	3.36757	X	4961202	AAAAC	A	0.0007583377225723888	3.1201373400340677
X:42674279:C:T	0.000389366	2.12187e-05	2.90964	3.36755	X	42674279	C	T	0.0007583927298789663	3.1201058388933305
X:122738180:A:T	0.00761612	0.000154376	3.89863	3.36755	X	122738180	A	T	0.0007583927298789663	3.1201058388933305
X:7196540:T:C	1.93771e-06	0.000129703	-4.20374	-3.36712	X	7196540	T	C	0.0007595762834745179	3.119428603857275
X:22892274:A:C	0.107884	0.00690218	2.74922	3.36671	X	22892274	A	C	0.0007607063851091565	3.1187829384103742
X:7268815:C:G	6.51835e-06	0.000436109	-4.20327	-3.36666	X	7268815	C	G	0.0007608443091339009	3.1187042034155312
X:42676078:T:TA	0.00038888	2.12187e-05	2.90839	3.36619	X	42676078	T	TA	0.0007621419304049482	3.117964144340335
X:73302521:G:C	0.000878955	1.50215e-05	4.06925	3.36566	X	73302521	G	C	0.0007636076703867645	3.117129717798126
X:37416956:T:G	0.150823	1.38731e-05	9.29391	3.36556	X	37416956	T	G	0.0007638845184314648	3.1169722916844793
X:34193629:T:C	6.24788e-06	0.00053906	-4.45758	-3.36534	X	34193629	T	C	0.0007644939122008144	3.116625968601066
X:34188738:A:G	6.24588e-06	0.000538836	-4.45749	-3.36526	X	34188738	A	G	0.0007647156218232791	3.1165000378320595
X:91243573:G:A	0.000150311	0.00418839	-3.32737	-3.36412	X	91243573	G	A	0.0007678814774193754	3.11470580819118
X:89958075:GAC:G	0.0136199	0.000162011	4.43163	3.36376	X	89958075	GAC	G	0.0007688837465627048	3.114139319552247
X:93521597:C:CTG	8.71143e-06	0.168562	-9.87042	-3.36363	X	93521597	C	CTG	0.000769245975471799	3.1139347672091513
X:85695633:G:A	1.58292e-05	0.0586077	-8.21677	-3.36312	X	85695633	G	A	0.0007706685578404942	3.1131323592375857
X:83646879:C:A	1.17847e-05	0.0435593	-8.21508	-3.36213	X	83646879	C	A	0.0007734370160608576	3.111575046788067
X:146487931:G:T	0.00139036	0.050135	-3.58516	-3.36121	X	146487931	G	T	0.0007760179984210414	3.1101282059012263
X:83680061:T:A	1.17072e-05	0.0431149	-8.21142	-3.35998	X	83680061	T	A	0.000779481151150228	3.1081943821434126
X:83680099:C:T	1.17072e-05	0.0431149	-8.21142	-3.35998	X	83680099	C	T	0.000779481151150228	3.1081943821434126
X:29224504:A:T	0.0232259	0.000845704	3.31285	3.35855	X	29224504	A	T	0.0007835254515320487	3.105946891626283
X:34187640:A:T	6.52066e-06	0.000557847	-4.44911	-3.35793	X	34187640	A	T	0.0007852849702944554	3.1049727145057138
X:34187207:G:A	6.52066e-06	0.000557847	-4.44911	-3.35793	X	34187207	G	A	0.0007852849702944554	3.1049727145057138
X:114430316:T:C	0.000859623	1.69742e-05	3.9248	3.35793	X	114430316	T	C	0.0007852849702944554	3.1049727145057138
X:33842275:T:C	7.20321e-06	0.000823376	-4.73889	-3.35699	X	33842275	T	C	0.0007879596244250635	3.103496035478263
X:33840900:A:G	7.20321e-06	0.000823376	-4.73889	-3.35699	X	33840900	A	G	0.0007879596244250635	3.103496035478263
X:77034698:T:C	0.0237189	7.61928e-07	10.3459	3.35698	X	77034698	T	C	0.0007879881235925058	3.103480328065151
X:24195355:AT:A	0.00202852	5.72199e-05	3.56816	3.3569	X	24195355	AT	A	0.0007882161513766808	3.103354670229233
X:80620759:C:T	2.72892e-06	0.0099924	-8.20567	-3.35661	X	80620759	C	T	0.0007890432656141616	3.102899182465712
X:78706545:T:C	8.36625e-06	0.000300201	-3.58025	-3.356	X	78706545	T	C	0.0007907856876799877	3.1019411995225705
X:4592372:T:C	0.00448793	0.000227294	2.9829	3.35585	X	4592372	T	C	0.0007912146988376984	3.1017056532046
X:45107103:AT:A	0.21224	6.83583e-06	10.3433	3.3556	X	45107103	AT	A	0.0007919301975026562	3.101313096409735
X:45107560:GT:G	0.21224	6.83583e-06	10.3433	3.3556	X	45107560	GT	G	0.0007919301975026562	3.101313096409735
X:45107550:T:C	0.21224	6.83583e-06	10.3433	3.3556	X	45107550	T	C	0.0007919301975026562	3.101313096409735
X:90283072:A:T	5.44363e-05	0.00359943	-4.1915	-3.35506	X	90283072	A	T	0.000793477724555552	3.1004652607659646
X:119767759:CCT:C	0.0329612	0.00039582	4.42213	3.35483	X	119767759	CCT	C	0.0007941377083503303	3.1001041817152224
X:74385816:CA:C	0.00250971	9.97583e-05	3.22517	3.35424	X	74385816	CA	C	0.0007958330407029491	3.0991780341553357
X:82132640:T:C	1.35217e-05	0.00129552	-4.56238	-3.35382	X	82132640	T	C	0.000797041933399149	3.0985188292126886
X:148641596:G:A	7.89139e-05	0.00897588	-4.73394	-3.35241	X	148641596	G	A	0.0008011128345081477	3.0963063104412325
X:76137312:G:C	3.46141e-05	0.00115509	-3.50767	-3.35227	X	76137312	G	C	0.0008015180887466352	3.0960866719945503
X:27158321:C:A	0.0138908	0.000167287	4.41927	3.3522	X	27158321	C	A	0.0008017207871999202	3.095976855769979
X:34184892:C:T	6.56371e-06	0.000557847	-4.44253	-3.35217	X	34184892	C	T	0.0008018076725271377	3.095929792285727
X:33837231:T:C	8.88338e-06	0.000849185	-4.5601	-3.35168	X	33837231	T	C	0.0008032280370402463	3.0951611406879063
X:33836806:A:C	8.88338e-06	0.000849185	-4.5601	-3.35168	X	33836806	A	C	0.0008032280370402463	3.0951611406879063
X:92928619:A:C	0.00738778	0.000375761	2.97863	3.3514	X	92928619	A	C	0.0008040407218748975	3.094721955184753
X:129375186:G:A	9.87386e-06	0.197371	-9.90295	-3.35111	X	129375186	G	A	0.000804883235511234	3.0942671182051007
X:129375347:G:A	9.87386e-06	0.197371	-9.90295	-3.35111	X	129375347	G	A	0.000804883235511234	3.0942671182051007
X:81516528:CT:C	0.000365856	1.05053e-05	3.55036	3.35062	X	81516528	CT	C	0.0008063086548121159	3.093498678515206
X:71567076:A:G	0.000517385	0.0340525	-4.18687	-3.3505	X	71567076	A	G	0.0008066580939893063	3.0933105041354163
X:104934222:CT:C	0.0617725	3.75385e-06	9.70843	3.35017	X	104934222	CT	C	0.0008076197764570602	3.092793054883161
X:87182660:TAG:T	0.0812948	7.67899e-06	9.26735	3.35005	X	87182660	TAG	T	0.0008079697428638248	3.0926049025339797
X:118402643:A:G	1.65487e-05	0.00045861	-3.32189	-3.35005	X	118402643	A	G	0.0008079697428638248	3.0926049025339797
X:118402903:G:A	1.65487e-05	0.00045861	-3.32189	-3.35005	X	118402903	G	A	0.0008079697428638248	3.0926049025339797
X:4958331:A:T	1.06101e-05	0.20041	-9.84631	-3.34965	X	4958331	A	T	0.0008091373141311281	3.0919777704655895
X:33819666:C:CTTTA	1.84723e-05	0.348712	-9.84573	-3.34931	X	33819666	C	CTTTA	0.0008101309804529529	3.091444759529683
X:99359823:C:T	0.195437	6.373e-06	10.3309	3.34911	X	99359823	C	T	0.0008107160188598323	3.0911312457150526
X:154014407:G:A	1.40733e-06	3.61424e-05	-3.24577	-3.34797	X	154014407	G	A	0.0008140582302339451	3.089344528569291
X:83913647:C:CCA	2.1496e-05	0.00866876	-5.99961	-3.34768	X	83913647	C	CCA	0.0008149104792613219	3.0888900973927926
X:87010114:C:T	4.72713e-06	0.0658297	-9.54151	-3.3472	X	87010114	C	T	0.0008163229176612658	3.08813801083353
X:134421813:T:TAA	2.40585e-05	0.00122965	-3.934	-3.34666	X	134421813	T	TAA	0.0008179146257327392	3.087292025800788
X:27197101:T:C	0.00843241	5.84917e-05	4.97095	3.34584	X	27197101	T	C	0.0008203371709788663	3.0860076093252142
X:12000358:A:C	7.27313e-05	0.00236051	-3.47986	-3.34555	X	12000358	A	C	0.0008211955170534768	3.085553430129809
X:7195267:A:G	1.98112e-06	0.000129703	-4.18159	-3.3453	X	7195267	A	G	0.0008219361392621449	3.0851619238753396
X:133495776:AT:A	0.000226371	6.46e-06	3.55655	3.34502	X	133495776	AT	A	0.0008227663718185579	3.0847234671378527
X:45148872:C:T	1.82073e-05	0.341132	-9.8382	-3.34495	X	45148872	C	T	0.0008229740514887276	3.0846138579504503
X:27197824:G:A	0.00843241	5.86001e-05	4.9691	3.34427	X	27197824	G	A	0.0008249940436194723	3.083549187004661
X:4957442:C:T	1.06394e-05	0.198917	-9.83608	-3.34372	X	4957442	C	T	0.0008266312244778871	3.0826881940672193
X:27197215:C:A	0.00843241	5.86442e-05	4.96835	3.34363	X	27197215	C	A	0.0008268994135828689	3.082547316061405
X:82533197:G:T	1.79345e-06	0.0335141	-9.83558	-3.34343	X	82533197	G	T	0.0008274956783922324	3.0822342656553343
X:93521597:C:CTGTGTG	9.16761e-06	0.126737	-9.53419	-3.34307	X	93521597	C	CTGTGTG	0.0008285699603074287	3.081670816040393
X:91568767:A:G	2.52834e-05	0.00212623	-4.43196	-3.34293	X	91568767	A	G	0.0008289880859038314	3.0814517110219874
X:28712152:G:A	0.000293651	0.00740609	-3.22766	-3.34276	X	28712152	G	A	0.0008294960729911675	3.0811856656761525
X:37400074:G:A	1.09182e-05	0.150823	-9.53343	-3.34264	X	37400074	G	A	0.0008298548259555869	3.0809978760587304
X:53942324:C:G	3.84857e-05	0.00910782	-5.4666	-3.34259	X	53942324	C	G	0.0008300043488339578	3.0809196321183325
X:144313160:CATACATATAT:C	0.269583	1.66105e-05	9.6946	3.34212	X	144313160	CATACATATAT	C	0.0008314110860091473	3.0801841889222987
X:41211332:A:G	1.34835e-05	0.0031874	-5.4655	-3.3417	X	41211332	A	G	0.0008326700412578532	3.079527060597445
X:146937085:T:C	0.00987639	0.000544012	2.89893	3.34124	X	146937085	T	C	0.0008340509259099323	3.0788074311770752
X:118429588:C:CA	0.0208783	0.00099385	3.04488	3.3412	X	118429588	C	CA	0.0008341711031720252	3.078744858784483
X:88370988:T:A	0.000523464	0.0105614	-3.0045	-3.34051	X	88370988	T	A	0.0008362466909519599	3.0776655877343115
X:116772855:C:T	7.41501e-06	0.102022	-9.52944	-3.34038	X	116772855	C	T	0.0008366382796248109	3.0774622685511135
X:138073879:G:T	1.30547e-05	0.00205026	-5.05657	-3.33968	X	138073879	G	T	0.0008387497593416389	3.0763675914329225
X:77288752:G:C	9.58816e-05	0.00903547	-4.5458	-3.33831	X	77288752	G	C	0.0008428965373735401	3.074225730245177
X:148653360:AGT:A	0.172795	4.42013e-05	8.27111	3.338	X	148653360	AGT	A	0.0008438374938277329	3.073741181726443
X:127341991:C:T	7.52411e-05	0.00151401	-3.00182	-3.3379	X	127341991	C	T	0.0008441412359366089	3.073584884113322
X:73274627:A:AT	2.47041e-06	0.0338398	-9.52501	-3.33788	X	73274627	A	AT	0.0008442019965257562	3.073553625080102
X:73275370:G:C	2.47309e-06	0.0338398	-9.52392	-3.33727	X	73275370	G	C	0.0008460571442366681	3.0726003029319795
X:37408694:G:A	1.17748e-05	0.161019	-9.52332	-3.33692	X	37408694	G	A	0.0008471232796361342	3.0720533833295396
X:27179820:G:A	0.0121068	8.49114e-05	4.95992	3.33646	X	27179820	G	A	0.0008485263811426647	3.0713346506868135
X:101807831:G:A	0.000147619	1.12674e-05	2.57273	3.33625	X	101807831	G	A	0.0008491676437986101	3.071006562300943
X:26839974:T:G	2.49178e-05	0.00234297	-4.54359	-3.33625	X	26839974	T	G	0.0008491676437986101	3.071006562300943
X:100097424:C:T	1.48049e-05	0.202209	-9.5221	-3.33623	X	100097424	C	T	0.0008492287398678739	3.070975316725983
X:118440608:G:C	0.00125164	0.0398764	-3.46133	-3.33621	X	118440608	G	C	0.0008492898400138845	3.07094407131415
X:118440299:T:C	0.00125164	0.0398764	-3.46133	-3.33621	X	118440299	T	C	0.0008492898400138845	3.07094407131415
X:118439977:C:A	0.00125164	0.0398764	-3.46133	-3.33621	X	118439977	C	A	0.0008492898400138845	3.07094407131415
X:134421953:C:A	2.43198e-05	0.00122965	-3.9232	-3.33557	X	134421953	C	A	0.0008512471986906765	3.069944304265864
X:134422160:C:G	2.43198e-05	0.00122965	-3.9232	-3.33557	X	134422160	C	G	0.0008512471986906765	3.069944304265864
X:91262225:A:G	0.00127236	9.46121e-05	2.59884	3.33534	X	91262225	A	G	0.0008519516457831121	3.069585053784365
X:87345588:T:G	0.000206375	0.0133544	-4.16991	-3.33379	X	87345588	T	G	0.0008567131231945631	3.0671645804934196
X:15092097:T:A	4.63981e-05	0.00147279	-3.45766	-3.33258	X	15092097	T	A	0.0008604472865063923	3.065275730659643
X:33839334:A:ATT	8.29106e-06	0.00092086	-4.71013	-3.33036	X	33839334	A	ATT	0.0008673376718783894	3.0618117900865647
X:120687140:T:G	0.000233773	0.00818217	-3.55536	-3.32957	X	120687140	T	G	0.0008698019733891173	3.060579611351032
X:27196132:A:G	0.00843241	5.97209e-05	4.95016	3.32815	X	27196132	A	G	0.0008742478061319928	3.0583654488511054
X:34188015:C:T	6.52066e-06	0.000538836	-4.41444	-3.3276	X	34188015	C	T	0.0008759754370263335	3.057508071587038
X:91568697:A:G	2.64793e-05	0.00218812	-4.41444	-3.3276	X	91568697	A	G	0.0008759754370263335	3.057508071587038
X:91568298:G:A	2.64793e-05	0.00218812	-4.41444	-3.3276	X	91568298	G	A	0.0008759754370263335	3.057508071587038
X:91568537:G:A	2.64793e-05	0.00218812	-4.41444	-3.3276	X	91568537	G	A	0.0008759754370263335	3.057508071587038
X:78987151:CCTTCCTTCCTTA:C	0.054304	3.4429e-06	9.66604	3.3255	X	78987151	CCTTCCTTCCTTA	C	0.0008826010021467628	3.0542355837701294
X:73277080:C:T	2.69913e-06	0.0359983	-9.4983	-3.32279	X	73277080	C	T	0.0008912198002694932	3.050015173323559
X:94874755:TCACACACA:T	0.00293493	6.23398e-05	3.85184	3.32208	X	94874755	TCACACACA	T	0.0008934907239663252	3.0489099518893394
X:118434314:A:G	0.00100549	0.031536	-3.44565	-3.32072	X	118434314	A	G	0.0008978556464005418	3.0467934818305777
X:78701828:C:A	1.15502e-05	0.000289152	-3.22025	-3.32012	X	78701828	C	A	0.0008997876236590227	3.0458599847351975
X:27176367:T:A	0.0120527	8.61953e-05	4.94043	3.31988	X	27176367	T	A	0.0009005614928641872	3.045486626986823
X:43342502:CAT:C	0.000147392	0.00465988	-3.45365	-3.31941	X	43342502	CAT	C	0.00090207877394619	3.0447555360762797
X:33821357:CT:C	0.348712	2.2348e-05	9.65526	3.31923	X	33821357	CT	C	0.00090266048750498	3.0444755676589286
X:117081918:C:G	0.00229495	0.000110198	3.03619	3.31905	X	117081918	C	G	0.0009032425487190148	3.0441956124486342
X:109873001:C:T	0.000186644	0.0204746	-4.69774	-3.31888	X	109873001	C	T	0.000903792592589649	3.0439312224323714
X:9416391:C:A	6.43892e-05	0.22096	-8.14079	-3.31853	X	9416391	C	A	0.0009049260135007148	3.0433869271394243
X:74373070:G:A	4.28483e-05	0.00213054	-3.90646	-3.31838	X	74373070	G	A	0.0009054121684682467	3.043153673013839
X:74373196:A:G	4.28483e-05	0.00213054	-3.90646	-3.31838	X	74373196	A	G	0.0009054121684682467	3.043153673013839
X:5124256:CT:C	0.00494234	8.91254e-05	4.01555	3.31816	X	5124256	CT	C	0.000906125633621407	3.0428115835529277
X:105941555:A:AAG	1.9582e-06	0.0368958	-9.84383	-3.31806	X	105941555	A	AAG	0.0009064501081797554	3.0426560948652397
X:7277761:C:T	9.68408e-06	0.173191	-9.79167	-3.31796	X	7277761	C	T	0.0009067746904185738	3.042500610253671
X:69707263:G:A	4.12188e-06	0.000629626	-5.02882	-3.31704	X	69707263	G	A	0.0009097659050772518	3.041070343076815
X:69707181:G:A	4.12188e-06	0.000629626	-5.02882	-3.31704	X	69707181	G	A	0.0009097659050772518	3.041070343076815
X:136588192:AAAAAAAC:A	0.00315714	0.000245645	2.55353	3.31653	X	136588192	AAAAAAAC	A	0.0009114280154658276	3.040277626208671
X:105646148:G:A	3.23196e-05	0.00297553	-4.5225	-3.31653	X	105646148	G	A	0.0009114280154658276	3.040277626208671
X:41642193:C:G	1.83635e-05	0.0627979	-8.13731	-3.31648	X	41642193	C	G	0.0009115911188445879	3.0401999145750067
X:5143831:C:A	8.73038e-06	0.11504	-9.48623	-3.31597	X	5143831	C	A	0.0009132563190440276	3.0394073141158184
X:90288214:G:A	2.89666e-06	9.3414e-05	-3.47348	-3.3159	X	90288214	G	A	0.0009134850958102944	3.039298534091575
X:8315580:C:CCT	7.84865e-06	0.147234	-9.83943	-3.31561	X	8315580	C	CCT	0.0009144334511608043	3.038847895267163
X:34175565:G:A	6.21205e-06	0.116409	-9.83838	-3.31502	X	34175565	G	A	0.0009163656807323009	3.0379311841571077
X:146488495:C:T	0.00141695	0.0489076	-3.54143	-3.31477	X	146488495	C	T	0.0009171855627423322	3.037542790041844
X:153208121:C:G	0.00130562	8.77381e-05	2.70008	3.31451	X	153208121	C	G	0.0009180389610781423	3.0371388871841702
X:66991092:C:A	0.0183945	6.42368e-07	10.2624	3.31319	X	66991092	C	A	0.0009223829606164532	3.0350887284568535
X:33281210:A:AT	0.00323287	0.204816	-4.14874	-3.31293	X	33281210	A	AT	0.000923240838964251	3.0346849930265782
X:41641134:C:T	1.84903e-05	0.0627979	-8.13043	-3.31244	X	41641134	C	T	0.0009248596196190739	3.033924181911219
X:32024486:CAAA:C	0.100977	0.00385311	3.26601	3.31225	X	32024486	CAAA	C	0.0009254880173616161	3.0336291998472387
X:34557008:A:G	8.00283e-05	0.00209489	-3.26487	-3.31207	X	34557008	A	G	0.0009260837064444732	3.033349756726333
X:41640210:C:CT	1.85049e-05	0.0627979	-8.12964	-3.31198	X	41640210	C	CT	0.000926381684188641	3.0332100401175452
X:41640476:A:G	1.85049e-05	0.0627979	-8.12964	-3.31198	X	41640476	A	G	0.000926381684188641	3.0332100401175452
X:119762418:T:TTTTC	0.000242488	0.00834505	-3.53847	-3.31163	X	119762418	T	TTTTC	0.0009275413312179139	3.0326667291307703
X:44901363:T:A	1.78172e-05	0.315183	-9.78074	-3.31163	X	44901363	T	A	0.0009275413312179139	3.0326667291307703
X:34556110:T:G	8.00283e-05	0.0020939	-3.2644	-3.31159	X	34556110	T	G	0.0009276739479142768	3.0326046396253803
X:144736973:A:AAAT	8.98564e-05	0.00281787	-3.44553	-3.31131	X	144736973	A	AAAT	0.0009286027568126185	3.032170031345345
X:69682920:T:C	2.55895e-06	0.00866835	-8.12784	-3.31092	X	69682920	T	C	0.0009298978908298557	3.031564737342596
X:131953939:T:A	3.99011e-06	0.0741303	-9.82976	-3.3102	X	131953939	T	A	0.000932293305408703	3.0304474343402394
X:131954272:T:A	3.99011e-06	0.0741303	-9.82976	-3.3102	X	131954272	T	A	0.000932293305408703	3.0304474343402394
X:109207138:C:CTT	1.45674e-05	0.000500251	-3.53632	-3.30935	X	109207138	C	CTT	0.0009351285834905452	3.0291286679928087
X:129374568:C:T	1.0669e-05	0.19782	-9.82777	-3.30909	X	129374568	C	T	0.0009359974392102145	3.02872533944394
X:129372891:G:A	1.0669e-05	0.19782	-9.82777	-3.30909	X	129372891	G	A	0.0009359974392102145	3.02872533944394
X:69708634:T:A	4.1624e-06	0.000629626	-5.01903	-3.30907	X	69708634	T	A	0.0009360643052342934	3.028694315311982
X:86994073:A:G	0.00022851	6.85536e-06	3.50655	3.3081	X	86994073	A	G	0.0009393126246433599	3.0271898405761215
X:86994351:A:G	0.00022851	6.85536e-06	3.50655	3.3081	X	86994351	A	G	0.0009393126246433599	3.0271898405761215
X:90282397:T:C	5.51467e-05	0.00347357	-4.14294	-3.30722	X	90282397	T	C	0.0009422685848401765	3.0258252879840213
X:90282735:G:A	5.51467e-05	0.00347357	-4.14294	-3.30722	X	90282735	G	A	0.0009422685848401765	3.0258252879840213
X:83881129:GTGT:G	0.00896377	3.55479e-05	5.53006	3.30656	X	83881129	GTGT	G	0.000944491207610577	3.024802080626195
X:28931644:A:G	4.752e-05	0.00233495	-3.8946	-3.3062	X	28931644	A	G	0.0009457055933445928	3.0242440423357033
X:88370483:T:C	0.000542778	0.0105614	-2.96827	-3.3053	X	88370483	T	C	0.0009487478884957651	3.0228491776478816
X:152043985:G:A	0.000262138	0.0164773	-4.14087	-3.30518	X	152043985	G	A	0.000949154212120066	3.0226632206266637
X:138061446:C:T	1.38974e-05	0.00209187	-5.01411	-3.30505	X	138061446	C	T	0.0009495945779451714	3.0224617738083253
X:138064871:A:T	1.38974e-05	0.00209187	-5.01411	-3.30505	X	138064871	A	T	0.0009495945779451714	3.0224617738083253
X:5140058:G:A	7.64558e-06	0.098749	-9.46621	-3.30466	X	5140058	G	A	0.0009509168111961843	3.021857474670067
X:28227655:C:G	0.00221982	0.000190955	2.45314	3.30381	X	28227655	C	G	0.0009538045126119691	3.0205406271759605
X:30835635:T:C	1.27932e-05	0.164795	-9.46354	-3.30315	X	30835635	T	C	0.0009560523275531304	3.019518336860253
X:90281671:T:C	5.74091e-05	0.00359943	-4.13833	-3.30267	X	90281671	T	C	0.0009576901828043964	3.0187749644707074
X:73277491:A:T	2.79858e-06	0.0359983	-9.46212	-3.30234	X	73277491	A	T	0.0009588177154086281	3.0182639504069115
X:131950675:A:G	0.0720252	2.56894e-06	10.2413	3.30212	X	131950675	A	G	0.0009595700867493465	3.01792329901411
X:147248423:G:A	3.24866e-05	0.0123427	-5.94	-3.30203	X	147248423	G	A	0.0009598780325966882	3.0177839473098103
X:107782824:T:TATAC	1.89153e-05	0.00203654	-4.67904	-3.30157	X	107782824	T	TATAC	0.000961453408014106	3.017071756805274
X:74367825:G:T	4.72321e-05	0.00231023	-3.89003	-3.3015	X	74367825	G	T	0.0009616933488779412	3.0169633875471153
X:74365922:G:A	4.72321e-05	0.00231023	-3.89003	-3.3015	X	74365922	G	A	0.0009616933488779412	3.0169633875471153
X:90281287:C:T	5.7537e-05	0.00359943	-4.1361	-3.30048	X	90281287	C	T	0.0009651959276618529	3.015384519127235
X:14012292:ATT:A	0.0148164	0.000108468	4.91704	3.29999	X	14012292	ATT	A	0.000966882736714787	3.014626193844369
X:41471833:ATTTT:A	0.0687646	0.00532117	2.559	3.29993	X	41471833	ATTTT	A	0.0009670894722749102	3.014533344409512
X:87186483:C:T	8.16563e-05	0.00338098	-3.7234	-3.29944	X	87186483	C	T	0.0009687793456290827	3.013775128922536
X:144653122:A:G	0.0165015	0.000698374	3.16245	3.29939	X	144653122	A	G	0.0009689519353567604	3.0136977654952153
X:4950913:G:A	0.202021	1.33998e-05	9.62089	3.29923	X	4950913	G	A	0.0009695044138542489	3.013450209372093
X:95475880:CAGATAGAT:C	0.112364	1.15978e-05	9.17868	3.29827	X	95475880	CAGATAGAT	C	0.0009728254158057757	3.0119650916486296
X:144153166:G:T	0.00227915	0.0698094	-3.42196	-3.29731	X	144153166	G	T	0.0009761569498404296	3.0104803493726062
X:34174874:G:A	9.95806e-06	0.0014846	-5.00452	-3.29723	X	34174874	G	A	0.0009764350540330851	3.0103566377965665
X:122713504:G:A	9.70694e-06	0.00122293	-4.83616	-3.29662	X	122713504	G	A	0.0009785580123101978	3.0094134227608293
X:122713682:T:A	9.70694e-06	0.00122293	-4.83616	-3.29662	X	122713682	T	A	0.0009785580123101978	3.0094134227608293
X:27546941:T:A	4.3011e-05	0.00110853	-3.24933	-3.29595	X	27546941	T	A	0.0009808947110624983	3.0083776071548156
X:37404235:C:T	1.18684e-05	0.150823	-9.44999	-3.29549	X	37404235	C	T	0.0009825020019201898	3.007666556044642
X:90280272:A:T	5.81769e-05	0.00361795	-4.13017	-3.29464	X	90280272	A	T	0.0009854784141232668	3.0063528840479803
X:37402173:A:G	1.18872e-05	0.150823	-9.4484	-3.29459	X	37402173	A	G	0.0009856537569265422	3.0062756183899757
X:34200835:G:A	1.40936e-05	0.00209432	-5.00127	-3.29457	X	34200835	G	A	0.0009857239021358317	3.0062447124119163
X:44895074:T:TTTTA	2.14323e-05	0.00806275	-5.93011	-3.29446	X	44895074	T	TTTTA	0.0009861097834147116	3.0060747324450916
X:41212798:T:C	1.36374e-05	0.00303923	-5.40654	-3.29404	X	41212798	T	C	0.0009875844352230708	3.0054257633634345
X:32024508:A:T	0.0955925	0.00371923	3.24658	3.29305	X	32024508	A	T	0.0009910684826062307	3.003896334828146
X:109207999:C:T	8.66869e-06	0.15615	-9.79886	-3.29292	X	109207999	C	T	0.0009915268281117666	3.0036955304316773
X:37412564:T:C	1.27343e-05	0.161019	-9.44498	-3.29266	X	37412564	T	C	0.0009924441079502016	3.003293942290099
X:44928433:A:G	1.16739e-05	0.210145	-9.7982	-3.29256	X	44928433	A	G	0.0009927971170412835	3.003139492644379
X:138058137:T:C	1.41185e-05	0.00209187	-4.99833	-3.29218	X	138058137	T	C	0.0009941396120786432	3.0025526211382205
X:51302923:C:T	3.72534e-05	0.0139719	-5.92706	-3.29212	X	51302923	C	T	0.0009943517385540273	3.002459962592791
X:86878862:T:C	3.72492e-06	0.0121892	-8.09326	-3.29063	X	86878862	T	C	0.0009996330067662703	3.0001594123897286
X:86879007:G:A	3.72492e-06	0.0121892	-8.09326	-3.29063	X	86879007	G	A	0.0009996330067662703	3.0001594123897286
X:27197554:G:A	0.00799859	5.93053e-05	4.90432	3.28917	X	27197554	G	A	0.0010048331191080519	2.9979060591076436
X:27193315:C:CA	0.00809916	6.00635e-05	4.90411	3.28899	X	27193315	C	CA	0.0010054759599486295	2.997628308544579
X:74384020:T:G	0.00232908	9.97583e-05	3.15048	3.28892	X	74384020	T	G	0.001005726056406363	2.997520298000423
X:74384351:T:C	0.00232908	9.97583e-05	3.15048	3.28892	X	74384351	T	C	0.001005726056406363	2.997520298000423
X:7273145:A:G	1.13363e-05	0.00035616	-3.44737	-3.28813	X	7273145	A	G	0.0010085525685973255	2.9963014602110163
X:87187046:T:TTA	8.26483e-05	0.00338098	-3.71133	-3.28787	X	87187046	T	TTA	0.001009484420207062	2.995900379315998
X:149411403:C:T	6.86993e-05	0.0256081	-5.92093	-3.28743	X	149411403	C	T	0.001011063215671702	2.9952216897511366
X:87185992:T:C	8.27002e-05	0.00338098	-3.7107	-3.28727	X	87185992	T	C	0.0010116378895667038	2.994974913094356
X:87186232:G:GTA	8.27002e-05	0.00338098	-3.7107	-3.28727	X	87186232	G	GTA	0.0010116378895667038	2.994974913094356
X:87186372:G:A	8.27002e-05	0.00338098	-3.7107	-3.28727	X	87186372	G	A	0.0010116378895667038	2.994974913094356
X:87185814:A:G	8.27002e-05	0.00338098	-3.7107	-3.28727	X	87185814	A	G	0.0010116378895667038	2.994974913094356
X:87185739:T:C	8.27002e-05	0.00338098	-3.7107	-3.28727	X	87185739	T	C	0.0010116378895667038	2.994974913094356
X:87185691:T:C	8.27002e-05	0.00338098	-3.7107	-3.28727	X	87185691	T	C	0.0010116378895667038	2.994974913094356
X:87185993:C:T	8.27002e-05	0.00338098	-3.7107	-3.28727	X	87185993	C	T	0.0010116378895667038	2.994974913094356
X:81966439:G:T	0.000679957	1.27175e-05	3.97905	3.28587	X	81966439	G	T	0.0010166791986190515	2.9928160620703608
X:44225250:T:TAA	5.80003e-05	0.188243	-8.08504	-3.2858	X	44225250	T	TAA	0.0010169318734343008	2.9927081404721245
X:114431945:T:C	0.000814249	1.74192e-05	3.84469	3.28576	X	114431945	T	C	0.0010170762851384582	2.9926464718833543
X:116796258:C:T	2.46152e-06	0.00798744	-8.08485	-3.28569	X	116796258	C	T	0.0010173290512959356	2.9925385534208893
X:116796895:C:A	2.46152e-06	0.00798744	-8.08485	-3.28569	X	116796895	C	A	0.0010173290512959356	2.9925385534208893
X:116796845:A:C	2.46152e-06	0.00798744	-8.08485	-3.28569	X	116796845	A	C	0.0010173290512959356	2.9925385534208893
X:87187837:T:TAC	8.29284e-05	0.00338278	-3.70848	-3.28514	X	87187837	T	TAC	0.001019317095190822	2.991690692078803
X:87187578:A:C	8.29582e-05	0.00338278	-3.70812	-3.2848	X	87187578	A	C	0.001020547865648544	2.991166621227642
X:71834717:G:GATATATAT	7.63135e-05	0.00351722	-3.83058	-3.28474	X	71834717	G	GATATATAT	0.0010207652031634805	2.9910741430230527
X:27194809:T:A	0.00809916	6.03918e-05	4.89866	3.28436	X	27194809	T	A	0.0010221426692025638	2.990488481771722
X:27195572:T:C	0.00809916	6.03918e-05	4.89866	3.28436	X	27195572	T	C	0.0010221426692025638	2.990488481771722
X:44894621:A:AT	3.23034e-05	0.00374197	-4.7522	-3.28433	X	44894621	A	AT	0.0010222514897605727	2.9904422478615946
X:79849293:ATATATGTATATGTATATG:A	0.00520207	9.74917e-05	3.97704	3.2841	X	79849293	ATATATGTATATGTATATG	A	0.0010230861370049101	2.9900878000599906
X:134413249:A:C	2.68525e-05	0.00129101	-3.87282	-3.28383	X	134413249	A	C	0.0010240667450706017	2.9896717366500316
X:26841529:T:TAC	1.75963e-05	0.00156289	-4.48661	-3.28296	X	26841529	T	TAC	0.0010272324026640264	2.9883312898240564
X:131323581:G:A	9.31083e-06	0.115571	-9.42646	-3.2822	X	131323581	G	A	0.0010300052136102756	2.9871605770070193
X:131957317:G:A	6.07249e-06	0.0195822	-8.07861	-3.28203	X	131957317	G	A	0.001030626394879683	2.9868987392242485
X:33847570:A:G	4.03593e-06	0.000590507	-4.98575	-3.28191	X	33847570	A	G	0.001031065084494178	2.986713919639335
X:42982862:C:T	0.00981446	0.000182862	3.98288	3.28074	X	42982862	C	T	0.0010353513736262344	2.9849122359754805
X:95167742:GCACA:G	0.25259	1.7306e-05	9.58847	3.28037	X	95167742	GCACA	G	0.0010367102948330125	2.9843425887733317
X:86878425:A:G	6.4655e-06	0.0798517	-9.42145	-3.27936	X	86878425	A	G	0.00104042818914484	2.9827878896324456
X:137880405:C:T	7.41821e-05	0.0162287	-5.38802	-3.27906	X	137880405	C	T	0.0010415348885165088	2.982326177817603
X:91560762:G:C	4.10678e-05	0.00320899	-4.35849	-3.27867	X	91560762	G	C	0.0010429752262225299	2.9817260072423384
X:46014247:T:C	0.000116811	0.00714631	-4.1138	-3.2785	X	46014247	T	C	0.0010436036423522766	2.981464413808369
X:129372042:T:C	1.12768e-05	0.19782	-9.77237	-3.27812	X	129372042	T	C	0.001045009604302613	2.9808797180922
X:73208859:C:CGT	6.66676e-05	0.00222209	-3.50648	-3.27765	X	73208859	C	CGT	0.0010467509816780114	2.980156623140679
X:29226655:G:C	0.0216266	0.000854911	3.23068	3.27734	X	29226655	G	C	0.0010479010188281612	2.9796797373970247
X:4959671:G:C	1.20221e-05	0.20041	-9.72137	-3.2772	X	4959671	G	C	0.0010484207735598368	2.979464382466923
X:34558479:CT:C	7.62629e-05	0.00179334	-3.15765	-3.27564	X	34558479	CT	C	0.0010542284857747455	2.977065253110964
X:43351587:T:G	8.21905e-05	0.00248276	-3.40808	-3.27397	X	43351587	T	G	0.0010604786940595586	2.9744980524141007
X:45612296:C:T	9.81014e-05	0.00180132	-2.91027	-3.27313	X	45612296	C	T	0.0010636354535495836	2.9732071950107124
X:27196797:T:C	0.00799862	6.04643e-05	4.88497	3.27271	X	27196797	T	C	0.0010652170911508957	2.972561874027148
X:93520687:G:GTGTGTGTGTT	8.49499e-06	0.0269493	-8.06224	-3.27242	X	93520687	G	GTGTGTGTGTT	0.001066310443760983	2.972116337162901
X:27209863:CAGAG:C	7.03153e-05	0.00733525	-4.64746	-3.27232	X	27209863	CAGAG	C	0.0010666877025548825	2.9719627116996707
X:79963445:G:A	1.77314e-05	0.00084215	-3.86062	-3.2713	X	79963445	G	A	0.0010705428013569826	2.9703959645007343
X:5144459:T:C	8.88052e-06	0.108039	-9.40638	-3.27085	X	5144459	T	C	0.0010722476741234018	2.969704887142018
X:27488558:TGTGTGC:T	0.00521964	9.82931e-05	3.97223	3.27039	X	27488558	TGTGTGC	T	0.0010739930285243496	2.968998537708374
X:45145140:CT:C	0.343428	2.394e-05	9.57118	3.27031	X	45145140	CT	C	0.0010742968365484791	2.968875703121234
X:34550288:T:C	9.95811e-05	0.00250351	-3.22448	-3.27015	X	34550288	T	C	0.0010749046910979248	2.968630041762569
X:26860553:A:T	2.04892e-05	0.00119424	-4.06537	-3.26953	X	26860553	A	T	0.0010772631336551943	2.9676782024248274
X:26860401:C:A	2.04892e-05	0.00119424	-4.06537	-3.26953	X	26860401	C	A	0.0010772631336551943	2.9676782024248274
X:28226975:G:A	0.000142231	0.00224441	-2.75875	-3.26917	X	28226975	G	A	0.0010786347474786174	2.9671255933236274
X:148649337:G:A	0.181966	5.26564e-05	8.14779	3.26812	X	148649337	G	A	0.001082644519821483	2.9655141180954425
X:148649524:C:T	0.181966	5.26564e-05	8.14779	3.26812	X	148649524	C	T	0.001082644519821483	2.9655141180954425
X:93537475:A:G	0.000163281	0.00764665	-3.84655	-3.26704	X	93537475	A	G	0.001086783237124247	2.9638570688928887
X:137893235:G:C	1.82327e-05	0.00159054	-4.46861	-3.26612	X	137893235	G	C	0.0010903203478341626	2.9624458829250546
X:73283779:G:A	6.61497e-06	0.000299054	-3.81129	-3.26599	X	73283779	G	A	0.0010908210146051837	2.9622465039911714
X:27181583:T:C	0.0105307	8.02459e-05	4.87696	3.2659	X	27181583	T	C	0.001091167754608256	2.9621084764509917
X:82699269:A:G	0.0121389	0.000380376	3.46301	3.26585	X	82699269	A	G	0.001091360431986514	2.9620317959087687
X:82699380:A:G	0.0121389	0.000380376	3.46301	3.26585	X	82699380	A	G	0.001091360431986514	2.9620317959087687
X:150137637:TC:T	0.00650559	0.000284845	3.12847	3.26582	X	150137637	TC	T	0.0010914760535165348	2.9619857880718485
X:153212338:A:G	6.8007e-05	6.09863e-06	2.41155	3.26528	X	153212338	A	G	0.0010935591792102138	2.961157709646004
X:146488983:A:G	0.0014264	0.0469808	-3.49458	-3.26501	X	146488983	A	G	0.0010946021203075834	2.960743714939182
X:99357554:G:A	0.195437	7.48681e-06	10.1698	3.26467	X	99357554	G	A	0.0010959167620623665	2.960222430477382
X:30195959:G:A	0.0119093	9.09212e-05	4.87509	3.2643	X	30195959	G	A	0.00109734906063961	2.959655203786917
X:4958598:A:T	0.000100489	0.00401041	-3.6866	-3.26418	X	4958598	A	T	0.0010978139615496108	2.95947125033943
X:78685837:T:A	1.93515e-06	0.0231928	-9.39141	-3.26239	X	78685837	T	A	0.001104770391042106	2.9567279738024737
X:29137110:GCTTACTGCTTACCTTGGCCTCAGCTAC:G	0.00845716	0.000106372	4.37582	3.26238	X	29137110	GCTTACTGCTTACCTTGGCCTCAGCTAC	G	0.0011048093680166412	2.9567126518980307
X:109551665:A:G	7.37016e-05	0.0105245	-4.96144	-3.26209	X	109551665	A	G	0.0011059402535758365	2.956268334372369
X:29146474:A:G	6.12616e-05	0.0131206	-5.36679	-3.26189	X	29146474	A	G	0.001106720798213086	2.9559619284340317
X:79794884:A:G	1.37101e-06	7.92558e-05	-4.05713	-3.26178	X	79794884	A	G	0.0011071503148659635	2.955793412106709
X:79143395:AAAAAC:A	7.94774e-05	2.20999e-06	3.58249	3.26097	X	79143395	AAAAAC	A	0.001110317868967123	2.9545526707847283
X:43878408:TTG:T	0.000125707	0.0452603	-5.88623	-3.26086	X	43878408	TTG	T	0.0011107486763050401	2.95438419564168
X:10987750:G:GGTGTGT	2.12911e-05	0.345047	-9.69315	-3.26084	X	10987750	G	GGTGTGT	0.0011108270215156532	2.954353564326528
X:85921087:C:A	0.000225582	0.0195648	-4.4628	-3.2607	X	85921087	C	A	0.0011113755810753705	2.954139149678339
X:70368298:C:T	9.30478e-05	0.0334469	-5.8846	-3.25961	X	70368298	C	T	0.001115655083672525	2.9524700512861934
X:119766219:C:CA	0.000222066	0.0192341	-4.46147	-3.25944	X	119766219	C	CA	0.0011163239008611687	2.9522097767718396
X:100092818:G:A	1.36189e-05	0.231019	-9.7388	-3.25935	X	100092818	G	A	0.0011166781306122273	2.9520719891430485
X:91562981:G:T	3.73237e-05	0.00285147	-4.33596	-3.25897	X	91562981	G	T	0.0011181749134128829	2.9514902554940603
X:91562988:C:T	3.73237e-05	0.00285147	-4.33596	-3.25897	X	91562988	C	T	0.0011181749134128829	2.9514902554940603
X:90270041:G:A	7.35243e-05	0.00133125	-2.89626	-3.25879	X	90270041	G	A	0.00111888456303838	2.951214717959166
X:41640377:C:T	0.0627979	1.85049e-05	8.12964	3.25784	X	41640377	C	T	0.0011226368393564084	2.9497607104980528
X:41640566:A:T	0.0627979	1.85049e-05	8.12964	3.25784	X	41640566	A	T	0.0011226368393564084	2.9497607104980528
X:127967185:CTT:C	3.0584e-05	1.15778e-06	3.27398	3.25774	X	127967185	CTT	C	0.001123032491845935	2.9496076784444525
X:93522144:G:A	1.12149e-05	0.189679	-9.73585	-3.2577	X	93522144	G	A	0.0011231907889356198	2.9495464667623787
X:117079400:T:A	0.00219651	0.000111746	2.9784	3.25759	X	117079400	T	A	0.0011236262123064118	2.9493781379937345
X:117079331:C:T	0.00219651	0.000111746	2.9784	3.25759	X	117079331	C	T	0.0011236262123064118	2.9493781379937345
X:4724379:A:AC	0.0254676	0.00170215	2.70552	3.25701	X	4724379	A	AC	0.0011259246628991485	2.948490667727813
X:34831439:C:CT	0.0447271	0.00085398	3.95843	3.25698	X	34831439	C	CT	0.0011260436664216294	2.9484447678165973
X:24174492:C:G	0.00142493	7.93664e-05	2.8878	3.25675	X	24174492	C	G	0.0011269564131556214	2.9480928806637934
X:37380055:CT:C	0.161015	1.78504e-05	9.10723	3.25654	X	37380055	CT	C	0.0011277903879227766	2.947771611192857
X:30693011:C:CTT	6.04894e-06	0.10209	-9.73373	-3.25652	X	30693011	C	CTT	0.0011278698438409594	2.9477410150362644
X:79143131:C:T	2.63819e-06	0.0444976	-9.7331	-3.25617	X	79143131	C	T	0.0011292611604107178	2.9472056086427343
X:85697554:G:A	1.70657e-05	0.000396594	-3.14584	-3.25574	X	85697554	G	A	0.0011309726642958486	2.946547891881743
X:5142765:A:T	8.60323e-06	0.101835	-9.37897	-3.25536	X	5142765	A	T	0.0011324871517332624	2.9459667164347763
X:78706702:T:TA	9.00374e-06	0.000293526	-3.48433	-3.25412	X	78706702	T	TA	0.0011374422137652215	2.9440706578623876
X:41200216:AT:A	0.000341384	1.47981e-05	3.13851	3.25404	X	41200216	AT	A	0.0011377625823756267	2.943948352986071
X:153211922:C:T	6.71809e-05	6.09863e-06	2.39932	3.25397	X	153211922	C	T	0.001138042973331518	2.943841338355379
X:31690446:A:G	0.000434166	3.08878e-05	2.64306	3.25396	X	31690446	A	G	0.0011380830343962667	2.943826050713744
X:116795265:C:T	2.38472e-06	0.00732441	-8.02989	-3.25343	X	116795265	C	T	0.0011402081372215876	2.9430158639301824
X:120684149:A:AAGAT	0.00846577	0.000342862	3.20646	3.2534	X	120684149	A	AAGAT	0.0011403285356797969	2.9429700077186163
X:116795003:G:A	2.38472e-06	0.00732311	-8.02971	-3.25333	X	116795003	G	A	0.0011406095111184933	2.942863011315654
X:145010411:A:G	0.0001168	0.00886482	-4.32938	-3.25321	X	145010411	A	G	0.0011410913321920355	2.9426795935488355
X:85683084:A:G	5.21678e-06	0.0615077	-9.37504	-3.25314	X	85683084	A	G	0.001141372481361321	2.9425726025571666
X:7162882:T:TA	7.19769e-06	0.000429093	-4.08791	-3.253	X	7162882	T	TA	0.001141934971804666	2.942358626554705
X:109176651:A:C	2.32869e-06	5.36199e-05	-3.13662	-3.25266	X	109176651	A	C	0.001143302086977794	2.941839003748516
X:109177115:G:A	2.32869e-06	5.36199e-05	-3.13662	-3.25266	X	109177115	G	A	0.001143302086977794	2.941839003748516
X:146624389:ATATCTATCTATC:A	0.0387421	0.000164444	5.46212	3.25222	X	146624389	ATATCTATCTATC	A	0.0011450735406171996	2.9411666205217966
X:91461018:CA:C	0.126122	9.07141e-06	9.53988	3.2521	X	91461018	CA	C	0.00114555710445655	2.9409832569484076
X:28709757:G:A	6.00169e-05	0.0126978	-5.35456	-3.252	X	28709757	G	A	0.0011459602185027926	2.9408304584459373
X:87187253:C:T	8.40682e-05	0.00331193	-3.67366	-3.25178	X	87187253	C	T	0.0011468475309801861	2.9404943160615784
X:87187242:A:G	8.40682e-05	0.00331193	-3.67366	-3.25178	X	87187242	A	G	0.0011468475309801861	2.9404943160615784
X:27541343:T:TTTTA	1.92578e-05	0.000568418	-3.38494	-3.25089	X	27541343	T	TTTTA	0.0011504435981118343	2.939134668285419
X:33826089:C:T	2.18979e-05	0.348712	-9.67561	-3.25067	X	33826089	C	T	0.0011513341186693122	2.9387986252517146
X:127544034:A:G	1.56212e-07	1.86241e-05	-4.781	-3.25	X	127544034	A	G	0.0011540500847815318	2.937775342764134
X:87187954:A:G	8.43722e-05	0.00331367	-3.67058	-3.24883	X	87187954	A	G	0.0011588070946846117	2.9359888545340804
X:30684063:T:TCTAA	0.00264669	3.59254e-05	4.29962	3.24876	X	30684063	T	TCTAA	0.0011590922758636843	2.935881988278701
X:127542515:A:T	1.56462e-07	1.86241e-05	-4.7794	-3.24865	X	127542515	A	T	0.0011595405487680266	2.9357140596191043
X:127542271:C:A	1.56462e-07	1.86241e-05	-4.7794	-3.24865	X	127542271	C	A	0.0011595405487680266	2.9357140596191043
X:35269125:C:A	1.14088e-05	0.000209285	-2.90931	-3.24801	X	35269125	C	A	0.0011621518615912406	2.934737117778912
X:99352053:C:T	1.17634e-05	0.195437	-9.71799	-3.24772	X	99352053	C	T	0.001163336901052511	2.9342944958650303
X:145016323:A:G	0.0122561	0.00023935	3.93585	3.24766	X	145016323	A	G	0.0011635822210135504	2.9342029231887268
X:12053359:GAAGAAAGA:G	0.0113781	8.85861e-05	4.85547	3.24762	X	12053359	GAAGAAAGA	G	0.0011637457942135043	2.934141875551454
X:138076351:C:A	0.00012203	0.0123827	-4.61979	-3.24669	X	138076351	C	A	0.0011675548669391913	2.932722701469314
X:146935694:A:AT	0.00965907	0.000580646	2.81151	3.24573	X	146935694	A	AT	0.0011714988952543808	2.931258116614737
X:82628458:C:T	0.00132637	1.0353e-05	4.85292	3.24546	X	82628458	C	T	0.0011726103693888283	2.9308462696698663
X:82628414:G:A	0.00132637	1.0353e-05	4.85292	3.24546	X	82628414	G	A	0.0011726103693888283	2.9308462696698663
X:139469828:TTTTATTTA:T	0.0215716	0.000168394	4.85283	3.24537	X	139469828	TTTTATTTA	T	0.0011729810772583599	2.9307089939446276
X:99127269:T:C	0.000156278	0.00300587	-2.95669	-3.24516	X	99127269	T	C	0.0011738464834777247	2.930388696732341
X:5140409:G:C	8.49802e-06	0.098749	-9.3605	-3.24493	X	5140409	G	C	0.0011747949862671516	2.9300379156061287
X:35286920:T:C	0.00317543	7.30284e-05	3.77235	3.24484	X	35286920	T	C	0.0011751663322767051	2.9299006592837413
X:35285767:G:C	0.00317543	7.30284e-05	3.77235	3.24484	X	35285767	G	C	0.0011751663322767051	2.9299006592837413
X:154008777:C:T	3.67711e-06	8.58862e-05	-3.1509	-3.24446	X	154008777	C	T	0.0011767354337509795	2.929321168913205
X:144653493:G:C	0.0159089	0.000717172	3.09932	3.24417	X	144653493	G	C	0.0011779342081420612	2.928878965778795
X:144159698:G:A	0.00244775	0.070986	-3.36731	-3.24329	X	144159698	G	A	0.0011815787792971463	2.9275373173888193
X:150764048:C:G	0.00136597	0.039973	-3.37634	-3.24232	X	150764048	C	G	0.0011856081610697906	2.9260588199118303
X:41192441:GT:G	0.000390076	3.05708e-06	4.84888	3.24202	X	41192441	GT	G	0.0011868569297415505	2.925601630134409
X:72551612:C:G	6.11014e-05	0.0214596	-5.86139	-3.24184	X	72551612	C	G	0.0011876067741485076	2.92532733383877
X:83642978:AT:A	0.0434422	1.31706e-05	8.1012	3.24172	X	83642978	AT	A	0.0011881069135640425	2.925144476962808
X:73281418:C:T	3.11907e-06	0.0360032	-9.35383	-3.24116	X	73281418	C	T	0.0011904434715925595	2.924291222315626
X:144152765:T:C	0.00267931	0.068561	-3.24217	-3.24098	X	144152765	T	C	0.0011911954092495738	2.924016988981048
X:45122716:A:G	2.12566e-05	0.332875	-9.65886	-3.24095	X	45122716	A	G	0.001191320774846358	2.9239712847064516
X:7193451:C:CT	2.07941e-06	0.000122445	-4.07558	-3.24085	X	7193451	C	CT	0.001191738748211728	2.923818939768134
X:80144968:A:AT	0.00273429	8.64101e-05	3.45452	3.24061	X	80144968	A	AT	0.0011927424371261368	2.923453328510222
X:100915688:C:CTG	0.000443051	0.0103079	-3.14698	-3.24018	X	100915688	C	CTG	0.0011945426664361184	2.9227983335935988
X:42675662:T:TTG	0.000382164	2.16341e-05	2.87158	3.23985	X	42675662	T	TTG	0.0011959259398713416	2.922295714077618
X:42674191:A:G	0.000382164	2.16341e-05	2.87158	3.23985	X	42674191	A	G	0.0011959259398713416	2.922295714077618
X:42674045:C:T	0.000382164	2.16341e-05	2.87158	3.23985	X	42674045	C	T	0.0011959259398713416	2.922295714077618
X:30823177:AT:A	0.149958	1.71154e-05	9.07813	3.23955	X	30823177	AT	A	0.0011971847451915612	2.9218388256786025
X:144657199:CT:C	0.0101246	0.000582622	2.85519	3.23941	X	144657199	CT	C	0.0011977726064832034	2.921625623618838
X:47112223:T:C	0.0211905	0.00173806	2.50079	3.23873	X	47112223	T	C	0.0012006317279435544	2.9205901841446122
X:85924709:A:C	0.000231011	0.0195648	-4.43902	-3.23846	X	85924709	A	C	0.0012017687150197953	2.9201791059236437
X:91432277:C:CTT	1.66099e-05	0.000379689	-3.12935	-3.23821	X	91432277	C	CTT	0.0012028223676298477	2.9197985043760646
X:123693922:C:G	9.08102e-05	0.0188821	-5.3372	-3.23797	X	123693922	C	G	0.0012038346769428373	2.919433150803539
X:117242115:G:A	2.42659e-05	1.09431e-06	3.09894	3.23752	X	117242115	G	A	0.0012057348785082787	2.918748175992514
X:117243229:G:T	2.42659e-05	1.09431e-06	3.09894	3.23752	X	117243229	G	T	0.0012057348785082787	2.918748175992514
X:87170236:A:G	2.00617e-07	7.78568e-06	-3.65864	-3.23739	X	87170236	A	G	0.0012062843412375696	2.918550309712248
X:87170423:T:C	2.00617e-07	7.78568e-06	-3.65864	-3.23739	X	87170423	T	C	0.0012062843412375696	2.918550309712248
X:34558358:G:A	0.00185197	9.82404e-05	2.93659	3.23735	X	34558358	G	A	0.001206453453221557	2.9184894291625603
X:86878678:A:G	0.0121892	3.72492e-06	8.09326	3.23723	X	86878678	A	G	0.0012069609205862166	2.9183067914175815
X:4958212:T:C	0.000103439	0.00401041	-3.65767	-3.23646	X	4958212	T	C	0.001210221864244804	2.9171350052334586
X:24178080:C:T	0.00106142	7.23257e-05	2.68619	3.23644	X	24178080	C	T	0.001210306672416188	2.917104572441356
X:42819195:A:G	0.0162636	0.000377511	3.76309	3.23584	X	42819195	A	G	0.0012128534717176	2.9161916643175845
X:27215378:T:C	0.00768403	6.06714e-05	4.84143	3.23568	X	27215378	T	C	0.0012135334537418348	2.915948246876161
X:32243001:C:G	0.0323677	0.000441588	4.29454	3.23554	X	32243001	C	G	0.001214128726858973	2.915735265154696
X:115707110:G:GAACA	0.000187037	0.0387687	-5.33406	-3.23543	X	115707110	G	GAACA	0.001214596630651983	2.915567927965045
X:28074716:C:G	5.22843e-05	0.00612065	-4.76273	-3.23456	X	28074716	C	G	0.0012183031966185775	2.9142446162745923
X:37384089:C:T	0.15082	1.73961e-05	9.0676	3.2334	X	37384089	C	T	0.0012232615372843268	2.912480679467235
X:140462583:G:T	7.5555e-05	0.00755501	-4.60511	-3.23309	X	140462583	G	T	0.001224589763484064	2.912009375213013
X:129390490:C:T	1.1218e-05	0.181379	-9.69083	-3.23254	X	129390490	C	T	0.0012269495723637917	2.911173286412514
X:116796885:C:T	0.00798744	2.46152e-06	8.08485	3.23246	X	116796885	C	T	0.0012272931669515938	2.9110516837429175
X:116796744:A:G	0.00798744	2.46152e-06	8.08485	3.23246	X	116796744	A	G	0.0012272931669515938	2.9110516837429175
X:76140688:A:G	4.21373e-05	0.00125622	-3.39493	-3.23234	X	76140688	A	G	0.0012278087254596936	2.9108692846179367
X:122726375:T:C	2.99495e-05	0.00325444	-4.68826	-3.23221	X	122726375	T	C	0.0012283674728892865	2.910671692173389
X:122726093:T:C	2.99495e-05	0.00325444	-4.68826	-3.23221	X	122726093	T	C	0.0012283674728892865	2.910671692173389
X:34198565:A:AT	3.18056e-06	0.000656547	-5.32994	-3.2321	X	34198565	A	AT	0.0012288404425881683	2.9105045039337822
X:78999180:G:A	7.53037e-06	0.00155387	-5.32956	-3.2318	X	78999180	G	A	0.0012301312149330583	2.9100485610142672
X:27192908:C:T	0.00809916	6.42431e-05	4.83684	3.23178	X	27192908	C	T	0.001230217310928343	2.910018166120789
X:45124317:T:C	2.15961e-05	0.332875	-9.64301	-3.23177	X	45124317	T	C	0.0012302603610128597	2.9100029687350406
X:4725060:A:G	0.00106686	0.0300612	-3.33851	-3.23142	X	4725060	A	G	0.0012317679907816435	2.9094710858501847
X:122075020:T:TTG	3.43399e-05	0.00192179	-4.0247	-3.23128	X	122075020	T	TTG	0.0012323715202964525	2.9092583466428383
X:92288232:G:T	0.000503261	0.0293373	-4.0655	-3.23092	X	92288232	G	T	0.0012339247075694405	2.9087113395610658
X:29130250:A:G	6.16638e-05	0.012709	-5.32837	-3.23083	X	29130250	A	G	0.0012343132867527304	2.9085745960242853
X:148647361:C:T	6.1651e-05	0.181966	-7.99009	-3.23007	X	148647361	C	T	0.0012375991312854279	2.9074200041552283
X:7204931:A:G	8.83243e-07	0.000121264	-4.92213	-3.23002	X	7204931	A	G	0.0012378155882136362	2.9073440523973355
X:104937367:C:G	3.56586e-06	0.0403435	-9.33378	-3.22983	X	104937367	C	G	0.001238638443427091	2.9070554449875514
X:42672093:C:CAA	0.000307642	2.53181e-05	2.49742	3.22787	X	42672093	C	CAA	0.001247156376778538	2.9040790883706067
X:55801138:CAA:C	2.12039e-06	0.0339749	-9.68178	-3.22748	X	55801138	CAA	C	0.0012488577105133473	2.903487040456218
X:109566305:AG:A	0.000201768	0.00918171	-3.81785	-3.22737	X	109566305	AG	A	0.001249337961200064	2.9033200637633176
X:79792995:C:CT	7.54313e-05	1.40784e-06	3.98117	3.22671	X	79792995	C	CT	0.0012522230482489675	2.902318306911528
X:154689888:C:A	0.000321522	1.47948e-05	3.07879	3.22621	X	154689888	C	A	0.0012544128144442838	2.9015595181050964
X:102736268:T:C	3.0913e-06	0.000306794	-4.59758	-3.22613	X	102736268	T	C	0.001254763504965666	2.9014381213279106
X:131925546:CAAT:C	0.00700304	0.000224747	3.43912	3.22485	X	131925546	CAAT	C	0.0012603868786088509	2.899496126743225
X:35282961:C:T	5.2619e-05	0.00304725	-4.05892	-3.22443	X	35282961	C	T	0.0012622371121376581	2.898859054901498
X:35520800:A:AAC	0.00204385	5.89652e-05	3.54564	3.22431	X	35520800	A	AAC	0.0012627662106965997	2.898677047546643
X:27539729:T:A	2.34957e-05	0.000564934	-3.17989	-3.22389	X	27539729	T	A	0.0012646196685838478	2.8980400679039446
X:73276285:C:CTA	2.71505e-06	0.0303838	-9.32285	-3.22366	X	73276285	C	CTA	0.0012656357214197716	2.8976912761057525
X:4598795:T:C	0.00912302	0.000567817	2.77676	3.22258	X	4598795	T	C	0.0012704168382062606	2.8960537587050754
X:28230731:G:A	0.00635735	0.000481457	2.58055	3.22204	X	28230731	G	A	0.0012728136442426803	2.895235177808721
X:28230555:AT:A	0.00635735	0.000481457	2.58055	3.22204	X	28230555	AT	A	0.0012728136442426803	2.895235177808721
X:28230679:T:G	0.00635735	0.000481457	2.58055	3.22204	X	28230679	T	G	0.0012728136442426803	2.895235177808721
X:79413792:TA:T	0.00861408	3.79781e-05	5.42414	3.22186	X	79413792	TA	T	0.0012736135067832688	2.894962343850802
X:25854383:TAATA:T	0.00739094	0.000237937	3.436	3.22165	X	25854383	TAATA	T	0.0012745472662121667	2.8946440542123737
X:80735838:TAAC:T	0.0136732	6.03048e-05	5.42378	3.22157	X	80735838	TAAC	T	0.001274903150294877	2.894522805732057
X:147252566:C:T	0.143448	1.69147e-05	9.04554	3.22052	X	147252566	C	T	0.001279582640039991	2.8929316605744737
X:30687696:T:A	8.13482e-06	0.122879	-9.6228	-3.22005	X	30687696	T	A	0.001281682401373777	2.892219578888174
X:80622331:G:T	2.64291e-06	0.0399188	-9.62272	-3.22	X	80622331	G	T	0.001281905967320109	2.892143830801418
X:45147688:C:CAA	2.27482e-05	0.34343	-9.62225	-3.21973	X	45147688	C	CAA	0.001283113845591473	2.8917348086923496
X:82616298:T:A	1.53461e-07	3.1195e-05	-5.31457	-3.21967	X	82616298	T	A	0.0012833824056162598	2.8916439189143532
X:82616345:C:T	1.53461e-07	3.1195e-05	-5.31457	-3.21967	X	82616345	C	T	0.0012833824056162598	2.8916439189143532
X:119770215:A:G	0.000528818	0.0304546	-4.05335	-3.21894	X	119770215	A	G	0.0012866540445028083	2.8905382104854733
X:33839388:C:T	8.58866e-06	0.000845491	-4.58947	-3.21862	X	33839388	C	T	0.0012880906130821653	2.8900535846645847
X:100763192:G:GATAGA	8.24789e-05	0.00946986	-4.74333	-3.21816	X	100763192	G	GATAGA	0.0012901582743025464	2.8893570079645152
X:78227433:G:A	0.000830771	2.41315e-05	3.53884	3.21754	X	78227433	G	A	0.0012929499693743727	2.88841827979479
X:78227311:T:C	0.000830771	2.41315e-05	3.53884	3.21754	X	78227311	T	C	0.0012929499693743727	2.88841827979479
X:78228404:T:A	0.000830771	2.41315e-05	3.53884	3.21754	X	78228404	T	A	0.0012929499693743727	2.88841827979479
X:78228381:G:A	0.000830771	2.41315e-05	3.53884	3.21754	X	78228381	G	A	0.0012929499693743727	2.88841827979479
X:76141291:A:G	4.2732e-05	0.00125622	-3.38091	-3.21743	X	76141291	A	G	0.0012934458520879673	2.8882517475671725
X:76141299:C:G	4.2732e-05	0.00125622	-3.38091	-3.21743	X	76141299	C	G	0.0012934458520879673	2.8882517475671725
X:28140885:G:GTGTATA	9.09313e-06	0.100427	-9.30967	-3.21621	X	28140885	G	GTGTATA	0.0012989574242350133	2.886405083509591
X:131952503:G:GAT	4.17056e-06	0.046041	-9.30924	-3.21596	X	131952503	G	GAT	0.0013000895173414912	2.8860267434247135
X:10264910:CTT:C	0.00321514	0.00019885	2.78308	3.21467	X	10264910	CTT	C	0.0013059456036650136	2.884074912280024
X:131326342:C:CTG	8.48725e-06	0.1329	-9.65879	-3.21463	X	131326342	C	CTG	0.0013061275762547362	2.884014401194569
X:33819926:G:A	1.75625e-05	0.274883	-9.65833	-3.21437	X	33819926	G	A	0.001307310968596268	2.883621094988849
X:73272512:GAAAGA:G	0.0381951	1.61163e-06	10.0732	3.21402	X	73272512	GAAAGA	G	0.0013089055593147165	2.8830916877106025
X:37382718:AT:A	0.15082	1.79882e-05	9.03413	3.21385	X	37382718	AT	A	0.0013096807222780424	2.8828345649953815
X:102751298:G:A	2.63921e-06	0.000258412	-4.58408	-3.21362	X	102751298	G	A	0.001310730146497902	2.8824867117807145
X:90274494:A:T	0.00368801	8.76432e-05	3.73957	3.21298	X	90274494	A	T	0.0013136543687185744	2.881518885539922
X:99341847:T:A	0.160272	1.91684e-05	9.03137	3.21224	X	99341847	T	A	0.0013170430049206463	2.8804000439487667
X:69736010:GA:G	0.000427069	8.10924e-06	3.96394	3.21194	X	69736010	GA	G	0.001318419072805066	2.8799465229147994
X:7176643:C:CA	3.68161e-06	0.000210317	-4.04527	-3.21098	X	7176643	C	CA	0.0013228314104342096	2.8784955013783122
X:53359252:C:CA	0.00103631	2.46792e-05	3.73746	3.21094	X	53359252	C	CA	0.0013230155531930932	2.8784350502749083
X:24169593:T:TAA	0.00230713	0.00013431	2.84361	3.2107	X	24169593	T	TAA	0.0013241209065422415	2.8780723573081564
X:87171885:C:T	2.15021e-07	8.11481e-06	-3.63071	-3.21063	X	87171885	C	T	0.0013244434617470133	2.8779665762685025
X:79797438:ACT:A	7.92558e-05	1.5073e-06	3.96236	3.21058	X	79797438	ACT	A	0.0013246739027090706	2.877891019602104
X:70371235:C:CT	5.64316e-05	0.000974564	-2.84896	-3.21038	X	70371235	C	CT	0.0013255960365651973	2.8775888030953864
X:102747222:G:T	2.64988e-06	0.000258412	-4.58004	-3.20988	X	102747222	G	T	0.0013279039631387472	2.876833332940201
X:93531315:T:C	0.00288647	0.000133986	3.07005	3.20984	X	93531315	T	C	0.00132808875733835	2.876772899716355
X:37389093:A:G	1.38362e-05	0.15082	-9.29656	-3.2088	X	37389093	A	G	0.001332901743077823	2.875201864098447
X:37390405:G:A	1.38362e-05	0.15082	-9.29656	-3.2088	X	37390405	G	A	0.001332901743077823	2.875201864098447
X:117361461:C:A	1.69263e-05	0.00178683	-4.65933	-3.20863	X	117361461	C	A	0.001333690009710502	2.8749451019911954
X:117361420:C:T	1.69263e-05	0.00178683	-4.65933	-3.20863	X	117361420	C	T	0.001333690009710502	2.8749451019911954
X:117361523:C:T	1.69263e-05	0.00178683	-4.65933	-3.20863	X	117361523	C	T	0.001333690009710502	2.8749451019911954
X:5145187:T:C	0.000323635	1.46897e-05	3.09247	3.20812	X	5145187	T	C	0.0013360573910008795	2.874174886127194
X:4953550:C:T	1.36624e-05	0.202027	-9.60151	-3.2077	X	4953550	C	T	0.001338009909628087	2.873540670065312
X:82628694:G:A	0.00132637	1.08254e-05	4.80831	3.20751	X	82628694	G	A	0.0013388940564124	2.873253786345572
X:37417094:A:G	1.38731e-05	0.150823	-9.29391	-3.2073	X	37417094	A	G	0.0013398718983677308	2.87293672140492
X:107793046:A:G	1.06147e-06	0.000103213	-4.57713	-3.20719	X	107793046	A	G	0.001340384364206021	2.872770646920511
X:91556701:G:C	4.46033e-05	0.00320899	-4.2759	-3.20644	X	91556701	G	C	0.0013438832719595093	2.8716384519261138
X:91557719:A:G	4.46033e-05	0.00320899	-4.2759	-3.20644	X	91557719	A	G	0.0013438832719595093	2.8716384519261138
X:91557965:T:G	4.46033e-05	0.00320899	-4.2759	-3.20644	X	91557965	T	G	0.0013438832719595093	2.8716384519261138
X:78705307:A:G	1.30564e-05	0.000294438	-3.11579	-3.20615	X	78705307	A	G	0.0013452384404439236	2.871200731132787
X:117243413:T:C	1.09431e-06	2.42659e-05	-3.09894	-3.20587	X	117243413	T	C	0.0013465480751143524	2.8707781365828353
X:117242080:G:T	1.09431e-06	2.42659e-05	-3.09894	-3.20587	X	117242080	G	T	0.0013465480751143524	2.8707781365828353
X:117242411:C:A	1.09431e-06	2.42659e-05	-3.09894	-3.20587	X	117242411	C	A	0.0013465480751143524	2.8707781365828353
X:145622480:GTA:G	0.00327271	0.000132087	3.20991	3.20552	X	145622480	GTA	G	0.0013481867724729416	2.8702499381898043
X:16521457:G:C	5.10206e-06	0.0785563	-9.64193	-3.2052	X	16521457	G	C	0.0013496866197954293	2.8697670574995344
X:82446744:T:G	3.85968e-06	0.0109051	-7.94641	-3.20443	X	82446744	T	G	0.0013533019377251912	2.8686052963376882
X:117363659:C:T	1.27423e-05	0.000280614	-3.09205	-3.20398	X	117363659	C	T	0.001355418919678147	2.867926456533922
X:146935973:G:A	0.00946542	0.000591392	2.77292	3.20357	X	146935973	G	A	0.0013573503846091956	2.8673080296725146
X:146935820:T:C	0.00946542	0.000591392	2.77292	3.20357	X	146935820	T	C	0.0013573503846091956	2.8673080296725146
X:37420688:G:A	0.161024	1.95489e-05	9.01639	3.20349	X	37420688	G	A	0.001357727551712105	2.8671873689795664
X:27158260:C:T	0.000166367	0.0161083	-4.5729	-3.20326	X	27158260	C	T	0.0013588124457066936	2.8668404839708446
X:45113474:C:T	0.217008	9.3677e-06	10.0504	3.20207	X	45113474	C	T	0.0013644383754861343	2.865046074351497
X:83296282:A:G	0.00681641	3.08455e-05	5.3981	3.20103	X	83296282	A	G	0.0013693727398113272	2.863478321910028
X:35279075:T:TAGAAGG	0.00280155	6.74301e-05	3.72684	3.20061	X	35279075	T	TAGAAGG	0.0013713701253413283	2.8628453156703593
X:102745767:G:C	2.80984e-06	0.000271203	-4.56974	-3.20034	X	102745767	G	C	0.0013726555774880602	2.862438420928566
X:80161064:A:G	2.25388e-06	0.000151559	-4.20832	-3.20029	X	80161064	A	G	0.0013728937461016083	2.8623630733003176
X:89807475:G:GT	5.25732e-05	0.0174776	-5.80647	-3.19979	X	89807475	G	GT	0.00137527752938685	2.861609652874371
X:26861137:C:A	2.20663e-05	0.00119424	-3.99121	-3.19978	X	26861137	C	A	0.0013753252439661187	2.8615945855017313
X:91554765:A:G	0.00379884	7.84123e-05	3.88047	3.19867	X	91554765	A	G	0.0013806310628209804	2.859922359645393
X:114902603:G:GTATT	4.05535e-05	0.113443	-7.93643	-3.19858	X	114902603	G	GTATT	0.0013810620906491192	2.8597867957007947
X:15031181:T:C	5.22192e-07	1.44688e-05	-3.32172	-3.19823	X	15031181	T	C	0.0013827394899804538	2.859259633861032
X:44922916:A:AC	1.38456e-05	0.210518	-9.62936	-3.19818	X	44922916	A	AC	0.0013829792717753194	2.8591843290888534
X:87173255:G:A	2.18621e-07	8.14198e-06	-3.61745	-3.19792	X	87173255	G	A	0.0013842267553763757	2.8587927606435772
X:44677392:G:GTT	0.0179063	0.000842034	3.05709	3.19742	X	44677392	G	GTT	0.0013866286794834144	2.858039821580934
X:119753620:TCAAAA:T	0.0497342	0.00147453	3.51835	3.19716	X	119753620	TCAAAA	T	0.0013878791984423447	2.8576483334006513
X:145079209:TG:T	0.0493901	0.000670452	4.29955	3.19678	X	145079209	TG	T	0.001389708750875882	2.8570762077609615
X:93490645:T:C	3.65394e-05	0.00295926	-4.3943	-3.19663	X	93490645	T	C	0.0013904315546646995	2.8568503848386944
X:93490190:C:G	3.65394e-05	0.00295926	-4.3943	-3.19663	X	93490190	C	G	0.0013904315546646995	2.8568503848386944
X:5150350:G:GT	0.000146433	0.00615937	-3.73916	-3.19587	X	5150350	G	GT	0.001394099091487129	2.855706355824391
X:16841193:C:CA	0.000246584	0.0199443	-4.393	-3.19541	X	16841193	C	CA	0.001396323247921831	2.8550140311842114
X:4725680:T:C	0.0215571	0.00152679	2.64754	3.19533	X	4725680	T	C	0.0013967103915843114	2.854893635672308
X:153458680:T:C	0.000153226	0.00305085	-2.99126	-3.19507	X	153458680	T	C	0.0013979692921640599	2.854502368211347
X:84828474:AT:A	0.00426513	6.17056e-05	4.23585	3.19355	X	84828474	AT	A	0.001405349980901737	2.852215507896383
X:104931996:A:ATT	4.42175e-06	0.0468994	-9.26922	-3.19335	X	104931996	A	ATT	0.0014063237944505218	2.851914675081952
X:81325457:G:A	7.48272e-05	0.00419507	-4.02648	-3.19247	X	81325457	G	A	0.0014106159699655385	2.850591203698103
X:73280608:G:A	3.20314e-06	0.033851	-9.26559	-3.1913	X	73280608	G	A	0.001416341317616197	2.8488320753927634
X:85928610:C:A	0.000225041	0.0181109	-4.38799	-3.19073	X	85928610	C	A	0.00141913834377711	2.847975265564101
X:70196632:G:GA	0.0247085	0.00186607	2.58331	3.1905	X	70196632	G	GA	0.001420268409663314	2.8476295726450545
X:79794374:G:T	1.40784e-06	7.54313e-05	-3.98117	-3.19034	X	79794374	G	T	0.0014210550316909115	2.8473891032851184
X:79792895:G:A	1.40784e-06	7.54313e-05	-3.98117	-3.19034	X	79792895	G	A	0.0014210550316909115	2.8473891032851184
X:7172567:G:A	6.27335e-06	0.00012439	-2.98711	-3.19021	X	7172567	G	A	0.0014216944578165729	2.8471937295853476
X:108607105:T:G	3.46174e-05	0.00151908	-3.7815	-3.19004	X	108607105	T	G	0.0014225310306757147	2.8469382512567956
X:87345112:T:C	0.000238842	0.0133544	-4.0238	-3.18983	X	87345112	T	C	0.0014235650707612958	2.846622676583989
X:76067832:A:G	4.12837e-05	0.0011813	-3.35391	-3.1887	X	76067832	A	G	0.0014291410972665872	2.8449248917553884
X:76067659:A:G	4.12837e-05	0.0011813	-3.35391	-3.1887	X	76067659	A	G	0.0014291410972665872	2.8449248917553884
X:99333094:T:G	0.0127196	5.84682e-05	5.38241	3.18849	X	99333094	T	G	0.0014301795658976867	2.8446094313582697
X:74380275:C:CAA	4.60591e-05	0.00107004	-3.14553	-3.18823	X	74380275	C	CAA	0.0014314662527196015	2.844218886154725
X:82625835:TA:T	0.00117717	9.84104e-06	4.7843	3.18709	X	82625835	TA	T	0.0014371204861653596	2.842506819699309
X:132743082:A:G	9.0131e-05	0.00857557	-4.55541	-3.18707	X	132743082	A	G	0.0014372198667468002	2.842476788156175
X:79948533:C:CAGAT	2.45503e-05	0.000751391	-3.4212	-3.18707	X	79948533	C	CAGAT	0.0014372198667468002	2.842476788156175
X:29143137:C:T	6.51122e-05	0.0126999	-5.27324	-3.18626	X	29143137	C	T	0.0014412501079826506	2.8412606471586375
X:72440890:C:A	0.000423225	0.012062	-3.34992	-3.18446	X	72440890	C	A	0.0014502435231476612	2.838559065434585
X:34166915:A:T	1.56214e-05	0.00202797	-4.86615	-3.18437	X	34166915	A	T	0.0014506945487715657	2.8384240208825258
X:28229801:T:C	0.00604926	0.000481457	2.53088	3.184	X	28229801	T	C	0.001452550123821549	2.8378688722777223
X:30841525:TA:T	0.00786076	0.000113331	4.23933	3.18389	X	30841525	TA	T	0.0014531022029668837	2.8377038388172027
X:119769813:CTTCATT:C	0.0327989	0.000479905	4.22456	3.18377	X	119769813	CTTCATT	C	0.0014537046916850483	2.8375238079180494
X:37410579:A:G	1.26898e-05	0.132164	-9.251	-3.18306	X	37410579	A	G	0.001457274130105184	2.8364587447340166
X:23542552:CA:C	0.00620382	0.0001304	3.86231	3.18261	X	23542552	CA	C	0.001459540630552013	2.8357838106595743
X:28223849:A:G	0.000145709	0.00210331	-2.66966	-3.18261	X	28223849	A	G	0.001459540630552013	2.8357838106595743
X:100773745:T:C	0.000192749	0.0626389	-5.78375	-3.1824	X	100773745	T	C	0.001460599442162839	2.8354688695617787
X:34202710:C:G	1.75681e-05	0.00122961	-4.24837	-3.18235	X	34202710	C	G	0.0014608516444802845	2.8353938862252015
X:34202634:G:C	1.75681e-05	0.00122961	-4.24837	-3.18235	X	34202634	G	C	0.0014608516444802845	2.8353938862252015
X:18582298:A:G	3.80713e-05	0.0123506	-5.782	-3.18105	X	18582298	A	G	0.0014674230082629878	2.8334446757455596
X:82539251:T:C	9.42022e-06	0.00182438	-5.26614	-3.18051	X	82539251	T	C	0.0014701606508859273	2.832635205400731
X:73281810:C:T	3.26605e-06	0.033851	-9.24614	-3.18031	X	73281810	C	T	0.0014711757864305146	2.83233543161266
X:122740955:CTTTTTTT:C	0.00761612	0.000187216	3.70576	3.18013	X	122740955	CTTTTTTT	C	0.0014720899606499192	2.8320656490881655
X:107271881:T:A	0.000893129	1.76183e-05	3.92579	3.17923	X	107271881	T	A	0.0014766686888177767	2.830716933773026
X:107271911:C:G	0.000893129	1.76183e-05	3.92579	3.17923	X	107271911	C	G	0.0014766686888177767	2.830716933773026
X:28230617:G:T	0.000481457	0.00635735	-2.58055	-3.17916	X	28230617	G	T	0.0014770253615861504	2.8306120474758947
X:140423682:G:GAGAT	2.55823e-05	0.375685	-9.59461	-3.17875	X	140423682	G	GAGAT	0.001479116039606086	2.829997753397465
X:109881401:C:T	0.0418209	0.000194712	5.36963	3.17827	X	109881401	C	T	0.0014815671274124038	2.8292786665569696
X:95476073:G:T	1.32587e-05	0.186353	-9.55075	-3.17827	X	95476073	G	T	0.0014815671274124038	2.8292786665569696
X:10999108:T:C	2.67213e-05	0.375046	-9.54934	-3.17745	X	10999108	T	C	0.0014857630622162913	2.8280504429149356
X:142410006:T:C	0.000467399	0.150896	-5.77716	-3.17735	X	142410006	T	C	0.0014862755099568211	2.827900678217892
X:42820221:A:G	0.0155382	0.000383078	3.70282	3.17727	X	42820221	A	G	0.0014866855853978914	2.8277808693831052
X:44917025:C:CT	2.26235e-05	0.317411	-9.54896	-3.17723	X	44917025	C	CT	0.0014868906622095147	2.8277209659399922
X:91228401:G:A	0.000673232	0.00966371	-2.66404	-3.17716	X	91228401	G	A	0.0014872496093498453	2.8276161364774492
X:87172643:T:G	2.18796e-07	7.97186e-06	-3.59553	-3.17692	X	87172643	T	G	0.0014884808914836963	2.8272567362785637
X:42672562:A:ATTG	0.000382175	2.30055e-05	2.81014	3.17583	X	42672562	A	ATTG	0.0014940847927070774	2.825624754622482
X:42672995:G:A	0.000382175	2.30055e-05	2.81014	3.17583	X	42672995	G	A	0.0014940847927070774	2.825624754622482
X:37379433:C:T	0.15082	1.91993e-05	8.96897	3.1758	X	37379433	C	T	0.0014942393030210486	2.8255798445159037
X:99125081:G:T	0.000156278	0.00280325	-2.8869	-3.17573	X	99125081	G	T	0.001494599884339518	2.82547505568798
X:83924328:G:T	2.30148e-05	0.00741093	-5.77458	-3.17537	X	83924328	G	T	0.0014964555692030847	2.8249361731347693
X:91562322:A:G	4.10678e-05	0.00285147	-4.24037	-3.17536	X	91562322	A	G	0.0014965071462928823	2.824921204925925
X:44915560:A:G	2.27166e-05	0.317411	-9.54486	-3.17485	X	44915560	A	G	0.001499139750610272	2.8241578801004312
X:27160369:C:T	0.0167316	0.000141908	4.76988	3.17482	X	27160369	C	T	0.00149929474248117	2.8241129819280775
X:33834335:T:C	1.17809e-05	0.000932003	-4.37086	-3.17471	X	33834335	T	C	0.0014998631723217469	2.8239483584216933
X:99148042:TACACACAC:T	0.0111357	0.000854538	2.56735	3.17354	X	99148042	TACACACAC	T	0.001505921497780478	2.822197666893193
X:7188165:G:A	2.66241e-06	0.000146383	-4.00699	-3.17327	X	7188165	G	A	0.0015073227706091103	2.8217937400643134
X:32243955:C:CTTT	0.000375819	0.0352134	-4.54007	-3.17287	X	32243955	C	CTTT	0.0015094009384139546	2.821195384338078
X:90130741:A:T	0.00324896	0.000280255	2.45039	3.17283	X	90130741	A	T	0.0015096089002993873	2.821135552337351
X:95391735:G:GTA	9.10662e-06	0.132294	-9.58378	-3.1727	X	95391735	G	GTA	0.00151028495873165	2.8209411028201252
X:44924648:GGT:G	0.226489	1.03406e-05	9.99438	3.17269	X	44924648	GGT	G	0.0015103369747771298	2.820926145449079
X:144649982:G:A	0.000737374	0.0204696	-3.3236	-3.17251	X	144649982	G	A	0.0015112735458485437	2.8206569197110336
X:82626989:A:G	0.00117717	1.00123e-05	4.76705	3.17242	X	82626989	A	G	0.0015117420319858052	2.820522311773594
X:117415270:C:A	6.04336e-06	5.21551e-07	2.44991	3.17227	X	117415270	C	A	0.0015125231395209562	2.8202979725172166
X:27210383:A:T	0.00809251	6.88472e-05	4.7668	3.17221	X	27210383	A	T	0.001512835686621987	2.8202082393717642
X:82615687:A:T	3.1195e-05	2.65712e-07	4.7656	3.17119	X	82615687	A	T	0.0015181580981818545	2.81868299945982
X:117414636:C:T	6.03723e-06	5.21551e-07	2.44889	3.17108	X	117414636	C	T	0.0015187331129375718	2.818518538028017
X:27208592:T:TA	0.00812279	6.92307e-05	4.76498	3.17066	X	27208592	T	TA	0.001520930469656795	2.8178906395529175
X:146490690:T:C	0.0995292	0.00207784	3.86912	3.17021	X	146490690	T	C	0.0015232880298359436	2.8172179706354785
X:34171859:T:TA	8.52796e-06	0.0867967	-9.22797	-3.17005	X	34171859	T	TA	0.0015241270843192776	2.8169788192710032
X:148644417:G:T	6.83759e-05	0.182146	-7.88754	-3.16988	X	148644417	G	T	0.0015250190461345468	2.8167247323306497
X:29144501:G:T	8.57114e-05	0.00928503	-4.68517	-3.16902	X	29144501	G	T	0.0015295386966176258	2.8154395310919127
X:86981819:A:G	0.000113371	0.00891161	-4.36445	-3.16871	X	86981819	A	G	0.0015311708957833682	2.8149763344789416
X:26861015:C:T	2.22279e-05	0.00116256	-3.95703	-3.16763	X	26861015	C	T	0.0015368698052348627	2.8133629218711054
X:146490364:A:G	0.0995292	0.00208442	3.86596	3.16714	X	146490364	A	G	0.001539461858322723	2.8126310666991876
X:44222474:G:A	4.76587e-05	0.126251	-7.88196	-3.16661	X	44222474	G	A	0.0015422700398394044	2.811839577942386
X:45146871:G:A	2.49739e-05	0.34343	-9.52891	-3.1656	X	45146871	G	A	0.0015476345453656465	2.810331584782899
X:46037998:GATAT:G	0.109053	3.78227e-05	7.96668	3.1655	X	46037998	GATAT	G	0.001548166618374617	2.8101823010519236
X:44594071:TACAC:T	0.124128	0.00174742	4.26317	3.16548	X	44594071	TACAC	T	0.0015482730531894006	2.810152444792694
X:4595902:A:G	0.00545725	0.000357962	2.72427	3.16532	X	4595902	A	G	0.001549124774328045	2.809913600562437
X:127537820:T:C	9.53218e-07	0.000181085	-5.24688	-3.16495	X	127537820	T	C	0.0015510960323333583	2.8093613130688175
X:102743703:G:A	2.92154e-06	0.000271203	-4.53076	-3.16424	X	102743703	G	A	0.001554885187373648	2.8083016737310045
X:100763192:G:GATAGATAGATAGA	7.50249e-05	0.00320904	-3.75591	-3.16375	X	100763192	G	GATAGATAGATAGA	0.0015575052073664758	2.8075704926452003
X:32141678:AAC:A	0.0290446	0.00128813	3.11564	3.16365	X	32141678	AAC	A	0.0015580404045632446	2.807421283986092
X:78152189:A:G	0.000831888	4.76695e-05	2.85941	3.16335	X	78152189	A	G	0.0015596470124131657	2.806973682355623
X:99349413:C:A	1.3687e-05	0.195437	-9.56655	-3.16306	X	99349413	C	A	0.0015612015166342062	2.8065410354938205
X:15032080:AAAAT:A	1.07743e-05	6.1767e-07	2.85896	3.16292	X	15032080	AAAAT	A	0.0015619524774589252	2.8063321837054023
X:34198882:A:AGT	1.0693e-05	0.000689035	-4.16571	-3.16166	X	34198882	A	AGT	0.0015687261080571076	2.804452875497102
X:34200665:G:A	0.000515729	2.51829e-05	3.01942	3.16132	X	34200665	G	A	0.0015705585414349653	2.8039458709507183
X:87174518:C:A	2.22465e-07	7.97186e-06	-3.5789	-3.16099	X	87174518	C	A	0.0015723389642552962	2.803453823158745
X:87173068:T:C	2.22465e-07	7.97186e-06	-3.5789	-3.16099	X	87173068	T	C	0.0015723389642552962	2.803453823158745
X:87174363:A:AT	2.22465e-07	7.97186e-06	-3.5789	-3.16099	X	87174363	A	AT	0.0015723389642552962	2.803453823158745
X:87174132:A:G	2.22465e-07	7.97186e-06	-3.5789	-3.16099	X	87174132	A	G	0.0015723389642552962	2.803453823158745
X:87174119:T:C	2.22465e-07	7.97186e-06	-3.5789	-3.16099	X	87174119	T	C	0.0015723389642552962	2.803453823158745
X:83887533:TTTTA:T	0.00822833	3.9173e-05	5.34735	3.16045	X	83887533	TTTTA	T	0.0015752563923449577	2.8026487493547916
X:77401985:TCA:T	0.00163025	6.95661e-05	3.15421	3.16012	X	77401985	TCA	T	0.0015770417177564673	2.802156818052332
X:24199069:T:G	3.63728e-05	0.00233816	-4.1633	-3.15948	X	24199069	T	G	0.0015805094781194413	2.801202895406414
X:114442971:G:A	2.31584e-05	0.0606012	-7.86971	-3.15942	X	114442971	G	A	0.0015808349403236028	2.8011134736787398
X:120686478:A:C	0.000274476	0.00818445	-3.39513	-3.15938	X	120686478	A	C	0.0015810519494047007	2.801053860005083
X:46640089:A:G	9.16581e-05	0.00371276	-3.70147	-3.15923	X	46640089	A	G	0.0015818659777497648	2.8008303145104976
X:143092489:C:T	0.00119542	0.110274	-4.52447	-3.15842	X	143092489	C	T	0.0015862684024181824	2.7996233265853006
X:122727757:T:C	3.20009e-05	0.00317635	-4.59772	-3.15842	X	122727757	T	C	0.0015862684024181824	2.7996233265853006
X:34177124:T:C	9.88761e-06	0.000673364	-4.221	-3.15842	X	34177124	T	C	0.0015862684024181824	2.7996233265853006
X:92364936:AAT:A	0.0316598	0.00044977	4.25407	3.15765	X	92364936	AAT	A	0.0015904638786336973	2.79847618979975
X:90698931:A:G	8.66662e-05	0.00468877	-3.99086	-3.15738	X	90698931	A	G	0.0015919374370190395	2.798074003992382
X:87572308:T:TC	0.00749011	0.00018496	3.7012	3.15648	X	87572308	T	TC	0.0015968583801274658	2.796733598236226
X:82541032:A:G	0.00182855	1.58488e-05	4.74819	3.15638	X	82541032	A	G	0.0015974060150929482	2.7965846845481215
X:82541945:G:A	0.00182855	1.58488e-05	4.74819	3.15638	X	82541945	G	A	0.0015974060150929482	2.7965846845481215
X:82541070:T:G	0.00182855	1.58488e-05	4.74819	3.15638	X	82541070	T	G	0.0015974060150929482	2.7965846845481215
X:84488324:AACACAC:A	0.0113273	5.42475e-05	5.34142	3.15571	X	84488324	AACACAC	A	0.0016010796312517753	2.795587067485323
X:101360490:C:T	0.000363942	0.019643	-3.98848	-3.15503	X	101360490	C	T	0.001604816027958583	2.7945747468241504
X:82540865:A:G	0.00182438	1.58488e-05	4.7459	3.15443	X	82540865	A	G	0.001608119512227082	2.7936816784905454
X:82540488:T:C	0.00182438	1.58488e-05	4.7459	3.15443	X	82540488	T	C	0.001608119512227082	2.7936816784905454
X:85691182:GGT:G	0.0651383	8.60599e-06	8.93181	3.1541	X	85691182	GGT	G	0.0016099390954879278	2.7931905531568613
X:84738157:GT:G	0.000323975	1.99288e-05	2.7885	3.15327	X	84738157	GT	G	0.001614524003603636	2.791955493814914
X:145634889:G:A	0.00066882	0.0426876	-4.15615	-3.153	X	145634889	G	A	0.001616018068418782	2.7915537877627288
X:86990609:A:G	7.07152e-06	0.0697526	-9.19664	-3.15234	X	86990609	A	G	0.0016196755857051295	2.7905719641284468
X:82108037:C:G	1.92712e-05	0.0060213	-5.74445	-3.1523	X	82108037	C	G	0.0016198974981007914	2.790512465344774
X:127931912:A:G	1.18347e-05	0.0305944	-7.85753	-3.15227	X	127931912	A	G	0.0016200639507612964	2.7904678416829434
X:154009624:G:A	3.59965e-06	7.72297e-05	-3.06595	-3.15178	X	154009624	G	A	0.001622784906865762	2.7897390402180173
X:5846338:T:C	0.000426804	0.0089601	-3.04421	-3.15171	X	5846338	T	C	0.001623173958043665	2.789634933673491
X:7172302:T:C	6.50599e-06	0.000124827	-2.95421	-3.15171	X	7172302	T	C	0.001623173958043665	2.789634933673491
X:84830805:A:G	6.83916e-05	0.00367663	-3.9845	-3.15111	X	84830805	A	G	0.001626512205456223	2.7887426733951015
X:117435066:ATGTGTGTGTGTGTGTGTGTGTGTG:A	0.000700945	1.06524e-05	4.18665	3.15095	X	117435066	ATGTGTGTGTGTGTGTGTGTGTGTG	A	0.0016274034712750864	2.7885047619830208
X:4954397:A:G	1.38797e-05	0.185842	-9.50222	-3.15013	X	4954397	A	G	0.0016319782672033448	2.787285628974626
X:34154565:TGTGTGA:T	0.00267327	4.06689e-05	4.18559	3.15004	X	34154565	TGTGTGA	T	0.0016324810990664626	2.7871518383032146
X:37384304:T:A	1.53707e-05	0.15082	-9.19138	-3.14937	X	37384304	T	A	0.0016362288868183813	2.7861559443510004
X:26850524:A:C	1.79032e-05	0.00189405	-4.66149	-3.14901	X	26850524	A	C	0.0016382458921431408	2.7856209123520177
X:82542538:ATTT:A	0.00182855	1.60011e-05	4.73862	3.14824	X	82542538	ATTT	A	0.0016425677254425547	2.784476714809514
X:37419536:T:C	1.54077e-05	0.150828	-9.18903	-3.14804	X	37419536	T	C	0.0016436919947261774	2.7841795599850774
X:100774733:A:G	0.000201626	0.0626389	-5.73873	-3.14792	X	100774733	A	G	0.001644366896145168	2.784001274877699
X:24188056:C:T	0.000817376	5.04106e-05	2.7859	3.14759	X	24188056	C	T	0.0016462241901126918	2.7835110209470955
X:84494008:G:A	8.76022e-06	0.00108677	-4.82075	-3.14733	X	84494008	G	A	0.0016476888720007843	2.7831247913826402
X:138048976:G:C	8.65159e-05	0.00913356	-4.65938	-3.14722	X	138048976	G	C	0.0016483089060122954	2.7829613948204432
X:82539876:T:C	9.81912e-06	0.00182438	-5.22466	-3.14698	X	82539876	T	C	0.001649662452785998	2.782604910264412
X:114429188:CT:C	1.81076e-05	0.000748138	-3.72126	-3.14689	X	114429188	CT	C	0.0016501702964501902	2.7824712345786846
X:87163344:T:A	1.46262e-06	9.82974e-05	-4.20777	-3.14684	X	87163344	T	A	0.0016504524939750685	2.782396971728343
X:87162186:G:T	1.46262e-06	9.82974e-05	-4.20777	-3.14684	X	87162186	G	T	0.0016504524939750685	2.782396971728343
X:45119423:C:CT	2.07794e-05	0.202881	-9.18641	-3.14656	X	45119423	C	CT	0.0016520336208971148	2.7819811185038237
X:83611627:T:C	1.69822e-05	0.0434696	-7.84765	-3.14647	X	83611627	T	C	0.0016525421361836528	2.781847458148677
X:83611903:T:G	1.69822e-05	0.0434696	-7.84765	-3.14647	X	83611903	T	G	0.0016525421361836528	2.781847458148677
X:67923899:C:T	4.3498e-06	0.0578457	-9.4954	-3.14618	X	67923899	C	T	0.0016541816653365266	2.7814167971288284
X:24176663:T:C	5.88585e-05	0.00152789	-3.2565	-3.14596	X	24176663	T	C	0.0016554264443179572	2.781090111521104
X:147595977:C:G	0.000940105	0.0595309	-4.14826	-3.14585	X	147595977	C	G	0.0016560491569590375	2.7809267760781884
X:27182454:G:C	0.00996518	8.7478e-05	4.73546	3.14555	X	27182454	G	C	0.0016577485597847688	2.780481340721216
X:128123312:GA:G	0.00283329	1.37468e-05	5.32839	3.14529	X	128123312	GA	G	0.0016592226733187644	2.780095326269676
X:45612093:GT:G	7.48586e-05	0.00201588	-3.29321	-3.14513	X	45612093	GT	G	0.001660130419477821	2.7798577925414745
X:5146898:ATTT:A	0.122399	1.6424e-05	8.9163	3.14504	X	5146898	ATTT	A	0.00166064122747032	2.779724184381812
X:34022690:T:G	2.43241e-05	0.00300889	-4.81786	-3.14498	X	34022690	T	G	0.0016609818464666621	2.779635114100345
X:91246247:G:A	0.000192943	0.00267868	-2.63068	-3.14475	X	91246247	G	A	0.001662288148201756	2.779293691546426
X:53403898:A:G	2.12306e-05	0.281642	-9.49295	-3.14475	X	53403898	A	G	0.001662288148201756	2.779293691546426
X:10987750:G:GGTGTGTGTGTGTGT	2.11087e-05	0.205256	-9.18233	-3.14426	X	10987750	G	GGTGTGTGTGTGTGT	0.00166507429141839	2.7785663846001407
X:144400484:A:T	0.000249936	0.00521032	-3.03719	-3.14404	X	144400484	A	T	0.0016663266098771645	2.778239870297021
X:87277871:A:C	0.00475727	0.000121372	3.66857	3.14399	X	87277871	A	C	0.0016666113485358698	2.7781656652382383
X:41210759:T:TA	1.2869e-05	0.00135321	-4.65541	-3.14387	X	41210759	T	TA	0.0016672949039671194	2.777987577233632
X:93530890:A:T	7.12313e-05	0.00477057	-4.20429	-3.1438	X	93530890	A	T	0.001667693763743143	2.7778836952610884
X:31761807:C:T	0.00654562	0.000232811	3.33633	3.14291	X	31761807	C	T	0.00167277264024038	2.776563083424364
X:132566602:C:A	3.56663e-06	0.00905687	-7.83966	-3.14177	X	132566602	C	A	0.0016792989543659566	2.7748719824360846
X:80625046:G:A	3.31731e-06	0.0437659	-9.48746	-3.14157	X	80625046	G	A	0.0016804463340813125	2.7745753523908774
X:77126607:C:T	0.0016851	8.18756e-05	3.02438	3.14023	X	77126607	C	T	0.0016881523999861168	2.7725883494844212
X:99806997:C:G	1.99629e-05	0.262722	-9.48498	-3.14013	X	99806997	C	G	0.001688728780985803	2.772440094881044
X:26851063:C:A	1.80931e-05	0.00189405	-4.65094	-3.14009	X	26851063	C	A	0.0016889593840682929	2.77238079417506
X:142933622:G:A	0.000238247	0.0438815	-5.21594	-3.13993	X	142933622	G	A	0.001689882086094898	2.772143597838922
X:92363952:A:C	0.000509804	0.0270843	-3.97268	-3.13947	X	92363952	A	C	0.0016925374379461729	2.771461716194597
X:34164848:G:C	1.65074e-05	0.00202797	-4.81098	-3.13937	X	34164848	G	C	0.0016931151959761798	2.7713134924080047
X:4946652:C:A	1.63587e-05	0.214959	-9.48344	-3.13924	X	4946652	C	A	0.0016938665526279432	2.771120807547338
X:44933578:TTTTG:T	0.0171914	6.25615e-06	7.9186	3.13826	X	44933578	TTTTG	T	0.001699540504147231	2.7696684806731424
X:66984248:A:T	1.3483e-06	0.0183945	-9.52096	-3.13759	X	66984248	A	T	0.0017034296901128534	2.7686757874416745
X:85920126:C:G	0.000257365	0.0195648	-4.33099	-3.13743	X	85920126	C	G	0.0017043596609715805	2.7684387532939074
X:87170781:T:C	2.10935e-07	7.37399e-06	-3.55416	-3.13728	X	87170781	T	C	0.0017052319327350526	2.7682165432071866
X:86988301:T:C	7.77125e-06	0.074632	-9.16989	-3.13723	X	86988301	T	C	0.0017055227812211274	2.7681424752055435
X:86986360:C:T	7.77125e-06	0.074632	-9.16989	-3.13723	X	86986360	C	T	0.0017055227812211274	2.7681424752055435
X:127534655:G:GCA	1.02865e-06	0.000188764	-5.21225	-3.13695	X	127534655	G	GCA	0.001707152376103256	2.7677277131281635
X:127535515:C:CA	1.02865e-06	0.000188764	-5.21225	-3.13695	X	127535515	C	CA	0.001707152376103256	2.7677277131281635
X:127535436:C:T	1.02865e-06	0.000188764	-5.21225	-3.13695	X	127535436	C	T	0.001707152376103256	2.7677277131281635
X:73303749:A:G	1.37505e-05	0.00421031	-5.72422	-3.13681	X	73303749	A	G	0.0017079677104650398	2.7675203440096667
X:79207702:G:T	0.000786584	2.75155e-05	3.35295	3.13666	X	79207702	G	T	0.0017088416804200168	2.7672981716297347
X:45143958:C:T	2.62586e-05	0.343428	-9.47874	-3.13651	X	45143958	C	T	0.0017097160616737351	2.767076008372303
X:96245941:A:G	1.18535e-05	0.113683	-9.16855	-3.13647	X	96245941	A	G	0.0017099492994940306	2.767016766377673
X:96245966:C:A	1.18535e-05	0.113683	-9.16855	-3.13647	X	96245966	C	A	0.0017099492994940306	2.767016766377673
X:108640108:T:G	0.0017339	8.70311e-05	2.99186	3.13492	X	108640108	T	G	0.0017190098345470372	2.7647216386839233
X:87175763:C:T	2.36111e-07	8.23296e-06	-3.5516	-3.13483	X	87175763	C	T	0.0017195372839629963	2.764588403125569
X:99353758:T:C	0.195437	9.59582e-06	9.92166	3.13457	X	99353758	T	C	0.0017210618628896008	2.7642035188480785
X:21431696:A:T	2.87969e-05	0.375298	-9.47521	-3.13447	X	21431696	A	T	0.0017216485703318608	2.7640554937311976
X:79794125:C:T	2.3124e-06	0.0220941	-9.16478	-3.13434	X	79794125	C	T	0.0017224115649906583	2.763863067140233
X:66982895:G:A	1.35645e-06	0.0183945	-9.51494	-3.13422	X	66982895	G	A	0.0017231161437468014	2.7636854486759566
X:30686969:C:T	9.44757e-06	0.122879	-9.4732	-3.1333	X	30686969	C	T	0.0017285267262555904	2.7623239010648253
X:5144795:G:A	0.000316748	1.54998e-05	3.01728	3.13315	X	5144795	G	A	0.0017294103662896195	2.7621019421402697
X:44907445:TTGTG:T	0.165883	2.27176e-05	8.8959	3.13313	X	44907445	TTGTG	T	0.0017295282163415748	2.7620723483061767
X:131932139:T:C	0.00352211	7.33358e-05	3.87177	3.13291	X	131932139	T	C	0.0017308250544159835	2.7617468268336927
X:30686388:A:G	9.45453e-06	0.122879	-9.47246	-3.13288	X	30686388	A	G	0.001731001965236696	2.761702439062233
X:154012056:A:G	5.67962e-05	3.56283e-06	2.76892	3.13287	X	154012056	A	G	0.001731060939205306	2.7616876432194926
X:34029495:CAG:C	0.090813	1.24442e-05	8.8953	3.13278	X	34029495	CAG	C	0.0017315917880713428	2.761554482459111
X:79416225:G:A	3.20564e-05	0.00976229	-5.71878	-3.13265	X	79416225	G	A	0.0017323588340513176	2.761362144935714
X:3558461:G:A	3.76861e-05	0.00338064	-4.49653	-3.13254	X	3558461	G	A	0.0017330081169879704	2.7611994031517324
X:53403171:CAA:C	0.25715	2.27328e-05	9.33361	3.13208	X	53403171	CAA	C	0.0017357257254359433	2.7605188997473062
X:30830511:T:A	1.36401e-05	0.184198	-9.51075	-3.13188	X	30830511	T	A	0.001736908516162103	2.7602230554575
X:49694021:G:GAC	1.57883e-05	0.213109	-9.51029	-3.13162	X	49694021	G	GAC	0.0017384472521186343	2.7598384821227095
X:14899514:T:TTATA	0.00587735	0.000442412	2.58662	3.13053	X	14899514	T	TTATA	0.0017449117589766311	2.7582265306294467
X:99127047:C:CT	0.000164995	0.00268176	-2.78831	-3.13043	X	99127047	C	CT	0.00174550593855894	2.758078669290942
X:86984228:G:A	8.22323e-06	0.106424	-9.46823	-3.13042	X	86984228	G	A	0.0017455653667481157	2.7580638833800433
X:27494268:G:T	2.93313e-05	0.00890169	-5.71534	-3.13002	X	27494268	G	T	0.0017479440203852171	2.7574724801839365
X:97227856:A:T	6.5865e-06	0.000168371	-3.24115	-3.12995	X	97227856	A	T	0.0017483605910539606	2.7573689912928248
X:92362942:T:A	0.000586981	0.030871	-3.96258	-3.12951	X	92362942	T	A	0.0017509811260889845	2.7567185351727406
X:91227704:A:C	0.000777619	0.0106238	-2.61462	-3.12914	X	91227704	A	C	0.0017531875525599423	2.7561716214505
X:90301321:G:A	2.96748e-05	1.70381e-06	2.85743	3.12893	X	90301321	G	A	0.0017544409855496173	2.755861235645328
X:144648608:G:A	0.0134845	0.0012615	2.36924	3.12865	X	144648608	G	A	0.0017561135111962074	2.755447415711875
X:131326352:G:C	0.0124637	0.000271675	3.82597	3.12829	X	131326352	G	C	0.001758266055319656	2.7549154082072356
X:131478075:GT:G	0.000270602	1.55473e-05	2.85676	3.12822	X	131478075	GT	G	0.0017586848871574848	2.7548119684039234
X:117410622:G:T	5.48525e-06	4.91634e-07	2.41208	3.12801	X	117410622	G	T	0.0017599419330865806	2.7545016609109036
X:86989728:A:T	7.50136e-06	0.0966377	-9.46364	-3.12776	X	86989728	A	T	0.0017614394933628754	2.754132270535503
X:107064146:T:C	2.83893e-06	0.0379354	-9.50021	-3.12598	X	107064146	T	C	0.001772136034713364	2.7515029433644567
X:27187748:A:G	0.0092565	8.31885e-05	4.71197	3.12557	X	27187748	A	G	0.0017746082909582835	2.75089749379137
X:134680604:T:TAAACTAAACA	0.000123513	0.0127044	-4.63336	-3.12523	X	134680604	T	TAAACTAAACA	0.0017766608590302725	2.7503954653339315
X:26856720:C:T	2.75936e-05	0.00245485	-4.48824	-3.12486	X	26856720	C	T	0.0017788970156042553	2.7498491934840352
X:33847286:G:T	4.71545e-06	0.000568933	-4.79292	-3.12463	X	33847286	G	T	0.0017802883625700776	2.749509647056274
X:33847323:T:G	4.71545e-06	0.000568933	-4.79292	-3.12463	X	33847323	T	G	0.0017802883625700776	2.749509647056274
X:73233476:GA:G	1.26557e-05	0.0311903	-7.80976	-3.12422	X	73233476	GA	G	0.0017827710710124406	2.748904421815836
X:117075681:C:T	5.10098e-05	0.00920615	-5.19561	-3.12349	X	117075681	C	T	0.0017871993824473524	2.7478269942954725
X:23542555:A:C	8.57555e-05	0.0258043	-5.70679	-3.12347	X	23542555	A	C	0.0017873208482234411	2.747797478772878
X:144403640:C:G	0.000346061	0.00647672	-2.92936	-3.12263	X	144403640	C	G	0.0017924292681546852	2.7465579732089513
X:27187439:T:C	0.0092565	8.36465e-05	4.70648	3.1209	X	27187439	T	C	0.0018029924872228378	2.7440060829084705
X:148643235:A:T	0.182146	6.83759e-05	7.88754	3.12066	X	148643235	A	T	0.0018044624156160005	2.743652159246239
X:147566175:A:T	0.000514087	0.0616871	-4.78744	-3.12016	X	147566175	A	T	0.0018075283045438483	2.7429148932528173
X:100276626:A:AC	0.000256934	0.00525405	-3.01794	-3.11971	X	100276626	A	AC	0.0018102916970717884	2.742251440477898
X:90300098:C:G	1.68529e-06	4.51905e-05	-3.28895	-3.11961	X	90300098	C	G	0.001810906311335878	2.742104017671779
X:29133478:T:A	7.93679e-05	0.00810408	-4.62603	-3.11904	X	29133478	T	A	0.0018144132760114417	2.741263785054925
X:34163393:G:A	1.69353e-05	0.00202797	-4.78539	-3.11849	X	34163393	G	A	0.00181780310499558	2.740453159092483
X:27223433:A:C	0.00594912	5.39131e-05	4.70362	3.11847	X	27223433	A	C	0.0018179264810994282	2.7404236840944933
X:41194650:A:G	0.000390076	3.53508e-06	4.70361	3.11846	X	41194650	A	G	0.0018179881720370053	2.7404089466562795
X:109192566:G:A	1.96479e-06	3.9994e-05	-3.01334	-3.11799	X	109192566	G	A	0.0018208898171225656	2.739716332768182
X:29128829:A:C	7.84334e-05	0.00224896	-3.35597	-3.11779	X	29128829	A	C	0.0018221258500541874	2.7394216306031107
X:134660671:T:A	5.47593e-05	0.00407224	-4.309	-3.11686	X	134660671	T	A	0.0018278835378504443	2.738051478449105
X:87178544:C:T	6.38253e-06	0.0155251	-7.79665	-3.11653	X	87178544	C	T	0.0018299306037099668	2.737565379666995
X:27206955:C:CA	0.0077089	7.00618e-05	4.70075	3.11603	X	27206955	C	CA	0.0018330362328527038	2.7368289504374173
X:83934690:G:A	2.48741e-05	0.007409	-5.69662	-3.11568	X	83934690	G	A	0.0018352130540707054	2.7363135102477822
X:70209594:C:T	0.00110034	0.0238171	-3.07478	-3.11482	X	70209594	C	T	0.0018405719074134548	2.73504721088081
X:32026491:T:C	0.0658339	0.00452509	2.6775	3.11429	X	32026491	T	C	0.0018438816133076407	2.734266966328881
X:33839854:G:GT	6.92504e-06	0.000448398	-4.17054	-3.11428	X	33839854	G	GT	0.0018439441131158896	2.7342522458275025
X:134512238:G:A	0.0103611	0.000663505	2.74828	3.11291	X	134512238	G	A	0.001852525009949582	2.7322359201314805
X:4593921:G:T	0.000217916	0.00547948	-3.22466	-3.11277	X	4593921	G	T	0.0018534039528389065	2.732029915074324
X:78226972:G:A	3.35e-06	0.00809324	-7.78983	-3.11253	X	78226972	G	A	0.001854911603491933	2.7316767820222
X:15082317:G:C	0.000843848	7.87093e-05	2.37221	3.11205	X	15082317	G	C	0.0018579302854928722	2.73097058592568
X:78227181:T:A	3.35421e-06	0.00809324	-7.78857	-3.11179	X	78227181	T	A	0.001859567288703427	2.730588102013874
X:148636091:T:C	7.55614e-05	0.182149	-7.78763	-3.11124	X	148636091	T	C	0.0018630345472496464	2.72977909167339
X:83606341:GTT:G	0.00080828	1.79362e-05	3.80809	3.11092	X	83606341	GTT	G	0.0018650545932770138	2.7293084511411148
X:81520453:G:A	0.000472739	1.07758e-05	3.78124	3.1109	X	81520453	G	A	0.0018651809129379773	2.7292790374852522
X:81521589:G:A	0.000472739	1.07758e-05	3.78124	3.1109	X	81521589	G	A	0.0018651809129379773	2.7292790374852522
X:81521131:G:A	0.000472739	1.07758e-05	3.78124	3.1109	X	81521131	G	A	0.0018651809129379773	2.7292790374852522
X:81523778:ATT:A	0.000472739	1.07758e-05	3.78124	3.1109	X	81523778	ATT	A	0.0018651809129379773	2.7292790374852522
X:83617905:C:T	1.80534e-05	0.0434696	-7.78648	-3.11056	X	83617905	C	T	0.001867329550051191	2.7287790301286976
X:45145552:C:CA	2.49307e-05	0.311694	-9.43368	-3.11039	X	45145552	C	CA	0.0018684047210655351	2.7285290440121073
X:127086730:G:GCACACACA	7.73469e-06	0.0707645	-9.1214	-3.10983	X	127086730	G	GCACACACA	0.0018719504843095272	2.7277056431382705
X:132567619:T:C	3.74969e-06	0.0468176	-9.43234	-3.10961	X	132567619	T	C	0.0018733451531154732	2.72738219898158
X:132567254:G:C	3.74969e-06	0.0468176	-9.43234	-3.10961	X	132567254	G	C	0.0018733451531154732	2.72738219898158
X:83938020:A:C	2.50771e-05	0.007409	-5.6885	-3.10946	X	83938020	A	C	0.0018742966108543152	2.7271616801163066
X:34034790:A:C	1.09167e-05	0.00129226	-4.77386	-3.10909	X	34034790	A	C	0.0018766454381714474	2.726617772552407
X:110071151:ATATT:A	0.0147738	0.000948116	2.74613	3.10893	X	110071151	ATATT	A	0.0018776619844514057	2.7263825864575693
X:78149329:A:AT	5.12363e-05	0.00207699	-3.70223	-3.10862	X	78149329	A	AT	0.0018796329823839177	2.725926942909747
X:90292200:AT:A	2.35342e-06	6.23771e-05	-3.27733	-3.10725	X	90292200	AT	A	0.001888366300339226	2.723913758562382
X:134502492:CA:C	0.00047347	0.00954144	-3.00331	-3.10703	X	134502492	CA	C	0.0018897721990096081	2.7235905443324384
X:117360013:T:TG	1.9189e-05	0.00178683	-4.53386	-3.10637	X	117360013	T	TG	0.0018939956653324672	2.7226210192737934
X:117360311:G:GA	1.9189e-05	0.00178683	-4.53386	-3.10637	X	117360311	G	GA	0.0018939956653324672	2.7226210192737934
X:117360321:A:G	1.9189e-05	0.00178683	-4.53386	-3.10637	X	117360321	A	G	0.0018939956653324672	2.7226210192737934
X:49609509:A:G	2.96198e-05	0.367686	-9.42654	-3.10625	X	49609509	A	G	0.0018947644990901405	2.7224447609472953
X:82623710:A:T	0.00105512	9.70267e-06	4.68901	3.10605	X	82623710	A	T	0.0018960465257029002	2.7221510100316415
X:117074473:T:C	5.21323e-05	0.00920615	-5.17384	-3.10589	X	117074473	T	C	0.0018970727205635397	2.7219160209647173
X:17955913:GCACA:G	0.120559	1.11548e-05	9.28802	3.10556	X	17955913	GCACA	G	0.0018991908586744608	2.7214313887626904
X:125200652:T:TGAGAGA	0.000418335	0.0738417	-5.1734	-3.10553	X	125200652	T	TGAGAGA	0.0018993835243498237	2.7213873334770504
X:133584930:CA:C	0.0014866	9.86427e-05	2.71274	3.10544	X	133584930	CA	C	0.0018999616290861507	2.7212551698073932
X:127536028:C:CT	1.02602e-06	0.000181085	-5.17328	-3.10544	X	127536028	C	CT	0.0018999616290861507	2.7212551698073932
X:82162813:T:C	1.36523e-06	0.0175318	-9.46045	-3.10376	X	82162813	T	C	0.0019107826232975138	2.7187887168550424
X:30702378:A:G	0.00473345	0.000171018	3.32064	3.10359	X	30702378	A	G	0.0019118807523188868	2.7185391989976444
X:30703511:G:A	0.00473345	0.000171018	3.32064	3.10359	X	30703511	G	A	0.0019118807523188868	2.7185391989976444
X:30702261:C:T	0.00473345	0.000171018	3.32064	3.10359	X	30702261	C	T	0.0019118807523188868	2.7185391989976444
X:37382887:C:CAA	1.77957e-05	0.161015	-9.1103	-3.10356	X	37382887	C	CAA	0.0019120745999449931	2.7184951676496474
X:132570272:A:G	3.38802e-06	0.0434784	-9.45977	-3.10338	X	132570272	A	G	0.0019132380647911733	2.718230987216595
X:122740240:A:G	0.000148721	0.00761612	-3.93595	-3.10328	X	122740240	A	G	0.0019138847150379416	2.718084225979644
X:37398007:CACACACACAT:C	0.186081	9.71011e-06	9.86077	3.10265	X	37398007	CACACACACAT	C	0.0019179632290682552	2.7171597233206377
X:84832277:G:A	7.64223e-05	0.0039105	-3.93514	-3.10248	X	84832277	G	A	0.0019190651470763899	2.7169102818900903
X:4592696:A:G	0.000221723	0.00454645	-3.02067	-3.10238	X	4592696	A	G	0.0019197136056772856	2.7167635571044597
X:85918441:A:G	0.000317403	0.0232317	-4.2931	-3.10199	X	85918441	A	G	0.0019222445172772172	2.7161913691389192
X:80621431:T:C	2.63854e-06	0.0337704	-9.45711	-3.10189	X	80621431	T	C	0.0019228939623305414	2.7160446641985714
X:144650553:C:T	0.000704152	0.0211136	-3.40068	-3.10188	X	144650553	C	T	0.001922958917916461	2.716029993927287
X:144649317:A:ATCTTAAATTTAAGACC	0.000788876	0.0202414	-3.24488	-3.10159	X	144649317	A	ATCTTAAATTTAAGACC	0.001924843506606335	2.7156045736775885
X:34175892:C:CA	9.01854e-06	0.000834255	-4.52726	-3.10098	X	34175892	C	CA	0.0019288131783716709	2.714709835358441
X:44926661:C:T	0.210519	1.10333e-05	9.85641	3.10037	X	44926661	C	T	0.0019327903662656593	2.7138152477361617
X:82699220:CA:C	0.0132559	0.00034838	3.63891	3.10036	X	82699220	CA	C	0.0019328556287561314	2.7138005836207584
X:44907308:G:A	2.20989e-05	0.00204183	-4.52608	-3.10002	X	44907308	G	A	0.0019350757577252433	2.7133020277933952
X:73281414:G:C	3.11174e-06	0.0396541	-9.45277	-3.09946	X	73281414	G	C	0.0019387375455679836	2.7124809790731024
X:91228211:A:G	0.00080209	0.0106238	-2.58363	-3.09904	X	91228211	A	G	0.0019414880604958077	2.711865275875972
X:83910460:C:T	2.79485e-05	0.00814309	-5.67456	-3.09879	X	83910460	C	T	0.001943126972318748	2.711498819793581
X:103282289:C:T	1.39606e-05	0.0329332	-7.76599	-3.09854	X	103282289	C	T	0.0019447671542945004	2.711132389021319
X:87176097:T:C	2.40283e-07	8.06086e-06	-3.51296	-3.0978	X	87176097	T	C	0.0019496295456010995	2.710047902271068
X:87176127:C:T	2.40283e-07	8.06086e-06	-3.51296	-3.0978	X	87176127	C	T	0.0019496295456010995	2.710047902271068
X:30698701:C:CAA	0.00424099	0.000154099	3.31496	3.09777	X	30698701	C	CAA	0.0019498269047885694	2.710003941269203
X:143515184:G:A	0.00141771	0.0398671	-3.33651	-3.09712	X	143515184	G	A	0.001954107527094155	2.7090515423885844
X:43465232:A:G	8.1843e-06	0.103781	-9.44782	-3.0967	X	43465232	A	G	0.001956878054351576	2.708436237179156
X:127091623:C:T	0.00478694	2.4694e-05	5.26708	3.09627	X	127091623	C	T	0.001959718282107186	2.707806355847577
X:110508225:CTTTTA:C	0.000218057	0.00287982	-2.58072	-3.09621	X	110508225	CTTTTA	C	0.0019601148936900436	2.707718471381704
X:131494306:C:T	1.12215e-05	0.000439689	-3.66824	-3.09605	X	131494306	C	T	0.001961172884855633	2.7074841199327846
X:83917509:G:T	2.55344e-05	0.00741093	-5.67068	-3.09582	X	83917509	G	T	0.0019626946656328796	2.7071472578859104
X:83917635:C:T	2.55344e-05	0.00741093	-5.67068	-3.09582	X	83917635	C	T	0.0019626946656328796	2.7071472578859104
X:136409432:C:T	0.0060082	9.17235e-05	4.1821	3.09574	X	136409432	C	T	0.0019632242347339896	2.7070300934993656
X:34203519:C:G	1.94102e-05	0.00122961	-4.14866	-3.09514	X	34203519	C	G	0.001967200186011206	2.70615144320405
X:34201542:C:T	1.70898e-05	0.00108239	-4.14845	-3.09496	X	34201542	C	T	0.0019683944119894574	2.705887876540613
X:132743752:C:G	9.0131e-05	0.00776358	-4.45593	-3.09494	X	132743752	C	G	0.0019685271448377567	2.705858592165614
X:21856060:G:A	2.3092e-05	0.205591	-9.09416	-3.09444	X	21856060	G	A	0.001971848137513891	2.705126535428964
X:21855729:G:A	2.3092e-05	0.205591	-9.09416	-3.09444	X	21855729	G	A	0.001971848137513891	2.705126535428964
X:27222843:G:C	0.00624672	5.8267e-05	4.67478	3.09394	X	27222843	G	C	0.001975174272473301	2.7043945799187967
X:154015024:G:A	1.362e-06	3.36277e-05	-3.20639	-3.09374	X	154015024	G	A	0.001976506167893124	2.704101826057783
X:96245264:T:C	1.20016e-05	0.106694	-9.09267	-3.0936	X	96245264	T	C	0.0019774389851555845	2.703896907991626
X:144650471:C:T	0.000704152	0.0209102	-3.391	-3.09358	X	144650471	C	T	0.001977572277748147	2.7038676346300083
X:86986540:T:A	7.85431e-06	0.0697526	-9.09165	-3.09302	X	86986540	T	A	0.001981307820406355	2.7030480462592408
X:86986174:T:C	7.85431e-06	0.0697526	-9.09165	-3.09302	X	86986174	T	C	0.001981307820406355	2.7030480462592408
X:3560366:C:A	4.25633e-05	0.00365833	-4.45377	-3.09294	X	3560366	C	A	0.001981841997768733	2.7029309725714485
X:3560022:A:C	4.25633e-05	0.00365833	-4.45377	-3.09294	X	3560022	A	C	0.001981841997768733	2.7029309725714485
X:92940851:C:A	0.00937255	0.000211929	3.78929	3.09265	X	92940851	C	A	0.001983779499051537	2.702506602175318
X:34200749:T:C	1.70898e-05	0.00107952	-4.14578	-3.09263	X	34200749	T	C	0.0019839131838949755	2.702477336506588
X:139786493:G:GTACC	4.01383e-05	0.48669	-9.40305	-3.09263	X	139786493	G	GTACC	0.0019839131838949755	2.702477336506588
X:139786496:T:TACCCAA	4.01383e-05	0.48669	-9.40305	-3.09263	X	139786496	T	TACCCAA	0.0019839131838949755	2.702477336506588
X:139786494:G:T	4.01383e-05	0.48669	-9.40305	-3.09263	X	139786494	G	T	0.0019839131838949755	2.702477336506588
X:28223740:A:AAC	7.65275e-05	0.00117718	-2.73322	-3.09194	X	28223740	A	AAC	0.00198853037786228	2.701467770110644
X:4731722:A:G	0.0190966	0.00124721	2.7286	3.09189	X	4731722	A	G	0.0019888653400821797	2.701394620615644
X:73328437:C:T	0.000425932	3.93996e-05	2.38053	3.09108	X	73328437	C	T	0.0019942989481165764	2.7002097398127494
X:149413517:G:A	0.0242674	0.000126053	5.26018	3.09075	X	149413517	G	A	0.0019965165437745235	2.699727086751779
X:23547818:T:C	0.000239974	0.00476321	-2.98815	-3.09046	X	23547818	T	C	0.001998467208047334	2.6993029734889067
X:30699368:C:CT	0.00436848	0.000159945	3.30734	3.08998	X	30699368	C	CT	0.002001699737713636	2.698601067732829
X:16508253:T:C	6.77517e-05	0.00783212	-4.75014	-3.08974	X	16508253	T	C	0.002003317801403861	2.6982501498337674
X:16507969:G:A	6.77517e-05	0.00783212	-4.75014	-3.08974	X	16507969	G	A	0.002003317801403861	2.6982501498337674
X:28140885:G:GTA	8.93771e-06	0.111926	-9.43531	-3.08971	X	28140885	G	GTA	0.002003520143744889	2.6982062867360126
X:146684137:C:CT	2.52798e-05	0.22313	-9.0855	-3.08955	X	146684137	C	CT	0.0020045996197071547	2.697972356368278
X:73336468:G:A	2.90868e-05	0.00265231	-4.5129	-3.08928	X	73336468	G	A	0.002006422445829503	2.697577622373815
X:27167560:T:C	7.24821e-05	0.0125277	-5.15236	-3.08852	X	27167560	T	C	0.0020115615340832653	2.696466677731516
X:99128188:C:T	0.000183	0.00300587	-2.79884	-3.08811	X	99128188	C	T	0.0020143389503559823	2.695867449431057
X:90278993:A:G	7.17852e-05	0.00361963	-3.92045	-3.088	X	90278993	A	G	0.0020150847093285433	2.695706692440646
X:97226605:C:T	0.00013443	1.24693e-05	2.37777	3.08786	X	97226605	C	T	0.0020160342235552155	2.6955020997190595
X:83914532:A:ACG	1.82905e-05	0.0423556	-7.74748	-3.08767	X	83914532	A	ACG	0.002017323506729062	2.695224450859461
X:92194669:G:GT	0.000155302	0.00432705	-3.32727	-3.0873	X	92194669	G	GT	0.0020198363876923055	2.6946838081772317
X:146937120:T:C	0.000544012	0.00987639	-2.89893	-3.08703	X	146937120	T	C	0.0020216719241084335	2.6942893201147724
X:131953570:C:T	0.0741303	3.99011e-06	9.82976	3.0864	X	131953570	C	T	0.0020259607965409853	2.693368962732229
X:117361284:G:A	1.9109e-05	0.00173608	-4.50923	-3.08628	X	117361284	G	A	0.00202677867061126	2.6931936747803076
X:90134279:C:G	0.0030994	0.000288052	2.37582	3.08557	X	90134279	C	G	0.0020316239613115106	2.692156673671752
X:129374267:C:G	0.19782	1.0669e-05	9.82777	3.08535	X	129374267	C	G	0.002033127474514774	2.6918353907949344
X:129372809:T:C	0.19782	1.0669e-05	9.82777	3.08535	X	129372809	T	C	0.002033127474514774	2.6918353907949344
X:86760590:G:C	6.35925e-05	0.00541518	-4.44447	-3.08432	X	86760590	G	C	0.0020401802386536467	2.6903314633608915
X:45117630:T:G	0.217017	1.17296e-05	9.82562	3.08422	X	45117630	T	G	0.0020408661671567564	2.690185473858659
X:4943902:TA:T	0.000259502	0.00972866	-3.62407	-3.08398	X	4943902	TA	T	0.0020425132589547454	2.6898351155680356
X:129372703:A:C	0.19782	1.06976e-05	9.8251	3.08395	X	129372703	A	C	0.002042719231162873	2.6897913224210326
X:129372614:GGA:G	0.19782	1.06976e-05	9.8251	3.08395	X	129372614	GGA	G	0.002042719231162873	2.6897913224210326
X:117079256:C:A	4.53859e-05	0.0129625	-5.65462	-3.08352	X	117079256	C	A	0.0020456735944160763	2.6891636606788887
X:30688501:C:CA	6.95516e-06	0.0861291	-9.42412	-3.08345	X	30688501	C	CA	0.002046154908143525	2.6890614902693866
X:122739376:A:G	0.00015187	0.00761612	-3.915	-3.08263	X	122739376	A	G	0.0020518008972764982	2.6878647845979478
X:28095441:C:A	8.79644e-05	1.44729e-06	4.10724	3.08219	X	28095441	C	A	0.0020548363413728367	2.687222762045364
X:120682347:A:G	0.00833132	0.000401269	3.03315	3.08212	X	120682347	A	G	0.002055319632610328	2.6871206293185814
X:109875031:TATATAA:T	0.0382499	0.000201078	5.24821	3.08117	X	109875031	TATATAA	T	0.002061888904470945	2.685734738409935
X:5217554:C:A	2.05141e-05	0.000791301	-3.65257	-3.08102	X	5217554	C	A	0.0020629279169782793	2.6855159469204506
X:153217605:C:G	7.28117e-05	0.00832644	-4.73931	-3.08091	X	153217605	C	G	0.0020636901647257794	2.6853555056158314
X:153218833:G:A	7.28117e-05	0.00832644	-4.73931	-3.08091	X	153218833	G	A	0.0020636901647257794	2.6853555056158314
X:153218226:C:T	7.28117e-05	0.00832644	-4.73931	-3.08091	X	153218226	C	T	0.0020636901647257794	2.6853555056158314
X:73302178:C:T	1.8767e-05	0.000484711	-3.25145	-3.07972	X	73302178	C	T	0.0020719528322869977	2.683620135466691
X:3558444:A:G	3.81194e-05	0.00322969	-4.43942	-3.07965	X	3558444	A	G	0.0020724398153384375	2.683518072717827
X:87193156:CA:C	0.00884169	4.65749e-05	5.24617	3.07954	X	87193156	CA	C	0.0020732052865556376	2.6833576924048512
X:15025140:G:T	2.33068e-05	0.0532232	-7.7335	-3.07947	X	15025140	G	T	0.0020736925396298133	2.6832556347553753
X:87281857:GT:G	0.0048533	0.000132331	3.60211	3.07941	X	87281857	GT	G	0.0020741102687284476	2.683168158348486
X:15021876:ATT:A	0.00209518	3.3786e-05	4.12735	3.07916	X	15021876	ATT	A	0.002075851637634778	2.682803689002296
X:91237742:G:A	0.000514559	0.00667704	-2.56312	-3.07911	X	91237742	G	A	0.002076200072307029	2.6827307981683712
X:126357862:G:A	0.000622196	0.106294	-5.14071	-3.0791	X	126357862	G	A	0.0020762697656789477	2.682716220122999
X:131954865:C:A	0.0741303	4.04631e-06	9.81578	3.07906	X	131954865	C	A	0.0020765485606268376	2.6826579083462154
X:42677005:C:G	1.01899e-05	0.000862556	-4.43851	-3.0788	X	42677005	C	G	0.0020783615649744755	2.6822788975806313
X:19849073:C:G	0.0911108	3.68392e-05	7.81327	3.07857	X	19849073	C	G	0.002079966586728431	2.681943641631479
X:86985271:C:T	8.06187e-06	0.0697526	-9.06556	-3.07828	X	86985271	C	T	0.0020819919303173926	2.681520958122994
X:86986078:G:A	8.06187e-06	0.0697526	-9.06556	-3.07828	X	86986078	G	A	0.0020819919303173926	2.681520958122994
X:86985802:C:T	8.06187e-06	0.0697526	-9.06556	-3.07828	X	86985802	C	T	0.0020819919303173926	2.681520958122994
X:26850718:G:A	1.81207e-05	0.00176294	-4.57769	-3.07818	X	26850718	G	A	0.002082690743993842	2.681375213080626
X:91224668:C:T	0.000834882	0.0108198	-2.56184	-3.07786	X	91224668	C	T	0.0020849283937948698	2.680908856140478
X:30705851:A:C	0.000215729	0.00829014	-3.6488	-3.07741	X	30705851	A	C	0.002088078819867957	2.6802531118059627
X:29131373:A:G	0.00113126	7.50349e-05	2.71314	3.07685	X	29131373	A	G	0.0020920054477932917	2.679437188856635
X:85921718:G:A	0.0172027	0.000268484	4.16003	3.07675	X	85921718	G	A	0.0020927073436184844	2.679291501684394
X:102779225:C:T	5.4513e-06	0.00011775	-3.07271	-3.07653	X	102779225	C	T	0.0020942522747989653	2.6789710041500485
X:102779912:A:G	5.4513e-06	0.00011775	-3.07271	-3.07653	X	102779912	A	G	0.0020942522747989653	2.6789710041500485
X:102779702:T:G	5.4513e-06	0.00011775	-3.07271	-3.07653	X	102779702	T	G	0.0020942522747989653	2.6789710041500485
X:69715064:A:AT	1.3841e-05	0.16927	-9.41162	-3.07646	X	69715064	A	AT	0.002094744063142371	2.6788690317692887
X:131955949:T:G	0.0741303	4.07267e-06	9.80928	3.07566	X	131955949	T	G	0.002100372028809584	2.677703773956937
X:79013575:C:T	1.92367e-05	0.00112724	-4.07071	-3.07555	X	79013575	C	T	0.002101146957674847	2.6775435712612214
X:79015648:A:AT	1.97994e-05	0.0011597	-4.07027	-3.07515	X	79015648	A	AT	0.0021039670917821457	2.6769610572793217
X:127928428:CT:C	0.0305944	1.24486e-05	7.80697	3.075	X	127928428	CT	C	0.0021050255367521305	2.676742631228187
X:99353375:G:C	0.195437	1.07557e-05	9.80755	3.07475	X	99353375	G	C	0.0021067906969579274	2.6763786080422753
X:127537072:C:T	0.000191455	1.01471e-06	5.24006	3.07465	X	127537072	C	T	0.0021074971410538932	2.6762330058492987
X:34205505:A:T	1.98784e-05	0.00122961	-4.12482	-3.0743	X	34205505	A	T	0.0021099714065486216	2.6757234300398873
X:84827830:G:A	5.61442e-05	0.00398676	-4.26281	-3.07366	X	84827830	G	A	0.002114502668366544	2.6747917624649955
X:84827731:C:T	5.61442e-05	0.00398676	-4.26281	-3.07366	X	84827731	C	T	0.002114502668366544	2.6747917624649955
X:93533554:G:A	0.00010244	0.00632892	-4.12361	-3.07323	X	93533554	G	A	0.002117552120167581	2.674165891399803
X:117078189:A:G	5.43304e-05	0.00920652	-5.13258	-3.07254	X	117078189	A	G	0.00212245385554373	2.6731617430159655
X:144312756:C:T	0.000336784	0.00658439	-2.97302	-3.07194	X	144312756	C	T	0.0021267246895267456	2.6722887270968365
X:91259418:C:T	8.5842e-05	0.00131319	-2.72771	-3.07154	X	91259418	C	T	0.002129576288661684	2.671706797406927
X:117359943:C:A	1.94595e-05	0.00173608	-4.49105	-3.07147	X	117359943	C	A	0.002130075678828469	2.6716049663670205
X:138226203:T:C	5.97116e-05	0.0050144	-4.43054	-3.07142	X	138226203	T	C	0.0021304324518332646	2.6715322311237655
X:117076627:GCAT:G	5.4405e-05	0.00920634	-5.13119	-3.07141	X	117076627	GCAT	G	0.0021305038130092846	2.671517684196497
X:117077249:A:G	5.4405e-05	0.00920634	-5.13119	-3.07141	X	117077249	A	G	0.0021305038130092846	2.671517684196497
X:117076747:G:A	5.4405e-05	0.00920634	-5.13119	-3.07141	X	117076747	G	A	0.0021305038130092846	2.671517684196497
X:117077067:A:G	5.4405e-05	0.00920634	-5.13119	-3.07141	X	117077067	A	G	0.0021305038130092846	2.671517684196497
X:139871516:C:CT	3.70778e-05	0.43292	-9.36529	-3.07073	X	139871516	C	CT	0.002135361518161638	2.6705285880621887
X:109874319:C:T	0.000262643	0.0185908	-4.25963	-3.07069	X	109874319	C	T	0.0021356475815514538	2.6704704117628846
X:74386974:CA:C	0.0025828	0.000177912	2.67534	3.07026	X	74386974	CA	C	0.0021387249830086582	2.6698450574297263
X:80635462:G:A	1.67471e-05	0.00469597	-5.63623	-3.06944	X	80635462	G	A	0.002144604788680605	2.6686527286117063
X:73329369:G:A	0.000425932	4.01604e-05	2.3614	3.06869	X	73329369	G	A	0.0021499956332475226	2.6675624221580834
X:45127278:A:G	2.6932e-05	0.312777	-9.35993	-3.06762	X	45127278	A	G	0.0021577080795296072	2.666007312213431
X:90495177:TTA:T	0.00238291	0.000224993	2.36001	3.06707	X	90495177	TTA	T	0.0021616822830549734	2.6652081368654366
X:78708417:A:C	9.64335e-06	0.0215317	-7.71101	-3.06627	X	78708417	A	C	0.002167474923104073	2.6640459184517638
X:73228109:A:G	1.39736e-05	0.031192	-7.71075	-3.06611	X	73228109	A	G	0.002168635157341439	2.66381350583784
X:80624836:T:G	3.33859e-06	0.0386614	-9.35705	-3.06595	X	80624836	T	G	0.0021697959609033785	2.663581103580059
X:83912807:C:T	2.91911e-05	0.00814309	-5.63106	-3.06548	X	83912807	C	T	0.0021732091162626577	2.6628984818390053
X:97458305:CT:C	0.105001	1.61471e-05	8.77998	3.06543	X	97458305	CT	C	0.002173572507395141	2.662825867763746
X:46999438:T:TATATATATATATAACATATATATACATATATAAC	1.28912e-05	0.154555	-9.39176	-3.06536	X	46999438	T	TATATATATATATAACATATATATACATATATAAC	0.0021740813485613014	2.662724209757401
X:27172202:C:T	7.44893e-05	0.0125063	-5.12333	-3.06506	X	27172202	C	T	0.0021762633334925364	2.662288555038544
X:27172203:C:T	7.44893e-05	0.0125063	-5.12333	-3.06506	X	27172203	C	T	0.0021762633334925364	2.662288555038544
X:136411279:A:G	9.13055e-05	0.00642321	-4.25346	-3.06492	X	136411279	A	G	0.0021772822799684495	2.6620852619624102
X:136411127:A:G	9.13055e-05	0.00642321	-4.25346	-3.06492	X	136411127	A	G	0.0021772822799684495	2.6620852619624102
X:112452257:AT:A	0.00746555	0.000518352	2.6674	3.06279	X	112452257	AT	A	0.002192838860914206	2.6589932809476466
X:34027942:C:A	0.0826632	1.27763e-05	8.77494	3.06249	X	34027942	C	A	0.0021950380952456706	2.658557938104587
X:103283018:C:T	1.48462e-05	0.0329332	-7.70449	-3.06244	X	103283018	C	T	0.0021954048307877556	2.6584853845033676
X:5844994:C:T	0.000492679	0.00973928	-2.98406	-3.06244	X	5844994	C	T	0.0021954048307877556	2.6584853845033676
X:27173493:A:T	7.31816e-05	0.0122368	-5.11926	-3.06176	X	27173493	A	T	0.0022003980128877474	2.6574987559201793
X:26841420:C:CTG	2.45588e-05	0.000951146	-3.6566	-3.06175	X	26841420	C	CTG	0.0022004715196333857	2.657484248071773
X:44896215:T:A	0.209698	1.18306e-05	9.78274	3.06175	X	44896215	T	A	0.0022004715196333857	2.657484248071773
X:144649478:C:T	0.0173268	0.000834215	3.03352	3.06174	X	144649478	C	T	0.0022005450286296485	2.6574697402638154
X:20656146:A:AACACACAC	6.63754e-05	0.0184227	-5.62601	-3.06162	X	20656146	A	AACACACAC	0.002201427312156129	2.657295649723262
X:139864442:G:A	1.37832e-05	0.0305209	-7.70272	-3.0614	X	139864442	G	A	0.0022030456740653836	2.6569764988597004
X:90271979:GT:G	0.00362135	0.000100627	3.58318	3.06102	X	90271979	GT	G	0.0022058435950010244	2.6564252843872493
X:145603426:C:T	8.74846e-05	0.00532679	-4.10904	-3.06049	X	145603426	C	T	0.0022097513973888252	2.6556565827923815
X:5498118:T:A	0.000249228	0.0174477	-4.2486	-3.06037	X	5498118	T	A	0.002210637063280177	2.6554825529223853
X:4599518:A:G	0.0087746	0.000590419	2.69878	3.05978	X	4599518	A	G	0.002214996321033292	2.6546269907755695
X:131327145:A:G	0.000263976	0.00468164	-2.87554	-3.05966	X	131327145	A	G	0.0022158839132613885	2.6544529953653506
X:27157570:A:G	0.0170627	0.000165719	4.63436	3.05956	X	27157570	A	G	0.0022166238224346014	2.6543080036391395
X:4589691:A:G	0.000232929	0.00458543	-2.97991	-3.05791	X	4589691	A	G	0.0022288650585524403	2.651916224072499
X:146485488:C:T	0.00180236	0.0488453	-3.29956	-3.05787	X	146485488	C	T	0.002229162583403649	2.651858255207486
X:44899924:C:A	1.77967e-05	0.210522	-9.37833	-3.05786	X	44899924	C	A	0.002229236970302844	2.65184376309234
X:31766173:C:T	0.000125241	0.020835	-5.11415	-3.05763	X	31766173	C	T	0.002230948496922321	2.651510455606176
X:147554900:C:T	0.00150591	0.0736039	-3.8893	-3.05731	X	147554900	C	T	0.0022333317544913577	2.651046759040896
X:100101998:G:C	2.81856e-05	0.00468576	-5.11347	-3.05708	X	100101998	G	C	0.0022350461616498256	2.650713502714253
X:129371972:T:C	0.19782	1.12768e-05	9.77237	3.05631	X	129371972	T	C	0.002240794479170014	2.6495979741902684
X:7469478:T:G	0.00762145	0.000468593	2.78899	3.05614	X	7469478	T	G	0.002242065412414944	2.6493517209843787
X:85917804:GA:G	0.0203401	0.000325167	4.13601	3.05609	X	85917804	GA	G	0.0022424393419931098	2.6492792957951155
X:82463038:C:T	8.75358e-05	0.0050109	-4.04732	-3.05435	X	82463038	C	T	0.0022554877412866202	2.646759528976842
X:143096534:A:AACACACACACACACACAC	0.000520889	0.0861815	-5.10867	-3.0532	X	143096534	A	AACACACACACACACACAC	0.0022641498262558866	2.6450948378356998
X:137895137:G:A	1.80846e-05	0.00125517	-4.23996	-3.05229	X	137895137	G	A	0.0022710257604451893	2.6437779395117724
X:127942528:G:T	1.39988e-05	0.0305105	-7.68685	-3.05209	X	127942528	G	T	0.002272539516672509	2.6434885561924193
X:24173404:T:C	7.66802e-05	0.00181885	-3.16632	-3.05198	X	24173404	T	C	0.0022733724765508184	2.6433294022609815
X:28182498:A:G	5.0091e-05	0.0137271	-5.61329	-3.05187	X	28182498	A	G	0.0022742057161155268	2.643170253222186
X:5707034:T:C	0.000210276	0.00442787	-3.04726	-3.05184	X	5707034	T	C	0.0022744330118211757	2.643126849788011
X:26846688:A:G	1.85657e-05	0.00175075	-4.54648	-3.05181	X	26846688	A	G	0.00227466032833788	2.6430834467177506
X:73298004:A:G	1.35009e-05	0.0294062	-7.6862	-3.0517	X	73298004	A	G	0.002275494000310103	2.6429243052402738
X:117081259:A:G	4.73571e-05	0.0129625	-5.6121	-3.05096	X	117081259	A	G	0.00228110961827785	2.641853844285252
X:146934524:G:T	0.00838408	0.000602448	2.63309	3.0508	X	146934524	G	T	0.0022823254739480756	2.6416224223803964
X:26849898:A:G	1.87509e-05	0.00176302	-4.54354	-3.04933	X	26849898	A	G	0.0022935239625460715	2.6394967180359594
X:139604319:C:CA	0.000663895	0.0253922	-3.64407	-3.04889	X	139604319	C	CA	0.0022968856650563956	2.638860622685229
X:3559808:C:A	4.25632e-05	0.00348798	-4.40609	-3.04878	X	3559808	C	A	0.0022977267955962256	2.638701611077953
X:11997421:T:C	0.00135741	0.000138356	2.28351	3.04847	X	11997421	T	C	0.002300098772591723	2.6382535137778462
X:43346693:G:A	9.33704e-05	0.00809081	-4.46191	-3.04772	X	43346693	G	A	0.0023058467065790495	2.6371695681166574
X:123040220:GATAC:G	0.00145984	5.57045e-05	3.26602	3.04769	X	123040220	GATAC	G	0.0023060768973547758	2.637126215020487
X:96235669:C:A	0.116898	1.85366e-05	8.74931	3.04752	X	96235669	C	A	0.0023073817093642716	2.6368805543485
X:45609837:T:C	9.52024e-05	0.00140205	-2.68968	-3.04738	X	45609837	T	C	0.0023084567681295773	2.636678254332929
X:90129421:GCTCTCTCTCTCTCT:G	0.00784992	0.00012683	4.12541	3.04698	X	90129421	GCTCTCTCTCTCTCT	G	0.0023115308930237587	2.636100297951579
X:132730992:T:C	1.26701e-05	0.0273669	-7.67785	-3.0468	X	132730992	T	C	0.0023129154720944608	2.635840238683655
X:147262160:C:G	5.54287e-05	0.119658	-7.67729	-3.04647	X	147262160	C	G	0.0023154558400318615	2.6353634973793802
X:48025067:G:GT	6.62268e-05	0.0180143	-5.60584	-3.04617	X	48025067	G	GT	0.002317767482696068	2.6349301343979
X:46022663:CA:C	0.0034041	9.50334e-05	3.57851	3.04594	X	46022663	CA	C	0.0023195411732649493	2.634597914085913
X:90298562:A:G	4.32161e-05	2.30842e-06	2.92965	3.04577	X	90298562	A	G	0.0023208529608212494	2.634352373687471
X:134490501:GTA:G	0.000359734	0.0165253	-3.82728	-3.04561	X	134490501	GTA	G	0.0023220882050212993	2.634121287514556
X:33844295:T:C	7.6803e-06	0.000840584	-4.69544	-3.04512	X	33844295	T	C	0.0023258748868535965	2.633413650489121
X:137894706:C:G	1.82327e-05	0.00125517	-4.2318	-3.04466	X	137894706	C	G	0.0023294348765611154	2.6327494265102414
X:92192911:G:A	0.00563345	0.000159211	3.56625	3.04456	X	92192911	G	A	0.0023302094473767825	2.6326050413122304
X:135502988:A:G	0.000721647	0.0274736	-3.63945	-3.04413	X	135502988	A	G	0.002333542790296475	2.631984231025128
X:34167788:C:CA	0.000650259	1.59862e-05	3.70565	3.04403	X	34167788	C	CA	0.002334318611893157	2.6318398672523196
X:74378700:T:G	0.000612641	1.41552e-05	3.7677	3.04369	X	74378700	T	G	0.002336958172469571	2.631349060662211
X:73341508:C:T	3.27795e-05	0.00282626	-4.45691	-3.04364	X	73341508	C	T	0.0023373465735882005	2.6312768871638457
X:7240531:G:GTA	1.08497e-06	0.00232951	-7.67186	-3.04328	X	7240531	G	GTA	0.0023401448071228848	2.6307572678084044
X:33810358:A:AT	2.51988e-05	0.289828	-9.35025	-3.04216	X	33810358	A	AT	0.0023488700520892677	2.62914100928525
X:100774730:C:T	0.000114544	0.00268862	-3.15583	-3.04105	X	100774730	C	T	0.0023575467746938476	2.6275396819247123
X:28145567:C:CTT	1.37693e-05	0.152707	-9.31383	-3.04089	X	28145567	C	CTT	0.00235879989063306	2.627308901030512
X:123629206:A:AACACACACAC	5.29688e-05	0.00863041	-5.09334	-3.04081	X	123629206	A	AACACACACAC	0.0023594266772770218	2.627193514463764
X:94875648:C:CTT	0.000105897	0.0172531	-5.09328	-3.04076	X	94875648	C	CTT	0.00235981849636559	2.627121399173204
X:100268359:G:A	0.000226034	0.00539421	-3.1724	-3.03895	X	100268359	G	A	0.0023740425249163632	2.6245115060338655
X:15914360:G:C	2.34367e-05	0.0498927	-7.66333	-3.03828	X	15914360	G	C	0.0023793276482448654	2.6235457487879588
X:86761812:A:G	6.68345e-05	0.00541518	-4.39474	-3.03827	X	86761812	A	G	0.0023794066122037366	2.6235313358748886
X:102732646:T:A	3.35392e-06	0.02701	-8.99383	-3.03775	X	102732646	T	A	0.0023835160456508915	2.6227819200892846
X:78232760:A:C	0.00112428	3.91289e-05	3.35804	3.03766	X	78232760	A	C	0.0023842279529933423	2.622652224605283
X:27534981:A:G	2.01725e-05	0.0428663	-7.66152	-3.03722	X	27534981	A	G	0.0023877111918393415	2.622018204919479
X:46026300:CT:C	0.00314786	8.87473e-05	3.56869	3.03709	X	46026300	CT	C	0.0023887412217657535	2.6218308958953602
X:100769128:C:T	9.34938e-05	0.00218613	-3.15199	-3.03705	X	100769128	C	T	0.002389058235877224	2.621773263723596
X:118085796:G:GGTGT	0.000122356	0.0328863	-5.59388	-3.03701	X	118085796	G	GGTGT	0.0023893752885025335	2.6217156321984763
X:86985082:G:A	8.6784e-06	0.0697526	-8.99187	-3.03664	X	86985082	G	A	0.0023923098518255225	2.621182571245874
X:127543340:C:T	1.58374e-07	1.71498e-05	-4.68478	-3.03643	X	127543340	C	T	0.002393976882142347	2.6208800477501963
X:85641979:A:T	8.51076e-06	0.0683242	-8.99069	-3.03597	X	85641979	A	T	0.002397632188795446	2.620217439514196
X:85641952:C:T	8.51076e-06	0.0683242	-8.99069	-3.03597	X	85641952	C	T	0.002397632188795446	2.620217439514196
X:78694760:CA:C	0.0246041	3.98083e-06	8.72918	3.03576	X	78694760	CA	C	0.0023993026137269424	2.619914972881076
X:91413429:G:T	0.00011844	0.0109541	-4.52707	-3.03541	X	91413429	G	T	0.0024020890228038934	2.619410901431004
X:85689329:G:A	8.00025e-06	0.0641552	-8.98959	-3.03535	X	85689329	G	A	0.0024025669902460758	2.619324494153234
X:79016227:C:T	2.07756e-05	0.00116408	-4.02591	-3.03494	X	79016227	C	T	0.0024058354317894434	2.6187340833594868
X:45137822:A:G	3.13084e-05	0.34343	-9.30285	-3.03453	X	45137822	A	G	0.0024091079428689723	2.6181437404989145
X:24952113:T:C	0.0161631	0.000461617	3.55575	3.03436	X	24952113	T	C	0.0024104660322773956	2.6178989841139466
X:9414145:C:A	0.000134038	0.00912064	-4.22017	-3.03378	X	9414145	C	A	0.0024151047894677784	2.6170640208129687
X:117083620:C:T	4.84715e-05	0.0129625	-5.58884	-3.03316	X	117083620	C	T	0.0024200724953295544	2.6161716241641906
X:140294447:C:CT	3.79078e-05	0.414837	-9.30049	-3.03316	X	140294447	C	CT	0.0024200724953295544	2.6161716241641906
X:84836306:C:T	9.58277e-05	0.00456992	-3.8647	-3.03307	X	84836306	C	T	0.00242079439076188	2.616042095626236
X:44907445:T:TTG	2.15871e-05	0.00183728	-4.44394	-3.03307	X	44907445	T	TTG	0.00242079439076188	2.616042095626236
X:144373579:T:C	0.000460961	0.0086794	-2.9354	-3.03283	X	144373579	T	C	0.0024227204089159547	2.615696702193969
X:46031032:C:T	5.34329e-05	0.00454422	-4.44318	-3.03245	X	46031032	C	T	0.00242577280616318	2.6151498768619015
X:27222381:G:C	0.00624672	6.26535e-05	4.60219	3.0322	X	27222381	G	C	0.002427782881362056	2.6147901551761135
X:90271576:TAA:T	0.00360749	0.000103356	3.55258	3.03128	X	90271576	TAA	T	0.00243519309220308	2.6134665968503636
X:90271541:C:T	0.00360749	0.000103356	3.55258	3.03128	X	90271541	C	T	0.00243519309220308	2.6134665968503636
X:85920836:G:A	0.00026524	0.0179962	-4.21728	-3.03108	X	85920836	G	A	0.00243680674420007	2.613178912036257
X:117084168:A:C	4.86094e-05	0.0129625	-5.586	-3.03098	X	117084168	A	C	0.0024376139371098575	2.6130350756902887
X:117084170:C:T	4.86094e-05	0.0129625	-5.586	-3.03098	X	117084170	C	T	0.0024376139371098575	2.6130350756902887
X:153201192:G:A	5.65356e-05	5.04683e-06	2.41611	3.03066	X	153201192	G	A	0.0024401985991016274	2.6125748265366635
X:82965376:C:CCTTT	1.52868e-05	0.00245937	-5.08067	-3.03057	X	82965376	C	CCTTT	0.002440925987047084	2.612445388917247
X:24177955:A:G	5.86444e-05	0.00136237	-3.14549	-3.03027	X	24177955	A	G	0.0024433520468583755	2.612013953823607
X:24178023:A:C	5.86444e-05	0.00136237	-3.14549	-3.03027	X	24178023	A	C	0.0024433520468583755	2.612013953823607
X:45137428:T:A	3.15478e-05	0.34343	-9.29523	-3.03011	X	45137428	T	A	0.0024446468475189716	2.611783869976468
X:96239133:C:CCTTGT	1.47134e-05	0.116889	-8.98022	-3.03006	X	96239133	C	CCTTGT	0.002445051601480058	2.611711970895548
X:15912382:T:G	2.37727e-05	0.0498927	-7.64909	-3.02992	X	15912382	T	G	0.0024461852388522913	2.6115106588429415
X:11012960:T:G	3.29785e-05	0.358585	-9.29407	-3.02943	X	11012960	T	G	0.0024501567585524897	2.610806129024665
X:73284704:C:T	8.64202e-06	0.000305895	-3.56661	-3.02812	X	73284704	C	T	0.002460803486901404	2.60892306649303
X:99351920:G:GT	0.195437	1.17634e-05	9.71799	3.02781	X	99351920	G	GT	0.0024633291280656573	2.6084775577292096
X:144653120:G:C	0.000698374	0.0165015	-3.16245	-3.02733	X	144653120	G	C	0.0024672444782693	2.607787814311366
X:27537825:C:T	1.82587e-05	0.00146185	-4.38281	-3.02722	X	27537825	C	T	0.00246814254765607	2.6076297612219945
X:91226258:G:T	0.000855739	0.0105265	-2.50968	-3.02719	X	91226258	G	T	0.002468387527577116	2.607586656682428
X:72443956:A:G	0.000371884	0.011588	-3.43915	-3.02708	X	72443956	A	G	0.0024692859776541654	2.6074286098149626
X:51736609:C:T	1.91078e-05	0.213665	-9.32206	-3.0264	X	51736609	C	T	0.002474846678150992	2.606451701334668
X:90292320:A:C	2.25597e-06	7.96325e-05	-3.56384	-3.02543	X	90292320	A	C	0.002482798684318897	2.605058493427286
X:42672093:C:CA	1.95406e-05	0.000479465	-3.20018	-3.02518	X	42672093	C	CA	0.002484851955901327	2.6046994808342268
X:137457131:G:T	0.00499891	0.000195048	3.24373	3.02488	X	137457131	G	T	0.002487317932467993	2.604268699051923
X:137458849:C:T	0.00499891	0.000195048	3.24373	3.02488	X	137458849	C	T	0.002487317932467993	2.604268699051923
X:5844613:G:A	0.000510791	0.00975536	-2.94961	-3.02486	X	5844613	G	A	0.0024874824104875533	2.604239981559203
X:146174328:C:A	5.91723e-05	0.123077	-7.64011	-3.02465	X	146174328	C	A	0.0024892100305726234	2.6039384576419446
X:144312387:A:C	0.000343763	0.00642852	-2.92855	-3.02464	X	144312387	A	C	0.0024892923255708825	2.6039240998045554
X:28185255:A:ATT	4.99116e-05	0.013186	-5.57666	-3.02383	X	28185255	A	ATT	0.002495966492888636	2.60276124913835
X:153224010:A:AT	9.01012e-05	0.00959938	-4.66852	-3.02317	X	153224010	A	AT	0.0025014168029832183	2.6018139371564133
X:153223764:T:C	9.01012e-05	0.00959938	-4.66852	-3.02317	X	153223764	T	C	0.0025014168029832183	2.6018139371564133
X:142757142:A:C	0.349717	5.78282e-05	8.7074	3.02305	X	142757142	A	C	0.002502408937438748	2.6016417175199424
X:27531250:T:C	2.06883e-05	0.0428688	-7.63633	-3.02243	X	27531250	T	C	0.002507540702681642	2.6007520087336387
X:27181201:T:C	0.0143264	8.10544e-05	5.17474	3.02242	X	27181201	T	C	0.002507623551922339	2.600737659864393
X:10988235:TA:T	0.325168	1.98187e-05	9.70547	3.02124	X	10988235	TA	T	0.0025174173620072056	2.599044776906745
X:73322036:A:AT	0.00063691	3.4869e-05	2.90503	3.02122	X	73322036	A	AT	0.002517583659921382	2.5990160888225953
X:103279753:T:C	1.59369e-05	0.0329332	-7.6336	-3.02083	X	103279753	T	C	0.002520828478409312	2.5984567034764896
X:9419057:A:C	6.33153e-05	0.130817	-7.63343	-3.02073	X	9419057	A	C	0.0025216610991219547	2.5983132812328753
X:88536408:G:C	9.35208e-05	0.0148619	-5.06837	-3.02062	X	88536408	G	C	0.0025225772724489738	2.598155521430322
X:80617537:C:T	2.49247e-06	0.0275773	-9.31148	-3.02048	X	80617537	C	T	0.0025237437515838214	2.597954743295863
X:92195769:A:G	0.000128261	0.0203774	-5.06811	-3.02041	X	92195769	A	G	0.0025243271761534124	2.5978543571975155
X:92195179:T:C	0.000128269	0.0203774	-5.06805	-3.02036	X	92195179	T	C	0.0025247439835175273	2.5977826540533377
X:85915035:T:A	0.000346395	0.0232317	-4.20569	-3.02024	X	85915035	T	A	0.0025257445780441997	2.59761057062737
X:73302726:T:G	1.99042e-05	0.0004859	-3.19507	-3.01974	X	73302726	T	G	0.0025299176274056734	2.5968936189607668
X:34195897:T:TTATGA	5.82956e-06	0.000180174	-3.43098	-3.01926	X	34195897	T	TTATGA	0.002533929686920465	2.5962054403626476
X:32279918:CAT:C	0.0358949	0.000617171	4.0632	3.01916	X	32279918	CAT	C	0.0025347662647882113	2.596062081534892
X:27156318:C:T	0.0161178	0.000277156	4.0631	3.01906	X	27156318	C	T	0.002535603095270331	2.5959187267462505
X:44896623:CTT:C	0.209698	1.28356e-05	9.7012	3.01901	X	44896623	CTT	C	0.002536021605263002	2.595847050866593
X:44896781:A:C	0.209698	1.28356e-05	9.7012	3.01901	X	44896781	A	C	0.002536021605263002	2.595847050866593
X:88367549:T:G	0.000657413	0.0100701	-2.72902	-3.01864	X	88367549	T	G	0.0025391205433770714	2.595316680740773
X:100767972:T:G	9.33489e-05	0.00214372	-3.13395	-3.01826	X	100767972	T	G	0.0025423068413971497	2.5947720338435922
X:100767703:G:T	9.33489e-05	0.00214372	-3.13395	-3.01826	X	100767703	G	T	0.0025423068413971497	2.5947720338435922
X:11998193:A:G	0.00131396	0.000138356	2.25097	3.01804	X	11998193	A	G	0.0025441532113038073	2.5944567386131467
X:67976126:A:AAC	0.000148698	0.00302322	-3.01216	-3.01778	X	67976126	A	AAC	0.00254633686595177	2.594084142180281
X:73304631:A:G	0.000494181	2.71544e-05	2.90136	3.01756	X	73304631	A	G	0.002548185912442132	2.593768889601094
X:139862692:C:G	0.0305209	1.37445e-05	7.70553	3.01752	X	139862692	C	G	0.002548522234617291	2.5937115730505633
X:83918097:A:G	2.82927e-05	0.00741093	-5.56811	-3.01728	X	83918097	A	G	0.0025505410203538422	2.5933676873180285
X:28128852:A:G	2.33823e-06	0.00479499	-7.62593	-3.01633	X	28128852	A	G	0.0025585464076941403	2.592006701254812
X:134431656:C:CA	0.000974208	5.01825e-05	2.96596	3.01572	X	134431656	C	CA	0.0025636988164748583	2.591132997104095
X:144655089:G:A	0.00067877	0.0158288	-3.14931	-3.01548	X	144655089	G	A	0.0025657285934247583	2.59078928584574
X:15907509:A:C	2.43879e-05	0.0498927	-7.62354	-3.01493	X	15907509	A	C	0.0025703857097001182	2.5900017019506385
X:117079033:G:A	4.96519e-05	0.0129625	-5.56478	-3.01473	X	117079033	G	A	0.0025720811221812633	2.589715338096146
X:117079049:G:A	4.96519e-05	0.0129625	-5.56478	-3.01473	X	117079049	G	A	0.0025720811221812633	2.589715338096146
X:90289586:C:T	1.47018e-05	0.0015494	-4.65765	-3.0143	X	90289586	C	T	0.002575729722339483	2.589099710510525
X:85695817:C:CTTT	1.59927e-05	0.0326821	-7.62245	-3.01429	X	85695817	C	CTTT	0.0025758146297899997	2.589085394478394
X:127920262:A:G	1.49808e-05	0.0306094	-7.62229	-3.01419	X	127920262	A	G	0.0025766638450732456	2.5889422363782293
X:92341182:C:T	0.00796562	0.00071042	2.41703	3.01388	X	92341182	C	T	0.0025792980396889733	2.5884984719319526
X:146169721:G:A	0.000194626	0.0106512	-4.00235	-3.01358	X	146169721	G	A	0.002581849604687602	2.5880690594191718
X:131952093:T:G	1.32479e-05	0.000724681	-4.00189	-3.01317	X	131952093	T	G	0.002585340476187007	2.5874822544299425
X:96241973:C:A	1.19794e-05	0.130821	-9.2984	-3.01317	X	96241973	C	A	0.002585340476187007	2.5874822544299425
X:4949564:T:C	1.39049e-05	0.151743	-9.29771	-3.01279	X	4949564	T	C	0.0025885797711706284	2.5869384470060943
X:15006643:A:G	6.0753e-05	0.00955571	-5.05808	-3.0123	X	15006643	A	G	0.002592762234686237	2.5862373077189895
X:100269916:A:C	0.000232208	0.00539421	-3.14545	-3.01208	X	100269916	A	C	0.002594642084546217	2.5859225420263647
X:40967626:GTAT:G	0.0352757	0.00125979	3.33225	3.012	X	40967626	GTAT	G	0.002595325975227638	2.585808086620295
X:30700759:A:AAAAT	0.00843242	0.000150526	4.0257	3.0116	X	30700759	A	AAAAT	0.002598747901493911	2.5852358483559943
X:78709272:CT:C	0.0215317	9.80381e-06	7.69451	3.01128	X	78709272	CT	C	0.002601488412059302	2.5847781042633935
X:117359555:T:C	1.03629e-05	0.112692	-9.29418	-3.01082	X	117359555	T	C	0.0026054325253324823	2.5841201695727216
X:15904192:AT:A	2.45704e-05	0.0498927	-7.61609	-3.01055	X	15904192	AT	A	0.0026077500937641217	2.5837340303095724
X:138228887:T:C	6.34388e-05	0.00498646	-4.36441	-3.01017	X	138228887	T	C	0.0026110150497556566	2.583190624918917
X:41465683:AT:A	0.0383183	0.00379917	2.31114	3.00989	X	41465683	AT	A	0.002613423197729296	2.5827902582570545
X:83883942:T:A	3.57311e-05	0.00925845	-5.55727	-3.00898	X	83883942	T	A	0.0026212637087640596	2.5814892852342712
X:33831665:G:A	0.000856186	1.53379e-05	4.02216	3.00853	X	33831665	G	A	0.0026251488252739714	2.5808460704816056
X:107255331:C:A	0.0020936	5.36471e-05	3.66421	3.00738	X	107255331	C	A	0.0026351013839468634	2.579202670910014
X:90285325:A:C	6.59106e-05	4.85423e-06	2.60845	3.00735	X	90285325	A	C	0.0026353614769279595	2.579159806763337
X:73269696:A:G	1.43085e-06	1.02047e-07	2.64059	3.00633	X	73269696	A	G	0.0026442186133497263	2.5777026419826856
X:34460349:T:A	0.000519633	0.0190664	-3.60256	-3.00625	X	34460349	T	A	0.002644914440151337	2.577588372313541
X:153216118:A:G	6.56966e-05	0.00685375	-4.6475	-3.00603	X	153216118	A	G	0.002646828826946817	2.577274144046669
X:18559357:C:T	1.68257e-05	0.175613	-9.25313	-3.0057	X	18559357	C	T	0.002649702781973395	2.576802838285112
X:82409483:T:C	1.9626e-06	0.0204837	-9.25312	-3.00569	X	82409483	T	C	0.0026497899160290938	2.5767885569786793
X:89167436:A:AAAAC	0.000373106	3.15898e-05	2.46903	3.00544	X	89167436	A	AAAAC	0.002651969118784809	2.576431537438998
X:20656146:A:AACACAC	8.154e-05	0.00637249	-4.35865	-3.00484	X	20656146	A	AACACAC	0.0026572058904457837	2.575574793493297
X:30704855:C:A	0.000222121	0.00791027	-3.57269	-3.00443	X	30704855	C	A	0.0026607897851729104	2.5749894353868656
X:76129693:A:G	3.82514e-05	0.00091969	-3.17986	-3.00356	X	76129693	A	G	0.0026684092728392387	2.5737475588244627
X:86991355:A:G	6.61483e-06	0.0710037	-9.28117	-3.00354	X	86991355	A	G	0.002668584667720933	2.5737190135309325
X:93048463:C:T	1.59458e-05	0.171132	-9.28099	-3.00344	X	93048463	C	T	0.002669461800187092	2.5735762894854712
X:99799904:T:C	0.000904639	2.24242e-05	3.69739	3.00337	X	99799904	T	C	0.002670075949680435	2.5734763850556526
X:99799958:C:T	0.000904639	2.24242e-05	3.69739	3.00337	X	99799958	C	T	0.002670075949680435	2.5734763850556526
X:11020364:C:T	3.65351e-05	0.379298	-9.2478	-3.00261	X	11020364	C	T	0.002676752175318043	2.572391835714099
X:117073298:G:T	5.04526e-05	0.0129625	-5.54878	-3.00248	X	117073298	G	T	0.002677895688045796	2.5722063440485883
X:45147688:C:CA	2.441e-05	0.261432	-9.27894	-3.0023	X	45147688	C	CA	0.0026794797503926614	2.571949520697607
X:114442127:C:T	1.7642e-05	0.182977	-9.24683	-3.00205	X	114442127	C	T	0.002681681257601613	2.5715928432969344
X:82112010:A:T	1.88811e-05	0.00484762	-5.54808	-3.00194	X	82112010	A	T	0.002682650444340352	2.571435913233495
X:85691043:G:A	8.49293e-06	0.0641604	-8.92991	-3.00163	X	85691043	G	A	0.002685383511236405	2.5709936820613333
X:117075605:C:T	5.05141e-05	0.0129625	-5.54757	-3.00155	X	117075605	C	T	0.0026860892317592303	2.5708795641851916
X:129392662:C:CA	3.27038e-05	0.00339033	-4.64119	-3.00088	X	129392662	C	CA	0.0026920062980755814	2.5699239283944677
X:44924477:A:G	0.210518	1.33448e-05	9.6662	3.00066	X	44924477	A	G	0.0026939518114994943	2.569610177056625
X:144652388:A:G	0.000722878	0.0165593	-3.13146	-2.9994	X	144652388	A	G	0.0027051190703044044	2.567813613944451
X:5708967:G:A	0.00379145	0.000257943	2.68777	2.99876	X	5708967	G	A	0.0027108075131008526	2.5669013193675143
X:144312032:A:C	0.000349348	0.00637267	-2.9037	-2.99822	X	144312032	A	C	0.0027156156359310546	2.5661316994161814
X:114609229:A:T	0.000105652	0.001585	-2.70819	-2.99792	X	114609229	A	T	0.002718290180976774	2.5657041836336516
X:5725583:C:T	0.000271387	0.0069491	-3.24282	-2.99761	X	5725583	C	T	0.002721056405712233	2.565262455487545
X:109186252:C:T	2.72297e-05	2.32332e-06	2.46131	2.99723	X	109186252	C	T	0.0027244507704276577	2.5647210351905123
X:35284439:C:T	4.93632e-05	0.0043631	-4.48173	-2.9971	X	35284439	C	T	0.0027256128882910996	2.5645358258371296
X:26864271:GTCTTCT:G	0.00173783	4.24301e-05	3.71253	2.9964	X	26864271	GTCTTCT	G	0.002731878234603161	2.563538661951869
X:144653082:G:A	0.000722878	0.0165015	-3.12796	-2.99625	X	144653082	G	A	0.0027332225194995484	2.563325009706229
X:117677067:C:CA	0.016883	0.000501738	3.51598	2.99572	X	117677067	C	CA	0.0027379771676004586	2.5625701778333196
X:127951366:G:A	1.54216e-05	0.0305105	-7.59006	-2.99527	X	127951366	G	A	0.002742020063127536	2.5619293718391023
X:86983814:G:A	1.00009e-05	0.074632	-8.91765	-2.9947	X	86983814	G	A	0.0027471488930145456	2.5611178015687974
X:34016287:A:G	2.92533e-05	0.00300889	-4.63333	-2.99447	X	34016287	A	G	0.002749220901278381	2.560790362975054
X:115583873:T:G	1.85001e-05	0.137874	-8.91632	-2.99395	X	115583873	T	G	0.002753910705260015	2.5600501457209073
X:74238743:T:C	0.000873092	5.24752e-05	2.8117	2.99336	X	74238743	T	C	0.002759240678247888	2.5592104159846905
X:75821835:GA:G	0.00338705	8.48448e-05	3.68689	2.99316	X	75821835	GA	G	0.0027610495861847117	2.558925793718208
X:45144296:C:A	2.5868e-05	0.192392	-8.91428	-2.9928	X	45144296	C	A	0.002764308350507972	2.558413514317044
X:42681026:A:G	2.17221e-05	0.000402845	-2.92022	-2.99279	X	42681026	A	G	0.002764398921869337	2.5583992850802533
X:95166423:T:TACACACACACACACAC	1.85144e-05	0.194917	-9.26178	-2.9927	X	95166423	T	TACACACACACACACAC	0.002765214186109571	2.55827122376512
X:99343652:C:T	1.85725e-05	0.195437	-9.26131	-2.99244	X	99343652	C	T	0.0027675706277420207	2.557901287216272
X:81970377:C:T	0.000681018	1.77563e-05	3.64685	2.99202	X	81970377	C	T	0.0027713810622649188	2.557303755033065
X:30198541:G:A	7.7673e-05	0.0119093	-5.03257	-2.99167	X	30198541	G	A	0.0027745600842270573	2.556805865924345
X:144409898:G:A	0.000375991	0.0069651	-2.9191	-2.99157	X	144409898	G	A	0.002775468987795696	2.556663620972887
X:45609399:A:G	9.82536e-05	0.00136965	-2.63476	-2.99117	X	45609399	A	G	0.002779107322248423	2.5560946815204715
X:74237390:G:A	0.000877052	5.28281e-05	2.80952	2.9911	X	74237390	G	A	0.0027797444784729247	2.5559951237543923
X:66976644:T:TG	1.75251e-06	0.0183945	-9.25876	-2.99102	X	66976644	T	TG	0.0027804728203878757	2.5558813458714753
X:66976647:C:CT	1.75251e-06	0.0183945	-9.25876	-2.99102	X	66976647	C	CT	0.0027804728203878757	2.5558813458714753
X:66988827:C:G	0.0183945	1.18853e-06	9.64709	2.99064	X	66988827	C	G	0.002783934825396266	2.555340936195844
X:37428818:G:A	2.47444e-05	0.251534	-9.22673	-2.99039	X	37428818	G	A	0.0027862146068922703	2.5549854352919708
X:73284836:G:A	6.06738e-06	0.000489911	-4.3913	-2.99016	X	73284836	G	A	0.0027883135116945662	2.554658396734675
X:83872718:T:TAC	2.26802e-05	0.00103536	-3.82101	-2.99003	X	83872718	T	TAC	0.002789500487875589	2.554473558296753
X:66987659:G:A	0.0183945	1.19175e-06	9.64438	2.98922	X	66987659	G	A	0.002796906664208759	2.55332202626181
X:80158629:T:A	5.63448e-06	0.011023	-7.57883	-2.98868	X	80158629	T	A	0.0028018540871944226	2.552554485315882
X:24170156:AT:A	0.000118779	0.00219452	-2.91645	-2.98868	X	24170156	AT	A	0.0028018540871944226	2.552554485315882
X:153459510:T:C	9.18282e-05	0.00514964	-4.02676	-2.98853	X	153459510	T	C	0.0028032297890287694	2.5523413003785675
X:73326679:T:A	0.00042557	4.29748e-05	2.29281	2.98844	X	73326679	T	A	0.0028040555061955	2.5522133937739144
X:131936806:T:G	0.00243864	0.000129153	2.9382	2.98829	X	131936806	T	G	0.002805432195087213	2.5520002233623504
X:27174821:T:G	8.36318e-05	0.0127603	-5.02767	-2.98772	X	27174821	T	G	0.002810669244106819	2.551190258594245
X:117991846:ACTCT:A	0.0249211	0.000147292	5.13105	2.98749	X	117991846	ACTCT	A	0.0028127849661709926	2.5508634678259
X:139787209:T:C	4.07617e-05	0.300288	-8.90475	-2.98742	X	139787209	T	C	0.0028134291701937793	2.550764014002509
X:30582025:C:CAT	1.51172e-05	0.0294578	-7.57488	-2.98636	X	30582025	C	CAT	0.0028232007413675135	2.549258240603111
X:44904386:A:G	2.02481e-05	0.210522	-9.24929	-2.98572	X	44904386	A	G	0.0028291155522123025	2.5483493138850695
X:145009758:A:G	0.000115198	0.00924464	-4.38514	-2.98515	X	145009758	A	G	0.0028343929548166782	2.547539940158383
X:80619494:C:G	2.65528e-06	0.0275773	-9.2482	-2.98511	X	80619494	C	G	0.002834763636175522	2.5474831469242094
X:136588485:A:ATTTATTTATTTAT	0.000227212	0.00314749	-2.62847	-2.98474	X	136588485	A	ATTTATTTATTTAT	0.002838194537729275	2.54695784010941
X:11995731:A:G	0.00149907	0.000163582	2.21529	2.98467	X	11995731	A	G	0.00283884405355478	2.546858463952063
X:79142683:T:TACAC	5.21474e-06	0.0382056	-8.89925	-2.98431	X	79142683	T	TACAC	0.0028421865649576102	2.5463474177976124
X:74378320:GA:G	1.4245e-05	0.000612641	-3.76137	-2.98361	X	74378320	GA	G	0.00284869618118327	2.5453538666157507
X:92346730:A:G	0.000422293	0.012571	-3.39345	-2.98329	X	92346730	A	G	0.0028516765370913003	2.5448997376291476
X:92346846:G:T	0.000422293	0.012571	-3.39345	-2.98329	X	92346846	G	T	0.0028516765370913003	2.5448997376291476
X:92196916:G:C	0.000126597	0.01921	-5.02218	-2.98327	X	92196916	G	C	0.0028518629038253316	2.5448713559391223
X:31763908:T:C	0.0170959	0.000181883	4.54323	2.98206	X	31763908	T	C	0.0028631588003068817	2.5431545638944253
X:15021876:ATTTATATATT:A	0.00518512	3.08559e-05	5.12422	2.98202	X	15021876	ATTTATATATT	A	0.0028635329148816637	2.543097820523649
X:109182005:T:TA	2.68389e-05	2.32332e-06	2.44685	2.98185	X	109182005	T	TA	0.0028651233997554256	2.5428566683986005
X:83897287:C:T	3.29227e-05	0.00822833	-5.52118	-2.98134	X	83897287	C	T	0.002869899694493762	2.542133281973019
X:42674904:G:C	2.12187e-05	0.000389366	-2.90964	-2.98125	X	42674904	G	C	0.0028707433241993087	2.54200563643668
X:21912981:C:T	0.00716835	0.000473152	2.71801	2.98066	X	21912981	C	T	0.00287627939464153	2.5411689299520246
X:73284518:C:CA	4.65535e-06	0.0338592	-8.89195	-2.98018	X	73284518	C	CA	0.0028807905041713243	2.5404883231810613
X:118431364:T:C	0.00100474	0.0223146	-3.10051	-2.97962	X	118431364	T	C	0.0028860616276784857	2.5396943994119847
X:83290079:C:A	0.0068146	4.06783e-05	5.12113	2.97955	X	83290079	C	A	0.00288672113678738	2.5395951678352255
X:83289827:T:C	0.006814	4.06783e-05	5.12104	2.97948	X	83289827	T	C	0.0028873807834634457	2.5394959382349778
X:82704977:CT:C	0.012522	0.000527158	3.16774	2.97931	X	82704977	CT	C	0.002888983355419023	2.5392549602916614
X:82705514:G:A	0.012522	0.000527158	3.16774	2.97931	X	82705514	G	A	0.002888983355419023	2.5392549602916614
X:92354577:A:G	0.000529128	0.0124333	-3.1569	-2.97914	X	92354577	A	G	0.0028905867392551464	2.539013994005637
X:117072991:G:A	5.20828e-05	0.0129625	-5.51698	-2.97813	X	117072991	G	A	0.0029001294859753337	2.5375826111392676
X:83631783:TG:T	0.0882464	1.01656e-05	9.06888	2.97805	X	83631783	TG	T	0.0029008865747657524	2.5374692518648185
X:27220617:A:G	0.00618373	6.61095e-05	4.53836	2.97792	X	27220617	A	G	0.0029021172288123238	2.537285048549549
X:15071237:G:A	5.47097e-05	0.00103757	-2.9426	-2.97766	X	15071237	G	A	0.0029045799666136806	2.536916662368683
X:15071365:C:T	5.47097e-05	0.00103757	-2.9426	-2.97766	X	15071365	C	T	0.0029045799666136806	2.536916662368683
X:11020968:C:T	3.7874e-05	0.376519	-9.20446	-2.97747	X	11020968	C	T	0.0029063808657614825	2.536647474325619
X:34198282:G:A	1.03859e-05	0.000573864	-4.01194	-2.97557	X	34198282	G	A	0.002924445991764131	2.533956394712832
X:117076030:T:C	5.22669e-05	0.0129625	-5.51345	-2.97543	X	117076030	T	C	0.002925781151519151	2.533758162230595
X:117435066:A:ATG	1.03849e-05	0.105739	-9.22837	-2.97403	X	117435066	A	ATG	0.00293916337897696	2.5317762721730346
X:132724137:AAAAAG:A	0.00447439	0.000119087	3.62627	2.97381	X	132724137	AAAAAG	A	0.0029412713715898002	2.5314649041746815
X:82706759:A:G	0.0124504	0.000527158	3.16201	2.97375	X	82706759	A	G	0.0029418465180636763	2.5313799890173208
X:82706319:T:A	0.0124504	0.000527158	3.16201	2.97375	X	82706319	T	A	0.0029418465180636763	2.5313799890173208
X:82706457:T:A	0.0124504	0.000527158	3.16201	2.97375	X	82706457	T	A	0.0029418465180636763	2.5313799890173208
X:92370605:A:G	0.0159512	0.00042483	3.6256	2.97322	X	92370605	A	G	0.002946931437688602	2.5306299681812545
X:142931282:A:G	7.2133e-05	0.137287	-7.55132	-2.97253	X	142931282	A	G	0.0029535634449823953	2.52965369570181
X:78235921:T:C	0.00156018	5.79763e-05	3.29252	2.97247	X	78235921	T	C	0.0029541407844148743	2.529568811516423
X:78235542:C:G	0.00156018	5.79763e-05	3.29252	2.97247	X	78235542	C	G	0.0029541407844148743	2.529568811516423
X:152835005:AG:A	0.0113076	0.00060856	2.92213	2.97241	X	152835005	AG	A	0.0029547182268239835	2.5294839287828146
X:34030487:C:G	1.06085e-05	0.107564	-9.22419	-2.97169	X	34030487	C	G	0.002961655573841561	2.5284654492170886
X:127918318:G:T	1.6111e-05	0.03061	-7.54958	-2.97151	X	127918318	G	T	0.0029633922312374407	2.5282108619899817
X:127918172:C:T	1.6111e-05	0.03061	-7.54958	-2.97151	X	127918172	C	T	0.0029633922312374407	2.5282108619899817
X:117077313:G:A	5.25362e-05	0.0129625	-5.50832	-2.9715	X	117077313	G	A	0.0029634887394430465	2.5281967186382377
X:117077482:A:G	5.25533e-05	0.0129625	-5.50799	-2.97125	X	117077482	A	G	0.0029659023768093084	2.527843147950513
X:117077615:T:G	5.25533e-05	0.0129625	-5.50799	-2.97125	X	117077615	T	G	0.0029659023768093084	2.527843147950513
X:79491090:G:GA	0.000177951	0.00523022	-3.3807	-2.97108	X	79491090	G	GA	0.00296754467461989	2.527602734279064
X:78236841:G:T	0.00156018	5.80992e-05	3.2904	2.97036	X	78236841	G	T	0.0029745094918743236	2.52658464087179
X:153222536:G:GA	8.84543e-05	0.00883109	-4.60355	-2.97017	X	153222536	G	GA	0.0029763499152601946	2.5263160121942665
X:86441479:CTG:C	0.000596705	4.43864e-05	2.59849	2.96993	X	86441479	CTG	C	0.0029786761456249682	2.525976712566653
X:96243291:A:C	1.20392e-05	0.121656	-9.22079	-2.96979	X	96243291	A	C	0.0029800338792623057	2.5257787985099753
X:92373578:A:G	0.000539531	0.0241262	-3.80035	-2.96967	X	92373578	A	G	0.002981198100337455	2.5256091641804237
X:4964492:G:GT	0.000104172	0.00661675	-4.15132	-2.96939	X	4964492	G	GT	0.002983916230124736	2.5252133733257915
X:34208839:T:C	2.58413e-05	0.00257491	-4.60159	-2.96858	X	34208839	T	C	0.002991792127601714	2.5240685849291458
X:27153277:T:A	0.0161081	0.000292402	4.00895	2.96842	X	27153277	T	A	0.0029933501017367493	2.523842485177745
X:74376914:C:A	0.000660472	1.66712e-05	3.67927	2.96788	X	74376914	C	A	0.002998613730514298	2.523079474724118
X:128120627:C:CTT	7.19109e-06	0.0724039	-9.21717	-2.96777	X	128120627	C	CTT	0.002999686985852285	2.5229240610834966
X:132562384:T:TTTATTA	4.66411e-06	0.0331723	-8.86957	-2.96754	X	132562384	T	TTTATTA	0.0030019321976842667	2.5225991210548138
X:149418667:A:G	0.000210371	0.0157913	-4.31834	-2.96751	X	149418667	A	G	0.0030022251643973923	2.5225567391453065
X:83681590:T:G	9.07472e-06	0.0886427	-9.18688	-2.96728	X	83681590	T	G	0.0030044721092056066	2.5222318232281506
X:97223894:T:G	0.000138462	1.01854e-05	2.60964	2.96689	X	97223894	T	G	0.0030082856524307334	2.5216809275936
X:148205395:TTGTGTGTG:T	0.244897	1.65598e-05	9.60161	2.9668	X	148205395	TTGTGTGTG	T	0.003009166327706724	2.5215538065408007
X:73300037:T:C	0.000315802	2.32375e-05	2.60935	2.96659	X	73300037	T	C	0.003011222151377956	2.521257203451486
X:102780813:T:C	6.10546e-06	0.00011775	-2.95938	-2.96656	X	102780813	T	C	0.0030115159450405373	2.5212148330330697
X:26847836:G:A	1.90853e-05	0.0016266	-4.44533	-2.96633	X	26847836	G	A	0.0030137692319626022	2.520890005213881
X:30818891:G:GGTGTGTGTGTGT	2.64353e-05	0.00167356	-4.148	-2.96629	X	30818891	G	GGTGTGTGTGTGT	0.0030141612649049712	2.52083351559645
X:34167788:C:CAA	1.11628e-05	0.112087	-9.21444	-2.96624	X	34167788	C	CAA	0.0030146513714995817	2.5207629044818276
X:103287362:C:T	1.82414e-05	0.0343369	-7.54028	-2.96606	X	103287362	C	T	0.0030164163572157323	2.5205087128151034
X:142941864:G:A	0.045639	0.000494797	4.52437	2.96601	X	142941864	G	A	0.003016906798282249	2.5204381063370924
X:142935835:GAATA:G	0.0222118	0.000240986	4.52364	2.96539	X	142935835	GAATA	G	0.0030229943136035383	2.5195626697500453
X:152048684:CTG:C	0.0546191	0.000331972	5.10309	2.96513	X	152048684	CTG	C	0.0030255504754801645	2.519195597304467
X:86780170:CAAA:C	0.00437474	0.000180986	3.18518	2.96496	X	86780170	CAAA	C	0.003027222877900584	2.518955603133601
X:48037188:CAA:C	0.16874	3.08786e-05	8.60605	2.96386	X	48037188	CAA	C	0.0030380647011111284	2.517402981284187
X:84500587:A:G	2.23127e-05	0.00330421	-4.9978	-2.96356	X	84500587	A	G	0.0030410277022979815	2.5169796236242497
X:140429391:A:G	9.57374e-05	0.00604055	-4.14464	-2.96315	X	140429391	A	G	0.0030450813998221405	2.5164010935003738
X:99120676:T:TA	0.00953115	0.000174051	4.00297	2.96282	X	99120676	T	TA	0.003048347711045793	2.5159354965267595
X:45129075:G:A	0.332875	3.94347e-05	9.04088	2.96176	X	45129075	G	A	0.00305886112726186	2.514440239600127
X:73284895:C:A	4.81035e-06	0.0338592	-8.8592	-2.96168	X	73284895	C	A	0.0030596559331221005	2.5143274084033442
X:116781866:G:A	4.5537e-06	0.00850711	-7.53272	-2.96161	X	116781866	G	A	0.0030603515427454387	2.5142286832225444
X:85915233:C:T	0.000351323	0.0221235	-4.14269	-2.96132	X	85915233	C	T	0.0030632348907612436	2.5138196999449143
X:83343793:T:A	6.29381e-06	0.0442696	-8.85849	-2.96128	X	83343793	T	A	0.0030636327883016515	2.5137632911189183
X:147599813:C:T	0.0693096	0.00287783	3.18155	2.96124	X	147599813	C	T	0.003064030732976286	2.5137068829379077
X:33829918:C:A	1.52438e-05	0.000786355	-3.94323	-2.96	X	33829918	C	A	0.0030763904234761153	2.511958549234225
X:15079112:G:T	0.000844382	9.19104e-05	2.21779	2.9599	X	15079112	G	T	0.003077389151121573	2.511817581588603
X:107257976:A:G	0.0018627	5.03749e-05	3.61029	2.95968	X	107257976	A	G	0.003079587392763909	2.511507466957203
X:153162913:GCACACA:G	0.00515782	5.63737e-05	4.51627	2.95912	X	153162913	GCACACA	G	0.003085189379742743	2.5107181722943004
X:123686046:A:G	0.000193014	0.0284245	-4.99224	-2.95907	X	123686046	A	G	0.0030856900087503753	2.5106477057036303
X:34197330:A:C	1.03859e-05	0.000563002	-3.99284	-2.95886	X	34197330	A	C	0.003087793459597759	2.510351757027001
X:48917155:C:CA	3.2549e-06	0.000789643	-5.49142	-2.95856	X	48917155	C	CA	0.003090800657510071	2.5099290040389652
X:88215197:GA:G	0.00338262	8.78595e-05	3.65067	2.95797	X	88215197	GA	G	0.003096722605171015	2.509097695656803
X:132560347:G:C	1.93771e-05	0.00121463	-4.1381	-2.95703	X	132560347	G	C	0.003106178947694028	2.5077735280802855
X:117792746:A:T	0.00734479	0.000443888	2.80618	2.957	X	117792746	A	T	0.0031064811789441402	2.5077312732774764
X:147266064:T:G	0.00291523	9.01579e-05	3.47614	2.957	X	147266064	T	G	0.0031064811789441402	2.5077312732774764
X:45140144:G:A	3.58115e-05	0.343434	-9.16848	-2.95661	X	45140144	G	A	0.0031104126258656548	2.5071819938510886
X:92200883:CTTTAT:C	0.00792004	0.000142195	4.01995	2.95626	X	92200883	CTTTAT	C	0.003113944709235943	2.506689102971145
X:153221521:C:T	9.20796e-05	0.00497386	-3.9893	-2.95576	X	153221521	C	T	0.003118996886371478	2.5059850587896215
X:85690700:A:C	8.84957e-06	0.0615084	-8.84656	-2.95454	X	85690700	A	C	0.0031313555769158052	2.504267613850882
X:46022663:CAA:C	0.00530068	0.00013822	3.64674	2.95416	X	46022663	CAA	C	0.003135214113488424	2.5037327945043266
X:11996227:T:C	0.00144965	0.000163582	2.18177	2.95332	X	11996227	T	C	0.0031437588952171087	2.502550768768748
X:85691279:G:A	8.8937e-06	0.0616205	-8.84341	-2.95276	X	85691279	G	A	0.0031494672046650314	2.5017629095897598
X:138818499:GACACAC:G	0.00957115	0.000105529	4.50752	2.95169	X	138818499	GACACAC	G	0.003160400434032086	2.5002578872319883
X:47108831:G:GA	0.00162513	0.0232624	-2.66125	-2.95121	X	47108831	G	GA	0.003165316291874873	2.49958288692539
X:90137257:T:A	0.00288872	0.000301222	2.26072	2.95088	X	90137257	T	A	0.0031686999859718416	2.4991188780722107
X:51300744:G:A	4.42029e-05	0.000816647	-2.91642	-2.95049	X	51300744	G	A	0.003172703147579006	2.498570560549894
X:45127670:C:G	3e-05	0.284188	-9.15619	-2.94949	X	45127670	C	G	0.003182988736145896	2.497164898243068
X:44913744:G:GTA	2.32194e-05	0.226086	-9.18368	-2.94905	X	44913744	G	GTA	0.0031875240154485866	2.496546534483475
X:37434359:T:A	0.172708	3.2434e-05	8.58015	2.94873	X	37434359	T	A	0.0031908260987077125	2.496096864383629
X:37433279:G:C	0.172699	3.2434e-05	8.5801	2.9487	X	37433279	G	C	0.003191135828795189	2.4960547099272086
X:37433568:GT:G	0.172699	3.2434e-05	8.5801	2.9487	X	37433568	GT	G	0.003191135828795189	2.4960547099272086
X:98732849:TA:T	0.00809804	0.000212418	3.64082	2.9484	X	98732849	TA	T	0.0031942346370375124	2.495633185308404
X:28938472:CAGA:C	4.21444e-05	0.00214471	-3.92966	-2.94769	X	28938472	CAGA	C	0.0032015794116103933	2.4946357215154435
X:123638668:A:C	5.88638e-05	0.0085472	-4.97813	-2.94766	X	123638668	A	C	0.0032018900928257525	2.494593579630494
X:130824422:G:A	0.00192143	5.04548e-05	3.63975	2.94736	X	130824422	G	A	0.0032049984164422276	2.4941721807256854
X:41637934:CTG:C	0.0627979	3.20083e-05	7.58168	2.94734	X	41637934	CTG	C	0.003205205735757131	2.494144088754713
X:116777694:G:GAA	5.87264e-06	0.0107046	-7.50812	-2.94718	X	116777694	G	GAA	0.0032068647302920298	2.493919358788969
X:55717852:C:G	7.58883e-06	8.46022e-07	2.19389	2.94715	X	55717852	C	G	0.003207175878869659	2.493877223068709
X:55720808:G:A	7.58883e-06	8.46022e-07	2.19389	2.94715	X	55720808	G	A	0.003207175878869659	2.493877223068709
X:55719993:A:C	7.58883e-06	8.46022e-07	2.19389	2.94715	X	55719993	A	C	0.003207175878869659	2.493877223068709
X:17955913:GCA:G	0.00648073	0.000120381	3.98593	2.94688	X	17955913	GCA	G	0.003209977454333449	2.4934980179044612
X:92660353:A:AC	0.0273971	0.00219551	2.52402	2.94685	X	92660353	A	AC	0.0032102888781205823	2.4934558858104365
X:8932339:A:G	0.000330278	0.010746	-3.48235	-2.94621	X	8932339	A	G	0.0032169391479810404	2.492557154188487
X:131953546:A:T	1.38201e-05	0.00070203	-3.92786	-2.94606	X	131953546	A	T	0.0032184996198092947	2.492346537836778
X:88214133:C:T	0.0034322	9.02482e-05	3.63839	2.94604	X	88214133	C	T	0.0032187077348274536	2.4923184563414837
X:100916077:C:CCA	0.000311657	0.022846	-4.29463	-2.94555	X	100916077	C	CCA	0.003223810384886814	2.4916305100490352
X:78987836:A:G	5.2735e-06	0.0495863	-9.14878	-2.94519	X	78987836	A	G	0.003227563966578006	2.4911251417628386
X:9422331:A:C	4.88285e-05	0.458895	-9.14826	-2.94489	X	9422331	A	C	0.0032306949929024483	2.490704041410417
X:85917021:C:T	0.000344202	0.0212966	-4.12508	-2.94485	X	85917021	C	T	0.00323111267212281	2.4906478974363884
X:74376665:T:C	1.64307e-05	0.000678029	-3.72004	-2.94474	X	74376665	T	C	0.0032322615436972267	2.4904935048316035
X:144648033:C:T	0.00186622	0.0644613	-3.54215	-2.9442	X	144648033	C	T	0.003237906859216672	2.489735648204643
X:144162984:G:A	0.00367379	0.0691656	-2.93528	-2.94317	X	144162984	G	A	0.003248699693026912	2.488290432603659
X:112457972:G:C	0.00649014	0.000413052	2.75447	2.94255	X	112457972	G	C	0.0032552121432143487	2.487420703063487
X:78225720:G:A	2.40918e-05	0.000830771	-3.54048	-2.94249	X	78225720	G	A	0.003255843011129575	2.4873365439068666
X:78226890:T:C	2.40918e-05	0.000830771	-3.54048	-2.94249	X	78226890	T	C	0.003255843011129575	2.4873365439068666
X:78225700:G:T	2.40918e-05	0.000830771	-3.54048	-2.94249	X	78225700	G	T	0.003255843011129575	2.4873365439068666
X:105950527:A:AGT	7.51081e-05	0.00463537	-4.12254	-2.94248	X	105950527	A	AGT	0.0032559481666111422	2.4873225175217617
X:127636327:G:A	4.35059e-06	0.0010332	-5.47011	-2.94224	X	127636327	G	A	0.00325847282662144	2.486985896364736
X:127635506:A:G	4.35059e-06	0.0010332	-5.47011	-2.94224	X	127635506	A	G	0.00325847282662144	2.486985896364736
X:35285650:A:C	7.30284e-05	0.00317543	-3.77235	-2.94208	X	35285650	A	C	0.0032601569239967395	2.4867614951511885
X:104731549:G:T	3.22731e-06	5.5919e-05	-2.85226	-2.942	X	104731549	G	T	0.003260999270018679	2.4866492984117357
X:104731559:T:C	3.22731e-06	5.5919e-05	-2.85226	-2.942	X	104731559	T	C	0.003260999270018679	2.4866492984117357
X:82543510:A:G	0.00182886	2.04026e-05	4.49579	2.9417	X	82543510	A	G	0.00326415983385047	2.4862285836008495
X:85693422:T:C	1.45659e-05	0.000315276	-3.07477	-2.9416	X	85693422	T	C	0.003265213975122457	2.4860883533873737
X:11992782:G:A	0.00176447	0.000201645	2.1691	2.94147	X	11992782	G	A	0.003266584822435167	2.485906060132289
X:11992987:G:GTT	0.00176447	0.000201645	2.1691	2.94147	X	11992987	G	GTT	0.003266584822435167	2.485906060132289
X:24198483:G:GT	1.68115e-05	0.114164	-8.82333	-2.94141	X	24198483	G	GT	0.003267217698019068	2.48582192707996
X:73287314:G:A	0.0302434	5.75806e-06	8.56643	2.94072	X	73287314	G	A	0.003274503800249667	2.4848545012112058
X:15076809:T:C	4.89803e-05	0.00104541	-3.06075	-2.94032	X	15076809	T	C	0.003278734402294188	2.4842937624370234
X:42675220:A:G	2.16341e-05	0.000382164	-2.87158	-2.93972	X	42675220	A	G	0.0032850896419609173	2.483452775121612
X:32279987:TATATATATATGTACCCCAC:T	0.0316396	0.000592264	3.97821	2.93966	X	32279987	TATATATATATGTACCCCAC	T	0.0032857257827094994	2.4833686843657983
X:146936327:C:T	0.000591392	0.00946542	-2.77292	-2.93957	X	146936327	C	T	0.0032866802042356143	2.4832425509510525
X:30677824:C:CA	0.0070046	0.000220084	3.46031	2.93945	X	30677824	C	CA	0.0032879531591150472	2.4830743781401274
X:34029521:G:T	1.18488e-05	0.0801025	-8.81884	-2.93887	X	34029521	G	T	0.00329411210786289	2.4822616246569353
X:107264852:T:C	0.00181302	5.02252e-05	3.58623	2.9384	X	107264852	T	C	0.0032991106864064456	2.4816031134667385
X:107264322:A:T	0.00181302	5.02252e-05	3.58623	2.9384	X	107264322	A	T	0.0032991106864064456	2.4816031134667385
X:107262045:G:A	0.00181302	5.02252e-05	3.58623	2.9384	X	107262045	G	A	0.0032991106864064456	2.4816031134667385
X:136418680:G:A	0.00672905	0.000178402	3.63015	2.93804	X	136418680	G	A	0.003302944056498257	2.4810987820941928
X:15078192:T:G	5.42832e-05	0.00115554	-3.05811	-2.93771	X	15078192	T	G	0.0033064615426696697	2.480636524193473
X:150755025:CA:C	0.000970319	0.0206235	-3.05656	-2.9376	X	150755025	CA	C	0.003307634796062464	2.480482447973952
X:75943717:G:T	2.65547e-05	0.000753209	-3.34514	-2.937	X	75943717	G	T	0.0033140410377064705	2.479642118023163
X:120684420:G:T	0.000336684	0.00814042	-3.18545	-2.93667	X	120684420	G	T	0.0033175692856971	2.4791799983560026
X:105640743:GATAGATATAGAT:G	0.00098075	3.09847e-05	3.45482	2.93629	X	105640743	GATAGATATAGAT	G	0.003321636354526831	2.4786479148909226
X:93520802:A:C	0.00325762	6.35121e-05	3.93752	2.93525	X	93520802	A	C	0.0033327905113356075	2.477191983858299
X:93520912:A:T	0.00325762	6.35121e-05	3.93752	2.93525	X	93520912	A	T	0.0033327905113356075	2.477191983858299
X:93520781:T:C	0.00325762	6.35121e-05	3.93752	2.93525	X	93520781	T	C	0.0033327905113356075	2.477191983858299
X:30704859:C:T	0.00515639	0.000219609	3.15615	2.93525	X	30704859	C	T	0.0033327905113356075	2.477191983858299
X:30704696:C:T	0.00515639	0.000219667	3.15588	2.93497	X	30704696	C	T	0.0033357993762998385	2.4768000768550342
X:100272088:C:T	0.000234252	0.00503456	-3.06768	-2.93454	X	100272088	C	T	0.0033404249502457578	2.4761982811502974
X:27179822:C:T	8.49114e-05	0.0121068	-4.95992	-2.93293	X	27179822	C	T	0.0033577958851509666	2.4739457074376587
X:153214380:C:CAA	0.00132141	9.63106e-05	2.61888	2.9327	X	153214380	C	CAA	0.003360284151097656	2.4736239964089903
X:86756634:G:T	3.738e-05	0.0664161	-7.48256	-2.93217	X	86756634	G	T	0.0033660243750647705	2.472882743405413
X:80158625:T:TCACACA	4.39578e-06	0.0403754	-9.12533	-2.93159	X	80158625	T	TCACACA	0.00337231636062445	2.4720716905037707
X:78990572:G:C	5.39901e-06	0.0495863	-9.12525	-2.93155	X	78990572	G	C	0.003372750685166988	2.472015760814367
X:5116113:GTGTA:G	0.00622831	0.000241196	3.25125	2.93141	X	5116113	GTGTA	G	0.003374271222195922	2.4718200119754146
X:4284117:A:G	1.14716e-05	0.108222	-9.15206	-2.93137	X	4284117	A	G	0.003374705775977407	2.4717640851854137
X:144297180:A:G	0.000393323	0.00674904	-2.84253	-2.93137	X	144297180	A	G	0.003374705775977407	2.4717640851854137
X:10999626:G:A	2.97228e-05	0.198262	-8.80543	-2.9313	X	10999626	G	A	0.0033754663677122605	2.4716662148532813
X:142756991:C:CT	0.329432	6.37961e-05	8.54943	2.93079	X	142756991	C	CT	0.0033810125347166695	2.4709532191342043
X:142931675:C:CA	0.000237787	0.0171531	-4.27856	-2.93067	X	142931675	C	CA	0.0033823187204396646	2.4707854706571624
X:138549557:A:G	6.16888e-05	0.00876789	-4.95675	-2.93037	X	138549557	A	G	0.003385586195112558	2.4703661248335567
X:99346809:A:G	0.195437	1.41738e-05	9.5316	2.93009	X	99346809	A	G	0.0033886384308442056	2.4699747680957405
X:99347278:G:A	0.195437	1.41738e-05	9.5316	2.93009	X	99347278	G	A	0.0033886384308442056	2.4699747680957405
X:28103570:A:G	1.46881e-06	8.94221e-05	-4.10891	-2.92974	X	28103570	A	G	0.00339245724860089	2.4694856165683623
X:57494212:G:GAATAA	6.42239e-06	7.208e-07	2.18718	2.92974	X	57494212	G	GAATAA	0.00339245724860089	2.4694856165683623
X:142578598:C:T	0.0379007	0.000240931	5.05821	2.92924	X	142578598	C	T	0.0033979194997038344	2.468786914239352
X:4948767:A:G	7.65614e-05	0.0108569	-4.95446	-2.92852	X	4948767	A	G	0.0034057992088740658	2.467780959734691
X:139888264:G:C	4.6915e-05	0.428607	-9.11996	-2.92848	X	139888264	G	C	0.0034062374578801824	2.4677250794936914
X:28708971:G:A	0.000318677	0.00680186	-3.06077	-2.92765	X	28708971	G	A	0.003415342717651783	2.466565709869135
X:45573342:GTT:G	0.00901972	0.000102361	4.47866	2.92714	X	45573342	GTT	G	0.003420948500475929	2.4658534637066283
X:33834979:G:A	1.22137e-05	0.000993554	-4.39873	-2.92695	X	33834979	G	A	0.0034230390699717264	2.465588143872262
X:146934699:T:A	0.000591392	0.00935998	-2.76172	-2.92646	X	146934699	T	A	0.0034284359069416035	2.4649039650615996
X:127962138:G:A	1.73422e-05	0.0305105	-7.47268	-2.92638	X	127962138	G	A	0.003429317758336088	2.464792271578489
X:35521725:CAA:C	5.46291e-05	0.012695	-5.44839	-2.92562	X	35521725	CAA	C	0.0034377056505474207	2.463731312004895
X:127955663:A:T	1.73658e-05	0.0305105	-7.47132	-2.92558	X	127955663	A	T	0.003438147635439619	2.463675478469173
X:14005195:T:C	6.52046e-05	0.00921284	-4.95082	-2.92558	X	14005195	T	C	0.003438147635439619	2.463675478469173
X:103287702:C:T	1.95576e-05	0.0343369	-7.47061	-2.92516	X	103287702	C	T	0.003442791600757878	2.463089265236107
X:134511237:C:T	0.000866854	0.0114057	-2.57699	-2.92508	X	134511237	C	T	0.003443676812661819	2.462977613624792
X:73183136:G:C	0.000265092	0.00419033	-2.76046	-2.92498	X	73183136	G	C	0.0034447836188788547	2.46283805273408
X:66984302:C:T	0.0183945	1.3483e-06	9.52096	2.92452	X	66984302	C	T	0.003449879099133344	2.4621961244917347
X:27196952:T:C	5.97778e-05	0.00843241	-4.9492	-2.92427	X	27196952	T	C	0.0034526512583769723	2.4618472861774245
X:78988765:C:T	6.02015e-06	0.000203786	-3.52196	-2.92347	X	78988765	C	T	0.0034615357983793175	2.4607311726591585
X:146933563:A:AT	0.00755262	0.000609851	2.51644	2.92336	X	146933563	A	AT	0.0034627590485440283	2.460577727199717
X:37431560:CT:C	0.161024	3.15826e-05	8.5367	2.92336	X	37431560	CT	C	0.0034627590485440283	2.460577727199717
X:37430399:G:C	0.161024	3.15826e-05	8.5367	2.92336	X	37430399	G	C	0.0034627590485440283	2.460577727199717
X:23957450:TA:T	0.00625242	0.000377767	2.80644	2.92291	X	23957450	TA	T	0.0034677673517669147	2.4599500464994692
X:136414239:G:A	0.000108716	0.00656818	-4.10125	-2.92257	X	136414239	G	A	0.0034715557744258766	2.459475852924839
X:82100679:A:C	0.0010637	6.92845e-05	2.73129	2.92228	X	82100679	A	C	0.003474790052223179	2.459071430473994
X:82100754:G:T	0.0010637	6.92845e-05	2.73129	2.92228	X	82100754	G	T	0.003474790052223179	2.459071430473994
X:82101432:C:T	0.0010637	6.92845e-05	2.73129	2.92228	X	82101432	C	T	0.003474790052223179	2.459071430473994
X:90139403:T:A	0.00289424	0.000309329	2.23607	2.92204	X	90139403	T	A	0.003477468769510984	2.458736761634967
X:42822448:TCACACA:T	0.0127195	0.000407893	3.43989	2.92177	X	42822448	TCACACA	T	0.0034804845727674045	2.4583602869073116
X:25080868:T:C	0.0522603	1.02832e-05	8.53348	2.92148	X	25080868	T	C	0.0034837264199208107	2.457955957850346
X:7165457:T:C	6.47619e-06	0.000275754	-3.75138	-2.92142	X	7165457	T	C	0.003484397489910746	2.4578723077895055
X:136421465:G:C	0.00672905	0.000181515	3.61285	2.92123	X	136421465	G	C	0.0034865233210558968	2.4576074254907523
X:136421565:G:A	0.00672905	0.000181515	3.61285	2.92123	X	136421565	G	A	0.0034865233210558968	2.4576074254907523
X:144656548:G:A	0.000661332	0.0160609	-3.18988	-2.92117	X	144656548	G	A	0.0034871948813282295	2.4575237814681588
X:144656861:C:T	0.000661332	0.0160609	-3.18988	-2.92117	X	144656861	C	T	0.0034871948813282295	2.4575237814681588
X:11000152:A:T	2.91515e-05	0.269148	-9.13051	-2.91933	X	11000152	A	T	0.0035078466409738194	2.4549594017469043
X:114429288:T:C	1.72169e-05	0.000891908	-3.94747	-2.91918	X	114429288	T	C	0.003509535104688595	2.454750409129729
X:29130907:C:T	0.000961336	7.50349e-05	2.55037	2.91862	X	29130907	C	T	0.0035158452387635845	2.453970250046002
X:104939050:CT:C	0.0453208	3.3605e-06	9.50943	2.91848	X	104939050	CT	C	0.0035174243844955573	2.4537752299982074
X:48916279:G:A	3.43212e-06	0.000789643	-5.4384	-2.91797	X	48916279	G	A	0.0035231824460317885	2.4530648665396666
X:48916570:C:T	3.43212e-06	0.000789643	-5.4384	-2.91797	X	48916570	C	T	0.0035231824460317885	2.4530648665396666
X:30683351:C:T	1.16025e-05	0.0755583	-8.78144	-2.91775	X	30683351	C	T	0.003525668962492196	2.45275846756482
X:152404736:TTA:T	0.0176697	0.000693742	3.23751	2.91773	X	152404736	TTA	T	0.0035258950886007698	2.4527306140785607
X:44911086:G:GC	2.28679e-05	0.21052	-9.1276	-2.9177	X	44911086	G	GC	0.0035262343025061356	2.4526888341510444
X:44911049:G:T	2.28679e-05	0.21052	-9.1276	-2.9177	X	44911049	G	T	0.0035262343025061356	2.4526888341510444
X:24174733:C:A	7.38762e-05	0.00153984	-3.03705	-2.91727	X	24174733	C	A	0.003531099632537838	2.4520900283301486
X:27177329:C:G	8.61953e-05	0.0120527	-4.94043	-2.91718	X	27177329	C	G	0.0035321187300767654	2.4519647062976055
X:27177765:A:T	8.61953e-05	0.0120527	-4.94043	-2.91718	X	27177765	A	T	0.0035321187300767654	2.4519647062976055
X:27177571:C:T	8.61953e-05	0.0120527	-4.94043	-2.91718	X	27177571	C	T	0.0035321187300767654	2.4519647062976055
X:27177467:G:A	8.61953e-05	0.0120527	-4.94043	-2.91718	X	27177467	G	A	0.0035321187300767654	2.4519647062976055
X:86988728:G:A	7.81322e-06	0.0718476	-9.12648	-2.91708	X	86988728	G	A	0.0035332513745246342	2.451825463418436
X:86988809:C:T	7.81322e-06	0.0718476	-9.12648	-2.91708	X	86988809	C	T	0.0035332513745246342	2.451825463418436
X:86987347:C:T	7.81322e-06	0.0718476	-9.12648	-2.91708	X	86987347	C	T	0.0035332513745246342	2.451825463418436
X:86988815:T:A	7.81322e-06	0.0718476	-9.12648	-2.91708	X	86988815	T	A	0.0035332513745246342	2.451825463418436
X:100765650:T:C	0.000102728	0.00214067	-3.03679	-2.91701	X	100765650	T	C	0.0035340444222506087	2.451727995797828
X:41642202:A:T	1.09623e-05	0.100776	-9.12619	-2.91691	X	41642202	A	T	0.003535177628513479	2.451588759760962
X:82538613:TG:T	0.0126442	6.80104e-06	7.52788	2.91686	X	82538613	TG	T	0.003535744355612456	2.451519143251853
X:42673562:G:C	2.25123e-05	0.000389366	-2.85046	-2.91668	X	42673562	G	C	0.0035377852576633398	2.451268532150505
X:112460287:A:ACT	0.00649014	0.000425453	2.72489	2.91668	X	112460287	A	ACT	0.0035377852576633398	2.451268532150505
X:37437506:A:C	0.172708	3.43128e-05	8.52384	2.91585	X	37437506	A	C	0.0035472099565875825	2.4501131052160052
X:37437936:AT:A	0.172708	3.43128e-05	8.52384	2.91585	X	37437936	AT	A	0.0035472099565875825	2.4501131052160052
X:35279881:T:G	4.77603e-05	0.00383386	-4.38543	-2.91571	X	35279881	T	G	0.003548801914375423	2.449918241253866
X:95379027:T:C	1.68052e-05	0.108875	-8.77626	-2.91482	X	95379027	T	C	0.0035589374268905493	2.4486796476789428
X:55722467:G:T	7.35238e-06	8.46022e-07	2.16223	2.91464	X	55722467	G	T	0.0035609905046676276	2.448429184364486
X:55721284:A:G	7.35238e-06	8.46022e-07	2.16223	2.91464	X	55721284	A	G	0.0035609905046676276	2.448429184364486
X:30360277:G:A	0.0052323	0.00014212	3.60594	2.91451	X	30360277	G	A	0.0035624739530828197	2.448248302302382
X:117435241:G:GTATATATA	1.37529e-05	0.125885	-9.12187	-2.9145	X	117435241	G	GTATATATA	0.003562588087781913	2.4482343885793214
X:20744250:C:G	3.0095e-05	0.000329466	-2.39312	-2.91394	X	20744250	C	G	0.0035689849425353266	2.447455284318818
X:29227802:A:C	0.000878296	0.0207825	-3.16388	-2.91376	X	29227802	A	C	0.0035710432923421105	2.4472048847522423
X:144653875:G:A	0.000680363	0.0163773	-3.18102	-2.91357	X	144653875	G	A	0.0035732171664189143	2.446940588244438
X:132560997:T:TGATA	1.68822e-05	0.0290462	-7.45038	-2.91329	X	132560997	T	TGATA	0.003576422964570213	2.446551125134407
X:119760795:ATT:A	0.0314559	0.00101783	3.43091	2.91305	X	119760795	ATT	A	0.0035791728736911874	2.4462173247234387
X:22418709:G:C	0.000126123	0.0089203	-4.25883	-2.91239	X	22418709	G	C	0.00358674504395454	2.445299493114649
X:12964672:C:T	0.00175025	0.0362835	-3.0316	-2.91152	X	12964672	C	T	0.003596748805070479	2.444089892006667
X:81184558:AT:A	0.00995429	0.000115061	4.4603	2.91152	X	81184558	AT	A	0.003596748805070479	2.444089892006667
X:21231033:C:T	8.67719e-05	0.148834	-7.4473	-2.91148	X	21231033	C	T	0.0035972093577548007	2.4440342854865365
X:99798578:A:C	0.00083942	2.28897e-05	3.60203	2.91071	X	99798578	A	C	0.0036060854579855694	2.442963985463923
X:106626404:T:C	2.45537e-05	0.00146467	-4.08852	-2.91067	X	106626404	T	C	0.0036065470979284833	2.4429083919816397
X:106623243:A:G	2.45537e-05	0.00146467	-4.08852	-2.91067	X	106623243	A	G	0.0036065470979284833	2.4429083919816397
X:27528092:C:T	2.47537e-05	0.0423706	-7.44524	-2.91027	X	27528092	C	T	0.0036111664545399936	2.4423524925695475
X:73323386:C:T	0.000423917	4.57735e-05	2.22583	2.91005	X	73323386	C	T	0.003613709393787264	2.442046775336008
X:46619736:C:CT	0.00238034	6.81032e-05	3.55397	2.90986	X	46619736	C	CT	0.0036159068791281313	2.4417827624891384
X:86875739:G:A	1.1637e-05	0.105535	-9.11261	-2.90932	X	86875739	G	A	0.00362215900092461	2.441032489497237
X:97198265:TAC:T	0.276821	3.58873e-05	8.95074	2.90932	X	97198265	TAC	T	0.00362215900092461	2.441032489497237
X:93047601:C:A	1.94775e-05	0.124956	-8.76646	-2.90928	X	93047601	C	A	0.003622622511933306	2.440976918387661
X:91244203:G:A	0.000257149	0.00278701	-2.38307	-2.90892	X	91244203	G	A	0.003626796539087139	2.440476807372479
X:128563951:C:CA	0.000111449	0.00886557	-4.37637	-2.90805	X	128563951	C	CA	0.0036369018346201045	2.4392684210399147
X:87341253:C:T	0.000239042	0.0100364	-3.73733	-2.90758	X	87341253	C	T	0.003642371663724298	2.4386157413337464
X:44089131:A:AGAG	0.0703373	0.00278996	3.22728	2.90755	X	44089131	A	AGAG	0.003642721055616895	2.4385740839446264
X:123134790:T:TC	0.0010996	0.0366343	-3.50604	-2.90712	X	123134790	T	TC	0.003647732356367948	2.4379770344929326
X:123134793:T:A	0.0010996	0.0366343	-3.50604	-2.90712	X	123134793	T	A	0.003647732356367948	2.4379770344929326
X:82535717:T:TG	3.89127e-06	0.0248637	-8.76243	-2.907	X	82535717	T	TG	0.0036491319773499188	2.4378104293187426
X:106630349:A:C	2.40277e-05	0.00142734	-4.08436	-2.90677	X	106630349	A	C	0.0036518159493075793	2.437491118929184
X:15016805:A:G	3.32966e-05	0.0566213	-7.43869	-2.90642	X	15016805	A	G	0.003655903698884131	2.4370052526521158
X:74376820:A:G	1.66712e-05	0.000660472	-3.67927	-2.90639	X	74376820	A	G	0.00365625427095076	2.4369636092645437
X:41635864:T:C	3.70621e-05	0.0629924	-7.43817	-2.90612	X	41635864	T	C	0.0036594107954062596	2.4365888350709053
X:41635484:A:G	3.70621e-05	0.0629924	-7.43817	-2.90612	X	41635484	A	G	0.0036594107954062596	2.4365888350709053
X:85830055:T:C	0.000766658	0.0104875	-2.61589	-2.90609	X	85830055	T	C	0.0036597616732617208	2.4365471953043283
X:144651841:G:A	0.000704152	0.0168026	-3.17229	-2.90608	X	144651841	G	A	0.0036598786393449365	2.4365333154626025
X:70213580:T:G	0.000887522	0.0182975	-3.02608	-2.90607	X	70213580	T	G	0.0036599956088273294	2.4365194356611095
X:53395598:T:C	2.84442e-05	0.256419	-9.10662	-2.90597	X	53395598	T	C	0.003661165490625206	2.4363806398589904
X:33250085:TTA:T	0.0677086	0.00563328	2.48652	2.90593	X	33250085	TTA	T	0.00366163353854327	2.436325122664664
X:27162413:G:C	0.000121333	0.0167316	-4.92652	-2.90593	X	27162413	G	C	0.00366163353854327	2.436325122664664
X:31766215:G:A	0.00987793	0.000188056	3.96132	2.90582	X	31766215	G	A	0.003662920950874629	2.4361724536994704
X:79141760:A:ATGCAGAGCCATGGCTCTTCC	6.32486e-06	0.0555195	-9.08	-2.90531	X	79141760	A	ATGCAGAGCCATGGCTCTTCC	0.0036688952421101866	2.435464688468363
X:5122912:T:G	9.75313e-05	0.00497282	-3.93157	-2.90527	X	5122912	T	G	0.003669364188469245	2.43540918189538
X:27199597:G:C	5.80772e-05	0.007999	-4.9253	-2.90494	X	27199597	G	C	0.0036732350759543196	2.4349512772297337
X:25079817:A:ATG	2.90788e-05	0.0040035	-4.92491	-2.90463	X	25079817	A	ATG	0.003676874745984551	2.434521164271541
X:154689522:G:T	1.55901e-05	0.00032083	-3.02428	-2.90284	X	154689522	G	T	0.0036979551115057254	2.4320383649301407
X:132747036:G:A	0.000110984	0.00776358	-4.24782	-2.90219	X	132747036	G	A	0.0037056371464467136	2.4311371087653684
X:132748281:G:A	0.000110984	0.00776358	-4.24782	-2.90219	X	132748281	G	A	0.0037056371464467136	2.4311371087653684
X:154012438:C:T	3.44471e-06	5.87772e-05	-2.83691	-2.9019	X	154012438	C	T	0.003709069193889996	2.4307350646912593
X:154012856:G:A	3.44471e-06	5.87772e-05	-2.83691	-2.9019	X	154012856	G	A	0.003709069193889996	2.4307350646912593
X:75919936:G:A	0.00078938	8.5865e-05	2.21847	2.90144	X	75919936	G	A	0.00371451905872693	2.430097408999576
X:75918577:T:C	0.00078938	8.5865e-05	2.21847	2.90144	X	75918577	T	C	0.00371451905872693	2.430097408999576
X:153227580:G:C	0.000104705	0.00959938	-4.51831	-2.90065	X	153227580	G	C	0.0037238955979263548	2.4290025032761045
X:153227759:G:A	0.000104705	0.00959938	-4.51831	-2.90065	X	153227759	G	A	0.0037238955979263548	2.4290025032761045
X:78231726:C:T	0.000830771	3.31841e-05	3.22028	2.9006	X	78231726	C	T	0.003724489773133405	2.4289332138928628
X:87365001:CA:C	0.0285509	0.000936032	3.41779	2.9003	X	87365001	CA	C	0.0037280566345302565	2.428517498711525
X:85914302:T:C	0.00039396	0.0232317	-4.07702	-2.89991	X	85914302	T	C	0.0037326981964393357	2.4279771230979934
X:147259793:C:A	2.41849e-05	0.152601	-8.74985	-2.8999	X	147259793	C	A	0.0037328172798901677	2.4279632681175167
X:119769400:T:C	0.000478936	0.0377321	-4.3667	-2.89988	X	119769400	T	C	0.0037330554571519793	2.427935558277235
X:35279405:A:G	6.72493e-05	0.00280155	-3.72952	-2.89988	X	35279405	A	G	0.0037330554571519793	2.427935558277235
X:78993268:T:C	5.70242e-06	0.0495863	-9.07058	-2.89984	X	78993268	T	C	0.003733531853118631	2.42788013907936
X:137880036:G:A	0.000133824	0.00789043	-4.07688	-2.89978	X	137880036	G	A	0.0037342465506868005	2.4277970114892655
X:109879574:T:TACAACTAATAAAA	0.0345308	0.000227785	5.02121	2.89965	X	109879574	T	TACAACTAATAAAA	0.003735795488729559	2.427616906678377
X:145614950:T:C	9.19797e-05	0.154535	-7.42661	-2.89933	X	145614950	T	C	0.0037396107477004176	2.4271736007202684
X:117085186:A:C	6.74123e-05	0.00920745	-4.91694	-2.89819	X	117085186	A	C	0.0037532314085599945	2.4255946579790257
X:90274254:C:G	8.98317e-05	0.0037342	-3.72735	-2.89775	X	90274254	C	G	0.003758500554946816	2.4249853812938147
X:12047081:T:TTA	4.44291e-05	0.394518	-9.09153	-2.89753	X	12047081	T	TTA	0.0037611376486053573	2.424680772151695
X:127358901:TTTCC:T	0.0656161	8.68306e-06	8.9302	2.89737	X	127358901	TTTCC	T	0.003763056591040446	2.424459250457232
X:27199351:C:T	5.86308e-05	0.007999	-4.91581	-2.89727	X	27199351	C	T	0.0037642563818847986	2.4243208046268467
X:109879165:G:A	0.0345308	0.000228526	5.01796	2.89705	X	109879165	G	A	0.003766897145638109	2.4240162379575083
X:90142044:A:G	0.00278184	0.000303864	2.21429	2.89654	X	90142044	A	G	0.003773025393120721	2.4233102719113564
X:118387181:CA:C	3.71075e-05	0.000600373	-2.78373	-2.89647	X	118387181	CA	C	0.0037738672319336856	2.423213382775442
X:90273723:G:T	9.00239e-05	0.0037342	-3.72521	-2.89564	X	90273723	G	T	0.003783862055130914	2.422064704666507
X:4597774:T:C	0.0053405	0.000421023	2.54039	2.89472	X	4597774	T	C	0.0037949687599258255	2.420791794853526
X:4597715:T:G	0.0053405	0.000421023	2.54039	2.89472	X	4597715	T	G	0.0037949687599258255	2.420791794853526
X:136421805:C:T	0.00672905	0.000186653	3.58494	2.89411	X	136421805	C	T	0.003802349313329837	2.4199479879747847
X:136421795:C:G	0.00672905	0.000186653	3.58494	2.89411	X	136421795	C	G	0.003802349313329837	2.4199479879747847
X:128426679:C:CAT	0.000148149	0.00401587	-3.29979	-2.89355	X	128426679	C	CAT	0.003809136384425867	2.4191734773408418
X:24170594:AT:A	0.000103154	0.00174599	-2.82886	-2.89312	X	24170594	AT	A	0.003814355355142445	2.4185788494157543
X:44914145:G:A	2.39105e-05	0.210519	-9.08301	-2.89278	X	44914145	G	A	0.003818486582109103	2.4181087311386937
X:11997221:A:G	0.00135873	0.000163582	2.11699	2.89274	X	11997221	A	G	0.003818972876008381	2.418053426162351
X:83655297:A:G	9.99457e-06	0.0858483	-9.05829	-2.89272	X	83655297	A	G	0.0038192160440597054	2.418025773915462
X:146487631:T:G	0.00145527	0.0447861	-3.42671	-2.89211	X	146487631	T	G	0.003826639431286735	2.4171824576552625
X:73288612:G:T	5.79486e-06	0.0360124	-8.73465	-2.8913	X	73288612	G	T	0.003836516978199672	2.41606287552343
X:4603425:T:C	0.000742634	0.0113998	-2.73115	-2.89069	X	4603425	T	C	0.003843970910163824	2.4152199075807905
X:10264914:T:C	0.000209548	0.00321514	-2.73067	-2.89013	X	10264914	T	C	0.0038508254456170337	2.4144461671013513
X:15075568:C:T	0.000714742	8.35721e-05	2.14621	2.88937	X	15075568	C	T	0.003860145791373023	2.413396292428473
X:131924259:G:A	0.00023177	0.0095477	-3.71831	-2.88883	X	131924259	G	A	0.0038667805910215687	2.412650469978132
X:116761033:G:A	0.000479856	0.00789652	-2.80069	-2.88866	X	116761033	G	A	0.0038688714673118154	2.4124156982871456
X:139891197:C:CAA	4.21633e-05	0.260757	-8.72979	-2.88856	X	139891197	C	CAA	0.003870101874264316	2.41227760272049
X:83075648:T:C	0.00121599	4.04863e-05	3.40235	2.88723	X	83075648	T	C	0.0038865001246287346	2.410441314031935
X:83296504:T:TA	3.08455e-05	0.00681641	-5.3981	-2.88711	X	83296504	T	TA	0.0038879827658260895	2.4102756688288953
X:34165655:T:C	1.53184e-05	0.00138122	-4.50167	-2.88707	X	34165655	T	C	0.0038884770937185308	2.4102204550477904
X:4947267:T:A	8.05888e-05	0.0108569	-4.90319	-2.88707	X	4947267	T	A	0.0038884770937185308	2.4102204550477904
X:99379850:TATAG:T	0.273423	3.68294e-05	8.91248	2.88706	X	99379850	TATAG	T	0.003888600684611681	2.410206651703027
X:15015144:T:C	3.44678e-05	0.0566213	-7.40411	-2.88613	X	15015144	T	C	0.0039001102464112894	2.4089231163757185
X:131466180:C:CA	1.86029e-05	0.161779	-9.07067	-2.88588	X	131466180	C	CA	0.0039032094871369674	2.408578139298786
X:127630527:A:G	4.20031e-05	8.18859e-07	3.93759	2.8854	X	127630527	A	G	0.0039091663007938884	2.40791585374763
X:127630472:T:G	4.20031e-05	8.18859e-07	3.93759	2.8854	X	127630472	T	G	0.0039091663007938884	2.40791585374763
X:127091515:G:GT	3.17434e-05	0.00285584	-4.49943	-2.88525	X	127091515	G	GT	0.00391102949768406	2.40770890850885
X:42981121:G:GA	8.15975e-05	0.00630929	-4.34798	-2.88406	X	42981121	G	GA	0.0039258394651413755	2.4060674634799537
X:27195484:G:A	6.03918e-05	0.00809916	-4.89866	-2.88341	X	27195484	G	A	0.003933950434310179	2.405171116262434
X:27195547:T:C	6.03918e-05	0.00809916	-4.89866	-2.88341	X	27195547	T	C	0.003933950434310179	2.405171116262434
X:27195867:C:T	6.03918e-05	0.00809916	-4.89866	-2.88341	X	27195867	C	T	0.003933950434310179	2.405171116262434
X:39355628:AGTGT:A	0.00944224	0.000423214	3.10507	2.88298	X	39355628	AGTGT	A	0.003939324513298762	2.404578241447812
X:133530880:T:TACACAC	3.24516e-06	0.000434901	-4.89795	-2.88284	X	133530880	T	TACACAC	0.003941075651613227	2.404385228478007
X:79131463:A:C	0.000744646	3.02896e-05	3.2021	2.88251	X	79131463	A	C	0.003945206132167511	2.4039303005092774
X:86752892:G:A	7.8065e-05	0.00534297	-4.22599	-2.88199	X	86752892	G	A	0.003951722746780858	2.4032135331550157
X:86753075:CAT:C	7.8065e-05	0.00534297	-4.22599	-2.88199	X	86753075	CAT	C	0.003951722746780858	2.4032135331550157
X:37426808:T:C	2.46881e-05	0.150828	-8.71757	-2.88166	X	37426808	T	C	0.00395586335905683	2.402758717942526
X:5793644:TTA:T	0.0064723	0.000524863	2.51215	2.88146	X	5793644	TTA	T	0.003958374738068397	2.402483093663874
X:73330446:A:G	2.87817e-05	0.000876	-3.41563	-2.88134	X	73330446	A	G	0.003959882260326659	2.40231772681454
X:123138969:C:G	0.00113759	0.0369586	-3.48088	-2.88128	X	123138969	C	G	0.00396063621694545	2.402235045560513
X:153209932:T:A	6.09901e-05	0.00545992	-4.49448	-2.88121	X	153209932	T	A	0.003961515997753666	2.4021385859264366
X:14898405:T:TAACA	0.00628531	0.000411434	2.72632	2.88049	X	14898405	T	TAACA	0.0039705754771422914	2.4011465440089568
X:70359275:T:C	1.53556e-05	0.132258	-9.06102	-2.88048	X	70359275	T	C	0.003970701435593686	2.4011327671161484
X:37430765:G:A	0.150828	3.19314e-05	8.4603	2.87874	X	37430765	G	A	0.003992673527171817	2.3987361997341283
X:86980608:AC:A	0.00406054	0.000114538	3.56817	2.87782	X	86980608	AC	A	0.004004335515536628	2.397469540972566
X:142757260:T:G	5.78282e-05	0.3508	-8.7105	-2.87766	X	142757260	T	G	0.0040063668414041355	2.397249287218324
X:148662944:C:A	4.02182e-05	0.0650781	-7.38902	-2.87727	X	148662944	C	A	0.004011322118157135	2.396712461797683
X:91621078:A:G	1.83765e-05	0.153545	-9.03067	-2.87671	X	91621078	A	G	0.0040184471186556535	2.395941742460449
X:78987143:CCTTCCTTCCTTCCTTCCTTA:C	0.000158553	3.17612e-06	3.91043	2.87626	X	78987143	CCTTCCTTCCTTCCTTCCTTA	C	0.004024180888993033	2.3953225057538563
X:87165176:C:A	2.43706e-06	2.32993e-07	2.34754	2.87621	X	87165176	C	A	0.0040248184328340675	2.395253706699057
X:87165401:G:A	2.43706e-06	2.32993e-07	2.34754	2.87621	X	87165401	G	A	0.0040248184328340675	2.395253706699057
X:102813522:A:G	2.52268e-05	0.000538034	-3.06002	-2.87608	X	102813522	A	G	0.0040264764759686674	2.3950748338587373
X:101124090:A:AGT	0.000130141	0.00611723	-3.85024	-2.8757	X	101124090	A	AGT	0.004031326619495969	2.3945520137302787
X:11021525:C:T	4.10451e-05	0.342326	-9.02885	-2.87565	X	11021525	C	T	0.0040319651909508335	2.3944832259284112
X:26812746:A:G	6.87387e-05	0.00263368	-3.64583	-2.87494	X	26812746	A	G	0.0040410428205531765	2.393506547569867
X:4287532:A:G	9.68869e-06	0.00128575	-4.88814	-2.8749	X	4287532	A	G	0.0040415547879156	2.393451529465173
X:78999609:C:T	9.75877e-06	0.000314988	-3.47437	-2.87459	X	78999609	C	T	0.0040455245317465565	2.393025160955435
X:126355124:C:T	0.00052352	0.113808	-5.38169	-2.87454	X	126355124	C	T	0.004046165144382981	2.3929563954578064
X:78151706:T:C	4.76695e-05	0.000836049	-2.8644	-2.87439	X	78151706	T	C	0.004048087534818507	2.3927501049929543
X:27218109:G:C	6.10486e-05	0.00809617	-4.88747	-2.87436	X	27218109	G	C	0.0040484721123795996	2.392708847985028
X:77400401:A:AACACACAC	9.91787e-05	0.00226045	-3.12639	-2.87395	X	77400401	A	AACACACAC	0.004053731330534227	2.392145038458258
X:99346416:G:A	0.195437	1.57783e-05	9.42436	2.87388	X	99346416	G	A	0.004054629865351802	2.392048785046443
X:42820007:T:C	0.000383078	0.0155382	-3.70282	-2.87358	X	42820007	T	C	0.004058482776838375	2.391636292727534
X:42819777:A:C	0.000383078	0.0155382	-3.70282	-2.87358	X	42819777	A	C	0.004058482776838375	2.391636292727534
X:89134554:CTA:C	0.000794291	1.663e-05	3.86624	2.87353	X	89134554	CTA	C	0.004059125251747147	2.3915675475239615
X:4596061:A:AT	0.00524868	0.000422368	2.51986	2.87333	X	4596061	A	AT	0.004061696074650589	2.391292576756021
X:129394005:C:T	3.11571e-05	0.258586	-9.02394	-2.8728	X	129394005	C	T	0.004068515904288037	2.390563981958884
X:129391336:C:T	2.13516e-05	0.181379	-9.04722	-2.87277	X	129391336	C	T	0.004068902243001288	2.390522744119462
X:15059958:G:A	3.33421e-05	0.0535345	-7.38126	-2.87272	X	15059958	G	A	0.0040695462148519525	2.3904540151907776
X:42672232:G:A	2.30055e-05	0.000382175	-2.81014	-2.8727	X	42672232	G	A	0.004069803829492743	2.3904265239005937
X:42672456:A:T	2.30055e-05	0.000382175	-2.81014	-2.8727	X	42672456	A	T	0.004069803829492743	2.3904265239005937
X:127967185:CT:C	0.0305882	1.7802e-05	7.44906	2.87219	X	127967185	CT	C	0.004076378005924185	2.3897255503095893
X:90297828:G:T	2.1909e-06	4.65544e-05	-3.05631	-2.87213	X	90297828	G	T	0.004077152071781427	2.38964308969971
X:90298265:G:A	2.1909e-06	4.65544e-05	-3.05631	-2.87213	X	90298265	G	A	0.004077152071781427	2.38964308969971
X:109544744:G:A	0.000114159	0.00230312	-3.00443	-2.87146	X	109544744	G	A	0.004085804874085619	2.3887223778238296
X:73222736:A:G	1.79509e-05	0.0287463	-7.37863	-2.87117	X	73222736	A	G	0.004089555282262056	2.3883239166774044
X:104896574:A:G	2.01152e-05	0.0321656	-7.37718	-2.87032	X	104896574	A	G	0.0041005658640081944	2.3871562079975703
X:27217102:T:G	6.1378e-05	0.00809617	-4.88209	-2.87001	X	27217102	T	G	0.00410458817821449	2.386730410018588
X:81788574:C:A	2.29718e-07	2.02784e-05	-4.48046	-2.86977	X	81788574	C	A	0.004107704686643852	2.386400786489344
X:49694021:GAC:G	0.229107	3.18113e-05	8.88212	2.86939	X	49694021	GAC	G	0.0041126435502001546	2.3858789298998997
X:153605584:GAAAGAAAGAAAGAAGGAAAGAAA:G	0.00507178	3.47757e-05	4.98253	2.86872	X	153605584	GAAAGAAAGAAAGAAGGAAAGAAA	G	0.0041213646748088015	2.384958955664671
X:145988177:G:T	0.000276706	0.0596618	-5.37349	-2.86827	X	145988177	G	T	0.004127231563798301	2.384341163771351
X:99263711:G:T	7.20064e-05	0.00485416	-4.21084	-2.86795	X	99263711	G	T	0.004131408183301019	2.3839018945906565
X:15060331:C:T	3.36207e-05	0.0535345	-7.37294	-2.86783	X	15060331	C	T	0.004132975404114787	2.3837371792547084
X:33302491:G:A	0.0017903	0.120659	-4.21059	-2.86772	X	33302491	G	A	0.0041344124970692534	2.383586195279152
X:122720445:A:T	1.54211e-05	0.0245253	-7.37172	-2.86712	X	122720445	A	T	0.004142259170558905	2.3827627318978175
X:107253505:C:T	0.00210061	6.30846e-05	3.5055	2.86699	X	107253505	C	T	0.004143961063142661	2.3825843338954797
X:104194398:A:T	4.78651e-06	0.0284848	-8.69133	-2.86683	X	104194398	A	T	0.004146056571122031	2.382364776444155
X:16503098:T:G	0.000208658	0.00668376	-3.46674	-2.86676	X	16503098	T	G	0.004146973658160088	2.382268723293337
X:87166270:C:T	1.7549e-07	4.62479e-06	-3.2716	-2.86654	X	87166270	C	T	0.004149857130083419	2.38196685477814
X:70678464:G:GTT	1.21806e-05	0.0999782	-9.01286	-2.86638	X	70678464	G	GTT	0.004151955343029715	2.381747326253065
X:24541154:A:G	0.000668161	0.0132297	-2.98569	-2.86615	X	24541154	A	G	0.00415497321050236	2.3814317720166946
X:85692344:C:CAAA	1.16276e-05	0.0690374	-8.68902	-2.86553	X	85692344	C	CAAA	0.004163118247530174	2.3805812534128807
X:90130330:A:C	0.000148661	0.00690434	-3.83824	-2.86482	X	90130330	A	C	0.004172463419831084	2.379607462110704
X:100109409:A:T	0.188668	4.09121e-05	8.43632	2.86474	X	100109409	A	T	0.0041735175891272356	2.3794977518417126
X:81324178:C:T	5.48483e-05	0.00480506	-4.47286	-2.86357	X	81324178	C	T	0.004188962447460579	2.3778935329149213
X:96238735:C:G	1.45714e-05	0.121656	-9.0299	-2.86308	X	96238735	C	G	0.00419544619769386	2.37722184391959
X:90134272:T:G	0.000156028	0.00883786	-4.03676	-2.86226	X	90134272	T	G	0.004206316923003667	2.3760980087000023
X:21502002:A:T	4.97222e-05	0.404434	-9.00379	-2.86112	X	21502002	A	T	0.004221472335823658	2.374536052402486
X:126762860:C:T	4.61716e-05	0.375539	-9.00375	-2.8611	X	126762860	C	T	0.004221738661786817	2.374508654319871
X:154010439:C:A	3.58673e-06	5.89524e-05	-2.79949	-2.86107	X	154010439	C	A	0.004222138179307054	2.374467557497201
X:45137505:G:GCA	3.14116e-05	0.184915	-8.68047	-2.8607	X	45137505	G	GCA	0.004227068382497779	2.3739607264077387
X:27204658:C:G	6.3701e-05	0.00830614	-4.87055	-2.86068	X	27204658	C	G	0.004227335028664694	2.3739333316991313
X:72438562:C:T	0.0154893	0.000996694	2.74346	2.8601	X	72438562	C	T	0.004235074407074071	2.373138955038632
X:139880320:G:C	4.94427e-05	0.410501	-9.02432	-2.85997	X	139880320	G	C	0.0042368108574265964	2.3729609236339995
X:5833638:C:T	0.00119304	0.0195689	-2.79744	-2.85884	X	5833638	C	T	0.004251931841666327	2.371413705819827
X:7166393:A:G	6.30992e-06	0.000252007	-3.68733	-2.85832	X	7166393	A	G	0.004258906600362155	2.370701884084999
X:104919523:C:CT	1.58067e-05	0.00336406	-5.36047	-2.85829	X	104919523	C	CT	0.004259309306686165	2.370660820759912
X:73331965:C:T	2.46925e-05	0.00169598	-4.22951	-2.85829	X	73331965	C	T	0.004259309306686165	2.370660820759912
X:32256847:C:T	0.00107382	0.228513	-5.36038	-2.85822	X	32256847	C	T	0.004260249089075107	2.3705650077404092
X:109177033:T:C	4.56228e-05	4.43665e-06	2.33051	2.85809	X	109177033	T	C	0.00426199489814898	2.370387074496775
X:83872718:TACACAC:T	0.00124104	2.53536e-05	3.89079	2.85789	X	83872718	TACACAC	T	0.004264682025183043	2.37011334429867
X:18551559:C:CATTATTATT	1.51532e-05	0.0237229	-7.35599	-2.85788	X	18551559	C	CATTATTATT	0.004264816421857306	2.3700996582104703
X:27201632:G:A	6.39445e-05	0.00830614	-4.86674	-2.8576	X	27201632	G	A	0.004268581088514762	2.369716464046687
X:73326362:A:C	3.14204e-05	0.000658284	-3.04218	-2.8571	X	73326362	A	C	0.004275311204039576	2.369032267069607
X:109178019:A:T	4.55728e-05	4.43665e-06	2.32941	2.85693	X	109178019	A	T	0.004277601634417619	2.3687996629692414
X:99803555:G:A	0.000872003	2.51636e-05	3.54539	2.85569	X	99803555	G	A	0.004294341990840531	2.367103372377489
X:99803356:A:G	0.000872003	2.51636e-05	3.54539	2.85569	X	99803356	A	G	0.004294341990840531	2.367103372377489
X:144306869:G:A	0.000387695	0.00618508	-2.76968	-2.85568	X	144306869	G	A	0.004294477234848006	2.3670896951246285
X:99789264:T:C	3.78331e-05	0.304694	-8.99388	-2.85537	X	99789264	T	C	0.0042986717152067346	2.366665720204722
X:120296628:T:C	0.000580801	0.0266583	-3.82645	-2.85413	X	120296628	T	C	0.004315486810002622	2.364970206444059
X:27191653:T:C	6.60415e-05	0.00853877	-4.86209	-2.85384	X	27191653	T	C	0.0043194279672794395	2.3645737640886595
X:86984141:T:A	9.82839e-06	0.0805933	-9.0119	-2.85302	X	86984141	T	A	0.004330589595065247	2.3634529719025474
X:86984156:G:A	9.82839e-06	0.0805933	-9.0119	-2.85302	X	86984156	G	A	0.004330589595065247	2.3634529719025474
X:123703725:CAA:C	0.215879	4.78278e-05	8.41486	2.85221	X	123703725	CAA	C	0.004341640771876267	2.3623461129971868
X:147602836:TAC:T	0.0883674	0.00370569	3.17163	2.85219	X	147602836	TAC	T	0.004341913963585409	2.36231878648047
X:100108516:G:GTATA	3.39872e-05	0.278129	-9.00985	-2.85188	X	100108516	G	GTATA	0.0043461504284062185	2.3618952460099423
X:116595923:C:T	8.13448e-05	0.00169563	-3.03711	-2.85171	X	116595923	C	T	0.004348475241699806	2.361662998263523
X:89155047:T:C	0.0001916	1.99098e-05	2.2642	2.85155	X	89155047	T	C	0.004350664331063627	2.3614444227496536
X:89155091:C:T	0.0001916	1.99098e-05	2.2642	2.85155	X	89155091	C	T	0.004350664331063627	2.3614444227496536
X:90287882:G:A	4.93085e-05	4.28712e-06	2.44248	2.85125	X	90287882	G	A	0.004354771566540202	2.3610346213665436
X:30196133:C:T	0.00925657	0.000115043	4.38779	2.84985	X	30196133	C	T	0.004373985180604899	2.3591226927186884
X:90274134:G:A	9.09991e-05	0.00360307	-3.67869	-2.8498	X	90274134	G	A	0.004374672800128679	2.359054424107411
X:90274339:G:A	9.09991e-05	0.00360295	-3.67866	-2.84977	X	90274339	G	A	0.0043750854188753865	2.3590134634224476
X:90140586:C:T	0.00272453	0.000309762	2.17425	2.84969	X	90140586	C	T	0.00437618590800855	2.3589042366958166
X:90140803:C:T	0.00272453	0.000309762	2.17425	2.84969	X	90140803	C	T	0.00437618590800855	2.3589042366958166
X:30364130:C:A	0.00523231	0.000151947	3.53908	2.84955	X	30364130	C	A	0.0043781123677807485	2.3587130961073144
X:109880199:C:G	0.000179409	0.0377389	-5.34878	-2.84934	X	109880199	C	G	0.004381003498815709	2.3584263999796087
X:145456375:T:C	0.00138872	0.028878	-3.0347	-2.84915	X	145456375	T	C	0.004383620775111342	2.3581670235018333
X:28227234:CA:C	0.00211408	0.000236243	2.19151	2.84907	X	28227234	CA	C	0.004384723210131389	2.35805781668942
X:86873573:C:T	1.29861e-05	0.105535	-9.00292	-2.84801	X	86873573	C	T	0.004399354217978396	2.356611069002868
X:15082379:A:C	6.88023e-05	0.000887386	-2.55704	-2.84754	X	15082379	A	C	0.004405855700181723	2.355969730889532
X:27203570:C:T	6.4777e-05	0.00830614	-4.8538	-2.84714	X	27203570	C	T	0.004411395734548042	2.355423981074122
X:73675771:G:A	0.0320267	1.94821e-05	7.40483	2.84713	X	73675771	G	A	0.004411534316264924	2.3554103381517386
X:73676451:G:A	0.0320267	1.94821e-05	7.40483	2.84713	X	73676451	G	A	0.004411534316264924	2.3554103381517386
X:90143835:T:C	0.00264027	0.000300908	2.17183	2.84686	X	90143835	T	C	0.004415277514402139	2.355041994422587
X:103860620:C:T	0.00919418	0.000443889	3.03075	2.84638	X	103860620	C	T	0.004421939197081825	2.354387233388556
X:107077720:G:A	5.29978e-05	0.003487	-4.18655	-2.84545	X	107077720	G	A	0.004434872135149657	2.3531188970948143
X:82627707:G:A	1.0353e-05	0.00132431	-4.85137	-2.84517	X	82627707	G	A	0.004438772631349043	2.352737100408165
X:44593833:T:C	0.00157916	0.049529	-3.44567	-2.84511	X	44593833	T	C	0.004439608856319097	2.3526552909270784
X:23549383:C:T	6.2542e-05	0.49434	-8.97514	-2.84451	X	23549383	C	T	0.004447978961416944	2.351837275599141
X:144303641:C:G	0.000398696	0.00629229	-2.75888	-2.8442	X	144303641	C	G	0.004452309116209412	2.351414690967244
X:70203871:T:C	0.00140121	0.0238127	-2.83288	-2.8438	X	70203871	T	C	0.00445790205706867	2.3508694774757646
X:133540915:G:GGT	1.39191e-05	0.0212668	-7.33164	-2.84359	X	133540915	G	GGT	0.00446084089888756	2.3505832661032366
X:41192106:A:G	3.05708e-06	0.000390076	-4.84888	-2.84316	X	41192106	A	G	0.004466864005744058	2.349997269478908
X:41192107:C:T	3.05708e-06	0.000390076	-4.84888	-2.84316	X	41192107	C	T	0.004466864005744058	2.349997269478908
X:41192527:T:G	3.05708e-06	0.000390076	-4.84888	-2.84316	X	41192527	T	G	0.004466864005744058	2.349997269478908
X:44920294:G:T	0.210516	1.80216e-05	9.36575	2.84316	X	44920294	G	T	0.004466864005744058	2.349997269478908
X:149640782:C:A	0.00260034	0.0382964	-2.68971	-2.8422	X	149640782	C	A	0.004480337541033577	2.3486892657594107
X:78623273:G:GTA	5.09637e-06	0.0290248	-8.64738	-2.84199	X	78623273	G	GTA	0.004483289781010903	2.34840318925674
X:93509757:T:C	9.78976e-06	0.000251465	-3.24597	-2.84198	X	93509757	T	C	0.004483430407821642	2.348389567007661
X:153318813:A:G	0.00031792	0.0143947	-3.81281	-2.84177	X	153318813	A	G	0.004486384494224907	2.348103509048963
X:23544826:T:C	0.00013601	0.00644616	-3.85851	-2.84137	X	23544826	T	C	0.004492016204693032	2.3475586857151054
X:82702289:G:A	0.000406179	0.0121994	-3.40235	-2.84109	X	82702289	G	A	0.004495962212228236	2.347177347592404
X:15032056:A:G	6.44089e-07	1.09148e-05	-2.83004	-2.84104	X	15032056	A	G	0.0044966671868223035	2.3471092548103876
X:145173635:A:G	0.00643226	0.0946114	-2.68845	-2.84072	X	145173635	A	G	0.004501181396311622	2.3466734847665287
X:86876159:C:A	8.96087e-06	0.0136216	-7.32654	-2.8406	X	86876159	C	A	0.004502875283122926	2.346510081596161
X:46604434:A:AT	5.43766e-05	0.00355644	-4.18058	-2.83993	X	46604434	A	AT	0.004512343436175898	2.345597853448493
X:78995178:G:A	6.3238e-06	0.0495863	-8.96715	-2.83987	X	78995178	G	A	0.004513192209776347	2.3455161701652827
X:101124090:AGTGTGT:A	0.0048703	0.000227726	3.06277	2.83968	X	101124090	AGTGTGT	A	0.0045158809471479355	2.345257515967229
X:114431043:A:G	1.72169e-05	0.000814249	-3.85638	-2.83951	X	114431043	A	G	0.004518287889506022	2.3450261008081794
X:138032916:A:G	0.000782398	0.0114949	-2.68729	-2.83936	X	138032916	A	G	0.004520412627267633	2.344821920594299
X:41633442:C:T	4.15842e-05	0.0629924	-7.32305	-2.83855	X	41633442	C	T	0.0045319018603373696	2.343719503481064
X:79209109:G:GCTTTA	2.50637e-05	0.000980918	-3.66707	-2.83835	X	79209109	G	GCTTTA	0.004534742777158488	2.3434473422596493
X:97479745:AT:A	0.0615548	3.80586e-05	7.38855	2.83791	X	97479745	AT	A	0.0045409984736215075	2.3428486440796252
X:145004289:A:C	0.000111923	0.00819151	-4.29304	-2.83763	X	145004289	A	C	0.004544983440446014	2.3424676947821723
X:88367478:T:C	0.000696538	0.00889034	-2.5466	-2.83714	X	88367478	T	C	0.0045519647554141665	2.341801109220279
X:72453464:T:TAAAGAAAG	4.8923e-05	0.00619481	-4.84122	-2.83697	X	72453464	T	TAAAGAAAG	0.004554389112951861	2.3415698673553402
X:45577723:C:A	4.60356e-05	0.366386	-8.98203	-2.83633	X	45577723	C	A	0.004563526599315484	2.3406994137648733
X:85698294:A:AT	0.000386258	3.83603e-05	2.30948	2.83572	X	85698294	A	AT	0.004572251218436697	2.339869915681945
X:82103255:A:G	0.000946665	6.81257e-05	2.63159	2.83508	X	82103255	A	G	0.0045814211549583365	2.3389997831273797
X:100275279:T:A	0.000250965	0.00488127	-2.96785	-2.83498	X	100275279	T	A	0.004582855461212623	2.338863839763212
X:100275644:G:A	0.000250965	0.00488127	-2.96785	-2.83498	X	100275644	G	A	0.004582855461212623	2.338863839763212
X:116778087:A:AG	5.91517e-06	0.00890588	-7.31695	-2.83497	X	116778087	A	AG	0.004582998914203815	2.3388502456474995
X:132558769:C:T	2.23409e-05	0.00122877	-4.00735	-2.83475	X	132558769	C	T	0.004586155909116384	2.338551185254143
X:132559368:C:A	2.23409e-05	0.00122877	-4.00735	-2.83475	X	132559368	C	A	0.004586155909116384	2.338551185254143
X:86979790:A:G	0.0085432	0.000176761	3.87809	2.83422	X	86979790	A	G	0.004593769486327728	2.337830801332458
X:44901266:A:G	0.210522	1.83473e-05	9.34786	2.83378	X	44901266	A	G	0.004600098886239463	2.3372328323865696
X:138542316:C:A	3.89671e-05	0.00491319	-4.83696	-2.83352	X	138542316	C	A	0.0046038426974654	2.3368795236151922
X:27193079:T:G	6.42431e-05	0.00809916	-4.83684	-2.83343	X	27193079	T	G	0.004605139274876865	2.3367572307449116
X:45136418:A:C	3.02343e-05	0.239296	-8.97648	-2.83322	X	45136418	A	C	0.004608165908278315	2.3364718933537914
X:146351600:A:G	7.96239e-05	0.00127547	-2.77376	-2.833	X	146351600	A	G	0.004611338599113793	2.336172987447098
X:85913014:GAAAAAAAAAAA:G	0.0212966	0.000629483	3.52141	2.83239	X	85913014	GAAAAAAAAAAA	G	0.004620145954677971	2.3353443044633533
X:102803705:GTA:G	0.000206676	1.67253e-05	2.51423	2.83235	X	102803705	GTA	G	0.004620724018032447	2.3352899698117224
X:117358186:A:G	1.3687e-05	0.0766292	-8.63029	-2.83234	X	117358186	A	G	0.0046208685441043685	2.3352763862491255
X:95508072:C:T	4.8405e-05	0.072553	-7.31247	-2.83234	X	95508072	C	T	0.0046208685441043685	2.3352763862491255
X:49694021:G:GACACAC	2.74409e-05	0.216759	-8.97451	-2.83212	X	49694021	G	GACACAC	0.004624049153529069	2.3349775580233016
X:144399528:G:A	0.000233784	0.0151602	-4.17203	-2.83201	X	144399528	G	A	0.004625640201554483	2.3348281511928297
X:42670338:CA:C	0.0829107	1.90188e-05	8.38009	2.8319	X	42670338	CA	C	0.004627231745302126	2.334678749217293
X:86993194:T:G	0.0710037	6.21207e-06	9.34399	2.83175	X	86993194	T	G	0.004629402831366235	2.3344750270746806
X:99344792:A:T	0.195437	1.71292e-05	9.3422	2.83081	X	99344792	A	T	0.004643029319586095	2.3331985738625254
X:99345002:C:CT	0.195437	1.71292e-05	9.3422	2.83081	X	99345002	C	CT	0.004643029319586095	2.3331985738625254
X:47483521:C:CA	0.000462705	0.0169014	-3.59806	-2.83001	X	47483521	C	CA	0.004654654926734609	2.332112509950081
X:47482422:A:G	0.000462705	0.0169014	-3.59806	-2.83001	X	47482422	A	G	0.004654654926734609	2.332112509950081
X:87166370:C:T	1.78498e-07	4.52765e-06	-3.23338	-2.82992	X	87166370	C	T	0.0046559644555235966	2.3319903438282896
X:114431575:G:A	1.74192e-05	0.000814249	-3.84469	-2.82928	X	114431575	G	A	0.004665286284609455	2.3311217006824845
X:138230499:A:AAC	4.23934e-05	0.00531019	-4.83039	-2.82821	X	138230499	A	AAC	0.004680908965651724	2.329669804952362
X:117363290:C:T	7.76604e-06	0.0115582	-7.30539	-2.82819	X	117363290	C	T	0.004681201428773692	2.3296426710872993
X:31809538:AGATT:A	0.0134611	0.000171628	4.36223	2.82811	X	31809538	AGATT	A	0.004682371446702721	2.3295341372317493
X:48060234:TACACACACACAC:T	0.00774027	0.000681973	2.4292	2.82806	X	48060234	TACACACACACAC	T	0.004683102842345911	2.3294663048758495
X:73674263:A:G	0.032027	2.02036e-05	7.36847	2.82653	X	73674263	A	G	0.004705533615898952	2.3273911196756947
X:35278005:CTGTG:C	0.147764	2.20872e-05	8.80837	2.82648	X	35278005	CTGTG	C	0.0047062682860871605	2.32732331901165
X:79139169:CA:C	0.0612202	9.16191e-06	8.80718	2.82579	X	79139169	CA	C	0.0047164173437942635	2.3263877722606874
X:4289152:G:A	1.34379e-05	0.00167773	-4.82712	-2.82556	X	4289152	G	A	0.0047198047631139715	2.326075965784543
X:79209119:C:A	2.57003e-05	0.000992291	-3.65351	-2.82499	X	79209119	C	A	0.004728209165733282	2.3253033194545365
X:86872817:C:A	0.00683781	0.0001515	3.80964	2.82453	X	86872817	C	A	0.004735001540801704	2.324679875338307
X:99803732:G:A	0.000872003	2.59944e-05	3.51291	2.82413	X	99803732	G	A	0.004740915131833744	2.3241378190126594
X:142931096:A:C	0.000146139	0.0181982	-4.82452	-2.82346	X	142931096	A	C	0.004750835374557984	2.3232300184462478
X:70678464:G:GT	0.0027819	2.01888e-05	4.92576	2.82332	X	70678464	G	GT	0.004752910632654081	2.323040351518428
X:153214487:G:T	6.56187e-05	0.00547169	-4.42348	-2.8233	X	153214487	G	T	0.00475320716506434	2.3230132568847903
X:28070574:T:C	0.0001248	0.00800935	-4.16165	-2.8224	X	28070574	T	C	0.004766568466612275	2.3217941644254507
X:34175138:A:G	8.15355e-06	0.00053561	-4.18495	-2.82197	X	34175138	A	G	0.004772964191766818	2.3212118238312027
X:140466641:C:T	0.000291226	0.0242335	-4.42139	-2.8216	X	140466641	C	T	0.004778473705676391	2.320710799424204
X:90270418:A:G	9.71612e-05	0.00373833	-3.65002	-2.82155	X	90270418	A	G	0.004779218675857474	2.3206430976345738
X:32242766:C:T	0.033946	0.000436484	4.35377	2.82092	X	32242766	C	T	0.004788614309913154	2.319790140994952
X:32242950:GAA:G	0.033946	0.000436484	4.35377	2.82092	X	32242950	GAA	G	0.004788614309913154	2.319790140994952
X:83643620:A:G	1.14201e-05	0.0866008	-8.93369	-2.82047	X	83643620	A	G	0.004795335707769913	2.319180983711565
X:70649622:G:A	7.38033e-05	0.0149424	-5.31056	-2.82008	X	70649622	G	A	0.004801167823816379	2.318653113092794
X:87164342:C:G	2.31102e-06	2.32993e-07	2.29443	2.81972	X	87164342	C	G	0.004806557011746989	2.3181659020484044
X:42820773:A:G	0.000404661	0.0155382	-3.64801	-2.81957	X	42820773	A	G	0.00480880412183415	2.3179629127866823
X:91263155:A:G	0.000104364	0.00123185	-2.46838	-2.81954	X	91263155	A	G	0.004809253657910373	2.317922316017161
X:85692344:C:CAA	1.10846e-05	0.0606345	-8.60706	-2.81921	X	85692344	C	CAA	0.004814201065093864	2.317475775374397
X:44226581:G:A	4.93974e-05	0.373759	-8.93147	-2.81918	X	44226581	G	A	0.004814651057669595	2.3174351829361317
X:41634148:TGAG:T	0.0629924	4.02853e-05	7.35478	2.81877	X	41634148	TGAG	T	0.004820804771844445	2.3168804557867393
X:117594113:G:A	1.3952e-05	0.107528	-8.94988	-2.81836	X	117594113	G	A	0.004826965601951348	2.316325796050988
X:43469349:A:G	1.42416e-05	0.00076964	-3.98975	-2.8183	X	43469349	A	G	0.0048278677841512825	2.3162446319880625
X:27206534:A:T	6.71465e-05	0.00830614	-4.81787	-2.81809	X	27206534	A	T	0.004831026623488613	2.3159605691368848
X:83611081:A:G	1.62479e-05	0.000496368	-3.41935	-2.81808	X	83611081	A	G	0.0048311770910445416	2.3159470427755737
X:79004802:TTGG:T	0.000337356	1.46519e-05	3.13657	2.81731	X	79004802	TTGG	T	0.004842775834589116	2.314905633380496
X:73674100:G:A	0.032027	2.0535e-05	7.35221	2.81731	X	73674100	G	A	0.004842775834589116	2.314905633380496
X:28945885:A:ATG	4.05391e-05	0.0017863	-3.78563	-2.81714	X	28945885	A	ATG	0.004845339988955246	2.3146757438667365
X:28946340:A:AG	4.05391e-05	0.0017863	-3.78563	-2.81714	X	28946340	A	AG	0.004845339988955246	2.3146757438667365
X:49605908:AAAT:A	0.24907	3.78592e-05	8.79162	2.81673	X	49605908	AAAT	A	0.004851529180419619	2.314121352130914
X:114441049:G:A	2.59795e-05	0.000792561	-3.41796	-2.81666	X	114441049	G	A	0.004852586586197787	2.3140267066201936
X:79603086:G:A	6.27541e-05	0.00409275	-4.17775	-2.8161	X	79603086	G	A	0.00486105334163035	2.313269613270528
X:25078977:G:GT	9.55968e-06	0.0519388	-8.60027	-2.81538	X	25078977	G	GT	0.004871958807671645	2.312296392312071
X:140418206:T:G	4.65902e-06	0.000250889	-3.9862	-2.81498	X	140418206	T	G	0.004878026959148691	2.3117558038219683
X:45127036:A:G	2.8371e-05	0.217022	-8.94239	-2.81417	X	45127036	A	G	0.004890335911966004	2.3106613086263197
X:109168548:G:A	4.76413e-06	7.34049e-05	-2.73487	-2.81376	X	109168548	G	A	0.00489657707372825	2.310107405166588
X:115400730:C:CAT	0.000169529	0.00167409	-2.29	-2.81375	X	115400730	C	CAT	0.004896729387155517	2.3100938961681208
X:89161903:C:A	0.000305572	2.52267e-05	2.49428	2.81323	X	89161903	C	A	0.004904655593646601	2.30939148349917
X:123703725:C:CA	4.56158e-05	0.246696	-8.59566	-2.81277	X	123703725	C	CA	0.004911676909877824	2.3087702088196815
X:79131106:T:C	0.000744646	3.24974e-05	3.13175	2.81251	X	79131106	T	C	0.0049156495004264635	2.308419091094254
X:20744217:G:A	3.30093e-05	0.00032549	-2.28855	-2.81234	X	20744217	G	A	0.004918248534595103	2.30818952877421
X:148653813:G:A	4.49413e-05	0.0650781	-7.27799	-2.8121	X	148653813	G	A	0.0049219198753478605	2.3078654605189386
X:87571952:C:A	0.000193272	0.00691691	-3.57762	-2.81079	X	87571952	C	A	0.004942003003420859	2.306096994998547
X:87572547:C:T	0.000193272	0.00691691	-3.57762	-2.81079	X	87572547	C	T	0.004942003003420859	2.306096994998547
X:43354815:C:T	1.55148e-05	0.117901	-8.9358	-2.81049	X	43354815	C	T	0.004946612610140444	2.3056920997158707
X:30670968:A:G	0.000550387	0.0166822	-3.41148	-2.81	X	30670968	A	G	0.004954149997571722	2.305030848349392
X:106800407:A:AGT	3.8328e-05	0.00167529	-3.77756	-2.80982	X	106800407	A	AGT	0.004956921441348606	2.3047879638584474
X:137922099:T:G	0.000324398	0.0123322	-3.638	-2.80971	X	137922099	T	G	0.004958615791607083	2.304639540841612
X:79949519:C:T	6.66945e-06	0.0495912	-8.91403	-2.80907	X	79949519	C	T	0.00496848422242008	2.30377608495765
X:105640743:GATAGAT:G	0.00106296	7.19918e-05	2.69226	2.80905	X	105640743	GATAGAT	G	0.004968792896869023	2.303749104607135
X:46599058:T:C	6.65602e-05	0.00290323	-3.77547	-2.80792	X	46599058	T	C	0.0049862611989330745	2.302224975273856
X:27189359:T:C	7.08666e-05	0.00865077	-4.8046	-2.80736	X	27189359	T	C	0.00499493861968588	2.301469844233896
X:145456762:C:T	0.00141192	0.0282268	-2.99532	-2.80726	X	145456762	C	T	0.004996489595232959	2.3013350126337317
X:90504965:T:C	6.8171e-05	0.00168809	-3.20933	-2.80688	X	90504965	T	C	0.005002387274618278	2.30082268911111
X:90505456:G:T	6.8171e-05	0.00168809	-3.20933	-2.80688	X	90505456	G	T	0.005002387274618278	2.30082268911111
X:145634768:ACACACATATACATATATATC:A	0.020785	0.000633359	3.49095	2.80643	X	145634768	ACACACATATACATATATATC	A	0.0050093795088911285	2.3002160650615755
X:27189748:AATCACCTAGTGAAGAT:A	7.10262e-05	0.00865077	-4.80236	-2.80554	X	27189748	AATCACCTAGTGAAGAT	A	0.005023234623174704	2.299016536518847
X:143439316:CTCTT:C	0.110967	0.00998405	2.40824	2.80516	X	143439316	CTCTT	C	0.005029160837587246	2.2985044749856227
X:30686030:T:C	0.00171933	8.31529e-05	3.02901	2.80514	X	30686030	T	C	0.0050294729186400626	2.2984775259819163
X:69677075:G:A	2.24868e-05	0.169247	-8.92619	-2.80511	X	69677075	G	A	0.005029941073049147	2.2984371027769743
X:82446083:C:T	4.25278e-06	0.000273564	-4.16396	-2.80486	X	82446083	C	T	0.005033843892226536	2.298100256764579
X:68141904:TAAAGAAAGAAAGAAAGAAAG:T	0.0124411	0.000896922	2.62979	2.8046	X	68141904	TAAAGAAAGAAAGAAAGAAAG	T	0.005037905728320436	2.2977499634860385
X:37432988:A:T	3.2434e-05	0.172699	-8.5801	-2.80398	X	37432988	A	T	0.005047603605686125	2.2969147580869493
X:37433596:G:A	3.2434e-05	0.172699	-8.5801	-2.80398	X	37433596	G	A	0.005047603605686125	2.2969147580869493
X:33285309:T:TTG	0.00405207	0.122071	-3.40538	-2.80373	X	33285309	T	TTG	0.005051518812494153	2.2965780253042354
X:153203870:A:G	8.2729e-06	0.060891	-8.90386	-2.80317	X	153203870	A	G	0.005060298840254935	2.295823834772584
X:15084030:T:G	0.000857591	0.000109456	2.0586	2.80305	X	15084030	T	G	0.005062182068692752	2.2956622388682795
X:27213420:A:G	6.66646e-05	0.00809251	-4.79902	-2.80285	X	27213420	A	G	0.005065322190759987	2.295392925186435
X:139874209:ATT:A	0.00692419	5.16085e-05	4.89909	2.802	X	139874209	ATT	A	0.005078687363346789	2.2942485208891306
X:34461790:G:A	0.00970461	0.000757849	2.54987	2.80184	X	34461790	G	A	0.005081206722655685	2.2940331359926054
X:41633617:A:C	0.0629924	4.15842e-05	7.32305	2.80079	X	41633617	A	C	0.00509776807055358	2.2926199271974803
X:41633606:A:T	0.0629924	4.15842e-05	7.32305	2.80079	X	41633606	A	T	0.00509776807055358	2.2926199271974803
X:41645794:GA:G	0.0863469	8.0174e-06	9.28451	2.80057	X	41645794	GA	G	0.005101244243554601	2.2923238822934353
X:51735667:G:A	2.53629e-05	0.189048	-8.91647	-2.79968	X	51735667	G	A	0.005115328819978713	2.291126444041291
X:137959456:C:T	0.000647141	0.0243268	-3.62677	-2.79864	X	137959456	C	T	0.00513183172776307	2.2897275925352387
X:42680658:T:C	1.57196e-05	0.0828758	-8.57019	-2.79838	X	42680658	T	C	0.005135964966045793	2.289377947381743
X:70348071:C:G	1.95752e-05	0.142859	-8.89535	-2.79824	X	70348071	C	G	0.005138191801831125	2.28918968813465
X:31351725:CAAA:C	0.0432228	0.00277555	2.74552	2.79787	X	31351725	CAAA	C	0.005144081211699012	2.2886921836463663
X:84828583:T:C	7.42294e-05	0.00392443	-3.96782	-2.79778	X	84828583	T	C	0.00514551469298958	2.2885711773358755
X:27204354:CTTTTG:C	6.54269e-05	0.00788043	-4.7912	-2.79653	X	27204354	CTTTTG	C	0.005165461515837589	2.2868908697247514
X:92381487:T:A	0.000388331	0.0204834	-3.96551	-2.79563	X	92381487	T	A	0.0051798664667029775	2.2856814359152975
X:73305986:G:A	0.000341381	4.06514e-05	2.12797	2.79553	X	73305986	G	A	0.0051814692554324575	2.2855470744149873
X:85692861:A:G	1.22364e-05	0.0641648	-8.56479	-2.79533	X	85692861	A	G	0.005184676177381765	2.2852783634346254
X:79136385:CA:C	0.00077239	1.77163e-05	3.77501	2.79454	X	79136385	CA	C	0.005197361060043316	2.2842171117440713
X:80158627:T:A	5.57175e-06	0.0291654	-8.56303	-2.79434	X	80158627	T	A	0.005200576867787369	2.2839484800956953
X:15069873:G:C	5.08138e-05	0.00080732	-2.76555	-2.79395	X	15069873	G	C	0.005206852864362156	2.2834246944768806
X:30704128:T:TTA	0.000144753	0.00413889	-3.35315	-2.79392	X	30704128	T	TTA	0.005207335916655771	2.283384405799548
X:95163726:T:A	0.000457637	2.95155e-05	2.74116	2.79356	X	95163726	T	A	0.005213135703244057	2.2829009697971334
X:43358586:CT:C	0.12562	1.98781e-05	8.7514	2.79333	X	43358586	CT	C	0.005216844177303436	2.282592135090531
X:34163181:A:G	1.71886e-05	0.00138122	-4.38647	-2.79311	X	34163181	A	G	0.0052203936434936475	2.282296747811635
X:143513108:G:T	0.00170794	0.0258213	-2.71591	-2.79304	X	143513108	G	T	0.005221523476582667	2.2822027650166548
X:82695846:T:G	0.0101532	0.000518061	2.97545	2.79271	X	82695846	T	G	0.005226852808837755	2.2817597297108607
X:82695897:T:A	0.0101532	0.000518061	2.97545	2.79271	X	82695897	T	A	0.005226852808837755	2.2817597297108607
X:47480896:G:A	0.0148754	0.000759407	2.97493	2.79221	X	47480896	G	A	0.005234936918710144	2.2810885472270024
X:127090262:G:A	2.45272e-05	0.00478694	-5.27386	-2.79198	X	127090262	G	A	0.005238659400995436	2.28077983691696
X:127089763:C:T	2.45272e-05	0.00478694	-5.27386	-2.79198	X	127089763	C	T	0.005238659400995436	2.28077983691696
X:107249997:T:C	0.00205401	6.71586e-05	3.42049	2.79179	X	107249997	T	C	0.00524173629855391	2.2805248313412685
X:4952112:A:G	0.151736	1.4327e-05	9.26775	2.79178	X	4952112	A	G	0.005241898285746861	2.2805114103957984
X:122302776:C:CAG	1.65084e-05	0.0230727	-7.24254	-2.79129	X	122302776	C	CAG	0.005249841200285819	2.2798538331431177
X:24169593:T:TA	0.000126679	0.00233961	-2.91608	-2.79122	X	24169593	T	TA	0.0052509767895063736	2.279759901387592
X:14891660:C:T	0.00582309	0.000603189	2.26736	2.79091	X	14891660	C	T	0.005256008495321672	2.2793439414946337
X:79130687:CA:C	0.000745842	3.32711e-05	3.10983	2.7907	X	79130687	CA	C	0.005259419544485096	2.2790621840853245
X:30194280:C:G	0.0119093	0.000158681	4.31818	2.79065	X	30194280	C	G	0.0052602319937383075	2.278995101591781
X:45120113:A:G	0.21702	2.05555e-05	9.26461	2.79014	X	45120113	A	G	0.005268525454287414	2.2783109173630014
X:45119408:C:T	0.21702	2.05555e-05	9.26461	2.79014	X	45119408	C	T	0.005268525454287414	2.2783109173630014
X:104592145:A:ATG	8.96637e-05	0.0174442	-5.2707	-2.78956	X	104592145	A	ATG	0.005277971586185201	2.2775329521220686
X:137889370:C:G	1.26668e-05	0.0927159	-8.89831	-2.78953	X	137889370	C	G	0.0052784605950680925	2.277492716206004
X:85899991:C:T	0.0287075	0.000886806	3.47729	2.78952	X	85899991	C	T	0.005278623607123326	2.277479304314099
X:35524593:C:G	0.0160849	0.000121774	4.88347	2.78951	X	35524593	C	G	0.005278786623725878	2.2774658924622515
X:35525784:G:A	0.0160849	0.000121774	4.88347	2.78951	X	35525784	G	A	0.005278786623725878	2.2774658924622515
X:35526498:A:G	0.0160849	0.000121774	4.88347	2.78951	X	35526498	A	G	0.005278786623725878	2.2774658924622515
X:31801226:T:C	5.54115e-05	0.405575	-8.89827	-2.78951	X	31801226	T	C	0.005278786623725878	2.2774658924622515
X:51168050:C:T	0.00751904	0.000232353	3.47693	2.78918	X	51168050	C	T	0.005284168723378644	2.277023323823889
X:27190788:T:A	7.15412e-05	0.00853877	-4.7821	-2.78917	X	27190788	T	A	0.005284331894655772	2.277009913334014
X:117362850:A:G	1.58679e-05	0.000999398	-4.14285	-2.78766	X	117362850	A	G	0.0053090230504556045	2.274985389056292
X:84827649:T:G	5.51214e-05	0.00347012	-4.14241	-2.78729	X	84827649	T	G	0.005315089073776578	2.2744894528856516
X:50828896:T:TTGTGTG	0.000380741	0.0132897	-3.55263	-2.78728	X	50828896	T	TTGTGTG	0.0053152531071959585	2.2744760499664083
X:79798742:TAGAC:T	2.44442e-06	8.53122e-05	-3.55251	-2.78717	X	79798742	TAGAC	T	0.005317057776594388	2.274328620498348
X:66977584:A:G	0.0183945	1.75251e-06	9.25876	2.78707	X	66977584	A	G	0.005318698865336912	2.274194597914936
X:127091602:C:G	2.4694e-05	0.00478694	-5.26708	-2.78679	X	127091602	C	G	0.005323296347786836	2.2738193559903004
X:127091487:C:T	2.4694e-05	0.00478694	-5.26708	-2.78679	X	127091487	C	T	0.005323296347786836	2.2738193559903004
X:74237937:C:CAA	0.000792779	5.49221e-05	2.66963	2.78649	X	74237937	C	CAA	0.005328226204397535	2.2734173459180336
X:150717357:CAAAA:C	0.0100413	0.0010454	2.26231	2.78555	X	150717357	CAAAA	C	0.005343699799838849	2.2721579477884086
X:143516937:C:T	0.00152136	0.0279417	-2.91051	-2.78542	X	143516937	C	T	0.005345842956376719	2.271983803563169
X:134647410:CTG:C	0.00314673	0.000117336	3.28907	2.78518	X	134647410	CTG	C	0.00534980159245759	2.2716623243149687
X:109178321:G:A	4.41791e-05	4.60304e-06	2.26153	2.78472	X	109178321	G	A	0.00535739637835076	2.271046220238664
X:127938673:C:T	9.11034e-06	0.0649529	-8.87201	-2.7847	X	127938673	C	T	0.00535772680718481	2.2710194350273603
X:127938802:T:C	9.11476e-06	0.0649529	-8.87152	-2.78442	X	127938802	T	C	0.005362354743626402	2.270644458890375
X:30698701:C:CAAA	2.59885e-05	0.18837	-8.88851	-2.78405	X	30698701	C	CAAA	0.005368475767755588	2.2701490028698186
X:86876917:T:A	8.96087e-06	0.0123702	-7.23018	-2.78404	X	86876917	T	A	0.005368641288368828	2.270135612927509
X:87277898:G:C	0.00526314	0.000122271	3.76224	2.78349	X	87277898	G	C	0.005377752021860556	2.2693992277766397
X:67632380:T:C	4.3207e-06	0.0312668	-8.8869	-2.78315	X	67632380	T	C	0.005383391092018259	2.268944068459306
X:31809169:T:TTA	0.00491188	0.000181725	3.29692	2.78284	X	31809169	T	TTA	0.005388537249863787	2.2685291106069303
X:5832914:T:TTCTCTCTC	0.00117056	0.0214392	-2.90774	-2.78253	X	5832914	T	TTCTCTCTC	0.0053936878491142775	2.2681141912405485
X:28921461:G:A	5.12677e-05	0.00320784	-4.13629	-2.78231	X	28921461	G	A	0.00539734580934887	2.2678197556830226
X:44904494:G:A	0.210522	2.02481e-05	9.24929	2.7821	X	44904494	G	A	0.005400839588003063	2.267538721641168
X:83639107:TG:T	0.0458418	1.14532e-05	8.29468	2.78202	X	83639107	TG	T	0.0054021710883169665	2.2674316656992213
X:33802036:T:A	0.000102884	0.00534715	-3.95072	-2.78179	X	33802036	T	A	0.005406000802814237	2.267123894142701
X:73668084:T:C	0.0320227	2.18701e-05	7.28908	2.78155	X	73668084	T	C	0.005409999639908498	2.266802763800225
X:80619189:G:A	0.0275773	2.65528e-06	9.2482	2.78154	X	80619189	G	A	0.005410166316061453	2.2667893838698627
X:149412979:A:G	0.000126053	0.0242674	-5.26018	-2.78151	X	149412979	A	G	0.005410666372338135	2.2667492443190516
X:149411624:A:G	0.000126053	0.0242674	-5.26018	-2.78151	X	149411624	A	G	0.005410666372338135	2.2667492443190516
X:149413085:G:T	0.000126053	0.0242674	-5.26018	-2.78151	X	149413085	G	T	0.005410666372338135	2.2667492443190516
X:149411510:T:C	0.000126053	0.0242674	-5.26018	-2.78151	X	149411510	T	C	0.005410666372338135	2.2667492443190516
X:127630992:A:G	3.76633e-05	8.28675e-07	3.81661	2.78134	X	127630992	A	G	0.00541350081287781	2.266521793672228
X:27211770:G:A	6.84724e-05	0.00809251	-4.77226	-2.78121	X	27211770	G	A	0.00541566923070503	2.266347868633537
X:142323937:AT:A	0.0390294	0.00271845	2.66426	2.78113	X	142323937	AT	A	0.005417004031414452	2.2662408412043056
X:148316187:CCTCT:C	0.00910761	0.000202039	3.8084	2.78084	X	148316187	CCTCT	C	0.005421845174215712	2.2658528882575277
X:136093253:G:A	8.69164e-05	0.00160021	-2.91294	-2.78024	X	136093253	G	A	0.005431873734570394	2.265050333907354
X:5837024:A:G	0.00118402	0.0176909	-2.70413	-2.78017	X	5837024	A	G	0.0054330448234352815	2.264956711956837
X:53391711:T:C	3.56252e-05	0.256429	-8.88155	-2.78016	X	53391711	T	C	0.005433212140450185	2.2649433375526513
X:139777669:A:C	5.20957e-05	0.265814	-8.53747	-2.7799	X	139777669	A	C	0.005437564015929576	2.2645956170991335
X:150877959:TAC:T	0.0348606	0.00365028	2.25655	2.77942	X	150877959	TAC	T	0.005445606515751843	2.2639537427631287
X:14013581:A:G	0.000106857	0.146306	-7.22197	-2.77922	X	14013581	A	G	0.005448960725485732	2.263686322352139
X:44905955:A:G	0.210524	2.0365e-05	9.24354	2.77909	X	44905955	A	G	0.005451141961828017	2.2635125076740574
X:38960701:CGTGTGT:C	0.0812892	0.000623614	4.87024	2.77892	X	38960701	CGTGTGT	C	0.005453995537122874	2.2632852217672714
X:82621349:C:CAA	4.00245e-06	0.0203839	-8.53559	-2.77883	X	82621349	C	CAA	0.005455506799309932	2.263164898619156
X:103785238:G:A	0.0101021	0.0012204	2.11356	2.77867	X	103785238	G	A	0.0054581944210431495	2.2629509988085954
X:4964492:G:GTT	9.93571e-05	0.00677896	-4.22286	-2.77832	X	4964492	G	GTT	0.005464077760900605	2.2624831287098077
X:86877656:G:A	0.0123702	8.49713e-06	7.28332	2.77828	X	86877656	G	A	0.005464750506962529	2.2624296609645707
X:127092597:T:TAC	2.86409e-05	0.00548593	-5.2551	-2.77762	X	127092597	T	TAC	0.005475861616900174	2.261547535661501
X:131840178:G:A	8.84626e-05	0.0016239	-2.91	-2.77731	X	131840178	G	A	0.005481087506588365	2.2611332642797266
X:27209381:A:C	6.90681e-05	0.00812148	-4.76717	-2.7771	X	27209381	A	C	0.005484630182625984	2.2608526506889994
X:83689320:C:T	9.4971e-06	0.0481882	-8.53188	-2.77674	X	83689320	C	T	0.00549070815027501	2.2603716398990024
X:79141782:A:C	6.4445e-06	0.046048	-8.87421	-2.77606	X	79141782	A	C	0.005502205345300302	2.2594632055372736
X:146934523:A:G	0.000602448	0.00838408	-2.63309	-2.77593	X	146934523	A	G	0.005504405810918317	2.2592895553420065
X:146934535:T:C	0.000602448	0.00838408	-2.63309	-2.77593	X	146934535	T	C	0.005504405810918317	2.2592895553420065
X:11997673:T:C	0.000138356	0.00131396	-2.25097	-2.77584	X	11997673	T	C	0.00550592967543475	2.259169339939724
X:11997948:A:G	0.000138356	0.00131396	-2.25097	-2.77584	X	11997948	A	G	0.00550592967543475	2.259169339939724
X:82615589:C:T	2.65712e-07	3.1195e-05	-4.7656	-2.77583	X	82615589	C	T	0.005506099017215796	2.2591559828729886
X:11999549:C:G	0.000138356	0.00131384	-2.25088	-2.77575	X	11999549	C	G	0.005507453920699113	2.2590491277804308
X:104948776:G:T	4.14784e-06	2.9048e-07	2.65881	2.7757	X	104948776	G	T	0.0055083008881749345	2.2589823446487785
X:90133843:A:G	0.000156625	0.006592	-3.73976	-2.77555	X	90133843	A	G	0.005510842495986427	2.2587820012593176
X:90133798:T:C	0.000156625	0.006592	-3.73976	-2.77555	X	90133798	T	C	0.005510842495986427	2.2587820012593176
X:107243615:C:T	8.41017e-05	0.0024648	-3.37784	-2.77544	X	107243615	C	T	0.005512707014348819	2.2586350884989304
X:89161426:G:GA	0.000300742	2.5832e-05	2.45464	2.77521	X	89161426	G	GA	0.00551660739262857	2.2583279229268305
X:10817514:C:CTCTTTCTT	3.74191e-05	0.188929	-8.52694	-2.77395	X	10817514	C	CTCTTTCTT	0.005538018910642631	2.25664556560494
X:80158600:ATC:A	0.0365143	5.97532e-06	8.71782	2.7738	X	80158600	ATC	A	0.00554057289003782	2.256445327307902
X:37436474:A:G	3.42469e-05	0.172708	-8.52576	-2.77328	X	37436474	A	G	0.0055494349165862485	2.255751237616571
X:43141126:G:T	8.58127e-05	0.00522262	-4.10859	-2.77325	X	43141126	G	T	0.005549946577397837	2.255711197283268
X:3561507:TTTTATTTA:T	0.00355371	7.94791e-05	3.80025	2.77321	X	3561507	TTTTATTTA	T	0.005550628858034863	2.255657810732658
X:90271379:C:CA	0.000102108	0.00373826	-3.60034	-2.77261	X	90271379	C	CA	0.005560872154301565	2.254857089335903
X:33799823:G:A	0.000103912	0.00534717	-3.94078	-2.7725	X	33799823	G	A	0.005562751941169893	2.254710306045703
X:32034427:C:T	0.0790209	0.00587662	2.59873	2.77237	X	32034427	C	T	0.0055649742467085385	2.254536841129498
X:45151127:G:A	3.82571e-05	0.192387	-8.52293	-2.77168	X	45151127	G	A	0.005576782976576167	2.2536162559763113
X:70466629:G:A	0.000316614	0.0369742	-4.76029	-2.77154	X	70466629	G	A	0.005579181708132324	2.253429493840736
X:127949802:GT:G	0.0649529	1.06764e-05	8.71338	2.77122	X	127949802	GT	G	0.005584668019345128	2.253002638421557
X:73289663:G:T	8.2526e-06	0.000508959	-4.12184	-2.77053	X	73289663	G	T	0.00559651444565183	2.2520823709066558
X:5726779:G:A	0.000302573	0.00625408	-3.02867	-2.77015	X	5726779	G	A	0.00560304824159334	2.2515756382913836
X:45122187:T:G	0.21702	2.13657e-05	9.22596	2.76987	X	45122187	T	G	0.005607867020573113	2.251202293350249
X:74239651:G:A	0.000767007	5.40337e-05	2.65289	2.76979	X	74239651	G	A	0.005609244501160581	2.251095629131049
X:32074718:GA:G	0.000536843	0.00833122	-2.74206	-2.76957	X	32074718	GA	G	0.005613034146951856	2.2508023157372747
X:94874755:TCACACA:T	0.149481	3.81764e-05	8.27271	2.76919	X	94874755	TCACACA	T	0.00561958533980469	2.250295729142434
X:76123890:G:A	3.96981e-05	0.000765542	-2.95928	-2.76892	X	76123890	G	A	0.005624244325814947	2.249935821158857
X:30197530:T:TTC	7.95608e-05	0.00925657	-4.75657	-2.76852	X	30197530	T	TTC	0.005631152932774464	2.249402677780969
X:32062089:C:T	0.00111935	0.0164509	-2.68763	-2.76842	X	32062089	C	T	0.005632881280302068	2.2492694019428914
X:73671122:C:T	0.0320267	2.24006e-05	7.26524	2.76804	X	73671122	C	T	0.005639453366221931	2.2487629902611066
X:9418780:T:A	0.000116273	0.00594823	-3.93491	-2.767	X	9418780	T	A	0.005657475514554136	2.247377316987381
X:44593913:A:T	0.00198529	0.0408988	-3.02533	-2.76661	X	44593913	A	T	0.005664247203119545	2.246857801114902
X:31259895:A:G	0.00309123	0.0426777	-2.62511	-2.76659	X	31259895	A	G	0.005664594666201367	2.246831160916215
X:73308179:C:T	0.000343216	4.19119e-05	2.10279	2.76607	X	73308179	C	T	0.005673635457462252	2.246138571941401
X:127641346:C:T	0.0607484	1.0075e-05	8.70444	2.76601	X	127641346	C	T	0.0056746794627661155	2.2460586647927165
X:45726016:C:CA	0.000143866	0.0111814	-4.35312	-2.76591	X	45726016	C	CA	0.005676419856680735	2.2459254894132914
X:34539325:C:T	0.000294428	0.00455031	-2.73792	-2.76527	X	34539325	C	T	0.005687569783260677	2.2450732617547664
X:18553465:CGTGTGTGTGTGT:C	0.140833	1.39875e-05	9.21717	2.76527	X	18553465	CGTGTGTGTGTGT	C	0.005687569783260677	2.2450732617547664
X:27205313:T:C	6.80292e-05	0.00788068	-4.75223	-2.76502	X	27205313	T	C	0.005691930585965447	2.2447404048484683
X:27204826:C:T	6.80292e-05	0.00788068	-4.75223	-2.76502	X	27204826	C	T	0.005691930585965447	2.2447404048484683
X:137900972:A:ATAAG	0.0827123	2.12815e-05	8.26529	2.76486	X	137900972	A	ATAAG	0.005694723082100389	2.244527389554984
X:83670244:T:C	8.18397e-06	0.0572842	-8.8536	-2.76454	X	83670244	T	C	0.005700311781678513	2.244101389703045
X:27208264:TA:T	7.02794e-05	0.00812279	-4.74995	-2.76317	X	27208264	TA	T	0.005724294366987882	2.2422780411122343
X:138231120:C:T	5.40988e-05	0.00625169	-4.7498	-2.76305	X	138231120	C	T	0.00572639935960131	2.2421183675223917
X:34031280:T:G	1.42912e-05	0.00110682	-4.3496	-2.76304	X	34031280	T	G	0.005726574807159292	2.2421050616500144
X:95165128:C:A	0.000417985	3.13853e-05	2.58911	2.76238	X	95165128	C	A	0.00573816506994646	2.2412269625494616
X:82541393:C:T	1.58488e-05	0.00182855	-4.74819	-2.76175	X	82541393	C	T	0.0057492482322189665	2.2403889396484145
X:82541521:T:TTTTAA	1.58488e-05	0.00182855	-4.74819	-2.76175	X	82541521	T	TTTTAA	0.0057492482322189665	2.2403889396484145
X:29136124:CT:C	0.000853195	7.43294e-05	2.44048	2.76164	X	29136124	CT	C	0.005751185365867967	2.2402426344756137
X:120325428:CT:C	0.0296145	0.00149447	2.98649	2.76162	X	120325428	CT	C	0.005751537635214332	2.2402160340552952
X:45727135:G:A	0.000129201	0.171632	-7.19174	-2.76148	X	45727135	G	A	0.005754004065493365	2.240029835594683
X:153603688:A:G	0.000115929	0.00137084	-2.47021	-2.76114	X	153603688	A	G	0.0057599979388410685	2.2395776719847933
X:28711987:G:A	2.30278e-05	0.160188	-8.8474	-2.76107	X	28711987	G	A	0.005761232670270335	2.2394845852188725
X:137903693:A:C	0.0827123	2.14213e-05	8.25874	2.76103	X	137903693	A	C	0.005761938338240493	2.2394313936615045
X:127936498:G:A	9.4914e-06	0.064954	-8.83105	-2.76095	X	127936498	G	A	0.005763349908005654	2.239325012467421
X:91432877:C:T	1.33726e-05	0.065933	-8.50319	-2.76053	X	91432877	C	T	0.005770765766400246	2.23876655321245
X:91433355:A:C	1.33726e-05	0.065933	-8.50319	-2.76053	X	91433355	A	C	0.005770765766400246	2.23876655321245
X:41470652:G:A	0.00455664	0.0668678	-2.68613	-2.76051	X	41470652	G	A	0.005771119117035456	2.2387399616751673
X:153332026:CGTGTGTGTGTGTGTGT:C	0.00862414	0.000396705	3.07913	2.76016	X	153332026	CGTGTGTGTGTGTGTGT	C	0.005777305912020013	2.2382746356808867
X:82540460:T:TTTTTC	1.58488e-05	0.00182438	-4.7459	-2.7599	X	82540460	T	TTTTTC	0.00578190568751359	2.2379289966720157
X:35528109:G:GA	0.0160264	0.000125925	4.8463	2.75978	X	35528109	G	GA	0.0057840297743400855	2.237769480098325
X:11994950:G:A	0.0014635	0.000203152	1.97463	2.75961	X	11994950	G	A	0.005787040101746863	2.2375435081484567
X:11995072:A:AAC	0.0014635	0.000203152	1.97463	2.75961	X	11995072	A	AAC	0.005787040101746863	2.2375435081484567
X:116552554:C:CCACACACACACA	3.86756e-05	0.00722589	-5.23022	-2.75856	X	116552554	C	CCACACACACACA	0.005805664628890045	2.2361480553161224
X:132633077:CA:C	0.0102677	0.00126222	2.09614	2.75828	X	132633077	CA	C	0.0058106402878888765	2.2357760090596477
X:83651584:G:A	1.01589e-05	0.0498426	-8.49828	-2.75775	X	83651584	G	A	0.005820069026847138	2.23507186452519
X:84837511:A:T	8.67559e-05	0.00373163	-3.7615	-2.75652	X	84837511	A	T	0.005842003988968753	2.2334381508224954
X:22801404:C:T	0.122996	0.00929122	2.58309	2.75613	X	22801404	C	T	0.00584897452185053	2.2329202704205424
X:83609145:A:G	1.6422e-05	0.000830162	-3.923	-2.75587	X	83609145	A	G	0.005853625708111503	2.2325750506242383
X:127931121:CAAA:C	0.064954	1.0966e-05	8.68664	2.75565	X	127931121	CAAA	C	0.005857563931158208	2.2322829626887097
X:82104174:T:C	0.000859581	6.7747e-05	2.54066	2.75555	X	82104174	T	C	0.005859354821969665	2.232150201846111
X:95851858:T:C	0.00419176	0.060811	-2.67465	-2.75461	X	95851858	T	C	0.005876213336828987	2.230902445467598
X:25077087:G:A	9.16596e-06	0.0630116	-8.83558	-2.75446	X	25077087	G	A	0.0058789075667354035	2.2307033681103468
X:32279136:C:T	0.0474756	0.000660136	4.27552	2.75436	X	32279136	C	T	0.005880704338538501	2.230570654872583
X:33802661:T:A	0.00010155	0.0051238	-3.9211	-2.75409	X	33802661	T	A	0.005885558095086125	2.230212349112093
X:66976374:G:A	2.68009e-06	0.0183945	-8.83396	-2.75356	X	66976374	G	A	0.005895096341606252	2.229509092980075
X:24770342:T:C	1.32166e-05	0.000379097	-3.35632	-2.75334	X	24770342	T	C	0.005899059704005569	2.229217208341964
X:51286269:C:T	3.05232e-05	0.209384	-8.83344	-2.75327	X	51286269	C	T	0.005900321277414558	2.229124340017263
X:85695234:T:G	1.73739e-05	0.00031132	-2.88586	-2.75323	X	85695234	T	G	0.005901042285678971	2.2290712732831763
X:55813338:G:A	0.000191132	2.57363e-05	2.00506	2.75321	X	55813338	G	A	0.00590140281958886	2.229044740156141
X:55812669:T:C	0.000191132	2.57363e-05	2.00506	2.75321	X	55812669	T	C	0.00590140281958886	2.229044740156141
X:55813254:T:A	0.000191132	2.57363e-05	2.00506	2.75321	X	55813254	T	A	0.00590140281958886	2.229044740156141
X:91230527:A:T	0.000891589	0.00827238	-2.22767	-2.7532	X	91230527	A	T	0.005901583093988643	2.229031473652625
X:86756473:GT:G	0.0019888	7.58909e-05	3.26599	2.75279	X	86756473	GT	G	0.005908978619214676	2.2284875814493206
X:66974010:A:T	2.68458e-06	0.0183945	-8.83229	-2.75262	X	66974010	A	T	0.005912047505381983	2.2282620848902326
X:66975152:T:G	2.68458e-06	0.0183945	-8.83229	-2.75262	X	66975152	T	G	0.005912047505381983	2.2282620848902326
X:100763004:C:A	0.000309266	0.0573252	-5.22229	-2.75249	X	100763004	C	A	0.005914395269857616	2.228089654145105
X:125806555:ATGTGTG:A	0.249497	6.56116e-05	8.24345	2.75211	X	125806555	ATGTGTG	A	0.0059212627846615415	2.2275856645731333
X:82106106:T:G	0.000836264	6.61834e-05	2.53651	2.75192	X	82106106	T	G	0.005924699236336827	2.2273336914469115
X:135550430:C:CT	0.0500871	0.000397452	4.83645	2.7519	X	135550430	C	CT	0.005925061072628275	2.2273071687999244
X:41467772:C:T	0.00369147	0.0537307	-2.67796	-2.75158	X	41467772	C	T	0.005930853162418325	2.226882828207582
X:5145566:C:T	0.000283679	2.68071e-05	2.35918	2.75155	X	5145566	C	T	0.0059313964323638455	2.226843048376985
X:15014910:C:T	4.33695e-05	0.0566213	-7.17439	-2.75129	X	15014910	C	T	0.005936106650821765	2.2264983049245655
X:4599216:C:T	0.000590419	0.0087746	-2.69878	-2.7512	X	4599216	C	T	0.005937737896258844	2.226378976952298
X:19609871:C:G	4.91104e-05	0.0641032	-7.17418	-2.75117	X	19609871	C	G	0.005938281734502338	2.226339201681508
X:45126453:CT:C	0.237666	2.42662e-05	9.18954	2.75078	X	45126453	CT	C	0.0059453557176097046	2.2258221559194067
X:79747714:GTCT:G	0.0197133	5.20045e-06	8.2403	2.75027	X	79747714	GTCT	G	0.005954617768998706	2.2251461109473523
X:43462023:A:C	1.52133e-05	0.103781	-8.82787	-2.75015	X	43462023	A	C	0.005956798963955677	2.224987056660932
X:146435648:G:T	0.000572961	0.0339642	-4.08225	-2.74885	X	146435648	G	T	0.005980474766283026	2.2232643377185366
X:4731012:T:G	0.00125871	0.019131	-2.72122	-2.74795	X	4731012	T	G	0.0059969153410722835	2.222072082088462
X:142219884:TTCTC:T	0.0138054	0.00105119	2.57514	2.74789	X	142219884	TTCTC	T	0.0059980128259064696	2.2219926098978573
X:35261921:CA:C	0.000292458	2.3254e-05	2.53184	2.74784	X	35261921	CA	C	0.005998927534834601	2.221926384172154
X:35261935:T:A	0.000292458	2.3254e-05	2.53184	2.74784	X	35261935	T	A	0.005998927534834601	2.221926384172154
X:87359699:C:T	0.000779977	0.0278456	-3.57517	-2.7478	X	87359699	C	T	0.00599965939246766	2.2218734043114594
X:46025171:C:T	0.000110861	0.00555594	-3.91435	-2.74778	X	46025171	C	T	0.006000025351450336	2.221846914621068
X:140462580:G:T	6.25576e-05	0.418342	-8.80797	-2.74757	X	140462580	G	T	0.006003869135216768	2.221568782530137
X:15013634:A:AT	4.36486e-05	0.0566213	-7.16797	-2.74752	X	15013634	A	AT	0.0060047846487706735	2.2215025632032264
X:75841057:T:A	8.56342e-05	0.00506784	-4.08058	-2.74732	X	75841057	T	A	0.006008447960918539	2.2212376958936004
X:90705199:T:C	0.000108673	0.00825536	-4.33027	-2.74727	X	90705199	T	C	0.006009364103513524	2.2211714815656887
X:5148037:A:G	0.000279939	0.0040581	-2.6739	-2.74714	X	5148037	A	G	0.006011746663290868	2.220999328992149
X:79139165:G:T	9.16191e-06	0.0612202	-8.80718	-2.74711	X	79139165	G	T	0.006012296605624852	2.220959602434977
X:37429469:C:A	3.13363e-05	0.150828	-8.47912	-2.74692	X	37429469	C	A	0.006015780626407884	2.2207080092644254
X:67641860:G:GT	0.024749	6.56912e-06	8.23416	2.74668	X	67641860	G	GT	0.006020184094646176	2.220390228000227
X:12961317:T:C	0.0354116	0.00330321	2.37215	2.74535	X	12961317	T	C	0.006044639326151417	2.2186296076791896
X:12960977:A:ATTC	0.0354116	0.00330321	2.37215	2.74535	X	12960977	A	ATTC	0.006044639326151417	2.2186296076791896
X:141264921:C:CTGTGTGTG	0.00206716	0.0736089	-3.57259	-2.74526	X	141264921	C	CTGTGTGTG	0.006046297419817249	2.2185104935114137
X:21859195:T:C	0.000108111	0.0122118	-4.72699	-2.74461	X	21859195	T	C	0.006058284711331981	2.2176503206936693
X:97225053:G:A	1.01546e-05	0.000149993	-2.69266	-2.74453	X	97225053	G	A	0.006059761548926705	2.2175444649463882
X:9416534:G:GAGA	0.000119122	0.00594823	-3.9107	-2.74437	X	9416534	G	GAGA	0.006062716197058713	2.2173327611293976
X:74233187:C:CA	4.38957e-05	0.00146357	-3.50681	-2.7442	X	74233187	C	CA	0.006065856932569698	2.217107837040232
X:32016689:T:C	0.0620885	0.00714473	2.16219	2.7432	X	32016689	T	C	0.006084361532634613	2.215784988083317
X:128123758:T:A	1.00244e-05	0.0479244	-8.47236	-2.74311	X	128123758	T	A	0.006086029438126638	2.215665951290202
X:70674955:C:A	9.03656e-06	0.000136701	-2.71651	-2.74306	X	70674955	C	A	0.006086956230231519	2.215599821137951
X:83070272:C:A	0.0013295	4.59674e-05	3.36463	2.74237	X	83070272	C	A	0.006099758949468128	2.2146873271178125
X:79009466:G:A	1.42984e-05	0.00161048	-4.72414	-2.74231	X	79009466	G	A	0.006100873374797922	2.214607988808173
X:72534315:A:T	8.5911e-05	0.0157137	-5.20897	-2.7423	X	72534315	A	T	0.006101059130180892	2.2145947658965106
X:44595470:C:CAAAA	0.00180018	0.0730287	-3.70297	-2.7422	X	44595470	C	CAAAA	0.0061029169642028	2.2144625389789883
X:118443977:T:C	0.0023654	0.0413094	-2.86014	-2.74207	X	118443977	T	C	0.006105332910189414	2.214290649963764
X:118443819:T:C	0.0023654	0.0413094	-2.86014	-2.74207	X	118443819	T	C	0.006105332910189414	2.214290649963764
X:148661725:A:G	4.028e-05	0.192143	-8.47014	-2.74185	X	148661725	A	G	0.006109423396584767	2.213999776254687
X:15019954:C:T	3.68176e-05	0.00216447	-4.07395	-2.74118	X	15019954	C	T	0.006121895996530417	2.2131140528041224
X:48006613:A:G	0.00228888	0.000107357	3.05966	2.74079	X	48006613	A	G	0.0061291667217570605	2.2125985650805347
X:118441750:T:A	0.00236269	0.0412026	-2.8587	-2.74065	X	118441750	T	A	0.006131778621992762	2.2124135330385504
X:118441942:G:A	0.00236347	0.0412026	-2.85837	-2.74032	X	118441942	G	A	0.006137939210523855	2.211977417087771
X:27188876:C:G	7.48677e-05	0.00841119	-4.7216	-2.74025	X	27188876	C	G	0.006139246718412241	2.2118849132409766
X:99789331:C:CT	0.211274	2.20147e-05	9.1692	2.74012	X	99789331	C	CT	0.006141675612838684	2.21171312558011
X:80157950:A:C	6.36513e-06	0.0302587	-8.46671	-2.73991	X	80157950	A	C	0.006145601039661221	2.2114356367085963
X:80157866:A:T	6.36513e-06	0.0302587	-8.46671	-2.73991	X	80157866	A	T	0.006145601039661221	2.2114356367085963
X:89790363:GTATATATA:G	0.0537049	3.94924e-05	7.21515	2.73965	X	89790363	GTATATATA	G	0.006150464222226901	2.21109210348591
X:118443106:G:T	0.0023654	0.0412026	-2.85755	-2.73951	X	118443106	G	T	0.0061530842941974655	2.2109071352526093
X:134968599:G:A	0.000144581	0.0263337	-5.20477	-2.73907	X	134968599	G	A	0.006161325350886676	2.2103258575328275
X:82601807:G:GT	3.79342e-06	0.0253592	-8.80763	-2.73884	X	82601807	G	GT	0.006165637130510253	2.210022038619304
X:81965637:T:C	1.14602e-05	0.000679793	-4.08291	-2.7388	X	81965637	T	C	0.00616638728253428	2.209969202706219
X:136600168:T:C	0.00485702	0.00066177	1.99326	2.73867	X	136600168	T	C	0.0061688258442440065	2.209797490406281
X:24185966:CT:C	0.0023025	7.99735e-05	3.36006	2.73833	X	24185966	CT	C	0.006175207727093353	2.209348428641089
X:27191099:G:A	7.2288e-05	0.00809826	-4.71875	-2.73795	X	27191099	G	A	0.006182347454586296	2.20884659076913
X:35258257:T:C	2.41283e-05	0.000413486	-2.84124	-2.73793	X	35258257	T	C	0.0061827234355366625	2.208820179848635
X:34025592:CT:C	0.000899379	2.08274e-05	3.76544	2.73731	X	34025592	CT	C	0.00619438906186765	2.208001520626663
X:45124526:A:G	0.217022	2.27425e-05	9.16352	2.73714	X	45124526	A	G	0.006197591161538928	2.2077770763935995
X:35522240:A:T	0.0148144	0.000119758	4.81788	2.73706	X	35522240	A	T	0.006199098547620169	2.2076714595755993
X:37440941:C:A	0.172934	4.66872e-05	8.21719	2.73677	X	37440941	C	A	0.0062045655897958055	2.207288620057106
X:43353973:TTGTGTGTGTGTGTG:T	0.000320364	3.49263e-05	2.21622	2.73652	X	43353973	TTGTGTGTGTGTGTG	T	0.006209282041003848	2.2069586129725502
X:104580354:T:C	0.00165925	0.000158998	2.34523	2.73632	X	104580354	T	C	0.006213057525872636	2.2066946252934687
X:37430257:G:GA	3.19314e-05	0.150828	-8.4603	-2.73629	X	37430257	G	GA	0.006213624026836408	2.2066550285207205
X:86436387:G:T	0.000438194	6.23711e-05	1.94956	2.73616	X	86436387	G	T	0.0062160794017823715	2.20648344666279
X:116763760:C:T	0.000478879	0.00682682	-2.65717	-2.73602	X	116763760	C	T	0.00621872462864291	2.2062986737554833
X:91235112:A:T	0.000611027	0.00820189	-2.59698	-2.73582	X	91235112	A	T	0.006222505282230714	2.2060347260503974
X:108775855:G:A	0.00955237	0.000736366	2.56282	2.7351	X	108775855	G	A	0.0062361327751939664	2.205084646703176
X:27212310:T:C	6.88154e-05	0.00768054	-4.71502	-2.73493	X	27212310	T	C	0.006239354296061305	2.20486035265211
X:73661868:G:A	0.0320157	2.37439e-05	7.20666	2.73484	X	73661868	G	A	0.0062410604135903075	2.2047416134194515
X:31800954:T:A	8.01915e-05	0.00894582	-4.71452	-2.73453	X	31800954	T	A	0.006246940255915827	2.204332647511663
X:90287315:A:G	4.93085e-05	4.85423e-06	2.31824	2.73441	X	90287315	A	G	0.006249217662434165	2.20417434844064
X:90287055:G:A	4.93085e-05	4.85423e-06	2.31824	2.73441	X	90287055	G	A	0.006249217662434165	2.20417434844064
X:84834860:G:A	8.26306e-05	0.00346269	-3.73542	-2.73371	X	84834860	G	A	0.006262517436835768	2.2032510519093664
X:109207473:G:A	2.5639e-05	0.000478139	-2.92578	-2.73329	X	109207473	G	A	0.006270509526665193	2.2026971680004954
X:83440570:ACT:A	0.00618323	5.02384e-05	4.81282	2.73301	X	83440570	ACT	A	0.006275842686011174	2.2023279512313003
X:74238745:C:T	4.25652e-05	0.00140201	-3.49463	-2.73273	X	74238745	C	T	0.006281179928080854	2.201958765797736
X:32034243:C:T	0.0772101	0.00596797	2.56012	2.73231	X	32034243	C	T	0.006289193452213637	2.2014050464009243
X:10789082:A:G	4.14958e-05	0.194568	-8.45295	-2.73214	X	10789082	A	G	0.006292439636909108	2.201180941927081
X:25079351:T:C	9.32578e-06	0.0615719	-8.79518	-2.73188	X	25079351	T	C	0.006297407307203305	2.200838216250077
X:82103500:A:G	7.64781e-05	0.00204925	-3.28822	-2.73165	X	82103500	A	G	0.006301804727016858	2.2005350583649648
X:131839827:T:G	0.0668951	1.82199e-05	8.20837	2.73162	X	131839827	T	G	0.006302378507231476	2.2004955175908307
X:79952660:T:C	6.4026e-06	0.00808139	-7.14062	-2.73147	X	79952660	T	C	0.006305248113707486	2.2002978191156526
X:90270012:C:CATATAT	8.24353e-05	0.00915612	-4.71016	-2.73101	X	90270012	C	CATATAT	0.006314055574899593	2.199691599864453
X:108623439:T:TA	3.95517e-05	0.00294508	-4.31028	-2.73097	X	108623439	T	TA	0.006314821964142606	2.19963888914355
X:34461521:G:C	0.000469213	0.023094	-3.89627	-2.73087	X	34461521	G	C	0.006316738303560043	2.1995071151388834
X:86750221:G:A	8.75217e-05	0.00508791	-4.06274	-2.73079	X	86750221	G	A	0.006318271751935226	2.1994016988126646
X:86750820:G:T	8.75217e-05	0.00508791	-4.06274	-2.73079	X	86750820	G	T	0.006318271751935226	2.1994016988126646
X:144516308:T:A	0.00053349	0.0591904	-4.70907	-2.73013	X	144516308	T	A	0.006330935490694324	2.1985321117159673
X:33843913:C:CA	9.00958e-06	0.000315834	-3.55693	-2.72983	X	33843913	C	CA	0.006336699283585252	2.1981369024026725
X:5125505:C:G	8.42906e-05	0.00494234	-4.07132	-2.72935	X	5125505	C	G	0.006345931175750286	2.197504642313444
X:5125509:C:G	8.42906e-05	0.00494234	-4.07132	-2.72935	X	5125509	C	G	0.006345931175750286	2.197504642313444
X:92197852:G:T	0.000114826	0.00853256	-4.30823	-2.7293	X	92197852	G	T	0.00634689352694819	2.1974387871826133
X:91232471:A:C	0.000913982	0.00827238	-2.20287	-2.7291	X	91232471	A	C	0.006350744245257147	2.1971753766500064
X:86867255:G:C	0.000175483	0.0315143	-5.19065	-2.72827	X	86867255	G	C	0.006366747203871651	2.196082393758455
X:27185923:T:C	8.36465e-05	0.0092565	-4.70648	-2.72803	X	27185923	T	C	0.006371381324120417	2.195766401823395
X:27187534:C:T	8.36465e-05	0.0092565	-4.70648	-2.72803	X	27187534	C	T	0.006371381324120417	2.195766401823395
X:79211114:C:T	3.30576e-05	0.00365624	-4.70594	-2.72759	X	79211114	C	T	0.006379885095256488	2.195187143057119
X:33827974:C:T	2.0492e-05	0.000817404	-3.6861	-2.72691	X	33827974	C	T	0.00639304737690364	2.194292077131663
X:107069866:TAA:T	0.044792	4.78784e-06	9.14371	2.72676	X	107069866	TAA	T	0.006395954108795532	2.194094660993403
X:126774959:T:G	0.000311799	0.00415738	-2.59028	-2.72584	X	126774959	T	G	0.006413808093200102	2.1928840386874486
X:41194547:T:A	3.53508e-06	0.000390076	-4.70361	-2.7257	X	41194547	T	A	0.00641652893149306	2.192699843202603
X:41194914:A:T	3.53508e-06	0.000390076	-4.70361	-2.7257	X	41194914	A	T	0.00641652893149306	2.192699843202603
X:90271648:C:T	0.000103356	0.00360749	-3.55258	-2.72555	X	90271648	C	T	0.006419445267765207	2.1925024995880866
X:28185257:A:T	5.54588e-05	0.00320261	-4.05608	-2.72462	X	28185257	A	T	0.0064375531864042795	2.191279169839456
X:27209004:G:A	6.99698e-05	0.00770742	-4.70188	-2.7243	X	27209004	G	A	0.006443794486596107	2.190858319084685
X:84499790:C:CTT	0.0010483	2.60865e-05	3.6935	2.72398	X	84499790	C	CTT	0.006450041230175972	2.1904375092436963
X:47472815:T:C	0.0142251	0.000779187	2.90451	2.72387	X	47472815	T	C	0.006452189806211321	2.1902928653100857
X:126774680:A:G	0.000312382	0.00415738	-2.58841	-2.72365	X	126774680	A	G	0.006456488890044086	2.1900035919462084
X:27207106:GAT:G	7.00618e-05	0.0077089	-4.70075	-2.7234	X	27207106	GAT	G	0.006461377340480589	2.1896748956873857
X:27207177:A:G	7.00618e-05	0.0077089	-4.70075	-2.7234	X	27207177	A	G	0.006461377340480589	2.1896748956873857
X:27207325:GT:G	7.00618e-05	0.0077089	-4.70075	-2.7234	X	27207325	GT	G	0.006461377340480589	2.1896748956873857
X:86872551:G:A	0.000128077	0.0228524	-5.18418	-2.72331	X	86872551	G	A	0.0064631379975809275	2.1895565711470946
X:30360744:C:G	0.000123904	0.00604785	-3.88795	-2.72309	X	30360744	C	G	0.0064674436431587665	2.189267347005977
X:142427903:G:C	5.75695e-05	0.374126	-8.77936	-2.72303	X	142427903	G	C	0.006468618357881252	2.189188471050814
X:10814576:GGT:G	3.37948e-05	0.000896316	-3.27799	-2.72184	X	10814576	GGT	G	0.00649195655657667	2.187624395084585
X:33793724:C:T	0.000123474	0.00710833	-4.05299	-2.72176	X	33793724	C	T	0.006493528224872073	2.1875192674158233
X:87290161:C:T	0.000130581	0.00424989	-3.48265	-2.72147	X	87290161	C	T	0.006499228391963386	2.1871382010500757
X:143089155:C:CATCT	0.00198759	0.0552619	-3.32516	-2.72134	X	143089155	C	CATCT	0.0065017851000192355	2.186967389102916
X:28932754:GA:G	4.42592e-05	0.00256972	-4.06149	-2.72134	X	28932754	GA	G	0.0065017851000192355	2.186967389102916
X:127094145:ATG:A	0.00109206	5.22848e-05	3.03912	2.72035	X	127094145	ATG	A	0.006521285112292233	2.1856668119090226
X:31760942:AT:A	0.0103058	0.000257555	3.68923	2.72027	X	31760942	AT	A	0.006522863165650455	2.1855617318601968
X:147600746:C:T	0.00260703	0.0904486	-3.54657	-2.71962	X	147600746	C	T	0.006535697586895405	2.1847080512401855
X:72431515:C:T	0.00150288	0.0276647	-2.91277	-2.71945	X	72431515	C	T	0.006539058026445814	2.1844848087676216
X:83692362:G:A	9.9436e-06	0.04558	-8.43029	-2.71934	X	83692362	G	A	0.006541233256505168	2.184340363907806
X:140012775:G:T	0.00161062	0.0227572	-2.64827	-2.71914	X	140012775	G	T	0.006545189887624535	2.1840777492734627
X:18563664:A:G	0.11421	3.17828e-05	8.18687	2.71906	X	18563664	A	G	0.006546773142662949	2.1839727078937416
X:89800859:G:A	4.61689e-05	0.057046	-7.11931	-2.71896	X	89800859	G	A	0.00654875269582985	2.1838414097642627
X:107271575:A:T	0.000893129	3.01482e-05	3.38861	2.71869	X	107271575	A	T	0.006554100178576075	2.1834869247677577
X:84500469:CACA:C	0.0011303	2.67541e-05	3.74355	2.71848	X	84500469	CACA	C	0.006558262046479336	2.1832112343476076
X:118408237:A:G	4.64065e-05	0.00822581	-5.17759	-2.71827	X	118408237	A	G	0.0065624262909913895	2.182935561543393
X:83670316:C:T	9.25682e-06	0.0596051	-8.77014	-2.71788	X	83670316	C	T	0.0065701661972338374	2.1824236444997855
X:7173051:T:C	6.27335e-06	8.30568e-05	-2.58321	-2.71757	X	7173051	T	C	0.006576324285497641	2.1820167794202936
X:138224631:C:T	5.45478e-05	0.00595444	-4.69281	-2.71698	X	138224631	C	T	0.0065880588599323935	2.181242529352063
X:108461898:A:G	1.63993e-05	0.0201927	-7.11584	-2.71693	X	108461898	A	G	0.006589054180333431	2.1811769213304277
X:69680100:G:A	0.000867441	3.43465e-05	3.22905	2.71689	X	69680100	G	A	0.006589850534011885	2.181124435632092
X:31802168:TC:T	0.00979974	8.12883e-05	4.79211	2.71645	X	31802168	TC	T	0.006598616138492649	2.1805471351298227
X:125823814:A:G	6.6269e-05	0.419989	-8.75426	-2.71643	X	125823814	A	G	0.006599014824063485	2.1805208960352496
X:101814848:C:G	1.96557e-05	0.0241593	-7.11406	-2.71588	X	101814848	C	G	0.006609987169038209	2.1797993835433025
X:86877581:A:AT	0.0114539	8.78877e-06	7.17261	2.71555	X	86877581	A	AT	0.0066165784476328775	2.179366534042945
X:33818471:C:T	0.00116345	2.9245e-05	3.68344	2.71526	X	33818471	C	T	0.0066223756615072776	2.1789861870553757
X:35524736:T:C	0.0148176	0.000123129	4.79033	2.71503	X	35524736	T	C	0.006626976698838274	2.178684556432254
X:51299316:G:T	3.62216e-05	0.228776	-8.75084	-2.71445	X	51299316	G	T	0.006638592080282965	2.1779240165051994
X:51299315:T:C	3.62216e-05	0.228776	-8.75084	-2.71445	X	51299315	T	C	0.006638592080282965	2.1779240165051994
X:25080194:A:G	9.62964e-06	0.0615719	-8.76312	-2.71396	X	25080194	A	G	0.006648419335903878	2.177281596094325
X:82623848:G:A	9.70267e-06	0.00105512	-4.68901	-2.71391	X	82623848	G	A	0.006649422852132695	2.177216048382848
X:82623401:G:A	9.70267e-06	0.00105512	-4.68901	-2.71391	X	82623401	G	A	0.006649422852132695	2.177216048382848
X:16769125:T:C	0.00155253	0.000142161	2.39068	2.71388	X	16769125	T	C	0.006650025027236259	2.1771767202352184
X:131975058:C:CATAT	0.000403132	0.00531992	-2.57995	-2.71375	X	131975058	C	CATAT	0.006652635019285802	2.1770063024156983
X:148659226:C:T	4.24014e-05	0.192143	-8.41881	-2.71285	X	148659226	C	T	0.006670729467819794	2.1758266718516035
X:73295093:C:T	1.19296e-05	0.000685236	-4.05074	-2.71257	X	73295093	C	T	0.006676367868732807	2.1754597416513963
X:31762797:GA:G	0.00987773	0.000249132	3.68005	2.71233	X	31762797	GA	G	0.006681204193490551	2.1751452549711856
X:42821610:G:A	0.000444565	0.0153063	-3.53893	-2.71209	X	42821610	G	A	0.006686043667523297	2.174830791293783
X:24423773:T:C	0.00948817	0.00132982	1.965	2.71207	X	24423773	T	C	0.006686447099236324	2.1748045870256476
X:44911388:A:G	0.21052	2.31513e-05	9.11528	2.71186	X	44911388	A	G	0.006690684453623195	2.174529451854499
X:82694649:A:G	0.00933941	0.000518061	2.89191	2.71164	X	82694649	A	G	0.006695126175783894	2.1742412338976274
X:82695288:A:G	0.00933941	0.000518061	2.89191	2.71164	X	82695288	A	G	0.006695126175783894	2.1742412338976274
X:77043380:C:T	1.26521e-05	0.0154291	-7.10619	-2.71126	X	77043380	C	T	0.00670280448514032	2.173743448406224
X:82547743:A:G	0.00275504	2.30034e-05	4.78555	2.7112	X	82547743	A	G	0.0067040175731152675	2.1736648559683247
X:100765293:C:CAAAAA	7.67097e-05	0.0934991	-7.10568	-2.71096	X	100765293	C	CAAAAA	0.006708871898807417	2.173350500592785
X:15000575:GA:G	0.000879606	0.000104375	2.13148	2.71059	X	15000575	GA	G	0.006716361841444456	2.1728659144533617
X:15000450:AT:A	0.000879606	0.000104375	2.13148	2.71059	X	15000450	AT	A	0.006716361841444456	2.1728659144533617
X:31351159:T:TACACACAC	0.00161257	0.0518667	-3.47085	-2.71037	X	31351159	T	TACACACAC	0.006720818883328602	2.1725778080705522
X:82624506:T:A	9.75134e-06	0.00105512	-4.68401	-2.70986	X	82624506	T	A	0.0067311613436741805	2.1719099994257833
X:127942383:A:G	1.03657e-05	0.0649529	-8.74291	-2.70985	X	127942383	A	G	0.006731364279938085	2.1718969061768547
X:17936786:T:C	0.000288739	0.0164075	-4.03997	-2.7097	X	17936786	T	C	0.006734408983889939	2.171700512234681
X:88365376:A:G	0.000755858	0.00796346	-2.35477	-2.70914	X	88365376	A	G	0.006745786818675875	2.1709673875665647
X:136421863:T:C	0.00674074	0.000226208	3.39447	2.70906	X	136421863	T	C	0.0067474136332905795	2.170862665693324
X:91858842:T:C	0.000107899	0.00612628	-4.03915	-2.70894	X	91858842	T	C	0.006749854516375648	2.170705587675074
X:47007805:TTTTGTGTG:T	0.157703	1.74469e-05	9.10931	2.70873	X	47007805	TTTTGTGTG	T	0.006754127971493377	2.1704307149788282
X:34563089:A:G	0.000100964	0.00147722	-2.68315	-2.70844	X	34563089	A	G	0.006760033407249907	2.1700511578233876
X:70678183:CT:C	0.0563059	1.596e-05	8.16847	2.70832	X	70678183	CT	C	0.00676247839296824	2.16989410951268
X:145013229:T:C	0.0100836	0.000409583	3.20353	2.70811	X	145013229	T	C	0.006766759030466093	2.169619288804284
X:19824481:A:C	0.11292	3.20319e-05	8.1677	2.70787	X	19824481	A	C	0.006771654169436455	2.169305229556094
X:8921193:G:GA	0.00562989	0.000445585	2.53646	2.70775	X	8921193	G	GA	0.006774102932183727	2.1691482085564946
X:128123480:C:T	9.07752e-06	0.0573975	-8.75196	-2.70772	X	128123480	C	T	0.006774715247206474	2.1691089542049746
X:69676510:G:A	2.69638e-05	0.170479	-8.75187	-2.70767	X	69676510	G	A	0.006775735882782441	2.169043531084333
X:34562107:C:A	0.000100964	0.00147603	-2.68235	-2.70761	X	34562107	C	A	0.0067769608278812855	2.168965024657181
X:99792389:A:G	0.000872708	2.93348e-05	3.39283	2.70746	X	99792389	A	G	0.006780024061387032	2.1687687648779113
X:87277944:A:T	0.00493448	0.000125177	3.67427	2.70733	X	87277944	A	T	0.006782679870235332	2.168598680336014
X:77121954:C:CAT	0.001042	8.25083e-05	2.536	2.70727	X	77121954	C	CAT	0.006783905943464065	2.168520182054072
X:73305048:A:G	2.71544e-05	0.000493883	-2.90076	-2.70667	X	73305048	A	G	0.006796177634979455	2.1677352782898724
X:104899124:C:T	1.95823e-05	0.00341834	-5.16228	-2.70655	X	104899124	C	T	0.006798634365840522	2.16757831478526
X:47007805:TTTTGTG:T	0.148154	1.6468e-05	9.10459	2.70625	X	47007805	TTTTGTG	T	0.006804779684913865	2.1671859311770447
X:35277857:G:A	0.00182425	7.30492e-05	3.21779	2.70595	X	35277857	G	A	0.006810929995243948	2.166793583501785
X:84738213:A:T	1.23273e-05	0.0767233	-8.73614	-2.70593	X	84738213	A	T	0.006811340193485249	2.166767428267706
X:146490758:C:A	0.00207784	0.0995292	-3.86912	-2.70548	X	146490758	C	A	0.006820575524993412	2.166178977721355
X:15009561:T:C	4.69047e-05	0.0566213	-7.09602	-2.7053	X	15009561	T	C	0.006824272807088134	2.1659436201399442
X:15008516:A:G	4.69047e-05	0.0566213	-7.09602	-2.7053	X	15008516	A	G	0.006824272807088134	2.1659436201399442
X:136590888:C:A	0.000241767	0.00270284	-2.41408	-2.7053	X	136590888	C	A	0.006824272807088134	2.1659436201399442
X:46018726:T:A	0.00585795	0.000197453	3.39005	2.70477	X	46018726	T	A	0.006835169709345009	2.165250697933457
X:86765696:TG:T	0.10754	1.98267e-05	8.59859	2.70442	X	86765696	TG	T	0.006842374345844687	2.1647931692787963
X:126774192:G:A	0.000317623	0.00415738	-2.57178	-2.70418	X	126774192	G	A	0.006847318610952497	2.1644794636093514
X:128126252:TA:T	0.0538181	1.5374e-05	8.16069	2.70377	X	128126252	TA	T	0.006855772490473738	2.163943602953479
X:99363824:C:CCACA	1.41469e-06	7.9862e-05	-4.03339	-2.70361	X	99363824	C	CCACA	0.006859074108506517	2.1637345048042085
X:21909236:T:G	0.00629615	0.000539461	2.45712	2.70319	X	21909236	T	G	0.006867747653823754	2.1631856707862034
X:70681744:C:T	1.46084e-05	0.0916191	-8.7438	-2.70316	X	70681744	C	T	0.006868367569689199	2.163146471050993
X:78988641:A:G	6.63173e-06	0.000257608	-3.65957	-2.70286	X	78988641	A	G	0.006874569493993828	2.1627544934594423
X:89805306:T:C	4.74815e-05	0.0570654	-7.09161	-2.70271	X	89805306	T	C	0.006877672342520798	2.1625585181366795
X:104717929:G:A	0.000124194	4.49102e-06	3.31976	2.70269	X	104717929	G	A	0.0068780861507098555	2.1625323887722803
X:86769114:C:A	0.0055378	0.000133586	3.72461	2.70246	X	86769114	C	A	0.006882846552883148	2.1622319125585667
X:4964805:C:T	0.000106444	0.00663857	-4.13303	-2.70241	X	4964805	C	T	0.006883881814524995	2.1621665944369
X:93626839:C:T	0.00024154	0.00333565	-2.62539	-2.70222	X	93626839	C	T	0.00688781708474094	2.1619183946761296
X:93626825:A:G	0.00024154	0.00333565	-2.62539	-2.70222	X	93626825	A	G	0.00688781708474094	2.1619183946761296
X:126758846:T:A	6.79533e-05	0.420004	-8.7292	-2.7019	X	126758846	T	A	0.006894449476905345	2.1615004066001795
X:82599664:A:C	5.19423e-06	0.000901195	-5.15617	-2.70187	X	82599664	A	C	0.006895071557732589	2.161461222313782
X:70676933:G:A	1.46316e-05	0.0915349	-8.74129	-2.70175	X	70676933	G	A	0.006897560385331706	2.161304488760839
X:147599261:G:T	0.00268706	0.0732924	-3.30601	-2.70167	X	147599261	G	T	0.006899220052069183	2.161200002918996
X:16763598:G:A	0.000151784	0.0033676	-3.09949	-2.70163	X	16763598	G	A	0.006900050019964431	2.161147760956107
X:16763373:G:A	0.000151784	0.0033676	-3.09949	-2.70163	X	16763373	G	A	0.006900050019964431	2.161147760956107
X:87567036:C:T	0.00586192	0.000328572	2.88148	2.70152	X	87567036	C	T	0.0069023328941939235	2.161004098851389
X:130824942:T:G	4.50543e-05	0.00482467	-4.67363	-2.70147	X	130824942	T	G	0.0069033707885840226	2.1609387994914107
X:88365766:C:T	0.000755858	0.00789974	-2.34673	-2.70133	X	88365766	C	T	0.006906277638800438	2.160755966592515
X:126774022:C:T	0.000318524	0.00415738	-2.56894	-2.70087	X	126774022	C	T	0.006915836461657228	2.160155285010548
X:87566638:G:A	0.0058577	0.000328572	2.88076	2.70082	X	87566638	G	A	0.006916876179941997	2.1600899986236537
X:118440389:A:G	0.00234238	0.0392296	-2.81827	-2.70068	X	118440389	A	G	0.006919788138194468	2.159907202049252
X:80621145:A:C	0.0275924	3.10004e-06	9.09388	2.70064	X	80621145	A	C	0.006920620328513146	2.1598549758935572
X:15007285:A:C	4.73073e-05	0.0566213	-7.08747	-2.70028	X	15007285	A	C	0.006928114088009172	2.1593849692319234
X:116556343:CAG:C	0.00191276	6.47937e-05	3.3851	2.69995	X	116556343	CAG	C	0.006934989769906819	2.1589541752361607
X:142431874:A:G	5.62296e-05	0.350632	-8.73805	-2.69994	X	142431874	A	G	0.006935198219555274	2.1589411215512135
X:35529746:G:A	0.0160849	0.000136229	4.7713	2.69981	X	35529746	G	A	0.006937908577189211	2.158771427279177
X:73303893:T:G	2.70497e-05	0.000488566	-2.8938	-2.69926	X	73303893	T	G	0.0069493860060240616	2.158053564614933
X:102772040:GT:G	6.52704e-06	0.0288427	-8.39366	-2.69864	X	102772040	GT	G	0.006962344645086535	2.1572444823797077
X:51734608:A:T	2.82194e-05	0.175528	-8.73554	-2.69854	X	51734608	A	T	0.006964436779597486	2.157113999613786
X:45126074:C:G	0.217022	2.44855e-05	9.08967	2.69843	X	45126074	C	G	0.0069667387797319276	2.1569704731812074
X:145188000:A:G	0.119774	0.0103089	2.4526	2.69838	X	145188000	A	G	0.006967785369335552	2.15690523549018
X:128123000:A:T	9.23291e-06	0.0573975	-8.73498	-2.69823	X	128123000	A	T	0.006970925985498236	2.1567095284039812
X:95158123:T:C	4.77266e-05	0.0567799	-7.08145	-2.69674	X	95158123	T	C	0.007002191882918493	2.154765992321221
X:44916797:T:C	0.210519	2.38418e-05	9.08589	2.69645	X	44916797	T	C	0.007008291812916039	2.1543878232068874
X:44917081:T:A	0.210519	2.38418e-05	9.08589	2.69645	X	44917081	T	A	0.007008291812916039	2.1543878232068874
X:11992704:G:A	0.000201645	0.00176447	-2.1691	-2.69629	X	11992704	G	A	0.0070116593339681135	2.1541791925457083
X:87566412:T:C	0.00585337	0.000329951	2.87583	2.69604	X	87566412	T	C	0.007016923994820084	2.1538532275910365
X:87281675:A:T	0.00508385	0.000130672	3.66113	2.69595	X	87281675	A	T	0.007018820141568501	2.153735886313407
X:91568770:G:GT	2.08696e-05	0.129177	-8.73064	-2.6958	X	91568770	G	GT	0.007021981408704135	2.1535403247009004
X:81968091:T:TAC	1.28184e-05	0.000720928	-4.02966	-2.69539	X	81968091	T	TAC	0.007030628730455934	2.1530058354413426
X:37432092:G:GT	3.22861e-05	0.14183	-8.38775	-2.6953	X	37432092	G	GT	0.007032528202517617	2.1528885175099757
X:100127222:TAAC:T	0.0242839	0.000206841	4.76562	2.69526	X	100127222	TAAC	T	0.007033372560235928	2.1528363772447423
X:44914417:GAT:G	0.210519	2.3899e-05	9.0835	2.69519	X	44914417	GAT	G	0.007034850405302122	2.1527451333170213
X:147601823:T:C	0.00258929	0.0876258	-3.52169	-2.69511	X	147601823	T	C	0.007036539712533197	2.152640856936923
X:18560776:TAC:T	2.34274e-05	0.144752	-8.72887	-2.69481	X	18560776	TAC	T	0.00704287785947147	2.1522498432586015
X:82621349:C:CA	3.86121e-06	0.0238532	-8.72869	-2.69471	X	82621349	C	CA	0.007044991714074921	2.152119513347195
X:46625413:A:G	0.00242101	8.83584e-05	3.31054	2.69453	X	46625413	A	G	0.007048798088092271	2.1518849295631037
X:70678892:GA:G	1.48221e-05	0.0915246	-8.72825	-2.69446	X	70678892	GA	G	0.007050278843307467	2.151793706027761
X:109174665:G:C	4.7454e-06	6.55459e-05	-2.62557	-2.69434	X	109174665	G	C	0.007052817930678937	2.151637327373614
X:35259383:T:C	2.41283e-05	0.000393922	-2.79277	-2.69426	X	35259383	T	C	0.007054511111730496	2.1515330781299937
X:32819622:T:C	0.000130418	0.795243	-8.71566	-2.69405	X	32819622	T	C	0.0070589574487145805	2.1512594360167903
X:34576892:C:CTATGTG	0.00160051	0.000207857	2.04123	2.69402	X	34576892	C	CTATGTG	0.007059592845090125	2.1512203457229337
X:73330033:G:C	4.07756e-05	0.000563047	-2.62528	-2.69402	X	73330033	G	C	0.007059592845090125	2.1512203457229337
X:12002026:T:C	0.00124652	0.00018561	1.90447	2.69399	X	12002026	T	C	0.007060228292820878	2.151181255788225
X:77368058:A:G	0.00151173	0.000121244	2.5232	2.69399	X	77368058	A	G	0.007060228292820878	2.151181255788225
X:4725103:A:G	0.00138426	0.023362	-2.82594	-2.69348	X	4725103	A	G	0.007071038765056434	2.150516781847521
X:70326995:T:C	0.000216193	0.0370673	-5.14432	-2.69279	X	70326995	T	C	0.0070856883544141176	2.1496179528968065
X:127946558:G:A	1.06778e-05	0.0649529	-8.71325	-2.69265	X	127946558	G	A	0.007088664058194541	2.1494356049894052
X:127950127:AAG:A	0.0579605	1.0921e-05	8.57683	2.69176	X	127950127	AAG	A	0.007107607284851389	2.1482765761866163
X:139888173:A:G	0.00634868	5.43134e-05	4.76123	2.69176	X	139888173	A	G	0.007107607284851389	2.1482765761866163
X:150759849:C:T	0.00141209	0.0227264	-2.77846	-2.6916	X	150759849	C	T	0.007111017624390922	2.1480682449757866
X:127952057:ACTAT:A	0.0579605	1.09416e-05	8.57495	2.69067	X	127952057	ACTAT	A	0.00713086932475938	2.1468575220510933
X:28706283:G:A	3.21754e-05	0.194927	-8.70918	-2.69029	X	28706283	G	A	0.007138995079559773	2.146362917371953
X:132720277:G:A	0.000102309	0.00569042	-4.01854	-2.68986	X	132720277	G	A	0.007148200036633209	2.1458033026142935
X:92201468:C:A	0.000115473	0.00817506	-4.25981	-2.6898	X	92201468	C	A	0.007149485295943732	2.1457252226992733
X:18561435:T:TA	2.62807e-05	0.11421	-8.37696	-2.6892	X	18561435	T	TA	0.0071623493031300325	2.144944502547425
X:97243030:C:T	0.000124651	0.146325	-7.06807	-2.68889	X	97243030	C	T	0.0071690038440302304	2.144541186744572
X:95372394:G:A	2.55095e-05	0.154012	-8.70573	-2.68829	X	95372394	G	A	0.007181899368385317	2.143760684431492
X:33298950:G:A	0.0976003	0.00239069	3.7093	2.68814	X	33298950	G	A	0.0071851265009890385	2.14356558129484
X:12001183:T:G	0.00124487	0.000186562	1.89802	2.68796	X	12001183	T	G	0.007189000778146525	2.1433314693798793
X:26021484:T:C	0.000394221	0.0132413	-3.51418	-2.68771	X	26021484	T	C	0.007194384829270386	2.143006335386199
X:127971460:T:G	2.60517e-05	0.0305183	-7.066	-2.68767	X	127971460	T	G	0.007195246613230407	2.1429543162611266
X:127972096:GT:G	2.60517e-05	0.0305183	-7.066	-2.68767	X	127972096	GT	G	0.007195246613230407	2.1429543162611266
X:142164548:T:TCACA	0.00467987	0.0836093	-2.88288	-2.68766	X	142164548	T	TCACA	0.007195462073697037	2.1429413115795968
X:78027993:GTATT:G	0.00224166	7.69066e-05	3.37238	2.6876	X	78027993	GTATT	G	0.007196754958110939	2.1428632843282056
X:43353973:T:TTGTG	1.50863e-05	0.0920129	-8.7159	-2.68756	X	43353973	T	TTGTG	0.007197616996886303	2.1428112669585078
X:118446035:GA:G	0.00254122	0.0419969	-2.80495	-2.68753	X	118446035	GA	G	0.007198263586786113	2.14277225435013
X:12000439:A:C	0.00121554	0.000182263	1.89749	2.68747	X	12000439	A	C	0.00719955692299136	2.1426942302105303
X:73275000:G:GA	2.57828e-06	0.00301885	-7.06551	-2.68739	X	73275000	G	GA	0.007201281695704383	2.1425902002584953
X:7471872:A:T	0.000400077	0.00874496	-3.08458	-2.68734	X	7471872	A	T	0.007202359866968352	2.1425251828350436
X:90139740:C:T	0.000173628	0.00662993	-3.64243	-2.68733	X	90139740	C	T	0.007202575518606248	2.1425121794700366
X:90139781:A:G	0.000173628	0.00662993	-3.64243	-2.68733	X	90139781	A	G	0.007202575518606248	2.1425121794700366
X:43681880:AT:A	0.0202167	0.000495736	3.70822	2.68713	X	43681880	AT	A	0.007206889768566027	2.1422521205476923
X:32280590:T:C	0.0382368	0.00189286	3.00571	2.68711	X	32280590	T	C	0.007207321321101013	2.1422261155331292
X:79797335:G:T	5.10482e-06	0.0220941	-8.37288	-2.6869	X	79797335	G	T	0.007211854023213511	2.1419530725145925
X:16764345:T:C	0.000151784	0.0033155	-3.0839	-2.68669	X	16764345	T	C	0.007216389283620324	2.1416800470891606
X:127953470:G:T	1.07967e-05	0.0649529	-8.70217	-2.68623	X	127953470	G	T	0.007226332609158026	2.14108205287074
X:54068804:T:C	0.000314052	0.00344411	-2.39486	-2.68617	X	54068804	T	C	0.00722763047076256	2.1410040598481315
X:95873730:TA:T	0.0173587	0.00210773	2.10848	2.68616	X	95873730	TA	T	0.007227846801367444	2.1409910611506544
X:33791299:CTT:C	0.00646245	0.000222056	3.37083	2.68609	X	33791299	CTT	C	0.007229361278319019	2.140900071385297
X:9416190:C:G	0.000123482	0.00579222	-3.84818	-2.68589	X	9416190	C	G	0.00723368992472234	2.1406401113980427
X:106212784:C:T	1.87222e-05	0.0218611	-7.06275	-2.68577	X	106212784	C	T	0.007236288228917025	2.1404841430649593
X:4729239:C:T	0.00146478	0.0209426	-2.66008	-2.6845	X	4729239	C	T	0.007263838331525296	2.1388338303057757
X:4729408:C:G	0.00146478	0.0209426	-2.66008	-2.6845	X	4729408	C	G	0.007263838331525296	2.1388338303057757
X:34209673:T:TTGTG	5.69253e-05	0.00347437	-4.11143	-2.68415	X	34209673	T	TTGTG	0.007271447405511817	2.1383791327915485
X:5124213:A:G	8.91254e-05	0.00494234	-4.01555	-2.68389	X	5124213	A	G	0.00727710448979769	2.1380413891273657
X:83672817:G:A	9.84343e-06	0.0595826	-8.70832	-2.68332	X	83672817	G	A	0.007289520380918365	2.1373010454505996
X:83672694:C:T	9.84343e-06	0.0595826	-8.70832	-2.68332	X	83672694	C	T	0.007289520380918365	2.1373010454505996
X:128151143:CA:C	0.0432953	3.51955e-05	7.11488	2.68284	X	128151143	CA	C	0.007299990607519721	2.1366776986610483
X:26403266:T:C	0.00351844	3.04554e-05	4.74951	2.68238	X	26403266	T	C	0.007310037234812471	2.1360804108899636
X:19848768:T:TATTG	2.74164e-05	0.163796	-8.69523	-2.6822	X	19848768	T	TATTG	0.0073139718995753385	2.1358467125627563
X:19848978:T:A	0.106887	3.1693e-05	8.12343	2.68202	X	19848978	T	A	0.007317908464437249	2.1356130271585703
X:27153275:AT:A	0.000292402	0.01612	-4.00969	-2.68165	X	27153275	AT	A	0.0073260062626950406	2.1351327144112044
X:86872113:G:T	0.00505029	0.000187029	3.29594	2.68161	X	86872113	G	T	0.007326882181722633	2.1350807919793677
X:145780018:A:C	0.0484666	0.00488339	2.29503	2.68148	X	145780018	A	C	0.007329729567518299	2.1349120484831734
X:12000479:A:G	0.00121574	0.000183524	1.89077	2.68118	X	12000479	A	G	0.00733630424720991	2.134522666140586
X:91266774:T:G	0.0001172	0.00119965	-2.3259	-2.68108	X	91266774	T	G	0.007338496982592258	2.1343928800032472
X:21431687:C:T	5.72576e-05	0.245156	-8.36209	-2.6808	X	21431687	C	T	0.007344639770089633	2.1340295000369376
X:144318037:T:C	0.00110459	0.015067	-2.61304	-2.68065	X	144318037	T	C	0.007347932446341224	2.133834845060309
X:10273703:CT:C	0.00251557	0.000257323	2.27992	2.68054	X	10273703	CT	C	0.007350347917196561	2.1336921037807626
X:79749211:C:CT	1.36734e-05	0.000956633	-4.24797	-2.68014	X	79749211	C	CT	0.00735913745367863	2.13317308526302
X:81975273:G:A	0.000749869	2.78164e-05	3.29427	2.68014	X	81975273	G	A	0.00735913745367863	2.13317308526302
X:79023619:A:G	3.63965e-05	0.00137863	-3.63437	-2.68002	X	79023619	A	G	0.00736177615267332	2.1330173921510682
X:84737260:A:G	1.28948e-05	0.0767233	-8.69113	-2.67983	X	84737260	A	G	0.007365955828650042	2.1327708898024555
X:123694606:T:TA	0.00106553	0.000107559	2.29319	2.67946	X	123694606	T	TA	0.0073741013074531256	2.1322909002306285
X:34460622:G:A	0.000456599	0.0250954	-4.00663	-2.67883	X	34460622	G	A	0.0073879892303121185	2.131473746315097
X:34461625:C:T	0.000456599	0.0250954	-4.00663	-2.67883	X	34461625	C	T	0.0073879892303121185	2.131473746315097
X:28712729:A:T	0.000121972	0.0126978	-4.64539	-2.67864	X	28712729	A	T	0.00739218225404667	2.131227334137649
X:84839199:A:AC	9.15674e-05	0.00639387	-4.24602	-2.67855	X	84839199	A	AC	0.007394169168148904	2.1311106176047914
X:37441155:A:G	0.172934	5.15957e-05	8.11722	2.67839	X	37441155	A	G	0.007397702642769907	2.1309031295223293
X:70329302:G:A	0.0262875	0.000228923	4.74347	2.67755	X	70329302	G	A	0.00741627824590217	2.129813984581867
X:90136234:T:G	0.000175051	0.00660935	-3.63117	-2.67711	X	90136234	T	G	0.007426025011140885	2.129243592386701
X:90136432:T:C	0.000175051	0.00660935	-3.63117	-2.67711	X	90136432	T	C	0.007426025011140885	2.129243592386701
X:90136601:G:C	0.000175051	0.00660935	-3.63117	-2.67711	X	90136601	G	C	0.007426025011140885	2.129243592386701
X:148619463:A:C	0.000296602	0.00304194	-2.32786	-2.67709	X	148619463	A	C	0.007426468318789314	2.12921766730311
X:118446315:A:G	0.00259924	0.0424876	-2.79399	-2.6767	X	118446315	A	G	0.007435117563539743	2.1287121600548815
X:126635662:G:A	0.00100238	0.0136225	-2.60935	-2.67662	X	126635662	G	A	0.007436892883925875	2.1286084737572297
X:127932212:C:CA	1.18017e-05	0.013554	-7.04619	-2.67605	X	127932212	C	CA	0.007449553050517174	2.1278697827573296
X:83669552:T:C	9.98638e-06	0.0596051	-8.69427	-2.67547	X	83669552	T	C	0.0074624551628982745	2.127118265251434
X:99119098:T:C	0.000174051	0.00953115	-4.00297	-2.67543	X	99119098	T	C	0.007463345702016019	2.1270664414024205
X:153174231:CAG:C	0.00101401	1.54748e-05	4.18245	2.6752	X	153174231	CAG	C	0.00746846815178558	2.1267684666516233
X:9422209:C:T	5.87367e-05	0.248978	-8.35205	-2.67513	X	9422209	C	T	0.007470027783950979	2.1266777828707917
X:128119569:G:A	1.71553e-05	0.00287347	-5.12097	-2.67491	X	128119569	G	A	0.007474931386778798	2.126392789422277
X:83872718:TAC:T	0.000769304	3.24222e-05	3.16664	2.67487	X	83872718	TAC	T	0.007475823261008739	2.1263409745050774
X:28951413:T:TA	0.00356915	0.000259601	2.62093	2.67474	X	28951413	T	TA	0.007478722511371949	2.1261725804302136
X:70677810:CT:C	0.000714904	2.48574e-05	3.35899	2.67459	X	70677810	CT	C	0.007482069053178534	2.125978287948024
X:79146500:C:G	2.4147e-05	0.0276398	-7.04285	-2.67408	X	79146500	C	G	0.007493457342713204	2.125317760614844
X:49604782:G:T	8.15159e-05	0.0136388	-5.11988	-2.67408	X	49604782	G	T	0.007493457342713204	2.125317760614844
X:79147421:C:T	2.4147e-05	0.0276398	-7.04285	-2.67408	X	79147421	C	T	0.007493457342713204	2.125317760614844
X:24170194:T:C	0.000114262	0.00188531	-2.80335	-2.67375	X	24170194	T	C	0.007500834516548402	2.1248904158389452
X:83611612:A:T	1.47324e-05	0.0866048	-8.67906	-2.67283	X	83611612	A	T	0.00752143558255015	2.1236992596640722
X:137968243:CT:C	0.0312749	0.00108941	3.35718	2.67283	X	137968243	CT	C	0.00752143558255015	2.1236992596640722
X:90511151:G:A	0.000260731	6.49223e-06	3.69288	2.67279	X	90511151	G	A	0.007522332430854042	2.1236474779203496
X:138226665:T:A	5.68906e-05	0.00587932	-4.63807	-2.67271	X	138226665	T	A	0.007524126415136484	2.123543916346673
X:127973577:A:T	2.67266e-05	0.0305183	-7.04042	-2.67266	X	127973577	A	T	0.007525247850118099	2.123479191658902
X:26404072:G:A	0.00351815	3.08558e-05	4.73636	2.67187	X	26404072	G	A	0.007542986424952861	2.1224566738793587
X:83944479:A:G	4.28664e-05	0.00714669	-5.11632	-2.67135	X	83944479	A	G	0.007554682900159563	2.1217837599948552
X:83944804:A:G	4.28664e-05	0.00714669	-5.11632	-2.67135	X	83944804	A	G	0.007554682900159563	2.1217837599948552
X:86870351:C:T	0.000156683	0.0261112	-5.1159	-2.67103	X	86870351	C	T	0.007561888811158444	2.121369712725315
X:145619125:C:T	0.000138627	0.00754979	-3.99749	-2.67036	X	145619125	C	T	0.007576996149111429	2.1205029334738237
X:70685325:C:T	1.40319e-05	0.0829411	-8.68455	-2.67004	X	70685325	C	T	0.007584221137662013	2.1200890125019773
X:86425396:C:T	5.9224e-05	0.0098466	-5.11356	-2.66924	X	86425396	C	T	0.007602310637918238	2.119054388669053
X:128129789:G:A	1.79647e-05	0.00298616	-5.11334	-2.66907	X	128129789	G	A	0.007606159636034017	2.1188345639729307
X:4746916:GA:G	0.00866857	0.000767109	2.42483	2.66885	X	4746916	GA	G	0.007611143285590266	2.118550102056053
X:82153175:T:TA	3.27962e-06	0.0191392	-8.67176	-2.66859	X	82153175	T	TA	0.007617036827008334	2.1182139446655306
X:70683980:C:A	1.40747e-05	0.0829411	-8.6815	-2.66834	X	70683980	C	A	0.007622707551313766	2.1178907418181905
X:114618753:C:T	0.000105652	0.0011378	-2.3767	-2.66811	X	114618753	C	T	0.007627927959755909	2.1175934172028836
X:114620562:C:G	0.000105652	0.0011378	-2.3767	-2.66811	X	114620562	C	G	0.007627927959755909	2.1175934172028836
X:45602650:TAC:T	0.331357	6.50752e-05	8.53541	2.66766	X	45602650	TAC	T	0.0076381510723255545	2.1170117561186954
X:139886584:CA:C	0.00630799	5.56278e-05	4.73089	2.66749	X	139886584	CA	C	0.007642016332137339	2.1167920384940446
X:101992460:T:C	4.23167e-06	5.99608e-05	-2.65109	-2.66739	X	101992460	T	C	0.00764429083329975	2.116662798213771
X:123134209:T:TAAAAAA	0.00065853	0.109222	-5.11113	-2.66738	X	123134209	T	TAAAAAA	0.007644518316786551	2.1166498744049798
X:138565883:A:G	8.97798e-05	0.00295334	-3.49333	-2.66717	X	138565883	A	G	0.007649296871915329	2.1163784836282735
X:85695817:C:CTTTT	1.53775e-05	0.0641882	-8.33667	-2.66644	X	85695817	C	CTTTT	0.007665928877115119	2.1154352143563506
X:139887470:C:A	0.00630898	5.57339e-05	4.72914	2.6661	X	139887470	C	A	0.007673686348572232	2.114995955967534
X:84826022:CTTTT:C	0.0454496	3.80612e-05	7.08516	2.666	X	84826022	CTTTT	C	0.0076759692964452975	2.1148667710927738
X:101812602:C:T	2.14041e-05	0.0241593	-7.02884	-2.66586	X	101812602	C	T	0.007679166446140094	2.11468591896439
X:116600382:C:T	6.45164e-05	0.00112904	-2.86221	-2.66566	X	116600382	C	T	0.0076837358732368116	2.114427572332897
X:83696990:T:TTATA	1.24008e-05	0.0727139	-8.67653	-2.66555	X	83696990	T	TTATA	0.007686250096736435	2.1142854884814177
X:27537674:A:G	0.0838834	1.65518e-05	8.53069	2.66492	X	27537674	A	G	0.0077006639498378065	2.1134718284223584
X:23718087:C:CA	0.0328552	0.00166389	2.98295	2.66447	X	23718087	C	CA	0.007710974385568759	2.112890739518693
X:92940862:A:C	0.000494511	0.00864354	-2.861	-2.66437	X	92940862	A	C	0.007713267272902246	2.1127616196117383
X:148627307:G:T	0.0001694	0.00171477	-2.31477	-2.66369	X	148627307	G	T	0.007728875117435237	2.1118837099419583
X:27489190:T:C	0.00272261	0.000113887	3.17414	2.66354	X	27489190	T	C	0.007732321832123412	2.111690078207048
X:144649001:G:A	0.0205344	0.00179826	2.43528	2.66338	X	144649001	G	A	0.0077359998459420746	2.111483547573776
X:144648937:A:G	0.0205344	0.00179826	2.43528	2.66338	X	144648937	A	G	0.0077359998459420746	2.111483547573776
X:144159518:G:A	0.00359028	0.0645356	-2.88899	-2.6632	X	144159518	G	A	0.007740139485391036	2.111251212806798
X:19844636:T:A	0.0960222	2.94089e-05	8.09104	2.6631	X	19844636	T	A	0.007742440142713847	2.11112214351584
X:30368311:G:C	0.00543318	0.000191172	3.34711	2.66305	X	30368311	G	C	0.007743590701155109	2.1110576103648855
X:81336117:ATC:A	0.000128558	0.00421109	-3.4891	-2.663	X	81336117	ATC	A	0.007744741412806306	2.110993078210278
X:23542554:A:C	0.00012036	0.00650446	-3.98975	-2.66286	X	23542554	A	C	0.007747964220655667	2.1108123934779255
X:78996282:AAAT:A	0.000119737	6.6569e-06	2.88964	2.66251	X	78996282	AAAT	A	0.0077560264985061115	2.110360715821372
X:127352947:C:T	1.00751e-05	0.0416704	-8.32748	-2.66124	X	127352947	C	T	0.007785344214595014	2.108722181144103
X:146932595:A:G	0.00551815	0.000737091	2.01309	2.66109	X	146932595	A	G	0.007788813485189489	2.1085286958681255
X:153330224:G:T	0.0102587	0.000521405	2.97936	2.66089	X	153330224	G	T	0.007793441333970462	2.108270729447851
X:108471660:A:T	1.82559e-05	0.0204056	-7.01908	-2.66013	X	108471660	A	T	0.007811049635996848	2.107290602423365
X:27698731:A:T	0.00737444	0.000863947	2.14426	2.65997	X	27698731	A	T	0.007814761185583736	2.1070842892209827
X:112458935:T:C	0.000413052	0.00649014	-2.75447	-2.65975	X	112458935	T	C	0.007819867146151984	2.10680062522445
X:112458728:G:A	0.000413052	0.00649014	-2.75447	-2.65975	X	112458728	G	A	0.007819867146151984	2.10680062522445
X:123698330:C:T	7.49105e-05	0.0836768	-7.01842	-2.65975	X	123698330	C	T	0.007819867146151984	2.10680062522445
X:117070409:G:A	8.21041e-05	0.0134747	-5.10058	-2.6593	X	117070409	G	A	0.007830320466541321	2.1062204634845227
X:81975728:G:A	0.000749869	2.85029e-05	3.26989	2.65858	X	81975728	G	A	0.007847071819500251	2.1052923725379706
X:127945629:T:A	1.1335e-05	0.0649529	-8.65353	-2.65802	X	127945629	T	A	0.007860122836547067	2.1045706668336566
X:84825660:A:AAGAT	4.69704e-05	0.00213821	-3.81821	-2.65787	X	84825660	A	AAGAT	0.00786362194474566	2.1043773740235205
X:73330348:A:G	0.0286246	2.43255e-05	7.0705	2.65769	X	73330348	A	G	0.007867822716427698	2.1041454344853663
X:79147896:T:A	2.48517e-05	0.0276398	-7.01409	-2.6572	X	79147896	T	A	0.007879268336553924	2.1035141089254386
X:146688599:A:G	0.00123709	1.92842e-05	4.16123	2.65715	X	146688599	A	G	0.007880437095157683	2.1034496933289137
X:31571097:A:G	0.00034797	0.00557131	-2.77327	-2.65622	X	31571097	A	G	0.007902204330150518	2.102251744800161
X:81974290:A:G	0.000692939	2.64258e-05	3.2666	2.65566	X	81974290	A	G	0.00791533744469424	2.1015305656727863
X:85902198:G:A	0.0241069	0.000854814	3.33937	2.65553	X	85902198	G	A	0.007918388997873367	2.101363166958637
X:81794908:C:T	2.36938e-06	2.09366e-07	2.4263	2.65552	X	81794908	C	T	0.00791862377637104	2.1013502904133605
X:97237583:A:AT	3.58841e-05	0.206666	-8.65856	-2.65551	X	97237583	A	AT	0.007918858561103385	2.1013374139079253
X:10268265:G:A	0.00270843	0.000268695	2.31055	2.65522	X	10268265	G	A	0.007925670031062718	2.1009640125811497
X:145015889:A:G	0.000228976	0.0122561	-3.98016	-2.65504	X	145015889	A	G	0.007929900478852663	2.1007322630930316
X:137901304:A:T	2.04275e-05	0.117483	-8.65716	-2.65473	X	137901304	A	T	0.007937190990930607	2.1003331692333225
X:148650176:G:A	4.70505e-05	0.192191	-8.31502	-2.65421	X	148650176	G	A	0.007949433717810794	2.0996638074428198
X:148650102:C:T	4.70505e-05	0.192191	-8.31502	-2.65421	X	148650102	C	T	0.007949433717810794	2.0996638074428198
X:30369715:T:G	0.00554262	0.000196809	3.33799	2.65418	X	30369715	T	G	0.007950140544682969	2.099625193703184
X:148650405:C:G	4.70505e-05	0.192143	-8.31478	-2.65407	X	148650405	C	G	0.007952732724781116	2.099483613058778
X:96227978:A:C	2.13289e-05	0.122376	-8.65479	-2.6534	X	96227978	A	C	0.007968537810159581	2.0986213623224987
X:70687887:AAAGG:A	0.0564042	1.75661e-05	8.07433	2.65334	X	70687887	AAAGG	A	0.007969954562307329	2.0985441545631662
X:90288143:C:CT	4.10609e-05	4.40614e-06	2.23206	2.65334	X	90288143	C	CT	0.007969954562307329	2.0985441545631662
X:116546450:C:T	3.35969e-05	0.192572	-8.65379	-2.65284	X	116546450	C	T	0.0079817696051249	2.0979008123408973
X:153605591:AGAAAGAAG:A	0.0022143	7.87519e-05	3.33639	2.65263	X	153605591	AGAAAGAAG	A	0.007986736598483665	2.097630638305903
X:145016864:G:T	0.00023935	0.0127711	-3.97701	-2.65248	X	145016864	G	T	0.0079902861452827	2.09743766760815
X:85908871:G:T	0.0241069	0.000857708	3.33599	2.65224	X	85908871	G	T	0.007995968358458014	2.097128933134995
X:86769523:C:T	0.0055378	0.000140979	3.67074	2.65208	X	86769523	C	T	0.00799975851050498	2.096923122900317
X:117067003:G:A	8.67259e-05	0.0140993	-5.09113	-2.65206	X	117067003	G	A	0.008000232392605442	2.09689739733802
X:86747453:A:G	9.52882e-05	0.00508791	-3.97772	-2.65205	X	86747453	A	G	0.00800046934308158	2.0968845346166245
X:74379947:A:G	6.07893e-05	0.00157962	-3.25753	-2.65188	X	74379947	A	G	0.008004498462764197	2.096665874447697
X:85698138:C:A	1.88001e-05	0.106562	-8.64262	-2.6517	X	85698138	C	A	0.008008766569768129	2.096434364463929
X:120683365:G:C	0.00035352	0.0087123	-3.20455	-2.65142	X	120683365	G	C	0.008015409897839075	2.0960742634760483
X:4742225:G:C	0.009075	0.00113913	2.07526	2.65088	X	4742225	G	C	0.00802823596630681	2.095379871192161
X:145017052:C:G	0.000239844	0.0127711	-3.97495	-2.6508	X	145017052	C	G	0.008030137686670057	2.0952770081399503
X:35277027:G:GATTA	0.00268878	6.88783e-05	3.6645	2.65049	X	35277027	G	GATTA	0.008037510663312009	2.094878437891735
X:140459485:C:T	0.000138929	0.00740342	-3.97573	-2.65021	X	140459485	C	T	0.008044175335104323	2.0945184718596797
X:14893907:C:T	0.00050824	0.00674165	-2.58511	-2.65013	X	14893907	C	T	0.008046080435615931	2.094415630157805
X:90288894:T:A	3.95602e-05	4.25982e-06	2.2286	2.65009	X	90288894	T	A	0.008047033137346116	2.094364210262839
X:88526300:G:T	0.000484261	0.0486102	-4.60896	-2.64919	X	88526300	G	T	0.00806849564427531	2.0932074311134503
X:137890338:GA:G	0.0927159	1.14963e-05	8.99527	2.64894	X	137890338	GA	G	0.008074466539641677	2.0928861608288094
X:4598045:CGTGTGT:C	0.00042286	0.00560218	-2.58387	-2.64878	X	4598045	CGTGTGT	C	0.00807828998835247	2.0926805609109165
X:79023714:T:C	3.76755e-05	0.00137863	-3.59983	-2.64871	X	79023714	T	C	0.008079963256775253	2.092590614153141
X:70675539:C:CTTTTCT	1.45584e-05	0.0827919	-8.64592	-2.64844	X	70675539	C	CTTTTCT	0.00808642019895739	2.092243694940633
X:88377492:A:T	0.0102203	0.00159917	1.85489	2.64763	X	88377492	A	T	0.008105818750077787	2.0912031115147696
X:69751505:T:C	0.0934246	8.09205e-05	7.05144	2.64689	X	69751505	T	C	0.008123577284570114	2.0902526834645423
X:144648901:AT:A	0.0205344	0.00183361	2.41581	2.64635	X	144648901	AT	A	0.008136558185885795	2.089559265501399
X:107270176:AAAG:A	0.0008967	3.29397e-05	3.30404	2.6462	X	107270176	AAAG	A	0.00814016728525595	2.0893666700104245
X:127358841:TTTTC:T	0.00243401	6.23755e-05	3.66412	2.64589	X	127358841	TTTTC	T	0.008147630631694238	2.0889686677245343
X:11997216:G:A	0.000163582	0.00135873	-2.11699	-2.64566	X	11997216	G	A	0.008153171910437414	2.088673400437255
X:123656660:G:A	5.80659e-05	0.00935883	-5.0825	-2.64545	X	123656660	G	A	0.00815823428452271	2.0884038269651843
X:73094450:A:T	0.000206089	0.00256459	-2.52125	-2.64505	X	73094450	A	T	0.008167884685371234	2.0878904022703715
X:87364890:C:A	0.000922938	0.0296831	-3.47077	-2.64494	X	87364890	C	A	0.008170540336155545	2.0877492216498252
X:87364889:T:C	0.000922938	0.0296831	-3.47077	-2.64494	X	87364889	T	C	0.008170540336155545	2.0877492216498252
X:19823330:T:C	0.106186	3.36016e-05	8.05837	2.64402	X	19823330	T	C	0.008192781510996311	2.086568626958487
X:93626824:C:T	0.000375294	0.0603678	-5.0805	-2.64393	X	93626824	C	T	0.008194960184962616	2.0864531520987337
X:94275322:GTATA:G	0.0226843	0.00205501	2.40139	2.64392	X	94275322	GTATA	G	0.008195202291851092	2.086440321757869
X:33830193:T:C	1.53461e-05	0.000687981	-3.8029	-2.64355	X	33830193	T	C	0.008204164747989804	2.085965627140278
X:127640378:T:C	9.87417e-06	0.0551523	-8.62793	-2.64318	X	127640378	T	C	0.008213135974716353	2.085490987037516
X:140462559:C:CATG	7.98656e-05	0.44591	-8.62753	-2.64294	X	140462559	C	CATG	0.00821895984188623	2.0851831415247646
X:101812412:C:T	2.22724e-05	0.0241593	-6.98908	-2.64252	X	101812412	C	T	0.008229160502417539	2.0846444670676547
X:81794155:G:A	2.39516e-06	2.14911e-07	2.41098	2.64213	X	81794155	G	A	0.008238642686911525	2.08414433225187
X:81794003:G:C	2.39516e-06	2.14911e-07	2.41098	2.64213	X	81794003	G	C	0.008238642686911525	2.08414433225187
X:81793595:C:T	2.39516e-06	2.14911e-07	2.41098	2.64213	X	81793595	C	T	0.008238642686911525	2.08414433225187
X:131840725:C:A	0.00329109	0.000118371	3.32515	2.64171	X	131840725	C	A	0.00824886520312573	2.0836057932584096
X:15040405:G:A	1.28197e-05	0.0138845	-6.98754	-2.64162	X	15040405	G	A	0.008251057218391976	2.083490401183749
X:15039765:C:T	1.28197e-05	0.0138845	-6.98754	-2.64162	X	15039765	C	T	0.008251057218391976	2.083490401183749
X:70688162:C:A	1.47878e-05	0.0829411	-8.63208	-2.64071	X	70688162	C	A	0.00827325022395357	2.082323840263597
X:4732985:A:G	0.00127153	0.017425	-2.61768	-2.64051	X	4732985	A	G	0.008278134960914703	2.0820674974444717
X:102773024:G:A	6.63599e-06	0.0372055	-8.6317	-2.6405	X	102773024	G	A	0.008278379265486479	2.0820546807215816
X:5149831:T:C	0.000164541	0.0109539	-4.19829	-2.63962	X	5149831	T	C	0.008299903346288362	2.080926965023689
X:75760630:T:TAAAAGAAAAGAAAAGAAAAGAAAAG	1.42827e-05	0.000751929	-3.9636	-2.63897	X	75760630	T	TAAAAGAAAAGAAAAGAAAAGAAAAG	0.008315833950729181	2.080094191178233
X:73237900:C:T	4.35986e-07	6.95432e-06	-2.76951	-2.63848	X	73237900	C	T	0.008327861253368063	2.0794665190160826
X:25071113:A:G	0.000330467	3.51374e-05	2.24124	2.63834	X	25071113	A	G	0.008331300482685934	2.0792872016699113
X:73300744:G:A	1.56349e-05	0.000819819	-3.95957	-2.63827	X	73300744	G	A	0.008333020573785198	2.079197545923013
X:44089770:C:T	0.00293875	0.0753554	-3.24423	-2.63822	X	44089770	C	T	0.008334249404788184	2.0791335072981587
X:129392613:G:A	7.98147e-05	0.00204586	-3.24387	-2.63784	X	129392613	G	A	0.008343593819384999	2.0786468462753724
X:109181396:G:C	2.32438e-06	3.02093e-05	-2.56469	-2.63767	X	109181396	G	C	0.008347777248913758	2.0784291481138037
X:88417302:GAGGA:G	0.0355858	0.00286213	2.52038	2.63766	X	88417302	GAGGA	G	0.008348023391427723	2.0784163426978925
X:146932937:T:G	0.00061078	0.00755129	-2.51474	-2.63743	X	146932937	T	G	0.008353686461472462	2.078121829119705
X:57496975:TA:T	0.00498454	4.39095e-06	7.03455	2.63732	X	57496975	TA	T	0.008356396100892876	2.0779809822442745
X:86874533:C:T	1.26699e-05	0.0136216	-6.98018	-2.6373	X	86874533	C	T	0.008356888847067123	2.077955374239004
X:11232908:T:A	0.247868	0.000218626	7.03329	2.6366	X	11232908	T	A	0.00837415134592718	2.077059194375398
X:96226234:G:A	2.19872e-05	0.122376	-8.6244	-2.63641	X	96226234	G	A	0.008378842381774101	2.076815979214086
X:4966124:C:T	3.64702e-05	0.201276	-8.61594	-2.63622	X	4966124	C	T	0.008383535768033485	2.076572778423728
X:139469828:TTTTA:T	0.132903	0.000117341	7.03229	2.63604	X	139469828	TTTTA	T	0.008387984302986033	2.0763423909311722
X:95167742:G:GCA	3.90704e-05	0.215338	-8.6146	-2.63545	X	95167742	G	GCA	0.008402580418286523	2.07558732235138
X:128115876:G:C	0.0496371	1.59713e-05	8.0417	2.63428	X	128115876	G	C	0.008431592467388773	2.074090392814816
X:113333074:TTGTGTGTGTG:T	0.00204159	0.00026034	2.0595	2.63413	X	113333074	TTGTGTGTGTG	T	0.008435318432676881	2.073898518179289
X:45603540:GCTCTCT:G	0.339845	7.07075e-05	8.47769	2.63408	X	45603540	GCTCTCT	G	0.008436560748302195	2.0738345619576917
X:101813584:T:C	0.0241593	2.14041e-05	7.02884	2.63408	X	101813584	T	C	0.008436560748302195	2.0738345619576917
X:101813873:GC:G	0.0241593	2.14041e-05	7.02884	2.63408	X	101813873	GC	G	0.008436560748302195	2.0738345619576917
X:101813369:A:G	0.0241593	2.14041e-05	7.02884	2.63408	X	101813369	A	G	0.008436560748302195	2.0738345619576917
X:120296380:C:CTCTATTCTAT	0.000343307	0.0179663	-3.95763	-2.63344	X	120296380	C	CTCTATTCTAT	0.00845247684640338	2.073016010209401
X:41462966:TTTATTA:T	0.0247234	0.0033817	1.98937	2.63334	X	41462966	TTTATTA	T	0.008454966160949162	2.0728881262261996
X:41463020:CT:C	0.0247234	0.0033817	1.98937	2.63334	X	41463020	CT	C	0.008454966160949162	2.0728881262261996
X:84830794:T:TAC	6.62559e-05	0.00345308	-3.9535	-2.63331	X	84830794	T	TAC	0.008455713083149645	2.072849761807407
X:112459675:C:T	0.000425453	0.00649014	-2.72489	-2.6331	X	112459675	C	T	0.008460943191018904	2.072581220906305
X:112459846:T:C	0.000425453	0.00649014	-2.72489	-2.6331	X	112459846	T	C	0.008460943191018904	2.072581220906305
X:112460062:A:C	0.000425453	0.00649014	-2.72489	-2.6331	X	112460062	A	C	0.008460943191018904	2.072581220906305
X:82441707:C:T	2.90895e-06	0.000151557	-3.95317	-2.63305	X	82441707	C	T	0.008462188881121463	2.072517285183724
X:107271602:T:A	3.01482e-05	0.000893129	-3.38861	-2.63302	X	107271602	T	A	0.008462936373906133	2.0724789242278123
X:145772364:A:C	0.0417336	0.00439741	2.25029	2.6326	X	145772364	A	C	0.008473407474667747	2.071941908458611
X:87366319:G:A	0.000935183	0.0296831	-3.45759	-2.63195	X	87366319	G	A	0.008489635590397525	2.0711109510370913
X:87366281:G:C	0.000935183	0.0296831	-3.45759	-2.63195	X	87366281	G	C	0.008489635590397525	2.0711109510370913
X:99329654:CTT:C	7.79712e-05	0.0830571	-6.97094	-2.63188	X	99329654	CTT	C	0.008491384890220987	2.071021473344737
X:140154564:GACAC:G	0.252838	0.000225009	7.02437	2.63155	X	140154564	GACAC	G	0.008499635931500604	2.070599676206476
X:80624219:G:T	0.0275924	3.53719e-06	8.96196	2.63149	X	80624219	G	T	0.008501136890827972	2.070522990474369
X:147249828:G:A	2.80396e-05	0.00443523	-5.06372	-2.63108	X	147249828	G	A	0.008511399791054322	2.0699990096523853
X:67643001:A:G	7.05425e-06	0.0385868	-8.60703	-2.63106	X	67643001	A	G	0.0085119007036006	2.069973451323682
X:116302439:CCAGG:C	0.0672166	0.00263977	3.23723	2.62968	X	116302439	CCAGG	C	0.008546527392033276	2.0682103110995897
X:44894951:T:G	0.209703	2.69948e-05	8.95781	2.62931	X	44894951	T	G	0.008555832743946864	2.067737713942835
X:74244246:G:A	0.000656196	4.99761e-05	2.57491	2.62926	X	74244246	G	A	0.008557090918430363	2.0676738536408523
X:82100133:T:C	7.00334e-05	0.0010637	-2.72054	-2.62919	X	82100133	T	C	0.008558852640607403	2.067584450889529
X:23951501:CAA:C	0.00474094	0.000435767	2.38688	2.62849	X	23951501	CAA	C	0.008576487705267817	2.066690530626558
X:14759571:G:A	3.61688e-05	0.141113	-8.26912	-2.62827	X	14759571	G	A	0.008582036859321735	2.066409624531189
X:100112001:C:T	6.61642e-05	0.00377896	-4.04506	-2.62807	X	100112001	C	T	0.008587084329935744	2.0661542720673998
X:104919694:CT:C	0.0646818	1.35975e-05	8.46735	2.62806	X	104919694	CT	C	0.008587336773116645	2.066141504862053
X:27489748:A:T	0.00272261	0.000118166	3.13726	2.62769	X	27489748	A	T	0.008596681836083106	2.065669146239572
X:11994869:A:G	0.000203152	0.0016559	-2.09815	-2.62736	X	11994869	A	G	0.008605024290901491	2.0652478993759806
X:142578658:G:A	0.000240931	0.0379007	-5.05821	-2.62686	X	142578658	G	A	0.008617678163862016	2.064609729123113
X:51304364:G:A	6.75775e-05	0.000913084	-2.60355	-2.62585	X	51304364	G	A	0.008643289734178234	2.0633209286468284
X:102795213:CT:C	0.000119408	1.29831e-05	2.2189	2.62584	X	102795213	CT	C	0.008643543653868588	2.063308170275425
X:27540401:A:G	0.000353922	5.39501e-05	1.88102	2.62581	X	27540401	A	G	0.00864430545294595	2.0632698953999578
X:57650564:GC:G	0.00108873	6.27441e-05	2.8537	2.62573	X	57650564	GC	G	0.008646337210557912	2.0631678308161625
X:131955738:TC:T	0.000357488	2.06028e-05	2.85368	2.6257	X	131955738	TC	T	0.008647099229701048	2.063129557253782
X:82704259:G:A	0.000522108	0.012522	-3.17737	-2.62535	X	82704259	G	A	0.00865599388945593	2.0626830588198195
X:82703719:C:T	0.000522108	0.012522	-3.17737	-2.62535	X	82703719	C	T	0.00865599388945593	2.0626830588198195
X:35529847:C:A	0.0148176	0.000137752	4.67811	2.62529	X	35529847	C	A	0.008657519509111816	2.0626065211253035
X:10990243:G:T	2.18082e-05	0.000640689	-3.38026	-2.62517	X	10990243	G	T	0.008660571469447683	2.0624534500335514
X:146625419:T:TTG	0.000183683	0.193283	-6.9587	-2.62469	X	146625419	T	TTG	0.008672788929193416	2.0618412229630794
X:104925217:CA:C	0.0366265	1.19802e-05	8.02528	2.62469	X	104925217	CA	C	0.008672788929193416	2.0618412229630794
X:144515161:A:T	0.000547635	0.0533236	-4.57852	-2.62457	X	144515161	A	T	0.008675845700025787	2.061688180519446
X:4949065:G:A	0.000232674	0.00476262	-3.01892	-2.62443	X	4949065	G	A	0.008679413149650919	2.0615096382433666
X:10279160:TAGAGAGAG:T	0.0196932	0.000183334	4.67672	2.62417	X	10279160	TAGAGAGAG	T	0.00868604189169963	2.0611780804204725
X:101776119:T:C	8.45917e-05	0.00101368	-2.4835	-2.62416	X	101776119	T	C	0.008686296933650726	2.0611653287336518
X:81960088:T:C	4.06533e-06	0.0219721	-8.59503	-2.6241	X	81960088	T	C	0.008687827325911314	2.0610888194482673
X:107269429:C:T	0.000903841	3.40725e-05	3.27816	2.62401	X	107269429	C	T	0.008690123366136893	2.060974058205855
X:128114266:A:G	0.0496371	1.62577e-05	8.02393	2.62391	X	128114266	A	G	0.008692675157977503	2.060846549494094
X:128114700:T:G	0.0496371	1.62577e-05	8.02393	2.62391	X	128114700	T	G	0.008692675157977503	2.060846549494094
X:73328281:G:A	0.000367146	4.45277e-05	2.10965	2.62315	X	73328281	G	A	0.00871209067109525	2.0598776133083625
X:86770007:T:A	0.00538366	0.000141442	3.63924	2.62261	X	86770007	T	A	0.008725909445216255	2.0591892982993425
X:152027255:A:C	0.00151457	0.000159216	2.25263	2.62209	X	152027255	A	C	0.0087392349221777	2.0585265860864554
X:114876422:C:CTTT	0.1353	4.44613e-05	8.02063	2.62198	X	114876422	C	CTTT	0.00874205610220126	2.0583864107497925
X:26404035:C:CTGTG	3.35525e-05	0.000409323	-2.50139	-2.62182	X	26404035	C	CTGTG	0.008746161089561787	2.0581825279443406
X:90203466:C:CCTTTCTTT	0.00015086	0.00660594	-3.77938	-2.62155	X	90203466	C	CCTTTCTTT	0.008753092161655965	2.05783849880454
X:68788242:A:AATATATAT	4.48693e-05	0.241129	-8.58933	-2.6208	X	68788242	A	AATATATAT	0.00877237089908832	2.056883014474895
X:104098765:T:A	2.44635e-05	0.0255693	-6.95197	-2.62074	X	104098765	T	A	0.008773914835881967	2.0568065853956305
X:127931626:A:G	0.013554	1.22953e-05	7.00522	2.6207	X	127931626	A	G	0.008774944261961558	2.0567556334717576
X:71203425:T:C	0.000602665	0.0176132	-3.37504	-2.62026	X	71203425	T	C	0.008786275073573865	2.0561952043184557
X:148647043:C:A	0.192191	6.33746e-05	8.01718	2.61997	X	148647043	C	A	0.008793750254209419	2.0558258726666097
X:148646959:AG:A	0.192191	6.33746e-05	8.01718	2.61997	X	148646959	AG	A	0.008793750254209419	2.0558258726666097
X:101811275:C:T	2.31614e-05	0.0241702	-6.95039	-2.61981	X	101811275	C	T	0.008797876923699564	2.055622117800393
X:129392436:A:T	3.35767e-05	0.181379	-8.59451	-2.61971	X	129392436	A	T	0.00880045697067677	2.055494776180441
X:129392421:A:G	3.35767e-05	0.181379	-8.59451	-2.61971	X	129392421	A	G	0.00880045697067677	2.055494776180441
X:101812147:G:T	2.31614e-05	0.0241593	-6.94994	-2.61955	X	101812147	G	T	0.008804586451954173	2.055291037862763
X:151254105:C:T	0.112104	0.00104969	4.67093	2.61954	X	151254105	C	T	0.008804844602006963	2.0552783045560377
X:97214836:TAA:T	6.58213e-05	7.01998e-06	2.23818	2.61937	X	97214836	TAA	T	0.008809234187680162	2.0550618444279842
X:44893001:T:TA	9.0901e-05	0.00465305	-3.93551	-2.61865	X	44893001	T	TA	0.008827847058032846	2.054145199573337
X:20724084:C:A	4.03398e-05	0.000287578	-1.96416	-2.61843	X	20724084	C	A	0.00883354132765504	2.05386515477651
X:27536893:C:T	0.0838834	1.79402e-05	8.45014	2.61805	X	27536893	C	T	0.008843384613537873	2.0533814863831727
X:74376531:C:CTTTT	3.65041e-05	0.000653639	-2.88513	-2.61769	X	74376531	C	CTTTT	0.008852718869241038	2.052923327204293
X:73328263:C:T	2.30469e-05	0.00117804	-3.93408	-2.61748	X	73328263	C	T	0.008858167915378532	2.052656091489605
X:92291999:C:A	0.00081827	0.0146461	-2.88474	-2.61728	X	92291999	C	A	0.008863360268509113	2.0524015975933865
X:73299937:A:T	1.16225e-05	0.0620675	-8.58304	-2.61715	X	73299937	A	T	0.00886673675586004	2.052236185092774
X:142317526:CT:C	0.0392788	0.00426008	2.2214	2.61668	X	142317526	CT	C	0.008878953644842877	2.0516382113662313
X:33813670:CA:C	0.00122801	3.45971e-05	3.56938	2.61651	X	33813670	CA	C	0.008883376221120077	2.0514219446346518
X:46026347:C:G	8.59909e-05	0.00314898	-3.60059	-2.61579	X	46026347	C	G	0.00890212895548071	2.0505061188551092
X:84498821:GCACACACA:G	0.00755754	6.91616e-06	6.99644	2.61572	X	84498821	GCACACACA	G	0.008903954022630172	2.0504170912350688
X:129392671:A:G	3.38221e-05	0.181379	-8.58723	-2.61564	X	129392671	A	G	0.008906040222887051	2.050315347769983
X:129393843:T:C	3.38221e-05	0.181379	-8.58723	-2.61564	X	129393843	T	C	0.008906040222887051	2.050315347769983
X:135735529:C:CTGTGTGTG	2.01791e-05	0.0768974	-8.24558	-2.61497	X	135735529	C	CTGTGTGTG	0.008923529296963436	2.049463346178745
X:4596875:G:A	0.000414982	0.00544327	-2.5739	-2.61496	X	4596875	G	A	0.008923790560089077	2.0494506310893414
X:127097243:T:C	0.00429576	4.05132e-05	4.66376	2.61381	X	127097243	T	C	0.008953881427761528	2.04798866108166
X:78230419:C:A	3.31841e-05	0.000830771	-3.22028	-2.61362	X	78230419	C	A	0.008958861675705155	2.0477471688385496
X:78231872:T:G	3.31841e-05	0.000830771	-3.22028	-2.61362	X	78231872	T	G	0.008958861675705155	2.0477471688385496
X:127946973:T:A	1.0921e-05	0.0579632	-8.57688	-2.61357	X	127946973	T	A	0.008960172678375133	2.0476836206344338
X:127929469:T:TA	1.10504e-05	0.0586281	-8.5765	-2.61336	X	127929469	T	TA	0.008965680760746834	2.0474167290341754
X:80183649:A:G	0.00023693	2.20912e-05	2.37259	2.61329	X	80183649	A	G	0.008967517460066568	2.0473277690647995
X:80182745:CA:C	0.00023693	2.20912e-05	2.37259	2.61329	X	80182745	CA	C	0.008967517460066568	2.0473277690647995
X:92205587:C:T	0.000126843	0.00817506	-4.1659	-2.6132	X	92205587	C	T	0.008969879424369618	2.0472133948246793
X:100267198:A:C	0.000304231	0.0045388	-2.70263	-2.61305	X	100267198	A	C	0.008973817266198643	2.0470227782495223
X:83692455:A:C	1.1995e-05	0.0455494	-8.24206	-2.61298	X	83692455	A	C	0.008975655453999537	2.046933826909963
X:146667807:A:T	6.37328e-05	0.337606	-8.57493	-2.61245	X	146667807	A	T	0.008989584076372402	2.0462604014275056
X:139884712:C:G	0.00635819	6.00812e-05	4.6618	2.61225	X	139884712	C	G	0.008994845174436314	2.0460063076343444
X:37439110:T:G	3.71527e-05	0.140862	-8.2405	-2.6121	X	37439110	T	G	0.008998792802197059	2.0458157477283563
X:19603778:T:C	0.0641177	5.90599e-05	6.98992	2.61203	X	19603778	T	C	0.009000635557886357	2.0457268228342826
X:154423462:C:CA	9.16526e-06	0.000878653	-4.56297	-2.612	X	154423462	C	CA	0.00900142541347384	2.045688712761896
X:81960741:T:C	4.41282e-06	0.0235016	-8.58031	-2.61177	X	81960741	T	C	0.0090074830295899	2.0453965474304736
X:99803970:T:C	2.53793e-05	0.00109958	-3.76875	-2.61161	X	99803970	T	C	0.009011699170109447	2.0451933143896297
X:146930965:A:G	0.000599767	0.00725246	-2.49255	-2.61148	X	146930965	A	G	0.00901512608174713	2.045028195039844
X:154013378:G:A	3.71605e-06	4.7573e-05	-2.54961	-2.61135	X	154013378	G	A	0.009018554156992764	2.04486308241048
X:64095802:AAAAC:A	0.000474719	1.7621e-05	3.29363	2.61109	X	64095802	AAAAC	A	0.009025413799656585	2.0445328773128653
X:76077771:G:GA	0.000601761	4.97302e-05	2.49325	2.6106	X	76077771	G	GA	0.009038354252571813	2.0439106407740057
X:134655364:C:T	6.48792e-05	0.00227549	-3.55742	-2.61027	X	134655364	C	T	0.009047078584397615	2.0434916373143377
X:127941499:G:T	1.32018e-05	0.0135535	-6.93405	-2.61022	X	127941499	G	T	0.009048401108584535	2.043428155719229
X:144728757:A:C	0.000287038	0.00716161	-3.21688	-2.61012	X	144728757	A	C	0.00905104667482327	2.0433011955112796
X:102724718:G:GGTGTGT	3.51203e-05	0.00179205	-3.93234	-2.61002	X	102724718	G	GGTGTGT	0.009053692931676668	2.043174239279675
X:92360955:A:ATT	0.000736889	0.0122374	-2.80982	-2.60993	X	92360955	A	ATT	0.009056075153447385	2.0430599820709907
X:79002996:C:T	1.35248e-05	0.000337356	-3.21662	-2.60986	X	79002996	C	T	0.009057928379504527	2.0429711175798606
X:4723975:T:C	0.00167003	0.0259147	-2.74197	-2.60975	X	4723975	T	C	0.009060841276004813	2.0428314773160476
X:24946752:T:A	0.000154589	0.00541857	-3.55682	-2.60972	X	24946752	T	A	0.009061635847463076	2.042793394442755
X:139463858:TC:T	0.0270116	0.000725568	3.61707	2.60968	X	139463858	TC	T	0.009062695372847014	2.042742617835043
X:44728008:G:GA	0.0182309	0.00254477	1.96908	2.6096	X	44728008	G	GA	0.009064814755444739	2.042641066528227
X:92295739:TTGTGTGTGTG:T	0.0161927	0.000997824	2.78674	2.60958	X	92295739	TTGTGTGTGTG	T	0.009065344670232569	2.0426156790991485
X:135736725:C:T	2.63889e-05	0.000350865	-2.58746	-2.60915	X	135736725	C	T	0.009076744529942537	2.042069887843964
X:15036495:GA:G	0.00646165	5.98363e-06	6.98461	2.60902	X	15036495	GA	G	0.009080193517868753	2.041904895658764
X:46645618:CT:C	0.00486736	0.000378384	2.5544	2.60899	X	46645618	CT	C	0.009080989604301036	2.04186682149338
X:10279160:TAGAG:T	0.0106334	0.000175467	4.10431	2.60874	X	10279160	TAGAG	T	0.009087626081538808	2.0415495506983277
X:81978968:C:G	2.57237e-05	0.00245504	-4.55848	-2.60837	X	81978968	C	G	0.009097456014281517	2.041080035527492
X:109875448:GCC:G	0.000227142	0.0348493	-5.03321	-2.60772	X	109875448	GCC	G	0.009114747803053493	2.0402553433839334
X:27527545:C:T	3.15377e-05	0.00483756	-5.03298	-2.60754	X	27527545	C	T	0.009119541483120339	2.0400269967984066
X:68788242:A:AATATAT	4.70897e-05	0.24727	-8.56618	-2.60737	X	68788242	A	AATATAT	0.009124070914022217	2.03981134796259
X:86873997:G:A	0.0136216	1.26699e-05	6.98018	2.60651	X	86873997	G	A	0.009147015296479004	2.0387205946472333
X:86875079:T:C	0.0136216	1.26699e-05	6.98018	2.60651	X	86875079	T	C	0.009147015296479004	2.0387205946472333
X:70379770:G:A	0.000203978	0.0312327	-5.03121	-2.60619	X	70379770	G	A	0.009155565879811275	2.0383148080106213
X:139880976:A:G	0.00631302	6.01118e-05	4.65416	2.60614	X	139880976	A	G	0.009156902552756434	2.038251407526152
X:95861608:G:C	0.00236095	0.0314065	-2.58795	-2.60612	X	95861608	G	C	0.00915743727070639	2.03822604761066
X:144389037:T:C	0.000272556	0.00347224	-2.54471	-2.606	X	144389037	T	C	0.009160646163751195	2.0380738914572487
X:5491837:T:G	0.00171757	0.0872511	-3.92788	-2.60589	X	5491837	T	G	0.009163588530707307	2.0379344200124585
X:77288719:C:G	0.00012504	0.00221199	-2.87301	-2.60482	X	77288719	C	G	0.00919225377856156	2.036577994207989
X:34208585:C:A	0.00130811	5.95997e-05	3.08869	2.60464	X	34208585	C	A	0.009197083826146675	2.036349855151882
X:22440235:C:T	0.00797198	0.000862063	2.22436	2.60427	X	22440235	C	T	0.009207019371458664	2.035880943097157
X:127096738:G:C	0.00406586	3.88064e-05	4.6518	2.60425	X	127096738	G	C	0.009207556700757605	2.0358555980499893
X:139285209:C:T	0.136986	0.00130748	4.65177	2.60423	X	139285209	C	T	0.009208094058044075	2.0358302531618344
X:32014323:C:T	0.0692583	0.00908462	2.03126	2.60414	X	32014323	C	T	0.00921051251221209	2.035716203132921
X:32014327:A:ACAT	0.0692583	0.00908462	2.03126	2.60414	X	32014327	A	ACAT	0.00921051251221209	2.035716203132921
X:32014321:T:TCA	0.0692583	0.00908462	2.03126	2.60414	X	32014321	T	TCA	0.00921051251221209	2.035716203132921
X:140431605:C:T	0.000161092	0.00692314	-3.76065	-2.60404	X	140431605	C	T	0.00921320034838091	2.03558948465511
X:127930306:C:G	1.11041e-05	0.0579639	-8.56027	-2.60394	X	127930306	C	G	0.009215888884564155	2.0354627701525856
X:127930986:G:A	1.11041e-05	0.0579639	-8.56027	-2.60394	X	127930986	G	A	0.009215888884564155	2.0354627701525856
X:25070026:A:G	7.91673e-05	0.0043924	-4.01607	-2.60357	X	25070026	A	G	0.009225842557635495	2.0349939610580745
X:79119133:TTGTG:T	0.00122815	5.46503e-05	3.11231	2.60345	X	79119133	TTGTG	T	0.00922907283573858	2.034841926552404
X:86547524:AACACACAC:A	0.0244379	2.29022e-05	6.97266	2.60225	X	86547524	AACACACAC	A	0.009261431174942401	2.033321896325271
X:102768301:C:CA	2.79668e-06	0.000264811	-4.55058	-2.60198	X	102768301	C	CA	0.009268725738753075	2.032979968408603
X:126214210:A:G	0.00752228	0.000281857	3.28423	2.60195	X	126214210	A	G	0.009269536562236646	2.032941978206585
X:89162160:G:C	0.000291574	3.00077e-05	2.27384	2.60184	X	89162160	G	C	0.009272510123224872	2.032802683859875
X:41895349:A:G	0.000253635	0.003039	-2.48339	-2.60075	X	41895349	A	G	0.009302021447680768	2.031422663470098
X:45130298:G:A	4.15646e-05	0.217037	-8.56057	-2.60074	X	45130298	G	A	0.009302292581295273	2.031410004918704
X:109875455:C:A	0.000227142	0.0345308	-5.02403	-2.60069	X	109875455	C	A	0.009303648355144519	2.031346712757937
X:92920300:CAA:C	0.0160207	0.000733443	3.08389	2.60032	X	92920300	CAA	C	0.009313686562603216	2.0308783816515525
X:87336044:C:A	0.00037622	0.011558	-3.42496	-2.5998	X	87336044	C	A	0.009327810647968417	2.0302202785560213
X:4733110:G:A	0.00130107	0.0171332	-2.57783	-2.59916	X	4733110	G	A	0.00934522036998494	2.029410453050263
X:32806820:T:TG	0.00125258	0.000155404	2.08693	2.59899	X	32806820	T	TG	0.00934984969773656	2.029195370514465
X:109875031:TATATAAATATAA:T	0.000225232	0.0341598	-5.02167	-2.59888	X	109875031	TATATAAATATAA	T	0.009352846235217089	2.029056205582478
X:143513612:C:A	0.00194767	0.0244067	-2.52822	-2.59888	X	143513612	C	A	0.009352846235217089	2.029056205582478
X:87183592:T:C	1.54288e-05	0.0154991	-6.9123	-2.59746	X	87183592	T	C	0.009391605801867771	2.027260144553279
X:74375440:G:A	0.00136101	5.29338e-05	3.24694	2.59724	X	74375440	G	A	0.009397623607584815	2.026981953271616
X:142940382:TAA:T	0.249207	0.000235749	6.96327	2.59693	X	142940382	TAA	T	0.009406109081235316	2.0265899891128094
X:127330238:T:C	0.000244461	0.0022943	-2.23913	-2.59677	X	127330238	T	C	0.009410491354094712	2.0263876999732826
X:86979788:GTA:G	0.00419117	0.000113205	3.61153	2.5967	X	86979788	GTA	G	0.009412409171095558	2.0262992016738273
X:46023860:G:A	9.50334e-05	0.0034041	-3.57851	-2.59647	X	46023860	G	A	0.009418713024751578	2.026008435257325
X:122285553:T:C	0.00847988	0.000966782	2.17148	2.59637	X	122285553	T	C	0.00942145500513647	2.0258820216332887
X:129394381:G:A	3.50231e-05	0.181379	-8.55234	-2.59613	X	129394381	G	A	0.009428038663368898	2.0255786451492694
X:109877694:T:G	0.000228526	0.0345308	-5.01796	-2.59604	X	109877694	T	G	0.009430508592988171	2.0254648848690215
X:109876419:T:C	0.000228526	0.0345308	-5.01796	-2.59604	X	109876419	T	C	0.009430508592988171	2.0254648848690215
X:109877715:A:G	0.000228526	0.0345308	-5.01796	-2.59604	X	109877715	A	G	0.009430508592988171	2.0254648848690215
X:107267987:G:A	0.000903841	3.52178e-05	3.2451	2.59566	X	107267987	G	A	0.00944094354898202	2.024984599172424
X:107268118:C:A	0.000903841	3.52178e-05	3.2451	2.59566	X	107268118	C	A	0.00944094354898202	2.024984599172424
X:82448281:G:A	3.78722e-06	0.013934	-8.21045	-2.59512	X	82448281	G	A	0.00945578988690846	2.024302186628857
X:133530880:T:TACAC	8.12325e-06	0.0417373	-8.54442	-2.59476	X	133530880	T	TACAC	0.009465699010503108	2.02384730930769
X:30193676:T:C	0.0119093	0.000199796	4.08778	2.59468	X	30193676	T	C	0.009467902295317729	2.0237462324522184
X:131958775:C:T	1.44851e-05	0.0743976	-8.54406	-2.59455	X	131958775	C	T	0.0094714836087109	2.0235819879861054
X:83881727:A:AT	0.00139244	3.77048e-05	3.60902	2.59435	X	83881727	A	AT	0.009476995680855157	2.0233293173050395
X:139892883:T:C	0.00726739	7.02284e-05	4.6394	2.59433	X	139892883	T	C	0.00947754704539223	2.023304051111126
X:30362874:C:A	0.000142224	0.00604786	-3.75006	-2.59414	X	30362874	C	A	0.009482786435555592	2.023064030196231
X:134430825:C:T	1.88348e-05	0.0691579	-8.20844	-2.59398	X	134430825	C	T	0.009487200557026409	2.0228619184464893
X:145777369:G:A	0.0402458	0.00439395	2.21478	2.5938	X	145777369	G	A	0.00949216863400765	2.0226345548870173
X:82542788:A:T	1.95366e-05	0.00182886	-4.53916	-2.59275	X	82542788	A	T	0.009521195352718937	2.021308524041933
X:82696955:A:G	0.000438039	0.0101532	-3.14323	-2.59262	X	82696955	A	G	0.009524794638196213	2.0211443792701536
X:146932383:A:T	0.000622109	0.00740228	-2.47643	-2.59261	X	146932383	A	T	0.009525071556560847	2.0211317530273782
X:33351231:C:T	0.00435858	0.0862886	-2.98555	-2.59246	X	33351231	C	T	0.00952922619365986	2.020942364153681
X:79001819:AAAAT:A	0.0537517	7.42722e-06	8.88698	2.59218	X	79001819	AAAAT	A	0.009536985840151918	2.020588862175091
X:92363858:A:T	0.0134746	0.000510021	3.27411	2.59212	X	92363858	A	T	0.009538649354429317	2.0205131158037952
X:86768470:A:G	0.000116834	0.005846	-3.91276	-2.59188	X	86768470	A	G	0.009545305999299838	2.020210144622097
X:134506557:T:G	0.00849689	0.00134414	1.84395	2.59156	X	134506557	T	G	0.009554187969380627	2.0198062186459524
X:145856098:C:T	0.00182174	0.0297296	-2.79235	-2.59135	X	145856098	C	T	0.009560020766584116	2.0195411643344547
X:32014807:T:G	0.071759	0.00784644	2.21325	2.59088	X	32014807	T	G	0.009573086629217006	2.018948011031391
X:26864297:C:A	4.47477e-05	0.00671506	-5.01107	-2.59076	X	26864297	C	A	0.009576425144751237	2.0187965816992945
X:77125947:A:G	8.17404e-05	0.00184494	-3.11665	-2.59069	X	77125947	A	G	0.009578373091518077	2.0187082505642584
X:4730137:G:C	0.00146478	0.019131	-2.56961	-2.59062	X	4730137	G	C	0.009580321391573771	2.0186199213759686
X:131958245:A:C	1.44735e-05	0.0741303	-8.54126	-2.58994	X	131958245	A	C	0.00959926613149592	2.017761967712975
X:92662105:A:G	0.00208308	0.0266983	-2.55075	-2.5897	X	92662105	A	G	0.009605960480700244	2.017459204397985
X:91268247:G:A	0.000131025	0.00122073	-2.23182	-2.58967	X	91268247	G	A	0.009606797566947598	2.0174213605925893
X:82416306:G:T	0.000265189	1.22854e-05	3.07203	2.58964	X	82416306	G	T	0.009607634718230776	2.017383517144744
X:101811397:A:C	0.0241702	2.31614e-05	6.95039	2.58963	X	101811397	A	C	0.00960791378311166	2.017370902741584
X:134507886:C:T	0.00848019	0.00134414	1.84198	2.58962	X	134507886	C	T	0.009608192855219386	2.0173582883781513
X:29228424:T:G	0.000839583	0.0146403	-2.85863	-2.58955	X	29228424	T	G	0.009610146562338365	2.0172699889464973
X:30707806:C:T	0.000204172	0.0127821	-4.13683	-2.5895	X	30707806	C	T	0.009611542284263636	2.0172069191157123
X:101811468:A:G	0.0241593	2.31614e-05	6.94994	2.58937	X	101811468	A	G	0.00961517200710171	2.0170429422037706
X:101811682:A:G	0.0241593	2.31614e-05	6.94994	2.58937	X	101811682	A	G	0.00961517200710171	2.0170429422037706
X:120298746:C:T	0.000777988	0.0266556	-3.53404	-2.58908	X	120298746	C	T	0.009623273485311081	2.016677171747841
X:138818499:G:GAC	9.52134e-05	0.0142536	-5.00864	-2.58891	X	138818499	G	GAC	0.009628025456581528	2.0164627701171707
X:46025657:T:G	8.87473e-05	0.00315063	-3.56956	-2.58865	X	46025657	T	G	0.00963529722383293	2.016134883947856
X:79006383:T:C	1.61075e-05	0.000393473	-3.19573	-2.5884	X	79006383	T	C	0.009642293924762955	2.0158196341103176
X:79006276:A:T	1.61075e-05	0.000393473	-3.19573	-2.5884	X	79006276	A	T	0.009642293924762955	2.0158196341103176
X:88521394:C:G	0.000567717	0.0528556	-4.5337	-2.58833	X	88521394	C	G	0.009644253812518374	2.0157313686050697
X:88521970:A:G	0.000567717	0.0528556	-4.5337	-2.58833	X	88521970	A	G	0.009644253812518374	2.0157313686050697
X:37439793:C:CT	4.43055e-05	0.161058	-8.19841	-2.58832	X	37439793	C	CT	0.00964453382547242	2.0157187594060786
X:4736237:G:A	0.0124381	0.0013641	2.21027	2.58799	X	4736237	G	A	0.009653778319884782	2.015302678125174
X:127927896:A:G	1.14215e-05	0.0579639	-8.53208	-2.5876	X	127927896	A	G	0.00966471381511416	2.0148110014757674
X:145012067:GA:G	0.000360036	0.0058539	-2.78866	-2.58742	X	145012067	GA	G	0.009669764690166085	2.0145840941699267
X:34035663:C:CATCTATCTATCT	2.41479e-05	0.123051	-8.53616	-2.58709	X	34035663	C	CATCTATCTATCT	0.009679030739490467	2.0141681308700004
X:9417598:C:CT	6.30736e-05	0.321391	-8.53611	-2.58706	X	9417598	C	CT	0.009679873499962776	2.0141303181696126
X:4724977:T:C	0.00167565	0.0254168	-2.71921	-2.58705	X	4724977	T	C	0.00968015443465572	2.0141177140155957
X:27221978:A:G	6.37601e-05	0.00592651	-4.53206	-2.58701	X	27221978	A	G	0.00968127824610923	2.0140672977967595
X:82097947:T:C	8.17832e-05	0.00118509	-2.6735	-2.58681	X	82097947	T	C	0.009686899048058573	2.0138152262360833
X:87335580:G:T	0.000390709	0.00952914	-3.19415	-2.58678	X	87335580	G	T	0.009687742419198658	2.013777416872417
X:87185536:G:GAA	1.67716e-05	0.0165425	-6.894	-2.58672	X	87185536	G	GAA	0.009689429357836196	2.013701799217594
X:127642645:A:C	1.20043e-05	0.0607484	-8.52923	-2.58595	X	127642645	A	C	0.009711101657602191	2.012731499579279
X:117677832:CA:C	0.0174667	0.000510153	3.53334	2.58531	X	117677832	CA	C	0.009729147867274796	2.0119251959851536
X:153167528:GCAAGGACTT:G	0.00137984	2.34077e-05	4.07666	2.58522	X	153167528	GCAAGGACTT	G	0.009731688011242166	2.01181182259036
X:78237872:C:A	7.46969e-05	0.00371026	-3.90542	-2.58509	X	78237872	C	A	0.009735358151632387	2.0116480667000385
X:42669338:C:T	2.29622e-05	0.0829107	-8.19167	-2.58451	X	42669338	C	T	0.009751747658592089	2.0109175452792263
X:139896179:A:C	0.00689056	6.74109e-05	4.6271	2.5845	X	139896179	A	C	0.009752030451815663	2.0109049512540245
X:116931633:G:A	1.57889e-05	0.0800794	-8.53147	-2.58447	X	116931633	G	A	0.009752878875340348	2.01086716941673
X:79141656:C:T	8.47661e-06	0.0429798	-8.53118	-2.5843	X	79141656	C	T	0.009757687851366754	2.010653079090865
X:153211483:T:C	8.77381e-05	0.00130597	-2.70034	-2.58414	X	153211483	T	C	0.009762215876830231	2.010451592799195
X:127928281:C:CT	1.14912e-05	0.0579639	-8.526	-2.58407	X	127928281	C	CT	0.00976419747676258	2.010363445743888
X:153209924:C:T	8.77381e-05	0.00130562	-2.70008	-2.58388	X	153209924	C	T	0.009769577912310402	2.0101241992611976
X:41032246:C:CT	0.0188191	0.000718636	3.26527	2.58354	X	41032246	C	CT	0.00977921265514014	2.00969610976176
X:34032485:C:A	8.42603e-06	0.0082653	-6.8885	-2.58349	X	34032485	C	A	0.00978063024305501	2.0096331592960204
X:128761463:T:TTTA	5.87013e-05	0.00142661	-3.1906	-2.58313	X	128761463	T	TTTA	0.009790842283208794	2.0091799452535613
X:130828290:G:C	0.00178941	4.95893e-05	3.58587	2.58284	X	130828290	G	C	0.009799075557922097	2.0088148935963255
X:150726125:T:C	0.000471798	0.00771992	-2.79501	-2.58263	X	150726125	T	C	0.009805041435395357	2.0085505666952757
X:117687065:T:TAAATGATTCTATACAC	0.0217659	0.000637928	3.52987	2.5823	X	117687065	T	TAAATGATTCTATACAC	0.009814422925305393	2.00813523123702
X:45135209:A:C	4.30282e-05	0.217037	-8.52597	-2.58139	X	45135209	A	C	0.00984033454850834	2.0069901363144647
X:145610150:A:C	0.000421375	0.00681071	-2.78273	-2.58111	X	145610150	A	C	0.00984831961004183	2.00663786557784
X:23546724:TA:T	0.289771	0.000102131	7.95059	2.58108	X	23546724	TA	T	0.00984917549468867	2.0066001241312725
X:145622259:C:CA	0.000160394	0.00792805	-3.90053	-2.58056	X	145622259	C	CA	0.009864021362824283	2.0059459958459565
X:115404373:AC:A	0.007799	0.00131114	1.7831	2.58049	X	115404373	AC	A	0.00986602136696866	2.005857948315745
X:147503293:C:T	0.00132678	0.0190886	-2.66634	-2.58035	X	147503293	C	T	0.009870022459218825	2.0056818590929057
X:5718671:C:A	0.0023814	0.000250639	2.25143	2.58035	X	5718671	C	A	0.009870022459218825	2.0056818590929057
X:76243671:C:CAA	0.000924741	8.27566e-05	2.41361	2.58028	X	76243671	C	CAA	0.00987202354743555	2.005593817400266
X:146929641:C:G	0.00696965	0.00077043	2.20237	2.58024	X	146929641	C	G	0.009873167188704917	2.005543508735259
X:142934343:A:G	0.000240986	0.0222118	-4.52364	-2.5802	X	142934343	A	G	0.009874310948015117	2.00549320070563
X:115972858:A:C	0.00171837	0.0416378	-3.18763	-2.58009	X	115972858	A	C	0.009877456894850834	2.0053548569003024
X:83625748:A:C	1.1297e-05	0.0568193	-8.5231	-2.57979	X	83625748	A	C	0.009886041289175326	2.0049775800351086
X:127647444:G:A	1.21426e-05	0.0607588	-8.51795	-2.5794	X	127647444	G	A	0.009897210938746865	2.0044871735404355
X:137896864:C:T	1.84446e-05	0.0926768	-8.5221	-2.57923	X	137896864	C	T	0.009902083277977492	2.004273425508675
X:78241636:A:G	0.00178639	9.85735e-05	2.89715	2.5791	X	78241636	A	G	0.00990581062621736	2.004109978874758
X:92924525:AC:A	0.0129454	0.000514362	3.22557	2.57892	X	92924525	AC	A	0.009910973633496807	2.0038836792296855
X:73308337:T:C	3.09505e-05	0.00049908	-2.78038	-2.57861	X	73308337	T	C	0.00991987109938782	2.00349397111077
X:133446213:G:GCA	0.0299879	0.00478892	1.83449	2.57802	X	133446213	G	GCA	0.00993682464760994	2.002752373986612
X:100765293:C:CAAAAAAA	0.000158361	0.00200804	-2.54004	-2.57802	X	100765293	C	CAAAAAAA	0.00993682464760994	2.002752373986612
X:3565494:TAC:T	0.00333263	0.00013877	3.1787	2.57791	X	3565494	TAC	T	0.009939988331844186	2.0026141254033565
X:127357591:T:A	9.21228e-06	0.0461754	-8.51967	-2.57787	X	127357591	T	A	0.009941138984922993	2.0025638543824726
X:150743259:A:G	0.000700474	0.0105266	-2.7099	-2.57777	X	150743259	A	G	0.009944016136760454	2.002438179609741
X:82696607:C:T	0.000444914	0.0101532	-3.12766	-2.57769	X	82696607	C	T	0.009946318392289237	2.0023376426504367
X:82696565:C:T	0.000444914	0.0101532	-3.12766	-2.57769	X	82696565	C	T	0.009946318392289237	2.0023376426504367
X:48024630:G:A	5.92176e-05	0.295079	-8.51378	-2.57699	X	48024630	G	A	0.009966483390907489	2.001458052654369
X:126759578:A:G	7.36847e-05	0.367116	-8.51364	-2.57691	X	126759578	A	G	0.009968790279373876	2.0013575404715556
X:70674315:G:A	9.03656e-06	0.000116465	-2.55631	-2.57683	X	70674315	G	A	0.009971097643460793	2.0012570308298727
X:5490871:CA:C	0.0257511	0.00155696	2.80574	2.57664	X	5490871	CA	C	0.00997657953985201	2.001018330615193
X:120300420:A:C	0.000800173	0.0270253	-3.5197	-2.57607	X	120300420	A	C	0.009993041339789543	2.0003023159709934
X:23837958:CCTATCTATCTAT:C	0.0216755	0.000640137	3.52226	2.57571	X	23837958	CCTATCTATCTAT	C	0.01000345072749717	1.9998501626598477
X:4734835:G:A	0.0130166	0.00144645	2.19711	2.57519	X	4734835	G	A	0.010018503559871909	1.9991971431618272
X:14895696:G:A	0.000475936	0.00583261	-2.50593	-2.57518	X	14895696	G	A	0.010018793235023225	1.999184586146671
X:109875858:T:A	0.000234868	0.0345308	-4.99059	-2.57508	X	109875858	T	A	0.010021690396849683	1.999059018178723
X:100117271:A:G	9.06664e-05	0.00218548	-3.18241	-2.57472	X	100117271	A	G	0.010032126358621978	1.99860700636716
X:127926391:G:A	0.013554	1.33396e-05	6.9237	2.57451	X	127926391	G	A	0.010038218471655647	1.9983433565716748
X:70352980:A:T	3.04769e-05	0.00163317	-3.98131	-2.57419	X	70352980	A	T	0.01004750802716842	1.9979416381686663
X:77035825:G:GAGAAAGAA	4.45549e-06	0.022172	-8.51245	-2.57383	X	77035825	G	GAGAAAGAA	0.01005796792790869	1.9974897535584488
X:48045070:A:T	5.18686e-05	0.257791	-8.51119	-2.57313	X	48045070	A	T	0.010078334388149812	1.9966112363236632
X:73306849:G:A	3.10314e-05	0.000497474	-2.77454	-2.57241	X	73306849	G	A	0.010099321053323224	1.99570782153482
X:116552133:A:G	3.46333e-05	0.171871	-8.50969	-2.57229	X	116552133	A	G	0.010102822611743239	1.995557272410894
X:101811131:G:C	2.51193e-05	0.0241702	-6.86924	-2.57218	X	101811131	G	C	0.010106033323258325	1.995419274068959
X:8317186:T:G	0.00222339	0.000105021	3.05262	2.57215	X	8317186	T	G	0.010106909129529272	1.9953816389911552
X:38950243:GAA:G	0.0336285	0.00130049	3.25263	2.57126	X	38950243	GAA	G	0.01013292214458508	1.9942652941991605
X:83610474:A:AT	2.25209e-05	0.000263101	-2.4581	-2.57115	X	83610474	A	AT	0.010136141372136672	1.9941273408327163
X:115974727:GT:G	0.04343	0.00128977	3.51669	2.57089	X	115974727	GT	G	0.01014375407570477	1.9938012883325162
X:153160139:T:C	5.81998e-05	0.00529776	-4.51116	-2.57011	X	153160139	T	C	0.010166622739590429	1.9928232918313713
X:33820511:A:C	2.31106e-05	0.00055399	-3.17685	-2.56902	X	33820511	A	C	0.010198657121328268	1.9914570089431036
X:83608506:G:GT	1.56091e-05	0.0767044	-8.49986	-2.56892	X	83608506	G	GT	0.010201600550849193	1.991331685505702
X:44593256:T:C	0.035812	0.00290025	2.51349	2.56856	X	44593256	T	C	0.010212203159979907	1.9908805539950314
X:32819848:TA:T	0.565557	0.000131701	8.36503	2.56853	X	32819848	TA	T	0.010213087153382688	1.99084296202437
X:116551963:C:T	3.59605e-05	0.17717	-8.50244	-2.56824	X	116551963	C	T	0.010221635935546616	1.990479591390844
X:44593239:CA:C	0.035812	0.00290371	2.51229	2.56738	X	44593239	CA	C	0.010247024963514489	1.9894022057761638
X:30708988:C:A	0.000209786	0.0127821	-4.10971	-2.56737	X	30708988	C	A	0.010247320514636631	1.9893896797629167
X:24426693:T:G	0.00134478	0.0130856	-2.27528	-2.5672	X	24426693	T	G	0.010252346044810033	1.9891767436099952
X:148638151:T:C	6.88441e-05	0.337176	-8.49652	-2.56698	X	148638151	T	C	0.01025885292866384	1.9889011962028889
X:151260578:C:CA	0.0561732	0.0021828	3.24783	2.56659	X	151260578	C	CA	0.010270396893827697	1.9884127730075243
X:103279212:G:A	1.56636e-05	0.0149272	-6.8596	-2.56653	X	103279212	G	A	0.010272173914342283	1.9883376363352114
X:145010899:T:C	0.00861525	0.000409583	3.04615	2.56631	X	145010899	T	C	0.010278691997879844	1.9880621474268647
X:116601214:A:G	5.40414e-05	0.264352	-8.49529	-2.56627	X	116601214	A	G	0.010279877499413028	1.98801206059813
X:70684303:T:C	1.61204e-05	0.0563059	-8.15847	-2.56575	X	70684303	T	C	0.010295300097804213	1.9873609896073023
X:12059004:AT:A	0.0112268	0.00125777	2.18896	2.56559	X	12059004	AT	A	0.010300049654061172	1.987160681660576
X:102781182:T:C	1.20335e-05	0.0587621	-8.49355	-2.56526	X	102781182	T	C	0.010309851773306566	1.9867475786056965
X:102781185:T:C	1.20335e-05	0.0587621	-8.49355	-2.56526	X	102781185	T	C	0.010309851773306566	1.9867475786056965
X:29133492:G:GT	4.11161e-05	0.200758	-8.49346	-2.5652	X	29133492	G	GT	0.010311634868512548	1.9866724736024495
X:144513338:G:GA	0.000545281	0.0493102	-4.50459	-2.56479	X	144513338	G	GA	0.010323826699924866	1.9861592943158906
X:7470588:G:A	0.000428744	0.00824633	-2.95666	-2.56478	X	7470588	G	A	0.010324124221865178	1.986146778581286
X:139469828:TTTTATTTATTTATTTATTTA:T	0.0101952	0.00048566	3.04417	2.56453	X	139469828	TTTTATTTATTTATTTATTTA	T	0.010331564750841087	1.9858338981132744
X:23545520:TA:T	0.00012953	0.00786293	-4.106	-2.56435	X	23545520	TA	T	0.01033692488631085	1.9856086395336852
X:145622501:C:CAT	0.000162044	0.00786758	-3.88264	-2.56399	X	145622501	C	CAT	0.01034765258237462	1.98515816094607
X:34032392:A:AT	0.00031811	3.10717e-05	2.3261	2.56385	X	34032392	A	AT	0.010351827139150983	1.98498298871746
X:127923838:T:G	1.42966e-05	0.0135548	-6.85447	-2.56352	X	127923838	T	G	0.010361673096381549	1.9845701135232414
X:127924789:A:G	1.42966e-05	0.013554	-6.85441	-2.56348	X	127924789	A	G	0.010362867111858118	1.9845200709815836
X:72467177:T:TACAC	8.03558e-05	0.0116331	-4.97514	-2.56325	X	72467177	T	TACAC	0.010369735077270341	1.984232338688037
X:86423521:AT:A	0.00466968	8.13119e-05	4.05055	2.56302	X	86423521	AT	A	0.010376607092868157	1.9839446273856431
X:66973101:A:T	3.77165e-06	0.0183972	-8.49244	-2.56265	X	66973101	A	T	0.010387670578091906	1.9834818315095613
X:66972483:G:A	3.77165e-06	0.0183972	-8.49244	-2.56265	X	66972483	G	A	0.010387670578091906	1.9834818315095613
X:73296463:A:C	1.65977e-05	0.000363931	-3.0877	-2.56254	X	73296463	A	C	0.01039096174586801	1.9833442540218953
X:4950850:AT:A	0.000276807	0.00338789	-2.50464	-2.56223	X	4950850	AT	A	0.010400241847727795	1.9829565614788724
X:148632791:A:G	0.000192611	0.182184	-6.8521	-2.56213	X	148632791	A	G	0.01040323700175831	1.982831507502439
X:10772576:A:T	0.00169602	0.00018197	2.23219	2.56191	X	10772576	A	T	0.010409829042445045	1.9825564027212037
X:42810527:T:C	0.0182621	0.00084815	3.06953	2.56188	X	42810527	T	C	0.010410728244992992	1.9825188899207982
X:81978203:T:G	0.000821902	3.4852e-05	3.16051	2.56182	X	81978203	T	G	0.01041252685742974	1.9824438653913032
X:89823554:C:T	4.85977e-05	0.0459366	-6.85144	-2.56174	X	89823554	C	T	0.010414925437438688	1.9823438349072915
X:93525839:C:T	9.26402e-05	0.004891	-3.96643	-2.56162	X	93525839	C	T	0.010418524229254001	1.9821937939426446
X:93524419:G:C	9.26402e-05	0.004891	-3.96643	-2.56162	X	93524419	G	C	0.010418524229254001	1.9821937939426446
X:79007423:G:GT	1.65373e-05	0.000393473	-3.16939	-2.56135	X	79007423	G	GT	0.010426625556620283	1.9818562226625578
X:138565688:TTTTC:T	0.00415814	7.25473e-05	4.04858	2.56135	X	138565688	TTTTC	T	0.010426625556620283	1.9818562226625578
X:70681566:T:A	1.47649e-05	0.0718349	-8.48987	-2.56122	X	70681566	T	A	0.010430528194391527	1.9816936986586662
X:32014267:G:A	0.0692583	0.00946196	1.99056	2.56092	X	32014267	G	A	0.010439539242304537	1.981318668856789
X:146690303:G:GC	1.30531e-05	0.00117451	-4.49959	-2.56075	X	146690303	G	GC	0.01044464857671044	1.9811061678199104
X:95874851:T:TA	0.00158412	0.0191376	-2.49163	-2.55996	X	95874851	T	TA	0.01046842115810375	1.9801188134527592
X:145780890:A:C	0.0467678	0.00534376	2.16926	2.55981	X	145780890	A	C	0.010472940373256705	1.9799313690756597
X:134648142:T:C	0.00277746	0.000112881	3.20296	2.55953	X	134648142	T	C	0.010481380885627552	1.9795814967891694
X:134647569:A:C	0.00277746	0.000112881	3.20296	2.55953	X	134647569	A	C	0.010481380885627552	1.9795814967891694
X:153160736:C:A	5.81998e-05	0.00522876	-4.49805	-2.55951	X	153160736	C	A	0.010481984010876464	1.979556507101792
X:103283510:A:G	1.58535e-05	0.0149259	-6.84746	-2.5594	X	103283510	A	G	0.010485301751670038	1.9794190666579141
X:32606805:C:CG	0.0202691	0.00231767	2.16853	2.55901	X	32606805	C	CG	0.01049707217992181	1.978931816493347
X:24181096:C:A	7.4365e-05	0.000942063	-2.53909	-2.55895	X	24181096	C	A	0.01049888405794676	1.9788568602854795
X:74375686:T:C	0.00132076	5.372e-05	3.20218	2.55887	X	74375686	T	C	0.010501300328093328	1.9787569208966835
X:5716071:A:G	0.00238229	0.00025652	2.22861	2.55847	X	5716071	A	G	0.010513389100807428	1.9782572620385697
X:153322433:T:C	0.0117538	0.000500589	3.15615	2.55796	X	153322433	T	C	0.010528820239177209	1.9776202890537882
X:79212443:C:T	4.76139e-05	0.00426852	-4.4959	-2.55777	X	79212443	C	T	0.010534574243686104	1.9773830117743587
X:45148175:G:A	0.000769987	3.13595e-05	3.20086	2.55773	X	45148175	G	A	0.010535785969420876	1.9773330604877695
X:45148176:A:T	0.000769987	3.13595e-05	3.20086	2.55773	X	45148176	A	T	0.010535785969420876	1.9773330604877695
X:82543741:T:G	2.04026e-05	0.00182886	-4.49579	-2.55768	X	82543741	T	G	0.01053730080093329	1.9772706222721292
X:96218039:C:CA	3.32063e-05	0.114323	-8.14404	-2.5576	X	96218039	C	CA	0.010539724934330889	1.9771707231899873
X:31766418:C:T	0.000188056	0.00987793	-3.96132	-2.5573	X	31766418	C	T	0.010548819853199918	1.9767961242441747
X:31766144:T:A	0.000188056	0.00987793	-3.96132	-2.5573	X	31766144	T	A	0.010548819853199918	1.9767961242441747
X:144145456:T:C	0.00602824	0.0762534	-2.53761	-2.55726	X	144145456	T	C	0.010550033036343609	1.976746180415647
X:127965936:CT:C	0.0649529	1.5423e-05	8.34556	2.5572	X	127965936	CT	C	0.010551853043756245	1.9766712658629582
X:46024729:C:T	0.000135991	0.00555594	-3.71003	-2.5567	X	46024729	C	T	0.01056703063609934	1.9760470334614797
X:32601199:G:A	0.0224361	0.00257162	2.16614	2.5564	X	32601199	G	A	0.010576146509206772	1.9756725416236267
X:27537527:G:A	1.74456e-05	0.0838834	-8.47809	-2.55629	X	27537527	G	A	0.010579490748114683	1.9755352368950283
X:107270049:G:A	3.31227e-05	0.000903841	-3.30643	-2.55573	X	107270049	G	A	0.01059653055082558	1.9748363054212803
X:116549780:A:AC	3.99912e-05	0.192572	-8.47957	-2.55545	X	116549780	A	AC	0.010605059602197658	1.9744868863333869
X:79845484:G:A	0.000142224	0.00317073	-3.10431	-2.5553	X	79845484	G	A	0.01060963124790603	1.974299710328879
X:139471743:A:G	0.000836058	9.487e-05	2.17619	2.55485	X	139471743	A	G	0.01062335670305595	1.9737382358649684
X:25085093:C:T	4.86868e-05	0.00434842	-4.49216	-2.55475	X	25085093	C	T	0.010626408947842959	1.973613474670016
X:89164601:A:G	2.54105e-05	0.000373106	-2.6867	-2.55464	X	89164601	A	G	0.01062976731786715	1.9734762419369414
X:34158448:C:T	2.59439e-05	0.0888243	-8.13848	-2.55445	X	34158448	C	T	0.010635570362110002	1.9732392148844302
X:139282406:G:T	0.000846918	0.0161125	-2.94575	-2.55432	X	139282406	G	T	0.010639542489181893	1.9730770467304144
X:5226092:G:A	0.0010183	0.000119899	2.13924	2.55363	X	5226092	G	A	0.010660647409509784	1.972216420277552
X:5225968:G:A	0.0010183	0.000119899	2.13924	2.55363	X	5225968	G	A	0.010660647409509784	1.972216420277552
X:95483354:AATAT:A	0.132592	1.97325e-05	8.81276	2.55327	X	95483354	AATAT	A	0.010671673444100577	1.9717674727449004
X:88363811:C:T	0.000842199	0.0080807	-2.26122	-2.55321	X	88363811	C	T	0.010673512102107775	1.971692653153674
X:86765848:G:A	0.000112842	0.00541518	-3.87097	-2.55318	X	86765848	G	A	0.010674431536742982	1.9716552438935089
X:15906825:A:T	2.33549e-05	0.0217551	-6.8368	-2.55314	X	15906825	A	T	0.010675657559144066	1.9716053654352341
X:73294794:CAA:C	0.033717	1.24802e-05	7.90161	2.55247	X	73294794	CAA	C	0.010696212056756516	1.9707699955958955
X:127097244:C:T	0.00406586	4.14095e-05	4.58687	2.55233	X	127097244	C	T	0.010700511468435371	1.9705954631923255
X:53958043:AT:A	0.0709143	7.25889e-05	6.88442	2.55225	X	53958043	AT	A	0.010702968964966395	1.9704957338804754
X:142937054:C:T	0.000249536	0.0222118	-4.48878	-2.55201	X	142937054	C	T	0.010710344465843645	1.9701965611747396
X:136409048:GAC:G	0.0571299	5.85167e-05	6.88377	2.55188	X	136409048	GAC	G	0.010714341415403623	1.9700345188308654
X:31674672:G:A	0.00184782	0.000254611	1.98202	2.55185	X	31674672	G	A	0.010715263976699493	1.9699971253956687
X:82103539:T:C	6.7747e-05	0.000943894	-2.63423	-2.55143	X	82103539	T	C	0.010728187253058156	1.9694736547817226
X:70687024:C:T	1.50316e-05	0.0718349	-8.47197	-2.55121	X	70687024	C	T	0.010734962117334925	1.969199483809142
X:80960566:T:C	0.000747859	0.0176187	-3.1595	-2.5512	X	80960566	T	C	0.010735270156071562	1.9691870219482883
X:5493138:CATCT:C	0.00265717	0.000164703	2.78087	2.55119	X	5493138	CATCT	C	0.010735578202666966	1.9691745601270947
X:88360493:A:G	0.000888326	0.00795314	-2.19198	-2.55095	X	88360493	A	G	0.01074297367903349	1.9688754883161417
X:22501419:C:T	0.00154775	0.017772	-2.44082	-2.55094	X	22501419	C	T	0.010743281922153668	1.9688630274864214
X:4947777:A:G	0.000251281	0.00476262	-2.94198	-2.55071	X	4947777	A	G	0.01075037368450397	1.968576439348616
X:153162913:G:GCA	4.69732e-05	0.00110609	-3.15901	-2.55069	X	153162913	G	GCA	0.010750990556138797	1.9685515196324415
X:99265798:G:GCT	5.36212e-05	0.255341	-8.46841	-2.55068	X	99265798	G	GCT	0.010751299003757292	1.9685390598338415
X:134505065:C:T	0.00814954	0.00134414	1.80221	2.55043	X	134505065	C	T	0.010759012751635145	1.9682275777577243
X:97238584:T:C	4.31378e-05	0.20585	-8.4705	-2.55039	X	97238584	T	C	0.010760247407794429	1.9681777429257048
X:92926097:T:C	0.00556159	0.000610152	2.20993	2.55037	X	92926097	T	C	0.010760864783108632	1.9681528257476413
X:92926908:T:C	0.00556159	0.000610152	2.20993	2.55037	X	92926908	T	C	0.010760864783108632	1.9681528257476413
X:73305235:T:G	1.98878e-05	0.000935919	-3.85142	-2.55011	X	73305235	T	G	0.010768893528415691	1.96782891686816
X:80740842:G:A	9.61583e-05	0.0136815	-4.95781	-2.54998	X	80740842	G	A	0.010772909897777303	1.9676669724815423
X:73324428:T:A	2.49895e-05	0.00117575	-3.8512	-2.54994	X	73324428	T	A	0.01077414597162063	1.967617144787845
X:109568126:G:A	0.00861375	0.00048948	2.86777	2.54987	X	109568126	G	A	0.01077630940424019	1.9675299478506654
X:18562608:A:G	2.61463e-05	0.124627	-8.46937	-2.54976	X	18562608	A	G	0.010779709864349745	1.9673929280182594
X:12771834:CT:C	0.0365999	0.00321513	2.43218	2.54971	X	12771834	CT	C	0.010781255843352237	1.967330647862521
X:95863915:T:G	0.00203066	0.0254814	-2.52959	-2.5491	X	95863915	T	G	0.010800132664266772	1.9665709097903519
X:82103161:C:T	6.81257e-05	0.000946665	-2.63159	-2.54905	X	82103161	C	T	0.010801681246734519	1.9665086427210736
X:82103194:C:T	6.81257e-05	0.000946665	-2.63159	-2.54905	X	82103194	C	T	0.010801681246734519	1.9665086427210736
X:101810669:G:GTCT	2.61354e-05	0.0241702	-6.82958	-2.54891	X	101810669	G	GTCT	0.010806018327791206	1.9663343002012432
X:134651794:G:A	0.00257505	0.000106002	3.19017	2.54857	X	134651794	G	A	0.010816557684391534	1.9659109292972177
X:116554652:T:A	5.37497e-05	0.00217653	-3.70115	-2.54839	X	116554652	T	A	0.010822141042184721	1.9656868103181122
X:131960067:CAAAA:C	0.00331361	9.42653e-05	3.55968	2.5482	X	131960067	CAAAA	C	0.010828037365703464	1.9654502542230285
X:90149150:A:G	0.00385458	0.000239632	2.77791	2.54816	X	90149150	A	G	0.010829279060782845	1.9654004547639308
X:74379750:C:A	6.15795e-05	0.00144572	-3.15603	-2.54763	X	74379750	C	A	0.010845743473599352	1.9647406718273366
X:26860166:T:C	3.77331e-05	0.00333986	-4.48315	-2.54746	X	26860166	T	C	0.010851029222580157	1.964529066931747
X:13761290:A:AT	0.00871048	0.000804559	2.38199	2.54746	X	13761290	A	AT	0.010851029222580157	1.964529066931747
X:66963750:GT:G	0.0162469	6.06587e-06	7.89298	2.54743	X	66963750	GT	G	0.010851962239461398	1.9644917260809243
X:42668382:CA:C	0.00140152	2.48568e-05	4.03218	2.54739	X	42668382	CA	C	0.010853206372891862	1.9644419388349605
X:85905346:C:G	0.000620149	0.0295654	-3.8644	-2.5471	X	85905346	C	G	0.010862230132403677	1.9640810002752755
X:145005831:G:T	0.00580606	0.00057614	2.31031	2.54705	X	145005831	G	T	0.010863786626823075	1.9640187728595366
X:101809868:G:T	2.62187e-05	0.0241702	-6.8264	-2.54704	X	101809868	G	T	0.010864097949494606	1.9640063274953437
X:101809080:C:T	2.62187e-05	0.0241702	-6.8264	-2.54704	X	101809080	C	T	0.010864097949494606	1.9640063274953437
X:101808941:G:T	2.62187e-05	0.0241702	-6.8264	-2.54704	X	101808941	G	T	0.010864097949494606	1.9640063274953437
X:36937012:G:GAGAAAGAAAGAA	4.26227e-05	0.202129	-8.46427	-2.54691	X	36937012	G	GAGAAAGAAAGAA	0.010868145865881501	1.9638445413691341
X:27701890:G:GA	0.00797383	0.000908849	2.17174	2.54678	X	27701890	G	GA	0.010872195122748538	1.9636827619440167
X:150727547:G:A	0.000496785	0.00779442	-2.75301	-2.54662	X	150727547	G	A	0.01087718066424878	1.9634836580044848
X:27538524:T:G	0.0838834	2.02947e-05	8.32682	2.5463	X	27538524	T	G	0.01088715784340556	1.963085480577245
X:153157768:G:T	5.99435e-05	0.00529776	-4.48164	-2.54624	X	153157768	G	T	0.010889029469746533	1.963010826829793
X:19849266:C:T	3.1693e-05	0.106887	-8.12343	-2.54595	X	19849266	C	T	0.010898079695613131	1.9626500205061932
X:115974727:GTT:G	0.0425729	0.00130203	3.48729	2.54544	X	115974727	GTT	G	0.01091401182706282	1.9620155799256658
X:82098955:C:G	8.33141e-05	0.00115299	-2.6275	-2.54536	X	82098955	C	G	0.01091651286220611	1.9619160691917747
X:80614377:G:GTA	7.06645e-07	9.99232e-05	-4.95163	-2.54525	X	80614377	G	GTA	0.010919952617194003	1.9617792460759544
X:86749287:C:A	6.90285e-05	0.0634382	-6.8233	-2.54522	X	86749287	C	A	0.010920890899346102	1.961741931513349
X:78996550:G:A	0.0426778	6.4511e-06	8.79718	2.54511	X	78996550	G	A	0.010924331880250257	1.9616051145033835
X:27538114:C:T	0.0838834	2.03366e-05	8.32476	2.5451	X	27538114	C	T	0.010924644744468484	1.961592676831276
X:84920814:G:T	1.68668e-05	0.0567866	-8.12171	-2.54498	X	84920814	G	T	0.010928399736235323	1.9614434278585373
X:99800057:A:G	2.24242e-05	0.000904639	-3.69739	-2.54488	X	99800057	A	G	0.010931529772163604	1.9613190580758644
X:153166218:A:G	0.00137984	2.45448e-05	4.02922	2.54488	X	153166218	A	G	0.010931529772163604	1.9613190580758644
X:27524627:G:A	0.0425906	4.41779e-05	6.87116	2.54474	X	27524627	G	A	0.010935913160886985	1.9611449470409412
X:86753938:TA:T	0.0637805	6.62183e-05	6.87025	2.54422	X	86753938	TA	T	0.01095220799749977	1.9604983169459593
X:117359329:A:T	0.000120247	0.00561796	-3.84418	-2.54421	X	117359329	A	T	0.010952521571079388	1.960485882802467
X:27219792:C:T	6.68485e-05	0.0058902	-4.47862	-2.5438	X	27219792	C	T	0.010965384958933901	1.959976117054762
X:137911334:C:T	7.38855e-05	0.0677269	-6.82072	-2.54371	X	137911334	C	T	0.01096821042567636	1.9598642261768353
X:10267860:T:C	0.000229054	0.00281393	-2.50838	-2.54347	X	10267860	T	C	0.01097574816671229	1.959565866202003
X:73302167:A:C	0.0358706	1.34892e-05	7.88578	2.54323	X	73302167	A	C	0.010983290510437244	1.9592675290628105
X:95009825:AAT:A	0.0256255	0.00255203	2.3067	2.54321	X	95009825	AAT	A	0.010983919246915715	1.9592426686653126
X:101340436:CA:C	0.0359572	0.00205786	2.86066	2.5428	X	101340436	CA	C	0.010996815394505706	1.9587330654632233
X:88204826:C:T	8.16286e-05	0.00387278	-3.85955	-2.54261	X	88204826	C	T	0.01100279621861404	1.95849693047892
X:95162544:T:C	0.000360025	5.32172e-05	1.91179	2.54256	X	95162544	T	C	0.01100437059998101	1.958434792072201
X:147064085:G:A	0.00427838	0.0384644	-2.19616	-2.5423	X	147064085	G	A	0.011012560610164831	1.9581116883335667
X:4595050:C:A	0.000422153	0.00518043	-2.50728	-2.54227	X	4595050	C	A	0.01101350595975672	1.9580744088574356
X:66963562:G:GT	5.44053e-06	0.025521	-8.45338	-2.54197	X	66963562	G	GT	0.011022963422094854	1.957701633719344
X:19837462:CT:C	0.00384456	4.00772e-06	6.86619	2.54192	X	19837462	CT	C	0.011024540367143443	1.9576395079983933
X:84552544:CT:C	0.0422343	4.40283e-05	6.86615	2.5419	X	84552544	CT	C	0.011025171201283806	1.9576146579875096
X:88204373:A:AT	8.81827e-05	0.00354316	-3.69336	-2.54111	X	88204373	A	AT	0.011050114816898509	1.9566332093918668
X:73324253:T:G	2.52619e-05	0.00117575	-3.84036	-2.5411	X	73324253	T	G	0.011050430879945304	1.9566207875775778
X:110072093:G:A	0.0103396	0.00104144	2.29538	2.54102	X	110072093	G	A	0.011052959673470994	1.9565214144903387
X:110072118:T:A	0.0103396	0.00104144	2.29538	2.54102	X	110072118	T	A	0.011052959673470994	1.9565214144903387
X:110072088:G:A	0.0103396	0.00104144	2.29538	2.54102	X	110072088	G	A	0.011052959673470994	1.9565214144903387
X:21021162:CAG:C	0.00322159	0.000384803	2.1249	2.54063	X	21021162	CAG	C	0.011065294905750613	1.9560370070206405
X:77285645:T:TAACA	0.00201806	0.000168165	2.48495	2.54035	X	77285645	T	TAACA	0.011074158510587117	1.9556892644812436
X:28713622:T:A	0.000144754	0.0126978	-4.47415	-2.54019	X	28713622	T	A	0.011079226259065975	1.9554905684118784
X:32252641:TATATATAAATACAA:T	0.0614458	0.00109917	4.0236	2.5401	X	32252641	TATATATAAATACAA	T	0.01108207777285985	1.9553788063322821
X:91566330:C:T	2.77679e-05	0.129984	-8.45128	-2.53964	X	91566330	C	T	0.01109666236117672	1.9548076280686324
X:46039246:C:T	0.000128514	0.00607142	-3.85531	-2.53868	X	46039246	C	T	0.011127154697629404	1.953615874038562
X:142071036:A:T	0.112775	0.00747694	2.71357	2.53858	X	142071036	A	T	0.01113033525895011	1.953491754001394
X:134420171:G:A	1.8175e-05	0.0848942	-8.44912	-2.53843	X	134420171	G	A	0.011135107615072986	1.9533055813774487
X:117797345:C:CAA	0.000368427	0.0147607	-3.69048	-2.53842	X	117797345	C	CAA	0.011135425836763232	1.953293170186275
X:143080994:A:G	0.00377798	0.0827522	-3.08666	-2.53838	X	143080994	A	G	0.011136698804305014	1.9532435258179404
X:131496835:T:A	0.000396341	2.62846e-05	2.71329	2.53831	X	131496835	T	A	0.011138926808535848	1.9531566496993384
X:44592057:T:G	0.0365337	0.00305154	2.48259	2.53802	X	44592057	T	G	0.011148161330102687	1.9527967550406862
X:27535860:A:G	1.80073e-05	0.0838834	-8.44641	-2.53792	X	27535860	A	G	0.011151347224213511	1.952672661163164
X:115391192:T:C	3.74675e-05	0.174532	-8.44639	-2.53791	X	115391192	T	C	0.011151665858097858	1.9526602519934058
X:73092405:G:T	0.000216597	0.00245861	-2.42931	-2.53747	X	73092405	G	T	0.011165693757346638	1.9521142877625335
X:4597434:CA:C	0.000428903	0.00523991	-2.50283	-2.53742	X	4597434	CA	C	0.011167288828091397	1.9520522512278948
X:148640445:C:G	0.19239	7.30947e-05	7.87552	2.53724	X	148640445	C	G	0.011173032758643342	1.9518289279074648
X:95163367:G:A	2.94557e-05	0.000488769	-2.809	-2.53684	X	95163367	G	A	0.011185806444339974	1.9513326998372325
X:95163147:C:T	2.94557e-05	0.000488769	-2.809	-2.53684	X	95163147	C	T	0.011185806444339974	1.9513326998372325
X:4585914:G:GGGA	0.00442114	0.000491408	2.19688	2.53677	X	4585914	G	GGGA	0.011188043172346248	1.9512458664446317
X:70671145:T:C	1.96675e-05	0.0915616	-8.4458	-2.53658	X	70671145	T	C	0.011194116293704004	1.9510101855969162
X:138227001:T:C	6.02821e-05	0.00526372	-4.46956	-2.53647	X	138227001	T	C	0.011197633649377137	1.9508737453297482
X:152404734:TA:T	0.0199419	0.00083277	3.17582	2.53627	X	152404734	TA	T	0.011204031356310543	1.9506256844027727
X:127095764:G:A	3.55331e-05	0.0321366	-6.80729	-2.53582	X	127095764	G	A	0.011218438067530251	1.9500676052788546
X:128126259:A:T	1.32639e-05	0.0616449	-8.4441	-2.53563	X	128126259	A	T	0.01122452583904772	1.949831995966914
X:43134833:T:C	0.000364619	0.00394452	-2.38123	-2.53561	X	43134833	T	C	0.011225166827734709	1.9498071958189627
X:79127288:T:A	0.000901779	5.19885e-05	2.85335	2.53552	X	79127288	T	A	0.011228051679117609	1.9496955971149093
X:91564330:T:C	2.79766e-05	0.129984	-8.4438	-2.53546	X	91564330	T	C	0.011229975279136693	1.949621199762259
X:127924656:T:G	0.013554	1.42966e-05	6.85441	2.53525	X	127924656	T	G	0.011236710184107667	1.9493608202632502
X:127921924:A:G	0.0135548	1.43034e-05	6.854	2.53501	X	127921924	A	G	0.01124441161025209	1.9490632650932955
X:127921493:T:A	0.0135548	1.43034e-05	6.854	2.53501	X	127921493	T	A	0.01124441161025209	1.9490632650932955
X:27013577:TATAC:T	0.00886546	0.000255855	3.54531	2.53476	X	27013577	TATAC	T	0.011252438913185435	1.948753336064533
X:87150701:CTTTTTTTT:C	0.0675308	2.57775e-05	7.87084	2.5345	X	87150701	CTTTTTTTT	C	0.011260792706085022	1.9484310361488997
X:27701074:C:T	0.00738567	0.000973877	2.02601	2.53418	X	27701074	C	T	0.011271081857181052	1.9480343961052555
X:27700464:C:G	0.00738567	0.000973877	2.02601	2.53418	X	27700464	C	G	0.011271081857181052	1.9480343961052555
X:27701785:T:G	0.00738567	0.000973877	2.02601	2.53418	X	27701785	T	G	0.011271081857181052	1.9480343961052555
X:27701137:A:G	0.00738567	0.000973877	2.02601	2.53418	X	27701137	A	G	0.011271081857181052	1.9480343961052555
X:148644854:A:G	0.06528	6.90965e-05	6.85094	2.53328	X	148644854	A	G	0.011300064865468572	1.9469190635401012
X:24190892:C:T	2.81181e-05	0.130104	-8.43968	-2.53316	X	24190892	C	T	0.011303934262190899	1.946770376783238
X:16518625:G:A	0.000124776	0.00728956	-4.06768	-2.53309	X	16518625	G	A	0.011306191953525273	1.9466836454768965
X:70657455:TA:T	0.00296404	3.09237e-05	4.56279	2.53307	X	70657455	TA	T	0.011306837081725299	1.9466588654602937
X:126760953:C:T	7.43429e-05	0.343801	-8.43913	-2.53285	X	126760953	C	T	0.011313935649372255	1.946386295738973
X:27531234:A:G	1.83553e-05	0.0847467	-8.4375	-2.53276	X	27531234	A	G	0.01131684074914676	1.9462747954717123
X:109178716:G:A	4.20844e-05	4.88578e-06	2.15335	2.53265	X	109178716	G	A	0.011320392326065666	1.9461385217261122
X:126760061:C:A	7.4375e-05	0.343801	-8.4387	-2.53261	X	126760061	C	A	0.011321684053919055	1.9460889688255707
X:27700004:C:T	0.00737444	0.000973877	2.02449	2.53256	X	27700004	C	T	0.011323298897765082	1.9460270285914667
X:27700369:A:G	0.00737444	0.000973877	2.02449	2.53256	X	27700369	A	G	0.011323298897765082	1.9460270285914667
X:146929231:G:A	0.00696965	0.000804813	2.15871	2.53254	X	146929231	G	A	0.011323944892561534	1.946002252775203
X:46027380:A:AT	8.7934e-05	0.00292726	-3.50524	-2.53239	X	46027380	A	AT	0.011328790896612895	1.9458164392054444
X:45149046:T:C	2.41026e-05	0.000802296	-3.50516	-2.53232	X	45149046	T	C	0.011331052995215186	1.9457297292573574
X:88379388:C:CA	0.0105632	0.00187003	1.73142	2.53216	X	88379388	C	CA	0.011336225012275837	1.9455315423812811
X:146054597:C:T	0.000266592	0.00317413	-2.47707	-2.5321	X	146054597	C	T	0.011338165058970005	1.9454572249179827
X:95161936:G:A	3.80611e-05	0.0342024	-6.80086	-2.53205	X	95161936	G	A	0.011339781989715277	1.9453952947882425
X:16577187:G:A	0.00287803	0.000483679	1.78344	2.53194	X	16577187	G	A	0.0113433399580016	1.9452590519897626
X:103230929:C:T	0.00282618	0.000421711	1.90236	2.53152	X	103230929	C	T	0.011356934046132056	1.9447388963153212
X:37706980:CAGA:C	0.125936	0.000133726	6.84774	2.53146	X	37706980	CAGA	C	0.011358877238945393	1.9446645940676421
X:82694105:A:G	0.00797758	0.000532817	2.70621	2.53144	X	82694105	A	G	0.011359525035474497	1.944639826968736
X:43356056:T:C	0.000406661	5.37629e-05	2.0234	2.5314	X	43356056	T	C	0.011360820726928051	1.944590293246404
X:91565270:C:T	3.17082e-05	0.104214	-8.09763	-2.53137	X	91565270	C	T	0.011361792581619692	1.9445531433706995
X:148634934:T:G	8.012e-05	0.36847	-8.43359	-2.53049	X	148634934	T	G	0.011390333174822624	1.9434635723326006
X:139787993:C:A	0.00427435	4.47537e-05	4.55921	2.53021	X	139787993	C	A	0.011399427609994755	1.943116954984728
X:75916238:T:G	0.000925274	0.000138228	1.90118	2.53014	X	75916238	T	G	0.011401702225717823	1.9430303055013582
X:15911520:C:G	2.42909e-05	0.0217549	-6.79749	-2.53007	X	15911520	C	G	0.01140397724433329	1.942943657959416
X:15911546:C:G	2.42909e-05	0.0217549	-6.79749	-2.53007	X	15911546	C	G	0.01140397724433329	1.942943657959416
X:118460786:C:T	0.0975995	0.0137367	1.9608	2.52931	X	118460786	C	T	0.011428703396174753	1.9420030381810993
X:31764845:A:T	0.000175672	0.0152038	-4.46069	-2.5293	X	31764845	A	T	0.011429029057228432	1.941990663130435
X:31764844:T:A	0.000175672	0.0152038	-4.46069	-2.5293	X	31764844	T	A	0.011429029057228432	1.941990663130435
X:100913383:TAC:T	0.0234623	0.000425395	4.01013	2.52864	X	100913383	TAC	T	0.011450540907309474	1.941173997384254
X:142422397:GGAC:G	9.07896e-05	0.416187	-8.43034	-2.52861	X	142422397	GGAC	G	0.011451519572030382	1.9411368803144982
X:79738144:G:A	0.00171983	5.36404e-05	3.46768	2.52846	X	79738144	G	A	0.01145641400936981	1.940951300314161
X:94156486:C:T	0.000587902	0.00689399	-2.46184	-2.52829	X	94156486	C	T	0.011461963282882558	1.940740987089841
X:88360063:A:G	0.000845497	0.00790719	-2.2356	-2.52772	X	88360063	A	G	0.011480587084903056	1.9400359027730167
X:88360061:A:T	0.000845497	0.00790719	-2.2356	-2.52772	X	88360061	A	T	0.011480587084903056	1.9400359027730167
X:150731903:T:G	0.000597961	0.0073367	-2.50712	-2.52768	X	150731903	T	G	0.011481895026310926	1.9399864280050927
X:79003995:G:T	1.46519e-05	0.000337356	-3.13657	-2.52764	X	79003995	G	T	0.01148320309996779	1.9399369538710316
X:79004045:G:GA	1.46519e-05	0.000337356	-3.13657	-2.52764	X	79004045	G	GA	0.01148320309996779	1.9399369538710316
X:9420217:T:C	0.00011204	0.00568166	-3.92615	-2.52757	X	9420217	T	C	0.011485492547125307	1.9398503756616559
X:15066110:C:T	5.98225e-05	0.0533369	-6.793	-2.52744	X	15066110	C	T	0.011489745452381519	1.9396895927086377
X:27540970:A:C	0.0838834	2.09644e-05	8.29436	2.52741	X	27540970	A	C	0.011490727090516916	1.939652489901035
X:136421431:C:T	0.00628421	0.000185835	3.52094	2.52699	X	136421431	C	T	0.011504477842031504	1.939133088031459
X:32279983:C:T	0.000361799	0.0143102	-3.67764	-2.52641	X	32279983	C	T	0.01152349098321567	1.938415933666787
X:70674100:G:A	1.81167e-05	0.0827919	-8.42725	-2.52621	X	70674100	G	A	0.011530053701664633	1.938168669957486
X:90149389:A:G	0.00410482	0.000260739	2.7564	2.52615	X	90149389	A	G	0.011532023163871774	1.9380944939345766
X:90149252:G:A	0.00410482	0.000260756	2.75633	2.52608	X	90149252	G	A	0.011534321247094121	1.9380079570436033
X:28943568:T:G	4.11985e-05	0.00131599	-3.46395	-2.52553	X	28943568	T	G	0.011552391761008106	1.937328091869385
X:153460821:G:T	0.000127163	0.00502422	-3.67656	-2.5254	X	153460821	G	T	0.011556666642447307	1.9371674139734187
X:84729096:C:T	8.13239e-05	0.00259537	-3.46304	-2.52471	X	84729096	C	T	0.011579379904268145	1.9363146972031697
X:19847464:G:GAGA	2.95757e-05	0.0960222	-8.08538	-2.52445	X	19847464	G	GAGA	0.011587948794291038	1.9359934325575041
X:148636809:GA:G	0.192393	7.47371e-05	7.85332	2.52427	X	148636809	GA	G	0.01159388439834236	1.9357710342578387
X:37432322:A:G	0.201767	3.17387e-05	8.75733	2.52422	X	37432322	A	G	0.011595533655935871	1.9357092592299678
X:37432310:TCTC:T	0.201767	3.17387e-05	8.75733	2.52422	X	37432310	TCTC	T	0.011595533655935871	1.9357092592299678
X:37432321:C:T	0.201767	3.17387e-05	8.75733	2.52422	X	37432321	C	T	0.011595533655935871	1.9357092592299678
X:26026181:G:GTATC	0.000236353	0.00753822	-3.46242	-2.52414	X	26026181	G	GTATC	0.011598172901083288	1.9356104212450995
X:39199452:T:C	0.0039805	0.0858867	-3.07162	-2.52395	X	39199452	T	C	0.011604443244638137	1.93537569119098
X:73235465:A:G	1.10583e-05	0.0358586	-8.08416	-2.52376	X	73235465	A	G	0.011610716595860493	1.935140975435935
X:83879742:T:TAC	0.000362852	4.22502e-05	2.15039	2.52345	X	83879742	T	TAC	0.011620958523708702	1.9347580488485232
X:19636162:A:G	7.36753e-05	0.0652238	-6.78591	-2.52327	X	19636162	A	G	0.011626909127314058	1.9345357218458896
X:79849004:A:G	0.00270962	0.000182508	2.69777	2.52324	X	79849004	A	G	0.011627901157375492	1.9344986685931174
X:4732739:TTA:T	0.00135532	0.016587	-2.50459	-2.52315	X	4732739	TTA	T	0.011630877698159407	1.9343875109736481
X:85924059:T:G	0.000222292	0.0128285	-4.05543	-2.5231	X	85924059	T	G	0.01163253162401874	1.9343257581268967
X:3565138:TA:T	0.00296245	0.000147764	2.99816	2.52308	X	3565138	TA	T	0.011633193252787194	1.9343010572654529
X:142156316:A:G	0.0412155	0.00508175	2.09316	2.52271	X	142156316	A	G	0.011645439408802583	1.9338441199057763
X:8928469:T:C	0.000354106	0.00745023	-3.0464	-2.52239	X	8928469	T	C	0.011656039900798833	1.9334489745644992
X:103293543:T:C	0.000127295	0.00640438	-3.91823	-2.52088	X	103293543	T	C	0.011706176564439561	1.9315849297021468
X:36938016:A:G	0.248622	6.28874e-05	8.28234	2.52042	X	36938016	A	G	0.011721487954085985	1.9310172544244653
X:101808950:C:T	0.0241702	2.62187e-05	6.8264	2.51937	X	101808950	C	T	0.011756504438390934	1.9297217878503918
X:101808665:G:A	0.0241702	2.62187e-05	6.8264	2.51937	X	101808665	G	A	0.011756504438390934	1.9297217878503918
X:15901997:C:T	1.8915e-05	0.085277	-8.41371	-2.51896	X	15901997	C	T	0.01177020271042374	1.929216057525269
X:69720038:G:A	3.43637e-05	0.154973	-8.41401	-2.51881	X	69720038	G	A	0.011775217809237423	1.9290310508678512
X:15912948:AGAT:A	2.47727e-05	0.0217545	-6.77783	-2.51853	X	15912948	AGAT	A	0.011784584398122303	1.9286857289465993
X:51283096:G:A	3.94214e-05	0.17766	-8.41332	-2.51842	X	51283096	G	A	0.011788265937055118	1.9285500752574019
X:122288129:T:C	0.00767764	0.00095102	2.08853	2.51836	X	122288129	T	C	0.011790274479112565	1.928476084355596
X:47472433:CTT:C	0.0157834	0.000703227	3.11104	2.51806	X	47472433	CTT	C	0.011800321742925238	1.9281061512301392
X:104872484:A:G	1.65139e-05	0.0743156	-8.41187	-2.5179	X	104872484	A	G	0.011805683387909712	1.92790886813562
X:90133932:T:C	0.00562005	0.000177454	3.45539	2.51781	X	90133932	T	C	0.011808700262582513	1.9277979008497903
X:4734461:ATGTGTGTGTGTGTGTG:A	0.00124626	0.017623	-2.64906	-2.5171	X	4734461	ATGTGTGTGTGTGTGTG	A	0.011832524034231701	1.9269226047197947
X:12036453:A:G	8.41749e-05	0.00119003	-2.64884	-2.51688	X	12036453	A	G	0.011839914693001649	1.9266514267087171
X:116283609:CTA:C	0.0580648	0.00259186	3.10918	2.51642	X	116283609	CTA	C	0.01185538111842188	1.9260844800690007
X:106805072:C:CTT	3.30701e-05	0.00152353	-3.83016	-2.51539	X	106805072	C	CTT	0.011890077450572852	1.924815316428671
X:134122467:A:G	6.58862e-05	0.0574962	-6.77155	-2.51484	X	134122467	A	G	0.011908641469874184	1.9241377797254
X:7469984:G:A	0.000461642	0.00842739	-2.90445	-2.51475	X	7469984	G	A	0.011911681664008866	1.9240269214858743
X:49605908:A:AAATAAT	3.94504e-05	0.176527	-8.40619	-2.51444	X	49605908	A	AAATAAT	0.011922158712001656	1.9236451009860134
X:139761563:C:T	9.25935e-05	0.414261	-8.40603	-2.51435	X	139761563	C	T	0.011925201965617534	1.9235342569997584
X:97233993:T:C	0.000173358	2.62534e-05	1.88757	2.51421	X	97233993	T	C	0.011929937284712705	1.9233618393954415
X:97234169:C:CA	0.000173358	2.62534e-05	1.88757	2.51421	X	97234169	C	CA	0.011929937284712705	1.9233618393954415
X:142430749:T:A	0.350632	5.62296e-05	8.73805	2.51411	X	142430749	T	A	0.011933320676124619	1.923238688714795
X:142431717:G:A	0.350632	5.62296e-05	8.73805	2.51411	X	142431717	G	A	0.011933320676124619	1.923238688714795
X:31672237:G:T	0.00204023	0.00024145	2.13415	2.51398	X	31672237	G	T	0.011937720356826538	1.9230785987488836
X:86975091:C:T	0.000312349	0.012188	-3.66409	-2.51374	X	86975091	C	T	0.011945846622844437	1.9227830656210856
X:91568294:GT:G	0.129984	2.08696e-05	8.73687	2.51349	X	91568294	GT	G	0.011954316698111646	1.922475242862349
X:42810558:A:G	0.0175959	0.000858948	3.01971	2.51347	X	42810558	A	G	0.011954994534094031	1.922450618110594
X:123945581:C:CT	4.69206e-05	0.20945	-8.40378	-2.51321	X	123945581	C	CT	0.011963809503238911	1.922130510748611
X:90494513:C:T	0.000211555	0.00252622	-2.47999	-2.51251	X	90494513	C	T	0.011987570760333181	1.9212688162566052
X:75913268:G:T	7.48991e-05	0.00136368	-2.9018	-2.51221	X	75913268	G	T	0.011997766956818283	1.9208995780003972
X:89958270:T:TACAC	0.000231175	0.0106119	-3.82656	-2.51205	X	89958270	T	TACAC	0.012003208071256226	1.9207026654988408
X:84739069:T:C	1.72392e-05	0.0768003	-8.40178	-2.51204	X	84739069	T	C	0.012003548213528635	1.9206903588039899
X:51301303:G:T	3.73075e-05	0.166131	-8.40133	-2.51172	X	51301303	G	T	0.012014437278789215	1.9202965654709663
X:36937012:G:GAGAA	4.18651e-05	0.132803	-8.06217	-2.51134	X	36937012	G	GAGAA	0.012027379416297725	1.919828988538807
X:45726805:T:TAA	0.000162048	0.0137121	-4.43814	-2.51107	X	45726805	T	TAA	0.01203658265400142	1.9194967975609825
X:103286083:T:C	1.72228e-05	0.0149296	-6.76487	-2.51092	X	103286083	T	C	0.012041698260686672	1.9193122594873309
X:109872919:T:A	0.000446582	0.0204746	-3.82532	-2.5109	X	109872919	T	A	0.01204238048716743	1.919287655083801
X:33820016:T:C	2.18123e-05	0.000848454	-3.66094	-2.51079	X	33820016	T	C	0.012046133345264136	1.919152333694753
X:84504108:T:C	0.00110795	3.33915e-05	3.50196	2.51067	X	84504108	T	C	0.012050228554563149	1.919004715824029
X:99800588:G:A	2.24242e-05	0.000872003	-3.66065	-2.51052	X	99800588	G	A	0.012055349301525067	1.9188202015016167
X:79847806:T:A	0.00271024	0.000184974	2.68458	2.51044	X	79847806	T	A	0.012058081155166283	1.9187217975048105
X:12208465:GA:G	0.0244453	0.00157737	2.74068	2.51006	X	12208465	GA	G	0.012071064954831335	1.9182544131168842
X:70686696:T:TA	1.78256e-05	0.0564042	-8.05966	-2.50992	X	70686696	T	TA	0.012075851582722757	1.9180822332773453
X:97473342:A:T	0.155592	2.51597e-05	8.72975	2.50976	X	97473342	A	T	0.012081324074541527	1.917885465817976
X:43132230:C:T	0.000379775	0.00398566	-2.35088	-2.50934	X	43132230	C	T	0.01209569982507468	1.91736899944962
X:4946811:A:G	0.000258422	0.00468904	-2.89839	-2.50894	X	4946811	A	G	0.012109405109185201	1.9168771916335114
X:125804025:C:T	6.22745e-05	0.275882	-8.39618	-2.50884	X	125804025	C	T	0.012112833579946232	1.9167542495750225
X:126761154:A:G	8.29069e-05	0.367116	-8.39571	-2.50853	X	126761154	A	G	0.012123467307042349	1.916373154347844
X:153157153:C:T	6.28455e-05	0.00529776	-4.43436	-2.50801	X	153157153	C	T	0.012141323105911678	1.9157339832537037
X:148647554:C:T	6.09817e-05	0.192191	-8.05567	-2.50767	X	148647554	C	T	0.01215301064872338	1.915316121558629
X:127949997:T:C	1.57217e-05	0.0135528	-6.75931	-2.50766	X	127949997	T	C	0.012153354550864446	1.9153038322014204
X:127950699:T:TAAAAGTA	1.57217e-05	0.0135528	-6.75931	-2.50766	X	127950699	T	TAAAAGTA	0.012153354550864446	1.9153038322014204
X:89847779:A:T	9.01475e-05	0.00411807	-3.82169	-2.50755	X	89847779	A	T	0.012157138043640409	1.9151686518843782
X:78996300:T:C	8.70323e-06	0.000272407	-3.4436	-2.50709	X	78996300	T	C	0.012172971233997446	1.914603404265043
X:34198882:A:AGTGTGTGT	2.99895e-05	0.132432	-8.39298	-2.50694	X	34198882	A	AGTGTGTGT	0.012178138180219527	1.914419102496442
X:146055214:C:G	0.000266592	0.00309938	-2.45324	-2.50607	X	146055214	C	G	0.012208144810544965	1.9133503278453217
X:77036530:T:TA	5.38463e-06	0.0237232	-8.39066	-2.50576	X	77036530	T	TA	0.012218852648284699	1.9129695724823925
X:30699368:CT:C	0.228446	5.93037e-05	8.25638	2.50532	X	30699368	CT	C	0.012234065157605814	1.9124292108160401
X:67974023:G:A	0.000204018	0.0026573	-2.56686	-2.50442	X	67974023	G	A	0.012265233930668439	1.9113241642264822
X:32550040:G:A	0.0921999	0.00382088	3.18348	2.50407	X	32550040	G	A	0.01227737410710156	1.9108945104540593
X:93930447:CATCTATCTATCT:C	0.0100491	0.00153545	1.87866	2.50379	X	93930447	CATCTATCTATCT	C	0.012287093911992175	1.9105508223394871
X:12774047:G:A	0.00327401	0.0458773	-2.63995	-2.50348	X	12774047	G	A	0.012297863075929569	1.9101703466873103
X:66956379:GTTT:G	0.0123934	1.38276e-05	6.79826	2.50342	X	66956379	GTTT	G	0.012299948395801171	1.910096710630993
X:69726760:T:C	3.86309e-05	0.169372	-8.3858	-2.50304	X	69726760	T	C	0.01231316269763489	1.9096303820227811
X:87341550:A:T	0.000256787	0.014448	-4.03007	-2.50241	X	87341550	A	T	0.012335098329511445	1.9088573841722978
X:98652765:GCGCGCACA:G	0.0297596	0.000322643	4.52436	2.50234	X	98652765	GCGCGCACA	G	0.012337537757473807	1.9087715052169425
X:31761037:C:G	0.000228675	0.0112441	-3.89529	-2.5015	X	31761037	C	G	0.012366844243295379	1.9077411089863197
X:144168126:T:G	0.0634707	0.0109206	1.75993	2.50144	X	144168126	T	G	0.012368939921297922	1.9076675199390938
X:137904630:G:GT	0.0832623	3.36562e-05	7.81355	2.50105	X	137904630	G	GT	0.012382569497398827	1.9071892258529064
