snp_location	chr	pos	nearest_gene	gene_start	gene_end	gene_strand	distance	overlap_type	position_relative	neg_log10_p	std_ihs
X:82539876:T:C	X	82539876	LOC124900496	82561200	82561347	([(82561200, 82561347)],)	21324	regulatory_region	downstream	8.196554223437548	5.80701
X:82539876:T:C	X	82539876	EIF3JP1	82496815	82497945	([(82496815, 82497945)],)	41931	regulatory_region	upstream	8.196554223437548	5.80701
X:82539876:T:C	X	82539876	LOC105373287	82741174	82765924	([(82741174, 82741593), (82747467, 82747624), (82765489, 82765924)],)	201298	distal	downstream	8.196554223437548	5.80701
X:82539876:T:C	X	82539876	LOC105373288	82757856	82800393	([(82757856, 82757984), (82766539, 82766833), (82769180, 82769271), (82775850, 82775994), (82799238, 82800393)],)	217980	distal	downstream	8.196554223437548	5.80701
X:82539876:T:C	X	82539876	LOC105373286	82118975	82125542	([(82118975, 82119453), (82125115, 82125311), (82125419, 82125542)],)	414334	distal	upstream	8.196554223437548	5.80701
X:82540460:T:TTTTTC	X	82540460	LOC124900496	82561200	82561347	([(82561200, 82561347)],)	20740	regulatory_region	downstream	8.15276966386782	5.7901
X:82540460:T:TTTTTC	X	82540460	EIF3JP1	82496815	82497945	([(82496815, 82497945)],)	42515	regulatory_region	upstream	8.15276966386782	5.7901
X:82540460:T:TTTTTC	X	82540460	LOC105373287	82741174	82765924	([(82741174, 82741593), (82747467, 82747624), (82765489, 82765924)],)	200714	distal	downstream	8.15276966386782	5.7901
X:82540460:T:TTTTTC	X	82540460	LOC105373288	82757856	82800393	([(82757856, 82757984), (82766539, 82766833), (82769180, 82769271), (82775850, 82775994), (82799238, 82800393)],)	217396	distal	downstream	8.15276966386782	5.7901
X:82540460:T:TTTTTC	X	82540460	LOC105373286	82118975	82125542	([(82118975, 82119453), (82125115, 82125311), (82125419, 82125542)],)	414918	distal	upstream	8.15276966386782	5.7901
X:57503967:G:T	X	57503967	FAAH2	57121590	57489196	([(57121590, 57121967), (57126884, 57127058), (57292497, 57292580), (57310592, 57310729), (57331597, 57331807), (57341270, 57341390), (57378650, 57378786), (57380911, 57381029), (57431917, 57432037), (57446927, 57447039), (57448523, 57448718), (57488756, 57489196)], [(57286676, 57287017), (57292497, 57292580), (57310592, 57310729), (57341270, 57341390), (57378650, 57378786), (57380911, 57381029), (57381548, 57385773)], [(57286676, 57287017), (57292497, 57292580), (57310592, 57310729), (57331597, 57331807), (57341270, 57341390), (57378650, 57378786), (57380911, 57381029), (57381548, 57389474)], [(57286676, 57287017), (57292497, 57292580), (57310592, 57310729), (57331597, 57331807), (57341270, 57341390), (57378650, 57378786), (57380911, 57381029), (57390354, 57391002)], [(57286676, 57287017), (57292497, 57292580), (57310592, 57310729), (57331597, 57331807), (57341270, 57341390), (57378650, 57378786), (57380911, 57381029), (57392948, 57395581)], [(57286676, 57287017), (57292497, 57292580), (57310592, 57310729), (57341270, 57341390), (57378650, 57378786), (57380911, 57381029), (57446927, 57447039), (57448523, 57448718), (57452130, 57452549)], [(57286676, 57287017), (57292497, 57292580), (57310592, 57310729), (57341270, 57341390), (57378650, 57378786), (57380911, 57381029), (57431917, 57432037), (57446927, 57447039), (57448523, 57448718), (57452130, 57452549)], [(57286676, 57287017), (57292497, 57292580), (57310592, 57310729), (57331597, 57331807), (57341270, 57341390), (57378650, 57378786), (57380911, 57381029), (57446927, 57447039), (57448523, 57448718), (57452130, 57452549)], [(57286676, 57287017), (57292497, 57292580), (57310592, 57310729), (57331597, 57331807), (57341270, 57341390), (57378650, 57378786), (57380911, 57381029), (57431917, 57432037), (57446927, 57447039), (57448523, 57448718), (57452130, 57452549)], [(57286676, 57287017), (57292497, 57292580), (57310592, 57310729), (57341270, 57341390), (57378650, 57378786), (57380911, 57381029), (57488756, 57489196)], [(57286676, 57287017), (57292497, 57292580), (57310592, 57310729), (57341270, 57341390), (57378650, 57378786), (57380911, 57381029), (57446927, 57447039), (57448523, 57448718), (57488756, 57489196)], [(57286676, 57287017), (57292497, 57292580), (57310592, 57310729), (57341270, 57341390), (57378650, 57378786), (57380911, 57381029), (57431917, 57432037), (57446927, 57447039), (57448523, 57448718), (57488756, 57489196)], [(57286676, 57287017), (57292497, 57292580), (57310592, 57310729), (57331597, 57331807), (57341270, 57341390), (57378650, 57378786), (57380911, 57381029), (57488756, 57489196)], [(57286676, 57287017), (57292497, 57292580), (57310592, 57310729), (57331597, 57331807), (57341270, 57341390), (57378650, 57378786), (57380911, 57381029), (57446927, 57447039), (57448523, 57448718), (57488756, 57489196)], [(57286676, 57287017), (57290250, 57290300), (57292497, 57292580), (57310592, 57310729), (57331597, 57331807), (57341270, 57341390), (57378650, 57378786), (57380911, 57381029), (57431917, 57432037), (57446927, 57447039), (57448523, 57448718), (57488756, 57489196)], [(57286705, 57287017), (57292497, 57292580), (57310592, 57310729), (57331597, 57331807), (57341270, 57341390), (57378650, 57378786), (57380911, 57381029), (57431917, 57432037), (57446927, 57447039), (57448523, 57448718), (57488756, 57489193)], [(57286853, 57287017), (57292497, 57292580), (57310592, 57310729), (57331597, 57331807), (57341270, 57341390), (57378650, 57378786), (57380911, 57381029), (57431917, 57432037), (57446927, 57447039), (57448523, 57448718), (57481508, 57481714), (57488756, 57489193)], [(57286853, 57287017), (57292497, 57292580), (57310592, 57310729), (57331597, 57331807), (57341270, 57341390), (57378650, 57378786), (57380911, 57381029), (57431917, 57432037), (57446927, 57447039), (57448523, 57448718), (57452130, 57452311), (57488756, 57489193)])	14771	regulatory_region	upstream	7.701628111735125	5.61306
X:57503967:G:T	X	57503967	ZXDB	57592010	57597477	([(57592010, 57597477)],)	88043	distal	downstream	7.701628111735125	5.61306
X:57503967:G:T	X	57503967	LOC107985708	57658430	57667950	([(57658430, 57660069), (57662013, 57662200), (57662758, 57662885), (57667504, 57667950)], [(57658430, 57660069), (57662013, 57662200), (57667504, 57667950)])	154463	distal	downstream	7.701628111735125	5.61306
X:57503967:G:T	X	57503967	NLRP2B	57677066	57680260	([(57677066, 57680260)],)	173099	distal	downstream	7.701628111735125	5.61306
X:57503967:G:T	X	57503967	LOC124905232	57816626	57836687	([(57816626, 57822688), (57836520, 57836687)],)	312659	distal	downstream	7.701628111735125	5.61306
X:57503967:G:T	X	57503967	SPIN2A	57134264	57147180	([(57134264, 57134492), (57136372, 57136876)], [(57135649, 57136069), (57136372, 57136876)], [(57135649, 57136599), (57137047, 57137062)], [(57135649, 57136602), (57137047, 57137141)], [(57135649, 57136602), (57137259, 57137397)], [(57135649, 57136599), (57137259, 57137397)], [(57135649, 57136599), (57137204, 57147180)])	356787	distal	upstream	7.701628111735125	5.61306
X:57503967:G:T	X	57503967	SPIN2B	57119681	57121548	([(57119681, 57120101), (57120404, 57120634), (57121080, 57121182)], [(57119681, 57120634), (57121080, 57121548)], [(57119681, 57120631), (57121080, 57121548)], [(57119681, 57120631), (57121237, 57121548)], [(57119681, 57120101), (57120404, 57120631), (57121237, 57121548)], [(57119681, 57120631), (57121242, 57121548)], [(57119681, 57120634), (57121292, 57121548)], [(57119681, 57120631), (57121292, 57121548)], [(57119681, 57120101), (57120404, 57120631), (57121292, 57121548)], [(57119681, 57120634), (57121450, 57121548)], [(57119681, 57120631), (57121450, 57121548)], [(57119681, 57120101), (57120404, 57120631), (57121450, 57121548)])	382419	distal	upstream	7.701628111735125	5.61306
X:57503967:G:T	X	57503967	ZXDA	57905429	57910458	([(57905429, 57910458)],)	401462	distal	downstream	7.701628111735125	5.61306
X:111803779:A:G	X	111803779	TRPC5	111768010	112082776	([(111768010, 111777002), (111778984, 111779074), (111781164, 111781206), (111781934, 111782138), (111834920, 111835116), (111847113, 111847436), (111852297, 111852437), (111853769, 111854106), (111912290, 111912812), (111952042, 111952441), (112005490, 112005613), (112081878, 112082776)], [(111768010, 111777002), (111778984, 111779074), (111781164, 111781206), (111781934, 111782138), (111834920, 111835116), (111847113, 111847436), (111852297, 111852437), (111853769, 111854106), (111912290, 111912812), (111952042, 111952441), (112081878, 112082776)], [(111778654, 111779074), (111781164, 111781206), (111781934, 111782138), (111834920, 111835116), (111847113, 111847436), (111852297, 111852437), (111853769, 111854106), (111912290, 111912812), (111952042, 111952441), (112081878, 112082776)])	0	inside_gene	intronic/exonic	7.6945994750897055	5.61026
X:111803779:A:G	X	111803779	ALG13	111681169	111760649	([(111681169, 111681299), (111682235, 111682294), (111684964, 111685103), (111687886, 111690172)], [(111681169, 111681299), (111682131, 111682235), (111684964, 111685103), (111687886, 111690172)], [(111681169, 111681299), (111682131, 111682294), (111684964, 111685103), (111687886, 111690172)], [(111681169, 111681299), (111682131, 111682294), (111684964, 111685103), (111686136, 111686174), (111687886, 111690172)], [(111681169, 111681299), (111682131, 111682300), (111684964, 111685103), (111687886, 111690172)], [(111681169, 111681424), (111682235, 111682294), (111684964, 111685103), (111687886, 111690172)], [(111681169, 111681424), (111682131, 111682235), (111684964, 111685103), (111687886, 111690172)], [(111681169, 111681424), (111682131, 111682294), (111684964, 111685103), (111687886, 111690172)], [(111681169, 111681299), (111682131, 111682294), (111684964, 111685103), (111708026, 111708393), (111708964, 111709048), (111711674, 111711725), (111712483, 111712530), (111713224, 111713297), (111717845, 111717927), (111718111, 111718274), (111720094, 111720170), (111721602, 111721711), (111722792, 111722857), (111723797, 111723898), (111724933, 111725061), (111726808, 111727055), (111727331, 111727445), (111727613, 111727770), (111728184, 111728305), (111730394, 111730427), (111730524, 111730580), (111735050, 111735122), (111736713, 111736879), (111736981, 111737081)], [(111681169, 111681299), (111682131, 111682294), (111684964, 111685103), (111708026, 111708393), (111708964, 111709048), (111711674, 111711725), (111712483, 111712530), (111713224, 111713297), (111717845, 111717927), (111718111, 111718274), (111720094, 111720170), (111721602, 111721711), (111722792, 111722857), (111723797, 111723898), (111724933, 111725061), (111726808, 111727055), (111727331, 111727445), (111727613, 111727770), (111728184, 111728305), (111730394, 111730427), (111730524, 111730580), (111734367, 111734439), (111735050, 111735122), (111736713, 111736879), (111736981, 111737081)], [(111681169, 111681299), (111682131, 111682294), (111684964, 111685103), (111708026, 111708393), (111708964, 111709048), (111711674, 111711725), (111712483, 111712530), (111713224, 111713297), (111717845, 111717927), (111718111, 111718274), (111720094, 111720170), (111721602, 111721711), (111722792, 111722857), (111723797, 111723898), (111724933, 111725061), (111726808, 111727055), (111727331, 111727445), (111727613, 111727770), (111728184, 111728305), (111730394, 111730427), (111730524, 111730580), (111734367, 111734439), (111735050, 111735122), (111736713, 111736879), (111743799, 111743825)], [(111681169, 111681299), (111682235, 111682294), (111684964, 111685103), (111708026, 111708393), (111708964, 111709048), (111711674, 111711725), (111712483, 111712530), (111713224, 111713297), (111717845, 111717927), (111718111, 111718274), (111720094, 111720170), (111721602, 111721711), (111722792, 111722857), (111723797, 111723898), (111724933, 111725061), (111726808, 111727055), (111727331, 111727445), (111727613, 111727770), (111728184, 111728305), (111730394, 111730427), (111730524, 111730580), (111735050, 111735122), (111736713, 111736879), (111752789, 111752830), (111757587, 111757762), (111759733, 111760649)], [(111681169, 111681299), (111682235, 111682294), (111684964, 111685103), (111708026, 111708393), (111708964, 111709048), (111711674, 111711725), (111712483, 111712530), (111713224, 111713297), (111717845, 111717927), (111718111, 111718274), (111720094, 111720170), (111721602, 111721711), (111722792, 111722857), (111723797, 111723898), (111724933, 111725061), (111726808, 111727055), (111727331, 111727445), (111727613, 111727770), (111728184, 111728305), (111730394, 111730427), (111730524, 111730580), (111734367, 111734439), (111735050, 111735122), (111736713, 111736879), (111744667, 111744904), (111752789, 111752830), (111757587, 111757762), (111759733, 111760649)], [(111681169, 111681299), (111682131, 111682294), (111684964, 111685103), (111708026, 111708393), (111708964, 111709048), (111717845, 111717927), (111718111, 111718274), (111720094, 111720170), (111721602, 111721711), (111722792, 111722857), (111723797, 111723898), (111724933, 111725061), (111726808, 111727055), (111727331, 111727445), (111727613, 111727770), (111728184, 111728305), (111730394, 111730427), (111730524, 111730580), (111735050, 111735122), (111736713, 111736879), (111752789, 111752830), (111757587, 111757762), (111759733, 111760649)], [(111681169, 111681299), (111682131, 111682294), (111684964, 111685103), (111708026, 111708393), (111708964, 111709048), (111717845, 111717927), (111718111, 111718274), (111720094, 111720170), (111721602, 111721711), (111722792, 111722857), (111723797, 111723898), (111724933, 111725061), (111726808, 111727055), (111727331, 111727445), (111727613, 111727770), (111728184, 111728305), (111730394, 111730427), (111730524, 111730580), (111735050, 111735122), (111736713, 111736879), (111744667, 111744904), (111752789, 111752830), (111757587, 111757762), (111759733, 111760649)], [(111681169, 111681299), (111682131, 111682294), (111684964, 111685103), (111708026, 111708393), (111708964, 111709048), (111717845, 111717927), (111718111, 111718274), (111720094, 111720170), (111721602, 111721711), (111722792, 111722857), (111723797, 111723898), (111724933, 111725061), (111726808, 111727055), (111727331, 111727445), (111727613, 111727770), (111728184, 111728305), (111730394, 111730427), (111730524, 111730580), (111734367, 111734439), (111735050, 111735122), (111736713, 111736879), (111744667, 111744904), (111752789, 111752830), (111757587, 111757762), (111759733, 111760649)], [(111681169, 111681299), (111682131, 111682294), (111684964, 111685103), (111708026, 111708393), (111708964, 111709048), (111711674, 111711725), (111712483, 111712530), (111713224, 111713297), (111717845, 111717927), (111718111, 111718274), (111720094, 111720170), (111721602, 111721711), (111722792, 111722857), (111723797, 111723898), (111724933, 111725061), (111726808, 111727055), (111727355, 111727445), (111727613, 111727770), (111728184, 111728305), (111730394, 111730427), (111730524, 111730580), (111735050, 111735122), (111736713, 111736879), (111752789, 111752830), (111757587, 111757762), (111759733, 111760649)], [(111681169, 111681299), (111682131, 111682294), (111684964, 111685103), (111708026, 111708393), (111708964, 111709048), (111711674, 111711725), (111712483, 111712530), (111713224, 111713297), (111717845, 111717927), (111718111, 111718274), (111720094, 111720170), (111721602, 111721711), (111722792, 111722857), (111723797, 111723898), (111724933, 111725061), (111726808, 111727055), (111727355, 111727445), (111727613, 111727770), (111728184, 111728305), (111730394, 111730427), (111730524, 111730580), (111735050, 111735122), (111736713, 111736879), (111744667, 111744904), (111752789, 111752830), (111757587, 111757762), (111759733, 111760649)], [(111681169, 111681299), (111682131, 111682294), (111684964, 111685103), (111708026, 111708393), (111708964, 111709048), (111711674, 111711725), (111712483, 111712530), (111713224, 111713297), (111717845, 111717927), (111718111, 111718274), (111720094, 111720170), (111721602, 111721711), (111722792, 111722857), (111723797, 111723898), (111724933, 111725061), (111726808, 111727055), (111727355, 111727445), (111727613, 111727770), (111728184, 111728305), (111730394, 111730427), (111730524, 111730580), (111734367, 111734439), (111735050, 111735122), (111736713, 111736879), (111744667, 111744904), (111752789, 111752830), (111757587, 111757762), (111759733, 111760649)], [(111681169, 111681299), (111682131, 111682294), (111684964, 111685103), (111708026, 111708393), (111708964, 111709048), (111711674, 111711725), (111712483, 111712530), (111713224, 111713297), (111717845, 111717927), (111718111, 111718274), (111720094, 111720170), (111721602, 111721711), (111722792, 111722857), (111723797, 111723898), (111724933, 111725061), (111726808, 111727055), (111727331, 111727445), (111727613, 111727770), (111728184, 111728305), (111730394, 111730427), (111730524, 111730580), (111735089, 111735122), (111736713, 111736879), (111752789, 111752830), (111757587, 111757762), (111759733, 111760649)], [(111681169, 111681299), (111682131, 111682294), (111684964, 111685103), (111708026, 111708393), (111708964, 111709048), (111711674, 111711725), (111712483, 111712530), (111713224, 111713297), (111717845, 111717927), (111718111, 111718274), (111720094, 111720170), (111721602, 111721711), (111722792, 111722857), (111723797, 111723898), (111724933, 111725061), (111726808, 111727055), (111727331, 111727445), (111727613, 111727770), (111728184, 111728305), (111730394, 111730427), (111730524, 111730580), (111735089, 111735122), (111736713, 111736879), (111744667, 111744904), (111752789, 111752830), (111757587, 111757762), (111759733, 111760649)], [(111681169, 111681299), (111682131, 111682294), (111684964, 111685103), (111708026, 111708393), (111708964, 111709048), (111711674, 111711725), (111712483, 111712530), (111713224, 111713297), (111717845, 111717927), (111718111, 111718274), (111720094, 111720170), (111721602, 111721711), (111722792, 111722857), (111723797, 111723898), (111724933, 111725061), (111726808, 111727055), (111727331, 111727445), (111727613, 111727770), (111728184, 111728305), (111730394, 111730427), (111730524, 111730580), (111735050, 111735122), (111736713, 111736879), (111752789, 111752830), (111757587, 111757762), (111759733, 111760649)], [(111681169, 111681299), (111682131, 111682294), (111684964, 111685103), (111708026, 111708393), (111708964, 111709048), (111711674, 111711725), (111712483, 111712530), (111713224, 111713297), (111717845, 111717927), (111718111, 111718274), (111720094, 111720170), (111721602, 111721711), (111722792, 111722857), (111723797, 111723898), (111724933, 111725061), (111726808, 111727055), (111727331, 111727445), (111727613, 111727770), (111728184, 111728305), (111730394, 111730427), (111730524, 111730580), (111735050, 111735122), (111736713, 111736879), (111744667, 111744904), (111752789, 111752830), (111757587, 111757762), (111759733, 111760649)], [(111681169, 111681299), (111682131, 111682294), (111684964, 111685103), (111708026, 111708393), (111708964, 111709048), (111711674, 111711725), (111712483, 111712530), (111713224, 111713297), (111717845, 111717927), (111718111, 111718274), (111720094, 111720170), (111721602, 111721711), (111722792, 111722857), (111723797, 111723898), (111724933, 111725061), (111726808, 111727055), (111727331, 111727445), (111727613, 111727770), (111728184, 111728305), (111730394, 111730427), (111730524, 111730580), (111734367, 111734439), (111735089, 111735122), (111736713, 111736879), (111744667, 111744904), (111752789, 111752830), (111757587, 111757762), (111759733, 111760649)], [(111681169, 111681299), (111682131, 111682294), (111684964, 111685103), (111708026, 111708393), (111708964, 111709048), (111711674, 111711725), (111712483, 111712530), (111713224, 111713297), (111717845, 111717927), (111718111, 111718274), (111720094, 111720170), (111721602, 111721711), (111722792, 111722857), (111723797, 111723898), (111724933, 111725061), (111726808, 111727055), (111727331, 111727445), (111727613, 111727770), (111728184, 111728305), (111730394, 111730427), (111730524, 111730580), (111734367, 111734439), (111735050, 111735122), (111736713, 111736879), (111752789, 111752830), (111757587, 111757762), (111759733, 111760649)], [(111681169, 111681299), (111682131, 111682294), (111684964, 111685103), (111708026, 111708393), (111708964, 111709048), (111711674, 111711725), (111712483, 111712530), (111713224, 111713297), (111717845, 111717927), (111718111, 111718274), (111720094, 111720170), (111721602, 111721711), (111722792, 111722857), (111723797, 111723898), (111724933, 111725061), (111726808, 111727055), (111727331, 111727445), (111727613, 111727770), (111728184, 111728305), (111730394, 111730427), (111730524, 111730580), (111734367, 111734439), (111735050, 111735122), (111736713, 111736879), (111744667, 111744904), (111752789, 111752830), (111757587, 111757762), (111759733, 111760649)], [(111681169, 111681424), (111682235, 111682294), (111684964, 111685103), (111708026, 111708393), (111708964, 111709048), (111711674, 111711725), (111712483, 111712530), (111713224, 111713297), (111717845, 111717927), (111718111, 111718274), (111720094, 111720170), (111721602, 111721711), (111722792, 111722857), (111723797, 111723898), (111724933, 111725061), (111726808, 111727055), (111727331, 111727445), (111727613, 111727770), (111728184, 111728305), (111730394, 111730427), (111730524, 111730580), (111735050, 111735122), (111736713, 111736879), (111752789, 111752830), (111757587, 111757762), (111759733, 111760649)], [(111681169, 111681424), (111682235, 111682294), (111684964, 111685103), (111708026, 111708393), (111708964, 111709048), (111711674, 111711725), (111712483, 111712530), (111713224, 111713297), (111717845, 111717927), (111718111, 111718274), (111720094, 111720170), (111721602, 111721711), (111722792, 111722857), (111723797, 111723898), (111724933, 111725061), (111726808, 111727055), (111727331, 111727445), (111727613, 111727770), (111728184, 111728305), (111730394, 111730427), (111730524, 111730580), (111734367, 111734439), (111735050, 111735122), (111736713, 111736879), (111744667, 111744904), (111752789, 111752830), (111757587, 111757762), (111759733, 111760649)], [(111681169, 111681424), (111682131, 111682235), (111684964, 111685103), (111708026, 111708393), (111708964, 111709048), (111711674, 111711725), (111712483, 111712530), (111713224, 111713297), (111717845, 111717927), (111718111, 111718274), (111720094, 111720170), (111721602, 111721711), (111722792, 111722857), (111723797, 111723898), (111724933, 111725061), (111726808, 111727055), (111727331, 111727445), (111727613, 111727770), (111728184, 111728305), (111730394, 111730427), (111730524, 111730580), (111735050, 111735122), (111736713, 111736879), (111744667, 111744904), (111752789, 111752830), (111757587, 111757762), (111759733, 111760649)], [(111681169, 111681424), (111682131, 111682294), (111684964, 111685103), (111708026, 111708393), (111708964, 111709048), (111711674, 111711725), (111712483, 111712530), (111713224, 111713297), (111717845, 111717927), (111718111, 111718274), (111720094, 111720170), (111723797, 111723898), (111724933, 111725061), (111726808, 111727055), (111727331, 111727445), (111727613, 111727770), (111728184, 111728305), (111730394, 111730427), (111730524, 111730580), (111735050, 111735122), (111736713, 111736879), (111752789, 111752830), (111757587, 111757762), (111759733, 111760649)], [(111681169, 111681424), (111682131, 111682294), (111684964, 111685103), (111708026, 111708393), (111708964, 111709048), (111711674, 111711725), (111712483, 111712530), (111713224, 111713297), (111717845, 111717927), (111718111, 111718274), (111720094, 111720170), (111721602, 111721711), (111722792, 111722857), (111723797, 111723898), (111724933, 111725061), (111726808, 111727055), (111727331, 111727445), (111727613, 111727770), (111728184, 111728305), (111730394, 111730427), (111730524, 111730580), (111735050, 111735122), (111736713, 111736879), (111752789, 111752830), (111757587, 111757762), (111759733, 111760649)], [(111681169, 111681424), (111682131, 111682294), (111684964, 111685103), (111708026, 111708393), (111708964, 111709048), (111711674, 111711725), (111712483, 111712530), (111713224, 111713297), (111717845, 111717927), (111718111, 111718274), (111720094, 111720170), (111721602, 111721711), (111722792, 111722857), (111723797, 111723898), (111724933, 111725061), (111726808, 111727055), (111727331, 111727445), (111727613, 111727770), (111728184, 111728305), (111730394, 111730427), (111730524, 111730580), (111734367, 111734439), (111735050, 111735122), (111736713, 111736879), (111744667, 111744904), (111752789, 111752830), (111757587, 111757762), (111759733, 111760649)], [(111681169, 111681299), (111682235, 111682294), (111684964, 111685103), (111686136, 111686174), (111687886, 111690172)], [(111681169, 111681424), (111682235, 111682294), (111684964, 111685103), (111686136, 111686174), (111687886, 111690172)], [(111681169, 111681299), (111682131, 111682294), (111684964, 111685103), (111708026, 111708393), (111708964, 111709048), (111713224, 111713297), (111716952, 111717004), (111717845, 111717927), (111718111, 111718274), (111720094, 111720170), (111724933, 111725061), (111726808, 111727055), (111727331, 111727445), (111727613, 111727770), (111728184, 111728305), (111730394, 111730427), (111730524, 111730580), (111735050, 111735122), (111736713, 111736879), (111752789, 111752830), (111757587, 111757762), (111759733, 111760649)], [(111681656, 111681826), (111682235, 111682294), (111684964, 111685103), (111687886, 111690172)], [(111681656, 111681826), (111682131, 111682294), (111684964, 111685103), (111687886, 111690172)], [(111681656, 111681826), (111682235, 111682294), (111684964, 111685103), (111708026, 111708393), (111708964, 111709048), (111711674, 111711725), (111712483, 111712530), (111713224, 111713297), (111717845, 111717927), (111718111, 111718274), (111720094, 111720170), (111721602, 111721711), (111722792, 111722857), (111723797, 111723898), (111724933, 111725061), (111726808, 111727055), (111727331, 111727445), (111727613, 111727770), (111728184, 111728305), (111730394, 111730427), (111730524, 111730580), (111735050, 111735122), (111736713, 111736879), (111744667, 111744904), (111752789, 111752830), (111757587, 111757762), (111759733, 111760649)], [(111681656, 111681826), (111682235, 111682294), (111684964, 111685103), (111708026, 111708393), (111708964, 111709048), (111711674, 111711725), (111712483, 111712530), (111713224, 111713297), (111717845, 111717927), (111718111, 111718274), (111720094, 111720170), (111721602, 111721711), (111722792, 111722857), (111723797, 111723898), (111724933, 111725061), (111726808, 111727055), (111727331, 111727445), (111727613, 111727770), (111728184, 111728305), (111730394, 111730427), (111730524, 111730580), (111734367, 111734439), (111735050, 111735122), (111736713, 111736879), (111744667, 111744904), (111752789, 111752830), (111757587, 111757762), (111759733, 111760649)], [(111681656, 111681826), (111682131, 111682294), (111684964, 111685103), (111708026, 111708393), (111708964, 111709048), (111711674, 111711725), (111712483, 111712530), (111713224, 111713297), (111717845, 111717927), (111718111, 111718274), (111720094, 111720170), (111721602, 111721711), (111722792, 111722857), (111723797, 111723898), (111724933, 111725061), (111726808, 111727055), (111727331, 111727445), (111727613, 111727770), (111728184, 111728305), (111730394, 111730427), (111730524, 111730580), (111734367, 111734439), (111735050, 111735122), (111736713, 111736879), (111744667, 111744904), (111752789, 111752830), (111757587, 111757762), (111759733, 111760649)], [(111685029, 111685103), (111689086, 111689197), (111708026, 111708393), (111708964, 111709048), (111711674, 111711725), (111712483, 111712530), (111713224, 111713297), (111717845, 111717927), (111718111, 111718274), (111720094, 111720170), (111721602, 111721711), (111722792, 111722857), (111723797, 111723898), (111724933, 111725061), (111726808, 111727055), (111727331, 111727445), (111727613, 111727770), (111728184, 111728305), (111730394, 111730427), (111730524, 111730580), (111734367, 111734439), (111735050, 111735122), (111736713, 111736879), (111744667, 111744904), (111752789, 111752830), (111757587, 111757762), (111759733, 111760649)], [(111685030, 111685103), (111689086, 111689197), (111717845, 111717927), (111718111, 111718274), (111720094, 111720170), (111721602, 111721711), (111722792, 111722857), (111723797, 111723898), (111724933, 111725061), (111726808, 111727055), (111727331, 111727445), (111727613, 111727770), (111728184, 111728305), (111730394, 111730427), (111730524, 111730580), (111734367, 111734439), (111735050, 111735122), (111736713, 111736879), (111744667, 111744904), (111752789, 111752830), (111757587, 111757762), (111759733, 111760649)], [(111685030, 111685103), (111689086, 111689197), (111708964, 111709048), (111711674, 111711725), (111712483, 111712530), (111713224, 111713297), (111717845, 111717927), (111718111, 111718274), (111720094, 111720170), (111721602, 111721711), (111722792, 111722857), (111723797, 111723898), (111724933, 111725061), (111726808, 111727055), (111727331, 111727445), (111727613, 111727770), (111728184, 111728305), (111730394, 111730427), (111730524, 111730580), (111734367, 111734439), (111735050, 111735122), (111736713, 111736879), (111744667, 111744904), (111752789, 111752830), (111757587, 111757762), (111759733, 111760649)], [(111685032, 111685103), (111689086, 111689197), (111711674, 111711725), (111712483, 111712530), (111713224, 111713297), (111717845, 111717927), (111718111, 111718274), (111720094, 111720170), (111721602, 111721711), (111722792, 111722857), (111723797, 111723898), (111724933, 111725061), (111726808, 111727055), (111727331, 111727445), (111727613, 111727770), (111728184, 111728305), (111730394, 111730427), (111730524, 111730580), (111735050, 111735122), (111736713, 111736879), (111744667, 111744904), (111752789, 111752830), (111757587, 111757762), (111759733, 111760649)], [(111713230, 111713297), (111716952, 111717004), (111717845, 111717927), (111718111, 111718274), (111720094, 111720170), (111721602, 111721711), (111722792, 111722857), (111723797, 111723898), (111724933, 111725061), (111726808, 111727055), (111727331, 111727445), (111727613, 111727770), (111728184, 111728305), (111730394, 111730427), (111730524, 111730580), (111735050, 111735122), (111736713, 111736879), (111744667, 111744904), (111752789, 111752830), (111757587, 111757762), (111759733, 111760649)], [(111716952, 111717004), (111717845, 111717927), (111718111, 111718274), (111720094, 111720170), (111721602, 111721711), (111722792, 111722857), (111723797, 111723898), (111724933, 111725061), (111726808, 111727055), (111727331, 111727445), (111727613, 111727770), (111728184, 111728305), (111730394, 111730427), (111730524, 111730580), (111734367, 111734439), (111735050, 111735122), (111736713, 111736879), (111744667, 111744904), (111752789, 111752830), (111757587, 111757762), (111759733, 111760649)], [(111720094, 111720170), (111722792, 111722857), (111723797, 111723898), (111724933, 111725061), (111726808, 111727055), (111727331, 111727445), (111727613, 111727770), (111728184, 111728305), (111730394, 111730427), (111730524, 111730580), (111734367, 111734439), (111735050, 111735122), (111736713, 111736879), (111744667, 111744904), (111752789, 111752830), (111757587, 111757762), (111759733, 111760649)], [(111720094, 111720170), (111721602, 111721711), (111723797, 111723898), (111724933, 111725061), (111726808, 111727055), (111727331, 111727445), (111727613, 111727770), (111728184, 111728305), (111730394, 111730427), (111730524, 111730580), (111734367, 111734439), (111735050, 111735122), (111736713, 111736879), (111744667, 111744904), (111752789, 111752830), (111757587, 111757762), (111759733, 111760649)])	43130	regulatory_region	upstream	7.6945994750897055	5.61026
X:111803779:A:G	X	111803779	TRPC5OS	111876050	111903990	([(111876050, 111876189), (111895950, 111896096), (111896406, 111896495), (111901539, 111903990)], [(111876180, 111876273), (111895950, 111896096), (111896406, 111896495), (111901539, 111903990)], [(111881896, 111882016), (111895950, 111896096), (111896406, 111896495), (111901539, 111903990)])	72271	distal	downstream	7.6945994750897055	5.61026
X:111803779:A:G	X	111803779	RTL4	112083012	112457514	([(112083012, 112083117), (112130982, 112131101), (112454499, 112457514)], [(112083015, 112083117), (112130982, 112131101), (112306360, 112306520), (112431113, 112431168), (112454499, 112457514)])	279233	distal	downstream	7.6945994750897055	5.61026
X:111803779:A:G	X	111803779	SERTM2	111511644	111522399	([(111511644, 111511834), (111511997, 111512094), (111518074, 111522399)],)	281380	distal	upstream	7.6945994750897055	5.61026
X:111803779:A:G	X	111803779	DCX	111293778	111412192	([(111293778, 111301743), (111312641, 111312736), (111330918, 111331041), (111333050, 111333153), (111400989, 111401330), (111410034, 111410420), (111410753, 111411146)], [(111293778, 111301743), (111312638, 111312736), (111330903, 111331041), (111333050, 111333153), (111400989, 111401330), (111410034, 111410420), (111411969, 111412097)], [(111293778, 111301743), (111312641, 111312736), (111330903, 111331041), (111333050, 111333153), (111400989, 111401330), (111410034, 111410420), (111411969, 111412097)], [(111293778, 111301743), (111330918, 111331041), (111333050, 111333153), (111400989, 111401330), (111410034, 111410420), (111411969, 111412097)], [(111293778, 111301743), (111312641, 111312736), (111330918, 111331041), (111333050, 111333153), (111400989, 111401330), (111410034, 111410420), (111411969, 111412192)], [(111293778, 111301743), (111312638, 111312736), (111330903, 111331041), (111333050, 111333153), (111400989, 111401330), (111410034, 111410420), (111412137, 111412192)], [(111293778, 111301743), (111312641, 111312736), (111330903, 111331041), (111333050, 111333153), (111400989, 111401330), (111410034, 111410420), (111412137, 111412192)], [(111293778, 111301743), (111330903, 111331041), (111333050, 111333153), (111400989, 111401330), (111410034, 111410420), (111412137, 111412192)], [(111293778, 111301743), (111312638, 111312736), (111330918, 111331041), (111333050, 111333153), (111400989, 111401330), (111410034, 111410420), (111412137, 111412192)], [(111293778, 111301743), (111312641, 111312736), (111330918, 111331041), (111333050, 111333153), (111400989, 111401330), (111410034, 111410420), (111412137, 111412192)], [(111293778, 111301743), (111330918, 111331041), (111333050, 111333153), (111400989, 111401330), (111410034, 111410420), (111412137, 111412192)])	391587	distal	upstream	7.6945994750897055	5.61026
X:122707710:TA:T	X	122707710	LOC124905292	122840425	122840645	([(122840425, 122840645)],)	132715	distal	downstream	7.626768496514272	5.58317
X:122707710:TA:T	X	122707710	LOC101928359	122422005	122478081	([(122422005, 122422061), (122477001, 122478081)], [(122422005, 122422061), (122459141, 122459265), (122477001, 122478081)])	229629	distal	upstream	7.626768496514272	5.58317
X:122707710:TA:T	X	122707710	GRIA3	123184277	123490915	([(123184277, 123184644), (123185831, 123185990), (123202635, 123202782), (123204399, 123204683)], [(123184277, 123184644), (123185831, 123185990), (123253302, 123253542), (123326025, 123326213), (123354909, 123354963), (123394967, 123395129), (123398635, 123398803), (123402993, 123403098), (123403411, 123403519), (123404707, 123404914), (123417401, 123417778), (123427940, 123428139), (123464864, 123465112), (123480062, 123480177), (123482798, 123483046), (123488712, 123490915)], [(123184277, 123184644), (123185831, 123185990), (123253302, 123253542), (123326025, 123326213), (123354909, 123354963), (123394967, 123395129), (123398635, 123398803), (123402993, 123403098), (123403411, 123403519), (123404707, 123404914), (123417401, 123417778), (123427940, 123428139), (123464864, 123465112), (123465673, 123465788), (123482798, 123483046), (123488712, 123490915)])	476567	distal	downstream	7.626768496514272	5.58317
X:90287882:G:A	X	90287882	LOC105373292	90234505	90267498	([(90234505, 90234631), (90235063, 90235175), (90263114, 90263169), (90265068, 90267498)], [(90234507, 90234631), (90235063, 90235175), (90240267, 90240323)])	20384	regulatory_region	upstream	7.337371221461624	5.46617
X:90287882:G:A	X	90287882	TGIF2LX	89921907	89922883	([(89921907, 89921968), (89922064, 89922883)],)	364999	distal	upstream	7.337371221461624	5.46617
X:44958181:A:AT	X	44958181	KDM6A	44873187	45112779	([(44873187, 44873712), (44873923, 44873987), (44961283, 44961392), (44974665, 44974715), (45010960, 45011019), (45020609, 45020730), (45034930, 45034985), (45037654, 45037689), (45051708, 45051802), (45053828, 45053955), (45059005, 45059104), (45059246, 45059466), (45061323, 45061419), (45062646, 45062748), (45063421, 45063817), (45069578, 45070357), (45076696, 45076826), (45078399, 45078505), (45079145, 45079351), (45082575, 45082640), (45082714, 45082789), (45083459, 45083608), (45089742, 45089856)], [(44873187, 44873712), (44873923, 44873987), (44961283, 44961392), (44974665, 44974715), (45010960, 45011019), (45020609, 45020730), (45034930, 45034985), (45037654, 45037689), (45051708, 45051802), (45053828, 45053955), (45059005, 45059104), (45059246, 45059466), (45060021, 45060156), (45060608, 45060764), (45061323, 45061419), (45062646, 45062748), (45063421, 45063817), (45069578, 45070357), (45076696, 45076826), (45078399, 45078505), (45079145, 45079351), (45082575, 45082640), (45082714, 45082789), (45083459, 45083608), (45089742, 45089856)], [(44873187, 44873712), (44873923, 44873987), (44961283, 44961392), (44974665, 44974715), (45010960, 45011019), (45020609, 45020730), (45034930, 45034985), (45037654, 45037689), (45051708, 45051802), (45053828, 45053955), (45059005, 45059104), (45059246, 45059466), (45060021, 45060156), (45061323, 45061419), (45062646, 45062748), (45063421, 45063817), (45069578, 45070357), (45076696, 45076826), (45078399, 45078505), (45079145, 45079351), (45082575, 45082640), (45082714, 45082789), (45083459, 45083608), (45085864, 45085979), (45089742, 45089930), (45090722, 45090868)], [(44873187, 44873712), (44873923, 44873987), (44961283, 44961392), (44974665, 44974715), (45010960, 45011019), (45034930, 45034985), (45037654, 45037689), (45051708, 45051802), (45053828, 45053955), (45059005, 45059104), (45059246, 45059466), (45061323, 45061419), (45062646, 45062748), (45063421, 45063817), (45069578, 45070357), (45076696, 45076826), (45078399, 45078505), (45079145, 45079351), (45082575, 45082640), (45082714, 45082789), (45083459, 45083608), (45085864, 45085979), (45089742, 45089930), (45090722, 45090864), (45107409, 45107536), (45110078, 45110249), (45111381, 45112779)], [(44873187, 44873712), (44873923, 44873987), (44961283, 44961392), (44974665, 44974715), (45010960, 45011019), (45020609, 45020730), (45034930, 45034985), (45037654, 45037689), (45051708, 45051802), (45053828, 45053955), (45059005, 45059104), (45059246, 45059466), (45061323, 45061419), (45063421, 45063817), (45069578, 45070357), (45076696, 45076826), (45078399, 45078505), (45079145, 45079351), (45082575, 45082640), (45082714, 45082789), (45083459, 45083608), (45085864, 45085979), (45089742, 45089930), (45090722, 45090864), (45107409, 45107536), (45110078, 45110249), (45111381, 45112779)], [(44873187, 44873712), (44873923, 44873987), (44961283, 44961392), (44974665, 44974715), (45010960, 45011019), (45020609, 45020730), (45034930, 45034985), (45037654, 45037689), (45051708, 45051802), (45053828, 45053955), (45059005, 45059104), (45059246, 45059466), (45061323, 45061419), (45063421, 45063817), (45069578, 45070357), (45076696, 45076826), (45078399, 45078505), (45079145, 45079351), (45082575, 45082640), (45082714, 45082789), (45083459, 45083608), (45085864, 45085979), (45089742, 45089930), (45090722, 45090864), (45106541, 45106649), (45107409, 45107536), (45110078, 45110249), (45111381, 45112779)], [(44873187, 44873712), (44873923, 44873987), (44961283, 44961392), (44974665, 44974715), (45010960, 45011019), (45020609, 45020730), (45034930, 45034985), (45037654, 45037689), (45051708, 45051802), (45053828, 45053955), (45059005, 45059104), (45059246, 45059466), (45061323, 45061419), (45062646, 45062748), (45063421, 45063817), (45069578, 45070357), (45076696, 45076826), (45078399, 45078505), (45079145, 45079351), (45082575, 45082640), (45082714, 45082789), (45083459, 45083608), (45085864, 45085979), (45089742, 45089930), (45090722, 45090864), (45107409, 45107536), (45110078, 45110249), (45111381, 45112779)], [(44873187, 44873712), (44873923, 44873987), (44961283, 44961392), (44974665, 44974715), (45010960, 45011019), (45020609, 45020730), (45034930, 45034985), (45037654, 45037689), (45051708, 45051802), (45053828, 45053955), (45059005, 45059104), (45059246, 45059466), (45061323, 45061419), (45062646, 45062748), (45063421, 45063817), (45069578, 45070357), (45076696, 45076826), (45078399, 45078505), (45079145, 45079351), (45082575, 45082640), (45082714, 45082789), (45083459, 45083608), (45085864, 45085979), (45089742, 45089930), (45090722, 45090864), (45106541, 45106649), (45107409, 45107536), (45110078, 45110249), (45111381, 45112779)], [(44873187, 44873712), (44873923, 44873987), (44961283, 44961392), (44974665, 44974715), (45010960, 45011019), (45020609, 45020730), (45034930, 45034985), (45037654, 45037689), (45051708, 45051802), (45053828, 45053955), (45059005, 45059104), (45059246, 45059466), (45060608, 45060764), (45061323, 45061419), (45063421, 45063817), (45069578, 45070357), (45076696, 45076826), (45078399, 45078505), (45079145, 45079351), (45082575, 45082640), (45082714, 45082789), (45083459, 45083608), (45085864, 45085979), (45089742, 45089930), (45090722, 45090864), (45107409, 45107536), (45110078, 45110249), (45111381, 45112779)], [(44873187, 44873712), (44873923, 44873987), (44961283, 44961392), (44974665, 44974715), (45010960, 45011019), (45020609, 45020730), (45034930, 45034985), (45037654, 45037689), (45051708, 45051802), (45053828, 45053955), (45059005, 45059104), (45059246, 45059466), (45060608, 45060764), (45061323, 45061419), (45063421, 45063817), (45069578, 45070357), (45076696, 45076826), (45078399, 45078505), (45079145, 45079351), (45082575, 45082640), (45082714, 45082789), (45083459, 45083608), (45085864, 45085979), (45089742, 45089930), (45090722, 45090864), (45106541, 45106649), (45107409, 45107536), (45110078, 45110249), (45111381, 45112779)], [(44873187, 44873712), (44873923, 44873987), (44961283, 44961392), (44974665, 44974715), (45010960, 45011019), (45020609, 45020730), (45034930, 45034985), (45037654, 45037689), (45051708, 45051802), (45053828, 45053955), (45059005, 45059104), (45059246, 45059466), (45060608, 45060764), (45061323, 45061419), (45062646, 45062748), (45063421, 45063817), (45069578, 45070357), (45076696, 45076826), (45078399, 45078505), (45079145, 45079351), (45082575, 45082640), (45082714, 45082789), (45083459, 45083608), (45085864, 45085979), (45089742, 45089930), (45090722, 45090864), (45107409, 45107536), (45110078, 45110249), (45111381, 45112779)], [(44873187, 44873712), (44873923, 44873987), (44961283, 44961392), (44974665, 44974715), (45010960, 45011019), (45020609, 45020730), (45034930, 45034985), (45037654, 45037689), (45051708, 45051802), (45053828, 45053955), (45059005, 45059104), (45059246, 45059466), (45060608, 45060764), (45061323, 45061419), (45062646, 45062748), (45063421, 45063817), (45069578, 45070357), (45076696, 45076826), (45078399, 45078505), (45079145, 45079351), (45082575, 45082640), (45082714, 45082789), (45083459, 45083608), (45085864, 45085979), (45089742, 45089930), (45090722, 45090864), (45106541, 45106649), (45107409, 45107536), (45110078, 45110249), (45111381, 45112779)], [(44873187, 44873712), (44873923, 44873987), (44961283, 44961392), (44974665, 44974715), (45010960, 45011019), (45020609, 45020730), (45034930, 45034985), (45037654, 45037689), (45051708, 45051802), (45053828, 45053955), (45059005, 45059104), (45059246, 45059466), (45060021, 45060156), (45061323, 45061419), (45063421, 45063817), (45069578, 45070357), (45076696, 45076826), (45078399, 45078505), (45079145, 45079351), (45082575, 45082640), (45082714, 45082789), (45083459, 45083608), (45085864, 45085979), (45089742, 45089930), (45090722, 45090864), (45107409, 45107536), (45110078, 45110249), (45111381, 45112779)], [(44873187, 44873712), (44873923, 44873987), (44961283, 44961392), (44974665, 44974715), (45010960, 45011019), (45020609, 45020730), (45034930, 45034985), (45037654, 45037689), (45051708, 45051802), (45053828, 45053955), (45059005, 45059104), (45059246, 45059466), (45060021, 45060156), (45061323, 45061419), (45063421, 45063817), (45069578, 45070357), (45076696, 45076826), (45078399, 45078505), (45079145, 45079351), (45082575, 45082640), (45082714, 45082789), (45083459, 45083608), (45085864, 45085979), (45089742, 45089930), (45090722, 45090864), (45106541, 45106649), (45107409, 45107536), (45110078, 45110249), (45111381, 45112779)], [(44873187, 44873712), (44873923, 44873987), (44961283, 44961392), (44974665, 44974715), (45010960, 45011019), (45020609, 45020730), (45034930, 45034985), (45037654, 45037689), (45051708, 45051802), (45053828, 45053955), (45059005, 45059104), (45059246, 45059466), (45060021, 45060156), (45061323, 45061419), (45062646, 45062748), (45063421, 45063817), (45069578, 45070357), (45076696, 45076826), (45078399, 45078505), (45079145, 45079351), (45082575, 45082640), (45082714, 45082789), (45083459, 45083608), (45085864, 45085979), (45089742, 45089930), (45090722, 45090864), (45107409, 45107536), (45110078, 45110249), (45111381, 45112779)], [(44873187, 44873712), (44873923, 44873987), (44961283, 44961392), (44974665, 44974715), (45010960, 45011019), (45020609, 45020730), (45034930, 45034985), (45037654, 45037689), (45051708, 45051802), (45053828, 45053955), (45059005, 45059104), (45059246, 45059466), (45060021, 45060156), (45061323, 45061419), (45062646, 45062748), (45063421, 45063817), (45069578, 45070357), (45076696, 45076826), (45078399, 45078505), (45079145, 45079351), (45082575, 45082640), (45082714, 45082789), (45083459, 45083608), (45085864, 45085979), (45089742, 45089930), (45090722, 45090864), (45106541, 45106649), (45107409, 45107536), (45110078, 45110249), (45111381, 45112779)], [(44873187, 44873712), (44873923, 44873987), (44961283, 44961392), (44974665, 44974715), (45010960, 45011019), (45020609, 45020730), (45034930, 45034985), (45037654, 45037689), (45051708, 45051802), (45053828, 45053955), (45059005, 45059104), (45059246, 45059466), (45060021, 45060156), (45060608, 45060764), (45061323, 45061419), (45063421, 45063817), (45069578, 45070357), (45076696, 45076826), (45078399, 45078505), (45079145, 45079351), (45082575, 45082640), (45082714, 45082789), (45083459, 45083608), (45085864, 45085979), (45089742, 45089930), (45090722, 45090864), (45107409, 45107536), (45110078, 45110249), (45111381, 45112779)], [(44873187, 44873712), (44873923, 44873987), (44961283, 44961392), (44974665, 44974715), (45010960, 45011019), (45020609, 45020730), (45034930, 45034985), (45037654, 45037689), (45051708, 45051802), (45053828, 45053955), (45059005, 45059104), (45059246, 45059466), (45060021, 45060156), (45060608, 45060764), (45061323, 45061419), (45063421, 45063817), (45069578, 45070357), (45076696, 45076826), (45078399, 45078505), (45079145, 45079351), (45082575, 45082640), (45082714, 45082789), (45083459, 45083608), (45085864, 45085979), (45089742, 45089930), (45090722, 45090864), (45106541, 45106649), (45107409, 45107536), (45110078, 45110249), (45111381, 45112779)], [(44873187, 44873712), (44873923, 44873987), (44961283, 44961392), (44974665, 44974715), (45010960, 45011019), (45020609, 45020730), (45034930, 45034985), (45037654, 45037689), (45051708, 45051802), (45053828, 45053955), (45059005, 45059104), (45059246, 45059466), (45060021, 45060156), (45060608, 45060764), (45061323, 45061419), (45062646, 45062748), (45063421, 45063817), (45069578, 45070357), (45076696, 45076826), (45078399, 45078505), (45079145, 45079351), (45082575, 45082640), (45082714, 45082789), (45083459, 45083608), (45085864, 45085979), (45089742, 45089930), (45090722, 45090864), (45107409, 45107536), (45110078, 45110249), (45111381, 45112779)], [(44873187, 44873712), (44873923, 44873987), (44961283, 44961392), (44974665, 44974715), (45010960, 45011019), (45020609, 45020730), (45034930, 45034985), (45037654, 45037689), (45051708, 45051802), (45053828, 45053955), (45059005, 45059104), (45059246, 45059466), (45060021, 45060156), (45060608, 45060764), (45061323, 45061419), (45062646, 45062748), (45063421, 45063817), (45069578, 45070357), (45076696, 45076826), (45078399, 45078505), (45079145, 45079351), (45082575, 45082640), (45082714, 45082789), (45083459, 45083608), (45085864, 45085979), (45089742, 45089930), (45090722, 45090864), (45106541, 45106649), (45107409, 45107536), (45110078, 45110249), (45111381, 45112779)], [(44873187, 44873712), (44873923, 44873987), (44961283, 44961392), (44974665, 44974715), (45010960, 45011019), (45020609, 45020730), (45034930, 45034985), (45037654, 45037689), (45051708, 45051802), (45053828, 45053955), (45059005, 45059104), (45059246, 45059466), (45060021, 45060156), (45060608, 45060764), (45061323, 45061419), (45062646, 45062748), (45063421, 45063817), (45069578, 45070357), (45076696, 45076826), (45078399, 45078505), (45079145, 45079351), (45082575, 45082640), (45082714, 45082789), (45083459, 45083608), (45085864, 45085979), (45089742, 45089930), (45090722, 45090864), (45106541, 45106713), (45107409, 45107498)], [(44873187, 44873712), (44873923, 44873987), (44961283, 44961392), (44974665, 44974715), (45010960, 45011019), (45020609, 45020730), (45034930, 45034985), (45037654, 45037689), (45051708, 45051802), (45053828, 45053955), (45059005, 45059104), (45059246, 45059466), (45060608, 45060764), (45061323, 45061419), (45063421, 45063817), (45069578, 45070357), (45076696, 45076826), (45078399, 45078505), (45079145, 45079351), (45082575, 45082640), (45082714, 45082789), (45083459, 45083608), (45085864, 45085979), (45089742, 45089930), (45090722, 45090832), (45107409, 45107536), (45110078, 45110249), (45111381, 45112779)], [(44874175, 44874273), (44961283, 44961392), (44974665, 44974715), (45010960, 45011019), (45020609, 45020730), (45034930, 45034985), (45037654, 45037689), (45051708, 45051802), (45053828, 45053955), (45059005, 45059104), (45059246, 45059466), (45060021, 45060156), (45061323, 45061419), (45062646, 45062748), (45063421, 45063817), (45069578, 45070357), (45076696, 45076826), (45078399, 45078505), (45079145, 45079351), (45082575, 45082640), (45082714, 45082789), (45083459, 45083608), (45085864, 45085979), (45089742, 45089930), (45090722, 45090864), (45107409, 45107536), (45110078, 45110249), (45111381, 45112779)], [(44874175, 44874273), (44961283, 44961392), (44974665, 44974715), (45010960, 45011019), (45020609, 45020730), (45034930, 45034985), (45037654, 45037689), (45051708, 45051802), (45053828, 45053955), (45059005, 45059104), (45059246, 45059466), (45060021, 45060156), (45060608, 45060764), (45061323, 45061419), (45062646, 45062748), (45063421, 45063817), (45069578, 45070357), (45076696, 45076826), (45078399, 45078505), (45079145, 45079351), (45082575, 45082640), (45082714, 45082789), (45083459, 45083608), (45085864, 45085979), (45089742, 45089930), (45090722, 45090864), (45106541, 45106649), (45107409, 45107536), (45110078, 45110249), (45111381, 45112779)], [(44951150, 44951195), (44961283, 44961392), (44974665, 44974715), (45010960, 45011019), (45020609, 45020730), (45034930, 45034985), (45037654, 45037689), (45051708, 45051802), (45053828, 45053955), (45059005, 45059104), (45059246, 45059466), (45060021, 45060156), (45060608, 45060764), (45061323, 45061419), (45062646, 45062748), (45063421, 45063817), (45069578, 45070357), (45076696, 45076826), (45078399, 45078505), (45079145, 45079351), (45082575, 45082640), (45082714, 45082789), (45083459, 45083608), (45085864, 45085979), (45089742, 45089930), (45090722, 45090864), (45106541, 45106649), (45107409, 45107536), (45110078, 45110249), (45111381, 45112779)])	0	inside_gene	intronic/exonic	7.251240849994974	5.43089
X:44958181:A:AT	X	44958181	LOC105373190	44866862	44870303	([(44866862, 44866881), (44867396, 44867517), (44870213, 44870303)],)	87878	distal	upstream	7.251240849994974	5.43089
X:44958181:A:AT	X	44958181	DUSP21	44844020	44844888	([(44844020, 44844888)],)	113293	distal	upstream	7.251240849994974	5.43089
X:44958181:A:AT	X	44958181	DIPK2B	45148372	45200876	([(45148372, 45151992), (45153909, 45154198), (45157714, 45157888), (45191750, 45192015), (45200593, 45200876)], [(45148372, 45151992), (45153909, 45154198), (45191750, 45192015), (45200593, 45200876)], [(45148372, 45151992), (45153987, 45154198), (45191750, 45192015), (45200593, 45200876)], [(45162322, 45164249), (45191750, 45192015), (45200593, 45200876)])	190191	distal	downstream	7.251240849994974	5.43089
X:44958181:A:AT	X	44958181	LOC105373191	45324952	45333917	([(45324952, 45325218), (45325492, 45325601), (45326917, 45326965)], [(45324952, 45325218), (45325492, 45325601), (45333273, 45333917)])	366771	distal	downstream	7.251240849994974	5.43089
X:44958181:A:AT	X	44958181	FUNDC1	44523638	44542859	([(44523638, 44524275), (44527236, 44527365), (44538466, 44538542), (44541944, 44542101), (44542804, 44542859)],)	415322	distal	upstream	7.251240849994974	5.43089
X:93507314:T:A	X	93507314	NAP1L3	93670929	93673578	([(93670929, 93673578)],)	163615	distal	downstream	7.228137901907166	5.42139
X:93507314:T:A	X	93507314	FAM133A	93673680	93712265	([(93673680, 93673782), (93674680, 93674752), (93698396, 93698485), (93709316, 93712265)], [(93674205, 93674254), (93674680, 93674752), (93698396, 93698439), (93709316, 93712265)], [(93674205, 93674254), (93674680, 93674752), (93698396, 93698485), (93709316, 93712265)], [(93674205, 93674274), (93674700, 93674752), (93698396, 93698485), (93709316, 93712265)], [(93674205, 93674274), (93674680, 93674752), (93709316, 93712265)], [(93674205, 93674274), (93674680, 93674752), (93698396, 93698439), (93709316, 93712265)], [(93674205, 93674274), (93674680, 93674752), (93698396, 93698485), (93709316, 93712265)], [(93674205, 93674274), (93674680, 93674752), (93698396, 93698485), (93705445, 93705498), (93708165, 93708274), (93709316, 93712265)], [(93674205, 93674274), (93674680, 93674752), (93698396, 93698485), (93705445, 93708274), (93709316, 93712265)], [(93674205, 93674274), (93674680, 93674752), (93677915, 93677950), (93698396, 93698439), (93709316, 93712265)], [(93674205, 93674274), (93674680, 93674752), (93677915, 93677950), (93698396, 93698485), (93709316, 93712265)], [(93674205, 93674404), (93674680, 93674752), (93698396, 93698485), (93709316, 93712265)], [(93696222, 93696332), (93698396, 93698439), (93709316, 93712265)], [(93696222, 93696332), (93698396, 93698485), (93709316, 93712265)])	166366	distal	downstream	7.228137901907166	5.42139
X:93062356:A:G	X	93062356	PCDH11X	91779374	92623230	([(91779374, 91779684), (91835460, 91836044), (91876780, 91879273), (92201374, 92201455), (92263113, 92263143), (92387734, 92387933), (92468298, 92468322), (92618263, 92623230)], [(91779374, 91779684), (91810472, 91810578), (91811236, 91811295), (91835460, 91836044), (91876780, 91879273), (92201374, 92201455), (92263113, 92263143), (92387734, 92387933), (92468298, 92468322), (92618263, 92623230)], [(91779374, 91779684), (91809465, 91809634), (91810472, 91810578), (91811236, 91811295), (91835460, 91836044), (91876780, 91879273), (92201374, 92201455), (92263113, 92263143), (92387734, 92387933), (92468298, 92468322), (92618263, 92623230)], [(91779374, 91779684), (91783074, 91783128), (91809465, 91809634), (91810472, 91810578), (91811236, 91811295), (91835460, 91836044), (91876780, 91879273), (92201374, 92201455), (92263113, 92263143), (92387734, 92387933), (92468298, 92468322), (92618263, 92623230)], [(91783136, 91785723), (91809465, 91809634), (91810472, 91810578), (91811236, 91811295), (91835460, 91836044), (91876780, 91879273), (92201374, 92201455), (92387734, 92387933), (92618263, 92623230)], [(91783136, 91785723), (91809465, 91809634), (91810472, 91810578), (91811236, 91811295), (91835460, 91836044), (91876780, 91879273), (92201374, 92201455), (92263113, 92263143), (92387734, 92387933), (92618263, 92623230)], [(91835460, 91836044), (91876780, 91879273), (92387734, 92387933), (92468298, 92468322), (92618269, 92623230)], [(91835460, 91836044), (91876780, 91879273), (92387734, 92387933), (92468298, 92468322), (92618263, 92623230)], [(91835460, 91836044), (91876780, 91879273), (92201374, 92201455), (92387734, 92387933), (92618263, 92623230)], [(91835460, 91836044), (91876780, 91879273), (92201374, 92201455), (92387734, 92387933), (92468298, 92468322), (92618263, 92623230)], [(91835460, 91836044), (91876780, 91879273), (92201374, 92201455), (92263113, 92263143), (92387734, 92387933), (92618263, 92623230)], [(91835460, 91836044), (91876780, 91879273), (92201374, 92201455), (92263113, 92263143), (92387734, 92387933), (92468298, 92468322), (92618269, 92623230)], [(91835460, 91836044), (91876780, 91879273), (92201374, 92201455), (92263113, 92263143), (92287966, 92288002), (92468298, 92468322), (92618263, 92623230)])	439126	distal	upstream	7.219830161775623	5.41797
X:82604708:A:T	X	82604708	LOC124900496	82561200	82561347	([(82561200, 82561347)],)	43361	regulatory_region	upstream	7.213129267721585	5.41521
X:82604708:A:T	X	82604708	EIF3JP1	82496815	82497945	([(82496815, 82497945)],)	106763	distal	upstream	7.213129267721585	5.41521
X:82604708:A:T	X	82604708	LOC105373287	82741174	82765924	([(82741174, 82741593), (82747467, 82747624), (82765489, 82765924)],)	136466	distal	downstream	7.213129267721585	5.41521
X:82604708:A:T	X	82604708	LOC105373288	82757856	82800393	([(82757856, 82757984), (82766539, 82766833), (82769180, 82769271), (82775850, 82775994), (82799238, 82800393)],)	153148	distal	downstream	7.213129267721585	5.41521
X:82604708:A:T	X	82604708	LOC105373286	82118975	82125542	([(82118975, 82119453), (82125115, 82125311), (82125419, 82125542)],)	479166	distal	upstream	7.213129267721585	5.41521
X:4287855:A:AAGG	X	4287855	LOC101928201	4627199	4633572	([(4627199, 4628189), (4630221, 4630350), (4633507, 4633572)],)	339344	distal	downstream	7.181707172767128	5.40225
X:4287855:A:AAGG	X	4287855	FAM239C	3929371	3937872	([(3929371, 3931782), (3937651, 3937872)],)	349983	distal	upstream	7.181707172767128	5.40225
X:4287855:A:AAGG	X	4287855	FAM239B	3885274	3920742	([(3885274, 3886915), (3893115, 3893351), (3905347, 3906232), (3920193, 3920742)], [(3889416, 3893351), (3899215, 3899422), (3901927, 3902071), (3903440, 3903569), (3905347, 3906232), (3920193, 3920742)])	367113	distal	upstream	7.181707172767128	5.40225
X:4287855:A:AAGG	X	4287855	FAM239A	3850991	3882351	([(3850991, 3853789), (3854691, 3854927), (3860789, 3860996), (3863501, 3863645), (3865013, 3865142), (3866921, 3867806), (3881764, 3882351)], [(3850991, 3853789), (3854691, 3854927), (3866949, 3867806), (3881764, 3882351)])	405504	distal	upstream	7.181707172767128	5.40225
X:4287855:A:AAGG	X	4287855	LOC389906	3817534	3843894	([(3817534, 3817778), (3818441, 3818500), (3818656, 3818703), (3828505, 3829392), (3843340, 3843894)],)	443961	distal	upstream	7.181707172767128	5.40225
X:4287855:A:AAGG	X	4287855	LOC124900487	3820671	3826671	([(3820671, 3822285), (3822373, 3822580), (3825087, 3826476)], [(3820671, 3822580), (3825087, 3826671)])	461184	distal	upstream	7.181707172767128	5.40225
X:82536867:A:T	X	82536867	LOC124900496	82561200	82561347	([(82561200, 82561347)],)	24333	regulatory_region	downstream	7.138303619854786	5.3843
X:82536867:A:T	X	82536867	EIF3JP1	82496815	82497945	([(82496815, 82497945)],)	38922	regulatory_region	upstream	7.138303619854786	5.3843
X:82536867:A:T	X	82536867	LOC105373287	82741174	82765924	([(82741174, 82741593), (82747467, 82747624), (82765489, 82765924)],)	204307	distal	downstream	7.138303619854786	5.3843
X:82536867:A:T	X	82536867	LOC105373288	82757856	82800393	([(82757856, 82757984), (82766539, 82766833), (82769180, 82769271), (82775850, 82775994), (82799238, 82800393)],)	220989	distal	downstream	7.138303619854786	5.3843
X:82536867:A:T	X	82536867	LOC105373286	82118975	82125542	([(82118975, 82119453), (82125115, 82125311), (82125419, 82125542)],)	411325	distal	upstream	7.138303619854786	5.3843
X:4291783:A:ATTTTTCTC	X	4291783	LOC101928201	4627199	4633572	([(4627199, 4628189), (4630221, 4630350), (4633507, 4633572)],)	335416	distal	downstream	7.085508848675338	5.36239
X:4291783:A:ATTTTTCTC	X	4291783	FAM239C	3929371	3937872	([(3929371, 3931782), (3937651, 3937872)],)	353911	distal	upstream	7.085508848675338	5.36239
X:4291783:A:ATTTTTCTC	X	4291783	FAM239B	3885274	3920742	([(3885274, 3886915), (3893115, 3893351), (3905347, 3906232), (3920193, 3920742)], [(3889416, 3893351), (3899215, 3899422), (3901927, 3902071), (3903440, 3903569), (3905347, 3906232), (3920193, 3920742)])	371041	distal	upstream	7.085508848675338	5.36239
X:4291783:A:ATTTTTCTC	X	4291783	FAM239A	3850991	3882351	([(3850991, 3853789), (3854691, 3854927), (3860789, 3860996), (3863501, 3863645), (3865013, 3865142), (3866921, 3867806), (3881764, 3882351)], [(3850991, 3853789), (3854691, 3854927), (3866949, 3867806), (3881764, 3882351)])	409432	distal	upstream	7.085508848675338	5.36239
X:4291783:A:ATTTTTCTC	X	4291783	LOC389906	3817534	3843894	([(3817534, 3817778), (3818441, 3818500), (3818656, 3818703), (3828505, 3829392), (3843340, 3843894)],)	447889	distal	upstream	7.085508848675338	5.36239
X:4291783:A:ATTTTTCTC	X	4291783	LOC124900487	3820671	3826671	([(3820671, 3822285), (3822373, 3822580), (3825087, 3826476)], [(3820671, 3822580), (3825087, 3826671)])	465112	distal	upstream	7.085508848675338	5.36239
X:4290860:C:A	X	4290860	LOC101928201	4627199	4633572	([(4627199, 4628189), (4630221, 4630350), (4633507, 4633572)],)	336339	distal	downstream	7.077766933913015	5.35917
X:4290860:C:A	X	4290860	FAM239C	3929371	3937872	([(3929371, 3931782), (3937651, 3937872)],)	352988	distal	upstream	7.077766933913015	5.35917
X:4290860:C:A	X	4290860	FAM239B	3885274	3920742	([(3885274, 3886915), (3893115, 3893351), (3905347, 3906232), (3920193, 3920742)], [(3889416, 3893351), (3899215, 3899422), (3901927, 3902071), (3903440, 3903569), (3905347, 3906232), (3920193, 3920742)])	370118	distal	upstream	7.077766933913015	5.35917
X:4290860:C:A	X	4290860	FAM239A	3850991	3882351	([(3850991, 3853789), (3854691, 3854927), (3860789, 3860996), (3863501, 3863645), (3865013, 3865142), (3866921, 3867806), (3881764, 3882351)], [(3850991, 3853789), (3854691, 3854927), (3866949, 3867806), (3881764, 3882351)])	408509	distal	upstream	7.077766933913015	5.35917
X:4290860:C:A	X	4290860	LOC389906	3817534	3843894	([(3817534, 3817778), (3818441, 3818500), (3818656, 3818703), (3828505, 3829392), (3843340, 3843894)],)	446966	distal	upstream	7.077766933913015	5.35917
X:4290860:C:A	X	4290860	LOC124900487	3820671	3826671	([(3820671, 3822285), (3822373, 3822580), (3825087, 3826476)], [(3820671, 3822580), (3825087, 3826671)])	464189	distal	upstream	7.077766933913015	5.35917
X:4290557:G:A	X	4290557	LOC101928201	4627199	4633572	([(4627199, 4628189), (4630221, 4630350), (4633507, 4633572)],)	336642	distal	downstream	7.066738656500102	5.35458
X:4290557:G:A	X	4290557	FAM239C	3929371	3937872	([(3929371, 3931782), (3937651, 3937872)],)	352685	distal	upstream	7.066738656500102	5.35458
X:4290557:G:A	X	4290557	FAM239B	3885274	3920742	([(3885274, 3886915), (3893115, 3893351), (3905347, 3906232), (3920193, 3920742)], [(3889416, 3893351), (3899215, 3899422), (3901927, 3902071), (3903440, 3903569), (3905347, 3906232), (3920193, 3920742)])	369815	distal	upstream	7.066738656500102	5.35458
X:4290557:G:A	X	4290557	FAM239A	3850991	3882351	([(3850991, 3853789), (3854691, 3854927), (3860789, 3860996), (3863501, 3863645), (3865013, 3865142), (3866921, 3867806), (3881764, 3882351)], [(3850991, 3853789), (3854691, 3854927), (3866949, 3867806), (3881764, 3882351)])	408206	distal	upstream	7.066738656500102	5.35458
X:4290557:G:A	X	4290557	LOC389906	3817534	3843894	([(3817534, 3817778), (3818441, 3818500), (3818656, 3818703), (3828505, 3829392), (3843340, 3843894)],)	446663	distal	upstream	7.066738656500102	5.35458
X:4290557:G:A	X	4290557	LOC124900487	3820671	3826671	([(3820671, 3822285), (3822373, 3822580), (3825087, 3826476)], [(3820671, 3822580), (3825087, 3826671)])	463886	distal	upstream	7.066738656500102	5.35458
X:133507429:G:T	X	133507429	GPC3	133535744	133985594	([(133535744, 133536293), (133596439, 133596599), (133661729, 133661850), (133692368, 133692494), (133699894, 133700028), (133704204, 133704273), (133753481, 133754176), (133953049, 133953211), (133985274, 133985594)], [(133535744, 133536293), (133596439, 133596599), (133661729, 133661850), (133692368, 133692494), (133699894, 133700028), (133753481, 133754176), (133953049, 133953211), (133985274, 133985594)], [(133535744, 133536293), (133596439, 133596599), (133661729, 133661850), (133692368, 133692494), (133699894, 133700028), (133753481, 133754176), (133953097, 133953211), (133985274, 133985594)], [(133535744, 133536293), (133596439, 133596599), (133661729, 133661850), (133692368, 133692494), (133699894, 133700028), (133753481, 133754176), (133985274, 133985594)], [(133674921, 133675103), (133685963, 133685965), (133692368, 133692494), (133699894, 133700028), (133753481, 133754176), (133953049, 133953211), (133985274, 133985594)])	28315	regulatory_region	downstream	7.062752403538758	5.35292
X:133507429:G:T	X	133507429	GPC4	133300102	133415489	([(133300102, 133303069), (133303165, 133303341), (133304724, 133304861), (133305771, 133305918), (133306023, 133306154), (133311257, 133311423), (133324144, 133324536), (133339182, 133339341), (133414805, 133415489)],)	91940	distal	upstream	7.062752403538758	5.35292
X:133507429:G:T	X	133507429	TFDP3	133216661	133218354	([(133216661, 133218354)],)	289075	distal	upstream	7.062752403538758	5.35292
X:133507429:G:T	X	133507429	LOC124900495	133152753	133152892	([(133152753, 133152892)],)	354537	distal	upstream	7.062752403538758	5.35292
X:133507429:G:T	X	133507429	GPC3-AS1	133897442	133897921	([(133897442, 133897921)],)	390013	distal	downstream	7.062752403538758	5.35292
X:133507429:G:T	X	133507429	USP26	133023167	133097109	([(133023167, 133028296), (133083706, 133083771), (133090112, 133090226), (133090717, 133090763), (133091352, 133091443), (133097029, 133097109)],)	410320	distal	upstream	7.062752403538758	5.35292
X:133507429:G:T	X	133507429	LOC124905220	133962141	133976712	([(133962141, 133968287), (133970075, 133976712)],)	454712	distal	downstream	7.062752403538758	5.35292
X:64351689:G:A	X	64351689	MTMR8	64268080	64395452	([(64268080, 64269043), (64270946, 64271073), (64328771, 64328900), (64331556, 64331757), (64336078, 64336128), (64337267, 64337393), (64343610, 64343720), (64345044, 64345177), (64348659, 64348794), (64349941, 64350070), (64354776, 64354934), (64356175, 64356338), (64359404, 64359527), (64395339, 64395452)],)	0	inside_gene	intronic/exonic	6.875240584220859	5.27428
X:64351689:G:A	X	64351689	LOC112268307	64205945	64312562	([(64205945, 64206084), (64206981, 64207040), (64305565, 64305692), (64306771, 64312562)], [(64205945, 64206084), (64206981, 64207040), (64247761, 64247806), (64305565, 64305692), (64306771, 64312562)])	39127	regulatory_region	upstream	6.875240584220859	5.27428
X:64351689:G:A	X	64351689	PFN5P	64405319	64406136	([(64405319, 64406136)],)	53630	distal	downstream	6.875240584220859	5.27428
X:64351689:G:A	X	64351689	ASB12	64224193	64230607	([(64224193, 64224468), (64224827, 64225674), (64230462, 64230607)],)	121082	distal	upstream	6.875240584220859	5.27428
X:64351689:G:A	X	64351689	AMER1	64185116	64205708	([(64185116, 64193384), (64205569, 64205708)],)	145981	distal	upstream	6.875240584220859	5.27428
X:64351689:G:A	X	64351689	LOC124905195	64789948	64808294	([(64789948, 64790638), (64808177, 64808294)],)	438259	distal	downstream	6.875240584220859	5.27428
X:64351689:G:A	X	64351689	LOC105373239	64842759	64851049	([(64842759, 64842834), (64843053, 64843148), (64844890, 64845057), (64848354, 64851049)], [(64842759, 64842834), (64843053, 64843148), (64844181, 64845057), (64848354, 64851049)], [(64842759, 64842834), (64843053, 64843148), (64844178, 64845057), (64848354, 64851049)], [(64842795, 64842923), (64843053, 64843148), (64844178, 64845057), (64848354, 64851049)])	491070	distal	downstream	6.875240584220859	5.27428
X:102000746:C:A	X	102000746	ZMAT1	101882289	101932027	([(101882289, 101884821), (101886631, 101887304), (101892704, 101894780)], [(101882289, 101884821), (101886631, 101886731), (101892704, 101894780)], [(101882289, 101884821), (101886631, 101886731), (101894453, 101894780)], [(101882289, 101884821), (101886631, 101886731), (101887197, 101895807)], [(101882289, 101884821), (101886631, 101886731), (101895813, 101895882), (101897867, 101898042), (101898118, 101898220), (101904223, 101904330), (101931465, 101931586)], [(101882289, 101884821), (101886631, 101886731), (101895813, 101895879), (101897867, 101898042), (101898118, 101898220), (101904223, 101904330), (101931465, 101931586)], [(101882289, 101884821), (101886631, 101886731), (101897867, 101898042), (101898118, 101898220), (101904223, 101904330), (101918512, 101918633), (101931716, 101932027)], [(101882289, 101884821), (101886631, 101886731), (101887197, 101887304), (101892704, 101892754), (101894453, 101894904), (101895813, 101895882), (101897867, 101898042), (101898118, 101898220), (101904223, 101904330), (101931716, 101932027)], [(101882289, 101884821), (101886631, 101886731), (101895813, 101895882), (101897867, 101898042), (101898118, 101898220), (101904223, 101904330), (101931716, 101932027)], [(101882289, 101884821), (101886631, 101886731), (101887197, 101887304), (101894453, 101894904), (101895813, 101895879), (101897867, 101898042), (101898118, 101898220), (101904223, 101904330), (101931716, 101932027)], [(101882289, 101884821), (101886631, 101886731), (101895813, 101895879), (101897867, 101898042), (101898118, 101898220), (101904223, 101904330), (101931716, 101932027)], [(101882289, 101884821), (101886631, 101886731), (101897867, 101898042), (101898118, 101898220), (101904223, 101904330), (101931716, 101932027)])	68719	distal	upstream	6.792929303021573	5.23941
X:102000746:C:A	X	102000746	TCEAL2	102125678	102127712	([(102125678, 102125806), (102126372, 102126445), (102126803, 102127712)],)	124932	distal	downstream	6.792929303021573	5.23941
X:102000746:C:A	X	102000746	TCEAL6	102138501	102142481	([(102138501, 102141355), (102141713, 102141786), (102142352, 102142481)],)	137755	distal	downstream	6.792929303021573	5.23941
X:102000746:C:A	X	102000746	LOC105373299	102141727	102143965	([(102141727, 102141809), (102142993, 102143108), (102143642, 102143965)], [(102142574, 102142615), (102142993, 102143108), (102143642, 102143965)])	140981	distal	downstream	6.792929303021573	5.23941
X:102000746:C:A	X	102000746	NXF5	101832111	101857577	([(101832111, 101832390), (101832536, 101832597), (101836019, 101836201), (101836733, 101836831), (101837491, 101837654), (101837781, 101837840), (101838199, 101838255), (101838341, 101838410), (101838789, 101838826), (101840498, 101840608), (101840787, 101840895), (101841015, 101841104), (101841260, 101841330), (101841477, 101841558), (101841673, 101841778), (101841889, 101841973), (101842741, 101842895), (101843121, 101843305), (101857504, 101857577)], [(101832111, 101832390), (101832536, 101832597), (101836019, 101836201), (101836733, 101836806), (101837491, 101837654), (101837781, 101837840), (101838199, 101838255), (101838341, 101838410), (101838789, 101838826), (101840498, 101840608), (101840787, 101840895), (101841015, 101841104), (101841260, 101841330), (101841477, 101841558), (101841673, 101841778), (101841889, 101841973), (101842741, 101842895), (101843121, 101843305), (101857504, 101857577)], [(101832111, 101832390), (101832536, 101832597), (101836019, 101836201), (101836733, 101836806), (101837491, 101837654), (101837781, 101837840), (101838199, 101838255), (101838341, 101838410), (101838789, 101838826), (101840498, 101840608), (101840787, 101840831), (101841015, 101841104), (101841260, 101841330), (101841477, 101841558), (101841673, 101841778), (101841889, 101841973), (101842741, 101842895), (101843121, 101843305), (101857504, 101857577)], [(101832111, 101832390), (101832536, 101832597), (101836019, 101836201), (101836733, 101836831), (101837397, 101837654), (101837781, 101837840), (101838199, 101838255), (101838341, 101838410), (101838789, 101838826), (101840498, 101840608), (101840787, 101840895), (101841015, 101841104), (101841260, 101841330), (101841477, 101841558), (101842741, 101842895), (101843121, 101843305), (101857504, 101857577)], [(101832111, 101832390), (101832536, 101832597), (101836019, 101836201), (101836733, 101836806), (101837491, 101837654), (101837781, 101837840), (101838199, 101838255), (101838341, 101838410), (101838789, 101838826), (101840498, 101840608), (101840787, 101840895), (101841015, 101841104), (101841260, 101841330), (101841477, 101841558), (101842741, 101842895), (101843121, 101843305), (101857504, 101857577)])	143169	distal	upstream	6.792929303021573	5.23941
X:102000746:C:A	X	102000746	BEX5	102153711	102155977	([(102153711, 102154302), (102154743, 102154810), (102155592, 102155790)], [(102153711, 102154302), (102154743, 102154810), (102155858, 102155977)])	152965	distal	downstream	6.792929303021573	5.23941
X:102000746:C:A	X	102000746	TCP11X1	102215300	102226795	([(102215300, 102215340), (102215827, 102215965), (102217977, 102218080), (102221540, 102221661), (102222394, 102222615), (102223381, 102223518), (102223764, 102223985), (102224083, 102224265), (102225026, 102225190), (102226364, 102226795)], [(102215300, 102215340), (102215827, 102215965), (102217954, 102218080), (102221540, 102221661), (102222424, 102222615), (102223381, 102223518), (102223764, 102223985), (102224083, 102224265), (102225026, 102225190), (102226364, 102226795)])	214554	distal	downstream	6.792929303021573	5.23941
X:102000746:C:A	X	102000746	NXF2	102247166	102326722	([(102247166, 102247238), (102248436, 102248558), (102307025, 102307121), (102316962, 102317152), (102317378, 102317529), (102317832, 102317916), (102318027, 102318132), (102318247, 102318328), (102318514, 102318584), (102318740, 102318829), (102318949, 102319057), (102319236, 102319346), (102321024, 102321061), (102321441, 102321510), (102321596, 102321652), (102321783, 102321891), (102322011, 102322070), (102322208, 102322324), (102322419, 102322462), (102323062, 102323135), (102323669, 102323852), (102326262, 102326323), (102326469, 102326722)],)	246420	distal	downstream	6.792929303021573	5.23941
X:102000746:C:A	X	102000746	ARMCX2	101655280	101659850	([(101655280, 101657718), (101658072, 101658142), (101658460, 101658496)], [(101655280, 101657715), (101658072, 101658142), (101658460, 101658525), (101659075, 101659148), (101659407, 101659534), (101659757, 101659850)], [(101655280, 101657715), (101658072, 101658142), (101658460, 101658569), (101659075, 101659148), (101659418, 101659534), (101659757, 101659850)], [(101655280, 101657715), (101658072, 101658142), (101658460, 101658525), (101659075, 101659148), (101659418, 101659534), (101659757, 101659850)], [(101655280, 101657715), (101658072, 101658142), (101658460, 101658525), (101659075, 101659136), (101659418, 101659534), (101659757, 101659850)], [(101655280, 101657715), (101658072, 101658142), (101658460, 101658569), (101659075, 101659148), (101659407, 101659501), (101659757, 101659850)], [(101655280, 101657715), (101658072, 101658142), (101658491, 101658569), (101659075, 101659148), (101659407, 101659501), (101659757, 101659850)], [(101655280, 101657715), (101658072, 101658142), (101658460, 101658525), (101659075, 101659148), (101659407, 101659501), (101659757, 101659850)], [(101655280, 101657715), (101658072, 101658142), (101658460, 101658613), (101659075, 101659136), (101659407, 101659501), (101659757, 101659850)], [(101655280, 101657715), (101658072, 101658142), (101658460, 101658569), (101659075, 101659136), (101659407, 101659501), (101659757, 101659850)], [(101655280, 101657715), (101658072, 101658142), (101658491, 101658569), (101659075, 101659136), (101659407, 101659501), (101659757, 101659850)], [(101655280, 101657715), (101658072, 101658142), (101658460, 101658525), (101659075, 101659136), (101659407, 101659501), (101659757, 101659850)], [(101655280, 101657715), (101658072, 101658142), (101658460, 101658613), (101659075, 101659148), (101659418, 101659501), (101659757, 101659850)], [(101655280, 101657715), (101658072, 101658142), (101658491, 101658613), (101659075, 101659148), (101659418, 101659501), (101659757, 101659850)], [(101655280, 101657715), (101658072, 101658142), (101658460, 101658569), (101659075, 101659148), (101659418, 101659501), (101659757, 101659850)], [(101655280, 101657715), (101658072, 101658142), (101658491, 101658569), (101659075, 101659148), (101659418, 101659501), (101659757, 101659850)], [(101655280, 101657715), (101658072, 101658142), (101658460, 101658525), (101659075, 101659148), (101659418, 101659501), (101659757, 101659850)], [(101655280, 101657715), (101658072, 101658142), (101658491, 101658525), (101659075, 101659148), (101659418, 101659501), (101659757, 101659850)], [(101655280, 101657715), (101658072, 101658142), (101659075, 101659148), (101659418, 101659501), (101659757, 101659850)], [(101655280, 101657715), (101658072, 101658142), (101658491, 101658613), (101659075, 101659136), (101659418, 101659501), (101659757, 101659850)], [(101655280, 101657715), (101658072, 101658142), (101658460, 101658569), (101659075, 101659136), (101659418, 101659501), (101659757, 101659850)], [(101655280, 101657715), (101658072, 101658142), (101658491, 101658569), (101659075, 101659136), (101659418, 101659501), (101659757, 101659850)], [(101655280, 101657715), (101658072, 101658142), (101658460, 101658525), (101659075, 101659136), (101659418, 101659501), (101659757, 101659850)], [(101655280, 101657715), (101658072, 101658142), (101658460, 101658569), (101659075, 101659148), (101659430, 101659501), (101659757, 101659850)], [(101655280, 101657715), (101658072, 101658142), (101658491, 101658569), (101659075, 101659148), (101659430, 101659501), (101659757, 101659850)], [(101655280, 101657715), (101658072, 101658142), (101658460, 101658525), (101659075, 101659148), (101659430, 101659501), (101659757, 101659850)], [(101655280, 101657715), (101658072, 101658142), (101658460, 101658569), (101659075, 101659148), (101659757, 101659850)], [(101655280, 101657715), (101658072, 101658142), (101658491, 101658569), (101659075, 101659148), (101659757, 101659850)], [(101655280, 101657715), (101658072, 101658142), (101658460, 101658525), (101659075, 101659148), (101659757, 101659850)], [(101655280, 101657718), (101658072, 101658142), (101659075, 101659148), (101659757, 101659850)], [(101655280, 101657715), (101658072, 101658142), (101659075, 101659148), (101659757, 101659850)], [(101655280, 101657715), (101658072, 101658142), (101658460, 101658569), (101659075, 101659136), (101659757, 101659850)], [(101655280, 101657715), (101658072, 101658142), (101658491, 101658569), (101659075, 101659136), (101659757, 101659850)], [(101655280, 101657715), (101658072, 101658142), (101658460, 101658525), (101659075, 101659136), (101659757, 101659850)], [(101655280, 101657718), (101658072, 101658142), (101659075, 101659136), (101659757, 101659850)], [(101655280, 101657718), (101658072, 101658142), (101659757, 101659850)], [(101655280, 101657715), (101658072, 101658142), (101659757, 101659850)])	340896	distal	upstream	6.792929303021573	5.23941
X:102000746:C:A	X	102000746	NXF2B	102360394	102440008	([(102360394, 102360645), (102360791, 102360852), (102363262, 102363445), (102363979, 102364052), (102364652, 102364695), (102364790, 102364906), (102365044, 102365103), (102365223, 102365331), (102365462, 102365518), (102365604, 102365673), (102366053, 102366090), (102367768, 102367878), (102368057, 102368165), (102368285, 102368374), (102368530, 102368600), (102368786, 102368867), (102368982, 102369087), (102369198, 102369282), (102369585, 102369736), (102369962, 102370152), (102379993, 102380089), (102438552, 102438674), (102439869, 102440008)],)	359648	distal	downstream	6.792929303021573	5.23941
X:102000746:C:A	X	102000746	ARMCX3	101623150	101627843	([(101623150, 101623276), (101623813, 101623893), (101624157, 101624218), (101624479, 101624550), (101624833, 101627843)], [(101623150, 101623276), (101623785, 101623893), (101624157, 101624218), (101624479, 101624550), (101624833, 101627843)], [(101623150, 101623430), (101623813, 101623893), (101624157, 101624218), (101624479, 101624550), (101624833, 101627843)], [(101623150, 101623430), (101623785, 101623893), (101624157, 101624218), (101624479, 101624550), (101624833, 101627843)])	372903	distal	upstream	6.792929303021573	5.23941
X:102000746:C:A	X	102000746	ARMCX6	101615124	101618000	([(101615124, 101616766), (101617282, 101617370), (101617502, 101617584), (101617884, 101618000)], [(101615124, 101616766), (101617291, 101617370), (101617502, 101617584), (101617884, 101618000)], [(101615124, 101616766), (101617502, 101617584), (101617884, 101618000)], [(101615124, 101616766), (101617884, 101618000)], [(101615124, 101615760), (101616671, 101616766), (101617282, 101617370), (101617502, 101617584), (101617884, 101618000)], [(101615124, 101615760), (101616671, 101616766), (101617502, 101617584), (101617884, 101618000)])	382746	distal	upstream	6.792929303021573	5.23941
X:102000746:C:A	X	102000746	ARMCX1	101550546	101554700	([(101550546, 101550660), (101550970, 101551024), (101551568, 101551633), (101552808, 101554700)],)	446046	distal	upstream	6.792929303021573	5.23941
X:102000746:C:A	X	102000746	TCP11X2	102460314	102471812	([(102460314, 102460745), (102461919, 102462083), (102462844, 102463026), (102463124, 102463345), (102463591, 102463728), (102464494, 102464685), (102465448, 102465569), (102469032, 102469158), (102471147, 102471285), (102471772, 102471812)], [(102460314, 102460745), (102461919, 102462083), (102462844, 102463026), (102463124, 102463345), (102463591, 102463728), (102464494, 102464715), (102465448, 102465569), (102469032, 102469135), (102471147, 102471285), (102471772, 102471812)])	459568	distal	downstream	6.792929303021573	5.23941
X:102000746:C:A	X	102000746	ARMCX4	101418277	101535988	([(101418277, 101418370), (101418909, 101419000), (101444051, 101444155), (101445997, 101446044), (101486022, 101486092), (101487192, 101487272), (101487607, 101487691), (101488007, 101488099), (101488443, 101489315), (101498144, 101499366), (101504936, 101505355), (101509358, 101509427), (101509589, 101509678), (101511024, 101511055), (101524203, 101524432), (101531643, 101535988)], [(101485455, 101485530), (101486022, 101486092), (101487192, 101487272), (101487607, 101487691), (101488043, 101488099), (101498144, 101499366), (101504936, 101505355), (101509358, 101509427), (101509589, 101509678), (101511024, 101511055), (101516479, 101516951)], [(101485455, 101485530), (101486022, 101486092), (101487192, 101487272), (101487607, 101487691), (101488043, 101488099), (101488443, 101489315), (101498144, 101499366), (101504936, 101505355), (101509363, 101509427), (101509589, 101509678), (101511024, 101511055), (101531643, 101532012), (101533083, 101535988)], [(101485455, 101485530), (101486022, 101486098), (101487192, 101487272), (101487607, 101487691), (101488043, 101488099), (101498144, 101499366), (101504936, 101505355), (101509363, 101509427), (101509589, 101509678), (101511024, 101511055), (101524203, 101524432), (101531643, 101532012), (101533083, 101535988)], [(101485455, 101485530), (101486022, 101486098), (101487192, 101487272), (101487607, 101487691), (101488007, 101488099), (101488443, 101489315), (101498144, 101499366), (101504936, 101505355), (101509363, 101509427), (101509589, 101509678), (101511024, 101511055), (101531643, 101532012), (101533083, 101535988)])	464758	distal	upstream	6.792929303021573	5.23941
X:81496844:C:CAATAATAATAAT	X	81496844	LOC105373285	81475531	81498296	([(81475531, 81475589), (81477417, 81477578), (81478603, 81478775), (81497919, 81498296)], [(81476669, 81476986), (81477417, 81478775), (81497919, 81498296)])	0	inside_gene	intronic/exonic	6.758195378609008	5.22463
X:81496844:C:CAATAATAATAAT	X	81496844	LOC105373284	81359738	81366215	([(81359738, 81362144), (81363226, 81366215)],)	130629	distal	upstream	6.758195378609008	5.22463
X:81496844:C:CAATAATAATAAT	X	81496844	LOC124905203	81319083	81328276	([(81319083, 81319185), (81319597, 81319672), (81324575, 81328276)],)	168568	distal	upstream	6.758195378609008	5.22463
X:81496844:C:CAATAATAATAAT	X	81496844	SH3BGRL	81202101	81298547	([(81202101, 81202245), (81276983, 81277169), (81278330, 81278411), (81297194, 81298547)], [(81202101, 81202245), (81202436, 81202576), (81237117, 81237280), (81276983, 81277169), (81278330, 81278411), (81297194, 81298547)], [(81202591, 81202720), (81237117, 81237280), (81276983, 81277169), (81278330, 81278411), (81297194, 81298547)], [(81236307, 81236390), (81237117, 81237280), (81276983, 81277169), (81278330, 81278411), (81297194, 81298547)])	198297	distal	upstream	6.758195378609008	5.22463
X:81496844:C:CAATAATAATAAT	X	81496844	HMGN5	81113698	81201913	([(81113698, 81115230), (81116203, 81116341), (81118431, 81118488), (81118729, 81118759), (81119787, 81119817), (81121534, 81121675)], [(81113698, 81115230), (81116203, 81116341), (81118431, 81118488), (81118729, 81118759), (81121534, 81121675)], [(81113698, 81115230), (81116203, 81116341), (81118431, 81118485), (81118729, 81118759), (81121534, 81121675)], [(81113698, 81115230), (81116203, 81116341), (81118431, 81118485), (81121534, 81121675)], [(81113698, 81115230), (81116203, 81116341), (81118431, 81118488), (81118729, 81118759), (81119787, 81119817), (81121534, 81121672), (81201736, 81201913)], [(81113698, 81115230), (81116203, 81116341), (81118431, 81118485), (81118729, 81118759), (81119787, 81119817), (81121534, 81121672), (81201736, 81201913)], [(81113698, 81115230), (81116203, 81116341), (81118431, 81118485), (81118729, 81118759), (81121534, 81121672), (81201736, 81201913)])	294931	distal	upstream	6.758195378609008	5.22463
X:97215365:G:A	X	97215365	DIAPH2	96684841	97604997	([(96684841, 96685190), (96735757, 96735790), (96738585, 96738762), (96758153, 96758258), (96881578, 96881718), (96912327, 96912402), (96912482, 96912552), (96916437, 96916574), (96918508, 96918617), (96930732, 96930843), (96937232, 96937351), (96939265, 96939382), (96942017, 96942136), (96945526, 96945591), (96948934, 96949039), (96957827, 96958148), (96965092, 96965207), (97072940, 97073042), (97075166, 97075261), (97099693, 97099795), (97114725, 97114965), (97141664, 97141794), (97247714, 97247839), (97348115, 97348280), (97383908, 97384044), (97429649, 97429745), (97469693, 97469836)], [(96684841, 96685190), (96735757, 96735790), (96738585, 96738762), (96758153, 96758258), (96881578, 96881718), (96912327, 96912402), (96912482, 96912552), (96916437, 96916574), (96918508, 96918617), (96930732, 96930843), (96937232, 96937351), (96939265, 96939382), (96942017, 96942136), (96945526, 96945591), (96948934, 96949039), (96957827, 96958148), (96965092, 96965207), (97072940, 97073042), (97075166, 97075261), (97099693, 97099795), (97114725, 97114965), (97141664, 97141794), (97247714, 97247839), (97348115, 97348280), (97383908, 97384044), (97429649, 97429745), (97599252, 97604997)])	0	inside_gene	intronic/exonic	6.687556168156103	5.19445
X:97215365:G:A	X	97215365	DIAPH2-AS1	97528363	97564535	([(97528363, 97529066), (97533311, 97533429), (97564379, 97564535)],)	312998	distal	downstream	6.687556168156103	5.19445
X:97215365:G:A	X	97215365	RPA4	96883907	96885467	([(96883907, 96885467)],)	329898	distal	upstream	6.687556168156103	5.19445
X:114876422:C:CTTT	X	114876422	HTR2C	114584085	114910061	([(114584085, 114584659), (114613814, 114613881), (114726857, 114726971), (114731293, 114731607), (114848002, 114848108), (114906588, 114910061)], [(114584085, 114584659), (114613814, 114613881), (114726857, 114726971), (114731293, 114731607), (114848002, 114848203), (114906588, 114910061)], [(114584085, 114584659), (114613814, 114613881), (114717585, 114717676), (114726857, 114726971), (114731293, 114731607), (114848002, 114848203), (114906588, 114910061)])	0	inside_gene	intronic/exonic	6.686295737934234	5.19391
X:114876422:C:CTTT	X	114876422	MIR448	114823453	114823564	([(114823453, 114823564)],)	52858	distal	upstream	6.686295737934234	5.19391
X:114876422:C:CTTT	X	114876422	LOC105373313	114717493	114813691	([(114717493, 114717587), (114730621, 114730776), (114789342, 114789510), (114810736, 114810855), (114813405, 114813691)],)	62731	distal	upstream	6.686295737934234	5.19391
X:114876422:C:CTTT	X	114876422	MIR1911	114763183	114763263	([(114763183, 114763263)],)	113159	distal	upstream	6.686295737934234	5.19391
X:114876422:C:CTTT	X	114876422	IL13RA2	115003981	115017616	([(115003981, 115004106), (115005196, 115005315), (115007931, 115008076), (115009520, 115009666), (115010643, 115010828), (115013768, 115013889), (115014420, 115014574), (115015669, 115015821), (115017175, 115017302), (115017552, 115017616)],)	127559	distal	downstream	6.686295737934234	5.19391
X:114876422:C:CTTT	X	114876422	MIR1298	114715232	114715344	([(114715232, 114715344)],)	161078	distal	upstream	6.686295737934234	5.19391
X:114876422:C:CTTT	X	114876422	MIR1264	114652654	114652723	([(114652654, 114652723)],)	223699	distal	upstream	6.686295737934234	5.19391
X:114876422:C:CTTT	X	114876422	MIR1912	114651543	114651623	([(114651543, 114651623)],)	224799	distal	upstream	6.686295737934234	5.19391
X:114876422:C:CTTT	X	114876422	LRCH2	115110615	115234096	([(115110615, 115113335), (115122526, 115122604), (115122759, 115122897), (115123079, 115123192), (115123944, 115124002), (115126842, 115126893), (115130154, 115130199), (115149826, 115149943), (115150021, 115150070), (115156601, 115156667), (115163675, 115163783), (115165404, 115165463), (115165557, 115165655), (115165840, 115165952), (115166254, 115166342), (115170298, 115170432), (115179426, 115179563), (115179645, 115179751), (115184410, 115184537), (115188225, 115188370), (115233692, 115234096)], [(115110615, 115113335), (115122526, 115122604), (115122759, 115122897), (115123079, 115123192), (115123944, 115124002), (115130154, 115130199), (115149826, 115149943), (115150021, 115150070), (115156601, 115156667), (115163675, 115163783), (115165404, 115165463), (115165557, 115165655), (115165840, 115165952), (115166254, 115166342), (115170298, 115170432), (115179426, 115179563), (115179645, 115179751), (115184410, 115184537), (115188225, 115188370), (115233692, 115234096)], [(115110615, 115113335), (115122526, 115122604), (115122759, 115122897), (115123079, 115123192), (115123944, 115124002), (115126842, 115126893), (115130154, 115130199), (115149826, 115149943), (115150021, 115150070), (115156601, 115156667), (115163675, 115163783), (115165404, 115165463), (115165557, 115165655), (115165861, 115165952), (115166254, 115166342), (115170298, 115170432), (115179426, 115179563), (115179645, 115179751), (115184410, 115184537), (115188225, 115188370), (115233692, 115234096)], [(115135862, 115136546), (115138335, 115138442), (115149826, 115149943), (115150021, 115150070), (115156601, 115156667), (115163675, 115163783), (115165404, 115165463), (115165557, 115165655), (115165840, 115165952), (115166254, 115166342), (115170298, 115170432), (115179426, 115179563), (115179645, 115179751), (115184410, 115184537), (115188225, 115188370), (115233692, 115234096)])	234193	distal	downstream	6.686295737934234	5.19391
X:114876422:C:CTTT	X	114876422	MIR764	114639434	114639519	([(114639434, 114639519)],)	236903	distal	upstream	6.686295737934234	5.19391
X:114876422:C:CTTT	X	114876422	SNORA35	114630796	114630924	([(114630796, 114630924)],)	245498	distal	upstream	6.686295737934234	5.19391
X:114876422:C:CTTT	X	114876422	SNORA35B	115126315	115126442	([(115126315, 115126442)],)	249893	distal	downstream	6.686295737934234	5.19391
X:114876422:C:CTTT	X	114876422	RBMXL3	115189409	115192868	([(115189409, 115192868)],)	312987	distal	downstream	6.686295737934234	5.19391
X:114876422:C:CTTT	X	114876422	LUZP4	115289714	115307563	([(115289714, 115289850), (115301991, 115302123), (115306204, 115307563)], [(115289714, 115289850), (115301991, 115302123), (115303299, 115303418), (115306204, 115307563)])	413292	distal	downstream	6.686295737934234	5.19391
X:114876422:C:CTTT	X	114876422	LOC107985681	115343507	115373412	([(115343507, 115346345), (115367585, 115367726), (115372309, 115373412)],)	467085	distal	downstream	6.686295737934234	5.19391
X:4288244:C:G	X	4288244	LOC101928201	4627199	4633572	([(4627199, 4628189), (4630221, 4630350), (4633507, 4633572)],)	338955	distal	downstream	6.665493058706987	5.18499
X:4288244:C:G	X	4288244	FAM239C	3929371	3937872	([(3929371, 3931782), (3937651, 3937872)],)	350372	distal	upstream	6.665493058706987	5.18499
X:4288244:C:G	X	4288244	FAM239B	3885274	3920742	([(3885274, 3886915), (3893115, 3893351), (3905347, 3906232), (3920193, 3920742)], [(3889416, 3893351), (3899215, 3899422), (3901927, 3902071), (3903440, 3903569), (3905347, 3906232), (3920193, 3920742)])	367502	distal	upstream	6.665493058706987	5.18499
X:4288244:C:G	X	4288244	FAM239A	3850991	3882351	([(3850991, 3853789), (3854691, 3854927), (3860789, 3860996), (3863501, 3863645), (3865013, 3865142), (3866921, 3867806), (3881764, 3882351)], [(3850991, 3853789), (3854691, 3854927), (3866949, 3867806), (3881764, 3882351)])	405893	distal	upstream	6.665493058706987	5.18499
X:4288244:C:G	X	4288244	LOC389906	3817534	3843894	([(3817534, 3817778), (3818441, 3818500), (3818656, 3818703), (3828505, 3829392), (3843340, 3843894)],)	444350	distal	upstream	6.665493058706987	5.18499
X:4288244:C:G	X	4288244	LOC124900487	3820671	3826671	([(3820671, 3822285), (3822373, 3822580), (3825087, 3826476)], [(3820671, 3822580), (3825087, 3826671)])	461573	distal	upstream	6.665493058706987	5.18499
X:4288425:G:C	X	4288425	LOC101928201	4627199	4633572	([(4627199, 4628189), (4630221, 4630350), (4633507, 4633572)],)	338774	distal	downstream	6.660111277617331	5.18268
X:4288425:G:C	X	4288425	FAM239C	3929371	3937872	([(3929371, 3931782), (3937651, 3937872)],)	350553	distal	upstream	6.660111277617331	5.18268
X:4288425:G:C	X	4288425	FAM239B	3885274	3920742	([(3885274, 3886915), (3893115, 3893351), (3905347, 3906232), (3920193, 3920742)], [(3889416, 3893351), (3899215, 3899422), (3901927, 3902071), (3903440, 3903569), (3905347, 3906232), (3920193, 3920742)])	367683	distal	upstream	6.660111277617331	5.18268
X:4288425:G:C	X	4288425	FAM239A	3850991	3882351	([(3850991, 3853789), (3854691, 3854927), (3860789, 3860996), (3863501, 3863645), (3865013, 3865142), (3866921, 3867806), (3881764, 3882351)], [(3850991, 3853789), (3854691, 3854927), (3866949, 3867806), (3881764, 3882351)])	406074	distal	upstream	6.660111277617331	5.18268
X:4288425:G:C	X	4288425	LOC389906	3817534	3843894	([(3817534, 3817778), (3818441, 3818500), (3818656, 3818703), (3828505, 3829392), (3843340, 3843894)],)	444531	distal	upstream	6.660111277617331	5.18268
X:4288425:G:C	X	4288425	LOC124900487	3820671	3826671	([(3820671, 3822285), (3822373, 3822580), (3825087, 3826476)], [(3820671, 3822580), (3825087, 3826671)])	461754	distal	upstream	6.660111277617331	5.18268
X:101996831:G:A	X	101996831	ZMAT1	101882289	101932027	([(101882289, 101884821), (101886631, 101887304), (101892704, 101894780)], [(101882289, 101884821), (101886631, 101886731), (101892704, 101894780)], [(101882289, 101884821), (101886631, 101886731), (101894453, 101894780)], [(101882289, 101884821), (101886631, 101886731), (101887197, 101895807)], [(101882289, 101884821), (101886631, 101886731), (101895813, 101895882), (101897867, 101898042), (101898118, 101898220), (101904223, 101904330), (101931465, 101931586)], [(101882289, 101884821), (101886631, 101886731), (101895813, 101895879), (101897867, 101898042), (101898118, 101898220), (101904223, 101904330), (101931465, 101931586)], [(101882289, 101884821), (101886631, 101886731), (101897867, 101898042), (101898118, 101898220), (101904223, 101904330), (101918512, 101918633), (101931716, 101932027)], [(101882289, 101884821), (101886631, 101886731), (101887197, 101887304), (101892704, 101892754), (101894453, 101894904), (101895813, 101895882), (101897867, 101898042), (101898118, 101898220), (101904223, 101904330), (101931716, 101932027)], [(101882289, 101884821), (101886631, 101886731), (101895813, 101895882), (101897867, 101898042), (101898118, 101898220), (101904223, 101904330), (101931716, 101932027)], [(101882289, 101884821), (101886631, 101886731), (101887197, 101887304), (101894453, 101894904), (101895813, 101895879), (101897867, 101898042), (101898118, 101898220), (101904223, 101904330), (101931716, 101932027)], [(101882289, 101884821), (101886631, 101886731), (101895813, 101895879), (101897867, 101898042), (101898118, 101898220), (101904223, 101904330), (101931716, 101932027)], [(101882289, 101884821), (101886631, 101886731), (101897867, 101898042), (101898118, 101898220), (101904223, 101904330), (101931716, 101932027)])	64804	distal	upstream	6.599042895384865	5.1564
X:101996831:G:A	X	101996831	TCEAL2	102125678	102127712	([(102125678, 102125806), (102126372, 102126445), (102126803, 102127712)],)	128847	distal	downstream	6.599042895384865	5.1564
X:101996831:G:A	X	101996831	NXF5	101832111	101857577	([(101832111, 101832390), (101832536, 101832597), (101836019, 101836201), (101836733, 101836831), (101837491, 101837654), (101837781, 101837840), (101838199, 101838255), (101838341, 101838410), (101838789, 101838826), (101840498, 101840608), (101840787, 101840895), (101841015, 101841104), (101841260, 101841330), (101841477, 101841558), (101841673, 101841778), (101841889, 101841973), (101842741, 101842895), (101843121, 101843305), (101857504, 101857577)], [(101832111, 101832390), (101832536, 101832597), (101836019, 101836201), (101836733, 101836806), (101837491, 101837654), (101837781, 101837840), (101838199, 101838255), (101838341, 101838410), (101838789, 101838826), (101840498, 101840608), (101840787, 101840895), (101841015, 101841104), (101841260, 101841330), (101841477, 101841558), (101841673, 101841778), (101841889, 101841973), (101842741, 101842895), (101843121, 101843305), (101857504, 101857577)], [(101832111, 101832390), (101832536, 101832597), (101836019, 101836201), (101836733, 101836806), (101837491, 101837654), (101837781, 101837840), (101838199, 101838255), (101838341, 101838410), (101838789, 101838826), (101840498, 101840608), (101840787, 101840831), (101841015, 101841104), (101841260, 101841330), (101841477, 101841558), (101841673, 101841778), (101841889, 101841973), (101842741, 101842895), (101843121, 101843305), (101857504, 101857577)], [(101832111, 101832390), (101832536, 101832597), (101836019, 101836201), (101836733, 101836831), (101837397, 101837654), (101837781, 101837840), (101838199, 101838255), (101838341, 101838410), (101838789, 101838826), (101840498, 101840608), (101840787, 101840895), (101841015, 101841104), (101841260, 101841330), (101841477, 101841558), (101842741, 101842895), (101843121, 101843305), (101857504, 101857577)], [(101832111, 101832390), (101832536, 101832597), (101836019, 101836201), (101836733, 101836806), (101837491, 101837654), (101837781, 101837840), (101838199, 101838255), (101838341, 101838410), (101838789, 101838826), (101840498, 101840608), (101840787, 101840895), (101841015, 101841104), (101841260, 101841330), (101841477, 101841558), (101842741, 101842895), (101843121, 101843305), (101857504, 101857577)])	139254	distal	upstream	6.599042895384865	5.1564
X:101996831:G:A	X	101996831	TCEAL6	102138501	102142481	([(102138501, 102141355), (102141713, 102141786), (102142352, 102142481)],)	141670	distal	downstream	6.599042895384865	5.1564
X:101996831:G:A	X	101996831	LOC105373299	102141727	102143965	([(102141727, 102141809), (102142993, 102143108), (102143642, 102143965)], [(102142574, 102142615), (102142993, 102143108), (102143642, 102143965)])	144896	distal	downstream	6.599042895384865	5.1564
X:101996831:G:A	X	101996831	BEX5	102153711	102155977	([(102153711, 102154302), (102154743, 102154810), (102155592, 102155790)], [(102153711, 102154302), (102154743, 102154810), (102155858, 102155977)])	156880	distal	downstream	6.599042895384865	5.1564
X:101996831:G:A	X	101996831	TCP11X1	102215300	102226795	([(102215300, 102215340), (102215827, 102215965), (102217977, 102218080), (102221540, 102221661), (102222394, 102222615), (102223381, 102223518), (102223764, 102223985), (102224083, 102224265), (102225026, 102225190), (102226364, 102226795)], [(102215300, 102215340), (102215827, 102215965), (102217954, 102218080), (102221540, 102221661), (102222424, 102222615), (102223381, 102223518), (102223764, 102223985), (102224083, 102224265), (102225026, 102225190), (102226364, 102226795)])	218469	distal	downstream	6.599042895384865	5.1564
X:101996831:G:A	X	101996831	NXF2	102247166	102326722	([(102247166, 102247238), (102248436, 102248558), (102307025, 102307121), (102316962, 102317152), (102317378, 102317529), (102317832, 102317916), (102318027, 102318132), (102318247, 102318328), (102318514, 102318584), (102318740, 102318829), (102318949, 102319057), (102319236, 102319346), (102321024, 102321061), (102321441, 102321510), (102321596, 102321652), (102321783, 102321891), (102322011, 102322070), (102322208, 102322324), (102322419, 102322462), (102323062, 102323135), (102323669, 102323852), (102326262, 102326323), (102326469, 102326722)],)	250335	distal	downstream	6.599042895384865	5.1564
X:101996831:G:A	X	101996831	ARMCX2	101655280	101659850	([(101655280, 101657718), (101658072, 101658142), (101658460, 101658496)], [(101655280, 101657715), (101658072, 101658142), (101658460, 101658525), (101659075, 101659148), (101659407, 101659534), (101659757, 101659850)], [(101655280, 101657715), (101658072, 101658142), (101658460, 101658569), (101659075, 101659148), (101659418, 101659534), (101659757, 101659850)], [(101655280, 101657715), (101658072, 101658142), (101658460, 101658525), (101659075, 101659148), (101659418, 101659534), (101659757, 101659850)], [(101655280, 101657715), (101658072, 101658142), (101658460, 101658525), (101659075, 101659136), (101659418, 101659534), (101659757, 101659850)], [(101655280, 101657715), (101658072, 101658142), (101658460, 101658569), (101659075, 101659148), (101659407, 101659501), (101659757, 101659850)], [(101655280, 101657715), (101658072, 101658142), (101658491, 101658569), (101659075, 101659148), (101659407, 101659501), (101659757, 101659850)], [(101655280, 101657715), (101658072, 101658142), (101658460, 101658525), (101659075, 101659148), (101659407, 101659501), (101659757, 101659850)], [(101655280, 101657715), (101658072, 101658142), (101658460, 101658613), (101659075, 101659136), (101659407, 101659501), (101659757, 101659850)], [(101655280, 101657715), (101658072, 101658142), (101658460, 101658569), (101659075, 101659136), (101659407, 101659501), (101659757, 101659850)], [(101655280, 101657715), (101658072, 101658142), (101658491, 101658569), (101659075, 101659136), (101659407, 101659501), (101659757, 101659850)], [(101655280, 101657715), (101658072, 101658142), (101658460, 101658525), (101659075, 101659136), (101659407, 101659501), (101659757, 101659850)], [(101655280, 101657715), (101658072, 101658142), (101658460, 101658613), (101659075, 101659148), (101659418, 101659501), (101659757, 101659850)], [(101655280, 101657715), (101658072, 101658142), (101658491, 101658613), (101659075, 101659148), (101659418, 101659501), (101659757, 101659850)], [(101655280, 101657715), (101658072, 101658142), (101658460, 101658569), (101659075, 101659148), (101659418, 101659501), (101659757, 101659850)], [(101655280, 101657715), (101658072, 101658142), (101658491, 101658569), (101659075, 101659148), (101659418, 101659501), (101659757, 101659850)], [(101655280, 101657715), (101658072, 101658142), (101658460, 101658525), (101659075, 101659148), (101659418, 101659501), (101659757, 101659850)], [(101655280, 101657715), (101658072, 101658142), (101658491, 101658525), (101659075, 101659148), (101659418, 101659501), (101659757, 101659850)], [(101655280, 101657715), (101658072, 101658142), (101659075, 101659148), (101659418, 101659501), (101659757, 101659850)], [(101655280, 101657715), (101658072, 101658142), (101658491, 101658613), (101659075, 101659136), (101659418, 101659501), (101659757, 101659850)], [(101655280, 101657715), (101658072, 101658142), (101658460, 101658569), (101659075, 101659136), (101659418, 101659501), (101659757, 101659850)], [(101655280, 101657715), (101658072, 101658142), (101658491, 101658569), (101659075, 101659136), (101659418, 101659501), (101659757, 101659850)], [(101655280, 101657715), (101658072, 101658142), (101658460, 101658525), (101659075, 101659136), (101659418, 101659501), (101659757, 101659850)], [(101655280, 101657715), (101658072, 101658142), (101658460, 101658569), (101659075, 101659148), (101659430, 101659501), (101659757, 101659850)], [(101655280, 101657715), (101658072, 101658142), (101658491, 101658569), (101659075, 101659148), (101659430, 101659501), (101659757, 101659850)], [(101655280, 101657715), (101658072, 101658142), (101658460, 101658525), (101659075, 101659148), (101659430, 101659501), (101659757, 101659850)], [(101655280, 101657715), (101658072, 101658142), (101658460, 101658569), (101659075, 101659148), (101659757, 101659850)], [(101655280, 101657715), (101658072, 101658142), (101658491, 101658569), (101659075, 101659148), (101659757, 101659850)], [(101655280, 101657715), (101658072, 101658142), (101658460, 101658525), (101659075, 101659148), (101659757, 101659850)], [(101655280, 101657718), (101658072, 101658142), (101659075, 101659148), (101659757, 101659850)], [(101655280, 101657715), (101658072, 101658142), (101659075, 101659148), (101659757, 101659850)], [(101655280, 101657715), (101658072, 101658142), (101658460, 101658569), (101659075, 101659136), (101659757, 101659850)], [(101655280, 101657715), (101658072, 101658142), (101658491, 101658569), (101659075, 101659136), (101659757, 101659850)], [(101655280, 101657715), (101658072, 101658142), (101658460, 101658525), (101659075, 101659136), (101659757, 101659850)], [(101655280, 101657718), (101658072, 101658142), (101659075, 101659136), (101659757, 101659850)], [(101655280, 101657718), (101658072, 101658142), (101659757, 101659850)], [(101655280, 101657715), (101658072, 101658142), (101659757, 101659850)])	336981	distal	upstream	6.599042895384865	5.1564
X:101996831:G:A	X	101996831	NXF2B	102360394	102440008	([(102360394, 102360645), (102360791, 102360852), (102363262, 102363445), (102363979, 102364052), (102364652, 102364695), (102364790, 102364906), (102365044, 102365103), (102365223, 102365331), (102365462, 102365518), (102365604, 102365673), (102366053, 102366090), (102367768, 102367878), (102368057, 102368165), (102368285, 102368374), (102368530, 102368600), (102368786, 102368867), (102368982, 102369087), (102369198, 102369282), (102369585, 102369736), (102369962, 102370152), (102379993, 102380089), (102438552, 102438674), (102439869, 102440008)],)	363563	distal	downstream	6.599042895384865	5.1564
X:101996831:G:A	X	101996831	ARMCX3	101623150	101627843	([(101623150, 101623276), (101623813, 101623893), (101624157, 101624218), (101624479, 101624550), (101624833, 101627843)], [(101623150, 101623276), (101623785, 101623893), (101624157, 101624218), (101624479, 101624550), (101624833, 101627843)], [(101623150, 101623430), (101623813, 101623893), (101624157, 101624218), (101624479, 101624550), (101624833, 101627843)], [(101623150, 101623430), (101623785, 101623893), (101624157, 101624218), (101624479, 101624550), (101624833, 101627843)])	368988	distal	upstream	6.599042895384865	5.1564
X:101996831:G:A	X	101996831	ARMCX6	101615124	101618000	([(101615124, 101616766), (101617282, 101617370), (101617502, 101617584), (101617884, 101618000)], [(101615124, 101616766), (101617291, 101617370), (101617502, 101617584), (101617884, 101618000)], [(101615124, 101616766), (101617502, 101617584), (101617884, 101618000)], [(101615124, 101616766), (101617884, 101618000)], [(101615124, 101615760), (101616671, 101616766), (101617282, 101617370), (101617502, 101617584), (101617884, 101618000)], [(101615124, 101615760), (101616671, 101616766), (101617502, 101617584), (101617884, 101618000)])	378831	distal	upstream	6.599042895384865	5.1564
X:101996831:G:A	X	101996831	ARMCX1	101550546	101554700	([(101550546, 101550660), (101550970, 101551024), (101551568, 101551633), (101552808, 101554700)],)	442131	distal	upstream	6.599042895384865	5.1564
X:101996831:G:A	X	101996831	ARMCX4	101418277	101535988	([(101418277, 101418370), (101418909, 101419000), (101444051, 101444155), (101445997, 101446044), (101486022, 101486092), (101487192, 101487272), (101487607, 101487691), (101488007, 101488099), (101488443, 101489315), (101498144, 101499366), (101504936, 101505355), (101509358, 101509427), (101509589, 101509678), (101511024, 101511055), (101524203, 101524432), (101531643, 101535988)], [(101485455, 101485530), (101486022, 101486092), (101487192, 101487272), (101487607, 101487691), (101488043, 101488099), (101498144, 101499366), (101504936, 101505355), (101509358, 101509427), (101509589, 101509678), (101511024, 101511055), (101516479, 101516951)], [(101485455, 101485530), (101486022, 101486092), (101487192, 101487272), (101487607, 101487691), (101488043, 101488099), (101488443, 101489315), (101498144, 101499366), (101504936, 101505355), (101509363, 101509427), (101509589, 101509678), (101511024, 101511055), (101531643, 101532012), (101533083, 101535988)], [(101485455, 101485530), (101486022, 101486098), (101487192, 101487272), (101487607, 101487691), (101488043, 101488099), (101498144, 101499366), (101504936, 101505355), (101509363, 101509427), (101509589, 101509678), (101511024, 101511055), (101524203, 101524432), (101531643, 101532012), (101533083, 101535988)], [(101485455, 101485530), (101486022, 101486098), (101487192, 101487272), (101487607, 101487691), (101488007, 101488099), (101488443, 101489315), (101498144, 101499366), (101504936, 101505355), (101509363, 101509427), (101509589, 101509678), (101511024, 101511055), (101531643, 101532012), (101533083, 101535988)])	460843	distal	upstream	6.599042895384865	5.1564
X:101996831:G:A	X	101996831	TCP11X2	102460314	102471812	([(102460314, 102460745), (102461919, 102462083), (102462844, 102463026), (102463124, 102463345), (102463591, 102463728), (102464494, 102464685), (102465448, 102465569), (102469032, 102469158), (102471147, 102471285), (102471772, 102471812)], [(102460314, 102460745), (102461919, 102462083), (102462844, 102463026), (102463124, 102463345), (102463591, 102463728), (102464494, 102464715), (102465448, 102465569), (102469032, 102469135), (102471147, 102471285), (102471772, 102471812)])	463483	distal	downstream	6.599042895384865	5.1564
X:107782824:T:TATAC	X	107782824	NCBP2L	107777732	107795829	([(107777732, 107777858), (107794148, 107795829)],)	0	inside_gene	intronic/exonic	6.454975287575941	5.0939
X:107782824:T:TATAC	X	107782824	TSC22D3	107713220	107775988	([(107713220, 107714749), (107715898, 107715950), (107716314, 107716508)], [(107713220, 107714749), (107715898, 107715950), (107716689, 107717062)], [(107713220, 107714749), (107715898, 107715950), (107775099, 107775787)], [(107713220, 107714749), (107715898, 107715950), (107775099, 107775525), (107775779, 107775988)], [(107713220, 107714749), (107715898, 107715950), (107775099, 107775511), (107775779, 107775988)])	6836	regulatory_region	upstream	6.454975287575941	5.0939
X:107782824:T:TATAC	X	107782824	MID2	107825734	107931637	([(107825734, 107825800), (107840669, 107841385), (107854608, 107854704), (107903957, 107904065), (107905477, 107905626), (107916001, 107916129), (107917505, 107917649), (107924342, 107924504), (107926093, 107926301), (107926670, 107931637)], [(107825734, 107825800), (107840669, 107841385), (107854608, 107854704), (107903957, 107904065), (107905477, 107905626), (107916001, 107916129), (107917505, 107917739), (107924342, 107924504), (107926093, 107926301), (107926670, 107931637)], [(107825865, 107826430), (107840669, 107841385), (107854608, 107854704), (107903957, 107904065), (107905477, 107905626), (107916001, 107916129), (107917505, 107917649), (107924342, 107924504), (107926093, 107926301), (107926670, 107931637)], [(107825865, 107826430), (107840669, 107841385), (107854608, 107854704), (107903957, 107904065), (107905477, 107905626), (107916001, 107916129), (107917505, 107917739), (107924342, 107924504), (107926093, 107926301), (107926670, 107931637)])	42910	regulatory_region	downstream	6.454975287575941	5.0939
X:107782824:T:TATAC	X	107782824	LOC101928335	107894596	107935980	([(107894596, 107896360), (107933029, 107933120), (107934634, 107934680), (107935791, 107935980)],)	111772	distal	downstream	6.454975287575941	5.0939
X:107782824:T:TATAC	X	107782824	PRPS1	107628509	107651026	([(107628509, 107628750), (107645176, 107645350), (107647605, 107647765), (107649939, 107651026)], [(107628509, 107628750), (107639294, 107639478), (107640901, 107641000), (107642365, 107642490), (107645176, 107645350), (107647605, 107647765), (107649939, 107651026)])	131798	distal	upstream	6.454975287575941	5.0939
X:107782824:T:TATAC	X	107782824	FRMPD3	107449651	107605251	([(107449651, 107450005), (107530408, 107530511), (107545736, 107545841), (107550048, 107550156), (107552794, 107552926), (107554384, 107554504), (107560256, 107560393), (107560726, 107560853), (107563110, 107563200), (107564886, 107565066), (107576314, 107576459), (107597320, 107598142), (107600302, 107605251)], [(107449651, 107450005), (107526581, 107526736), (107530408, 107530511), (107533504, 107533550), (107545736, 107545841), (107550048, 107550156), (107552794, 107552926), (107554384, 107554504), (107560256, 107560393), (107560726, 107560853), (107563110, 107563200), (107564886, 107565066), (107576314, 107576459), (107597320, 107598142), (107600302, 107605251)], [(107522449, 107522483), (107525594, 107525652), (107526581, 107526736), (107530408, 107530511), (107533504, 107533550), (107545736, 107545841), (107550048, 107550156), (107552794, 107552926), (107554384, 107554504), (107560256, 107560393), (107560726, 107560853), (107563110, 107563200), (107564886, 107565066), (107576314, 107576459), (107597320, 107598142), (107600302, 107605251)], [(107526581, 107526736), (107530408, 107530511), (107533504, 107533550), (107545736, 107545841), (107550048, 107550156), (107552794, 107552926), (107554384, 107554504), (107560256, 107560393), (107560726, 107560853), (107564886, 107565066), (107576314, 107576459), (107597320, 107598142), (107600302, 107605251)], [(107530408, 107530511), (107552794, 107552926), (107554384, 107554504), (107560256, 107560393), (107560726, 107560853), (107563110, 107563200), (107564886, 107565066), (107576314, 107576459), (107597320, 107598142), (107600302, 107605251)], [(107545751, 107545841), (107546154, 107546276), (107550048, 107550156), (107552794, 107552926), (107554384, 107554504), (107560256, 107560393), (107560726, 107560853), (107563110, 107563200), (107564886, 107565066), (107576314, 107576459), (107597320, 107598142), (107600302, 107605251)], [(107545751, 107545841), (107546154, 107546276), (107547154, 107547242), (107550048, 107550156), (107552794, 107552926), (107554384, 107554504), (107560256, 107560393), (107560726, 107560853), (107563110, 107563200), (107564886, 107565066), (107576314, 107576459), (107597320, 107598142), (107600302, 107605251)], [(107545751, 107545841), (107546154, 107546276), (107547080, 107547242), (107550048, 107550156), (107552794, 107552926), (107554384, 107554504), (107560256, 107560393), (107560726, 107560853), (107563110, 107563200), (107564886, 107565066), (107576314, 107576459), (107597320, 107598142), (107600302, 107605251)])	177573	distal	upstream	6.454975287575941	5.0939
X:107782824:T:TATAC	X	107782824	LOC112267910	107967951	107986529	([(107967951, 107969881), (107971318, 107971363), (107973867, 107975523), (107977089, 107977179), (107984537, 107984708), (107985025, 107986529)],)	185127	distal	downstream	6.454975287575941	5.0939
X:107782824:T:TATAC	X	107782824	TEX13B	107980863	107982370	([(107980863, 107981559), (107981668, 107982159), (107982309, 107982370)],)	198039	distal	downstream	6.454975287575941	5.0939
X:107782824:T:TATAC	X	107782824	VSIG1	108018878	108079184	([(108018878, 108018978), (108058037, 108058201), (108066935, 108067134), (108072676, 108072832), (108073249, 108073369), (108076076, 108076218), (108077047, 108079184)], [(108018878, 108018978), (108058037, 108058201), (108061427, 108061535), (108064709, 108064787), (108066935, 108067134), (108072676, 108072832), (108073249, 108073369), (108076076, 108076218), (108077047, 108079184)], [(108045064, 108045179), (108058037, 108058201), (108066935, 108067134), (108072676, 108072832), (108073249, 108073369), (108076076, 108076218), (108077047, 108079184)], [(108045064, 108045179), (108058037, 108058201), (108064709, 108064787), (108066935, 108067134), (108072676, 108072832), (108073249, 108073369), (108076076, 108076218), (108077047, 108079184)], [(108045064, 108045179), (108058037, 108058201), (108061427, 108061535), (108066935, 108067134), (108072676, 108072832), (108073249, 108073369), (108076076, 108076218), (108077047, 108079184)], [(108045064, 108045179), (108058037, 108058201), (108061427, 108061535), (108064709, 108064787), (108066935, 108067134), (108072676, 108072832), (108073249, 108073369), (108076076, 108076218), (108077047, 108079184)])	236054	distal	downstream	6.454975287575941	5.0939
X:107782824:T:TATAC	X	107782824	FRMPD3-AS1	107512982	107545821	([(107512982, 107513332), (107545714, 107545821)],)	237003	distal	upstream	6.454975287575941	5.0939
X:107782824:T:TATAC	X	107782824	PSMD10	108084206	108091542	([(108084206, 108085127), (108087685, 108087852), (108087952, 108088099), (108088751, 108088850), (108091406, 108091542)], [(108084206, 108085127), (108087764, 108087852), (108087952, 108088099), (108088751, 108088850), (108091406, 108091542)])	301382	distal	downstream	6.454975287575941	5.0939
X:107782824:T:TATAC	X	107782824	ATG4A	108088828	108154671	([(108088828, 108088970), (108126076, 108126187), (108128780, 108128852), (108131259, 108131358), (108134056, 108134158), (108134338, 108134411), (108137090, 108137170), (108137803, 108137884), (108150151, 108150297), (108151801, 108151858), (108152978, 108153087), (108153641, 108154671)], [(108088828, 108088970), (108126076, 108126187), (108128780, 108128852), (108131259, 108131358), (108134056, 108134158), (108134338, 108134411), (108137090, 108137170), (108137803, 108137991), (108138112, 108138191), (108150151, 108150297), (108151801, 108151858), (108152978, 108153087), (108153641, 108154671)], [(108091777, 108091836), (108126076, 108126187), (108128780, 108128852), (108131259, 108131358), (108134056, 108134158), (108134338, 108134411), (108137090, 108137170), (108137803, 108137884), (108150151, 108150297), (108151801, 108151858), (108152978, 108153087), (108153641, 108154671)], [(108091777, 108091836), (108126076, 108126187), (108128780, 108128852), (108131259, 108131358), (108134056, 108134158), (108134338, 108134411), (108137090, 108137170), (108137803, 108137991), (108138112, 108138191), (108150151, 108150297), (108151801, 108151858), (108152978, 108153087), (108153641, 108154671)], [(108091777, 108091836), (108126076, 108126187), (108126792, 108127094), (108128780, 108128852), (108131259, 108131358), (108134056, 108134158), (108134338, 108134411), (108137090, 108137170), (108137803, 108137884), (108150151, 108150297), (108151801, 108151858), (108152978, 108153087), (108153641, 108154671)], [(108091777, 108091836), (108126076, 108126187), (108126792, 108127094), (108128780, 108128852), (108131259, 108131358), (108134056, 108134158), (108134338, 108134411), (108137090, 108137170), (108137803, 108137991), (108138112, 108138191), (108150151, 108150297), (108151801, 108151858), (108152978, 108153087), (108153641, 108154671)], [(108091777, 108091836), (108126076, 108126187), (108126792, 108127094), (108128780, 108128852), (108131259, 108131358), (108134056, 108134158), (108134338, 108134415), (108137090, 108137170), (108137803, 108137991), (108138112, 108138191), (108150151, 108150297), (108151801, 108151858), (108152978, 108153087), (108153641, 108154671)], [(108091777, 108091879), (108126076, 108126187), (108128780, 108128852), (108131259, 108131358), (108134056, 108134158), (108134338, 108134411), (108137090, 108137170), (108137803, 108137991), (108138112, 108138191), (108150151, 108150297), (108151801, 108151858), (108152978, 108153087), (108153641, 108154671)], [(108091777, 108091879), (108126076, 108126187), (108126792, 108127094), (108128780, 108128852), (108131259, 108131358), (108134056, 108134158), (108134338, 108134411), (108137090, 108137170), (108137803, 108137991), (108138112, 108138191), (108150151, 108150297), (108151801, 108151858), (108152978, 108153087), (108153641, 108154671)], [(108091777, 108092256), (108126076, 108126187), (108128780, 108128852), (108131259, 108131358), (108134056, 108134158), (108134338, 108134411), (108137090, 108137170), (108137803, 108137991), (108138112, 108138191), (108150151, 108150297), (108151801, 108151858), (108152978, 108153087), (108153641, 108154671)], [(108091777, 108092256), (108126076, 108126187), (108126792, 108127094), (108128780, 108128852), (108131259, 108131358), (108134056, 108134158), (108134338, 108134411), (108137090, 108137170), (108137803, 108137991), (108138112, 108138191), (108150151, 108150297), (108151801, 108151858), (108152978, 108153087), (108153641, 108154671)], [(108091777, 108091836), (108126076, 108126187), (108128780, 108128852), (108131259, 108131358), (108134056, 108134158), (108134338, 108134411), (108137090, 108137170), (108137803, 108138077), (108150151, 108150297), (108151801, 108151858), (108152978, 108153087), (108153641, 108154671)])	306004	distal	downstream	6.454975287575941	5.0939
X:107782824:T:TATAC	X	107782824	COL4A6	108155613	108439458	([(108155613, 108157260), (108159461, 108159748), (108160462, 108160654), (108161618, 108161735), (108162891, 108163038), (108164599, 108164698), (108164876, 108165038), (108165369, 108165486), (108169494, 108169620), (108169944, 108170016), (108170608, 108170716), (108170809, 108170917), (108171386, 108171461), (108172468, 108172532), (108174439, 108174621), (108175089, 108175215), (108175653, 108175797), (108176840, 108177011), (108178683, 108178845), (108179216, 108179438), (108180514, 108180622), (108180896, 108180968), (108183721, 108183772), (108187095, 108187279), (108187847, 108188027), (108188516, 108188677), (108190391, 108190496), (108191392, 108191533), (108192472, 108192580), (108193627, 108193697), (108194533, 108194587), (108195081, 108195126), (108196510, 108196579), (108202927, 108202981), (108204319, 108204412), (108205438, 108205480), (108205659, 108205695), (108206517, 108206580), (108209968, 108210004), (108211671, 108211740), (108214111, 108214228), (108219697, 108219742), (108221239, 108221374), (108221864, 108222843)], [(108155613, 108157260), (108159461, 108159748), (108160462, 108160654), (108161618, 108161735), (108162891, 108163038), (108164599, 108164698), (108164876, 108165038), (108165369, 108165486), (108169494, 108169620), (108169944, 108170016), (108170608, 108170716), (108170809, 108170917), (108171386, 108171461), (108172468, 108172532), (108174439, 108174621), (108175089, 108175215), (108175653, 108175797), (108176840, 108177011), (108178683, 108178845), (108179216, 108179438), (108180514, 108180622), (108180896, 108180968), (108183721, 108183772), (108187095, 108187279), (108187847, 108188027), (108188516, 108188677), (108190391, 108190496), (108191392, 108191533), (108192472, 108192580), (108193627, 108193697), (108194533, 108194587), (108195081, 108195126), (108196510, 108196579), (108202927, 108202981), (108204319, 108204412), (108205438, 108205480), (108205659, 108205695), (108206517, 108206580), (108209968, 108210004), (108211671, 108211740), (108214111, 108214228), (108219697, 108219742), (108221239, 108221374), (108310747, 108310828), (108437941, 108437993), (108438185, 108438422)], [(108155613, 108157260), (108159461, 108159748), (108160462, 108160654), (108161618, 108161735), (108162891, 108163038), (108164599, 108164698), (108164876, 108165038), (108165369, 108165486), (108169494, 108169620), (108169944, 108170016), (108170608, 108170716), (108170809, 108170917), (108171386, 108171461), (108172468, 108172532), (108174439, 108174621), (108175089, 108175215), (108175653, 108175797), (108176840, 108177011), (108178683, 108178845), (108179216, 108179438), (108180514, 108180622), (108180896, 108180968), (108187095, 108187279), (108187847, 108188027), (108188516, 108188677), (108190391, 108190496), (108191392, 108191533), (108192472, 108192580), (108193627, 108193697), (108194533, 108194587), (108195081, 108195126), (108196510, 108196579), (108202927, 108202981), (108204319, 108204412), (108205438, 108205480), (108205659, 108205695), (108206517, 108206580), (108209968, 108210004), (108211671, 108211740), (108214111, 108214228), (108219697, 108219742), (108221239, 108221374), (108310747, 108310828), (108437941, 108437993), (108438185, 108438422)], [(108155613, 108157260), (108159461, 108159748), (108160462, 108160654), (108161618, 108161735), (108162891, 108163038), (108164599, 108164698), (108164876, 108165038), (108165369, 108165486), (108169494, 108169620), (108170608, 108170716), (108170809, 108170917), (108171386, 108171461), (108172468, 108172532), (108174439, 108174621), (108175089, 108175215), (108175653, 108175797), (108176840, 108177011), (108178683, 108178845), (108179216, 108179438), (108180514, 108180622), (108180896, 108180968), (108187095, 108187279), (108187847, 108188027), (108188516, 108188677), (108190391, 108190496), (108191392, 108191533), (108192472, 108192580), (108193627, 108193697), (108194533, 108194587), (108195081, 108195126), (108196510, 108196579), (108202927, 108202981), (108204319, 108204412), (108205438, 108205480), (108205659, 108205695), (108206517, 108206580), (108209968, 108210004), (108211671, 108211740), (108214111, 108214228), (108219697, 108219742), (108221239, 108221374), (108310747, 108310828), (108437941, 108437993), (108438185, 108438422)], [(108155613, 108157260), (108159461, 108159748), (108160462, 108160654), (108161618, 108161735), (108162891, 108163038), (108164876, 108165038), (108165369, 108165486), (108169494, 108169620), (108170608, 108170716), (108170809, 108170917), (108171386, 108171461), (108172468, 108172532), (108174439, 108174621), (108175089, 108175215), (108175653, 108175797), (108176840, 108177011), (108178683, 108178845), (108179216, 108179438), (108180514, 108180622), (108180896, 108180968), (108187095, 108187279), (108187847, 108188027), (108188516, 108188677), (108190391, 108190496), (108191392, 108191533), (108192472, 108192580), (108193627, 108193697), (108194533, 108194587), (108195081, 108195126), (108196510, 108196579), (108202927, 108202981), (108204319, 108204412), (108205438, 108205480), (108205659, 108205695), (108206517, 108206580), (108209968, 108210004), (108211671, 108211740), (108214111, 108214228), (108219697, 108219742), (108221239, 108221374), (108310747, 108310828), (108437941, 108437993), (108438185, 108438422)], [(108155613, 108157260), (108159461, 108159748), (108160462, 108160654), (108161618, 108161735), (108162891, 108163038), (108164599, 108164698), (108164876, 108165038), (108165369, 108165486), (108169494, 108169620), (108169944, 108170016), (108170608, 108170716), (108170809, 108170917), (108171386, 108171461), (108172468, 108172532), (108174439, 108174621), (108175089, 108175215), (108175653, 108175797), (108176840, 108177011), (108178683, 108178845), (108179216, 108179438), (108180514, 108180622), (108180896, 108180968), (108183721, 108183772), (108187095, 108187279), (108187847, 108188027), (108188516, 108188677), (108190391, 108190496), (108191392, 108191533), (108192472, 108192580), (108193627, 108193697), (108194533, 108194587), (108195081, 108195126), (108196510, 108196579), (108202927, 108202981), (108204319, 108204412), (108205438, 108205480), (108205659, 108205695), (108206517, 108206580), (108209968, 108210004), (108211671, 108211740), (108214111, 108214228), (108219697, 108219742), (108221239, 108221374), (108310747, 108310828), (108437941, 108437993), (108439357, 108439458)], [(108155613, 108157260), (108159461, 108159748), (108160462, 108160654), (108161618, 108161735), (108162891, 108163038), (108164599, 108164698), (108164876, 108165038), (108165369, 108165486), (108169494, 108169620), (108170608, 108170716), (108170809, 108170917), (108171386, 108171461), (108172468, 108172532), (108174439, 108174621), (108175089, 108175215), (108175653, 108175797), (108176840, 108177011), (108178683, 108178845), (108179216, 108179438), (108180514, 108180622), (108180896, 108180968), (108183721, 108183772), (108187095, 108187279), (108187847, 108188027), (108188516, 108188677), (108190391, 108190496), (108191392, 108191533), (108192472, 108192580), (108193627, 108193697), (108194533, 108194587), (108195081, 108195126), (108196510, 108196579), (108202927, 108202981), (108204319, 108204412), (108205438, 108205480), (108205659, 108205695), (108206517, 108206580), (108209968, 108210004), (108211671, 108211740), (108214111, 108214228), (108219697, 108219742), (108221239, 108221374), (108310747, 108310828), (108437941, 108437993), (108439357, 108439458)], [(108155613, 108157260), (108159461, 108159748), (108160462, 108160654), (108161618, 108161735), (108162891, 108163038), (108164599, 108164698), (108164876, 108165038), (108165369, 108165486), (108169494, 108169620), (108169944, 108170016), (108170608, 108170716), (108170809, 108170917), (108171386, 108171461), (108172468, 108172532), (108174439, 108174621), (108175089, 108175215), (108175653, 108175797), (108176840, 108177011), (108178683, 108178845), (108179216, 108179438), (108180514, 108180622), (108180896, 108180968), (108187095, 108187279), (108187847, 108188027), (108188516, 108188677), (108190391, 108190496), (108191392, 108191533), (108192472, 108192580), (108193627, 108193697), (108194533, 108194587), (108195081, 108195126), (108196510, 108196579), (108202927, 108202981), (108204319, 108204412), (108205438, 108205480), (108205659, 108205695), (108206517, 108206580), (108209968, 108210004), (108211671, 108211740), (108214111, 108214228), (108219697, 108219742), (108221239, 108221374), (108310747, 108310828), (108437941, 108437993), (108439357, 108439458)], [(108155613, 108157260), (108159461, 108159748), (108160462, 108160654), (108161618, 108161735), (108162891, 108163038), (108164599, 108164698), (108164876, 108165038), (108165369, 108165486), (108169494, 108169620), (108170608, 108170716), (108170809, 108170917), (108171386, 108171461), (108172468, 108172532), (108174439, 108174621), (108175089, 108175215), (108175653, 108175797), (108176840, 108177011), (108178683, 108178845), (108179216, 108179438), (108180514, 108180622), (108180896, 108180968), (108187095, 108187279), (108187847, 108188027), (108188516, 108188677), (108190391, 108190496), (108191392, 108191533), (108192472, 108192580), (108193627, 108193697), (108194533, 108194587), (108195081, 108195126), (108196510, 108196579), (108202927, 108202981), (108204319, 108204412), (108205438, 108205480), (108205659, 108205695), (108206517, 108206580), (108209968, 108210004), (108211671, 108211740), (108214111, 108214228), (108219697, 108219742), (108221239, 108221374), (108310747, 108310828), (108437941, 108437993), (108439357, 108439458)], [(108166253, 108166811), (108169494, 108169620), (108169944, 108170016), (108170608, 108170716), (108170809, 108170917), (108171386, 108171461), (108172468, 108172532), (108174439, 108174621), (108175089, 108175215), (108175653, 108175797), (108176840, 108177011), (108178683, 108178845), (108179216, 108179438), (108180514, 108180622), (108180896, 108180968), (108183721, 108183772), (108187095, 108187279), (108187847, 108188027), (108188516, 108188677), (108190391, 108190496), (108191392, 108191533), (108192472, 108192580), (108193627, 108193697), (108194533, 108194587), (108195081, 108195126), (108196510, 108196579), (108202927, 108202981), (108204319, 108204412), (108205438, 108205480), (108205659, 108205695), (108206517, 108206580), (108209968, 108210004), (108211671, 108211740), (108214111, 108214228), (108219697, 108219742), (108221239, 108221374), (108310747, 108310828), (108437941, 108437993), (108438185, 108438422)], [(108166253, 108166811), (108169494, 108169620), (108169944, 108170016), (108170608, 108170716), (108170809, 108170917), (108171386, 108171461), (108172468, 108172532), (108174439, 108174621), (108175089, 108175215), (108175653, 108175797), (108176840, 108177011), (108178683, 108178845), (108179216, 108179438), (108180514, 108180622), (108180896, 108180968), (108187095, 108187279), (108187847, 108188027), (108188516, 108188677), (108190391, 108190496), (108191392, 108191533), (108192472, 108192580), (108193627, 108193697), (108194533, 108194587), (108195081, 108195126), (108196510, 108196579), (108202927, 108202981), (108204319, 108204412), (108205438, 108205480), (108205659, 108205695), (108206517, 108206580), (108209968, 108210004), (108211671, 108211740), (108214111, 108214228), (108219697, 108219742), (108221239, 108221374), (108310747, 108310828), (108437941, 108437993), (108438185, 108438422)], [(108166253, 108166811), (108169494, 108169620), (108170608, 108170716), (108170809, 108170917), (108171386, 108171461), (108172468, 108172532), (108174439, 108174621), (108175089, 108175215), (108175653, 108175797), (108176840, 108177011), (108178683, 108178845), (108179216, 108179438), (108180514, 108180622), (108180896, 108180968), (108187095, 108187279), (108187847, 108188027), (108188516, 108188677), (108190391, 108190496), (108191392, 108191533), (108192472, 108192580), (108193627, 108193697), (108194533, 108194587), (108195081, 108195126), (108196510, 108196579), (108202927, 108202981), (108204319, 108204412), (108205438, 108205480), (108205659, 108205695), (108206517, 108206580), (108209968, 108210004), (108211671, 108211740), (108214111, 108214228), (108219697, 108219742), (108221239, 108221374), (108310747, 108310828), (108437941, 108437993), (108438185, 108438422)], [(108166253, 108166811), (108169494, 108169620), (108169944, 108170016), (108170608, 108170716), (108170809, 108170917), (108171386, 108171461), (108172468, 108172532), (108174439, 108174621), (108175089, 108175215), (108175653, 108175797), (108176840, 108177011), (108178683, 108178845), (108179216, 108179438), (108180514, 108180622), (108180896, 108180968), (108183721, 108183772), (108187095, 108187279), (108187847, 108188027), (108188516, 108188677), (108190391, 108190496), (108191392, 108191533), (108192472, 108192580), (108193627, 108193697), (108194533, 108194587), (108195081, 108195126), (108196510, 108196579), (108202927, 108202981), (108204319, 108204412), (108205438, 108205480), (108205659, 108205695), (108206517, 108206580), (108209968, 108210004), (108211671, 108211740), (108214111, 108214228), (108219697, 108219742), (108221239, 108221374), (108310747, 108310828), (108437941, 108437993), (108439357, 108439458)], [(108166253, 108166811), (108169494, 108169620), (108169944, 108170016), (108170608, 108170716), (108170809, 108170917), (108171386, 108171461), (108172468, 108172532), (108174439, 108174621), (108175089, 108175215), (108175653, 108175797), (108176840, 108177011), (108178683, 108178845), (108179216, 108179438), (108180514, 108180622), (108180896, 108180968), (108187095, 108187279), (108187847, 108188027), (108188516, 108188677), (108190391, 108190496), (108191392, 108191533), (108192472, 108192580), (108193627, 108193697), (108194533, 108194587), (108195081, 108195126), (108196510, 108196579), (108202927, 108202981), (108204319, 108204412), (108205438, 108205480), (108205659, 108205695), (108206517, 108206580), (108209968, 108210004), (108211671, 108211740), (108214111, 108214228), (108219697, 108219742), (108221239, 108221374), (108310747, 108310828), (108437941, 108437993), (108439357, 108439458)], [(108166253, 108166811), (108169494, 108169620), (108170608, 108170716), (108170809, 108170917), (108171386, 108171461), (108172468, 108172532), (108174439, 108174621), (108175089, 108175215), (108175653, 108175797), (108176840, 108177011), (108178683, 108178845), (108179216, 108179438), (108180514, 108180622), (108180896, 108180968), (108187095, 108187279), (108187847, 108188027), (108188516, 108188677), (108190391, 108190496), (108191392, 108191533), (108192472, 108192580), (108193627, 108193697), (108194533, 108194587), (108195081, 108195126), (108196510, 108196579), (108202927, 108202981), (108204319, 108204412), (108205438, 108205480), (108205659, 108205695), (108206517, 108206580), (108209968, 108210004), (108211671, 108211740), (108214111, 108214228), (108219697, 108219742), (108221239, 108221374), (108310747, 108310828), (108437941, 108437993), (108439357, 108439458)], [(108175116, 108175215), (108175653, 108175743), (108175780, 108175797), (108176840, 108177011), (108178683, 108178845), (108179216, 108179438), (108180514, 108180622), (108180896, 108180968), (108183721, 108183772), (108187095, 108187279), (108187847, 108188027), (108188516, 108188677), (108190391, 108190496), (108191392, 108191533), (108192472, 108192580), (108193627, 108193697), (108194533, 108194587), (108195081, 108195126), (108196510, 108196579), (108202927, 108202981), (108204319, 108204412), (108205438, 108205480), (108205659, 108205695), (108206517, 108206580), (108209968, 108210004), (108211671, 108211740), (108214111, 108214228), (108219697, 108219742), (108221239, 108221374), (108310747, 108310828), (108437941, 108437993), (108439357, 108439458)])	372789	distal	downstream	6.454975287575941	5.0939
X:107782824:T:TATAC	X	107782824	LOC124905205	108218179	108220379	([(108218179, 108218500), (108220080, 108220379)],)	435355	distal	downstream	6.454975287575941	5.0939
X:104725265:C:T	X	104725265	IL1RAPL2	104566198	105767829	([(104566198, 104567051), (104658894, 104658995), (105195474, 105195748), (105233817, 105234004), (105267387, 105267541), (105484312, 105484387), (105717366, 105717496), (105740545, 105740691), (105748959, 105749103), (105755176, 105755347), (105766963, 105767829)], [(105220962, 105221082), (105233817, 105234004), (105267387, 105267541), (105484312, 105484387), (105717366, 105717496), (105740545, 105740691), (105748959, 105749103), (105755176, 105755347), (105766963, 105767829)])	0	inside_gene	intronic/exonic	6.434204712419631	5.08483
X:104725265:C:T	X	104725265	ESX1	104250037	104254933	([(104250037, 104250896), (104252782, 104252828), (104254153, 104254577), (104254767, 104254933)],)	470332	distal	upstream	6.434204712419631	5.08483
X:104725265:C:T	X	104725265	TEX13A	105218928	105220694	([(105218928, 105219758), (105219962, 105220429), (105220594, 105220694)], [(105218928, 105219758), (105219962, 105220403), (105220594, 105220694)])	493663	distal	downstream	6.434204712419631	5.08483
X:82610156:A:T	X	82610156	LOC124900496	82561200	82561347	([(82561200, 82561347)],)	48809	regulatory_region	upstream	6.418083891970363	5.07778
X:82610156:A:T	X	82610156	EIF3JP1	82496815	82497945	([(82496815, 82497945)],)	112211	distal	upstream	6.418083891970363	5.07778
X:82610156:A:T	X	82610156	LOC105373287	82741174	82765924	([(82741174, 82741593), (82747467, 82747624), (82765489, 82765924)],)	131018	distal	downstream	6.418083891970363	5.07778
X:82610156:A:T	X	82610156	LOC105373288	82757856	82800393	([(82757856, 82757984), (82766539, 82766833), (82769180, 82769271), (82775850, 82775994), (82799238, 82800393)],)	147700	distal	downstream	6.418083891970363	5.07778
X:82610156:A:T	X	82610156	LOC105373286	82118975	82125542	([(82118975, 82119453), (82125115, 82125311), (82125419, 82125542)],)	484614	distal	upstream	6.418083891970363	5.07778
X:82609710:C:T	X	82609710	LOC124900496	82561200	82561347	([(82561200, 82561347)],)	48363	regulatory_region	upstream	6.418083891970363	5.07778
X:82609710:C:T	X	82609710	EIF3JP1	82496815	82497945	([(82496815, 82497945)],)	111765	distal	upstream	6.418083891970363	5.07778
X:82609710:C:T	X	82609710	LOC105373287	82741174	82765924	([(82741174, 82741593), (82747467, 82747624), (82765489, 82765924)],)	131464	distal	downstream	6.418083891970363	5.07778
X:82609710:C:T	X	82609710	LOC105373288	82757856	82800393	([(82757856, 82757984), (82766539, 82766833), (82769180, 82769271), (82775850, 82775994), (82799238, 82800393)],)	148146	distal	downstream	6.418083891970363	5.07778
X:82609710:C:T	X	82609710	LOC105373286	82118975	82125542	([(82118975, 82119453), (82125115, 82125311), (82125419, 82125542)],)	484168	distal	upstream	6.418083891970363	5.07778
X:80997690:C:T	X	80997690	HMGN5	81113698	81201913	([(81113698, 81115230), (81116203, 81116341), (81118431, 81118488), (81118729, 81118759), (81119787, 81119817), (81121534, 81121675)], [(81113698, 81115230), (81116203, 81116341), (81118431, 81118488), (81118729, 81118759), (81121534, 81121675)], [(81113698, 81115230), (81116203, 81116341), (81118431, 81118485), (81118729, 81118759), (81121534, 81121675)], [(81113698, 81115230), (81116203, 81116341), (81118431, 81118485), (81121534, 81121675)], [(81113698, 81115230), (81116203, 81116341), (81118431, 81118488), (81118729, 81118759), (81119787, 81119817), (81121534, 81121672), (81201736, 81201913)], [(81113698, 81115230), (81116203, 81116341), (81118431, 81118485), (81118729, 81118759), (81119787, 81119817), (81121534, 81121672), (81201736, 81201913)], [(81113698, 81115230), (81116203, 81116341), (81118431, 81118485), (81118729, 81118759), (81121534, 81121672), (81201736, 81201913)])	116008	distal	downstream	6.401869859897746	5.07068
X:80997690:C:T	X	80997690	LOC124900504	80857075	80857202	([(80857075, 80857202)],)	140488	distal	upstream	6.401869859897746	5.07068
X:80997690:C:T	X	80997690	LOC124905202	80808807	80812770	([(80808807, 80809293), (80812110, 80812770)], [(80810152, 80810245), (80812110, 80812770)], [(80810152, 80810575), (80812110, 80812770)])	184920	distal	upstream	6.401869859897746	5.07068
X:80997690:C:T	X	80997690	BRWD3	80669502	80809877	([(80669502, 80677363), (80681340, 80681499), (80681996, 80682094), (80682464, 80682628), (80684009, 80684162), (80685461, 80685536), (80686862, 80687003), (80688068, 80688125), (80689767, 80689846), (80689966, 80690092), (80691052, 80691173), (80691822, 80691978), (80692088, 80692150), (80692939, 80693051), (80695907, 80695990), (80696738, 80696863), (80699956, 80700064), (80703479, 80703593), (80704677, 80704846), (80707426, 80707503), (80709427, 80709577), (80716156, 80716250), (80717572, 80717759), (80719488, 80719656), (80722561, 80722787), (80723747, 80723876), (80724932, 80725067), (80728751, 80728905), (80729915, 80730020), (80731087, 80731188)], [(80669502, 80677363), (80681340, 80681499), (80681996, 80682094), (80682464, 80682628), (80684009, 80684162), (80685461, 80685536), (80686862, 80687003), (80688068, 80688125), (80689767, 80689846), (80689966, 80690092), (80691052, 80691173), (80691822, 80691978), (80692088, 80692150), (80692939, 80693051), (80695907, 80695990), (80696738, 80696863), (80699956, 80700064), (80703479, 80703593), (80704677, 80704846), (80707426, 80707503), (80709427, 80709577), (80716156, 80716250), (80717572, 80717759), (80719488, 80719656), (80722561, 80722787), (80723747, 80723876), (80724932, 80725067), (80728751, 80728905), (80729915, 80730020), (80733455, 80733496), (80734117, 80734218), (80735126, 80735197), (80735987, 80736088), (80744031, 80744253), (80745568, 80745729), (80791853, 80791952), (80793621, 80793772), (80808538, 80808598), (80809012, 80809042), (80809245, 80809304), (80809440, 80809877)], [(80669502, 80677363), (80681340, 80681499), (80681996, 80682094), (80682464, 80682628), (80684009, 80684162), (80685461, 80685536), (80686862, 80687003), (80688068, 80688125), (80689767, 80689846), (80689966, 80690092), (80691052, 80691173), (80691822, 80691978), (80692088, 80692150), (80692939, 80693051), (80695907, 80695990), (80696738, 80696863), (80699956, 80700064), (80703479, 80703593), (80704677, 80704846), (80707426, 80707503), (80716156, 80716250), (80717572, 80717759), (80719488, 80719656), (80722561, 80722787), (80723747, 80723876), (80724932, 80725067), (80728751, 80728905), (80729915, 80730020), (80733455, 80733496), (80734117, 80734218), (80735126, 80735197), (80735987, 80736088), (80744031, 80744253), (80745568, 80745729), (80791853, 80791952), (80793621, 80793772), (80808538, 80808598), (80809012, 80809042), (80809245, 80809304), (80809440, 80809877)], [(80682464, 80682628), (80684089, 80684162), (80685461, 80685536), (80686862, 80687003), (80688068, 80688125), (80689767, 80689846), (80689966, 80690092), (80691052, 80691173), (80691822, 80691978), (80692088, 80692150), (80692939, 80693051), (80695907, 80695990), (80696738, 80696863), (80699956, 80700064), (80703479, 80703593), (80704677, 80704846), (80707426, 80707503), (80709427, 80709577), (80716156, 80716250), (80717572, 80717759), (80719488, 80719656), (80722561, 80722787), (80723747, 80723876), (80724932, 80725067), (80728751, 80728905), (80729915, 80730020), (80733455, 80733496), (80734117, 80734218), (80735126, 80735197), (80735987, 80736088), (80744031, 80744253), (80745568, 80745729), (80791853, 80791952), (80793621, 80793772), (80808538, 80808598), (80809012, 80809042), (80809245, 80809304), (80809440, 80809877)], [(80704781, 80704846), (80709427, 80709577), (80716156, 80716250), (80717572, 80717759), (80719488, 80719656), (80722561, 80722787), (80723747, 80723876), (80724932, 80725067), (80728751, 80728905), (80729915, 80730020), (80733455, 80733496), (80734117, 80734218), (80735126, 80735197), (80735987, 80736088), (80744031, 80744253), (80745568, 80745729), (80791853, 80791952), (80793621, 80793772), (80808538, 80808598), (80809012, 80809042), (80809245, 80809304), (80809440, 80809877)])	187813	distal	upstream	6.401869859897746	5.07068
X:80997690:C:T	X	80997690	SH3BGRL	81202101	81298547	([(81202101, 81202245), (81276983, 81277169), (81278330, 81278411), (81297194, 81298547)], [(81202101, 81202245), (81202436, 81202576), (81237117, 81237280), (81276983, 81277169), (81278330, 81278411), (81297194, 81298547)], [(81202591, 81202720), (81237117, 81237280), (81276983, 81277169), (81278330, 81278411), (81297194, 81298547)], [(81236307, 81236390), (81237117, 81237280), (81276983, 81277169), (81278330, 81278411), (81297194, 81298547)])	204411	distal	downstream	6.401869859897746	5.07068
X:80997690:C:T	X	80997690	LOC124905203	81319083	81328276	([(81319083, 81319185), (81319597, 81319672), (81324575, 81328276)],)	321393	distal	downstream	6.401869859897746	5.07068
X:80997690:C:T	X	80997690	LOC105373284	81359738	81366215	([(81359738, 81362144), (81363226, 81366215)],)	362048	distal	downstream	6.401869859897746	5.07068
X:80997690:C:T	X	80997690	LOC105373285	81475531	81498296	([(81475531, 81475589), (81477417, 81477578), (81478603, 81478775), (81497919, 81498296)], [(81476669, 81476986), (81477417, 81478775), (81497919, 81498296)])	477841	distal	downstream	6.401869859897746	5.07068
X:4287418:T:C	X	4287418	LOC101928201	4627199	4633572	([(4627199, 4628189), (4630221, 4630350), (4633507, 4633572)],)	339781	distal	downstream	6.3727607765886765	5.05791
X:4287418:T:C	X	4287418	FAM239C	3929371	3937872	([(3929371, 3931782), (3937651, 3937872)],)	349546	distal	upstream	6.3727607765886765	5.05791
X:4287418:T:C	X	4287418	FAM239B	3885274	3920742	([(3885274, 3886915), (3893115, 3893351), (3905347, 3906232), (3920193, 3920742)], [(3889416, 3893351), (3899215, 3899422), (3901927, 3902071), (3903440, 3903569), (3905347, 3906232), (3920193, 3920742)])	366676	distal	upstream	6.3727607765886765	5.05791
X:4287418:T:C	X	4287418	FAM239A	3850991	3882351	([(3850991, 3853789), (3854691, 3854927), (3860789, 3860996), (3863501, 3863645), (3865013, 3865142), (3866921, 3867806), (3881764, 3882351)], [(3850991, 3853789), (3854691, 3854927), (3866949, 3867806), (3881764, 3882351)])	405067	distal	upstream	6.3727607765886765	5.05791
X:4287418:T:C	X	4287418	LOC389906	3817534	3843894	([(3817534, 3817778), (3818441, 3818500), (3818656, 3818703), (3828505, 3829392), (3843340, 3843894)],)	443524	distal	upstream	6.3727607765886765	5.05791
X:4287418:T:C	X	4287418	LOC124900487	3820671	3826671	([(3820671, 3822285), (3822373, 3822580), (3825087, 3826476)], [(3820671, 3822580), (3825087, 3826671)])	460747	distal	upstream	6.3727607765886765	5.05791
X:4277719:T:C	X	4277719	FAM239C	3929371	3937872	([(3929371, 3931782), (3937651, 3937872)],)	339847	distal	upstream	6.349286527378147	5.04759
X:4277719:T:C	X	4277719	LOC101928201	4627199	4633572	([(4627199, 4628189), (4630221, 4630350), (4633507, 4633572)],)	349480	distal	downstream	6.349286527378147	5.04759
X:4277719:T:C	X	4277719	FAM239B	3885274	3920742	([(3885274, 3886915), (3893115, 3893351), (3905347, 3906232), (3920193, 3920742)], [(3889416, 3893351), (3899215, 3899422), (3901927, 3902071), (3903440, 3903569), (3905347, 3906232), (3920193, 3920742)])	356977	distal	upstream	6.349286527378147	5.04759
X:4277719:T:C	X	4277719	FAM239A	3850991	3882351	([(3850991, 3853789), (3854691, 3854927), (3860789, 3860996), (3863501, 3863645), (3865013, 3865142), (3866921, 3867806), (3881764, 3882351)], [(3850991, 3853789), (3854691, 3854927), (3866949, 3867806), (3881764, 3882351)])	395368	distal	upstream	6.349286527378147	5.04759
X:4277719:T:C	X	4277719	LOC389906	3817534	3843894	([(3817534, 3817778), (3818441, 3818500), (3818656, 3818703), (3828505, 3829392), (3843340, 3843894)],)	433825	distal	upstream	6.349286527378147	5.04759
X:4277719:T:C	X	4277719	LOC124900487	3820671	3826671	([(3820671, 3822285), (3822373, 3822580), (3825087, 3826476)], [(3820671, 3822580), (3825087, 3826671)])	451048	distal	upstream	6.349286527378147	5.04759
X:87169959:A:G	X	87169959	DACH2	86148450	86832602	([(86148450, 86149108), (86376823, 86376862), (86514278, 86514391), (86651035, 86651167), (86695020, 86695179), (86714547, 86714720), (86739746, 86739882), (86812855, 86813004), (86813129, 86813277), (86814687, 86814834), (86816033, 86816099), (86827765, 86827812)], [(86148450, 86149108), (86376823, 86376862), (86514278, 86514391), (86651035, 86651167), (86695020, 86695179), (86714547, 86714720), (86739746, 86739882), (86812855, 86813034), (86813129, 86813277), (86814687, 86814834), (86816033, 86816099), (86827765, 86827812)], [(86148450, 86149108), (86514278, 86514391), (86651035, 86651167), (86695020, 86695179), (86714547, 86714720), (86739746, 86739882), (86812855, 86813004), (86813129, 86813277), (86814687, 86814834), (86816033, 86816099), (86832105, 86832602)], [(86148450, 86149108), (86514278, 86514391), (86651035, 86651167), (86695020, 86695179), (86714547, 86714720), (86739746, 86739882), (86812855, 86813004), (86813129, 86813277), (86814687, 86814834), (86816033, 86816099), (86827765, 86827812), (86832105, 86832602)], [(86148450, 86149108), (86514278, 86514391), (86651035, 86651167), (86695020, 86695179), (86714547, 86714720), (86739746, 86739882), (86812855, 86813034), (86813129, 86813277), (86814687, 86814834), (86816033, 86816099), (86832105, 86832602)], [(86148450, 86149108), (86376823, 86376862), (86514278, 86514391), (86651035, 86651167), (86695020, 86695179), (86714547, 86714720), (86739746, 86739882), (86812855, 86813004), (86813129, 86813277), (86814687, 86814834), (86816033, 86816099), (86832105, 86832602)], [(86148450, 86149108), (86376823, 86376862), (86514278, 86514391), (86651035, 86651167), (86695020, 86695179), (86714547, 86714720), (86739746, 86739882), (86812855, 86813034), (86813129, 86813277), (86814687, 86814834), (86816033, 86816099), (86832105, 86832602)], [(86262967, 86263011), (86376823, 86376862), (86514278, 86514391), (86651035, 86651167), (86695020, 86695179), (86714547, 86714720), (86739746, 86739882), (86812855, 86813004), (86813129, 86813277), (86814687, 86814834), (86816033, 86816099), (86832105, 86832602)])	337357	distal	upstream	6.3219791545783375	5.03556
X:87169959:A:G	X	87169959	KLHL4	87517801	87670050	([(87517801, 87518315), (87613876, 87614044), (87614433, 87614570), (87617931, 87618128), (87622210, 87622423), (87625609, 87625796), (87632209, 87632434), (87633748, 87633911), (87635562, 87635775), (87664763, 87664935), (87669328, 87670050)], [(87517801, 87518315), (87613876, 87614044), (87614433, 87614570), (87617931, 87618128), (87622210, 87622423), (87625609, 87625796), (87632209, 87632434), (87633748, 87633911), (87635562, 87635775), (87664763, 87664935), (87666474, 87670050)], [(87517801, 87518315), (87613876, 87614044), (87614433, 87614570), (87617931, 87618128), (87622210, 87622423), (87625609, 87625796), (87632209, 87632434), (87633748, 87633911), (87635562, 87635775), (87664763, 87664935), (87666474, 87666880), (87669328, 87670050)])	347842	distal	downstream	6.3219791545783375	5.03556
X:83420919:T:C	X	83420919	LOC107985635	83488557	83506731	([(83488557, 83491908), (83503612, 83503683), (83506658, 83506731)],)	67638	distal	downstream	6.320165359802534	5.03476
X:83420919:T:C	X	83420919	POU3F4	83508289	83512127	([(83508289, 83512127)],)	87370	distal	downstream	6.320165359802534	5.03476
X:83420919:T:C	X	83420919	CYLC1	83861145	83886698	([(83861145, 83861196), (83869864, 83869905), (83871451, 83871570), (83886551, 83886698)], [(83861145, 83861196), (83869864, 83869905), (83871451, 83871570), (83872885, 83874631), (83886551, 83886698)], [(83861145, 83861199), (83869864, 83869905), (83871451, 83871570), (83872885, 83874631), (83886551, 83886698)])	440226	distal	downstream	6.320165359802534	5.03476
X:87170400:T:A	X	87170400	DACH2	86148450	86832602	([(86148450, 86149108), (86376823, 86376862), (86514278, 86514391), (86651035, 86651167), (86695020, 86695179), (86714547, 86714720), (86739746, 86739882), (86812855, 86813004), (86813129, 86813277), (86814687, 86814834), (86816033, 86816099), (86827765, 86827812)], [(86148450, 86149108), (86376823, 86376862), (86514278, 86514391), (86651035, 86651167), (86695020, 86695179), (86714547, 86714720), (86739746, 86739882), (86812855, 86813034), (86813129, 86813277), (86814687, 86814834), (86816033, 86816099), (86827765, 86827812)], [(86148450, 86149108), (86514278, 86514391), (86651035, 86651167), (86695020, 86695179), (86714547, 86714720), (86739746, 86739882), (86812855, 86813004), (86813129, 86813277), (86814687, 86814834), (86816033, 86816099), (86832105, 86832602)], [(86148450, 86149108), (86514278, 86514391), (86651035, 86651167), (86695020, 86695179), (86714547, 86714720), (86739746, 86739882), (86812855, 86813004), (86813129, 86813277), (86814687, 86814834), (86816033, 86816099), (86827765, 86827812), (86832105, 86832602)], [(86148450, 86149108), (86514278, 86514391), (86651035, 86651167), (86695020, 86695179), (86714547, 86714720), (86739746, 86739882), (86812855, 86813034), (86813129, 86813277), (86814687, 86814834), (86816033, 86816099), (86832105, 86832602)], [(86148450, 86149108), (86376823, 86376862), (86514278, 86514391), (86651035, 86651167), (86695020, 86695179), (86714547, 86714720), (86739746, 86739882), (86812855, 86813004), (86813129, 86813277), (86814687, 86814834), (86816033, 86816099), (86832105, 86832602)], [(86148450, 86149108), (86376823, 86376862), (86514278, 86514391), (86651035, 86651167), (86695020, 86695179), (86714547, 86714720), (86739746, 86739882), (86812855, 86813034), (86813129, 86813277), (86814687, 86814834), (86816033, 86816099), (86832105, 86832602)], [(86262967, 86263011), (86376823, 86376862), (86514278, 86514391), (86651035, 86651167), (86695020, 86695179), (86714547, 86714720), (86739746, 86739882), (86812855, 86813004), (86813129, 86813277), (86814687, 86814834), (86816033, 86816099), (86832105, 86832602)])	337798	distal	upstream	6.309786562285825	5.03018
X:87170400:T:A	X	87170400	KLHL4	87517801	87670050	([(87517801, 87518315), (87613876, 87614044), (87614433, 87614570), (87617931, 87618128), (87622210, 87622423), (87625609, 87625796), (87632209, 87632434), (87633748, 87633911), (87635562, 87635775), (87664763, 87664935), (87669328, 87670050)], [(87517801, 87518315), (87613876, 87614044), (87614433, 87614570), (87617931, 87618128), (87622210, 87622423), (87625609, 87625796), (87632209, 87632434), (87633748, 87633911), (87635562, 87635775), (87664763, 87664935), (87666474, 87670050)], [(87517801, 87518315), (87613876, 87614044), (87614433, 87614570), (87617931, 87618128), (87622210, 87622423), (87625609, 87625796), (87632209, 87632434), (87633748, 87633911), (87635562, 87635775), (87664763, 87664935), (87666474, 87666880), (87669328, 87670050)])	347401	distal	downstream	6.309786562285825	5.03018
X:87170401:A:T	X	87170401	DACH2	86148450	86832602	([(86148450, 86149108), (86376823, 86376862), (86514278, 86514391), (86651035, 86651167), (86695020, 86695179), (86714547, 86714720), (86739746, 86739882), (86812855, 86813004), (86813129, 86813277), (86814687, 86814834), (86816033, 86816099), (86827765, 86827812)], [(86148450, 86149108), (86376823, 86376862), (86514278, 86514391), (86651035, 86651167), (86695020, 86695179), (86714547, 86714720), (86739746, 86739882), (86812855, 86813034), (86813129, 86813277), (86814687, 86814834), (86816033, 86816099), (86827765, 86827812)], [(86148450, 86149108), (86514278, 86514391), (86651035, 86651167), (86695020, 86695179), (86714547, 86714720), (86739746, 86739882), (86812855, 86813004), (86813129, 86813277), (86814687, 86814834), (86816033, 86816099), (86832105, 86832602)], [(86148450, 86149108), (86514278, 86514391), (86651035, 86651167), (86695020, 86695179), (86714547, 86714720), (86739746, 86739882), (86812855, 86813004), (86813129, 86813277), (86814687, 86814834), (86816033, 86816099), (86827765, 86827812), (86832105, 86832602)], [(86148450, 86149108), (86514278, 86514391), (86651035, 86651167), (86695020, 86695179), (86714547, 86714720), (86739746, 86739882), (86812855, 86813034), (86813129, 86813277), (86814687, 86814834), (86816033, 86816099), (86832105, 86832602)], [(86148450, 86149108), (86376823, 86376862), (86514278, 86514391), (86651035, 86651167), (86695020, 86695179), (86714547, 86714720), (86739746, 86739882), (86812855, 86813004), (86813129, 86813277), (86814687, 86814834), (86816033, 86816099), (86832105, 86832602)], [(86148450, 86149108), (86376823, 86376862), (86514278, 86514391), (86651035, 86651167), (86695020, 86695179), (86714547, 86714720), (86739746, 86739882), (86812855, 86813034), (86813129, 86813277), (86814687, 86814834), (86816033, 86816099), (86832105, 86832602)], [(86262967, 86263011), (86376823, 86376862), (86514278, 86514391), (86651035, 86651167), (86695020, 86695179), (86714547, 86714720), (86739746, 86739882), (86812855, 86813004), (86813129, 86813277), (86814687, 86814834), (86816033, 86816099), (86832105, 86832602)])	337799	distal	upstream	6.30888053564884	5.02978
X:87170401:A:T	X	87170401	KLHL4	87517801	87670050	([(87517801, 87518315), (87613876, 87614044), (87614433, 87614570), (87617931, 87618128), (87622210, 87622423), (87625609, 87625796), (87632209, 87632434), (87633748, 87633911), (87635562, 87635775), (87664763, 87664935), (87669328, 87670050)], [(87517801, 87518315), (87613876, 87614044), (87614433, 87614570), (87617931, 87618128), (87622210, 87622423), (87625609, 87625796), (87632209, 87632434), (87633748, 87633911), (87635562, 87635775), (87664763, 87664935), (87666474, 87670050)], [(87517801, 87518315), (87613876, 87614044), (87614433, 87614570), (87617931, 87618128), (87622210, 87622423), (87625609, 87625796), (87632209, 87632434), (87633748, 87633911), (87635562, 87635775), (87664763, 87664935), (87666474, 87666880), (87669328, 87670050)])	347400	distal	downstream	6.30888053564884	5.02978
X:101995184:C:G	X	101995184	ZMAT1	101882289	101932027	([(101882289, 101884821), (101886631, 101887304), (101892704, 101894780)], [(101882289, 101884821), (101886631, 101886731), (101892704, 101894780)], [(101882289, 101884821), (101886631, 101886731), (101894453, 101894780)], [(101882289, 101884821), (101886631, 101886731), (101887197, 101895807)], [(101882289, 101884821), (101886631, 101886731), (101895813, 101895882), (101897867, 101898042), (101898118, 101898220), (101904223, 101904330), (101931465, 101931586)], [(101882289, 101884821), (101886631, 101886731), (101895813, 101895879), (101897867, 101898042), (101898118, 101898220), (101904223, 101904330), (101931465, 101931586)], [(101882289, 101884821), (101886631, 101886731), (101897867, 101898042), (101898118, 101898220), (101904223, 101904330), (101918512, 101918633), (101931716, 101932027)], [(101882289, 101884821), (101886631, 101886731), (101887197, 101887304), (101892704, 101892754), (101894453, 101894904), (101895813, 101895882), (101897867, 101898042), (101898118, 101898220), (101904223, 101904330), (101931716, 101932027)], [(101882289, 101884821), (101886631, 101886731), (101895813, 101895882), (101897867, 101898042), (101898118, 101898220), (101904223, 101904330), (101931716, 101932027)], [(101882289, 101884821), (101886631, 101886731), (101887197, 101887304), (101894453, 101894904), (101895813, 101895879), (101897867, 101898042), (101898118, 101898220), (101904223, 101904330), (101931716, 101932027)], [(101882289, 101884821), (101886631, 101886731), (101895813, 101895879), (101897867, 101898042), (101898118, 101898220), (101904223, 101904330), (101931716, 101932027)], [(101882289, 101884821), (101886631, 101886731), (101897867, 101898042), (101898118, 101898220), (101904223, 101904330), (101931716, 101932027)])	63157	distal	upstream	6.285550899354228	5.01947
X:101995184:C:G	X	101995184	TCEAL2	102125678	102127712	([(102125678, 102125806), (102126372, 102126445), (102126803, 102127712)],)	130494	distal	downstream	6.285550899354228	5.01947
X:101995184:C:G	X	101995184	NXF5	101832111	101857577	([(101832111, 101832390), (101832536, 101832597), (101836019, 101836201), (101836733, 101836831), (101837491, 101837654), (101837781, 101837840), (101838199, 101838255), (101838341, 101838410), (101838789, 101838826), (101840498, 101840608), (101840787, 101840895), (101841015, 101841104), (101841260, 101841330), (101841477, 101841558), (101841673, 101841778), (101841889, 101841973), (101842741, 101842895), (101843121, 101843305), (101857504, 101857577)], [(101832111, 101832390), (101832536, 101832597), (101836019, 101836201), (101836733, 101836806), (101837491, 101837654), (101837781, 101837840), (101838199, 101838255), (101838341, 101838410), (101838789, 101838826), (101840498, 101840608), (101840787, 101840895), (101841015, 101841104), (101841260, 101841330), (101841477, 101841558), (101841673, 101841778), (101841889, 101841973), (101842741, 101842895), (101843121, 101843305), (101857504, 101857577)], [(101832111, 101832390), (101832536, 101832597), (101836019, 101836201), (101836733, 101836806), (101837491, 101837654), (101837781, 101837840), (101838199, 101838255), (101838341, 101838410), (101838789, 101838826), (101840498, 101840608), (101840787, 101840831), (101841015, 101841104), (101841260, 101841330), (101841477, 101841558), (101841673, 101841778), (101841889, 101841973), (101842741, 101842895), (101843121, 101843305), (101857504, 101857577)], [(101832111, 101832390), (101832536, 101832597), (101836019, 101836201), (101836733, 101836831), (101837397, 101837654), (101837781, 101837840), (101838199, 101838255), (101838341, 101838410), (101838789, 101838826), (101840498, 101840608), (101840787, 101840895), (101841015, 101841104), (101841260, 101841330), (101841477, 101841558), (101842741, 101842895), (101843121, 101843305), (101857504, 101857577)], [(101832111, 101832390), (101832536, 101832597), (101836019, 101836201), (101836733, 101836806), (101837491, 101837654), (101837781, 101837840), (101838199, 101838255), (101838341, 101838410), (101838789, 101838826), (101840498, 101840608), (101840787, 101840895), (101841015, 101841104), (101841260, 101841330), (101841477, 101841558), (101842741, 101842895), (101843121, 101843305), (101857504, 101857577)])	137607	distal	upstream	6.285550899354228	5.01947
X:101995184:C:G	X	101995184	TCEAL6	102138501	102142481	([(102138501, 102141355), (102141713, 102141786), (102142352, 102142481)],)	143317	distal	downstream	6.285550899354228	5.01947
X:101995184:C:G	X	101995184	LOC105373299	102141727	102143965	([(102141727, 102141809), (102142993, 102143108), (102143642, 102143965)], [(102142574, 102142615), (102142993, 102143108), (102143642, 102143965)])	146543	distal	downstream	6.285550899354228	5.01947
X:101995184:C:G	X	101995184	BEX5	102153711	102155977	([(102153711, 102154302), (102154743, 102154810), (102155592, 102155790)], [(102153711, 102154302), (102154743, 102154810), (102155858, 102155977)])	158527	distal	downstream	6.285550899354228	5.01947
X:101995184:C:G	X	101995184	TCP11X1	102215300	102226795	([(102215300, 102215340), (102215827, 102215965), (102217977, 102218080), (102221540, 102221661), (102222394, 102222615), (102223381, 102223518), (102223764, 102223985), (102224083, 102224265), (102225026, 102225190), (102226364, 102226795)], [(102215300, 102215340), (102215827, 102215965), (102217954, 102218080), (102221540, 102221661), (102222424, 102222615), (102223381, 102223518), (102223764, 102223985), (102224083, 102224265), (102225026, 102225190), (102226364, 102226795)])	220116	distal	downstream	6.285550899354228	5.01947
X:101995184:C:G	X	101995184	NXF2	102247166	102326722	([(102247166, 102247238), (102248436, 102248558), (102307025, 102307121), (102316962, 102317152), (102317378, 102317529), (102317832, 102317916), (102318027, 102318132), (102318247, 102318328), (102318514, 102318584), (102318740, 102318829), (102318949, 102319057), (102319236, 102319346), (102321024, 102321061), (102321441, 102321510), (102321596, 102321652), (102321783, 102321891), (102322011, 102322070), (102322208, 102322324), (102322419, 102322462), (102323062, 102323135), (102323669, 102323852), (102326262, 102326323), (102326469, 102326722)],)	251982	distal	downstream	6.285550899354228	5.01947
X:101995184:C:G	X	101995184	ARMCX2	101655280	101659850	([(101655280, 101657718), (101658072, 101658142), (101658460, 101658496)], [(101655280, 101657715), (101658072, 101658142), (101658460, 101658525), (101659075, 101659148), (101659407, 101659534), (101659757, 101659850)], [(101655280, 101657715), (101658072, 101658142), (101658460, 101658569), (101659075, 101659148), (101659418, 101659534), (101659757, 101659850)], [(101655280, 101657715), (101658072, 101658142), (101658460, 101658525), (101659075, 101659148), (101659418, 101659534), (101659757, 101659850)], [(101655280, 101657715), (101658072, 101658142), (101658460, 101658525), (101659075, 101659136), (101659418, 101659534), (101659757, 101659850)], [(101655280, 101657715), (101658072, 101658142), (101658460, 101658569), (101659075, 101659148), (101659407, 101659501), (101659757, 101659850)], [(101655280, 101657715), (101658072, 101658142), (101658491, 101658569), (101659075, 101659148), (101659407, 101659501), (101659757, 101659850)], [(101655280, 101657715), (101658072, 101658142), (101658460, 101658525), (101659075, 101659148), (101659407, 101659501), (101659757, 101659850)], [(101655280, 101657715), (101658072, 101658142), (101658460, 101658613), (101659075, 101659136), (101659407, 101659501), (101659757, 101659850)], [(101655280, 101657715), (101658072, 101658142), (101658460, 101658569), (101659075, 101659136), (101659407, 101659501), (101659757, 101659850)], [(101655280, 101657715), (101658072, 101658142), (101658491, 101658569), (101659075, 101659136), (101659407, 101659501), (101659757, 101659850)], [(101655280, 101657715), (101658072, 101658142), (101658460, 101658525), (101659075, 101659136), (101659407, 101659501), (101659757, 101659850)], [(101655280, 101657715), (101658072, 101658142), (101658460, 101658613), (101659075, 101659148), (101659418, 101659501), (101659757, 101659850)], [(101655280, 101657715), (101658072, 101658142), (101658491, 101658613), (101659075, 101659148), (101659418, 101659501), (101659757, 101659850)], [(101655280, 101657715), (101658072, 101658142), (101658460, 101658569), (101659075, 101659148), (101659418, 101659501), (101659757, 101659850)], [(101655280, 101657715), (101658072, 101658142), (101658491, 101658569), (101659075, 101659148), (101659418, 101659501), (101659757, 101659850)], [(101655280, 101657715), (101658072, 101658142), (101658460, 101658525), (101659075, 101659148), (101659418, 101659501), (101659757, 101659850)], [(101655280, 101657715), (101658072, 101658142), (101658491, 101658525), (101659075, 101659148), (101659418, 101659501), (101659757, 101659850)], [(101655280, 101657715), (101658072, 101658142), (101659075, 101659148), (101659418, 101659501), (101659757, 101659850)], [(101655280, 101657715), (101658072, 101658142), (101658491, 101658613), (101659075, 101659136), (101659418, 101659501), (101659757, 101659850)], [(101655280, 101657715), (101658072, 101658142), (101658460, 101658569), (101659075, 101659136), (101659418, 101659501), (101659757, 101659850)], [(101655280, 101657715), (101658072, 101658142), (101658491, 101658569), (101659075, 101659136), (101659418, 101659501), (101659757, 101659850)], [(101655280, 101657715), (101658072, 101658142), (101658460, 101658525), (101659075, 101659136), (101659418, 101659501), (101659757, 101659850)], [(101655280, 101657715), (101658072, 101658142), (101658460, 101658569), (101659075, 101659148), (101659430, 101659501), (101659757, 101659850)], [(101655280, 101657715), (101658072, 101658142), (101658491, 101658569), (101659075, 101659148), (101659430, 101659501), (101659757, 101659850)], [(101655280, 101657715), (101658072, 101658142), (101658460, 101658525), (101659075, 101659148), (101659430, 101659501), (101659757, 101659850)], [(101655280, 101657715), (101658072, 101658142), (101658460, 101658569), (101659075, 101659148), (101659757, 101659850)], [(101655280, 101657715), (101658072, 101658142), (101658491, 101658569), (101659075, 101659148), (101659757, 101659850)], [(101655280, 101657715), (101658072, 101658142), (101658460, 101658525), (101659075, 101659148), (101659757, 101659850)], [(101655280, 101657718), (101658072, 101658142), (101659075, 101659148), (101659757, 101659850)], [(101655280, 101657715), (101658072, 101658142), (101659075, 101659148), (101659757, 101659850)], [(101655280, 101657715), (101658072, 101658142), (101658460, 101658569), (101659075, 101659136), (101659757, 101659850)], [(101655280, 101657715), (101658072, 101658142), (101658491, 101658569), (101659075, 101659136), (101659757, 101659850)], [(101655280, 101657715), (101658072, 101658142), (101658460, 101658525), (101659075, 101659136), (101659757, 101659850)], [(101655280, 101657718), (101658072, 101658142), (101659075, 101659136), (101659757, 101659850)], [(101655280, 101657718), (101658072, 101658142), (101659757, 101659850)], [(101655280, 101657715), (101658072, 101658142), (101659757, 101659850)])	335334	distal	upstream	6.285550899354228	5.01947
X:101995184:C:G	X	101995184	NXF2B	102360394	102440008	([(102360394, 102360645), (102360791, 102360852), (102363262, 102363445), (102363979, 102364052), (102364652, 102364695), (102364790, 102364906), (102365044, 102365103), (102365223, 102365331), (102365462, 102365518), (102365604, 102365673), (102366053, 102366090), (102367768, 102367878), (102368057, 102368165), (102368285, 102368374), (102368530, 102368600), (102368786, 102368867), (102368982, 102369087), (102369198, 102369282), (102369585, 102369736), (102369962, 102370152), (102379993, 102380089), (102438552, 102438674), (102439869, 102440008)],)	365210	distal	downstream	6.285550899354228	5.01947
X:101995184:C:G	X	101995184	ARMCX3	101623150	101627843	([(101623150, 101623276), (101623813, 101623893), (101624157, 101624218), (101624479, 101624550), (101624833, 101627843)], [(101623150, 101623276), (101623785, 101623893), (101624157, 101624218), (101624479, 101624550), (101624833, 101627843)], [(101623150, 101623430), (101623813, 101623893), (101624157, 101624218), (101624479, 101624550), (101624833, 101627843)], [(101623150, 101623430), (101623785, 101623893), (101624157, 101624218), (101624479, 101624550), (101624833, 101627843)])	367341	distal	upstream	6.285550899354228	5.01947
X:101995184:C:G	X	101995184	ARMCX6	101615124	101618000	([(101615124, 101616766), (101617282, 101617370), (101617502, 101617584), (101617884, 101618000)], [(101615124, 101616766), (101617291, 101617370), (101617502, 101617584), (101617884, 101618000)], [(101615124, 101616766), (101617502, 101617584), (101617884, 101618000)], [(101615124, 101616766), (101617884, 101618000)], [(101615124, 101615760), (101616671, 101616766), (101617282, 101617370), (101617502, 101617584), (101617884, 101618000)], [(101615124, 101615760), (101616671, 101616766), (101617502, 101617584), (101617884, 101618000)])	377184	distal	upstream	6.285550899354228	5.01947
X:101995184:C:G	X	101995184	ARMCX1	101550546	101554700	([(101550546, 101550660), (101550970, 101551024), (101551568, 101551633), (101552808, 101554700)],)	440484	distal	upstream	6.285550899354228	5.01947
X:101995184:C:G	X	101995184	ARMCX4	101418277	101535988	([(101418277, 101418370), (101418909, 101419000), (101444051, 101444155), (101445997, 101446044), (101486022, 101486092), (101487192, 101487272), (101487607, 101487691), (101488007, 101488099), (101488443, 101489315), (101498144, 101499366), (101504936, 101505355), (101509358, 101509427), (101509589, 101509678), (101511024, 101511055), (101524203, 101524432), (101531643, 101535988)], [(101485455, 101485530), (101486022, 101486092), (101487192, 101487272), (101487607, 101487691), (101488043, 101488099), (101488443, 101495807)], [(101485455, 101485530), (101486022, 101486092), (101487192, 101487272), (101487607, 101487691), (101488043, 101488099), (101498144, 101499366), (101504936, 101505355), (101509358, 101509427), (101509589, 101509678), (101511024, 101511055), (101516479, 101516951)], [(101485455, 101485530), (101486022, 101486092), (101487192, 101487272), (101487607, 101487691), (101488043, 101488099), (101488443, 101489315), (101498144, 101499366), (101504936, 101505355), (101509363, 101509427), (101509589, 101509678), (101511024, 101511055), (101531643, 101532012), (101533083, 101535988)], [(101485455, 101485530), (101486022, 101486098), (101487192, 101487272), (101487607, 101487691), (101488043, 101488099), (101498144, 101499366), (101504936, 101505355), (101509363, 101509427), (101509589, 101509678), (101511024, 101511055), (101524203, 101524432), (101531643, 101532012), (101533083, 101535988)], [(101485455, 101485530), (101486022, 101486098), (101487192, 101487272), (101487607, 101487691), (101488007, 101488099), (101488443, 101489315), (101498144, 101499366), (101504936, 101505355), (101509363, 101509427), (101509589, 101509678), (101511024, 101511055), (101531643, 101532012), (101533083, 101535988)])	459196	distal	upstream	6.285550899354228	5.01947
X:101995184:C:G	X	101995184	TCP11X2	102460314	102471812	([(102460314, 102460745), (102461919, 102462083), (102462844, 102463026), (102463124, 102463345), (102463591, 102463728), (102464494, 102464685), (102465448, 102465569), (102469032, 102469158), (102471147, 102471285), (102471772, 102471812)], [(102460314, 102460745), (102461919, 102462083), (102462844, 102463026), (102463124, 102463345), (102463591, 102463728), (102464494, 102464715), (102465448, 102465569), (102469032, 102469135), (102471147, 102471285), (102471772, 102471812)])	465130	distal	downstream	6.285550899354228	5.01947
X:44968286:G:C	X	44968286	KDM6A	44873187	45112779	([(44873187, 44873712), (44873923, 44873987), (44961283, 44961392), (44974665, 44974715), (45010960, 45011019), (45020609, 45020730), (45034930, 45034985), (45037654, 45037689), (45051708, 45051802), (45053828, 45053955), (45059005, 45059104), (45059246, 45059466), (45061323, 45061419), (45062646, 45062748), (45063421, 45063817), (45069578, 45070357), (45076696, 45076826), (45078399, 45078505), (45079145, 45079351), (45082575, 45082640), (45082714, 45082789), (45083459, 45083608), (45089742, 45089856)], [(44873187, 44873712), (44873923, 44873987), (44961283, 44961392), (44974665, 44974715), (45010960, 45011019), (45020609, 45020730), (45034930, 45034985), (45037654, 45037689), (45051708, 45051802), (45053828, 45053955), (45059005, 45059104), (45059246, 45059466), (45060021, 45060156), (45060608, 45060764), (45061323, 45061419), (45062646, 45062748), (45063421, 45063817), (45069578, 45070357), (45076696, 45076826), (45078399, 45078505), (45079145, 45079351), (45082575, 45082640), (45082714, 45082789), (45083459, 45083608), (45089742, 45089856)], [(44873187, 44873712), (44873923, 44873987), (44961283, 44961392), (44974665, 44974715), (45010960, 45011019), (45020609, 45020730), (45034930, 45034985), (45037654, 45037689), (45051708, 45051802), (45053828, 45053955), (45059005, 45059104), (45059246, 45059466), (45060021, 45060156), (45061323, 45061419), (45062646, 45062748), (45063421, 45063817), (45069578, 45070357), (45076696, 45076826), (45078399, 45078505), (45079145, 45079351), (45082575, 45082640), (45082714, 45082789), (45083459, 45083608), (45085864, 45085979), (45089742, 45089930), (45090722, 45090868)], [(44873187, 44873712), (44873923, 44873987), (44961283, 44961392), (44974665, 44974715), (45010960, 45011019), (45034930, 45034985), (45037654, 45037689), (45051708, 45051802), (45053828, 45053955), (45059005, 45059104), (45059246, 45059466), (45061323, 45061419), (45062646, 45062748), (45063421, 45063817), (45069578, 45070357), (45076696, 45076826), (45078399, 45078505), (45079145, 45079351), (45082575, 45082640), (45082714, 45082789), (45083459, 45083608), (45085864, 45085979), (45089742, 45089930), (45090722, 45090864), (45107409, 45107536), (45110078, 45110249), (45111381, 45112779)], [(44873187, 44873712), (44873923, 44873987), (44961283, 44961392), (44974665, 44974715), (45010960, 45011019), (45020609, 45020730), (45034930, 45034985), (45037654, 45037689), (45051708, 45051802), (45053828, 45053955), (45059005, 45059104), (45059246, 45059466), (45061323, 45061419), (45063421, 45063817), (45069578, 45070357), (45076696, 45076826), (45078399, 45078505), (45079145, 45079351), (45082575, 45082640), (45082714, 45082789), (45083459, 45083608), (45085864, 45085979), (45089742, 45089930), (45090722, 45090864), (45107409, 45107536), (45110078, 45110249), (45111381, 45112779)], [(44873187, 44873712), (44873923, 44873987), (44961283, 44961392), (44974665, 44974715), (45010960, 45011019), (45020609, 45020730), (45034930, 45034985), (45037654, 45037689), (45051708, 45051802), (45053828, 45053955), (45059005, 45059104), (45059246, 45059466), (45061323, 45061419), (45063421, 45063817), (45069578, 45070357), (45076696, 45076826), (45078399, 45078505), (45079145, 45079351), (45082575, 45082640), (45082714, 45082789), (45083459, 45083608), (45085864, 45085979), (45089742, 45089930), (45090722, 45090864), (45106541, 45106649), (45107409, 45107536), (45110078, 45110249), (45111381, 45112779)], [(44873187, 44873712), (44873923, 44873987), (44961283, 44961392), (44974665, 44974715), (45010960, 45011019), (45020609, 45020730), (45034930, 45034985), (45037654, 45037689), (45051708, 45051802), (45053828, 45053955), (45059005, 45059104), (45059246, 45059466), (45061323, 45061419), (45062646, 45062748), (45063421, 45063817), (45069578, 45070357), (45076696, 45076826), (45078399, 45078505), (45079145, 45079351), (45082575, 45082640), (45082714, 45082789), (45083459, 45083608), (45085864, 45085979), (45089742, 45089930), (45090722, 45090864), (45107409, 45107536), (45110078, 45110249), (45111381, 45112779)], [(44873187, 44873712), (44873923, 44873987), (44961283, 44961392), (44974665, 44974715), (45010960, 45011019), (45020609, 45020730), (45034930, 45034985), (45037654, 45037689), (45051708, 45051802), (45053828, 45053955), (45059005, 45059104), (45059246, 45059466), (45061323, 45061419), (45062646, 45062748), (45063421, 45063817), (45069578, 45070357), (45076696, 45076826), (45078399, 45078505), (45079145, 45079351), (45082575, 45082640), (45082714, 45082789), (45083459, 45083608), (45085864, 45085979), (45089742, 45089930), (45090722, 45090864), (45106541, 45106649), (45107409, 45107536), (45110078, 45110249), (45111381, 45112779)], [(44873187, 44873712), (44873923, 44873987), (44961283, 44961392), (44974665, 44974715), (45010960, 45011019), (45020609, 45020730), (45034930, 45034985), (45037654, 45037689), (45051708, 45051802), (45053828, 45053955), (45059005, 45059104), (45059246, 45059466), (45060608, 45060764), (45061323, 45061419), (45063421, 45063817), (45069578, 45070357), (45076696, 45076826), (45078399, 45078505), (45079145, 45079351), (45082575, 45082640), (45082714, 45082789), (45083459, 45083608), (45085864, 45085979), (45089742, 45089930), (45090722, 45090864), (45107409, 45107536), (45110078, 45110249), (45111381, 45112779)], [(44873187, 44873712), (44873923, 44873987), (44961283, 44961392), (44974665, 44974715), (45010960, 45011019), (45020609, 45020730), (45034930, 45034985), (45037654, 45037689), (45051708, 45051802), (45053828, 45053955), (45059005, 45059104), (45059246, 45059466), (45060608, 45060764), (45061323, 45061419), (45063421, 45063817), (45069578, 45070357), (45076696, 45076826), (45078399, 45078505), (45079145, 45079351), (45082575, 45082640), (45082714, 45082789), (45083459, 45083608), (45085864, 45085979), (45089742, 45089930), (45090722, 45090864), (45106541, 45106649), (45107409, 45107536), (45110078, 45110249), (45111381, 45112779)], [(44873187, 44873712), (44873923, 44873987), (44961283, 44961392), (44974665, 44974715), (45010960, 45011019), (45020609, 45020730), (45034930, 45034985), (45037654, 45037689), (45051708, 45051802), (45053828, 45053955), (45059005, 45059104), (45059246, 45059466), (45060608, 45060764), (45061323, 45061419), (45062646, 45062748), (45063421, 45063817), (45069578, 45070357), (45076696, 45076826), (45078399, 45078505), (45079145, 45079351), (45082575, 45082640), (45082714, 45082789), (45083459, 45083608), (45085864, 45085979), (45089742, 45089930), (45090722, 45090864), (45107409, 45107536), (45110078, 45110249), (45111381, 45112779)], [(44873187, 44873712), (44873923, 44873987), (44961283, 44961392), (44974665, 44974715), (45010960, 45011019), (45020609, 45020730), (45034930, 45034985), (45037654, 45037689), (45051708, 45051802), (45053828, 45053955), (45059005, 45059104), (45059246, 45059466), (45060608, 45060764), (45061323, 45061419), (45062646, 45062748), (45063421, 45063817), (45069578, 45070357), (45076696, 45076826), (45078399, 45078505), (45079145, 45079351), (45082575, 45082640), (45082714, 45082789), (45083459, 45083608), (45085864, 45085979), (45089742, 45089930), (45090722, 45090864), (45106541, 45106649), (45107409, 45107536), (45110078, 45110249), (45111381, 45112779)], [(44873187, 44873712), (44873923, 44873987), (44961283, 44961392), (44974665, 44974715), (45010960, 45011019), (45020609, 45020730), (45034930, 45034985), (45037654, 45037689), (45051708, 45051802), (45053828, 45053955), (45059005, 45059104), (45059246, 45059466), (45060021, 45060156), (45061323, 45061419), (45063421, 45063817), (45069578, 45070357), (45076696, 45076826), (45078399, 45078505), (45079145, 45079351), (45082575, 45082640), (45082714, 45082789), (45083459, 45083608), (45085864, 45085979), (45089742, 45089930), (45090722, 45090864), (45107409, 45107536), (45110078, 45110249), (45111381, 45112779)], [(44873187, 44873712), (44873923, 44873987), (44961283, 44961392), (44974665, 44974715), (45010960, 45011019), (45020609, 45020730), (45034930, 45034985), (45037654, 45037689), (45051708, 45051802), (45053828, 45053955), (45059005, 45059104), (45059246, 45059466), (45060021, 45060156), (45061323, 45061419), (45063421, 45063817), (45069578, 45070357), (45076696, 45076826), (45078399, 45078505), (45079145, 45079351), (45082575, 45082640), (45082714, 45082789), (45083459, 45083608), (45085864, 45085979), (45089742, 45089930), (45090722, 45090864), (45106541, 45106649), (45107409, 45107536), (45110078, 45110249), (45111381, 45112779)], [(44873187, 44873712), (44873923, 44873987), (44961283, 44961392), (44974665, 44974715), (45010960, 45011019), (45020609, 45020730), (45034930, 45034985), (45037654, 45037689), (45051708, 45051802), (45053828, 45053955), (45059005, 45059104), (45059246, 45059466), (45060021, 45060156), (45061323, 45061419), (45062646, 45062748), (45063421, 45063817), (45069578, 45070357), (45076696, 45076826), (45078399, 45078505), (45079145, 45079351), (45082575, 45082640), (45082714, 45082789), (45083459, 45083608), (45085864, 45085979), (45089742, 45089930), (45090722, 45090864), (45107409, 45107536), (45110078, 45110249), (45111381, 45112779)], [(44873187, 44873712), (44873923, 44873987), (44961283, 44961392), (44974665, 44974715), (45010960, 45011019), (45020609, 45020730), (45034930, 45034985), (45037654, 45037689), (45051708, 45051802), (45053828, 45053955), (45059005, 45059104), (45059246, 45059466), (45060021, 45060156), (45061323, 45061419), (45062646, 45062748), (45063421, 45063817), (45069578, 45070357), (45076696, 45076826), (45078399, 45078505), (45079145, 45079351), (45082575, 45082640), (45082714, 45082789), (45083459, 45083608), (45085864, 45085979), (45089742, 45089930), (45090722, 45090864), (45106541, 45106649), (45107409, 45107536), (45110078, 45110249), (45111381, 45112779)], [(44873187, 44873712), (44873923, 44873987), (44961283, 44961392), (44974665, 44974715), (45010960, 45011019), (45020609, 45020730), (45034930, 45034985), (45037654, 45037689), (45051708, 45051802), (45053828, 45053955), (45059005, 45059104), (45059246, 45059466), (45060021, 45060156), (45060608, 45060764), (45061323, 45061419), (45063421, 45063817), (45069578, 45070357), (45076696, 45076826), (45078399, 45078505), (45079145, 45079351), (45082575, 45082640), (45082714, 45082789), (45083459, 45083608), (45085864, 45085979), (45089742, 45089930), (45090722, 45090864), (45107409, 45107536), (45110078, 45110249), (45111381, 45112779)], [(44873187, 44873712), (44873923, 44873987), (44961283, 44961392), (44974665, 44974715), (45010960, 45011019), (45020609, 45020730), (45034930, 45034985), (45037654, 45037689), (45051708, 45051802), (45053828, 45053955), (45059005, 45059104), (45059246, 45059466), (45060021, 45060156), (45060608, 45060764), (45061323, 45061419), (45063421, 45063817), (45069578, 45070357), (45076696, 45076826), (45078399, 45078505), (45079145, 45079351), (45082575, 45082640), (45082714, 45082789), (45083459, 45083608), (45085864, 45085979), (45089742, 45089930), (45090722, 45090864), (45106541, 45106649), (45107409, 45107536), (45110078, 45110249), (45111381, 45112779)], [(44873187, 44873712), (44873923, 44873987), (44961283, 44961392), (44974665, 44974715), (45010960, 45011019), (45020609, 45020730), (45034930, 45034985), (45037654, 45037689), (45051708, 45051802), (45053828, 45053955), (45059005, 45059104), (45059246, 45059466), (45060021, 45060156), (45060608, 45060764), (45061323, 45061419), (45062646, 45062748), (45063421, 45063817), (45069578, 45070357), (45076696, 45076826), (45078399, 45078505), (45079145, 45079351), (45082575, 45082640), (45082714, 45082789), (45083459, 45083608), (45085864, 45085979), (45089742, 45089930), (45090722, 45090864), (45107409, 45107536), (45110078, 45110249), (45111381, 45112779)], [(44873187, 44873712), (44873923, 44873987), (44961283, 44961392), (44974665, 44974715), (45010960, 45011019), (45020609, 45020730), (45034930, 45034985), (45037654, 45037689), (45051708, 45051802), (45053828, 45053955), (45059005, 45059104), (45059246, 45059466), (45060021, 45060156), (45060608, 45060764), (45061323, 45061419), (45062646, 45062748), (45063421, 45063817), (45069578, 45070357), (45076696, 45076826), (45078399, 45078505), (45079145, 45079351), (45082575, 45082640), (45082714, 45082789), (45083459, 45083608), (45085864, 45085979), (45089742, 45089930), (45090722, 45090864), (45106541, 45106649), (45107409, 45107536), (45110078, 45110249), (45111381, 45112779)], [(44873187, 44873712), (44873923, 44873987), (44961283, 44961392), (44974665, 44974715), (45010960, 45011019), (45020609, 45020730), (45034930, 45034985), (45037654, 45037689), (45051708, 45051802), (45053828, 45053955), (45059005, 45059104), (45059246, 45059466), (45060021, 45060156), (45060608, 45060764), (45061323, 45061419), (45062646, 45062748), (45063421, 45063817), (45069578, 45070357), (45076696, 45076826), (45078399, 45078505), (45079145, 45079351), (45082575, 45082640), (45082714, 45082789), (45083459, 45083608), (45085864, 45085979), (45089742, 45089930), (45090722, 45090864), (45106541, 45106713), (45107409, 45107498)], [(44873187, 44873712), (44873923, 44873987), (44961283, 44961392), (44974665, 44974715), (45010960, 45011019), (45020609, 45020730), (45034930, 45034985), (45037654, 45037689), (45051708, 45051802), (45053828, 45053955), (45059005, 45059104), (45059246, 45059466), (45060608, 45060764), (45061323, 45061419), (45063421, 45063817), (45069578, 45070357), (45076696, 45076826), (45078399, 45078505), (45079145, 45079351), (45082575, 45082640), (45082714, 45082789), (45083459, 45083608), (45085864, 45085979), (45089742, 45089930), (45090722, 45090832), (45107409, 45107536), (45110078, 45110249), (45111381, 45112779)], [(44874175, 44874273), (44961283, 44961392), (44974665, 44974715), (45010960, 45011019), (45020609, 45020730), (45034930, 45034985), (45037654, 45037689), (45051708, 45051802), (45053828, 45053955), (45059005, 45059104), (45059246, 45059466), (45060021, 45060156), (45061323, 45061419), (45062646, 45062748), (45063421, 45063817), (45069578, 45070357), (45076696, 45076826), (45078399, 45078505), (45079145, 45079351), (45082575, 45082640), (45082714, 45082789), (45083459, 45083608), (45085864, 45085979), (45089742, 45089930), (45090722, 45090864), (45107409, 45107536), (45110078, 45110249), (45111381, 45112779)], [(44874175, 44874273), (44961283, 44961392), (44974665, 44974715), (45010960, 45011019), (45020609, 45020730), (45034930, 45034985), (45037654, 45037689), (45051708, 45051802), (45053828, 45053955), (45059005, 45059104), (45059246, 45059466), (45060021, 45060156), (45060608, 45060764), (45061323, 45061419), (45062646, 45062748), (45063421, 45063817), (45069578, 45070357), (45076696, 45076826), (45078399, 45078505), (45079145, 45079351), (45082575, 45082640), (45082714, 45082789), (45083459, 45083608), (45085864, 45085979), (45089742, 45089930), (45090722, 45090864), (45106541, 45106649), (45107409, 45107536), (45110078, 45110249), (45111381, 45112779)], [(44951150, 44951195), (44961283, 44961392), (44974665, 44974715), (45010960, 45011019), (45020609, 45020730), (45034930, 45034985), (45037654, 45037689), (45051708, 45051802), (45053828, 45053955), (45059005, 45059104), (45059246, 45059466), (45060021, 45060156), (45060608, 45060764), (45061323, 45061419), (45062646, 45062748), (45063421, 45063817), (45069578, 45070357), (45076696, 45076826), (45078399, 45078505), (45079145, 45079351), (45082575, 45082640), (45082714, 45082789), (45083459, 45083608), (45085864, 45085979), (45089742, 45089930), (45090722, 45090864), (45106541, 45106649), (45107409, 45107536), (45110078, 45110249), (45111381, 45112779)])	0	inside_gene	intronic/exonic	6.256062640418982	5.00641
X:44968286:G:C	X	44968286	LOC105373190	44866862	44870303	([(44866862, 44866881), (44867396, 44867517), (44870213, 44870303)],)	97983	distal	upstream	6.256062640418982	5.00641
X:44968286:G:C	X	44968286	DUSP21	44844020	44844888	([(44844020, 44844888)],)	123398	distal	upstream	6.256062640418982	5.00641
X:44968286:G:C	X	44968286	DIPK2B	45148372	45200876	([(45148372, 45151992), (45153909, 45154198), (45157714, 45157888), (45191750, 45192015), (45200593, 45200876)], [(45148372, 45151992), (45153909, 45154198), (45191750, 45192015), (45200593, 45200876)], [(45148372, 45151992), (45153987, 45154198), (45191750, 45192015), (45200593, 45200876)], [(45162322, 45164249), (45191750, 45192015), (45200593, 45200876)])	180086	distal	downstream	6.256062640418982	5.00641
X:44968286:G:C	X	44968286	LOC105373191	45324952	45333917	([(45324952, 45325218), (45325492, 45325601), (45326917, 45326965)], [(45324952, 45325218), (45325492, 45325601), (45333273, 45333917)])	356666	distal	downstream	6.256062640418982	5.00641
X:44968286:G:C	X	44968286	FUNDC1	44523638	44542859	([(44523638, 44524275), (44527236, 44527365), (44538466, 44538542), (44541944, 44542101), (44542804, 44542859)],)	425427	distal	upstream	6.256062640418982	5.00641
X:127641346:C:T	X	127641346	LOC105373332	127492640	127499688	([(127492640, 127492728), (127492834, 127492973), (127499356, 127499688)],)	141658	distal	upstream	6.238012262359286	4.9984
X:127641346:C:T	X	127641346	LOC105373333	127939301	127945639	([(127939301, 127939342), (127942517, 127942593), (127945553, 127945639)],)	297955	distal	downstream	6.238012262359286	4.9984
X:127641346:C:T	X	127641346	LOC107985709	127247125	127303591	([(127247125, 127247304), (127248533, 127248620), (127256419, 127256504), (127303508, 127303564)], [(127247125, 127247304), (127248541, 127248620), (127256419, 127256504), (127303508, 127303564)], [(127247125, 127247304), (127248541, 127248620), (127303508, 127303568)], [(127247125, 127247304), (127248533, 127248620), (127285669, 127286126), (127289109, 127289244), (127294056, 127294128), (127295070, 127295102), (127303508, 127303591)], [(127247125, 127247304), (127248541, 127248620), (127285669, 127286126), (127289109, 127289244), (127294056, 127294128), (127295070, 127295102), (127303508, 127303591)], [(127247125, 127247304), (127248541, 127248620), (127285669, 127286126), (127294056, 127294128), (127295070, 127295102), (127303508, 127303591)])	337755	distal	upstream	6.238012262359286	4.9984
X:127641346:C:T	X	127641346	ACTRT1	128050961	128052403	([(128050961, 128052403)],)	409615	distal	downstream	6.238012262359286	4.9984
X:87163344:T:A	X	87163344	DACH2	86148450	86832602	([(86148450, 86149108), (86376823, 86376862), (86514278, 86514391), (86651035, 86651167), (86695020, 86695179), (86714547, 86714720), (86739746, 86739882), (86812855, 86813004), (86813129, 86813277), (86814687, 86814834), (86816033, 86816099), (86827765, 86827812)], [(86148450, 86149108), (86376823, 86376862), (86514278, 86514391), (86651035, 86651167), (86695020, 86695179), (86714547, 86714720), (86739746, 86739882), (86812855, 86813034), (86813129, 86813277), (86814687, 86814834), (86816033, 86816099), (86827765, 86827812)], [(86148450, 86149108), (86514278, 86514391), (86651035, 86651167), (86695020, 86695179), (86714547, 86714720), (86739746, 86739882), (86812855, 86813004), (86813129, 86813277), (86814687, 86814834), (86816033, 86816099), (86832105, 86832602)], [(86148450, 86149108), (86514278, 86514391), (86651035, 86651167), (86695020, 86695179), (86714547, 86714720), (86739746, 86739882), (86812855, 86813004), (86813129, 86813277), (86814687, 86814834), (86816033, 86816099), (86827765, 86827812), (86832105, 86832602)], [(86148450, 86149108), (86514278, 86514391), (86651035, 86651167), (86695020, 86695179), (86714547, 86714720), (86739746, 86739882), (86812855, 86813034), (86813129, 86813277), (86814687, 86814834), (86816033, 86816099), (86832105, 86832602)], [(86148450, 86149108), (86376823, 86376862), (86514278, 86514391), (86651035, 86651167), (86695020, 86695179), (86714547, 86714720), (86739746, 86739882), (86812855, 86813004), (86813129, 86813277), (86814687, 86814834), (86816033, 86816099), (86832105, 86832602)], [(86148450, 86149108), (86376823, 86376862), (86514278, 86514391), (86651035, 86651167), (86695020, 86695179), (86714547, 86714720), (86739746, 86739882), (86812855, 86813034), (86813129, 86813277), (86814687, 86814834), (86816033, 86816099), (86832105, 86832602)], [(86262967, 86263011), (86376823, 86376862), (86514278, 86514391), (86651035, 86651167), (86695020, 86695179), (86714547, 86714720), (86739746, 86739882), (86812855, 86813004), (86813129, 86813277), (86814687, 86814834), (86816033, 86816099), (86832105, 86832602)])	330742	distal	upstream	6.192880844902251	4.97832
X:87163344:T:A	X	87163344	KLHL4	87517801	87670050	([(87517801, 87518315), (87613876, 87614044), (87614433, 87614570), (87617931, 87618128), (87622210, 87622423), (87625609, 87625796), (87632209, 87632434), (87633748, 87633911), (87635562, 87635775), (87664763, 87664935), (87669328, 87670050)], [(87517801, 87518315), (87613876, 87614044), (87614433, 87614570), (87617931, 87618128), (87622210, 87622423), (87625609, 87625796), (87632209, 87632434), (87633748, 87633911), (87635562, 87635775), (87664763, 87664935), (87666474, 87670050)], [(87517801, 87518315), (87613876, 87614044), (87614433, 87614570), (87617931, 87618128), (87622210, 87622423), (87625609, 87625796), (87632209, 87632434), (87633748, 87633911), (87635562, 87635775), (87664763, 87664935), (87666474, 87666880), (87669328, 87670050)])	354457	distal	downstream	6.192880844902251	4.97832
X:97236203:A:C	X	97236203	DIAPH2	96684841	97604997	([(96684841, 96685190), (96735757, 96735790), (96738585, 96738762), (96758153, 96758258), (96881578, 96881718), (96912327, 96912402), (96912482, 96912552), (96916437, 96916574), (96918508, 96918617), (96930732, 96930843), (96937232, 96937351), (96939265, 96939382), (96942017, 96942136), (96945526, 96945591), (96948934, 96949039), (96957827, 96958148), (96965092, 96965207), (97072940, 97073042), (97075166, 97075261), (97099693, 97099795), (97114725, 97114965), (97141664, 97141794), (97247714, 97247839), (97348115, 97348280), (97383908, 97384044), (97429649, 97429745), (97469693, 97469836)], [(96684841, 96685190), (96735757, 96735790), (96738585, 96738762), (96758153, 96758258), (96881578, 96881718), (96912327, 96912402), (96912482, 96912552), (96916437, 96916574), (96918508, 96918617), (96930732, 96930843), (96937232, 96937351), (96939265, 96939382), (96942017, 96942136), (96945526, 96945591), (96948934, 96949039), (96957827, 96958148), (96965092, 96965207), (97072940, 97073042), (97075166, 97075261), (97099693, 97099795), (97114725, 97114965), (97141664, 97141794), (97247714, 97247839), (97348115, 97348280), (97383908, 97384044), (97429649, 97429745), (97599252, 97604997)])	0	inside_gene	intronic/exonic	6.186376856767926	4.97542
X:97236203:A:C	X	97236203	DIAPH2-AS1	97528363	97564535	([(97528363, 97529066), (97533311, 97533429), (97564379, 97564535)],)	292160	distal	downstream	6.186376856767926	4.97542
X:97236203:A:C	X	97236203	RPA4	96883907	96885467	([(96883907, 96885467)],)	350736	distal	upstream	6.186376856767926	4.97542
X:77016691:G:C	X	77016691	MIR325HG	76657797	77014532	([(76657797, 76658308), (76692966, 76693087), (77007275, 77007380), (77014226, 77014532)], [(76657797, 76658308), (76658501, 76658668), (77007275, 77007380), (77014226, 77014532)], [(76657797, 76658308), (77007275, 77007380), (77014226, 77014532)], [(76657797, 76658308), (76692966, 76693087), (76837809, 76837892), (77014226, 77014532)], [(76657797, 76658308), (76781182, 76781292), (77014226, 77014532)], [(76657797, 76658308), (76658501, 76658668), (76692966, 76693087), (77014226, 77014532)], [(76657797, 76658308), (76658501, 76658668), (77014226, 77014532)])	2159	regulatory_region	upstream	6.151450486081405	4.95982
X:77016691:G:C	X	77016691	MIR325	77005403	77005501	([(77005403, 77005501)],)	11190	regulatory_region	upstream	6.151450486081405	4.95982
X:77016691:G:C	X	77016691	LOC105373254	77070598	77081853	([(77070598, 77071061), (77078093, 77078247), (77080244, 77081853)],)	53907	distal	downstream	6.151450486081405	4.95982
X:77016691:G:C	X	77016691	MIR384	76919272	76919360	([(76919272, 76919360)],)	97331	distal	upstream	6.151450486081405	4.95982
X:77016691:G:C	X	77016691	FGF16	77447388	77457278	([(77447388, 77447948), (77454156, 77454260), (77456276, 77457278)],)	430697	distal	downstream	6.151450486081405	4.95982
X:77016691:G:C	X	77016691	ATRX	77504879	77786216	([(77504879, 77508629), (77520787, 77520916), (77521402, 77521498), (77522262, 77522388), (77523251, 77523401), (77557450, 77557645), (77558668, 77558846), (77574249, 77574358), (77589833, 77589940), (77593695, 77593849), (77599410, 77599580), (77599731, 77599820), (77600433, 77600564), (77616612, 77616730), (77618805, 77618981), (77620394, 77620532), (77633206, 77633384), (77633565, 77633712), (77634593, 77634703), (77635914, 77636056), (77652113, 77652353), (77654097, 77654200), (77656559, 77656653), (77663381, 77663558), (77664644, 77664778), (77676225, 77676298), (77681519, 77684593), (77684938, 77685006), (77688817, 77688927), (77693823, 77693937), (77696576, 77696704), (77697582, 77697635), (77698573, 77698629), (77717130, 77717243), (77785981, 77786216)], [(77504879, 77508629), (77520787, 77520916), (77521402, 77521498), (77522262, 77522388), (77523251, 77523401), (77557450, 77557645), (77558668, 77558846), (77574249, 77574358), (77589833, 77589940), (77593695, 77593849), (77599410, 77599580), (77599731, 77599820), (77600433, 77600564), (77616612, 77616730), (77618805, 77618981), (77620394, 77620532), (77633206, 77633384), (77633565, 77633712), (77634593, 77634703), (77635914, 77636056), (77652113, 77652353), (77654097, 77654200), (77656559, 77656653), (77663381, 77663558), (77664644, 77664778), (77676225, 77676298), (77681519, 77683451), (77683538, 77684593), (77684938, 77685006), (77688817, 77688927), (77693823, 77693937), (77696576, 77696704), (77697582, 77697635), (77698573, 77698629), (77717130, 77717243), (77785981, 77786216)], [(77504879, 77508629), (77520787, 77520916), (77521402, 77521498), (77522262, 77522388), (77523251, 77523401), (77557450, 77557645), (77558668, 77558846), (77574249, 77574358), (77589833, 77589940), (77593695, 77593849), (77599410, 77599580), (77599731, 77599820), (77600433, 77600564), (77616612, 77616730), (77618805, 77618981), (77620394, 77620532), (77633206, 77633384), (77633565, 77633712), (77634593, 77634703), (77635914, 77636056), (77652113, 77652353), (77654097, 77654200), (77656559, 77656653), (77663381, 77663558), (77664644, 77664778), (77676225, 77676298), (77681519, 77684593), (77684938, 77685006), (77688817, 77688924), (77693823, 77693937), (77696576, 77696704), (77697582, 77697635), (77698573, 77698629), (77717130, 77717243), (77785981, 77786216)], [(77504879, 77508629), (77520787, 77520916), (77521402, 77521498), (77522262, 77522388), (77523251, 77523401), (77557450, 77557645), (77558668, 77558846), (77574249, 77574358), (77589833, 77589940), (77593695, 77593849), (77599410, 77599580), (77599731, 77599820), (77600433, 77600564), (77616612, 77616730), (77618805, 77618981), (77620394, 77620532), (77633206, 77633384), (77633565, 77633712), (77634593, 77634703), (77635914, 77636056), (77652113, 77652353), (77654097, 77654200), (77656559, 77656653), (77663381, 77663558), (77664644, 77664778), (77676225, 77676298), (77681519, 77683451), (77683538, 77684593), (77684938, 77685006), (77688817, 77688924), (77693823, 77693937), (77696576, 77696704), (77697582, 77697635), (77698573, 77698629), (77717130, 77717243), (77785981, 77786216)], [(77504879, 77508629), (77520787, 77520916), (77521402, 77521498), (77522262, 77522388), (77523251, 77523401), (77557450, 77557645), (77558668, 77558846), (77574249, 77574358), (77589833, 77589940), (77593695, 77593849), (77599410, 77599580), (77599731, 77599820), (77600433, 77600564), (77616612, 77616730), (77618805, 77618981), (77620394, 77620532), (77633206, 77633384), (77633565, 77633712), (77634593, 77634703), (77635914, 77636056), (77652113, 77652353), (77654097, 77654200), (77656559, 77656653), (77663381, 77663558), (77664644, 77664778), (77676225, 77676298), (77681519, 77684593), (77684938, 77685006), (77688817, 77688927), (77696576, 77696704), (77697582, 77697635), (77698573, 77698629), (77717130, 77717243), (77785981, 77786216)], [(77504879, 77508629), (77520787, 77520916), (77521402, 77521498), (77522262, 77522388), (77523251, 77523401), (77557450, 77557645), (77558668, 77558846), (77574249, 77574358), (77589833, 77589940), (77593695, 77593849), (77599410, 77599580), (77599731, 77599820), (77600433, 77600564), (77616612, 77616730), (77618805, 77618981), (77620394, 77620532), (77633206, 77633384), (77633565, 77633712), (77634593, 77634703), (77635914, 77636056), (77652113, 77652353), (77654097, 77654200), (77656559, 77656653), (77663381, 77663558), (77664644, 77664778), (77676225, 77676298), (77681519, 77683451), (77683538, 77684593), (77684938, 77685006), (77688817, 77688927), (77696576, 77696704), (77697582, 77697635), (77698573, 77698629), (77717130, 77717243), (77785981, 77786216)], [(77504879, 77508629), (77520787, 77520916), (77521402, 77521498), (77522262, 77522388), (77523251, 77523401), (77557450, 77557645), (77558668, 77558846), (77574249, 77574358), (77589833, 77589940), (77593695, 77593849), (77599410, 77599580), (77599731, 77599820), (77600433, 77600564), (77616612, 77616730), (77618805, 77618981), (77620394, 77620532), (77633206, 77633384), (77633565, 77633712), (77634593, 77634703), (77635914, 77636056), (77652113, 77652353), (77654097, 77654200), (77656559, 77656653), (77663381, 77663558), (77664644, 77664778), (77676225, 77676298), (77681519, 77684593), (77684938, 77685006), (77688817, 77688924), (77696576, 77696704), (77697582, 77697635), (77698573, 77698629), (77717130, 77717243), (77785981, 77786216)], [(77504879, 77508629), (77520787, 77520916), (77521402, 77521498), (77522262, 77522388), (77523251, 77523401), (77557450, 77557645), (77558668, 77558846), (77574249, 77574358), (77589833, 77589940), (77593695, 77593849), (77599410, 77599580), (77599731, 77599820), (77600433, 77600564), (77616612, 77616730), (77618805, 77618981), (77620394, 77620532), (77633206, 77633384), (77633565, 77633712), (77634593, 77634703), (77635914, 77636056), (77652113, 77652353), (77654097, 77654200), (77656559, 77656653), (77663381, 77663558), (77664644, 77664778), (77676225, 77676298), (77681519, 77683451), (77683538, 77684593), (77684938, 77685006), (77688817, 77688924), (77696576, 77696704), (77697582, 77697635), (77698573, 77698629), (77717130, 77717243), (77785981, 77786216)], [(77504879, 77508629), (77520787, 77520916), (77521402, 77521498), (77522262, 77522388), (77523251, 77523401), (77557450, 77557645), (77558668, 77558846), (77574249, 77574358), (77589833, 77589940), (77593695, 77593849), (77599410, 77599580), (77599731, 77599820), (77600433, 77600564), (77616612, 77616730), (77618805, 77618981), (77620394, 77620532), (77633206, 77633384), (77633565, 77633712), (77634593, 77634703), (77635914, 77636056), (77652113, 77652353), (77654097, 77654200), (77656559, 77656653), (77663381, 77663558), (77664644, 77664778), (77676225, 77676298), (77681519, 77684593), (77684938, 77685006), (77688817, 77688927), (77693823, 77693937), (77696576, 77696704), (77697582, 77697635), (77698573, 77698629), (77785981, 77786216)])	488188	distal	downstream	6.151450486081405	4.95982
X:44958590:A:C	X	44958590	KDM6A	44873187	45112779	([(44873187, 44873712), (44873923, 44873987), (44961283, 44961392), (44974665, 44974715), (45010960, 45011019), (45020609, 45020730), (45034930, 45034985), (45037654, 45037689), (45051708, 45051802), (45053828, 45053955), (45059005, 45059104), (45059246, 45059466), (45061323, 45061419), (45062646, 45062748), (45063421, 45063817), (45069578, 45070357), (45076696, 45076826), (45078399, 45078505), (45079145, 45079351), (45082575, 45082640), (45082714, 45082789), (45083459, 45083608), (45089742, 45089856)], [(44873187, 44873712), (44873923, 44873987), (44961283, 44961392), (44974665, 44974715), (45010960, 45011019), (45020609, 45020730), (45034930, 45034985), (45037654, 45037689), (45051708, 45051802), (45053828, 45053955), (45059005, 45059104), (45059246, 45059466), (45060021, 45060156), (45060608, 45060764), (45061323, 45061419), (45062646, 45062748), (45063421, 45063817), (45069578, 45070357), (45076696, 45076826), (45078399, 45078505), (45079145, 45079351), (45082575, 45082640), (45082714, 45082789), (45083459, 45083608), (45089742, 45089856)], [(44873187, 44873712), (44873923, 44873987), (44961283, 44961392), (44974665, 44974715), (45010960, 45011019), (45020609, 45020730), (45034930, 45034985), (45037654, 45037689), (45051708, 45051802), (45053828, 45053955), (45059005, 45059104), (45059246, 45059466), (45060021, 45060156), (45061323, 45061419), (45062646, 45062748), (45063421, 45063817), (45069578, 45070357), (45076696, 45076826), (45078399, 45078505), (45079145, 45079351), (45082575, 45082640), (45082714, 45082789), (45083459, 45083608), (45085864, 45085979), (45089742, 45089930), (45090722, 45090868)], [(44873187, 44873712), (44873923, 44873987), (44961283, 44961392), (44974665, 44974715), (45010960, 45011019), (45034930, 45034985), (45037654, 45037689), (45051708, 45051802), (45053828, 45053955), (45059005, 45059104), (45059246, 45059466), (45061323, 45061419), (45062646, 45062748), (45063421, 45063817), (45069578, 45070357), (45076696, 45076826), (45078399, 45078505), (45079145, 45079351), (45082575, 45082640), (45082714, 45082789), (45083459, 45083608), (45085864, 45085979), (45089742, 45089930), (45090722, 45090864), (45107409, 45107536), (45110078, 45110249), (45111381, 45112779)], [(44873187, 44873712), (44873923, 44873987), (44961283, 44961392), (44974665, 44974715), (45010960, 45011019), (45020609, 45020730), (45034930, 45034985), (45037654, 45037689), (45051708, 45051802), (45053828, 45053955), (45059005, 45059104), (45059246, 45059466), (45061323, 45061419), (45063421, 45063817), (45069578, 45070357), (45076696, 45076826), (45078399, 45078505), (45079145, 45079351), (45082575, 45082640), (45082714, 45082789), (45083459, 45083608), (45085864, 45085979), (45089742, 45089930), (45090722, 45090864), (45107409, 45107536), (45110078, 45110249), (45111381, 45112779)], [(44873187, 44873712), (44873923, 44873987), (44961283, 44961392), (44974665, 44974715), (45010960, 45011019), (45020609, 45020730), (45034930, 45034985), (45037654, 45037689), (45051708, 45051802), (45053828, 45053955), (45059005, 45059104), (45059246, 45059466), (45061323, 45061419), (45063421, 45063817), (45069578, 45070357), (45076696, 45076826), (45078399, 45078505), (45079145, 45079351), (45082575, 45082640), (45082714, 45082789), (45083459, 45083608), (45085864, 45085979), (45089742, 45089930), (45090722, 45090864), (45106541, 45106649), (45107409, 45107536), (45110078, 45110249), (45111381, 45112779)], [(44873187, 44873712), (44873923, 44873987), (44961283, 44961392), (44974665, 44974715), (45010960, 45011019), (45020609, 45020730), (45034930, 45034985), (45037654, 45037689), (45051708, 45051802), (45053828, 45053955), (45059005, 45059104), (45059246, 45059466), (45061323, 45061419), (45062646, 45062748), (45063421, 45063817), (45069578, 45070357), (45076696, 45076826), (45078399, 45078505), (45079145, 45079351), (45082575, 45082640), (45082714, 45082789), (45083459, 45083608), (45085864, 45085979), (45089742, 45089930), (45090722, 45090864), (45107409, 45107536), (45110078, 45110249), (45111381, 45112779)], [(44873187, 44873712), (44873923, 44873987), (44961283, 44961392), (44974665, 44974715), (45010960, 45011019), (45020609, 45020730), (45034930, 45034985), (45037654, 45037689), (45051708, 45051802), (45053828, 45053955), (45059005, 45059104), (45059246, 45059466), (45061323, 45061419), (45062646, 45062748), (45063421, 45063817), (45069578, 45070357), (45076696, 45076826), (45078399, 45078505), (45079145, 45079351), (45082575, 45082640), (45082714, 45082789), (45083459, 45083608), (45085864, 45085979), (45089742, 45089930), (45090722, 45090864), (45106541, 45106649), (45107409, 45107536), (45110078, 45110249), (45111381, 45112779)], [(44873187, 44873712), (44873923, 44873987), (44961283, 44961392), (44974665, 44974715), (45010960, 45011019), (45020609, 45020730), (45034930, 45034985), (45037654, 45037689), (45051708, 45051802), (45053828, 45053955), (45059005, 45059104), (45059246, 45059466), (45060608, 45060764), (45061323, 45061419), (45063421, 45063817), (45069578, 45070357), (45076696, 45076826), (45078399, 45078505), (45079145, 45079351), (45082575, 45082640), (45082714, 45082789), (45083459, 45083608), (45085864, 45085979), (45089742, 45089930), (45090722, 45090864), (45107409, 45107536), (45110078, 45110249), (45111381, 45112779)], [(44873187, 44873712), (44873923, 44873987), (44961283, 44961392), (44974665, 44974715), (45010960, 45011019), (45020609, 45020730), (45034930, 45034985), (45037654, 45037689), (45051708, 45051802), (45053828, 45053955), (45059005, 45059104), (45059246, 45059466), (45060608, 45060764), (45061323, 45061419), (45063421, 45063817), (45069578, 45070357), (45076696, 45076826), (45078399, 45078505), (45079145, 45079351), (45082575, 45082640), (45082714, 45082789), (45083459, 45083608), (45085864, 45085979), (45089742, 45089930), (45090722, 45090864), (45106541, 45106649), (45107409, 45107536), (45110078, 45110249), (45111381, 45112779)], [(44873187, 44873712), (44873923, 44873987), (44961283, 44961392), (44974665, 44974715), (45010960, 45011019), (45020609, 45020730), (45034930, 45034985), (45037654, 45037689), (45051708, 45051802), (45053828, 45053955), (45059005, 45059104), (45059246, 45059466), (45060608, 45060764), (45061323, 45061419), (45062646, 45062748), (45063421, 45063817), (45069578, 45070357), (45076696, 45076826), (45078399, 45078505), (45079145, 45079351), (45082575, 45082640), (45082714, 45082789), (45083459, 45083608), (45085864, 45085979), (45089742, 45089930), (45090722, 45090864), (45107409, 45107536), (45110078, 45110249), (45111381, 45112779)], [(44873187, 44873712), (44873923, 44873987), (44961283, 44961392), (44974665, 44974715), (45010960, 45011019), (45020609, 45020730), (45034930, 45034985), (45037654, 45037689), (45051708, 45051802), (45053828, 45053955), (45059005, 45059104), (45059246, 45059466), (45060608, 45060764), (45061323, 45061419), (45062646, 45062748), (45063421, 45063817), (45069578, 45070357), (45076696, 45076826), (45078399, 45078505), (45079145, 45079351), (45082575, 45082640), (45082714, 45082789), (45083459, 45083608), (45085864, 45085979), (45089742, 45089930), (45090722, 45090864), (45106541, 45106649), (45107409, 45107536), (45110078, 45110249), (45111381, 45112779)], [(44873187, 44873712), (44873923, 44873987), (44961283, 44961392), (44974665, 44974715), (45010960, 45011019), (45020609, 45020730), (45034930, 45034985), (45037654, 45037689), (45051708, 45051802), (45053828, 45053955), (45059005, 45059104), (45059246, 45059466), (45060021, 45060156), (45061323, 45061419), (45063421, 45063817), (45069578, 45070357), (45076696, 45076826), (45078399, 45078505), (45079145, 45079351), (45082575, 45082640), (45082714, 45082789), (45083459, 45083608), (45085864, 45085979), (45089742, 45089930), (45090722, 45090864), (45107409, 45107536), (45110078, 45110249), (45111381, 45112779)], [(44873187, 44873712), (44873923, 44873987), (44961283, 44961392), (44974665, 44974715), (45010960, 45011019), (45020609, 45020730), (45034930, 45034985), (45037654, 45037689), (45051708, 45051802), (45053828, 45053955), (45059005, 45059104), (45059246, 45059466), (45060021, 45060156), (45061323, 45061419), (45063421, 45063817), (45069578, 45070357), (45076696, 45076826), (45078399, 45078505), (45079145, 45079351), (45082575, 45082640), (45082714, 45082789), (45083459, 45083608), (45085864, 45085979), (45089742, 45089930), (45090722, 45090864), (45106541, 45106649), (45107409, 45107536), (45110078, 45110249), (45111381, 45112779)], [(44873187, 44873712), (44873923, 44873987), (44961283, 44961392), (44974665, 44974715), (45010960, 45011019), (45020609, 45020730), (45034930, 45034985), (45037654, 45037689), (45051708, 45051802), (45053828, 45053955), (45059005, 45059104), (45059246, 45059466), (45060021, 45060156), (45061323, 45061419), (45062646, 45062748), (45063421, 45063817), (45069578, 45070357), (45076696, 45076826), (45078399, 45078505), (45079145, 45079351), (45082575, 45082640), (45082714, 45082789), (45083459, 45083608), (45085864, 45085979), (45089742, 45089930), (45090722, 45090864), (45107409, 45107536), (45110078, 45110249), (45111381, 45112779)], [(44873187, 44873712), (44873923, 44873987), (44961283, 44961392), (44974665, 44974715), (45010960, 45011019), (45020609, 45020730), (45034930, 45034985), (45037654, 45037689), (45051708, 45051802), (45053828, 45053955), (45059005, 45059104), (45059246, 45059466), (45060021, 45060156), (45061323, 45061419), (45062646, 45062748), (45063421, 45063817), (45069578, 45070357), (45076696, 45076826), (45078399, 45078505), (45079145, 45079351), (45082575, 45082640), (45082714, 45082789), (45083459, 45083608), (45085864, 45085979), (45089742, 45089930), (45090722, 45090864), (45106541, 45106649), (45107409, 45107536), (45110078, 45110249), (45111381, 45112779)], [(44873187, 44873712), (44873923, 44873987), (44961283, 44961392), (44974665, 44974715), (45010960, 45011019), (45020609, 45020730), (45034930, 45034985), (45037654, 45037689), (45051708, 45051802), (45053828, 45053955), (45059005, 45059104), (45059246, 45059466), (45060021, 45060156), (45060608, 45060764), (45061323, 45061419), (45063421, 45063817), (45069578, 45070357), (45076696, 45076826), (45078399, 45078505), (45079145, 45079351), (45082575, 45082640), (45082714, 45082789), (45083459, 45083608), (45085864, 45085979), (45089742, 45089930), (45090722, 45090864), (45107409, 45107536), (45110078, 45110249), (45111381, 45112779)], [(44873187, 44873712), (44873923, 44873987), (44961283, 44961392), (44974665, 44974715), (45010960, 45011019), (45020609, 45020730), (45034930, 45034985), (45037654, 45037689), (45051708, 45051802), (45053828, 45053955), (45059005, 45059104), (45059246, 45059466), (45060021, 45060156), (45060608, 45060764), (45061323, 45061419), (45063421, 45063817), (45069578, 45070357), (45076696, 45076826), (45078399, 45078505), (45079145, 45079351), (45082575, 45082640), (45082714, 45082789), (45083459, 45083608), (45085864, 45085979), (45089742, 45089930), (45090722, 45090864), (45106541, 45106649), (45107409, 45107536), (45110078, 45110249), (45111381, 45112779)], [(44873187, 44873712), (44873923, 44873987), (44961283, 44961392), (44974665, 44974715), (45010960, 45011019), (45020609, 45020730), (45034930, 45034985), (45037654, 45037689), (45051708, 45051802), (45053828, 45053955), (45059005, 45059104), (45059246, 45059466), (45060021, 45060156), (45060608, 45060764), (45061323, 45061419), (45062646, 45062748), (45063421, 45063817), (45069578, 45070357), (45076696, 45076826), (45078399, 45078505), (45079145, 45079351), (45082575, 45082640), (45082714, 45082789), (45083459, 45083608), (45085864, 45085979), (45089742, 45089930), (45090722, 45090864), (45107409, 45107536), (45110078, 45110249), (45111381, 45112779)], [(44873187, 44873712), (44873923, 44873987), (44961283, 44961392), (44974665, 44974715), (45010960, 45011019), (45020609, 45020730), (45034930, 45034985), (45037654, 45037689), (45051708, 45051802), (45053828, 45053955), (45059005, 45059104), (45059246, 45059466), (45060021, 45060156), (45060608, 45060764), (45061323, 45061419), (45062646, 45062748), (45063421, 45063817), (45069578, 45070357), (45076696, 45076826), (45078399, 45078505), (45079145, 45079351), (45082575, 45082640), (45082714, 45082789), (45083459, 45083608), (45085864, 45085979), (45089742, 45089930), (45090722, 45090864), (45106541, 45106649), (45107409, 45107536), (45110078, 45110249), (45111381, 45112779)], [(44873187, 44873712), (44873923, 44873987), (44961283, 44961392), (44974665, 44974715), (45010960, 45011019), (45020609, 45020730), (45034930, 45034985), (45037654, 45037689), (45051708, 45051802), (45053828, 45053955), (45059005, 45059104), (45059246, 45059466), (45060021, 45060156), (45060608, 45060764), (45061323, 45061419), (45062646, 45062748), (45063421, 45063817), (45069578, 45070357), (45076696, 45076826), (45078399, 45078505), (45079145, 45079351), (45082575, 45082640), (45082714, 45082789), (45083459, 45083608), (45085864, 45085979), (45089742, 45089930), (45090722, 45090864), (45106541, 45106713), (45107409, 45107498)], [(44873187, 44873712), (44873923, 44873987), (44961283, 44961392), (44974665, 44974715), (45010960, 45011019), (45020609, 45020730), (45034930, 45034985), (45037654, 45037689), (45051708, 45051802), (45053828, 45053955), (45059005, 45059104), (45059246, 45059466), (45060608, 45060764), (45061323, 45061419), (45063421, 45063817), (45069578, 45070357), (45076696, 45076826), (45078399, 45078505), (45079145, 45079351), (45082575, 45082640), (45082714, 45082789), (45083459, 45083608), (45085864, 45085979), (45089742, 45089930), (45090722, 45090832), (45107409, 45107536), (45110078, 45110249), (45111381, 45112779)], [(44874175, 44874273), (44961283, 44961392), (44974665, 44974715), (45010960, 45011019), (45020609, 45020730), (45034930, 45034985), (45037654, 45037689), (45051708, 45051802), (45053828, 45053955), (45059005, 45059104), (45059246, 45059466), (45060021, 45060156), (45061323, 45061419), (45062646, 45062748), (45063421, 45063817), (45069578, 45070357), (45076696, 45076826), (45078399, 45078505), (45079145, 45079351), (45082575, 45082640), (45082714, 45082789), (45083459, 45083608), (45085864, 45085979), (45089742, 45089930), (45090722, 45090864), (45107409, 45107536), (45110078, 45110249), (45111381, 45112779)], [(44874175, 44874273), (44961283, 44961392), (44974665, 44974715), (45010960, 45011019), (45020609, 45020730), (45034930, 45034985), (45037654, 45037689), (45051708, 45051802), (45053828, 45053955), (45059005, 45059104), (45059246, 45059466), (45060021, 45060156), (45060608, 45060764), (45061323, 45061419), (45062646, 45062748), (45063421, 45063817), (45069578, 45070357), (45076696, 45076826), (45078399, 45078505), (45079145, 45079351), (45082575, 45082640), (45082714, 45082789), (45083459, 45083608), (45085864, 45085979), (45089742, 45089930), (45090722, 45090864), (45106541, 45106649), (45107409, 45107536), (45110078, 45110249), (45111381, 45112779)], [(44951150, 44951195), (44961283, 44961392), (44974665, 44974715), (45010960, 45011019), (45020609, 45020730), (45034930, 45034985), (45037654, 45037689), (45051708, 45051802), (45053828, 45053955), (45059005, 45059104), (45059246, 45059466), (45060021, 45060156), (45060608, 45060764), (45061323, 45061419), (45062646, 45062748), (45063421, 45063817), (45069578, 45070357), (45076696, 45076826), (45078399, 45078505), (45079145, 45079351), (45082575, 45082640), (45082714, 45082789), (45083459, 45083608), (45085864, 45085979), (45089742, 45089930), (45090722, 45090864), (45106541, 45106649), (45107409, 45107536), (45110078, 45110249), (45111381, 45112779)])	0	inside_gene	intronic/exonic	6.149282156987159	4.95885
X:44958590:A:C	X	44958590	LOC105373190	44866862	44870303	([(44866862, 44866881), (44867396, 44867517), (44870213, 44870303)],)	88287	distal	upstream	6.149282156987159	4.95885
X:44958590:A:C	X	44958590	DUSP21	44844020	44844888	([(44844020, 44844888)],)	113702	distal	upstream	6.149282156987159	4.95885
X:44958590:A:C	X	44958590	DIPK2B	45148372	45200876	([(45148372, 45151992), (45153909, 45154198), (45157714, 45157888), (45191750, 45192015), (45200593, 45200876)], [(45148372, 45151992), (45153909, 45154198), (45191750, 45192015), (45200593, 45200876)], [(45148372, 45151992), (45153987, 45154198), (45191750, 45192015), (45200593, 45200876)], [(45162322, 45164249), (45191750, 45192015), (45200593, 45200876)])	189782	distal	downstream	6.149282156987159	4.95885
X:44958590:A:C	X	44958590	LOC105373191	45324952	45333917	([(45324952, 45325218), (45325492, 45325601), (45326917, 45326965)], [(45324952, 45325218), (45325492, 45325601), (45333273, 45333917)])	366362	distal	downstream	6.149282156987159	4.95885
X:44958590:A:C	X	44958590	FUNDC1	44523638	44542859	([(44523638, 44524275), (44527236, 44527365), (44538466, 44538542), (44541944, 44542101), (44542804, 44542859)],)	415731	distal	upstream	6.149282156987159	4.95885
X:73247317:T:C	X	73247317	NAP1L2	73212298	73214851	([(73212298, 73214851)],)	32466	regulatory_region	upstream	6.127955266776819	4.9493
X:73247317:T:C	X	73247317	NAP1L6P	73126036	73128080	([(73126036, 73128080)],)	119237	distal	upstream	6.127955266776819	4.9493
X:73247317:T:C	X	73247317	LOC101928380	73080335	73084635	([(73080335, 73080618), (73080699, 73081812), (73084172, 73084635)], [(73080335, 73080836), (73081697, 73081812), (73084172, 73084635)], [(73080335, 73081812), (73084172, 73084635)])	162682	distal	upstream	6.127955266776819	4.9493
X:73247317:T:C	X	73247317	PABPC1L2A	73077275	73079512	([(73077275, 73079512)],)	167805	distal	upstream	6.127955266776819	4.9493
X:73247317:T:C	X	73247317	CDX4	73447052	73455171	([(73447052, 73447755), (73453516, 73453662), (73454378, 73455171)],)	199735	distal	downstream	6.127955266776819	4.9493
X:73247317:T:C	X	73247317	PABPC1L2B	73002938	73006106	([(73002938, 73006106)],)	241211	distal	upstream	6.127955266776819	4.9493
X:73247317:T:C	X	73247317	PABPC1L2B-AS1	72998387	73002856	([(72998387, 72998850), (73001210, 73001325), (73002186, 73002323), (73002404, 73002856)],)	244461	distal	upstream	6.127955266776819	4.9493
X:73247317:T:C	X	73247317	MAP2K4P1	73524274	73563085	([(73524274, 73526687), (73562959, 73563085)],)	276957	distal	downstream	6.127955266776819	4.9493
X:73247317:T:C	X	73247317	DMRTC1	72872024	72943837	([(72872024, 72872564), (72873549, 72873697), (72873881, 72873942), (72874824, 72874958), (72875272, 72875331), (72875630, 72875788), (72943574, 72943837)], [(72872024, 72872564), (72873549, 72873697), (72873881, 72873942), (72874824, 72874958), (72875272, 72875331), (72875696, 72875788), (72943574, 72943837)], [(72872024, 72872564), (72873549, 72873697), (72873881, 72873942), (72874824, 72874958), (72875272, 72875331), (72943574, 72943837)], [(72872024, 72872564), (72873549, 72873697), (72874824, 72874958), (72875272, 72875331), (72875630, 72875788), (72943574, 72943837)])	303480	distal	upstream	6.127955266776819	4.9493
X:73247317:T:C	X	73247317	FAM226A	72941727	72943750	([(72941727, 72943750)],)	303567	distal	upstream	6.127955266776819	4.9493
X:73247317:T:C	X	73247317	FAM236A	72938205	72938958	([(72938205, 72938298), (72938487, 72938651), (72938805, 72938958)], [(72938205, 72938298), (72938475, 72938651), (72938805, 72938958)])	308359	distal	upstream	6.127955266776819	4.9493
X:73247317:T:C	X	73247317	CHIC1	73563147	73687111	([(73563147, 73563580), (73577406, 73577461), (73578703, 73581721)], [(73563147, 73563580), (73577406, 73577461), (73584416, 73584572), (73586632, 73594326)], [(73563147, 73563580), (73577406, 73577461), (73584416, 73584572), (73679325, 73679382), (73680954, 73687109)], [(73563147, 73563580), (73577406, 73577461), (73578703, 73578785), (73582379, 73582411), (73584416, 73584503)], [(73563196, 73563580), (73577406, 73577461), (73584416, 73584572), (73679325, 73679382), (73679653, 73679713), (73680954, 73687111)], [(73577406, 73577461), (73578703, 73578785), (73582379, 73582411), (73584416, 73584572), (73679325, 73679382), (73679653, 73679713), (73680954, 73687111)])	315830	distal	downstream	6.127955266776819	4.9493
X:73247317:T:C	X	73247317	FAM236C	72912614	72913401	([(72912614, 72912750), (72912931, 72913095), (72913250, 72913401)], [(72912614, 72912750), (72912919, 72913095), (72913250, 72913401)])	333916	distal	upstream	6.127955266776819	4.9493
X:73247317:T:C	X	73247317	DMRTC1B	72776889	72848803	([(72776889, 72777248), (72845041, 72845199), (72845498, 72845557), (72845871, 72846005), (72846884, 72846945), (72847129, 72847277), (72848262, 72848803)], [(72776889, 72777248), (72845041, 72845199), (72845498, 72845557), (72845871, 72846005), (72847129, 72847277), (72848262, 72848803)], [(72776889, 72777248), (72790680, 72790868), (72791033, 72791162), (72845041, 72845199), (72845498, 72845557), (72845871, 72846005), (72847129, 72847277), (72848262, 72848803)], [(72789397, 72791162), (72845041, 72845199), (72845498, 72845557), (72845871, 72846005), (72846884, 72846945), (72847129, 72847277), (72848262, 72848803)], [(72842785, 72842844), (72845041, 72845199), (72845498, 72845557), (72845871, 72846005), (72846884, 72846945), (72847129, 72847277), (72848262, 72848803)], [(72842866, 72843108), (72845041, 72845199), (72845498, 72845557), (72847129, 72847277), (72848262, 72848803)], [(72843241, 72843350), (72845041, 72845199), (72845498, 72845557), (72845871, 72846005), (72846884, 72846945), (72847129, 72847277), (72848262, 72848803)])	398514	distal	upstream	6.127955266776819	4.9493
X:73247317:T:C	X	73247317	FAM236D	72807424	72808210	([(72807424, 72807575), (72807729, 72807905), (72808074, 72808210)], [(72807424, 72807575), (72807729, 72807893), (72808074, 72808210)])	439107	distal	upstream	6.127955266776819	4.9493
X:73247317:T:C	X	73247317	FAM236B	72781864	72782660	([(72781864, 72782017), (72782171, 72782347), (72782524, 72782660)], [(72781864, 72782017), (72782171, 72782335), (72782524, 72782660)])	464657	distal	upstream	6.127955266776819	4.9493
X:73247317:T:C	X	73247317	FAM226B	72777072	72779095	([(72777072, 72779095)],)	468222	distal	upstream	6.127955266776819	4.9493
X:111799172:C:CAAATGCAGT	X	111799172	TRPC5	111768010	112082776	([(111768010, 111777002), (111778984, 111779074), (111781164, 111781206), (111781934, 111782138), (111834920, 111835116), (111847113, 111847436), (111852297, 111852437), (111853769, 111854106), (111912290, 111912812), (111952042, 111952441), (112005490, 112005613), (112081878, 112082776)], [(111768010, 111777002), (111778984, 111779074), (111781164, 111781206), (111781934, 111782138), (111834920, 111835116), (111847113, 111847436), (111852297, 111852437), (111853769, 111854106), (111912290, 111912812), (111952042, 111952441), (112081878, 112082776)], [(111778654, 111779074), (111781164, 111781206), (111781934, 111782138), (111834920, 111835116), (111847113, 111847436), (111852297, 111852437), (111853769, 111854106), (111912290, 111912812), (111952042, 111952441), (112081878, 112082776)])	0	inside_gene	intronic/exonic	6.114642619813874	4.94333
X:111799172:C:CAAATGCAGT	X	111799172	ALG13	111681169	111760649	([(111681169, 111681299), (111682235, 111682294), (111684964, 111685103), (111687886, 111690172)], [(111681169, 111681299), (111682131, 111682235), (111684964, 111685103), (111687886, 111690172)], [(111681169, 111681299), (111682131, 111682294), (111684964, 111685103), (111687886, 111690172)], [(111681169, 111681299), (111682131, 111682294), (111684964, 111685103), (111686136, 111686174), (111687886, 111690172)], [(111681169, 111681299), (111682131, 111682300), (111684964, 111685103), (111687886, 111690172)], [(111681169, 111681424), (111682235, 111682294), (111684964, 111685103), (111687886, 111690172)], [(111681169, 111681424), (111682131, 111682235), (111684964, 111685103), (111687886, 111690172)], [(111681169, 111681424), (111682131, 111682294), (111684964, 111685103), (111687886, 111690172)], [(111681169, 111681299), (111682131, 111682294), (111684964, 111685103), (111708026, 111708393), (111708964, 111709048), (111711674, 111711725), (111712483, 111712530), (111713224, 111713297), (111717845, 111717927), (111718111, 111718274), (111720094, 111720170), (111721602, 111721711), (111722792, 111722857), (111723797, 111723898), (111724933, 111725061), (111726808, 111727055), (111727331, 111727445), (111727613, 111727770), (111728184, 111728305), (111730394, 111730427), (111730524, 111730580), (111735050, 111735122), (111736713, 111736879), (111736981, 111737081)], [(111681169, 111681299), (111682131, 111682294), (111684964, 111685103), (111708026, 111708393), (111708964, 111709048), (111711674, 111711725), (111712483, 111712530), (111713224, 111713297), (111717845, 111717927), (111718111, 111718274), (111720094, 111720170), (111721602, 111721711), (111722792, 111722857), (111723797, 111723898), (111724933, 111725061), (111726808, 111727055), (111727331, 111727445), (111727613, 111727770), (111728184, 111728305), (111730394, 111730427), (111730524, 111730580), (111734367, 111734439), (111735050, 111735122), (111736713, 111736879), (111736981, 111737081)], [(111681169, 111681299), (111682131, 111682294), (111684964, 111685103), (111708026, 111708393), (111708964, 111709048), (111711674, 111711725), (111712483, 111712530), (111713224, 111713297), (111717845, 111717927), (111718111, 111718274), (111720094, 111720170), (111721602, 111721711), (111722792, 111722857), (111723797, 111723898), (111724933, 111725061), (111726808, 111727055), (111727331, 111727445), (111727613, 111727770), (111728184, 111728305), (111730394, 111730427), (111730524, 111730580), (111734367, 111734439), (111735050, 111735122), (111736713, 111736879), (111743799, 111743825)], [(111681169, 111681299), (111682235, 111682294), (111684964, 111685103), (111708026, 111708393), (111708964, 111709048), (111711674, 111711725), (111712483, 111712530), (111713224, 111713297), (111717845, 111717927), (111718111, 111718274), (111720094, 111720170), (111721602, 111721711), (111722792, 111722857), (111723797, 111723898), (111724933, 111725061), (111726808, 111727055), (111727331, 111727445), (111727613, 111727770), (111728184, 111728305), (111730394, 111730427), (111730524, 111730580), (111735050, 111735122), (111736713, 111736879), (111752789, 111752830), (111757587, 111757762), (111759733, 111760649)], [(111681169, 111681299), (111682235, 111682294), (111684964, 111685103), (111708026, 111708393), (111708964, 111709048), (111711674, 111711725), (111712483, 111712530), (111713224, 111713297), (111717845, 111717927), (111718111, 111718274), (111720094, 111720170), (111721602, 111721711), (111722792, 111722857), (111723797, 111723898), (111724933, 111725061), (111726808, 111727055), (111727331, 111727445), (111727613, 111727770), (111728184, 111728305), (111730394, 111730427), (111730524, 111730580), (111734367, 111734439), (111735050, 111735122), (111736713, 111736879), (111744667, 111744904), (111752789, 111752830), (111757587, 111757762), (111759733, 111760649)], [(111681169, 111681299), (111682131, 111682294), (111684964, 111685103), (111708026, 111708393), (111708964, 111709048), (111717845, 111717927), (111718111, 111718274), (111720094, 111720170), (111721602, 111721711), (111722792, 111722857), (111723797, 111723898), (111724933, 111725061), (111726808, 111727055), (111727331, 111727445), (111727613, 111727770), (111728184, 111728305), (111730394, 111730427), (111730524, 111730580), (111735050, 111735122), (111736713, 111736879), (111752789, 111752830), (111757587, 111757762), (111759733, 111760649)], [(111681169, 111681299), (111682131, 111682294), (111684964, 111685103), (111708026, 111708393), (111708964, 111709048), (111717845, 111717927), (111718111, 111718274), (111720094, 111720170), (111721602, 111721711), (111722792, 111722857), (111723797, 111723898), (111724933, 111725061), (111726808, 111727055), (111727331, 111727445), (111727613, 111727770), (111728184, 111728305), (111730394, 111730427), (111730524, 111730580), (111735050, 111735122), (111736713, 111736879), (111744667, 111744904), (111752789, 111752830), (111757587, 111757762), (111759733, 111760649)], [(111681169, 111681299), (111682131, 111682294), (111684964, 111685103), (111708026, 111708393), (111708964, 111709048), (111717845, 111717927), (111718111, 111718274), (111720094, 111720170), (111721602, 111721711), (111722792, 111722857), (111723797, 111723898), (111724933, 111725061), (111726808, 111727055), (111727331, 111727445), (111727613, 111727770), (111728184, 111728305), (111730394, 111730427), (111730524, 111730580), (111734367, 111734439), (111735050, 111735122), (111736713, 111736879), (111744667, 111744904), (111752789, 111752830), (111757587, 111757762), (111759733, 111760649)], [(111681169, 111681299), (111682131, 111682294), (111684964, 111685103), (111708026, 111708393), (111708964, 111709048), (111711674, 111711725), (111712483, 111712530), (111713224, 111713297), (111717845, 111717927), (111718111, 111718274), (111720094, 111720170), (111721602, 111721711), (111722792, 111722857), (111723797, 111723898), (111724933, 111725061), (111726808, 111727055), (111727355, 111727445), (111727613, 111727770), (111728184, 111728305), (111730394, 111730427), (111730524, 111730580), (111735050, 111735122), (111736713, 111736879), (111752789, 111752830), (111757587, 111757762), (111759733, 111760649)], [(111681169, 111681299), (111682131, 111682294), (111684964, 111685103), (111708026, 111708393), (111708964, 111709048), (111711674, 111711725), (111712483, 111712530), (111713224, 111713297), (111717845, 111717927), (111718111, 111718274), (111720094, 111720170), (111721602, 111721711), (111722792, 111722857), (111723797, 111723898), (111724933, 111725061), (111726808, 111727055), (111727355, 111727445), (111727613, 111727770), (111728184, 111728305), (111730394, 111730427), (111730524, 111730580), (111735050, 111735122), (111736713, 111736879), (111744667, 111744904), (111752789, 111752830), (111757587, 111757762), (111759733, 111760649)], [(111681169, 111681299), (111682131, 111682294), (111684964, 111685103), (111708026, 111708393), (111708964, 111709048), (111711674, 111711725), (111712483, 111712530), (111713224, 111713297), (111717845, 111717927), (111718111, 111718274), (111720094, 111720170), (111721602, 111721711), (111722792, 111722857), (111723797, 111723898), (111724933, 111725061), (111726808, 111727055), (111727355, 111727445), (111727613, 111727770), (111728184, 111728305), (111730394, 111730427), (111730524, 111730580), (111734367, 111734439), (111735050, 111735122), (111736713, 111736879), (111744667, 111744904), (111752789, 111752830), (111757587, 111757762), (111759733, 111760649)], [(111681169, 111681299), (111682131, 111682294), (111684964, 111685103), (111708026, 111708393), (111708964, 111709048), (111711674, 111711725), (111712483, 111712530), (111713224, 111713297), (111717845, 111717927), (111718111, 111718274), (111720094, 111720170), (111721602, 111721711), (111722792, 111722857), (111723797, 111723898), (111724933, 111725061), (111726808, 111727055), (111727331, 111727445), (111727613, 111727770), (111728184, 111728305), (111730394, 111730427), (111730524, 111730580), (111735089, 111735122), (111736713, 111736879), (111752789, 111752830), (111757587, 111757762), (111759733, 111760649)], [(111681169, 111681299), (111682131, 111682294), (111684964, 111685103), (111708026, 111708393), (111708964, 111709048), (111711674, 111711725), (111712483, 111712530), (111713224, 111713297), (111717845, 111717927), (111718111, 111718274), (111720094, 111720170), (111721602, 111721711), (111722792, 111722857), (111723797, 111723898), (111724933, 111725061), (111726808, 111727055), (111727331, 111727445), (111727613, 111727770), (111728184, 111728305), (111730394, 111730427), (111730524, 111730580), (111735089, 111735122), (111736713, 111736879), (111744667, 111744904), (111752789, 111752830), (111757587, 111757762), (111759733, 111760649)], [(111681169, 111681299), (111682131, 111682294), (111684964, 111685103), (111708026, 111708393), (111708964, 111709048), (111711674, 111711725), (111712483, 111712530), (111713224, 111713297), (111717845, 111717927), (111718111, 111718274), (111720094, 111720170), (111721602, 111721711), (111722792, 111722857), (111723797, 111723898), (111724933, 111725061), (111726808, 111727055), (111727331, 111727445), (111727613, 111727770), (111728184, 111728305), (111730394, 111730427), (111730524, 111730580), (111735050, 111735122), (111736713, 111736879), (111752789, 111752830), (111757587, 111757762), (111759733, 111760649)], [(111681169, 111681299), (111682131, 111682294), (111684964, 111685103), (111708026, 111708393), (111708964, 111709048), (111711674, 111711725), (111712483, 111712530), (111713224, 111713297), (111717845, 111717927), (111718111, 111718274), (111720094, 111720170), (111721602, 111721711), (111722792, 111722857), (111723797, 111723898), (111724933, 111725061), (111726808, 111727055), (111727331, 111727445), (111727613, 111727770), (111728184, 111728305), (111730394, 111730427), (111730524, 111730580), (111735050, 111735122), (111736713, 111736879), (111744667, 111744904), (111752789, 111752830), (111757587, 111757762), (111759733, 111760649)], [(111681169, 111681299), (111682131, 111682294), (111684964, 111685103), (111708026, 111708393), (111708964, 111709048), (111711674, 111711725), (111712483, 111712530), (111713224, 111713297), (111717845, 111717927), (111718111, 111718274), (111720094, 111720170), (111721602, 111721711), (111722792, 111722857), (111723797, 111723898), (111724933, 111725061), (111726808, 111727055), (111727331, 111727445), (111727613, 111727770), (111728184, 111728305), (111730394, 111730427), (111730524, 111730580), (111734367, 111734439), (111735089, 111735122), (111736713, 111736879), (111744667, 111744904), (111752789, 111752830), (111757587, 111757762), (111759733, 111760649)], [(111681169, 111681299), (111682131, 111682294), (111684964, 111685103), (111708026, 111708393), (111708964, 111709048), (111711674, 111711725), (111712483, 111712530), (111713224, 111713297), (111717845, 111717927), (111718111, 111718274), (111720094, 111720170), (111721602, 111721711), (111722792, 111722857), (111723797, 111723898), (111724933, 111725061), (111726808, 111727055), (111727331, 111727445), (111727613, 111727770), (111728184, 111728305), (111730394, 111730427), (111730524, 111730580), (111734367, 111734439), (111735050, 111735122), (111736713, 111736879), (111752789, 111752830), (111757587, 111757762), (111759733, 111760649)], [(111681169, 111681299), (111682131, 111682294), (111684964, 111685103), (111708026, 111708393), (111708964, 111709048), (111711674, 111711725), (111712483, 111712530), (111713224, 111713297), (111717845, 111717927), (111718111, 111718274), (111720094, 111720170), (111721602, 111721711), (111722792, 111722857), (111723797, 111723898), (111724933, 111725061), (111726808, 111727055), (111727331, 111727445), (111727613, 111727770), (111728184, 111728305), (111730394, 111730427), (111730524, 111730580), (111734367, 111734439), (111735050, 111735122), (111736713, 111736879), (111744667, 111744904), (111752789, 111752830), (111757587, 111757762), (111759733, 111760649)], [(111681169, 111681424), (111682235, 111682294), (111684964, 111685103), (111708026, 111708393), (111708964, 111709048), (111711674, 111711725), (111712483, 111712530), (111713224, 111713297), (111717845, 111717927), (111718111, 111718274), (111720094, 111720170), (111721602, 111721711), (111722792, 111722857), (111723797, 111723898), (111724933, 111725061), (111726808, 111727055), (111727331, 111727445), (111727613, 111727770), (111728184, 111728305), (111730394, 111730427), (111730524, 111730580), (111735050, 111735122), (111736713, 111736879), (111752789, 111752830), (111757587, 111757762), (111759733, 111760649)], [(111681169, 111681424), (111682235, 111682294), (111684964, 111685103), (111708026, 111708393), (111708964, 111709048), (111711674, 111711725), (111712483, 111712530), (111713224, 111713297), (111717845, 111717927), (111718111, 111718274), (111720094, 111720170), (111721602, 111721711), (111722792, 111722857), (111723797, 111723898), (111724933, 111725061), (111726808, 111727055), (111727331, 111727445), (111727613, 111727770), (111728184, 111728305), (111730394, 111730427), (111730524, 111730580), (111734367, 111734439), (111735050, 111735122), (111736713, 111736879), (111744667, 111744904), (111752789, 111752830), (111757587, 111757762), (111759733, 111760649)], [(111681169, 111681424), (111682131, 111682235), (111684964, 111685103), (111708026, 111708393), (111708964, 111709048), (111711674, 111711725), (111712483, 111712530), (111713224, 111713297), (111717845, 111717927), (111718111, 111718274), (111720094, 111720170), (111721602, 111721711), (111722792, 111722857), (111723797, 111723898), (111724933, 111725061), (111726808, 111727055), (111727331, 111727445), (111727613, 111727770), (111728184, 111728305), (111730394, 111730427), (111730524, 111730580), (111735050, 111735122), (111736713, 111736879), (111744667, 111744904), (111752789, 111752830), (111757587, 111757762), (111759733, 111760649)], [(111681169, 111681424), (111682131, 111682294), (111684964, 111685103), (111708026, 111708393), (111708964, 111709048), (111711674, 111711725), (111712483, 111712530), (111713224, 111713297), (111717845, 111717927), (111718111, 111718274), (111720094, 111720170), (111723797, 111723898), (111724933, 111725061), (111726808, 111727055), (111727331, 111727445), (111727613, 111727770), (111728184, 111728305), (111730394, 111730427), (111730524, 111730580), (111735050, 111735122), (111736713, 111736879), (111752789, 111752830), (111757587, 111757762), (111759733, 111760649)], [(111681169, 111681424), (111682131, 111682294), (111684964, 111685103), (111708026, 111708393), (111708964, 111709048), (111711674, 111711725), (111712483, 111712530), (111713224, 111713297), (111717845, 111717927), (111718111, 111718274), (111720094, 111720170), (111721602, 111721711), (111722792, 111722857), (111723797, 111723898), (111724933, 111725061), (111726808, 111727055), (111727331, 111727445), (111727613, 111727770), (111728184, 111728305), (111730394, 111730427), (111730524, 111730580), (111735050, 111735122), (111736713, 111736879), (111752789, 111752830), (111757587, 111757762), (111759733, 111760649)], [(111681169, 111681424), (111682131, 111682294), (111684964, 111685103), (111708026, 111708393), (111708964, 111709048), (111711674, 111711725), (111712483, 111712530), (111713224, 111713297), (111717845, 111717927), (111718111, 111718274), (111720094, 111720170), (111721602, 111721711), (111722792, 111722857), (111723797, 111723898), (111724933, 111725061), (111726808, 111727055), (111727331, 111727445), (111727613, 111727770), (111728184, 111728305), (111730394, 111730427), (111730524, 111730580), (111734367, 111734439), (111735050, 111735122), (111736713, 111736879), (111744667, 111744904), (111752789, 111752830), (111757587, 111757762), (111759733, 111760649)], [(111681169, 111681299), (111682235, 111682294), (111684964, 111685103), (111686136, 111686174), (111687886, 111690172)], [(111681169, 111681424), (111682235, 111682294), (111684964, 111685103), (111686136, 111686174), (111687886, 111690172)], [(111681169, 111681299), (111682131, 111682294), (111684964, 111685103), (111708026, 111708393), (111708964, 111709048), (111713224, 111713297), (111716952, 111717004), (111717845, 111717927), (111718111, 111718274), (111720094, 111720170), (111724933, 111725061), (111726808, 111727055), (111727331, 111727445), (111727613, 111727770), (111728184, 111728305), (111730394, 111730427), (111730524, 111730580), (111735050, 111735122), (111736713, 111736879), (111752789, 111752830), (111757587, 111757762), (111759733, 111760649)], [(111681656, 111681826), (111682235, 111682294), (111684964, 111685103), (111687886, 111690172)], [(111681656, 111681826), (111682131, 111682294), (111684964, 111685103), (111687886, 111690172)], [(111681656, 111681826), (111682235, 111682294), (111684964, 111685103), (111708026, 111708393), (111708964, 111709048), (111711674, 111711725), (111712483, 111712530), (111713224, 111713297), (111717845, 111717927), (111718111, 111718274), (111720094, 111720170), (111721602, 111721711), (111722792, 111722857), (111723797, 111723898), (111724933, 111725061), (111726808, 111727055), (111727331, 111727445), (111727613, 111727770), (111728184, 111728305), (111730394, 111730427), (111730524, 111730580), (111735050, 111735122), (111736713, 111736879), (111744667, 111744904), (111752789, 111752830), (111757587, 111757762), (111759733, 111760649)], [(111681656, 111681826), (111682235, 111682294), (111684964, 111685103), (111708026, 111708393), (111708964, 111709048), (111711674, 111711725), (111712483, 111712530), (111713224, 111713297), (111717845, 111717927), (111718111, 111718274), (111720094, 111720170), (111721602, 111721711), (111722792, 111722857), (111723797, 111723898), (111724933, 111725061), (111726808, 111727055), (111727331, 111727445), (111727613, 111727770), (111728184, 111728305), (111730394, 111730427), (111730524, 111730580), (111734367, 111734439), (111735050, 111735122), (111736713, 111736879), (111744667, 111744904), (111752789, 111752830), (111757587, 111757762), (111759733, 111760649)], [(111681656, 111681826), (111682131, 111682294), (111684964, 111685103), (111708026, 111708393), (111708964, 111709048), (111711674, 111711725), (111712483, 111712530), (111713224, 111713297), (111717845, 111717927), (111718111, 111718274), (111720094, 111720170), (111721602, 111721711), (111722792, 111722857), (111723797, 111723898), (111724933, 111725061), (111726808, 111727055), (111727331, 111727445), (111727613, 111727770), (111728184, 111728305), (111730394, 111730427), (111730524, 111730580), (111734367, 111734439), (111735050, 111735122), (111736713, 111736879), (111744667, 111744904), (111752789, 111752830), (111757587, 111757762), (111759733, 111760649)], [(111685029, 111685103), (111689086, 111689197), (111708026, 111708393), (111708964, 111709048), (111711674, 111711725), (111712483, 111712530), (111713224, 111713297), (111717845, 111717927), (111718111, 111718274), (111720094, 111720170), (111721602, 111721711), (111722792, 111722857), (111723797, 111723898), (111724933, 111725061), (111726808, 111727055), (111727331, 111727445), (111727613, 111727770), (111728184, 111728305), (111730394, 111730427), (111730524, 111730580), (111734367, 111734439), (111735050, 111735122), (111736713, 111736879), (111744667, 111744904), (111752789, 111752830), (111757587, 111757762), (111759733, 111760649)], [(111685030, 111685103), (111689086, 111689197), (111717845, 111717927), (111718111, 111718274), (111720094, 111720170), (111721602, 111721711), (111722792, 111722857), (111723797, 111723898), (111724933, 111725061), (111726808, 111727055), (111727331, 111727445), (111727613, 111727770), (111728184, 111728305), (111730394, 111730427), (111730524, 111730580), (111734367, 111734439), (111735050, 111735122), (111736713, 111736879), (111744667, 111744904), (111752789, 111752830), (111757587, 111757762), (111759733, 111760649)], [(111685030, 111685103), (111689086, 111689197), (111708964, 111709048), (111711674, 111711725), (111712483, 111712530), (111713224, 111713297), (111717845, 111717927), (111718111, 111718274), (111720094, 111720170), (111721602, 111721711), (111722792, 111722857), (111723797, 111723898), (111724933, 111725061), (111726808, 111727055), (111727331, 111727445), (111727613, 111727770), (111728184, 111728305), (111730394, 111730427), (111730524, 111730580), (111734367, 111734439), (111735050, 111735122), (111736713, 111736879), (111744667, 111744904), (111752789, 111752830), (111757587, 111757762), (111759733, 111760649)], [(111685032, 111685103), (111689086, 111689197), (111711674, 111711725), (111712483, 111712530), (111713224, 111713297), (111717845, 111717927), (111718111, 111718274), (111720094, 111720170), (111721602, 111721711), (111722792, 111722857), (111723797, 111723898), (111724933, 111725061), (111726808, 111727055), (111727331, 111727445), (111727613, 111727770), (111728184, 111728305), (111730394, 111730427), (111730524, 111730580), (111735050, 111735122), (111736713, 111736879), (111744667, 111744904), (111752789, 111752830), (111757587, 111757762), (111759733, 111760649)], [(111713230, 111713297), (111716952, 111717004), (111717845, 111717927), (111718111, 111718274), (111720094, 111720170), (111721602, 111721711), (111722792, 111722857), (111723797, 111723898), (111724933, 111725061), (111726808, 111727055), (111727331, 111727445), (111727613, 111727770), (111728184, 111728305), (111730394, 111730427), (111730524, 111730580), (111735050, 111735122), (111736713, 111736879), (111744667, 111744904), (111752789, 111752830), (111757587, 111757762), (111759733, 111760649)], [(111716952, 111717004), (111717845, 111717927), (111718111, 111718274), (111720094, 111720170), (111721602, 111721711), (111722792, 111722857), (111723797, 111723898), (111724933, 111725061), (111726808, 111727055), (111727331, 111727445), (111727613, 111727770), (111728184, 111728305), (111730394, 111730427), (111730524, 111730580), (111734367, 111734439), (111735050, 111735122), (111736713, 111736879), (111744667, 111744904), (111752789, 111752830), (111757587, 111757762), (111759733, 111760649)], [(111720094, 111720170), (111722792, 111722857), (111723797, 111723898), (111724933, 111725061), (111726808, 111727055), (111727331, 111727445), (111727613, 111727770), (111728184, 111728305), (111730394, 111730427), (111730524, 111730580), (111734367, 111734439), (111735050, 111735122), (111736713, 111736879), (111744667, 111744904), (111752789, 111752830), (111757587, 111757762), (111759733, 111760649)], [(111720094, 111720170), (111721602, 111721711), (111723797, 111723898), (111724933, 111725061), (111726808, 111727055), (111727331, 111727445), (111727613, 111727770), (111728184, 111728305), (111730394, 111730427), (111730524, 111730580), (111734367, 111734439), (111735050, 111735122), (111736713, 111736879), (111744667, 111744904), (111752789, 111752830), (111757587, 111757762), (111759733, 111760649)])	38523	regulatory_region	upstream	6.114642619813874	4.94333
X:111799172:C:CAAATGCAGT	X	111799172	TRPC5OS	111876050	111903990	([(111876050, 111876189), (111895950, 111896096), (111896406, 111896495), (111901539, 111903990)], [(111876180, 111876273), (111895950, 111896096), (111896406, 111896495), (111901539, 111903990)], [(111881896, 111882016), (111895950, 111896096), (111896406, 111896495), (111901539, 111903990)])	76878	distal	downstream	6.114642619813874	4.94333
X:111799172:C:CAAATGCAGT	X	111799172	SERTM2	111511644	111522399	([(111511644, 111511834), (111511997, 111512094), (111518074, 111522399)],)	276773	distal	upstream	6.114642619813874	4.94333
X:111799172:C:CAAATGCAGT	X	111799172	RTL4	112083012	112457514	([(112083012, 112083117), (112130982, 112131101), (112454499, 112457514)], [(112083015, 112083117), (112130982, 112131101), (112306360, 112306520), (112431113, 112431168), (112454499, 112457514)])	283840	distal	downstream	6.114642619813874	4.94333
X:111799172:C:CAAATGCAGT	X	111799172	DCX	111293778	111412192	([(111293778, 111301743), (111312641, 111312736), (111330918, 111331041), (111333050, 111333153), (111400989, 111401330), (111410034, 111410420), (111410753, 111411146)], [(111293778, 111301743), (111312638, 111312736), (111330903, 111331041), (111333050, 111333153), (111400989, 111401330), (111410034, 111410420), (111411969, 111412097)], [(111293778, 111301743), (111312641, 111312736), (111330903, 111331041), (111333050, 111333153), (111400989, 111401330), (111410034, 111410420), (111411969, 111412097)], [(111293778, 111301743), (111330918, 111331041), (111333050, 111333153), (111400989, 111401330), (111410034, 111410420), (111411969, 111412097)], [(111293778, 111301743), (111312641, 111312736), (111330918, 111331041), (111333050, 111333153), (111400989, 111401330), (111410034, 111410420), (111411969, 111412192)], [(111293778, 111301743), (111312638, 111312736), (111330903, 111331041), (111333050, 111333153), (111400989, 111401330), (111410034, 111410420), (111412137, 111412192)], [(111293778, 111301743), (111312641, 111312736), (111330903, 111331041), (111333050, 111333153), (111400989, 111401330), (111410034, 111410420), (111412137, 111412192)], [(111293778, 111301743), (111330903, 111331041), (111333050, 111333153), (111400989, 111401330), (111410034, 111410420), (111412137, 111412192)], [(111293778, 111301743), (111312638, 111312736), (111330918, 111331041), (111333050, 111333153), (111400989, 111401330), (111410034, 111410420), (111412137, 111412192)], [(111293778, 111301743), (111312641, 111312736), (111330918, 111331041), (111333050, 111333153), (111400989, 111401330), (111410034, 111410420), (111412137, 111412192)], [(111293778, 111301743), (111330918, 111331041), (111333050, 111333153), (111400989, 111401330), (111410034, 111410420), (111412137, 111412192)])	386980	distal	upstream	6.114642619813874	4.94333
X:85696623:A:G	X	85696623	MIR1321	85835779	85835858	([(85835779, 85835858)],)	139156	distal	downstream	6.075438604271112	4.92571
X:85696623:A:G	X	85696623	CHM	85861179	86047558	([(85861179, 85864821), (85873051, 85873212), (85878964, 85879063), (85894187, 85894284), (85900645, 85900709), (85901083, 85901188), (85911260, 85911338), (85956152, 85956378), (85957854, 85957975), (85958860, 85958977), (85963664, 85964048), (85978766, 85978891), (85981736, 85981809), (86027490, 86027557), (86047246, 86047306)], [(85861179, 85864821), (85873051, 85873212), (85878964, 85879063), (85894187, 85894284), (85900645, 85900709), (85901083, 85901188), (85911260, 85911338), (85956152, 85956378), (85957854, 85957975), (85958860, 85958977), (85963664, 85964052), (85978766, 85978891), (85981736, 85981809), (86027490, 86027557), (86047246, 86047325)], [(85861179, 85864821), (85873051, 85873212), (85878964, 85879063), (85894187, 85894284), (85900645, 85900709), (85901083, 85901188), (85911260, 85911338), (85956152, 85956378), (85957854, 85957975), (85958860, 85958977), (85963664, 85964052), (85978766, 85978891), (85981736, 85981809), (86027490, 86027557), (86032790, 86032874), (86047110, 86047328)], [(85861179, 85864821), (85873051, 85873212), (85878964, 85879063), (85894187, 85894284), (85900645, 85900709), (85901083, 85901188), (85911260, 85911338), (85956152, 85956378), (85957854, 85957975), (85958860, 85958977), (85963664, 85964052), (85978766, 85978891), (85981736, 85981809), (86027490, 86027557), (86047110, 86047328)], [(85861179, 85864821), (85873051, 85873212), (85878964, 85879063), (85894187, 85894284), (85900645, 85900709), (85901083, 85901188), (85911260, 85911338), (85956152, 85956378), (85957854, 85957975), (85958860, 85958977), (85963664, 85964048), (85978766, 85978891), (85981736, 85981809), (86027490, 86027557), (86047110, 86047328)], [(85861179, 85864821), (85873051, 85873212), (85878964, 85879063), (85894187, 85894284), (85900645, 85900709), (85901083, 85901188), (85911260, 85911338), (85956152, 85956378), (85957854, 85957975), (85958860, 85958977), (85963664, 85964052), (85978766, 85978891), (85981736, 85981809), (86027490, 86027557), (86032790, 86032874), (86047483, 86047558)], [(85861179, 85864821), (85873051, 85873212), (85878964, 85879063), (85894187, 85894284), (85900645, 85900709), (85901083, 85901188), (85911260, 85911338), (85956152, 85956378), (85957854, 85957975), (85958860, 85958977), (85963664, 85964052), (85978766, 85978891), (85981736, 85981809), (86027490, 86027557), (86047483, 86047558)], [(85869961, 85872516), (85873051, 85873212), (85878964, 85879063), (85894187, 85894284), (85900645, 85900709), (85901083, 85901188), (85911260, 85911338), (85956152, 85956378), (85957854, 85957975), (85958860, 85958977), (85963664, 85964052), (85978766, 85978891), (85981736, 85981809), (86027490, 86027557), (86047483, 86047558)], [(85969093, 85971586), (85978766, 85978891), (85981736, 85981809), (86027490, 86027557), (86047483, 86047558)])	164556	distal	downstream	6.075438604271112	4.92571
X:85696623:A:G	X	85696623	MIR361	85903635	85903707	([(85903635, 85903707)],)	207012	distal	downstream	6.075438604271112	4.92571
X:85696623:A:G	X	85696623	POF1B	85277395	85379665	([(85277395, 85279426), (85282202, 85282317), (85303405, 85303488), (85304342, 85304471), (85305790, 85305910), (85306180, 85306333), (85307162, 85307276), (85308123, 85308216), (85314431, 85314506), (85315706, 85315734), (85330948, 85331079), (85345859, 85346042), (85351349, 85351451), (85359549, 85359630), (85367691, 85367766), (85379172, 85379495), (85379638, 85379665)], [(85277395, 85279426), (85282202, 85282317), (85303405, 85303488), (85304342, 85304471), (85305790, 85305910), (85306180, 85306333), (85307162, 85307276), (85308123, 85308216), (85314431, 85314506), (85315706, 85315734), (85330948, 85331079), (85345859, 85345997), (85351349, 85351451), (85359549, 85359630), (85367691, 85367766), (85379172, 85379495), (85379638, 85379665)], [(85282114, 85282317), (85303405, 85303488), (85304342, 85304471), (85305790, 85305910), (85306180, 85306333), (85307162, 85307276), (85308123, 85308216), (85314431, 85314506), (85315706, 85315734), (85330948, 85331079), (85345859, 85346042), (85351349, 85351451), (85359549, 85359630), (85367691, 85367766), (85379172, 85379495), (85379638, 85379665)])	316958	distal	upstream	6.075438604271112	4.92571
X:85696623:A:G	X	85696623	ZNF711	85243990	85273357	([(85243990, 85244191), (85247546, 85247651), (85255258, 85255801), (85264274, 85264430), (85265117, 85265255), (85268293, 85268341), (85270002, 85270146), (85270650, 85273357)], [(85243990, 85244191), (85247546, 85247651), (85255258, 85255801), (85264274, 85264430), (85265117, 85265255), (85267277, 85267415), (85268293, 85268341), (85270002, 85270146), (85270650, 85273357)], [(85243990, 85244191), (85247546, 85247651), (85255246, 85255801), (85264274, 85264430), (85265117, 85265255), (85267277, 85267415), (85268293, 85268341), (85270002, 85270146), (85270650, 85273357)], [(85243990, 85244191), (85245902, 85246022), (85247546, 85247651), (85255258, 85255801), (85264274, 85264430), (85265117, 85265255), (85268293, 85268341), (85270002, 85270146), (85270650, 85273357)], [(85243990, 85244191), (85245902, 85246022), (85247546, 85247651), (85255258, 85255801), (85264274, 85264430), (85265117, 85265255), (85267277, 85267415), (85268293, 85268341), (85270002, 85270146), (85270650, 85273357)], [(85243990, 85244191), (85245902, 85246022), (85247546, 85247651), (85255246, 85255801), (85264274, 85264430), (85265117, 85265255), (85267277, 85267415), (85268293, 85268341), (85270002, 85270146), (85270650, 85273357)], [(85243990, 85244191), (85245902, 85246022), (85246929, 85247072), (85247546, 85247651), (85255258, 85255801), (85264274, 85264430), (85265117, 85265255), (85268293, 85268341), (85270002, 85270146), (85270650, 85273357)], [(85243990, 85244191), (85245902, 85246022), (85246929, 85247072), (85247546, 85247651), (85255258, 85255801), (85264274, 85264430), (85265117, 85265255), (85267277, 85267415), (85268293, 85268341), (85270002, 85270146), (85270650, 85273357)], [(85243990, 85244191), (85245902, 85246022), (85246929, 85247072), (85247546, 85247651), (85255246, 85255801), (85264274, 85264430), (85265117, 85265255), (85267277, 85267415), (85268293, 85268341), (85270002, 85270146), (85270650, 85273357)], [(85243990, 85244191), (85245902, 85246022), (85246929, 85247183), (85247546, 85247651), (85255258, 85255801), (85264274, 85264430), (85265117, 85265255), (85268293, 85268341), (85270002, 85270146), (85270650, 85273357)], [(85243990, 85244191), (85245902, 85246022), (85246929, 85247183), (85247546, 85247651), (85255258, 85255801), (85264274, 85264430), (85265117, 85265255), (85267277, 85267415), (85268293, 85268341), (85270002, 85270146), (85270650, 85273357)], [(85243990, 85244191), (85245902, 85246022), (85246929, 85247183), (85247546, 85247651), (85255246, 85255801), (85264274, 85264430), (85265117, 85265255), (85267277, 85267415), (85268293, 85268341), (85270002, 85270146), (85270650, 85273357)], [(85243990, 85244191), (85245902, 85246022), (85246929, 85247188), (85247546, 85247651), (85255258, 85255801), (85264274, 85264430), (85265117, 85265255), (85268293, 85268341), (85270002, 85270146), (85270650, 85273357)], [(85243990, 85244191), (85245902, 85246022), (85246929, 85247188), (85247546, 85247651), (85255258, 85255801), (85264274, 85264430), (85265117, 85265255), (85267277, 85267415), (85268293, 85268341), (85270002, 85270146), (85270650, 85273357)], [(85243990, 85244191), (85245902, 85246022), (85246929, 85247188), (85247546, 85247651), (85255246, 85255801), (85264274, 85264430), (85265117, 85265255), (85267277, 85267415), (85268293, 85268341), (85270002, 85270146), (85270650, 85273357)], [(85243990, 85244191), (85245902, 85246022), (85246929, 85247651), (85255258, 85255801), (85264274, 85264430), (85265117, 85265255), (85268293, 85268341), (85270002, 85270146), (85270650, 85273357)], [(85243990, 85244191), (85245902, 85246022), (85246929, 85247651), (85255258, 85255801), (85264274, 85264430), (85265117, 85265255), (85267277, 85267415), (85268293, 85268341), (85270002, 85270146), (85270650, 85273357)], [(85243990, 85244191), (85245902, 85246022), (85246929, 85247651), (85255246, 85255801), (85264274, 85264430), (85265117, 85265255), (85268293, 85268341), (85270002, 85270146), (85270650, 85273357)], [(85243990, 85244191), (85245902, 85246022), (85246929, 85247651), (85255246, 85255801), (85264274, 85264430), (85265117, 85265255), (85267277, 85267415), (85268293, 85268341), (85270002, 85270146), (85270650, 85273357)], [(85243990, 85244191), (85245902, 85247183), (85247546, 85247651), (85255258, 85255801), (85264274, 85264430), (85265117, 85265255), (85268293, 85268341), (85270002, 85270146), (85270650, 85273357)], [(85243990, 85244191), (85245902, 85247183), (85247546, 85247651), (85255258, 85255801), (85264274, 85264430), (85265117, 85265255), (85267277, 85267415), (85268293, 85268341), (85270002, 85270146), (85270650, 85273357)], [(85243990, 85244191), (85245902, 85247188), (85247546, 85247651), (85255258, 85255801), (85264274, 85264430), (85265117, 85265255), (85268293, 85268341), (85270002, 85270146), (85270650, 85273357)], [(85244769, 85244887), (85245902, 85246022), (85246929, 85247651), (85255258, 85255801), (85264274, 85264430), (85265117, 85265255), (85267277, 85267415), (85268293, 85268341), (85270002, 85270146), (85270650, 85273357)], [(85244785, 85244887), (85245902, 85246022), (85246929, 85247183), (85247546, 85247651), (85255258, 85255801), (85264274, 85264430), (85265117, 85265255), (85268293, 85268341), (85270002, 85270146), (85270650, 85273357)], [(85244824, 85244887), (85245902, 85246022), (85247546, 85247651), (85255258, 85255801), (85264274, 85264430), (85265117, 85265255), (85268293, 85268341), (85270002, 85270146), (85270650, 85273357)], [(85246028, 85247188), (85247546, 85247651), (85255258, 85255801), (85264274, 85264430), (85265117, 85265255), (85267277, 85267415), (85268293, 85268341), (85270002, 85270146), (85270650, 85273357)])	423266	distal	upstream	6.075438604271112	4.92571
X:85696623:A:G	X	85696623	DACH2	86148450	86832602	([(86148450, 86149108), (86376823, 86376862), (86514278, 86514391), (86651035, 86651167), (86695020, 86695179), (86714547, 86714720), (86739746, 86739882), (86812855, 86813004), (86813129, 86813277), (86814687, 86814834), (86816033, 86816099), (86827765, 86827812)], [(86148450, 86149108), (86376823, 86376862), (86514278, 86514391), (86651035, 86651167), (86695020, 86695179), (86714547, 86714720), (86739746, 86739882), (86812855, 86813034), (86813129, 86813277), (86814687, 86814834), (86816033, 86816099), (86827765, 86827812)], [(86148450, 86149108), (86514278, 86514391), (86651035, 86651167), (86695020, 86695179), (86714547, 86714720), (86739746, 86739882), (86812855, 86813004), (86813129, 86813277), (86814687, 86814834), (86816033, 86816099), (86832105, 86832602)], [(86148450, 86149108), (86514278, 86514391), (86651035, 86651167), (86695020, 86695179), (86714547, 86714720), (86739746, 86739882), (86812855, 86813004), (86813129, 86813277), (86814687, 86814834), (86816033, 86816099), (86827765, 86827812), (86832105, 86832602)], [(86148450, 86149108), (86514278, 86514391), (86651035, 86651167), (86695020, 86695179), (86714547, 86714720), (86739746, 86739882), (86812855, 86813034), (86813129, 86813277), (86814687, 86814834), (86816033, 86816099), (86832105, 86832602)], [(86148450, 86149108), (86376823, 86376862), (86514278, 86514391), (86651035, 86651167), (86695020, 86695179), (86714547, 86714720), (86739746, 86739882), (86812855, 86813004), (86813129, 86813277), (86814687, 86814834), (86816033, 86816099), (86832105, 86832602)], [(86148450, 86149108), (86376823, 86376862), (86514278, 86514391), (86651035, 86651167), (86695020, 86695179), (86714547, 86714720), (86739746, 86739882), (86812855, 86813034), (86813129, 86813277), (86814687, 86814834), (86816033, 86816099), (86832105, 86832602)])	451827	distal	downstream	6.075438604271112	4.92571
X:85696623:A:G	X	85696623	SATL1	85092283	85243779	([(85092283, 85092504), (85093184, 85093225), (85094127, 85094229), (85094915, 85094996), (85103863, 85103915), (85107327, 85109280), (85116107, 85116214), (85117490, 85117548), (85118337, 85118455), (85142840, 85143018), (85224204, 85224326), (85243587, 85243779)], [(85092283, 85092561), (85093184, 85093225), (85094127, 85094229), (85094915, 85094996), (85103863, 85103915), (85107327, 85109280), (85224204, 85224326), (85243587, 85243779)])	452844	distal	upstream	6.075438604271112	4.92571
X:85696623:A:G	X	85696623	LOC101928128	85210705	85219289	([(85210705, 85210911), (85212010, 85212093), (85212681, 85212878), (85219049, 85219289)],)	477334	distal	upstream	6.075438604271112	4.92571
X:73256346:C:A	X	73256346	NAP1L2	73212298	73214851	([(73212298, 73214851)],)	41495	regulatory_region	upstream	6.035103059735628	4.90752
X:73256346:C:A	X	73256346	NAP1L6P	73126036	73128080	([(73126036, 73128080)],)	128266	distal	upstream	6.035103059735628	4.90752
X:73256346:C:A	X	73256346	LOC101928380	73080335	73084635	([(73080335, 73080618), (73080699, 73081812), (73084172, 73084635)], [(73080335, 73080836), (73081697, 73081812), (73084172, 73084635)], [(73080335, 73081812), (73084172, 73084635)])	171711	distal	upstream	6.035103059735628	4.90752
X:73256346:C:A	X	73256346	PABPC1L2A	73077275	73079512	([(73077275, 73079512)],)	176834	distal	upstream	6.035103059735628	4.90752
X:73256346:C:A	X	73256346	CDX4	73447052	73455171	([(73447052, 73447755), (73453516, 73453662), (73454378, 73455171)],)	190706	distal	downstream	6.035103059735628	4.90752
X:73256346:C:A	X	73256346	PABPC1L2B	73002938	73006106	([(73002938, 73006106)],)	250240	distal	upstream	6.035103059735628	4.90752
X:73256346:C:A	X	73256346	PABPC1L2B-AS1	72998387	73002856	([(72998387, 72998850), (73001210, 73001325), (73002186, 73002323), (73002404, 73002856)],)	253490	distal	upstream	6.035103059735628	4.90752
X:73256346:C:A	X	73256346	MAP2K4P1	73524274	73563085	([(73524274, 73526687), (73562959, 73563085)],)	267928	distal	downstream	6.035103059735628	4.90752
X:73256346:C:A	X	73256346	CHIC1	73563147	73687111	([(73563147, 73563580), (73577406, 73577461), (73578703, 73581721)], [(73563147, 73563580), (73577406, 73577461), (73584416, 73584572), (73586632, 73594326)], [(73563147, 73563580), (73577406, 73577461), (73584416, 73584572), (73679325, 73679382), (73680954, 73687109)], [(73563147, 73563580), (73577406, 73577461), (73578703, 73578785), (73582379, 73582411), (73584416, 73584503)], [(73563196, 73563580), (73577406, 73577461), (73584416, 73584572), (73679325, 73679382), (73679653, 73679713), (73680954, 73687111)], [(73577406, 73577461), (73578703, 73578785), (73582379, 73582411), (73584416, 73584572), (73679325, 73679382), (73679653, 73679713), (73680954, 73687111)])	306801	distal	downstream	6.035103059735628	4.90752
X:73256346:C:A	X	73256346	DMRTC1	72872024	72943837	([(72872024, 72872564), (72873549, 72873697), (72873881, 72873942), (72874824, 72874958), (72875272, 72875331), (72875630, 72875788), (72943574, 72943837)], [(72872024, 72872564), (72873549, 72873697), (72873881, 72873942), (72874824, 72874958), (72875272, 72875331), (72875696, 72875788), (72943574, 72943837)], [(72872024, 72872564), (72873549, 72873697), (72873881, 72873942), (72874824, 72874958), (72875272, 72875331), (72943574, 72943837)], [(72872024, 72872564), (72873549, 72873697), (72874824, 72874958), (72875272, 72875331), (72875630, 72875788), (72943574, 72943837)])	312509	distal	upstream	6.035103059735628	4.90752
X:73256346:C:A	X	73256346	FAM226A	72941727	72943750	([(72941727, 72943750)],)	312596	distal	upstream	6.035103059735628	4.90752
X:73256346:C:A	X	73256346	FAM236A	72938205	72938958	([(72938205, 72938298), (72938487, 72938651), (72938805, 72938958)], [(72938205, 72938298), (72938475, 72938651), (72938805, 72938958)])	317388	distal	upstream	6.035103059735628	4.90752
X:73256346:C:A	X	73256346	FAM236C	72912614	72913401	([(72912614, 72912750), (72912931, 72913095), (72913250, 72913401)], [(72912614, 72912750), (72912919, 72913095), (72913250, 72913401)])	342945	distal	upstream	6.035103059735628	4.90752
X:73256346:C:A	X	73256346	DMRTC1B	72776889	72848803	([(72776889, 72777248), (72845041, 72845199), (72845498, 72845557), (72845871, 72846005), (72846884, 72846945), (72847129, 72847277), (72848262, 72848803)], [(72776889, 72777248), (72845041, 72845199), (72845498, 72845557), (72845871, 72846005), (72847129, 72847277), (72848262, 72848803)], [(72776889, 72777248), (72790680, 72790868), (72791033, 72791162), (72845041, 72845199), (72845498, 72845557), (72845871, 72846005), (72847129, 72847277), (72848262, 72848803)], [(72789397, 72791162), (72845041, 72845199), (72845498, 72845557), (72845871, 72846005), (72846884, 72846945), (72847129, 72847277), (72848262, 72848803)], [(72842785, 72842844), (72845041, 72845199), (72845498, 72845557), (72845871, 72846005), (72846884, 72846945), (72847129, 72847277), (72848262, 72848803)], [(72842866, 72843108), (72845041, 72845199), (72845498, 72845557), (72847129, 72847277), (72848262, 72848803)], [(72843241, 72843350), (72845041, 72845199), (72845498, 72845557), (72845871, 72846005), (72846884, 72846945), (72847129, 72847277), (72848262, 72848803)])	407543	distal	upstream	6.035103059735628	4.90752
X:73256346:C:A	X	73256346	FAM236D	72807424	72808210	([(72807424, 72807575), (72807729, 72807905), (72808074, 72808210)], [(72807424, 72807575), (72807729, 72807893), (72808074, 72808210)])	448136	distal	upstream	6.035103059735628	4.90752
X:73256346:C:A	X	73256346	FAM236B	72781864	72782660	([(72781864, 72782017), (72782171, 72782347), (72782524, 72782660)], [(72781864, 72782017), (72782171, 72782335), (72782524, 72782660)])	473686	distal	upstream	6.035103059735628	4.90752
X:73256346:C:A	X	73256346	FAM226B	72777072	72779095	([(72777072, 72779095)],)	477251	distal	upstream	6.035103059735628	4.90752
X:87165918:G:A	X	87165918	DACH2	86148450	86832602	([(86148450, 86149108), (86376823, 86376862), (86514278, 86514391), (86651035, 86651167), (86695020, 86695179), (86714547, 86714720), (86739746, 86739882), (86812855, 86813004), (86813129, 86813277), (86814687, 86814834), (86816033, 86816099), (86827765, 86827812)], [(86148450, 86149108), (86376823, 86376862), (86514278, 86514391), (86651035, 86651167), (86695020, 86695179), (86714547, 86714720), (86739746, 86739882), (86812855, 86813034), (86813129, 86813277), (86814687, 86814834), (86816033, 86816099), (86827765, 86827812)], [(86148450, 86149108), (86514278, 86514391), (86651035, 86651167), (86695020, 86695179), (86714547, 86714720), (86739746, 86739882), (86812855, 86813004), (86813129, 86813277), (86814687, 86814834), (86816033, 86816099), (86832105, 86832602)], [(86148450, 86149108), (86514278, 86514391), (86651035, 86651167), (86695020, 86695179), (86714547, 86714720), (86739746, 86739882), (86812855, 86813004), (86813129, 86813277), (86814687, 86814834), (86816033, 86816099), (86827765, 86827812), (86832105, 86832602)], [(86148450, 86149108), (86514278, 86514391), (86651035, 86651167), (86695020, 86695179), (86714547, 86714720), (86739746, 86739882), (86812855, 86813034), (86813129, 86813277), (86814687, 86814834), (86816033, 86816099), (86832105, 86832602)], [(86148450, 86149108), (86376823, 86376862), (86514278, 86514391), (86651035, 86651167), (86695020, 86695179), (86714547, 86714720), (86739746, 86739882), (86812855, 86813004), (86813129, 86813277), (86814687, 86814834), (86816033, 86816099), (86832105, 86832602)], [(86148450, 86149108), (86376823, 86376862), (86514278, 86514391), (86651035, 86651167), (86695020, 86695179), (86714547, 86714720), (86739746, 86739882), (86812855, 86813034), (86813129, 86813277), (86814687, 86814834), (86816033, 86816099), (86832105, 86832602)], [(86262967, 86263011), (86376823, 86376862), (86514278, 86514391), (86651035, 86651167), (86695020, 86695179), (86714547, 86714720), (86739746, 86739882), (86812855, 86813004), (86813129, 86813277), (86814687, 86814834), (86816033, 86816099), (86832105, 86832602)])	333316	distal	upstream	6.033752817347221	4.90691
X:87165918:G:A	X	87165918	KLHL4	87517801	87670050	([(87517801, 87518315), (87613876, 87614044), (87614433, 87614570), (87617931, 87618128), (87622210, 87622423), (87625609, 87625796), (87632209, 87632434), (87633748, 87633911), (87635562, 87635775), (87664763, 87664935), (87669328, 87670050)], [(87517801, 87518315), (87613876, 87614044), (87614433, 87614570), (87617931, 87618128), (87622210, 87622423), (87625609, 87625796), (87632209, 87632434), (87633748, 87633911), (87635562, 87635775), (87664763, 87664935), (87666474, 87670050)], [(87517801, 87518315), (87613876, 87614044), (87614433, 87614570), (87617931, 87618128), (87622210, 87622423), (87625609, 87625796), (87632209, 87632434), (87633748, 87633911), (87635562, 87635775), (87664763, 87664935), (87666474, 87666880), (87669328, 87670050)])	351883	distal	downstream	6.033752817347221	4.90691
X:4277723:T:C	X	4277723	FAM239C	3929371	3937872	([(3929371, 3931782), (3937651, 3937872)],)	339851	distal	upstream	6.018623086430446	4.90007
X:4277723:T:C	X	4277723	LOC101928201	4627199	4633572	([(4627199, 4628189), (4630221, 4630350), (4633507, 4633572)],)	349476	distal	downstream	6.018623086430446	4.90007
X:4277723:T:C	X	4277723	FAM239B	3885274	3920742	([(3885274, 3886915), (3893115, 3893351), (3905347, 3906232), (3920193, 3920742)], [(3889416, 3893351), (3899215, 3899422), (3901927, 3902071), (3903440, 3903569), (3905347, 3906232), (3920193, 3920742)])	356981	distal	upstream	6.018623086430446	4.90007
X:4277723:T:C	X	4277723	FAM239A	3850991	3882351	([(3850991, 3853789), (3854691, 3854927), (3860789, 3860996), (3863501, 3863645), (3865013, 3865142), (3866921, 3867806), (3881764, 3882351)], [(3850991, 3853789), (3854691, 3854927), (3866949, 3867806), (3881764, 3882351)])	395372	distal	upstream	6.018623086430446	4.90007
X:4277723:T:C	X	4277723	LOC389906	3817534	3843894	([(3817534, 3817778), (3818441, 3818500), (3818656, 3818703), (3828505, 3829392), (3843340, 3843894)],)	433829	distal	upstream	6.018623086430446	4.90007
X:4277723:T:C	X	4277723	LOC124900487	3820671	3826671	([(3820671, 3822285), (3822373, 3822580), (3825087, 3826476)], [(3820671, 3822580), (3825087, 3826671)])	451052	distal	upstream	6.018623086430446	4.90007
X:4279159:G:T	X	4279159	FAM239C	3929371	3937872	([(3929371, 3931782), (3937651, 3937872)],)	341287	distal	upstream	6.004440234789309	4.89365
X:4279159:G:T	X	4279159	LOC101928201	4627199	4633572	([(4627199, 4628189), (4630221, 4630350), (4633507, 4633572)],)	348040	distal	downstream	6.004440234789309	4.89365
X:4279159:G:T	X	4279159	FAM239B	3885274	3920742	([(3885274, 3886915), (3893115, 3893351), (3905347, 3906232), (3920193, 3920742)], [(3889416, 3893351), (3899215, 3899422), (3901927, 3902071), (3903440, 3903569), (3905347, 3906232), (3920193, 3920742)])	358417	distal	upstream	6.004440234789309	4.89365
X:4279159:G:T	X	4279159	FAM239A	3850991	3882351	([(3850991, 3853789), (3854691, 3854927), (3860789, 3860996), (3863501, 3863645), (3865013, 3865142), (3866921, 3867806), (3881764, 3882351)], [(3850991, 3853789), (3854691, 3854927), (3866949, 3867806), (3881764, 3882351)])	396808	distal	upstream	6.004440234789309	4.89365
X:4279159:G:T	X	4279159	LOC389906	3817534	3843894	([(3817534, 3817778), (3818441, 3818500), (3818656, 3818703), (3828505, 3829392), (3843340, 3843894)],)	435265	distal	upstream	6.004440234789309	4.89365
X:4279159:G:T	X	4279159	LOC124900487	3820671	3826671	([(3820671, 3822285), (3822373, 3822580), (3825087, 3826476)], [(3820671, 3822580), (3825087, 3826671)])	452488	distal	upstream	6.004440234789309	4.89365
