Location	iHH_0	iHH_1	iHS	Std iHS	chr	pos	ref	alt	p_value	neg_log10_p
X:122707710:TA:T	31.6725	5.28183e-08	20.2119	5.73914	X	122707710	TA	T	9.515853260000117e-09	8.021552263657005
X:57480530:G:A	12.008	5.08007e-08	19.2809	5.67966	X	57480530	G	A	1.3496274971523079e-08	7.869786082063964
X:57482305:A:G	12.008	5.08296e-08	19.2804	5.67938	X	57482305	A	G	1.351838508650706e-08	7.869075186346215
X:111803779:A:G	15.7478	7.26124e-08	19.1948	5.58546	X	111803779	A	G	2.33082433180752e-08	7.632490456896207
X:57503967:G:T	20.3035	5.23927e-08	19.7753	5.58103	X	57503967	G	T	2.3909839469559234e-08	7.621423339723566
X:4287855:A:AAGG	31.809	7.54799e-08	19.8591	5.55684	X	4287855	A	AAGG	2.747023501511492e-08	7.561137625059563
X:97215365:G:A	27.7063	5.83805e-08	19.9779	5.41624	X	97215365	G	A	6.086539042599293e-08	7.215629587820831
X:102000746:C:A	30.3028	6.33724e-08	19.9855	5.41078	X	102000746	C	A	6.275082416582244e-08	7.202380565809979
X:93062356:A:G	14.3215	5.10886e-08	19.4515	5.40194	X	93062356	A	G	6.5924002674732e-08	7.180956431669331
X:82536867:A:T	14.306	5.55285e-08	19.3671	5.36094	X	82536867	A	T	8.279001444742064e-08	7.082022041619744
X:4291783:A:ATTTTTCTC	19.4972	8.2186e-08	19.2846	5.33615	X	4291783	A	ATTTTTCTC	9.494086928228627e-08	7.022546796182312
X:4290860:C:A	19.5302	8.28732e-08	19.2779	5.33284	X	4290860	C	A	9.66885008411215e-08	7.014625173468239
X:4290557:G:A	19.5467	8.38831e-08	19.2666	5.32722	X	4290557	G	A	9.972734441417973e-08	7.001185745399935
X:82539251:T:C	16.0495	5.03794e-08	19.5794	5.21551	X	82539251	T	C	1.8331216981142522e-07	6.736808701941749
X:82539876:T:C	16.0495	5.13461e-08	19.5604	5.20657	X	82539876	T	C	1.9236314901998423e-07	6.71587812205982
X:82540460:T:TTTTTC	16.0249	5.28772e-08	19.5294	5.19203	X	82540460	T	TTTTTC	2.0801347485503505e-07	6.681908531067827
X:114876422:C:CTTT	49.1925	4.77168e-08	20.7537	5.18368	X	114876422	C	CTTT	2.1755006767269296e-07	6.66244077727647
X:4288244:C:G	19.5302	1.17991e-07	18.9246	5.15655	X	4288244	C	G	2.5154133733196806e-07	6.599390634465068
X:4288425:G:C	19.5137	1.18273e-07	18.9214	5.15494	X	4288425	G	C	2.5371215281313864e-07	6.595658729572602
X:114877424:G:A	54.8161	5.15662e-08	20.7844	5.14375	X	114877424	G	A	2.693078629160808e-07	6.569750966413167
X:114878110:T:G	54.8938	5.22053e-08	20.7735	5.13851	X	114878110	T	G	2.7692545987317537e-07	6.557637114409235
X:114878876:A:AT	54.6611	5.32816e-08	20.7488	5.12665	X	114878876	A	AT	2.949430840193026e-07	6.530261782941072
X:104725265:C:T	34.9797	6.39949e-08	20.1192	5.09419	X	104725265	C	T	3.502353940954324e-07	6.455639967094356
X:107782824:T:TATAC	14.898	1.02999e-07	18.7898	5.08302	X	107782824	T	TATAC	3.7148056902056415e-07	6.43006389788684
X:82609710:C:T	14.1979	1.01189e-07	18.7594	5.06579	X	82609710	C	T	4.067100875415774e-07	6.390715055750533
X:82610156:A:T	14.1979	1.01189e-07	18.7594	5.06579	X	82610156	A	T	4.067100875415774e-07	6.390715055750533
X:97236203:A:C	20.5865	8.45687e-08	19.3103	5.06152	X	97236203	A	C	4.159270983025842e-07	6.380982783746871
X:73256346:C:A	12.9647	1.13968e-07	18.5496	5.05271	X	73256346	C	A	4.355850132953636e-07	6.360927070961929
X:4287418:T:C	30.7058	1.43699e-07	19.18	5.01174	X	4287418	T	C	5.394005354939311e-07	6.268088626733806
X:133498650:G:A	19.4561	1.61088e-07	18.6095	4.99929	X	133498650	G	A	5.754180370062178e-07	6.2400165288734
X:111799172:C:CAAATGCAGT	16.4259	8.20748e-08	19.1145	4.99679	X	111799172	C	CAAATGCAGT	5.829248744265516e-07	6.234387412178066
X:87169959:A:G	31.6039	1.55566e-07	19.1295	4.98671	X	87169959	A	G	6.141614496663013e-07	6.2117174472915755
X:87170400:T:A	31.553	1.56451e-07	19.1222	4.9831	X	87170400	T	A	6.257359102652886e-07	6.203608920645713
X:87170401:A:T	31.6209	1.56955e-07	19.1211	4.98257	X	87170401	A	T	6.274528077827651e-07	6.202418932938981
X:101996831:G:A	17.676	6.21328e-08	19.4662	4.97598	X	101996831	G	A	6.491835042435642e-07	6.187632524130792
X:133499693:C:T	19.4725	1.6898e-07	18.5625	4.97585	X	133499693	C	T	6.496193936816821e-07	6.187341018183116
X:117424856:T:C	29.6746	1.50733e-07	19.098	4.97114	X	117424856	T	C	6.656036266271903e-07	6.176784320401398
X:4277719:T:C	12.5298	9.21683e-08	18.7278	4.96774	X	4277719	T	C	6.773769835813123e-07	6.169169564221432
X:87163344:T:A	20.3386	1.87248e-07	18.5034	4.94634	X	87163344	T	A	7.562182932052814e-07	6.121352821099353
X:44958590:A:C	14.1163	1.28826e-07	18.5121	4.94571	X	44958590	A	C	7.58668328629784e-07	6.119948045616198
X:77016691:G:C	15.5685	2.51448e-07	17.9413	4.94219	X	77016691	G	C	7.72498762215659e-07	6.112102207778001
X:73263533:T:C	12.8362	1.46113e-07	18.2912	4.92696	X	73263533	T	C	8.351884406109597e-07	6.0782155251339764
X:154425057:C:T	12.9291	1.53072e-07	18.2518	4.90783	X	154425057	C	T	9.208962228442838e-07	6.035789308332438
X:44968286:G:C	12.2955	1.08485e-07	18.5459	4.88185	X	44968286	G	C	1.0509518805503e-06	5.9784171683579554
X:4279159:G:T	20.1557	2.17344e-07	18.3453	4.86746	X	4279159	G	T	1.130417019745465e-06	5.94676131230078
X:154408969:C:T	17.3812	1.46815e-07	18.5895	4.8674	X	154408969	C	T	1.1307601555733679e-06	5.946629503082669
X:35401977:C:A	25.1862	1.00074e-07	19.3437	4.86647	X	35401977	C	A	1.1360915945732594e-06	5.94458665329564
X:154408522:C:G	17.3743	1.48688e-07	18.5764	4.86113	X	154408522	C	G	1.1671756983983684e-06	5.9328637634050105
X:70352980:A:T	13.2231	1.16067e-07	18.5511	4.8596	X	70352980	A	T	1.1762315866412688e-06	5.92950716218971
X:87166925:C:T	13.0455	1.75789e-07	18.1224	4.84486	X	87166925	C	T	1.2670098787166601e-06	5.897219998963908
X:117249053:T:C	34.9009	1.08403e-07	19.5899	4.84204	X	117249053	T	C	1.285128850982722e-06	5.891053326445243
X:94857277:A:T	31.6892	3.01328e-07	18.471	4.8394	X	94857277	A	T	1.3023169904084306e-06	5.88528329347182
X:82604708:A:T	15.4693	3.06925e-07	17.7355	4.8366	X	82604708	A	T	1.3207883969090605e-06	5.879166754993977
X:4277723:T:C	12.5298	1.23353e-07	18.4363	4.83011	X	4277723	T	C	1.3645764360817725e-06	5.865002132519704
X:87250806:T:A	17.5004	1.60499e-07	18.5072	4.82796	X	87250806	T	A	1.3793879053422857e-06	5.860313586282508
X:73247317:T:C	12.1769	1.22943e-07	18.4111	4.81819	X	73247317	T	C	1.448663867685443e-06	5.83903237184004
X:6713238:A:G	15.3853	3.16675e-07	17.6988	4.81776	X	6713238	A	G	1.4517884723125091e-06	5.838096656362906
X:27394643:G:A	21.6923	1.50587e-07	18.7857	4.80961	X	27394643	G	A	1.5122505802725235e-06	5.8203762401754755
X:139842710:G:A	11.9842	2.84668e-07	17.5555	4.80494	X	139842710	G	A	1.5479791951687968e-06	5.810234880529164
X:66984302:C:T	37.5035	1.00198e-07	19.7406	4.80141	X	66984302	C	T	1.575523161261406e-06	5.802575208018965
X:94853289:A:C	30.8528	2.23678e-07	18.7423	4.79489	X	94853289	A	C	1.62764118723441e-06	5.788441328918096
X:99807289:C:A	20.569	1.48406e-07	18.7471	4.79108	X	99807289	C	A	1.6588596313972901e-06	5.780190361346775
X:87165918:G:A	50.99	1.00291e-07	20.0468	4.78903	X	87165918	G	A	1.6758942794311853e-06	5.775753381474133
X:78678789:G:C	11.8778	2.95551e-07	17.5091	4.78139	X	78678789	G	C	1.7408725356154109e-06	5.759233026186174
X:114886724:CT:C	96.9281	4.96765e-08	21.3917	4.77653	X	114886724	CT	C	1.7834595676514362e-06	5.7487367319914044
X:43466196:T:G	11.9684	3.13147e-07	17.4589	4.75593	X	43466196	T	G	1.9753491335022403e-06	5.704356133782823
X:87162186:G:T	20.9577	1.68498e-07	18.6388	4.7391	X	87162186	G	T	2.1466955032978918e-06	5.668229553428622
X:64350099:A:T	13.1999	1.55785e-07	18.255	4.7191	X	64350099	A	T	2.36890355533646e-06	5.625452620255626
X:91600322:C:G	15.8366	4.03916e-07	17.4844	4.70773	X	91600322	C	G	2.5049057891763528e-06	5.601208603533365
X:99801343:G:C	20.5778	1.78626e-07	18.5622	4.70229	X	99801343	G	C	2.5725975708627776e-06	5.589628144773996
X:144735918:G:GA	32.2252	4.02158e-07	18.1992	4.69888	X	144735918	G	GA	2.615920933673636e-06	5.582375386719397
X:97234169:C:CA	23.2499	1.35783e-07	18.9585	4.68406	X	97234169	C	CA	2.8124762115403e-06	5.550911142210527
X:44950583:A:AGT	15.5921	4.17793e-07	17.435	4.68241	X	44950583	A	AGT	2.8352168106755085e-06	5.547413724750025
X:97212590:G:T	102.451	6.44592e-08	21.1866	4.68134	X	97212590	G	T	2.8500579364243698e-06	5.545146311495468
X:49612980:C:CT	11.8985	3.60837e-07	17.3113	4.68109	X	49612980	C	CT	2.8535362165698257e-06	5.544616611092379
X:82603891:T:A	15.4634	4.15928e-07	17.4312	4.68046	X	82603891	T	A	2.862319556972736e-06	5.543281882077767
X:82603916:C:T	15.4634	4.15928e-07	17.4312	4.68046	X	82603916	C	T	2.862319556972736e-06	5.543281882077767
X:82603932:G:A	15.4576	4.16686e-07	17.429	4.67933	X	82603932	G	A	2.878138835316131e-06	5.540888260448961
X:78674904:CA:C	25.4662	1.50223e-07	18.9485	4.67849	X	78674904	CA	C	2.8899526199426173e-06	5.5391092773355455
X:87170111:C:T	12.08	1.64918e-07	18.1094	4.6757	X	87170111	C	T	2.929526082344333e-06	5.533202631000791
X:4000751:AACAC:A	97.9406	6.32413e-08	21.1607	4.66929	X	4000751	AACAC	A	3.0224247568955917e-06	5.519644502070762
X:87173033:T:C	36.2818	1.62269e-07	19.2253	4.66837	X	87173033	T	C	3.0359878389306295e-06	5.517699972399712
X:94853788:GA:G	34.5874	1.57913e-07	19.2047	4.65854	X	94853788	GA	G	3.1845993219641873e-06	5.496945201697987
X:73272512:GAAAGAAAAGAAAAGA:G	60.1466	1.02689e-07	20.1883	4.64891	X	73272512	GAAAGAAAAGAAAAGA	G	3.3369376762053755e-06	5.4766519045627255
X:4277727:T:C	12.3785	1.91982e-07	17.9818	4.61547	X	4277727	T	C	3.922066960864008e-06	5.406484995960051
X:78356138:A:T	11.9447	4.14239e-07	17.1771	4.61309	X	78356138	A	T	3.9672641330646425e-06	5.401508884044696
X:43469653:T:A	11.9684	4.1757e-07	17.1711	4.61003	X	43469653	T	A	4.026108682496518e-06	5.395114505758482
X:82603155:C:CA	15.4286	4.7637e-07	17.2933	4.60968	X	82603155	C	CA	4.032892334657069e-06	5.394383372113004
X:117373825:A:T	13.9705	2.62808e-07	17.7888	4.59439	X	117373825	A	T	4.340169975242716e-06	5.362493261762961
X:87165401:G:A	24.2116	1.71384e-07	18.7662	4.59253	X	87165401	G	A	4.3790453575467835e-06	5.358620556422339
X:44964013:G:A	15.1259	4.83227e-07	17.2592	4.59217	X	44964013	G	A	4.386608061598372e-06	5.357871167575721
X:82169014:CA:C	29.4744	3.36031e-07	18.2896	4.58002	X	82169014	CA	C	4.649314686229328e-06	5.332611057846226
X:4278310:A:T	12.275	2.05876e-07	17.9036	4.57851	X	4278310	A	T	4.682997804934939e-06	5.329476045785049
X:27393530:T:G	18.0443	1.50683e-07	18.6009	4.57374	X	27393530	T	G	4.790943082235775e-06	5.319578988652971
X:76970084:A:C	12.0519	4.57648e-07	17.0864	4.56709	X	76970084	A	C	4.945417124426565e-06	5.305797071671109
X:27394189:C:CT	18.0517	1.53417e-07	18.5833	4.56557	X	27394189	C	CT	4.98138933157911e-06	5.302649513688481
X:7239611:G:A	31.6549	5.12174e-07	17.9395	4.56467	X	7239611	G	A	5.002806632551865e-06	5.300786283052758
X:114888842:CT:C	116.201	4.8887e-08	21.5891	4.56263	X	114888842	CT	C	5.05167947093667e-06	5.296564213227485
X:87164342:C:G	23.5093	1.77336e-07	18.7026	4.56227	X	87164342	C	G	5.0603514155995065e-06	5.295819322575945
X:27393987:T:C	18.0443	1.56421e-07	18.5635	4.55637	X	27393987	T	C	5.204522520805846e-06	5.283619107861646
X:101983249:A:C	29.1254	3.50501e-07	18.2355	4.55324	X	101983249	A	C	5.28259487201384e-06	5.2771526945554195
X:87165176:C:A	23.4224	1.80092e-07	18.6835	4.55317	X	87165176	C	A	5.284353653595914e-06	5.277008125072343
X:133495311:T:C	12.4453	2.20523e-07	17.8486	4.55255	X	133495311	T	C	5.299955926935911e-06	5.275727741864894
X:21230241:G:C	115.962	5.01383e-08	21.5617	4.55029	X	21230241	G	C	5.357202982285498e-06	5.271061898070592
X:44953008:TC:T	116.082	5.02514e-08	21.5605	4.54973	X	44953008	TC	T	5.371479348638575e-06	5.269906089631672
X:81960459:GAACA:G	115.485	5.00266e-08	21.5599	4.54943	X	81960459	GAACA	G	5.37914237802375e-06	5.2692869604268875
X:63828171:AT:A	115.843	5.01939e-08	21.5596	4.54932	X	63828171	AT	A	5.381954777026495e-06	5.269059955804959
X:87171811:CA:C	116.082	5.03385e-08	21.5588	4.54895	X	87171811	CA	C	5.391424999697294e-06	5.268296431898272
X:106325636:GAAC:G	115.012	5.00056e-08	21.5562	4.54777	X	106325636	GAAC	G	5.42173402221964e-06	5.265861791719692
X:80623831:T:C	116.201	5.05536e-08	21.5556	4.54749	X	80623831	T	C	5.428949903175276e-06	5.265284165873316
X:80623921:AT:A	116.201	5.05749e-08	21.5551	4.5473	X	80623921	AT	A	5.4338516291610425e-06	5.264892224128718
X:48016838:T:C	115.248	5.03088e-08	21.5522	4.54597	X	48016838	T	C	5.468282538417377e-06	5.2621490541434355
X:97215905:C:T	116.082	5.07304e-08	21.551	4.54545	X	97215905	C	T	5.481800959195008e-06	5.261076737474484
X:122702346:TA:T	116.201	5.08404e-08	21.5499	4.54494	X	122702346	TA	T	5.495090483399848e-06	5.2600251519906775
X:122702341:AC:A	116.201	5.08404e-08	21.5499	4.54494	X	122702341	AC	A	5.495090483399848e-06	5.2600251519906775
X:78679586:A:G	11.8778	4.7215e-07	17.0406	4.5439	X	78679586	A	G	5.522286329260085e-06	5.257881079045213
X:57475958:G:T	12.8494	3.21464e-07	17.5037	4.54378	X	57475958	G	T	5.525432590085224e-06	5.257633715084943
X:104717753:TC:T	115.485	5.08283e-08	21.544	4.54226	X	104717753	TC	T	5.565434054769927e-06	5.254500958869207
X:81791665:C:A	22.5068	2.54196e-07	18.299	4.54083	X	81791665	C	A	5.603319985724931e-06	5.251554575807184
X:97215470:ACTGT:A	116.201	5.14654e-08	21.5377	4.53942	X	97215470	ACTGT	A	5.640917691298945e-06	5.248650237178608
X:104717445:TAAAAA:T	116.082	5.1448e-08	21.537	4.53911	X	104717445	TAAAAA	T	5.649216176001735e-06	5.248011805995069
X:48016802:T:C	112.801	5.01351e-08	21.5342	4.53784	X	48016802	T	C	5.683335358407754e-06	5.245396716644198
X:97214941:CAAT:C	116.082	5.16642e-08	21.5328	4.53722	X	97214941	CAAT	C	5.700063534145604e-06	5.244120303559952
X:55801138:CAA:C	14.6804	3.12862e-07	17.664	4.53642	X	55801138	CAA	C	5.7217179266305625e-06	5.242473556165046
X:4277718:CT:C	78.5019	1.18628e-07	20.3104	4.53577	X	4277718	CT	C	5.739370078754882e-06	5.241135770726255
X:94857780:T:TAAC	28.842	3.61205e-07	18.1957	4.5335	X	94857780	T	TAAC	5.801426621266108e-06	5.236465196513252
X:4287419:G:GCA	12.1526	2.24289e-07	17.8079	4.53332	X	4287419	G	GCA	5.806374790664006e-06	5.236094934700711
X:34185090:AAC:A	111.325	5.00345e-08	21.523	4.5328	X	34185090	AAC	A	5.820692203486074e-06	5.235025365474064
X:114891082:AT:A	113.608	5.12709e-08	21.5189	4.53094	X	114891082	AT	A	5.872181588025401e-06	5.2312005230071685
X:104717445:TAA:T	114.424	5.19903e-08	21.5121	4.52788	X	104717445	TAA	T	5.957839728283497e-06	5.2249111839102165
X:87169097:T:C	50.9552	1.72911e-07	19.5014	4.52673	X	87169097	T	C	5.9903396259471295e-06	5.2225485543229695
X:4277707:CTTCCTTCT:C	98.5931	8.6755e-08	20.8512	4.52564	X	4277707	CTTCCTTCT	C	6.021300446100219e-06	5.220309702168698
X:97215435:CT:C	112.687	5.21656e-08	21.4935	4.51946	X	97215435	CT	C	6.199755930419083e-06	5.2076254073015225
X:63829442:TG:T	114.776	5.32544e-08	21.4912	4.51843	X	63829442	TG	T	6.229986296226644e-06	5.205512908634521
X:87169576:CT:C	53.8201	1.89711e-07	19.4634	4.50844	X	87169576	CT	C	6.530603166640033e-06	5.185046705425368
X:4285135:G:A	19.5467	4.34951e-07	17.6208	4.50597	X	4285135	G	A	6.607042225707329e-06	5.179992917600175
X:127627652:T:C	26.6623	1.50529e-07	18.9924	4.50478	X	127627652	T	C	6.6441739499764605e-06	5.177559005882598
X:81792028:T:A	22.0146	2.69002e-07	18.2203	4.50292	X	81792028	T	A	6.702611932358286e-06	5.173755924648381
X:63830131:AAAG:A	116.201	5.58962e-08	21.4551	4.50214	X	63830131	AAAG	A	6.727264230674829e-06	5.1721615139449115
X:66975491:C:A	11.8193	5.11393e-07	16.9559	4.50092	X	66975491	C	A	6.765996964906507e-06	5.1696682013639785
X:155704767:T:G	10.1896	9.14248	0.10844	-4.50041	X	155704767	T	G	6.782251665587639e-06	5.168626099112908
X:155705325:G:A	10.1386	9.06926	0.11146	-4.49898	X	155705325	G	A	6.8280280229492875e-06	5.165704705163153
X:81804268:A:T	16.463	2.37083e-07	18.056	4.49874	X	81804268	A	T	6.83573967351682e-06	5.165214484937246
X:97214530:TA:T	114.541	5.55345e-08	21.4472	4.49858	X	97214530	TA	T	6.840885401560152e-06	5.164887684811077
X:44949487:T:TAA	11.9842	5.2571e-07	16.9421	4.49394	X	44949487	T	TAA	6.991733568807821e-06	5.155415129544305
X:78683327:G:A	11.8778	5.30068e-07	16.9249	4.48524	X	78683327	G	A	7.28319085399136e-06	5.1376783093304645
X:116780518:C:A	12.3455	2.53713e-07	17.7004	4.48254	X	116780518	C	A	7.375981145364617e-06	5.132180202105535
X:3987471:AC:A	103.551	1.00119e-07	20.757	4.48191	X	3987471	AC	A	7.397794308172682e-06	5.130897748185191
X:116781587:G:T	12.3413	2.54808e-07	17.6957	4.48035	X	116781587	G	T	7.45207366158932e-06	5.127722860879437
X:115482004:CAA:C	22.0946	2.84397e-07	18.1682	4.47788	X	115482004	CAA	C	7.538795575729734e-06	5.122698032989159
X:104716581:CACAA:C	115.723	5.88837e-08	21.3989	4.47678	X	104716581	CACAA	C	7.577726479668039e-06	5.120461074768954
X:73242600:C:T	18.0367	1.85697e-07	18.3916	4.47642	X	73242600	C	T	7.590509199946035e-06	5.11972908901769
X:97214836:TAAA:T	105.702	5.3852e-08	21.3976	4.47621	X	97214836	TAAA	T	7.597975305381111e-06	5.119302122304613
X:63829641:TA:T	107.813	5.50183e-08	21.396	4.47547	X	63829641	TA	T	7.624340445670341e-06	5.117797719613309
X:82167219:TA:T	103.652	1.02213e-07	20.7372	4.47275	X	82167219	TA	T	7.722003838774195e-06	5.1122699868147885
X:99803248:C:T	20.2864	4.83834e-07	17.5515	4.47136	X	99803248	C	T	7.772373373393412e-06	5.109446344702522
X:43456944:GAGGAAGGAAGGAAGGAAGGA:G	101.956	1.00854e-07	20.7341	4.47131	X	43456944	GAGGAAGGAAGGAAGGAAGGA	G	7.774191067262322e-06	5.109344789864002
X:63829641:TAA:T	108.567	5.62897e-08	21.3801	4.4683	X	63829641	TAA	T	7.88436805803643e-06	5.103233110186198
X:87174994:AAAAG:A	41.3592	1.7915e-07	19.2573	4.46782	X	87174994	AAAAG	A	7.9020752366809e-06	5.102258839660926
X:104715680:TA:T	114.658	5.97209e-08	21.3755	4.46623	X	104715680	TA	T	7.961002216241514e-06	5.0990322551788125
X:73258125:A:C	16.2104	2.50456e-07	17.9856	4.46565	X	73258125	A	C	7.982601977323672e-06	5.097855524663737
X:73259517:T:G	16.2104	2.50701e-07	17.9847	4.46519	X	73259517	T	G	7.999772647304983e-06	5.096922355436049
X:73259887:G:A	16.2104	2.50701e-07	17.9847	4.46519	X	73259887	G	A	7.999772647304983e-06	5.096922355436049
X:97214474:GA:G	114.19	6.00742e-08	21.3655	4.46172	X	97214474	GA	G	8.130441727809982e-06	5.089885858497083
X:79483777:T:C	58.7434	1.50791e-07	19.7805	4.45983	X	79483777	T	C	8.202468799704672e-06	5.086055412894596
X:99804185:C:T	20.0611	4.89744e-07	17.5282	4.45973	X	99804185	C	T	8.206296695670252e-06	5.085852785326327
X:79483778:C:G	58.6574	1.50954e-07	19.778	4.45865	X	79483778	C	G	8.247746925909282e-06	5.083664673423778
X:104715417:CAA:C	115.367	6.11394e-08	21.3582	4.45841	X	104715417	CAA	C	8.256985227096333e-06	5.083178492417081
X:79483769:C:T	58.3576	1.51528e-07	19.7691	4.45451	X	79483769	C	T	8.4085010172818e-06	5.075281418940064
X:78685837:T:A	12.2956	2.7004e-07	17.6339	4.45117	X	78685837	T	A	8.540369717331672e-06	5.068523328055555
X:97212582:GGT:G	116.082	6.25747e-08	21.3412	4.45073	X	97212582	GGT	G	8.557888276690358e-06	5.0676333875335065
X:3993875:T:C	36.79	2.06476e-07	18.9983	4.44973	X	3993875	T	C	8.597830998071198e-06	5.065611095777102
X:43382778:TTGTGTG:T	33.5973	6.7921e-07	17.7168	4.44956	X	43382778	TTGTGTG	T	8.60463895505662e-06	5.065267347662533
X:6714566:A:G	21.2584	3.1256e-07	18.0352	4.44927	X	6714566	A	G	8.616264420561165e-06	5.064680981642698
X:3993101:T:C	36.7901	2.09038e-07	18.986	4.44388	X	3993101	T	C	8.83508950257503e-06	5.0537890465785456
X:127921040:TAA:T	12.701	3.9066e-07	17.2971	4.44326	X	127921040	TAA	T	8.860598380159965e-06	5.052536948042251
X:97212318:ATCTT:A	115.012	6.35001e-08	21.3173	4.43992	X	97212318	ATCTT	A	8.999232447574636e-06	5.045794530338241
X:87168833:G:A	12.8012	3.98368e-07	17.2854	4.43758	X	87168833	G	A	9.097591405265353e-06	5.041073572278914
X:4289935:AGTGT:A	63.3973	1.85955e-07	19.6472	4.43717	X	4289935	AGTGT	A	9.114930656198391e-06	5.040246630985412
X:97211363:GA:G	116.082	6.46067e-08	21.3092	4.4363	X	97211363	GA	G	9.151828348031406e-06	5.038492134115066
X:81134494:A:G	93.0311	1.02277e-07	20.6285	4.42228	X	81134494	A	G	9.766477496925645e-06	5.010262046260124
X:73275000:G:GA	14.0961	3.78271e-07	17.4335	4.42185	X	73275000	G	GA	9.78593864060598e-06	5.0093975116631215
X:131699887:GA:G	80.815	1.57515e-07	20.0559	4.41645	X	131699887	GA	G	1.003350961598388e-05	4.998547128769356
X:133500498:G:A	14.1265	3.84287e-07	17.4199	4.41523	X	133500498	G	A	1.0090264956534374e-05	4.996097429635237
X:153195604:T:C	11.8778	6.19104e-07	16.7697	4.40652	X	153195604	T	C	1.0504461333302778e-05	4.978626213222073
X:7239881:CT:C	21.4526	3.4588e-07	17.943	4.405	X	7239881	CT	C	1.0578387786533036e-05	4.975580516494144
X:83374581:T:A	17.4786	3.8755e-07	17.6244	4.40478	X	83374581	T	A	1.0589128736685669e-05	4.9751397717542565
X:97212589:TG:T	107.599	6.42895e-08	21.2383	4.40427	X	97212589	TG	T	1.0614068279624415e-05	4.974118122908939
X:133512070:A:G	30.0333	4.79871e-07	17.9521	4.4034	X	133512070	A	G	1.065674170476613e-05	4.972375560407518
X:104949204:G:A	18.6376	2.226e-07	18.2431	4.40155	X	104949204	G	A	1.0748029253693375e-05	4.968671160186364
X:87259364:C:G	12.1935	2.97744e-07	17.5279	4.40111	X	87259364	C	G	1.0769850539727771e-05	4.967790323649269
X:104717929:G:A	43.7206	6.08826e-08	20.3921	4.39998	X	104717929	G	A	1.0826085558159273e-05	4.965528545017946
X:133512823:A:G	30.1596	4.88935e-07	17.9375	4.39621	X	133512823	A	G	1.1015736503954434e-05	4.957986460936247
X:7238178:GTAGATAGATAGATAGA:G	52.1594	2.32405e-07	19.2291	4.39575	X	7238178	GTAGATAGATAGATAGA	G	1.1039092891358068e-05	4.957066612156026
X:87260902:G:C	12.1772	3.01151e-07	17.5152	4.39511	X	87260902	G	C	1.10716673978469e-05	4.955786969260998
X:133494791:TTC:T	27.2785	1.97428e-07	18.744	4.3901	X	133494791	TTC	T	1.1329854599827333e-05	4.9457756635609496
X:4291176:TTATATGTAAC:T	73.6171	1.2814e-07	20.169	4.38694	X	4291176	TTATATGTAAC	T	1.1495648414277628e-05	4.939466527239357
X:133501471:T:C	14.1163	4.10602e-07	17.353	4.38272	X	133501471	T	C	1.1720671003432527e-05	4.931047524431726
X:127950699:T:TAAAAGTA	16.9794	3.94419e-07	17.5779	4.38247	X	127950699	T	TAAAAGTA	1.1734132795082945e-05	4.930549001184848
X:99800588:G:A	20.3388	5.83012e-07	17.3676	4.37961	X	99800588	G	A	1.1889189562302083e-05	4.924847748460871
X:99798945:G:C	20.4976	5.88737e-07	17.3656	4.37861	X	99798945	G	C	1.1943865174669024e-05	4.922855107679862
X:99800356:G:T	20.3388	5.85717e-07	17.363	4.3773	X	99800356	G	T	1.2015853405897783e-05	4.9202453787252285
X:48921964:A:AC	12.016	6.64367e-07	16.7107	4.37661	X	48921964	A	AC	1.2053937181267464e-05	4.918871076174892
X:133494522:A:G	26.3749	1.97834e-07	18.7083	4.3736	X	133494522	A	G	1.222142225781606e-05	4.912878250494525
X:80617537:C:T	13.0319	4.6261e-07	17.1538	4.37352	X	80617537	C	T	1.2225903843938891e-05	4.912719024235013
X:122698571:C:T	22.932	3.67554e-07	17.9489	4.37229	X	122698571	C	T	1.2295005966502535e-05	4.910271256171421
X:77035825:G:GAGAAAGAA	11.9052	6.64172e-07	16.7017	4.37207	X	77035825	G	GAGAAAGAA	1.230740492569529e-05	4.909833510453065
X:99800057:A:G	20.2688	5.91022e-07	17.3505	4.37108	X	99800057	A	G	1.2363348054561489e-05	4.907863904269644
X:73247324:C:G	16.2605	3.07848e-07	17.7824	4.37002	X	73247324	C	G	1.2423515733273068e-05	4.905755485681481
X:127949997:T:C	16.9794	4.05237e-07	17.5508	4.3695	X	127949997	T	C	1.2453134012523715e-05	4.904721338282096
X:132566602:C:A	14.7941	4.45673e-07	17.3179	4.36836	X	132566602	C	A	1.251830235294993e-05	4.9024545631971685
X:133504402:C:G	23.0157	3.76563e-07	17.9284	4.36239	X	133504402	C	G	1.2864927352208361e-05	4.890592661892353
X:44964450:G:GAA	12.9158	4.69506e-07	17.13	4.36196	X	44964450	G	GAA	1.2890244043387517e-05	4.889738860327493
X:4277718:CTTTCT:C	92.9453	1.16445e-07	20.4979	4.36164	X	4277718	CTTTCT	C	1.2909115213734721e-05	4.889103523106223
X:133516727:G:A	30.049	5.25291e-07	17.8621	4.35886	X	133516727	G	A	1.307417139390956e-05	4.883585826013725
X:7238178:GTAGA:G	28.4024	5.07011e-07	17.8412	4.35795	X	7238178	GTAGA	G	1.312863659985453e-05	4.8817803727608045
X:122700004:TTGTG:T	22.953	3.80237e-07	17.9159	4.3564	X	122700004	TTGTG	T	1.322190570759782e-05	4.878705944347643
X:81806931:C:T	12.6708	4.6707e-07	17.1161	4.35518	X	81806931	C	T	1.3295761756726007e-05	4.876286775499363
X:99799393:G:A	20.1905	6.11123e-07	17.3132	4.35246	X	99799393	G	A	1.3461843870041098e-05	4.8708954506811315
X:73261350:T:C	16.2104	3.19871e-07	17.741	4.35054	X	73261350	T	C	1.358026782464288e-05	4.86709166498795
X:122701656:A:G	22.9845	3.87885e-07	17.8974	4.34747	X	122701656	A	G	1.3771690043207096e-05	4.86101276044018
X:80619494:C:G	13.0274	4.88569e-07	17.0988	4.34679	X	80619494	C	G	1.3814436548772575e-05	4.85966682401198
X:66977584:A:G	37.0895	2.59616e-07	18.7774	4.34506	X	66977584	A	G	1.392375998481399e-05	4.856243471610765
X:55701797:G:C	13.7679	4.35449e-07	17.2692	4.34204	X	55701797	G	C	1.4116582378447648e-05	4.850270433159267
X:133495776:AT:A	27.2241	2.21214e-07	18.6282	4.33665	X	133495776	AT	A	1.4467071145913836e-05	4.839619382765948
X:6709439:A:G	12.2937	3.45857e-07	17.3863	4.33424	X	6709439	A	G	1.4626453902822985e-05	4.834860953239641
X:73262807:G:A	16.2042	3.33415e-07	17.6991	4.33085	X	73262807	G	A	1.4853484443208562e-05	4.828171654296507
X:117412734:C:T	14.2286	4.61079e-07	17.245	4.33025	X	117412734	C	T	1.4894015243925834e-05	4.826988205994899
X:3992533:G:A	60.0132	2.0372e-07	19.5011	4.33025	X	3992533	G	A	1.4894015243925834e-05	4.826988205994899
X:7238121:GGTGTGT:G	41.6662	2.42824e-07	18.9606	4.32951	X	7238121	GGTGTGT	G	1.4944148476362711e-05	4.825528826195306
X:117413999:T:A	14.2235	4.62137e-07	17.2423	4.32896	X	117413999	T	A	1.4981513855551942e-05	4.824444299727745
X:117414302:T:A	14.2183	4.63199e-07	17.2396	4.32767	X	117414302	T	A	1.5069502457584566e-05	4.82190108633783
X:49611706:C:T	12.1898	3.49919e-07	17.3662	4.32471	X	49611706	C	T	1.5273264933775738e-05	4.816068114799737
X:133497042:A:G	24.9815	3.11259e-07	18.2008	4.32281	X	133497042	A	G	1.5405439759592486e-05	4.812325899915138
X:82604354:G:A	14.6268	4.84324e-07	17.2234	4.32246	X	82604354	G	A	1.5429906398184214e-05	4.811636708471874
X:82604480:T:C	14.6268	4.84324e-07	17.2234	4.32246	X	82604480	T	C	1.5429906398184214e-05	4.811636708471874
X:119999277:C:T	20.2174	6.50914e-07	17.2514	4.32164	X	119999277	C	T	1.5487373386154944e-05	4.810022231086841
X:87174728:G:C	27.6782	2.32941e-07	18.5931	4.32044	X	87174728	G	C	1.557183933505887e-05	4.807660085833488
X:133498101:A:G	25.9272	3.25827e-07	18.1922	4.31872	X	133498101	A	G	1.5693673398682848e-05	4.804275389742957
X:117417752:T:A	14.2286	4.75337e-07	17.2145	4.31546	X	117417752	T	A	1.5927089143643735e-05	4.79786358919364
X:81782889:G:A	27.0618	2.30844e-07	18.5796	4.31422	X	81782889	G	A	1.6016738820976197e-05	4.795425906243846
X:99796680:G:T	20.2079	6.60845e-07	17.2358	4.31385	X	99796680	G	T	1.604358216893051e-05	4.794698657092459
X:49610706:G:A	12.1857	3.5852e-07	17.3415	4.31308	X	49610706	G	A	1.6099582898742847e-05	4.793185375342118
X:81782582:C:G	27.0483	2.3206e-07	18.5739	4.31156	X	81782582	C	G	1.6210677193487693e-05	4.790198842322871
X:99796942:A:G	20.1299	6.67637e-07	17.2217	4.30682	X	99796942	A	G	1.6561827220746986e-05	4.780891750394687
X:119311028:G:A	81.3038	2.00805e-07	19.8191	4.30543	X	119311028	G	A	1.6666168609450294e-05	4.778164228787609
X:98735333:A:G	71.5462	1.51101e-07	19.9757	4.29925	X	98735333	A	G	1.7137707038950098e-05	4.766047285501895
X:70571009:GTGT:G	75.5273	1.89849e-07	19.8015	4.29718	X	70571009	GTGT	G	1.7298472226723836e-05	4.761992251368451
X:81782976:A:T	26.6097	2.37185e-07	18.5357	4.29392	X	81782976	A	T	1.7554575103806355e-05	4.7556096778651336
X:4287452:T:G	57.7648	2.12957e-07	19.4186	4.29199	X	4287452	T	G	1.770789255209751e-05	4.751833121896077
X:4277707:CTTCCTTCTTTCTTTCTTTCTTTCT:C	114.307	8.94992e-08	20.9679	4.28222	X	4277707	CTTCCTTCTTTCTTTCTTTCTTTCT	C	1.8503789846565274e-05	4.732739312630181
X:87174888:AG:A	76.3506	1.99184e-07	19.7644	4.27975	X	87174888	AG	A	1.8710336327303764e-05	4.727918405777418
X:4289935:AGT:A	73.3158	1.63822e-07	19.9193	4.27367	X	4289935	AGT	A	1.922815561743785e-05	4.716062371694157
X:117233026:C:T	15.4171	9.21615e-07	16.6326	4.27064	X	117233026	C	T	1.9491281945604674e-05	4.710159596306017
X:4287419:G:A	13.3247	4.05957e-07	17.3066	4.26904	X	4287419	G	A	1.9631606482387876e-05	4.707044160008286
X:133504591:A:ATTT	64.7219	2.70878e-07	19.2917	4.26852	X	133504591	A	ATTT	1.9677418735372427e-05	4.706031872495562
X:127966862:A:G	12.4874	4.04594e-07	17.2451	4.26754	X	127966862	A	G	1.9764034093591224e-05	4.704124405610097
X:139829269:T:A	46.9914	3.1201e-07	18.8302	4.26649	X	139829269	T	A	1.985723912029644e-05	4.702081134399115
X:4285013:T:G	15.2278	9.2188e-07	16.62	4.26416	X	4285013	T	G	2.0065562729510794e-05	4.697548656169644
X:82166044:AGCACATGTGT:A	32.8281	9.50725e-07	17.3573	4.26377	X	82166044	AGCACATGTGT	A	2.010063504243901e-05	4.696790221630737
X:87290856:CTATATATATA:C	22.9422	4.63509e-07	17.7174	4.26083	X	87290856	CTATATATATA	C	2.036691129795467e-05	4.6910748280427175
X:99807279:T:C	20.4978	7.53481e-07	17.1189	4.2555	X	99807279	T	C	2.085823645305142e-05	4.680722413602944
X:21232616:T:G	95.4831	1.50675e-07	20.2671	4.25452	X	21232616	T	G	2.094979348997573e-05	4.678820253681267
X:98740471:TA:T	96.2919	1.52394e-07	20.2642	4.25317	X	98740471	TA	T	2.1076544733583412e-05	4.676200585401387
X:90287315:A:G	15.16	9.47273e-07	16.5883	4.24792	X	90287315	A	G	2.157644093706815e-05	4.666020191203903
X:116769895:G:C	12.5897	5.79134e-07	16.8946	4.24741	X	116769895	G	C	2.1625599244810674e-05	4.665031849407249
X:127941499:G:T	16.9795	5.23954e-07	17.2939	4.24633	X	127941499	G	T	2.1730051353463145e-05	4.6629392473334415
X:90285325:A:C	15.1658	9.53272e-07	16.5824	4.24488	X	90285325	A	C	2.187104338082041e-05	4.660130497999216
X:65844607:GGA:G	32.3476	9.81117e-07	17.3111	4.23989	X	65844607	GGA	G	2.2362934557396237e-05	4.650471207115657
X:82166920:G:T	102.749	1.67491e-07	20.2346	4.23945	X	82166920	G	T	2.2406809261414037e-05	4.649619982769711
X:85636880:C:T	116.201	1.00104e-07	20.8724	4.23909	X	85636880	C	T	2.2442767671059922e-05	4.648923586357459
X:85636949:CAT:C	116.082	1.00149e-07	20.8709	4.23843	X	85636949	CAT	C	2.2508834110938816e-05	4.647646999548524
X:81138255:AGT:A	116.201	1.00417e-07	20.8693	4.23769	X	81138255	AGT	A	2.2583128706999855e-05	4.646215890309312
X:7207029:G:A	32.8281	1.0004e-06	17.3064	4.23745	X	7207029	G	A	2.260727433039796e-05	4.64575179566545
X:4277707:CTTCCTTCTTTCTTTCT:C	104.567	9.05838e-08	20.8668	4.23658	X	4277707	CTTCCTTCTTTCTTTCT	C	2.2695008339870416e-05	4.644069653328312
X:64363681:AG:A	116.201	1.01265e-07	20.8609	4.23389	X	64363681	AG	A	2.2968332298404184e-05	4.638870537233976
X:81138300:CAATT:C	115.485	1.00684e-07	20.8604	4.2337	X	81138300	CAATT	C	2.298775568768568e-05	4.638503427166224
X:93061158:A:G	14.3527	5.67605e-07	17.0458	4.23351	X	93061158	A	G	2.3007194707485485e-05	4.63813633210632
X:64363672:C:T	116.082	1.01329e-07	20.8592	4.23314	X	64363672	C	T	2.3045094542188653e-05	4.637421505848568
X:66970609:T:C	116.321	1.01803e-07	20.8566	4.23196	X	66970609	T	C	2.3166361560098946e-05	4.635142169854929
X:64363179:TA:T	115.843	1.0142e-07	20.8562	4.2318	X	64363179	TA	T	2.3182851221329174e-05	4.634833151912525
X:153168585:TATA:T	116.201	1.02113e-07	20.8525	4.23012	X	153168585	TATA	T	2.3356668343673256e-05	4.631589106043783
X:44952557:GCCACCGCGTTCAACC:G	115.604	1.01799e-07	20.8504	4.22919	X	44952557	GCCACCGCGTTCAACC	G	2.345342106042581e-05	4.629793799460635
X:4277707:CTTCCTTCTTTCTTTCTTTCT:C	104.465	9.21017e-08	20.8492	4.22864	X	4277707	CTTCCTTCTTTCTTTCTTTCT	C	2.351081974457056e-05	4.628732228198028
X:28137757:TG:T	114.541	1.01199e-07	20.8471	4.22769	X	28137757	TG	T	2.3610277890523438e-05	4.626898901290156
X:117253654:CAAA:C	114.424	1.01279e-07	20.8453	4.22687	X	117253654	CAAA	C	2.3696447765644473e-05	4.625316752361384
X:4286447:ATC:A	61.3242	2.80922e-07	19.2014	4.22566	X	4286447	ATC	A	2.382414762586247e-05	4.622982628486341
X:55701390:T:C	13.6611	4.56365e-07	17.2145	4.22533	X	55701390	T	C	2.385908833707554e-05	4.622346154871111
X:4291629:TGTAA:T	116.082	1.03114e-07	20.8417	4.22525	X	4291629	TGTAA	T	2.3867566152261516e-05	4.622191865054153
X:78687173:T:C	12.3038	4.36652e-07	17.154	4.22454	X	78687173	T	C	2.394293246313495e-05	4.62082265950337
X:87174899:G:A	14.1164	5.69745e-07	17.0254	4.22362	X	87174899	G	A	2.404092705255742e-05	4.619048789329558
X:117254561:TTTTG:T	115.962	1.03472e-07	20.8372	4.22323	X	117254561	TTTTG	T	2.4082583302119074e-05	4.618296928806229
X:81138324:AT:A	113.492	1.01405e-07	20.8359	4.22262	X	81138324	AT	A	2.414787568403813e-05	4.617121068609323
X:104946676:A:T	114.541	1.02471e-07	20.8346	4.22205	X	104946676	A	T	2.4209038785406034e-05	4.616022453783437
X:4292421:GTA:G	113.492	1.01796e-07	20.832	4.22088	X	4292421	GTA	G	2.4335046173441037e-05	4.613767825387122
X:62914042:TATA:T	114.307	1.02566e-07	20.8316	4.2207	X	62914042	TATA	T	2.4354487221068457e-05	4.613421009980727
X:81806901:C:CT	12.2339	4.41742e-07	17.1368	4.21637	X	81806901	C	CT	2.482662983839972e-05	4.605082230986104
X:117363462:CA:C	99.0633	1.70023e-07	20.1831	4.21553	X	117363462	CA	C	2.4919226131551035e-05	4.603465448851377
X:55704610:C:A	13.3293	4.55764e-07	17.1913	4.21429	X	55704610	C	A	2.5056516547277332e-05	4.601079306424521
X:82173489:T:A	19.8307	7.96517e-07	17.0302	4.21127	X	82173489	T	A	2.53939015558212e-05	4.595270568366513
X:55747654:G:T	23.1323	3.65742e-07	17.9626	4.21003	X	55747654	G	T	2.5533678087565316e-05	4.592886621228712
X:4277718:CTTTCTTTCTTTCTTTCT:C	115.604	1.06526e-07	20.805	4.2087	X	4277718	CTTTCTTTCTTTCTTTCT	C	2.5684412966979247e-05	4.590330355893121
X:117254839:CTGT:C	115.012	1.06382e-07	20.8013	4.20699	X	117254839	CTGT	C	2.587945885210746e-05	4.587044809147106
X:4291545:C:G	112.801	1.04675e-07	20.798	4.20553	X	4291545	C	G	2.6047103329289427e-05	4.584240567107404
X:97209875:CT:C	103.854	1.83299e-07	20.1551	4.20256	X	97209875	CT	C	2.639132646775982e-05	4.5785387809375475
X:133504070:G:A	23.0898	3.72022e-07	17.9437	4.20106	X	133504070	G	A	2.6566816498571865e-05	4.5756604839765185
X:4291126:C:A	112.687	1.057e-07	20.7873	4.20067	X	4291126	C	A	2.6612625352830136e-05	4.574912279901608
X:122703879:T:C	22.9319	5.24994e-07	17.5924	4.20064	X	122703879	T	C	2.6616152220368506e-05	4.574854728359664
X:122703791:C:T	22.9319	5.24994e-07	17.5924	4.20064	X	122703791	C	T	2.6616152220368506e-05	4.574854728359664
X:4290654:C:T	112.687	1.06142e-07	20.7831	4.19879	X	4290654	C	T	2.683450328951238e-05	4.57130643915542
X:80158424:C:CA	13.7631	5.89435e-07	16.9661	4.19481	X	80158424	C	CA	2.7310041325108867e-05	4.563677642692447
X:83374434:G:A	17.4717	6.01872e-07	17.1838	4.19357	X	83374434	G	A	2.745982869731358e-05	4.561302176350666
X:36265022:A:ACTT	22.4764	5.22362e-07	17.5774	4.19341	X	36265022	A	ACTT	2.7479212902507855e-05	4.560995711095497
X:66970948:G:T	106.434	1.01934e-07	20.7665	4.19128	X	66970948	G	T	2.7738507801198966e-05	4.5569169055964025
X:82167315:G:A	105.08	1.01234e-07	20.7606	4.18862	X	82167315	G	A	2.806558940993064e-05	4.551825832660681
X:80157094:G:A	13.7631	5.98104e-07	16.9515	4.18772	X	80157094	G	A	2.8177083911172025e-05	4.55010395469073
X:4277722:CTTTCTTTCTT:C	116.321	1.12625e-07	20.7556	4.18636	X	4277722	CTTTCTTTCTT	C	2.8346363750290034e-05	4.547502644159752
X:144736137:C:T	34.4324	4.23771e-07	18.2131	4.18616	X	144736137	C	T	2.8371339239856983e-05	4.547120163296424
X:73244775:C:T	12.8847	6.72492e-07	16.7683	4.18596	X	73244775	C	T	2.8396335648458928e-05	4.546737699049079
X:55702637:CA:C	13.3339	4.84511e-07	17.1304	4.18543	X	55702637	CA	C	2.8462677424816108e-05	4.545724249152262
X:4277718:CTTTCTTTCTTTCT:C	111.438	1.08173e-07	20.753	4.1852	X	4277718	CTTTCTTTCTTTCT	C	2.8491513074187305e-05	4.545284486445977
X:7220543:A:AT	11.9328	9.64657e-07	16.3308	4.18402	X	7220543	A	AT	2.8639889754206468e-05	4.543028658125074
X:63830821:A:G	115.962	1.1291e-07	20.7499	4.18382	X	63830821	A	G	2.8665111033060856e-05	4.542646371665261
X:77050047:A:T	15.0531	6.63705e-07	16.937	4.18342	X	77050047	A	T	2.8715616946703718e-05	4.541881848591564
X:65835938:C:T	98.406	1.81686e-07	20.1101	4.18165	X	65835938	C	T	2.8940122712979908e-05	4.5384996317015345
X:81318717:G:A	25.6643	4.31365e-07	17.9014	4.1804	X	81318717	G	A	2.9099676135615704e-05	4.536111844460748
X:87170311:CAT:C	26.9947	3.07974e-07	18.2889	4.17996	X	87170311	CAT	C	2.915603763948446e-05	4.535271497783214
X:93509334:G:C	14.27	6.3017e-07	16.9354	4.17992	X	93509334	G	C	2.9161166554709715e-05	4.535195106618136
X:91321371:G:C	21.3022	5.51166e-07	17.47	4.17789	X	91321371	G	C	2.9422588127498054e-05	4.5313191276637825
X:77050163:C:A	15.0196	6.71149e-07	16.9236	4.17692	X	77050163	C	A	2.9548288914402902e-05	4.529467663227689
X:36265105:T:G	21.6538	5.67281e-07	17.4576	4.17192	X	36265105	T	G	3.0204369128898283e-05	4.51993023083998
X:65834998:C:T	114.424	1.15681e-07	20.7123	4.16685	X	65834998	C	T	3.0883756815314386e-05	4.510269875923032
X:82602260:G:C	14.6268	6.70269e-07	16.8984	4.16469	X	82602260	G	C	3.117758957465683e-05	4.50615746435216
X:65835283:A:C	116.082	1.18338e-07	20.704	4.16309	X	65835283	A	C	3.139695404864135e-05	4.50311248262845
X:133520786:C:CAA	29.0354	7.69495e-07	17.446	4.16223	X	133520786	C	CAA	3.1515467643785816e-05	4.501476244190949
X:133516587:AT:A	34.0677	4.42567e-07	18.159	4.16042	X	133516587	AT	A	3.176628760608128e-05	4.498033536397267
X:33839334:A:AT	12.6579	6.97378e-07	16.7142	4.15963	X	33839334	A	AT	3.1876355049016464e-05	4.496531344509293
X:4277718:CTTTCTTTCT:C	106.015	1.08957e-07	20.6959	4.15942	X	4277718	CTTTCTTTCT	C	3.19056743892411e-05	4.4961320712757
X:65835465:AT:A	116.201	1.19432e-07	20.6958	4.1594	X	65835465	AT	A	3.1908468043268354e-05	4.496094046208437
X:4277722:CTTTCT:C	111.438	1.14562e-07	20.6956	4.1593	X	4277722	CTTTCT	C	3.192243979989111e-05	4.495903923363386
X:63820741:TTA:T	16.9127	6.28125e-07	17.1086	4.15752	X	63820741	TTA	T	3.217211174995682e-05	4.492520431443283
X:65835550:C:A	115.723	1.19696e-07	20.6895	4.15654	X	65835550	C	A	3.2310362344247415e-05	4.49065817156376
X:95386060:C:A	11.9171	1.01939e-06	16.2743	4.15537	X	95386060	C	A	3.2476155821559545e-05	4.488435383503809
X:64344139:G:GA	13.306	5.1671e-07	17.064	4.1539	X	64344139	G	GA	3.2685606246995486e-05	4.485643455404103
X:65835948:T:C	116.082	1.2128e-07	20.6795	4.15201	X	65835948	T	C	3.295678571263882e-05	4.482055151809134
X:65835860:CA:C	115.604	1.21106e-07	20.6768	4.15079	X	65835860	CA	C	3.3132966398186255e-05	4.4797396799438385
X:78636260:A:C	18.6683	3.84885e-07	17.6972	4.15044	X	78636260	A	C	3.3183674957775466e-05	4.479075519291049
X:154425554:G:A	12.7618	7.16558e-07	16.6953	4.15041	X	154425554	G	A	3.3188024834338126e-05	4.479018593601433
X:65835834:G:T	115.248	1.20885e-07	20.6755	4.15023	X	65835834	G	T	3.3214135470521835e-05	4.478677047309988
X:99798956:C:G	20.6853	5.75928e-07	17.3967	4.14268	X	99798956	C	G	3.432707575261397e-05	4.464363191581402
X:65836128:T:C	116.201	1.24086e-07	20.6576	4.14214	X	65836128	T	C	3.44080193803238e-05	4.463340325837442
X:64344055:T:TA	13.3014	5.32501e-07	17.0336	4.13945	X	64344055	T	TA	3.481394650639511e-05	4.458246742334783
X:73264893:C:T	16.2042	5.021e-07	17.2897	4.13822	X	73264893	C	T	3.5001067758345835e-05	4.455918706664459
X:65836083:C:T	114.073	1.22927e-07	20.6485	4.13804	X	65836083	C	T	3.502853134074197e-05	4.455578071188808
X:127970569:T:C	14.8759	7.21223e-07	16.8421	4.13732	X	127970569	T	C	3.513859045186986e-05	4.454215663764252
X:95376155:C:G	12.8408	7.44115e-07	16.6637	4.13505	X	95376155	C	G	3.548773615346369e-05	4.449921704439882
X:28123631:T:TCAAA	33.0633	1.22892e-06	17.1078	4.1348	X	28123631	T	TCAAA	3.552638908066554e-05	4.449448932168293
X:65836453:G:A	116.201	1.26758e-07	20.6363	4.13253	X	65836453	G	A	3.587919190327107e-05	4.44515734700761
X:75021942:C:A	12.0679	5.22364e-07	16.9554	4.13075	X	75021942	C	A	3.615816354842647e-05	4.4417936351944105
X:75022301:T:C	12.0679	5.22364e-07	16.9554	4.13075	X	75022301	T	C	3.615816354842647e-05	4.4417936351944105
X:97209872:CTTCTT:C	116.082	1.27238e-07	20.6315	4.13036	X	97209872	CTTCTT	C	3.621956100824356e-05	4.441056817767206
X:97209644:GTTTAT:G	116.201	1.27523e-07	20.6303	4.12981	X	97209644	GTTTAT	G	3.630631542692533e-05	4.440017823545108
X:65836697:TA:T	115.843	1.2713e-07	20.6303	4.12981	X	65836697	TA	T	3.630631542692533e-05	4.440017823545108
X:70572930:A:G	70.0639	2.15062e-07	19.6017	4.12967	X	70572930	A	G	3.63284298523174e-05	4.439753372333003
X:80163979:G:A	14.5469	7.17356e-07	16.8251	4.12907	X	80163979	G	A	3.642335090520545e-05	4.438620102124403
X:97209640:TTC:T	116.201	1.27787e-07	20.6282	4.12888	X	97209640	TTC	T	3.6453458297937806e-05	4.4382612643702535
X:65836908:AT:A	115.723	1.27462e-07	20.6266	4.12817	X	65836908	AT	A	3.656617413052829e-05	4.436920476930758
X:4280734:TTTTG:T	103.551	2.16194e-07	19.9872	4.12458	X	4280734	TTTTG	T	3.714118830631564e-05	4.430144205426075
X:124739207:G:GATA	15.4135	1.22581e-06	16.3472	4.12416	X	124739207	G	GATA	3.72090183220443e-05	4.429351787730229
X:4289947:TGTGTGTGTGTGTGTCTTTGG:T	115.843	1.28961e-07	20.616	4.12335	X	4289947	TGTGTGTGTGTGTGTCTTTGG	T	3.734016560139518e-05	4.427823760312687
X:4277734:CTT:C	116.201	1.29504e-07	20.6149	4.12285	X	4277734	CTT	C	3.7421339632856466e-05	4.426880669408337
X:127946558:G:A	12.5764	5.54756e-07	16.9366	4.12183	X	127946558	G	A	3.758745441168372e-05	4.42495708562947
X:4277734:CTTTCTT:C	115.723	1.29549e-07	20.6104	4.12084	X	4277734	CTTTCTT	C	3.774935272315223e-05	4.42309049068839
X:55747213:G:A	23.379	4.48741e-07	17.7687	4.11774	X	55747213	G	A	3.8260599630848416e-05	4.417248227870459
X:73276285:C:CTA	13.1451	7.91732e-07	16.6251	4.11626	X	73276285	C	CTA	3.8506990272042366e-05	4.414460424751065
X:55744408:G:C	23.3898	4.51048e-07	17.764	4.11552	X	55744408	G	C	3.863074965620556e-05	4.41306686399097
X:117410728:C:A	14.9421	7.57863e-07	16.7969	4.11541	X	117410728	C	A	3.864917852178863e-05	4.4128597324635255
X:4277750:CTTTCTTTCTTTCTTTCTT:C	116.321	1.32105e-07	20.596	4.11434	X	4277750	CTTTCTTTCTTTCTTTCTT	C	3.8828877027988775e-05	4.410845169526065
X:99794865:C:A	21.0223	6.2158e-07	17.3366	4.11382	X	99794865	C	A	3.89164932176319e-05	4.409866301107891
X:4277754:CTTTCTTTCTTTCTT:C	116.201	1.32178e-07	20.5944	4.11363	X	4277754	CTTTCTTTCTTTCTT	C	3.894855360836404e-05	4.409508665631203
X:4277879:CCTTT:C	116.082	1.32266e-07	20.5927	4.11286	X	4277879	CCTTT	C	3.9078739402972464e-05	4.40805945414372
X:17013751:C:T	23.2284	4.5104e-07	17.7571	4.11223	X	17013751	C	T	3.91855621424557e-05	4.4068739186136705
X:97211329:TACTC:T	108.351	1.23806e-07	20.5899	4.11159	X	97211329	TACTC	T	3.929436422226521e-05	4.405669733662363
X:70574784:T:G	70.0639	2.24326e-07	19.5596	4.11055	X	70574784	T	G	3.947177935384386e-05	4.40371329554171
X:99795041:C:T	20.9396	6.26879e-07	17.3242	4.10785	X	99795041	C	T	3.993593200308294e-05	4.398636175784586
X:55788374:T:TTGTGTG	12.1687	5.57145e-07	16.8993	4.10424	X	55788374	T	TTGTGTG	4.0564618563553345e-05	4.391852603416507
X:99796245:G:T	20.7033	6.2545e-07	17.3151	4.10349	X	99796245	G	T	4.069640510917039e-05	4.390443952204852
X:4289935:AGTGTGT:A	112.801	1.31234e-07	20.5719	4.10346	X	4289935	AGTGTGT	A	4.070168501240501e-05	4.390387611009634
X:81002790:C:T	20.0351	1.00028e-06	16.8127	4.10273	X	81002790	C	T	4.0830363187762376e-05	4.3890167569925165
X:65836071:A:C	107.599	1.25717e-07	20.5676	4.10153	X	65836071	A	C	4.104272817734563e-05	4.3867637786714075
X:99792906:T:C	20.3916	1.02881e-06	16.8022	4.09749	X	99792906	T	C	4.176542046476376e-05	4.379183142065916
X:2781409:A:C	10.3154	11.3895	-0.099051	-4.09111	X	2781409	A	C	4.2931342841333196e-05	4.367225527093348
X:7238178:GTAGATAGA:G	97.4783	2.18823e-07	19.9146	4.09092	X	7238178	GTAGATAGA	G	4.296653369314284e-05	4.36686968142577
X:44958505:G:A	29.9077	9.03028e-07	17.3156	4.08811	X	44958505	G	A	4.3490193575627545e-05	4.3616086592778744
X:117209299:A:G	13.7631	7.37559e-07	16.7419	4.08593	X	117209299	A	G	4.39006135452179e-05	4.357529410112308
X:70577873:A:G	70.0639	2.36937e-07	19.5049	4.08574	X	70577873	A	G	4.393655761806645e-05	4.357173972587173
X:133519476:A:AT	34.5678	5.25308e-07	18.0022	4.08571	X	133519476	A	AT	4.394223554915157e-05	4.357117852241104
X:122706150:G:C	22.974	6.70621e-07	17.3494	4.08366	X	122706150	G	C	4.433188051101483e-05	4.353283846001929
X:4278677:CTTAG:C	116.201	1.41331e-07	20.5275	4.0834	X	4278677	CTTAG	C	4.438153242657671e-05	4.352797706319507
X:70578764:CTT:C	70.6285	2.40749e-07	19.4969	4.08214	X	70578764	CTT	C	4.4622901340525024e-05	4.350442195701306
X:133504856:C:T	23.1856	4.80665e-07	17.6916	4.08108	X	133504856	C	T	4.482692148788196e-05	4.348461085509252
X:70577735:CT:C	69.1745	2.36524e-07	19.4939	4.08074	X	70577735	CT	C	4.4892549092221435e-05	4.347825733755074
X:4289529:TGAA:T	116.201	1.42272e-07	20.5209	4.08041	X	4289529	TGAA	T	4.495633360959481e-05	4.347209114655389
X:133506587:G:A	25.8516	5.37185e-07	17.6893	4.0795	X	133506587	G	A	4.513266985624307e-05	4.345508974710798
X:117425911:G:T	29.5205	9.26311e-07	17.2771	4.07857	X	117425911	G	T	4.5313559259077685e-05	4.3437718238091705
X:4281547:C:CTT	17.2025	7.5492e-07	16.9417	4.07752	X	4281547	C	CTT	4.551861555926652e-05	4.341810955402847
X:4289514:AT:A	115.367	1.43026e-07	20.5084	4.07477	X	4289514	AT	A	4.605984646836279e-05	4.336677514006481
X:83385759:C:CA	11.8739	1.19192e-06	16.1143	4.07426	X	83385759	C	CA	4.61608887014204e-05	4.335725838621657
X:88226824:C:CATA	13.8468	7.6131e-07	16.7163	4.07348	X	88226824	C	CATA	4.6315830546416065e-05	4.3342705436715185
X:133503216:G:T	27.2922	3.92485e-07	18.0574	4.07306	X	133503216	G	T	4.639946491187967e-05	4.33348702778904
X:127945629:T:A	12.5	6.1183e-07	16.8325	4.0727	X	127945629	T	A	4.647126547326523e-05	4.332815500954034
X:4278991:GA:G	115.248	1.44044e-07	20.5002	4.0711	X	4278991	GA	G	4.6791655693613344e-05	4.329831587295998
X:87281743:C:T	15.0533	8.36868e-07	16.7052	4.07086	X	87281743	C	T	4.6839894499902185e-05	4.329384091784173
X:133515680:C:CT	22.5887	6.79643e-07	17.3191	4.06908	X	133515680	C	CT	4.719914026042066e-05	4.326065912034466
X:73267985:G:T	16.2042	5.83491e-07	17.1395	4.06753	X	73267985	G	T	4.751409309825884e-05	4.323177555701202
X:73267984:G:T	16.2042	5.83491e-07	17.1395	4.06753	X	73267984	G	T	4.751409309825884e-05	4.323177555701202
X:15032874:G:C	16.463	5.98874e-07	17.1293	4.06275	X	15032874	G	C	4.849796225986696e-05	4.314276508776853
X:15034235:T:A	16.463	6.02017e-07	17.1241	4.06028	X	15034235	T	A	4.901390162413408e-05	4.309680725228876
X:93060338:C:T	14.3112	8.08765e-07	16.6888	4.06013	X	93060338	C	T	4.904540097423611e-05	4.309401710509397
X:65836254:C:T	98.406	2.36054e-07	19.8483	4.06013	X	65836254	C	T	4.904540097423611e-05	4.309401710509397
X:62906628:A:T	24.7443	5.36139e-07	17.6475	4.0596	X	62906628	A	T	4.915685243927277e-05	4.3084159331903535
X:15035127:C:T	16.463	6.03098e-07	17.1223	4.05944	X	15035127	C	T	4.9190545316031624e-05	4.308118362916767
X:124738524:A:C	15.1282	1.36764e-06	16.219	4.05839	X	124738524	A	C	4.941219864758006e-05	4.306165821292376
X:154463545:G:C	32.1026	1.38423e-06	16.9593	4.05805	X	154463545	G	C	4.948417479902799e-05	4.305533667658584
X:67638607:G:A	11.8974	1.2336e-06	16.0819	4.05784	X	67638607	G	A	4.9528680294440515e-05	4.305143243761495
X:106326137:GA:G	116.201	1.50051e-07	20.4676	4.05638	X	106326137	GA	G	4.9839149971477106e-05	4.30242937336825
X:132751899:T:C	25.9022	5.65453e-07	17.64	4.05603	X	132751899	T	C	4.991385128370949e-05	4.301778919279656
X:24220274:CTCTCTTTT:C	116.082	1.5028e-07	20.4651	4.05522	X	24220274	CTCTCTTTT	C	5.008713869033147e-05	4.300273777384025
X:7192563:C:CA	33.2826	1.44346e-06	16.9535	4.05505	X	7192563	C	CA	5.012357997943703e-05	4.299957917929475
X:4289390:C:T	112.801	1.46495e-07	20.4619	4.0538	X	4289390	C	T	5.0392303412657535e-05	4.297635789758076
X:127963039:C:T	13.9954	8.01543e-07	16.6755	4.05365	X	127963039	C	T	5.042464183427556e-05	4.297357177893584
X:48916127:CG:C	115.13	1.49666e-07	20.4609	4.05336	X	48916127	CG	C	5.048721856597271e-05	4.2968185547298186
X:70570126:C:T	115.962	1.51031e-07	20.459	4.05251	X	70570126	C	T	5.067105743885376e-05	4.295240032455585
X:4289213:A:G	112.801	1.46931e-07	20.4589	4.05245	X	4289213	A	G	5.06840582456355e-05	4.295128618667767
X:87171772:ATGC:A	115.248	1.50518e-07	20.4563	4.05125	X	87171772	ATGC	A	5.094473925562874e-05	4.292900656215181
X:94857278:AT:A	116.082	1.5163e-07	20.4561	4.05119	X	94857278	AT	A	5.095780660555014e-05	4.292789273757616
X:117427260:CA:C	116.082	1.51667e-07	20.4559	4.05108	X	117427260	CA	C	5.098177166481997e-05	4.292585076460203
X:122702882:T:C	21.809	6.8131e-07	17.2816	4.05099	X	122702882	T	C	5.10013873854215e-05	4.292418009673879
X:144734892:CA:C	65.6792	4.35181e-07	18.8323	4.05056	X	144734892	CA	C	5.109520571079858e-05	4.291619848026258
X:7238121:GGTGT:G	40.7053	4.32545e-07	18.3599	4.04951	X	7238121	GGTGT	G	5.132498479099498e-05	4.289671170650754
X:7205044:C:G	54.5452	4.99776e-07	18.5081	4.04902	X	7205044	C	G	5.143254985933704e-05	4.288761944230556
X:133520776:C:A	20.524	1.14327e-06	16.7032	4.04809	X	133520776	C	A	5.16372917821877e-05	4.287036543223864
X:110517270:TATC:T	115.485	1.52049e-07	20.4482	4.04761	X	110517270	TATC	T	5.1743267009975554e-05	4.286146153902976
X:20031533:G:A	17.7833	4.60535e-07	17.4691	4.04761	X	20031533	G	A	5.1743267009975554e-05	4.286146153902976
X:24220274:CTCTCTTTTTT:C	114.307	1.51279e-07	20.443	4.04528	X	24220274	CTCTCTTTTTT	C	5.226062360800424e-05	4.281825412291448
X:87160742:C:CTTG	19.2282	4.98829e-07	17.4674	4.04475	X	87160742	C	CTTG	5.2378988000430254e-05	4.280842896710225
X:110517811:GT:G	115.367	1.53061e-07	20.4405	4.04416	X	110517811	GT	G	5.251105093189195e-05	4.279749289857024
X:96265613:T:A	23.8399	5.3605e-07	17.6104	4.04242	X	96265613	T	A	5.290236451550189e-05	4.276524916375296
X:114892167:G:A	116.082	1.55028e-07	20.434	4.04118	X	114892167	G	A	5.318291619467601e-05	4.27422785255292
X:114892425:CA:C	116.201	1.5531e-07	20.4332	4.04083	X	114892425	CA	C	5.326235893018526e-05	4.2735796030552455
X:70570212:G:T	114.424	1.52993e-07	20.4328	4.04065	X	70570212	G	T	5.330325896540281e-05	4.273246237363241
X:127952057:ACTAT:A	56.5655	3.58734e-07	18.8761	4.04046	X	127952057	ACTAT	A	5.3346463509084596e-05	4.272894365918942
X:24220275:TCTC:T	114.19	1.52752e-07	20.4323	4.04044	X	24220275	TCTC	T	5.335101328553019e-05	4.272857327689646
X:154425927:G:GTTTT	12.012	1.29353e-06	16.044	4.03865	X	154425927	G	GTTTT	5.3759710660088744e-05	4.269543077362434
X:133520764:C:CA	20.225	1.15084e-06	16.6819	4.03747	X	133520764	C	CA	5.4030751700486426e-05	4.267358990315656
X:80162935:T:C	12.568	6.67028e-07	16.7516	4.03447	X	80162935	T	C	5.4725681134713575e-05	4.261808824347392
X:117219976:T:C	14.4309	8.6484e-07	16.6301	4.0344	X	117219976	T	C	5.4741996809464394e-05	4.261679364991017
X:117363977:ACT:A	116.201	1.57875e-07	20.4168	4.03343	X	117363977	ACT	A	5.4968560360245076e-05	4.259885637161773
X:87173060:GAGA:G	116.201	1.58347e-07	20.4138	4.03208	X	87173060	GAGA	G	5.528535967971487e-05	4.257389860596014
X:110512644:CAGAG:C	62.8694	4.33483e-07	18.7925	4.03167	X	110512644	CAGAG	C	5.538191471745875e-05	4.256632033479358
X:37419536:T:C	15.3191	1.45915e-06	16.1668	4.03159	X	37419536	T	C	5.540077334184964e-05	4.256484172893343
X:87172276:AG:A	113.261	1.55022e-07	20.4094	4.03009	X	87172276	AG	A	5.5755500948627765e-05	4.2537122778084635
X:127950127:AAG:A	56.5655	3.68741e-07	18.8486	4.02771	X	127950127	AAG	A	5.632275410218e-05	4.249316116967234
X:80160643:G:T	14.5522	8.84238e-07	16.6163	4.02769	X	80160643	G	T	5.63275440166492e-05	4.249279184381014
X:7240529:GTGTGTATA:G	51.3754	4.9254e-07	18.4629	4.02724	X	7240529	GTGTGTATA	G	5.643541915958457e-05	4.248448244996596
X:117363496:AT:A	116.201	1.60167e-07	20.4024	4.02692	X	117363496	AT	A	5.651224940044543e-05	4.247857405801401
X:106635609:G:T	69.84	2.69648e-07	19.3724	4.02564	X	106635609	G	T	5.682056224682122e-05	4.245494473191685
X:133511171:A:G	25.9146	6.04971e-07	17.5729	4.02413	X	133511171	A	G	5.718632344942795e-05	4.242707823665803
X:21506987:G:GT	11.9565	1.32566e-06	16.0149	4.02386	X	21506987	G	GT	5.725195903759996e-05	4.242209648120597
X:5142986:CAA:C	15.1997	1.47034e-06	16.1513	4.02365	X	5142986	CAA	C	5.730305826281454e-05	4.241822199128224
X:87283490:GTGTGTGTC:G	107.386	1.50273e-07	20.3872	4.02009	X	87283490	GTGTGTGTC	G	5.817591253593892e-05	4.2352567957298515
X:53354735:C:CCA	15.3081	1.49139e-06	16.1442	4.02	X	53354735	C	CCA	5.819814142386198e-05	4.235090884460926
X:73272512:GAAAGAAAAGAAAAGAAAAGA:G	91.5883	3.13232e-07	19.4936	4.0193	X	73272512	GAAAGAAAAGAAAAGAAAAGA	G	5.837130756890407e-05	4.233800578000457
X:81005974:G:A	20.0008	1.18362e-06	16.6427	4.0179	X	81005974	G	A	5.871910482032117e-05	4.231220573912119
X:24220272:TTC:T	108.675	1.53303e-07	20.3792	4.01647	X	24220272	TTC	T	5.9076380350486277e-05	4.228586122059611
X:7192313:C:T	32.5421	1.52276e-06	16.8775	4.01578	X	7192313	C	T	5.924950741749003e-05	4.227315255896006
X:10783880:CT:C	91.3371	3.18063e-07	19.4756	4.01095	X	10783880	CT	C	6.0474917766876836e-05	4.218424713514506
X:87174871:AAG:A	116.201	1.65967e-07	20.3668	4.01087	X	87174871	AAG	A	6.049541502343985e-05	4.218277539487629
X:96235922:C:CTA	18.0589	5.06324e-07	17.3897	4.0107	X	96235922	C	CTA	6.0538993537122394e-05	4.217964803480328
X:117364298:ATG:A	109.11	1.56081e-07	20.3653	4.01017	X	117364298	ATG	A	6.0675046829515544e-05	4.2169898798037355
X:91621360:C:T	93.3756	2.49854e-07	19.739	4.00941	X	91621360	C	T	6.087064742469861e-05	4.215592079034264
X:2781319:T:C	9.5936	8.35657	0.138049	-4.00904	X	2781319	T	C	6.09660899720126e-05	4.214911657332211
X:90288894:T:A	14.6645	9.26807e-07	16.577	4.00859	X	90288894	T	A	6.108235970592513e-05	4.2140841938247355
X:90953975:C:T	13.0423	9.81149e-07	16.4027	4.00807	X	90953975	C	T	6.12169773122186e-05	4.213128118205406
X:53355844:CTTT:C	15.3539	1.53213e-06	16.1202	4.00771	X	53355844	CTTT	C	6.131033861227499e-05	4.21246628529119
X:55695037:TA:T	14.0405	8.85982e-07	16.5785	4.00657	X	55695037	TA	T	6.160687288219352e-05	4.2103708351032765
X:96265617:T:A	23.143	5.65052e-07	17.528	4.00322	X	96265617	T	A	6.248614515533877e-05	4.204216266649661
X:80162104:A:G	13.7096	7.3168e-07	16.746	4.00299	X	80162104	A	G	6.254694689782462e-05	4.20379388465623
X:70572026:T:G	116.201	1.69372e-07	20.3465	4.0017	X	70572026	T	G	6.288900469334802e-05	4.201425278535998
X:30832973:C:CT	12.6065	9.62408e-07	16.388	4.00092	X	30832973	C	CT	6.309668862580004e-05	4.199993432345067
X:48916570:C:T	17.57	5.03131e-07	17.3686	4.00088	X	48916570	C	T	6.310735656574071e-05	4.19992001112543
X:7205581:GTTTTCT:G	29.8141	1.07356e-06	17.1395	4.00086	X	7205581	GTTTTCT	G	6.311269117596338e-05	4.199883300764031
X:4283234:C:T	12.7445	9.74705e-07	16.3862	4.00003	X	4283234	C	T	6.333445433446458e-05	4.198359966814776
X:133515205:T:C	21.1052	7.91017e-07	17.0995	3.99996	X	133515205	T	C	6.335319094085719e-05	4.198231505909097
X:127924789:A:G	17.0331	8.81807e-07	16.7765	3.99831	X	127924789	A	G	6.379636199395668e-05	4.1952040863415005
X:67662403:A:G	13.6226	7.35609e-07	16.7343	3.99743	X	67662403	A	G	6.403391815161211e-05	4.193589923452062
X:70572368:C:T	116.201	1.71855e-07	20.3319	3.99513	X	70572368	C	T	6.465876383254706e-05	4.189372602629434
X:127923838:T:G	17.182	8.96635e-07	16.7685	3.99448	X	127923838	T	G	6.4836393889981e-05	4.188181148006652
X:82442667:A:C	46.502	5.4672e-07	18.2588	3.99404	X	82442667	A	C	6.495689781197614e-05	4.187374724150366
X:70572165:AC:A	115.604	1.71408e-07	20.3294	3.99398	X	70572165	AC	A	6.497334657948209e-05	4.187264763470562
X:82207091:C:T	13.5221	7.36561e-07	16.7256	3.9933	X	82207091	C	T	6.516004167627814e-05	4.186018646589252
X:82443080:T:C	46.502	5.48779e-07	18.2551	3.99225	X	82443080	T	C	6.544931845903448e-05	4.184094871512333
X:90288143:C:CT	14.6217	9.55894e-07	16.5431	3.99217	X	90288143	C	CT	6.547140835312442e-05	4.183948316884449
X:93509757:T:C	22.8166	8.05677e-07	17.1591	3.99201	X	93509757	T	C	6.551560931158395e-05	4.183655215576783
X:35517802:CTG:C	116.082	1.7362e-07	20.3207	3.99005	X	35517802	CTG	C	6.605936815043932e-05	4.180065584596919
X:139850853:T:C	11.9803	1.42355e-06	15.9456	3.98875	X	139850853	T	C	6.642237740916591e-05	4.177685584064281
X:96251971:A:T	48.0571	5.7163e-07	18.2472	3.98848	X	96251971	A	T	6.649800802113913e-05	4.177191363995911
X:10784443:CT:C	90.5074	3.31594e-07	19.4248	3.98745	X	10784443	CT	C	6.678727389552448e-05	4.175306283085545
X:73260671:C:A	18.0514	5.32527e-07	17.3389	3.98705	X	73260671	C	A	6.689993083775377e-05	4.174574331212706
X:37389093:A:G	15.3766	1.60271e-06	16.0767	3.98535	X	37389093	A	G	6.7380732110019e-05	4.17146427460135
X:133517845:T:C	21.1703	8.18101e-07	17.0689	3.98527	X	133517845	T	C	6.740343841564804e-05	4.171317948466851
X:7238121:G:GGT	13.4511	7.46962e-07	16.7063	3.98415	X	7238121	G	GGT	6.772208792315412e-05	4.169269660729581
X:133505313:T:A	27.2922	4.7795e-07	17.8604	3.9821	X	133505313	T	A	6.830902593852302e-05	4.165521907499928
X:82612857:A:T	42.081	5.17271e-07	18.2143	3.98162	X	82612857	A	T	6.844714908362411e-05	4.1646446361061065
X:106640769:G:T	69.84	2.97909e-07	19.2727	3.98044	X	106640769	G	T	6.878782600203079e-05	4.1624884159500395
X:93058948:A:C	32.155	1.61271e-06	16.8082	3.97993	X	93058948	A	C	6.893556371557871e-05	4.161556668648364
X:63831331:T:C	95.4831	2.73601e-07	19.6705	3.97762	X	63831331	T	C	6.960849604701565e-05	4.157337749453378
X:117249614:T:A	34.8221	6.6532e-07	17.7733	3.97665	X	117249614	T	A	6.989291808224421e-05	4.155566827024236
X:96242994:C:G	14.5788	9.86026e-07	16.5092	3.97567	X	96242994	C	G	7.018138860825133e-05	4.153778043089337
X:117415831:C:T	15.279	1.62455e-06	16.0568	3.97514	X	117415831	C	T	7.033786711275569e-05	4.152810805129183
X:133502504:AT:A	116.082	1.80293e-07	20.283	3.97303	X	133502504	AT	A	7.096410737528414e-05	4.148961255651008
X:139853173:A:C	11.9763	1.4689e-06	15.9139	3.97268	X	139853173	A	C	7.106849474942286e-05	4.148322882938641
X:153168593:TAATA:T	21.7309	8.64318e-07	17.0401	3.97144	X	153168593	TAATA	T	7.143949443305593e-05	4.146061627547715
X:70572154:GA:G	110.654	1.72962e-07	20.2766	3.97015	X	70572154	GA	G	7.182739769420556e-05	4.143709867765775
X:70574866:TA:T	116.082	1.82102e-07	20.273	3.96852	X	70574866	TA	T	7.232038857797587e-05	4.140739249059002
X:70574868:TGAATATCTAGGACAAGAGTGTCCAA:T	116.082	1.82102e-07	20.273	3.96852	X	70574868	TGAATATCTAGGACAAGAGTGTCCAA	T	7.232038857797587e-05	4.140739249059002
X:70574852:TGGGGAGCAAGGCA:T	116.082	1.82102e-07	20.273	3.96852	X	70574852	TGGGGAGCAAGGCA	T	7.232038857797587e-05	4.140739249059002
X:70574842:TTGAG:T	116.082	1.82102e-07	20.273	3.96852	X	70574842	TTGAG	T	7.232038857797587e-05	4.140739249059002
X:127932212:C:CA	16.3549	7.27509e-07	16.9282	3.9681	X	127932212	C	CA	7.244793451855384e-05	4.139973991697037
X:44952271:C:CTTT	12.9692	1.06093e-06	16.3189	3.96729	X	44952271	C	CTTT	7.269451705490764e-05	4.138498344334866
X:110517785:T:C	93.983	2.76033e-07	19.6459	3.96617	X	110517785	T	C	7.303677860609303e-05	4.136458390244439
X:82166917:G:A	105.08	1.65881e-07	20.2667	3.96569	X	82166917	G	A	7.318392821092286e-05	4.1355842830901715
X:81009091:G:A	20.0008	1.31468e-06	16.5377	3.96549	X	81009091	G	A	7.324532326585704e-05	4.135220099911365
X:70575653:GA:G	116.321	1.839e-07	20.2652	3.96502	X	70575653	GA	G	7.338979345012911e-05	4.134364334586723
X:87174946:AAAAGAAAG:A	116.201	1.83827e-07	20.2646	3.96473	X	87174946	AAAAGAAAG	A	7.34790690326153e-05	4.13383635476905
X:142762551:C:CTTTT	11.965	1.49331e-06	15.8965	3.96385	X	142762551	C	CTTTT	7.375060339778721e-05	4.132234422112411
X:15036495:G:GAA	17.7045	5.53163e-07	17.2814	3.96035	X	15036495	G	GAA	7.483999153000908e-05	4.125866270323157
X:127399843:C:A	12.02	1.51101e-06	15.8893	3.9602	X	127399843	C	A	7.488701797939844e-05	4.125593462788808
X:127401888:T:C	12.02	1.51144e-06	15.889	3.96006	X	127401888	T	C	7.493093454302492e-05	4.1253388508217865
X:110519627:C:CTT	14.1984	9.87824e-07	16.4809	3.95915	X	110519627	C	CTT	7.521698641196423e-05	4.123684070685924
X:99805710:A:G	19.1803	5.99469e-07	17.2811	3.95906	X	99805710	A	G	7.52453333041506e-05	4.1235204297288455
X:70577270:CAG:C	116.201	1.8637e-07	20.2509	3.95853	X	70577270	CAG	C	7.541247002723964e-05	4.122556834286274
X:97208977:ACT:A	115.723	1.86056e-07	20.2484	3.95743	X	97208977	ACT	A	7.576047865932675e-05	4.1205572900970795
X:94860930:T:C	102.055	3.05453e-07	19.627	3.9574	X	94860930	T	C	7.576999104369592e-05	4.120502764085845
X:94861187:TA:T	102.055	3.05454e-07	19.627	3.9574	X	94861187	TA	T	7.576999104369592e-05	4.120502764085845
X:127403050:T:C	12.02	1.51997e-06	15.8834	3.9572	X	127403050	T	C	7.583343580790101e-05	4.120139266859157
X:82170386:A:G	24.2229	6.51481e-07	17.4313	3.95718	X	82170386	A	G	7.583978304650031e-05	4.120102918046606
X:70577272:GA:G	115.843	1.86653e-07	20.2462	3.95645	X	70577272	GA	G	7.607180136179846e-05	4.118776299635262
X:65837293:C:T	116.201	1.8731e-07	20.2458	3.95625	X	65837293	C	T	7.613548506263866e-05	4.118412881008918
X:31140779:ATTGT:A	17.922	5.65025e-07	17.2724	3.95617	X	31140779	ATTGT	A	7.616097265559077e-05	4.118267518191617
X:10781125:A:T	71.4883	3.24102e-07	19.2117	3.9528	X	10781125	A	T	7.724199562833684e-05	4.112146514292195
X:97207858:CAA:C	116.201	1.89084e-07	20.2364	3.952	X	97207858	CAA	C	7.750074066538642e-05	4.110694146973003
X:133507197:C:A	26.9276	5.03565e-07	17.7947	3.95178	X	133507197	C	A	7.757203908886802e-05	4.110294792371668
X:97207304:TAA:T	116.321	1.89449e-07	20.2355	3.9516	X	97207304	TAA	T	7.763042028587374e-05	4.109968062589106
X:132564141:GA:G	51.0249	5.74365e-07	18.3023	3.95003	X	132564141	GA	G	7.814139839140402e-05	4.107118821058046
X:117362239:CA:C	114.073	1.86461e-07	20.2319	3.94996	X	117362239	CA	C	7.81642547401077e-05	4.106991808554143
X:101792604:C:CGT	14.2082	1.00782e-06	16.4615	3.94975	X	101792604	C	CGT	7.823286171630303e-05	4.10661078320319
X:4287398:TAC:T	116.201	1.90415e-07	20.2294	3.94883	X	4287398	TAC	T	7.853409721878754e-05	4.104941744288502
X:10782156:A:C	71.3151	3.26774e-07	19.2011	3.94797	X	10782156	A	C	7.881667828944513e-05	4.103381872324553
X:4286526:CAGAG:C	116.201	1.90922e-07	20.2267	3.94763	X	4286526	CAGAG	C	7.892866130289851e-05	4.1027652631352725
X:4287417:GTGCA:G	114.658	1.88492e-07	20.2262	3.94738	X	4287417	GTGCA	G	7.901109769735218e-05	4.102311904529472
X:80997955:T:C	19.3499	6.21854e-07	17.2532	3.94625	X	80997955	T	C	7.938472668428932e-05	4.1002630461218414
X:87174946:AAAAG:A	110.877	1.83494e-07	20.2195	3.94437	X	87174946	AAAAG	A	8.001004300142134e-05	4.0968554961787005
X:69674102:CCTATCTAT:C	102.55	3.15686e-07	19.5989	3.94435	X	69674102	CCTATCTAT	C	8.001672026523794e-05	4.096819253505634
X:7238934:G:A	96.0212	2.95701e-07	19.5985	3.94418	X	7238934	G	A	8.007349827994624e-05	4.096511197463995
X:90290843:T:C	14.4363	1.04332e-06	16.4429	3.94348	X	90290843	T	C	8.030769162241574e-05	4.095242857346488
X:4287052:TAC:T	115.248	1.91266e-07	20.2167	3.9431	X	4287052	TAC	T	8.043509614664961e-05	4.094554414720865
X:70574588:CT:C	110.989	1.84628e-07	20.2143	3.94205	X	70574588	CT	C	8.078812903555135e-05	4.092652449536171
X:117414842:A:G	14.0911	1.01767e-06	16.4435	3.94101	X	117414842	A	G	8.113924312193865e-05	4.090769047771681
X:133503257:TA:T	115.367	1.92611e-07	20.2107	3.9404	X	133503257	TA	T	8.134585564301537e-05	4.0896645683229185
X:10796413:G:GTTT	13.7876	9.9998e-07	16.4393	3.93895	X	10796413	G	GTTT	8.183898152543483e-05	4.087039783995748
X:97479745:AT:A	97.5706	3.04152e-07	19.5863	3.93853	X	97479745	AT	A	8.198234488027946e-05	4.08627966403852
X:4287180:CAG:C	113.957	1.92208e-07	20.2005	3.9358	X	4287180	CAG	C	8.292000843320783e-05	4.081340662409153
X:64358843:G:GCACACACACA	12.0279	1.59626e-06	15.8351	3.93271	X	64358843	G	GCACACACACA	8.399354626017528e-05	4.075754082167521
X:7200058:CT:C	19.9836	1.40355e-06	16.4714	3.93242	X	7200058	CT	C	8.409497040326959e-05	4.075229977940799
X:104947340:T:C	29.1406	1.23032e-06	16.9804	3.93158	X	104947340	T	C	8.438940421895417e-05	4.073712079181424
X:55806073:CT:C	15.4402	1.78809e-06	15.9713	3.9313	X	55806073	CT	C	8.448776511625524e-05	4.073206177762878
X:69674102:CCTATCTATCTATCTAT:C	100.109	3.1931e-07	19.5634	3.92788	X	69674102	CCTATCTATCTATCTAT	C	8.569794950029018e-05	4.067029569341245
X:7238121:GGT:G	93.3756	2.98565e-07	19.5609	3.92673	X	7238121	GGT	G	8.610854956450988e-05	4.06495372607999
X:127961779:CTT:C	115.723	2.00176e-07	20.1753	3.92441	X	127961779	CTT	C	8.694255482530765e-05	4.06076760212274
X:34183792:G:A	116.201	2.01343e-07	20.1736	3.92364	X	34183792	G	A	8.722104107810573e-05	4.059378733854083
X:4287416:CGT:C	110.32	1.92179e-07	20.1682	3.92123	X	4287416	CGT	C	8.809812376309378e-05	4.055033340714081
X:64375379:T:C	13.4228	8.53046e-07	16.5714	3.92013	X	64375379	T	C	8.850121554331379e-05	4.053050764328972
X:107069866:TAA:T	79.0371	4.47568e-07	18.9894	3.91638	X	107069866	TAA	T	8.988852614438012e-05	4.046295740415813
X:62914331:C:T	115.485	2.04189e-07	20.1534	3.91452	X	62914331	C	T	9.058422953567642e-05	4.0429474052127725
X:100065505:T:TA	12.7272	1.16363e-06	16.2077	3.91317	X	100065505	T	TA	9.10923576163164e-05	4.040518057541685
X:75929703:G:C	11.8155	1.63167e-06	15.7953	3.91256	X	75929703	G	C	9.132283825255464e-05	4.039420599390872
X:73239422:A:T	12.8892	1.18203e-06	16.2047	3.91169	X	73239422	A	T	9.165250971206702e-05	4.037855638293923
X:73239316:A:G	12.8892	1.18203e-06	16.2047	3.91169	X	73239316	A	G	9.165250971206702e-05	4.037855638293923
X:48915969:ATG:A	113.84	2.0299e-07	20.1449	3.9107	X	48915969	ATG	A	9.202902034536234e-05	4.036075201040569
X:107783858:A:ATGTGTGTGTG	12.4495	8.61124e-07	16.4867	3.90938	X	107783858	A	ATGTGTGTGTG	9.253330735948854e-05	4.033701914842094
X:100065506:T:TTA	12.7185	1.17207e-06	16.1998	3.90932	X	100065506	T	TTA	9.255629139299408e-05	4.033594055307664
X:67643069:GCT:G	111.889	2.01132e-07	20.1368	3.90705	X	67643069	GCT	G	9.342982543813801e-05	4.0295144625761345
X:104946056:TA:T	115.485	2.07859e-07	20.1355	3.90647	X	104946056	TA	T	9.365426475811092e-05	4.028472441259994
X:4280755:GT:G	115.962	2.09691e-07	20.1309	3.90437	X	4280755	GT	G	9.44711564195325e-05	4.024700768421206
X:94857979:AAAC:A	115.248	2.09577e-07	20.1253	3.90183	X	94857979	AAAC	A	9.54681978335507e-05	4.02014127559506
X:87176193:TCGA:T	108.459	1.97582e-07	20.1235	3.90103	X	87176193	TCGA	T	9.578427867580477e-05	4.0187057669615225
X:82166797:GA:G	35.6015	7.97586e-07	17.6141	3.90082	X	82166797	GA	G	9.586741348982161e-05	4.018328989769126
X:80342947:A:AT	13.7435	9.11999e-07	16.5282	3.89962	X	80342947	A	AT	9.634377811992808e-05	4.016176326835535
X:83368694:C:A	15.6334	1.92978e-06	15.9075	3.89855	X	83368694	C	A	9.677042069958241e-05	4.014257370894639
X:104946417:A:T	29.7209	1.31667e-06	16.9323	3.89818	X	104946417	A	T	9.69183659352994e-05	4.013593916772099
X:35522240:A:T	52.1236	6.54088e-07	18.1936	3.89776	X	35522240	A	T	9.708656256022412e-05	4.012840875239107
X:4286448:TCTCA:T	110.32	2.02474e-07	20.116	3.89767	X	4286448	TCTCA	T	9.712264053242792e-05	4.0126795186795094
X:101977369:T:C	25.1979	7.69593e-07	17.3042	3.8963	X	101977369	T	C	9.767339274854436e-05	4.010223726519162
X:2781309:A:T	9.51772	7.74664	0.205896	-3.89532	X	2781309	A	T	9.806916910182888e-05	4.00846750427598
X:4286448:TCTCACA:T	111.325	2.05801e-07	20.1088	3.8944	X	4286448	TCTCACA	T	9.844209169992591e-05	4.006819166971627
X:73272512:G:GAAAGA	12.9558	1.23258e-06	16.1679	3.89382	X	73272512	G	GAAAGA	9.86778827147633e-05	4.00578017753617
X:79958792:CTAA:C	102.55	3.52324e-07	19.4891	3.89339	X	79958792	CTAA	C	9.885303736443759e-05	4.005009981986636
X:7181684:T:G	32.6311	1.93674e-06	16.6398	3.8929	X	7181684	T	G	9.905298998945086e-05	4.004132410420026
X:78612109:T:C	89.1226	4.01772e-07	19.2174	3.89149	X	78612109	T	C	9.96304961574053e-05	4.001607706900795
X:44952271:CT:C	85.229	3.84262e-07	19.2173	3.89144	X	44952271	CT	C	9.965103333962622e-05	4.0015181934876205
X:63824790:CT:C	108.675	2.02345e-07	20.1017	3.89118	X	63824790	CT	C	9.975789112471991e-05	4.001052740389356
X:3992827:A:T	36.7901	6.71275e-07	17.8193	3.89111	X	3992827	A	T	9.978667900473512e-05	4.000927430865625
X:70578764:CTTT:C	115.962	2.16226e-07	20.1002	3.89052	X	70578764	CTTT	C	0.00010002963151328906	3.9998713310352207
X:70578764:CTTTTTTTTTTTT:C	115.604	2.16331e-07	20.0966	3.88891	X	70578764	CTTTTTTTTTTTT	C	0.00010069544762228067	3.9969901631823648
X:44956284:A:G	12.7314	1.22615e-06	16.1557	3.88786	X	44956284	A	G	0.0001011319269713924	3.99511171761777
X:127919524:T:A	17.0466	1.11168e-06	16.5456	3.88764	X	127919524	T	A	0.00010122360579944876	3.9947181962614597
X:133520785:C:A	21.1145	1.00003e-06	16.8654	3.88759	X	133520785	C	A	0.00010124445283459948	3.994628762378179
X:37384304:T:A	15.3997	1.9471e-06	15.8835	3.88624	X	37384304	T	A	0.00010180885709048092	3.9922144379305413
X:4281210:TA:T	115.723	2.18007e-07	20.0899	3.88589	X	4281210	TA	T	0.00010195566816615197	3.991588624865204
X:82599627:T:G	15.4634	1.95683e-06	15.8827	3.8858	X	82599627	T	G	0.00010199345187093993	3.9914277096851825
X:73239110:C:T	12.8187	1.24557e-06	16.1468	3.88354	X	73239110	C	T	0.00010294658683408664	3.9873880477219545
X:66966239:C:T	12.7837	1.24446e-06	16.145	3.88264	X	66966239	C	T	0.00010332848927692751	3.985779920204212
X:122707216:TAAAGTA:T	22.7543	1.01162e-06	16.9287	3.8811	X	122707216	TAAAGTA	T	0.00010398507001156197	3.9830290114421096
X:122707164:T:C	22.744	1.01261e-06	16.9273	3.88041	X	122707164	T	C	0.00010428052784110371	3.981796779211625
X:27418970:C:T	15.2402	1.94933e-06	15.872	3.88031	X	27418970	C	T	0.000104323413490342	3.981618211146606
X:96266152:G:A	22.942	1.02612e-06	16.9227	3.87821	X	96266152	G	A	0.00010522786623403174	3.9778692359513284
X:3986049:G:A	106.75	2.04742e-07	20.072	3.87779	X	3986049	G	A	0.00010540964252141514	3.977119659500149
X:3985934:G:A	106.75	2.04742e-07	20.072	3.87779	X	3985934	G	A	0.00010540964252141514	3.977119659500149
X:44963440:A:AGTGT	12.898	1.26868e-06	16.1346	3.8776	X	44963440	A	AGTGT	0.00010549197196171994	3.976780589327297
X:70578804:CTTG:C	113.724	2.18291e-07	20.0712	3.87743	X	70578804	CTTG	C	0.0001055656865773987	3.9764772233907255
X:34181444:G:GA	11.9289	1.76594e-06	15.7258	3.8773	X	34181444	G	GA	0.00010562208937245789	3.9762452457288524
X:73238633:A:G	12.8231	1.26248e-06	16.1337	3.87714	X	73238633	A	G	0.00010569154723625005	3.9759597443429486
X:117420053:G:A	18.9492	7.08769e-07	17.1015	3.87645	X	117420053	G	A	0.00010599157831533115	3.97472864073977
X:84488324:AACAC:A	43.8594	2.07482e-07	19.1692	3.87568	X	84488324	AACAC	A	0.00010632734443511507	3.9733550326533598
X:19621241:AT:A	22.405	1.00934e-06	16.9155	3.87474	X	19621241	AT	A	0.00010673860132095349	3.971678492394074
X:7239881:CTT:C	89.6889	4.19365e-07	19.1809	3.87459	X	7239881	CTT	C	0.00010680436612500952	3.9714109931385417
X:107069866:TAAAA:T	89.6889	4.20946e-07	19.1771	3.87285	X	107069866	TAAAA	T	0.00010757003727248097	3.968308680893957
X:107071045:AC:A	90.015	4.23183e-07	19.1754	3.87208	X	107071045	AC	A	0.0001079105192513968	3.9669362176881835
X:117237251:T:A	16.7347	1.12737e-06	16.5131	3.87207	X	117237251	T	A	0.00010791494777659655	3.966918395101406
X:99792859:TGAC:T	20.6046	1.01118e-06	16.8299	3.87053	X	99792859	TGAC	T	0.00010859899103499099	3.9641742096456194
X:133504903:G:A	19.3824	7.37921e-07	17.0838	3.8683	X	133504903	G	A	0.00010959677567835198	3.9602022225459725
X:82167359:G:A	24.2343	7.86757e-07	17.2431	3.8676	X	82167359	G	A	0.00010991176097019347	3.9589558339534494
X:104944886:TACTA:T	116.201	2.2815e-07	20.0486	3.86722	X	104944886	TACTA	T	0.00011008311044940351	3.9582793077429432
X:135735881:C:T	13.3949	9.52498e-07	16.4591	3.86681	X	135735881	C	T	0.00011026827014620339	3.95754943844691
X:127651372:T:C	23.2713	7.59176e-07	17.2383	3.86529	X	127651372	T	C	0.00011095728276224065	3.9548441872611444
X:117240383:G:C	16.9596	1.15966e-06	16.4982	3.86493	X	117240383	G	C	0.00011112106379621425	3.954203609615525
X:91603242:C:T	15.8246	2.08671e-06	15.8415	3.86467	X	91603242	C	T	0.00011123949190228188	3.953741003487662
X:44966140:T:A	12.3784	9.41307e-07	16.3919	3.86463	X	44966140	T	A	0.00011125772217539556	3.9536698357917666
X:31960138:C:T	12.9079	1.30792e-06	16.1049	3.86315	X	31960138	C	T	0.000111934227012893	3.951037095509485
X:117410937:T:G	14.9365	1.27485e-06	16.2765	3.86271	X	117410937	T	G	0.00011213609716373792	3.9502545633592336
X:7238178:GTAGATAGATAGA:G	106.855	2.12524e-07	20.0357	3.8614	X	7238178	GTAGATAGATAGA	G	0.0001127391548912728	3.947925225036786
X:133520786:C:A	21.096	1.058e-06	16.8082	3.86011	X	133520786	C	A	0.0001133359941345253	3.9456321415799636
X:154013378:G:A	26.5703	6.0664e-07	17.5951	3.85963	X	154013378	G	A	0.00011355883367326127	3.944779076624059
X:66957062:G:A	17.9202	6.97731e-07	17.0614	3.85805	X	66957062	G	A	0.00011429526973937667	3.9419717430832537
X:77036961:C:A	50.0622	7.82932e-07	17.9735	3.85799	X	77036961	C	A	0.00011432332424733112	3.941865155794391
X:82164084:TAC:T	114.776	2.30263e-07	20.027	3.85749	X	82164084	TAC	T	0.00011455736452224544	3.940976986190303
X:21232490:T:G	94.8611	3.525e-07	19.4106	3.85698	X	21232490	T	G	0.00011479655109340151	3.9400711595304183
X:7238988:CAT:C	115.248	2.3152e-07	20.0257	3.85688	X	7238988	CAT	C	0.0001148435056195998	3.9398935590524844
X:82444164:G:A	15.551	2.08543e-06	15.8247	3.85604	X	82444164	G	A	0.00011523863938739584	3.9384018780385732
X:82444170:C:T	15.551	2.08543e-06	15.8247	3.85604	X	82444170	C	T	0.00011523863938739584	3.9384018780385732
X:104946468:GGTTA:G	103.956	2.09678e-07	20.0217	3.85506	X	104946468	GGTTA	G	0.00011570124928797281	3.936661951714251
X:37400217:T:A	89.0421	4.34489e-07	19.1382	3.85485	X	37400217	T	A	0.00011580060758280371	3.9362891619456577
X:37400218:A:C	89.0421	4.34489e-07	19.1382	3.85485	X	37400218	A	C	0.00011580060758280371	3.9362891619456577
X:45064935:A:G	15.319	2.06776e-06	15.8181	3.85269	X	45064935	A	G	0.0001168272598002694	3.932455809624896
X:82599664:A:C	15.1824	2.05144e-06	15.8171	3.85216	X	82599664	A	C	0.00011708047808559073	3.931515512839629
X:21232074:T:A	95.4831	3.59154e-07	19.3985	3.85133	X	21232074	T	A	0.00011747806765945545	3.9300432055926953
X:87162971:C:A	17.2778	1.21708e-06	16.4685	3.85068	X	87162971	C	A	0.00011779032160278517	3.9288903924621867
X:127946973:T:A	14.0154	1.22563e-06	16.2522	3.84808	X	127946973	T	A	0.00011904718100457141	3.9242808840781205
X:4282011:A:T	33.2093	2.15139e-06	16.5522	3.84766	X	4282011	A	T	0.00011925139469968499	3.9235365329852483
X:91604642:T:C	15.8306	2.1627e-06	15.8061	3.84651	X	91604642	T	C	0.00011981224297195087	3.9214988014501264
X:117417129:T:C	15.1373	2.06912e-06	15.8055	3.84623	X	117417129	T	C	0.00011994917333341582	3.921002740759702
X:87259945:T:C	14.849	1.31427e-06	16.2402	3.84506	X	87259945	T	C	0.00012052294470383889	3.9189302658718566
X:117417190:A:C	15.1316	2.0731e-06	15.8033	3.84505	X	117417190	A	C	0.00012052785986745829	3.9189125548466506
X:64360390:CA:C	98.8748	3.77773e-07	19.3828	3.84407	X	64360390	CA	C	0.0001210104637762766	3.917177074610693
X:78679347:T:C	25.7513	8.80089e-07	17.1917	3.84281	X	78679347	T	C	0.00012163363188542199	3.914946325369548
X:117415541:T:C	15.1148	2.08358e-06	15.7971	3.84189	X	117415541	T	C	0.0001220905532560303	3.9133179382459096
X:44947391:A:AT	14.0104	1.24133e-06	16.2391	3.84173	X	44947391	A	AT	0.00012217018284290505	3.913034776146643
X:82441645:A:AAAAT	15.2221	2.10085e-06	15.7959	3.84129	X	82441645	A	AAAAT	0.00012238941674899424	3.9122561348557348
X:7203791:T:G	52.2677	7.39059e-07	18.0743	3.84035	X	7203791	T	G	0.00012285902327797586	3.910592941618373
X:45119423:C:CT	15.2448	2.11302e-06	15.7916	3.83909	X	45119423	C	CT	0.0001234911608174447	3.9083641269840004
X:37398007:CACACACACAT:C	73.5567	4.28558e-07	18.9609	3.83904	X	37398007	CACACACACAT	C	0.0001235163087803657	3.9082756954755666
X:87255194:A:G	12.1733	9.7761e-07	16.3374	3.83887	X	87255194	A	G	0.00012360184797040124	3.9079750360647725
X:48980225:TTGTG:T	17.641	7.1673e-07	17.0188	3.83826	X	48980225	TTGTG	T	0.00012390924263267159	3.906896297541153
X:97206606:CA:C	116.082	2.43284e-07	19.9833	3.83776	X	97206606	CA	C	0.00012416174276877394	3.9060122001648985
X:89955259:ATG:A	64.5231	6.71381e-07	18.381	3.83644	X	89955259	ATG	A	0.00012483067565344677	3.9036786788363487
X:97206349:GTA:G	115.843	2.43501e-07	19.9804	3.83643	X	97206349	GTA	G	0.00012483575626818003	3.9036610033889394
X:86888248:AATATAT:A	66.1406	6.8867e-07	18.3803	3.83612	X	86888248	AATATAT	A	0.0001249933520388054	3.9031130849890694
X:70579332:CA:C	115.604	2.44154e-07	19.9756	3.83429	X	70579332	CA	C	0.00012592750331312185	3.8998794070434553
X:124740438:T:TATAAC	14.972	1.35825e-06	16.2155	3.83309	X	124740438	T	TATAAC	0.0001265436296752948	3.89775971274597
X:100090493:T:C	102.849	4.02498e-07	19.3588	3.83294	X	100090493	T	C	0.00012662084494550796	3.89749479274199
X:100090144:C:T	102.849	4.02498e-07	19.3588	3.83294	X	100090144	C	T	0.00012662084494550796	3.89749479274199
X:101995184:C:G	16.3929	9.72713e-07	16.64	3.83252	X	101995184	C	G	0.00012683728402326121	3.896753066127283
X:7204715:A:G	37.4158	7.72945e-07	17.6951	3.83228	X	7204715	A	G	0.00012696112001000487	3.896329255030624
X:99790728:AT:A	21.152	1.12415e-06	16.7502	3.83227	X	99790728	AT	A	0.00012696628231498617	3.8963115967507607
X:94863206:G:A	98.0334	3.84432e-07	19.3568	3.832	X	94863206	G	A	0.00012710573935511866	3.895834838793105
X:82604852:C:G	47.6768	7.9233e-07	17.9127	3.82902	X	82604852	C	G	0.00012865455239362763	3.890574841832551
X:133505760:C:T	114.776	2.45451e-07	19.9632	3.82865	X	133505760	C	T	0.00012884809124629292	3.8899220106974175
X:82604855:CA:C	47.6454	7.92541e-07	17.9118	3.82858	X	82604855	CA	C	0.0001288847375570597	3.8897985084588456
X:133506817:TC:T	116.201	2.48596e-07	19.9628	3.82848	X	133506817	TC	T	0.00012893710646930823	3.88962208019683
X:55708643:TA:T	26.7415	6.55402e-07	17.5242	3.82689	X	55708643	TA	T	0.0001297724711976736	3.8868174252161833
X:100073574:G:GACACACACAC	11.8506	1.93908e-06	15.6257	3.82655	X	100073574	G	GACACACACAC	0.00012995176335344412	3.8862178230542757
X:7233091:CT:C	40.458	6.94944e-07	17.8797	3.82565	X	7233091	CT	C	0.00013042748768209722	3.8846308710993256
X:117376871:A:G	14.2904	1.31068e-06	16.2046	3.82494	X	117376871	A	G	0.0001308039388219564	3.883379178160946
X:127979044:TAACA:T	22.6195	1.13124e-06	16.811	3.82444	X	127979044	TAACA	T	0.00013106965941873036	3.8824978290727774
X:127619373:C:A	13.8267	1.26959e-06	16.2034	3.82438	X	127619373	C	A	0.00013110158005056021	3.8823920741138496
X:117239735:T:C	16.6435	1.23889e-06	16.4133	3.82423	X	117239735	T	C	0.00013118141368235206	3.882127693214922
X:99786659:TG:T	20.4181	1.78128e-06	16.2546	3.82423	X	99786659	TG	T	0.00013118141368235206	3.882127693214922
X:107072634:GA:G	102.749	4.10345e-07	19.3386	3.82352	X	107072634	GA	G	0.00013155991485638586	3.8808764162582015
X:77039680:T:G	116.201	2.51497e-07	19.9512	3.82324	X	77039680	T	G	0.00013170946567543117	3.880383012108199
X:96265609:T:TATTTATTTA	21.5767	1.16962e-06	16.7304	3.82277	X	96265609	T	TATTTATTTA	0.00013196085758932825	3.8795548707176093
X:65838205:TG:T	103.149	4.12755e-07	19.3366	3.82261	X	65838205	TG	T	0.0001320465409233649	3.8792729710384384
X:80989814:AACACATACACACACAC:A	103.35	4.13708e-07	19.3362	3.82244	X	80989814	AACACATACACACACAC	A	0.00013213763690482293	3.8789734642022307
X:15021892:ATATT:A	115.962	2.5148e-07	19.9492	3.82234	X	15021892	ATATT	A	0.00013219125043484166	3.8787972892801768
X:97205055:CA:C	116.201	2.52558e-07	19.947	3.82134	X	97205055	CA	C	0.0001327285142659475	3.8770357669767943
X:7217366:T:C	11.9052	1.97212e-06	15.6134	3.82032	X	7217366	T	C	0.00013327864254059811	3.87523943925759
X:132565970:TTAAG:T	115.367	2.51472e-07	19.9441	3.82003	X	132565970	TTAAG	T	0.00013343544336752046	3.8747287969980797
X:97205478:GA:G	114.424	2.50218e-07	19.9408	3.81858	X	97205478	GA	G	0.00013422205811682356	3.8721761061401505
X:74994744:TA:T	115.962	2.54166e-07	19.9385	3.81754	X	74994744	TA	T	0.00013478893914143264	3.8703457447957397
X:78614406:C:T	92.6033	3.75172e-07	19.3242	3.81686	X	78614406	C	T	0.00013516081090229472	3.8691492113234838
X:140328407:T:C	14.5047	1.36087e-06	16.1819	3.81676	X	140328407	T	C	0.0001352155793814153	3.8689732666075667
X:34033158:T:TA	13.005	1.45002e-06	16.0093	3.81661	X	34033158	T	TA	0.00013529777130455076	3.8687093572686546
X:48914107:GGGCCAGGCCA:G	116.321	2.55636e-07	19.9359	3.81634	X	48914107	GGGCCAGGCCA	G	0.00013544583539353767	3.868234343849059
X:128123612:CTT:C	114.658	2.51989e-07	19.9358	3.81632	X	128123612	CTT	C	0.00013545680917435632	3.8681991588661635
X:7194645:C:T	36.6823	7.84048e-07	17.6611	3.81614	X	7194645	C	T	0.0001355556109018238	3.867882501445588
X:7194560:G:A	36.6823	7.84048e-07	17.6611	3.81614	X	7194560	G	A	0.0001355556109018238	3.867882501445588
X:63831001:GA:G	114.19	2.51166e-07	19.935	3.81595	X	63831001	GA	G	0.00013565997526808889	3.8675482664463874
X:48913573:AAG:A	116.201	2.5633e-07	19.9321	3.81464	X	48913573	AAG	A	0.00013638160295974334	3.8652442093857386
X:122710487:G:A	16.6306	1.02571e-06	16.6014	3.81433	X	122710487	G	A	0.00013655289815743738	3.8646990780916153
X:105645091:GA:G	116.201	2.56587e-07	19.9311	3.81419	X	105645091	GA	G	0.00013663032369634474	3.864452902759338
X:7239087:T:C	39.4197	6.94137e-07	17.8549	3.81407	X	7239087	T	C	0.0001366967213585954	3.8642419017668224
X:48914107:GGGCCA:G	115.723	2.562e-07	19.9285	3.81301	X	48914107	GGGCCA	G	0.00013728455564461804	3.8623783176473827
X:53356779:T:C	15.1884	2.21742e-06	15.7397	3.81244	X	53356779	T	C	0.00013760163894215269	3.86137639328587
X:48913554:CA:C	115.604	2.56915e-07	19.9247	3.81129	X	48913554	CA	C	0.00013824346960519043	3.8593553748978833
X:107069866:TA:T	36.9601	8.01593e-07	17.6465	3.80923	X	107069866	TA	T	0.00013940023963651953	3.855736479661764
X:133504591:ATTTT:A	108.459	2.42242e-07	19.9197	3.80904	X	133504591	ATTTT	A	0.00013950739001934392	3.855402786228269
X:105644611:AT:A	116.082	2.59363e-07	19.9193	3.80887	X	105644611	AT	A	0.00013960332716877541	3.855104231040792
X:7202380:A:G	36.7248	7.97888e-07	17.6448	3.8084	X	7202380	A	G	0.00013986888867181961	3.8542788757921977
X:81961885:TC:T	116.321	2.60596e-07	19.9167	3.80766	X	81961885	TC	T	0.0001402879713320014	3.852979564952319
X:9271036:A:G	31.5927	1.68345e-06	16.7476	3.80669	X	9271036	A	G	0.00014083910081976863	3.8512767563245127
X:105941555:A:AAG	12.9247	1.47093e-06	15.9888	3.80663	X	105941555	A	AAG	0.0001408732581876325	3.8511714407004156
X:81785333:C:T	116.082	2.61014e-07	19.913	3.80601	X	81785333	C	T	0.00014122667482939144	3.850083266194398
X:81962142:G:A	116.082	2.61423e-07	19.9114	3.8053	X	81962142	G	A	0.00014163241954804823	3.848837325606052
X:96250296:G:GA	84.4067	4.58962e-07	19.0299	3.80476	X	96250296	G	GA	0.00014194174890186115	3.8478898480168935
X:128124501:TA:T	115.723	2.61536e-07	19.9079	3.80371	X	128124501	TA	T	0.000142545044941396	3.8460478747558624
X:104943012:A:G	21.189	1.19843e-06	16.688	3.80238	X	104943012	A	G	0.0001433126869607377	3.843715361360168
X:63838813:A:G	78.104	5.65233e-07	18.7441	3.80137	X	63838813	A	G	0.0001438982321438674	3.8419445415385813
X:7194246:CGTT:C	96.5637	4.04534e-07	19.2907	3.80133	X	7194246	CGTT	C	0.0001439214683685599	3.8418744187209413
X:44942055:A:C	14.2286	1.37228e-06	16.1543	3.80052	X	44942055	A	C	0.00014439276284489467	3.8404545736312876
X:44943370:A:AT	14.1825	1.36853e-06	16.1538	3.80028	X	44943370	A	AT	0.00014453268451991973	3.8400339307514937
X:73272512:G:GAAAGAAAAGA	12.2135	1.06487e-06	16.2552	3.80005	X	73272512	G	GAAAGAAAAGA	0.00014466689593099286	3.8396308369480305
X:81318350:GT:G	66.4501	7.47822e-07	18.3026	3.79924	X	81318350	GT	G	0.00014514048854041056	3.8382114194241925
X:85689329:G:A	12.084	1.06083e-06	16.2483	3.79681	X	85689329	G	A	0.00014657004115219065	3.833954790212725
X:93059610:G:A	16.0989	1.03132e-06	16.5634	3.79648	X	93059610	G	A	0.00014676519730342114	3.8333769172470356
X:78610638:G:A	96.9281	4.10556e-07	19.2797	3.79622	X	78610638	G	A	0.00014691912899362163	3.832921655023076
X:127930986:G:A	13.9754	1.36133e-06	16.1443	3.79569	X	127930986	G	A	0.00014723338372668476	3.831993706815919
X:64362672:T:C	115.604	2.66295e-07	19.8888	3.7951	X	64362672	T	C	0.00014758395886377366	3.8309608441087564
X:81785088:C:G	116.082	2.68607e-07	19.8843	3.79306	X	81785088	C	G	0.00014880218344032021	3.8273906961481674
X:64362518:ATGG:A	115.485	2.67438e-07	19.8835	3.79271	X	64362518	ATGG	A	0.00014901214171889645	3.8267783432207283
X:145606923:T:G	94.333	4.03233e-07	19.2706	3.79197	X	145606923	T	G	0.0001494569721162897	3.825483820464083
X:101400598:T:C	12.3455	1.09501e-06	16.238	3.79194	X	101400598	T	C	0.00014947503212350455	3.8254313445740826
X:65837678:G:A	98.406	4.20917e-07	19.2699	3.79167	X	65837678	G	A	0.0001496376646711265	3.824959078262909
X:107074084:ATATAT:A	99.7271	4.26672e-07	19.2697	3.79156	X	107074084	ATATAT	A	0.0001497039701243645	3.8247666820868678
X:133507680:GT:G	112.344	2.6098e-07	19.8804	3.79129	X	133507680	GT	G	0.00014986683716407655	3.8242944580791947
X:64362514:ACC:A	115.012	2.67918e-07	19.8776	3.79004	X	64362514	ACC	A	0.00015062302745789692	3.822108627515148
X:117362850:A:G	17.0739	1.36526e-06	16.3417	3.78991	X	117362850	A	G	0.00015070187712850036	3.8218813381201904
X:80989814:AACACATACACACACACAC:A	50.0624	9.03622e-07	17.8301	3.78963	X	80989814	AACACATACACACACACAC	A	0.00015087183919037592	3.8213918153970465
X:117251781:AT:A	42.0551	7.80401e-07	17.8024	3.78963	X	117251781	AT	A	0.00015087183919037592	3.8213918153970465
X:119303930:T:C	71.4306	4.64637e-07	18.8507	3.78908	X	119303930	T	C	0.0001512062187369981	3.820430347011902
X:65838739:T:C	98.406	4.23946e-07	19.2628	3.78834	X	65838739	T	C	0.00015165721212795035	3.819136931789888
X:82623401:G:A	14.5895	1.45184e-06	16.123	3.78817	X	82623401	G	A	0.00015176099743466998	3.818839827750985
X:75704641:A:G	11.9842	2.11574e-06	15.5497	3.78803	X	75704641	A	G	0.00015184651788691198	3.818595162783179
X:63830837:CA:C	105.494	2.46858e-07	19.8731	3.788	X	63830837	CA	C	0.00015186484959950046	3.818542735627116
X:7240493:ATGTGTGTGTGTGTGTGTGTGTGTG:A	93.2893	4.02262e-07	19.2619	3.78793	X	7240493	ATGTGTGTGTGTGTGTGTGTGTGTG	A	0.0001519076316977759	3.8184204070392944
X:133508723:AG:A	115.723	2.71025e-07	19.8723	3.78762	X	133508723	AG	A	0.00015209723169059538	3.8178786904337847
X:119303741:CT:C	96.2015	4.1668e-07	19.2574	3.78585	X	119303741	CT	C	0.00015318406063847146	3.81478642228105
X:37401143:T:C	96.7456	4.19293e-07	19.2568	3.78557	X	37401143	T	C	0.00015335665661561935	3.8142973682391177
X:133510288:CCCTCCCTT:C	116.201	2.73676e-07	19.8666	3.78509	X	133510288	CCCTCCCTT	C	0.00015365296138584035	3.8134590650780527
X:133507920:AG:A	112.458	2.64939e-07	19.8663	3.78495	X	133507920	AG	A	0.0001537394850680839	3.8132145778814532
X:37401127:T:C	96.6546	4.19486e-07	19.2554	3.78492	X	37401127	T	C	0.00015375803182290305	3.813162188819152
X:133510357:ACCTCCCTCCCTT:A	116.201	2.73948e-07	19.8657	3.78464	X	133510357	ACCTCCCTCCCTT	A	0.00015393123645653363	3.8126732421295784
X:15012298:T:A	17.2095	1.39181e-06	16.3304	3.78447	X	15012298	T	A	0.00015403648599689255	3.812376397408215
X:81783961:T:A	116.082	2.74267e-07	19.8635	3.78365	X	81783961	T	A	0.00015454511231506222	3.8109447254965927
X:140298269:T:TA	12.4587	1.1249e-06	16.2202	3.78354	X	140298269	T	TA	0.00015461346280538392	3.810752693033937
X:133510276:TCCTG:T	115.843	2.74019e-07	19.8623	3.78313	X	133510276	TCCTG	T	0.00015486847447777013	3.810036979618312
X:55793041:A:G	13.7924	1.38325e-06	16.1152	3.78154	X	55793041	A	G	0.0001558611715924617	3.8072620635374315
X:64363795:A:C	107.92	2.57261e-07	19.8546	3.77963	X	64363795	A	C	0.00015706157505353531	3.803930051646021
X:64363480:T:C	107.92	2.5737e-07	19.8541	3.77944	X	64363480	T	C	0.00015718146157133863	3.803598677202712
X:101399082:A:G	12.3413	1.12417e-06	16.2114	3.77937	X	101399082	A	G	0.00015722565199445732	3.803476595632597
X:87172358:A:G	23.1004	9.02816e-07	17.0576	3.77931	X	87172358	A	G	0.0001572635388060617	3.8033719558943955
X:15022292:ATATATATATT:A	105.39	2.51583e-07	19.8532	3.779	X	15022292	ATATATATATT	A	0.00015745942425026031	3.80283134088709
X:28079924:T:TA	11.9488	2.14877e-06	15.5312	3.77868	X	28079924	T	TA	0.00015766186942462105	3.802273328236258
X:30359807:GT:G	69.8959	4.65243e-07	18.8277	3.77863	X	30359807	GT	G	0.000157693523602065	3.802186142572444
X:81783679:GT:G	115.485	2.76106e-07	19.8516	3.77831	X	81783679	GT	G	0.00015789625201344866	3.801628178726323
X:117422939:C:T	20.4355	1.95637e-06	16.1617	3.77787	X	117422939	C	T	0.00015817540409717674	3.8008610473575137
X:106644092:TAGAGA:T	109.329	2.61746e-07	19.8503	3.77769	X	106644092	TAGAGA	T	0.00015828973648983048	3.800547243888983
X:80155747:A:T	19.1319	8.8716e-07	16.8866	3.7776	X	80155747	A	T	0.00015834693184708058	3.800390347162872
X:119301818:G:T	76.8639	5.8659e-07	18.691	3.77648	X	119301818	G	T	0.00015906032523408783	3.7984381338710334
X:80155856:C:T	19.1159	8.89339e-07	16.8833	3.77608	X	80155856	C	T	0.00015931584077739312	3.7977410401424843
X:7196105:T:TAGA	36.6398	8.53506e-07	17.575	3.77538	X	7196105	T	TAGA	0.00015976392267173347	3.7965212848062704
X:87173709:C:T	23.4549	9.24816e-07	17.0488	3.77509	X	87173709	C	T	0.00015994990380660475	3.796016016763202
X:81783534:AC:A	115.248	2.77872e-07	19.8432	3.7745	X	81783534	AC	A	0.00016032890828046402	3.794988164640405
X:95461493:G:T	59.3512	6.68158e-07	18.3022	3.77438	X	95461493	G	T	0.00016040609728512913	3.794779127529674
X:117236161:C:T	16.6305	1.11678e-06	16.5163	3.77431	X	117236161	C	T	0.00016045114035235649	3.794657191955975
X:117411311:A:G	14.9365	1.531e-06	16.0934	3.77381	X	117411311	A	G	0.00016077322285139154	3.793786282305604
X:64362034:C:T	115.723	2.79536e-07	19.8413	3.77366	X	64362034	C	T	0.0001608699661735331	3.7935250295033205
X:28080178:G:A	11.937	2.17e-06	15.5204	3.77319	X	28080178	G	A	0.0001611734500936433	3.792706497440819
X:117411622:A:C	14.9365	1.533e-06	16.0921	3.77317	X	117411622	A	C	0.00016118637624561576	3.792671668308786
X:117411678:A:G	14.9365	1.533e-06	16.0921	3.77317	X	117411678	A	G	0.00016118637624561576	3.792671668308786
X:117411791:A:G	14.9365	1.533e-06	16.0921	3.77317	X	117411791	A	G	0.00016118637624561576	3.792671668308786
X:117411657:G:A	14.9365	1.533e-06	16.0921	3.77317	X	117411657	G	A	0.00016118637624561576	3.792671668308786
X:117411616:A:ATT	14.9365	1.533e-06	16.0921	3.77317	X	117411616	A	ATT	0.00016118637624561576	3.792671668308786
X:133522782:G:A	20.3035	1.96999e-06	16.1483	3.77118	X	133522782	G	A	0.00016247741693959175	3.7892069939471624
X:127086730:G:GCACACACACACA	13.9505	1.43096e-06	16.0927	3.7706	X	127086730	G	GCACACACACACA	0.000162855527454028	3.788197496527756
X:81782597:CA:C	116.201	2.84591e-07	19.8275	3.76743	X	81782597	CA	C	0.00016493676774199234	3.7826825205378407
X:97479382:A:G	90.7551	5.36047e-07	18.9472	3.76648	X	97479382	A	G	0.00016556534027060594	3.7810305739803125
X:117412199:A:C	14.9365	1.55478e-06	16.078	3.76632	X	117412199	A	C	0.00016567142660899026	3.7807523879964617
X:117412075:A:G	14.9365	1.55478e-06	16.078	3.76632	X	117412075	A	G	0.00016567142660899026	3.7807523879964617
X:94860702:CA:C	116.201	2.85895e-07	19.823	3.76537	X	94860702	CA	C	0.0001663026325139384	3.7791008759925795
X:133510760:CA:C	113.608	2.79527e-07	19.8229	3.76535	X	133510760	CA	C	0.00016631594534398365	3.779066111316069
X:81782625:AAAC:A	115.723	2.851e-07	19.8216	3.76476	X	81782625	AAAC	A	0.00016670912516923383	3.778040627513441
X:85684079:G:GA	12.876	1.59736e-06	15.9025	3.76467	X	85684079	G	GA	0.0001667691785643748	3.7778842103905323
X:133512242:AT:A	116.201	2.87376e-07	19.8178	3.76304	X	133512242	AT	A	0.00016786034054777532	3.775051900144219
X:63834009:CTGTT:C	116.082	2.87148e-07	19.8176	3.76293	X	63834009	CTGTT	C	0.00016793421863344526	3.7748608020779733
X:95460990:A:G	57.8489	6.69339e-07	18.2748	3.76168	X	95460990	A	G	0.00016877589380395156	3.77268958339486
X:127953868:T:C	14.0255	1.4657e-06	16.0741	3.76155	X	127953868	T	C	0.00016886365545964497	3.772463813613258
X:51749114:CGT:C	31.4346	1.83983e-06	16.6537	3.7602	X	51749114	CGT	C	0.00016977756757512877	3.770119692901986
X:127957283:G:A	13.9954	1.4673e-06	16.0708	3.75998	X	127957283	G	A	0.00016992694155526693	3.7697377592051913
X:63833078:A:T	107.599	2.681e-07	19.8103	3.75966	X	63833078	A	T	0.00017014443348865703	3.7691822548826313
X:154422300:T:C	12.996	1.62908e-06	15.8921	3.75961	X	154422300	T	C	0.00017017844024655346	3.769095461143563
X:43473419:T:A	11.9605	2.23535e-06	15.4927	3.75914	X	43473419	T	A	0.00017049841642370047	3.7682796503468055
X:110518050:T:C	93.983	4.3189e-07	19.1982	3.75838	X	110518050	T	C	0.00017101702235323407	3.766960659513427
X:55796759:G:A	23.6517	9.65914e-07	17.0136	3.75837	X	55796759	G	A	0.00017102385599476817	3.7669433059571835
X:82541521:T:TTTTAA	16.0495	1.1156e-06	16.4818	3.75807	X	82541521	T	TTTTAA	0.00017122898471096942	3.766422718428913
X:133511983:CTCT:C	114.658	2.87142e-07	19.8052	3.75737	X	133511983	CTCT	C	0.0001717085186779066	3.7652081584032353
X:7239630:AGTTT:A	114.073	2.86122e-07	19.8037	3.75667	X	7239630	AGTTT	A	0.0001721893155554709	3.7639938002648354
X:64360939:GA:G	116.082	2.91207e-07	19.8035	3.75659	X	64360939	GA	G	0.00017224434432253663	3.7638550293323174
X:64360937:CA:C	116.082	2.91207e-07	19.8035	3.75659	X	64360937	CA	C	0.00017224434432253663	3.7638550293323174
X:133524087:C:A	20.3123	2.03119e-06	16.1181	3.75613	X	133524087	C	A	0.00017256108085695948	3.763057147641585
X:15010985:T:G	17.2163	1.47881e-06	16.2701	3.7556	X	15010985	T	G	0.00017292669559005607	3.7621379572609936
X:69675573:TAATTTTTTTTCA:T	116.201	2.9218e-07	19.8012	3.75555	X	69675573	TAATTTTTTTTCA	T	0.00017296122512844186	3.762051247161362
X:33847323:T:G	16.5464	1.16084e-06	16.4725	3.75372	X	33847323	T	G	0.00017422947732464045	3.7588783662260563
X:64361120:AC:A	115.248	2.92086e-07	19.7933	3.75198	X	64361120	AC	A	0.0001754434632862775	3.7558628081928567
X:33847570:A:G	16.5336	1.16449e-06	16.4686	3.75187	X	33847570	A	G	0.0001755204762444702	3.755672211384765
X:33847286:G:T	16.5336	1.16449e-06	16.4686	3.75187	X	33847286	G	T	0.0001755204762444702	3.755672211384765
X:133512679:CAATATCAGCAGG:C	115.367	2.92562e-07	19.7927	3.75171	X	133512679	CAATATCAGCAGG	C	0.00017563255184557797	3.75539498856237
X:55793664:G:A	13.8022	1.47489e-06	16.0518	3.75072	X	55793664	G	A	0.00017632751749229955	3.7536799068583275
X:119302792:CA:C	97.6628	4.56831e-07	19.1805	3.75015	X	119302792	CA	C	0.00017672882144197712	3.752692618730349
X:94860675:AC:A	113.377	2.88684e-07	19.7886	3.74988	X	94860675	AC	A	0.0001769192124081954	3.752225002648218
X:127936498:G:A	12.5042	1.21271e-06	16.1487	3.74976	X	127936498	G	A	0.00017700389251103856	3.752017182917986
X:85677736:G:A	12.7141	1.62742e-06	15.8712	3.74944	X	85677736	G	A	0.00017722989248811802	3.7514630259717583
X:82762289:CT:C	42.5289	8.62125e-07	17.714	3.74843	X	82762289	CT	C	0.00017794498596706255	3.74971424479144
X:78691173:C:T	29.5973	1.77558e-06	16.6291	3.74798	X	78691173	C	T	0.00017826446487576587	3.7489352201810084
X:99367570:A:ATG	11.8466	2.26364e-06	15.4706	3.74792	X	99367570	A	ATG	0.000178307102791122	3.7488313565355225
X:133513347:C:T	116.201	2.97666e-07	19.7826	3.74715	X	133513347	C	T	0.00017885514125569655	3.7474985713836886
X:64360658:G:A	116.201	2.97848e-07	19.782	3.74688	X	64360658	G	A	0.00017904768535597257	3.7470312889700135
X:7215118:C:T	42.2382	8.601e-07	17.7095	3.74633	X	7215118	C	T	0.0001794405078559621	3.7460795102747886
X:63835651:ATCATTACCTTTGTG:A	114.307	2.93462e-07	19.7804	3.74616	X	63835651	ATCATTACCTTTGTG	A	0.00017956208956985698	3.7457853493420146
X:44949112:C:T	29.9234	1.802e-06	16.6253	3.74609	X	44949112	C	T	0.00017961217513838405	3.7456642277121395
X:85679020:C:T	12.7097	1.6387e-06	15.864	3.74591	X	85679020	C	T	0.0001797410269239641	3.74535278136054
X:109206953:T:G	12.5382	1.23024e-06	16.1371	3.74426	X	109206953	T	G	0.00018092622494055442	3.742498478350257
X:117419037:T:A	15.1036	2.52151e-06	15.6056	3.74362	X	117419037	T	A	0.0001813879127673191	3.7413916565998204
X:7232239:C:G	17.3052	1.52453e-06	16.2448	3.74347	X	7232239	C	G	0.0001814962809631019	3.7411322696567986
X:117181200:T:A	12.7925	1.66122e-06	15.8568	3.74242	X	117181200	T	A	0.00018225656441791632	3.7393168205455902
X:95403755:C:T	59.5705	7.19896e-07	18.2313	3.74151	X	95403755	C	T	0.0001829178977146733	3.7377437986327258
X:119303741:CTTTTTTT:C	116.201	3.01521e-07	19.7698	3.74135	X	119303741	CTTTTTTT	C	0.00018303440904601198	3.7374672586079494
X:69674116:TATC:T	115.485	2.99744e-07	19.7695	3.74122	X	69674116	TATC	T	0.00018312912587192185	3.7372425776016183
X:69674114:TC:T	115.367	2.99878e-07	19.768	3.74056	X	69674114	TC	T	0.00018361070714149414	3.736101996790099
X:82416306:G:T	31.5699	1.92287e-06	16.6139	3.74046	X	82416306	G	T	0.00018368377777734358	3.73592919716658
X:55721215:TTCTC:T	116.201	3.02421e-07	19.7668	3.74	X	55721215	TTCTC	T	0.00018402025494821078	3.7351343719464216
X:27416951:CT:C	116.201	3.03144e-07	19.7644	3.73892	X	27416951	CT	C	0.00018481252343406388	3.733268603061649
X:132565781:GATTT:G	115.843	3.02587e-07	19.7631	3.73836	X	132565781	GATTT	G	0.000185224590597799	3.7323013564662606
X:7205641:CT:C	100.881	4.85075e-07	19.1529	3.73735	X	7205641	CT	C	0.0001859699675652648	3.7305571846733883
X:7203793:G:T	11.9367	2.32952e-06	15.4495	3.73722	X	7203793	G	T	0.0001860661117318556	3.730332717831215
X:117419917:C:G	15.126	2.55746e-06	15.5929	3.73711	X	117419917	C	G	0.00018614750098019947	3.7301427897856083
X:94861619:AT:A	111.889	2.93811e-07	19.7578	3.73597	X	94861619	AT	A	0.00018699296243935356	3.7281747380157366
X:82597282:C:T	15.4692	2.62669e-06	15.5886	3.73492	X	82597282	C	T	0.00018777486903502039	3.7263625322495666
X:82597106:C:G	15.4634	2.63435e-06	15.5854	3.73323	X	82597106	C	G	0.00018903982326889238	3.7234466973923013
X:117243229:G:T	18.4467	9.4279e-07	16.7893	3.73284	X	117243229	G	T	0.00018933287102674746	3.722773979452892
X:87164215:C:A	17.2572	1.55569e-06	16.2218	3.73244	X	87164215	C	A	0.00018963387632743863	3.7220840773993897
X:77040743:GA:G	116.321	3.07866e-07	19.75	3.73241	X	77040743	GA	G	0.0001896564698469568	3.722032337401448
X:97477611:AATCT:A	29.1707	1.8418e-06	16.5779	3.73226	X	97477611	AATCT	A	0.00018976947539965647	3.721773642970939
X:127398156:A:G	81.7971	6.86005e-07	18.5966	3.73224	X	127398156	A	G	0.0001897845475873196	3.7217391510802496
X:127961716:TC:T	113.957	3.0178e-07	19.7494	3.73215	X	127961716	TC	T	0.00018985238635607112	3.7215839396105146
X:82596842:C:T	15.4576	2.64123e-06	15.5824	3.7317	X	82596842	C	T	0.00019019192219842256	3.720807932294234
X:117242115:G:A	18.4164	9.42148e-07	16.7883	3.73113	X	117242115	G	A	0.00019062282024489137	3.719825109399778
X:101778666:T:TA	14.5683	1.63173e-06	16.0047	3.73075	X	101778666	T	TA	0.00019091059515573646	3.7191699684634094
X:7194371:CTA:C	116.082	3.09926e-07	19.7412	3.72847	X	7194371	CTA	C	0.00019264583699022086	3.7152403715028353
X:104940786:C:G	21.1983	1.39967e-06	16.5332	3.72806	X	104940786	C	G	0.00019295944418202903	3.7145339605195518
X:133521123:A:AT	20.8753	1.38013e-06	16.5319	3.72744	X	133521123	A	AT	0.00019343459087310682	3.71346586074926
X:117235681:G:A	17.577	9.06689e-07	16.7801	3.72728	X	117235681	G	A	0.0001935573877361976	3.713190247792026
X:55692885:A:G	13.9156	1.56067e-06	16.0034	3.72724	X	55692885	A	G	0.00019358809839625633	3.7131213461997055
X:75023529:C:G	12.004	2.38953e-06	15.4297	3.72717	X	75023529	C	G	0.0001936418530699148	3.713000769998366
X:57506889:C:A	116.201	3.11327e-07	19.7377	3.7269	X	57506889	C	A	0.0001938493239470943	3.7125357092637272
X:127959977:G:A	61.926	8.12277e-07	18.1494	3.72657	X	127959977	G	A	0.00019410318314114252	3.711967342461725
X:79482179:A:G	62.113	8.17817e-07	18.1456	3.72477	X	79482179	A	G	0.00019549337790564217	3.708867949202882
X:93058520:AAAG:A	53.8959	9.69655e-07	17.8334	3.7245	X	93058520	AAAG	A	0.00019570271230763035	3.708403155271614
X:93508063:T:C	19.2608	1.00251e-06	16.7711	3.72446	X	93508063	T	C	0.00019573374271932798	3.708334299464105
X:122711113:T:C	14.8433	1.68834e-06	15.9893	3.72327	X	122711113	T	C	0.00019665901495453795	3.706286140506343
X:107781784:A:ATAGATATCTATATTTATATATAGATATC	18.5531	9.69324e-07	16.7673	3.72272	X	107781784	A	ATAGATATCTATATTTATATATAGATATC	0.00019708804908830335	3.7053397094210188
X:48913554:CAAAAAA:C	114.19	3.0886e-07	19.7282	3.72261	X	48913554	CAAAAAA	C	0.000197173961383063	3.7051504381489133
X:87162704:A:G	19.2605	1.00801e-06	16.7656	3.72193	X	87162704	A	G	0.00019770583717896567	3.703980508141102
X:82595809:G:A	15.4634	2.69623e-06	15.5621	3.72132	X	82595809	G	A	0.0001981841078178635	3.702931174087512
X:117238552:G:A	16.6046	1.24886e-06	16.403	3.72098	X	117238552	G	A	0.00019845115649270862	3.7023463658576583
X:34190020:C:T	39.4672	8.50784e-07	17.6526	3.71978	X	34190020	C	T	0.00019939638609218035	3.700282717210156
X:109207317:C:T	12.5424	1.2985e-06	16.0834	3.71892	X	109207317	C	T	0.0002000764008494641	3.698804133678975
X:81014269:GT:G	12.3868	1.28257e-06	16.0833	3.71885	X	81014269	GT	G	0.00020013184667066542	3.698683797256647
X:79956452:T:C	44.3921	3.02843e-07	18.8031	3.71872	X	79956452	T	C	0.0002002348557823958	3.698460320681181
X:63838844:C:G	99.8225	4.99896e-07	19.1123	3.71848	X	63838844	C	G	0.000200425157328811	3.698047766819971
X:6705105:G:GAGATAGATAGAT	11.97	2.42435e-06	15.4124	3.7184	X	6705105	G	GAGATAGATAGAT	0.00020048862892791438	3.6979102541355813
X:107783453:G:A	38.1264	1.0034e-06	17.453	3.71756	X	107783453	G	A	0.00020115622182682045	3.696466530016575
X:117426885:A:G	55.8001	7.11008e-07	18.1784	3.71696	X	117426885	A	G	0.00020163435190235612	3.695435476339992
X:139853324:AAG:A	116.201	3.18517e-07	19.7149	3.71659	X	139853324	AAG	A	0.00020192973076271133	3.6947997337774554
X:90292030:G:A	19.8733	2.15199e-06	16.0385	3.7164	X	90292030	G	A	0.00020208156972115253	3.6944732932802977
X:139853330:GA:G	116.201	3.18756e-07	19.7142	3.71625	X	139853330	GA	G	0.00020220151834057773	3.69421558759537
X:107783753:C:T	38.0365	1.00599e-06	17.4481	3.71522	X	107783753	C	T	0.00020302697377732562	3.692446258715226
X:54020777:T:TA	12.8105	1.75987e-06	15.8005	3.71504	X	54020777	T	TA	0.00020317155267107444	3.692137100437596
X:36266165:G:A	14.9643	1.73216e-06	15.9718	3.71477	X	36266165	G	A	0.0002033886023678467	3.691673388028034
X:154410412:G:T	12.7836	1.75982e-06	15.7985	3.71403	X	154410412	G	T	0.00020398459644211663	3.6904026263621605
X:62915068:GA:G	113.377	3.1267e-07	19.7088	3.71385	X	62915068	GA	G	0.0002041298158320121	3.690093556256024
X:95404529:T:C	56.1606	7.21709e-07	18.1699	3.71301	X	95404529	T	C	0.00020480879130981225	3.688651405433532
X:127400003:T:C	81.7264	7.15744e-07	18.5533	3.71194	X	127400003	T	C	0.0002056767491573688	3.6868148005920216
X:127400004:G:C	81.7264	7.15744e-07	18.5533	3.71194	X	127400004	G	C	0.0002056767491573688	3.6868148005920216
X:74995681:G:C	99.4418	5.05738e-07	19.0968	3.71132	X	74995681	G	C	0.00020618125780495848	3.6857508152980243
X:63835785:G:A	108.135	3.00855e-07	19.7	3.70987	X	63835785	G	A	0.00020736569885352363	3.6832630803029938
X:102158153:CTTATTATTATTATTA:C	80.2615	7.06456e-07	18.5483	3.70958	X	102158153	CTTATTATTATTATTA	C	0.00020760335268047174	3.682765637148863
X:82594187:A:T	15.4576	2.76077e-06	15.5381	3.70899	X	82594187	A	T	0.00020808764517062092	3.6817537044760638
X:127930306:C:G	13.9704	1.62766e-06	15.9653	3.70874	X	127930306	C	G	0.000208293173747253	3.681324962661366
X:62915705:GA:G	115.723	3.23096e-07	19.6965	3.70829	X	62915705	GA	G	0.00020866360573686826	3.6805532922185193
X:7175493:C:CAACAA	33.2643	2.82411e-06	16.2818	3.70789	X	7175493	C	CAACAA	0.00020899339796168372	3.6798674329037646
X:81000847:C:A	19.3418	1.04378e-06	16.7349	3.70783	X	81000847	C	A	0.0002090429089980031	3.6797645596862503
X:95404017:G:A	56.1606	7.31956e-07	18.1558	3.70648	X	95404017	G	A	0.00021015982396331413	3.67745030400098
X:34193047:C:T	35.0988	1.18267e-06	17.2059	3.70639	X	34193047	C	T	0.00021023448388289562	3.677296046957869
X:31788913:G:A	19.772	2.18708e-06	16.0172	3.70578	X	31788913	G	A	0.0002107411691659354	3.676250614866247
X:36266377:G:A	12.6882	1.78104e-06	15.779	3.70455	X	36266377	G	A	0.0002117663356875081	3.6741430781623063
X:7186335:A:G	116.082	3.2714e-07	19.6872	3.70407	X	7186335	A	G	0.00021216766963372556	3.673320793711781
X:86888248:AATAT:A	74.2255	6.61099e-07	18.5365	3.70404	X	86888248	AATAT	A	0.0002121927767064167	3.6732694040818883
X:31140608:C:T	17.8713	9.70874e-07	16.7283	3.7032	X	31140608	C	T	0.0002128969085664825	3.671830644819383
X:119298592:T:A	91.5044	6.20463e-07	18.8092	3.70262	X	119298592	T	A	0.00021338437477589058	3.6708373852726366
X:55796525:G:A	23.4984	1.07905e-06	16.8964	3.70256	X	55796525	G	A	0.00021343486209188998	3.670734642186323
X:31787910:C:T	39.3018	1.0677e-06	17.4213	3.70252	X	31787910	C	T	0.00021346852653418398	3.6706661476184914
X:55797183:T:C	23.4984	1.07957e-06	16.8959	3.70233	X	55797183	T	C	0.00021362850073819423	3.6703408074130524
X:7186430:A:G	115.843	3.27843e-07	19.683	3.70217	X	7186430	A	G	0.00021376330316803913	3.67006684823632
X:7186260:CAT:C	115.485	3.27472e-07	19.681	3.70129	X	7186260	CAT	C	0.00021450614544775328	3.6685602610745196
X:62915368:CT:C	112.801	3.1996e-07	19.6807	3.70115	X	62915368	CT	C	0.00021462454815827646	3.6683206061353895
X:67660450:A:G	12.9336	1.8295e-06	15.7713	3.70081	X	67660450	A	G	0.0002149123531460237	3.6677386205766713
X:78691478:A:G	28.5916	1.92373e-06	16.5144	3.70078	X	78691478	A	G	0.00021493776509492224	3.667687271193593
X:31788286:C:G	39.2312	1.07018e-06	17.4172	3.70057	X	31788286	C	G	0.00021511572775484444	3.667327835882006
X:31781621:C:A	15.5983	2.83203e-06	15.5217	3.70056	X	31781621	C	A	0.0002151242056173907	3.667310720367443
X:31781620:G:A	15.5983	2.83203e-06	15.5217	3.70056	X	31781620	G	A	0.0002151242056173907	3.667310720367443
X:154409695:G:T	12.7749	1.8097e-06	15.7698	3.7001	X	154409695	G	T	0.00021551452661573974	3.6665234511810665
X:10785583:C:T	115.962	3.30322e-07	19.6765	3.69923	X	10785583	C	T	0.0002162545612454476	3.6650347236188128
X:81001259:T:A	19.3499	1.06624e-06	16.7141	3.69823	X	81001259	T	A	0.00021710812302827527	3.6633239272578786
X:10785881:T:C	115.962	3.31271e-07	19.6736	3.69794	X	10785881	T	C	0.0002173562470131196	3.662827873281572
X:87162646:C:T	19.2202	1.06131e-06	16.712	3.69727	X	87162646	C	T	0.00021793051749478034	3.6616819498750335
X:7209552:T:TAC	37.8576	1.04113e-06	17.409	3.69672	X	7209552	T	TAC	0.00021840299793476437	3.660741404531452
X:62915688:GATA:G	113.608	3.25439e-07	19.6708	3.6967	X	62915688	GATA	G	0.0002184201971505353	3.6607072052279794
X:10785833:T:C	115.485	3.31339e-07	19.6693	3.69599	X	10785833	T	C	0.00021903159383270784	3.659493236586472
X:81001994:G:A	19.3499	1.07391e-06	16.7069	3.69493	X	81001994	G	A	0.00021994737405159773	3.6576812186914767
X:73247558:G:A	14.6428	1.76826e-06	15.9295	3.69421	X	73247558	G	A	0.0002205714622295044	3.65645067774342
X:62910047:A:G	24.4295	1.1454e-06	16.8755	3.69266	X	62910047	A	G	0.0002219206315340874	3.653802320368758
X:139838947:CA:C	46.9605	1.03977e-06	17.6258	3.69221	X	139838947	CA	C	0.00022231377456857348	3.653033627567366
X:73272604:AAAGG:A	116.201	3.36347e-07	19.6604	3.692	X	73272604	AAAGG	A	0.00022249746498382246	3.6526749327720798
X:73272593:GAGAA:G	115.843	3.35745e-07	19.6591	3.69142	X	73272593	GAGAA	G	0.0002230055408833013	3.6516843461664243
X:10785448:A:C	113.84	3.30021e-07	19.6589	3.69131	X	10785448	A	C	0.00022310202288855288	3.6514964919064217
X:10785983:C:A	115.012	3.33462e-07	19.6588	3.69125	X	10785983	C	A	0.00022315466595146047	3.651394028044662
X:73272835:ACAC:A	116.201	3.37507e-07	19.657	3.69045	X	73272835	ACAC	A	0.00022385768861481767	3.6500279847487276
X:78691875:A:C	28.4025	1.95375e-06	16.4922	3.68982	X	78691875	A	C	0.00022441278168586334	3.6489524109740104
X:78691058:A:T	21.5193	1.53957e-06	16.453	3.68953	X	78691058	A	T	0.00022466873475160016	3.648457360467395
X:57506504:A:T	22.1037	1.46416e-06	16.53	3.68913	X	57506504	A	T	0.00022502222313851476	3.6477745889560707
X:67641492:C:G	11.8154	2.53672e-06	15.354	3.68884	X	67641492	C	G	0.00022527882859804747	3.6472796207709663
X:31780138:A:G	15.4115	2.86574e-06	15.4978	3.6883	X	31780138	A	G	0.0002257573777356825	3.646358048068542
X:133515680:CT:C	108.351	3.16856e-07	19.6502	3.68738	X	133515680	CT	C	0.0002265748819909241	3.6447882375325427
X:57506541:T:C	22.1336	1.4722e-06	16.5258	3.68714	X	57506541	T	C	0.0002267886004904057	3.644378779005478
X:33851609:T:C	41.4357	9.58348e-07	17.5822	3.68697	X	33851609	T	C	0.00022694009889467825	3.644088760218802
X:7231834:CT:C	42.5286	9.84046e-07	17.5818	3.68677	X	7231834	CT	C	0.00022711845392486455	3.6437475768673053
X:7240487:ATATG:A	115.962	3.40767e-07	19.6453	3.68518	X	7240487	ATATG	A	0.00022854106421707178	3.64103575462879
X:127928281:C:CT	13.9654	1.70854e-06	15.9165	3.68501	X	127928281	C	CT	0.00022869366111629764	3.6407458729112476
X:114422240:GA:G	30.1282	2.05263e-06	16.5019	3.68495	X	114422240	GA	G	0.00022874754167334993	3.640643564555222
X:81192872:AT:A	103.854	5.59372e-07	19.0394	3.68468	X	81192872	AT	A	0.00022899015165288604	3.6401831952792385
X:15009581:T:TTTTG	16.7021	1.6696e-06	16.1185	3.68289	X	15009581	T	TTTTG	0.00023060468386255426	3.6371318759008044
X:127927896:A:G	13.9754	1.71751e-06	15.9119	3.68281	X	127927896	A	G	0.0002306770905384116	3.63699553485383
X:100073574:G:GACACACAC	15.0756	1.86905e-06	15.9032	3.68143	X	100073574	G	GACACACAC	0.00023192946907786205	3.634644066175332
X:37894278:A:G	15.155	2.86073e-06	15.4828	3.68059	X	37894278	A	G	0.00023269490758158704	3.6332131209393816
X:45056210:A:G	15.0141	1.86534e-06	15.9011	3.68041	X	45056210	A	G	0.0002328592382500784	3.6329065275768855
X:81004264:TG:T	19.3499	1.1089e-06	16.6748	3.68018	X	81004264	TG	T	0.00023306937481308563	3.632514788785194
X:85699292:G:A	18.9098	1.08547e-06	16.6732	3.67942	X	85699292	G	A	0.00023376500532204452	3.6312205022975625
X:31778565:A:ATTT	11.8118	2.58356e-06	15.3354	3.67941	X	31778565	A	ATTT	0.00023377417132811447	3.631203473795753
X:21834840:C:T	21.1146	1.54344e-06	16.4315	3.67921	X	21834840	C	T	0.00023395756228963453	3.6308629123970877
X:7190785:TAATA:T	115.962	3.45381e-07	19.6319	3.67911	X	7190785	TAATA	T	0.000234049308388307	3.6306926378673903
X:78682904:T:C	27.2513	9.2015e-07	17.2038	3.67895	X	78682904	T	C	0.00023419617237303527	3.6304202071750717
X:53357180:G:A	15.1658	2.87247e-06	15.4794	3.67885	X	53357180	G	A	0.0002342880062732229	3.6302499433393574
X:7240493:ATGTGTGTGTGTGTGTGTGTGTG:A	45.3994	3.39981e-07	18.7099	3.67875	X	7240493	ATGTGTGTGTGTGTGTGTGTGTG	A	0.00023437987396393998	3.6300796836166964
X:21834976:T:C	21.1053	1.54508e-06	16.43	3.67849	X	21834976	T	C	0.00023461888818211924	3.6296370275868033
X:83371123:A:C	16.1793	1.33203e-06	16.3125	3.67843	X	83371123	A	C	0.0002346740777807343	3.6295348801437948
X:7205310:C:T	19.4396	1.11888e-06	16.6705	3.67819	X	7205310	C	T	0.00023489495802018605	3.6291263051785956
X:7191227:TG:T	116.321	3.47204e-07	19.6297	3.67813	X	7191227	TG	T	0.00023495020855375122	3.6290241651389943
X:7191951:TA:T	116.201	3.47485e-07	19.6279	3.6773	X	7191951	TA	T	0.00023571575981407795	3.6276113798368197
X:128119569:G:A	14.6589	1.83443e-06	15.8938	3.6769	X	128119569	G	A	0.0002360855354202736	3.626930620628155
X:31140531:A:T	17.8424	1.0262e-06	16.6712	3.67669	X	31140531	A	T	0.00023627988543713284	3.6265732483865993
X:7190767:CA:C	115.485	3.46216e-07	19.6253	3.67616	X	7190767	CA	C	0.00023677105562820418	3.6256713895726933
X:7192168:CAG:C	116.201	3.48807e-07	19.6241	3.67558	X	7192168	CAG	C	0.0002373096604198409	3.624684582129758
X:83374322:T:A	18.7378	1.08644e-06	16.6632	3.67481	X	83374322	T	A	0.00023802648102418626	3.623374723939611
X:63836918:C:T	115.962	3.49276e-07	19.6207	3.67405	X	63836918	C	T	0.00023873598404058625	3.6220821160060424
X:7191648:TC:T	115.367	3.47625e-07	19.6203	3.67386	X	7191648	TC	T	0.00023891366957837137	3.621759001139114
X:21512754:T:TTTTTG	12.2504	1.39554e-06	15.9878	3.67376	X	21512754	T	TTTTTG	0.0002390072381130948	3.6215889466460993
X:48015436:T:C	83.5962	6.03729e-07	18.7461	3.67345	X	48015436	T	C	0.0002392975191149773	3.6210618038531766
X:79483762:T:C	57.5973	8.06174e-07	18.0844	3.67341	X	79483762	T	C	0.00023933499881294434	3.6209937883070777
X:115566360:TTTC:T	11.9061	2.63562e-06	15.3234	3.67333	X	115566360	TTTC	T	0.000239409974732238	3.6208577591889024
X:14998954:TTGTG:T	27.7205	1.9736e-06	16.4578	3.67278	X	14998954	TTGTG	T	0.0002399260310205944	3.6199226302510126
X:27488564:C:T	33.1729	3.03794e-06	16.2061	3.66874	X	27488564	C	T	0.00024374880989798674	3.6130574960642936
X:101997392:TAAAG:T	115.723	3.52721e-07	19.6088	3.66869	X	101997392	TAAAG	T	0.0002437964775044519	3.612972573579945
X:154421474:C:G	13.005	1.96519e-06	15.7053	3.66867	X	154421474	C	G	0.00024381554699546637	3.612938604874054
X:133519149:TA:T	116.201	3.54526e-07	19.6078	3.66824	X	133519149	TA	T	0.000244225879651739	3.6122083174819393
X:94863092:A:G	115.843	3.53512e-07	19.6076	3.66814	X	94863092	A	G	0.00024432139865163203	3.6120384941017205
X:154422081:T:C	12.9915	1.96719e-06	15.7032	3.66768	X	154422081	T	C	0.00024476123760356196	3.611257359515923
X:81318350:GTT:G	33.1912	3.0468e-06	16.2037	3.66752	X	81318350	GTT	G	0.00024491439909661014	3.61098568092522
X:90305680:G:T	40.2374	9.70454e-07	17.5403	3.66744	X	90305680	G	T	0.00024499101355334314	3.6108498455773947
X:79483757:A:G	57.1399	8.11033e-07	18.0705	3.66693	X	79483757	A	G	0.00024547995946578357	3.6099839570998054
X:41204931:A:G	21.3203	1.59911e-06	16.4057	3.66685	X	41204931	A	G	0.00024555673986801236	3.6098481411604944
X:154423462:C:CAAA	12.5892	1.90988e-06	15.7013	3.66676	X	154423462	C	CAAA	0.0002456431447472487	3.6096953513744046
X:117423024:C:G	21.4717	1.61279e-06	16.4043	3.66616	X	117423024	C	G	0.00024621990651615066	3.608676837917175
X:63838010:CTG:C	116.201	3.56439e-07	19.6024	3.66581	X	63838010	CTG	C	0.00024655693725324955	3.608082773427224
X:154237406:G:GT	12.7271	1.93526e-06	15.699	3.66564	X	154237406	G	GT	0.0002467207939901478	3.6077942459922
X:7192361:TG:T	113.84	3.49422e-07	19.6018	3.66552	X	7192361	TG	T	0.0002468365190620663	3.607590586722065
X:94863408:GAGA:G	116.321	3.57091e-07	19.6016	3.66545	X	94863408	GAGA	G	0.0002469040488651986	3.607471788215512
X:19652988:T:G	12.5212	1.45237e-06	15.9697	3.66523	X	19652988	T	G	0.00024711639822458305	3.6070984345972987
X:122709916:GA:G	23.6851	1.17653e-06	16.8178	3.66516	X	122709916	GA	G	0.0002471839998465876	3.606979644437704
X:21229744:C:G	115.367	3.54592e-07	19.6004	3.6649	X	21229744	C	G	0.00024743524348565883	3.606538441484454
X:28919832:TAATATACTAGGAC:T	114.19	3.51332e-07	19.5994	3.66445	X	28919832	TAATATACTAGGAC	T	0.0002478706543870641	3.6057748866737294
X:37397023:G:A	13.3807	1.4579e-06	16.0323	3.6643	X	37397023	G	A	0.0002480159509858049	3.6055203869062646
X:82621349:C:CAA	13.0772	1.99407e-06	15.6962	3.66427	X	82621349	C	CAA	0.00024804501989027195	3.6054694880629343
X:133519312:CT:C	115.962	3.57247e-07	19.5981	3.66386	X	133519312	CT	C	0.00024844261533227946	3.604773907624849
X:94862992:C:G	114.541	3.53343e-07	19.5968	3.66325	X	94862992	C	G	0.00024903526619254353	3.603739147569663
X:82601371:T:C	14.2543	1.82637e-06	15.8702	3.66256	X	82601371	T	C	0.00024970723992472	3.6025688656832013
X:95367563:G:GT	14.8433	1.91358e-06	15.8641	3.66246	X	95367563	G	GT	0.0002498047683978479	3.602399275853366
X:7192563:CA:C	116.082	3.59027e-07	19.5942	3.66208	X	7192563	CA	C	0.0002501757025195436	3.601754871997101
X:27421150:G:T	15.2687	2.9912e-06	15.4456	3.66154	X	27421150	G	T	0.0002507037081664847	3.6008392423308453
X:27419831:T:C	15.2175	2.98371e-06	15.4448	3.6611	X	27419831	T	C	0.00025113470755964393	3.600093262356778
X:133521410:T:C	30.0333	2.14922e-06	16.4527	3.66061	X	133521410	T	C	0.00025161550197892404	3.5992626056094816
X:117245711:G:C	18.9099	1.13306e-06	16.6303	3.65969	X	117245711	G	C	0.0002525205509213996	3.5977032718479993
X:33843913:C:CA	16.7609	1.76327e-06	16.0674	3.65841	X	33843913	C	CA	0.00025378482916224365	3.5955343428719195
X:128125367:AG:A	115.962	3.61675e-07	19.5858	3.6583	X	128125367	AG	A	0.00025389375460593486	3.5953479819681022
X:90287055:G:A	14.6592	1.90657e-06	15.8553	3.65818	X	90287055	G	A	0.0002540126323646851	3.5951446848373183
X:10793112:T:C	12.5894	1.94435e-06	15.6834	3.65806	X	10793112	T	C	0.00025413156232004025	3.594941393626567
X:10794310:T:C	12.5894	1.94435e-06	15.6834	3.65806	X	10794310	T	C	0.00025413156232004025	3.594941393626567
X:33844295:T:C	16.7478	1.7671e-06	16.0644	3.657	X	33844295	T	C	0.0002551843805145782	3.5931459117060776
X:63837168:CA:C	113.492	3.55063e-07	19.5827	3.65691	X	63837168	CA	C	0.00025527395886489296	3.5929934864026283
X:119299708:TTTTTA:T	101.172	5.78906e-07	18.979	3.65661	X	119299708	TTTTTA	T	0.00025557276637841166	3.592485426107203
X:28137000:A:G	31.5191	2.27465e-06	16.4443	3.65643	X	28137000	A	G	0.00025575220828919165	3.592180607689429
X:83363324:T:A	116.201	3.64061e-07	19.5813	3.65626	X	83363324	T	A	0.00025592178968092204	3.5918927358583383
X:133518859:G:A	19.2444	1.16329e-06	16.6215	3.65564	X	133518859	G	A	0.0002565411569363702	3.5908429510336535
X:62917728:AT:A	116.201	3.64856e-07	19.5791	3.65528	X	62917728	AT	A	0.0002569014342745695	3.590233471071169
X:28136161:C:CAT	31.4346	2.27411e-06	16.4418	3.65522	X	28136161	C	CAT	0.0002569615266043533	3.590131896257121
X:79483750:G:A	56.3222	8.19978e-07	18.0451	3.65516	X	79483750	G	A	0.00025702163211462314	3.590030322922982
X:133522025:G:A	30.049	2.17548e-06	16.4411	3.65485	X	133522025	G	A	0.00025733238732529167	3.5895055509389553
X:79799444:A:C	17.5347	1.0571e-06	16.6242	3.65481	X	79799444	A	C	0.0002573725104248316	3.589437841302469
X:128111104:T:C	14.5521	1.90779e-06	15.8473	3.65432	X	128111104	T	C	0.000257864494708117	3.58860845163432
X:44962565:T:C	12.312	1.46165e-06	15.9465	3.65427	X	44962565	T	C	0.00025791474673889103	3.588523825585092
X:34191652:C:T	35.1985	1.32497e-06	17.0951	3.65361	X	34191652	C	T	0.0002585789347268038	3.5874068580501484
X:79483749:A:C	56.201	8.21333e-07	18.0413	3.65339	X	79483749	A	C	0.00025880068688918784	3.587034575330277
X:82441904:C:T	33.6344	3.1806e-06	16.174	3.65216	X	82441904	C	T	0.00026004377198904566	3.5849535430550024
X:44961058:A:G	12.3079	1.46814e-06	15.9418	3.65202	X	44961058	A	G	0.0002601856156788073	3.5847167170134786
X:122706330:C:T	116.201	3.67524e-07	19.5718	3.65199	X	122706330	C	T	0.00026021602019171876	3.584665969624204
X:128113303:G:A	116.201	3.68746e-07	19.5685	3.65049	X	128113303	G	A	0.0002617405002731627	3.5821290718413406
X:38428266:CT:C	113.261	3.59844e-07	19.5673	3.64995	X	38428266	CT	C	0.00026229135999665835	3.5812160150427976
X:82761208:C:CTGCCTCGACAGGCCCCGGTG	56.3225	8.29453e-07	18.0336	3.64983	X	82761208	C	CTGCCTCGACAGGCCCCGGTG	0.000262413920788946	3.5810131298091044
X:37397551:AG:A	115.604	3.67714e-07	19.5661	3.64943	X	37397551	AG	A	0.0002628228446529472	3.580336888444366
X:7240493:ATGTGTGTGTGTGTGTGTGTG:A	112.572	3.58567e-07	19.5647	3.6488	X	7240493	ATGTGTGTGTGTGTGTGTGTG	A	0.0002634681114097836	3.579271941653844
X:7193451:CT:C	116.201	3.70317e-07	19.5642	3.64857	X	7193451	CT	C	0.00026370405485745215	3.5788831922062725
X:62918242:TAA:T	115.485	3.68413e-07	19.5632	3.64811	X	62918242	TAA	T	0.000264176536146645	3.5781057585404343
X:94856179:A:C	20.4443	2.53956e-06	15.9012	3.6479	X	94856179	A	C	0.00026439249788174084	3.577750872086498
X:7193617:TC:T	116.201	3.713e-07	19.5616	3.64738	X	7193617	TC	T	0.0002649279728219253	3.5768721836400017
X:94863648:C:A	116.201	3.7133e-07	19.5615	3.64734	X	94863648	C	A	0.00026496920528548175	3.576804596824394
X:80154740:A:T	19.1239	1.17775e-06	16.6028	3.64707	X	80154740	A	T	0.00026524768181096113	3.5763484030198622
X:87165637:T:C	17.2503	1.85863e-06	16.0435	3.64696	X	87165637	T	C	0.00026536121385157234	3.576162554874789
X:117412504:C:A	14.9365	1.98806e-06	15.8322	3.64696	X	117412504	C	A	0.00026536121385157234	3.576162554874789
X:64340495:A:C	12.8274	2.02943e-06	15.6593	3.64633	X	64340495	A	C	0.0002660123209035745	3.575098247667754
X:31140522:C:T	17.7634	1.09179e-06	16.6048	3.64582	X	31140522	C	T	0.0002665405041771258	3.5742367851215175
X:117412860:G:A	14.931	1.99202e-06	15.8298	3.64582	X	117412860	G	A	0.0002665405041771258	3.5742367851215175
X:117412816:A:T	14.931	1.99202e-06	15.8298	3.64582	X	117412816	A	T	0.0002665405041771258	3.5742367851215175
X:79483744:A:T	55.6806	8.27238e-07	18.0248	3.64576	X	79483744	A	T	0.0002666027079794417	3.5741354436147486
X:79483745:C:T	55.6408	8.27696e-07	18.0235	3.64517	X	79483745	C	T	0.00026721510396492137	3.573138997606554
X:122704391:T:TCAAA	27.9449	2.10684e-06	16.4006	3.64441	X	122704391	T	TCAAA	0.0002680058964459659	3.5718556508750345
X:64041102:A:G	13.6082	1.54961e-06	15.9882	3.64335	X	64041102	A	G	0.00026911250798851465	3.570066116341968
X:57498000:C:T	12.3992	1.50774e-06	15.9225	3.64294	X	57498000	C	T	0.0002695416845615833	3.569374061738235
X:7184667:AC:A	116.201	3.75111e-07	19.5514	3.64276	X	7184667	AC	A	0.0002697303061315547	3.569070254710387
X:125188378:GAAAGA:G	110.32	3.5624e-07	19.551	3.64262	X	125188378	GAAAGA	G	0.00026987709732744983	3.568833969561098
X:7184358:TC:T	115.843	3.7436e-07	19.5503	3.64227	X	7184358	TC	T	0.00027024440298450026	3.5682432919282805
X:19613435:A:G	12.4453	1.51675e-06	15.9203	3.64188	X	19613435	A	G	0.00027065423837413147	3.567585167582397
X:102747222:G:T	12.3079	1.50033e-06	15.9201	3.64178	X	102747222	G	T	0.00027075941817164214	3.567416427818673
X:7198477:G:A	36.4917	1.40848e-06	17.0701	3.64169	X	7198477	G	A	0.000270854112745061	3.5672645655450275
X:78611144:CA:C	115.604	3.74854e-07	19.5469	3.64075	X	78611144	CA	C	0.00027184500193207564	3.565678647408542
X:45079501:A:ATATG	14.0305	1.88034e-06	15.8253	3.64073	X	45079501	A	ATATG	0.0002718661215491201	3.5656449084146136
X:7236657:CTTAT:C	37.4596	1.15946e-06	17.2908	3.64071	X	7236657	CTTAT	C	0.0002718872427040364	3.5656111695850665
X:78611138:ACCTC:A	115.723	3.75488e-07	19.5462	3.64045	X	78611138	ACCTC	A	0.00027216195771146296	3.5651725797594764
X:107069866:TAAAAA:T	115.604	3.75343e-07	19.5456	3.64016	X	107069866	TAAAAA	T	0.0002724686775171382	3.564683416188566
X:107070704:TAAGAG:T	116.082	3.76983e-07	19.5454	3.64005	X	107070704	TAAGAG	T	0.0002725851042406975	3.5644978804265945
X:109158475:T:A	12.2421	1.49811e-06	15.9162	3.63995	X	109158475	T	A	0.00027269098717785695	3.564329215866979
X:109158404:G:A	12.2421	1.49811e-06	15.9162	3.63995	X	109158404	G	A	0.00027269098717785695	3.564329215866979
X:7191736:GC:G	109.768	3.5673e-07	19.5447	3.63973	X	7191736	GC	G	0.0002729240653463952	3.5639581683009802
X:127945072:TC:T	116.321	3.79058e-07	19.5419	3.63851	X	127945072	TC	T	0.0002742199820930367	3.5619009018566703
X:127945071:ATCTC:A	116.321	3.79058e-07	19.5419	3.63851	X	127945071	ATCTC	A	0.0002742199820930367	3.5619009018566703
X:64361157:C:A	107.813	3.51409e-07	19.5417	3.63841	X	64361157	C	A	0.00027432646010800674	3.561732300581122
X:95400190:G:A	56.2412	8.49328e-07	18.0085	3.63819	X	95400190	G	A	0.0002745608481526609	3.5613613922395633
X:55726151:T:TA	57.0985	8.62554e-07	18.0081	3.63803	X	55726151	T	TA	0.00027473143005867764	3.5610916532105774
X:82442477:A:G	33.5599	3.26419e-06	16.1458	3.63761	X	82442477	A	G	0.0002751796802553915	3.560383638309952
X:53419040:CA:C	32.4713	3.15885e-06	16.1457	3.63752	X	53419040	CA	C	0.0002752758230025083	3.5602319302618888
X:73275000:GA:G	116.201	3.802e-07	19.5379	3.63668	X	73275000	GA	G	0.0002761746746242148	3.5588161489841523
X:127945022:TAAAG:T	115.962	3.79565e-07	19.5375	3.63651	X	127945022	TAAAG	T	0.0002763569194137991	3.5585296570977287
X:91321999:T:C	21.3304	1.70564e-06	16.3417	3.63611	X	91321999	T	C	0.00027678617535770937	3.5578556053850727
X:81965637:T:C	22.1137	1.63778e-06	16.4184	3.63539	X	81965637	T	C	0.0002775604110746066	3.556642477979201
X:99786520:T:C	20.5778	1.64924e-06	16.3394	3.63501	X	99786520	T	C	0.000277969853269268	3.5560023021709304
X:15005262:T:C	17.2027	1.90271e-06	16.0173	3.6344	X	15005262	T	C	0.000278628299493831	3.5549747756010577
X:15005361:T:C	17.2027	1.90271e-06	16.0173	3.6344	X	15005361	T	C	0.000278628299493831	3.5549747756010577
X:128137281:G:T	13.7679	1.86949e-06	15.8122	3.63437	X	128137281	G	T	0.0002786607197735526	3.5549242454520185
X:55796909:T:C	13.7973	1.87383e-06	15.812	3.63427	X	55796909	T	C	0.0002787688129052666	3.554755814292665
X:133519994:ACACT:A	115.962	3.8235e-07	19.5302	3.63321	X	133519994	ACACT	A	0.00027991701831704837	3.5529706966159953
X:55732729:C:T	17.855	1.12796e-06	16.5774	3.63306	X	55732729	C	T	0.0002800798576891589	3.552718122911507
X:117413685:C:T	14.9365	2.04861e-06	15.8022	3.6324	X	117413685	C	T	0.0002807974060564913	3.5516069084387976
X:117413606:A:T	14.9365	2.04861e-06	15.8022	3.6324	X	117413606	A	T	0.0002807974060564913	3.5516069084387976
X:117413613:G:C	14.9365	2.04861e-06	15.8022	3.6324	X	117413613	G	C	0.0002807974060564913	3.5516069084387976
X:91319685:T:C	21.1061	1.70177e-06	16.3334	3.63213	X	91319685	T	C	0.0002810914447611762	3.5511523722849603
X:101990562:GTATA:G	43.1998	3.60872e-07	18.6006	3.63189	X	101990562	GTATA	G	0.0002813530546862871	3.5507483652933662
X:4293152:C:CATCT	30.7385	2.33238e-06	16.3941	3.63159	X	4293152	C	CATCT	0.00028168038792574684	3.550243389834012
X:117413517:A:C	14.931	2.0527e-06	15.7998	3.63125	X	117413517	A	C	0.0002820517969677872	3.5496711290153184
X:43475550:G:A	11.9684	2.88051e-06	15.2398	3.63093	X	43475550	G	A	0.0002824017775522802	3.5491325739845503
X:127943979:CA:C	116.201	3.86246e-07	19.5221	3.62956	X	127943979	CA	C	0.00028390473716393273	3.546827360883823
X:133522757:T:C	30.0648	2.29094e-06	16.3899	3.62949	X	133522757	T	C	0.0002839817316113708	3.5467095969795817
X:107076316:CAAATAAAT:C	102.153	6.20391e-07	18.9194	3.62896	X	107076316	CAAATAAAT	C	0.0002845653247298197	3.545818021314184
X:96324261:A:G	11.8121	2.86067e-06	15.2336	3.62777	X	96324261	A	G	0.0002858797528279112	3.5438166020624076
X:67659077:G:A	12.7749	2.10264e-06	15.6198	3.62709	X	67659077	G	A	0.00028663340636031487	3.542673195123369
X:127943541:AAAG:A	116.201	3.88447e-07	19.5164	3.62699	X	127943541	AAAG	A	0.0002867443946321498	3.5425050630661725
X:133520179:TTTTA:T	116.082	3.88515e-07	19.5152	3.62645	X	133520179	TTTTA	T	0.00028734442738052727	3.5415972209466897
X:4284661:CA:C	109.548	3.66776e-07	19.5149	3.62629	X	4284661	CA	C	0.0002875224406448328	3.541328253694741
X:78610184:C:T	114.424	3.83312e-07	19.5143	3.62604	X	78610184	C	T	0.0002878007932216957	3.540908013417723
X:4283763:G:A	116.082	3.89186e-07	19.5135	3.62567	X	4283763	G	A	0.00028821321838241334	3.540286104927661
X:35529746:G:A	70.2892	6.55628e-07	18.4903	3.62561	X	35529746	G	A	0.0002882801502891739	3.540185260201669
X:73236957:C:CTCTTTCTT	12.0479	2.9314e-06	15.2289	3.62541	X	73236957	C	CTCTTTCTT	0.00028850336182948533	3.5398491217959864
X:7240493:ATG:A	109.329	3.66765e-07	19.5129	3.6254	X	7240493	ATG	A	0.0002885145266556156	3.539832315307047
X:78609316:CTAGTAGTAAGTAGTAGCAGTAGTTAT:C	115.604	3.88179e-07	19.512	3.62498	X	78609316	CTAGTAGTAAGTAGTAGCAGTAGTTAT	C	0.0002889838150340179	3.539126479867148
X:44896623:CT:C	16.6046	1.53421e-06	16.1972	3.62415	X	44896623	CT	C	0.0002899133219576569	3.5377318276951346
X:117410402:C:CAAA	14.5522	2.0324e-06	15.784	3.6236	X	117410402	C	CAAA	0.0002905308023715891	3.5368078164893197
X:117414612:C:T	14.931	2.08812e-06	15.7827	3.62294	X	117414612	C	T	0.0002912734051142313	3.5356991670695876
X:65838054:AGTTG:A	115.962	3.91221e-07	19.5073	3.62285	X	65838054	AGTTG	A	0.00029137480677914057	3.5355480014671827
X:106641297:CCTT:C	69.84	6.55692e-07	18.4838	3.62266	X	106641297	CCTT	C	0.00029158898556661705	3.535228885011073
X:117246743:A:T	18.9809	1.23276e-06	16.5497	3.62262	X	117246743	A	T	0.0002916340946258598	3.5351617044888424
X:4283592:CA:C	115.604	3.90291e-07	19.5065	3.62253	X	4283592	CA	C	0.00029173561391136906	3.535010550716875
X:55798913:C:CA	23.4549	1.27552e-06	16.7272	3.62206	X	55798913	C	CA	0.00029226630823782335	3.534221246188051
X:106641392:T:C	69.7841	6.56028e-07	18.4825	3.62206	X	106641392	T	C	0.00029226630823782335	3.534221246188051
X:97199227:A:ATG	12.6971	2.11296e-06	15.6088	3.62174	X	97199227	A	ATG	0.0002926281493391447	3.5336838992816424
X:73238564:C:T	18.0148	1.17101e-06	16.5488	3.61979	X	73238564	C	T	0.0002948422042263939	3.530410350695122
X:77040891:CA:C	115.843	3.93506e-07	19.5004	3.61976	X	77040891	CA	C	0.0002948763888446104	3.5303600006086624
X:125188426:GA:G	106.75	3.62991e-07	19.4994	3.61929	X	125188426	GA	G	0.00029541243277618674	3.529571230850511
X:7246468:A:AT	34.6847	1.40371e-06	17.0227	3.61911	X	7246468	A	AT	0.00029561796780451396	3.529269172844185
X:4283480:CATCATGCCAGGATGAGCA:C	116.201	3.95357e-07	19.4988	3.61903	X	4283480	CATCATGCCAGGATGAGCA	C	0.0002957093596934284	3.529134929113119
X:117247122:C:T	18.9572	1.24328e-06	16.5399	3.61814	X	117247122	C	T	0.00029672788093084335	3.527641644901456
X:107069866:TAAA:T	111.889	3.81509e-07	19.4966	3.61806	X	107069866	TAAA	T	0.00029681959417144293	3.5275074330437777
X:117247695:G:A	18.973	1.24609e-06	16.5385	3.61748	X	117247695	G	A	0.0002974853096120398	3.5265344756898944
X:117247696:T:C	18.973	1.24609e-06	16.5385	3.61748	X	117247696	T	C	0.0002974853096120398	3.5265344756898944
X:63837898:T:G	107.706	3.68474e-07	19.4933	3.61655	X	63837898	T	G	0.0002985556694764656	3.5249746772908908
X:57504053:C:CAAAA	16.8134	1.93049e-06	15.9799	3.61648	X	57504053	C	CAAAA	0.00029863637998614294	3.52485728748562
X:73274219:A:G	111.663	3.82085e-07	19.4931	3.61647	X	73274219	A	G	0.0002986479117269846	3.5248405176777267
X:117180093:T:C	12.8276	2.15852e-06	15.5977	3.61633	X	117180093	T	C	0.0002988093998953064	3.5246057446797616
X:79483792:A:G	55.5219	8.79071e-07	17.9612	3.61626	X	79483792	A	G	0.000298890174644551	3.524488361199559
X:65839576:AAC:A	116.201	3.98334e-07	19.4913	3.61565	X	65839576	AAC	A	0.00029959493497605944	3.5234655331973457
X:81006310:G:A	19.4234	1.28101e-06	16.5343	3.61556	X	81006310	G	A	0.00029969904766319853	3.523314637085303
X:62916160:A:G	105.08	3.60758e-07	19.4898	3.61496	X	62916160	A	G	0.00030039399865577866	3.5223087480217785
X:78609620:GT:G	113.608	3.90272e-07	19.4892	3.61469	X	78609620	GT	G	0.0003007072187223809	3.521856146180605
X:107071207:CAA:C	113.84	3.91363e-07	19.4884	3.61435	X	107071207	CAA	C	0.0003011020790837427	3.5212862457111545
X:64046904:T:TA	16.689	1.9256e-06	15.975	3.61413	X	64046904	T	TA	0.000301357835657468	3.520917511882948
X:117248343:G:A	18.9967	1.25886e-06	16.5296	3.61337	X	117248343	G	A	0.0003022429245810572	3.5196438570556787
X:127969777:T:A	15.1484	3.26028e-06	15.3516	3.61328	X	127969777	T	A	0.00030234789880386256	3.5194930452193054
X:45105820:T:G	13.05	2.20979e-06	15.5914	3.61327	X	45105820	T	G	0.0003023595647137806	3.519476288553942
X:62921600:TTGTG:T	25.7638	1.42677e-06	16.7091	3.61321	X	62921600	TTGTG	T	0.0003024295690258797	3.519375749424207
X:94864033:G:A	116.082	4.00367e-07	19.4852	3.61289	X	94864033	G	A	0.0003028031817718189	3.5188395657020717
X:95398880:T:G	56.2009	8.96928e-07	17.9532	3.61257	X	95398880	T	G	0.0003031772267105016	3.518303424034088
X:28079272:A:AAC	12.6754	2.14952e-06	15.5899	3.61256	X	28079272	A	AAC	0.00030318892258391337	3.5182866702845907
X:34192172:C:G	22.5477	1.75189e-06	16.3705	3.61232	X	34192172	C	G	0.00030346975033664986	3.5178845926170843
X:128110675:C:T	14.5468	2.08388e-06	15.7587	3.61127	X	128110675	C	T	0.0003047012381993364	3.5161257809527555
X:44950172:T:C	47.2389	1.24053e-06	17.4552	3.61085	X	44950172	T	C	0.000305195142395904	3.5154223830613347
X:114865219:TTGTTTG:T	115.012	3.99157e-07	19.4789	3.61007	X	114865219	TTGTTTG	T	0.0003061143825830894	3.5141162648824746
X:9276448:T:C	12.5644	1.63921e-06	15.8522	3.60971	X	9276448	T	C	0.00030653952113347534	3.513513525374922
X:28919748:AAATG:A	116.201	4.04452e-07	19.4761	3.60877	X	28919748	AAATG	A	0.00030765221310250087	3.5119399564584586
X:28932754:GA:G	15.6692	3.4046e-06	15.3421	3.6084	X	28932754	GA	G	0.000308091223961898	3.5113206724691812
X:77043589:C:T	12.008	3.0244e-06	15.1944	3.60789	X	77043589	C	T	0.0003086973085809964	3.51046715695625
X:55717852:C:G	19.2363	1.28999e-06	16.5177	3.60789	X	55717852	C	G	0.0003086973085809964	3.51046715695625
X:104941942:T:C	87.4555	7.28725e-07	18.6031	3.60726	X	104941942	T	C	0.00030944754265319345	3.5094129617234553
X:93057036:C:A	15.2279	3.3202e-06	15.3386	3.60662	X	93057036	C	A	0.00031021143297870146	3.508342200113446
X:41215836:GT:G	114.424	4.00241e-07	19.4711	3.60653	X	41215836	GT	G	0.0003103189965448056	3.5081916377511244
X:80989820:TACACAC:T	80.9541	8.8778e-07	18.3284	3.60649	X	80989820	TACACAC	T	0.0003103668137822844	3.508124722213271
X:78613152:G:A	104.875	3.67038e-07	19.4706	3.60629	X	78613152	G	A	0.000310606003466952	3.5077901543789594
X:81006690:A:T	19.3418	1.30428e-06	16.5121	3.60534	X	81006690	A	T	0.000311744513223525	3.5062011814667926
X:117418781:G:A	15.0197	2.18094e-06	15.7451	3.6047	X	117418781	G	A	0.00031251371068017865	3.5051309244251065
X:117418783:G:A	15.0197	2.18094e-06	15.7451	3.6047	X	117418783	G	A	0.00031251371068017865	3.5051309244251065
X:132565195:AAC:A	115.485	4.05608e-07	19.467	3.60469	X	132565195	AAC	A	0.00031252574347709236	3.505114202993308
X:44949349:T:C	47.2389	1.25676e-06	17.4422	3.60465	X	44949349	T	C	0.0003125738790024195	3.5050473176767194
X:119303734:CTCTTT:C	116.321	4.08954e-07	19.466	3.60424	X	119303734	CTCTTT	C	0.00031306766849155724	3.504361781059972
X:128136726:G:A	13.7143	1.69691e-06	15.9051	3.60394	X	128136726	G	A	0.0003134294404563788	3.5038602126305296
X:55800895:C:T	18.8079	1.27229e-06	16.509	3.60389	X	55800895	C	T	0.000313489773821496	3.5037766214850383
X:34195549:A:G	23.2713	1.31505e-06	16.6889	3.6038	X	34195549	A	G	0.00031359840127917726	3.5036261600099246
X:95471851:T:G	84.1845	7.07538e-07	18.5945	3.60328	X	95471851	T	G	0.0003142267168912063	3.5027568921631924
X:15036349:G:A	16.4566	1.58972e-06	16.1527	3.60322	X	15036349	G	A	0.00031429929063561175	3.5026565991713703
X:93057551:A:G	15.1656	3.33254e-06	15.3308	3.60261	X	93057551	A	G	0.0003150380149659187	3.5016370376586736
X:7238121:G:GGTGT	12.1363	1.60808e-06	15.8367	3.60239	X	7238121	G	GGTGT	0.00031530483872759885	3.5012693644358217
X:101396311:GT:G	79.0371	8.74737e-07	18.3193	3.60219	X	101396311	GT	G	0.0003155475893547752	3.500935133295949
X:109176651:A:C	23.0262	1.83114e-06	16.3472	3.60113	X	109176651	A	C	0.00031683709125138464	3.4991639824396277
X:83358806:AT:A	98.0334	6.32411e-07	18.859	3.60094	X	83358806	AT	A	0.0003170687490972769	3.498846560758881
X:154407554:T:C	13.8464	2.01422e-06	15.7433	3.60091	X	154407554	T	C	0.0003171053411427736	3.498796442901015
X:87357592:G:A	16.362	1.58974e-06	16.1469	3.6005	X	87357592	G	A	0.00031760582879187404	3.4981115358768107
X:133524358:C:CAA	21.5575	1.85987e-06	16.2657	3.59963	X	133524358	C	CAA	0.0003186702894366986	3.4966584251838633
X:132564960:AT:A	114.541	4.07098e-07	19.4551	3.59933	X	132564960	AT	A	0.00031903811849347936	3.4961574245843017
X:7238737:CAGG:C	43.8315	3.95322e-07	18.5239	3.59902	X	7238737	CAGG	C	0.00031941862600997684	3.4956397627826976
X:66970446:T:C	116.201	4.13469e-07	19.454	3.59881	X	66970446	T	C	0.0003196766304748303	3.4952891110751705
X:7240493:ATGTGTGTGTGTGTGTG:A	111.55	3.97535e-07	19.4525	3.59812	X	7240493	ATGTGTGTGTGTGTGTG	A	0.00032052573354675036	3.494137097225635
X:133519606:CT:C	107.599	3.83766e-07	19.4516	3.59775	X	133519606	CT	C	0.00032098191874701854	3.493519431176324
X:87358165:G:T	16.343	1.59876e-06	16.1401	3.59729	X	87358165	G	T	0.000321549915354472	3.492751600405861
X:28919941:G:A	112.916	4.03246e-07	19.4504	3.59717	X	28919941	G	A	0.000321698243028453	3.4925513110132664
X:117248194:C:T	18.8237	1.29323e-06	16.4935	3.59677	X	117248194	C	T	0.00032219313127007887	3.4918837224000394
X:55722467:G:T	18.9097	1.29944e-06	16.4932	3.59666	X	55722467	G	T	0.0003223293504087241	3.491700147046795
X:133519486:C:CT	106.015	3.80019e-07	19.4466	3.59548	X	133519486	C	CT	0.0003237940048444641	3.489731196617454
X:44955021:G:C	15.4054	3.43357e-06	15.3166	3.59534	X	44955021	G	C	0.0003239681901705117	3.4894976302613543
X:7199247:T:C	36.7888	1.25596e-06	17.1928	3.59427	X	7199247	T	C	0.00032530236320428677	3.487712781713986
X:7198962:T:C	36.7674	1.25681e-06	17.1915	3.59367	X	7198962	T	C	0.0003260527460819749	3.486712137725418
X:95396298:T:C	58.9593	9.80238e-07	17.9123	3.5936	X	95396298	T	C	0.0003261403961961695	3.4865954055530155
X:28919408:TCTC:T	113.724	4.10208e-07	19.4404	3.59266	X	28919408	TCTC	T	0.00032731955035002864	3.485028054100595
X:55721284:A:G	18.8704	1.30913e-06	16.4837	3.59229	X	55721284	A	G	0.0003277847788520452	3.4844112173733466
X:7240491:GTA:G	110.32	3.98289e-07	19.4395	3.59225	X	7240491	GTA	G	0.00032783511087454756	3.4843445356877503
X:132566262:A:G	112.003	4.04742e-07	19.4385	3.59183	X	132566262	A	G	0.0003283640339701196	3.4836444176418486
X:116797478:G:GT	15.3195	3.44273e-06	15.3084	3.5911	X	116797478	G	GT	0.000329285253438616	3.482427718099628
X:7191042:G:A	36.5762	1.25866e-06	17.1849	3.5905	X	7191042	G	A	0.0003300442304128528	3.48142785485835
X:34198882:AGT:A	82.9418	7.16981e-07	18.5664	3.59026	X	34198882	AGT	A	0.00033034827933179034	3.481027950937258
X:133520499:C:CT	110.32	4.0038e-07	19.4342	3.58989	X	133520499	C	CT	0.0003308175349963808	3.480411478713388
X:41193061:G:A	18.6375	1.30001e-06	16.4783	3.58979	X	41193061	G	A	0.00033094446788420865	3.480244874244737
X:119302807:TTAAAAAATAA:T	116.201	4.22113e-07	19.4333	3.58947	X	119302807	TTAAAAAATAA	T	0.000331350959459747	3.479711767528081
X:55720808:G:A	18.8783	1.31816e-06	16.4773	3.58932	X	55720808	G	A	0.0003315416631757552	3.4794618882233563
X:87367055:G:A	36.1783	1.5599e-06	16.9594	3.58894	X	87367055	G	A	0.0003320252390221617	3.4788289019844147
X:122714169:CA:C	32.19	3.44844e-06	16.0492	3.58769	X	122714169	CA	C	0.0003336206094959233	3.476747128556223
X:122706477:A:G	27.959	2.3682e-06	16.2841	3.58674	X	122706477	A	G	0.000334837885221614	3.475165409663691
X:7182069:CT:C	116.201	4.25241e-07	19.4259	3.58614	X	7182069	CT	C	0.0003356088308288101	3.4741666201622734
X:117411600:C:G	14.5682	2.20512e-06	15.7036	3.58452	X	117411600	C	G	0.0003376986880897235	3.4714706265321946
X:81007519:T:C	19.3499	1.36663e-06	16.4658	3.58406	X	81007519	T	C	0.00033829432014423686	3.470705293819243
X:42963198:T:C	14.5633	2.20656e-06	15.7026	3.58405	X	42963198	T	C	0.00033830727957669164	3.4706886571160287
X:31962411:T:A	15.2633	3.47988e-06	15.294	3.58371	X	31962411	T	A	0.00033874817674675513	3.47012303362589
X:81008028:T:A	19.3499	1.37086e-06	16.4628	3.58263	X	81008028	T	A	0.00034015224219265144	3.468326661940849
X:127942703:TG:T	109.329	4.03332e-07	19.4179	3.5825	X	127942703	TG	T	0.00034032161671906	3.46811046429343
X:55719993:A:C	18.8861	1.33845e-06	16.4624	3.58248	X	55719993	A	C	0.00034034768134064565	3.468077203732493
X:93056834:T:A	33.6345	3.64156e-06	16.0387	3.58221	X	93056834	T	A	0.0003406997365724303	3.4676282022266167
X:82443383:A:G	15.2278	3.48637e-06	15.2898	3.58155	X	82443383	A	G	0.0003415617508284812	3.4665307689379277
X:28916302:CT:C	115.962	4.28853e-07	19.4154	3.58139	X	28916302	CT	C	0.0003417710310389064	3.4662647514254865
X:133519679:C:T	19.1639	1.36281e-06	16.459	3.5809	X	133519679	C	T	0.000342412698168966	3.4654501381465916
X:7204483:C:T	37.3283	1.31207e-06	17.1637	3.58046	X	7204483	C	T	0.0003429898492767185	3.464718732634608
X:150144520:TA:T	13.4761	1.75307e-06	15.8551	3.58017	X	150144520	TA	T	0.0003433707417607347	3.4642367133486878
X:34198882:A:AGTGT	14.086	2.13911e-06	15.7003	3.58002	X	34198882	A	AGTGT	0.0003435679103462855	3.4639874065705696
X:64359958:CA:C	108.567	4.03055e-07	19.4116	3.57965	X	64359958	CA	C	0.00034405471245152784	3.463372489328477
X:102163823:G:A	16.0801	1.63558e-06	16.1011	3.57895	X	102163823	G	A	0.000344977454991696	3.462209286064786
X:55720687:CAAA:C	114.073	4.24189e-07	19.4099	3.57892	X	55720687	CAAA	C	0.0003450170527869511	3.462159438989774
X:131951940:ATATATATTCC:A	109.329	4.069e-07	19.4091	3.57852	X	131951940	ATATATATTCC	A	0.00034554542983391813	3.461494846613508
X:117418846:A:G	14.92	2.2878e-06	15.6906	3.57824	X	117418846	A	G	0.00034591574404184254	3.461029671015733
X:99796599:T:C	18.229	1.29613e-06	16.4591	3.5781	X	99796599	T	C	0.0003461010403267718	3.4607970952811473
X:97479255:TACA:T	116.082	4.33762e-07	19.4051	3.57672	X	97479255	TACA	T	0.0003479325071849431	3.4585049934095897
X:73269591:G:A	17.6831	1.26603e-06	16.4522	3.57488	X	73269591	G	A	0.0003503885669409682	3.4554500731530897
X:15032056:A:G	30.6082	2.60757e-06	16.2784	3.57423	X	15032056	A	G	0.00035126006598893095	3.4543712214190805
X:106629061:G:T	11.8349	3.18626e-06	15.1277	3.5741	X	106629061	G	T	0.000351434608907218	3.4541554718751195
X:81781388:C:T	116.201	4.38433e-07	19.3954	3.57235	X	81781388	C	T	0.0003537921349107553	3.451251826041406
X:78610835:T:A	104.875	3.9571e-07	19.3954	3.57234	X	78610835	T	A	0.0003538056488896029	3.451235237390121
X:7177481:T:A	19.7046	2.84912e-06	15.7494	3.57212	X	7177481	T	A	0.00035410307859418816	3.4508702974422394
X:84498821:GCACACA:G	35.6626	1.59379e-06	16.9235	3.57186	X	84498821	GCACACA	G	0.0003544548879093143	3.450439030378654
X:48917663:G:A	63.7368	1.15928e-06	17.8225	3.57148	X	48917663	G	A	0.0003549696588134466	3.4498087668689448
X:105747533:TATAC:T	44.7629	4.30884e-07	18.4588	3.57111	X	105747533	TATAC	T	0.00035547155485540386	3.449195146167952
X:105747533:TATACAC:T	116.082	4.39468e-07	19.392	3.57082	X	105747533	TATACAC	T	0.00035586539668260297	3.448714239476959
X:119302718:A:G	113.724	4.30705e-07	19.3916	3.57065	X	119302718	A	G	0.00035609645916428605	3.448432344699959
X:55716784:ATAAT:A	116.201	4.40157e-07	19.3915	3.57058	X	55716784	ATAAT	A	0.0003561916433138416	3.448316273826337
X:105936509:A:G	14.9365	2.3268e-06	15.6748	3.57057	X	105936509	A	G	0.0003562052429916802	3.4482996924370717
X:127528432:T:G	13.0906	2.42281e-06	15.5025	3.57001	X	127528432	T	G	0.0003569676004274433	3.447371200117839
X:80158030:C:T	14.531	2.26664e-06	15.6735	3.56993	X	80158030	C	T	0.00035707663310852167	3.4472385688608846
X:28920668:A:G	107.706	4.10216e-07	19.386	3.56811	X	28920668	A	G	0.00035956555630878913	3.4442219171097554
X:55797252:C:T	13.7924	2.14694e-06	15.6756	3.56802	X	55797252	C	T	0.00035968905489131947	3.4440727772846986
X:117418845:C:T	14.8705	2.32918e-06	15.6694	3.56792	X	117418845	C	T	0.00035982632205912556	3.443907070265342
X:83081089:CT:C	100.301	6.95693e-07	18.7865	3.56729	X	83081089	CT	C	0.0003606922322709224	3.4428632103797243
X:46983794:T:G	27.2787	1.17322e-06	16.9619	3.56723	X	46983794	T	G	0.00036077480145497705	3.4427638036445845
X:128109466:T:C	14.5415	2.28488e-06	15.6662	3.56638	X	128109466	T	C	0.0003619464319869651	3.4413557002235704
X:97477706:TAGAA:T	115.485	4.42385e-07	19.3802	3.56551	X	97477706	TAGAA	T	0.0003631493140025	3.439914771894188
X:122706585:C:T	115.604	4.42917e-07	19.3801	3.56543	X	122706585	C	T	0.00036326011130226766	3.4397822883261178
X:7215138:CAT:C	40.6805	1.22144e-06	17.3212	3.56532	X	7215138	CAT	C	0.00036341250920060586	3.4396001277068655
X:97479197:CGA:C	114.541	4.39317e-07	19.379	3.56494	X	97479197	CGA	C	0.00036393943476317297	3.4389708837593402
X:114420628:T:A	19.6716	2.88582e-06	15.7349	3.5649	X	114420628	T	A	0.0003639949421483431	3.4389046510001915
X:83362458:AT:A	110.877	4.25868e-07	19.3776	3.5643	X	83362458	AT	A	0.0003648285033919708	3.4379112383746886
X:133520798:C:A	115.962	4.45804e-07	19.3766	3.56389	X	133520798	C	A	0.0003653991297227509	3.4372324913487167
X:55797411:CT:C	13.7924	2.17178e-06	15.6641	3.56243	X	55797411	CT	C	0.0003674378999739871	3.4348160497159643
X:34195301:A:G	23.1643	1.42844e-06	16.6015	3.56224	X	34195301	A	G	0.0003677040001102259	3.434501645583004
X:7196653:G:A	36.5339	1.33498e-06	17.1248	3.56206	X	7196653	G	A	0.00036795626116470104	3.434203802695414
X:78608870:T:C	104.977	4.0536e-07	19.3722	3.5619	X	78608870	T	C	0.00036818062903745045	3.4339390646192065
X:78608867:T:A	104.977	4.0536e-07	19.3722	3.5619	X	78608867	T	A	0.00036818062903745045	3.4339390646192065
X:78609087:ATAC:A	104.875	4.05147e-07	19.3718	3.5617	X	78609087	ATAC	A	0.0003684612687520898	3.4336081567907675
X:17959077:AAC:A	35.8263	1.63624e-06	16.9018	3.56152	X	17959077	AAC	A	0.0003687140154762325	3.4333103537735914
X:104931996:AT:A	33.8972	3.82366e-06	15.9976	3.56101	X	104931996	AT	A	0.0003694310117033546	3.432466650730281
X:97477624:ATC:A	114.776	4.44788e-07	19.3687	3.56028	X	97477624	ATC	A	0.00037045956889229987	3.431259183002093
X:87434287:A:G	28.549	2.55362e-06	16.2296	3.55975	X	87434287	A	G	0.00037120800636936986	3.4303826653073264
X:124898852:C:A	97.9406	6.90456e-07	18.7703	3.55975	X	124898852	C	A	0.00037120800636936986	3.4303826653073264
X:87434273:A:C	28.549	2.55362e-06	16.2296	3.55975	X	87434273	A	C	0.00037120800636936986	3.4303826653073264
X:70371205:T:G	87.0654	8.04374e-07	18.4999	3.5595	X	70371205	T	G	0.00037156153334914606	3.4299692535560244
X:44946831:G:A	47.3634	1.38528e-06	17.3475	3.55948	X	44946831	G	A	0.00037158982910065496	3.429936181723371
X:81802323:C:T	12.0679	1.75193e-06	15.7453	3.55926	X	81802323	C	T	0.00037190121534902784	3.429572402392536
X:82623848:G:A	14.5895	2.32725e-06	15.6511	3.55906	X	82623848	G	A	0.0003721845054203	3.429241711136833
X:35517945:A:AACAC	12.8586	2.43416e-06	15.4799	3.55903	X	35517945	A	AACAC	0.00037222701632620106	3.429192108863536
X:67645742:G:A	11.9053	3.30212e-06	15.0979	3.559	X	67645742	G	A	0.00037226953177127013	3.429142506959386
X:79006060:GTC:G	116.201	4.51926e-07	19.3651	3.55867	X	79006060	GTC	G	0.00037273750137996195	3.4285969103772347
X:105645740:GAC:G	116.201	4.52751e-07	19.3632	3.55784	X	105645740	GAC	G	0.00037391694799758144	3.427224849756134
X:117417253:G:A	14.756	2.36077e-06	15.6482	3.55763	X	117417253	G	A	0.00037421591473268305	3.4268777466767024
X:7200954:GTGGATGGATGGA:G	116.201	4.53528e-07	19.3615	3.55707	X	7200954	GTGGATGGATGGA	G	0.0003750142521614201	3.4259522268924356
X:7200954:GTGGATGGA:G	116.082	4.53313e-07	19.361	3.55682	X	7200954	GTGGATGGA	G	0.0003753711665724531	3.425539089944295
X:7248672:T:TCTTAA	37.9245	1.40272e-06	17.1127	3.55631	X	7248672	T	TCTTAA	0.00037610025678936666	3.4246963700549555
X:105750189:A:T	13.5605	1.85676e-06	15.8038	3.55587	X	105750189	A	T	0.0003767303392515297	3.4239694033195582
X:43476141:A:G	11.9684	3.34371e-06	15.0907	3.55533	X	43476141	A	G	0.0003775049708250773	3.4230773253919096
X:87281857:GT:G	52.6679	1.34831e-06	17.4807	3.55486	X	87281857	GT	G	0.00037818039878093545	3.4223009845387913
X:91601747:A:T	15.8607	1.69804e-06	16.0499	3.55485	X	91601747	A	T	0.0003781947818532862	3.4222844676325908
X:91601846:C:T	15.8607	1.69804e-06	16.0499	3.55485	X	91601846	C	T	0.0003781947818532862	3.4222844676325908
X:128136788:T:C	12.2749	1.79927e-06	15.7357	3.5547	X	128136788	T	C	0.0003784105893046021	3.4220367189610252
X:7201164:TGATA:T	115.012	4.52309e-07	19.3539	3.55364	X	7201164	TGATA	T	0.0003799389125013718	3.4202862246890557
X:117421329:C:A	15.1373	3.66205e-06	15.2346	3.55327	X	117421329	C	A	0.00038047374081152306	3.419675311598241
X:106643004:G:A	12.8099	2.45726e-06	15.4667	3.55259	X	106643004	G	A	0.00038145850396210853	3.4185526988112085
X:96244842:AT:A	115.962	4.57436e-07	19.3509	3.55227	X	96244842	AT	A	0.000381922745753789	3.4180244760566527
X:28915917:ATATC:A	116.201	4.58431e-07	19.3508	3.55222	X	28915917	ATATC	A	0.0003819953312164505	3.4179419450446358
X:7205619:GT:G	116.201	4.60023e-07	19.3473	3.55065	X	7205619	GT	G	0.00038428108409808417	3.4153509927774124
X:7205593:TTTTTCTTTTTC:T	116.201	4.60039e-07	19.3473	3.55064	X	7205593	TTTTTCTTTTTC	T	0.00038429568391606147	3.4153344931363905
X:128108936:C:A	14.5521	2.36259e-06	15.6335	3.5505	X	128108936	C	A	0.00038450013580706256	3.4151035024678884
X:67642562:G:T	11.8935	3.35461e-06	15.0812	3.5505	X	67642562	G	T	0.00038450013580706256	3.4151035024678884
X:4281547:CT:C	109.988	4.36242e-07	19.3454	3.54981	X	4281547	CT	C	0.00038550927755301304	3.4139651658838517
X:15000450:AT:A	25.5653	1.61797e-06	16.5756	3.54971	X	15000450	AT	A	0.00038565573517081923	3.413800205765171
X:101996189:G:C	11.8583	3.35778e-06	15.0773	3.54852	X	101996189	G	C	0.0003874025766288921	3.4118374950986103
X:97477154:AC:A	116.082	4.61911e-07	19.3422	3.54834	X	97477154	AC	A	0.0003876674476674084	3.411540665054058
X:15000575:GA:G	25.5282	1.62181e-06	16.5718	3.54789	X	15000575	GA	G	0.00038833036585168347	3.410798648067916
X:97477010:CACACACACACACACAT:C	116.201	4.6295e-07	19.341	3.54779	X	97477010	CACACACACACACACAT	C	0.000388477824794664	3.4106337666807627
X:7220543:AT:A	40.1642	1.25327e-06	17.2827	3.54737	X	7220543	AT	A	0.0003890977239391148	3.4099413096320683
X:7201259:GGATA:G	114.19	4.55396e-07	19.34	3.54733	X	7201259	GGATA	G	0.00038915681013765904	3.40987536511415
X:67647071:C:T	11.8896	3.37579e-06	15.0745	3.54714	X	67647071	C	T	0.00038943758410060726	3.409562137613519
X:93509594:A:C	19.3256	1.47981e-06	16.385	3.54688	X	93509594	A	C	0.000389822107875354	3.4091335344949267
X:115554865:A:T	29.0825	2.67126e-06	16.2031	3.54662	X	115554865	A	T	0.00039020698641717205	3.4087049590951053
X:117156997:GA:G	114.19	4.56186e-07	19.3382	3.54655	X	117156997	GA	G	0.00039031066821676474	3.408589578146489
X:127980947:CT:C	22.4864	2.00438e-06	16.2331	3.54619	X	127980947	CT	C	0.0003908442956643874	3.4079962221475895
X:91605689:C:T	15.8306	3.88386e-06	15.2206	3.54607	X	91605689	C	T	0.0003910223229249182	3.407798448623628
X:7205641:CTTT:C	116.082	4.64266e-07	19.3371	3.54604	X	7205641	CTTT	C	0.0003910668415782315	3.4077490061652127
X:69710427:T:C	11.8974	3.39202e-06	15.0704	3.54504	X	69710427	T	C	0.0003925535097096996	3.406101135383175
X:97468638:GAA:G	33.027	3.84257e-06	15.9667	3.54502	X	97468638	GAA	G	0.0003925832968673605	3.4060681821497982
X:97477018:CACACACAT:C	115.604	4.63975e-07	19.3336	3.54446	X	97477018	CACACACAT	C	0.00039341819525616007	3.405145558202621
X:15046546:A:ACT	20.2337	3.0933e-06	15.6936	3.54431	X	15046546	A	ACT	0.0003936421103013031	3.404898448621671
X:82757651:CA:C	116.201	4.66764e-07	19.3328	3.54408	X	82757651	CA	C	0.00039398567799466975	3.4045195651818783
X:109175471:G:T	17.3053	2.31204e-06	15.8284	3.54385	X	109175471	G	T	0.00039432952585742977	3.4041407034317777
X:78694760:CAAAAAAAA:C	116.082	4.66725e-07	19.3318	3.54366	X	78694760	CAAAAAAAA	C	0.000394613785559969	3.4038277470411322
X:82624506:T:A	14.5895	2.40263e-06	15.6192	3.54358	X	82624506	T	A	0.000394733531126379	3.4036959803573827
X:80989820:TACAC:T	102.252	7.46491e-07	18.7353	3.54352	X	80989820	TACAC	T	0.00039482336258108016	3.4035971570666046
X:116757298:TTCTATCTATCTATCTATCTATCTA:T	24.8046	1.59078e-06	16.5623	3.5434	X	116757298	TTCTATCTATCTATCTATCTATCTA	T	0.00039500308279783185	3.403399514913128
X:77044922:G:T	12.012	3.43588e-06	15.0671	3.54339	X	77044922	G	T	0.000395018062932327	3.403383045000176
X:109207935:A:G	49.9607	1.51145e-06	17.3137	3.54337	X	109207935	A	G	0.00039504802479377706	3.403350105297273
X:97476997:ACAC:A	115.723	4.65818e-07	19.3307	3.54314	X	97476997	ACAC	A	0.00039539273885427106	3.4029713105015524
X:55803954:CAT:C	116.201	4.6794e-07	19.3303	3.54295	X	55803954	CAT	C	0.0003956777146016872	3.4026584094207646
X:82153175:T:TA	11.8271	3.39061e-06	15.0649	3.54225	X	82153175	T	TA	0.0003967292820281856	3.4015057436802847
X:34185717:T:TAATTTTAAATTAAATTTTAAATTA	19.7717	3.03626e-06	15.6891	3.54207	X	34185717	T	TAATTTTAAATTAAATTTTAAATTA	0.00039700010681265903	3.401209376390179
X:97476995:AC:A	115.485	4.66236e-07	19.3277	3.54181	X	97476995	AC	A	0.00039739160312969547	3.400781313756062
X:131951944:ATATTCC:A	114.19	4.61938e-07	19.3257	3.54089	X	131951944	ATATTCC	A	0.00039877979600719694	3.3992668531308445
X:44944684:G:A	47.4571	1.44335e-06	17.3084	3.54084	X	44944684	G	A	0.0003988553709254388	3.399184555430288
X:79803450:CT:C	47.9934	1.45966e-06	17.3084	3.54084	X	79803450	CT	C	0.0003988553709254388	3.399184555430288
X:104946663:G:C	17.4927	2.35333e-06	15.8215	3.54052	X	104946663	G	C	0.000399339367360036	3.3986578744175326
X:7200954:GTGGA:G	113.724	4.61459e-07	19.3226	3.53952	X	7200954	GTGGA	G	0.00040085539513251014	3.397012266836431
X:138078579:CAA:C	34.9601	1.67266e-06	16.8553	3.53937	X	138078579	CAA	C	0.0004010832625089041	3.396765461059221
X:87281675:A:T	51.4461	1.36133e-06	17.4476	3.53896	X	87281675	A	T	0.0004017067175892375	3.3960909056655306
X:93520677:CTG:C	81.1639	1.02873e-06	18.1837	3.53862	X	93520677	CTG	C	0.00040222441569626627	3.3955315705360807
X:7251477:T:C	38.4665	1.48034e-06	17.073	3.53752	X	7251477	T	C	0.00040390359476493977	3.3937222815672494
X:7200058:CTT:C	93.983	6.95241e-07	18.7221	3.53739	X	7200058	CTT	C	0.0004041024753255089	3.393508489282873
X:64359922:GA:G	104.977	4.27974e-07	19.3179	3.53739	X	64359922	GA	G	0.0004041024753255089	3.393508489282873
X:15014198:A:G	13.5318	1.92723e-06	15.7645	3.53718	X	15014198	A	G	0.0004044239371814484	3.3931631471508816
X:81788800:C:G	23.3358	1.5226e-06	16.5451	3.53537	X	81788800	C	G	0.0004072045515643123	3.390187376279801
X:10785969:C:G	91.0039	8.85855e-07	18.4476	3.53532	X	10785969	C	G	0.0004072816169940932	3.3901051917264198
X:117412242:A:AAATAAT	14.3891	2.39925e-06	15.6068	3.53462	X	117412242	A	AAATAAT	0.0004083619645135577	3.3889547155839987
X:117412302:G:C	14.41	2.41945e-06	15.5999	3.53418	X	117412302	G	C	0.00040904240956122367	3.3882316619594457
X:28915913:A:G	112.916	4.64164e-07	19.3097	3.53366	X	28915913	A	G	0.0004098479372560259	3.3873772463540597
X:4283181:CTTTCT:C	115.604	4.75267e-07	19.3096	3.53361	X	4283181	CTTTCT	C	0.0004099254698779883	3.3872950968486157
X:91614969:C:T	19.4563	3.03967e-06	15.6719	3.53349	X	91614969	C	T	0.00041011160406976757	3.3870979422166125
X:105817195:T:C	12.6967	2.53337e-06	15.4273	3.53343	X	105817195	T	C	0.0004102047007666555	3.3869993671141136
X:80621145:A:C	66.9713	7.65516e-07	18.287	3.5334	X	80621145	A	C	0.00041025125651703503	3.3869500801162364
X:67667315:T:C	13.6226	1.95685e-06	15.7559	3.53312	X	67667315	T	C	0.00041068601490778546	3.3864900859259666
X:98742956:CTG:C	40.631	1.30731e-06	17.2521	3.53308	X	98742956	CTG	C	0.0004107481583673541	3.3864243750936036
X:117412826:T:C	14.4047	2.4248e-06	15.5973	3.53294	X	117412826	T	C	0.0004109657296489423	3.386194392345106
X:139836134:G:A	12.2956	1.89016e-06	15.6881	3.53222	X	139836134	G	A	0.000412086369008428	3.3850117508292823
X:82442197:C:T	46.2001	4.87718e-07	18.3665	3.53154	X	82442197	C	T	0.0004131473707482181	3.383895006729814
X:102161575:C:T	21.8086	2.00426e-06	16.2025	3.53148	X	102161575	C	T	0.00041324111094111037	3.3837964795852997
X:96245674:CAGG:C	110.209	4.55439e-07	19.3044	3.53127	X	96245674	CAGG	C	0.00041356935807538073	3.383451646199788
X:117427873:CTCAT:C	116.201	4.80984e-07	19.3028	3.53054	X	117427873	CTCAT	C	0.00041471230320331957	3.3822530803001913
X:95474191:AC:A	94.7728	7.12215e-07	18.7064	3.53008	X	95474191	AC	A	0.0004154340296387786	3.381497931780141
X:5220881:TATAGATAG:T	99.9181	7.51439e-07	18.7056	3.52974	X	5220881	TATAGATAG	T	0.0004159682333752121	3.3809398342690002
X:7204745:CCTTT:C	116.201	4.81893e-07	19.3009	3.52968	X	7204745	CCTTT	C	0.00041606257119318837	3.3808413513913655
X:117248993:C:T	18.9572	1.50717e-06	16.3475	3.5296	X	117248993	C	T	0.0004161883860328023	3.3807100431831194
X:55800345:T:C	13.7924	2.32469e-06	15.596	3.52939	X	55800345	T	C	0.0004165188190608898	3.380365371616952
X:28088659:G:A	14.8542	2.52027e-06	15.5894	3.5291	X	28088659	G	A	0.000416975534147883	3.3798894263122934
X:87168133:A:G	17.2709	2.3817e-06	15.7967	3.52866	X	87168133	A	G	0.00041766937437828105	3.3791673682257497
X:87168775:C:T	17.2641	2.38511e-06	15.7949	3.52779	X	87168775	C	T	0.00041904446054346614	3.377739896021021
X:93516852:T:C	14.3216	2.42197e-06	15.5927	3.52777	X	93516852	T	C	0.0004190761213755475	3.3777070842157304
X:4281547:CTTTTT:C	116.201	4.83952e-07	19.2966	3.52776	X	4281547	CTTTTT	C	0.00041909195262929925	3.377690678374563
X:57487340:G:A	22.9945	2.13098e-06	16.1942	3.52746	X	57487340	G	A	0.00041956715002511985	3.3771985221975127
X:77046399:G:A	12.6278	2.55508e-06	15.4133	3.52662	X	77046399	G	A	0.0004209003809920865	3.3758206811355937
X:21243817:T:C	49.1265	1.54161e-06	17.2771	3.52592	X	21243817	T	C	0.0004220144278010086	3.3746727011538393
X:66970179:GA:G	116.201	4.87011e-07	19.2903	3.52491	X	66970179	GA	G	0.00042362669160665305	3.3730166839463194
X:73260690:C:T	12.185	1.9029e-06	15.6723	3.52478	X	73260690	C	T	0.00042383462800335027	3.3728035635846108
X:83379811:G:T	13.9256	2.37333e-06	15.5849	3.524	X	83379811	G	T	0.0004250842491472807	3.3715249868586876
X:10789031:T:TAAAC	12.5511	1.96339e-06	15.6706	3.52398	X	10789031	T	TAAAC	0.00042511633590587046	3.371492206118591
X:133527788:A:ATTT	20.4001	3.25309e-06	15.6514	3.52326	X	133527788	A	ATTT	0.00042627296654114785	3.3703122086483837
X:117249936:G:GC	18.973	1.52959e-06	16.3335	3.52319	X	117249936	G	GC	0.00042638557332603085	3.3701974980032725
X:140310653:C:A	13.2188	1.93907e-06	15.7349	3.52317	X	140310653	C	A	0.00042641775179437443	3.3701647239020636
X:80989820:TACACACACAC:T	97.6628	7.45074e-07	18.6913	3.52309	X	80989820	TACACACACAC	T	0.00042654648834405777	3.3700336291364446
X:66970352:G:T	115.604	4.86991e-07	19.2852	3.52261	X	66970352	G	T	0.00042731967004355455	3.369247115620064
X:57507775:G:A	22.0839	2.06748e-06	16.184	3.52257	X	57507775	G	A	0.0004273841608854213	3.369181577088948
X:139854167:T:C	116.201	4.89573e-07	19.2851	3.52255	X	139854167	T	C	0.00042741640971412413	3.369148808069268
X:117415538:A:G	14.5894	2.51077e-06	15.5752	3.52221	X	117415538	A	G	0.000427964987544653	3.3685917598142563
X:127641544:A:G	17.9856	1.44369e-06	16.3379	3.52173	X	127641544	A	G	0.0004287405696098096	3.3678054193957356
X:99362469:C:CTGTG	11.8193	3.5322e-06	15.0233	3.52117	X	99362469	C	CTGTG	0.00042964707394070454	3.3668881415713363
X:55716798:CATTT:C	115.962	4.90421e-07	19.2813	3.52084	X	55716798	CATTT	C	0.0004301821016440455	3.3663476630302176
X:119301920:G:A	113.84	4.81786e-07	19.2806	3.52052	X	119301920	G	A	0.0004307015103909831	3.365823605243856
X:82758832:ACATATGTCC:A	110.209	4.66995e-07	19.2793	3.51996	X	82758832	ACATATGTCC	A	0.00043161188486987023	3.3649066050865826
X:127354474:G:A	13.9356	2.39544e-06	15.5764	3.51984	X	127354474	G	A	0.00043180719870405926	3.3647101217716124
X:87283943:T:G	13.7584	2.37091e-06	15.5739	3.51862	X	87283943	T	G	0.00043379757874269275	3.3627128763458516
X:91461319:C:T	27.3743	1.3099e-06	16.8552	3.51796	X	91461319	C	T	0.0004348779086096219	3.3616326535271726
X:95392306:G:A	51.5166	1.42635e-06	17.4023	3.51718	X	95392306	G	A	0.00043615790019361134	3.3603562566756726
X:28914589:CT:C	116.201	4.95997e-07	19.272	3.51666	X	28914589	CT	C	0.0004370131808967339	3.359505463934865
X:117419932:G:C	15.0532	2.6219e-06	15.5632	3.51637	X	117419932	G	C	0.00043749084416117126	3.3590310314916993
X:63838990:C:A	116.082	4.96323e-07	19.2703	3.5159	X	63838990	C	A	0.00043826602322790786	3.3582621969175617
X:10789224:GGCTAA:G	58.6147	1.15325e-06	17.7439	3.51552	X	10789224	GGCTAA	G	0.0004388937009449754	3.3576406521567796
X:128588958:A:G	12.0523	3.64935e-06	15.0102	3.51453	X	128588958	A	G	0.00044053290973267633	3.356021642345163
X:28091831:G:C	14.6216	2.55657e-06	15.5593	3.5145	X	28091831	G	C	0.0004405826718235052	3.3559725877104922
X:44944716:GTTCA:G	76.993	1.02862e-06	18.131	3.51393	X	44944716	GTTCA	G	0.0004415291490481969	3.355040619712906
X:87368253:G:A	54.0112	1.5063e-06	17.395	3.51369	X	87368253	G	A	0.0004419282332867753	3.3546482519589342
X:119301586:CCTT:C	115.485	4.97407e-07	19.263	3.51259	X	119301586	CCTT	C	0.0004437616812888042	3.3528502017058686
X:10793379:C:T	12.5511	2.01223e-06	15.6461	3.51238	X	10793379	C	T	0.00044411250927666655	3.3525069939208594
X:128104388:T:C	14.5734	2.55935e-06	15.555	3.51237	X	128104388	T	C	0.00044412922182691337	3.3524906511436683
X:15032080:AAAATAAAT:A	102.055	7.98543e-07	18.666	3.51134	X	15032080	AAAATAAAT	A	0.0004458537620179639	3.3508075645234086
X:104940701:CT:C	89.2032	9.15074e-07	18.3952	3.51106	X	104940701	CT	C	0.00044632364836305854	3.3503501015495862
X:119301716:C:T	113.724	4.92135e-07	19.2583	3.51046	X	119301716	C	T	0.0004473321044995481	3.349369931904122
X:7225624:G:A	17.3535	2.48575e-06	15.7587	3.51045	X	7225624	G	A	0.0004473489301050956	3.3493535969928807
X:83355018:G:A	19.9409	3.26576e-06	15.6248	3.50997	X	83355018	G	A	0.00044815725414440563	3.348569569430865
X:63839350:G:A	115.248	5.01127e-07	19.2535	3.5083	X	63839350	G	A	0.00045098018214222114	3.34584254232466
X:122707309:A:T	115.962	5.04349e-07	19.2533	3.50819	X	122707309	A	T	0.0004511667048161689	3.3456629578903057
X:17004184:AT:A	115.13	5.01824e-07	19.2511	3.50721	X	17004184	AT	A	0.00045283163306110056	3.3440632426324473
X:57486380:C:A	12.0	3.69524e-06	14.9934	3.50599	X	57486380	C	A	0.00045491231086031505	3.342072310111444
X:34198565:A:AT	13.4464	2.04612e-06	15.6983	3.50577	X	34198565	A	AT	0.0004552884631955575	3.341713354378803
X:7240529:GTGTGTATATA:G	116.201	5.08584e-07	19.247	3.50535	X	7240529	GTGTGTATATA	G	0.00045600737829103286	3.3410281303067104
X:73243179:A:G	16.2667	1.9369e-06	15.9435	3.50482	X	73243179	A	G	0.000456916092493815	3.3401635459097383
X:117421469:T:C	15.1373	4.03362e-06	15.138	3.50368	X	117421469	T	C	0.0004588764145385692	3.338304263723918
X:86754698:A:C	80.6068	1.10103e-06	18.1088	3.50354	X	86754698	A	C	0.000459117696168972	3.3380759675249356
X:28915943:GTA:G	106.961	4.70029e-07	19.2429	3.50353	X	28915943	GTA	G	0.00045913493510022976	3.338059660960783
X:82542788:A:T	16.0556	1.91714e-06	15.9407	3.5035	X	82542788	A	T	0.00045918665551796927	3.33801074151409
X:132564629:AT:A	115.723	5.10282e-07	19.2395	3.50198	X	132564629	AT	A	0.0004618142836602563	3.335532638723093
X:28912406:AATTTGG:A	116.082	5.12576e-07	19.2381	3.50135	X	28912406	AATTTGG	A	0.00046290747337525683	3.3345058077256455
X:80156475:GT:G	115.843	5.11553e-07	19.238	3.50133	X	80156475	GT	G	0.00046294221731991205	3.3344732125785024
X:119301145:C:T	116.201	5.13772e-07	19.2368	3.50077	X	119301145	C	T	0.0004639160361749691	3.3335606149743877
X:28912389:CAGTT:C	116.201	5.13843e-07	19.2367	3.50071	X	28912389	CAGTT	C	0.00046402048719111025	3.3334628442778182
X:86754314:T:A	80.3305	1.10507e-06	18.1017	3.50021	X	86754314	T	A	0.00046489176600740187	3.3326481458135087
X:119301422:T:C	113.724	5.0352e-07	19.2354	3.50014	X	119301422	T	C	0.00046501386677349067	3.332534096199475
X:82543741:T:G	16.0433	1.93373e-06	15.9314	3.49908	X	82543741	T	G	0.00046686648201513963	3.33080730447655
X:57488469:T:C	12.004	3.75061e-06	14.9788	3.49862	X	57488469	T	C	0.00046767258769767994	3.3300580852134307
X:153211152:GTGATAATTCTGGTTAACTATAGTCACTCTACCGTGCTATTGAAGACTAGGACTCATTTCCTCTGTCTAACTGTATGTTTGTATC:G	57.9334	1.18335e-06	17.7065	3.49815	X	153211152	GTGATAATTCTGGTTAACTATAGTCACTCTACCGTGCTATTGAAGACTAGGACTCATTTCCTCTGTCTAACTGTATGTTTGTATC	G	0.0004684975584387795	3.3292926680832005
X:119301328:T:G	113.84	5.06493e-07	19.2306	3.49794	X	119301328	T	G	0.0004688666010321955	3.3289507024371505
X:82175523:A:T	14.4992	2.62368e-06	15.525	3.49784	X	82175523	A	T	0.00046904243090415467	3.328787868001315
X:85699677:G:T	18.902	1.61033e-06	16.2783	3.4978	X	85699677	G	T	0.00046911278007553866	3.3287227353737108
X:69690095:A:G	14.7831	2.68029e-06	15.5231	3.49689	X	69690095	A	G	0.000470715885454222	3.327241145120852
X:127963354:CTT:C	94.8611	7.6609e-07	18.6344	3.49667	X	127963354	CTT	C	0.0004711042157716928	3.326883009372059
X:85699694:T:C	18.9177	1.61783e-06	16.2745	3.49605	X	85699694	T	C	0.00047220020973477554	3.3258738243588684
X:85683084:A:G	12.775	2.75304e-06	15.3503	3.49595	X	85683084	A	G	0.000472377205554868	3.3257110673256354
X:74994050:CTTTAAGG:C	113.84	5.10646e-07	19.2224	3.49426	X	74994050	CTTTAAGG	C	0.0004753778116785308	3.3229610928864677
X:15032080:AAAATAAATAAAT:A	97.8478	7.94545e-07	18.6289	3.49413	X	15032080	AAAATAAATAAAT	A	0.0004756093624201277	3.3227496048368232
X:63839930:T:G	115.962	5.20628e-07	19.2215	3.49385	X	63839930	T	G	0.000476108444467621	3.3222941156202865
X:73274627:A:AT	12.9915	2.81908e-06	15.3434	3.4926	X	73274627	A	AT	0.0004783424535288087	3.3202610732047537
X:7263215:T:C	33.0815	4.26278e-06	15.8646	3.49224	X	7263215	T	C	0.0004789876592993754	3.319675675661063
X:80624219:G:T	63.932	1.37633e-06	17.6539	3.49151	X	80624219	G	T	0.00048029848588840757	3.318488782445664
X:127940185:TTGTC:T	116.082	5.24223e-07	19.2156	3.49121	X	127940185	TTGTC	T	0.0004808381511806228	3.318001081375755
X:57485408:C:T	23.1004	1.65517e-06	16.4515	3.49081	X	57485408	C	T	0.00048155858469777727	3.317350870609534
X:110521988:C:T	17.4793	2.61426e-06	15.7155	3.48975	X	110521988	C	T	0.0004834726054183511	3.3156281289288625
X:95393000:T:G	100.014	8.19911e-07	18.6194	3.4897	X	95393000	T	G	0.0004835630644125374	3.3155468788915496
X:28912800:C:T	113.261	5.13489e-07	19.2117	3.48945	X	28912800	C	T	0.0004840155962107636	3.315140644059834
X:34167788:C:CAA	11.9171	3.79215e-06	14.9605	3.48935	X	34167788	C	CAA	0.00048419671949666765	3.3149781572927193
X:55800044:C:G	15.5217	4.25759e-06	15.109	3.48881	X	55800044	C	G	0.00048517587804477574	3.3141007995046934
X:17004413:CTT:C	97.8478	8.05049e-07	18.6158	3.48803	X	17004413	CTT	C	0.0004865934787551437	3.3128337157085994
X:131951942:ATATATTCC:A	112.801	5.13387e-07	19.2079	3.4877	X	131951942	ATATATTCC	A	0.000487194394962241	3.3122977167852223
X:82541393:C:T	14.3163	2.63003e-06	15.5099	3.48756	X	82541393	C	T	0.00048744953813505376	3.3120703367732687
X:128126913:CAAAT:C	116.082	5.28629e-07	19.2073	3.48743	X	128126913	CAAAT	C	0.00048768656836775627	3.3118592053764355
X:7221456:T:G	17.264	2.59653e-06	15.71	3.48707	X	7221456	T	G	0.0004883435208804097	3.311274569928518
X:43458141:A:G	23.5203	1.69947e-06	16.4431	3.48681	X	43458141	A	G	0.0004888184997447801	3.3108523662167304
X:91473097:G:T	103.049	8.50154e-07	18.613	3.48677	X	91473097	G	T	0.0004888916116436805	3.3107874142561378
X:64359609:C:T	107.813	4.92078e-07	19.205	3.48642	X	64359609	C	T	0.0004895317758979695	3.310219112544708
X:64359632:C:T	107.813	4.92078e-07	19.205	3.48642	X	64359632	C	T	0.0004895317758979695	3.310219112544708
X:128126313:TCAG:T	115.485	5.27847e-07	19.2036	3.48578	X	128126313	TCAG	T	0.0004907043839930458	3.309180061979379
X:101393132:A:G	103.652	8.5725e-07	18.6106	3.48562	X	101393132	A	G	0.0004909979450089965	3.3089203255412287
X:43460114:CA:C	26.2587	1.34785e-06	16.785	3.48556	X	43460114	CA	C	0.0004911080726059863	3.3088229270791065
X:63840213:T:G	115.843	5.29974e-07	19.2027	3.48536	X	63840213	T	G	0.0004914753309759337	3.3084982761836264
X:117166632:A:C	40.805	1.45569e-06	17.1488	3.48496	X	117166632	A	C	0.0004922106161640174	3.3078490235228335
X:7230721:T:C	17.0803	2.58142e-06	15.7051	3.48474	X	7230721	T	C	0.0004926154601341389	3.3074919624815164
X:15003417:A:G	17.1959	2.60304e-06	15.7035	3.48398	X	15003417	A	G	0.0004940164023813487	3.3062586313487183
X:7233091:C:CT	16.7411	2.53762e-06	15.7022	3.48333	X	7233091	C	CT	0.0004952175231884135	3.305203996279157
X:34197330:A:C	18.9649	1.67175e-06	16.2442	3.48211	X	34197330	A	C	0.0004974792897584235	3.3032249943772545
X:81798594:T:C	12.0719	2.06427e-06	15.5816	3.48194	X	81798594	T	C	0.0004977952174383725	3.3029492801864486
X:69716964:G:C	15.1937	4.22559e-06	15.0952	3.48173	X	69716964	G	C	0.0004981857393165914	3.302608708402793
X:19854073:T:C	15.1206	4.20537e-06	15.0952	3.48171	X	19854073	T	C	0.0004982229467707155	3.302576273936404
X:44949487:T:TTAA	12.727	2.82797e-06	15.3197	3.48106	X	44949487	T	TTAA	0.0004994336004528342	3.3015222429210467
X:154423462:CA:C	108.459	5.01281e-07	19.1925	3.48075	X	154423462	CA	C	0.0005000119546384122	3.301019612121121
X:87270004:C:A	11.8663	3.84328e-06	14.9429	3.48039	X	87270004	C	A	0.0005006843753848412	3.300435961207488
X:119999565:T:C	19.359	1.71418e-06	16.2397	3.48005	X	119999565	T	C	0.0005013202134861669	3.2998847840593557
X:117249533:G:A	18.5304	1.64129e-06	16.2394	3.47991	X	117249533	G	A	0.0005015822479293946	3.2996578425177203
X:87004835:C:T	21.4907	2.38237e-06	16.015	3.47926	X	87004835	C	T	0.0005028005100107533	3.298604290463519
X:127619391:A:G	12.4537	2.14374e-06	15.575	3.4788	X	127619391	A	G	0.0005036643310728216	3.2978588042877264
X:73276302:C:T	23.1004	1.69976e-06	16.4249	3.47815	X	73276302	C	T	0.0005048873068406989	3.2968055475820663
X:65840915:C:A	47.0221	1.63247e-06	17.176	3.47774	X	65840915	C	A	0.0005056601456125408	3.296141274610752
X:7191210:TC:T	40.1398	1.45477e-06	17.133	3.47759	X	7191210	TC	T	0.0005059431669535478	3.2958982651062545
X:117426331:T:C	29.721	3.07853e-06	16.0829	3.47741	X	117426331	T	C	0.000506282987497786	3.29560666585821
X:7207834:G:A	115.962	5.40166e-07	19.1847	3.47722	X	7207834	G	A	0.0005066419177946805	3.2952988810401274
X:69717156:G:A	15.188	4.26312e-06	15.086	3.477	X	69717156	G	A	0.0005070578176583722	3.294942517080183
X:7240529:GTGTGTA:G	111.325	5.18902e-07	19.184	3.47693	X	7240529	GTGTGTA	G	0.0005071902161651117	3.294829132702204
X:7215110:CATATAT:C	115.367	5.38302e-07	19.183	3.47646	X	7215110	CATATAT	C	0.0005080800125553851	3.294067889536943
X:64235197:TTG:T	22.8999	2.35965e-06	16.0881	3.4764	X	64235197	TTG	T	0.0005081937082709107	3.2939707160667195
X:7203347:T:TA	17.8046	1.57766e-06	16.239	3.47577	X	7203347	T	TA	0.0005093889461008085	3.292950483596019
X:7215110:CAT:C	115.248	5.38679e-07	19.1812	3.47568	X	7215110	CAT	C	0.0005095599081269662	3.2928047493622272
X:33844972:AT:A	109.438	5.12109e-07	19.1801	3.47516	X	33844972	AT	A	0.0005105487364938979	3.291962794262492
X:87166370:C:T	16.8995	2.60776e-06	15.6843	3.47478	X	87166370	C	T	0.0005112724727184307	3.2913475893746034
X:119299712:TA:T	116.201	5.44491e-07	19.1787	3.47455	X	119299712	TA	T	0.0005117109880735408	3.290975257234509
X:119300325:G:C	115.485	5.41637e-07	19.1778	3.47414	X	119300325	G	C	0.0005124935590116747	3.2903115884249217
X:116783914:A:G	12.3414	2.14588e-06	15.5649	3.47405	X	116783914	A	G	0.0005126654921320009	3.2901659142370363
X:62918974:ATTGTG:A	116.201	5.45541e-07	19.1768	3.47368	X	62918974	ATTGTG	A	0.0005133728933340334	3.2895670662961325
X:96239623:CA:C	115.962	5.44485e-07	19.1767	3.47363	X	96239623	CA	C	0.0005134685578459588	3.2894861451963546
X:87166270:C:T	16.8862	2.61565e-06	15.6805	3.47295	X	87166270	C	T	0.0005147712460082673	3.2883857198265156
X:110519627:CTTTTT:C	116.201	5.46821e-07	19.1745	3.47263	X	110519627	CTTTTT	C	0.0005153853410929916	3.287867938080342
X:127915991:T:A	13.3386	2.17655e-06	15.6284	3.47262	X	127915991	T	A	0.0005154045425627122	3.2878517580761
X:7182386:T:C	36.8101	1.62521e-06	16.9356	3.47243	X	7182386	T	C	0.0005157694972046941	3.2875443457719435
X:127915990:A:T	17.013	2.63931e-06	15.679	3.47222	X	127915990	A	T	0.0005161731483586181	3.2872045914678503
X:127629324:A:ACACC	14.3007	2.71529e-06	15.4769	3.47153	X	127629324	A	ACACC	0.0005175015048487791	3.2860883829791208
X:36258403:A:G	21.6732	2.44191e-06	15.9988	3.47147	X	36258403	A	G	0.0005176171645610735	3.285991330580161
X:55723474:C:T	17.8334	1.59587e-06	16.2292	3.47119	X	55723474	C	T	0.000518157228523323	3.285538438866481
X:7214919:ATG:A	116.321	5.49378e-07	19.1708	3.47099	X	7214919	ATG	A	0.0005185433099963646	3.285214964430366
X:62899521:A:C	14.7614	2.82481e-06	15.4691	3.47067	X	62899521	A	C	0.0005191615980931217	3.2846974393838333
X:125193811:G:T	29.3275	3.14085e-06	16.0495	3.47056	X	125193811	G	T	0.0005193742932726249	3.2845195498282673
X:7214930:TGTATATATATATACATATATAC:T	116.321	5.50333e-07	19.1691	3.4702	X	7214930	TGTATATATATATACATATATAC	T	0.0005200709545672668	3.283937400452049
X:7215116:TACAC:T	116.201	5.50314e-07	19.1681	3.46975	X	7215116	TACAC	T	0.0005209430059540295	3.2832097883197284
X:116783297:C:T	12.3331	2.16417e-06	15.5558	3.46973	X	116783297	C	T	0.0005209817954065051	3.2831774519262535
X:7206770:GT:G	116.082	5.50412e-07	19.1669	3.4692	X	7206770	GT	G	0.0005220106972786629	3.282320597148135
X:91573227:C:A	19.2769	1.7501e-06	16.2147	3.46855	X	91573227	C	A	0.0005232751435822198	3.2812698944624517
X:82598340:G:T	14.6215	2.81243e-06	15.4639	3.46818	X	82598340	G	T	0.0005239961796122058	3.2806718793891476
X:107781751:TATAG:T	116.321	5.5303e-07	19.1642	3.46799	X	107781751	TATAG	T	0.0005243668010770982	3.2803648123393794
X:7214952:C:T	116.201	5.52657e-07	19.1639	3.46783	X	7214952	C	T	0.0005246790928340466	3.2801062410193254
X:7214956:TATATATATTATATATGTATATATAC:T	116.201	5.5286e-07	19.1635	3.46767	X	7214956	TATATATATTATATATGTATATATAC	T	0.0005249915579150302	3.27984768017575
X:83360883:A:G	116.201	5.53174e-07	19.1629	3.46741	X	83360883	A	G	0.0005254996835666	3.2794275411491944
X:87170337:A:G	17.2709	2.70712e-06	15.6686	3.46727	X	87170337	A	G	0.0005257734794890081	3.279201323901125
X:99363824:C:CCA	26.9946	1.44263e-06	16.7447	3.46695	X	99363824	C	CCA	0.0005263997980299996	3.2786842860249394
X:7215072:C:T	116.201	5.53927e-07	19.1616	3.4668	X	7215072	C	T	0.0005266936241306497	3.2784419389457966
X:87169668:C:T	17.223	2.70234e-06	15.6676	3.46679	X	87169668	C	T	0.0005267132179706945	3.2784257828012344
X:119300662:T:C	113.84	5.42964e-07	19.161	3.46655	X	119300662	T	C	0.000527183673968133	3.2780380476085416
X:7215051:ACG:A	115.962	5.53508e-07	19.1603	3.46621	X	7215051	ACG	A	0.0005278508236589873	3.2774887964350263
X:7215054:TATATATGTATATATAC:T	115.962	5.53734e-07	19.1598	3.46602	X	7215054	TATATATGTATATATAC	T	0.0005282239852025144	3.277181882559992
X:119300424:CT:C	113.84	5.43651e-07	19.1598	3.46598	X	119300424	CT	C	0.0005283025768463439	3.2771172709950243
X:91328594:TG:T	116.201	5.55562e-07	19.1586	3.46547	X	91328594	TG	T	0.000529305575939248	3.2762935309343098
X:127354236:A:G	13.9257	2.68476e-06	15.4617	3.46411	X	127354236	A	G	0.0005319889221509308	3.2740974111237735
X:132747953:CTA:C	116.201	5.57272e-07	19.1555	3.46408	X	132747953	CTA	C	0.0005320482562533643	3.274048975836313
X:119300021:G:C	113.84	5.46233e-07	19.155	3.46384	X	119300021	G	C	0.0005325231511148423	3.273661506794636
X:83360489:G:A	116.082	5.57271e-07	19.1545	3.46361	X	83360489	G	A	0.0005329786292991865	3.2732902044134047
X:117247720:G:A	17.556	1.59689e-06	16.2128	3.4636	X	117247720	G	A	0.0005329984409308181	3.273274061322645
X:7231976:A:G	16.7542	2.64835e-06	15.6602	3.46323	X	7231976	A	G	0.0005337319538889432	3.272676795730751
X:128102906:T:C	14.5575	2.82939e-06	15.4536	3.46313	X	128102906	T	C	0.000533930362036576	3.2725153822137836
X:86884545:C:T	34.6852	1.94899e-06	16.6945	3.46278	X	86884545	C	T	0.0005346253318918473	3.271950467127925
X:55689085:T:A	13.9156	2.69612e-06	15.4567	3.46171	X	55689085	T	A	0.0005367551847122482	3.27022375186415
X:57485451:C:A	23.0685	1.76017e-06	16.3886	3.46087	X	57485451	C	A	0.0005384327552360098	3.2688685279342535
X:74994374:TA:T	107.386	5.19062e-07	19.1477	3.46053	X	74994374	TA	T	0.000539113159652702	3.2683200669938484
X:79478894:TC:T	114.541	5.53969e-07	19.1471	3.46027	X	79478894	TC	T	0.0005396340093484391	3.2679006876010908
X:119299340:C:T	113.724	5.50298e-07	19.1466	3.46004	X	119299340	C	T	0.0005400951517753812	3.2675297211943652
X:81009967:T:C	19.3743	1.79338e-06	16.1954	3.45963	X	81009967	T	C	0.0005409180989804605	3.2668684869331637
X:64543130:T:C	13.1178	3.0473e-06	15.2752	3.45943	X	64543130	T	C	0.000541319960439802	3.266545958593334
X:7209454:TTAAA:T	116.201	5.63437e-07	19.1445	3.45911	X	7209454	TTAAA	T	0.0005419635173762625	3.2660299472908454
X:81194414:CA:C	115.367	5.59906e-07	19.1436	3.4587	X	81194414	CA	C	0.000542789116442171	3.2653688690382694
X:7209511:GA:G	116.201	5.64214e-07	19.1432	3.45849	X	7209511	GA	G	0.0005432124378797513	3.2650302946172802
X:84489291:C:T	32.5421	4.4772e-06	15.799	3.45837	X	84489291	C	T	0.0005434544739203705	3.2648368316205527
X:84489253:G:A	32.5421	4.4772e-06	15.799	3.45837	X	84489253	G	A	0.0005434544739203705	3.2648368316205527
X:86888279:ATG:A	114.776	5.57962e-07	19.142	3.45795	X	86888279	ATG	A	0.0005443023914899328	3.264159757528233
X:85630878:C:T	18.9104	1.7581e-06	16.191	3.45762	X	85630878	C	T	0.0005449694768923989	3.2636278213718377
X:57485673:C:T	12.2421	2.20563e-06	15.5294	3.45727	X	57485673	C	T	0.0005456778239533857	3.263063695347091
X:57484190:A:C	12.2421	2.20563e-06	15.5294	3.45727	X	57484190	A	C	0.0005456778239533857	3.263063695347091
X:57484339:T:C	12.2421	2.20563e-06	15.5294	3.45727	X	57484339	T	C	0.0005456778239533857	3.263063695347091
X:77054478:C:A	15.0531	2.96733e-06	15.4394	3.45627	X	77054478	C	A	0.0005477064017730931	3.261452182864385
X:79802283:T:C	25.0294	1.93261e-06	16.3767	3.4551	X	79802283	T	C	0.000550088755332654	3.2595672326122993
X:97231241:C:CT	20.078	3.67402e-06	15.5138	3.45461	X	97231241	C	CT	0.0005510893581266142	3.2587779753862733
X:78373636:GGTGT:G	24.1547	1.87048e-06	16.3738	3.45384	X	78373636	GGTGT	G	0.000552665159981519	3.2575379124847883
X:33840006:T:A	27.9024	3.09186e-06	16.0155	3.45368	X	33840006	T	A	0.0005529931255682667	3.257280267513249
X:79147507:G:GAAA	19.1478	1.79788e-06	16.1811	3.45307	X	79147507	G	GAAA	0.0005542451581907129	3.2562980921336195
X:119298713:CATAA:C	113.84	5.60036e-07	19.1301	3.45258	X	119298713	CATAA	C	0.0005552528011576235	3.255509241830852
X:119298854:A:G	113.84	5.60036e-07	19.1301	3.45258	X	119298854	A	G	0.0005552528011576235	3.255509241830852
X:96239961:AT:A	112.23	5.52225e-07	19.1299	3.45249	X	96239961	AT	A	0.0005554380638241671	3.2553643616358934
X:67915183:C:CA	11.8077	4.04794e-06	14.8861	3.45158	X	67915183	C	CA	0.0005573145121523121	3.253899648015733
X:105940477:T:A	14.8486	2.96127e-06	15.4278	3.45063	X	105940477	T	A	0.0005592797399805097	3.2523709127905347
X:7231834:CTTT:C	116.201	5.74744e-07	19.1247	3.45014	X	7231834	CTTT	C	0.000560295905067797	3.2515825515694803
X:125189851:TTC:T	115.723	5.73774e-07	19.1222	3.44904	X	125189851	TTC	T	0.0005625833582967907	3.2498131187878965
X:96239373:GA:G	115.13	5.70857e-07	19.1222	3.44902	X	96239373	GA	G	0.000562625028746171	3.249780951864079
X:95388580:G:A	65.8833	1.55132e-06	17.5643	3.44899	X	95388580	G	A	0.0005626875398100659	3.249732701785134
X:45087468:A:G	12.3162	2.26121e-06	15.5105	3.44837	X	45087468	A	G	0.0005639808842191686	3.24873561590819
X:93057030:T:C	49.9607	1.84486e-06	17.1143	3.44832	X	93057030	T	C	0.0005640853067341974	3.2486552126081767
X:96237795:A:C	116.201	5.77729e-07	19.1195	3.4478	X	96237795	A	C	0.0005651723687946201	3.247819078906567
X:37396737:CA:C	115.843	5.76407e-07	19.1187	3.44744	X	37396737	CA	C	0.0005659260927427059	3.2472402819032755
X:84488324:AACACACAC:A	100.784	9.05245e-07	18.528	3.44731	X	84488324	AACACACAC	A	0.0005661985008099159	3.247031284901758
X:119299197:TA:T	112.687	5.61607e-07	19.1171	3.44672	X	119299197	TA	T	0.0005674363497369722	3.246082846924839
X:64544531:T:C	13.1451	3.13454e-06	15.2491	3.4467	X	64544531	T	C	0.0005674783548474127	3.246050698979957
X:131326352:G:C	55.4831	1.26656e-06	17.5953	3.44661	X	131326352	G	C	0.0005676674136810718	3.245906035252621
X:86889817:TA:T	115.962	5.78099e-07	19.1168	3.44658	X	86889817	TA	T	0.0005677304463257318	3.245857814746404
X:83359357:C:T	115.012	5.74216e-07	19.1153	3.44591	X	83359357	C	T	0.0005691398747694794	3.244780986021095
X:109177115:G:A	23.0792	1.81804e-06	16.3567	3.4457	X	109177115	G	A	0.0005695823061711796	3.2444435103325318
X:86890111:AT:A	116.201	5.80952e-07	19.1139	3.44529	X	86890111	AT	A	0.0005704470240176496	3.2437846812108577
X:96225909:A:G	12.6064	3.01575e-06	15.2459	3.44514	X	96225909	A	G	0.0005707636895242371	3.24354366334445
X:7177984:G:A	36.661	1.71459e-06	16.8781	3.44514	X	7177984	G	A	0.0005707636895242371	3.24354366334445
X:7211917:CTG:C	94.3328	8.51853e-07	18.5227	3.44482	X	7211917	CTG	C	0.0005714397897772365	3.243029522652874
X:109191614:T:TTG	17.4508	2.86848e-06	15.6211	3.44448	X	109191614	T	TTG	0.0005721589633844294	3.2424832940574957
X:142762452:A:AGAAAT	59.8799	1.3751e-06	17.5893	3.44384	X	142762452	A	AGAAAT	0.0005735149888324135	3.241455227314339
X:31779685:T:TTGTGTG	11.8468	4.1239e-06	14.8708	3.44383	X	31779685	T	TTGTGTG	0.0005735362004549806	3.2414391651006906
X:7195267:A:G	17.8118	1.69146e-06	16.1698	3.44358	X	7195267	A	G	0.0005740667284931305	3.2410376230514935
X:131950675:A:G	77.1874	1.19866e-06	17.9805	3.44338	X	131950675	A	G	0.0005744914798927811	3.2407164078164077
X:83549940:TATATA:T	36.0529	2.11179e-06	16.653	3.44299	X	83549940	TATATA	T	0.0005753205869294016	3.240090085161237
X:57507502:GGATT:G	115.962	5.82949e-07	19.1084	3.44281	X	57507502	GGATT	G	0.0005757036273754565	3.2398010341471215
X:84489842:TA:T	102.153	9.26845e-07	18.518	3.44263	X	84489842	TA	T	0.0005760869052674621	3.2395119963838126
X:127938839:AT:A	116.201	5.84764e-07	19.1074	3.44234	X	127938839	AT	A	0.0005767049083217917	3.2390463523033417
X:133524829:A:AG	21.2544	2.54484e-06	15.938	3.44228	X	133524829	A	AG	0.000576832848068231	3.23895001644296
X:127622154:G:A	13.7924	2.78152e-06	15.4166	3.44225	X	127622154	G	A	0.0005768968278512589	3.23890184906488
X:104939050:CTTTTTTTTTT:C	24.827	1.97009e-06	16.3494	3.4421	X	104939050	CTTTTTTTTTT	C	0.0005772168258895048	3.238661017695559
X:139864013:G:A	11.9645	4.18085e-06	14.8669	3.44189	X	139864013	G	A	0.0005776651008014622	3.238323869237493
X:83358875:T:C	116.201	5.85993e-07	19.1053	3.44139	X	83358875	T	C	0.0005787337270181777	3.237521207404778
X:73237900:C:T	16.2605	2.218e-06	15.8076	3.44088	X	73237900	C	T	0.0005798256217207487	3.236702597663183
X:133528364:G:A	20.2773	3.81665e-06	15.4856	3.44053	X	133528364	G	A	0.0005805760707159172	3.2361408682118857
X:62918741:C:T	108.135	5.46798e-07	19.1026	3.44017	X	62918741	C	T	0.0005813489044664939	3.2355631416116863
X:43478074:G:A	11.9684	4.19896e-06	14.8629	3.43986	X	43478074	G	A	0.000582015167586155	3.2350656972863017
X:43477991:T:C	11.9684	4.19896e-06	14.8629	3.43986	X	43477991	T	C	0.000582015167586155	3.2350656972863017
X:154425927:G:GT	12.2914	2.29887e-06	15.492	3.43961	X	154425927	G	GT	0.0005825529943119604	3.2346645611338887
X:133530621:G:A	20.3473	3.83871e-06	15.4833	3.43937	X	133530621	G	A	0.0005830697432511052	3.234279494473347
X:127939878:C:T	114.658	5.81382e-07	19.0998	3.43892	X	127939878	C	T	0.0005840397979251931	3.23355755797253
X:7178251:AAAGT:A	115.962	5.90286e-07	19.0959	3.43717	X	7178251	AAAGT	A	0.0005878265337344929	3.2307508143260235
X:110519627:CT:C	96.0212	8.82632e-07	18.5049	3.43658	X	110519627	CT	C	0.0005891083479858483	3.2298048230312766
X:86891254:AT:A	116.082	5.92454e-07	19.0933	3.43598	X	86891254	AT	A	0.0005904145560673411	3.2288429439665234
X:80989818:CAT:C	113.957	5.82146e-07	19.0924	3.43556	X	80989818	CAT	C	0.0005913305053277547	3.2281697162084324
X:75040568:G:C	99.5368	9.18133e-07	18.5015	3.43497	X	75040568	G	C	0.0005926194303189615	3.2272241133318906
X:64358843:GCACA:G	108.675	5.58045e-07	19.0872	3.43323	X	64358843	GCACA	G	0.0005964359120908247	3.224436215062554
X:93056833:ATTT:A	50.2322	1.91494e-06	17.0825	3.43313	X	93056833	ATTT	A	0.0005966559437982495	3.2242760286410475
X:127177235:T:C	34.4709	2.06282e-06	16.6316	3.43279	X	127177235	T	C	0.0005974046168798671	3.223731425391579
X:89952784:CTTT:C	80.5376	1.28024e-06	17.9572	3.43243	X	89952784	CTTT	C	0.000598198282556154	3.2231548381744033
X:97476039:CATTAAT:C	91.5044	1.11283e-06	18.225	3.43232	X	97476039	CATTAAT	C	0.0005984409871952933	3.2229786693161344
X:91473141:CAAAA:C	103.35	9.59427e-07	18.495	3.43199	X	91473141	CAAAA	C	0.0005991696511495974	3.222450192424842
X:28133816:AT:A	20.4532	3.91655e-06	15.4684	3.43194	X	28133816	AT	A	0.0005992801267904944	3.2223701240527745
X:7196540:T:C	17.7759	1.73182e-06	16.1442	3.43168	X	7196540	T	C	0.0005998549058080637	3.221953784995078
X:107056898:G:GA	18.0735	1.76085e-06	16.1442	3.43167	X	107056898	G	GA	0.0005998770229368507	3.2219377725063567
X:7203959:C:A	18.3484	1.78895e-06	16.1434	3.43133	X	7203959	C	A	0.0006006294570765877	3.22139337221679
X:90289374:A:G	13.5605	2.41539e-06	15.5408	3.43104	X	90289374	A	G	0.0006012719331877167	3.220929068142172
X:80989816:CACAT:C	113.146	5.83864e-07	19.0823	3.43101	X	80989816	CACAT	C	0.000601338432727899	3.2208810386486664
X:24908481:G:A	15.2676	4.69083e-06	14.9956	3.43062	X	24908481	G	A	0.0006022035498954786	3.2202566887178565
X:93057557:A:G	48.8641	1.87401e-06	17.0765	3.43027	X	93057557	A	G	0.000602980923206512	3.2196964276230333
X:136102511:CTCTATCTCTATCTCTATATCTATA:C	116.082	6.00099e-07	19.0805	3.43019	X	136102511	CTCTATCTCTATCTCTATATCTATA	C	0.0006031587396207624	3.2195683749763284
X:127936154:GA:G	115.962	5.99566e-07	19.0803	3.43013	X	127936154	GA	G	0.0006032921339572365	3.219472337208438
X:127936295:C:T	115.962	5.99568e-07	19.0803	3.43012	X	127936295	C	T	0.0006033143690158844	3.2194563310568833
X:125190730:GTTTT:G	116.082	6.00566e-07	19.0797	3.42984	X	125190730	GTTTT	G	0.0006039372604026149	3.2190081754122852
X:34032700:GT:G	59.0896	1.39885e-06	17.5589	3.42974	X	34032700	GT	G	0.0006041598666256889	3.2188481275928678
X:38429618:A:G	116.201	6.01392e-07	19.0793	3.42968	X	38429618	A	G	0.0006042934670113958	3.2187521008636364
X:133520961:AT:A	17.2846	2.93141e-06	15.5898	3.4295	X	133520961	AT	A	0.000604694433160564	3.2184640295068037
X:125190810:GATA:G	116.201	6.01764e-07	19.0787	3.42941	X	125190810	GATA	G	0.0006048950090752183	3.218319998795731
X:104733721:T:C	22.2938	2.53358e-06	15.9902	3.42924	X	104733721	T	C	0.0006052740436391107	3.218047949821148
X:36254447:A:G	21.6539	2.66695e-06	15.9098	3.42872	X	36254447	A	G	0.0006064348160557541	3.2172158733607525
X:93057128:A:C	48.8641	1.88012e-06	17.0732	3.42871	X	93057128	A	C	0.0006064571588919992	3.2171998729737554
X:31783110:T:C	11.9173	4.28e-06	14.8395	3.428	X	31783110	T	C	0.0006080454598106571	3.2160639499922827
X:69681631:G:A	12.8759	3.19093e-06	15.2106	3.42796	X	69681631	G	A	0.0006081350566407534	3.2159999604636713
X:94857310:C:T	22.0048	2.50971e-06	15.9866	3.42752	X	94857310	C	T	0.0006091214330012819	3.21529611882
X:80155211:G:A	13.7631	2.86231e-06	15.3859	3.42731	X	80155211	G	A	0.00060959272821844	3.2149602223007414
X:65844607:GGAGAGA:G	76.7994	1.23468e-06	17.9459	3.42714	X	65844607	GGAGAGA	G	0.0006099745014417297	3.214688319275477
X:138081658:AAC:A	93.9831	8.81757e-07	18.4845	3.42708	X	138081658	AAC	A	0.0006101092980469215	3.2145923563226426
X:105941555:A:AAGAGAG	12.2463	2.35257e-06	15.4652	3.42697	X	105941555	A	AAGAGAG	0.0006103564971561757	3.2144164280648075
X:84488324:AACACAC:A	51.5875	1.72315e-06	17.2146	3.42692	X	84488324	AACACAC	A	0.0006104688911967643	3.214336462310114
X:148664288:C:T	65.2737	1.61033e-06	17.5177	3.42687	X	148664288	C	T	0.0006105813044972701	3.21425649757744
X:96237843:CT:C	112.458	5.85871e-07	19.0727	3.42671	X	96237843	CT	C	0.000610941156520722	3.214000617300826
X:80989820:TACACACAC:T	68.6273	9.92809e-07	18.0514	3.42657	X	80989820	TACACACAC	T	0.0006112561889277298	3.2137767306436937
X:80154286:TG:T	116.201	6.05722e-07	19.0722	3.42645	X	80154286	TG	T	0.0006115263370164842	3.2135848341720608
X:96238190:CT:C	112.344	5.85768e-07	19.0719	3.42633	X	96238190	CT	C	0.0006117965962059498	3.213392943587178
X:28080350:A:G	25.9021	2.12734e-06	16.315	3.42574	X	28080350	A	G	0.0006131269879315372	3.212449567167846
X:41193588:G:A	18.6375	1.85869e-06	16.1208	3.42534	X	41193588	G	A	0.0006140304791578489	3.2118100708758766
X:55711827:G:A	18.8547	1.88411e-06	16.1188	3.42443	X	55711827	G	A	0.0006160905389042286	3.2103554604700797
X:80989814:AACACATAC:A	111.776	5.85923e-07	19.0666	3.42392	X	80989814	AACACATAC	A	0.0006172478881693639	3.20954038727365
X:127962888:TAAAA:T	115.962	6.07881e-07	19.0665	3.42391	X	127962888	TAAAA	T	0.0006172706015011567	3.20952440650909
X:7267086:A:G	33.0815	4.86591e-06	15.7322	3.42384	X	7267086	A	G	0.0006174296166005999	3.209412542301735
X:106610375:G:GT	12.8099	3.2021e-06	15.2019	3.42376	X	106610375	G	GT	0.0006176113948153807	3.2092846999459756
X:86892305:CT:C	116.321	6.1038e-07	19.0655	3.42345	X	86892305	CT	C	0.0006183162558495531	3.208789335527721
X:80158600:ATCTC:A	43.5277	5.91399e-07	18.1142	3.42336	X	80158600	ATCTC	A	0.0006185210330791276	3.2086455274093333
X:86891840:GT:G	116.201	6.10033e-07	19.0651	3.42324	X	86891840	GT	G	0.0006187941675470885	3.2084537884019735
X:48017204:A:C	114.19	5.99638e-07	19.0648	3.42312	X	48017204	A	C	0.0006190674142386781	3.2082620552808727
X:7199876:TAA:T	116.082	6.09875e-07	19.0643	3.4229	X	7199876	TAA	T	0.0006195686581162636	3.207910559846718
X:90291668:A:AT	13.3435	2.41836e-06	15.5235	3.42281	X	90291668	A	AT	0.0006197738212474911	3.2077667719622878
X:117427565:T:C	29.721	3.43918e-06	15.9721	3.42252	X	117427565	T	C	0.0006204353325276148	3.2073034779686176
X:127962888:TA:T	115.485	6.07671e-07	19.0628	3.4222	X	127962888	TA	T	0.000621166038376337	3.2067922969050837
X:55721518:A:G	35.0392	2.14394e-06	16.6093	3.4222	X	55721518	A	G	0.000621166038376337	3.2067922969050837
X:44943491:GC:G	98.8748	9.37715e-07	18.4737	3.42207	X	44943491	GC	G	0.000621463116279679	3.2065846415541825
X:106643821:A:G	12.6536	3.17585e-06	15.1979	3.42179	X	106643821	A	G	0.000622103425426761	3.2061374073378563
X:44938948:G:C	14.157	2.97892e-06	15.3742	3.42162	X	44938948	G	C	0.0006224924839675545	3.2058658879127444
X:82602831:TTGAAATCAA:T	116.201	6.12306e-07	19.0614	3.42157	X	82602831	TTGAAATCAA	T	0.0006226069560258518	3.2057860315064306
X:44939763:A:C	47.2699	1.84779e-06	17.0574	3.42117	X	44939763	A	C	0.0006235234378235051	3.2051472170433306
X:117427877:T:C	29.7055	3.44711e-06	15.9693	3.42112	X	117427877	T	C	0.0006236380862606149	3.205067369833848
X:82602747:GA:G	116.201	6.14035e-07	19.0585	3.42029	X	82602747	GA	G	0.0006255441177128691	3.203742055429256
X:79956629:A:C	44.3356	6.07837e-07	18.1051	3.41949	X	79956629	A	C	0.0006273863846681415	3.2024649104512424
X:55710983:G:A	18.8547	1.90478e-06	16.1079	3.41941	X	55710983	G	A	0.0006275708887178016	3.2023372103407564
X:48017427:A:G	116.201	6.15393e-07	19.0563	3.4193	X	48017427	A	G	0.0006278246642105911	3.202161626960036
X:80989814:AACACATACAC:A	108.459	5.74814e-07	19.0556	3.41896	X	80989814	AACACATACAC	A	0.0006286096649164685	3.2016189459598285
X:63840945:C:A	115.723	6.13657e-07	19.055	3.41871	X	63840945	C	A	0.0006291874537681517	3.201219945955911
X:116785144:A:G	12.3414	2.41373e-06	15.4473	3.4185	X	116785144	A	G	0.0006296731781772908	3.200884805693788
X:48017389:T:C	115.962	6.15364e-07	19.0543	3.41839	X	48017389	T	C	0.0006299277444456332	3.2007092632261074
X:19837462:CT:C	65.8322	1.65438e-06	17.4992	3.41811	X	19837462	CT	C	0.0006305761634072643	3.2002624501697055
X:7198917:GT:G	116.201	6.17223e-07	19.0534	3.41795	X	7198917	GT	G	0.0006309469672557528	3.200007142809911
X:82156520:T:A	20.7482	2.62148e-06	15.8842	3.41646	X	82156520	T	A	0.0006344098313791484	3.1976300954246426
X:82156521:A:G	20.7482	2.62148e-06	15.8842	3.41646	X	82156521	A	G	0.0006344098313791484	3.1976300954246426
X:93515303:A:G	19.2365	1.95609e-06	16.1014	3.4164	X	93515303	A	G	0.0006345496451763979	3.1975343944002885
X:28905058:T:C	33.0463	4.93448e-06	15.7172	3.41606	X	28905058	T	C	0.000635342464922025	3.1969921163867987
X:82607847:G:A	44.7051	6.18458e-07	18.0961	3.41562	X	82607847	G	A	0.0006363698347872544	3.1962904149712967
X:81192633:T:C	104.465	5.57865e-07	19.048	3.41553	X	81192633	T	C	0.0006365801689064121	3.196146894883513
X:44935105:A:G	14.2183	3.02984e-06	15.3615	3.41549	X	44935105	A	G	0.000636673671493108	3.1960831092404143
X:87280234:C:CT	50.0962	1.98262e-06	17.045	3.41528	X	87280234	C	CT	0.0006371647697028022	3.1957482453421178
X:80991359:CT:C	115.962	6.20009e-07	19.0468	3.41499	X	80991359	CT	C	0.0006378435322471172	3.1952858438739615
X:34201088:C:CA	12.1041	2.38581e-06	15.4395	3.41483	X	34201088	C	CA	0.0006382183097779792	3.195030740535057
X:95388999:G:A	54.5837	1.87069e-06	17.1889	3.41456	X	95388999	G	A	0.0006388512113693587	3.1946002773743984
X:101803640:A:G	81.6557	1.34923e-06	17.9185	3.41429	X	101803640	A	G	0.0006394846967215115	3.194169844006164
X:106637569:T:C	55.128	1.34942e-06	17.5255	3.41425	X	106637569	T	C	0.0006395785960809745	3.1941060786335327
X:48017209:T:C	94.3328	9.1037e-07	18.4562	3.41398	X	48017209	T	C	0.0006402127522839915	3.193675679471157
X:73276179:TA:T	116.201	6.2298e-07	19.0441	3.41376	X	73276179	TA	T	0.0006407299045273426	3.1933250058846387
X:81789435:C:CATTTATTTATTT	11.9644	4.41949e-06	14.8114	3.41374	X	81789435	C	CATTTATTTATTT	0.0006407769376301498	3.1932931274484835
X:53356175:A:G	14.7294	3.17234e-06	15.3509	3.41328	X	53356175	A	G	0.000641859585715247	3.1925599685335326
X:102759593:A:AACAC	12.4579	2.467e-06	15.4349	3.41263	X	102759593	A	AACAC	0.0006433923154432681	3.191524130534632
X:19835582:AT:A	50.8162	1.75008e-06	17.1841	3.41222	X	19835582	AT	A	0.0006443608643415818	3.1908708445976828
X:115562094:G:A	22.1349	2.60902e-06	15.9537	3.41167	X	115562094	G	A	0.0006456622670876893	3.1899945932974783
X:119297717:C:A	108.028	5.82268e-07	19.0387	3.41135	X	119297717	C	A	0.0006464205713658515	3.1894848312425714
X:110519627:CTT:C	111.889	6.03739e-07	19.0376	3.41086	X	110519627	CTT	C	0.0006475833301972336	3.188704339190644
X:63841308:A:C	116.082	6.26952e-07	19.0367	3.41043	X	63841308	A	C	0.0006486053126068884	3.1880194984222086
X:95386734:A:G	54.9717	1.90265e-06	17.1791	3.40982	X	95386734	A	G	0.0006500576750642061	3.1870481097403287
X:95477138:C:CA	11.8974	4.43246e-06	14.8029	3.40941	X	95477138	C	CA	0.0006510355521043888	3.186395294594376
X:93057768:AT:A	50.9901	1.76749e-06	17.1776	3.4091	X	93057768	AT	A	0.0006517758305837305	3.185901748256782
X:104731549:G:T	22.6814	2.69023e-06	15.9474	3.40866	X	104731549	G	T	0.0006528278925677385	3.185201298296061
X:82167219:T:TA	13.6901	2.55701e-06	15.4933	3.40852	X	82167219	T	TA	0.0006531629706089607	3.184978444443701
X:117251797:G:T	34.8418	2.2023e-06	16.5768	3.40672	X	117251797	G	T	0.0006574853887116171	3.182113894051021
X:117251849:A:T	34.8418	2.2023e-06	16.5768	3.40672	X	117251849	A	T	0.0006574853887116171	3.182113894051021
X:116788478:A:T	12.3496	2.47658e-06	15.4223	3.40668	X	116788478	A	T	0.000657581743870459	3.182050252412011
X:66970929:T:G	11.9092	4.46209e-06	14.7972	3.40654	X	66970929	T	G	0.0006579190903433085	3.181827511823713
X:80992543:CAT:C	116.201	6.33217e-07	19.0278	3.40641	X	80992543	CAT	C	0.0006582324847308429	3.1816206884481755
X:55806513:T:G	21.6439	2.79347e-06	15.863	3.40624	X	55806513	T	G	0.0006586425176197576	3.181350237529916
X:104733398:C:T	22.2938	2.66328e-06	15.9403	3.40521	X	104733398	C	T	0.0006611319178480346	3.179711875646985
X:104939050:CT:C	101.858	1.00201e-06	18.4371	3.40508	X	104939050	CT	C	0.0006614467350467201	3.179505122915145
X:82162019:A:G	111.325	6.08478e-07	19.0248	3.40504	X	82162019	A	G	0.0006615436299170142	3.1794415080791145
X:7205641:CTT:C	45.3118	6.42724e-07	18.0711	3.4049	X	7205641	CTT	C	0.0006618828659091404	3.17921886130102
X:116793764:T:G	12.4331	2.50276e-06	15.4185	3.4049	X	116793764	T	G	0.0006618828659091404	3.17921886130102
X:73276300:TAC:T	116.082	6.35018e-07	19.0239	3.40466	X	73276300	TAC	T	0.0006624647896739794	3.1788371997408436
X:104733576:T:C	22.2838	2.66597e-06	15.9388	3.4045	X	104733576	T	C	0.0006628530031035748	3.17858277177494
X:7258009:GGGAT:G	20.6491	2.67738e-06	15.8583	3.40403	X	7258009	GGGAT	G	0.000663994603739709	3.1778354501132933
X:7196744:GTCTC:G	116.201	6.36599e-07	19.0225	3.404	X	7196744	GTCTC	G	0.0006640675338980614	3.1777877517948623
X:104942760:C:G	18.6606	1.95005e-06	16.0741	3.40384	X	104942760	C	G	0.0006644566205481416	3.1775333669733627
X:82447270:CA:C	116.082	6.36334e-07	19.0218	3.40372	X	82447270	CA	C	0.0006647485746286218	3.177342585221048
X:109178716:G:A	16.6369	2.45914e-06	15.7273	3.40308	X	109178716	G	A	0.0006663076785148821	3.1763251819030662
X:117428310:C:T	49.4911	2.01131e-06	17.0185	3.40263	X	117428310	C	T	0.0006674059584316183	3.1756099203926116
X:78694431:A:G	20.4178	4.15054e-06	15.4087	3.40213	X	78694431	A	G	0.000668628243390018	3.17481528241086
X:133520913:A:T	19.1639	2.01665e-06	16.0671	3.40063	X	133520913	A	T	0.0006723075969478785	3.1724319812725676
X:87277045:T:C	12.7926	3.35432e-06	15.1541	3.4005	X	87277045	T	C	0.0006726273590295914	3.1722254717910356
X:80993481:CTAT:C	116.201	6.41822e-07	19.0143	3.40031	X	80993481	CTAT	C	0.0006730949579554103	3.1719236626602267
X:80993485:CAT:C	116.201	6.41822e-07	19.0143	3.40031	X	80993485	CAT	C	0.0006730949579554103	3.1719236626602267
X:80993477:CTAT:C	116.201	6.41822e-07	19.0143	3.40031	X	80993477	CTAT	C	0.0006730949579554103	3.1719236626602267
X:82447975:CAAAG:C	116.082	6.42478e-07	19.0122	3.39939	X	82447975	CAAAG	C	0.0006753633986539808	3.170462479669417
X:44941481:G:GT	12.8892	3.3912e-06	15.1507	3.39884	X	44941481	G	GT	0.0006767229240522668	3.169589111501201
X:90294599:T:C	19.1081	2.01865e-06	16.0632	3.39884	X	90294599	T	C	0.0006767229240522668	3.169589111501201
X:83358805:TA:T	115.962	6.42906e-07	19.0105	3.39862	X	83358805	TA	T	0.0006772674462384488	3.169239798834478
X:78695147:GT:G	106.644	5.92117e-07	19.0091	3.39796	X	78695147	GT	G	0.0006789034576472951	3.168191979463307
X:78696169:A:G	28.8271	3.57737e-06	15.9022	3.39759	X	78696169	A	G	0.000679822221857056	3.1676046434126186
X:62903947:C:G	14.7614	3.28636e-06	15.3177	3.39719	X	62903947	C	G	0.0006808167805734549	3.1669697484278148
X:7237213:CA:C	112.801	6.27922e-07	19.0065	3.39679	X	7237213	CA	C	0.0006818126916904719	3.1663349188011196
X:104942132:ATGATGCCTCCAGCTTTG:A	116.321	6.47602e-07	19.0063	3.39673	X	104942132	ATGATGCCTCCAGCTTTG	A	0.0006819621951063631	3.1662396999942093
X:82419872:C:A	24.3604	2.12764e-06	16.2535	3.39656	X	82419872	C	A	0.0006823859536193187	3.16596992136047
X:82160861:TA:T	116.201	6.47758e-07	19.0051	3.39616	X	82160861	TA	T	0.000683383998173597	3.165335194671394
X:81811305:G:A	12.1081	2.48426e-06	15.3994	3.39589	X	81811305	G	A	0.0006840584451204369	3.1649067911030584
X:119297109:G:A	106.224	5.92638e-07	19.0042	3.39578	X	119297109	G	A	0.0006843333971443174	3.164732264853079
X:30375212:C:G	11.9846	4.58784e-06	14.7757	3.39565	X	30375212	C	G	0.0006846584728850529	3.164526012929826
X:117428941:AC:A	114.073	6.3706e-07	19.0032	3.39533	X	117428941	AC	A	0.0006854592709383145	3.1640183452978725
X:97476969:AT:A	115.843	6.47411e-07	19.0025	3.395	X	97476969	AT	A	0.0006862860057164079	3.1634948568606145
X:7240531:G:GTA	12.4831	2.56614e-06	15.3975	3.39498	X	7240531	G	GTA	0.0006863361406303292	3.1634631317182884
X:73276975:GC:G	116.201	6.50155e-07	19.0014	3.39449	X	73276975	GC	G	0.0006875655099426056	3.16268591676871
X:55720687:CAA:C	35.3186	2.29084e-06	16.551	3.39442	X	55720687	CAA	C	0.0006877413011197346	3.162574894067454
X:104941900:A:T	116.082	6.50296e-07	19.0001	3.39393	X	104941900	A	T	0.0006889730095562077	3.161797791198906
X:90666108:A:AC	12.0162	4.61782e-06	14.7718	3.39368	X	90666108	A	AC	0.0006896022218328964	3.161401347925495
X:117428265:A:C	29.7521	3.65115e-06	15.9134	3.39341	X	117428265	A	C	0.0006902823709634514	3.160973217863409
X:87284690:AT:A	12.9515	3.44648e-06	15.1394	3.39332	X	87284690	AT	A	0.0006905092258594933	3.160830514459569
X:37377970:G:A	15.3248	5.06338e-06	14.9229	3.39332	X	37377970	G	A	0.0006905092258594933	3.160830514459569
X:99362217:T:G	81.3038	1.40506e-06	17.8736	3.39325	X	99362217	T	G	0.0006906857164608615	3.160719525210549
X:89950348:A:G	38.6273	2.01651e-06	16.7681	3.39304	X	89950348	A	G	0.0006912154398594519	3.16038656947177
X:86892966:TAGC:T	116.201	6.53608e-07	18.9961	3.3921	X	86892966	TAGC	T	0.0006935912139258865	3.1588964169269915
X:127935881:C:T	115.723	6.51133e-07	18.9958	3.39195	X	127935881	C	T	0.0006939710282186346	3.1586586600169255
X:79802099:C:T	24.9219	2.19798e-06	16.2437	3.39185	X	79802099	C	T	0.0006942243451281647	3.158500160515609
X:7206353:G:C	18.1324	1.92526e-06	16.0581	3.39169	X	7206353	G	C	0.0006946298309410898	3.1582465698088504
X:7206394:G:T	18.1324	1.92526e-06	16.0581	3.39169	X	7206394	G	T	0.0006946298309410898	3.1582465698088504
X:107781733:TATATATAG:T	116.201	6.54476e-07	18.9948	3.3915	X	107781733	TATATATAG	T	0.0006951116312311828	3.1579454444248203
X:107781732:C:A	116.201	6.54476e-07	18.9948	3.3915	X	107781732	C	A	0.0006951116312311828	3.1579454444248203
X:91607063:G:A	15.8306	5.25349e-06	14.9186	3.39107	X	91607063	G	A	0.0006962031684130252	3.157264004577783
X:31144705:AT:A	16.4013	2.48759e-06	15.7016	3.39096	X	31144705	AT	A	0.0006964826546171652	3.157089694886612
X:86893183:CT:C	116.082	6.55049e-07	18.9928	3.39064	X	86893183	CT	C	0.0006972962983918015	3.156582640247945
X:142762540:T:C	55.84	1.43907e-06	17.474	3.39037	X	142762540	T	C	0.0006979834973397229	3.1561548454270114
X:117427498:T:C	55.7602	1.43845e-06	17.473	3.38991	X	117427498	T	C	0.0006991557305069948	3.155426078378797
X:63841949:A:C	115.843	6.54756e-07	18.9912	3.38991	X	63841949	A	C	0.0006991557305069948	3.155426078378797
X:64543065:C:CA	13.4275	2.6109e-06	15.4531	3.38943	X	64543065	C	CA	0.000700380880766763	3.1546657179438546
X:48017319:T:C	109.658	6.20712e-07	18.9898	3.38925	X	48017319	T	C	0.0007008408262526812	3.154380607040014
X:107781714:C:A	115.843	6.55888e-07	18.9895	3.38913	X	107781714	C	A	0.0007011476125015582	3.154190540455362
X:77039976:A:C	12.4076	2.58607e-06	15.3837	3.38846	X	77039976	A	C	0.0007028627972156397	3.1531294434404504
X:82156205:T:C	102.252	1.0426e-06	18.4012	3.38845	X	82156205	T	C	0.0007028884264937932	3.153113607560117
X:86893293:GT:G	115.723	6.56229e-07	18.988	3.38843	X	86893293	GT	G	0.0007029396876554773	3.1530819359219686
X:127177776:A:T	34.4709	2.26453e-06	16.5383	3.38835	X	127177776	A	T	0.0007031447670445117	3.1529552510029464
X:90339832:C:T	14.4313	3.27598e-06	15.2983	3.38775	X	90339832	C	T	0.0007046846355989237	3.152005197421914
X:7199900:TA:T	107.279	6.09634e-07	18.9858	3.38748	X	7199900	TA	T	0.0007053785983061271	3.1515777212754954
X:86891322:C:T	108.028	6.1402e-07	18.9856	3.38738	X	86891322	C	T	0.0007056357826487505	3.1514194043319153
X:7231834:CTT:C	105.184	5.98445e-07	18.9846	3.38693	X	7231834	CTT	C	0.000706794190848887	3.1507070286228864
X:146681208:G:A	12.4959	2.615e-06	15.3796	3.38656	X	146681208	G	A	0.0007077479833504486	3.150121359435159
X:125188634:T:G	88.562	1.1897e-06	18.1255	3.38629	X	125188634	T	G	0.0007084447487560795	3.1496940145005285
X:7206347:A:C	17.7831	1.91058e-06	16.0463	3.3862	X	7206347	A	C	0.000708677145496741	3.1495515728045875
X:133525916:TCAAA:T	30.479	3.79689e-06	15.8984	3.38598	X	133525916	TCAAA	T	0.0007092455246672653	3.149203395917649
X:86894361:TATACCCA:T	116.321	6.63487e-07	18.9821	3.38579	X	86894361	TATACCCA	T	0.0007097367384312712	3.14890271360299
X:21229192:T:G	102.849	1.0549e-06	18.3953	3.3857	X	21229192	T	G	0.0007099695289522745	3.148760290283547
X:79006202:G:A	115.962	6.63118e-07	18.9796	3.38465	X	79006202	G	A	0.0007126906656066973	3.1470989292934783
X:85631292:A:G	18.8868	2.05921e-06	16.0317	3.38433	X	85631292	A	G	0.0007135218890858564	3.146592699264983
X:127402813:CA:C	116.082	6.65143e-07	18.9776	3.38374	X	127402813	CA	C	0.0007150568192667348	3.145659447270837
X:139849664:G:C	32.2248	5.12781e-06	15.6536	3.38318	X	139849664	G	C	0.0007165165394788274	3.1447737802540976
X:19632293:T:C	13.5507	2.67146e-06	15.4393	3.38288	X	19632293	T	C	0.0007172996708410085	3.1442993684563048
X:87175531:T:C	12.6107	3.42995e-06	15.1175	3.38268	X	87175531	T	C	0.0007178222001343557	3.1439831143410952
X:86894132:GAGA:G	115.604	6.64374e-07	18.9746	3.3824	X	86894132	GAGA	G	0.0007185543352914938	3.143540386019591
X:57485261:T:G	12.1081	2.55633e-06	15.3708	3.38238	X	57485261	T	G	0.0007186066571979059	3.14350876379304
X:66955220:AACACACAC:A	20.0008	4.23117e-06	15.3688	3.38223	X	66955220	AACACACAC	A	0.0007189991843349156	3.1432716023000746
X:77039927:T:C	12.3951	2.61862e-06	15.3702	3.38208	X	77039927	T	C	0.0007193919106650059	3.143034449994436
X:77039934:T:C	12.3951	2.61862e-06	15.3702	3.38208	X	77039934	T	C	0.0007193919106650059	3.143034449994436
X:44954057:T:TA	15.1035	5.10153e-06	14.9009	3.382	X	44954057	T	TA	0.0007196014461874092	3.1429079725213436
X:79006227:AT:A	115.843	6.66641e-07	18.9732	3.38179	X	79006227	AT	A	0.0007201517467358677	3.142575981587902
X:127626695:C:T	12.5594	2.6581e-06	15.3684	3.38123	X	127626695	C	T	0.0007216211268596877	3.141690760465742
X:70359275:T:C	12.0561	4.75076e-06	14.7468	3.38097	X	70359275	T	C	0.0007223042854175279	3.1412798084711993
X:80989820:TACACACACACAC:T	107.706	6.21824e-07	18.97	3.38033	X	80989820	TACACACACACAC	T	0.0007239884670881939	3.140268351924194
X:90283981:A:G	14.2033	3.25382e-06	15.2892	3.38033	X	90283981	A	G	0.0007239884670881939	3.140268351924194
X:104935830:A:G	30.3188	3.82043e-06	15.8869	3.3803	X	104935830	A	G	0.000724067502543945	3.14022094400204
X:82155170:T:C	102.351	1.06251e-06	18.3833	3.38012	X	82155170	T	C	0.0007245418836259954	3.1399365041860547
X:82535705:AT:A	51.2699	1.88761e-06	17.1173	3.38011	X	82535705	AT	A	0.0007245682465943803	3.139920702361944
X:57484682:T:G	12.104	2.569e-06	15.3655	3.37989	X	57484682	T	G	0.0007251484573989797	3.1395730725615314
X:57486234:C:T	23.0898	2.08978e-06	16.2178	3.37961	X	57486234	C	T	0.0007258875317545129	3.139130663214719
X:132138750:TAATA:T	113.261	6.55909e-07	18.9669	3.37894	X	132138750	TAATA	T	0.000727658872586175	3.138072170789191
X:132138969:T:C	12.8896	3.53406e-06	15.1095	3.37878	X	132138969	T	C	0.0007280824728781011	3.137819423589173
X:90337630:A:G	14.3374	3.2965e-06	15.2855	3.37857	X	90337630	A	G	0.0007286387958989949	3.137487708751126
X:85671030:C:G	34.881	2.34078e-06	16.517	3.3782	X	85671030	C	G	0.0007296199449513882	3.136903302607359
X:80617870:C:T	16.9261	3.19624e-06	15.4824	3.37799	X	80617870	C	T	0.0007301773591355187	3.1365716374982506
X:94867237:T:C	28.8866	3.73282e-06	15.8617	3.37754	X	94867237	T	C	0.0007313731504096432	3.135860987179501
X:55801810:G:A	23.6517	2.1518e-06	16.2126	3.37714	X	55801810	G	A	0.0007324376028495785	3.1352293674139444
X:101779133:C:T	11.9527	4.74751e-06	14.7388	3.37695	X	101779133	C	T	0.0007329437217122344	3.134929370908879
X:115560848:T:G	22.2953	2.83114e-06	15.8792	3.37581	X	115560848	T	G	0.0007359872631977011	3.1331297013837225
X:10785320:C:T	71.3728	1.15542e-06	17.939	3.37557	X	10785320	C	T	0.0007366295027616	3.1327508911965882
X:127938759:C:T	110.654	6.48518e-07	18.955	3.37354	X	127938759	C	T	0.000742082638341397	3.129547728983416
X:85690931:C:A	11.9961	4.79944e-06	14.7316	3.37328	X	85690931	C	A	0.0007427837716741142	3.129137593286287
X:122405520:T:A	21.3317	2.94976e-06	15.794	3.37312	X	122405520	T	A	0.0007432155440892629	3.1288852158045137
X:117420342:C:T	14.3943	3.34695e-06	15.2743	3.37312	X	117420342	C	T	0.0007432155440892629	3.1288852158045137
X:78684455:G:A	15.7583	5.41926e-06	14.8829	3.37278	X	78684455	G	A	0.0007441338345463936	3.1283489483548914
X:81011619:CGT:C	41.4613	1.88207e-06	16.9079	3.37265	X	81011619	CGT	C	0.0007444852239949709	3.128143917389481
X:55709576:A:T	100.687	1.06275e-06	18.3667	3.3724	X	55709576	A	T	0.0007451614061050717	3.1277496464618477
X:87176194:C:CGATAGATA	12.036	4.83103e-06	14.7284	3.37163	X	87176194	C	CGATAGATA	0.0007472476324101845	3.1265354523111926
X:133526341:G:A	30.128	3.86451e-06	15.8691	3.37149	X	133526341	G	A	0.0007476275285657748	3.12631471574144
X:82591198:C:CTT	14.9035	3.4996e-06	15.2645	3.37131	X	82591198	C	CTT	0.0007481162300352725	3.1260309233367147
X:55805775:CCAAA:C	116.201	6.85446e-07	18.9485	3.37063	X	55805775	CCAAA	C	0.0007499651141479105	3.124958938055545
X:80159489:A:T	12.5936	3.51181e-06	15.0926	3.37055	X	80159489	A	T	0.0007501829086766735	3.1248328345494167
X:116791182:C:A	12.2918	2.66319e-06	15.3449	3.37016	X	116791182	C	A	0.0007512454983738427	3.1242181173682484
X:133520961:ATT:A	115.723	6.8333e-07	18.9475	3.37016	X	133520961	ATT	A	0.0007512454983738427	3.1242181173682484
X:86893205:GC:G	112.458	6.64045e-07	18.9475	3.37016	X	86893205	GC	G	0.0007512454983738427	3.1242181173682484
X:86987186:A:T	20.1644	4.374e-06	15.3438	3.36973	X	86987186	A	T	0.000752418691600038	3.1235404242355287
X:82160685:CAA:C	111.55	6.60072e-07	18.9454	3.36922	X	82160685	CAA	C	0.0007538123588712208	3.1227367465022615
X:33844641:A:G	116.201	6.88224e-07	18.9445	3.3688	X	33844641	A	G	0.000754961884366765	3.1220749739695477
X:31779833:C:G	15.9213	2.53239e-06	15.654	3.36859	X	31779833	C	G	0.0007555372573370854	3.1217441147042453
X:37367516:G:GA	18.7457	2.11607e-06	15.9969	3.36835	X	37367516	G	GA	0.0007561953250308285	3.121366011871116
X:87174728:G:T	12.5382	2.72769e-06	15.3408	3.36823	X	87174728	G	T	0.000756524558428044	3.121176969271108
X:77041042:A:G	12.3992	2.69766e-06	15.3408	3.36819	X	77041042	A	G	0.0007566343324689039	3.1211139563772576
X:77041109:C:G	12.3992	2.69766e-06	15.3408	3.36819	X	77041109	C	G	0.0007566343324689039	3.1211139563772576
X:7215134:CACACAT:C	115.367	6.84468e-07	18.9427	3.36802	X	7215134	CACACAT	C	0.000757101037172038	3.120846158864249
X:55805970:GGACTTGATGTTCCCTCT:G	116.082	6.89061e-07	18.9422	3.36779	X	55805970	GGACTTGATGTTCCCTCT	G	0.0007577328866598246	3.1204838633577436
X:21806999:G:C	18.163	2.03107e-06	16.0063	3.3676	X	21806999	G	C	0.0007582552185587557	3.1201845920512956
X:101806090:T:C	74.042	1.35274e-06	17.818	3.36718	X	101806090	T	C	0.0007594110335653847	3.119523097238687
X:101806162:T:C	73.9811	1.35314e-06	17.8169	3.36665	X	101806162	T	C	0.0007608718967250311	3.1186884565390085
X:101806164:C:G	73.9811	1.35314e-06	17.8169	3.36665	X	101806164	C	G	0.0007608718967250311	3.1186884565390085
X:78694760:CA:C	67.1289	1.10843e-06	17.9192	3.3666	X	78694760	CA	C	0.0007610098486131468	3.118609722768629
X:146678924:C:A	12.3204	2.69151e-06	15.3367	3.36626	X	146678924	C	A	0.0007619485375195853	3.118074360190602
X:65837902:T:C	13.3061	2.7168e-06	15.4043	3.36625	X	65837902	T	C	0.0007619761622846908	3.1180586149466905
X:7231834:C:CT	19.1719	2.17439e-06	15.9922	3.36619	X	7231834	C	CT	0.0007621419304049482	3.117964144340335
X:75016513:T:C	12.5169	2.73846e-06	15.3352	3.36557	X	75016513	T	C	0.000763856829433892	3.1169880341121794
X:82592650:A:T	14.6321	3.47734e-06	15.2525	3.36549	X	82592650	A	T	0.0007640783675094319	3.1168620958333766
X:57487680:C:A	11.9367	4.85177e-06	14.7158	3.36526	X	57487680	C	A	0.0007647156218232791	3.1165000378320595
X:27398571:G:A	21.7893	2.82985e-06	15.8567	3.36498	X	27398571	G	A	0.0007654920757109875	3.1160593007107287
X:82453534:C:CT	15.5335	5.42387e-06	14.8677	3.36496	X	82453534	C	CT	0.0007655475647024815	3.1160278207121883
X:43378576:A:G	25.9653	2.42383e-06	16.1869	3.36483	X	43378576	A	G	0.0007659083341856346	3.1158232047009995
X:44951588:AAG:A	106.015	6.33478e-07	18.9356	3.3648	X	44951588	AAG	A	0.0007659916110953349	3.115775986601019
X:91321121:A:G	21.0968	2.97262e-06	15.7752	3.3641	X	91321121	A	G	0.0007679371272010221	3.1146743352125013
X:91320788:C:T	21.0875	2.97412e-06	15.7742	3.36365	X	91320788	C	T	0.0007691902376370779	3.1139662363514624
X:91320779:T:C	21.0875	2.97412e-06	15.7742	3.36365	X	91320779	T	C	0.0007691902376370779	3.1139662363514624
X:99360872:G:T	78.7019	1.45153e-06	17.8086	3.36275	X	99360872	G	T	0.0007717021557222779	3.112550286562302
X:95370074:A:ACC	12.4371	2.74005e-06	15.3282	3.36227	X	95370074	A	ACC	0.0007730449572181919	3.1117952485085407
X:133527788:A:AT	30.1755	3.94388e-06	15.8504	3.3622	X	133527788	A	AT	0.0007732409635713702	3.1116851466484454
X:122708429:CA:C	40.9551	1.90199e-06	16.8851	3.36202	X	122708429	CA	C	0.0007737451917823199	3.111402036761996
X:28126015:C:A	25.5402	2.40291e-06	16.1791	3.3611	X	28126015	C	A	0.0007763271287085042	3.1099552371747974
X:37396518:GCTTT:G	115.248	6.94867e-07	18.9266	3.36075	X	37396518	GCTTT	G	0.0007773114857768458	3.109404914987616
X:28137746:GT:G	93.2893	1.01e-06	18.3413	3.36061	X	28137746	GT	G	0.0007777055529268092	3.109184800110245
X:128129179:TTATC:T	116.201	7.01256e-07	18.9257	3.36033	X	128129179	TTATC	T	0.00077849424364566	3.1087445943510548
X:133521693:G:T	19.1639	2.20244e-06	15.979	3.3601	X	133521693	G	T	0.0007791426521040713	3.108383020697347
X:85636578:CATTG:C	115.962	7.00693e-07	18.9245	3.35977	X	85636578	CATTG	C	0.0007800738529872188	3.107864278814028
X:64543671:T:C	13.3853	2.77294e-06	15.3898	3.35936	X	64543671	T	C	0.0007812322386716164	3.107219843228147
X:82158984:C:T	115.367	6.99625e-07	18.9208	3.35813	X	82158984	C	T	0.0007847169832726275	3.1052869480511864
X:127404464:AT:A	116.201	7.04964e-07	18.9204	3.35795	X	127404464	AT	A	0.0007852281544250148	3.1050041371257544
X:109153749:ATTT:A	96.473	1.05053e-06	18.3355	3.35793	X	109153749	ATTT	A	0.0007852849702944554	3.1049727145057138
X:31762797:GA:G	59.0898	1.6339e-06	17.4036	3.35773	X	31762797	GA	G	0.0007858533388965295	3.104658497282581
X:106643163:C:T	55.1672	1.5261e-06	17.4032	3.35753	X	106643163	C	T	0.0007864220893124521	3.104344296381699
X:95391735:GTA:G	82.7253	1.18366e-06	18.0624	3.3571	X	95391735	GTA	G	0.0007876461967188497	3.1036688197156055
X:87176194:C:CGATA	15.7643	5.59061e-06	14.8522	3.357	X	87176194	C	CGATA	0.0007879311262143212	3.103511742932178
X:105947814:CAT:C	116.201	7.07242e-07	18.9172	3.3565	X	105947814	CAT	C	0.0007893572092805155	3.1027264202220453
X:7236878:C:CT	115.13	7.00784e-07	18.9171	3.35646	X	7236878	C	CT	0.0007894713993556775	3.1026635988121134
X:55686765:A:G	13.9107	3.35211e-06	15.2386	3.35577	X	55686765	A	G	0.0007914435931058245	3.1015800322556113
X:119297336:T:G	90.1787	1.29423e-06	18.0594	3.3557	X	119297336	T	G	0.0007916439260043365	3.1014701160674263
X:70692569:A:G	12.024	4.98128e-06	14.6967	3.3556	X	70692569	A	G	0.0007919301975026562	3.101313096409735
X:77038469:A:T	50.0622	2.2454e-06	16.9199	3.3556	X	77038469	A	T	0.0007919301975026562	3.101313096409735
X:15021997:AAT:A	102.55	1.12273e-06	18.3301	3.35543	X	15021997	AAT	A	0.0007924170795631269	3.1010461723560034
X:64544770:A:T	13.3853	2.79627e-06	15.3814	3.35538	X	64544770	A	T	0.0007925603330327172	3.100967667525548
X:64544773:A:C	13.3853	2.79627e-06	15.3814	3.35538	X	64544773	A	C	0.0007925603330327172	3.100967667525548
X:104943249:A:T	18.3109	2.10258e-06	15.9798	3.35529	X	104943249	A	T	0.0007928182498499269	3.100826361401318
X:48921904:G:A	13.5986	2.84836e-06	15.3787	3.35413	X	48921904	G	A	0.000796149490873504	3.099005378285119
X:28719534:T:A	25.5412	2.44027e-06	16.1637	3.35378	X	28719534	T	A	0.0007971571548759131	3.0984560515433115
X:7204181:A:C	17.8767	2.06013e-06	15.9762	3.35361	X	7204181	A	C	0.000797647018629832	3.0981892537314715
X:63515803:T:TA	12.2955	2.761e-06	15.3092	3.35327	X	63515803	T	TA	0.000798627584355794	3.0976556934822552
X:7215136:CACAT:C	112.572	6.90134e-07	18.91	3.35323	X	7215136	CACAT	C	0.0007987430185476264	3.097592924789089
X:119300827:T:C	76.6708	1.444e-06	17.7876	3.35293	X	119300827	T	C	0.0007996092686738387	3.097122180398627
X:79483723:A:G	54.0857	2.10715e-06	17.0607	3.35291	X	79483723	A	G	0.0007996670496700807	3.0970907987448753
X:99355722:G:T	12.7054	3.67493e-06	15.056	3.35275	X	99355722	G	T	0.0008001294371534002	3.096839751390099
X:127963354:CTTTTT:C	114.894	7.05344e-07	18.9086	3.3526	X	127963354	CTTTTT	C	0.0008005631507507071	3.096604403981022
X:97476985:AC:A	105.287	6.46963e-07	18.9077	3.35219	X	97476985	AC	A	0.0008017497480048126	3.095961167901095
X:80993461:GTATC:G	113.608	6.98577e-07	18.907	3.35187	X	80993461	GTATC	G	0.000802677006525337	3.0954591776388907
X:26807623:ATCTATC:A	50.2665	2.27345e-06	16.9116	3.35163	X	26807623	ATCTATC	A	0.0008033731034032089	3.0950827123592695
X:10787134:G:A	91.7563	1.32908e-06	18.0502	3.35142	X	10787134	G	A	0.0008039826476631235	3.0947533245170686
X:104940896:GC:G	116.201	7.15353e-07	18.9058	3.35135	X	104940896	GC	G	0.0008041859244355417	3.0946435325679382
X:82193298:G:C	13.5174	2.85225e-06	15.3714	3.35064	X	82193298	G	C	0.0008062504286076715	3.093530041483005
X:98741499:AT:A	94.3328	1.04376e-06	18.3195	3.35051	X	98741499	AT	A	0.0008066289686913554	3.0933261851093454
X:41671088:C:T	12.08	2.73082e-06	15.3025	3.3501	X	41671088	C	T	0.0008078239064296199	3.0926832986321884
X:73275279:C:T	12.9826	3.77655e-06	15.0503	3.34998	X	73275279	C	T	0.0008081739549149675	3.092495149709966
X:35520800:A:AAC	34.5485	2.4608e-06	16.4574	3.34982	X	35520800	A	AAC	0.0008086409051773557	3.092244293618867
X:82159484:C:T	110.989	6.85589e-07	18.9024	3.34982	X	82159484	C	T	0.0008086409051773557	3.092244293618867
X:33444000:T:TATA	15.0328	3.6908e-06	15.2199	3.34968	X	33444000	T	TATA	0.000809049692008956	3.0920248031064954
X:117428638:T:C	29.7365	3.98803e-06	15.8246	3.34943	X	117428638	T	C	0.0008097801454707291	3.0916328756513423
X:57493721:A:G	12.1	2.7398e-06	15.3008	3.34934	X	57493721	A	G	0.0008100432584873866	3.091491788009347
X:55806073:CTT:C	115.604	7.14861e-07	18.9013	3.34933	X	55806073	CTT	C	0.0008100724981632149	3.0914761118086633
X:55806097:TAA:T	116.082	7.18212e-07	18.9008	3.34908	X	55806097	TAA	T	0.0008108038084252674	3.091084220050324
X:78688859:T:C	27.0753	1.86816e-06	16.4892	3.34897	X	78688859	T	C	0.0008111257789721218	3.0909117957542787
X:104940032:T:C	116.321	7.19987e-07	18.9004	3.3489	X	104940032	T	C	0.0008113307310844325	3.090802073772392
X:79141799:TATA:T	115.485	7.15956e-07	18.8988	3.34818	X	79141799	TATA	T	0.0008134416007242726	3.089673620838488
X:79141765:CAGAGCCATGGCTCTTCA:C	115.962	7.18965e-07	18.8987	3.34815	X	79141765	CAGAGCCATGGCTCTTCA	C	0.000813529664112397	3.089626606555711
X:7204545:CTCCCTTCCT:C	116.082	7.19952e-07	18.8984	3.34799	X	7204545	CTCCCTTCCT	C	0.0008139994849333563	3.089375869915064
X:104940080:TTAG:T	116.082	7.20628e-07	18.8974	3.34757	X	104940080	TTAG	T	0.0008152339626380599	3.088717735921333
X:55806311:T:C	116.201	7.21571e-07	18.8972	3.34744	X	55806311	T	C	0.000815616414778141	3.088514042364433
X:79141759:CATATG:C	115.962	7.20132e-07	18.8971	3.34741	X	79141759	CATATG	C	0.0008157046966021755	3.0884670371380545
X:95475047:AC:A	110.989	6.90251e-07	18.8956	3.34676	X	95475047	AC	A	0.0008176196479016911	3.087448680721155
X:82158311:AT:A	115.485	7.18808e-07	18.8948	3.34638	X	82158311	AT	A	0.0008187410890289892	3.086853413725777
X:117255524:AT:A	115.13	7.16668e-07	18.8947	3.34634	X	117255524	AT	A	0.0008188592184434633	3.0867907574686773
X:93508211:C:T	11.9607	5.04735e-06	14.6783	3.34624	X	93508211	C	T	0.0008191546111662065	3.0866341196814333
X:90282475:C:T	30.4799	4.11632e-06	15.8176	3.34597	X	90282475	C	T	0.0008199526654187591	3.0862112180318815
X:104717943:G:T	34.96	2.5105e-06	16.4492	3.34594	X	104717943	G	T	0.0008200413826271683	3.0861642307953785
X:104940701:CTT:C	115.485	7.20147e-07	18.893	3.34554	X	104940701	CTT	C	0.0008212251300502711	3.0855377693901263
X:106644649:T:C	12.8099	3.76094e-06	15.0411	3.34548	X	106644649	T	C	0.0008214028288374529	3.085443805808662
X:99354737:T:A	12.688	3.7288e-06	15.0401	3.34501	X	99354737	T	A	0.0008227960373657196	3.0847078085601356
X:55806807:A:G	116.201	7.2609e-07	18.8909	3.34462	X	55806807	A	G	0.0008239537680228336	3.0840971558463988
X:95394775:GA:G	115.604	7.2289e-07	18.8902	3.34429	X	95394775	GA	G	0.0008249345664911398	3.083580498163807
X:7201624:A:G	18.2511	2.14903e-06	15.9547	3.34361	X	7201624	A	G	0.0008269590221225998	3.0825160102865796
X:154012056:A:G	21.6921	3.19048e-06	15.7323	3.3435	X	154012056	A	G	0.0008272869403525089	3.0823438314415217
X:95466837:T:C	57.0985	1.62811e-06	17.3729	3.34348	X	95466837	T	C	0.0008273465748074475	3.082312526727233
X:73275370:G:C	12.996	3.83285e-06	15.0365	3.34329	X	73275370	G	C	0.00082791330105846	3.082015140079045
X:82445693:GT:G	49.4576	2.27723e-06	16.8937	3.3431	X	82445693	GT	G	0.0008284803874225764	3.0817177681558925
X:7257828:TTG:T	38.4665	2.23254e-06	16.6622	3.34284	X	7257828	TTG	T	0.0008292569842837734	3.081310862017549
X:15021884:ATT:A	103.049	1.16004e-06	18.3023	3.34251	X	15021884	ATT	A	0.0008302436374238232	3.080794443934711
X:127338445:CTTTCTTTCTTTCTTT:C	102.055	1.14936e-06	18.3018	3.3423	X	127338445	CTTTCTTTCTTTCTTT	C	0.0008308720744862841	3.080465837372851
X:44951205:CT:C	109.329	6.87787e-07	18.8841	3.34157	X	44951205	CT	C	0.0008330600761286158	3.0793236783166664
X:81962629:AT:A	116.082	7.30848e-07	18.8834	3.34121	X	81962629	AT	A	0.0008341410573507176	3.0787605018214497
X:106648138:T:C	12.8275	3.80052e-06	15.032	3.34106	X	106648138	T	C	0.0008345918500945547	3.078525860549597
X:34198418:T:C	15.2505	5.58707e-06	14.8197	3.34032	X	34198418	T	C	0.0008368190702199976	3.077368431252921
X:127963354:CT:C	112.23	7.08298e-07	18.881	3.34013	X	127963354	CT	C	0.0008373918128700203	3.077071289495367
X:55806752:A:G	115.248	7.28101e-07	18.8799	3.33966	X	55806752	A	G	0.0008388101598997766	3.076336317880409
X:85689247:G:A	11.9486	5.10815e-06	14.6653	3.33966	X	85689247	G	A	0.0008388101598997766	3.076336317880409
X:116799554:AGGG:A	114.894	7.27357e-07	18.8779	3.33873	X	116799554	AGGG	A	0.0008416232455450357	3.0748822778570193
X:117255543:AGTCATTCAGGAGCAG:A	114.307	7.23769e-07	18.8777	3.33865	X	117255543	AGTCATTCAGGAGCAG	A	0.0008418656396915023	3.0747572156223866
X:7246262:CT:C	93.2893	1.05928e-06	18.2936	3.3385	X	7246262	CT	C	0.0008423203032504872	3.0745227309677507
X:7258105:CATAG:C	86.8326	1.29372e-06	18.022	3.33838	X	7258105	CATAG	C	0.0008426841980663284	3.0743351498510876
X:44939702:AAG:A	103.049	1.17043e-06	18.2933	3.33837	X	44939702	AAG	A	0.0008427145292151698	3.0743195183564627
X:69728243:C:CAA	20.1038	4.64379e-06	15.2809	3.33836	X	69728243	C	CAA	0.0008427448613765938	3.074303886902622
X:80618788:C:T	12.008	5.15332e-06	14.6614	3.33771	X	80618788	C	T	0.0008447186253342046	3.073287929884253
X:87283704:AT:A	12.8233	3.82623e-06	15.0249	3.33762	X	87283704	AT	A	0.000844992253403784	3.073147272493398
X:114425583:C:CA	32.5423	5.65754e-06	15.5651	3.33744	X	114425583	C	CA	0.0008455397561844184	3.0728659676220076
X:80992088:A:G	109.878	6.98406e-07	18.8738	3.33691	X	80992088	A	G	0.0008471537589482082	3.0720377577892695
X:131951946:A:G	113.608	7.22643e-07	18.8731	3.33658	X	131951946	A	G	0.0008481601470157178	3.07152213783927
X:79483825:C:T	53.7447	2.16781e-06	17.026	3.33622	X	79483825	C	T	0.000849259289431269	3.070959693999676
X:106649298:T:TA	12.8275	3.84033e-06	15.0215	3.33599	X	106649298	T	TA	0.0008499622107560999	3.0706003825503263
X:80993186:AG:A	109.878	7.00072e-07	18.8715	3.33584	X	80993186	AG	A	0.0008504209283635041	3.070366060619113
X:117430983:GTACATT:G	116.082	7.39811e-07	18.8712	3.33571	X	117430983	GTACATT	G	0.000850818669331258	3.070162989034248
X:82528666:T:C	44.648	7.44434e-07	17.9094	3.33559	X	82528666	T	C	0.0008511859679579708	3.06997554445769
X:124900776:TTTC:T	115.367	7.35971e-07	18.8702	3.33527	X	124900776	TTTC	T	0.000852166150011071	3.069475720963278
X:79483839:G:A	53.6694	2.17024e-06	17.0235	3.335	X	79483839	G	A	0.0008529939927288541	3.069054027371629
X:128137817:A:T	13.7192	2.99237e-06	15.3382	3.33491	X	128137817	A	T	0.0008532701059971956	3.0689134694474984
X:117429949:G:A	114.541	7.32165e-07	18.8682	3.33437	X	117429949	G	A	0.0008549285269975319	3.0680701912695403
X:70376524:A:AC	101.367	1.16144e-06	18.2846	3.33431	X	70376524	A	AC	0.000855112980400341	3.067976501034569
X:82535705:ATT:A	92.3479	1.05877e-06	18.284	3.33402	X	82535705	ATT	A	0.0008560050255621712	3.0675236855944443
X:28125008:T:C	12.0121	5.19492e-06	14.6537	3.33381	X	28125008	T	C	0.0008566515279308343	3.067195806167584
X:82158033:AT:A	116.201	7.44278e-07	18.8662	3.33346	X	82158033	AT	A	0.0008577300381874159	3.066649380419481
X:127655874:C:T	23.9628	2.39082e-06	16.1204	3.33322	X	127655874	C	T	0.0008584703156727907	3.0662747173491796
X:74994185:T:C	99.4418	1.14308e-06	18.2814	3.33281	X	74994185	T	C	0.000859736327141568	3.0656347222744125
X:106649553:C:A	12.8275	3.87158e-06	15.0134	3.33204	X	106649553	C	A	0.0008621186386098445	3.064432965557834
X:7213862:A:G	116.201	7.4668e-07	18.863	3.332	X	7213862	A	G	0.000862242562147169	3.064370543243406
X:127403518:TA:T	108.135	6.951e-07	18.8626	3.33184	X	127403518	TA	T	0.0008627384214927971	3.0641208605099957
X:128117952:ATGGCATCT:A	53.3696	2.17324e-06	17.0165	3.33165	X	128117952	ATGGCATCT	A	0.0008633275978996913	3.0638243758223362
X:127951088:C:A	40.3597	2.0013e-06	16.8195	3.33147	X	127951088	C	A	0.0008638861091566815	3.063543509170509
X:55799030:A:T	17.7687	2.14955e-06	15.9277	3.33104	X	55799030	A	T	0.0008652216869421452	3.062872603424736
X:127963984:CAG:C	116.201	7.48338e-07	18.8607	3.331	X	127963984	CAG	C	0.0008653460240216913	3.0628101974208635
X:133521123:AT:A	111.101	7.16099e-07	18.8599	3.33062	X	133521123	AT	A	0.0008665280528791252	3.0622173729230653
X:127950776:G:A	40.3842	2.00762e-06	16.817	3.33028	X	127950776	G	A	0.0008675869264904704	3.0616870009130612
X:7204495:TCCTCCCTCCCTCCTTTCCTCCCTTCCTCCCTC:T	116.321	7.51509e-07	18.8575	3.32956	X	7204495	TCCTCCCTCCCTCCTTTCCTCCCTTCCTCCCTC	T	0.0008698332086456771	3.0605640157828278
X:7233091:CTT:C	112.801	7.28971e-07	18.8573	3.32943	X	7233091	CTT	C	0.0008702393616336865	3.060361277106617
X:41191864:T:C	17.0198	3.55768e-06	15.3808	3.32928	X	41191864	T	C	0.0008707082181901355	3.060127356427382
X:7204519:TCCTC:T	115.962	7.49674e-07	18.8569	3.32926	X	7204519	TCCTC	T	0.0008707707500905773	3.0600961676966407
X:82755006:AAACTGAACAACTG:A	116.321	7.5209e-07	18.8568	3.32921	X	82755006	AAACTGAACAACTG	A	0.0008709270980590261	3.060018196583329
X:55806935:T:C	36.3026	2.70444e-06	16.4125	3.32844	X	55806935	T	C	0.0008733381459702576	3.058817570160336
X:82452582:G:A	15.3939	5.77189e-06	14.7965	3.32842	X	82452582	G	A	0.0008734008529692205	3.058786388279523
X:128126639:TA:T	107.386	6.9644e-07	18.8537	3.32783	X	128126639	TA	T	0.0008752525884972599	3.0578665961659985
X:7240531:G:A	16.7215	3.50702e-06	15.3774	3.32768	X	7240531	G	A	0.000875723948698339	3.05763277334209
X:127404162:TA:T	110.209	7.15623e-07	18.8525	3.32728	X	127404162	TA	T	0.0008769820600716582	3.05700929066084
X:80994559:GACTA:G	116.201	7.54609e-07	18.8524	3.32723	X	80994559	GACTA	G	0.0008771394417638485	3.056931359912505
X:127965002:GT:G	116.082	7.54043e-07	18.8521	3.32711	X	127965002	GT	G	0.0008775172646651329	3.0567443302751984
X:7203884:AAGCAATTCTCCTGTCTC:A	115.723	7.52529e-07	18.851	3.32662	X	7203884	AAGCAATTCTCCTGTCTC	A	0.000879061607970727	3.055980686855551
X:7231362:C:T	116.201	7.56228e-07	18.8502	3.32627	X	7231362	C	T	0.0008801662526037817	3.05543528720335
X:68773982:G:GA	12.2892	2.92294e-06	15.2516	3.32611	X	68773982	G	GA	0.0008806716614985475	3.055185978282442
X:105947911:TACTC:T	99.1577	1.1577e-06	18.2658	3.32558	X	105947911	TACTC	T	0.0008823477508109238	3.0543602170301716
X:119299713:A:T	84.4067	1.29387e-06	17.9935	3.32522	X	119299713	A	T	0.0008834879125778157	3.0537993879078287
X:37426808:T:C	15.3077	5.7783e-06	14.7898	3.32497	X	37426808	T	C	0.0008842804949903096	3.0534099543261553
X:106647827:C:T	12.7881	3.91882e-06	14.9982	3.32464	X	106647827	C	T	0.0008853277130733165	3.052895941014262
X:95393257:TA:T	114.776	7.50264e-07	18.8458	3.32427	X	95393257	TA	T	0.0008865032337597387	3.0523196758538713
X:90296158:C:G	18.3637	2.25421e-06	15.9131	3.32426	X	90296158	C	G	0.0008865350246609759	3.052304101894406
X:81317874:GC:G	116.082	7.59737e-07	18.8446	3.32371	X	81317874	GC	G	0.0008882851526329894	3.05144759690652
X:95393144:C:T	115.962	7.58993e-07	18.8445	3.32369	X	95393144	C	T	0.0008883488539574849	3.0514164535943604
X:63842882:C:T	116.201	7.60575e-07	18.8445	3.32368	X	63842882	C	T	0.0008883807062076966	3.0514008819994314
X:104934243:G:A	29.3524	4.22954e-06	15.7528	3.32359	X	104934243	G	A	0.0008886674241042287	3.0512607394796163
X:34179373:C:T	38.9039	2.35242e-06	16.6212	3.32342	X	34179373	C	T	0.0008892092364050274	3.050996034840678
X:63843095:C:G	116.201	7.62597e-07	18.8419	3.32248	X	63843095	C	G	0.0008922106715054109	3.049532586577257
X:7209608:ATTTTATTTTTAT:A	115.843	7.60386e-07	18.8417	3.32239	X	7209608	ATTTTATTTTTAT	A	0.0008924985350128939	3.049392488085616
X:95393139:T:A	115.723	7.59672e-07	18.8416	3.32235	X	95393139	T	A	0.0008926265019814767	3.0493302231492505
X:7204487:CCCTTCCTTCCTCCCTCCCTCCTTT:C	115.962	7.61397e-07	18.8414	3.32226	X	7204487	CCCTTCCTTCCTCCCTCCCTCCTTT	C	0.0008929144898463933	3.0491901294272408
X:63842712:A:G	115.723	7.59903e-07	18.8413	3.32222	X	63842712	A	G	0.0008930425120958021	3.0491278666107076
X:96319697:T:C	23.2608	2.37561e-06	16.097	3.32211	X	96319697	T	C	0.0008933946610155446	3.048956647228425
X:96319698:A:AC	23.2608	2.37561e-06	16.097	3.32211	X	96319698	A	AC	0.0008933946610155446	3.048956647228425
X:45093399:AAC:A	116.201	7.63911e-07	18.8401	3.3217	X	45093399	AAC	A	0.0008947083503474707	3.0483185093506693
X:100093594:GA:G	116.201	7.651e-07	18.8386	3.321	X	100093594	GA	G	0.0008969553734529343	3.0472291640297824
X:45093377:AAAAAAAAC:A	115.248	7.59206e-07	18.8381	3.32077	X	45093377	AAAAAAAAC	A	0.0008976948219733984	3.046871279879344
X:45093385:C:A	115.962	7.64543e-07	18.8372	3.3204	X	45093385	C	A	0.0008988855552772652	3.04629559845083
X:45093381:AAAAC:A	115.012	7.59921e-07	18.8351	3.31942	X	45093381	AAAAC	A	0.000902046466716059	3.0447710902644887
X:77039774:C:A	12.1687	2.9362e-06	15.2373	3.31932	X	77039774	C	A	0.0009023695872804841	3.044615550216717
X:37374529:A:C	15.3651	5.872e-06	14.7774	3.31863	X	37374529	A	C	0.0009046020446056477	3.0435424349850293
X:43478653:C:CT	11.9525	5.33633e-06	14.6219	3.31767	X	43478653	C	CT	0.0009077165881443063	3.042049727930479
X:99352053:C:T	12.6881	3.94846e-06	14.9828	3.31716	X	99352053	C	T	0.0009093752287263648	3.0412568801000903
X:10788182:G:A	90.5899	1.41321e-06	17.976	3.31711	X	10788182	G	A	0.0009095379916406993	3.0411791556270904
X:79141693:CATAT:C	47.1768	2.29571e-06	16.8384	3.31673	X	79141693	CATAT	C	0.0009107758723562224	3.0405884829332095
X:77042801:A:G	12.4034	3.01189e-06	15.2309	3.31632	X	77042801	A	G	0.0009121132314439641	3.0399512441948535
X:93056836:T:TAA	15.0254	3.95194e-06	15.151	3.31625	X	93056836	T	TAA	0.0009123417428371391	3.039842454184658
X:66969547:TCTC:T	114.19	7.60001e-07	18.8278	3.31614	X	66969547	TCTC	T	0.0009127009393607224	3.0396715024895036
X:64669763:G:A	16.3612	2.91449e-06	15.5407	3.31529	X	64669763	G	A	0.0009154809710233898	3.038350678413542
X:102743889:T:C	13.5937	3.09599e-06	15.295	3.3144	X	102743889	T	C	0.0009184002356744047	3.036968013500021
X:7204495:TCCTCCCTCCCTCCTTTCCTCCCTTCCTC:T	113.608	7.59542e-07	18.8233	3.3141	X	7204495	TCCTCCCTCCCTCCTTTCCTCCCTTCCTC	T	0.0009193861997379069	3.0365020194269716
X:45093382:AAAC:A	114.776	7.67905e-07	18.8226	3.31378	X	45093382	AAAC	A	0.0009204389757789266	3.036004999513035
X:140293541:TC:T	115.962	7.76523e-07	18.8217	3.31338	X	140293541	TC	T	0.0009217565166897315	3.03538378330971
X:139853408:GAGAGGAAGAGAC:G	79.6458	1.63277e-06	17.7028	3.31317	X	139853408	GAGAGGAAGAGAC	G	0.0009224489250257744	3.03505767090716
X:85644180:CA:C	22.3544	3.23362e-06	15.7489	3.31309	X	85644180	CA	C	0.000922712826377399	3.034933442338611
X:101804608:A:T	73.6776	1.36966e-06	17.8006	3.31284	X	101804608	A	T	0.0009235379690637772	3.034545244873541
X:37429469:C:A	15.3134	5.91891e-06	14.7661	3.31282	X	37429469	C	A	0.0009236040100066061	3.0345141901767314
X:10786028:G:A	71.4305	1.32847e-06	17.8002	3.31264	X	10786028	G	A	0.0009241985754338094	3.03423470524137
X:45093633:ACTTATAGT:A	115.604	7.75499e-07	18.8199	3.31258	X	45093633	ACTTATAGT	A	0.0009243968427067942	3.0341415465306163
X:63842241:T:A	109.438	7.34443e-07	18.8195	3.31239	X	63842241	T	A	0.0009250249491049186	3.0338465536258616
X:80156146:A:T	14.5363	3.85551e-06	15.1427	3.31218	X	80156146	A	T	0.0009257196320273646	3.033520525953394
X:78691726:T:C	21.5575	3.38688e-06	15.6663	3.31183	X	78691726	T	C	0.0009268785111828274	3.0329771864386674
X:28910594:AC:A	115.723	7.79662e-07	18.8156	3.31063	X	28910594	AC	A	0.0009308620239089262	3.031114687112886
X:28910773:TA:T	115.248	7.777e-07	18.814	3.30991	X	28910773	TA	T	0.0009332597392386232	3.029997469201795
X:43456944:GAGGAAGGAAGGAAGGA:G	80.0555	1.65292e-06	17.6957	3.30982	X	43456944	GAGGAAGGAAGGAAGGA	G	0.0009335598556510802	3.0298578318170812
X:83360849:A:G	19.2363	2.46636e-06	15.8696	3.30977	X	83360849	A	G	0.0009337266256250905	3.0297802569185546
X:106643215:C:T	69.84	1.30718e-06	17.7938	3.30976	X	106643215	C	T	0.0009337599829318572	3.029764742061104
X:93056833:AT:A	73.136	1.37238e-06	17.7913	3.3086	X	93056833	AT	A	0.0009376369313466507	3.0279652951355147
X:7237213:C:CAA	17.9346	2.27774e-06	15.8791	3.30844	X	7237213	C	CAA	0.0009381728516471847	3.027717138592453
X:28910582:TA:T	115.367	7.82029e-07	18.8095	3.30787	X	28910582	TA	T	0.000940084374808268	3.026833165688416
X:28125600:T:A	11.9724	5.45353e-06	14.6018	3.3075	X	28125600	T	A	0.0009413271186120453	3.026259429579349
X:127952639:C:A	39.3724	2.05707e-06	16.7673	3.30711	X	127952639	C	A	0.0009426386851692442	3.0256547410979358
X:117255536:AC:A	113.957	7.74722e-07	18.8066	3.30655	X	117255536	AC	A	0.0009445249210325214	3.02478657884948
X:55801500:C:A	13.7924	3.67826e-06	15.1372	3.30653	X	55801500	C	A	0.0009445923512207534	3.0247555754182955
X:64545230:T:C	13.2275	3.0644e-06	15.278	3.3063	X	64545230	T	C	0.0009453681189683436	3.0243990476747236
X:82756794:GA:G	108.893	7.40985e-07	18.8056	3.30613	X	82756794	GA	G	0.0009459418918045398	3.0241355410228774
X:81322137:G:A	24.4066	2.57948e-06	16.0628	3.30581	X	81322137	G	A	0.0009470228100044796	3.023639560447861
X:23612838:T:C	14.3484	3.8357e-06	15.1348	3.30536	X	23612838	T	C	0.0009485447871112256	3.022942158358811
X:81322210:G:A	24.3951	2.58185e-06	16.0614	3.30515	X	81322210	G	A	0.0009492558182096072	3.0226167322881565
X:97233993:T:C	19.713	4.86987e-06	15.2137	3.30485	X	97233993	T	C	0.0009502724333908025	3.0221518690725717
X:128129789:G:A	14.5151	3.91007e-06	15.1271	3.30464	X	128129789	G	A	0.0009509846639782609	3.0218264866412605
X:74281656:CCATCCCACTAA:C	116.201	7.93623e-07	18.802	3.30448	X	74281656	CCATCCCACTAA	C	0.000951527647707739	3.0215785882782065
X:128138781:T:A	13.7046	3.19055e-06	15.273	3.30397	X	128138781	T	A	0.0009532603254768394	3.0207884818598747
X:44948847:C:T	115.723	7.91533e-07	18.8005	3.30381	X	44948847	C	T	0.0009538045126119691	3.0205406271759605
X:74281922:AT:A	113.957	7.80152e-07	18.7996	3.3034	X	74281922	AT	A	0.0009552003058435812	3.0199055471588454
X:78675956:T:C	13.3526	3.11382e-06	15.2714	3.30318	X	78675956	T	C	0.0009559500477935587	3.0195648007515197
X:79004802:TTGG:T	39.3252	2.48707e-06	16.5763	3.30215	X	79004802	TTGG	T	0.0009594674584692438	3.017969750315586
X:85642727:C:T	22.3645	3.31345e-06	15.725	3.30157	X	85642727	C	T	0.000961453408014106	3.017071756805274
X:127965915:TTAAC:T	115.962	7.97197e-07	18.7954	3.30152	X	127965915	TTAAC	T	0.0009616247886869515	3.0169943499885923
X:44941544:G:A	12.7054	4.08948e-06	14.9491	3.30074	X	44941544	G	A	0.0009643019932575929	3.01578693553051
X:81011172:TTTC:T	39.5623	2.09631e-06	16.7532	3.30055	X	81011172	TTTC	T	0.0009649551775445799	3.0154928592957426
X:82599652:CA:C	92.4329	1.13948e-06	18.2114	3.30034	X	82599652	CA	C	0.0009656775947914491	3.01516784477917
X:114425522:G:T	19.6799	4.90666e-06	15.2045	3.30025	X	114425522	G	T	0.0009659873554891536	3.015028558343541
X:80180972:T:G	13.1956	3.09751e-06	15.2648	3.30006	X	80180972	T	G	0.0009666415969577588	3.0147345200387323
X:82159281:A:G	104.567	7.21741e-07	18.7914	3.29971	X	82159281	A	G	0.0009678478529552869	3.0141929090297817
X:127912700:T:C	12.5807	3.1661e-06	15.1952	3.29944	X	127912700	T	C	0.0009687793456290827	3.013775128922536
X:10789015:G:A	90.015	1.45908e-06	17.9377	3.29938	X	10789015	G	A	0.0009689864567190838	3.013682292931972
X:34180888:AT:A	40.7551	2.16773e-06	16.7494	3.29877	X	34180888	AT	A	0.0009710944149795644	3.0127385436128398
X:87021825:AAC:A	116.082	8.03325e-07	18.7888	3.29853	X	87021825	AAC	A	0.0009719249390918978	3.0123672739594674
X:63973451:C:CT	15.7345	6.25362e-06	14.7382	3.29852	X	63973451	C	CT	0.0009719595585338894	3.0123518048998155
X:28911419:A:G	112.801	7.80854e-07	18.7885	3.29839	X	28911419	A	G	0.0009724097152095208	3.012150710831573
X:79783968:T:C	12.8231	4.1483e-06	14.9441	3.29828	X	79783968	T	C	0.0009727907678048165	3.0119805596898126
X:105645796:GT:G	110.654	7.66514e-07	18.7878	3.29808	X	105645796	GT	G	0.0009734839449956589	3.011671206606496
X:55802248:A:T	13.7973	3.74649e-06	15.1192	3.29777	X	55802248	A	T	0.000974559273641125	3.011191741531056
X:102765620:C:T	12.2832	3.105e-06	15.1907	3.29734	X	102765620	C	T	0.0009760526796796703	3.0105267418857906
X:117430681:C:A	29.7831	4.44098e-06	15.7186	3.29691	X	117430681	C	A	0.0009775482046550123	3.009861817564327
X:79422143:A:G	28.3023	4.30463e-06	15.6988	3.29683	X	79422143	A	G	0.0009778266758612248	3.0097381190242163
X:117255327:AT:A	111.438	7.7413e-07	18.785	3.29681	X	117255327	AT	A	0.0009778963051395079	3.009707194796558
X:83344182:T:TA	32.1026	6.04205e-06	15.4857	3.29642	X	83344182	T	TA	0.0009792549940792652	3.0091042049263446
X:44948000:GC:G	116.321	8.09672e-07	18.783	3.29591	X	44948000	GC	G	0.0009810343787721159	3.008315773201689
X:64669549:T:C	16.3676	3.03991e-06	15.499	3.29565	X	64669549	T	C	0.000981942667836634	3.0079138683933504
X:104196829:C:CA	11.8778	5.53925e-06	14.5783	3.29557	X	104196829	C	CA	0.000982222298011919	3.0077902109154584
X:146669581:T:A	13.5651	3.2202e-06	15.2536	3.29473	X	146669581	T	A	0.0009851628698575937	3.006491964798661
X:127965768:AG:A	114.658	8.011e-07	18.7792	3.29421	X	127965768	AG	A	0.0009869873065532905	3.0056884326690776
X:7214204:G:C	16.3044	3.03761e-06	15.4959	3.29419	X	7214204	G	C	0.0009870575396301272	3.005657529786816
X:7197693:G:A	18.3334	2.40089e-06	15.8484	3.29418	X	7197693	G	A	0.0009870926579037922	3.005642078406787
X:7240073:A:G	18.0075	2.36005e-06	15.8476	3.29382	X	7240073	A	G	0.0009883576865055352	3.005085855854456
X:81321908:G:A	24.4066	2.64685e-06	16.037	3.29354	X	81321908	G	A	0.0009893426352369351	3.0046532748110413
X:7175675:A:G	36.5974	2.35701e-06	16.5581	3.29354	X	7175675	A	G	0.0009893426352369351	3.0046532748110413
X:122703840:C:T	27.6088	2.14803e-06	16.3691	3.29352	X	122703840	C	T	0.0009894130234815713	3.0046223773870824
X:132562384:TTTA:T	80.7454	1.72647e-06	17.6607	3.29344	X	132562384	TTTA	T	0.0009896946228294306	3.004498789320576
X:80994819:TAA:T	115.843	8.11725e-07	18.7763	3.2929	X	80994819	TAA	T	0.0009915973602216885	3.003664638058593
X:96232717:CT:C	98.3126	1.23163e-06	18.1953	3.29287	X	96232717	CT	C	0.0009917031670965114	3.003618299804462
X:44947854:CTCT:C	115.723	8.1184e-07	18.7752	3.29237	X	44947854	CTCT	C	0.0009934681546104277	3.002846049539195
X:133530795:A:G	21.1052	3.45473e-06	15.6253	3.29212	X	133530795	A	G	0.0009943517385540273	3.002459962592791
X:101805604:A:G	71.4884	1.39216e-06	17.7542	3.29177	X	101805604	A	G	0.000995589978422768	3.00191948363596
X:84740995:GT:G	115.962	8.14984e-07	18.7734	3.29156	X	84740995	GT	G	0.0009963336074112173	3.001595220211834
X:7234072:G:A	16.2793	3.05422e-06	15.4889	3.29089	X	7234072	G	A	0.0009987095768604014	3.0005607855520426
X:55713308:GT:G	115.723	8.14882e-07	18.7714	3.29068	X	55713308	GT	G	0.0009994553627270708	3.0002365973980027
X:90574935:C:T	13.0998	4.30501e-06	14.9283	3.29063	X	90574935	C	T	0.0009996330067662703	3.0001594123897286
X:55712690:CGTTAAATCTT:C	116.201	8.19274e-07	18.7702	3.29012	X	55712690	CGTTAAATCTT	C	0.001001446646373995	2.9993721834673526
X:99809439:C:T	20.4185	5.1989e-06	15.1835	3.28977	X	99809439	C	T	0.0010026930630812685	2.998831989622225
X:78697849:T:A	114.658	8.09238e-07	18.7691	3.28965	X	78697849	T	A	0.0010031207364439724	2.9986467917894672
X:139841655:C:T	12.2956	3.1592e-06	15.1744	3.28964	X	139841655	C	T	0.0010031563835122177	2.9986313589014753
X:78693949:A:G	21.4241	3.52547e-06	15.62	3.28959	X	78693949	A	G	0.0010033346364443456	2.9985541950724426
X:80992980:CTTAT:C	107.279	7.57969e-07	18.7681	3.28916	X	80992980	CTTAT	C	0.0010048688225044243	2.9978906281746176
X:81963867:C:T	115.012	8.12886e-07	18.7677	3.28901	X	81963867	C	T	0.001005404514392991	2.9976591690666035
X:70359527:T:A	30.6732	4.6475e-06	15.7026	3.28898	X	70359527	T	A	0.0010055116844888685	2.997612878344658
X:132752471:C:CA	15.4694	6.26359e-06	14.7196	3.28898	X	132752471	C	CA	0.0010055116844888685	2.997612878344658
X:73272895:C:CA	16.7084	3.80006e-06	15.2964	3.28883	X	73272895	C	CA	0.0010060476936111595	2.997381430233203
X:82600803:GTTT:G	116.201	8.21648e-07	18.7673	3.28881	X	82600803	GTTT	G	0.0010061191814753605	2.9973505711773836
X:107781698:A:C	109.438	7.74963e-07	18.7658	3.28815	X	107781698	A	C	0.0010084809206954955	2.996332313727909
X:85675717:A:C	34.9402	2.83309e-06	16.3278	3.28808	X	85675717	A	C	0.0010087317089671121	2.996224327131505
X:80995561:AC:A	116.082	8.22162e-07	18.7656	3.28806	X	80995561	AC	A	0.0010088033733618468	2.9961934741847904
X:122705224:A:G	27.6505	2.17855e-06	16.3565	3.28771	X	122705224	A	G	0.001010058263419523	2.995653573987864
X:19289942:C:T	13.6472	3.28805e-06	15.2388	3.2877	X	19289942	C	T	0.0010100941386441643	2.995638149001032
X:140302250:G:C	12.1048	3.12541e-06	15.1695	3.28734	X	140302250	G	C	0.0010113864325445455	2.995082876598826
X:83359094:G:A	19.1558	2.58193e-06	15.8196	3.28678	X	83359094	G	A	0.0010133997097350937	2.9942192244389387
X:90285273:C:T	12.925	4.282e-06	14.9203	3.2867	X	90285273	C	T	0.001013687623396907	2.9940958559847166
X:82157372:GTTAAA:G	114.19	8.11303e-07	18.7625	3.28665	X	82157372	GTTAAA	G	0.0010138676078823125	2.994018752024401
X:45094097:T:A	11.9802	5.68628e-06	14.5607	3.28664	X	45094097	T	A	0.0010139036083288207	2.994003331354514
X:16510989:TATACTC:T	116.201	8.25697e-07	18.7624	3.28659	X	16510989	TATACTC	T	0.0010140836283104293	2.993926228615958
X:81316848:CA:C	116.201	8.26124e-07	18.7618	3.28636	X	81316848	CA	C	0.0010149121013491448	2.9935715691321003
X:19290086:A:G	13.6424	3.29677e-06	15.2358	3.28627	X	19290086	A	G	0.0010152364569541907	2.99343279519847
X:109209989:C:T	12.5467	3.24707e-06	15.1672	3.28623	X	109209989	C	T	0.0010153806457971473	2.993371118953482
X:16510984:CTTA:C	116.082	8.25935e-07	18.761	3.286	X	16510984	CTTA	C	0.0010162100995543208	2.9930164931898293
X:122705620:C:G	27.6088	2.18393e-06	16.3525	3.28587	X	122705620	C	G	0.0010166791986190515	2.9928160620703608
X:87171885:C:T	17.4927	4.00549e-06	15.2896	3.28558	X	87171885	C	T	0.001017726372733884	2.9923689712972794
X:7197052:A:T	18.3334	2.44668e-06	15.8295	3.2854	X	7197052	A	T	0.0010183768449076797	2.9920914839058015
X:78675950:C:T	13.2968	3.2204e-06	15.2335	3.28522	X	78675950	C	T	0.0010190277018662717	2.9918140097088504
X:89951081:A:T	14.026	3.9092e-06	15.0931	3.28511	X	89951081	A	T	0.0010194256372972723	2.9916444486394727
X:23614834:G:A	14.3536	4.00217e-06	15.0927	3.28491	X	23614834	G	A	0.0010201495247723579	2.991336168410339
X:7248171:C:A	16.7805	3.85052e-06	15.2875	3.28457	X	7248171	C	A	0.0010213812254489944	2.99081212940474
X:16511527:CAG:C	116.201	8.29578e-07	18.7577	3.28448	X	16511527	CAG	C	0.0010217074941774329	2.9906734210772727
X:7197871:G:A	18.3409	2.45375e-06	15.827	3.28425	X	7197871	G	A	0.0010225417303394973	2.990318959226383
X:46999436:T:TATATATATATATATAACATATATATACATATATAAC	15.8187	6.46746e-06	14.7099	3.284	X	46999436	T	TATATATATATATATAACATATATATACATATATAAC	0.0010234492238016498	2.989933699039358
X:28122209:G:A	26.9143	2.13822e-06	16.3482	3.28387	X	28122209	G	A	0.0010239214149323614	2.98973337380051
X:44947351:GT:G	116.082	8.3043e-07	18.7556	3.28355	X	44947351	GT	G	0.0010250845907090226	2.9892402948401156
X:16511666:AAAC:A	116.082	8.31165e-07	18.7547	3.28315	X	16511666	AAAC	A	0.0010265402801753623	2.98862400477885
X:7220025:A:G	18.0441	2.4204e-06	15.8244	3.28303	X	7220025	A	G	0.001026977359937694	2.9884391304655344
X:15022294:ATATATATT:A	105.08	7.52659e-07	18.7544	3.28299	X	15022294	ATATATATT	A	0.0010271230914615282	2.988377506997506
X:64670206:A:C	16.2042	3.09817e-06	15.47	3.282	X	64670206	A	C	0.0010307360510864178	2.9868525337783023
X:23955995:A:G	73.136	1.4572e-06	17.7313	3.2814	X	23955995	A	G	0.0010329314439334735	2.985928501819597
X:140294447:CTT:C	28.1731	4.42215e-06	15.6673	3.28122	X	140294447	CTT	C	0.0010335909051297717	2.9856513208169977
X:44946778:AC:A	116.201	8.35783e-07	18.7502	3.28111	X	44946778	AC	A	0.0010339941009775105	2.9854819389212097
X:44948053:TC:T	113.608	8.17937e-07	18.7492	3.28067	X	44948053	TC	T	0.0010356083403306928	2.984804460607761
X:83351802:A:G	20.0779	5.21095e-06	15.1644	3.28022	X	83351802	A	G	0.0010372616788908808	2.9841116665984737
X:7211574:G:A	17.9783	2.4262e-06	15.8184	3.28021	X	7211574	G	A	0.0010372984474752997	2.984096272112559
X:16511904:CAACTT:C	115.843	8.35631e-07	18.7473	3.2798	X	16511904	CAACTT	C	0.001038806998306231	2.9834651332480284
X:79960180:G:A	13.1771	3.22816e-06	15.2221	3.27978	X	79960180	G	A	0.0010388806380574474	2.9834343477371985
X:7188165:G:A	17.7544	2.39827e-06	15.8174	3.27977	X	7188165	G	A	0.0010389174597445138	2.9834189550428594
X:28123101:C:T	26.901	2.15693e-06	16.339	3.27962	X	28123101	C	T	0.0010394699299930109	2.9831880695138437
X:87170781:T:C	17.3813	4.03145e-06	15.2768	3.27943	X	87170781	T	C	0.0010401701159134182	2.9828956276620646
X:114428793:T:A	33.338	6.48676e-06	15.4524	3.27923	X	114428793	T	A	0.0010409076252033789	2.9825878100134853
X:16512006:AC:A	116.201	8.40208e-07	18.7449	3.27873	X	16512006	AC	A	0.0010427535159069435	2.9818183371460867
X:16512477:AC:A	116.201	8.40275e-07	18.7449	3.27869	X	16512477	AC	A	0.0010429013179378082	2.981756783714057
X:7214261:G:A	17.9856	2.43523e-06	15.815	3.27868	X	7214261	G	A	0.001042938271474366	2.9817413954578393
X:128145348:T:C	12.2832	3.23017e-06	15.1512	3.27867	X	128145348	T	C	0.0010429752262225299	2.9817260072423384
X:82601132:GTTT:G	113.261	8.19463e-07	18.7443	3.27844	X	82601132	GTTT	G	0.0010438255199170235	2.9813720895234233
X:67618909:T:C	36.9172	2.45484e-06	16.5261	3.27839	X	67618909	T	C	0.00104401045123032	2.981295153738988
X:44946968:TTCTG:T	115.604	8.37149e-07	18.7434	3.27805	X	44946968	TTCTG	T	0.0010452687883810402	2.9807720173992887
X:78697405:G:A	112.003	8.11984e-07	18.7423	3.27754	X	78697405	G	A	0.0010471589256351552	2.979987401140118
X:15032140:AAAT:A	116.082	8.41748e-07	18.7421	3.27744	X	15032140	AAAT	A	0.0010475299114275115	2.979833567232839
X:87170236:A:G	17.3605	4.04695e-06	15.2717	3.27701	X	87170236	A	G	0.001049126536514351	2.9791721278257315
X:15001946:T:A	17.2232	4.01561e-06	15.2716	3.27693	X	15001946	T	A	0.001049423831354204	2.9790490776370993
X:85677184:C:A	34.9007	2.89867e-06	16.3038	3.27664	X	85677184	C	A	0.0010505021787027935	2.978603042546349
X:114880089:A:G	54.8161	2.50472e-06	16.9013	3.27623	X	114880089	A	G	0.001052028488188301	2.9779724996352637
X:89952288:G:GGT	11.8704	5.75412e-06	14.5396	3.27596	X	89952288	G	GGT	0.0010530347390553397	2.9775573014344734
X:100055245:G:A	12.3329	3.26208e-06	15.1454	3.27594	X	100055245	G	A	0.0010531093115696776	2.9775265471928702
X:81317916:CT:C	112.572	8.19537e-07	18.7381	3.27565	X	81317916	CT	C	0.0010541911622455858	2.9770806289900267
X:5128242:C:CGT	13.475	3.33208e-06	15.2127	3.27536	X	5128242	C	CGT	0.0010552740411013714	2.97663474502645
X:87285988:G:A	116.082	8.46172e-07	18.7368	3.27507	X	87285988	G	A	0.00105635794902305	2.976188895301857
X:147831402:C:T	16.0498	3.11486e-06	15.455	3.27496	X	147831402	C	T	0.0010567693558913064	2.9760197888457123
X:136100442:TTAATAATAA:T	30.2885	4.721e-06	15.6743	3.27495	X	136100442	TTAATAATAA	T	0.0010568067638654236	2.9760044157757877
X:81485845:G:C	27.3468	2.21665e-06	16.3281	3.2746	X	81485845	G	C	0.0010581168150401938	2.975466383976761
X:87282799:T:C	51.4461	2.35928e-06	16.8977	3.27449	X	87282799	T	C	0.0010585288556114881	2.97529729856849
X:87170423:T:C	17.3398	4.06519e-06	15.2661	3.27428	X	87170423	T	C	0.001059315890761574	2.974974512831654
X:36261124:C:CTT	13.8565	3.95394e-06	15.0696	3.27367	X	36261124	C	CTT	0.0010616051118070655	2.9740369989376525
X:82535716:TTTTG:T	115.604	8.45349e-07	18.7337	3.27365	X	82535716	TTTTG	T	0.0010616802456655328	2.9740062633419537
X:55804035:A:G	13.7924	3.93745e-06	15.0691	3.27345	X	55804035	A	G	0.0010624318548653902	2.9736989163412115
X:106606496:CAAAAATT:C	116.201	8.52991e-07	18.7298	3.27191	X	106606496	CAAAAATT	C	0.0010682357548986966	2.9713328898612357
X:44946523:AT:A	115.723	8.49603e-07	18.7297	3.27185	X	44946523	AT	A	0.0010684624733903047	2.9712407265515868
X:64358523:TATTTTAC:T	116.201	8.53586e-07	18.7291	3.2716	X	64358523	TATTTTAC	T	0.0010694076129810519	2.970856728535759
X:110522908:T:TAA	17.4096	4.10736e-06	15.2598	3.27126	X	110522908	T	TAA	0.0010706942440003896	2.9703345320641823
X:44946440:TC:T	115.723	8.51809e-07	18.7271	3.27068	X	44946440	TC	T	0.0010728923905248657	2.969443834925808
X:33847431:C:T	42.5021	2.40148e-06	16.689	3.2706	X	33847431	C	T	0.0010731959105408347	2.9693209908947438
X:80993461:GTATCTATC:G	109.878	8.09316e-07	18.7264	3.27038	X	80993461	GTATCTATC	G	0.0010740310001806778	2.9689831832425084
X:81320521:GTTGT:G	24.5224	2.79412e-06	15.9876	3.27001	X	81320521	GTTGT	G	0.0010754368247873382	2.9684150966220346
X:64311767:C:CT	15.3996	6.47311e-06	14.6822	3.26977	X	64311767	C	CT	0.0010763496209246902	2.9680466378001817
X:80625251:CT:C	115.962	8.55705e-07	18.7246	3.26955	X	80625251	CT	C	0.0010771869802120003	2.9677089044772518
X:5132515:C:A	33.4303	6.62796e-06	15.4337	3.26953	X	5132515	C	A	0.0010772631336551943	2.9676782024248274
X:64800486:A:T	14.854	4.30428e-06	15.0542	3.26921	X	64800486	A	T	0.0010784822662110226	2.9671869917297404
X:109206561:C:T	12.1526	3.26087e-06	15.1311	3.26916	X	109206561	C	T	0.0010786728709111704	2.9671102438238623
X:44945694:GTATT:G	116.201	8.5825e-07	18.7237	3.26914	X	44945694	GTATT	G	0.0010787491215153247	2.9670795449464467
X:102161616:T:A	16.0801	3.16516e-06	15.4409	3.26832	X	102161616	T	A	0.0010818796923164225	2.965821031159308
X:69675151:T:TA	49.2256	2.65319e-06	16.7362	3.268	X	69675151	T	TA	0.0010831036563406116	2.965329978072258
X:83372124:G:A	18.1619	2.51733e-06	15.7916	3.2678	X	83372124	G	A	0.00108386928410474	2.9650230910587814
X:7258105:C:CATAG	14.3525	4.14773e-06	15.0569	3.26752	X	7258105	C	CATAG	0.0010849420039602947	2.964593476592599
X:102161373:T:A	16.074	3.17044e-06	15.4388	3.26735	X	102161373	T	A	0.0010855937771516771	2.9643326548070834
X:7196512:TA:T	18.2064	2.52717e-06	15.7902	3.26712	X	7196512	TA	T	0.0010864761643711177	2.963979796997065
X:7234513:G:A	12.2053	3.29095e-06	15.1262	3.26687	X	7234513	G	A	0.0010874360332631908	2.9635962803207963
X:102004034:T:TGAG	30.3667	4.81201e-06	15.6577	3.26677	X	102004034	T	TGAG	0.0010878202003808508	2.9634428807732096
X:44947391:AT:A	111.889	8.30864e-07	18.7183	3.26671	X	44947391	AT	A	0.0010880507608982191	2.963350842998365
X:81775422:GA:G	29.3371	4.74961e-06	15.6363	3.26589	X	81775422	GA	G	0.0010912062875669034	2.9620931402611452
X:101996256:A:C	16.3612	3.24071e-06	15.4346	3.26537	X	101996256	A	C	0.0010932117364536513	2.96129571447508
X:16513095:CATT:C	116.201	8.6619e-07	18.7145	3.26498	X	16513095	CATT	C	0.0010947180594168707	2.960697717358825
X:76979909:G:C	12.1809	3.29783e-06	15.1221	3.26494	X	76979909	G	C	0.0010948726625621067	2.960636387821484
X:87174903:G:A	12.4202	3.36268e-06	15.1221	3.26493	X	87174903	G	A	0.0010949113165033427	2.960621055538898
X:82599826:GT:G	115.012	8.57685e-07	18.7141	3.26479	X	82599826	GT	G	0.0010954526042123072	2.960406407856212
X:44911086:G:GC	15.5335	6.59411e-06	14.6723	3.26471	X	44911086	G	GC	0.0010957620225739485	2.9602837556191277
X:7233548:A:G	12.2013	3.30588e-06	15.1213	3.26457	X	7233548	A	G	0.0010963036991997552	2.960069120472001
X:64356690:AT:A	116.201	8.6724e-07	18.7133	3.26443	X	64356690	AT	A	0.0010968456234499242	2.9598544933020063
X:102738275:T:C	36.9172	2.53101e-06	16.4956	3.26391	X	102738275	T	C	0.0010988606546380524	2.9590573765106805
X:62921600:TTGTGTGTG:T	61.1866	2.13143e-06	17.1726	3.26318	X	62921600	TTGTGTGTG	T	0.001101695225097481	2.9579385328573142
X:57498676:CAT:C	12.4663	3.39535e-06	15.1161	3.26211	X	57498676	CAT	C	0.0011058622271162186	2.9562989758615292
X:82156929:C:T	114.894	8.62219e-07	18.7078	3.26195	X	82156929	C	T	0.001106486581351099	2.956053848506275
X:132562384:TTTATTA:T	94.0703	1.26123e-06	18.1275	3.26137	X	132562384	TTTATTA	T	0.0011087525989026724	2.955165349178015
X:117428943:C:T	48.7337	2.66404e-06	16.722	3.26126	X	117428943	C	T	0.0011091828446420486	2.954996856128895
X:97479943:GA:G	114.894	8.6354e-07	18.7062	3.26126	X	97479943	GA	G	0.0011091828446420486	2.954996856128895
X:44944449:CA:C	116.082	8.72625e-07	18.7061	3.26117	X	44944449	CA	C	0.0011095349787043174	2.9548590018422356
X:55699606:T:C	12.1161	3.3147e-06	15.1117	3.26001	X	55699606	T	C	0.001114082857372212	2.9530825082992997
X:109213471:T:G	12.5467	3.4336e-06	15.1114	3.25986	X	109213471	T	G	0.0011146722020048327	2.95285282928924
X:81320011:T:C	24.4067	2.84172e-06	15.966	3.25973	X	81320011	T	C	0.0011151832005088104	2.952653781553523
X:90687357:C:T	70.9134	1.4822e-06	17.6834	3.25969	X	90687357	C	T	0.001115340474388007	2.952592537479977
X:7250498:T:C	17.2984	4.18168e-06	15.2354	3.25959	X	7250498	T	C	0.001115733748813365	2.9524394301446857
X:3983713:CT:C	116.201	8.76736e-07	18.7024	3.25952	X	3983713	CT	C	0.0011160091171951408	2.952332257431266
X:7210310:C:T	17.6405	2.49045e-06	15.7732	3.25925	X	7210310	C	T	0.0011170718411136788	2.9519188956436127
X:117256604:CA:C	115.723	8.74188e-07	18.7012	3.25897	X	117256604	CA	C	0.0011181749134128829	2.9514902554940603
X:55739864:G:A	23.5202	2.74356e-06	15.9641	3.25885	X	55739864	G	A	0.00111864796690859	2.951306562339183
X:127911533:T:C	17.2709	4.18346e-06	15.2334	3.25863	X	127911533	T	C	0.0011195157122605413	2.9509698067743964
X:82600612:CT:C	110.877	8.3869e-07	18.6998	3.25837	X	82600612	CT	C	0.0011205420318412904	2.9505718483173426
X:93056532:CAA:C	79.4422	1.83062e-06	17.5859	3.25834	X	93056532	CAA	C	0.0011206605092922667	2.9505259318039596
X:82539889:G:A	30.0807	4.85255e-06	15.6399	3.25793	X	82539889	G	A	0.0011222808623061176	2.94989844282544
X:45087849:C:T	47.27	2.60257e-06	16.7149	3.25785	X	45087849	C	T	0.0011225972811962786	2.949776013927217
X:117409206:G:A	12.8716	4.52678e-06	14.8605	3.25763	X	117409206	G	A	0.0011234678584818875	2.9494393478853778
X:7247150:T:C	17.2846	4.19692e-06	15.231	3.25747	X	7247150	T	C	0.0011241013976022326	2.949194512225184
X:83352887:CT:C	52.5582	2.49843e-06	16.8618	3.25721	X	83352887	CT	C	0.001125131603175104	2.94879667649482
X:7236812:G:A	18.0002	2.55321e-06	15.7685	3.25706	X	7236812	G	A	0.0011257263495329543	2.948567168393656
X:9273697:GAAGGAAGGAGGAAGAAGGAAA:G	91.1707	1.61951e-06	17.8461	3.25702	X	9273697	GAAGGAAGGAGGAAGAAGGAAA	G	0.0011258849976422184	2.9485059677796
X:90294219:A:G	112.801	8.57515e-07	18.6949	3.25612	X	90294219	A	G	0.0011294600493952246	2.9471291260840804
X:90294117:A:G	112.801	8.57678e-07	18.6947	3.25603	X	90294117	A	G	0.0011298181311755928	2.946991460041958
X:90688187:T:A	70.9134	1.49453e-06	17.6752	3.25593	X	90688187	T	A	0.0011302161229095535	2.94683850163845
X:80996589:GA:G	115.723	8.80299e-07	18.6942	3.25583	X	80996589	GA	G	0.0011306142442479338	2.9466855473038964
X:104939050:CTTTTTTTTTTT:C	115.962	8.83422e-07	18.6927	3.25516	X	104939050	CTTTTTTTTTTT	C	0.0011332850032214315	2.945660858220168
X:140293444:GT:G	115.367	8.79155e-07	18.6924	3.25502	X	140293444	GT	G	0.0011338438084045235	2.9454467671538413
X:21415833:TACACAC:T	91.1703	1.62696e-06	17.8415	3.25489	X	21415833	TACACAC	T	0.001134362926996268	2.9452479754473657
X:33847877:A:G	38.3527	2.6804e-06	16.4764	3.25482	X	33847877	A	G	0.0011346425433881513	2.9451409366074475
X:7214917:A:G	17.6831	2.52459e-06	15.762	3.25404	X	7214917	A	G	0.0011377625823756267	2.943948352986071
X:110520697:C:CT	17.5494	2.50636e-06	15.7617	3.25388	X	110520697	C	CT	0.0011384035698468113	2.9437037510453985
X:7252884:C:G	17.2915	4.23065e-06	15.2234	3.25382	X	7252884	C	G	0.0011386440261974254	2.9436120280029994
X:117256949:CG:C	116.082	8.86968e-07	18.6898	3.25381	X	117256949	CG	C	0.0011386841068200912	2.943596740971671
X:55700714:T:G	26.8609	2.28154e-06	16.2813	3.253	X	55700714	T	G	0.001141934971804666	2.942358626554705
X:95392927:TA:T	115.248	8.82315e-07	18.6878	3.25294	X	95392927	TA	T	0.0011421761175684291	2.9422669249948177
X:82605222:T:G	43.693	8.83935e-07	17.7161	3.25268	X	82605222	T	G	0.0011432216265779796	2.941869568493993
X:110519705:CTT:C	116.082	8.89858e-07	18.6865	3.25235	X	110519705	CTT	C	0.0011445498927114264	2.9413652710043103
X:19832670:A:C	39.6098	2.32798e-06	16.6496	3.25224	X	19832670	A	C	0.001144992964989848	2.9411971816869533
X:31147550:AAAAG:A	19.2245	2.79337e-06	15.7444	3.25222	X	31147550	AAAAG	A	0.0011450735406171996	2.9411666205217966
X:16515146:C:T	116.082	8.90649e-07	18.6856	3.25194	X	16515146	C	T	0.0011462021498627893	2.940738781297332
X:154681435:GT:G	27.8602	4.65018e-06	15.6058	3.25079	X	154681435	GT	G	0.0011508483012327455	2.938981919010907
X:41195046:C:CTTTTTTTTTTTTTT	11.9093	6.06806e-06	14.4898	3.25069	X	41195046	C	CTTTTTTTTTTTTTT	0.0011512531359355249	2.938829173804746
X:101791647:A:G	15.6158	6.81573e-06	14.6446	3.25046	X	101791647	A	G	0.0011521847553158226	2.9384778752698946
X:36259901:T:C	19.4399	2.83582e-06	15.7405	3.25041	X	36259901	T	C	0.0011523873734485927	2.9384015088710096
X:44943354:TA:T	115.604	8.90127e-07	18.6821	3.25035	X	44943354	TA	T	0.0011526305586789438	2.9383098705348893
X:68773120:C:A	12.2564	3.42566e-06	15.0903	3.24989	X	68773120	C	A	0.0011544965551550633	2.937607358614608
X:75041089:TTTTC:T	116.082	8.96137e-07	18.6795	3.24917	X	75041089	TTTTC	T	0.0011574228511431308	2.9365079475579225
X:21815683:C:CCT	12.0444	6.15663e-06	14.4866	3.24906	X	21815683	C	CCT	0.0011578705273216866	2.93634000055107
X:7232456:A:G	18.0514	2.60515e-06	15.7512	3.24902	X	7232456	A	G	0.001158033358332623	2.936278930132658
X:70869036:GTAAAATAAAATAAAATAAAA:G	37.9252	2.68422e-06	16.4637	3.24883	X	70869036	GTAAAATAAAATAAAATAAAA	G	0.0011588070946846117	2.9359888545340804
X:45089451:A:G	47.053	2.64204e-06	16.6952	3.24848	X	45089451	A	G	0.0011602336493269133	2.9354545431908825
X:62919596:CAGACTAAATAATGA:C	116.321	9.00215e-07	18.677	3.24805	X	62919596	CAGACTAAATAATGA	C	0.0011619884954510407	2.934798171762266
X:44943005:TTC:T	116.201	8.99394e-07	18.6769	3.248	X	44943005	TTC	T	0.0011621927064427511	2.934721854384774
X:44942967:CAT:C	116.201	8.9946e-07	18.6768	3.24797	X	44942967	CAT	C	0.0011623152489574138	2.9346760644464416
X:84490315:AT:A	115.962	8.97959e-07	18.6764	3.24779	X	84490315	AT	A	0.001163050754843554	2.934401332504985
X:15032080:AAAATAAATAAATAAATAAAT:A	110.765	8.57996e-07	18.6761	3.24764	X	15032080	AAAATAAATAAATAAATAAAT	A	0.0011636640049573943	2.9341723992887303
X:82153175:TA:T	58.1024	2.03726e-06	17.1661	3.24762	X	82153175	TA	T	0.0011637457942135043	2.934141875551454
X:63843278:T:G	13.5889	3.56353e-06	15.154	3.24748	X	63843278	T	G	0.0011643184677760465	2.9339282139466425
X:7232047:T:C	18.0367	2.61207e-06	15.7478	3.24741	X	7232047	T	C	0.0011646049022094782	2.933821386134189
X:84490172:CT:C	115.843	8.98247e-07	18.6751	3.24718	X	84490172	CT	C	0.0011655465024842746	2.933470394499107
X:128141673:T:C	13.7143	3.59884e-06	15.1533	3.24716	X	128141673	T	C	0.0011656284140088053	2.933439874504343
X:114427103:A:AT	35.3189	3.12207e-06	16.2414	3.24695	X	114427103	A	AT	0.0011664888062572227	2.9331194243833405
X:62920052:AT:A	116.201	9.01792e-07	18.6742	3.2468	X	62920052	AT	A	0.0011671037314339634	2.9328905424230927
X:110520490:CA:C	116.321	9.03184e-07	18.6737	3.24657	X	110520490	CA	C	0.0011680471985506076	2.932539607860663
X:127663823:T:TC	15.475	6.80775e-06	14.6367	3.24641	X	127663823	T	TC	0.0011687039391349366	2.932295492161112
X:87174119:T:C	17.4021	4.32444e-06	15.2078	3.24637	X	87174119	T	C	0.0011688681775898263	2.93223446486336
X:80995883:AC:A	113.957	8.85256e-07	18.6732	3.24635	X	80995883	AC	A	0.0011689503048153175	2.932203951458553
X:44942921:CT:C	116.201	9.03091e-07	18.6728	3.24615	X	44942921	CT	C	0.0011697718704065405	2.9318988263596877
X:96263958:C:A	23.3035	2.7918e-06	15.9374	3.24615	X	96263958	C	A	0.0011697718704065405	2.9318988263596877
X:64318708:G:GT	14.2183	4.29577e-06	15.0124	3.24592	X	64318708	G	GT	0.0011707173304671683	2.9315479526112664
X:79956915:T:C	44.3639	9.12268e-07	17.6998	3.24569	X	79956915	T	C	0.0011716634966355106	2.931197100381374
X:127910190:TGAACACAAA:T	23.4223	2.80928e-06	15.9363	3.2456	X	127910190	TGAACACAAA	T	0.0011720339278852917	2.931059816235937
X:99343652:C:T	12.6837	4.57364e-06	14.8355	3.24547	X	99343652	C	T	0.0011725691863090813	2.930861522731612
X:45090039:A:T	47.2078	2.66843e-06	16.6886	3.24531	X	45090039	A	T	0.001173228275999277	2.930617478624938
X:55803004:G:A	18.8001	2.77348e-06	15.7293	3.24524	X	55803004	G	A	0.0011735167353731357	2.930510712602772
X:28123708:A:C	14.363	4.34585e-06	15.0109	3.24521	X	28123708	A	C	0.0011736403808802799	2.930464956346284
X:79957007:G:A	44.3356	9.12825e-07	17.6985	3.24515	X	79957007	G	A	0.0011738877080103964	2.9303734449315835
X:87286302:C:T	115.367	8.9867e-07	18.6705	3.24511	X	87286302	C	T	0.0011740526195196744	2.9303124381353203
X:80996539:GA:G	113.724	8.86995e-07	18.6692	3.24454	X	80996539	GA	G	0.0011764049358069292	2.929443162004805
X:111863874:A:G	12.9097	4.66759e-06	14.8328	3.24417	X	111863874	A	G	0.0011779342081420612	2.928878965778795
X:104936621:C:CTT	12.5807	3.56193e-06	15.0774	3.24381	X	104936621	C	CTT	0.00117942391173638	2.9283300715472818
X:133334767:T:C	22.8165	3.81144e-06	15.605	3.24379	X	133334767	T	C	0.001179506724067762	2.928299578968974
X:81496844:C:CAATAATAATAAT	11.8935	6.14722e-06	14.4755	3.24344	X	81496844	C	CAATAATAATAAT	0.0011809568098521436	2.9277659851857054
X:102159220:T:C	16.0801	3.33767e-06	15.3878	3.24335	X	102159220	T	C	0.001181329955207683	2.927628783409356
X:75041618:AT:A	116.201	9.08757e-07	18.6665	3.24332	X	75041618	AT	A	0.0011814543611997927	2.927583050216052
X:77039907:A:C	75.5273	1.79843e-06	17.5531	3.24297	X	77039907	A	C	0.0011829066591640702	2.927049523342739
X:55807048:T:G	112.116	8.77905e-07	18.6653	3.24276	X	55807048	T	G	0.0011837788295228746	2.9267294311352483
X:102159348:A:G	16.074	3.34324e-06	15.3858	3.24238	X	102159348	A	G	0.0011853585530594382	2.926150262260042
X:16516087:TA:T	115.843	9.0795e-07	18.6643	3.24233	X	16516087	TA	T	0.0011855665563625145	2.9260740602015147
X:101790662:G:T	15.604	6.92465e-06	14.628	3.24194	X	101790662	G	T	0.0011871901399019926	2.925479719042759
X:55711509:T:G	17.8839	2.62183e-06	15.7355	3.24172	X	55711509	T	G	0.0011881069135640425	2.925144476962808
X:55804117:G:A	18.8079	2.79706e-06	15.7212	3.24153	X	55804117	G	A	0.0011888991989735891	2.924854965553993
X:104939849:G:A	11.8194	6.14312e-06	14.4699	3.24061	X	104939849	G	A	0.0011927424371261368	2.923453328510222
X:75041764:CAT:C	115.962	9.13503e-07	18.6592	3.24004	X	75041764	CAT	C	0.0011951293290848892	2.9225850956624546
X:82604636:A:C	45.341	9.45127e-07	17.6862	3.23986	X	82604636	A	C	0.0011958840007611573	2.9223109443213104
X:77038677:A:G	50.0622	2.86263e-06	16.677	3.2398	X	77038677	A	G	0.0011961356558048562	2.9222195634692136
X:44942324:T:C	115.962	9.14037e-07	18.6587	3.23978	X	44942324	T	C	0.0011962195516908825	2.922189103510545
X:80323212:CAAA:C	116.201	9.16791e-07	18.6577	3.23935	X	80323212	CAAA	C	0.0011980246286627664	2.921534253747716
X:105656983:C:CT	23.641	2.8746e-06	15.9226	3.23908	X	105656983	C	CT	0.0011991593348222313	2.921123107446098
X:117412882:C:A	13.376	3.57048e-06	15.1363	3.23906	X	117412882	C	A	0.001199243426614525	2.921092653343919
X:82619287:T:C	41.8988	2.5342e-06	16.6209	3.23887	X	82619287	T	C	0.0012000425703926438	2.9208033474868
X:139854681:TA:T	116.321	9.19506e-07	18.6558	3.23848	X	139854681	TA	T	0.0012016844596562401	2.9202095551455076
X:79141720:ATATT:A	114.776	9.0817e-07	18.6548	3.23804	X	79141720	ATATT	A	0.0012035393387901064	2.919539709842419
X:79800759:C:T	17.5347	2.59351e-06	15.7267	3.2376	X	79800759	C	T	0.0012053968625234544	2.918869943273387
X:36251486:C:T	14.6699	4.54181e-06	14.988	3.23708	X	36251486	C	T	0.0012075955320745837	2.9180785024715163
X:139834336:T:C	44.0545	9.24706e-07	17.6792	3.23688	X	139834336	T	C	0.0012084421601994393	2.917774131443635
X:154465991:G:C	31.7916	6.71405e-06	15.3705	3.23688	X	154465991	G	C	0.0012084421601994393	2.917774131443635
X:7227448:G:GT	16.3486	3.44162e-06	15.3737	3.23671	X	7227448	G	GT	0.0012091622251656478	2.917515428859725
X:139853341:C:G	32.4535	6.85816e-06	15.3699	3.23656	X	139853341	C	G	0.0012097979057222755	2.9172871716339634
X:122709487:AAAAC:A	102.153	1.44544e-06	18.0736	3.23636	X	122709487	AAAAC	A	0.0012106459600020193	2.9169828428996074
X:139855220:GAAGGCACC:G	116.321	9.23939e-07	18.651	3.23631	X	139855220	GAAGGCACC	G	0.0012108580593561905	2.916906763257673
X:117431054:GT:G	49.8596	2.87353e-06	16.6692	3.23606	X	117431054	GT	G	0.0012119190710836402	2.9165263802978587
X:104944213:A:G	17.5137	2.59918e-06	15.7233	3.23603	X	104944213	A	G	0.0012120464501846461	2.9164807360506595
X:94867573:C:T	30.3669	5.124e-06	15.5949	3.23565	X	94867573	C	T	0.0012136609895676898	2.915902607264866
X:41211056:G:A	57.472	2.06788e-06	17.1403	3.23564	X	41211056	G	A	0.0012137035042607996	2.9158873941424313
X:95391794:CAT:C	115.485	9.19033e-07	18.6491	3.23546	X	95391794	CAT	C	0.0012144690040109892	2.9156135648924195
X:65844605:AG:A	115.604	9.20584e-07	18.6484	3.23516	X	65844605	AG	A	0.0012157458280300567	2.9151572120880878
X:80617030:T:TTA	25.7138	3.15289e-06	15.9142	3.23511	X	80617030	T	TTA	0.0012159587525419479	2.915081156845562
X:87174363:A:AT	17.3122	4.40543e-06	15.1841	3.23499	X	87174363	A	AT	0.0012164699119136383	2.914898628411319
X:97479893:GAA:G	109.329	8.71116e-07	18.6479	3.2349	X	97479893	GAA	G	0.0012168534116845115	2.914761735928462
X:97474765:CAA:C	116.082	9.25392e-07	18.6473	3.23467	X	97474765	CAA	C	0.0012178339740584272	2.9144119145479657
X:44942038:CT:C	115.843	9.23928e-07	18.6469	3.23445	X	44942038	CT	C	0.0012187725861585732	2.9140773229215955
X:117420452:C:T	14.805	4.60848e-06	14.9826	3.23445	X	117420452	C	T	0.0012187725861585732	2.9140773229215955
X:64355397:TTC:T	115.248	9.19223e-07	18.6468	3.23444	X	64355397	TTC	T	0.0012188152662167809	2.9140621146789463
X:110520697:CT:C	115.012	9.17417e-07	18.6467	3.2344	X	110520697	CT	C	0.001218986000254869	2.914001282114983
X:90292341:TTTTA:T	116.082	9.26049e-07	18.6466	3.23435	X	90292341	TTTTA	T	0.0012191994488672834	2.9139252423249733
X:7208489:G:A	16.2667	3.44604e-06	15.3674	3.23374	X	7208489	G	A	0.001221806303101512	2.9129976387430956
X:55710972:C:T	17.8118	2.65895e-06	15.7174	3.2333	X	55710972	C	T	0.0012236898518983427	2.9123286415672522
X:154426310:T:C	24.7326	3.04821e-06	15.9091	3.23266	X	154426310	T	C	0.0012264343470565495	2.9113556952963338
X:57505539:T:G	12.4034	3.5982e-06	15.053	3.23232	X	57505539	T	G	0.0012278946713216248	2.9108388853330367
X:100094914:AAAAAT:A	116.201	9.31675e-07	18.6416	3.23208	X	100094914	AAAAAT	A	0.0012289264551467833	2.9104741066006334
X:82603175:A:G	42.2645	2.59481e-06	16.6059	3.2319	X	82603175	A	G	0.0012297008184209354	2.910200537921323
X:87288126:AG:A	98.3127	1.40649e-06	18.0626	3.23125	X	87288126	AG	A	0.0012325008835748614	2.9092127607066764
X:85680744:GT:G	34.9204	3.19088e-06	16.2083	3.23116	X	85680744	GT	G	0.0012328890486590475	2.9090760050938473
X:21972337:G:C	15.1323	6.85943e-06	14.6067	3.23104	X	21972337	G	C	0.0012334067777265809	2.908893669399931
X:70677810:CTT:C	114.19	9.17806e-07	18.6391	3.23097	X	70677810	CTT	C	0.001233708879063956	2.9087873096157093
X:102169621:G:A	14.1265	4.40166e-06	14.9816	3.23095	X	102169621	G	A	0.0012337952062821881	2.9087569214718725
X:90293478:AT:A	114.424	9.19755e-07	18.6391	3.23093	X	90293478	AT	A	0.001233881539078981	2.908726533490675
X:78699143:AT:A	114.19	9.18092e-07	18.6388	3.23083	X	78699143	AT	A	0.0012343132867527304	2.9085745960242853
X:99809231:A:C	19.7136	5.64888e-06	15.0654	3.23082	X	99809231	A	C	0.001234356469192641	2.9085594025012758
X:91473141:CAA:C	32.7743	7.00613e-06	15.3584	3.23061	X	91473141	CAA	C	0.001235263622777676	2.908240347910475
X:45092605:G:A	47.27	2.75726e-06	16.6571	3.23032	X	45092605	G	A	0.001236517370878239	2.9077997781918272
X:84490562:AT:A	112.916	9.10649e-07	18.6358	3.22944	X	84490562	AT	A	0.0012403290448372575	2.906463086289153
X:10787224:C:T	71.1426	1.58989e-06	17.6165	3.22935	X	10787224	C	T	0.0012407194861095176	2.9063263969101794
X:4283053:AG:A	116.201	9.37895e-07	18.635	3.22908	X	4283053	AG	A	0.0012418914910151979	2.905916348533045
X:85680896:C:T	34.8416	3.19978e-06	16.2032	3.22876	X	85680896	C	T	0.0012432818576802558	2.905430403652159
X:100089902:A:AATAT	18.3335	2.7659e-06	15.7069	3.22839	X	100089902	A	AATAT	0.0012448912609034112	2.9048685817827486
X:53404752:G:A	15.0532	4.74638e-06	14.9697	3.22821	X	53404752	G	A	0.001245674909220797	2.9045952831606865
X:114906346:A:G	14.3792	4.5074e-06	14.9756	3.22803	X	114906346	A	G	0.0012464590130311461	2.9043219977114014
X:117257423:G:A	116.082	9.40207e-07	18.6315	3.2275	X	117257423	G	A	0.0012487704105231985	2.903517400383453
X:15027625:A:C	25.0533	3.12167e-06	15.8981	3.22746	X	15027625	A	C	0.0012489450161388559	2.903456680691607
X:53417300:C:T	15.0587	4.756e-06	14.9681	3.2274	X	53417300	C	T	0.0012492069668308412	2.9033656023735124
X:117364319:TGA:T	48.1849	2.82926e-06	16.6505	3.22717	X	117364319	TGA	T	0.0012502115811857581	2.9030164823794857
X:97223894:T:G	22.4865	3.88875e-06	15.5703	3.2271	X	97223894	T	G	0.0012505174814197843	2.9029102327370917
X:153196731:T:A	15.3191	7.00704e-06	14.5977	3.22641	X	153196731	T	A	0.0012535364840339947	2.9018630214312866
X:117430417:G:A	48.7663	2.868e-06	16.6489	3.2264	X	117430417	G	A	0.0012535802871259467	2.9018478458787587
X:86988257:A:G	20.3651	5.89434e-06	15.0553	3.22581	X	86988257	A	G	0.0012561671724777947	2.900952560237816
X:7205264:G:C	16.2982	3.51188e-06	15.3504	3.22574	X	7205264	G	C	0.001256474417944829	2.900846349298622
X:104939050:CTTTTTTTTT:C	110.765	9.00742e-07	18.6275	3.2257	X	104939050	CTTTTTTTTT	C	0.0012566500179344146	2.9007856582277505
X:93520802:A:C	46.9607	2.76632e-06	16.6473	3.22563	X	93520802	A	C	0.001256957372440453	2.900679450418896
X:64133015:C:A	16.5915	3.57648e-06	15.35	3.22556	X	64133015	C	A	0.0012572647963531684	2.9005732446020676
X:142757142:A:C	72.6003	1.63628e-06	17.6081	3.2255	X	142757142	A	C	0.001257528357816846	2.9004822126302754
X:154467904:C:G	31.9811	6.90522e-06	15.3484	3.22544	X	154467904	C	G	0.00125779197029251	2.900391182122009
X:93520781:T:C	46.9299	2.76796e-06	16.6461	3.22503	X	93520781	T	C	0.0012595946881920933	2.8997691794849434
X:84494134:T:C	32.5066	7.02725e-06	15.3472	3.22481	X	84494134	T	C	0.0012605629833814227	2.899435450144898
X:7226489:G:A	16.2856	3.51829e-06	15.3478	3.22452	X	7226489	G	A	0.001261840422547125	2.8989955642592715
X:88222305:G:GA	19.0446	2.94052e-06	15.6837	3.22428	X	88222305	G	GA	0.0012628985173268107	2.8986315466226014
X:93520912:A:T	46.9299	2.77385e-06	16.6439	3.22402	X	93520912	A	T	0.0012640457110203514	2.898237220606682
X:131478075:GT:G	29.1106	5.12963e-06	15.5516	3.22393	X	131478075	GT	G	0.001264443040634886	2.898100729542289
X:97231937:T:TA	19.7214	5.73222e-06	15.0511	3.2237	X	97231937	T	TA	0.0012654589624574188	2.8977519340041638
X:128142043:G:A	13.7046	3.77986e-06	15.1036	3.22354	X	128142043	G	A	0.0012661661350808703	2.8975093063130375
X:117257653:AAT:A	116.201	9.50253e-07	18.6219	3.22317	X	117257653	AAT	A	0.0012678028693848455	2.896948269635667
X:90293788:C:T	112.801	9.22505e-07	18.6218	3.22314	X	90293788	C	T	0.0012679356631426356	2.8969027826143896
X:63909473:A:T	15.5744	7.17343e-06	14.5908	3.22285	X	63909473	A	T	0.0012692199983270066	2.8964630936038955
X:29220192:AAAT:A	116.082	9.50319e-07	18.6208	3.22267	X	29220192	AAAT	A	0.0012700177758625752	2.896190200378688
X:117361523:C:T	15.6042	7.19334e-06	14.5899	3.22241	X	117361523	C	T	0.0012711709384905304	2.8957960445274473
X:21971735:C:A	15.337	7.07309e-06	14.5895	3.2222	X	21971735	C	A	0.0012721030446542652	2.8954777079390457
X:89952537:GTTGT:G	116.201	9.53089e-07	18.6189	3.22182	X	89952537	GTTGT	G	0.0012737913170186538	2.89490171587094
X:102772040:GT:G	12.6708	4.79863e-06	14.7865	3.22161	X	102772040	GT	G	0.0012747251967883235	2.894583429647025
X:127936046:CA:C	97.2026	1.42069e-06	18.0412	3.22132	X	127936046	CA	C	0.001276015879393968	2.894143920998661
X:41184691:T:C	13.8662	4.40749e-06	14.9617	3.22127	X	41184691	T	C	0.0012762385327699161	2.8940681471006235
X:90293332:C:T	112.801	9.26339e-07	18.6177	3.22127	X	90293332	C	T	0.0012762385327699161	2.8940681471006235
X:90293236:T:C	112.801	9.26339e-07	18.6177	3.22127	X	90293236	T	C	0.0012762385327699161	2.8940681471006235
X:73234952:CA:C	31.5191	5.47655e-06	15.5656	3.22114	X	73234952	CA	C	0.0012768175994049605	2.8938711397215866
X:82530994:T:C	44.4772	9.70023e-07	17.6409	3.22046	X	82530994	T	C	0.0012798505177498618	2.892840751529795
X:90293369:G:A	112.572	9.26436e-07	18.6155	3.2203	X	90293369	G	A	0.0012805651114140867	2.892598334564597
X:5127224:GGTGT:G	61.7402	2.36013e-06	17.0797	3.2191	X	5127224	GGTGT	G	0.0012859363149208144	2.890780539003812
X:4282712:CT:C	115.962	9.58295e-07	18.6114	3.21843	X	4282712	CT	C	0.0012889442760159542	2.8897658577760748
X:51972916:G:GGGGTGTGT	11.9961	6.51478e-06	14.426	3.21836	X	51972916	G	GGGGTGTGT	0.0012892589150261479	2.8896598568316407
X:4282638:CT:C	116.082	9.59619e-07	18.611	3.21828	X	4282638	CT	C	0.0012896185892731283	2.8895387153338388
X:90292589:G:A	112.801	9.33087e-07	18.6104	3.21799	X	90292589	G	A	0.0012909231849465989	2.889099599210215
X:107072238:TA:T	31.0669	5.43568e-06	15.5587	3.21769	X	107072238	TA	T	0.00129227404845563	2.888645377121658
X:90292463:G:C	112.801	9.34542e-07	18.6088	3.21729	X	90292463	G	C	0.0012940772294183728	2.888039804571962
X:64560560:C:T	13.1497	5.02632e-06	14.7772	3.2171	X	64560560	C	T	0.0012949345536484695	2.8877521803916646
X:62920453:CA:C	115.012	9.53979e-07	18.6077	3.21676	X	62920453	CA	C	0.0012964700213060306	2.8872375211097414
X:117432057:G:A	29.7521	5.2186e-06	15.5562	3.21646	X	117432057	G	A	0.0012978262410249732	2.886783448995933
X:122696889:A:G	14.3167	4.59636e-06	14.9517	3.21642	X	122696889	A	G	0.0012980071692207762	2.886722908811132
X:36248531:G:T	19.514	5.75688e-06	15.0362	3.21629	X	36248531	G	T	0.0012985953466427061	2.8865261577015318
X:104185062:A:AT	12.2667	3.68219e-06	15.0189	3.21619	X	104185062	A	AT	0.0012990479581905857	2.88637481536803
X:45127036:A:G	15.5452	7.25373e-06	14.5777	3.21617	X	45127036	A	G	0.0012991384979698364	2.8863445473890375
X:79143131:C:T	13.9954	4.49626e-06	14.951	3.21609	X	79143131	C	T	0.0012995007153303565	2.8862234770987585
X:84490830:AT:A	116.201	9.65674e-07	18.6058	3.2159	X	84490830	AT	A	0.0013003613551530757	2.8859359455840603
X:127967984:T:A	14.7505	4.77094e-06	14.9442	3.21584	X	127967984	T	A	0.0013006332454219113	2.885845149206519
X:122696840:TTG:T	14.3115	4.60673e-06	14.9491	3.21515	X	122696840	TTG	T	0.0013037637568373054	2.884801096025041
X:89952355:GTCT:G	115.367	9.6036e-07	18.6041	3.21514	X	89952355	GTCT	G	0.0013038091776456635	2.8847859662419584
X:36271578:C:G	12.6193	4.84323e-06	14.7732	3.21512	X	36271578	C	G	0.001303900023643512	2.8847557067977188
X:7248830:ACTG:A	116.201	9.67388e-07	18.604	3.2151	X	7248830	ACTG	A	0.0013039908754831678	2.8847254475160424
X:64566241:G:T	13.6901	3.84373e-06	15.0857	3.21508	X	64566241	G	T	0.0013040817331649655	2.88469518839693
X:65829383:T:C	14.6054	4.7347e-06	14.942	3.21474	X	65829383	T	C	0.0013056272079322423	2.88418080824423
X:83360017:A:C	16.7608	4.44937e-06	15.1418	3.21472	X	83360017	A	C	0.0013057181708306539	2.8841505520512536
X:81780549:GAGAAA:G	115.843	9.65403e-07	18.603	3.21463	X	81780549	GAGAAA	G	0.0013061275762547362	2.884014401194569
X:16519699:CTCTT:C	115.604	9.63537e-07	18.6028	3.21458	X	16519699	CTCTT	C	0.0013063550748991454	2.88393876325216
X:90694687:TG:T	100.014	1.4833e-06	18.0265	3.21453	X	90694687	TG	T	0.0013065826101121224	2.88386312632576
X:31797595:C:A	40.5816	2.58675e-06	16.5684	3.21441	X	31797595	C	A	0.0013071288438547951	2.883681601847711
X:7248896:AAAT:A	116.082	9.68185e-07	18.6021	3.21426	X	7248896	AAAT	A	0.001307811932393382	2.8834547044797842
X:116777994:G:C	11.9885	6.56469e-06	14.4178	3.21417	X	116777994	G	C	0.001308221943630409	2.88331857044815
X:84491391:TA:T	115.962	9.67518e-07	18.6018	3.21411	X	84491391	TA	T	0.001308495350355003	2.883227816255856
X:25070848:AT:A	116.201	9.71012e-07	18.6003	3.21341	X	25070848	AT	A	0.0013116889940977712	2.882169125446997
X:95368820:G:T	13.0818	5.03872e-06	14.7696	3.21338	X	95368820	G	T	0.0013118260251550145	2.882123757433757
X:127911582:A:G	17.1684	4.57191e-06	15.1386	3.21321	X	127911582	A	G	0.0013126027840471679	2.8818666789340095
X:62920849:TA:T	116.201	9.71895e-07	18.5993	3.213	X	62920849	TA	T	0.0013135628957201076	2.8815491275903464
X:90694555:G:T	99.6319	1.48254e-06	18.0232	3.21299	X	90694555	G	T	0.0013136086314845846	2.8815340065448156
X:90292079:A:T	112.801	9.44613e-07	18.5981	3.21245	X	90292079	A	T	0.0013160805461065797	2.880717530433942
X:95474188:C:G	84.0368	1.64386e-06	17.7497	3.21242	X	95474188	C	G	0.0013162180004746894	2.880672174124556
X:27394101:C:CA	17.5349	2.73817e-06	15.6724	3.21238	X	27394101	C	CA	0.0013164012935728817	2.880611699614303
X:127353865:C:CTT	13.886	4.50327e-06	14.9416	3.21152	X	127353865	C	CTT	0.0013203477967785998	2.879311654910625
X:127963354:CTTTT:C	55.8398	2.11883e-06	17.0871	3.211	X	127963354	CTTTT	C	0.001322739347923553	2.8785257271738294
X:64355729:G:A	12.2257	3.71118e-06	15.0077	3.2109	X	64355729	G	A	0.0013231997196043478	2.8783745998216808
X:64565902:C:T	13.6852	3.87643e-06	15.0769	3.21089	X	64565902	C	T	0.0013232457649031656	2.878359487309964
X:7227451:T:G	115.367	9.69576e-07	18.5945	3.21083	X	7227451	T	G	0.0013235220677458167	2.8782688130930167
X:87176194:CGATA:C	95.2158	1.42415e-06	18.0181	3.2106	X	87176194	CGATA	C	0.001324581721885096	2.8779212421467566
X:117414973:A:T	12.9203	5.01065e-06	14.7627	3.21006	X	117414973	A	T	0.0013270726827997556	2.8771052904931897
X:131951947:TTC:T	110.877	9.33878e-07	18.5923	3.20984	X	131951947	TTC	T	0.00132808875733835	2.876772899716355
X:153200128:T:G	11.8545	6.55261e-06	14.4084	3.2094	X	153200128	T	G	0.0013301230601817416	2.8761081771641046
X:124735015:C:T	14.2976	4.66031e-06	14.9365	3.20906	X	124735015	C	T	0.0013316969902399478	2.8755945818001085
X:78681884:T:C	13.5269	3.84677e-06	15.073	3.20902	X	78681884	T	C	0.001331882271412012	2.8755341619042816
X:117257947:ATAAC:A	114.073	9.63403e-07	18.5896	3.20862	X	117257947	ATAAC	A	0.0013337363917277168	2.874929998703527
X:110521332:T:C	97.0194	1.45842e-06	18.0131	3.20827	X	110521332	T	C	0.0013353607002334184	2.874401409233969
X:7250417:AAAG:A	115.723	9.78302e-07	18.5886	3.20818	X	7250417	AAAG	A	0.0013357786744611568	2.874265494272821
X:122712115:T:TA	52.4491	2.76236e-06	16.7593	3.20792	X	122712115	T	TA	0.001336986833690614	2.8738728695395626
X:93058406:C:T	14.3475	4.68764e-06	14.9342	3.20792	X	93058406	C	T	0.001336986833690614	2.8738728695395626
X:7227945:TC:T	116.201	9.83338e-07	18.5876	3.20772	X	7227945	TC	T	0.0013379168728872418	2.8735708692048725
X:97229326:A:AT	21.1518	4.12894e-06	15.4492	3.20758	X	97229326	A	AT	0.0013385682554315445	2.8733594786410386
X:7228071:TA:T	116.201	9.83711e-07	18.5873	3.20755	X	7228071	TA	T	0.0013387078754660581	2.8733141816991896
X:7226798:GT:G	18.2362	2.87745e-06	15.662	3.20754	X	7226798	GT	G	0.001338754418463239	2.8732990827998366
X:87172643:T:G	16.9461	4.56879e-06	15.1263	3.20729	X	87172643	T	G	0.00133991847870061	2.8729216235213615
X:82598813:A:G	47.7083	2.9206e-06	16.6088	3.20728	X	82598813	A	G	0.0013399650605274832	2.8729065256784336
X:85630572:C:T	18.8947	3.02739e-06	15.6467	3.20725	X	85630572	C	T	0.001340104814972467	2.872861232393443
X:57489006:T:C	23.3358	3.0372e-06	15.8546	3.20671	X	57489006	T	C	0.0013426226956319176	2.872046015795224
X:80608822:G:A	13.2505	3.78678e-06	15.068	3.20668	X	80608822	G	A	0.0013427627057786802	2.8720007294581698
X:87175763:C:T	17.3882	4.69801e-06	15.1242	3.20627	X	87175763	C	T	0.001344677528240783	2.8713818528340025
X:82265417:G:A	13.7095	3.92443e-06	15.0664	3.20589	X	82265417	G	A	0.0013464544907882917	2.870808320851452
X:90288285:T:C	19.1081	3.07617e-06	15.6419	3.20507	X	90288285	T	C	0.0013502963723332835	2.8695708991031363
X:57490731:T:C	23.3682	3.05265e-06	15.8509	3.20495	X	57490731	T	C	0.0013508594463706785	2.8693898359084904
X:122712475:A:G	52.3765	2.77885e-06	16.7519	3.20439	X	122712475	A	G	0.0013534899903150522	2.8685449516903074
X:84492750:CA:C	115.723	9.86607e-07	18.5802	3.20436	X	84492750	CA	C	0.0013536310455764015	2.868499693631365
X:117361284:G:A	15.5865	7.44757e-06	14.554	3.204	X	117361284	G	A	0.0013553247667608761	2.867956625444872
X:82598184:T:A	47.7399	2.94372e-06	16.6016	3.20384	X	82598184	T	A	0.0013560781590558908	2.8677152787075513
X:19849266:C:T	12.5383	3.86518e-06	14.9923	3.20362	X	19849266	C	T	0.0013571147042514334	2.867383443925987
X:101998525:G:T	12.898	5.07157e-06	14.7489	3.20334	X	101998525	G	T	0.0013584350006101554	2.8669611371884414
X:7228312:G:A	18.2213	2.90152e-06	15.6529	3.20329	X	7228312	G	A	0.0013586708924603517	2.866885728622743
X:67927408:C:T	14.4361	4.79188e-06	14.9183	3.20325	X	67927408	C	T	0.0013588596331451058	2.8668254025014654
X:95385232:C:T	54.816	2.91685e-06	16.749	3.20297	X	95385232	C	T	0.0013601814952720504	2.8664031378532444
X:117359596:G:A	22.9739	4.18271e-06	15.5189	3.20234	X	117359596	G	A	0.0013631600229044077	2.8654531588498218
X:80155120:G:A	14.5363	4.83524e-06	14.9162	3.20224	X	80155120	G	A	0.0013636333579569867	2.865302383360242
X:89952520:CTGT:C	112.801	9.66887e-07	18.5748	3.20193	X	89952520	CTGT	C	0.0013651016602171243	2.8648350051599833
X:117361420:C:T	15.5748	7.4743e-06	14.5497	3.20178	X	117361420	C	T	0.0013658126524521885	2.864608868433607
X:82157048:T:C	104.669	8.97535e-07	18.5744	3.20175	X	82157048	T	C	0.0013659548918802354	2.8645636421852068
X:80618113:C:G	25.7014	3.38079e-06	15.8439	3.20168	X	80618113	C	G	0.0013662868370153789	2.8644581156941413
X:7213975:C:T	12.2094	3.7825e-06	14.9873	3.20128	X	7213975	C	T	0.0013681850941372738	2.8638551453609598
X:104938776:CT:C	116.082	9.97974e-07	18.5718	3.20058	X	104938776	CT	C	0.0013715128985090775	2.8628001036810513
X:37420668:C:CA	14.6268	4.88373e-06	14.9125	3.2004	X	37420668	C	CA	0.0013723698254538494	2.862528839423029
X:117360311:G:GA	15.6219	7.51855e-06	14.5468	3.2003	X	117360311	G	GA	0.0013728461093299948	2.8623781427447215
X:101805292:C:T	13.5317	3.92148e-06	15.0541	3.20006	X	101805292	C	T	0.0013739898127106305	2.8620164872909957
X:7227448:GT:G	113.031	9.73023e-07	18.5705	3.19999	X	7227448	GT	G	0.0013743235583586404	2.8619110088579114
X:80999685:GTAGT:G	115.962	9.99387e-07	18.5694	3.19948	X	80999685	GTAGT	G	0.0013767573914978785	2.861142583211943
X:80999995:CT:C	116.201	1.00166e-06	18.5692	3.19939	X	80999995	CT	C	0.0013771873038863412	2.8610069896542063
X:7228742:G:A	18.2139	2.92897e-06	15.643	3.19872	X	7228742	G	A	0.0013803916565275271	2.8599976743696884
X:104938675:CA:C	115.723	9.99922e-07	18.5668	3.19831	X	104938675	CA	C	0.0013823559188552354	2.8593801236087897
X:70675539:C:CTTTTCT	13.1588	3.82746e-06	15.0504	3.19831	X	70675539	C	CTTTTCT	0.0013823559188552354	2.8593801236087897
X:95391744:TATATATATATACACAC:T	108.784	9.41543e-07	18.5651	3.19755	X	95391744	TATATATATATACACAC	T	0.0013860038097380039	2.858235575968138
X:25871317:TAATC:T	115.723	1.00219e-06	18.5645	3.19728	X	25871317	TAATC	T	0.0013873019066697424	2.8578290168410536
X:81968091:T:TAC	17.4229	4.79803e-06	15.1051	3.19713	X	81968091	T	TAC	0.001388023555995905	2.857603163454486
X:136102509:ATC:A	115.962	1.00464e-06	18.5641	3.19712	X	136102509	ATC	A	0.001388071678257379	2.857588106887003
X:99363776:GA:G	116.201	1.00803e-06	18.5628	3.19652	X	99363776	GA	G	0.0013909618310919663	2.8566847871708383
X:48020499:CAA:C	113.031	9.81153e-07	18.5622	3.19623	X	48020499	CAA	C	0.00139236072664182	2.8562482350597453
X:85629726:C:T	18.9104	3.10343e-06	15.6227	3.19622	X	85629726	C	T	0.0013924089875507525	2.856233182147947
X:87173068:T:C	16.9195	4.66946e-06	15.1029	3.19609	X	87173068	T	C	0.0013930365197550444	2.8560374979908265
X:122710585:T:G	47.5512	2.9819e-06	16.5848	3.1958	X	122710585	T	G	0.0013944373391970492	2.8556009965305056
X:85629444:A:C	18.9025	3.10909e-06	15.6205	3.1952	X	85629444	A	C	0.0013973397111449151	2.854697998509697
X:87173255:G:A	16.9128	4.6765e-06	15.101	3.19518	X	87173255	G	A	0.0013974365527427794	2.8546679010939346
X:136102511:CTCTATCTCTATCTCTATA:C	115.485	1.00505e-06	18.5596	3.19507	X	136102511	CTCTATCTCTATCTCTATA	C	0.0013979692921640599	2.854502368211347
X:7254467:T:C	16.8464	4.661e-06	15.1004	3.19489	X	7254467	T	C	0.0013988414515501814	2.8542315068226296
X:85629351:T:C	18.8947	3.11296e-06	15.6188	3.19443	X	85629351	T	C	0.0014010725832829156	2.8535393652833085
X:85629285:G:C	18.8947	3.11296e-06	15.6188	3.19443	X	85629285	G	C	0.0014010725832829156	2.8535393652833085
X:9272607:GT:G	47.8391	3.00858e-06	16.5819	3.19443	X	9272607	GT	G	0.0014010725832829156	2.8535393652833085
X:57496669:A:G	11.9961	6.83345e-06	14.3783	3.19414	X	57496669	A	G	0.0014024808522566505	2.8531030593524025
X:136102509:ATCTCTATC:A	115.248	1.00736e-06	18.5553	3.19311	X	136102509	ATCTCTATC	A	0.0014074931919708824	2.8515536971491766
X:7242304:TAAC:T	116.201	1.01594e-06	18.555	3.193	X	7242304	TAAC	T	0.00140802946541089	2.8513882567482676
X:85629230:C:A	18.879	3.1206e-06	15.6155	3.19292	X	85629230	C	A	0.0014084196007813567	2.8512679395433826
X:107064404:AT:A	12.3535	3.89618e-06	14.9694	3.19284	X	107064404	AT	A	0.0014088098358182384	2.851147624937802
X:136409048:GAC:G	77.9721	2.06632e-06	17.4461	3.1928	X	136409048	GAC	G	0.0014090049907187563	2.8510874686097507
X:7242006:AC:A	116.201	1.01684e-06	18.5541	3.19259	X	7242006	AC	A	0.0014100299629425186	2.8507716585486365
X:107071207:CA:C	36.4285	3.60961e-06	16.1273	3.19256	X	107071207	CA	C	0.0014101764436518745	2.850726544287718
X:57493726:A:G	23.3466	3.13403e-06	15.8236	3.19199	X	57493726	A	G	0.0014129622442355452	2.8498694427793496
X:44941498:TA:T	116.201	1.01916e-06	18.5519	3.19157	X	44941498	TA	T	0.0014150181852176148	2.8492379787340987
X:79417206:A:G	19.8143	6.14325e-06	14.9866	3.19149	X	79417206	A	G	0.0014154101055921635	2.8491177079908674
X:48913554:C:CA	51.8366	2.82654e-06	16.7246	3.19122	X	48913554	C	CA	0.0014167335758449248	2.8487118134217866
X:73277080:C:T	12.9915	5.23907e-06	14.7237	3.19104	X	73277080	C	T	0.001417616523087753	2.848441233490309
X:119299701:C:G	74.7792	1.98972e-06	17.4421	3.19091	X	119299701	C	G	0.0014182545226887485	2.8482458228342034
X:28712360:GT:G	114.541	1.00628e-06	18.5502	3.19081	X	28712360	GT	G	0.0014187454717347059	2.848095511615238
X:85628993:G:A	18.8711	3.13591e-06	15.6102	3.19048	X	85628993	G	A	0.0014203667154585513	2.847599513406506
X:44941481:GT:G	116.201	1.0225e-06	18.5486	3.19009	X	44941481	GT	G	0.0014222849327372366	2.8470133907233413
X:7242431:TA:T	115.485	1.01673e-06	18.5481	3.18985	X	7242431	TA	T	0.0014234665609069582	2.846652730543132
X:79144411:T:C	23.0474	3.10838e-06	15.819	3.18976	X	79144411	T	C	0.0014239099047466165	2.84651748900621
X:85628876:T:C	18.8633	3.13983e-06	15.6086	3.18971	X	85628876	T	C	0.001424156261880677	2.846442356240391
X:85628685:C:A	18.8633	3.14175e-06	15.608	3.18943	X	85628685	C	A	0.0014255365881358803	2.8460216315136964
X:82597826:CTAGA:C	47.7399	3.03461e-06	16.5712	3.18934	X	82597826	CTAGA	C	0.0014259805262901977	2.8458864053273913
X:7242669:TGTAAG:T	115.13	1.0158e-06	18.5459	3.18887	X	7242669	TGTAAG	T	0.0014283009413527563	2.845180277574522
X:85628564:A:G	18.8555	3.14568e-06	15.6063	3.18867	X	85628564	A	G	0.0014292894073579439	2.8448798248879306
X:85628510:A:G	18.8555	3.14781e-06	15.6056	3.18835	X	85628510	A	G	0.001430872264722315	2.844399134376009
X:38427669:ATT:A	116.201	1.02662e-06	18.5446	3.18828	X	38427669	ATT	A	0.001431218730102463	2.8442939888696115
X:85628448:C:T	18.8633	3.15133e-06	15.6049	3.18803	X	85628448	C	T	0.0014324567378558438	2.843918485447273
X:81806148:A:T	12.1081	3.8594e-06	14.9589	3.18784	X	81806148	A	T	0.001433398283879438	2.843633119820529
X:78377631:AT:A	11.8778	6.85192e-06	14.3657	3.18775	X	78377631	AT	A	0.0014338444784522284	2.8434979517455217
X:3983501:AAAG:A	116.321	1.02898e-06	18.5433	3.1877	X	3983501	AAAG	A	0.0014340924196456885	2.8434228597917928
X:3983570:GAGGA:G	116.201	1.02809e-06	18.5431	3.18763	X	3983570	GAGGA	G	0.00143443960371352	2.843317732762098
X:64317111:C:CA	12.8847	5.2338e-06	14.7164	3.18751	X	64317111	C	CA	0.001435034956663049	2.843137519626184
X:7185871:G:A	18.4693	3.08997e-06	15.6035	3.18737	X	7185871	G	A	0.0014357298229815834	2.8429272783581894
X:85628033:A:T	18.879	3.16342e-06	15.6019	3.18665	X	85628033	A	T	0.0014393083228703282	2.8418461632710876
X:85627897:C:A	18.879	3.16342e-06	15.6019	3.18665	X	85627897	C	A	0.0014393083228703282	2.8418461632710876
X:67926414:C:A	16.0432	3.75653e-06	15.2673	3.18664	X	67926414	C	A	0.0014393580820937244	2.841831149265915
X:28137292:TA:T	22.1138	4.16125e-06	15.4859	3.18645	X	28137292	TA	T	0.0014403038086680188	2.8415458908828466
X:116206537:T:C	25.5414	3.47035e-06	15.8116	3.18627	X	116206537	T	C	0.0014412002884716586	2.841275659620773
X:70656268:AT:A	32.0331	7.46105e-06	15.2726	3.18627	X	70656268	AT	A	0.0014412002884716586	2.841275659620773
X:64565189:G:C	13.136	5.3501e-06	14.7138	3.18622	X	64565189	G	C	0.0014414494019011122	2.8412005977161576
X:44938479:G:A	15.6216	7.72832e-06	14.5193	3.18617	X	44938479	G	A	0.0014416985550202341	2.8411255368266923
X:7247450:T:C	14.9807	5.15232e-06	14.8828	3.18602	X	7247450	T	C	0.0014424462525726384	2.840900360249177
X:81780386:T:A	115.012	1.02125e-06	18.5395	3.186	X	81780386	T	A	0.0014425459725807511	2.840870337395806
X:7217867:T:C	12.9781	5.29049e-06	14.7129	3.18578	X	7217867	T	C	0.001443643312138136	2.840540096728617
X:128144436:C:T	14.6858	5.05431e-06	14.8821	3.18569	X	128144436	C	T	0.0014440924454960724	2.8404050039383244
X:87174132:A:G	16.9195	4.77253e-06	15.0811	3.18563	X	87174132	A	G	0.001444391939282883	2.840314943905369
X:85628191:G:A	18.8633	3.17019e-06	15.5989	3.18529	X	85628191	G	A	0.0014460901524212986	2.839804631330117
X:55710819:AC:A	35.0789	3.53006e-06	16.1118	3.18519	X	55710819	AC	A	0.0014465899769965365	2.8396545483293054
X:84496215:G:A	32.5243	7.5986e-06	15.2695	3.18469	X	84496215	G	A	0.001449091489222097	2.838904194232074
X:64550200:G:A	13.1223	5.36141e-06	14.7106	3.18468	X	64550200	G	A	0.0014491415601092655	2.838889188185539
X:127646903:G:A	14.2081	4.87614e-06	14.885	3.18402	X	127646903	G	A	0.0014524497665675147	2.837898878889294
X:127179577:C:CT	33.3195	7.80418e-06	15.267	3.18338	X	127179577	C	CT	0.0014556643704297816	2.836938747875351
X:84496412:G:A	32.5066	7.61531e-06	15.2668	3.18328	X	84496412	G	A	0.0014561672441934233	2.8367887424274274
X:7191342:T:G	18.3184	3.04776e-06	15.609	3.1829	X	7191342	T	G	0.0014580796250373883	2.836218758754585
X:90291877:T:C	112.801	1.00901e-06	18.5322	3.18268	X	90291877	T	C	0.0014591878505735133	2.8358887950044527
X:25072184:AAAT:A	116.082	1.03916e-06	18.5314	3.18233	X	25072184	AAAT	A	0.0014609525366441763	2.8353638931747804
X:125191923:GT:G	116.201	1.04091e-06	18.5307	3.18203	X	125191923	GT	G	0.0014624666899066116	2.8349140169069766
X:21230617:G:C	80.3993	2.18084e-06	17.4228	3.18188	X	21230617	G	C	0.0014632243087529845	2.834689092475879
X:7190809:A:T	18.3034	3.0522e-06	15.6067	3.18184	X	7190809	A	T	0.0014634264015233624	2.8346291141704127
X:87174518:C:A	16.9261	4.81294e-06	15.0731	3.18177	X	87174518	C	A	0.001463780125768564	2.8345241536989723
X:97473547:GC:G	115.604	1.03651e-06	18.5298	3.18162	X	97473547	GC	G	0.0014645383716330093	2.834299245102106
X:99361736:CA:C	115.843	1.03979e-06	18.5287	3.18112	X	99361736	CA	C	0.001467068472834022	2.833549615754539
X:37364713:C:T	15.3306	7.66203e-06	14.5091	3.18094	X	37364713	C	T	0.0014679802948919245	2.8332797740365283
X:68774661:G:A	12.2602	3.96584e-06	14.9442	3.18089	X	68774661	G	A	0.0014682336714652178	2.833204820338222
X:37365281:A:G	18.6761	3.1709e-06	15.5887	3.1806	X	37365281	A	G	0.0014697040505153294	2.832770108903525
X:132562854:C:T	112.003	1.00671e-06	18.5273	3.1805	X	132562854	C	T	0.0014702113923288746	2.832620216325638
X:63844814:T:G	78.104	2.1249e-06	17.4198	3.18048	X	63844814	T	G	0.0014703128800563885	2.832590238297249
X:87288254:A:G	12.7795	5.26749e-06	14.7018	3.1804	X	87288254	A	G	0.0014707188955281434	2.832470327807649
X:87288612:C:T	12.7795	5.26795e-06	14.7017	3.18036	X	87288612	C	T	0.0014709219420062148	2.832410373537222
X:35513217:T:C	12.2099	3.95556e-06	14.9426	3.18017	X	35513217	T	C	0.0014718867655969462	2.8321255996235144
X:85627565:C:T	18.879	3.20847e-06	15.5878	3.18015	X	85627565	C	T	0.0014719883598924796	2.8320956242746425
X:85627477:T:G	18.879	3.20847e-06	15.5878	3.18015	X	85627477	T	G	0.0014719883598924796	2.8320956242746425
X:99361427:GT:G	115.962	1.04385e-06	18.5259	3.17983	X	99361427	GT	G	0.0014736147476923243	2.8316160407782336
X:41197852:G:GA	13.9905	4.84337e-06	14.8763	3.1798	X	41197852	G	GA	0.0014737673064153902	2.8315710819568545
X:37364193:C:A	15.3249	7.67636e-06	14.5068	3.17979	X	37364193	C	A	0.0014738181625572153	2.8315560957642574
X:96264122:A:G	22.0344	4.20432e-06	15.472	3.17976	X	96264122	A	G	0.0014739707406857374	2.8315111374300543
X:78682305:C:A	17.8334	2.98867e-06	15.6018	3.17953	X	78682305	C	A	0.0014751409899978018	2.8311664690066314
X:140293361:CT:C	115.13	1.03723e-06	18.525	3.17945	X	140293361	CT	C	0.001475548233883361	2.831046589371746
X:83357044:GA:G	116.201	1.04744e-06	18.5245	3.17921	X	83357044	GA	G	0.001476770587223627	2.8306869660565726
X:7244221:CA:C	112.801	1.01784e-06	18.5235	3.17875	X	7244221	CA	C	0.001479116039606086	2.829997753397465
X:140292861:GA:G	116.201	1.04859e-06	18.5234	3.17871	X	140292861	GA	G	0.00147932015411909	2.829937825921589
X:7220543:ATT:A	115.248	1.0401e-06	18.5233	3.17867	X	7220543	ATT	A	0.0014795242945865776	2.829877899095262
X:7244075:AAAG:A	112.458	1.01509e-06	18.5231	3.17859	X	7244075	AAAG	A	0.001479932653396901	2.8297580473912483
X:57493958:G:A	23.2498	3.21125e-06	15.7951	3.17843	X	57493958	G	A	0.001480749682602207	2.8295183517777667
X:31802168:TC:T	66.3465	2.7686e-06	16.9921	3.17751	X	31802168	TC	T	0.0014854556717198394	2.828140303681731
X:107271881:T:A	27.8461	5.39196e-06	15.4573	3.17723	X	107271881	T	A	0.0014868906622095147	2.8277209659399922
X:87148004:A:G	115.962	1.05013e-06	18.5199	3.17712	X	87148004	A	G	0.0014874547578465906	2.827556234820511
X:87176097:T:C	17.4021	4.99733e-06	15.0632	3.17704	X	87176097	T	C	0.001487865133061798	2.827436433455186
X:51992065:AT:A	116.321	1.05369e-06	18.5196	3.17699	X	51992065	AT	A	0.0014881216705425163	2.8273615589211873
X:82532098:C:T	44.6194	1.07718e-06	17.5393	3.17691	X	82532098	C	T	0.0014885322152825972	2.8272417617777093
X:128115876:G:C	48.057	3.1363e-06	16.5449	3.17678	X	128115876	G	C	0.0014891995730641192	2.827047096960712
X:107262222:C:T	20.9669	4.36996e-06	15.3837	3.17612	X	107262222	C	T	0.0014925919517280266	2.8260589044880544
X:5140058:G:A	13.2694	4.04509e-06	15.0035	3.17604	X	5140058	G	A	0.0014930036326056071	2.8259391355980483
X:19838096:AAC:A	103.45	1.66721e-06	17.9434	3.17596	X	19838096	AAC	A	0.001493415418097674	2.8258193693060245
X:122712503:TAAATAAAATA:T	56.2414	2.30664e-06	17.0094	3.17494	X	122712503	TAAATAAAATA	T	0.0014986748635619656	2.8242925768094618
X:44941134:ATTTTC:A	115.604	1.05247e-06	18.5145	3.17472	X	44941134	ATTTTC	A	0.0014998114886784714	2.823963323992042
X:7189837:A:G	18.2735	3.0964e-06	15.5907	3.1744	X	7189837	A	G	0.001501466179348583	2.8234844458743966
X:66968556:GTTTTCT:G	99.0633	1.60414e-06	17.9387	3.17375	X	66968556	GTTTTCT	G	0.0015048324487114486	2.822511852662097
X:74281291:AAAAAAG:A	100.687	1.63068e-06	17.9385	3.17367	X	74281291	AAAAAAG	A	0.0015052472389658499	2.8223921607346627
X:44940865:GTC:G	115.604	1.055e-06	18.5121	3.17364	X	44940865	GTC	G	0.0015054028124643053	2.82234727693162
X:79806888:A:G	24.9338	3.47996e-06	15.7847	3.1735	X	79806888	A	G	0.001506129018001545	2.822137824014355
X:85692344:C:CAAA	13.3713	4.0981e-06	14.9981	3.17349	X	85692344	C	CAAA	0.001506180902172989	2.822122863396121
X:41201360:A:G	14.0055	4.91299e-06	14.8631	3.17339	X	41201360	A	G	0.001506699834456283	2.8219732594462505
X:84498129:C:G	32.5421	7.77113e-06	15.2476	3.17337	X	84498129	C	G	0.001506803640675866	2.8219433391433593
X:87287744:GTAAA:G	115.843	1.05847e-06	18.5109	3.17309	X	87287744	GTAAA	G	0.0015082576197160092	2.821524471950721
X:89135669:T:C	22.8581	4.42352e-06	15.4579	3.17296	X	89135669	T	C	0.0015089331206620269	2.821330008714207
X:122702382:G:T	13.5272	4.15334e-06	14.9963	3.17264	X	122702382	G	T	0.0015105970797604676	2.820851359202694
X:7241133:A:C	18.0075	3.06309e-06	15.5869	3.17261	X	7241133	A	C	0.0015107531625569337	2.8208064879419337
X:48021332:AC:A	115.248	1.05477e-06	18.5093	3.17234	X	48021332	AC	A	0.0015121585764160698	2.820402663033703
X:10786971:TA:T	108.459	9.9269e-07	18.5092	3.17232	X	10786971	TA	T	0.0015122627290425463	2.8203727512546193
X:24204138:A:T	25.8895	3.62426e-06	15.7817	3.17207	X	24204138	A	T	0.0015135651945725496	2.8199988677147982
X:7241078:A:G	18.0002	3.06545e-06	15.5857	3.17206	X	7241078	A	G	0.00151361731468122	2.819983912900858
X:128146144:G:GA	11.9961	7.14023e-06	14.3343	3.17188	X	128146144	G	GA	0.0015145557593986148	2.8197147331905756
X:41197181:A:G	13.9605	4.91373e-06	14.8597	3.17176	X	41197181	A	G	0.0015151816869415908	2.8195352873562958
X:93060125:C:CAA	13.2877	4.08858e-06	14.9941	3.17162	X	93060125	C	CAA	0.0015159122369073836	2.819325941270023
X:136387130:T:A	11.9054	7.09433e-06	14.3332	3.1713	X	136387130	T	A	0.0015175832839740735	2.8188474658027105
X:99361571:A:G	114.424	1.04992e-06	18.5067	3.17118	X	99361571	A	G	0.0015182103639625067	2.8186680482176274
X:95384760:A:T	54.7384	3.11325e-06	16.6824	3.17095	X	95384760	A	T	0.0015194129344745172	2.8183241808493333
X:117426777:C:T	20.4444	6.61219e-06	14.9443	3.17041	X	117426777	C	T	0.0015222398100525013	2.8175169244521436
X:87169351:A:G	13.348	4.11809e-06	14.9915	3.17035	X	87169351	A	G	0.0015225542062033766	2.8174272366025135
X:117259373:TACTC:T	114.658	1.05474e-06	18.5042	3.17004	X	117259373	TACTC	T	0.001524179539356473	2.816963872655707
X:127338441:CT:C	102.055	1.66604e-06	17.9306	3.16998	X	127338441	CT	C	0.0015244943045016487	2.81687419381623
X:129384320:CATGTATATATACGTTTGTATATACAT:C	48.5067	3.21165e-06	16.5304	3.1699	X	129384320	CATGTATATATACGTTTGTATATACAT	C	0.001524914084500433	2.816754624303078
X:5124986:TG:T	64.6224	2.74064e-06	16.9759	3.16983	X	5124986	TG	T	0.0015252814793342139	2.816650003109831
X:45090193:TA:T	69.9518	1.78264e-06	17.4852	3.16979	X	45090193	TA	T	0.0015254914558433107	2.8165902204637203
X:7177429:CAT:C	113.957	1.04902e-06	18.5035	3.16973	X	7177429	CAT	C	0.001525806470529672	2.8165005477121294
X:128114700:T:G	48.0252	3.18112e-06	16.53	3.16969	X	128114700	T	G	0.001526016513606829	2.816440766689449
X:82532417:T:C	44.6194	1.09728e-06	17.5208	3.16898	X	82532417	T	C	0.0015297492128747356	2.8153797615954397
X:128130269:GAT:G	116.201	1.07164e-06	18.5016	3.1689	X	128130269	GAT	G	0.0015301703254516888	2.8152602245505634
X:41203991:T:C	14.0558	4.97766e-06	14.8536	3.16878	X	41203991	T	C	0.001530802194519652	2.81508092385341
X:78680582:C:A	13.3853	4.14336e-06	14.9882	3.16878	X	78680582	C	A	0.001530802194519652	2.81508092385341
X:64692811:A:G	13.6466	4.22489e-06	14.988	3.1687	X	64692811	A	G	0.0015312235740688712	2.81496139330207
X:64618044:C:T	13.1314	5.54772e-06	14.6771	3.1684	X	64618044	C	T	0.0015328046990462202	2.8145131768676213
X:10786805:CG:C	107.92	9.96643e-07	18.5003	3.16828	X	10786805	CG	C	0.001533437569974603	2.8143339005210435
X:62921078:TAAAC:T	116.201	1.07349e-06	18.4999	3.16812	X	62921078	TAAAC	T	0.0015342817722521411	2.814094874483066
X:7190006:T:C	18.2139	3.129e-06	15.577	3.16801	X	7190006	T	C	0.0015348624095992641	2.813930550108641
X:86547524:AACAC:A	84.779	1.82575e-06	17.6536	3.16793	X	86547524	AACAC	A	0.00153528481841509	2.813811044557048
X:84491978:A:T	109.22	1.00959e-06	18.4993	3.16785	X	84491978	A	T	0.0015357073342974045	2.813691541602798
X:41202152:T:C	13.9955	4.96598e-06	14.8516	3.16784	X	41202152	T	C	0.0015357601563120262	2.8136766039161416
X:41202153:G:T	13.9955	4.96598e-06	14.8516	3.16784	X	41202153	G	T	0.0015357601563120262	2.8136766039161416
X:110521904:ACTT:A	116.201	1.07424e-06	18.4992	3.16781	X	110521904	ACTT	A	0.001535918632396135	2.8136317910996738
X:44940680:CTTAA:C	116.201	1.07559e-06	18.498	3.16724	X	44940680	CTTAA	C	0.0015389325411259238	2.812780416983903
X:93520677:C:CTG	11.8234	7.10666e-06	14.3246	3.16692	X	93520677	C	CTG	0.0015406269464168854	2.8123025103578376
X:73227965:TA:T	33.803	8.17603e-06	15.2349	3.16677	X	73227965	TA	T	0.001541421790204584	2.8120785059321296
X:41204413:GT:G	21.2639	4.51975e-06	15.3641	3.1667	X	41204413	GT	G	0.00154179284653687	2.8119739736582847
X:64354105:CA:C	110.099	1.02041e-06	18.4967	3.16666	X	64354105	CA	C	0.0015420049156591128	2.811914241823178
X:84492284:TTTTG:T	109.001	1.01054e-06	18.4964	3.16653	X	84492284	TTTTG	T	0.0015426943258499365	2.8117201178433757
X:85681010:C:T	34.8416	3.64631e-06	16.0726	3.16653	X	85681010	C	T	0.0015426943258499365	2.8117201178433757
X:73277491:A:T	12.9915	5.51041e-06	14.6732	3.16647	X	73277491	A	T	0.0015430126108999355	2.811630524473551
X:99357554:G:A	66.1914	2.82721e-06	16.9688	3.16646	X	99357554	G	A	0.001543065664287615	2.811615592387283
X:82156513:C:A	104.567	9.69996e-07	18.4958	3.16626	X	82156513	C	A	0.0015441270848924942	2.811316959184051
X:25072553:CT:C	113.608	1.05419e-06	18.4955	3.16612	X	25072553	CT	C	0.0015448704793470489	2.811107925600172
X:82604108:A:G	45.2826	1.12284e-06	17.5126	3.16543	X	82604108	A	G	0.0015485391697083913	2.8100778048547794
X:64334588:A:C	13.5507	4.22815e-06	14.9802	3.16499	X	64334588	A	C	0.0015508828120489062	2.809421017146607
X:70674100:G:A	13.1634	4.10828e-06	14.9799	3.16488	X	70674100	G	A	0.0015514692327896502	2.8092568324950067
X:70694190:G:A	12.7401	5.42331e-06	14.6696	3.16471	X	70694190	G	A	0.001552375921042139	2.809003102236861
X:93057772:T:A	115.723	1.07727e-06	18.4923	3.16467	X	93057772	T	A	0.0015525893303559996	2.8089434027039912
X:48022969:AT:A	116.201	1.08183e-06	18.4922	3.16463	X	48022969	AT	A	0.0015528027666863759	2.808883703820392
X:41199790:C:T	13.9705	4.99511e-06	14.844	3.16413	X	41199790	C	T	0.0015554730015900997	2.8081375225573333
X:7243434:T:C	17.9637	3.11549e-06	15.5675	3.16359	X	7243434	T	C	0.0015583616041635556	2.8073317607383803
X:82153175:TAAAA:T	115.962	1.08236e-06	18.4896	3.16348	X	82153175	TAAAA	T	0.0015589506284690888	2.807167638578292
X:117360321:A:G	15.616	8.0822e-06	14.4741	3.16301	X	117360321	A	G	0.0015614696787553067	2.8064664446563943
X:87289635:T:C	98.3127	1.62986e-06	17.9152	3.16283	X	87289635	T	C	0.0015624354136169402	2.8061979260411687
X:111798727:G:A	13.0599	5.58162e-06	14.6656	3.16278	X	111798727	G	A	0.0015627037708893432	2.8061233398701284
X:7260016:T:C	38.4894	3.2698e-06	16.2812	3.16233	X	7260016	T	C	0.001565120896915826	2.8054521099798233
X:64555776:A:AAAG	16.3233	4.02926e-06	15.2145	3.16181	X	64555776	A	AAAG	0.0015679183075557645	2.804676568884992
X:70693098:G:A	12.7227	5.44971e-06	14.6633	3.16169	X	70693098	G	A	0.0015685645173069164	2.804497613444316
X:99784188:C:A	18.9336	3.35178e-06	15.547	3.16138	X	99784188	C	A	0.0015702350276973372	2.8040353389329185
X:95389824:CCT:C	115.962	1.08957e-06	18.483	3.16048	X	95389824	CCT	C	0.0015750941823436332	2.8026934725732886
X:70697749:A:G	12.7401	5.47602e-06	14.6599	3.16001	X	70697749	A	G	0.0015776372400915627	2.801992850770393
X:139855214:CAGTA:C	114.776	1.07968e-06	18.4818	3.15995	X	139855214	CAGTA	C	0.001577962157716903	2.8019034161404113
X:19838098:C:A	75.6531	2.15286e-06	17.3749	3.15941	X	19838098	C	A	0.0015808891900228315	2.8010985701994664
X:139855256:A:C	114.658	1.08011e-06	18.4804	3.15931	X	139855256	A	C	0.0015814317812930332	2.8009495376382385
X:15025140:G:T	12.4538	4.21799e-06	14.8982	3.15918	X	15025140	G	T	0.0015821374062670662	2.800755801374273
X:81000018:A:G	109.22	1.02935e-06	18.4799	3.1591	X	81000018	A	G	0.001582571781083452	2.800636582466088
X:77043890:T:A	12.3951	4.19962e-06	14.8978	3.15901	X	77043890	T	A	0.0015830605839895371	2.8005024642981793
X:93057767:AAT:A	115.012	1.08464e-06	18.4793	3.15881	X	93057767	AAT	A	0.0015841473103463868	2.800204435691037
X:90291668:ATTT:A	88.1642	1.93804e-06	17.633	3.15843	X	90291668	ATTT	A	0.0015862139827966348	2.799638226047916
X:85628703:A:T	18.5309	3.30158e-06	15.5405	3.15843	X	85628703	A	T	0.0015862139827966348	2.799638226047916
X:102751949:AT:A	14.854	5.40996e-06	14.8255	3.1582	X	102751949	AT	A	0.001587466069042085	2.7992955486723794
X:64541026:TAAAG:T	32.7204	8.04809e-06	15.2181	3.1581	X	64541026	TAAAG	T	0.0015880107381151282	2.799146565203394
X:64324814:C:CAA	12.8803	5.55818e-06	14.6559	3.15809	X	64324814	C	CAA	0.001588065214483776	2.7991316670796382
X:110523533:T:C	99.7271	1.67068e-06	17.9047	3.15798	X	110523533	T	C	0.0015886645680987003	2.798967790396021
X:110523528:A:G	99.7271	1.67068e-06	17.9047	3.15798	X	110523528	A	G	0.0015886645680987003	2.798967790396021
X:48023990:TG:T	116.201	1.09794e-06	18.4774	3.15795	X	48023990	TG	T	0.0015888280643132928	2.798923097607029
X:132562384:TTTATTATTATTA:T	49.3912	3.35477e-06	16.5049	3.15772	X	132562384	TTTATTATTATTA	T	0.001590082050005523	2.798580465022159
X:122710485:G:A	16.2232	4.04636e-06	15.2041	3.15692	X	122710485	G	A	0.0015944508388700406	2.797388866660349
X:51988566:A:G	55.7999	2.37981e-06	16.9703	3.15681	X	51988566	A	G	0.0015950524107217756	2.797225042190938
X:37893868:G:C	14.9269	5.45227e-06	14.8226	3.1568	X	37893868	G	C	0.001595107109431198	2.7972101493007724
X:70580964:T:TTAAA	83.0141	1.8315e-06	17.6294	3.15674	X	70580964	T	TTAAA	0.001595435337951309	2.7971207928117483
X:64731605:A:C	16.3612	4.08316e-06	15.2036	3.15665	X	64731605	A	C	0.00159592779731069	2.796986760816658
X:7185165:T:C	18.2362	3.21162e-06	15.5521	3.15646	X	7185165	T	C	0.0015969678932923846	2.796703815174051
X:7181022:A:G	18.3034	3.22346e-06	15.5521	3.15646	X	7181022	A	G	0.0015969678932923846	2.796703815174051
X:5124256:CT:C	59.7031	2.54947e-06	16.969	3.15623	X	5124256	CT	C	0.001598227791709682	2.796361321622675
X:95391735:GTATA:G	108.893	1.03294e-06	18.4735	3.15618	X	95391735	GTATA	G	0.001598501803718075	2.7962868693426435
X:110523710:T:C	99.7271	1.67731e-06	17.9008	3.15614	X	110523710	T	C	0.001598721044460875	2.796227308248859
X:110523828:A:G	99.7271	1.67731e-06	17.9008	3.15614	X	110523828	A	G	0.001598721044460875	2.796227308248859
X:79801504:T:G	17.5347	3.0913e-06	15.5511	3.15598	X	79801504	T	G	0.00159959828426279	2.795989070364724
X:93057609:CG:C	116.201	1.10279e-06	18.473	3.15596	X	93057609	CG	C	0.001599707970387968	2.795959291359444
X:67489327:C:A	12.6107	5.46664e-06	14.6514	3.15587	X	67489327	C	A	0.0016002016436354892	2.7958252878438303
X:93057450:AG:A	116.321	1.10526e-06	18.4718	3.15542	X	93057450	AG	A	0.0016026721141462676	2.7951553195563164
X:44892585:A:G	15.569	8.18013e-06	14.4591	3.15528	X	44892585	A	G	0.0016034414207119208	2.7949469017325965
X:51940211:AT:A	52.8879	3.10781e-06	16.6498	3.15526	X	51940211	AT	A	0.0016035513493943044	2.7949171284068655
X:51988668:T:C	55.7999	2.38862e-06	16.9666	3.1551	X	51988668	T	C	0.0016044310286289366	2.7946789476427574
X:90289586:C:T	18.3788	3.2467e-06	15.5491	3.15504	X	90289586	C	T	0.0016047610228483748	2.794589632533678
X:117435066:ATGTGTGTGTGTGTGTGTGTGTGTGTG:A	33.56	8.30662e-06	15.2118	3.15485	X	117435066	ATGTGTGTGTGTGTGTGTGTGTGTGTG	A	0.0016058064167528475	2.7943068109896902
X:104931947:AGT:A	29.0355	5.88306e-06	15.412	3.15477	X	104931947	AGT	A	0.0016062467701127752	2.794187732615593
X:64135786:C:T	13.5555	4.32221e-06	14.9585	3.15472	X	64135786	C	T	0.0016065220474050495	2.7941133099502156
X:125191543:CA:C	108.459	1.0322e-06	18.4702	3.1547	X	125191543	CA	C	0.0016066321704804939	2.794083541168034
X:82604191:C:T	44.534	1.13248e-06	17.4874	3.15463	X	82604191	C	T	0.001607017655965187	2.7939793517082605
X:82153175:TAA:T	114.541	1.09159e-06	18.4688	3.15407	X	82153175	TAA	T	0.001610104606083561	2.793145907589841
X:93057029:TTC:T	116.201	1.10764e-06	18.4686	3.15398	X	93057029	TTC	T	0.001610601231846002	2.793011973079357
X:96235307:ACT:A	116.082	1.10812e-06	18.4671	3.15332	X	96235307	ACT	A	0.0016142474644945865	2.7920298870697917
X:64336495:T:TA	12.1444	4.16589e-06	14.8855	3.15317	X	64336495	T	TA	0.0016150772126386054	2.7918067103475512
X:93057602:ACTTAG:A	115.485	1.10576e-06	18.4641	3.15196	X	93057602	ACTTAG	A	0.0016217848836036339	2.7900067518878635
X:67106263:CA:C	18.2288	3.24328e-06	15.5419	3.15171	X	67106263	CA	C	0.001623173958043665	2.789634933673491
X:65986741:T:C	15.681	8.29992e-06	14.4517	3.1515	X	65986741	T	C	0.0016243416266964502	2.7893226259655113
X:64688461:C:A	13.1405	5.7517e-06	14.6417	3.15116	X	64688461	C	A	0.0016262337770273124	2.7888170228409095
X:82531348:C:G	43.0373	1.10432e-06	17.4783	3.15076	X	82531348	C	G	0.0016284624332055817	2.7882222556681606
X:64351334:TA:T	116.201	1.11588e-06	18.4612	3.15064	X	64351334	TA	T	0.0016291315779723334	2.78804383817176
X:93056844:TTTA:T	115.604	1.11074e-06	18.4607	3.1504	X	93056844	TTTA	T	0.0016304706266997116	2.7876870207017146
X:64541407:C:T	12.4285	4.29046e-06	14.8791	3.15017	X	64541407	C	T	0.0016317548321305522	2.7873450925498484
X:70580562:G:A	70.1201	1.86644e-06	17.4417	3.15005	X	70580562	G	A	0.0016324252218193843	2.7871667037711254
X:64559693:C:T	13.4087	4.31769e-06	14.9487	3.15005	X	64559693	C	T	0.0016324252218193843	2.7871667037711254
X:106652019:C:CT	12.8583	5.64777e-06	14.6382	3.14947	X	106652019	C	CT	0.0016356690132721952	2.786304573679586
X:7240531:GTGTATATA:G	113.261	1.09059e-06	18.4585	3.14942	X	7240531	GTGTATATA	G	0.001635948928004326	2.7862302585082874
X:48022322:ACTCT:A	112.458	1.08302e-06	18.4583	3.14935	X	48022322	ACTCT	A	0.0016363408826883356	2.7861262189720097
X:33851642:G:A	19.8477	6.69665e-06	14.902	3.14929	X	33851642	G	A	0.0016366769126268453	2.7860370438084825
X:87168225:C:T	13.2737	4.28272e-06	14.9467	3.1491	X	87168225	C	T	0.001637741426416004	2.7857546654237075
X:33850067:A:G	19.8816	6.71229e-06	14.9014	3.14898	X	33850067	A	G	0.0016384140791595734	2.785576328724868
X:73279088:TC:T	116.201	1.12057e-06	18.457	3.14874	X	73279088	TC	T	0.0016397601474184046	2.7852196728490513
X:27397224:T:A	21.4623	4.73666e-06	15.3265	3.14865	X	27397224	T	A	0.0016402651853296177	2.7850859329187307
X:44947279:T:C	12.3079	4.26603e-06	14.8751	3.14827	X	44947279	T	C	0.0016423991460964337	2.784521289432462
X:95389392:C:T	116.201	1.12353e-06	18.4544	3.14755	X	95389392	C	T	0.0016464494477785566	2.7834515992295477
X:140289820:A:G	12.0449	7.52212e-06	14.2863	3.14753	X	140289820	A	G	0.001646562087247101	2.7834218886141233
X:75756832:A:T	25.9272	3.82176e-06	15.7301	3.14752	X	75756832	A	T	0.0016466184096404573	2.783407033367247
X:70581235:A:G	70.1201	1.87698e-06	17.4361	3.1475	X	70581235	A	G	0.001646731059745569	2.7833773229951717
X:133524358:CAAAAA:C	115.13	1.11443e-06	18.4532	3.14704	X	133524358	CAAAAA	C	0.001649323970242842	2.7826940292133124
X:86759158:ATATT:A	84.1846	1.89705e-06	17.6082	3.14695	X	86759158	ATATT	A	0.0016498317180261108	2.782560351337487
X:64799920:G:A	13.5841	4.40895e-06	14.9408	3.14629	X	64799920	G	A	0.001653559598862156	2.7815801472936705
X:64333516:C:T	13.1451	5.81267e-06	14.6315	3.1462	X	64333516	C	T	0.00165406854632747	2.7814464967937917
X:29139856:T:TTAA	31.5701	6.38768e-06	15.4134	3.1457	X	29139856	T	TTAA	0.0016568986579039763	2.7807040538371743
X:64035207:C:T	113.724	1.10436e-06	18.45	3.1456	X	64035207	C	T	0.0016574652145989104	2.780555577412643
X:48023127:CTT:C	113.031	1.09774e-06	18.4499	3.14555	X	48023127	CTT	C	0.0016577485597847688	2.780481340721216
X:7236030:TTAATA:T	116.082	1.12824e-06	18.4491	3.1452	X	7236030	TTAATA	T	0.001659733224323863	2.779961712270074
X:133524358:CAAAAAA:C	114.541	1.11454e-06	18.448	3.14468	X	133524358	CAAAAAA	C	0.0016626859058733814	2.7791897845926057
X:86432756:T:A	115.604	1.12532e-06	18.4476	3.14451	X	86432756	T	A	0.0016636522533895262	2.7789374474064417
X:56843745:GCTGT:G	25.9905	3.85562e-06	15.7237	3.14448	X	56843745	GCTGT	G	0.001663822838935327	2.7788929185313975
X:117360013:T:TG	15.616	8.38206e-06	14.4377	3.14432	X	117360013	T	TG	0.0016647329003364995	2.778655437362068
X:29144010:A:G	11.8781	7.46521e-06	14.28	3.14431	X	29144010	A	G	0.0016647897943775987	2.7786405951336945
X:70677810:C:CT	15.0308	5.63494e-06	14.7966	3.14416	X	70677810	C	CT	0.001665643419696746	2.778417966574581
X:122712335:C:T	46.2603	3.23317e-06	16.4763	3.1441	X	122712335	C	T	0.0016659849825666794	2.778328917705833
X:117359943:C:A	15.616	8.38633e-06	14.4372	3.14405	X	117359943	C	A	0.0016662696675165828	2.778254711430438
X:93056833:ATT:A	116.082	1.13129e-06	18.4464	3.14398	X	93056833	ATT	A	0.0016666683016391232	2.778150824348143
X:110522908:TAA:T	116.082	1.13268e-06	18.4452	3.14343	X	110522908	TAA	T	0.0016698034812795976	2.7773346378451693
X:70678183:CT:C	68.1941	1.84227e-06	17.4269	3.14333	X	70678183	CT	C	0.0016703740965519373	2.7771862534789475
X:86432242:G:T	115.604	1.12887e-06	18.4445	3.14309	X	86432242	G	T	0.001671744305218992	2.776830147545547
X:44941154:AC:A	109.988	1.07547e-06	18.4431	3.14248	X	44941154	AC	A	0.0016752315744130494	2.775925150096865
X:89957026:CA:C	21.1428	4.72703e-06	15.3135	3.14242	X	89957026	CA	C	0.0016755749457541412	2.7758361421053235
X:78699213:GA:G	116.201	1.1365e-06	18.4429	3.14237	X	78699213	GA	G	0.0016758611379975282	2.7757619698942104
X:7240531:GTGTATA:G	107.067	1.04771e-06	18.4424	3.14214	X	7240531	GTGTATA	G	0.001677178201624077	2.775420790780691
X:7264242:C:A	38.5351	3.41633e-06	16.2385	3.14212	X	7264242	C	A	0.0016772927738859062	2.7753911240454747
X:79143351:C:T	22.984	4.74272e-06	15.3937	3.14206	X	79143351	C	T	0.0016776365338743477	2.775302124813058
X:44922916:A:AC	14.5257	5.47073e-06	14.792	3.14192	X	44922916	A	AC	0.0016784388925834988	2.775094465614589
X:80161830:T:A	13.4041	4.39177e-06	14.9313	3.14181	X	80161830	T	A	0.001679069564924011	2.7749313103915645
X:84490879:T:C	19.4479	3.59513e-06	15.5037	3.14146	X	84490879	T	C	0.0016810777002851827	2.774412212779902
X:7263829:ATG:A	38.5351	3.42237e-06	16.2367	3.14128	X	7263829	ATG	A	0.001682111315704255	2.7741452676365204
X:128151143:C:CA	12.3244	4.3361e-06	14.8601	3.14121	X	128151143	C	CA	0.0016825134351186259	2.7740414591844686
X:43479624:C:T	11.9644	7.57058e-06	14.2732	3.14087	X	43479624	C	T	0.0016844678447458477	2.773537274966465
X:130859697:T:G	73.4361	1.99878e-06	17.4194	3.13994	X	130859697	T	G	0.001689824403636278	2.7721584223058158
X:90289921:C:T	18.2141	3.32392e-06	15.5166	3.13992	X	90289921	C	T	0.0016899397703647372	2.7721287734125766
X:70580737:GATA:G	116.201	1.14293e-06	18.4372	3.13982	X	70580737	GATA	G	0.0016905167126913107	2.7719805313792913
X:64350794:CT:C	114.424	1.12617e-06	18.4366	3.13954	X	64350794	CT	C	0.0016921331152355823	2.7715654752578165
X:109218813:G:A	12.1891	4.30421e-06	14.8565	3.13948	X	109218813	G	A	0.0016924796721186498	2.771476538796269
X:140291879:GT:G	114.307	1.12545e-06	18.4362	3.13936	X	140291879	GT	G	0.001693172981755781	2.7712986702523588
X:70581008:TTTTG:T	116.201	1.14509e-06	18.4354	3.13897	X	70581008	TTTTG	T	0.001695428042689021	2.7707206378093696
X:92498901:TATATTATA:T	59.1771	2.6241e-06	16.9313	3.13875	X	92498901	TATATTATA	T	0.0016967013467714352	2.7703945954334697
X:70378082:CAT:C	115.367	1.13803e-06	18.4343	3.13851	X	70378082	CAT	C	0.0016980914089146444	2.770038935223563
X:78835514:AC:A	115.367	1.13815e-06	18.4342	3.13846	X	78835514	AC	A	0.0016983811370112013	2.769964842286146
X:86431380:TCTTA:T	116.201	1.14726e-06	18.4335	3.13812	X	86431380	TCTTA	T	0.0017003524942229978	2.769461037194104
X:24184955:C:CTATTAT	29.2161	6.12257e-06	15.3782	3.13808	X	24184955	C	CTATTAT	0.001700584556918882	2.7694017690883324
X:117434782:T:C	48.6038	3.44449e-06	16.4624	3.13748	X	117434782	T	C	0.0017040689949272489	2.7685128253500837
X:86432076:T:C	115.604	1.14305e-06	18.432	3.13745	X	86432076	T	C	0.0017042433890821153	2.7684683819947407
X:99359823:C:T	52.741	3.21766e-06	16.6122	3.13721	X	99359823	C	T	0.0017056391333906218	2.7681128482887023
X:96232506:CA:C	116.201	1.15002e-06	18.4311	3.13703	X	96232506	CA	C	0.0017066866314948213	2.767846213335247
X:15041263:C:T	17.1548	5.3576e-06	14.9793	3.13681	X	15041263	C	T	0.0017079677104650398	2.7675203440096667
X:86877656:G:A	72.129	1.97861e-06	17.4116	3.13639	X	86877656	G	A	0.001710415862928644	2.766898284334531
X:114429188:CT:C	20.7575	4.70132e-06	15.3006	3.13621	X	114429188	CT	C	0.0017114660587729598	2.766631709224775
X:48021788:CAG:C	109.11	1.08204e-06	18.429	3.13612	X	48021788	CAG	C	0.0017119913790594275	2.7664984265959838
X:85635654:GA:G	99.347	1.74471e-06	17.8575	3.13608	X	85635654	GA	G	0.001712224902340289	2.7664391909262145
X:7204931:A:G	16.0125	4.17994e-06	15.1586	3.13549	X	7204931	A	G	0.0017156727753750568	2.765565540147195
X:96232030:C:T	116.201	1.15412e-06	18.4275	3.13543	X	96232030	C	T	0.0017160237639890186	2.7654767022111844
X:95387988:TTTTA:T	116.321	1.15546e-06	18.4274	3.13537	X	95387988	TTTTA	T	0.001716374818639206	2.765387865734718
X:33842275:T:C	15.0699	5.75337e-06	14.7784	3.13533	X	33842275	T	C	0.0017166088917649656	2.7653286422279306
X:93056810:CA:C	116.201	1.15443e-06	18.4272	3.13531	X	93056810	CA	C	0.0017167259393367773	2.765299030717794
X:34195244:C:T	15.2619	8.34034e-06	14.4198	3.13511	X	34195244	C	T	0.0017178968188142376	2.765002924535811
X:95388080:ATTGT:A	116.201	1.15578e-06	18.4261	3.13478	X	95388080	ATTGT	A	0.001719830375724349	2.7645143847899045
X:110522908:TA:T	114.19	1.13712e-06	18.4249	3.13424	X	110522908	TA	T	0.0017229986955505266	2.763715051347922
X:15031181:T:C	24.8862	3.77486e-06	15.7015	3.1339	X	15031181	T	C	0.0017249963164555732	2.7632118279789544
X:93516306:T:C	12.3995	4.43124e-06	14.8445	3.13382	X	93516306	T	C	0.0017254666543278221	2.7630934292912754
X:48913446:TGGTGGTGTCC:T	116.321	1.15945e-06	18.4239	3.13381	X	48913446	TGGTGGTGTCC	T	0.0017255254548533428	2.7630786296377488
X:15021780:C:T	115.248	1.14901e-06	18.4237	3.13371	X	15021780	C	T	0.0017261135614669955	2.762930635332235
X:86431009:T:C	115.604	1.15294e-06	18.4234	3.13356	X	86431009	T	C	0.0017269960670120079	2.762708651475348
X:44937468:A:G	47.1148	3.36756e-06	16.4539	3.13341	X	44937468	A	G	0.0017278789874621355	2.7624866767400817
X:95387761:C:T	116.201	1.15946e-06	18.4229	3.13335	X	95387761	C	T	0.0017282322718548578	2.76239788940002
X:25871281:GA:G	112.458	1.12214e-06	18.4228	3.13333	X	25871281	GA	G	0.001728350048079449	2.7623682939443213
X:64036089:AAC:A	116.201	1.16001e-06	18.4224	3.13313	X	64036089	AAC	A	0.0017295282163415748	2.7620723483061767
X:64353983:C:T	12.3451	4.41896e-06	14.8429	3.13306	X	64353983	C	T	0.0017299407496831935	2.761968771163861
X:95387582:TTGAGTA:T	116.201	1.1605e-06	18.422	3.13294	X	95387582	TTGAGTA	T	0.0017306481602218616	2.76179121497001
X:78991852:T:C	17.3121	5.4536e-06	14.9706	3.13268	X	78991852	T	C	0.0017321817957134547	2.7614065299099444
X:8307632:A:G	34.8222	3.91305e-06	16.0014	3.13263	X	8307632	A	G	0.0017324768688535607	2.7613325551555907
X:90291667:CA:C	116.082	1.16035e-06	18.4211	3.13253	X	90291667	CA	C	0.0017330671538043794	2.761184608687334
X:64614530:T:C	16.3676	4.30105e-06	15.152	3.13237	X	64614530	T	C	0.0017340119944173268	2.76094790277028
X:127909946:G:T	16.9127	5.33354e-06	14.9696	3.13216	X	127909946	G	T	0.0017352528165611788	2.760637242003554
X:85669288:A:AAAAT	15.921	4.18748e-06	15.1511	3.13194	X	85669288	A	AAAAT	0.0017365536011473232	2.7603118070418238
X:7249543:C:T	16.3234	4.29347e-06	15.151	3.13192	X	7249543	C	T	0.0017366718987419075	2.7602822230182285
X:78696879:A:G	21.3863	4.88911e-06	15.2912	3.13173	X	78696879	A	G	0.0017377960955332953	2.760001182881485
X:82597731:GT:G	115.723	1.1597e-06	18.4186	3.13139	X	82597731	GT	G	0.0017398094863829605	2.7594983054774636
X:64562491:G:A	13.39	4.4898e-06	14.9082	3.13083	X	64562491	G	A	0.0017431303359041455	2.7586701389670396
X:28130566:A:AT	12.1283	4.36239e-06	14.838	3.13078	X	28130566	A	AT	0.0017434271235715814	2.758596201710549
X:122702684:A:T	13.3997	4.49804e-06	14.9071	3.13031	X	122702684	A	T	0.0017462191996257103	2.7579012410355643
X:43480196:G:T	11.9684	7.73365e-06	14.2522	3.13023	X	43480196	G	T	0.0017466948558744844	2.757782958774896
X:127097243:T:C	84.0368	1.96459e-06	17.5715	3.12995	X	127097243	T	C	0.0017483605910539606	2.7573689912928248
X:83354886:C:T	116.442	1.17089e-06	18.4151	3.12985	X	83354886	C	T	0.00174895585035519	2.757221153465363
X:107184292:AAGAGAAGAAAGAAAGAAAGAAAG:A	114.424	1.15108e-06	18.4147	3.12966	X	107184292	AAGAGAAGAAAGAAAGAAAGAAAG	A	0.001750087356427557	2.756940272760806
X:86877581:A:AT	71.4307	1.99061e-06	17.3958	3.12924	X	86877581	A	AT	0.0017525909691357314	2.7563194304977783
X:75752856:G:GT	12.092	4.36437e-06	14.8346	3.12914	X	75752856	G	GT	0.0017531875525599423	2.7561716214505
X:109217363:GTATA:G	101.172	1.80394e-06	17.8424	3.12904	X	109217363	GTATA	G	0.0017537843226926688	2.756023816456717
X:128112949:ATGTGTGTG:A	88.085	2.06535e-06	17.5685	3.12857	X	128112949	ATGTGTGTG	A	0.0017565916448468721	2.75532918728213
X:34181025:TTTC:T	115.367	1.16341e-06	18.4123	3.12856	X	34181025	TTTC	T	0.0017566514199679995	2.755314408910816
X:64551591:AATTT:A	18.0441	3.37525e-06	15.4919	3.12844	X	64551591	AATTT	A	0.0017573688673066946	2.755137071616715
X:24213641:T:C	23.7846	3.64916e-06	15.6901	3.12841	X	24213641	T	C	0.0017575482712299236	2.7550927382052084
X:117425269:C:CGT	14.3371	5.52075e-06	14.7698	3.12811	X	117425269	C	CGT	0.001759343236800753	2.754649424154419
X:70580694:G:A	113.84	1.15032e-06	18.4103	3.12765	X	70580694	G	A	0.0017620987909544076	2.7539697467959146
X:93056532:CA:C	95.0383	1.69967e-06	17.8394	3.12764	X	93056532	CA	C	0.001762158738347535	2.753954972153695
X:34183199:A:G	12.7314	5.84991e-06	14.5932	3.12753	X	34183199	A	G	0.0017628182834313634	2.7537924537644707
X:64801410:C:CTT	15.222	8.44307e-06	14.4049	3.12748	X	64801410	C	CTT	0.001763118151668963	2.753718583390686
X:43480742:C:G	11.9644	7.77615e-06	14.2464	3.12729	X	43480742	C	G	0.0017642580787126697	2.753437885211782
X:107076316:CAAAT:C	66.0371	3.0666e-06	16.8852	3.12679	X	107076316	CAAAT	C	0.0017672611251616818	2.7526992757121462
X:75751786:C:G	19.6461	6.94208e-06	14.8558	3.12624	X	75751786	C	G	0.001770569903415264	2.751886922298575
X:133524754:G:A	116.201	1.17786e-06	18.4071	3.12624	X	133524754	G	A	0.001770569903415264	2.751886922298575
X:24213063:C:A	23.619	3.64071e-06	15.6854	3.12618	X	24213063	C	A	0.001770931205355328	2.751798309343449
X:117361461:C:A	15.4231	8.57669e-06	14.4023	3.12616	X	117361461	C	A	0.0017710516543961343	2.751768772015989
X:154407767:C:T	12.7968	5.90177e-06	14.5895	3.12573	X	154407767	C	T	0.0017736431310557928	2.7511337586893663
X:68784197:T:TA	12.077	4.39806e-06	14.8256	3.12492	X	68784197	T	TA	0.0017785342199521754	2.749937774339079
X:117435066:ATGTGTGTGTG:A	61.7401	2.87997e-06	16.8807	3.12466	X	117435066	ATGTGTGTGTG	A	0.0017801068258186665	2.7495539345048843
X:107184292:AAGAGAAG:A	113.377	1.15383e-06	18.4031	3.12443	X	107184292	AAGAGAAG	A	0.0017814990425492905	2.7492144067205837
X:64036275:GA:G	115.843	1.17902e-06	18.4031	3.1244	X	64036275	GA	G	0.0017816807098075059	2.7491701220684823
X:70694275:C:A	17.3813	5.57264e-06	14.953	3.12424	X	70694275	C	A	0.0017826498894843443	2.748933943417669
X:127649993:G:A	14.1723	5.50261e-06	14.7616	3.12409	X	127649993	G	A	0.0017835589355362314	2.7487125353554647
X:55708673:TTAA:T	38.8112	3.57562e-06	16.2001	3.12391	X	55708673	TTAA	T	0.0017846503532544873	2.7484468577177985
X:90291668:AT:A	97.111	1.7535e-06	17.8298	3.12318	X	90291668	AT	A	0.001789082954908173	2.747369521912437
X:95390739:CTA:C	109.438	1.11693e-06	18.4003	3.12315	X	95390739	CTA	C	0.0017892653329160861	2.7473252524584013
X:77048337:G:GA	12.3951	4.53206e-06	14.8216	3.12303	X	77048337	G	GA	0.0017899950158482738	2.7471481782897187
X:51991276:C:T	78.3689	2.41094e-06	17.2969	3.12286	X	51991276	C	T	0.0017910292015530936	2.7468973332073703
X:7172997:CAT:C	103.854	1.87662e-06	17.829	3.12285	X	7172997	CAT	C	0.0017910900531062728	2.7468825779790347
X:19290815:A:C	12.3084	4.50261e-06	14.8211	3.12279	X	19290815	A	C	0.0017914552023342038	2.746794047460086
X:128112949:ATGTGTG:A	55.8398	2.56315e-06	16.8968	3.12273	X	128112949	ATGTGTG	A	0.0017918204199856092	2.746705518400105
X:133524946:AAAAC:A	116.082	1.18591e-06	18.3993	3.1227	X	133524946	AAAAC	A	0.0017920030544737045	2.746661254417228
X:34195818:T:G	15.1994	8.50978e-06	14.3955	3.12268	X	34195818	T	G	0.0017921248203046718	2.7466317452979436
X:7258346:GGATA:G	82.9418	1.96995e-06	17.5556	3.12262	X	7258346	GGATA	G	0.0017924901634289922	2.746543218912732
X:7258056:ATAGCTAGC:A	116.201	1.18802e-06	18.3985	3.12236	X	7258056	ATAGCTAGC	A	0.0017940741081635208	2.746159621435884
X:34031896:A:G	24.1094	3.74686e-06	15.6772	3.12229	X	34031896	A	G	0.0017945007745738093	2.746056349872921
X:30833818:G:A	115.962	1.186e-06	18.3982	3.1222	X	30833818	G	A	0.0017950494827141327	2.745923575067002
X:7258009:GGGATGGATGGATGGAT:G	116.082	1.18933e-06	18.3964	3.1214	X	7258009	GGGATGGATGGATGGAT	G	0.0017999336704195847	2.7447434988419896
X:31800419:G:T	31.0009	6.58821e-06	15.3642	3.12137	X	31800419	G	T	0.0018001170648423647	2.7446992510289716
X:107184293:AGAG:A	112.801	1.15626e-06	18.3959	3.12119	X	107184293	AGAG	A	0.0018012177920848087	2.744433771810098
X:64571191:G:T	13.1451	6.12225e-06	14.5796	3.12095	X	64571191	G	T	0.001802686390694324	2.74407981994279
X:64692292:A:T	13.6418	4.67071e-06	14.8873	3.12093	X	64692292	A	T	0.0018028088235739308	2.744050325007488
X:114881882:A:T	54.5067	3.44127e-06	16.578	3.12074	X	114881882	A	T	0.0018039723171517634	2.743770131206759
X:30833724:A:G	115.604	1.18956e-06	18.3921	3.11945	X	30833724	A	G	0.0018118900930531809	2.7418681496107387
X:64547885:T:C	13.3947	4.60199e-06	14.8839	3.11929	X	64547885	T	C	0.0018128743659103035	2.741632291923498
X:5140409:G:C	13.2555	4.55616e-06	14.8834	3.11908	X	5140409	G	C	0.0018141669697469423	2.7413227444519617
X:107184292:AAGAG:A	112.572	1.15954e-06	18.3911	3.11899	X	107184292	AAGAG	A	0.0018147212020586164	2.7411900867203762
X:83552876:CTT:C	92.0091	2.20337e-06	17.5474	3.11881	X	83552876	CTT	C	0.0018158301335208316	2.7409247811040607
X:7176643:C:CA	17.2915	5.60737e-06	14.9416	3.11878	X	7176643	C	CA	0.0018160150159642827	2.740880564777782
X:105948076:CT:C	114.424	1.17922e-06	18.3906	3.11875	X	105948076	CT	C	0.00181619991570678	2.7408363488161984
X:63916173:C:CT	16.5206	4.47024e-06	15.1227	3.11859	X	63916173	C	CT	0.0018171863398882544	2.7406005365137243
X:78699494:CAATT:C	116.082	1.19765e-06	18.3894	3.11825	X	78699494	CAATT	C	0.0018192841262153494	2.7400994698142287
X:107184291:AAAGAGAAGAAAGAAAG:A	112.344	1.16044e-06	18.3883	3.11772	X	107184291	AAAGAGAAGAAAGAAAG	A	0.0018225586437018641	2.7393184886745328
X:7198063:AC:A	108.243	1.11842e-06	18.388	3.11759	X	7198063	AC	A	0.0018233626539643805	2.7391269446462574
X:55708031:G:C	17.8406	3.4168e-06	15.4683	3.11748	X	55708031	G	C	0.0018240432249008913	2.738964874278705
X:64141793:C:CA	16.2354	4.40644e-06	15.1196	3.11716	X	64141793	C	CA	0.0018260243951185536	2.7384934247236243
X:94868001:C:A	102.351	1.87314e-06	17.8163	3.11694	X	94868001	C	A	0.0018273875964585008	2.738169327223259
X:117435066:ATGTGTGTGTGTGTGTGTGTGTGTG:A	53.0725	3.37766e-06	16.57	3.11689	X	117435066	ATGTGTGTGTGTGTGTGTGTGTGTG	A	0.001827697545336459	2.738095671435517
X:87008945:T:C	21.4147	5.05062e-06	15.2601	3.11677	X	87008945	T	C	0.0018284416197513903	2.7379189016779115
X:83354877:TCTC:T	115.367	1.19446e-06	18.3859	3.11667	X	83354877	TCTC	T	0.0018290618943846012	2.7377715980036927
X:48978470:A:G	59.0461	2.74779e-06	16.883	3.11636	X	48978470	A	G	0.0018309859747226394	2.7373149823634555
X:87280574:TG:T	45.6347	1.26902e-06	17.3979	3.11629	X	87280574	TG	T	0.0018314207017963192	2.7372118809949866
X:7258009:GGGATGGAT:G	115.012	1.19332e-06	18.3838	3.11571	X	7258009	GGGATGGAT	G	0.0018350263763629853	2.7363576888906005
X:87176127:C:T	16.9128	5.52106e-06	14.935	3.1156	X	87176127	C	T	0.001835710946604692	2.7361957023163854
X:116774895:A:G	12.3497	4.5881e-06	14.8057	3.11549	X	116774895	A	G	0.0018363957514997838	2.736033720644818
X:117164245:G:T	45.3703	1.26447e-06	17.3957	3.11534	X	117164245	G	T	0.0018373299546474943	2.735812844448158
X:97472326:T:G	114.894	1.19426e-06	18.382	3.11489	X	97472326	T	G	0.0018401351847594227	2.735150270556524
X:114419609:G:A	18.6763	3.65786e-06	15.4459	3.11489	X	114419609	G	A	0.0018401351847594227	2.735150270556524
X:84493565:TAGCTAC:T	116.201	1.20812e-06	18.3818	3.11479	X	84493565	TAGCTAC	T	0.0018407591034168287	2.7350030430561127
X:112713503:CAT:C	17.1624	5.61512e-06	14.9328	3.11452	X	112713503	CAT	C	0.0018424446548128512	2.7346055490430685
X:82446744:T:G	14.909	5.94974e-06	14.7341	3.11382	X	82446744	T	G	0.00184682120928899	2.7335751465617224
X:116208068:T:TTGAC	25.529	4.0401e-06	15.6591	3.11373	X	116208068	T	TTGAC	0.001847384601609252	2.7334426806460383
X:70581294:CTTT:C	115.012	1.19921e-06	18.3789	3.11348	X	70581294	CTTT	C	0.0018489504089127162	2.73307473698814
X:133525100:GGAGAGAATGTT:G	114.658	1.19589e-06	18.3786	3.11335	X	133525100	GGAGAGAATGTT	G	0.0018497651105050372	2.7328834162932627
X:68780029:T:A	77.7093	2.44184e-06	17.2757	3.11292	X	68780029	T	A	0.001852462242970731	2.7322506350822766
X:90283781:A:G	13.4186	4.67264e-06	14.8704	3.1129	X	90283781	A	G	0.0018525877788823492	2.7322212052211974
X:7204481:CTCCCTCCCTTCCTTCCTCCCTCCCTCCT:C	115.367	1.20701e-06	18.3755	3.11195	X	7204481	CTCCCTCCCTTCCTTCCTCCCTCCCTCCT	C	0.001858559745371368	2.7308234734877863
X:84494062:TA:T	116.201	1.21574e-06	18.3755	3.11195	X	84494062	TA	T	0.001858559745371368	2.7308234734877863
X:78679268:C:T	18.6221	3.67126e-06	15.4393	3.11187	X	78679268	C	T	0.001859063454330518	2.730705786454415
X:81789435:C:CATTTATTT	13.9305	5.57286e-06	14.7317	3.10958	X	81789435	C	CATTTATTT	0.0018735354091616323	2.727338094479345
X:30833473:ACT:A	116.321	1.22457e-06	18.3693	3.10915	X	30833473	ACT	A	0.0018762643636681738	2.726705970011591
X:37360865:C:A	15.4286	8.87467e-06	14.3685	3.10882	X	37360865	C	A	0.0018783611534001622	2.7262209020329924
X:62921154:TAA:T	113.957	1.20102e-06	18.3682	3.10864	X	62921154	TAA	T	0.001879505763899055	2.725956338092911
X:106604455:C:CA	13.6033	4.78235e-06	14.8609	3.10838	X	106604455	C	CA	0.0018811602212868692	2.725574213350508
X:28137758:G:GT	20.3298	7.44658e-06	14.8198	3.1083	X	28137758	G	GT	0.0018816695541640739	2.7254566420158617
X:80180849:T:C	22.304	4.93784e-06	15.3233	3.10819	X	80180849	T	C	0.0018823700937019036	2.7252949856638518
X:127947599:T:G	40.3352	3.23303e-06	16.3393	3.10761	X	127947599	T	G	0.001886067810942562	2.724442696864467
X:73283091:T:TAG	68.8454	2.01255e-06	17.348	3.10755	X	73283091	T	TAG	0.001886450713968702	2.7243545368351234
X:93048643:G:A	22.015	4.88104e-06	15.3219	3.10748	X	93048643	G	A	0.001886897524408461	2.7242516853106458
X:73272967:C:T	16.2167	4.49536e-06	15.0985	3.10722	X	73272967	C	T	0.0018885579572088316	2.7238696827402133
X:101990261:A:T	14.1519	5.69699e-06	14.7254	3.10653	X	101990261	A	T	0.0018929709993686032	2.722856039449127
X:122708429:CAA:C	115.13	1.2203e-06	18.3625	3.10608	X	122708429	CAA	C	0.0018958541709350634	2.722195071636095
X:154407763:C:CT	12.7618	6.13394e-06	14.5481	3.10563	X	154407763	C	CT	0.0018987413752318372	2.7215341858468545
X:90291667:CATT:C	114.658	1.21656e-06	18.3614	3.10561	X	90291667	CATT	C	0.001898869789101917	2.7215048150488537
X:7234902:CAT:C	114.307	1.21419e-06	18.3603	3.1051	X	7234902	CAT	C	0.001902147039012235	2.7207559144420315
X:84494029:TA:T	114.776	1.2192e-06	18.3603	3.10509	X	84494029	TA	T	0.001902211350710025	2.7207412311695247
X:41186830:A:AT	13.7582	5.56045e-06	14.7215	3.10461	X	41186830	A	AT	0.0019053006616613745	2.720036481722057
X:7269751:T:C	37.5255	3.60331e-06	16.1587	3.10429	X	7269751	T	C	0.0019073627614504807	2.7195667006018884
X:19290792:T:G	11.8432	8.05541e-06	14.2009	3.10424	X	19290792	T	G	0.001907685149627298	2.7194933010484257
X:19290823:C:T	11.8432	8.05541e-06	14.2009	3.10424	X	19290823	C	T	0.001907685149627298	2.7194933010484257
X:64189120:A:AG	16.6044	4.63205e-06	15.0922	3.10424	X	64189120	A	AG	0.001907685149627298	2.7194933010484257
X:105752161:C:T	57.3055	2.73934e-06	16.8562	3.10392	X	105752161	C	T	0.0019097496192596538	2.7190235678841015
X:127555768:C:CTTT	13.5985	4.82965e-06	14.8507	3.10354	X	127555768	C	CTTT	0.001912203841723064	2.7184658136201616
X:101778623:G:A	11.9527	8.14204e-06	14.1994	3.10348	X	101778623	G	A	0.0019125916151934137	2.718377752503757
X:81958011:A:T	25.9778	4.20121e-06	15.6374	3.10342	X	81958011	A	T	0.0019129794608773155	2.7182896928454334
X:67927269:C:T	16.0248	4.47925e-06	15.0902	3.10331	X	67927269	C	T	0.0019136906988924435	2.718128253925458
X:82157990:A:C	23.3682	3.78425e-06	15.636	3.1027	X	82157990	A	C	0.0019176392461299529	2.7172330906748305
X:110524713:C:T	99.7271	1.88213e-06	17.7855	3.10266	X	110524713	C	T	0.0019178984284596847	2.717174396710474
X:64547128:T:C	13.3853	4.76834e-06	14.8477	3.1021	X	64547128	T	C	0.0019215303603633827	2.716352749251092
X:64325048:G:T	12.7924	6.19388e-06	14.5408	3.10206	X	64325048	G	T	0.0019217900255916612	2.716294065006933
X:62921154:TA:T	108.459	1.16001e-06	18.3535	3.102	X	62921154	TA	T	0.001922179583851232	2.716206039855707
X:64367146:CCAGA:C	116.201	1.24316e-06	18.3532	3.10188	X	64367146	CCAGA	C	0.001922958917916461	2.716029993927287
X:64349427:C:T	12.3659	4.73104e-06	14.7763	3.10162	X	64349427	C	T	0.001924648470535458	2.7156485810894386
X:93056672:CA:C	110.654	1.18462e-06	18.3525	3.10157	X	93056672	CA	C	0.0019249735407359885	2.7155752356055216
X:64048674:C:A	16.1918	4.5441e-06	15.0862	3.10142	X	64048674	C	A	0.0019259490538574707	2.715355205228728
X:73236953:CTCTCTCTT:C	115.723	1.23935e-06	18.3521	3.1014	X	73236953	CTCTCTCTT	C	0.0019260791565662422	2.7153258685336494
X:88773964:TACACAC:T	36.0125	4.321e-06	15.9359	3.1014	X	88773964	TACACAC	T	0.0019260791565662422	2.7153258685336494
X:64366908:AT:A	116.082	1.24355e-06	18.3518	3.10127	X	64366908	AT	A	0.001926925020905914	2.715135183964342
X:86553948:T:C	31.435	6.96688e-06	15.3223	3.10057	X	86553948	T	C	0.001931485541284391	2.7141085385488823
X:114887786:C:T	54.8549	3.61218e-06	16.5359	3.10049	X	114887786	C	T	0.0019320073741849973	2.7139912202798726
X:21969965:C:T	15.2171	8.9086e-06	14.3509	3.09977	X	21969965	C	T	0.0019367096990423117	2.7129354724933634
X:85688302:TA:T	94.8611	1.80192e-06	17.7791	3.09966	X	85688302	TA	T	0.0019374290344607826	2.71277419617986
X:73284027:G:C	96.8368	1.83954e-06	17.779	3.09964	X	73284027	G	C	0.0019375598490719295	2.7127448737402338
X:127094145:ATG:A	59.1765	2.85543e-06	16.8468	3.09957	X	127094145	ATG	A	0.0019380177640786922	2.712642246477207
X:79000745:T:C	26.5311	3.14419e-06	15.9483	3.09922	X	79000745	T	C	0.0019403088299671549	2.7121291399274363
X:69677657:C:T	25.602	4.18283e-06	15.6272	3.09857	X	69677657	C	T	0.0019445702653641719	2.711176359377622
X:117260546:GTATAAA:G	115.962	1.25051e-06	18.3452	3.09829	X	117260546	GTATAAA	G	0.0019464086073048444	2.710765983558982
X:43454060:G:A	116.201	1.25313e-06	18.3452	3.09827	X	43454060	G	A	0.00194653997848079	2.710736672215378
X:114429789:C:T	32.5778	9.00121e-06	15.1018	3.09799	X	114429789	C	T	0.0019483800299252216	2.710326330412999
X:43454015:ACTT:A	116.201	1.25403e-06	18.3445	3.09795	X	43454015	ACTT	A	0.001948643024741121	2.710267712747214
X:7210597:GAATA:G	115.962	1.25148e-06	18.3444	3.09794	X	7210597	GAATA	G	0.0019487087785374272	2.7102530584320053
X:73715901:C:T	12.8274	6.26383e-06	14.5323	3.09793	X	73715901	C	T	0.0019487745343707756	2.710238404157292
X:91328750:AGAGAC:A	116.321	1.25578e-06	18.3441	3.09779	X	91328750	AGAGAC	A	0.0019496953299590145	2.710033248563284
X:67929449:G:A	16.1358	4.56423e-06	15.0783	3.09771	X	67929449	G	A	0.0019502216781911918	2.7099160203588353
X:19286996:A:T	13.2604	4.76802e-06	14.8384	3.09769	X	19286996	A	T	0.0019503532856315559	2.7098867137126716
X:67928536:T:A	16.0494	4.54024e-06	15.0782	3.09767	X	67928536	T	A	0.0019504849012257591	2.7098574072284864
X:7210511:TA:T	116.201	1.25517e-06	18.3436	3.09754	X	7210511	TA	T	0.0019513406013690093	2.70966691902952
X:93513185:G:GACAC	13.5319	4.86904e-06	14.8377	3.09736	X	93513185	G	GACAC	0.0019525259859449551	2.709403177436628
X:63931662:C:CA	13.7192	4.93791e-06	14.8374	3.09721	X	63931662	C	CA	0.0019535143113915327	2.709183402798242
X:7210504:ATATT:A	116.201	1.25614e-06	18.3428	3.09719	X	7210504	ATATT	A	0.001953646122813545	2.709154100201527
X:114430316:T:C	32.6312	9.04042e-06	15.0991	3.09659	X	114430316	T	C	0.0019576042643074587	2.70827509761868
X:118381576:C:CTT	11.9648	8.2675e-06	14.1851	3.09624	X	118381576	C	CTT	0.00195991657868858	2.7077624134324223
X:104936621:CT:C	113.031	1.22495e-06	18.3403	3.09605	X	104936621	CT	C	0.001961172884855633	2.7074841199327846
X:7189541:C:T	16.6303	4.72235e-06	15.0744	3.09589	X	7189541	C	T	0.001962231400246021	2.707249778849988
X:67105991:T:C	17.9201	3.59683e-06	15.4214	3.09568	X	67105991	T	C	0.001963621497637822	2.7069422219101327
X:127651244:G:A	14.1876	5.84321e-06	14.7026	3.09545	X	127651244	G	A	0.001965145022503283	2.706605394322193
X:41204574:T:TAC	14.0558	5.79131e-06	14.7022	3.09525	X	41204574	T	TAC	0.0019664707087096223	2.706312518178984
X:133527827:A:G	19.1318	3.91103e-06	15.4031	3.09519	X	133527827	A	G	0.001966868574630237	2.7062246584943743
X:66293782:T:C	12.6064	6.19342e-06	14.5262	3.09497	X	66293782	T	C	0.001968328048646256	2.7059025187888506
X:87147376:CTT:C	116.082	1.26113e-06	18.3378	3.09493	X	87147376	CTT	C	0.001968593514342975	2.7058439500388514
X:122708587:CA:C	113.377	1.23213e-06	18.3375	3.09479	X	122708587	CA	C	0.001969522903124723	2.7056389645157424
X:67935853:A:AT	23.4115	3.85613e-06	15.6191	3.09462	X	67935853	A	AT	0.0019706519881315214	2.7053900641927835
X:64366047:CAAG:C	113.957	1.23968e-06	18.3365	3.09434	X	64366047	CAAG	C	0.0019725129528950845	2.704980136228864
X:107781694:A:C	44.0545	1.28994e-06	17.3463	3.09417	X	107781694	A	C	0.0019736436112660297	2.7047312668812484
X:102782817:A:G	11.9131	8.26613e-06	14.181	3.09413	X	102782817	A	G	0.001973909734974414	2.7046727110882833
X:83354880:C:T	110.209	1.19955e-06	18.3359	3.0941	X	83354880	C	T	0.001974109349371644	2.704628794668708
X:67105713:T:C	17.9129	3.60809e-06	15.4179	3.09404	X	67105713	T	C	0.0019745086337566546	2.70454096292279
X:82627707:G:A	14.8051	6.15754e-06	14.6928	3.09375	X	82627707	G	A	0.0019764395535473134	2.704116463366182
X:154004304:G:T	26.5834	3.18887e-06	15.9361	3.09361	X	154004304	G	T	0.0019773723419518924	2.703911544733169
X:102745767:G:C	12.2997	4.78758e-06	14.7591	3.09348	X	102745767	G	C	0.0019782388644293304	2.703721270251284
X:44885797:A:G	15.5574	9.22482e-06	14.3382	3.09322	X	44885797	A	G	0.0019799729551422678	2.7033407418155866
X:99809689:C:T	20.5961	5.10317e-06	15.2107	3.09308	X	99809689	C	T	0.0019809072741170585	2.7031358532256125
X:64569917:G:T	13.1133	6.46784e-06	14.5223	3.09305	X	64569917	G	T	0.0019811075379698884	2.703091949560226
X:30833427:ACAC:A	113.377	1.23869e-06	18.3322	3.0924	X	30833427	ACAC	A	0.0019854511540449314	2.7021407929565298
X:107184292:AAGAGAAGAAAGAAAG:A	111.101	1.21389e-06	18.3321	3.09237	X	107184292	AAGAGAAGAAAGAAAG	A	0.001985651839506431	2.702096897550773
X:128143936:G:A	13.7046	4.98407e-06	14.827	3.09229	X	128143936	G	A	0.0019861870917659242	2.7019798449168904
X:64348979:C:T	12.3617	4.8254e-06	14.7562	3.09214	X	64348979	C	T	0.0019871910467125324	2.7017603782125024
X:110525611:A:G	99.7271	1.9256e-06	17.7627	3.09206	X	110525611	A	G	0.0019877266797838976	2.7016433330283585
X:84498821:GCACACACACACA:G	49.725	3.87707e-06	16.3669	3.09194	X	84498821	GCACACACACACA	G	0.00198853037786228	2.701467770110644
X:82152678:C:CA	27.0483	3.25799e-06	15.932	3.09171	X	82152678	C	CA	0.0019900716329242746	2.7011312908145007
X:73279719:TA:T	116.082	1.27062e-06	18.3303	3.09155	X	73279719	TA	T	0.0019911444569448373	2.7008972308926356
X:107184292:AAGAGAAGAAAG:A	110.877	1.21493e-06	18.3292	3.09108	X	107184292	AAGAGAAGAAAG	A	0.0019942989481165764	2.7002097398127494
X:43453990:CT:C	115.012	1.26031e-06	18.3292	3.09105	X	43453990	CT	C	0.0019945004542643945	2.7001658604398786
X:67479755:T:A	14.8049	6.19339e-06	14.687	3.09093	X	67479755	T	A	0.0019953066657395413	2.6999903465921475
X:79733748:CAA:C	61.4623	3.07834e-06	16.8095	3.09092	X	79733748	CAA	C	0.001995373863528293	2.6999757207013304
X:107184291:AAAGAGAAGAAAGAAAGAAAG:A	110.989	1.21716e-06	18.3284	3.0907	X	107184291	AAAGAGAAGAAAGAAAGAAAG	A	0.0019968527404793973	2.6996539613462813
X:55731848:A:T	23.5311	3.90841e-06	15.6107	3.09064	X	55731848	A	T	0.0019972562451106694	2.699566212195714
X:131317010:AGT:A	52.0879	3.50303e-06	16.5148	3.09035	X	131317010	AGT	A	0.001999207572645011	2.699142111847736
X:91328330:TGAGAGAGA:T	114.424	1.25608e-06	18.3274	3.09025	X	91328330	TGAGAGAGA	T	0.0019998808498039224	2.6989958782430836
X:97473342:A:T	104.363	1.14573e-06	18.3273	3.09021	X	97473342	A	T	0.0020001502189299215	2.6989373859348076
X:83081460:T:A	90.015	2.29374e-06	17.4853	3.09007	X	83081460	T	A	0.002001093273119552	2.698732667956964
X:55807762:T:C	35.2185	4.32997e-06	15.9115	3.08979	X	55807762	T	C	0.0020029806058451177	2.6983232558063857
X:17003463:G:A	114.776	1.26165e-06	18.3261	3.08964	X	17003463	G	A	0.0020039923488176016	2.698103940924871
X:85690700:A:C	12.6493	6.28752e-06	14.5145	3.08928	X	85690700	A	C	0.002006422445829503	2.697577622373815
X:131317010:AGTGTGT:A	56.9764	2.81105e-06	16.8246	3.08927	X	131317010	AGTGTGT	A	0.002006489987112206	2.697563003163019
X:102743703:G:A	12.3079	4.83456e-06	14.75	3.08918	X	102743703	G	A	0.0020070979525588905	2.6974314320876265
X:64690308:T:A	13.39	4.90629e-06	14.8195	3.08873	X	64690308	T	A	0.0020101403164413897	2.6967736258982793
X:64688455:G:A	13.3806	4.90403e-06	14.8193	3.08862	X	64688455	G	A	0.002010884648811151	2.6966128412986436
X:67479208:A:G	14.794	6.22377e-06	14.6814	3.08819	X	67479208	A	G	0.002013796739286868	2.6959843666825645
X:105935567:G:A	14.1927	5.93932e-06	14.6866	3.0877	X	105935567	G	A	0.002017119885412245	2.6952682891815147
X:64618263:T:G	13.3713	4.91146e-06	14.817	3.08757	X	64618263	T	G	0.0020180023806885715	2.695078325750595
X:81964999:GC:G	116.201	1.28338e-06	18.3213	3.08751	X	81964999	GC	G	0.0020184098056875046	2.6949906526283978
X:81964928:ATT:A	116.201	1.28338e-06	18.3213	3.08751	X	81964928	ATT	A	0.0020184098056875046	2.6949906526283978
X:74281303:GA:G	116.201	1.28464e-06	18.3204	3.08706	X	74281303	GA	G	0.0020214679000557303	2.6943331506643915
X:127627837:G:A	12.5551	4.96011e-06	14.7442	3.08647	X	127627837	G	A	0.0020254838432014065	2.6934712167294474
X:101803644:A:G	73.9203	2.46135e-06	17.2178	3.08576	X	101803644	A	G	0.002030326293728359	2.6924341610137894
X:122712503:TAAATA:T	80.2616	2.67388e-06	17.2173	3.08551	X	122712503	TAAATA	T	0.0020320339091564085	2.692069049125992
X:81012654:TAC:T	21.4717	5.40505e-06	15.1949	3.08548	X	81012654	TAC	T	0.002032238911540914	2.6920252373995797
X:7234842:GT:G	114.073	1.26669e-06	18.3159	3.08507	X	7234842	GT	G	0.0020350425133583913	2.6914265136505056
X:55808524:T:C	58.916	2.9352e-06	16.8148	3.08475	X	55808524	T	C	0.0020372331557393097	2.6909592643447446
X:117420814:C:T	14.6001	6.19554e-06	14.6727	3.084	X	117420814	C	T	0.0020423759547358333	2.6898643112017573
X:64553756:C:T	13.6901	5.06801e-06	14.8092	3.08386	X	64553756	C	T	0.002043337262136309	2.6896599451657766
X:99359663:CT:C	113.146	1.26108e-06	18.3122	3.08339	X	99359663	CT	C	0.00204656754546117	2.6889739172112477
X:102168873:A:G	13.9255	5.87991e-06	14.6777	3.08335	X	102168873	A	G	0.002046842679420138	2.688915535982014
X:34188527:A:C	15.1203	9.142e-06	14.3187	3.08323	X	34188527	A	C	0.002047668284924795	2.6887403961800285
X:64352843:G:A	12.3203	4.90169e-06	14.7372	3.08314	X	64352843	G	A	0.0020482876895454682	2.6886090451535276
X:7177789:A:G	18.3109	3.77643e-06	15.3942	3.08305	X	7177789	A	G	0.002048907266063992	2.6884776974055793
X:81962504:C:A	27.7199	6.4942e-06	15.2668	3.08286	X	81962504	C	A	0.002050215825632596	2.688200418482025
X:128114266:A:G	48.057	3.82121e-06	16.3473	3.08259	X	128114266	A	G	0.00205207667665008	2.687806415673343
X:79007279:C:T	115.962	1.29481e-06	18.3104	3.08257	X	79007279	C	T	0.0020522145790891444	2.687777231453892
X:95386597:TC:T	108.028	1.20639e-06	18.3103	3.08251	X	95386597	TC	T	0.0020526283374210554	2.687689679766944
X:64566334:T:C	12.7444	6.43075e-06	14.4995	3.08197	X	64566334	T	C	0.0020563556078653186	2.6869017801537827
X:82617599:G:A	44.3074	1.3358e-06	17.3171	3.08165	X	82617599	G	A	0.0020585672897090227	2.686434932372258
X:132145120:C:CAT	14.1116	5.98602e-06	14.6731	3.08111	X	132145120	C	CAT	0.0020623044518513407	2.6856472207213624
X:20035861:C:T	16.1981	4.74661e-06	15.043	3.08109	X	20035861	C	T	0.0020624429847170495	2.6856180484822922
X:82588009:T:C	15.5569	9.44867e-06	14.3141	3.0809	X	82588009	T	C	0.0020637594727860894	2.685340920285523
X:73236947:TTCTC:T	115.843	1.29924e-06	18.306	3.08056	X	73236947	TTCTC	T	0.0020661172177522326	2.6848450431363955
X:5129871:T:C	51.2	3.51443e-06	16.4944	3.08052	X	5129871	T	C	0.0020663947619065626	2.684786707724189
X:119296576:C:T	116.082	1.30266e-06	18.3054	3.08031	X	119296576	C	T	0.0020678524299198135	2.6844804574341308
X:49609484:C:T	12.214	4.89018e-06	14.7309	3.08016	X	49609484	C	T	0.00206889419880741	2.6842617181544637
X:139869795:A:AAAT	20.2251	7.84042e-06	14.7631	3.08001	X	139869795	A	AAAT	0.0020699364491284372	2.6840429879810137
X:106651420:A:G	12.7881	6.47957e-06	14.4954	3.07995	X	106651420	A	G	0.00207035348410279	2.683955498461364
X:64123541:T:A	16.6044	4.87833e-06	15.0404	3.07987	X	64123541	T	A	0.0020709096506302516	2.6838388480349167
X:91432736:A:G	22.294	5.23588e-06	15.2643	3.07976	X	91432736	A	G	0.0020716746033894954	2.6836784579278428
X:127173421:TTTTA:T	116.082	1.30432e-06	18.3041	3.07974	X	127173421	TTTTA	T	0.0020718137135538814	2.6836492966163243
X:51301718:A:G	61.3243	3.14697e-06	16.7852	3.07939	X	51301718	A	G	0.002074249528913737	2.683138999869958
X:147663944:G:A	12.8343	6.51214e-06	14.494	3.07927	X	147663944	G	A	0.0020750852701588458	2.682964052398359
X:139847399:A:ACTAG	12.2956	4.93272e-06	14.7289	3.07922	X	139847399	A	ACTAG	0.002075433586832466	2.682891159338539
X:48912762:GACT:G	112.344	1.26406e-06	18.3027	3.07911	X	48912762	GACT	G	0.002076200072307029	2.6827307981683712
X:64158345:CA:C	17.5136	3.64452e-06	15.3853	3.07889	X	64158345	CA	C	0.002077733822297468	2.6824100905188817
X:154423320:TAAAC:T	116.201	1.30824e-06	18.3022	3.07885	X	154423320	TAAAC	T	0.0020780127975682104	2.6823517821416223
X:122713504:G:A	14.8762	6.38054e-06	14.662	3.0788	X	122713504	G	A	0.0020783615649744755	2.6822788975806313
X:78686547:C:T	17.8623	3.71785e-06	15.3851	3.07879	X	78686547	C	T	0.002078431324898703	2.682264320789843
X:80172007:C:A	13.7048	5.13048e-06	14.7981	3.07856	X	80172007	C	A	0.002080036396066897	2.6819290657715054
X:81965753:G:C	116.082	1.30813e-06	18.3012	3.07842	X	81965753	G	C	0.002081013952493698	2.681725007981209
X:95386498:CTT:C	107.492	1.21136e-06	18.3012	3.07841	X	95386498	CTT	C	0.0020810837940757115	2.6817104327282832
X:24215792:A:T	26.3754	3.27e-06	15.9032	3.07838	X	24215792	A	T	0.002081293331722252	2.6816667072123246
X:122713682:T:A	14.8762	6.38704e-06	14.661	3.07831	X	122713682	T	A	0.0020817823281580076	2.681564682424862
X:128112949:ATGTG:A	69.3953	2.164e-06	17.2834	3.07825	X	128112949	ATGTG	A	0.002082201551834096	2.681477234185353
X:64549570:C:T	13.3666	5.00925e-06	14.797	3.07805	X	64549570	C	T	0.0020835995234171904	2.6811857505757333
X:106650590:AT:A	115.962	1.30826e-06	18.3001	3.07791	X	106650590	AT	A	0.0020845786157149405	2.6809817216807033
X:20694889:T:C	11.8505	8.49143e-06	14.1488	3.07783	X	20694889	T	C	0.0020851382864819725	2.680865137301972
X:127549759:G:C	13.9305	5.95017e-06	14.6662	3.07776	X	127549759	G	C	0.0020856281114597563	2.680763128095207
X:64133516:G:A	13.5794	5.09635e-06	14.7955	3.07736	X	64133516	G	A	0.00208842913660686	2.680180256382932
X:70694035:C:T	12.1243	4.88422e-06	14.7247	3.07726	X	70694035	C	T	0.002089129931812129	2.6800345485720003
X:87176197:TAGATAGATA:T	116.201	1.31369e-06	18.298	3.07697	X	87176197	TAGATAGATA	T	0.002091163457824897	2.679612018805069
X:81965265:C:T	114.658	1.29699e-06	18.2974	3.07671	X	81965265	C	T	0.002092988162422163	2.679233227948591
X:109169017:AC:A	29.8921	6.95443e-06	15.2737	3.07652	X	109169017	AC	A	0.0020943225237925246	2.678956436545681
X:128145007:T:TA	14.0809	6.02997e-06	14.6636	3.0765	X	128145007	T	TA	0.002094463028263477	2.6789273014583475
X:53356020:C:T	28.739	6.82362e-06	15.2534	3.07623	X	53356020	C	T	0.0020963606849942725	2.6785339936222528
X:91466434:C:T	29.861	6.95159e-06	15.2731	3.07621	X	91466434	C	T	0.0020965013148716346	2.6785048608820126
X:7258105:CATAGATAGATAG:C	43.7207	1.33503e-06	17.3044	3.07618	X	7258105	CATAGATAGATAG	C	0.002096712275911092	2.678461162075154
X:7215800:G:A	116.201	1.31664e-06	18.2958	3.07596	X	7215800	G	A	0.0020982599185395143	2.67814071528656
X:64342365:A:C	12.3742	5.00045e-06	14.7216	3.07579	X	64342365	A	C	0.0020994565417355973	2.677893110728238
X:117426697:A:C	15.1655	9.31217e-06	14.3032	3.0753	X	117426697	A	C	0.002102909134931128	2.6771794924352017
X:82535717:TTTG:T	116.201	1.31861e-06	18.2943	3.07528	X	82535717	TTTG	T	0.002103050167649407	2.677150367221697
X:5117087:ATGTG:A	88.482	2.3281e-06	17.4533	3.07525	X	5117087	ATGTG	A	0.0021032617329917844	2.6771066797049343
X:33343516:A:G	116.201	1.31887e-06	18.2941	3.07519	X	33343516	A	G	0.002103684922236329	2.67701930576398
X:106651221:TA:T	116.201	1.31915e-06	18.2938	3.07509	X	106651221	TA	T	0.002104390411184585	2.6768736857663016
X:87176197:TA:T	115.843	1.31531e-06	18.2937	3.07502	X	87176197	TA	T	0.002104884382546469	2.6767717541756206
X:117420547:T:C	14.2235	6.11144e-06	14.6602	3.07488	X	117420547	T	C	0.002105872644309107	2.6765678969426654
X:10790304:G:C	90.2607	2.37691e-06	17.4524	3.07486	X	10790304	G	C	0.002106013859293553	2.6765387751282588
X:100095900:A:T	102.055	2.04651e-06	17.7249	3.07451	X	100095900	A	T	0.0021084865277652062	2.676029169577229
X:133530880:T:TACACACACAC	14.1621	6.0912e-06	14.6592	3.07439	X	133530880	T	TACACACACAC	0.0021093349125367766	2.675854459085091
X:122712503:TAAATAAAATAAAATA:T	94.5086	1.89585e-06	17.7245	3.07434	X	122712503	TAAATAAAATAAAATA	T	0.0021096884985787904	2.675781664766444
X:101777422:G:T	11.9566	8.6327e-06	14.1412	3.07398	X	101777422	G	T	0.0021122359231370257	2.6752575755348715
X:127338453:CTTTCTTT:C	91.5883	2.41762e-06	17.45	3.07375	X	127338453	CTTTCTTT	C	0.0021138649208990536	2.6749227682028986
X:142757136:CTCTCTATA:C	115.843	1.31975e-06	18.2903	3.07349	X	142757136	CTCTCTATA	C	0.0021157077839163052	2.6745443161247344
X:16519701:CT:C	101.367	2.03804e-06	17.7223	3.07329	X	16519701	CT	C	0.002117126373294076	2.6742532177546887
X:87171853:A:G	13.3526	5.05577e-06	14.7867	3.07317	X	87171853	A	G	0.002117977945553413	2.674078566501585
X:128145833:A:C	13.7095	5.1912e-06	14.7866	3.07314	X	128145833	A	C	0.002118190887692501	2.6740349045987246
X:5142765:A:T	13.2417	5.01439e-06	14.7866	3.07311	X	5142765	A	T	0.002118403849464517	2.673991243060032
X:44943168:G:C	12.3121	5.00631e-06	14.7154	3.07286	X	44943168	G	C	0.0021201792946178434	2.673627411066228
X:64161542:A:AT	14.4099	6.25673e-06	14.6498	3.07285	X	64161542	A	AT	0.002120250340798251	2.67361285831249
X:82535984:GTGTT:G	55.2458	2.82507e-06	16.7888	3.07266	X	82535984	GTGTT	G	0.002121600633097804	2.673336363679336
X:106648215:TA:T	69.6171	2.19905e-06	17.2705	3.07241	X	106648215	TA	T	0.0021233785349317864	2.6729725772057407
X:85637920:G:GTTT	14.265	6.16866e-06	14.6538	3.07176	X	85637920	G	GTTT	0.0021280074755565506	2.672026850725083
X:133530880:T:TACACAC	13.0499	6.72548e-06	14.4784	3.07169	X	133530880	T	TACACAC	0.0021285065283717813	2.6719250134541963
X:101792583:G:A	114.658	1.31215e-06	18.2858	3.07146	X	101792583	G	A	0.0021301470290462513	2.6715904192374484
X:142757128:CTT:C	115.962	1.32756e-06	18.2854	3.0713	X	142757128	CTT	C	0.0021312889306194026	2.671357670666939
X:154473373:G:A	39.7773	3.4466e-06	16.2614	3.0713	X	154473373	G	A	0.0021312889306194026	2.671357670666939
X:117426740:G:T	15.1486	9.37834e-06	14.295	3.07109	X	117426740	G	T	0.002132788528255549	2.671052203887039
X:5132464:T:C	51.3757	3.59763e-06	16.4744	3.07091	X	5132464	T	C	0.0021340746676446866	2.6707903894200955
X:24216380:A:G	26.5186	3.34294e-06	15.8865	3.0707	X	24216380	A	G	0.0021355760624099003	2.6704849557770216
X:127174060:AAG:A	116.201	1.33209e-06	18.2841	3.07069	X	127174060	AAG	A	0.0021356475815514538	2.6704704117628846
X:127338449:CT:C	91.5883	2.43494e-06	17.4429	3.07045	X	127338449	CT	C	0.0021373646999367766	2.670121367561494
X:82535747:GT:G	115.962	1.3306e-06	18.2831	3.07026	X	82535747	GT	G	0.0021387249830086582	2.6698450574297263
X:7252187:GTGAGT:G	116.321	1.33522e-06	18.2828	3.07009	X	7252187	GTGAGT	G	0.0021399427511965404	2.669597844955485
X:124734275:C:A	14.5807	6.36952e-06	14.6437	3.0699	X	124734275	C	A	0.0021413045385701374	2.6693215624976894
X:55705456:T:C	18.8783	4.08177e-06	15.347	3.0694	X	55705456	T	C	0.002144891987237608	2.668594573189185
X:34176616:C:A	96.0212	1.94737e-06	17.7136	3.06927	X	34176616	C	A	0.0021458256261047814	2.668405572536594
X:5131420:G:A	51.1649	3.59596e-06	16.4708	3.06916	X	5131420	G	A	0.002146615919243465	2.6682456542479143
X:29219955:GA:G	115.012	1.32295e-06	18.2807	3.06915	X	29219955	GA	G	0.002146687777305478	2.6682311164644164
X:104938675:C:CA	27.3605	3.4608e-06	15.8831	3.06913	X	104938675	C	CA	0.002146831500045958	2.6682020410187945
X:64320396:G:A	13.5602	5.17831e-06	14.7782	3.06912	X	64320396	G	A	0.002146903364724544	2.6681875033566707
X:131951966:ATATATATATGTTCC:A	94.1577	1.91019e-06	17.7133	3.06912	X	131951966	ATATATATATGTTCC	A	0.002146903364724544	2.6681875033566707
X:7240533:GTATA:G	108.028	1.24273e-06	18.2806	3.06911	X	7240533	GTATA	G	0.002146975231608783	2.6681729657350033
X:70581294:CTT:C	69.0645	2.1979e-06	17.263	3.06903	X	70581294	CTT	C	0.002147550246093213	2.668056666218146
X:7216159:AC:A	115.248	1.32615e-06	18.2803	3.06899	X	7216159	AC	A	0.0021478378062820985	2.667998517430697
X:83352887:C:CT	19.2524	4.16803e-06	15.3457	3.0688	X	83352887	C	CT	0.002149204199351208	2.667722319530258
X:107184291:AAAGAGAAGAAAG:A	110.32	1.27128e-06	18.2789	3.06834	X	107184291	AAAGAGAAGAAAG	A	0.002152515610040089	2.6670536903599333
X:84492911:CT:C	104.261	1.20248e-06	18.278	3.06795	X	84492911	CT	C	0.0021553267738625274	2.6664868761637246
X:86438219:G:T	11.8389	8.65664e-06	14.1286	3.06756	X	86438219	G	T	0.0021581413032569	2.665920123501251
X:118408619:A:G	38.262	3.97192e-06	16.0807	3.06735	X	118408619	A	G	0.002159658214370354	2.6656149744777613
X:81608235:A:C	113.377	1.31006e-06	18.2762	3.06711	X	81608235	A	C	0.002161393023948983	2.665266254582496
X:34176487:C:T	95.8413	1.95298e-06	17.7088	3.06706	X	34176487	C	T	0.0021617546033765194	2.6651936075373093
X:117259896:T:C	100.784	2.05374e-06	17.7088	3.06705	X	117259896	T	C	0.002161826925916211	2.6651790782496367
X:37395614:CA:C	111.776	1.29192e-06	18.2759	3.06698	X	37395614	CA	C	0.002162333245807111	2.6650773743686664
X:44883065:G:GT	15.7291	9.8265e-06	14.2859	3.06643	X	44883065	G	GT	0.0021663152579417216	2.664278341421887
X:31779685:T:TTG	12.8762	6.71372e-06	14.4667	3.06602	X	31779685	T	TTG	0.0021692880392754224	2.663682778293551
X:106648638:ATT:A	69.6171	2.23106e-06	17.256	3.06586	X	106648638	ATT	A	0.0021704491631921253	2.6634503818610775
X:4509341:AT:A	23.3574	4.08697e-06	15.5586	3.06585	X	4509341	AT	A	0.0021705217523506283	2.663435857427903
X:82627621:GCCTTGGGGTACTCGCTAT:G	115.723	1.34146e-06	18.273	3.06567	X	82627621	GCCTTGGGGTACTCGCTAT	G	0.0021718287378249034	2.6631744245482545
X:73281418:C:T	12.996	6.78142e-06	14.466	3.06565	X	73281418	C	T	0.0021719740029587774	2.66314537725958
X:24191715:C:T	29.216	7.08707e-06	15.232	3.06562	X	24191715	C	T	0.002172191917360211	2.663101806629965
X:81003842:GT:G	116.201	1.3477e-06	18.2724	3.06543	X	81003842	GT	G	0.002173572507395141	2.662825867763746
X:77032966:A:G	18.0367	3.86376e-06	15.3563	3.06541	X	77032966	A	G	0.0021737178794442053	2.6627968224168117
X:107184291:AAAGAGAAG:A	109.768	1.27355e-06	18.2721	3.06527	X	107184291	AAAGAGAAG	A	0.0021747357333725924	2.6625935095189797
X:64036586:CA:C	113.031	1.31166e-06	18.2719	3.06518	X	64036586	CA	C	0.0021753902987367386	2.6624628125572176
X:64789199:G:GA	16.3612	4.95981e-06	15.0091	3.06513	X	64789199	G	GA	0.002175754024194313	2.6623902045498538
X:85694721:A:C	11.9961	8.81876e-06	14.1232	3.06484	X	85694721	A	C	0.0021778647314311043	2.6619690980501227
X:99783283:T:C	18.3563	3.93919e-06	15.3545	3.06459	X	99783283	T	C	0.002179685812960396	2.661606102510655
X:55806516:G:T	13.7924	6.05435e-06	14.6389	3.06449	X	55806516	G	T	0.0021804146363290705	2.6614609113739243
X:55806491:G:A	13.7924	6.05435e-06	14.6389	3.06449	X	55806491	G	A	0.0021804146363290705	2.6614609113739243
X:74278125:CT:C	102.055	2.09207e-06	17.7029	3.06429	X	74278125	CT	C	0.0021818729532718413	2.6611705412359195
X:81965838:GA:G	114.424	1.3307e-06	18.2697	3.0642	X	81965838	GA	G	0.002182529487539246	2.6610398799527166
X:84485789:T:C	19.4315	4.25077e-06	15.3353	3.06402	X	84485789	T	C	0.002183843099366695	2.6607785672159396
X:67929581:G:T	15.9698	4.85435e-06	15.0063	3.06385	X	67929581	G	T	0.002185084398168663	2.660531783887584
X:105948839:T:C	116.082	1.35109e-06	18.2689	3.06383	X	105948839	T	C	0.0021852304758329145	2.660502751323402
X:34175841:TGA:T	102.55	2.10487e-06	17.7016	3.0637	X	34175841	TGA	T	0.002186180198863268	2.660314043600151
X:81781426:A:T	27.0752	3.46576e-06	15.8712	3.06363	X	81781426	A	T	0.0021866917448842746	2.6602124345807083
X:21487715:G:T	40.1641	3.53785e-06	16.245	3.06363	X	21487715	G	T	0.0021866917448842746	2.6602124345807083
X:81966647:AAAGT:A	116.082	1.35168e-06	18.2685	3.06363	X	81966647	AAAGT	A	0.0021866917448842746	2.6602124345807083
X:79141693:CAT:C	91.9247	2.48076e-06	17.4279	3.06352	X	79141693	CAT	C	0.0021874958245942633	2.6600527672690326
X:73281359:AAAAAAGAAGAAG:A	116.201	1.35415e-06	18.2677	3.06328	X	73281359	AAAAAAGAAGAAG	A	0.002189251121133413	2.6597044192144708
X:109212186:A:G	115.843	1.35052e-06	18.2673	3.06309	X	109212186	A	G	0.0021906416463925212	2.659428660195097
X:82595070:G:A	47.7399	3.95637e-06	16.306	3.06286	X	82595070	G	A	0.0021923259969260154	2.6590948661825347
X:74265886:GTGAT:G	32.5778	9.63828e-06	15.0334	3.06265	X	74265886	GTGAT	G	0.0021938649188138998	2.6587901164239165
X:67648623:CCA:C	113.957	1.33153e-06	18.265	3.06207	X	67648623	CCA	C	0.0021981204197483815	2.657948519283003
X:128101489:C:T	14.5575	6.46354e-06	14.6274	3.06201	X	128101489	C	T	0.0021985610755207016	2.657861465275937
X:73236924:TC:T	116.082	1.35728e-06	18.2643	3.06177	X	73236924	TC	T	0.00220032450839268	2.657513263809032
X:73236926:TC:T	116.082	1.35728e-06	18.2643	3.06177	X	73236926	TC	T	0.00220032450839268	2.657513263809032
X:73236921:TTC:T	116.201	1.35873e-06	18.2643	3.06175	X	73236921	TTC	T	0.0022004715196333857	2.657484248071773
X:85687787:GTT:G	83.2317	2.25599e-06	17.4235	3.0615	X	85687787	GTT	G	0.002202309919888182	2.6571215650071895
X:125193179:GT:G	115.723	1.35601e-06	18.2622	3.0608	X	125193179	GT	G	0.0022074649321291626	2.656106186914048
X:85682749:C:T	34.8613	4.55602e-06	15.8504	3.06069	X	85682749	C	T	0.0022082760102036074	2.6559466455185334
X:82152619:G:A	20.694	5.48625e-06	15.1431	3.0606	X	82152619	G	A	0.0022089398226779826	2.6558161152896664
X:94867548:AC:A	116.201	1.36252e-06	18.2615	3.06049	X	94867548	AC	A	0.0022097513973888252	2.6556565827923815
X:64566334:T:TA	12.7487	6.72524e-06	14.4551	3.06035	X	64566334	T	TA	0.0022107847058870883	2.6554535485102995
X:97196219:TACACAC:T	33.5982	9.98742e-06	15.0287	3.0602	X	97196219	TACACAC	T	0.0022118923135286336	2.655236020576525
X:82182600:A:G	13.5507	5.27464e-06	14.759	3.06004	X	82182600	A	G	0.0022130743222108463	2.6550040008110827
X:106652011:ATC:A	116.201	1.36431e-06	18.2602	3.0599	X	106652011	ATC	A	0.0022141090546458	2.654800992009921
X:127909590:A:C	12.5722	5.25643e-06	14.6875	3.0597	X	127909590	A	C	0.002215588012974247	2.6545109931882993
X:122709835:CA:C	116.321	1.36783e-06	18.2586	3.0592	X	122709835	CA	C	0.0022192893706125287	2.653786066913205
X:67103141:T:C	17.9492	3.89705e-06	15.3428	3.05916	X	67103141	T	C	0.0022195857238891613	2.6537280771792355
X:79807906:GTT:G	116.082	1.36544e-06	18.2583	3.05906	X	79807906	GTT	G	0.0022203267657527398	2.6535831056754273
X:106650489:G:A	69.6171	2.26509e-06	17.2409	3.05899	X	106650489	G	A	0.002220845629954237	2.653481628029205
X:142757101:CTT:C	116.321	1.3693e-06	18.2576	3.05872	X	142757101	CTT	C	0.002222848004353896	2.653090232814818
X:82449376:A:G	47.3634	3.95983e-06	16.2972	3.05867	X	82449376	A	G	0.0022232189959391587	2.6530177554550862
X:105647626:GTC:G	116.082	1.36741e-06	18.2569	3.05841	X	105647626	GTC	G	0.0022251490670285217	2.6526408894833295
X:106652019:CT:C	116.201	1.37056e-06	18.2556	3.05784	X	106652019	CT	C	0.0022293857509253397	2.6518147789833773
X:99358538:A:G	116.201	1.37176e-06	18.2547	3.05744	X	99358538	A	G	0.002232363274873701	2.651235130775917
X:7175179:TAAAAAAAAAAAAAA:T	116.082	1.3704e-06	18.2547	3.05743	X	7175179	TAAAAAAAAAAAAAA	T	0.0022324377596403323	2.6512206403998007
X:7246597:C:T	17.6689	3.85302e-06	15.3385	3.05713	X	7246597	C	T	0.0022346733618886752	2.6507859479218974
X:73236957:C:CTCTT	13.1588	5.15369e-06	14.7529	3.05712	X	73236957	C	CTCTT	0.002234747917282216	2.650771458799485
X:133530880:T:TACACACACACAC	13.5031	5.29259e-06	14.7521	3.05676	X	133530880	T	TACACACACACAC	0.0022374334299355265	2.650249877326799
X:95382604:C:T	116.082	1.37251e-06	18.2532	3.05673	X	95382604	C	T	0.0022376573560857105	2.6502064145699027
X:65979234:C:CCACACA	14.0256	6.25694e-06	14.6227	3.05664	X	65979234	C	CCACACA	0.0022383292577553486	2.650076028483048
X:101992157:C:CTG	12.4958	5.2589e-06	14.681	3.0566	X	101992157	C	CTG	0.00223862794005598	2.6500180801625848
X:154422003:A:C	114.424	1.35355e-06	18.2527	3.05652	X	154422003	A	C	0.002239225414222208	2.6499021854628335
X:41206048:G:A	13.9706	6.23453e-06	14.6224	3.05648	X	41206048	G	A	0.002239524206095779	2.6498442390835435
X:97204349:AG:A	113.608	1.34419e-06	18.2525	3.05642	X	97204349	AG	A	0.002239972462405423	2.649757320727838
X:28128852:A:G	14.2338	6.356e-06	14.6217	3.05617	X	28128852	A	G	0.002241841082093192	2.6493951765832233
X:81966933:AT:A	115.962	1.37308e-06	18.2517	3.05608	X	81966933	AT	A	0.002242514134765596	2.649264810878584
X:85691279:G:A	12.775	6.80011e-06	14.4461	3.05596	X	85691279	G	A	0.0022434118263426612	2.649090995034562
X:99358365:AATAAT:A	116.201	1.37631e-06	18.2514	3.05595	X	99358365	AATAAT	A	0.002243486648834913	2.649076510643756
X:65844523:G:A	13.2968	5.22195e-06	14.7502	3.05583	X	65844523	G	A	0.002244384697112486	2.6489027011084225
X:142757111:ACT:A	115.604	1.37014e-06	18.2508	3.05565	X	142757111	ACT	A	0.0022457323871394154	2.6486419977242543
X:99358959:CATT:C	115.843	1.37359e-06	18.2503	3.05544	X	99358959	CATT	C	0.002247305629314805	2.648337860336193
X:128123312:GA:G	50.7124	3.6682e-06	16.442	3.05532	X	128123312	GA	G	0.002248205078178363	2.6481640755500693
X:110532493:C:T	17.4721	6.46919e-06	14.8091	3.05522	X	110532493	C	T	0.002248954870849137	2.648019259343309
X:107273556:T:A	24.0416	4.30576e-06	15.5353	3.05477	X	107273556	T	A	0.0022523317740454863	2.6473676364563756
X:117360473:C:T	116.201	1.38051e-06	18.2484	3.05457	X	117360473	C	T	0.0022538341106363275	2.647078052569659
X:85695817:C:CTTT	14.3422	6.42551e-06	14.6184	3.05457	X	85695817	C	CTTT	0.0022538341106363275	2.647078052569659
X:153204259:G:A	34.7435	4.60086e-06	15.8373	3.05442	X	153204259	G	A	0.002254961465541326	2.6468608752697267
X:24216471:A:AGACTT	12.2549	5.18364e-06	14.6759	3.05422	X	24216471	A	AGACTT	0.0022564654090988586	2.6465713196898735
X:101979711:G:A	24.9696	4.47869e-06	15.5338	3.05416	X	101979711	G	A	0.002256916771339639	2.6464844561700884
X:64189484:A:ATGTG	11.8778	8.92537e-06	14.1013	3.05372	X	64189484	A	ATGTG	0.0022602292895197574	2.6458475015065366
X:106650906:A:G	69.6171	2.29285e-06	17.2287	3.05347	X	106650906	A	G	0.002262113385980633	2.645485630324989
X:64691423:G:A	13.3853	5.28365e-06	14.7451	3.0534	X	64691423	G	A	0.002262641190781737	2.6453843109231108
X:7217345:TC:T	116.201	1.38548e-06	18.2448	3.05295	X	7217345	TC	T	0.002266036916537196	2.6447330192220484
X:86879712:T:C	40.8054	3.68108e-06	16.2211	3.05251	X	86879712	T	C	0.0022693616955677576	2.6440962798442476
X:64627073:G:A	16.3423	5.09138e-06	14.9817	3.05227	X	64627073	G	A	0.0022711770944885004	2.6437490004520003
X:64240399:C:CAGA	16.3486	5.09417e-06	14.9816	3.05219	X	64240399	C	CAGA	0.00227178252305206	2.6436332458303293
X:5133472:A:G	59.659	3.18957e-06	16.7443	3.05203	X	5133472	A	G	0.002272993823757487	2.643401744350562
X:95475168:AAT:A	116.321	1.39005e-06	18.2425	3.05193	X	95475168	AAT	A	0.002273751187130596	2.6432570611822777
X:87433667:CTGTG:C	95.7517	2.01638e-06	17.676	3.0518	X	87433667	CTGTG	C	0.002274736105135085	2.6430689791085342
X:30833091:CTCCTGTG:C	81.868	2.93486e-06	17.144	3.05114	X	30833091	CTCCTGTG	C	0.00227974248990988	2.6421142063009286
X:30833100:AGCT:A	81.868	2.93486e-06	17.144	3.05114	X	30833100	AGCT	A	0.00227974248990988	2.6421142063009286
X:102760005:A:G	12.312	5.24388e-06	14.669	3.05096	X	102760005	A	G	0.00228110961827785	2.641853844285252
X:82449431:C:T	47.2389	4.02349e-06	16.2786	3.04981	X	82449431	C	T	0.002289861791188902	2.6401907295096243
X:77048594:C:G	12.3909	5.29611e-06	14.6655	3.04929	X	77048594	C	G	0.0022938293855283365	2.6394388879513873
X:34201088:CA:C	42.3436	3.84643e-06	16.2142	3.04928	X	34201088	CA	C	0.0022939057470948735	2.6394244305313226
X:66264978:T:C	15.3997	9.94912e-06	14.2524	3.04921	X	66264978	T	C	0.0022944403432625326	2.6393232297229527
X:127338453:CT:C	88.4023	2.46165e-06	17.3966	3.04902	X	127338453	CT	C	0.0022958919653183496	2.639048551801057
X:97471690:CAA:C	113.724	1.3678e-06	18.2361	3.04902	X	97471690	CAA	C	0.0022958919653183496	2.639048551801057
X:89144329:C:T	13.9554	6.32634e-06	14.6067	3.04885	X	89144329	C	T	0.002297191498069003	2.6388027997165504
X:110076006:ATT:A	11.8788	9.01651e-06	14.0912	3.04862	X	110076006	ATT	A	0.0022989507618661185	2.63847033020042
X:20036532:G:A	16.1795	5.08337e-06	14.9733	3.0483	X	20036532	G	A	0.0023014004861786662	2.638007799495993
X:64573679:C:T	13.39	5.34299e-06	14.7342	3.04827	X	64573679	C	T	0.002301630270374087	2.637964439365044
X:97226605:C:T	19.5798	8.08974e-06	14.6994	3.04821	X	97226605	C	T	0.0023020899018095166	2.6378777201947585
X:102166854:C:A	13.9305	6.32363e-06	14.6053	3.04819	X	102166854	C	A	0.0023022431309697344	2.637848814128103
X:107071054:CA:C	34.5289	4.63381e-06	15.8239	3.04807	X	107071054	CA	C	0.002303162702124871	2.6376753811242923
X:66286816:C:T	11.8935	9.04216e-06	14.0896	3.0478	X	66286816	C	T	0.0023052329673961015	2.6372851781520077
X:128159650:CTT:C	20.6581	5.62529e-06	15.1163	3.04775	X	128159650	CTT	C	0.0023056165368490686	2.637212921576693
X:70702948:T:C	12.7445	6.90419e-06	14.4285	3.0474	X	70702948	T	C	0.002308303160223078	2.636707153850005
X:64615250:C:CA	13.1497	7.13036e-06	14.4275	3.04695	X	64615250	C	CA	0.0023117616034718244	2.636056953830621
X:77025271:T:G	15.5744	1.01134e-05	14.2473	3.04659	X	77025271	T	G	0.002314531774349761	2.635536852759742
X:148670587:G:A	12.8946	6.99906e-06	14.4265	3.04646	X	148670587	G	A	0.0023155328607553016	2.635349051360464
X:64573675:G:T	13.3806	5.36217e-06	14.7299	3.04624	X	64573675	G	T	0.0023172279104336376	2.6350312491724983
X:80152799:C:T	15.1825	9.86711e-06	14.2464	3.04617	X	80152799	C	T	0.002317767482696068	2.6349301343979
X:101811275:C:T	12.5043	5.38037e-06	14.6588	3.04614	X	101811275	C	T	0.0023179987631744966	2.6348868001009107
X:127931912:A:G	12.6106	6.85076e-06	14.4257	3.04605	X	127931912	A	G	0.0023186927314347416	2.6347567993930174
X:64574513:T:A	13.1451	7.14606e-06	14.425	3.04571	X	64574513	T	A	0.0023213161068568423	2.6342657151598265
X:99811187:G:T	20.5872	5.63199e-06	15.1117	3.04553	X	99811187	G	T	0.002322706052884297	2.6340057483090544
X:110525935:T:C	93.983	2.00747e-06	17.6617	3.0452	X	110525935	T	C	0.002325256267064162	2.6335291764348066
X:106649240:A:G	55.1672	2.9935e-06	16.7294	3.04515	X	106649240	A	G	0.0023256428867718085	2.633456972415558
X:109213367:GA:G	116.201	1.40996e-06	18.2273	3.04504	X	109213367	GA	G	0.0023264936573631047	2.633298127130696
X:89947994:T:C	38.6044	4.20103e-06	16.0335	3.045	X	89947994	T	C	0.0023268030991481247	2.6332403664217043
X:67649625:AGTG:A	116.201	1.41056e-06	18.2268	3.04485	X	67649625	AGTG	A	0.002327963841572488	2.633023769523651
X:66968556:GTTTTCTTTTTCT:G	112.458	1.36527e-06	18.2267	3.0448	X	66968556	GTTTTCTTTTTCT	G	0.002328350873539734	2.6329515725789143
X:93520868:CAT:C	115.604	1.40479e-06	18.2258	3.04438	X	93520868	CAT	C	0.002331604269251797	2.632345158142951
X:73236952:TCTCTC:T	111.889	1.35987e-06	18.2256	3.0443	X	73236952	TCTCTC	T	0.0023322244354758532	2.6322296587163603
X:28905059:G:A	34.2217	4.63065e-06	15.8157	3.04413	X	28905059	G	A	0.002333542790296475	2.631984231025128
X:109210776:T:G	12.4035	5.36222e-06	14.6541	3.04391	X	109210776	T	G	0.002335249909596669	2.6316666360609813
X:154420822:TCACCCTCCCAGGG:T	114.658	1.39491e-06	18.2246	3.04385	X	154420822	TCACCCTCCCAGGG	T	0.0023357156860301853	2.6315800226482273
X:109213401:AAAT:A	115.962	1.41122e-06	18.2243	3.04371	X	109213401	AAAT	A	0.002336802828571723	2.6313779303445255
X:97471690:CAAAAAAAAAAAA:C	112.687	1.37136e-06	18.2243	3.04371	X	97471690	CAAAAAAAAAAAA	C	0.002336802828571723	2.6313779303445255
X:109210023:G:A	12.3993	5.36311e-06	14.6536	3.04368	X	109210023	G	A	0.002337035847964709	2.63133462588169
X:73236952:TC:T	111.776	1.36066e-06	18.224	3.04358	X	73236952	TC	T	0.0023378127329593116	2.6311902802997977
X:117360311:GA:G	114.307	1.39162e-06	18.2239	3.04353	X	117360311	GA	G	0.0023382012641352773	2.6311181090247495
X:64334586:A:G	13.1725	5.30962e-06	14.7241	3.04347	X	64334586	A	G	0.0023386675795985024	2.631031504828676
X:154424042:A:G	36.4285	4.93639e-06	15.8142	3.04344	X	154424042	A	G	0.002338900769264547	2.6309882032763605
X:106872455:TTATATA:T	15.2166	9.94448e-06	14.2409	3.04331	X	106872455	TTATATA	T	0.002339911503879819	2.630800567420385
X:127627714:G:A	12.4621	5.39514e-06	14.6527	3.04325	X	127627714	G	A	0.0023403781316671426	2.630713968560234
X:41193671:A:T	14.8761	6.86538e-06	14.5888	3.04324	X	41193671	A	T	0.0023404559112491295	2.6306995355583562
X:81968091:TAC:T	102.849	2.20651e-06	17.6574	3.04316	X	81968091	TAC	T	0.0023410782331243756	2.6305840729985865
X:5144459:T:C	13.339	5.38039e-06	14.7234	3.04315	X	5144459	T	C	0.0023411560340121733	2.6305696403605197
X:154418083:ATAT:A	116.201	1.41608e-06	18.2229	3.04309	X	154418083	ATAT	A	0.002341622889061497	2.630483045381012
X:66286519:T:A	11.8778	9.11526e-06	14.0802	3.04305	X	66286519	T	A	0.0023419341731205742	2.630425316203139
X:139848781:C:T	12.2586	5.30942e-06	14.6523	3.04304	X	139848781	C	T	0.002342012000055873	2.630410884009729
X:64691903:A:G	13.3806	5.39836e-06	14.7232	3.04304	X	64691903	A	G	0.002342012000055873	2.630410884009729
X:82535705:A:AT	21.6344	5.96053e-06	15.1046	3.04213	X	82535705	A	AT	0.0023491041731201878	2.6290977236191155
X:79958841:A:G	44.3639	1.4679e-06	17.2241	3.04176	X	79958841	A	G	0.0023519934232810766	2.6285638969822642
X:26807154:CCCAAAAAAAAA:C	88.482	2.50445e-06	17.3802	3.04146	X	26807154	CCCAAAAAAAAA	C	0.0023543384468601874	2.6281311051976113
X:24216996:A:AGAG	27.0759	3.63683e-06	15.823	3.04139	X	24216996	A	AGAG	0.0023548859269825035	2.6280301256824004
X:7250600:T:TA	17.6902	3.99104e-06	15.3045	3.04133	X	7250600	T	TA	0.0023553552884376986	2.627943573388638
X:41206578:T:A	13.9606	6.43251e-06	14.5904	3.04095	X	41206578	T	A	0.0023583299007041672	2.6273954426532242
X:7175179:TAAAAAA:T	116.201	1.4228e-06	18.2182	3.04095	X	7175179	TAAAAAA	T	0.0023583299007041672	2.6273954426532242
X:95380292:G:A	115.604	1.41612e-06	18.2178	3.04075	X	95380292	G	A	0.0023598968673321577	2.627106976236352
X:128137086:C:T	11.9092	9.1839e-06	14.0754	3.04059	X	128137086	C	T	0.0023611511269429515	2.626876214743854
X:78834223:ATTGATT:A	111.776	1.37119e-06	18.2163	3.0401	X	78834223	ATTGATT	A	0.002364996094869872	2.6261695720415466
X:118405861:C:T	13.2421	5.37697e-06	14.7168	3.03999	X	118405861	C	T	0.002365860038475379	2.626010951303928
X:5134022:A:G	59.659	3.27466e-06	16.7179	3.03982	X	5134022	A	G	0.0023671957924264794	2.6257658197837137
X:64576294:A:G	13.1405	7.23122e-06	14.4128	3.03978	X	64576294	A	G	0.0023675101878049758	2.625708143476552
X:95480036:G:T	12.3079	5.37139e-06	14.6447	3.03946	X	95480036	G	T	0.0023700267274624786	2.6252467563004367
X:73281810:C:T	12.996	7.15824e-06	14.4119	3.03933	X	73281810	C	T	0.0023710497710776103	2.625059329582547
X:44935047:A:C	47.1768	4.10842e-06	16.2564	3.03922	X	44935047	A	C	0.0023719157391443725	2.624900743079538
X:7163056:CAAAAAA:C	20.462	8.60954e-06	14.6812	3.03913	X	7163056	CAAAAAA	C	0.002372624473838439	2.624770994123796
X:105643694:TG:T	115.962	1.42626e-06	18.2137	3.03893	X	105643694	TG	T	0.0023742001340354884	2.624482674832229
X:7175179:TAAA:T	115.962	1.42658e-06	18.2135	3.03882	X	7175179	TAAA	T	0.0023750671554391145	2.6243241061130904
X:90287599:AT:A	103.854	2.2493e-06	17.6479	3.03876	X	90287599	AT	A	0.002375540198374919	2.6242376161457655
X:117428286:T:A	20.4355	8.6061e-06	14.6803	3.03868	X	117428286	T	A	0.0023761710564672803	2.6241222984527104
X:127175263:CA:C	116.082	1.42856e-06	18.2131	3.03866	X	127175263	CA	C	0.002376328794954182	2.6240934694336207
X:5133995:G:T	51.2351	3.83678e-06	16.4073	3.03864	X	5133995	G	T	0.0023764865430276508	2.6240646405762
X:128150754:A:C	13.6998	5.5817e-06	14.7134	3.03838	X	128150754	A	C	0.0023785381405964563	2.6236898801415904
X:99399375:C:CTT	12.4579	5.44942e-06	14.6424	3.03836	X	99399375	C	CTT	0.002378696022936381	2.6236610535475284
X:90288042:G:T	18.63	4.31062e-06	15.2792	3.03821	X	90288042	G	T	0.00237988044634191	2.623444859245219
X:133530880:T:TACACACAC	13.4747	5.50088e-06	14.7114	3.03744	X	133530880	T	TACACACAC	0.002385968990509272	2.622335204981781
X:87176197:TAGATA:T	109.22	1.34836e-06	18.21	3.03724	X	87176197	TAGATA	T	0.002387552761790513	2.6220470222986507
X:90497743:G:T	13.7244	5.606e-06	14.7108	3.03717	X	90497743	G	T	0.0023881073090676803	2.621946162178819
X:99356798:A:C	114.894	1.41952e-06	18.2092	3.03688	X	99356798	A	C	0.002390405975571481	2.621528334207702
X:93521597:CTG:C	35.9703	4.9421e-06	15.8004	3.03686	X	93521597	CTG	C	0.0023905645789326258	2.6214995197384234
X:127181074:C:T	33.246	1.03463e-05	14.9828	3.0365	X	127181074	C	T	0.0023934210872531025	2.620980886935113
X:64595349:C:CT	16.4374	5.29648e-06	14.948	3.03642	X	64595349	C	CT	0.0023940562910563586	2.620865642314008
X:116755216:A:G	18.9108	4.3928e-06	15.2753	3.03641	X	116755216	A	G	0.002394135702381588	2.620851236918235
X:122710462:GGTGTGTGTGTGT:G	116.201	1.43743e-06	18.208	3.03633	X	122710462	GGTGTGTGTGTGT	G	0.0023947710797953773	2.6207359952069615
X:55695887:G:A	19.5466	8.27128e-06	14.6755	3.03629	X	55695887	G	A	0.0023950888263836742	2.6206783753212672
X:94867782:C:T	113.957	1.41154e-06	18.2066	3.03573	X	94867782	C	T	0.002399541332805194	2.6198717648169465
X:34035663:C:CATCT	22.7228	5.84845e-06	15.1727	3.03566	X	34035663	C	CATCT	0.0024000984285414586	2.619770947415113
X:90497024:G:A	13.7195	5.62365e-06	14.7074	3.03551	X	90497024	G	A	0.002401292603819279	2.6195549167936614
X:105650630:CAGTT:C	116.082	1.43871e-06	18.2061	3.03547	X	105650630	CAGTT	C	0.002401611142403409	2.6194973101636423
X:122709031:C:CT	27.1024	3.6888e-06	15.8098	3.03529	X	122709031	C	CT	0.0024030450447441046	2.619238088330327
X:37356943:T:C	15.4577	1.02691e-05	14.2245	3.03489	X	37356943	T	C	0.002406234300534898	2.618662086690616
X:99356966:TCAAACTATACTA:T	113.957	1.41456e-06	18.2045	3.03477	X	99356966	TCAAACTATACTA	T	0.002407191832504962	2.6184892988073756
X:82536656:T:C	112.916	1.40195e-06	18.2043	3.03467	X	82536656	T	C	0.0024079900422302354	2.6183453133500114
X:82536657:G:A	112.916	1.40195e-06	18.2043	3.03467	X	82536657	G	A	0.0024079900422302354	2.6183453133500114
X:64616704:A:G	13.3947	5.50431e-06	14.7048	3.03432	X	64616704	A	G	0.0024107856845520283	2.6178413960735964
X:105651821:AG:A	116.201	1.44526e-06	18.2025	3.03388	X	105651821	AG	A	0.00241430442126017	2.617207970304126
X:5126812:A:ATT	94.7728	2.07501e-06	17.637	3.03373	X	5126812	A	ATT	0.0024155050646365844	2.6169920475827957
X:5134362:G:A	51.3757	3.88783e-06	16.3968	3.03361	X	5134362	G	A	0.0024164659727988	2.616819315952273
X:4174558:A:G	15.3192	1.02055e-05	14.2217	3.03347	X	4174558	A	G	0.0024175874745212943	2.616617803071387
X:73236907:CTTTCTTTCTT:C	114.658	1.42896e-06	18.2005	3.03297	X	73236907	CTTTCTTTCTT	C	0.002421596727951574	2.6158981788674467
X:105650714:AT:A	115.604	1.44123e-06	18.2002	3.03282	X	105650714	AT	A	0.002422800690100503	2.6156823113060788
X:5126655:A:ATAAAT	94.6845	2.07799e-06	17.6347	3.03263	X	5126655	A	ATAAAT	0.002424326495297935	2.615408892113949
X:105652546:AC:A	116.201	1.44926e-06	18.1998	3.03263	X	105652546	AC	A	0.002424326495297935	2.615408892113949
X:89144922:C:A	13.9505	6.54082e-06	14.573	3.03248	X	89144922	C	A	0.0024255316995243988	2.6151930451613707
X:127933883:G:A	113.957	1.42212e-06	18.1992	3.03236	X	127933883	G	A	0.002426496257698513	2.6150203741455798
X:64037173:AGTT:A	116.321	1.45199e-06	18.1989	3.03225	X	64037173	AGTT	A	0.0024273807444100187	2.6148620974928303
X:5134406:G:A	59.615	3.3265e-06	16.7015	3.03219	X	5134406	G	A	0.0024278633160689112	2.614775766833996
X:96323003:G:C	25.9908	4.88519e-06	15.487	3.0319	X	96323003	G	C	0.0024301969837873818	2.614358522490317
X:34200340:G:T	40.5568	3.82537e-06	16.1766	3.03174	X	34200340	G	T	0.0024314854032122827	2.614128333261499
X:23960695:G:A	115.962	1.45054e-06	18.1968	3.0313	X	23960695	G	A	0.0024350317808015365	2.613495366220736
X:82534813:C:A	26.4269	3.63083e-06	15.8004	3.03095	X	82534813	C	A	0.0024378561426954336	2.6129919255744367
X:84498821:GCACACACA:G	87.5338	2.53656e-06	17.3567	3.03058	X	84498821	GCACACACA	G	0.002440845156366469	2.6124597707133335
X:79960216:A:G	44.3356	1.50647e-06	17.1975	3.03037	X	79960216	A	G	0.0024425431151775747	2.61215776148086
X:41633059:T:A	12.9737	7.27943e-06	14.3934	3.03033	X	41633059	T	A	0.0024428666584342946	2.612100237933085
X:82625835:TA:T	53.0724	4.04429e-06	16.3899	3.03026	X	82625835	TA	T	0.0024434329535094447	2.611999573280117
X:41674561:A:T	12.1444	5.40424e-06	14.6252	3.03026	X	41674561	A	T	0.0024434329535094447	2.611999573280117
X:119295340:TTC:T	116.201	1.45714e-06	18.1944	3.03018	X	119295340	TTC	T	0.0024440802949855147	2.6118845303868032
X:109161762:A:G	12.4076	5.52248e-06	14.625	3.03016	X	109161762	A	G	0.0024442421548756953	2.6118557700675344
X:79960515:T:C	44.3921	1.5094e-06	17.1969	3.03008	X	79960515	T	C	0.002444889692536961	2.611740730406698
X:9274794:TA:T	116.321	1.45922e-06	18.194	3.03001	X	9274794	TA	T	0.0024454564167672274	2.6116400728247737
X:9273612:AGCAGGAAGGAGGAAGGAGGAAGAAGAAG:A	116.082	1.45751e-06	18.1931	3.02961	X	9273612	AGCAGGAAGGAGGAAGGAGGAAGAAGAAG	A	0.0024486971477973804	2.611064924623614
X:55700493:C:T	15.5744	1.04554e-05	14.214	3.02953	X	55700493	C	T	0.0024493457654245375	2.6109499027412104
X:107269429:C:T	27.9872	7.30282e-06	15.159	3.02949	X	107269429	C	T	0.0024496701331933337	2.6108923927697316
X:79482106:GT:G	55.2067	3.0988e-06	16.6956	3.02945	X	79482106	GT	G	0.002449994540271268	2.610834883444734
X:127176476:AAAAATT:A	116.201	1.46058e-06	18.192	3.02912	X	127176476	AAAAATT	A	0.0024526723991069948	2.610360456180673
X:127645186:TAG:T	115.962	1.4581e-06	18.1916	3.02896	X	127645186	TAG	T	0.0024539717187949148	2.610130446679139
X:46989939:G:C	13.1911	5.48413e-06	14.6932	3.02879	X	46989939	G	C	0.002455352936094422	2.609886072917173
X:37394426:G:A	13.1908	5.48759e-06	14.6925	3.02849	X	37394426	G	A	0.0024577921139250385	2.6094548535868
X:78695388:T:C	27.4017	3.78656e-06	15.7947	3.02829	X	78695388	T	C	0.0024594194640983782	2.6091673942350946
X:9274029:GAGGAAGGAGGGAGA:G	116.201	1.46376e-06	18.1898	3.02814	X	9274029	GAGGAAGGAGGGAGA	G	0.002460640623706784	2.6089518103272233
X:63843308:C:T	108.135	1.3632e-06	18.1891	3.02779	X	63843308	C	T	0.002463492154079144	2.608448816561615
X:128134532:G:T	11.9092	9.4195e-06	14.05	3.02774	X	128134532	G	T	0.0024638997623060866	2.608376964349675
X:9274026:AAGG:A	115.962	1.46251e-06	18.1886	3.02759	X	9274026	AAGG	A	0.002465122957287752	2.608161413774255
X:64046913:T:A	12.4748	5.58484e-06	14.6192	3.02741	X	64046913	T	A	0.0024665915247119663	2.6079027650832898
X:115558098:GA:G	97.6629	2.16858e-06	17.623	3.0272	X	115558098	GA	G	0.002468305865131409	2.6076010248218813
X:77045711:G:A	12.7487	7.20094e-06	14.3867	3.02709	X	77045711	G	A	0.002469204288011533	2.6074429775099945
X:42989540:AAC:A	89.5267	2.61396e-06	17.3492	3.02709	X	42989540	AAC	A	0.002469204288011533	2.6074429775099945
X:82537039:C:T	112.572	1.42315e-06	18.1862	3.02652	X	82537039	C	T	0.0024738645462596726	2.606624083374015
X:7177406:GTCA:G	18.3184	4.2667e-06	15.2726	3.0265	X	7177406	GTCA	G	0.00247402821013926	2.6065953526301135
X:105648784:CTAATTTCACTTACTTGCCCTAGTGTAGGGAATTTCTG:C	113.84	1.43959e-06	18.1859	3.02639	X	105648784	CTAATTTCACTTACTTGCCCTAGTGTAGGGAATTTCTG	C	0.0024749285385766867	2.606437336427329
X:7169901:GCT:G	102.45	2.27885e-06	17.6212	3.02639	X	7169901	GCT	G	0.0024749285385766867	2.606437336427329
X:102730821:CA:C	101.27	2.25298e-06	17.621	3.02631	X	102730821	CA	C	0.0024755835111761903	2.606322418623044
X:46995597:C:T	14.489	6.92581e-06	14.5536	3.02618	X	46995597	C	T	0.0024766481799108854	2.6061356827057853
X:64036428:CA:C	104.977	1.32883e-06	18.185	3.02594	X	64036428	CA	C	0.0024786148229112835	2.605790957411768
X:127176403:TGAAAGCTTTA:T	114.894	1.45436e-06	18.185	3.02594	X	127176403	TGAAAGCTTTA	T	0.0024786148229112835	2.605790957411768
X:5143831:C:A	13.2279	5.53362e-06	14.687	3.02585	X	5143831	C	A	0.0024793526823351595	2.6056616914259636
X:127176415:TTTC:T	114.894	1.4552e-06	18.1844	3.02568	X	127176415	TTTC	T	0.002480746965156648	2.6054175312700925
X:97195776:G:T	14.3794	6.83747e-06	14.5589	3.02565	X	97195776	G	T	0.0024809930895229298	2.605374445395763
X:64330889:T:C	13.5746	5.68138e-06	14.6865	3.02562	X	64330889	T	C	0.0024812392362308197	2.6053313598850307
X:44911888:G:A	11.8818	9.4483e-06	14.0447	3.02503	X	44911888	G	A	0.0024860846644476748	2.6044840853981808
X:27396769:A:C	18.0444	4.22107e-06	15.2683	3.02449	X	27396769	A	C	0.002490527049282148	2.6037087370915324
X:106316201:G:GCA	13.6804	5.74574e-06	14.683	3.02396	X	106316201	G	GCA	0.002494894228548679	2.6029478616363306
X:66285460:C:T	12.4958	5.63529e-06	14.6119	3.02396	X	66285460	C	T	0.002494894228548679	2.6029478616363306
X:109214613:TA:T	116.082	1.47644e-06	18.1802	3.02378	X	109214613	TA	T	0.0024963790144991813	2.602689476918551
X:90287437:C:CA	18.6223	4.44704e-06	15.2476	3.02369	X	90287437	C	CA	0.0024971217105848836	2.602560289467948
X:90287584:G:T	18.607	4.44761e-06	15.2467	3.02325	X	90287584	G	T	0.0025007555799431793	2.601928753479117
X:9275871:CA:C	115.843	1.47572e-06	18.1786	3.02307	X	9275871	CA	C	0.0025022435567008355	2.601670420388723
X:64348259:GA:G	114.658	1.46108e-06	18.1783	3.02293	X	64348259	GA	G	0.002503401431872221	2.601469503700551
X:81779399:TC:T	116.201	1.48095e-06	18.1781	3.02287	X	81779399	TC	T	0.002503897814117031	2.601383398972253
X:94874755:TCACA:T	31.8263	1.01705e-05	14.9563	3.0228	X	94874755	TCACA	T	0.002504477040535156	2.6012829452939292
X:80158629:T:A	12.437	5.62294e-06	14.6093	3.02277	X	80158629	T	A	0.0025047253179502384	2.601239894323446
X:65831801:TACA:T	116.082	1.48001e-06	18.1778	3.02269	X	65831801	TACA	T	0.002505387501138268	2.6011250935129135
X:117421113:A:C	14.0911	6.7436e-06	14.5525	3.02253	X	117421113	A	C	0.0025067123479847768	2.600895499647857
X:122710462:GGTGTGT:G	113.377	1.44621e-06	18.1773	3.02248	X	122710462	GGTGTGT	G	0.002507126494037144	2.600823753685802
X:70684124:G:A	41.8211	4.02434e-06	16.1565	3.02242	X	70684124	G	A	0.002507623551922339	2.600737659864393
X:105642616:TTGGCAATCAGGCTTCAGGG:T	116.201	1.48277e-06	18.1769	3.02231	X	105642616	TTGGCAATCAGGCTTCAGGG	T	0.0025085350588547814	2.6005798249687886
X:64619545:A:C	13.3947	5.64601e-06	14.6794	3.02226	X	64619545	A	C	0.002508949480375566	2.6005080834502405
X:64799781:T:A	12.7575	7.27901e-06	14.3766	3.02218	X	64799781	T	A	0.002509612685081095	2.600393299121118
X:114423485:T:C	30.2233	7.84926e-06	15.1637	3.02202	X	114423485	T	C	0.002510939575622593	2.600163738218749
X:154151072:C:T	12.7358	7.26981e-06	14.3762	3.02197	X	154151072	C	T	0.0025113543605101442	2.600092002557499
X:24218000:G:GA	26.8618	3.76565e-06	15.7803	3.02166	X	24218000	G	GA	0.00251392742611472	2.599647263998053
X:122710462:GGT:G	112.003	1.43163e-06	18.1752	3.02155	X	122710462	GGT	G	0.002514841028918849	2.5994894628726293
X:79809038:CTG:C	116.201	1.4854e-06	18.1752	3.02151	X	79809038	CTG	C	0.0025151733234144037	2.5994320818570347
X:82627008:TA:T	107.386	1.37292e-06	18.175	3.02144	X	82627008	TA	T	0.002515754935428063	2.5993316666349244
X:55709560:TTA:T	116.201	1.48611e-06	18.1747	3.0213	X	55709560	TTA	T	0.002516918528551806	2.599130842128648
X:114423997:A:G	30.2074	7.85681e-06	15.1622	3.02128	X	114423997	A	G	0.0025170847963229613	2.5991021535597705
X:114423948:C:T	30.2074	7.85681e-06	15.1622	3.02128	X	114423948	C	T	0.0025170847963229613	2.5991021535597705
X:90286848:T:C	18.63	4.47249e-06	15.2423	3.02126	X	90286848	T	C	0.0025172510741412477	2.5990734651524696
X:9273666:A:G	114.424	1.46396e-06	18.1743	3.02112	X	9273666	A	G	0.0025184153002344003	2.598872650825482
X:77046317:C:T	12.7444	7.29054e-06	14.374	3.02091	X	77046317	C	T	0.002520162562909898	2.598571444179705
X:77046259:G:T	12.7444	7.29054e-06	14.374	3.02091	X	77046259	G	T	0.002520162562909898	2.598571444179705
X:30833119:T:C	116.201	1.48806e-06	18.1734	3.02071	X	30833119	T	C	0.0025218276534483435	2.5982845972688726
X:99354885:CAG:C	114.776	1.4703e-06	18.173	3.02056	X	99354885	CAG	C	0.002523077131677448	2.598069472688978
X:64679868:C:CTT	16.3549	5.45178e-06	14.9141	3.02045	X	64679868	C	CTT	0.002523993775580556	2.597911720439928
X:104715417:CA:C	80.7454	3.09142e-06	17.0782	3.0203	X	104715417	CA	C	0.002525244235449428	2.597696611613286
X:81003935:CG:C	115.843	1.48533e-06	18.1721	3.02014	X	81003935	CG	C	0.0025265786838815935	2.5974671722155844
X:83526940:A:G	17.3399	6.91099e-06	14.7354	3.01991	X	83526940	A	G	0.0025284980835680853	2.5971373711973933
X:78832114:C:CAT	16.553	5.5289e-06	14.9121	3.01951	X	78832114	C	CAT	0.00253183934699348	2.5965638551032484
X:81005192:TAC:T	116.201	1.49245e-06	18.1704	3.01938	X	81005192	TAC	T	0.002532926126834552	2.596377476287604
X:64620230:T:C	13.3947	5.6817e-06	14.6731	3.01927	X	64620230	T	C	0.002533846043024865	2.596219776467575
X:116800194:G:A	13.8079	6.65759e-06	14.545	3.0189	X	116800194	G	A	0.0025369425496491343	2.5956893674857464
X:64615484:G:A	13.3993	5.68899e-06	14.6722	3.01882	X	64615484	G	A	0.002537612519500479	2.5955746917330127
X:99353977:CA:C	116.201	1.49493e-06	18.1688	3.01863	X	99353977	CA	C	0.0025392043465096007	2.5953023471804686
X:102158168:A:C	12.6149	7.25077e-06	14.3693	3.0186	X	102158168	A	C	0.002539455771085909	2.5952593467419014
X:7254577:CT:C	105.494	1.35747e-06	18.1685	3.01853	X	7254577	CT	C	0.0025400425169820177	2.5951590137989053
X:64798443:C:T	13.5794	5.76898e-06	14.6716	3.01853	X	64798443	C	T	0.0025400425169820177	2.5951590137989053
X:28910533:G:A	112.801	1.45261e-06	18.1678	3.01818	X	28910533	G	A	0.0025429781067912013	2.5946573787706937
X:86984374:A:G	96.0212	2.17636e-06	17.6024	3.01766	X	86984374	A	G	0.0025473452845866406	2.5939121838046497
X:99355665:T:A	112.344	1.44839e-06	18.1666	3.01766	X	99355665	T	A	0.0025473452845866406	2.5939121838046497
X:64250939:G:GA	16.3044	5.46922e-06	14.9078	3.0175	X	64250939	G	GA	0.0025486904109283987	2.5936829150176317
X:30833261:A:G	113.492	1.4654e-06	18.1651	3.01699	X	30833261	A	G	0.0025529823377122987	2.5929521897631687
X:64586173:C:CT	13.1087	7.56116e-06	14.3658	3.01689	X	64586173	C	CT	0.0025538246666782977	2.5928089226199678
X:9276980:TG:T	108.784	1.40525e-06	18.1647	3.01678	X	9276980	TG	T	0.002554751522098003	2.592651333427268
X:154423856:A:G	67.6583	2.41807e-06	17.147	3.01641	X	154423856	A	G	0.0025578713848221505	2.5921212965525586
X:64746925:C:T	13.8218	6.69895e-06	14.5398	3.01638	X	64746925	C	T	0.0025581244993107045	2.5920783230129985
X:78988641:A:G	15.4054	1.06116e-05	14.1883	3.01632	X	78988641	A	G	0.0025586307970068157	2.5919923770243374
X:34199842:T:C	39.8977	3.89158e-06	16.143	3.01611	X	34199842	T	C	0.002560403560686542	2.591691577513803
X:117421405:T:C	14.0911	6.83917e-06	14.5384	3.01569	X	117421405	T	C	0.0025639524582620012	2.59109003192463
X:7174844:CCT:C	114.894	1.48797e-06	18.1621	3.01563	X	7174844	CCT	C	0.002564459810682701	2.5910041026561337
X:21814703:TC:T	116.201	1.50597e-06	18.1614	3.01531	X	21814703	TC	T	0.0025671672411477827	2.590545837778992
X:98742956:CTGTGTG:C	89.1226	2.66931e-06	17.3237	3.0153	X	98742956	CTGTGTG	C	0.002567251890452745	2.590531517667952
X:7222528:CAAAAAAAAAAAA:C	115.485	1.497e-06	18.1612	3.01521	X	7222528	CAAAAAAAAAAAA	C	0.0025680138490667536	2.590402638485952
X:64038233:GAAC:G	116.082	1.5059e-06	18.1604	3.01486	X	64038233	GAAC	G	0.0025709789877877364	2.5899014727640353
X:102174295:T:C	11.831	9.59996e-06	14.0245	3.01478	X	102174295	T	C	0.0025716571732183053	2.5897869275453225
X:93520677:C:CTGTGTG	12.0761	5.55392e-06	14.5922	3.01469	X	93520677	C	CTGTGTG	0.002572420327365987	2.5896580672637373
X:10792486:C:A	87.2211	2.6166e-06	17.3221	3.01455	X	10792486	C	A	0.002573607867679256	2.5894576244388254
X:7222551:AGAT:A	116.082	1.5088e-06	18.1585	3.01399	X	7222551	AGAT	A	0.00257836304373302	2.5886559322932103
X:79792123:T:C	13.9954	6.81656e-06	14.5349	3.01399	X	79792123	T	C	0.00257836304373302	2.5886559322932103
X:107181113:AC:A	102.849	2.34966e-06	17.5945	3.01399	X	107181113	AC	A	0.00257836304373302	2.5886559322932103
X:28134379:T:C	27.4566	3.91424e-06	15.7635	3.0139	X	28134379	T	C	0.0025791280173670292	2.5885271007250883
X:44933578:TTTTG:T	61.7399	3.64005e-06	16.6464	3.01354	X	44933578	TTTTG	T	0.002582189987684195	2.5880118071635594
X:73236957:CTCTT:C	42.8756	1.51535e-06	17.1582	3.0135	X	73236957	CTCTT	C	0.002582530411713568	2.587954555554084
X:7223039:AC:A	113.261	1.47398e-06	18.1572	3.01343	X	7223039	AC	A	0.00258312625251335	2.5878543667922647
X:64671489:A:G	13.6659	5.87028e-06	14.6605	3.01328	X	64671489	A	G	0.002584403477532865	2.5876396832516186
X:31960576:C:T	72.247	2.60023e-06	17.14	3.01323	X	31960576	C	T	0.0025848293475114505	2.587568124090565
X:109192049:G:T	12.1242	5.59401e-06	14.589	3.01318	X	109192049	G	T	0.002585255281657082	2.5874965659390883
X:83354533:A:C	116.201	1.5162e-06	18.1546	3.01225	X	83354533	A	C	0.0025931893639081173	2.586165768345351
X:87026476:A:ATG	26.9279	3.85396e-06	15.7596	3.01209	X	87026476	A	ATG	0.0025945566097974938	2.5859368491338404
X:64248686:A:AG	16.3423	5.54759e-06	14.8959	3.01189	X	64248686	A	AG	0.002596266594025881	2.585650714656809
X:34200966:G:A	40.5815	3.9987e-06	16.1329	3.01137	X	34200966	G	A	0.002600717376516917	2.5849068406100395
X:82535535:G:C	44.5909	1.58383e-06	17.1532	3.01136	X	82535535	G	C	0.002600803036813779	2.584892536410001
X:93521531:AT:A	116.201	1.51938e-06	18.1525	3.0113	X	93521531	AT	A	0.002601317052768516	2.5848067120577616
X:48917155:C:CA	13.4653	5.80869e-06	14.6563	3.01127	X	48917155	C	CA	0.002601574095574864	2.584763800426779
X:79482106:GTTT:G	73.3159	2.65098e-06	17.1354	3.01112	X	79482106	GTTT	G	0.0026028596579710512	2.584549247723219
X:64797295:G:A	13.5841	5.86307e-06	14.6557	3.01102	X	64797295	G	A	0.0026037170222088465	2.5844062176350464
X:82451761:C:T	47.3322	4.37402e-06	16.197	3.01092	X	82451761	C	T	0.0026045746446396	2.584263191584885
X:9272607:GTTT:G	116.201	1.52084e-06	18.1516	3.01087	X	9272607	GTTT	G	0.002605003552698947	2.584191680074055
X:83364034:A:C	18.6528	4.58245e-06	15.2193	3.01065	X	83364034	A	C	0.002606891515417825	2.5838770414192105
X:64777556:A:AT	16.3676	5.57436e-06	14.8926	3.01035	X	64777556	A	AT	0.002609468026080598	2.583448020204127
X:87020662:AAACAAC:A	81.7972	3.20031e-06	17.0565	3.01014	X	87020662	AAACAAC	A	0.002611272968540081	2.583147726976654
X:7175179:TAA:T	112.458	1.47613e-06	18.1487	3.00956	X	7175179	TAA	T	0.0026162639788321397	2.582318438189447
X:19611956:G:GA	12.3659	5.75106e-06	14.5811	3.00942	X	19611956	G	GA	0.002617470011332091	2.582118285384593
X:74277159:C:T	71.7785	2.60528e-06	17.1316	3.0094	X	74277159	C	T	0.0026176423431730498	2.5820896927728043
X:7173614:CTT:C	115.012	1.51038e-06	18.1482	3.00934	X	7173614	CTT	C	0.0026181594009338665	2.5820039159065082
X:21815266:ATAT:A	114.541	1.50432e-06	18.1481	3.0093	X	21815266	ATAT	A	0.002618504157978254	2.581946732136535
X:82542610:G:A	13.5795	5.88601e-06	14.6515	3.009	X	82542610	G	A	0.002621091158981398	2.5815178744543377
X:109216443:AACGTGGT:A	115.723	1.52173e-06	18.1469	3.00875	X	109216443	AACGTGGT	A	0.0026232487777753267	2.581160520811964
X:102167096:C:T	14.1366	6.96333e-06	14.5236	3.00852	X	102167096	C	T	0.0026252352209545768	2.580831777749104
X:75707623:T:C	11.9762	9.84422e-06	14.0115	3.00823	X	75707623	T	C	0.0026277418266571887	2.5804173060703937
X:93059720:C:CTTTT	13.2001	5.73166e-06	14.6497	3.00817	X	93059720	C	CTTTT	0.0026282607078128494	2.5803315575488046
X:104933689:GGA:G	116.201	1.5301e-06	18.1455	3.00813	X	104933689	GGA	G	0.0026286066806164754	2.5802743926752716
X:139604562:G:A	110.654	1.45717e-06	18.1454	3.00809	X	139604562	G	A	0.002628952695051855	2.580217228447757
X:41213770:A:G	57.1399	3.35907e-06	16.6494	3.00802	X	41213770	A	G	0.0026295583205035735	2.580117192604087
X:5135341:T:C	59.615	3.50573e-06	16.649	3.00786	X	5135341	T	C	0.0026309430861948765	2.57988854667631
X:69734424:C:A	49.2917	4.58478e-06	16.1905	3.00782	X	69734424	C	A	0.0026312893817611476	2.579831386809401
X:41213895:A:G	57.1813	3.3633e-06	16.6488	3.00777	X	41213895	A	G	0.0026317223098127423	2.5797599378842184
X:64536187:A:G	16.3424	5.59819e-06	14.8868	3.00762	X	64536187	A	G	0.002633021484676134	2.579545597165021
X:67480664:A:G	12.6192	7.41963e-06	14.3466	3.00756	X	67480664	A	G	0.0026335413187571696	2.579459863420999
X:34179313:GC:G	116.201	1.53248e-06	18.1439	3.00743	X	34179313	GC	G	0.0026346679477883173	2.5792741119619804
X:90287255:C:G	18.462	4.56744e-06	15.2123	3.00742	X	90287255	C	G	0.002634754629806023	2.579259823670837
X:86994073:A:G	22.8165	6.22759e-06	15.114	3.0074	X	86994073	A	G	0.0026349280016622983	2.579231247209676
X:105644585:ATTC:A	106.434	1.40517e-06	18.1429	3.00694	X	105644585	ATTC	A	0.0026389184336925637	2.5785740331769493
X:81011426:G:A	31.4178	8.41402e-06	15.133	3.0068	X	81011426	G	A	0.0026401340090112975	2.5783740284721945
X:55708726:CAT:C	116.201	1.5347e-06	18.1425	3.00678	X	55708726	CAT	C	0.0026403077044039177	2.578345457017506
X:142757068:TTATATA:T	109.22	1.44496e-06	18.1408	3.006	X	142757068	TTATATA	T	0.002647089977799031	2.577231296251553
X:82628312:G:A	116.201	1.53843e-06	18.1401	3.00568	X	82628312	G	A	0.0026498770527038154	2.5767742757126184
X:86994351:A:G	22.7852	6.2429e-06	15.1102	3.00556	X	86994351	A	G	0.0026509228971094076	2.5766029036689755
X:117428515:A:C	20.4532	9.20825e-06	14.6136	3.00537	X	117428515	A	C	0.0026525795890355404	2.5763315764896197
X:104936443:G:C	25.4417	5.06229e-06	15.4301	3.00481	X	104936443	G	C	0.0026574679769630935	2.575531960111163
X:81970723:C:CT	23.2284	4.62085e-06	15.4303	3.00478	X	81970723	C	CT	0.0026577300871070725	2.575489127092373
X:77051506:G:A	12.9647	7.67131e-06	14.3403	3.00448	X	77051506	G	A	0.0026603524884304865	2.575060816888375
X:7222528:CAAAAAAAA:C	113.84	1.51162e-06	18.1371	3.00435	X	7222528	CAAAAAAAA	C	0.0026614895966127487	2.574875227083752
X:80161064:A:G	13.7096	6.00136e-06	14.6416	3.00432	X	80161064	A	G	0.002661752069269594	2.5748323996362057
X:104929550:T:C	29.4744	8.09861e-06	15.1073	3.00391	X	104929550	T	C	0.002665341567401668	2.5742471276009025
X:7258129:GATAGATAGATA:G	116.201	1.54495e-06	18.1358	3.00377	X	7258129	GATAGATAGATA	G	0.002666568262576646	2.574047294155905
X:7258127:TA:T	116.201	1.54495e-06	18.1358	3.00377	X	7258127	TA	T	0.002666568262576646	2.574047294155905
X:77029546:A:C	15.5744	1.09974e-05	14.1635	3.00359	X	77029546	A	C	0.0026681462002712568	2.5737903770675348
X:73236915:CTT:C	108.893	1.44914e-06	18.1349	3.00335	X	73236915	CTT	C	0.00267025144468092	2.5734478412961743
X:127643388:G:T	12.5466	5.91436e-06	14.5676	3.00305	X	127643388	G	T	0.002672885135016482	2.5730197042813896
X:82291378:TA:T	30.3827	8.19925e-06	15.1253	3.00301	X	82291378	TA	T	0.0026732364730401815	2.572962622091203
X:43466101:C:A	20.4001	9.23334e-06	14.6082	3.00271	X	43466101	C	A	0.0026758728538263813	2.5725345262530412
X:115556167:CA:C	99.4418	2.32782e-06	17.5702	3.00268	X	115556167	CA	C	0.0026761366225511846	2.572491718667487
X:64614125:C:T	13.1405	7.80583e-06	14.3363	3.00257	X	64614125	C	T	0.002677103977849122	2.572334760628846
X:64048670:A:T	12.9292	7.68099e-06	14.3362	3.00253	X	64048670	A	T	0.0026774558226352	2.572277686189492
X:5122092:A:G	51.3052	4.14597e-06	16.3312	3.00203	X	5122092	A	G	0.002681857449568083	2.5715643101948173
X:55707787:CAAA:C	116.321	1.55319e-06	18.1316	3.00184	X	55707787	CAAA	C	0.0026835318009564425	2.5712932537780753
X:73236950:TC:T	107.492	1.43534e-06	18.1315	3.00182	X	73236950	TC	T	0.0026837081040304686	2.5712647223714025
X:9271040:GGAAA:G	115.723	1.54529e-06	18.1315	3.00181	X	9271040	GGAAA	G	0.0026837962595367935	2.571250456728617
X:83358643:G:A	14.5787	7.32793e-06	14.5034	3.00178	X	83358643	G	A	0.0026840607419338393	2.571207660042469
X:21832714:TAA:T	21.2171	6.3596e-06	15.0204	3.00166	X	21832714	TAA	T	0.0026851189097272243	2.5710364769309475
X:7253731:TACTCTC:T	116.201	1.55246e-06	18.131	3.00158	X	7253731	TACTCTC	T	0.0026858245667040793	2.570922358085991
X:73233094:A:C	12.9871	7.73771e-06	14.3334	3.00112	X	73233094	A	C	0.0026898853841560368	2.5702662248634116
X:83368035:G:A	18.1693	4.46949e-06	15.218	3.00112	X	83368035	G	A	0.0026898853841560368	2.5702662248634116
X:28081458:A:G	14.8652	7.48371e-06	14.5018	3.00101	X	28081458	A	G	0.0026908572800843195	2.570109336095609
X:15036495:GA:G	74.5322	2.97481e-06	17.0366	3.00079	X	15036495	GA	G	0.0026928020346948358	2.5697955732130207
X:70706792:A:C	12.7445	7.6003e-06	14.3324	3.00066	X	70706792	A	C	0.0026939518114994943	2.569610177056625
X:15021882:ATATT:A	94.1577	2.2146e-06	17.5654	3.00048	X	15021882	ATATT	A	0.002695544550771696	2.56935348594834
X:68777430:C:T	12.2682	5.81571e-06	14.562	3.00039	X	68777430	C	T	0.0026963412430504132	2.5692251452986414
X:94189656:A:AT	14.9608	7.54459e-06	14.5001	3.00019	X	94189656	A	AT	0.0026981124407517796	2.568939955560887
X:127634349:T:A	12.4537	5.90851e-06	14.5611	3.00001	X	127634349	T	A	0.0026997074276214916	2.5686832986018646
