Location	iHH_0	iHH_1	iHS	Std iHS	chr	pos	ref	alt	p_value	neg_log10_p
12:999610:A:ATTT	0.000832617	5.01039e-08	9.71823	8.62011	12	999610	A	ATTT	6.6889824433044655e-18	17.174639943946605
12:103354697:G:T	2.50185e-07	0.0444369	-12.0874	-8.56694	12	103354697	G	T	1.0627122824901616e-17	16.97358429995489
12:66477195:T:C	2.50153e-07	0.0231681	-11.4362	-8.04621	12	66477195	T	C	8.539740718652176e-16	15.068555315044957
12:53822074:G:A	0.0050214	1.22646e-06	8.31733	7.74021	12	53822074	G	A	9.925274155576567e-15	14.003257488332133
12:53821968:T:C	0.00489455	1.22646e-06	8.29174	7.71977	12	53821968	T	C	1.1653980532185807e-14	13.933525711728223
12:53820947:G:A	0.00481614	1.21e-06	8.28911	7.71766	12	53820947	G	A	1.1848474904920005e-14	13.926337546953699
12:53821685:A:G	0.00484435	1.22605e-06	8.28177	7.7118	12	53821685	A	G	1.2405543779506347e-14	13.906384194288748
12:23889341:T:C	1.74618e-07	0.00734586	-10.647	-7.6752	12	23889341	T	C	1.651607563021729e-14	13.78209313707665
12:49500032:C:CT	0.000873567	2.00944e-07	8.37731	7.66327	12	49500032	C	CT	1.812577284894422e-14	13.741703466860356
12:1388157:C:T	0.00279585	6.6344e-07	8.34621	7.51796	12	1388157	C	T	5.563751764202285e-14	13.254632254999567
12:1388012:G:A	0.00277189	6.66062e-07	8.33366	7.50788	12	1388012	G	A	6.009254979459206e-14	13.221179367991626
12:1387538:C:T	0.00250326	6.66121e-07	8.23163	7.42593	12	1387538	C	T	1.1199021671292261e-13	12.95081991494743
12:40080345:C:T	5.26989e-08	0.00513161	-11.4863	-7.4174	12	40080345	C	T	1.1944180640136237e-13	12.922843637096399
12:39905010:G:T	6.21142e-07	0.0230713	-10.5225	-7.31604	12	39905010	G	T	2.5539556280282976e-13	12.59278665236229
12:64760950:C:G	1.06166e-07	0.004754	-10.7095	-7.26805	12	64760950	C	G	3.6471380742886974e-13	12.438047794743094
12:83307427:A:C	9.97583e-08	0.00286989	-10.267	-7.26588	12	83307427	A	C	3.706174936573233e-13	12.431074085234236
12:83307437:T:G	9.97583e-08	0.00286989	-10.267	-7.26588	12	83307437	T	G	3.706174936573233e-13	12.431074085234236
12:78692431:G:A	0.00739802	3.43621e-06	7.6746	7.22656	12	78692431	G	A	4.953818171046276e-13	12.305059938153992
12:55774593:C:A	5.09053e-08	0.00217864	-10.6642	-7.11267	12	55774593	C	A	1.1381920427849074e-12	11.943784454913501
12:1387068:T:TTTTGGAATG	0.00249767	1.02842e-06	7.7951	7.07526	12	1387068	T	TTTTGGAATG	1.4916881550762843e-12	11.826321958823819
12:68822747:C:CTTTTTT	1.01525e-07	0.00334228	-10.4019	-7.01452	12	68822747	C	CTTTTTT	2.3073972157924164e-12	11.636877635744472
12:52115444:A:G	0.0103874	5.62602e-06	7.52095	6.92949	12	52115444	A	G	4.223604796389396e-12	11.374316725601378
12:88563591:G:A	0.00305256	8.55385e-07	8.17994	6.92158	12	88563591	G	A	4.466337889252017e-12	11.350048424594908
12:17961126:C:CTT	1.57138e-07	0.0072945	-10.7455	-6.85803	12	17961126	C	CTT	6.981660013280272e-12	11.156041303896433
12:61020619:G:A	4.53334e-07	0.0118524	-10.1714	-6.85117	12	61020619	G	A	7.324840597214994e-12	11.13520182196405
12:998664:A:G	0.00121871	6.76611e-07	7.49621	6.83516	12	998664	A	G	8.191355302885403e-12	11.08664423598461
12:63360255:A:T	0.00111329	5.01036e-08	10.0087	6.79361	12	63360255	A	T	1.0936177993804954e-11	10.96113442994186
12:63361775:A:G	0.00111642	5.0293e-08	10.0078	6.79294	12	63361775	A	G	1.0987108415886219e-11	10.959116590038793
12:88564573:C:T	0.00312379	1.03541e-06	8.01201	6.79201	12	88564573	C	T	1.1058188158648142e-11	10.956316024673336
12:88563699:A:G	0.00305832	1.01387e-06	8.01185	6.79188	12	88563699	A	G	1.1068159853104454e-11	10.955924577140424
12:17119376:T:A	1.20529e-06	0.0170359	-9.55636	-6.78964	12	17119376	T	A	1.1241369790934185e-11	10.949180765599879
12:18195403:A:C	8.84175e-07	0.00909882	-9.239	-6.78119	12	18195403	A	C	1.1919000080563705e-11	10.923760177289463
12:16644864:T:A	3.48931e-07	0.00833064	-10.0806	-6.76327	12	16644864	T	A	1.3491147556531882e-11	10.8699511076837
12:113602603:T:C	1.5542e-06	0.0422783	-10.2111	-6.75996	12	113602603	T	C	1.3802984259563435e-11	10.860027007269373
12:74674553:T:C	7.01793e-07	0.0140026	-9.90112	-6.74946	12	74674553	T	C	1.4839641288929225e-11	10.828576596908844
12:53820837:G:A	0.00473849	4.05915e-06	7.0625	6.73739	12	53820837	G	A	1.612569334295351e-11	10.792481603294537
12:53822040:T:C	1.22646e-06	0.0050214	-8.31733	-6.71632	12	53822040	T	C	1.863712757812392e-11	10.72962102186929
12:53821608:G:C	1.22108e-06	0.00484336	-8.28563	-6.69317	12	53821608	G	C	2.183871826752575e-11	10.660772854322412
12:89259426:A:G	1.58001e-06	0.0552262	-10.4618	-6.6438	12	89259426	A	G	3.0569732206303916e-11	10.514708365717285
12:62463883:G:T	5.50563e-07	0.00860231	-9.6566	-6.624	12	62463883	G	T	3.49606762599078e-11	10.456420175205091
12:68826884:G:A	0.00314532	1.50422e-07	9.94798	6.62044	12	68826884	G	A	3.581312584824414e-11	10.445957771157952
12:68827205:A:T	0.00314532	1.51098e-07	9.9435	6.61717	12	68827205	A	T	3.661403618920767e-11	10.43635239354182
12:91819625:A:ACACC	2.33562e-06	0.0351361	-9.6187	-6.59372	12	91819625	A	ACACC	4.2894034711636815e-11	10.367603101100938
12:62237757:GT:G	0.0195818	1.60123e-06	9.41158	6.57624	12	62237757	GT	G	4.82493539078705e-11	10.316508497783925
12:14630967:G:A	0.00167532	1.40436e-06	7.08418	6.57067	12	14630967	G	A	5.0089359819562295e-11	10.300254518891604
12:12435902:C:T	0.00513912	4.23594e-07	9.40362	6.56991	12	12435902	C	T	5.034568287658402e-11	10.298037764102638
12:88808224:A:G	7.07826e-07	0.0103758	-9.59279	-6.56654	12	88808224	A	G	5.149781857008379e-11	10.288211167134351
12:61326531:A:T	3.42993e-06	0.0497301	-9.58183	-6.56425	12	61326531	A	T	5.229540087086627e-11	10.281536503565452
12:40079535:T:C	4.87967e-08	0.000994811	-9.92264	-6.53548	12	40079535	T	C	6.340585522600343e-11	10.197870635258203
12:122822011:G:A	4.79531e-08	0.000953475	-9.89765	-6.51603	12	122822011	G	A	7.219254272030086e-11	10.141507661470381
12:43961281:CAAT:C	0.0249385	1.18331e-05	7.65327	6.50825	12	43961281	CAAT	C	7.603131102735086e-11	10.119007520797803
12:91597010:T:TA	4.70503e-07	0.00907345	-9.86706	-6.49222	12	91597010	T	TA	8.458062089805865e-11	10.072729131064136
12:46095101:A:G	4.54617e-07	0.00728288	-9.68158	-6.47167	12	46095101	A	G	9.69256258298833e-11	10.013561386156837
12:17970836:AG:A	0.000274358	2.65329e-07	6.94122	6.46014	12	17970836	AG	A	1.0460616013541913e-10	9.980442739617446
12:80490744:G:A	1.89856e-06	0.0203945	-9.28192	-6.4568	12	80490744	G	A	1.0694007450354023e-10	9.970859517669144
12:70214914:C:T	1.06355e-07	0.00289464	-10.2116	-6.4549	12	70214914	C	T	1.0829038542464819e-10	9.965410100552697
12:70215122:C:G	1.06488e-07	0.00289464	-10.2103	-6.45396	12	70215122	C	G	1.0896458255341813e-10	9.962714640601876
12:51674523:C:T	3.16901e-07	0.00506536	-9.67935	-6.44949	12	51674523	C	T	1.122271647819668e-10	9.949902008614702
12:95179339:GA:G	0.00313471	3.00624e-07	9.25219	6.44945	12	95179339	GA	G	1.1225678692925318e-10	9.9497873925356
12:2757317:C:CTTGT	0.0129547	1.22786e-05	6.96136	6.42249	12	2757317	C	CTTGT	1.3406305990286248e-10	9.872690872337769
12:122820842:CAAA:C	0.000484271	4.62243e-08	9.25689	6.41808	12	122820842	CAAA	C	1.3800373488825295e-10	9.860109159834927
12:72444161:C:T	1.83742e-07	0.00178198	-9.1797	-6.40326	12	72444161	C	T	1.5209385834040817e-10	9.817888322717042
12:18436881:A:C	2.50735e-07	0.0040687	-9.69444	-6.39867	12	18436881	A	C	1.5673617318942555e-10	9.804830761006942
12:18436784:C:T	2.522e-07	0.00407916	-9.69118	-6.39617	12	18436784	C	T	1.5932261803326773e-10	9.797722565757187
12:115857311:C:T	1.07192e-06	0.00495937	-8.43958	-6.39401	12	115857311	C	T	1.61590853967613e-10	9.791583223906757
12:50800926:C:A	1.1084e-06	0.00853843	-8.94942	-6.37563	12	50800926	C	A	1.822123506228338e-10	9.739422189242509
12:84580111:A:G	0.0039311	3.48683e-07	9.33027	6.37498	12	84580111	A	G	1.8298682968352687e-10	9.73758016710893
12:60011410:T:A	5.01642e-08	0.000701368	-9.54549	-6.36623	12	60011410	T	A	1.937308615694269e-10	9.712801190113671
12:19975089:G:A	6.03419e-07	0.00663431	-9.30515	-6.34314	12	19975089	G	A	2.2512866884563132e-10	9.647569196564728
12:40077435:C:T	4.93081e-08	0.000537591	-9.29676	-6.33643	12	40077435	C	T	2.3514994087781e-10	9.628655126109669
12:68736697:A:G	4.64496e-07	0.00400005	-9.06086	-6.30898	12	68736697	A	G	2.808804080996176e-10	9.551478552542694
12:45366117:GTTTT:G	0.0047725	3.50767e-07	9.51826	6.30667	12	45366117	GTTTT	G	2.8510280316326015e-10	9.544998512636695
12:3810715:GAAGAGA:G	0.0104086	6.0398e-07	9.7546	6.30236	12	3810715	GAAGAGA	G	2.9314729558339184e-10	9.53291410802405
12:70222550:C:T	1.06496e-07	0.000917479	-9.06128	-6.30173	12	70222550	C	T	2.9434158821967317e-10	9.53114837106968
12:53822222:CCCT:C	2.17831e-06	0.00499987	-7.73862	-6.29376	12	53822222	CCCT	C	3.0986679982912387e-10	9.508824953039237
12:51237482:AAATAAATAA:A	0.00891192	1.05232e-06	9.04415	6.28396	12	51237482	AAATAAATAA	A	3.3005566206653297e-10	9.481412812577116
12:51237480:AT:A	0.00883057	1.05302e-06	9.03431	6.27613	12	51237480	AT	A	3.471039977456452e-10	9.459540384343928
12:72438472:G:C	1.06849e-07	0.000316664	-7.99418	-6.2727	12	72438472	G	C	3.5484020661602985e-10	9.449967176545591
12:63354765:GAAAC:G	0.000529187	4.99627e-08	9.26782	6.26569	12	63354765	GAAAC	G	3.711781078064834e-10	9.430417646513568
12:1388010:C:G	4.38562e-07	0.00773368	-9.77759	-6.26488	12	1388010	C	G	3.7311262238875653e-10	9.42816005854143
12:1459931:T:C	2.40616e-06	0.00615968	-7.84775	-6.26297	12	1459931	T	C	3.777133079879209e-10	9.42283771338825
12:105359934:C:T	8.66309e-07	0.0180073	-9.94204	-6.25139	12	105359934	C	T	4.0681558270148146e-10	9.390602420174924
12:23807109:A:C	1.01545e-06	0.00956447	-9.15048	-6.21953	12	23807109	A	C	4.986462796069934e-10	9.30220741687674
12:82811373:T:C	0.00832695	1.31172e-05	6.45333	6.20907	12	82811373	T	C	5.329907896735031e-10	9.273280295717395
12:61326099:C:A	3.56794e-06	0.0329856	-9.13184	-6.20463	12	61326099	C	A	5.482573711500781e-10	9.26101552065676
12:72708460:G:A	0.00637257	2.94039e-06	7.68122	6.19552	12	72708460	G	A	5.809291495619371e-10	9.235876831173481
12:12497667:T:TA	5.61779e-07	0.00332126	-8.68475	-6.19059	12	12497667	T	TA	5.993943182531737e-10	9.222287378112078
12:61327325:A:T	3.59173e-06	0.0437346	-9.40726	-6.17848	12	61327325	A	T	6.472168571619956e-10	9.18895017978099
12:70216016:T:C	2.12007e-07	0.00272383	-9.46093	-6.17614	12	70216016	T	C	6.568774447517061e-10	9.182515650277235
12:26657883:T:G	3.74975e-06	0.0217519	-8.66577	-6.17523	12	26657883	T	G	6.606722097187834e-10	9.180013960816346
12:14393537:TAA:T	0.00168406	2.28512e-07	8.90513	6.17337	12	14393537	TAA	T	6.684951938025188e-10	9.174901710784269
12:55360325:A:G	6.10851e-07	0.00663214	-9.29259	-6.17029	12	55360325	A	G	6.816485370783147e-10	9.166439493014275
12:88566950:C:T	0.00321568	2.3979e-06	7.2012	6.16637	12	88566950	C	T	6.987547609144006e-10	9.155675220061786
12:61392662:A:ACCATCCATC	1.96613e-06	0.0211771	-9.28461	-6.16411	12	61392662	A	ACCATCCATC	7.088065943086489e-10	9.149472250688534
12:80495833:G:A	1.87018e-06	0.0162389	-9.06913	-6.15728	12	80495833	G	A	7.400494128510745e-10	9.130739281604008
12:12436135:C:T	4.22131e-07	0.00520528	-9.41987	-6.14418	12	12436135	C	T	8.037765376093533e-10	9.094864675097837
12:12435857:A:G	4.23234e-07	0.00520528	-9.41726	-6.14215	12	12435857	A	G	8.141192119598275e-10	9.089311996455317
12:43597174:AT:A	0.0127593	1.69129e-05	6.62593	6.13607	12	43597174	AT	A	8.458789660572007e-10	9.072691774235125
12:8201631:A:G	0.016677	2.89863e-05	6.35496	6.13326	12	8201631	A	G	8.609626509539415e-10	9.065015688077622
12:44101551:T:C	1.13988e-06	0.00412251	-8.19329	-6.12958	12	44101551	T	C	8.811136179502663e-10	9.05496808651721
12:78691863:T:G	3.49002e-06	0.00820697	-7.76283	-6.12847	12	78691863	T	G	8.872815440284915e-10	9.0519385519646
12:1387673:T:C	4.93408e-07	0.00709629	-9.57375	-6.12704	12	1387673	T	C	8.952897068384335e-10	9.048036408569713
12:33816152:A:G	5.03388e-08	0.000309671	-8.72449	-6.11422	12	33816152	A	G	9.703037108262743e-10	9.013092307701735
12:24936325:C:T	3.2848e-06	0.0286225	-9.07264	-6.09975	12	24936325	C	T	1.062344860280858e-09	8.973734478918464
12:48156444:A:G	2.00737e-07	0.00120065	-8.69638	-6.0914	12	48156444	A	G	1.1192749356766097e-09	8.951063221442062
12:33471644:G:A	4.50577e-07	0.00296913	-8.79325	-6.08803	12	33471644	G	A	1.1430845607407177e-09	8.94192164107918
12:23807795:C:T	1.50174e-06	0.0145553	-9.17909	-6.08236	12	23807795	C	T	1.1842629164101232e-09	8.926551869850964
12:41564312:T:A	1.5286e-06	0.0133861	-9.07762	-6.07759	12	41564312	T	A	1.2200220916338353e-09	8.913632305236886
12:89259072:G:A	3.64637e-06	0.0358719	-9.19398	-6.06992	12	89259072	G	A	1.2797398342682485e-09	8.892878311622406
12:88806818:A:G	1.43343e-06	0.0100598	-8.85623	-6.06792	12	88806818	A	G	1.2957741739681278e-09	8.887470680213276
12:33817459:G:A	5.04752e-08	0.000291838	-8.66247	-6.06387	12	33817459	G	A	1.3288457688561351e-09	8.876525422083342
12:17307091:A:T	0.00210731	1.16583e-06	7.49974	6.0538	12	17307091	A	T	1.4146823515152318e-09	8.84934106435929
12:66477733:C:T	3.5234e-06	0.032796	-9.13864	-6.05102	12	66477733	C	T	1.4393157573353986e-09	8.841843920013847
12:88536301:T:C	0.00126586	2.00894e-07	8.74848	6.04876	12	88536301	T	C	1.4596491067837073e-09	8.835751534149239
12:23807114:CCAAT:C	0.00964506	1.01439e-06	9.15992	6.04502	12	23807114	CCAAT	C	1.4939146914298932e-09	8.825674201783713
12:126514154:ATGTGTG:A	3.96052e-06	0.00250681	-6.45039	-6.04167	12	126514154	ATGTGTG	A	1.5252718331063146e-09	8.816652749695857
12:88535249:T:C	0.00124891	2.00702e-07	8.73596	6.03879	12	88535249	T	C	1.55274164947707e-09	8.808900797677827
12:88535571:A:C	0.00124891	2.0079e-07	8.73552	6.03845	12	88535571	A	C	1.556016260994931e-09	8.807985868770837
12:13905720:C:A	1.39463e-06	0.0149936	-9.28275	-6.03746	12	13905720	C	A	1.5655895354514351e-09	8.805322090205756
12:64754890:C:CA	2.49423e-06	0.0153077	-8.72213	-6.03133	12	64754890	C	CA	1.6261573217947164e-09	8.7888374411022
12:60008638:G:C	1.00063e-07	0.000660488	-8.79493	-6.03062	12	60008638	G	C	1.6333183615884434e-09	8.786929155615224
12:18201586:C:T	4.14066e-06	0.0229134	-8.61862	-6.02827	12	18201586	C	T	1.6572402636508407e-09	8.780614523799425
12:62236915:C:T	1.85372e-06	0.0196274	-9.26748	-6.02558	12	62236915	C	T	1.6850424273995942e-09	8.77338915962733
12:91822714:A:G	6.47855e-06	0.0306792	-8.46284	-6.01094	12	91822714	A	G	1.8445066806638358e-09	8.734119767452528
12:107831904:C:T	1.9137e-06	0.00753665	-8.27849	-6.01062	12	107831904	C	T	1.848151483406651e-09	8.73326243478725
12:61325261:C:T	4.44909e-06	0.0215742	-8.48656	-6.00381	12	61325261	C	T	1.927402352128465e-09	8.715027615355353
12:91014390:CT:C	0.000264878	4.51139e-07	6.37525	6.00193	12	91014390	CT	C	1.9498576664008394e-09	8.709997089638913
12:67364301:A:G	0.00133277	8.00864e-07	7.41708	5.98925	12	67364301	A	G	2.108109051933863e-09	8.676106926937614
12:89258119:C:T	3.50922e-06	0.0513203	-9.59045	-5.98592	12	89258119	C	T	2.15170114685072e-09	8.667218048659274
12:61022604:C:CT	0.00297817	7.17664e-07	8.33082	5.98011	12	61022604	C	CT	2.2298698811820313e-09	8.651720478446617
12:80489990:G:GTCTTGTGC	2.43387e-06	0.0164874	-8.82087	-5.97854	12	80489990	G	GTCTTGTGC	2.2514633293917742e-09	8.647535122195384
12:80489991:A:C	2.43387e-06	0.0164874	-8.82087	-5.97854	12	80489991	A	C	2.2514633293917742e-09	8.647535122195384
12:80489987:G:GTCTTGTGCT	2.43528e-06	0.0164906	-8.82049	-5.97826	12	80489987	G	GTCTTGTGCT	2.255335733930662e-09	8.646788799000946
12:62236914:G:A	1.71445e-06	0.00981037	-8.6521	-5.9755	12	62236914	G	A	2.2938554000015493e-09	8.639433962616412
12:20018687:G:A	1.50354e-07	0.0014854	-9.1982	-5.97166	12	20018687	G	A	2.3485157810778704e-09	8.629206517187349
12:46097593:A:T	9.953e-07	0.0142024	-9.56588	-5.96737	12	46097593	A	T	2.41108247615229e-09	8.617787933411352
12:88568280:CATTTATTTA:C	0.00292028	4.74239e-06	6.42289	5.9653	12	88568280	CATTTATTTA	C	2.441849781218716e-09	8.612281056686982
12:44519855:C:CAG	0.0126551	1.03646e-05	7.10742	5.96301	12	44519855	C	CAG	2.476332607935528e-09	8.60619102358983
12:50796823:C:T	1.8382e-06	0.00818303	-8.40103	-5.93511	12	50796823	C	T	2.936485532015201e-09	8.53217213457292
12:49501713:G:C	1.94149e-07	0.00108404	-8.62758	-5.91313	12	49501713	G	C	3.356670398181026e-09	8.474091301373036
12:18436575:A:T	2.50331e-07	0.00200848	-8.9901	-5.91049	12	18436575	A	T	3.410915598890413e-09	8.467129026822347
12:76058311:T:C	6.67634e-06	0.053349	-8.98604	-5.90731	12	76058311	T	C	3.4773902285621137e-09	8.458746570575942
12:81701860:CTT:C	0.0268758	5.09804e-06	8.57013	5.90688	12	81701860	CTT	C	3.4864751768120014e-09	8.457613422560582
12:39905824:G:GAA	7.16946e-07	0.00569625	-8.98032	-5.90283	12	39905824	G	GAA	3.573184223751554e-09	8.446944592166936
12:70073745:C:T	0.0100906	1.00214e-06	9.21723	5.89843	12	70073745	C	T	3.6697659067259852e-09	8.435361638379979
12:64752102:TTAAA:T	0.000126206	1.01007e-07	7.13048	5.88784	12	64752102	TTAAA	T	3.9127563669570356e-09	8.407517193188063
12:17118242:C:G	4.05516e-06	0.0207567	-8.54063	-5.88663	12	17118242	C	G	3.9414974891039974e-09	8.404338745764456
12:72448638:G:A	2.13445e-07	0.000379011	-7.48194	-5.88385	12	72448638	G	A	4.008311400583743e-09	8.39703854604756
12:40444902:CAT:C	0.0251609	4.8105e-06	8.56224	5.87776	12	40444902	CAT	C	4.158552410849648e-09	8.381057820668664
12:61023598:C:T	1.81594e-06	0.0128882	-8.86747	-5.84093	12	61023598	C	T	5.191021450483325e-09	8.284747176513697
12:78124436:TTTATG:T	9.08788e-07	0.00758772	-9.02993	-5.84069	12	78124436	TTTATG	T	5.19850590007325e-09	8.284121458786684
12:2757310:T:C	1.25589e-05	0.0208516	-7.41475	-5.83284	12	2757310	T	C	5.4491816038325764e-09	8.263668718205611
12:7325842:T:C	2.41465e-06	0.0168504	-8.85057	-5.82784	12	7325842	T	C	5.614937219066512e-09	8.250655095246763
12:2907429:C:T	0.00485913	1.35742e-06	8.18303	5.8263	12	2907429	C	T	5.666970720254403e-09	8.246649031237945
12:88563575:A:C	0.00193671	4.95185e-06	5.96898	5.81582	12	88563575	A	C	6.033736662614881e-09	8.219413648166483
12:89258606:T:TA	3.58367e-06	0.0201871	-8.63641	-5.8087	12	89258606	T	TA	6.295978809029893e-09	8.200936742392459
12:6495249:T:G	4.02443e-07	0.00226635	-8.63613	-5.80847	12	6495249	T	G	6.30463235118907e-09	8.200340233833995
12:16096220:G:A	1.63877e-06	0.0122816	-8.92191	-5.80633	12	16096220	G	A	6.385704475167617e-09	8.194791184101266
12:70211553:G:T	1.01267e-07	0.000709284	-8.85425	-5.80425	12	70211553	G	T	6.4654748570279055e-09	8.189399572838727
12:64752896:T:C	0.000111303	1.00378e-07	7.01107	5.79803	12	64752896	T	C	6.709845078907722e-09	8.173287506977388
12:77531332:G:C	9.80865e-07	0.00542363	-8.61784	-5.79386	12	77531332	G	C	6.878680586538322e-09	8.162494856668227
12:20720202:A:T	1.01396e-05	0.0468577	-8.43842	-5.78508	12	20720202	A	T	7.247782907118277e-09	8.139794823561457
12:88796556:C:CT	0.00678616	1.52701e-05	6.09674	5.78341	12	88796556	C	CT	7.320135896633763e-09	8.135480856289927
12:8202139:T:C	0.0258153	5.35468e-05	6.17817	5.77637	12	8202139	T	C	7.632942578603307e-09	8.117308004733498
12:61324742:GA:G	0.0142447	5.40072e-06	7.87761	5.77576	12	61324742	GA	G	7.660650413518814e-09	8.115734355822944
12:83750727:G:GT	1.15427e-06	0.00343721	-7.99895	-5.77197	12	83750727	G	GT	7.835006788779979e-09	8.105960622893106
12:76060939:A:T	4.00277e-07	0.00439885	-9.3047	-5.77016	12	76060939	A	T	7.919630129386578e-09	8.101295100799065
12:41818542:C:T	1.25752e-06	0.00372513	-7.99371	-5.7677	12	41818542	C	T	8.036069102674955e-09	8.094956337381555
12:61323553:G:C	5.19903e-06	0.0225738	-8.37607	-5.7657	12	61323553	G	C	8.131960147353653e-09	8.089804758394404
12:20279369:G:A	6.57458e-07	0.00349021	-8.57709	-5.76129	12	20279369	G	A	8.347347484083237e-09	8.078451507275227
12:62237957:T:C	1.58311e-06	0.0171549	-9.29064	-5.75955	12	62237957	T	C	8.433847480208093e-09	8.073974257139383
12:46094659:G:C	1.158e-06	0.00612424	-8.57332	-5.75828	12	46094659	G	C	8.497532066368066e-09	8.070707187884011
12:17300161:C:T	4.683e-07	0.00197291	-8.34591	-5.75278	12	17300161	C	T	8.778769782897907e-09	8.056566339894898
12:121901429:A:G	1.52032e-06	0.00521302	-8.13999	-5.74956	12	121901429	A	G	8.947599652092013e-09	8.048293456043556
12:70212556:C:A	1.07676e-07	0.000691208	-8.76707	-5.73607	12	70212556	C	A	9.689862606451829e-09	8.013682380811241
12:50018158:C:CA	3.35185e-07	0.000910577	-7.90715	-5.73581	12	50018158	C	CA	9.704740806898802e-09	8.013016059207796
12:69861143:A:G	2.69346e-06	0.0281516	-9.25453	-5.73229	12	69861143	A	G	9.908367265655279e-09	8.00399790413592
12:29410592:AT:A	1.61626e-06	0.00453363	-7.93916	-5.73204	12	29410592	AT	A	9.92298627091812e-09	8.003357609518117
12:60427206:TA:T	0.00204837	2.54691e-07	8.9925	5.72951	12	60427206	TA	T	1.0072115200209217e-08	7.996879315611764
12:999564:G:A	0.000724515	1.79623e-06	5.99981	5.72047	12	999564	G	A	1.0622978455919079e-08	7.973753699298368
12:80486496:C:T	5.88119e-06	0.0199141	-8.12743	-5.71787	12	80486496	C	T	1.0786761412561241e-08	7.967108927121966
12:72706421:G:A	0.0161263	2.57532e-06	8.74223	5.71588	12	72706421	G	A	1.091377378061786e-08	7.962025052463041
12:6980021:C:CT	0.00417995	9.43223e-06	6.09392	5.71396	12	6980021	C	CT	1.103769539580795e-08	7.957121595208707
12:62234621:C:T	2.49384e-06	0.0176257	-8.86329	-5.71099	12	62234621	C	T	1.1232084676562466e-08	7.949539631137951
12:17118508:A:G	4.65126e-06	0.0174005	-8.22712	-5.71039	12	17118508	A	G	1.1271757214021632e-08	7.948008374205499
12:69759130:C:T	4.57822e-07	0.0046452	-9.22486	-5.70988	12	69759130	C	T	1.1305585909279758e-08	7.946706925527963
12:69759138:C:T	4.58223e-07	0.00463338	-9.22144	-5.7073	12	69759138	C	T	1.1478237001512511e-08	7.940124812226589
12:69759145:T:C	4.58375e-07	0.00462518	-9.21934	-5.70571	12	69759145	T	C	1.158591143481754e-08	7.936069795664085
12:10335830:C:T	0.0378993	4.40205e-05	6.75803	5.70309	12	10335830	C	T	1.17654819805348e-08	7.929390276970825
12:4689605:A:G	7.62442e-06	0.0205283	-7.8982	-5.69841	12	4689605	A	G	1.2092994426847503e-08	7.9174661472753005
12:61023991:A:G	1.87744e-06	0.0110777	-8.68278	-5.69784	12	61023991	A	G	1.2133483888508126e-08	7.916014482207202
12:89258843:G:A	8.65365e-06	0.0446253	-8.54807	-5.68837	12	89258843	G	A	1.2825769423250783e-08	7.891916571927743
12:77700938:ACT:A	0.0278137	7.27845e-05	5.94578	5.6781	12	77700938	ACT	A	1.3619908830453893e-08	7.8658257995130505
12:10335842:A:G	0.0379266	4.55808e-05	6.72392	5.67771	12	10335842	A	G	1.3650988800070199e-08	7.8648358896590445
12:89258988:A:T	8.80664e-06	0.0445389	-8.52861	-5.6731	12	89258988	A	T	1.40236311159459e-08	7.853139520646163
12:89258666:A:G	8.82487e-06	0.0442299	-8.51958	-5.66602	12	89258666	A	G	1.4615247332237955e-08	7.8351938307261655
12:2759644:T:C	0.0130833	3.32295e-05	5.97566	5.65882	12	2759644	T	C	1.5241730857253186e-08	7.816965711535091
12:88697563:A:T	2.71795e-06	0.00352861	-7.16878	-5.64612	12	88697563	A	T	1.641093189015029e-08	7.784866756956719
12:1457526:A:G	2.44905e-06	0.00563262	-7.74063	-5.64378	12	1457526	A	G	1.6635662457085556e-08	7.778959900191713
12:47605018:C:A	1.4556e-06	0.00799605	-8.61128	-5.64245	12	47605018	C	A	1.6764723081195396e-08	7.775603615829079
12:113602083:T:A	1.54827e-06	0.0088043	-8.64586	-5.64127	12	113602083	T	A	1.6880041663794054e-08	7.772626485771174
12:91819958:GA:G	5.17211e-06	0.0159318	-8.03279	-5.6393	12	91819958	GA	G	1.707428381231826e-08	7.767657503920595
12:8201585:A:C	0.016932	5.56659e-05	5.71759	5.6372	12	8201585	A	C	1.728373400250271e-08	7.762362426122333
12:92457127:G:A	1.49095e-05	0.0953467	-8.76328	-5.63316	12	92457127	G	A	1.7693716010414196e-08	7.752180947568673
12:29416405:T:C	1.5006e-06	0.00372979	-7.81824	-5.63276	12	29416405	T	C	1.7734818339000364e-08	7.751173255727352
12:73415750:G:GA	3.86124e-07	0.00244891	-8.75499	-5.62671	12	73415750	G	GA	1.8367913967191537e-08	7.735940163453586
12:73415751:G:A	3.86124e-07	0.00244891	-8.75499	-5.62671	12	73415751	G	A	1.8367913967191537e-08	7.735940163453586
12:81100753:A:G	1.81062e-06	0.0100659	-8.62324	-5.62359	12	81100753	A	G	1.8702925063088812e-08	7.728090466222028
12:66477956:A:C	2.76136e-06	0.017436	-8.75057	-5.62327	12	66477956	A	C	1.8737618753896665e-08	7.72728560169544
12:66477955:G:GC	2.76136e-06	0.017436	-8.75057	-5.62327	12	66477955	G	GC	1.8737618753896665e-08	7.72728560169544
12:60432686:G:GA	0.00126959	7.38367e-07	7.44976	5.6224	12	60432686	G	GA	1.8832258417380735e-08	7.7250975950447955
12:74675809:C:T	2.70996e-06	0.0144873	-8.5841	-5.62139	12	74675809	C	T	1.8942709686529802e-08	7.72255789662446
12:60432597:A:AAAAC	0.00126546	7.39031e-07	7.44561	5.61929	12	60432597	A	AAAAC	1.9174377982956938e-08	7.717278715668476
12:2922955:G:A	0.00160365	6.11163e-07	7.87243	5.61357	12	2922955	G	A	1.9819437093490174e-08	7.702908684394773
12:81635924:A:T	0.00766001	1.90783e-06	8.2978	5.61266	12	81635924	A	T	1.992398389744178e-08	7.700623817936191
12:118677704:A:G	0.00291009	5.54412e-07	8.56579	5.61121	12	118677704	A	G	2.0091676656509338e-08	7.6969838197332585
12:88536949:T:C	2.04945e-07	0.0012661	-8.72871	-5.60626	12	88536949	T	C	2.0674531985410315e-08	7.684564312897752
12:18204028:T:C	0.00801028	1.06277e-05	6.62502	5.60598	12	18204028	T	C	2.070798755175655e-08	7.683862104758613
12:61436143:A:ATCTCTC	7.55173e-07	0.00393113	-8.55749	-5.60078	12	61436143	A	ATCTCTC	2.1338941984557026e-08	7.670827117322962
12:89601689:G:A	2.13813e-06	0.00696029	-8.08805	-5.59748	12	89601689	G	A	2.1748993314033613e-08	7.662560840239379
12:17309107:G:C	0.00198323	1.75935e-06	7.02754	5.5956	12	17309107	G	C	2.1986007676553708e-08	7.6578536247298405
12:12488260:C:CTTTG	0.00229417	9.91519e-07	7.74665	5.58509	12	12488260	C	CTTTG	2.335792190384283e-08	7.631565797939757
12:2907476:C:CAAAAAAAAA	0.00370064	3.56582e-06	6.94487	5.58259	12	2907476	C	CAAAAAAAAA	2.369629140685417e-08	7.625319618022285
12:28487344:G:A	2.51903e-07	0.000766419	-8.02044	-5.57893	12	28487344	G	A	2.4200259706322466e-08	7.616179973341157
12:23806599:G:GA	1.05518e-06	0.00584437	-8.61952	-5.57448	12	23806599	G	GA	2.482703248917281e-08	7.605075187436819
12:2759139:G:A	0.0125624	3.5742e-05	5.86213	5.57086	12	2759139	G	A	2.5348496080108772e-08	7.596047802148595
12:72709488:A:G	0.00706546	3.09808e-06	7.73219	5.56259	12	72709488	A	G	2.657998699087487e-08	7.5754452359513245
12:61021374:T:G	6.55799e-07	0.00303252	-8.43905	-5.55774	12	61021374	T	G	2.732900654913561e-08	7.563376155283932
12:92454824:A:G	4.48104e-06	0.0242784	-8.59749	-5.55758	12	92454824	A	G	2.735406223330234e-08	7.562978169348698
12:50850170:T:C	3.10329e-06	0.00351837	-7.03329	-5.55482	12	50850170	T	C	2.7789797740837324e-08	7.556114614084734
12:2922855:A:ATTTT	0.00113086	1.35298e-06	6.72843	5.55079	12	2922855	A	ATTTT	2.8438153375480724e-08	7.546098607832442
12:81702233:A:G	4.48353e-06	0.021735	-8.48627	-5.5456	12	81702233	A	G	2.9294784781579567e-08	7.533209688252667
12:63324230:A:C	8.30285e-07	0.00442724	-8.58152	-5.54534	12	63324230	A	C	2.9338351005076388e-08	7.532564299815218
12:41277671:G:A	1.27617e-05	0.0197205	-7.34297	-5.53761	12	41277671	G	A	3.066271116254739e-08	7.513389447952672
12:91821421:G:A	8.20612e-06	0.0265893	-8.08338	-5.5335	12	91821421	G	A	3.139029832085492e-08	7.503204556919088
12:4818861:CACAT:C	0.0174457	4.85688e-06	8.18646	5.53044	12	4818861	CACAT	C	3.1942854389124656e-08	7.495626278239568
12:23082982:G:C	1.49028e-06	0.0044585	-8.0036	-5.52892	12	23082982	G	C	3.222082272716722e-08	7.491863374490759
12:91823862:A:C	9.47033e-06	0.0302133	-8.06787	-5.5212	12	91823862	A	C	3.36692276357978e-08	7.472766846111418
12:20018690:C:T	4.61757e-07	0.00216006	-8.45061	-5.51797	12	20018690	C	T	3.429379559429571e-08	7.464784445056154
12:2924278:G:A	0.00165129	7.2521e-07	7.73061	5.51644	12	2924278	G	A	3.4593551826535945e-08	7.46100484534401
12:25458422:C:T	1.02576e-05	0.0494777	-8.48126	-5.51255	12	25458422	C	T	3.536716705740577e-08	7.451399726179318
12:25217524:GTCTTA:G	0.000893171	5.07725e-07	7.47259	5.51255	12	25217524	GTCTTA	G	3.536716705740577e-08	7.451399726179318
12:70075216:A:G	1.00431e-06	0.00413247	-8.32233	-5.51133	12	70075216	A	G	3.561322963483775e-08	7.44838863994586
12:67136492:AAT:A	0.0114972	1.74357e-05	6.49134	5.50511	12	67136492	AAT	A	3.689378341444149e-08	7.433046806097079
12:70304102:G:A	5.02861e-08	0.000240102	-8.47109	-5.5046	12	70304102	G	A	3.7000739246324494e-08	7.431789598976456
12:62236252:GTTTTTTTTC:G	0.00878328	1.77838e-06	8.5049	5.50457	12	62236252	GTTTTTTTTC	G	3.700704012172971e-08	7.431715649036339
12:92457700:C:T	4.55038e-06	0.0194443	-8.3601	-5.50366	12	92457700	C	T	3.719866196221121e-08	7.4294726814320615
12:63185804:T:C	4.00076e-07	0.00215937	-8.59367	-5.50115	12	63185804	T	C	3.7732202221570625e-08	7.423287846673767
12:129384762:G:A	1.28085e-05	0.0368045	-7.96327	-5.49617	12	129384762	G	A	3.8812836764761046e-08	7.411024614248931
12:78705857:T:G	2.3783e-06	0.00952977	-8.29579	-5.49052	12	78705857	T	G	4.0075210561051914e-08	7.397124187120724
12:116290313:T:A	1.9429e-06	0.00602963	-8.04026	-5.48769	12	116290313	T	A	4.0722390304378514e-08	7.390166737902776
12:45366700:A:T	1.22404e-06	0.00461081	-8.234	-5.48711	12	45366700	A	T	4.085627357919869e-08	7.388741247047499
12:24933062:G:A	0.0103649	3.0677e-06	8.12525	5.48525	12	24933062	G	A	4.128850868661026e-08	7.384170803268977
12:92453742:C:T	5.01269e-06	0.0243726	-8.48924	-5.47458	12	92453742	C	T	4.385504889531316e-08	7.357980400447323
12:88563962:C:CA	1.01533e-06	0.00311517	-8.02883	-5.47454	12	88563962	C	CA	4.38649554345151e-08	7.357882307535419
12:91594782:G:GA	1.20404e-06	0.00301909	-7.82703	-5.47402	12	91594782	G	GA	4.399393804386917e-08	7.356607161138082
12:82803832:G:A	0.00568137	1.89516e-05	5.70306	5.46953	12	82803832	G	A	4.512305445704307e-08	7.345601509890399
12:88564390:C:CTGTT	1.02823e-06	0.00312366	-8.01892	-5.46778	12	88564390	C	CTGTT	4.5570699322164685e-08	7.341314306738446
12:88564742:T:TA	1.03202e-06	0.00313297	-8.01822	-5.4673	12	88564742	T	TA	4.5694232375772184e-08	7.340138614053843
12:61326674:C:T	2.74666e-06	0.0141871	-8.5497	-5.46693	12	61326674	C	T	4.5789677280211107e-08	7.339232417313478
12:88564333:G:A	1.02908e-06	0.0031221	-8.01759	-5.46687	12	88564333	G	A	4.580517303290864e-08	7.33908547193542
12:42970201:G:T	3.61896e-06	0.00867699	-7.78224	-5.46557	12	42970201	G	T	4.614216538573015e-08	7.335902028518712
12:17311833:G:A	0.00195204	2.05796e-06	6.85492	5.46498	12	17311833	G	A	4.6295899833388945e-08	7.334457470290559
12:17124381:ATATATATG:A	0.0161626	5.26213e-06	8.02992	5.46371	12	17124381	ATATATATG	A	4.6628506358382805e-08	7.331348495990966
12:2761550:GCACA:G	0.0204836	3.30924e-05	6.42808	5.45762	12	2761550	GCACA	G	4.8255901559246215e-08	7.31644956609461
12:41820074:C:A	1.23502e-06	0.00468043	-8.24006	-5.4545	12	41820074	C	A	4.911083514875458e-08	7.30882268045989
12:93660234:G:A	0.00828726	2.88527e-05	5.66027	5.4542	12	93660234	G	A	4.919380977279023e-08	7.308089542571176
12:50797998:A:T	2.65048e-06	0.0101284	-8.24836	-5.45332	12	50797998	A	T	4.943798667494899e-08	7.305939223877247
12:72706715:A:G	2.50454e-06	0.00596914	-7.77625	-5.45149	12	72706715	A	G	4.9949531040536926e-08	7.301468584864688
12:63323829:G:T	7.73407e-07	0.00555024	-8.87855	-5.4484	12	63323829	G	T	5.0824953641557864e-08	7.293923008818301
12:86864705:A:G	0.00486624	1.65743e-06	7.98481	5.44127	12	86864705	A	G	5.290206265349102e-08	7.276527394475866
12:86864764:G:A	0.00486624	1.65743e-06	7.98481	5.44127	12	86864764	G	A	5.290206265349102e-08	7.276527394475866
12:7323014:T:C	3.99351e-06	0.0169046	-8.35067	-5.44054	12	7323014	T	C	5.311931091569772e-08	7.274747567439947
12:26470009:T:C	6.42855e-06	0.0187968	-7.98069	-5.4402	12	26470009	T	C	5.322078993718116e-08	7.273918683658873
12:52115458:C:A	5.85369e-06	0.0100222	-7.44548	-5.43534	12	52115458	C	A	5.4692043017269944e-08	7.262075853283716
12:81101115:A:G	1.87361e-06	0.00531151	-7.94976	-5.42749	12	81101115	A	G	5.715206789332413e-08	7.242968051210739
12:20723760:T:C	4.43037e-05	0.0430158	-6.87825	-5.42558	12	20723760	T	C	5.7766649054679664e-08	7.238322824414111
12:81700408:C:T	5.64023e-06	0.0275113	-8.49243	-5.42236	12	81700408	C	T	5.8817276509872044e-08	7.230495089045507
12:71567316:G:C	0.00458338	1.83862e-05	5.51859	5.42208	12	71567316	G	C	5.890950545659459e-08	7.229814623136924
12:81101405:G:C	1.89933e-06	0.00531503	-7.93679	-5.4172	12	81101405	G	C	6.053960928838637e-08	7.217960386227899
12:73229838:C:T	0.00146814	5.09986e-07	7.96512	5.41331	12	73229838	C	T	6.187023975422787e-08	7.208518201036142
12:2906122:C:T	0.00505463	2.60181e-06	7.57185	5.40772	12	2906122	C	T	6.383211156298539e-08	7.194960788893322
12:93660055:G:A	0.00826018	3.05181e-05	5.60088	5.40762	12	93660055	G	A	6.386775061447601e-08	7.194718379175089
12:72446277:A:G	1.35639e-06	0.00604125	-8.40154	-5.40734	12	72446277	A	G	6.396764254686663e-08	7.194039654405979
12:25457759:CTT:C	0.0433078	1.09486e-05	8.28287	5.40463	12	25457759	CTT	C	6.494230854464788e-08	7.187472277299457
12:20019040:A:AAAAC	4.73971e-07	0.00191079	-8.30188	-5.40275	12	20019040	A	AAAAC	6.562689682432327e-08	7.18291813092417
12:23889756:G:A	2.52104e-06	0.0085034	-8.12355	-5.39884	12	23889756	G	A	6.707315724778433e-08	7.173451250197019
12:117639629:G:GTATTATTAT	1.15047e-05	0.0215567	-7.53568	-5.39493	12	117639629	G	GTATTATTAT	6.855027192753614e-08	7.163990818097019
12:66532330:T:C	0.00799307	3.00794e-05	5.58249	5.3932	12	66532330	T	C	6.921383956193853e-08	7.159807058080287
12:20019647:G:C	4.71956e-07	0.00220526	-8.44947	-5.38892	12	20019647	G	C	7.088234732673462e-08	7.149461908866939
12:20019125:T:TAA	4.76219e-07	0.00188289	-8.28244	-5.38768	12	20019125	T	TAA	7.137298171072012e-08	7.146466159576783
12:44313031:A:G	2.24708e-06	0.00274344	-7.10734	-5.38701	12	44313031	A	G	7.163944976561222e-08	7.1448477584550005
12:29417450:C:G	1.80388e-06	0.00394437	-7.69011	-5.38534	12	29417450	C	G	7.230783238989438e-08	7.1408146573461915
12:81102007:A:G	1.97532e-06	0.00528076	-7.89109	-5.38095	12	81102007	A	G	7.409377411539438e-08	7.13021828299132
12:81101897:A:G	1.97532e-06	0.00528076	-7.89109	-5.38095	12	81101897	A	G	7.409377411539438e-08	7.13021828299132
12:81102245:G:A	1.98073e-06	0.00528104	-7.88841	-5.37882	12	81102245	G	A	7.497562276280768e-08	7.125079918214949
12:64759540:GGGGCGGAGA:G	0.00720714	1.89978e-06	8.24109	5.37412	12	64759540	GGGGCGGAGA	G	7.695759527872323e-08	7.113748511311948
12:62236513:C:T	1.94137e-06	0.00751927	-8.26183	-5.37172	12	62236513	C	T	7.798914264042945e-08	7.107965853970507
12:107521265:T:TTGTG	7.9811e-07	0.00260153	-8.08936	-5.37152	12	107521265	T	TTGTG	7.807570680328561e-08	7.107484075501513
12:72708385:C:T	2.94377e-06	0.00631228	-7.67056	-5.37132	12	72708385	C	T	7.816236401233929e-08	7.10700231390049
12:62236489:T:A	1.94395e-06	0.00751927	-8.2605	-5.37069	12	62236489	T	A	7.84359434779184e-08	7.105484875110209
12:69758846:T:G	1.54301e-06	0.00502436	-8.08832	-5.37068	12	69758846	T	G	7.844029347691237e-08	7.105460790129634
12:104926827:C:T	1.60137e-06	0.00288608	-7.4968	-5.36887	12	104926827	C	T	7.923150342511049e-08	7.101102103217239
12:995939:G:A	0.00166238	5.72893e-06	5.67048	5.36855	12	995939	G	A	7.937218750209986e-08	7.100331650348267
12:62236306:C:T	1.94535e-06	0.00747193	-8.25347	-5.36523	12	62236306	C	T	8.084613271102338e-08	7.09234074981364
12:41561338:A:T	4.88989e-06	0.01642	-8.11909	-5.3645	12	41561338	A	T	8.117375982767706e-08	7.090584337800339
12:41561470:T:G	4.88824e-06	0.0164095	-8.11878	-5.36427	12	41561470	T	G	8.127725090104688e-08	7.090030994266562
12:42560766:TCTCACACAC:T	0.00229254	6.14526e-07	8.22432	5.36188	12	42560766	TCTCACACAC	T	8.236024817517121e-08	7.084282353397559
12:61391687:T:A	0.0187555	6.56713e-06	7.95716	5.36114	12	61391687	T	A	8.26983933398344e-08	7.082502927816525
12:81102667:C:CAA	2.02903e-06	0.00526157	-7.86063	-5.35678	12	81102667	C	CAA	8.471817027387967e-08	7.072023432604757
12:92464804:GA:G	0.0815218	3.32699e-05	7.80397	5.35644	12	92464804	GA	G	8.487766799113882e-08	7.071206561157765
12:66526070:T:C	0.0134325	2.08416e-05	6.46848	5.35362	12	66526070	T	C	8.621181495649276e-08	7.064433211915539
12:107834618:CAT:C	0.00759148	5.02852e-06	7.31965	5.35221	12	107834618	CAT	C	8.68864804351415e-08	7.06104779465828
12:91824933:G:A	1.01079e-05	0.0260388	-7.85402	-5.35154	12	91824933	G	A	8.720885510074901e-08	7.05943941499702
12:105360180:A:G	8.65272e-07	0.00545425	-8.74886	-5.35048	12	105360180	A	G	8.772124746914684e-08	7.056895200921617
12:70210998:TTCTC:T	0.000382223	1.04622e-07	8.2034	5.34661	12	70210998	TTCTC	T	8.96168260877085e-08	7.047610441331291
12:62463912:T:C	1.05343e-06	0.0043322	-8.32178	-5.34618	12	62463912	T	C	8.982987779180829e-08	7.046579191150307
12:26471303:T:C	1.5046e-06	0.00510541	-8.12953	-5.34575	12	26471303	T	C	9.004341983478144e-08	7.045548018922849
12:17306918:C:T	0.00191933	1.15037e-06	7.41965	5.34257	12	17306918	C	T	9.163796568406983e-08	7.037924560490818
12:25457025:T:C	1.11264e-05	0.0349225	-8.05157	-5.34131	12	25457025	T	C	9.227729938707664e-08	7.0349051241471825
12:6976009:G:A	3.08563e-06	0.00456618	-7.29968	-5.34118	12	6976009	G	A	9.234350760547002e-08	7.034593633090394
12:96116846:A:G	6.42589e-06	0.0261705	-8.31205	-5.33872	12	96116846	A	G	9.36050744703078e-08	7.028700606873902
12:48480939:AT:A	0.00972113	3.77374e-06	7.85399	5.33721	12	48480939	AT	A	9.438769784439146e-08	7.025084606405948
12:93660012:A:T	0.00826018	3.34094e-05	5.51036	5.33664	12	93660012	A	T	9.468476900567475e-08	7.023719875999728
12:96117044:C:T	6.44364e-06	0.0261705	-8.3093	-5.33661	12	96117044	C	T	9.470042937685421e-08	7.023648051877659
12:2913205:T:TTGTGTGTG	1.22815e-06	0.00759709	-8.73002	-5.33625	12	2913205	T	TTGTGTGTG	9.488854951900213e-08	7.0227861920062855
12:16256913:AATAGATAG:A	0.0342469	6.50265e-05	6.26656	5.33547	12	16256913	AATAGATAG	A	9.52973850095799e-08	7.020919016376271
12:2757316:C:CTTGTTTGT	9.44445e-06	0.0138397	-7.28987	-5.33445	12	2757316	C	CTTGTTTGT	9.583458970291101e-08	7.018477712155249
12:46095946:T:G	2.26306e-06	0.00830408	-8.20778	-5.32984	12	46095946	T	G	9.829932940063577e-08	7.00744944492063
12:85675886:AACACACAC:A	0.00089937	3.53117e-07	7.84265	5.32819	12	85675886	AACACACAC	A	9.919632633563347e-08	7.0035044113307565
12:8201429:G:A	0.0247643	9.08071e-05	5.60842	5.3187	12	8201429	G	A	1.0451129476208324e-07	6.980836771870851
12:50801081:C:T	2.04833e-06	0.00739141	-8.19105	-5.31688	12	50801081	C	T	1.0556163508560703e-07	6.976493891442164
12:4692227:C:T	9.09346e-06	0.0153634	-7.43219	-5.31583	12	4692227	C	T	1.0617224032310007e-07	6.973989018569216
12:61442134:GGCAGAATAA:G	0.00952967	3.77227e-06	7.83449	5.3117	12	61442134	GGCAGAATAA	G	1.0860728896237574e-07	6.964141026957934
12:29409519:A:G	3.00146e-06	0.00498931	-7.41595	-5.3025	12	29409519	A	G	1.1422746667641487e-07	6.942229454831558
12:3810648:AGAAGGAAGG:A	0.0126525	3.64001e-06	8.15363	5.2998	12	3810648	AGAAGGAAGG	A	1.1592960202347891e-07	6.935805655029032
12:91827679:G:C	1.87065e-05	0.0421618	-7.7204	-5.29898	12	91827679	G	C	1.1645138780233457e-07	6.933855331420374
12:11177555:C:CAA	2.5322e-06	0.00972381	-8.25325	-5.29363	12	11177555	C	CAA	1.1991192798974383e-07	6.921137614211664
12:13744527:G:T	5.0108e-06	0.015556	-8.04061	-5.2904	12	13744527	G	T	1.2204913897642526e-07	6.913465280065771
12:82543604:C:T	2.14607e-05	0.0173325	-6.69411	-5.2858	12	82543604	C	T	1.2515657661740198e-07	6.902546324532755
12:61322408:A:G	5.5581e-06	0.0211228	-8.24285	-5.28566	12	61322408	A	G	1.252523410006513e-07	6.902214148301724
12:105360838:C:T	8.51078e-07	0.00491881	-8.66207	-5.28495	12	105360838	C	T	1.257390956858009e-07	6.900529667415757
12:1896606:AACACAC:A	0.00446307	3.33346e-06	7.19958	5.28352	12	1896606	AACACAC	A	1.2672502183748288e-07	6.897137625266151
12:82815435:T:C	1.14539e-05	0.0120828	-6.96121	-5.28302	12	82815435	T	C	1.2707151276588705e-07	6.895951799841377
12:73017648:A:C	0.00337239	1.31355e-06	7.85064	5.28249	12	73017648	A	C	1.2743979380199356e-07	6.89469493989626
12:41561983:C:G	5.07378e-06	0.0124231	-7.80323	-5.28224	12	41561983	C	G	1.2761386949060132e-07	6.894102122512197
12:61390048:G:A	6.87723e-06	0.0237266	-8.14614	-5.28208	12	61390048	G	A	1.2772539863220784e-07	6.893722733206294
12:61389817:C:T	6.88013e-06	0.0237266	-8.14571	-5.28175	12	61389817	C	T	1.279557253811237e-07	6.892940276827997
12:72708382:C:T	0.00342318	4.9978e-06	6.52933	5.28016	12	72708382	C	T	1.2907112550708526e-07	6.889170902857522
12:2912980:T:TC	1.39139e-06	0.00424874	-8.02408	-5.27743	12	2912980	T	TC	1.310082232251223e-07	6.88270144335791
12:28895277:T:C	1.27497e-05	0.0368936	-7.97028	-5.27635	12	28895277	T	C	1.317822858601175e-07	6.88014296356777
12:43604828:A:G	5.83164e-06	0.00788831	-7.20984	-5.27024	12	43604828	A	G	1.3624549300753709e-07	6.8656778552482445
12:44117140:A:T	0.000875493	3.68642e-06	5.47013	5.26716	12	44117140	A	T	1.3855044427539384e-07	6.858392077272275
12:66531676:C:A	0.00743978	3.01764e-05	5.50754	5.25751	12	66531676	C	A	1.4601895685648084e-07	6.835590758436612
12:995932:G:C	2.62364e-06	0.00740549	-7.94542	-5.25435	12	995932	G	C	1.4854815478488415e-07	6.828132738486503
12:22028685:TA:T	0.00707307	3.62704e-05	5.27305	5.25077	12	22028685	TA	T	1.5146470920975026e-07	6.819688544593046
12:93658794:A:G	0.0127007	2.72023e-05	6.14611	5.24458	12	93658794	A	G	1.5663873054309633e-07	6.805100845206172
12:47056926:G:A	0.0137944	1.13716e-05	7.1009	5.24259	12	47056926	G	A	1.58338115490162e-07	6.800414528255055
12:83287490:G:A	6.20962e-07	0.00240172	-8.26043	-5.24179	12	83287490	G	A	1.5902629769885428e-07	6.798531051773112
12:28486787:A:G	7.59387e-07	0.00272317	-8.18479	-5.24115	12	28486787	A	G	1.5957892507563472e-07	6.797024464662688
12:86611340:C:T	5.00626e-08	0.000193335	-8.25891	-5.24061	12	86611340	C	T	1.600466484680098e-07	6.7957534159721416
12:61389465:C:T	7.31242e-06	0.0237814	-8.08708	-5.23633	12	61389465	C	T	1.638009731586261e-07	6.785683522379228
12:93660538:G:A	0.00820828	3.77304e-05	5.38243	5.23631	12	93660538	G	A	1.63818715037946e-07	6.785636484911259
12:48076750:C:A	6.04098e-07	0.00196233	-8.08591	-5.23542	12	48076750	C	A	1.6461011255434847e-07	6.783543488129543
12:113876674:C:T	2.94887e-06	0.0112708	-8.24854	-5.23254	12	113876674	C	T	1.6719645656915346e-07	6.7767729308968265
12:50792167:C:T	3.82016e-06	0.00708794	-7.52586	-5.23208	12	50792167	C	T	1.6761317549646526e-07	6.775691845965229
12:50791981:C:G	3.82116e-06	0.00708794	-7.5256	-5.23187	12	50791981	C	G	1.6780375045192983e-07	6.775198336818549
12:92463784:G:T	3.38649e-05	0.0626576	-7.52306	-5.22984	12	92463784	G	T	1.6965680893722132e-07	6.770428705871367
12:93667355:C:CA	0.00848596	3.96099e-05	5.36709	5.22428	12	93667355	C	CA	1.748340541167963e-07	6.757373971732687
12:5351961:ATACT:A	0.0214163	9.5963e-06	7.71053	5.22309	12	5351961	ATACT	A	1.7596181209741456e-07	6.7545815742022475
12:50793701:G:GTTA	0.00854117	3.62177e-06	7.76569	5.21977	12	50793701	G	GTTA	1.7914546875226194e-07	6.746794172263576
12:61391750:AAAC:A	0.0190758	6.14811e-06	8.04003	5.21861	12	61391750	AAAC	A	1.8027090254353035e-07	6.7440743669247585
12:7320113:A:G	5.03411e-06	0.0109614	-7.68589	-5.21816	12	7320113	A	G	1.8070933072025738e-07	6.743019422559706
12:91594574:C:T	2.55852e-06	0.00958793	-8.22883	-5.2172	12	91594574	C	T	1.8164809198768253e-07	6.740769159560545
12:67837461:A:G	1.12085e-05	0.0230616	-7.62925	-5.21374	12	67837461	A	G	1.850708176243764e-07	6.732662056362502
12:18434344:G:A	1.8725e-06	0.00379815	-7.615	-5.21339	12	18434344	G	A	1.8542049903648003e-07	6.731842254407821
12:82806305:T:A	0.00565121	3.27434e-05	5.15092	5.20972	12	82806305	T	A	1.891258307631104e-07	6.7232491512619905
12:82806220:C:CT	0.00564549	3.27506e-05	5.14969	5.20874	12	82806220	C	CT	1.90127310804723e-07	6.720955494497702
12:42424180:A:G	0.000291832	2.94959e-07	6.89709	5.20791	12	42424180	A	G	1.9097951060204828e-07	6.719013223903
12:17635630:G:A	1.66195e-06	0.00863019	-8.55503	-5.20413	12	17635630	G	A	1.9490753513016143e-07	6.710171370722338
12:20032029:CA:C	0.000562641	2.3383e-06	5.48322	5.20054	12	20032029	CA	C	1.9871034669368816e-07	6.701779518924479
12:51674212:A:G	1.60793e-06	0.00440165	-7.91479	-5.19173	12	51674212	A	G	2.083489986272932e-07	6.681208582519811
12:91822025:C:T	9.81097e-06	0.0142409	-7.28037	-5.19119	12	91822025	C	T	2.089542598841809e-07	6.679948770606333
12:2926764:TGTG:T	8.29064e-07	0.00187913	-7.72602	-5.19026	12	2926764	TGTG	T	2.1000063972327494e-07	6.677779382276247
12:68822741:T:G	2.52474e-06	0.00530022	-7.64937	-5.18918	12	68822741	T	G	2.112221458990637e-07	6.675260549502126
12:6978549:T:C	5.51013e-06	0.00485616	-6.78141	-5.18795	12	6978549	T	C	2.1262166912973276e-07	6.672392476859247
12:2925884:A:G	0.00164083	1.27609e-06	7.15916	5.18783	12	2925884	A	G	2.127586867643806e-07	6.672112698990408
12:2926404:C:T	0.0017356	1.23218e-06	7.25032	5.18751	12	2926404	C	T	2.131244844090986e-07	6.67136665430767
12:17299786:T:C	0.000879249	6.59597e-07	7.19519	5.18456	12	17299786	T	C	2.165254325395909e-07	6.664491085163234
12:48482429:C:T	2.96947e-06	0.0106621	-8.18607	-5.18392	12	48482429	C	T	2.1727015799519796e-07	6.662999919827727
12:23809620:T:TAA	5.50031e-06	0.0166948	-8.01805	-5.18284	12	23809620	T	TAA	2.1853249831071915e-07	6.660483969276997
12:98271818:T:C	6.99168e-07	0.00179558	-7.85095	-5.18098	12	98271818	T	C	2.2072316034210976e-07	6.656152094201065
12:23888413:CT:C	0.00501769	2.14147e-06	7.75923	5.1802	12	23888413	CT	C	2.216481267360332e-07	6.654335934798402
12:622122:GA:G	0.00166818	1.75755e-06	6.85557	5.17677	12	622122	GA	G	2.2576024658674755e-07	6.646352529231093
12:18200629:C:G	4.72811e-06	0.0100116	-7.65797	-5.17262	12	18200629	C	G	2.3083415730952215e-07	6.636699926740548
12:127275330:G:A	0.0225597	5.34915e-05	6.0444	5.17219	12	127275330	G	A	2.313661436804232e-07	6.635700192007102
12:2924689:A:T	0.00154473	1.2321e-06	7.13388	5.17073	12	2924689	A	T	2.331812765324273e-07	6.632306324518095
12:2925324:C:T	0.00167815	1.22975e-06	7.21864	5.16581	12	2925324	C	T	2.393998856756788e-07	6.620876061324903
12:28292789:C:T	1.47356e-06	0.00370319	-7.82927	-5.16365	12	28292789	C	T	2.421803402538697e-07	6.61586111497416
12:18198136:G:T	2.49002e-06	0.012249	-8.50091	-5.16327	12	18198136	G	T	2.4267271052972337e-07	6.614979058990326
12:17314426:A:T	0.00214514	3.37513e-06	6.45453	5.16201	12	17314426	A	T	2.4431223581283696e-07	6.612054781847987
12:18201348:C:A	5.22382e-06	0.00922988	-7.47697	-5.15958	12	18201348	C	A	2.4750444832392546e-07	6.606416991214559
12:6793650:CATCTATCTA:C	0.00885768	4.28647e-06	7.63358	5.15543	12	6793650	CATCTATCTA	C	2.530495613140359e-07	6.596794411246158
12:117655036:C:T	5.67225e-05	0.0996483	-7.47123	-5.15515	12	117655036	C	T	2.5342798006906817e-07	6.596145437918369
12:42424892:C:CAG	0.000278891	3.03312e-07	6.82381	5.15295	12	42424892	C	CAG	2.564203509796843e-07	6.591047509701429
12:60429974:G:A	6.83471e-07	0.00119279	-7.46462	-5.15005	12	60429974	G	A	2.6041702598278576e-07	6.584330625139755
12:92453549:C:T	9.40344e-06	0.0297599	-8.05984	-5.14534	12	92453549	C	T	2.6703671753909734e-07	6.573429019053903
12:61437363:C:T	2.58961e-06	0.00522979	-7.61062	-5.14515	12	61437363	C	T	2.67307135904374e-07	6.572989447369438
12:127275671:T:C	0.0212859	5.24321e-05	6.00628	5.14383	12	127275671	T	C	2.691931470817314e-07	6.56993600025219
12:1386570:T:C	1.6553e-06	0.00555436	-8.11836	-5.1429	12	1386570	T	C	2.705296382763382e-07	6.567785148173864
12:17299941:C:T	4.93949e-07	0.00119544	-7.7916	-5.1424	12	17299941	C	T	2.712508285879712e-07	6.566628926505132
12:72709586:A:G	3.03966e-06	0.0073131	-7.78568	-5.1381	12	72709586	A	G	2.775301930957913e-07	6.556689762157201
12:68834708:G:T	1.04194e-05	0.0171094	-7.40371	-5.13397	12	68834708	G	T	2.8369333618060336e-07	6.547150865451882
12:7390212:A:G	1.555e-05	0.0242966	-7.35403	-5.13339	12	7390212	A	G	2.8456937682979495e-07	6.54581183717305
12:41273020:G:A	1.44052e-05	0.0183494	-7.14977	-5.13204	12	41273020	G	A	2.8661856579220185e-07	6.542695681489415
12:72709704:G:C	3.0791e-06	0.00731844	-7.77352	-5.12925	12	72709704	G	C	2.908988095318592e-07	6.536258056046864
12:80501488:C:A	1.09178e-05	0.0200671	-7.51644	-5.12889	12	80501488	C	A	2.914555748620929e-07	6.53542763322946
12:61326434:C:T	3.57258e-06	0.0167206	-8.45111	-5.12566	12	61326434	C	T	2.964972473653711e-07	6.527979334203864
12:55382562:C:T	1.16029e-06	0.00326769	-7.94317	-5.12483	12	55382562	C	T	2.9780632421965544e-07	6.5260660838016555
12:83305862:T:TATA	6.60941e-07	0.00219437	-8.10774	-5.12296	12	83305862	T	TATA	3.0077617387467387e-07	6.521756569558409
12:2901832:G:A	0.00681813	5.36558e-06	7.14734	5.11698	12	2901832	G	A	3.1046652772114617e-07	6.507985215486123
12:50797944:G:A	4.04683e-06	0.00538761	-7.19392	-5.11679	12	50797944	G	A	3.107793037162552e-07	6.507547910659753
12:47057752:A:C	1.80219e-05	0.0239833	-7.19352	-5.11647	12	47057752	A	C	3.113067721541032e-07	6.506811431591282
12:100917367:C:A	1.96559e-06	0.0090647	-8.43635	-5.11452	12	100917367	C	A	3.1453976413380394e-07	6.502324443216337
12:26082357:G:A	1.42444e-05	0.0272083	-7.55492	-5.11425	12	26082357	G	A	3.149899561870095e-07	6.501703293963103
12:103592373:G:A	5.53807e-06	0.00997644	-7.49633	-5.11377	12	103592373	G	A	3.1579183413412357e-07	6.50059910433514
12:2902507:C:T	0.00673446	5.32632e-06	7.14233	5.11355	12	2902507	C	T	3.1616001986141764e-07	6.500093049809749
12:4820051:G:C	5.24204e-06	0.0151715	-7.97046	-5.1131	12	4820051	G	C	3.169144183459217e-07	6.499058001688128
12:17963219:G:T	1.44463e-06	0.00472993	-8.09381	-5.11211	12	17963219	G	T	3.1858021745394807e-07	6.496781195632596
12:83291280:G:A	6.08971e-07	0.00199029	-8.09202	-5.11072	12	83291280	G	A	3.2093334031763153e-07	6.4935851636653545
12:83288134:G:A	6.27115e-07	0.00204846	-8.09147	-5.11029	12	83288134	G	A	3.216646769988954e-07	6.492596627710812
12:44825685:C:A	2.188e-05	0.060465	-7.92425	-5.11017	12	44825685	C	A	3.2186905794528557e-07	6.492320771091686
12:28486572:CT:C	0.00271383	1.01143e-06	7.89475	5.10771	12	28486572	CT	C	3.2608660175395417e-07	6.4866670451188035
12:784446:G:A	3.02499e-05	0.0983632	-8.08693	-5.10676	12	784446	G	A	3.277295661711012e-07	6.48448437690953
12:32077362:T:TCA	0.0306282	1.1697e-05	7.87035	5.10342	12	32077362	T	TCA	3.3356955980897187e-07	6.476813588160723
12:88796557:C:CTT	0.0056724	3.75682e-05	5.01721	5.10286	12	88796557	C	CTT	3.3455850349181446e-07	6.475527927157622
12:82814366:T:A	1.28056e-05	0.0104728	-6.70666	-5.10188	12	82814366	T	A	3.362959694247754e-07	6.473278337761394
12:7325296:C:T	3.47104e-06	0.00988298	-7.95411	-5.10031	12	7325296	C	T	3.390976299747142e-07	6.469675245587589
12:82806444:C:T	0.00564947	3.75468e-05	5.01373	5.10008	12	82806444	C	T	3.395099517491199e-07	6.469147491114307
12:50793691:T:TTAAA	0.00744018	3.71112e-06	7.60332	5.09988	12	50793691	T	TTAAA	3.3986888577990793e-07	6.468688592264854
12:26081870:C:T	1.44302e-05	0.0270584	-7.53643	-5.09958	12	26081870	C	T	3.4040797373376963e-07	6.468000275532168
12:22146322:G:A	9.94133e-06	0.0230255	-7.74766	-5.09843	12	22146322	G	A	3.4248213431004047e-07	6.465362078691077
12:41802044:G:A	3.69429e-06	0.00479618	-7.16879	-5.09633	12	41802044	G	A	3.463012530838515e-07	6.460545936962184
12:2902864:A:ATT	0.00608171	5.4238e-06	7.02224	5.09524	12	2902864	A	ATT	3.482997308111914e-07	6.45804686119281
12:91590480:T:G	4.3741e-06	0.0123601	-7.94652	-5.09438	12	91590480	T	G	3.498843634655081e-07	6.456075465954897
12:63186586:C:CT	5.62055e-07	0.0017948	-8.0688	-5.09265	12	63186586	C	CT	3.530931607744444e-07	6.452110694407124
12:118675964:G:T	5.4178e-07	0.0015263	-7.9435	-5.09201	12	118675964	G	T	3.5428741285298496e-07	6.450644277036278
12:13600498:CAT:C	0.00661327	2.55496e-06	7.8588	5.08907	12	13600498	CAT	C	3.5982378264337754e-07	6.443910135238832
12:64482119:A:G	8.50919e-07	0.00269962	-8.0623	-5.08759	12	64482119	A	G	3.626423041819677e-07	6.4405215344900295
12:61389329:T:C	8.89015e-06	0.0237814	-7.89171	-5.08497	12	61389329	T	C	3.6768418160446356e-07	6.434525053812584
12:86864364:T:C	7.97702e-07	0.00189942	-7.77533	-5.08236	12	86864364	T	C	3.727740478996868e-07	6.428554330347785
12:61024675:G:T	9.75939e-07	0.00299158	-8.02791	-5.08174	12	61024675	G	T	3.739930928210043e-07	6.427136418594771
12:55358580:G:C	2.20073e-06	0.00498918	-7.72624	-5.08132	12	55358580	G	C	3.748210823669098e-07	6.426175989560901
12:96116544:G:A	7.55494e-06	0.0209695	-7.92862	-5.08038	12	96116544	G	A	3.7668061717628616e-07	6.424026726677426
12:2903389:C:T	0.00595428	4.94376e-06	7.09374	5.08027	12	2903389	C	T	3.7689880331173273e-07	6.423775241473017
12:2903368:G:A	0.00595428	4.94376e-06	7.09374	5.08027	12	2903368	G	A	3.7689880331173273e-07	6.423775241473017
12:49760277:G:T	0.0142371	9.70676e-05	4.9882	5.07968	12	49760277	G	T	3.780711574634216e-07	6.422426453111597
12:93661579:A:G	0.00787153	4.2223e-05	5.22804	5.0796	12	93661579	A	G	3.7823039142574016e-07	6.4222435778225275
12:2903099:T:C	0.00595428	4.9504e-06	7.0924	5.07935	12	2903099	T	C	3.787284148188092e-07	6.421672109888229
12:91593828:G:A	2.66714e-06	0.00834509	-8.04842	-5.07679	12	91593828	G	A	3.838647291691391e-07	6.415821790541949
12:23373734:AT:A	0.000307651	9.42745e-07	5.78793	5.07586	12	23373734	AT	A	3.8574724982328166e-07	6.413697161546942
12:121891157:G:A	0.000291879	1.57012e-06	5.22519	5.07548	12	121891157	G	A	3.865190129193696e-07	6.412829138219454
12:6684355:C:CTATGT	0.0050638	2.77955e-05	5.205	5.07244	12	6684355	C	CTATGT	3.927469877237026e-07	6.405887137210945
12:86864734:A:G	1.65078e-06	0.00513558	-8.0427	-5.07234	12	86864734	A	G	3.92953491612788e-07	6.405658847922736
12:69859287:C:T	3.64655e-06	0.00853086	-7.75766	-5.0685	12	69859287	C	T	4.009629830250819e-07	6.396895719674089
12:991471:G:C	9.56239e-06	0.0207402	-7.68199	-5.06263	12	991471	G	C	4.135119061940286e-07	6.383511981347407
12:68828684:C:G	4.67331e-06	0.00579867	-7.12352	-5.06242	12	68828684	C	G	4.139677941612808e-07	6.383033444777892
12:68829765:CA:C	0.00640983	4.85887e-06	7.18478	5.06171	12	68829765	CA	C	4.155127238207768e-07	6.381415672720919
12:42563023:A:G	2.91296e-06	0.00787491	-7.90227	-5.05977	12	42563023	A	G	4.1976250019626474e-07	6.376996362050122
12:68832689:C:CT	5.68202e-06	0.00699219	-7.11524	-5.05562	12	68832689	C	CT	4.2899477819551135e-07	6.367547994096574
12:61389449:A:T	1.08677e-05	0.0195986	-7.49742	-5.05489	12	61389449	A	T	4.306389017493337e-07	6.365886740764383
12:17305381:C:A	1.16492e-06	0.0016432	-7.25175	-5.05364	12	17305381	C	A	4.334683083545735e-07	6.36304264907556
12:12503886:A:G	0.0090231	2.76355e-06	8.09103	5.05188	12	12503886	A	G	4.374825336315832e-07	6.359039281381887
12:75653355:A:G	6.76731e-05	0.0824587	-7.10536	-5.04751	12	75653355	A	G	4.4760534989566946e-07	6.349104731311956
12:20689107:A:G	0.00566955	3.17548e-05	5.18482	5.04612	12	20689107	A	G	4.508722909846562e-07	6.345946454075188
12:2903972:C:T	0.00555797	4.8698e-06	7.03994	5.04342	12	2903972	C	T	4.5728400241086057e-07	6.339813991679047
12:2903852:C:T	0.00555903	4.8846e-06	7.03709	5.04147	12	2903852	C	T	4.6196928700150164e-07	6.335386896584893
12:2904028:C:T	0.00554033	4.86878e-06	7.03697	5.04139	12	2904028	C	T	4.621624892623971e-07	6.335205306298365
12:44891529:A:G	3.66419e-07	0.000827596	-7.7225	-5.04093	12	44891529	A	G	4.6327491564314723e-07	6.334161214350459
12:61325741:C:T	3.88332e-06	0.0162071	-8.33651	-5.03914	12	61325741	C	T	4.6762833537855227e-07	6.330099181159236
12:2904166:G:T	0.00550741	4.85807e-06	7.03321	5.03881	12	2904166	G	T	4.68435217385117e-07	6.329350461718646
12:123533022:A:C	5.39862e-06	0.00624041	-7.05266	-5.03711	12	123533022	A	C	4.726132058886497e-07	6.3254941473578175
12:84581537:C:A	5.64033e-06	0.0141722	-7.82909	-5.03645	12	84581537	C	A	4.7424491470530785e-07	6.323997317323358
12:123533021:A:G	5.40278e-06	0.00623714	-7.05136	-5.03617	12	123533021	A	G	4.7493879515295463e-07	6.323362353827747
12:62576172:G:A	1.28657e-06	0.00275128	-7.66784	-5.03465	12	62576172	G	A	4.787226941197843e-07	6.31991598405476
12:33814846:CA:C	4.9866e-05	4.86922e-08	6.93158	5.03393	12	33814846	CA	C	4.805251998372379e-07	6.318283832005251
12:86864389:T:A	1.64477e-06	0.00486624	-7.99248	-5.03325	12	86864389	T	A	4.822335755599644e-07	6.316742555109991
12:61440968:A:G	3.21676e-06	0.00877864	-7.9117	-5.03175	12	61440968	A	G	4.86022789026709e-07	6.313343366711963
12:91594790:C:T	2.59916e-06	0.00677785	-7.86623	-5.03158	12	91594790	C	T	4.864540404788141e-07	6.3129581850139385
12:28294393:C:G	4.00247e-07	0.00108669	-7.90657	-5.02781	12	28294393	C	G	4.961130653632817e-07	6.304419335470446
12:2905715:T:TC	0.00515629	4.62452e-06	7.0166	5.02744	12	2905715	T	TC	4.970709389167308e-07	6.303581626997871
12:2905842:G:A	0.00513142	4.62452e-06	7.01177	5.02413	12	2905842	G	A	5.057197428318879e-07	6.296090091580864
12:20027864:C:T	0.000304581	1.74455e-06	5.16244	5.02396	12	20027864	C	T	5.061678370822467e-07	6.29570545424192
12:12503224:CT:C	0.00310325	1.99539e-06	7.34937	5.01896	12	12503224	CT	C	5.195196486795923e-07	6.284398022405643
12:25212834:C:T	0.000320791	5.07412e-07	6.44922	5.01585	12	25212834	C	T	5.279951110337331e-07	6.277370098793654
12:25212827:G:A	0.000320791	5.07412e-07	6.44922	5.01585	12	25212827	G	A	5.279951110337331e-07	6.277370098793654
12:61321343:G:GA	7.55135e-06	0.0201736	-7.8904	-5.01542	12	61321343	G	GA	5.291773996844556e-07	6.276398712107218
12:47606217:T:C	1.51235e-06	0.00315374	-7.64268	-5.01454	12	47606217	T	C	5.316049300081648e-07	6.274411000141996
12:60434905:T:A	9.665e-07	0.00128917	-7.19583	-5.01067	12	60434905	T	A	5.424085830867147e-07	6.265673446800092
12:89527500:G:A	1.24954e-05	0.0212806	-7.44019	-5.00927	12	89527500	G	A	5.463687798417222e-07	6.262514124717882
12:17901336:G:A	4.21354e-06	0.00589625	-7.24377	-5.00548	12	17901336	G	A	5.572299867025545e-07	6.253965520552035
12:69381286:G:A	0.0012795	7.23207e-06	5.1757	5.00308	12	69381286	G	A	5.642151233377039e-07	6.24855527710641
12:50790976:AC:A	0.00671073	3.90277e-06	7.44978	5.00073	12	50790976	AC	A	5.71136490008017e-07	6.243260091800088
12:83311790:CT:C	0.00944811	5.60025e-06	7.43076	5.00053	12	83311790	CT	C	5.717293074006942e-07	6.242809544857323
12:102590893:G:A	5.91792e-06	0.0234446	-8.28441	-4.9998	12	102590893	G	A	5.73898129003357e-07	6.2411651911179
12:64484010:TACACACACA:T	0.00207147	2.1386e-06	6.87586	4.99823	12	64484010	TACACACACA	T	5.785894856460007e-07	6.237629462785189
12:20689166:TCA:T	0.0075836	4.14933e-05	5.20821	4.99721	12	20689166	TCA	T	5.816571616495527e-07	6.235332920290156
12:61325342:C:T	3.93322e-06	0.0155166	-8.2802	-4.99662	12	61325342	C	T	5.834387531251793e-07	6.234004727580656
12:17309291:G:A	1.6506e-06	0.00214477	-7.16965	-4.99136	12	17309291	G	A	5.995563197225461e-07	6.222170014907275
12:61440585:C:T	3.26878e-06	0.00772612	-7.76795	-4.98908	12	61440585	C	T	6.066752110532245e-07	6.217043750107441
12:12499800:T:G	1.29178e-06	0.00146459	-7.03331	-4.98836	12	12499800	T	G	6.089401595843563e-07	6.2154253832935655
12:76226108:T:TTGTG	6.19442e-06	0.0100958	-7.39622	-4.98835	12	76226108	T	TTGTG	6.089716745173084e-07	6.215402907509853
12:23372424:C:T	0.000301273	1.62696e-06	5.2213	4.98738	12	23372424	C	T	6.12036106734157e-07	6.2132229561340955
12:50802954:C:G	1.17079e-06	0.00456139	-8.2677	-4.98718	12	50802954	C	G	6.126697940958473e-07	6.21277353076788
12:91825268:G:C	9.58166e-06	0.0225659	-7.76435	-4.98629	12	91825268	G	C	6.154973796789816e-07	6.210773791625242
12:38204507:T:C	4.48967e-07	0.00115215	-7.85019	-4.98459	12	38204507	T	C	6.209333842223057e-07	6.206954989866099
12:59483651:C:T	1.70181e-06	0.00339893	-7.59952	-4.98005	12	59483651	C	T	6.35678477762375e-07	6.1967624922776885
12:12503826:C:T	2.7433e-06	0.00572711	-7.64381	-4.97921	12	12503826	C	T	6.384433904294957e-07	6.19487760476552
12:1067926:CTT:C	0.012194	1.22772e-05	6.90096	4.97743	12	1067926	CTT	C	6.443407262805432e-07	6.190884417714764
12:105799723:A:G	8.68344e-06	0.00973979	-7.02256	-4.97733	12	105799723	A	G	6.446735901376979e-07	6.190660120842713
12:49490201:G:A	3.00544e-05	1.92431e-07	5.05103	4.97641	12	49490201	G	A	6.477437233005881e-07	6.188596786677339
12:68738000:G:A	4.89077e-06	0.00799119	-7.39875	-4.97623	12	68738000	G	A	6.483460474274263e-07	6.188193132440815
12:99919927:C:T	0.000747826	1.25491e-06	6.3901	4.97329	12	99919927	C	T	6.582607504657996e-07	6.18160203943063
12:17311634:T:C	1.62683e-06	0.00242735	-7.30793	-4.97205	12	17311634	T	C	6.624861281123956e-07	6.178823211047477
12:17303515:GA:G	0.0032834	1.50178e-06	7.68998	4.97172	12	17303515	GA	G	6.636150199330111e-07	6.178083792930671
12:70959997:C:T	3.86089e-06	0.00928748	-7.78552	-4.96847	12	70959997	C	T	6.748323788125199e-07	6.170804087905299
12:77692282:A:G	0.0103629	6.14096e-05	5.12842	4.96683	12	77692282	A	G	6.805619737653507e-07	6.167132320660781
12:28406810:A:ATTTTTTTTT	9.31607e-07	0.00182401	-7.57964	-4.96416	12	28406810	A	ATTTTTTTTT	6.899904491549494e-07	6.161156920723629
12:49491374:C:T	3.10515e-05	2.02079e-07	5.03474	4.96364	12	49491374	C	T	6.91841292503431e-07	6.159993520709623
12:122822061:A:AACACACACA	5.04303e-08	0.000103066	-7.62253	-4.96253	12	122822061	A	AACACACACA	6.958081494310687e-07	6.157510489023013
12:16095189:G:C	4.24423e-06	0.00969334	-7.73363	-4.96249	12	16095189	G	C	6.959515075619137e-07	6.157421020061803
12:39906047:C:T	7.27657e-07	0.00274019	-8.23371	-4.96152	12	39906047	C	T	6.994366681184133e-07	6.155251603447918
12:129906605:C:G	3.08002e-05	0.0581242	-7.54282	-4.96135	12	129906605	C	G	7.000491988046807e-07	6.154871437102096
12:54261687:T:TGTTTTA	0.00131097	1.59389e-06	6.71234	4.96038	12	54261687	T	TGTTTTA	7.035541274045419e-07	6.152702484826487
12:17309693:C:T	1.71745e-06	0.00214149	-7.12841	-4.96008	12	17309693	C	T	7.046415449524162e-07	6.152031754836746
12:79947605:G:A	7.64823e-07	0.00205867	-7.89793	-4.95966	12	79947605	G	A	7.06166650474729e-07	6.151092796340741
12:50795836:T:C	2.88931e-06	0.00562225	-7.57347	-4.95923	12	50795836	T	C	7.07731362758417e-07	6.1501315584273595
12:38206042:G:A	4.77111e-07	0.00118316	-7.81595	-4.95834	12	38206042	G	A	7.109805725622744e-07	6.148142266139817
12:28896108:A:G	1.89056e-05	0.0365142	-7.566	-4.95326	12	28896108	A	G	7.298035622781227e-07	6.1367940211111955
12:28896069:A:G	1.89056e-05	0.0365142	-7.566	-4.95326	12	28896069	A	G	7.298035622781227e-07	6.1367940211111955
12:29415072:A:G	0.00111587	2.93579e-06	5.94041	4.95306	12	29415072	A	G	7.305543625135578e-07	6.136347461507615
12:67110078:C:T	0.00420131	3.10876e-05	4.90634	4.95303	12	67110078	C	T	7.306670467119635e-07	6.136280479015635
12:50794743:G:T	4.71638e-06	0.00513209	-6.99223	-4.95264	12	50794743	G	T	7.321334659636188e-07	6.135409741007315
12:28293956:C:T	4.52625e-07	0.00111374	-7.80817	-4.95237	12	28293956	C	T	7.331503398148512e-07	6.134806959796554
12:117653455:A:G	7.17564e-05	0.08867	-7.1194	-4.95138	12	117653455	A	G	7.36890531348029e-07	6.132597023894798
12:83433360:C:T	3.19207e-06	0.00849431	-7.88648	-4.95075	12	83433360	C	T	7.392802169678261e-07	6.1311909153048
12:7004931:A:G	6.32823e-06	0.016836	-7.88625	-4.95058	12	7004931	A	G	7.39926330800329e-07	6.130811517727895
12:12433350:A:AAT	1.2525e-06	0.00251388	-7.60444	-4.94834	12	12433350	A	AAT	7.484908058339606e-07	6.125813529990402
12:46098235:C:CA	4.22366e-06	0.00989645	-7.75923	-4.94791	12	46098235	C	CA	7.501457690922224e-07	6.124854335860202
12:23806655:G:A	1.20146e-06	0.00301619	-7.82821	-4.9467	12	23806655	G	A	7.548216969511192e-07	6.12215562476212
12:7318651:C:T	5.33833e-06	0.0141212	-7.88052	-4.94611	12	7318651	C	T	7.571118658998707e-07	6.120839947245349
12:96645598:A:G	1.47224e-06	0.00388274	-7.87751	-4.94377	12	96645598	A	G	7.662610040495042e-07	6.115623275653087
12:59483201:A:G	1.65919e-06	0.0031624	-7.55276	-4.94268	12	59483201	A	G	7.705590537483431e-07	6.1131940724105
12:58706066:T:G	5.67073e-06	0.00753052	-7.1914	-4.94088	12	58706066	T	G	7.777076374105361e-07	6.109183636072566
12:50802861:G:C	1.17727e-06	0.00431268	-8.20611	-4.94068	12	50802861	G	C	7.785058564989739e-07	6.108738115998082
12:26081988:G:A	3.30391e-05	0.0626332	-7.54736	-4.93836	12	26081988	G	A	7.878230618004572e-07	6.10357131031783
12:62237245:C:G	5.79586e-06	0.00837324	-7.27565	-4.93787	12	62237245	C	G	7.898046124108525e-07	6.102480334338734
12:20418425:T:C	1.28041e-05	0.0181898	-7.25885	-4.93514	12	20418425	T	C	8.009328662361481e-07	6.0964038847210915
12:102589154:G:A	5.95314e-06	0.015503	-7.86487	-4.93393	12	102589154	G	A	8.059133307185188e-07	6.093711660446224
12:61441281:A:G	3.44855e-06	0.00758841	-7.69642	-4.93366	12	61441281	A	G	8.070287377681526e-07	6.0931110000587045
12:92458008:T:C	1.05386e-05	0.0195023	-7.52324	-4.93053	12	92458008	T	C	8.200682113595695e-07	6.086150022512612
12:88565733:G:C	2.27785e-06	0.00314681	-7.23091	-4.92999	12	88565733	G	C	8.223382605823026e-07	6.084949503036216
12:89526844:C:CT	1.24701e-05	0.0178287	-7.26523	-4.92941	12	89526844	C	CT	8.247832023640426e-07	6.0836601925292095
12:38204148:T:A	4.58847e-07	0.00109569	-7.77818	-4.92937	12	38204148	T	A	8.249520768538139e-07	6.083571279768209
12:88566072:T:C	2.2817e-06	0.00314523	-7.22872	-4.9285	12	88566072	T	C	8.286333466851379e-07	6.081637593376687
12:2761551:GCA:G	3.66439e-05	0.0184715	-6.22274	-4.92797	12	2761551	GCA	G	8.30883708697892e-07	6.080459756245944
12:88565660:G:A	2.27973e-06	0.00313922	-7.22767	-4.92778	12	88565660	G	A	8.31691874553817e-07	6.08003754145719
12:50799230:C:G	5.14558e-06	0.00542368	-6.96039	-4.92673	12	50799230	C	G	8.361717243637778e-07	6.077704522459376
12:128343421:TA:T	0.0827767	0.00054155	5.02947	4.92575	12	128343421	TA	T	8.40373877982799e-07	6.0755274555809855
12:82956271:G:T	3.53419e-06	0.00483229	-7.22059	-4.92295	12	82956271	G	T	8.524923967104563e-07	6.069309485744753
12:48480982:A:G	3.775e-06	0.00967528	-7.84893	-4.92153	12	48480982	A	G	8.587023583561474e-07	6.066157344345188
12:10524541:C:T	9.63407e-07	0.00123821	-7.1587	-4.92005	12	10524541	C	T	8.652210670271259e-07	6.062872914588652
12:54259474:G:A	0.00113501	1.24403e-06	6.81604	4.91765	12	54259474	G	A	8.758933590070382e-07	6.057548766450686
12:69248903:A:T	0.000842458	5.18744e-06	5.09008	4.91757	12	69248903	A	T	8.762512762483361e-07	6.057371336480684
12:14868147:A:T	2.34317e-06	0.00597229	-7.84338	-4.91721	12	14868147	A	T	8.778636474263857e-07	6.056572934855828
12:67111273:A:G	1.19439e-05	0.00831302	-6.54535	-4.91266	12	67111273	A	G	8.984900799610857e-07	6.046486713482046
12:24152159:C:T	1.18245e-05	0.0299486	-7.83706	-4.91229	12	24152159	C	T	9.001877584976767e-07	6.045666897255191
12:17636198:T:G	1.72296e-06	0.00259548	-7.31748	-4.91144	12	17636198	T	G	9.040995368138063e-07	6.043783753253302
12:92910198:G:A	0.00181174	1.15119e-06	7.36124	4.91077	12	92910198	G	A	9.071944687384603e-07	6.042299606382923
12:50793507:C:T	5.02425e-06	0.00516762	-6.93589	-4.90679	12	50793507	C	T	9.257906402009487e-07	6.033487214274344
12:76138453:T:C	3.35662e-05	0.0423239	-7.13959	-4.90659	12	76138453	T	C	9.267347412767895e-07	6.033044555914904
12:92462255:T:G	3.46898e-05	0.080337	-7.74754	-4.90588	12	92462255	T	G	9.300937921079796e-07	6.031473254305137
12:125449830:T:C	3.16322e-05	0.0368162	-7.05952	-4.90493	12	125449830	T	C	9.346066366393359e-07	6.029371139376751
12:18200445:C:T	5.41732e-06	0.00392925	-6.5866	-4.90458	12	18200445	C	T	9.3627457173798e-07	6.028596771449824
12:18200468:A:G	5.41732e-06	0.00392925	-6.5866	-4.90458	12	18200468	A	G	9.3627457173798e-07	6.028596771449824
12:17302916:G:T	1.39034e-06	0.00483985	-8.15509	-4.90216	12	17302916	G	T	9.478858128460384e-07	6.023243976836758
12:50792610:A:AT	0.00736714	4.81121e-06	7.33384	4.90091	12	50792610	A	AT	9.539375270871573e-07	6.020480066102735
12:18198386:C:T	0.010251	5.00251e-06	7.62519	4.90087	12	18198386	C	T	9.541317948182603e-07	6.020391631785436
12:41188801:G:C	0.000456966	1.72275e-06	5.58069	4.90048	12	41188801	G	C	9.56027902285989e-07	6.019529432376617
12:51675683:C:T	3.32464e-07	0.000730046	-7.69433	-4.89715	12	51675683	C	T	9.723661351101768e-07	6.012170174870748
12:50793633:CA:C	3.75854e-06	0.00706602	-7.53902	-4.89704	12	50793633	CA	C	9.729103966283028e-07	6.011927155663612
12:75343426:G:A	5.43552e-06	0.00660611	-7.10279	-4.89224	12	75343426	G	A	9.969476967956845e-07	6.001327625629028
12:52105050:G:A	0.012183	9.86359e-05	4.81636	4.89186	12	52105050	G	A	9.988748785711348e-07	6.000488909120696
12:49760533:C:CT	1.90536e-05	0.0234759	-7.11647	-4.89016	12	49760533	C	CT	1.007540475465926e-06	5.996737498121426
12:77691779:C:T	0.00924798	6.05689e-05	5.02838	4.89012	12	77691779	C	T	1.0077452406852373e-06	5.9966492442282675
12:81100217:G:GTT	2.17826e-06	0.00386537	-7.48129	-4.89002	12	81100217	G	GTT	1.0082573289992142e-06	5.996428612432322
12:39906170:G:T	7.38799e-07	0.00252462	-8.13657	-4.88818	12	39906170	G	T	1.017724580215858e-06	5.992369736219358
12:50796909:C:T	2.83203e-06	0.00584776	-7.63282	-4.88439	12	50796909	C	T	1.03749542496294e-06	5.984013809717297
12:72706652:T:C	3.22733e-06	0.0030072	-6.83711	-4.88056	12	72706652	T	C	1.057850227982849e-06	5.975575816010635
12:91591265:T:C	4.19216e-06	0.0101823	-7.79519	-4.8797	12	91591265	T	C	1.062473314735332e-06	5.973681968956456
12:1002889:A:G	4.61147e-07	0.00103109	-7.71241	-4.87894	12	1002889	A	G	1.0665750129117326e-06	5.972008594928097
12:67101580:G:A	4.06761e-06	0.00269371	-6.49562	-4.87593	12	67101580	G	A	1.0829701012356925e-06	5.965383533261657
12:29414743:A:T	0.00191873	2.62655e-06	6.59375	4.87425	12	29414743	A	T	1.0922260311877785e-06	5.961687477071223
12:7322850:C:T	4.70764e-06	0.0100304	-7.66419	-4.87358	12	7322850	C	T	1.0959385788810681e-06	5.960213784903198
12:28889216:T:C	9.09185e-06	0.0107808	-7.07814	-4.87244	12	28889216	T	C	1.1022833781805803e-06	5.957706741455902
12:23808804:C:T	5.65471e-06	0.00986814	-7.46458	-4.87221	12	23808804	C	T	1.1035677475471559e-06	5.957201000533355
12:25221024:CAAAA:C	0.000767483	1.7746e-06	6.06954	4.8707	12	25221024	CAAAA	C	1.112035745463236e-06	5.953881252495032
12:42278897:A:G	5.13403e-07	0.000681281	-7.19067	-4.86887	12	42278897	A	G	1.1223821116875344e-06	5.949859263627329
12:90295413:G:C	6.67068e-06	0.00930741	-7.24084	-4.86508	12	90295413	G	C	1.14410520662834e-06	5.941534037992879
12:47521418:TAA:T	0.00379584	4.32434e-06	6.7774	4.86362	12	47521418	TAA	T	1.1525809400804473e-06	5.938328566505772
12:47606315:T:G	1.82927e-06	0.00241073	-7.18376	-4.86327	12	47606315	T	G	1.154621753701992e-06	5.937560264415997
12:61324682:T:C	4.52505e-06	0.0107267	-7.77087	-4.86077	12	61324682	T	C	1.1693004409199789e-06	5.932073886554622
12:61441525:G:C	3.66005e-06	0.00731625	-7.60038	-4.85925	12	61441525	G	C	1.1783126760919002e-06	5.92873945022573
12:2901662:T:C	5.07785e-06	0.00725083	-7.26398	-4.85759	12	2901662	T	C	1.1882313273962439e-06	5.925099001752322
12:2901621:C:T	5.07876e-06	0.00725083	-7.2638	-4.85746	12	2901621	C	T	1.18901147185719e-06	5.924813955187666
12:12503688:C:A	2.75252e-06	0.0090231	-8.09503	-4.85681	12	12503688	C	A	1.1929195920247346e-06	5.9233888286824135
12:18198442:C:T	3.73681e-06	0.012249	-8.09497	-4.85676	12	18198442	C	T	1.1932207280111924e-06	5.92327921090611
12:42563973:T:C	3.69952e-06	0.00771452	-7.64266	-4.85674	12	42563973	T	C	1.1933412028829468e-06	5.923235364089165
12:2901467:T:C	5.08243e-06	0.00724607	-7.26242	-4.85647	12	2901467	T	C	1.1949687595141453e-06	5.922643448479834
12:13623024:G:A	0.000400329	1.20016e-06	5.80983	4.85401	12	13623024	G	A	1.2098963098033099e-06	5.917251847873516
12:66526259:A:C	2.08692e-05	0.013386	-6.46369	-4.85094	12	66526259	A	C	1.2287771716473774e-06	5.910526865606564
12:66526239:A:G	2.0901e-05	0.013386	-6.46217	-4.84975	12	66526239	A	G	1.2361717755513603e-06	5.907921176503968
12:55359426:T:C	1.84505e-06	0.00396215	-7.67203	-4.84799	12	55359426	T	C	1.2471868614813915e-06	5.904068472880301
12:83655782:G:A	6.02024e-07	0.0012925	-7.67179	-4.8478	12	83655782	G	A	1.2483816211688892e-06	5.903652633697581
12:7325907:G:A	0.00918452	4.98965e-06	7.51791	4.84608	12	7325907	G	A	1.259247555308413e-06	5.899888883604733
12:49030751:G:A	5.79574e-06	0.00978049	-7.43102	-4.84539	12	49030751	G	A	1.2636320839416949e-06	5.898379355778964
12:61438095:A:G	3.05884e-06	0.00599142	-7.58005	-4.8435	12	61438095	A	G	1.2757172130754166e-06	5.894245584558265
12:79497489:G:A	1.51351e-06	0.00190045	-7.13541	-4.8423	12	79497489	G	A	1.2834479323214847e-06	5.891621745351822
12:23807642:A:AT	1.10823e-06	0.00256477	-7.74686	-4.84209	12	23807642	A	AT	1.284805433022582e-06	5.89116263557198
12:83433862:C:T	3.25818e-06	0.00666165	-7.62295	-4.84133	12	83433862	C	T	1.2897298458156189e-06	5.88950124997875
12:61439529:T:C	3.23317e-06	0.00630034	-7.5749	-4.83951	12	61439529	T	C	1.3015964242501923e-06	5.885523653164731
12:49758819:C:CTTT	0.00897697	7.72632e-05	4.7552	4.83875	12	49758819	C	CTTT	1.3065827201061376e-06	5.883863089764894
12:82805321:T:A	1.66572e-05	0.00625995	-5.92908	-4.8386	12	82805321	T	A	1.3075690260975893e-06	5.883535375606369
12:52105027:G:A	0.0124873	0.000114927	4.68817	4.83601	12	52105027	G	A	1.3247126018247764e-06	5.8778783322781685
12:55358725:G:T	1.78454e-06	0.00408235	-7.73527	-4.83306	12	55358725	G	T	1.3445024315399245e-06	5.871438408016048
12:76223547:T:C	6.55784e-06	0.00611472	-6.83779	-4.82785	12	76223547	T	C	1.3801498441425524e-06	5.86007375928614
12:17964992:A:C	2.20309e-06	0.00694728	-8.05624	-4.82752	12	17964992	A	C	1.3824380898386267e-06	5.859354308734656
12:93659148:C:G	2.40203e-05	0.00826851	-5.84131	-4.82703	12	93659148	C	G	1.3858425200192037e-06	5.85828611790056
12:31918993:A:G	1.08706e-05	0.024618	-7.72517	-4.82521	12	31918993	A	G	1.3985582734932745e-06	5.854319433240031
12:7612379:C:T	8.13345e-06	0.0255528	-8.05252	-4.82471	12	7612379	C	T	1.4020712116044672e-06	5.853229927866177
12:91594105:G:A	2.74498e-06	0.0054869	-7.60035	-4.82365	12	91594105	G	A	1.409546725159846e-06	5.850920523096568
12:40742541:A:AT	4.57215e-06	0.00573774	-7.13484	-4.82354	12	40742541	A	AT	1.4103246774669076e-06	5.850680894862176
12:53383963:ATTTTC:A	0.00270882	2.00635e-06	7.20795	4.82329	12	53383963	ATTTTC	A	1.4120942867373788e-06	5.850136304103864
12:8201238:T:G	0.0207973	0.00015627	4.891	4.82209	12	8201238	T	G	1.4206181756305468e-06	5.847522633190955
12:17300446:G:A	0.000448373	1.48878e-06	5.70767	4.81767	12	17300446	G	A	1.4524432789437253e-06	5.837900818746747
12:2903511:A:G	4.66781e-06	0.00628787	-7.20569	-4.81562	12	2903511	A	G	1.4674354533359094e-06	5.833440992551588
12:60427163:A:T	8.66661e-07	0.00146776	-7.4346	-4.81515	12	60427163	A	T	1.4708935919660698e-06	5.83241874405934
12:88566931:T:G	2.5235e-06	0.00277948	-7.00437	-4.81427	12	88566931	T	G	1.4773894864369462e-06	5.830504995878634
12:92454797:G:A	9.60515e-06	0.0196858	-7.62535	-4.81219	12	92454797	G	A	1.4928532519530934e-06	5.82598288149087
12:123528759:A:G	0.00705295	5.24103e-05	4.9021	4.81023	12	123528759	A	G	1.5075672073714184e-06	5.821723317900949
12:50790472:T:C	4.93021e-06	0.00826398	-7.42428	-4.80706	12	50790472	T	C	1.531660336180654e-06	5.814837533970867
12:79953360:C:CT	1.60034e-06	0.00178949	-7.01947	-4.80657	12	79953360	C	CT	1.5354173870879127e-06	5.813773545744553
12:69856457:T:A	8.21687e-06	0.0131882	-7.38089	-4.80532	12	69856457	T	A	1.5450418735458829e-06	5.811059745880906
12:82780783:A:AAATGTCCTA	0.0150731	0.00012009	4.83243	4.80498	12	82780783	A	AAATGTCCTA	1.5476697507908596e-06	5.810321705610811
12:6676177:A:G	6.55711e-06	0.0021889	-5.8106	-4.80436	12	6676177	A	G	1.5524728282685286e-06	5.808975992205365
12:89750711:C:T	3.75115e-06	0.00729246	-7.57253	-4.80191	12	89750711	C	T	1.5715933048970267e-06	5.803659829982699
12:61025496:C:A	6.18778e-06	0.0114823	-7.52598	-4.80161	12	61025496	C	A	1.5739500864390696e-06	5.803009044230955
12:121180862:G:A	0.000757106	5.13874e-06	4.99269	4.80133	12	121180862	G	A	1.5761528142824548e-06	5.802401678228266
12:88799559:T:C	1.03314e-05	0.00696136	-6.51294	-4.80129	12	88799559	T	C	1.576467731500008e-06	5.802314914338791
12:4692466:T:G	9.28245e-06	0.0146191	-7.36196	-4.80125	12	4692466	T	G	1.576782709203721e-06	5.802228151119902
12:122595537:G:A	1.49018e-07	0.000453715	-8.02116	-4.80103	12	122595537	G	A	1.578516168261039e-06	5.801750965402685
12:121180635:C:T	0.000756672	5.14365e-06	4.99117	4.80009	12	121180635	C	T	1.5859434241088972e-06	5.799712309474637
12:23408039:G:A	2.5034e-07	0.000304247	-7.10277	-4.79751	12	23408039	G	A	1.6065019140992925e-06	5.794118752663185
12:121181718:A:G	0.000786027	5.36128e-06	4.98779	4.79734	12	121181718	A	G	1.6078655015723692e-06	5.793750282930829
12:61025502:T:C	3.12635e-06	0.00627217	-7.60401	-4.79583	12	61025502	T	C	1.6200262949078093e-06	5.790477936296452
12:48480139:T:G	4.55649e-06	0.00991964	-7.68572	-4.7945	12	48480139	T	G	1.6308106456716345e-06	5.787596462205559
12:15125189:C:T	1.19689e-05	0.0359663	-8.00802	-4.79112	12	15125189	C	T	1.658528909095478e-06	5.780276954080453
12:25208822:C:A	4.73425e-06	0.0142069	-8.00666	-4.79009	12	25208822	C	A	1.6670652362936837e-06	5.778047404846252
12:55340465:C:T	0.00174606	1.60002e-05	4.69252	4.78973	12	55340465	C	T	1.6700587539579257e-06	5.777268249768065
12:83310666:T:A	2.6708e-06	0.00338848	-7.14576	-4.78964	12	83310666	T	A	1.6708079402573296e-06	5.777073469484395
12:52105060:G:T	0.0120795	0.00011226	4.67845	4.78773	12	52105060	G	T	1.6867837193160371e-06	5.772940599408021
12:83310196:A:G	2.66672e-06	0.00337346	-7.14285	-4.78733	12	83310196	A	G	1.6901479754170866e-06	5.7720752704787746
12:122595123:G:T	1.51819e-07	0.000453715	-8.00254	-4.78697	12	122595123	G	T	1.6931813190335379e-06	5.771296531767486
12:92459017:G:A	1.71541e-05	0.0369469	-7.675	-4.78616	12	92459017	G	A	1.7000254844369425e-06	5.769544568229149
12:83288407:A:T	6.30512e-07	0.00135201	-7.67057	-4.78271	12	83288407	A	T	1.7294755211935144e-06	5.762085580562493
12:83430042:T:C	6.10216e-06	0.00937042	-7.33667	-4.78244	12	83430042	T	C	1.7318008794976276e-06	5.761502044135493
12:12502553:A:ATTTTTT	2.04708e-06	0.00438385	-7.66927	-4.7817	12	12502553	A	ATTTTTT	1.7381894968554274e-06	5.759902878662688
12:28898645:C:T	2.66252e-05	0.0568533	-7.66637	-4.77944	12	28898645	C	T	1.75784119800394e-06	5.755020361313279
12:61436142:A:ATCTC	1.43833e-06	0.00179906	-7.13154	-4.77836	12	61436142	A	ATCTC	1.767307503488926e-06	5.752687878648618
12:83291478:C:CAT	6.25646e-07	0.000969382	-7.34563	-4.77714	12	83291478	C	CAT	1.7780598486623158e-06	5.750053624970783
12:85942201:T:C	6.22097e-07	0.000454044	-6.59285	-4.77712	12	85942201	T	C	1.7782366392586775e-06	5.750010445679756
12:2906216:C:G	2.59006e-06	0.00505284	-7.57602	-4.77617	12	2906216	C	G	1.7866536774136602e-06	5.747959622404547
12:97768479:GTGTA:G	0.00574925	4.40277e-06	7.17459	4.77613	12	97768479	GTGTA	G	1.7870089176382561e-06	5.747873280246777
12:62234777:G:T	6.11542e-06	0.0115023	-7.53949	-4.77606	12	62234777	G	T	1.7876307513591876e-06	5.747722183083766
12:63364747:T:C	1.53397e-06	0.00181523	-7.07611	-4.77586	12	63364747	T	C	1.7894085650902791e-06	5.747290488216289
12:7320224:A:AT	5.40049e-06	0.0100593	-7.52977	-4.76846	12	7320224	A	AT	1.8563952155046131e-06	5.731329559560605
12:92464271:G:T	3.99937e-05	0.0840782	-7.65078	-4.76731	12	92464271	G	T	1.867019248076907e-06	5.728851204659118
12:38206807:G:A	4.74597e-07	0.000997268	-7.65031	-4.76694	12	38206807	G	A	1.8704498189172602e-06	5.728053938713928
12:18199783:A:C	5.37304e-06	0.00324332	-6.40296	-4.76685	12	18199783	A	C	1.8712851974146787e-06	5.727860017831677
12:76221905:A:C	7.03371e-06	0.00607899	-6.76188	-4.76552	12	76221905	A	C	1.8836721043324919e-06	5.724994693726035
12:89257318:T:C	1.815e-05	0.0275744	-7.32597	-4.76144	12	89257318	T	C	1.9221644875485034e-06	5.716209450705959
12:93662656:G:A	0.00681936	6.48602e-05	4.65529	4.76062	12	93662656	G	A	1.929991379915248e-06	5.7144446307143
12:80455133:A:G	9.25752e-06	0.0132456	-7.26599	-4.75987	12	80455133	A	G	1.937176925212622e-06	5.712830712716823
12:22146678:G:A	1.1407e-05	0.0218214	-7.55642	-4.75934	12	22146678	G	A	1.942270201568383e-06	5.711690352755859
12:69759525:G:A	1.54295e-06	0.00444407	-7.96563	-4.7591	12	69759525	G	A	1.9445808204376813e-06	5.711174002045608
12:992098:C:G	1.03999e-05	0.00592812	-6.34567	-4.75877	12	992098	C	G	1.9477622336737003e-06	5.710464059216042
12:24282042:A:C	1.07657e-05	0.0133962	-7.12636	-4.7585	12	24282042	A	C	1.9503689268074995e-06	5.709883230831281
12:102378410:TTG:T	0.00111874	2.06064e-06	6.29694	4.75781	12	102378410	TTG	T	1.957045710919037e-06	5.7083990303624095
12:91596580:T:C	0.00287422	2.31192e-06	7.12546	4.75767	12	91596580	T	C	1.9584030977625375e-06	5.708097912575734
12:4694538:GA:G	0.0126678	1.0092e-05	7.13508	4.75767	12	4694538	GA	G	1.9584030977625375e-06	5.708097912575734
12:12504579:A:G	3.8183e-06	0.00600547	-7.36062	-4.75713	12	12504579	A	G	1.963647209895317e-06	5.706936535163246
12:43605874:A:G	1.42529e-05	0.00717899	-6.22195	-4.75696	12	43605874	A	G	1.9653009241531592e-06	5.706570941627911
12:93662963:A:C	0.00664439	6.34963e-05	4.65055	4.75691	12	93662963	A	C	1.9657875652655584e-06	5.706463416421378
12:20021001:T:C	7.47297e-07	0.00154699	-7.63536	-4.7553	12	20021001	T	C	1.9815194312191146e-06	5.703001664520879
12:23241346:TTGTGTGTGT:T	0.000546351	4.04047e-06	4.9069	4.75517	12	23241346	TTGTGTGTGT	T	1.9827949697153106e-06	5.702722191556101
12:48479608:T:G	4.71013e-06	0.00974341	-7.63463	-4.75474	12	48479608	T	G	1.9870196803747676e-06	5.701797831412663
12:49295814:G:C	1.38436e-05	0.0147892	-6.97383	-4.75454	12	49295814	G	C	1.9889876070985624e-06	5.701367922851168
12:29111435:T:C	3.39139e-06	0.00289107	-6.74814	-4.75425	12	29111435	T	C	1.9918444268097357e-06	5.700744585197744
12:42970567:T:TACACACACA	1.11859e-05	0.0230902	-7.63251	-4.75309	12	42970567	T	TACACACACA	2.003311172724746e-06	5.69825158685166
12:17963174:A:G	1.61332e-06	0.00331897	-7.62911	-4.75045	12	17963174	A	G	2.0296447630424616e-06	5.692579967481262
12:83309338:CAGTGTACAG:C	0.00654714	5.31999e-06	7.11531	4.7496	12	83309338	CAGTGTACAG	C	2.038193915708385e-06	5.690754499173676
12:83309351:ATCTCT:A	0.00654714	5.31999e-06	7.11531	4.7496	12	83309351	ATCTCT	A	2.038193915708385e-06	5.690754499173676
12:83309370:ATT:A	0.00654714	5.31999e-06	7.11531	4.7496	12	83309370	ATT	A	2.038193915708385e-06	5.690754499173676
12:83309359:ATCT:A	0.00654714	5.31999e-06	7.11531	4.7496	12	83309359	ATCT	A	2.038193915708385e-06	5.690754499173676
12:17313785:G:A	2.37455e-06	0.00224173	-6.85019	-4.74905	12	17313785	G	A	2.0437441408802803e-06	5.689573475053503
12:19498305:G:C	5.66783e-07	0.000878054	-7.34549	-4.74527	12	19498305	G	C	2.0822839612958357e-06	5.6814600459999784
12:17308610:G:C	1.58506e-06	0.00221826	-7.24386	-4.74377	12	17308610	G	C	2.0977701924240776e-06	5.678242089845331
12:11179191:T:TC	4.39724e-06	0.00896074	-7.61963	-4.74306	12	11179191	T	TC	2.1051388564426563e-06	5.67671925251339
12:61510248:G:C	6.00746e-06	0.00604686	-6.91429	-4.74081	12	61510248	G	C	2.1286548362440705e-06	5.671894754187484
12:72710637:A:G	5.92575e-06	0.00824206	-7.2377	-4.73929	12	72710637	A	G	2.1446837564830505e-06	5.66863673748381
12:49296554:T:C	2.30481e-05	0.010993	-6.16743	-4.73735	12	49296554	T	C	2.165310167259666e-06	5.6644798848620574
12:73814127:C:CT	2.67971e-07	0.000540233	-7.60888	-4.73469	12	73814127	C	CT	2.19390165167546e-06	5.658782844898039
12:66069045:A:T	0.0106877	1.59904e-05	6.50486	4.73369	12	66069045	A	T	2.2047438158096204e-06	5.656641866896358
12:40744848:T:A	5.71841e-06	0.0101592	-7.48244	-4.73145	12	40744848	T	A	2.229217297275009e-06	5.651847595760309
12:2901294:TTC:T	1.34305e-05	0.00520748	-5.96032	-4.72877	12	2901294	TTC	T	2.2588409194730185e-06	5.646114353509813
12:998853:CTT:C	2.71166e-06	0.000966171	-5.87578	-4.72751	12	998853	CTT	C	2.2728987336328643e-06	5.643419913330973
12:76762247:CAA:C	0.00308117	5.16825e-06	6.39053	4.72665	12	76762247	CAA	C	2.2825419462310207e-06	5.641581232698688
12:31670474:TTTTG:T	0.00738126	4.68327e-06	7.3627	4.7259	12	31670474	TTTTG	T	2.290983783283394e-06	5.639977984950918
12:28407958:A:T	1.57758e-06	0.00229086	-7.28079	-4.72533	12	28407958	A	T	2.2974196209868906e-06	5.638759674184509
12:68833289:AT:A	0.00717538	6.05016e-06	7.07833	4.72354	12	68833289	AT	A	2.31774346211832e-06	5.634934635305996
12:68833287:AT:A	0.00717538	6.05016e-06	7.07833	4.72354	12	68833287	AT	A	2.31774346211832e-06	5.634934635305996
12:39710461:TCTAA:T	0.00478607	2.27831e-06	7.65003	4.7204	12	39710461	TCTAA	T	2.353813062429493e-06	5.628228031373256
12:29417763:AGT:A	0.00375382	3.25836e-06	7.04931	4.72015	12	29417763	AGT	A	2.3567078938029105e-06	5.627694243513499
12:20687356:T:C	0.00496683	5.3117e-05	4.53804	4.71992	12	20687356	T	C	2.359374157376146e-06	5.627203181794063
12:23809763:CTT:C	0.0148655	1.25672e-05	7.07571	4.7181	12	23809763	CTT	C	2.3805747885129866e-06	5.6233181701112125
12:83291747:T:TAC	6.18486e-07	0.00112111	-7.50255	-4.71803	12	83291747	T	TAC	2.3813938390433545e-06	5.623168774280594
12:6493201:C:T	2.54307e-06	0.00365609	-7.27078	-4.71733	12	6493201	C	T	2.3895992384694053e-06	5.621674928807254
12:62234407:C:T	6.50175e-06	0.0113263	-7.46281	-4.7161	12	62234407	C	T	2.404083092566591e-06	5.619050525845871
12:62576657:C:T	1.27178e-06	0.00221464	-7.46243	-4.7158	12	62576657	C	T	2.407628504233799e-06	5.6184105236467285
12:7321518:A:T	5.28585e-06	0.00920347	-7.4623	-4.7157	12	7321518	A	T	2.4088114232069024e-06	5.618197197953633
12:22520791:G:A	2.29104e-05	1.97153e-07	4.75537	4.71396	12	22520791	G	A	2.429483751989632e-06	5.614486001085371
12:67834390:A:T	1.99371e-05	0.0179487	-6.80269	-4.71301	12	67834390	A	T	2.4408421375401862e-06	5.6124603078471225
12:17119240:A:G	8.74468e-06	0.0151727	-7.4588	-4.71297	12	17119240	A	G	2.441321502050932e-06	5.6123750237895305
12:61321595:C:A	0.0123734	1.04028e-05	7.08123	4.70969	12	61321595	C	A	2.4809384476138643e-06	5.60538401049331
12:46098407:T:C	5.04937e-06	0.00830403	-7.40523	-4.70806	12	46098407	T	C	2.5008549704663064e-06	5.601911493136546
12:83306483:G:A	2.64629e-06	0.00376016	-7.25906	-4.70796	12	83306483	G	A	2.5020818267627964e-06	5.601698491472951
12:61284189:T:C	5.65476e-07	0.00100959	-7.48739	-4.7064	12	61284189	T	C	2.521295754052674e-06	5.598376207548716
12:40746271:T:C	5.83704e-06	0.0113442	-7.57223	-4.70618	12	40746271	T	C	2.524016779285965e-06	5.59790776229356
12:52104921:G:A	0.0133583	0.000136333	4.58479	4.70549	12	52104921	G	A	2.532569200448591e-06	5.596438679052628
12:61023871:C:T	2.1475e-06	0.0028604	-7.19441	-4.70532	12	61023871	C	T	2.534680585768623e-06	5.596076761608092
12:52104916:A:T	0.0133675	0.000136456	4.58458	4.70532	12	52104916	A	T	2.534680585768623e-06	5.596076761608092
12:77663480:C:A	3.05666e-06	0.00184463	-6.40271	-4.70474	12	77663480	C	A	2.5418968592092712e-06	5.594842075491309
12:46096370:T:TA	2.4313e-06	0.004323	-7.48328	-4.70326	12	46096370	T	TA	2.5604002725753944e-06	5.591692135242072
12:18195285:TGG:T	0.00376355	2.46806e-06	7.32969	4.70221	12	18195285	TGG	T	2.5736060193872e-06	5.589457936336896
12:69808066:G:A	1.96582e-06	0.00336282	-7.44462	-4.70188	12	69808066	G	A	2.5777698817060515e-06	5.588755854851472
12:73713078:G:C	2.04686e-06	0.00232267	-7.03417	-4.70187	12	73713078	G	C	2.577896160238288e-06	5.5887345803665465
12:3810734:AAG:A	0.00742812	6.44018e-06	7.05047	4.69802	12	3810734	AAG	A	2.6269571335093203e-06	5.580547013941091
12:52104931:C:A	0.0133106	0.000137413	4.57332	4.69652	12	52104931	C	A	2.646313348610415e-06	5.577358732516172
12:23153907:A:G	1.35297e-06	0.000711942	-6.26569	-4.69632	12	23153907	A	G	2.6489044963487704e-06	5.576933699481713
12:17632839:G:A	1.67962e-06	0.00159921	-6.8587	-4.69615	12	17632839	G	A	2.6511088862925395e-06	5.576572434566088
12:52104937:G:A	0.0133027	0.000137421	4.57267	4.69601	12	52104937	G	A	2.652925588135548e-06	5.57627493136533
12:52104945:C:A	0.0133027	0.000137451	4.57246	4.69584	12	52104945	C	A	2.6551331895337165e-06	5.575913688507667
12:52104946:C:A	0.0133027	0.000137451	4.57246	4.69584	12	52104946	C	A	2.6551331895337165e-06	5.575913688507667
12:83206181:G:A	0.00115244	5.78459e-06	5.29444	4.69508	12	83206181	G	A	2.6650240442122515e-06	5.574298868355384
12:44888847:A:T	0.000233416	4.10294e-07	6.3437	4.69264	12	44888847	A	T	2.697018467400198e-06	5.56911607977531
12:10520417:G:A	5.61076e-06	0.00763114	-7.21531	-4.69215	12	10520417	G	A	2.7034878721952844e-06	5.568075574322305
12:31673844:T:C	3.93929e-06	0.00689261	-7.4672	-4.69093	12	31673844	T	C	2.719660134660722e-06	5.565485364665674
12:88569969:G:C	0.00316617	1.43413e-05	5.39714	4.69067	12	88569969	G	C	2.7231186634613427e-06	5.56493343329698
12:77201959:A:G	2.40583e-06	0.00212269	-6.78255	-4.69007	12	77201959	A	G	2.7311159997962174e-06	5.563659853503064
12:88569999:A:G	0.00316629	1.43684e-05	5.39529	4.6893	12	88569999	A	G	2.7414122756286953e-06	5.562025646851427
12:128344306:T:C	0.0918636	0.000940716	4.58142	4.68922	12	128344306	T	C	2.742484152173738e-06	5.561855873377091
12:38205832:C:T	4.78691e-07	0.000803905	-7.42618	-4.68745	12	38205832	C	T	2.7663025655907555e-06	5.558100320473957
12:83282687:A:G	8.37016e-07	0.000933242	-7.01658	-4.68716	12	83282687	A	G	2.7702238954312297e-06	5.557485128906394
12:122875604:G:A	0.00315207	2.59524e-05	4.79955	4.68708	12	122875604	G	A	2.771306579946646e-06	5.5573154270816865
12:67840618:C:T	3.05062e-05	0.0311035	-6.92715	-4.68565	12	67840618	C	T	2.7907282018983173e-06	5.5542824588047175
12:88567936:A:G	3.11544e-06	0.00283384	-6.81302	-4.68473	12	88567936	A	G	2.8032922029728654e-06	5.552331630914485
12:88567975:C:T	3.11705e-06	0.00283384	-6.8125	-4.68438	12	88567975	C	T	2.808086223480222e-06	5.551589561140964
12:62153040:A:G	4.81272e-06	0.0125308	-7.86468	-4.68289	12	62153040	A	G	2.828583230067931e-06	5.548431037772987
12:80499776:G:A	0.0036015	3.12596e-05	4.74678	4.68272	12	80499776	G	A	2.830930918162983e-06	5.5480707283836335
12:17963617:T:A	0.00250288	2.21263e-06	7.03101	4.68254	12	17963617	T	A	2.833418743442228e-06	5.547689237506574
12:26476541:G:T	5.66499e-06	0.00397859	-6.55438	-4.68153	12	26476541	G	T	2.8474171646839643e-06	5.545548901294143
12:68736718:CT:C	0.00327749	2.231e-06	7.29238	4.68141	12	68736718	CT	C	2.8490847472312936e-06	5.54529463229527
12:91591840:T:G	2.92283e-06	0.00549798	-7.53958	-4.68076	12	91591840	T	G	2.858133783557602e-06	5.5439174466083765
12:93660272:G:T	2.92746e-05	0.00826594	-5.64318	-4.68074	12	93660272	G	T	2.8584126522955986e-06	5.543875074467945
12:22518786:A:G	2.24619e-05	2.01819e-07	4.7122	4.67955	12	22518786	A	G	2.8750524143444017e-06	5.541354233390681
12:52104877:G:T	0.0133455	0.000140951	4.55052	4.67869	12	52104877	G	T	2.8871356012242796e-06	5.539532817961868
12:73712799:A:G	2.04648e-06	0.00225111	-7.00306	-4.67839	12	73712799	A	G	2.8913621180717314e-06	5.538897513299303
12:123529630:T:C	0.00909881	3.64387e-05	5.52027	4.67672	12	123529630	T	C	2.9149984465089445e-06	5.535361672353603
12:31669658:G:A	7.82334e-06	0.0106797	-7.21899	-4.67594	12	31669658	G	A	2.926101578618837e-06	5.533710601564121
12:73709670:C:A	1.94489e-06	0.00212881	-6.99811	-4.67466	12	73709670	C	A	2.944410082817004e-06	5.531001703742908
12:93514837:A:G	0.00494515	8.91779e-06	6.31811	4.67406	12	93514837	A	G	2.953029980281196e-06	5.529732143890121
12:68738135:G:A	5.12026e-06	0.00560079	-6.99746	-4.67199	12	68738135	G	A	2.982954859266274e-06	5.525353318719701
12:107840922:A:G	0.00388692	5.87665e-06	6.49438	4.66979	12	107840922	A	G	3.0150779165512568e-06	5.520701460210058
12:17301747:A:G	0.000456398	1.54277e-06	5.68979	4.66916	12	17301747	A	G	3.02433774666236e-06	5.519369710088483
12:61024608:C:A	2.21409e-06	0.00279349	-7.14021	-4.66819	12	61024608	C	A	3.038648306076439e-06	5.517319562364608
12:60436533:T:C	2.47023e-06	0.00189324	-6.64173	-4.66739	12	60436533	T	C	3.0504996878519158e-06	5.515629015111586
12:19709083:C:CT	1.3418e-06	0.00219594	-7.40035	-4.66725	12	19709083	C	CT	3.0525782333611887e-06	5.515333196873112
12:52104885:A:C	0.013307	0.000142668	4.53553	4.66696	12	52104885	A	C	3.0568881147408965e-06	5.514720456609163
12:50794855:G:A	3.5491e-06	0.00553285	-7.35177	-4.66664	12	50794855	G	A	3.061650620219375e-06	5.5140443702569675
12:17632374:A:ATTATTATTA	1.66373e-06	0.00152188	-6.81864	-4.66397	12	17632374	A	ATTATTATTA	3.1016661840505145e-06	5.508404944828658
12:76595162:A:C	7.81353e-07	0.00080345	-6.93564	-4.66181	12	76595162	A	C	3.134404950147982e-06	5.503844895469983
12:81103705:T:G	2.47431e-06	0.00452747	-7.51196	-4.65926	12	81103705	T	G	3.1734815936397464e-06	5.49846401627357
12:83288195:G:C	7.394e-07	0.00135201	-7.51127	-4.65872	12	83288195	G	C	3.1818163926955156e-06	5.497324885009935
12:66714887:C:CCCAT	2.78463e-06	0.0050913	-7.51117	-4.65865	12	66714887	C	CCCAT	3.1828983656756866e-06	5.497177228777969
12:17300507:C:G	8.62257e-05	7.96806e-07	4.68411	4.65819	12	17300507	C	G	3.1900172580657726e-06	5.496206967393459
12:125777597:T:C	0.00536299	3.75483e-06	7.26424	4.65524	12	125777597	T	C	3.23603534808683e-06	5.489986743118106
12:130811311:T:C	8.12654e-06	0.00886811	-6.99508	-4.65439	12	130811311	T	C	3.2494125185318618e-06	5.488195150720391
12:55360407:G:GAAA	1.59443e-06	0.00141233	-6.78648	-4.65376	12	55360407	G	GAAA	3.259361568187198e-06	5.486867459615086
12:83442940:T:G	5.08013e-06	0.00700324	-7.22879	-4.65375	12	83442940	T	G	3.2595197249164205e-06	5.486846386491738
12:46094082:T:C	0.00163116	1.1591e-06	7.2494	4.65352	12	46094082	T	C	3.2631593618173273e-06	5.486361716200519
12:12435414:C:T	0.00174463	1.23981e-06	7.24934	4.65347	12	12435414	C	T	3.263951102846821e-06	5.486256356021998
12:88568765:A:T	0.0029765	1.42016e-05	5.34515	4.652	12	88568765	A	T	3.2873107948969217e-06	5.48315923412101
12:85941871:A:T	0.000464345	2.4682e-06	5.23714	4.65086	12	85941871	A	T	3.3055367751514343e-06	5.480758006811443
12:20418750:G:A	0.0152079	5.07273e-05	5.7031	4.65072	12	20418750	G	A	3.3077817235901132e-06	5.480463156727719
12:61321299:A:G	6.05124e-06	0.0150857	-7.82124	-4.65008	12	61321299	A	G	3.3180629790057125e-06	5.4791153750400845
12:93660040:G:A	3.05181e-05	0.00826018	-5.60088	-4.64951	12	93660040	G	A	3.3272455184592624e-06	5.477915151226779
12:33470269:G:A	2.838e-06	0.00306254	-6.9839	-4.64548	12	33470269	G	A	3.3928664440853275e-06	5.46943323547376
12:33470871:T:C	2.81909e-06	0.00301977	-6.97652	-4.6396	12	33470871	T	C	3.4908418757665153e-06	5.457069822923821
12:16253041:AG:A	0.0736077	0.000123819	6.38769	4.63774	12	16253041	AG	A	3.522394885059665e-06	5.4531619581958095
12:28898872:A:G	1.27767e-05	0.0313152	-7.80423	-4.63724	12	28898872	A	G	3.530923402050323e-06	5.452111703685188
12:82957738:C:A	0.0037239	1.81324e-05	5.32483	4.63688	12	82957738	C	A	3.5370761902612006e-06	5.4513555851799795
12:64756746:G:A	2.38397e-06	0.00422479	-7.47996	-4.63436	12	64756746	G	A	3.580434446308774e-06	5.4460642733038505
12:67833481:C:T	2.20391e-05	0.0178746	-6.69832	-4.63384	12	67833481	C	T	3.589444594902699e-06	5.444972745858875
12:91601747:G:A	2.74336e-06	0.00429933	-7.35703	-4.63337	12	91601747	G	A	3.5976070840207645e-06	5.443986270273309
12:49756701:A:T	0.0057563	6.86133e-05	4.42956	4.63323	12	49756701	A	T	3.6000419018022377e-06	5.443692444339494
12:2942079:A:G	0.00684009	2.1676e-05	5.75435	4.6322	12	2942079	A	G	3.6180038364423637e-06	5.441530976960764
12:1728958:G:GT	1.39828e-06	0.00102671	-6.59886	-4.63169	12	1728958	G	GT	3.62692938360232e-06	5.440460900060701
12:6674933:C:A	8.17876e-06	0.00215908	-5.5759	-4.63106	12	6674933	C	A	3.6379842075449714e-06	5.439139190536681
12:61442893:G:A	4.59595e-06	0.00683422	-7.30452	-4.63004	12	61442893	G	A	3.655951015758593e-06	5.436999631791669
12:68833308:TAAAA:T	0.00674043	6.41321e-06	6.95752	4.62957	12	68833308	TAAAA	T	3.6642584403174525e-06	5.4360139031140235
12:12441720:AT:A	1.7039e-06	0.00111648	-6.48501	-4.62904	12	12441720	AT	A	3.6736480974692056e-06	5.434902447553046
12:93667220:T:C	0.0140453	6.8016e-05	5.3303	4.62893	12	93667220	T	C	3.675599782733264e-06	5.434671782817189
12:89528334:A:G	2.0911e-05	0.0220507	-6.96082	-4.62708	12	89528334	A	G	3.7085729004930243e-06	5.430793179515698
12:68822371:C:CT	1.18556e-07	4.84856e-05	-6.01364	-4.62449	12	68822371	C	CT	3.7552120053476624e-06	5.425365539311335
12:83766547:A:G	1.76841e-05	0.0234752	-7.19103	-4.62414	12	83766547	A	G	3.7615575477039263e-06	5.424632289564831
12:73153479:A:G	5.81966e-06	0.0051358	-6.78275	-4.62391	12	73153479	A	G	3.7657330709542602e-06	5.424150467622634
12:28289633:G:A	1.56291e-06	0.0012628	-6.69454	-4.62181	12	28289633	G	A	3.804063459008904e-06	5.41975224681677
12:68822015:T:C	5.31764e-06	0.00699681	-7.18218	-4.6172	12	68822015	T	C	3.8895237513267295e-06	5.410103572153206
12:13636410:A:G	1.20002e-06	0.00207869	-7.45715	-4.61661	12	13636410	A	G	3.900593110632139e-06	5.4088693506427346
12:23801614:G:T	0.000252817	1.03728e-06	5.49606	4.61601	12	23801614	G	T	3.911881050395092e-06	5.407614359391194
12:110794758:A:T	2.61028e-05	0.0187511	-6.57696	-4.61468	12	110794758	A	T	3.937014381792996e-06	5.404832998742427
12:89528255:C:A	0.019392	2.15691e-05	6.80135	4.61213	12	89528255	C	A	3.985635852285504e-06	5.399502383148665
12:17311475:G:A	1.90895e-06	0.00193634	-6.922	-4.61136	12	17311475	G	A	4.000430403760099e-06	5.39789328069148
12:17306883:TG:T	1.26363e-06	0.00127928	-6.92006	-4.60997	12	17306883	TG	T	4.027270817102452e-06	5.394989164924832
12:88796269:G:A	1.9761e-05	0.0059685	-5.71054	-4.60941	12	88796269	G	A	4.038132921019641e-06	5.393819389722427
12:61443006:T:A	6.33398e-06	0.00824525	-7.17146	-4.60879	12	61443006	T	A	4.050191571970821e-06	5.392524434394676
12:121891572:C:T	0.00226098	1.69093e-06	7.19828	4.60791	12	121891572	C	T	4.067366345046391e-06	5.390686709211637
12:24933102:G:C	7.98015e-06	0.0103694	-7.16966	-4.60737	12	24933102	G	C	4.077939942915105e-06	5.389559174500162
12:25212741:G:C	5.04769e-07	0.000320791	-6.45444	-4.60591	12	25212741	G	C	4.1066598753666935e-06	5.386511265095771
12:89526956:C:T	0.0191184	2.14628e-05	6.79209	4.60525	12	89526956	C	T	4.1197063839960435e-06	5.385133735509172
12:67103085:C:G	4.16975e-06	0.00218133	-6.25983	-4.60463	12	67103085	C	G	4.13199837025276e-06	5.3838398584472795
12:16227534:G:C	3.782e-05	0.047134	-7.12791	-4.60315	12	16227534	G	C	4.1614827779285315e-06	5.380751898331545
12:93664323:T:C	0.00658466	7.66172e-05	4.45368	4.60295	12	93664323	T	C	4.165482587189727e-06	5.380334676655163
12:63606110:T:C	1.86677e-06	0.00158148	-6.7419	-4.60233	12	63606110	T	C	4.177905421339177e-06	5.37904139572369
12:21551001:CTTT:C	0.00407406	1.70255e-05	5.47768	4.60206	12	21551001	CTTT	C	4.183326455151939e-06	5.378478242964442
12:73579072:T:C	7.95276e-07	0.000673478	-6.74152	-4.60203	12	73579072	T	C	4.183929208153426e-06	5.378415672316793
12:63605475:T:C	1.8471e-06	0.00156411	-6.74146	-4.60197	12	63605475	T	C	4.185134963834493e-06	5.378290532150181
12:25212817:G:A	5.07412e-07	0.000320791	-6.44922	-4.60196	12	25212817	G	A	4.185335955485047e-06	5.37826967560206
12:76060081:G:A	6.6365e-06	0.0103248	-7.34972	-4.60085	12	76060081	G	A	4.207703617802545e-06	5.375954858608612
12:17971358:G:A	6.97951e-07	0.000276065	-5.98024	-4.59998	12	17971358	G	A	4.225315057748018e-06	5.374140902633797
12:93670376:A:G	0.0100549	9.62155e-05	4.64922	4.5994	12	93670376	A	G	4.237095235464105e-06	5.372931774429098
12:89754680:A:T	0.00107726	1.05762e-06	6.92616	4.59934	12	89754680	A	T	4.238315669171131e-06	5.372806700227005
12:82780022:GGT:G	6.4911e-05	0.0164058	-5.53238	-4.59893	12	82780022	GGT	G	4.246664319203899e-06	5.371952066788716
12:2762112:G:A	4.66992e-05	0.021224	-6.11916	-4.59794	12	2762112	G	A	4.26688826762437e-06	5.369888729390398
12:28407036:A:G	9.13318e-07	0.00154173	-7.43133	-4.59651	12	28407036	A	G	4.296263636058365e-06	5.366909076430393
12:29119286:A:T	4.94992e-06	0.00416056	-6.73403	-4.59601	12	29119286	A	T	4.306580390728021e-06	5.365867441418041
12:96799852:A:G	5.57818e-07	0.00129429	-7.74944	-4.59587	12	96799852	A	G	4.309473333150904e-06	5.365575802340988
12:18203358:C:G	1.0357e-05	0.00589054	-6.34344	-4.5952	12	18203358	C	G	4.323343926974252e-06	5.364180214467312
12:56203703:T:TA	1.17063e-06	0.000469344	-5.99379	-4.5946	12	56203703	T	TA	4.3358016515485904e-06	5.362930593537994
12:47599295:TAAGG:T	0.00855014	6.60136e-06	7.16643	4.59421	12	47599295	TAAGG	T	4.343917608687484e-06	5.362118420627248
12:23807643:A:ATT	3.36313e-06	0.00383203	-7.03828	-4.59415	12	23807643	A	ATT	4.345167508696556e-06	5.361993476591534
12:81102668:C:CA	2.34657e-06	0.0039481	-7.42803	-4.59395	12	81102668	C	CA	4.349336331210351e-06	5.361577007340188
12:39568032:C:G	0.000734006	2.75739e-06	5.58423	4.59234	12	39568032	C	G	4.383035226609907e-06	5.358225038891827
12:61471330:C:T	5.38274e-06	0.00827858	-7.33823	-4.59204	12	61471330	C	T	4.389342112142631e-06	5.357600568249261
12:122822000:A:G	6.91878e-05	5.29118e-08	7.17595	4.59189	12	122822000	A	G	4.392498814606492e-06	5.3572883470347
12:87758516:ATG:A	0.000383573	1.98428e-06	5.26428	4.59183	12	87758516	ATG	A	4.3937621045215046e-06	5.357163461182125
12:89258310:T:C	1.62929e-05	0.0199938	-7.11245	-4.59079	12	89258310	T	C	4.415714517526433e-06	5.354999012151756
12:76596163:G:A	1.53468e-06	0.00256841	-7.42272	-4.58981	12	76596163	G	A	4.43649658046982e-06	5.352959848887215
12:68738450:C:CA	4.84207e-06	0.00455388	-6.84639	-4.58934	12	68738450	C	CA	4.446496704194672e-06	5.351982025253321
12:92455774:C:T	1.58484e-05	0.0242858	-7.33458	-4.58924	12	92455774	C	T	4.448627174526972e-06	5.351773989583558
12:92909184:G:A	0.00053808	5.50585e-07	6.88478	4.58822	12	92909184	G	A	4.4704139072885885e-06	5.349652264490103
12:73417422:C:G	1.30972e-06	0.00218669	-7.42033	-4.58795	12	73417422	C	G	4.476198072006352e-06	5.349090704164214
12:52104844:C:T	0.0131945	0.000156508	4.43445	4.58792	12	52104844	C	T	4.476841199385285e-06	5.349028310453242
12:99346618:C:T	1.17059e-05	0.0268624	-7.73839	-4.58753	12	99346618	C	T	4.485209915276347e-06	5.348217226440889
12:82956263:T:C	0.00363672	1.89433e-05	5.25739	4.58671	12	82956263	T	C	4.502854587501807e-06	5.346512077657375
12:18194809:A:G	0.00109592	5.6173e-06	5.2735	4.58607	12	18194809	A	G	4.516672224625229e-06	5.345181425090954
12:73016786:A:T	1.1038e-06	0.00139465	-7.14164	-4.58541	12	73016786	A	T	4.5309642033433475e-06	5.343809368929149
12:76223723:G:A	1.0494e-05	0.00870156	-6.72045	-4.5851	12	76223723	G	A	4.5376920464066215e-06	5.34316498114488
12:40740648:T:C	5.05434e-06	0.0042372	-6.73141	-4.58429	12	40740648	T	C	4.555316451591834e-06	5.341481447800453
12:18202876:A:G	1.02792e-05	0.00574342	-6.32569	-4.58224	12	18202876	A	G	4.600214910506408e-06	5.337221878695203
12:93659586:A:G	3.34342e-05	0.00826078	-5.5097	-4.58218	12	93659586	A	G	4.601535375905466e-06	5.337097234834537
12:80506122:C:A	3.34179e-05	0.0296597	-6.78845	-4.58133	12	80506122	C	A	4.620281020509835e-06	5.335331608438454
12:122821616:AT:A	6.80482e-05	5.29873e-08	7.15792	4.57895	12	122821616	AT	A	4.673158799740285e-06	5.330389460859028
12:122596080:C:CTT	1.52241e-07	0.000251145	-7.40832	-4.5786	12	122596080	C	CTT	4.680983668249994e-06	5.32966287410462
12:83206981:T:C	5.42549e-06	0.00437028	-6.69147	-4.57684	12	83206981	T	C	4.720522188414821e-06	5.3260099566618635
12:83706429:T:C	1.38497e-06	0.000949986	-6.53077	-4.57579	12	83706429	T	C	4.744262649136978e-06	5.323831275817202
12:128349918:TAC:T	0.0485876	0.000518763	4.53968	4.5754	12	128349918	TAC	T	4.753109627650212e-06	5.323022168845471
12:10519696:A:G	0.0256109	1.48025e-05	7.45598	4.57453	12	10519696	A	G	4.772902173427593e-06	5.321217466948647
12:52104820:T:A	0.0131981	0.00015982	4.41378	4.57175	12	52104820	T	A	4.8366778463656685e-06	5.315452838434378
12:113877457:G:A	1.23911e-06	0.0012179	-6.89049	-4.571	12	113877457	G	A	4.854022822489943e-06	5.313898186047318
12:80500622:C:G	0.00350353	3.4848e-05	4.61053	4.57086	12	80500622	C	G	4.857267142677166e-06	5.3136080103008805
12:80500709:C:T	0.00350353	3.4848e-05	4.61053	4.57086	12	80500709	C	T	4.857267142677166e-06	5.3136080103008805
12:82954985:A:G	0.00373137	1.98689e-05	5.23537	4.57033	12	82954985	A	G	4.869568035397944e-06	5.3125095620222265
12:61024970:G:GT	0.00173554	1.56478e-05	4.70874	4.57023	12	61024970	G	GT	4.8718923018422225e-06	5.312302320792384
12:80500729:C:T	0.00349115	3.4848e-05	4.60699	4.56796	12	80500729	C	T	4.924939855223638e-06	5.30759906886261
12:11180454:A:AGGT	6.97358e-06	0.0103889	-7.30637	-4.56761	12	11180454	A	AGGT	4.933168055226617e-06	5.306874089440679
12:103902245:T:TAAC	0.0098588	1.01713e-05	6.87655	4.56659	12	103902245	T	TAAC	4.957222540775682e-06	5.3047615842093405
12:76220712:C:T	7.6022e-06	0.00515621	-6.51952	-4.56655	12	76220712	C	T	4.95816813910352e-06	5.304678749724975
12:63189761:G:T	0.000599688	3.1544e-06	5.24761	4.56653	12	63189761	G	T	4.958641003043325e-06	5.304637332733489
12:82955236:G:C	0.00372016	1.99261e-05	5.22949	4.56595	12	82955236	G	C	4.972372859733098e-06	5.303436312682614
12:90302443:C:CT	8.74303e-06	0.00694429	-6.67742	-4.56547	12	90302443	C	CT	4.983764688444695e-06	5.302442471349398
12:59296779:G:A	2.51944e-06	0.00408635	-7.39137	-4.56541	12	59296779	G	A	4.985190423194519e-06	5.302318247951501
12:61317052:C:A	3.33472e-05	0.0478915	-7.26972	-4.5651	12	61317052	C	A	4.992562944088543e-06	5.301676451024511
12:69855617:A:G	1.36403e-05	0.0220921	-7.38995	-4.5643	12	69855617	A	G	5.011637077355634e-06	5.300020386402669
12:39940162:T:C	4.97453e-06	0.0110572	-7.70651	-4.56346	12	39940162	T	C	5.031740017374171e-06	5.298281806341933
12:39940065:C:G	4.97487e-06	0.0110572	-7.70644	-4.56341	12	39940065	C	G	5.032939052814938e-06	5.298178328729907
12:66712453:A:G	1.03394e-05	0.0147976	-7.26626	-4.56239	12	66712453	A	G	5.057459184628623e-06	5.296067613443385
12:2926501:G:A	1.23196e-06	0.00175053	-7.25907	-4.56184	12	2926501	G	A	5.070728255354192e-06	5.294929663039669
12:7318936:C:T	6.74351e-06	0.00963838	-7.26493	-4.56135	12	7318936	C	T	5.0825778663963185e-06	5.293915959136121
12:20021916:C:G	1.66657e-06	0.00226761	-7.21571	-4.56123	12	20021916	C	G	5.0854838515287025e-06	5.293667720410421
12:64374403:A:G	8.94343e-06	0.0109551	-7.11064	-4.56109	12	64374403	A	G	5.088876178446382e-06	5.293378116167714
12:29412253:A:G	0.00216835	4.57504e-06	6.16111	4.56002	12	29412253	A	G	5.114874912439406e-06	5.291164982773246
12:56203398:TG:T	0.000406403	4.8864e-06	4.42089	4.55888	12	56203398	TG	T	5.142714426706937e-06	5.288807591243516
12:41272057:G:A	3.6733e-05	0.0162092	-6.08966	-4.55884	12	41272057	G	A	5.143693881820972e-06	5.28872488561103
12:55350973:GAA:G	0.0122873	9.97631e-06	7.11611	4.55824	12	55350973	GAA	G	5.158407160719461e-06	5.287484381338273
12:128339173:C:T	0.104408	0.00109239	4.55994	4.55815	12	128339173	C	T	5.1606176254402344e-06	5.287298318669513
12:56201679:C:CA	0.000303569	3.74193e-06	4.39601	4.55785	12	56201679	C	CA	5.1679923936692155e-06	5.286678134213808
12:74412483:T:C	1.74553e-06	0.00279623	-7.37897	-4.55576	12	74412483	T	C	5.2196506980520255e-06	5.282358559255273
12:74412440:G:A	1.74553e-06	0.00279623	-7.37897	-4.55576	12	74412440	G	A	5.2196506980520255e-06	5.282358559255273
12:66069046:A:C	1.59905e-05	0.0106995	-6.50596	-4.55542	12	66069046	A	C	5.228101062032417e-06	5.281656025862191
12:89602604:C:T	5.29813e-06	0.00749733	-7.25495	-4.55354	12	89602604	C	T	5.275063582864386e-06	5.277772301239611
12:28406753:T:TAGTTTA	9.67007e-07	0.00141243	-7.28662	-4.55247	12	28406753	T	TAGTTTA	5.30197233333396e-06	5.275562542825434
12:73581820:C:G	1.09235e-06	0.00174193	-7.37441	-4.55221	12	73581820	C	G	5.308530728115706e-06	5.275025664411642
12:52104806:G:C	0.013083	0.000173491	4.32294	4.55175	12	52104806	G	C	5.320153074175631e-06	5.27407587178138
12:52104811:T:A	0.0131641	0.000163731	4.38702	4.55083	12	52104811	T	A	5.343470896145124e-06	5.272176551704059
12:128339252:G:A	0.104378	0.00110272	4.55024	4.55042	12	128339252	G	A	5.353894025141027e-06	5.271330229479301
12:89527498:C:T	2.15043e-05	0.0192562	-6.79734	-4.54951	12	89527498	C	T	5.3770978807531864e-06	5.26945205787213
12:67113475:C:T	2.57593e-05	0.0109604	-6.05325	-4.54927	12	67113475	C	T	5.383233605540341e-06	5.26895677355682
12:31673257:G:GA	4.06067e-06	0.00590234	-7.28176	-4.54874	12	31673257	G	GA	5.396807085938742e-06	5.2678631059313945
12:49764651:C:CT	0.0310659	0.000304803	4.6242	4.54797	12	49764651	C	CT	5.416585444234063e-06	5.26627440166054
12:83287531:G:A	1.02154e-06	0.00143478	-7.24745	-4.54768	12	83287531	G	A	5.424052410564872e-06	5.265676122697566
12:52104800:T:C	0.0130773	0.000174507	4.31667	4.54687	12	52104800	T	C	5.44496065912649e-06	5.264005253756875
12:93662547:C:A	0.0066216	8.28479e-05	4.38109	4.54618	12	93662547	C	A	5.462832228130741e-06	5.262582137123324
12:33469964:T:A	0.00253515	3.08474e-06	6.71154	4.54545	12	33469964	T	A	5.481800959195008e-06	5.261076737474484
12:52104799:A:G	0.0130738	0.000174916	4.31406	4.54484	12	52104799	A	G	5.497699886673661e-06	5.259818971498553
12:77702841:T:TAGGCTGTAT	6.8085e-05	0.031552	-6.13863	-4.54443	12	77702841	T	TAGGCTGTAT	5.508410847378258e-06	5.258973675151675
12:71568909:T:G	0.00416133	5.36171e-05	4.35172	4.54104	12	71568909	T	G	5.597740893072969e-06	5.251987207926474
12:50790794:A:G	6.32107e-06	0.00414686	-6.48622	-4.54082	12	50790794	A	G	5.6035857895290306e-06	5.251533974737143
12:122013281:A:G	3.63812e-05	0.0434224	-7.08468	-4.54073	12	122013281	A	G	5.605978566976142e-06	5.251348566986326
12:24106792:AAATAATAAT:A	0.014173	1.591e-05	6.79215	4.53997	12	24106792	AAATAATAAT	A	5.626223281947691e-06	5.249783036444975
12:83305650:G:A	2.58317e-06	0.00297379	-7.04858	-4.53975	12	83305650	G	A	5.632096643300414e-06	5.2493299015768855
12:34107812:C:T	6.68596e-05	7.2029e-07	4.5307	4.53933	12	34107812	C	T	5.643325725927498e-06	5.248464882054898
12:114365170:ATG:A	0.0227151	2.40776e-05	6.84951	4.53816	12	114365170	ATG	A	5.674719857553705e-06	5.2460555733104535
12:122821488:C:T	5.22058e-08	7.48421e-05	-7.26794	-4.53815	12	122821488	C	T	5.674988902619504e-06	5.246034983392254
12:69761722:G:A	0.00354105	2.94012e-06	7.09373	4.53616	12	69761722	G	A	5.7287725424619995e-06	5.241938420814564
12:90605532:T:TTTATTATTA	1.4297e-05	0.0204306	-7.26474	-4.53569	12	90605532	T	TTTATTATTA	5.741546250493318e-06	5.240971132406125
12:45369286:A:G	4.06866e-06	0.00465415	-7.0422	-4.53465	12	45369286	A	G	5.769908452285046e-06	5.238831077482543
12:91588354:A:G	8.60188e-06	0.0118579	-7.22877	-4.53307	12	91588354	A	G	5.8132539499047324e-06	5.235580704631208
12:42567799:CAAA:C	0.00641211	6.91078e-06	6.83286	4.53261	12	42567799	CAAA	C	5.825931989808741e-06	5.234634589502924
12:28481706:G:A	2.51419e-06	0.00356945	-7.25822	-4.53069	12	28481706	G	A	5.879135348668381e-06	5.230686541426299
12:98097113:C:A	2.41051e-06	0.00512276	-7.66161	-4.52956	12	98097113	C	A	5.910664785715581e-06	5.2283636702978935
12:90453382:A:G	0.000668673	5.60686e-07	7.08389	4.52941	12	90453382	A	G	5.91486225610712e-06	5.22805536466397
12:61438811:A:T	3.70417e-06	0.00239589	-6.47205	-4.52758	12	61438811	A	T	5.96630165589453e-06	5.224294792512926
12:10519106:C:G	1.21837e-05	0.0258052	-7.65823	-4.52701	12	10519106	C	G	5.9824110170715516e-06	5.223123752402316
12:68737562:C:CAAA	4.37021e-06	0.00617045	-7.25272	-4.52647	12	68737562	C	CAAA	5.997710909367847e-06	5.222014471136019
12:28765966:C:G	2.69083e-06	0.00244952	-6.8138	-4.52628	12	28765966	C	G	6.003103105283728e-06	5.221624197428528
12:52104793:A:T	0.0130409	0.000178925	4.28888	4.52524	12	52104793	A	T	6.03270057892364e-06	5.2194882294901985
12:77522842:T:TATTTCAA	6.01056e-06	0.00546324	-6.81228	-4.52508	12	77522842	T	TATTTCAA	6.037266413187413e-06	5.219159659126763
12:89078067:G:A	1.18631e-05	0.0167174	-7.25077	-4.52498	12	89078067	G	A	6.0401217387527225e-06	5.21895430807825
12:77662228:G:A	0.000524113	6.74627e-06	4.35272	4.524	12	77662228	G	A	6.0681724053730565e-06	5.216942088788651
12:62428626:A:T	5.01966e-06	0.0105771	-7.65308	-4.52312	12	62428626	A	T	6.093466954550837e-06	5.215135539746168
12:83432580:C:A	5.50855e-06	0.00619628	-7.0254	-4.52123	12	83432580	C	A	6.148134245777869e-06	5.211256658159276
12:25218945:GTT:G	0.000560654	1.77097e-06	5.75758	4.51787	12	25218945	GTT	G	6.2464813613458765e-06	5.204364551562563
12:110793670:A:G	0.0171478	3.65915e-05	6.14981	4.51778	12	110793670	A	G	6.2491362487317e-06	5.204180006389196
12:100992917:C:T	1.40932e-05	0.0214949	-7.32988	-4.51756	12	100992917	C	T	6.255630519691093e-06	5.203728910203645
12:17963572:A:AT	2.11875e-06	0.0032314	-7.32985	-4.51753	12	17963572	A	AT	6.256516602291023e-06	5.203667398653221
12:24934088:C:G	0.0017944	1.02666e-05	5.16353	4.51688	12	24934088	C	G	6.275744574887197e-06	5.202334740670576
12:24934032:C:T	0.00178946	1.02412e-05	5.16325	4.51667	12	24934032	C	T	6.281968764756417e-06	5.20190422733383
12:24934044:G:A	0.00178946	1.02412e-05	5.16325	4.51667	12	24934044	G	A	6.281968764756417e-06	5.20190422733383
12:69759590:G:A	2.11745e-06	0.00442048	-7.64379	-4.5161	12	69759590	G	A	6.298892783081606e-06	5.200735783952448
12:50801965:G:A	9.88653e-06	0.0114228	-7.05219	-4.51526	12	50801965	G	A	6.3239129820424995e-06	5.199014114653614
12:2761675:C:T	2.84896e-05	0.0201532	-6.56158	-4.51451	12	2761675	C	T	6.346332777750785e-06	5.197477158874172
12:47599476:C:T	6.58692e-06	0.00842023	-7.15331	-4.51288	12	47599476	C	T	6.395321008885817e-06	5.1941376515154545
12:17632361:A:ATAT	1.60462e-06	0.00137229	-6.75135	-4.51218	12	17632361	A	ATAT	6.416469766376009e-06	5.192703847735676
12:91819624:A:ACACACACC	2.24005e-05	0.0248682	-7.01226	-4.51073	12	91819624	A	ACACACACC	6.4604909669306265e-06	5.189734476412572
12:44514962:G:C	1.41172e-05	0.00992115	-6.55503	-4.51008	12	44514962	G	C	6.480318271328729e-06	5.188403663869
12:28898679:C:T	2.83096e-05	0.0314002	-7.01137	-4.51002	12	28898679	C	T	6.482151416180596e-06	5.18828082852694
12:61438279:AGT:A	0.00312338	3.46581e-06	6.80372	4.5095	12	61438279	AGT	A	6.498059467080591e-06	5.1872163185209255
12:1454947:T:C	0.00467139	5.02925e-05	4.53136	4.50902	12	1454947	T	C	6.512776968259745e-06	5.186233794098693
12:104110953:C:G	1.96435e-05	0.0296212	-7.3185	-4.50869	12	104110953	C	G	6.5229137438959045e-06	5.185558364356206
12:101669044:G:A	1.45697e-05	0.0127748	-6.77629	-4.50726	12	101669044	G	A	6.567014458900587e-06	5.182632027505032
12:43243231:C:CA	0.00201776	1.29454e-05	5.04901	4.5057	12	43243231	C	CA	6.615449618560485e-06	5.1794406336799605
12:19164148:T:C	5.11078e-06	0.00283357	-6.31794	-4.50348	12	19164148	T	C	6.68496616681602e-06	5.174900786397852
12:60436810:C:A	2.78372e-06	0.00193035	-6.54167	-4.50322	12	60436810	C	A	6.693153309844274e-06	5.17436922716192
12:24934621:T:G	0.00183145	1.06893e-05	5.14362	4.50207	12	24934621	T	G	6.7294808527665785e-06	5.172018438224052
12:25216093:C:T	0.00046745	1.51021e-06	5.73505	4.50165	12	25216093	C	T	6.74279526465814e-06	5.171160026854444
12:61439279:G:A	3.79325e-06	0.00237596	-6.43993	-4.50122	12	61439279	G	A	6.756452791051676e-06	5.170281253407442
12:82953791:A:T	0.00383364	2.24157e-05	5.14181	4.50073	12	82953791	A	T	6.7720482773852545e-06	5.169279954501779
12:68822746:CT:C	0.00319684	5.20937e-06	6.41946	4.50004	12	68822746	CT	C	6.794067665247926e-06	5.167870132105754
12:73580738:AT:A	9.53321e-07	0.00141795	-7.30477	-4.49801	12	73580738	AT	A	6.859247186401375e-06	5.163723546207589
12:28486215:A:G	1.01421e-06	0.000760285	-6.61958	-4.498	12	28486215	A	G	6.859569743383169e-06	5.163703123933856
12:17115309:T:C	2.43729e-05	0.0218515	-6.79855	-4.4977	12	17115309	T	C	6.869253202283321e-06	5.163090475132116
12:101413645:A:C	1.10293e-05	0.01639	-7.30388	-4.49731	12	101413645	A	C	6.881861248197797e-06	5.162294087854223
12:61441436:C:A	3.46376e-06	0.00705273	-7.61882	-4.49725	12	61441436	C	A	6.883802911139309e-06	5.162171572369746
12:91824835:G:A	8.71536e-06	0.0177135	-7.61699	-4.49587	12	91824835	G	A	6.928606055013398e-06	5.159354130973938
12:55780937:G:T	2.39867e-06	0.0048693	-7.61579	-4.49496	12	55780937	G	T	6.958302613924521e-06	5.15749668787648
12:19437127:G:T	3.07438e-06	0.00334067	-6.99082	-4.4936	12	19437127	G	T	7.002911319195856e-06	5.154721373270421
12:40744318:AAG:A	0.00674128	5.93662e-06	7.03486	4.49337	12	40744318	AAG	A	7.010482428187449e-06	5.154252094916278
12:26080845:T:G	3.99208e-05	0.0539228	-7.20841	-4.4925	12	26080845	T	G	7.0391918480168665e-06	5.1524771982575155
12:2761556:A:G	3.00902e-05	0.0205725	-6.52751	-4.49145	12	2761556	A	G	7.073990914114923e-06	5.150335502331882
12:91592259:T:G	0.0043188	2.79334e-06	7.34349	4.48998	12	91592259	T	G	7.122986133324664e-06	5.147337901117518
12:23463164:TTTTG:T	0.00500889	3.20709e-05	5.05102	4.4896	12	23463164	TTTTG	T	7.135704258717527e-06	5.146563157716659
12:50020404:G:A	1.3257e-05	0.00534787	-5.99993	-4.48877	12	50020404	G	A	7.163558888563475e-06	5.144871164609843
12:82798156:C:T	0.00285326	3.14112e-05	4.50905	4.48755	12	82798156	C	T	7.204690672667035e-06	5.1423846605179495
12:42425110:C:T	1.23584e-06	0.000755575	-6.41573	-4.48345	12	42425110	C	T	7.344581798262544e-06	5.134032927971426
12:40743014:A:G	5.73915e-06	0.00615717	-6.97806	-4.4834	12	40743014	A	G	7.346303713305385e-06	5.133931120874196
12:40742977:A:G	5.73915e-06	0.00615717	-6.97806	-4.4834	12	40742977	A	G	7.346303713305385e-06	5.133931120874196
12:76136292:TA:T	6.64603e-05	0.045933	-6.53833	-4.48333	12	76136292	TA	T	7.3487150429392754e-06	5.1337885926908955
12:40743357:T:A	5.7505e-06	0.00616847	-6.97792	-4.48328	12	40743357	T	A	7.350437884628183e-06	5.133686788097692
12:19051416:C:T	7.00123e-06	0.0016299	-5.45019	-4.48308	12	19051416	C	T	7.357333114630381e-06	5.133279580158304
12:42966895:T:A	2.80021e-05	0.0171406	-6.41693	-4.48233	12	42966895	T	A	7.383245356650036e-06	5.131752699061124
12:12507607:CTTG:C	0.00732521	8.42449e-06	6.76793	4.48211	12	12507607	CTTG	C	7.390862820201255e-06	5.131304858468657
12:82807817:G:A	2.45302e-05	0.00619963	-5.53234	-4.48204	12	82807817	G	A	7.393288134247153e-06	5.131162367970595
12:82807836:A:G	2.45701e-05	0.00620354	-5.53134	-4.48133	12	82807836	A	G	7.417930794006909e-06	5.129717222762749
12:101412828:T:C	1.10844e-05	0.0142552	-7.15934	-4.47877	12	101412828	T	C	7.507436973737534e-06	5.124508305092737
12:6980451:A:G	6.05227e-06	0.00254863	-6.04288	-4.47872	12	6980451	A	G	7.509195381195917e-06	5.124406595649295
12:28485332:T:C	1.97462e-06	0.0026169	-7.18937	-4.4779	12	28485332	T	C	7.5380895144352205e-06	5.1227387096305845
12:91602401:T:C	3.16771e-06	0.00406697	-7.15764	-4.47745	12	91602401	T	C	7.553991197663224e-06	5.121823525572634
12:25214387:CTTT:C	0.00040791	1.3641e-06	5.70055	4.47681	12	25214387	CTTT	C	7.576662182577123e-06	5.12052207602275
12:103900563:T:C	5.16629e-06	0.0102093	-7.5889	-4.47466	12	103900563	T	C	7.653299859221879e-06	5.116151270512936
12:12436639:G:GAGA	0.000122127	4.77588e-07	5.54407	4.47309	12	12436639	G	GAGA	7.709730823498173e-06	5.112960784583301
12:81637690:G:A	5.80628e-06	0.00836231	-7.27255	-4.47293	12	81637690	G	A	7.715504035115528e-06	5.1126356972717195
12:69855217:T:C	1.36165e-05	0.0268454	-7.58656	-4.47289	12	69855217	T	C	7.716947983720434e-06	5.112554427112923
12:73581038:T:C	1.07928e-06	0.00155419	-7.27242	-4.47283	12	73581038	T	C	7.719114391081594e-06	5.112432523126552
12:61436145:A:ATCTCTCTC	8.14078e-07	0.00117159	-7.27182	-4.47236	12	61436145	A	ATCTCTCTC	7.736104711231626e-06	5.111477660537991
12:91592673:GA:G	0.00420038	2.78144e-06	7.31996	4.47229	12	91592673	GA	G	7.73863824156673e-06	5.111335454847408
12:51008254:AT:A	0.00287743	3.31446e-06	6.76636	4.47202	12	51008254	AT	A	7.748417862960834e-06	5.1107869663364305
12:43240259:T:TC	0.00287448	1.27582e-05	5.41745	4.47096	12	43240259	T	TC	7.786926308913923e-06	5.108633935202848
12:48076897:G:A	1.62141e-06	0.00196233	-7.09859	-4.47049	12	48076897	G	A	7.804059297856974e-06	5.107679439350017
12:10518162:T:G	1.31361e-05	0.0258052	-7.58297	-4.47018	12	10518162	T	G	7.81537949845984e-06	5.107049928702322
12:69860968:G:A	2.86015e-06	0.00561774	-7.58281	-4.47006	12	69860968	G	A	7.819765724885541e-06	5.1068062579265385
12:75186051:A:AAAAT	1.4859e-05	0.0120573	-6.69882	-4.46952	12	75186051	A	AAAAT	7.839532884877137e-06	5.1057098137905585
12:93658843:A:T	2.38261e-05	0.00504748	-5.35586	-4.4686	12	93658843	A	T	7.873320341361368e-06	5.103842078082266
12:76599353:C:G	1.03217e-06	0.00124528	-7.09545	-4.46806	12	76599353	C	G	7.893216900354921e-06	5.102745962906912
12:79953432:G:A	2.58558e-06	0.00136365	-6.26797	-4.46719	12	79953432	G	A	7.925373611240244e-06	5.100980255485547
12:17113846:T:C	2.60934e-05	0.0225054	-6.75983	-4.46683	12	17113846	T	C	7.938716437613351e-06	5.10024971030894
12:43241110:GT:G	0.00228963	1.51136e-05	5.02055	4.46597	12	43241110	GT	G	7.970677949313086e-06	5.098504737935894
12:7609732:C:T	0.00784433	7.16127e-06	6.99886	4.4648	12	7609732	C	T	8.014358041209382e-06	5.096131259376728
12:89597536:C:T	8.7758e-06	0.0105413	-7.09106	-4.46466	12	89597536	C	T	8.019600021672783e-06	5.095847291655011
12:48076934:G:A	1.63098e-06	0.00195841	-7.09071	-4.46438	12	48076934	G	A	8.030093817156024e-06	5.095279380744338
12:82948853:AT:A	0.00388855	4.42702e-05	4.47548	4.46388	12	82948853	AT	A	8.048865394707246e-06	5.094265335476418
12:55352066:G:C	7.31355e-06	0.00950546	-7.16989	-4.46297	12	55352066	G	C	8.083137364519213e-06	5.092420040755353
12:60436538:C:G	2.78201e-06	0.0018262	-6.48682	-4.46067	12	60436538	C	G	8.170381787552685e-06	5.087757649177087
12:4695330:C:T	1.08494e-05	0.0136309	-7.13598	-4.46051	12	4695330	C	T	8.176484334324848e-06	5.08743339099915
12:12430703:T:C	3.3439e-06	0.0047343	-7.25545	-4.45963	12	12430703	T	C	8.210126299154814e-06	5.0856501619299985
12:46424376:A:AGGTGT	0.00517482	6.14546e-06	6.73585	4.45938	12	46424376	A	AGGTGT	8.219707783009468e-06	5.085143621691376
12:17312280:CA:C	2.15373e-06	0.00176708	-6.70988	-4.45864	12	17312280	CA	C	8.248131657790923e-06	5.083644415402068
12:69856372:A:G	1.36395e-05	0.0192174	-7.2506	-4.45585	12	69856372	A	G	8.356144531973792e-06	5.077994056856422
12:16223729:T:G	2.93797e-05	0.0378164	-7.16019	-4.45553	12	16223729	T	G	8.368619178597993e-06	5.077346194645509
12:60446609:A:AATTGTGGTA	0.00381243	1.05189e-05	5.89285	4.45475	12	60446609	A	AATTGTGGTA	8.399100744798392e-06	5.075767209471205
12:49764194:T:TC	0.0274558	0.000303129	4.50617	4.45433	12	49764194	T	TC	8.415557819705833e-06	5.0749170918104385
12:69856122:T:C	1.36754e-05	0.0192174	-7.24797	-4.45381	12	69856122	T	C	8.435975948400189e-06	5.07386466713691
12:91591305:T:C	3.25719e-06	0.00336176	-6.93935	-4.45246	12	91591305	T	C	8.489205810875672e-06	5.071132937328193
12:2931677:T:C	0.00286172	5.94736e-06	6.17623	4.45189	12	2931677	T	C	8.5117768905561e-06	5.069979768562917
12:31672811:AGGTAC:A	0.00770055	7.18105e-06	6.9776	4.45156	12	31672811	AGGTAC	A	8.524870560831756e-06	5.06931220648717
12:2930712:C:A	0.002818	5.86589e-06	6.17463	4.45079	12	2930712	C	A	8.55549736153565e-06	5.067754738303845
12:73470726:C:T	1.98878e-06	0.000170318	-4.45015	-4.45051	12	73470726	C	T	8.566660430095236e-06	5.067188447556798
12:32671019:G:A	1.79325e-06	0.00250859	-7.24345	-4.45028	12	32671019	G	A	8.575840505776088e-06	5.066723304622557
12:2903214:A:G	4.9504e-06	0.00595428	-7.0924	-4.44914	12	2903214	A	G	8.621480707445904e-06	5.064418139297323
12:2930863:C:T	0.00281627	5.87718e-06	6.17209	4.44906	12	2930863	C	T	8.624692230065558e-06	5.064256393665594
12:90451874:T:A	9.82966e-07	0.000828488	-6.73678	-4.44846	12	90451874	T	A	8.64881511795155e-06	5.06304338652164
12:2903018:T:C	4.96327e-06	0.00595428	-7.0898	-4.44739	12	2903018	T	C	8.691994380528536e-06	5.0608805631276566
12:6497852:G:C	1.06093e-06	0.000670839	-6.44938	-4.44501	12	6497852	G	C	8.788777917065731e-06	5.056071509542058
12:73015789:A:AC	0.00236819	3.54111e-06	6.50544	4.44455	12	73015789	A	AC	8.807602355774745e-06	5.055142301051646
12:123528216:T:C	0.00741548	8.60581e-05	4.4563	4.44425	12	123528216	T	C	8.81989991482289e-06	5.054536343063958
12:39710870:T:G	2.52354e-06	0.00478607	-7.5478	-4.44363	12	39710870	T	G	8.845366885445275e-06	5.053284148845849
12:42426177:CCACACACAC:C	0.00917939	6.31697e-06	7.28148	4.44336	12	42426177	CCACACACAC	C	8.856479290255102e-06	5.052738888574618
12:116285527:AAAAGAAAG:A	0.0196064	1.34994e-05	7.28096	4.44298	12	116285527	AAAAGAAAG	A	8.872141573286313e-06	5.051971536740944
12:29415096:G:A	2.93579e-06	0.00111587	-5.94041	-4.44229	12	29415096	G	A	8.900648668866467e-06	5.05057834132772
12:42560767:TCTCACACAC:T	0.00120572	1.15151e-06	6.95375	4.44221	12	42560767	TCTCACACAC	T	8.903959495957939e-06	5.050416824271053
12:62233608:G:A	1.09511e-05	0.00914356	-6.72736	-4.44095	12	62233608	G	A	8.956260507755404e-06	5.047873282730875
12:79953480:C:T	2.64492e-06	0.00244054	-6.82733	-4.44063	12	79953480	C	T	8.96958997397647e-06	5.047227409364993
12:55355438:G:C	4.4954e-06	0.00305905	-6.52281	-4.44029	12	55355438	G	C	8.983773301096834e-06	5.046541215709744
12:117867659:C:T	5.85215e-05	0.0610213	-6.94959	-4.43479	12	117867659	C	T	9.216208211602344e-06	5.035447722274974
12:17115923:G:C	2.48851e-05	0.0193389	-6.6556	-4.43444	12	17115923	G	C	9.231192348134758e-06	5.034742199648932
12:70958689:T:TA	2.97089e-06	0.0020403	-6.53199	-4.43371	12	70958689	T	TA	9.262519911289902e-06	5.033270845425135
12:12503524:G:A	3.25896e-06	0.00395377	-7.10102	-4.43316	12	12503524	G	A	9.28618993653541e-06	5.032162437669022
12:91592090:T:A	0.00268379	4.08937e-06	6.48659	4.43168	12	91592090	T	A	9.350171147826661e-06	5.029180439621981
12:7607874:G:C	6.8357e-06	0.00852893	-7.12906	-4.43166	12	7607874	G	C	9.35103863609202e-06	5.029140148606438
12:64235076:CA:C	0.00281026	2.7214e-06	6.93989	4.43059	12	64235076	CA	C	9.397561521923726e-06	5.026984822459637
12:127277376:C:CA	4.75426e-05	0.0215412	-6.1161	-4.42936	12	127277376	C	CA	9.451314297185073e-06	5.024507794419189
12:123529874:C:CAAAA	1.81478e-05	0.00906046	-6.21312	-4.42736	12	123529874	C	CAAAA	9.539344796962072e-06	5.020481453475755
12:12428753:G:GA	3.48549e-06	0.00473284	-7.21367	-4.42711	12	12428753	G	GA	9.550403525399857e-06	5.019978278138548
12:17966635:C:T	3.78303e-06	0.00701303	-7.525	-4.42641	12	17966635	C	T	9.58143315657308e-06	5.018569525844213
12:62151828:G:T	6.69331e-06	0.0123957	-7.524	-4.42566	12	62151828	G	T	9.614786054333425e-06	5.017060375123492
12:1455012:T:C	0.00459917	5.52031e-05	4.42261	4.42564	12	1455012	T	C	9.61567698135503e-06	5.01702013431506
12:45369921:C:T	4.57349e-06	0.00456291	-6.90544	-4.42536	12	45369921	C	T	9.6281582431752e-06	5.01645678051032
12:73812282:C:T	2.81684e-07	0.000521055	-7.52282	-4.42477	12	73812282	C	T	9.654508726192056e-06	5.015269820582898
12:20724154:A:G	0.000165953	0.0430053	-5.55737	-4.42289	12	20724154	A	G	9.738933237897824e-06	5.0114886113212735
12:126030707:G:A	6.27287e-05	0.0416855	-6.49909	-4.42109	12	126030707	G	A	9.820425705584972e-06	5.007869685575658
12:83716475:G:C	9.52537e-07	0.00063282	-6.49881	-4.42087	12	83716475	G	C	9.830430450079117e-06	5.007427465077206
12:1460100:T:C	0.00469105	6.89187e-05	4.22048	4.42059	12	1460100	T	C	9.843177842359158e-06	5.006864668175049
12:2903562:CAA:C	4.92655e-06	0.0056725	-7.04875	-4.41962	12	2903562	CAA	C	9.887460654725377e-06	5.00491523168336
12:80499991:A:C	0.00383435	2.50033e-05	5.03275	4.41959	12	80499991	A	C	9.888833255245824e-06	5.004854946087327
12:7608311:G:T	6.94634e-06	0.00851315	-7.11115	-4.41793	12	7608311	G	T	9.965068124967371e-06	5.001519727952327
12:77696460:T:C	6.64176e-05	0.015327	-5.44141	-4.41705	12	77696460	T	C	1.000570912788886e-05	4.999752126476491
12:82782738:T:C	1.76549e-05	0.00551068	-5.74343	-4.41644	12	82782738	T	C	1.0033973581893761e-05	4.998527046745866
12:38207211:T:G	5.00959e-07	0.000510188	-6.92601	-4.4163	12	38207211	T	G	1.0040471256601402e-05	4.99824590279474
12:69854797:G:A	1.41537e-05	0.0189495	-7.19956	-4.41613	12	69854797	G	A	1.0048366693008367e-05	4.997904524697219
12:123535551:T:C	0.00261259	3.42044e-05	4.33574	4.41547	12	123535551	T	C	1.0079075800670626e-05	4.9965792886316
12:2760978:C:T	3.30183e-05	0.0201454	-6.41367	-4.41439	12	2760978	C	T	1.012952050096956e-05	4.994411112261804
12:29410005:G:A	0.00101595	1.11054e-05	4.51614	4.41349	12	29410005	G	A	1.0171741856643356e-05	4.992604670090697
12:2903793:G:T	4.8846e-06	0.00555903	-7.03709	-4.41174	12	2903793	G	T	1.0254320556900674e-05	4.9890931103482155
12:73015517:T:C	3.54962e-06	0.00237724	-6.50685	-4.41102	12	73015517	T	C	1.0288481356799557e-05	4.987648725046654
12:2903769:G:A	4.8906e-06	0.00555903	-7.03586	-4.41091	12	2903769	G	A	1.0293709928722035e-05	4.9874280741012305
12:48157772:A:G	1.63514e-06	0.00165119	-6.91752	-4.40965	12	48157772	A	G	1.0353782136859275e-05	4.984900977634564
12:83749062:A:AAC	3.86847e-06	0.00432285	-7.01881	-4.40868	12	83749062	A	AAC	1.0400256123184034e-05	4.982955965363156
12:14867545:A:G	3.16032e-06	0.0020662	-6.48279	-4.4079	12	14867545	A	G	1.0437771389475884e-05	4.981392219396289
12:61441668:G:A	4.6811e-06	0.00261564	-6.32573	-4.40746	12	61441668	G	A	1.045899082031033e-05	4.980510218175675
12:60774697:T:C	3.52429e-07	0.000354638	-6.91401	-4.40689	12	60774697	T	C	1.0486540882591553e-05	4.979367745681348
12:74411133:A:G	2.28034e-06	0.00267465	-7.06725	-4.40676	12	74411133	A	G	1.049283392786926e-05	4.979107200746607
12:52106636:T:C	0.00974815	0.000150285	4.1723	4.40557	12	52106636	T	C	1.0550607335565383e-05	4.976722539902502
12:29413742:T:G	0.00137545	3.05963e-06	6.10824	4.40532	12	29413742	T	G	1.0562783156177764e-05	4.97622163576843
12:47605277:G:A	0.0015407	7.04275e-06	5.38799	4.40463	12	47605277	G	A	1.0596458081803407e-05	4.974839275544747
12:55357562:T:A	3.408e-06	0.00409562	-7.09155	-4.40289	12	55357562	T	A	1.0681833274080372e-05	4.971354204939431
12:3814532:C:T	2.43841e-05	0.023652	-6.87727	-4.40285	12	3814532	C	T	1.068380362422081e-05	4.971274103213476
12:123531917:C:T	0.00403067	5.13396e-05	4.36322	4.40132	12	123531917	C	T	1.0759430563523113e-05	4.9682107128391255
12:55356497:G:A	4.4263e-06	0.00286953	-6.47434	-4.40105	12	55356497	G	A	1.0772829445099499e-05	4.9676702158284956
12:91024242:T:C	9.55768e-07	0.0011455	-7.08884	-4.40082	12	91024242	T	C	1.0784255872192272e-05	4.967209816416797
12:46094132:G:A	0.00162232	1.64274e-06	6.89525	4.40039	12	46094132	G	A	1.0805649371249504e-05	4.966349128838475
12:46094146:G:C	0.00162232	1.64274e-06	6.89525	4.40039	12	46094146	G	C	1.0805649371249504e-05	4.966349128838475
12:2905642:G:A	4.62734e-06	0.00517694	-7.01999	-4.40018	12	2905642	G	A	1.0816112080651905e-05	4.965928821055134
12:40966142:T:G	0.000665674	3.63378e-06	5.21052	4.39942	12	40966142	T	G	1.0854058030752851e-05	4.96440786081363
12:92456262:T:C	3.5726e-05	0.0231106	-6.47217	-4.3993	12	92456262	T	C	1.0860061103576042e-05	4.9641677312047
12:2905464:A:G	4.63644e-06	0.00518026	-7.01866	-4.39928	12	2905464	A	G	1.086106192386044e-05	4.964127710186758
12:58461833:TG:T	0.0554774	0.000128967	6.06417	4.39916	12	58461833	TG	T	1.0867068695118639e-05	4.963887587580382
12:22671815:G:A	2.72151e-05	0.0150521	-6.3155	-4.39906	12	22671815	G	A	1.0872076760674401e-05	4.9636874899934025
12:22146004:G:A	9.29771e-06	0.0166184	-7.4885	-4.39885	12	22146004	G	A	1.088260087203556e-05	4.963267298628144
12:42970569:T:TACACACACA	1.50379e-05	0.0111786	-6.61119	-4.39837	12	42970569	T	TACACACACA	1.0906692520418937e-05	4.96230693024648
12:12428802:G:A	3.27604e-06	0.00391229	-7.08524	-4.39806	12	12428802	G	A	1.0922278764010347e-05	4.9616867433721215
12:63614656:A:G	3.89856e-06	0.00289379	-6.60971	-4.39718	12	63614656	A	G	1.0966639537250384e-05	4.959926431131727
12:76224340:T:C	1.06804e-05	0.00587253	-6.30963	-4.39424	12	76224340	T	C	1.1116095559406069e-05	4.954047728470379
12:17933904:GT:G	0.00204782	3.3286e-05	4.11939	4.39333	12	17933904	GT	G	1.1162748494578933e-05	4.952228860141632
12:64391256:C:G	5.6909e-07	0.000544525	-6.86363	-4.39195	12	64391256	C	G	1.1233853737302969e-05	4.949471234856863
12:128344234:G:T	0.0773795	0.000971313	4.37783	4.39131	12	128344234	G	T	1.1266976653873e-05	4.948192605576814
12:28897013:T:C	2.70307e-05	0.0319797	-7.07588	-4.39088	12	28897013	T	C	1.1289283455247945e-05	4.947333622406963
12:31098876:A:G	0.00118295	4.46584e-06	5.57931	4.38952	12	31098876	A	G	1.1360113076563915e-05	4.944617345712735
12:98005173:C:T	1.41927e-05	0.00906558	-6.45952	-4.38905	12	98005173	C	T	1.1384689445860064e-05	4.943678811670606
12:6987111:C:CA	0.00185498	2.22412e-05	4.42368	4.38889	12	6987111	C	CA	1.1393067443414339e-05	4.943359331724535
12:78811094:A:G	6.16899e-05	0.0451806	-6.5963	-4.38629	12	78811094	A	G	1.1530037561650506e-05	4.938169277892554
12:63611415:C:A	3.47671e-06	0.00189256	-6.2996	-4.38601	12	63611415	C	A	1.154488159036829e-05	4.937610517048526
12:19709166:C:T	2.41228e-06	0.00228988	-6.85568	-4.3856	12	19709166	C	T	1.1566650405883887e-05	4.936792390474022
12:114146253:C:T	7.90433e-06	0.00748529	-6.85328	-4.38368	12	114146253	C	T	1.1669114580949268e-05	4.9329620957280795
12:42116463:C:A	8.49908e-07	0.000660115	-6.65504	-4.38329	12	42116463	C	A	1.1690033216363127e-05	4.932184254820819
12:39568450:A:G	3.60872e-06	0.00232659	-6.46881	-4.38295	12	39568450	A	G	1.170829917537788e-05	4.931506188821462
12:3810650:AGAAGGAAGG:A	0.00493968	6.45533e-06	6.64015	4.38272	12	3810650	AGAAGGAAGG	A	1.1720671003432527e-05	4.931047524431726
12:61282018:T:C	1.69132e-06	0.00295312	-7.46511	-4.38119	12	61282018	T	C	1.1803288700272976e-05	4.927996970203444
12:68833296:T:A	6.32806e-06	0.00717538	-7.03342	-4.3803	12	68833296	T	A	1.1851602760095233e-05	4.926222913552924
12:55350974:GA:G	0.00450249	1.07354e-05	6.03884	4.38013	12	55350974	GA	G	1.1860852733368756e-05	4.9258840863441336
12:20017231:T:G	1.92147e-06	0.00206695	-6.98074	-4.37919	12	20017231	T	G	1.1912124160098634e-05	4.924010788579865
12:16093037:ATATAT:A	0.00875545	9.15111e-06	6.86356	4.37774	12	16093037	ATATAT	A	1.1991628091775343e-05	4.921121849155305
12:2929419:A:G	0.00242216	5.61065e-06	6.06775	4.37759	12	2929419	A	G	1.1999881480011748e-05	4.920823043354965
12:31675021:CA:C	0.00394133	4.12393e-06	6.86247	4.37746	12	31675021	CA	C	1.2007038801568731e-05	4.920564085911608
12:43605978:G:C	3.33246e-05	0.00672911	-5.3079	-4.37745	12	43605978	G	C	1.2007589533490225e-05	4.920544166399949
12:26461694:TACAC:T	5.09996e-06	0.000398121	-4.35752	-4.37683	12	26461694	TACAC	T	1.2041782036350596e-05	4.919309238054539
12:72714005:T:C	0.010121	2.39444e-05	6.04663	4.37601	12	72714005	T	C	1.2087147121834765e-05	4.917676191732271
12:68831828:A:G	5.46059e-06	0.00511427	-6.84223	-4.37485	12	68831828	A	G	1.2151600773410794e-05	4.915366507146654
12:49759805:CAAAA:C	6.70828e-05	0.0134981	-5.30437	-4.37484	12	49759805	CAAAA	C	1.2152157831715869e-05	4.915346598510137
12:22145685:T:A	8.93158e-06	0.00671648	-6.62273	-4.3747	12	22145685	T	A	1.215995920739538e-05	4.915067881973877
12:10519695:C:T	1.48025e-05	0.0256109	-7.45598	-4.37429	12	10519695	C	T	1.2182833597770782e-05	4.914251687667791
12:621817:G:GA	0.000981348	2.36011e-06	6.03022	4.37377	12	621817	G	GA	1.2211904092173732e-05	4.91321661514993
12:82782709:C:G	1.81167e-05	0.00532124	-5.68262	-4.37317	12	82782709	C	G	1.2245529229871422e-05	4.91202244070292
12:52115899:C:CA	0.00987696	0.000117676	4.43002	4.37209	12	52115899	C	CA	1.2306277254703044e-05	4.909873304685076
12:93670797:CA:C	7.04297e-05	0.0152494	-5.37768	-4.3715	12	93670797	CA	C	1.2339585033424063e-05	4.908699444899562
12:91826430:C:G	0.00246773	3.4221e-05	4.27821	4.37035	12	91826430	C	G	1.2404754396533642e-05	4.906411829963807
12:88568234:T:C	4.98394e-06	0.00284646	-6.34761	-4.36967	12	88568234	T	C	1.2443443708028525e-05	4.905059412537119
12:29413669:T:C	0.00126037	3.28986e-06	5.94831	4.36905	12	29413669	T	C	1.2478819590057696e-05	4.903826493962082
12:92462869:A:G	3.61455e-05	0.062058	-7.44827	-4.36848	12	92462869	A	G	1.2511427233404893e-05	4.902693145603393
12:96357309:A:T	3.50109e-07	0.00037092	-6.9655	-4.36738	12	96357309	A	T	1.2574584256413271e-05	4.900506364771466
12:999138:G:A	2.88466e-06	0.00169004	-6.3731	-4.36702	12	999138	G	A	1.2595319817130089e-05	4.8997908005317745
12:76140333:T:G	2.42652e-05	0.0142123	-6.37283	-4.36682	12	76140333	T	G	1.2606853667011545e-05	4.899393288173447
12:29679758:G:T	2.0395e-05	0.0155143	-6.63423	-4.36669	12	29679758	G	T	1.2614356073052093e-05	4.899134914076876
12:29679752:C:T	2.0395e-05	0.0155143	-6.63423	-4.36669	12	29679752	C	T	1.2614356073052093e-05	4.899134914076876
12:19499615:T:A	1.03956e-06	0.000790597	-6.63399	-4.3665	12	19499615	T	A	1.2625328791802936e-05	4.898757303062261
12:44829556:T:C	3.57755e-05	0.0189428	-6.27191	-4.36641	12	44829556	T	C	1.2630529573648764e-05	4.898578439936212
12:80514293:G:C	5.21992e-05	0.0347674	-6.50137	-4.3654	12	80514293	G	C	1.2689034272270509e-05	4.896571429614012
12:51814151:T:TCGCCGC	0.0104918	1.41616e-05	6.60782	4.36485	12	51814151	T	TCGCCGC	1.2721001917326828e-05	4.8954786819242075
12:26304717:A:T	5.1793e-05	0.0384472	-6.60979	-4.36443	12	26304717	A	T	1.274546530466537e-05	4.894644304913441
12:41083968:T:G	0.00133642	1.61043e-05	4.41866	4.36296	12	41083968	T	G	1.2831441134132066e-05	4.891724564088597
12:17633546:G:A	0.00120948	1.74846e-06	6.53921	4.36276	12	17633546	G	A	1.2843181202444338e-05	4.891327390009562
12:83710455:C:G	1.31197e-06	0.000824597	-6.44337	-4.36252	12	83710455	C	G	1.28572828129082e-05	4.8908508031104825
12:96383405:G:GAA	0.0045857	5.89354e-05	4.35426	4.36047	12	96383405	G	GAA	1.297833755252122e-05	4.886780934500667
12:74065007:A:C	6.29832e-07	0.000394179	-6.43911	-4.35875	12	74065007	A	C	1.3080743627791612e-05	4.883367566083119
12:49035712:A:T	7.93079e-06	0.00899255	-7.0334	-4.35831	12	49035712	A	T	1.3107064096594887e-05	4.882494576764452
12:23235528:C:T	9.95881e-07	0.00035143	-5.86614	-4.35743	12	23235528	C	T	1.3159856692186455e-05	4.880748840063363
12:109507398:G:A	3.05017e-06	0.00335653	-7.00346	-4.35688	12	109507398	G	A	1.3192955014120294e-05	4.8796579184346065
12:126030587:G:A	0.0044393	7.47906e-05	4.08356	4.35671	12	126030587	G	A	1.3203201461506401e-05	4.879320749969454
12:121888906:T:C	1.46227e-06	0.00137677	-6.8475	-4.35473	12	121888906	T	C	1.3323102968007187e-05	4.875394615635557
12:83649711:A:T	6.01416e-07	0.000440958	-6.59742	-4.35462	12	83649711	A	T	1.3329794528626592e-05	4.875176544942586
12:89606783:C:T	5.982e-06	0.00655761	-6.99963	-4.35387	12	89606783	C	T	1.3375504332139681e-05	4.873689833640495
12:89606906:C:T	5.982e-06	0.00655761	-6.99963	-4.35387	12	89606906	C	T	1.3375504332139681e-05	4.873689833640495
12:44131158:G:A	0.000398331	6.74178e-06	4.07896	4.35304	12	44131158	G	A	1.3426264143367737e-05	4.872044812917626
12:1457492:C:G	0.00433034	7.41484e-05	4.06733	4.35282	12	1457492	C	G	1.3439749328920517e-05	4.871608831437092
12:48060037:A:G	2.18781e-06	0.00227295	-6.94593	-4.35222	12	48060037	A	G	1.3476592809143541e-05	4.87041989349996
12:26912649:G:T	1.60261e-05	0.019745	-7.11644	-4.35143	12	26912649	G	T	1.3525250356040839e-05	4.868854687238713
12:123531013:G:GA	1.73268e-05	0.00778953	-6.10828	-4.35121	12	123531013	G	GA	1.3538830363041691e-05	4.868418853288847
12:83311791:C:CTT	5.75075e-06	0.00356183	-6.4287	-4.35074	12	83311791	C	CTT	1.3567885783622888e-05	4.867487821024206
12:83309367:T:TA	5.31999e-06	0.00654714	-7.11531	-4.35056	12	83309367	T	TA	1.3579029135659404e-05	4.8671312798418604
12:83309358:T:G	5.31999e-06	0.00654714	-7.11531	-4.35056	12	83309358	T	G	1.3579029135659404e-05	4.8671312798418604
12:83309373:T:G	5.31999e-06	0.00654714	-7.11531	-4.35056	12	83309373	T	G	1.3579029135659404e-05	4.8671312798418604
12:17304056:C:T	1.53475e-06	0.00188617	-7.11394	-4.34949	12	17304056	C	T	1.3645450579813234e-05	4.865012119129614
12:125440542:G:A	0.0509187	0.000161784	5.75172	4.34891	12	125440542	G	A	1.3681584135752345e-05	4.863863614488345
12:69272156:G:GTT	1.74638e-06	0.00129786	-6.61093	-4.34812	12	69272156	G	GTT	1.3730947374136819e-05	4.862299497346941
12:73018589:A:T	0.00181375	7.25994e-06	5.52078	4.34738	12	73018589	A	T	1.3777340416075547e-05	4.8608346107375615
12:42568740:C:T	4.88707e-06	0.00504542	-6.93964	-4.34735	12	42568740	C	T	1.3779224365040444e-05	4.860775228253031
12:88574065:CT:C	0.0047463	3.73971e-05	4.84353	4.34715	12	88574065	CT	C	1.3791790305823067e-05	4.860379354602037
12:26080584:CT:C	0.0258508	3.49079e-05	6.60739	4.34556	12	26080584	CT	C	1.3892079124816057e-05	4.857232751752498
12:77656100:C:T	0.000592239	8.11068e-06	4.29073	4.34352	12	77656100	C	T	1.4021770579888354e-05	4.853197142965366
12:26912174:C:T	1.6156e-05	0.0196681	-7.10446	-4.34211	12	26912174	C	T	1.411208429448863e-05	4.850408838070962
12:121362211:G:GT	0.00290005	5.03472e-05	4.05354	4.34208	12	121362211	G	GT	1.4114011877349203e-05	4.850349521430364
12:33306133:T:A	8.90774e-06	0.00641503	-6.57948	-4.34039	12	33306133	T	A	1.4223005480675515e-05	4.847008622610844
12:83710343:C:T	1.32373e-06	0.000809083	-6.41545	-4.34009	12	83710343	C	T	1.4242437162914093e-05	4.846415687957634
12:28899729:A:G	3.4656e-05	0.0310254	-6.79709	-4.33877	12	28899729	A	G	1.4328237752145829e-05	4.843807220738846
12:100918056:A:G	1.96241e-06	0.00237736	-7.09957	-4.33831	12	100918056	A	G	1.4358253612101577e-05	4.842898379923136
12:88539027:C:G	0.001492	2.03453e-06	6.59761	4.33778	12	88539027	C	G	1.4392911450983959e-05	4.841851346494141
12:16680069:A:G	0.00634567	3.1613e-05	5.30196	4.33744	12	16680069	A	G	1.4415186771754092e-05	4.841179726261088
12:2932319:G:A	0.00286414	7.03562e-06	6.00904	4.33738	12	2932319	G	A	1.4419121121963417e-05	4.841061210040571
12:81100372:C:T	8.62518e-06	0.0104247	-7.09725	-4.3365	12	81100372	C	T	1.4476942705678348e-05	4.839323144371251
12:114142271:G:A	8.25231e-06	0.00838698	-6.92394	-4.33518	12	114142271	G	A	1.456408984802401e-05	4.8367166505029475
12:45425155:TTAAAA:T	0.00411019	6.64043e-06	6.42805	4.335	12	45425155	TTAAAA	T	1.457601223805153e-05	4.8363612757363335
12:91820925:C:CT	4.68496e-06	0.00564129	-7.09351	-4.33359	12	91820925	C	CT	1.466972682080916e-05	4.8335779734995805
12:88531819:C:T	0.00141226	1.93655e-06	6.59204	4.33335	12	88531819	C	T	1.4685735351877195e-05	4.833104302374628
12:80459534:A:AT	0.00695253	4.99381e-05	4.93608	4.33143	12	80459534	A	AT	1.48144046541688e-05	4.829315796806577
12:2218778:T:C	1.11235e-05	0.00706281	-6.45354	-4.32942	12	2218778	T	C	1.4950256724488067e-05	4.825351349609034
12:61439477:T:G	3.73279e-06	0.00339649	-6.81334	-4.32794	12	61439477	T	G	1.5051045565043685e-05	4.822433329481668
12:16291599:G:A	0.0962436	0.001297	4.30683	4.32734	12	16291599	G	A	1.5092090188945114e-05	4.821250608159343
12:84515014:C:A	7.49351e-07	0.00079298	-6.96435	-4.32628	12	84515014	C	A	1.5164863301580063e-05	4.819161500133208
12:68829986:G:C	5.10969e-06	0.00450325	-6.78141	-4.32624	12	68829986	G	C	1.5167615997009529e-05	4.819082675027822
12:55355715:A:G	0.00539072	5.97073e-06	6.80557	4.32595	12	55355715	A	G	1.5187587290896889e-05	4.818511212936072
12:17315301:T:G	0.00235015	1.11673e-05	5.34924	4.32567	12	17315301	T	G	1.5206893707542092e-05	4.817959489658255
12:82796308:A:G	0.00307522	2.22863e-05	4.92716	4.3247	12	82796308	A	G	1.5273957751977587e-05	4.816048414997554
12:52106634:G:A	0.00968709	0.000166502	4.06354	4.32345	12	52106634	G	A	1.5360796385213572e-05	4.813586267589805
12:122685927:C:CAAA	0.00440289	5.92074e-05	4.30897	4.32329	12	122685927	C	CAAA	1.5371945651390316e-05	4.813271159684075
12:125440268:T:C	0.0500506	0.000164692	5.71671	4.32265	12	125440268	T	C	1.5416619915736314e-05	4.812010834641488
12:125440286:C:T	0.0500506	0.000164692	5.71671	4.32265	12	125440286	C	T	1.5416619915736314e-05	4.812010834641488
12:125440914:C:T	0.0495652	0.000163125	5.71653	4.32252	12	125440914	C	T	1.542570948797052e-05	4.8117548519543965
12:17636553:C:CA	6.69473e-06	0.0108152	-7.38739	-4.32251	12	17636553	C	CA	1.5426408897420278e-05	4.811735161269895
12:83709649:G:C	1.34937e-06	0.000805792	-6.39219	-4.3214	12	83709649	G	C	1.550423155499423e-05	4.809549754076508
12:43244471:A:AT	1.14615e-05	0.012037	-6.95675	-4.32034	12	43244471	A	AT	1.557889795279064e-05	4.807463267456131
12:68738945:G:C	6.8415e-06	0.00737528	-6.98288	-4.31957	12	68738945	G	C	1.5633351569867383e-05	4.8059479053933964
12:23368837:CATA:C	0.000414905	3.39176e-06	4.8067	4.31873	12	23368837	CATA	C	1.5692962442012813e-05	4.8042950646491995
12:81910498:AT:A	0.00252935	3.65052e-06	6.54085	4.3154	12	81910498	AT	A	1.5931415996474176e-05	4.797745622056666
12:83305060:A:T	2.54766e-06	0.00272814	-6.9762	-4.31445	12	83305060	A	T	1.600007399902057e-05	4.795878008763326
12:81701846:C:T	1.49442e-05	0.00870281	-6.36708	-4.31421	12	81701846	C	T	1.6017463753634354e-05	4.795406250112091
12:97764796:A:AAGATGCCTA	6.94674e-06	0.00470609	-6.51834	-4.3126	12	97764796	A	AAGATGCCTA	1.6134586668617954e-05	4.792242155753581
12:5748870:CAA:C	0.0141569	0.000175226	4.39189	4.31236	12	5748870	CAA	C	1.615211574512293e-05	4.7917705819242435
12:52106690:T:C	0.00978413	0.000170698	4.04862	4.31218	12	52106690	T	C	1.6165274463383466e-05	4.79141691728682
12:1773307:C:T	2.93781e-06	0.00254203	-6.76306	-4.31157	12	1773307	C	T	1.6209943927930994e-05	4.7902184874236795
12:1765687:A:G	2.70802e-06	0.00134038	-6.20449	-4.31154	12	1765687	A	G	1.6212143819450073e-05	4.790159552246129
12:128342955:G:A	0.000429949	0.085501	-5.29262	-4.3107	12	128342955	G	A	1.6273856443147414e-05	4.788509519372966
12:55784648:G:A	3.64774e-06	0.00426293	-7.0636	-4.31031	12	55784648	G	A	1.6302584783359036e-05	4.787743532519108
12:46096935:C:A	0.00359923	4.13459e-06	6.76909	4.31022	12	46096935	C	A	1.630922126146792e-05	4.787566775312973
12:40737953:G:A	0.00242414	3.52705e-06	6.53277	4.30944	12	40737953	G	A	1.636684536689121e-05	4.786035020757727
12:61283551:A:C	9.5122e-07	0.00101131	-6.96901	-4.30894	12	61283551	A	C	1.6403885906565844e-05	4.785053260008864
12:3816204:TA:T	0.0235107	2.66921e-05	6.78084	4.3079	12	3816204	TA	T	1.6481186316733272e-05	4.783011530972146
12:72712999:G:A	1.24119e-05	0.00954185	-6.64479	-4.30777	12	72712999	G	A	1.6490873243258604e-05	4.782756346496943
12:40967763:G:A	0.000822423	2.10978e-06	5.96567	4.30768	12	40967763	G	A	1.6497582755551868e-05	4.782579684442465
12:123458429:CG:C	0.0402431	0.000263259	5.02956	4.30763	12	123458429	CG	C	1.6501311386521843e-05	4.782481540313438
12:17305839:C:A	0.000537564	1.37914e-06	5.96558	4.30762	12	17305839	C	A	1.6502057209090274e-05	4.782461911612503
12:60440198:A:G	3.9242e-06	0.00211467	-6.28949	-4.30759	12	60440198	A	G	1.6504294869568358e-05	4.78240302575943
12:61439226:T:TA	3.7237e-06	0.00330092	-6.78724	-4.30747	12	61439226	T	TA	1.6513248403698357e-05	4.782167486093179
12:83306019:A:T	2.64357e-06	0.00280508	-6.96706	-4.30744	12	83306019	A	T	1.651548751046213e-05	4.782108602113126
12:52104789:T:C	0.000182408	0.0130169	-4.26776	-4.30542	12	52104789	T	C	1.6666921531786375e-05	4.7781446092435145
12:107996774:C:T	6.00431e-07	0.000618053	-6.93668	-4.30465	12	107996774	C	T	1.6724994000936615e-05	4.776634029336558
12:69854214:G:A	1.68438e-05	0.0265718	-7.36362	-4.30457	12	69854214	G	A	1.67310385503323e-05	4.776477100120717
12:48368131:A:G	2.10473e-05	0.0147963	-6.55536	-4.30381	12	48368131	A	G	1.6788565699934463e-05	4.774986405423096
12:88530975:T:A	0.00136183	1.94432e-06	6.55167	4.30124	12	88530975	T	A	1.6984498008615525e-05	4.769947284549619
12:33305976:CTATG:C	0.00543626	9.1999e-06	6.38165	4.30055	12	33305976	CTATG	C	1.7037472312866148e-05	4.768594836916872
12:52106631:C:T	0.00968104	0.000171574	4.03291	4.30032	12	52106631	C	T	1.7055165376527073e-05	4.768144065071305
12:2927543:T:C	1.9321e-06	0.0018626	-6.87112	-4.29951	12	2927543	T	C	1.711761524612743e-05	4.76655673951797
12:12492762:A:G	0.000767141	2.21966e-06	5.84532	4.2994	12	12492762	A	G	1.7126112879112946e-05	4.766341197846975
12:72711628:C:G	1.15024e-05	0.0087333	-6.63234	-4.29871	12	72711628	C	G	1.7179507976056495e-05	4.764989278592295
12:126029749:G:T	0.00414762	7.51501e-05	4.0108	4.29857	12	126029749	G	T	1.719036110519662e-05	4.76471500031428
12:46098262:C:G	0.00445342	5.20129e-06	6.75252	4.29838	12	46098262	C	G	1.720510080266435e-05	4.764342778555249
12:45371123:A:G	5.04893e-06	0.00429664	-6.74641	-4.29827	12	45371123	A	G	1.7213639815414834e-05	4.764127288614134
12:1771045:C:T	3.09104e-06	0.00262742	-6.74525	-4.29734	12	1771045	C	T	1.7285994864174692e-05	4.76230562036874
12:81637998:CAGA:C	0.00589855	8.60558e-06	6.53005	4.29708	12	81637998	CAGA	C	1.7306274935880326e-05	4.7617964011533305
12:51817083:C:T	2.04478e-05	0.0197757	-6.87434	-4.29675	12	51817083	C	T	1.7332047677355322e-05	4.761150124969774
12:52106658:A:G	0.00973285	0.000173377	4.02779	4.29646	12	52106658	A	G	1.7354726637923755e-05	4.760582222705693
12:62510013:A:G	3.50562e-07	0.000202317	-6.35806	-4.29621	12	62510013	A	G	1.737430015872965e-05	4.760092679878751
12:12251969:C:T	8.51974e-06	0.00142676	-5.12078	-4.29502	12	12251969	C	T	1.7467758840094708e-05	4.757762812579591
12:6501227:ATTTTT:A	0.000253716	4.00734e-07	6.45067	4.29435	12	6501227	ATTTTT	A	1.752058900541139e-05	4.756451297854001
12:23526339:T:C	1.24093e-05	0.00843279	-6.52144	-4.29434	12	23526339	T	C	1.7521378667255877e-05	4.75643172442223
12:61320944:C:A	1.38027e-05	0.0157996	-7.04288	-4.29418	12	61320944	C	A	1.7534017869667394e-05	4.756118555173378
12:91588599:T:G	4.51669e-06	0.0070261	-7.34961	-4.29398	12	91588599	T	G	1.7549829089416866e-05	4.75572710859329
12:93656316:A:G	0.0112661	8.51972e-05	4.88458	4.29257	12	93656316	A	G	1.766168429649126e-05	4.752967882536915
12:118522878:T:C	0.00307495	4.33096e-05	4.26267	4.29159	12	118522878	T	C	1.7739827402019685e-05	4.7510506099110055
12:126033227:G:A	0.00370396	6.82267e-05	3.99432	4.2854	12	126033227	G	A	1.8241068577982164e-05	4.738949723906296
12:26469204:C:T	1.24409e-05	0.0191276	-7.3379	-4.28514	12	26469204	C	T	1.8262414828827266e-05	4.738441796489903
12:12447146:A:G	1.24043e-05	0.00596918	-6.17632	-4.2848	12	12447146	A	G	1.829036506577495e-05	4.737777626154565
12:57675762:C:CTTTTTTT	9.94748e-07	0.000475821	-6.17031	-4.28372	12	57675762	C	CTTTTTTT	1.8379418735277533e-05	4.735668227664449
12:81642653:TGTATCTATT:T	0.0157105	2.2937e-05	6.52933	4.28346	12	81642653	TGTATCTATT	T	1.840091918736357e-05	4.735160481988886
12:24449087:A:G	4.71852e-06	0.0037023	-6.66522	-4.28292	12	24449087	A	G	1.844565055483207e-05	4.734106023148406
12:20027650:C:T	1.41713e-06	0.000305049	-5.37184	-4.28204	12	20027650	C	T	1.8518768141250556e-05	4.732387905734569
12:44259114:T:A	7.76668e-05	0.023008	-5.69117	-4.28189	12	44259114	T	A	1.853125887545857e-05	4.7320950769523105
12:7787500:G:T	6.29259e-05	0.0539854	-6.75451	-4.28181	12	7787500	G	T	1.8537923881462065e-05	4.731938905429494
12:20338163:C:T	3.26265e-05	0.0366903	-7.02514	-4.28038	12	20338163	C	T	1.865744677448971e-05	4.729147788650533
12:39567644:T:TTGTTA	0.00235083	3.82545e-06	6.42085	4.27983	12	39567644	T	TTGTTA	1.870361228609876e-05	4.72807450873533
12:130053088:A:T	1.02748e-05	0.0105109	-6.93048	-4.27939	12	130053088	A	T	1.8740623017811295e-05	4.727215975417289
12:91602435:T:C	3.18694e-06	0.00357879	-7.02372	-4.27927	12	91602435	T	C	1.8750728954630638e-05	4.72698184394587
12:12253981:C:A	9.99463e-06	0.0016382	-5.09931	-4.27917	12	12253981	C	A	1.8759154533777496e-05	4.72678673896278
12:46097703:A:G	0.00360553	4.3297e-06	6.72472	4.27851	12	46097703	A	G	1.8814853868488044e-05	4.7254991504164385
12:46097707:C:G	0.00360553	4.3297e-06	6.72472	4.27851	12	46097707	C	G	1.8814853868488044e-05	4.7254991504164385
12:93516532:C:T	1.02454e-05	0.00607878	-6.38573	-4.27842	12	93516532	C	T	1.8822461426469645e-05	4.725323584201299
12:123527676:T:C	0.0110242	7.50036e-05	4.99031	4.27811	12	123527676	T	C	1.884868767044818e-05	4.724718881920953
12:72712346:T:C	1.23536e-05	0.0091161	-6.60385	-4.27798	12	72712346	T	C	1.8859696128354905e-05	4.724465308992213
12:126032719:A:G	0.00373033	6.95109e-05	3.98277	4.27617	12	126032719	A	G	1.901360537687715e-05	4.7209355240172615
12:1424795:TGATAGATAG:T	0.00985136	1.17004e-05	6.73574	4.27598	12	1424795	TGATAGATAG	T	1.9029830799691487e-05	4.720565073146873
12:16254088:G:T	9.73521e-05	0.0804899	-6.71755	-4.27521	12	16254088	G	T	1.909572158254521e-05	4.719063926010401
12:88553620:C:T	0.000889553	1.68363e-05	3.96718	4.27487	12	88553620	C	T	1.9124885321657363e-05	4.718401160321833
12:38370669:C:T	2.44749e-06	0.00229908	-6.8452	-4.27418	12	38370669	C	T	1.9184201012896268e-05	4.717056283664832
12:61386923:C:A	2.57954e-05	0.0242215	-6.8448	-4.27386	12	61386923	C	A	1.9211769173778675e-05	4.716432639977923
12:50796928:G:A	2.28926e-06	0.00346744	-7.32294	-4.27385	12	50796928	G	A	1.9212631286490112e-05	4.716413151799114
12:76139528:T:G	2.69721e-05	0.0138296	-6.23976	-4.27315	12	76139528	T	G	1.9273070824212e-05	4.7150490826585925
12:82799116:T:C	0.00302103	4.32056e-05	4.24738	4.27273	12	82799116	T	C	1.9309421421762993e-05	4.7142307390170926
12:96117253:C:G	2.02719e-05	0.0166956	-6.71367	-4.2721	12	96117253	C	G	1.936406977410774e-05	4.713003361145
12:82800251:A:G	0.00310599	4.48559e-05	4.23763	4.27132	12	82800251	A	G	1.9431933734657686e-05	4.7114839791993015
12:38739026:T:C	4.08564e-07	0.000454029	-7.01327	-4.27114	12	38739026	T	C	1.944762678473419e-05	4.711133388537704
12:16256868:A:T	0.0498682	0.000150497	5.8032	4.27092	12	16256868	A	T	1.94668235708843e-05	4.710704907143498
12:2933035:T:C	0.00367682	9.96633e-06	5.91059	4.26996	12	2933035	T	C	1.955080275633522e-05	4.708835405762274
12:42423679:AT:A	0.000237721	2.9117e-07	6.70494	4.26936	12	42423679	AT	A	1.960346483266184e-05	4.7076671620762784
12:46424091:T:G	6.35498e-06	0.00593037	-6.8386	-4.26907	12	46424091	T	G	1.9628966569255714e-05	4.707102564642688
12:73022754:T:A	7.50984e-06	0.00417853	-6.3215	-4.268	12	73022754	T	A	1.972333278756062e-05	4.705019697460197
12:70220036:C:T	2.49062e-06	0.0027563	-7.00911	-4.2679	12	70220036	C	T	1.9732174101649964e-05	4.704825061309821
12:83312686:GTA:G	0.00583891	9.0127e-06	6.47366	4.2658	12	83312686	GTA	G	1.9918715884440264e-05	4.700738663014612
12:28485665:T:A	1.38277e-06	0.000765913	-6.31698	-4.26451	12	28485665	T	A	2.0034137197859995e-05	4.698229356414561
12:93661593:G:A	4.22692e-05	0.00786867	-5.22659	-4.26351	12	93661593	G	A	2.0124049006074317e-05	4.696284633751292
12:16093825:A:G	5.8537e-06	0.00643999	-7.00321	-4.26331	12	16093825	A	G	2.0142077417164938e-05	4.695895739130784
12:44891629:TC:T	0.000251499	3.89863e-07	6.4694	4.26265	12	44891629	TC	T	2.0201680353060336e-05	4.694612504924155
12:20015541:GACACACACA:G	0.00335034	7.54875e-06	6.09544	4.26225	12	20015541	GACACACACA	G	2.0237885040098818e-05	4.693834875399807
12:2929528:T:G	0.00195263	5.977e-06	5.78901	4.26133	12	2929528	T	G	2.032139043168002e-05	4.692046580042299
12:74410223:A:G	1.24701e-06	0.000948118	-6.63373	-4.2595	12	74410223	A	G	2.048846990365062e-05	4.688490473868882
12:39694425:TGTA:T	0.000668068	1.05764e-06	6.44835	4.25933	12	39694425	TGTA	T	2.050405716986964e-05	4.688160195912561
12:89523741:A:G	1.23194e-05	0.00669184	-6.29747	-4.25786	12	89523741	A	G	2.0639312924097824e-05	4.685304764323877
12:23892788:G:A	6.88754e-06	0.00430403	-6.43759	-4.25743	12	23892788	G	A	2.0679037847887167e-05	4.684469671916307
12:115738983:T:TTGTAGGTC	6.02349e-05	0.045606	-6.62954	-4.25638	12	115738983	T	TTGTAGGTC	2.0776346710111212e-05	4.682430815928246
12:23373699:A:AT	8.35373e-07	0.000298447	-5.87847	-4.25603	12	23373699	A	AT	2.0808879765689737e-05	4.681751299157652
12:55353066:G:C	6.3187e-06	0.00342279	-6.2947	-4.25562	12	55353066	G	C	2.0847051602620135e-05	4.680955358592231
12:83429123:T:C	7.94442e-06	0.00658977	-6.72081	-4.25537	12	83429123	T	C	2.087035982152903e-05	4.6804700632892455
12:115738982:C:A	6.02616e-05	0.0455621	-6.62814	-4.25533	12	115738982	C	A	2.087409143822518e-05	4.68039241845286
12:115738979:C:CT	6.02616e-05	0.0455621	-6.62814	-4.25533	12	115738979	C	CT	2.087409143822518e-05	4.68039241845286
12:115738975:T:TAGGGTGC	6.02616e-05	0.0455621	-6.62814	-4.25533	12	115738975	T	TAGGGTGC	2.087409143822518e-05	4.68039241845286
12:59663365:TA:T	1.33709e-05	0.00277554	-5.33552	-4.25448	12	59663365	TA	T	2.095353862719358e-05	4.678742622984622
12:60647413:A:C	3.16069e-06	0.00157425	-6.21074	-4.25272	12	60647413	A	C	2.1118957146071887e-05	4.675327531066657
12:23375323:G:A	7.61084e-07	0.000270596	-5.87364	-4.25251	12	23375323	G	A	2.1138777399579853e-05	4.674920134529564
12:16253071:T:A	0.0334192	0.000221829	5.01498	4.25109	12	16253071	T	A	2.1273265522773898e-05	4.672165839214978
12:73014371:T:C	4.32259e-06	0.0023516	-6.299	-4.25064	12	73014371	T	C	2.1316054692595437e-05	4.67129317411972
12:93514271:C:T	8.62071e-06	0.00492347	-6.3476	-4.24974	12	93514271	C	T	2.1401878955205786e-05	4.669548096554745
12:79500041:CT:C	0.00117692	3.67534e-06	5.76901	4.2478	12	79500041	CT	C	2.1587998018840607e-05	4.6657876304626065
12:64481484:C:T	2.05872e-06	0.00221994	-6.98315	-4.2477	12	64481484	C	T	2.1597633421460062e-05	4.665593834418949
12:31569967:A:AG	2.03434e-07	0.000133197	-6.48424	-4.24711	12	31569967	A	AG	2.1654565678803183e-05	4.664450522402425
12:17303974:A:C	0.000283477	2.00991e-06	4.94904	4.24707	12	17303974	A	C	2.165843065934488e-05	4.664373014962705
12:87754959:G:T	1.74703e-06	0.00166969	-6.86247	-4.24662	12	87754959	G	T	2.1701956962510453e-05	4.663501102110048
12:28279238:TTGTCTC:T	0.00156863	5.71468e-06	5.61492	4.24631	12	28279238	TTGTCTC	T	2.1731990173246726e-05	4.662900500017191
12:31675022:C:CA	4.10934e-06	0.00188645	-6.12919	-4.24611	12	31675022	C	CA	2.1751387429759904e-05	4.662513036002623
12:88572636:T:G	0.00400504	3.59765e-05	4.71244	4.246	12	88572636	T	G	2.1762062944414918e-05	4.662299937884257
12:74676929:C:CT	3.97466e-06	0.00579776	-7.28529	-4.24542	12	74676929	C	CT	2.1818434548975034e-05	4.66117641282793
12:20340848:T:C	2.0541e-05	0.0060642	-5.68773	-4.24496	12	20340848	T	C	2.1863241868030274e-05	4.660285440693348
12:89752029:T:C	5.35076e-06	0.00245136	-6.12716	-4.24444	12	89752029	T	C	2.1913999088579966e-05	4.659278360749633
12:1774661:A:T	1.99899e-06	0.0021442	-6.97788	-4.2436	12	1774661	A	T	2.1996228532636036e-05	4.657651776808526
12:16256858:CAA:C	0.0507658	0.00015957	5.76249	4.2434	12	16256858	CAA	C	2.2015850214967963e-05	4.657264538160888
12:54439380:C:T	9.53034e-06	0.0102118	-6.97682	-4.24277	12	54439380	C	T	2.207776746819756e-05	4.656044845130484
12:29419373:C:T	7.03458e-06	0.00380667	-6.29367	-4.24227	12	29419373	C	T	2.2127026080756997e-05	4.655076952250192
12:2933143:G:C	0.00363108	1.02697e-05	5.86809	4.24085	12	2933143	G	C	2.226749157803556e-05	4.652328703270181
12:55366094:A:G	1.65623e-06	0.00100415	-6.40736	-4.24082	12	55366094	A	G	2.2270468293680057e-05	4.652270650715272
12:74409385:A:G	1.26642e-06	0.000937484	-6.607	-4.23961	12	74409385	A	G	2.239084535301459e-05	4.649929509582248
12:26081994:T:C	3.84723e-05	0.0312694	-6.70045	-4.23941	12	26081994	T	C	2.2410801930771585e-05	4.649542602729655
12:126485399:C:T	0.0013612	2.52511e-05	3.98725	4.23819	12	126485399	C	T	2.2532904130448657e-05	4.647182831065882
12:126485343:G:A	0.00136119	2.52511e-05	3.98725	4.23819	12	126485343	G	A	2.2532904130448657e-05	4.647182831065882
12:88530351:C:A	0.00136183	2.1059e-06	6.47184	4.23773	12	88530351	C	A	2.2579106823361885e-05	4.6462932417448615
12:17746532:A:AGTGT	3.19144e-06	0.00339641	-6.97	-4.23746	12	17746532	A	AGTGT	2.2606267772407024e-05	4.645771132464158
12:42966837:TGC:T	0.0117769	3.69145e-05	5.76529	4.2373	12	42966837	TGC	T	2.262237781961364e-05	4.645461748673892
12:80506618:C:G	5.22164e-05	0.0250878	-6.17474	-4.23669	12	80506618	C	G	2.268389766619056e-05	4.644282320613203
12:77651416:G:A	1.95971e-05	0.00471886	-5.48394	-4.23575	12	77651416	G	A	2.2779010554229237e-05	4.642465144180135
12:47598640:G:A	9.64935e-06	0.00862383	-6.79539	-4.23559	12	47598640	G	A	2.2795237733759796e-05	4.642155874138849
12:44888381:G:GT	4.57117e-07	0.000178031	-5.96477	-4.23539	12	44888381	G	GT	2.281553717886732e-05	4.641769301553978
12:64235371:A:G	4.55104e-06	0.00293536	-6.46923	-4.23514	12	64235371	A	G	2.2840935677877563e-05	4.641286109208339
12:83306787:C:G	3.03671e-06	0.00293187	-6.87262	-4.23503	12	83306787	C	G	2.2852119539605815e-05	4.6410735128079095
12:55353482:C:G	6.2748e-06	0.00330864	-6.26775	-4.2338	12	55353482	C	G	2.297753090357201e-05	4.6386966411205695
12:132267320:T:C	6.47568e-05	0.00997767	-5.03747	-4.23351	12	132267320	T	C	2.3007194707485485e-05	4.63813633210632
12:83291477:CAT:C	0.00021072	6.10297e-07	5.84434	4.23228	12	83291477	CAT	C	2.3133415715288735e-05	4.6357602376669
12:55201585:G:C	3.08175e-07	0.000441686	-7.26769	-4.23213	12	55201585	G	C	2.314885352467308e-05	4.63547051307962
12:16256810:C:G	0.0503601	0.000160977	5.7457	4.23204	12	16256810	C	G	2.3158120915527815e-05	4.63529668281702
12:88538947:T:C	0.00131608	2.05277e-06	6.46322	4.23088	12	88538947	T	C	2.3277883736190083e-05	4.633056505270942
12:16252969:G:A	0.0325387	0.000221829	4.98828	4.23083	12	16252969	G	A	2.3283059153202492e-05	4.632959958469275
12:51664887:C:T	9.4043e-06	0.00991462	-6.9606	-4.23015	12	51664887	C	T	2.3353553620592896e-05	4.631647025145495
12:38370426:G:A	2.58456e-06	0.0022897	-6.78662	-4.22879	12	38370426	G	A	2.349515231573954e-05	4.629021735162384
12:6981031:A:G	1.2288e-05	0.00375618	-5.72253	-4.22819	12	6981031	A	G	2.3557881700524174e-05	4.627863763423701
12:16231801:A:C	0.000112542	0.0877234	-6.65862	-4.2281	12	16231801	A	C	2.356730484208342e-05	4.627690080570171
12:55354274:G:A	6.05695e-06	0.00317134	-6.2607	-4.22809	12	55354274	G	A	2.3568352079175173e-05	4.62767078268318
12:91823506:C:T	2.00078e-05	0.0127867	-6.46004	-4.22782	12	91823506	C	T	2.3596644223928966e-05	4.627149755447534
12:74943212:C:A	3.15803e-06	0.00245954	-6.65778	-4.22744	12	74943212	C	A	2.3636517549653655e-05	4.626416509194238
12:26305737:ATG:A	0.00975449	3.25967e-05	5.70127	4.22604	12	26305737	ATG	A	2.3783973177959102e-05	4.62371559357233
12:101670619:T:C	2.47779e-05	0.00951415	-5.95058	-4.22465	12	101670619	T	C	2.3931241188059103e-05	4.621034776223746
12:16254202:T:A	0.0298685	0.000269234	4.70898	4.22427	12	16254202	T	A	2.397165227330541e-05	4.620302030695224
12:101670986:T:TAC	2.42385e-05	0.00929684	-5.94949	-4.22382	12	101670986	T	TAC	2.4019591474688815e-05	4.619434383352644
12:88777128:T:C	2.25944e-05	0.0103907	-6.13096	-4.223	12	88777128	T	C	2.410718199042833e-05	4.617853553518643
12:95179134:G:A	4.18368e-06	0.00387847	-6.83201	-4.22279	12	95179134	G	A	2.4129662538327625e-05	4.617448751807211
12:2929751:C:T	0.00203445	5.90994e-06	5.84135	4.22254	12	2929751	C	T	2.415645110117267e-05	4.616966868908031
12:4694990:C:T	1.32476e-05	0.0079648	-6.39897	-4.22252	12	4694990	C	T	2.4158595408122225e-05	4.616928319398362
12:22145978:T:C	8.94113e-06	0.00933026	-6.95036	-4.22217	12	22145978	T	C	2.4196150107385394e-05	4.616253729892619
12:22145977:A:G	8.94113e-06	0.00933026	-6.95036	-4.22217	12	22145977	A	G	2.4196150107385394e-05	4.616253729892619
12:51433852:GT:G	0.0421573	6.65257e-05	6.45158	4.22161	12	51433852	GT	G	2.425635317715441e-05	4.615174492591055
12:105018917:C:T	0.00624724	5.80014e-05	4.67943	4.22052	12	105018917	C	T	2.4373943044177117e-05	4.6130742080410805
12:83306921:G:GA	3.09449e-06	0.0029246	-6.85129	-4.21868	12	83306921	G	GA	2.457367476447706e-05	4.609529893963529
12:12432482:A:T	2.9246e-06	0.00231481	-6.67392	-4.21861	12	12432482	A	T	2.458130391384436e-05	4.609395083712868
12:14634699:G:A	0.00179859	3.02688e-05	4.08464	4.21855	12	14634699	G	A	2.4587844978102885e-05	4.609279533690383
12:39077650:CA:C	0.0064087	1.05476e-05	6.40951	4.21843	12	39077650	CA	C	2.4600932074529173e-05	4.609048438134171
12:58468620:T:A	0.0161577	4.7868e-05	5.8217	4.21767	12	58468620	T	A	2.4683971031808788e-05	4.607584971929219
12:60443255:T:C	0.00108719	1.01347e-05	4.67538	4.2174	12	60443255	T	C	2.471353585350113e-05	4.607065114095811
12:62234025:T:C	7.09751e-06	0.00560668	-6.67197	-4.21708	12	62234025	T	C	2.4748619264054773e-05	4.6064490255275405
12:88793128:C:CTTCT	1.81373e-05	0.00826297	-6.12157	-4.21664	12	88793128	C	CTTCT	2.479693632170749e-05	4.605601973237004
12:25423858:G:T	3.95966e-05	0.04101	-6.94283	-4.21631	12	25423858	G	T	2.4833232989623838e-05	4.604966736822673
12:80514355:T:C	6.29733e-05	0.0294278	-6.14698	-4.21564	12	80514355	T	C	2.490708175952829e-05	4.603677153634787
12:1462935:C:CT	0.00711721	0.000114486	4.12982	4.21522	12	1462935	C	CT	2.49534814931554e-05	4.602868853335777
12:2929693:C:T	0.00200783	5.901e-06	5.82969	4.21455	12	2929693	C	T	2.5027670365512293e-05	4.6015795736634235
12:49759527:A:G	5.9246e-05	0.01391	-5.45866	-4.2138	12	49759527	A	G	2.5110966493083392e-05	4.600136571455334
12:107840460:A:G	1.73566e-05	0.00765899	-6.08967	-4.21366	12	107840460	A	G	2.5126544281904546e-05	4.599867236934664
12:46099264:G:A	1.07505e-05	0.00845513	-6.66758	-4.21363	12	46099264	G	A	2.5129883575264057e-05	4.59980952345428
12:622410:C:CAAA	4.20652e-06	0.00384164	-6.81702	-4.21107	12	622410	C	CAAA	2.5416396822929095e-05	4.594886017544182
12:61026644:C:T	1.19113e-05	0.0103105	-6.76343	-4.21082	12	61026644	C	T	2.5444542562373958e-05	4.594405352392281
12:16230757:CAAA:C	0.0341023	5.78125e-05	6.37992	4.21063	12	16230757	CAAA	C	2.546595314919262e-05	4.594040064247748
12:48482935:CT:C	0.00223692	2.90634e-06	6.64596	4.20941	12	48482935	CT	C	2.5603840479005338e-05	4.591694887276261
12:22147734:A:G	1.52238e-05	0.0211582	-7.23692	-4.2089	12	22147734	A	G	2.5661692126167262e-05	4.590714709737098
12:68829766:C:CA	4.96525e-06	0.00376872	-6.63203	-4.20685	12	68829766	C	CA	2.5895489757070858e-05	4.586775870829444
12:17307774:G:C	0.000285979	2.14116e-06	4.89457	4.2061	12	17307774	G	C	2.5981530553540853e-05	4.585335268529433
12:7615990:TTG:T	0.00264425	1.98171e-05	4.8936	4.20537	12	7615990	TTG	T	2.6065537995184523e-05	4.5839333067650205
12:81103693:TA:T	0.00501242	8.56047e-06	6.37252	4.20537	12	81103693	TA	T	2.6065537995184523e-05	4.5839333067650205
12:17631406:C:T	1.17721e-06	0.00109291	-6.83346	-4.205	12	17631406	C	T	2.610821569729525e-05	4.583222807966327
12:74407864:G:A	1.36434e-06	0.000963363	-6.55976	-4.20447	12	74407864	G	A	2.616946441525857e-05	4.582205165548044
12:92463021:C:T	0.0235869	3.87754e-05	6.41066	4.20421	12	92463021	C	T	2.6199560894209087e-05	4.5817059874138435
12:46097211:G:A	4.20528e-06	0.00360553	-6.75388	-4.20343	12	46097211	G	A	2.629004796465145e-05	4.580208621548089
12:92461316:G:A	0.0216783	3.57005e-05	6.4089	4.20285	12	92461316	G	A	2.6357525810454783e-05	4.579095359529401
12:23839861:C:T	2.39583e-05	0.0243876	-6.92552	-4.20284	12	23839861	C	T	2.6358690664705363e-05	4.579076166582442
12:88538258:C:A	0.00127103	2.05374e-06	6.42792	4.20279	12	88538258	C	A	2.636451567036683e-05	4.578980202470926
12:63323083:C:T	5.07345e-06	0.00383051	-6.62673	-4.20262	12	63323083	C	T	2.6384329848027815e-05	4.578653932261909
12:55352158:C:T	7.42334e-06	0.00560368	-6.62655	-4.20248	12	55352158	C	T	2.6400658038834493e-05	4.578385248165279
12:47464043:C:T	5.50089e-06	0.00757992	-7.22835	-4.20243	12	47464043	C	T	2.6406491864100354e-05	4.578289291533031
12:1764608:GGATAGTCT:G	0.0015008	2.71837e-06	6.31372	4.20163	12	1764608	GGATAGTCT	G	2.64999999616864e-05	4.576754126691093
12:83431019:G:A	5.63252e-06	0.00424099	-6.62399	-4.20044	12	83431019	G	A	2.6639676032135593e-05	4.57447106096988
12:18435081:A:G	2.86776e-06	0.00258286	-6.80312	-4.2002	12	18435081	A	G	2.6667930704530467e-05	4.574010682040517
12:99343922:T:C	7.5519e-06	0.00764687	-6.92025	-4.19874	12	99343922	T	C	2.6840428244979402e-05	4.571210559183085
12:23839842:A:T	2.53985e-05	0.0190662	-6.62098	-4.19803	12	23839842	A	T	2.6924696981924847e-05	4.569849175674121
12:88530243:A:T	0.00136183	2.21446e-06	6.42157	4.19775	12	88530243	A	T	2.695799884547063e-05	4.569312349622847
12:77656413:C:T	0.000458121	7.91746e-06	4.05806	4.1977	12	77656413	C	T	2.696394972688634e-05	4.569216491255698
12:70871002:C:G	9.83486e-06	0.00225677	-5.43575	-4.1975	12	70871002	C	G	2.6987765746340998e-05	4.56883306817411
12:7605985:A:G	5.82014e-06	0.00796673	-7.2217	-4.19741	12	7605985	A	G	2.6998489479782063e-05	4.5686605332094
12:20019236:TAC:T	6.69414e-07	0.000501594	-6.61914	-4.19656	12	20019236	TAC	T	2.7099969225691617e-05	4.5670312023034505
12:51805069:G:T	3.51158e-05	0.0354394	-6.91693	-4.19616	12	51805069	G	T	2.7147849804022527e-05	4.566264562216119
12:109391852:T:C	0.000510849	8.27334e-06	4.12304	4.19594	12	109391852	T	C	2.7174218398659374e-05	4.565842938503154
12:29409825:T:C	0.00243163	8.47268e-06	5.65947	4.19568	12	29409825	T	C	2.72054126811985e-05	4.565344681858502
12:55353781:T:C	6.20609e-06	0.00311864	-6.21962	-4.19483	12	55353781	T	C	2.7307631778058527e-05	4.5637159619004635
12:115739465:T:C	6.56726e-05	0.0457678	-6.54665	-4.19472	12	115739465	T	C	2.7320886788800858e-05	4.563505208312889
12:19048794:A:G	6.18841e-06	0.00141319	-5.43093	-4.19406	12	19048794	A	G	2.740054541457544e-05	4.562240792355416
12:120061642:A:AG	6.25942e-05	9.94775e-07	4.14191	4.19383	12	120061642	A	AG	2.7428357090792136e-05	4.561800205073986
12:47603720:C:G	7.22127e-06	0.00367605	-6.23256	-4.19318	12	47603720	C	G	2.7507100492683463e-05	4.560555185924143
12:25219336:AT:A	0.000560259	2.77933e-06	5.30619	4.19288	12	25219336	AT	A	2.7543516053298723e-05	4.559980620902726
12:26469270:T:C	1.26088e-05	0.0171521	-7.21548	-4.19271	12	26469270	T	C	2.756417187964931e-05	4.55965505065437
12:41626787:G:A	1.05283e-05	0.00527415	-6.21651	-4.19232	12	41626787	G	A	2.7611614441631066e-05	4.558908199568867
12:66069074:T:C	2.28329e-05	0.0139551	-6.4154	-4.19222	12	66069074	T	C	2.7623791701201887e-05	4.5587167094689
12:128350293:C:G	0.0478672	0.000807363	4.08241	4.19202	12	128350293	C	G	2.7648161540498612e-05	4.558333741732227
12:19973306:C:T	2.27028e-05	0.0227901	-6.9116	-4.19201	12	19973306	C	T	2.764938056888804e-05	4.558314593781605
12:28896882:C:T	2.87474e-05	0.0165639	-6.35643	-4.19153	12	28896882	C	T	2.770795406578351e-05	4.557395541007527
12:14640462:CAA:C	0.00259911	4.91841e-05	3.96736	4.19064	12	14640462	CAA	C	2.7816871400474604e-05	4.555691717259729
12:25208167:T:TA	1.50019e-07	6.84028e-05	-6.12241	-4.19054	12	25208167	T	TA	2.7829134710075086e-05	4.555500296953122
12:23379878:CA:C	0.000195998	2.61655e-07	6.61883	4.1896	12	23379878	CA	C	2.7944661344991536e-05	4.553701149132443
12:4692625:A:G	9.12592e-06	0.00810548	-6.78918	-4.1893	12	4692625	A	G	2.7981627427815773e-05	4.553127030288572
12:52105220:C:T	0.0115692	0.00022853	3.92443	4.18907	12	52105220	C	T	2.8009999570989435e-05	4.552686897828232
12:62230891:G:A	1.29773e-05	0.00789989	-6.41141	-4.18904	12	62230891	G	A	2.801370230108817e-05	4.5526294908665905
12:93201651:T:A	0.000596346	0.0475925	-4.37961	-4.1887	12	93201651	T	A	2.8055699112019735e-05	4.5519789047645
12:28007698:G:A	9.15467e-06	0.00207411	-5.42302	-4.18844	12	28007698	G	A	2.808785470116634e-05	4.5514814301478355
12:67834650:A:G	2.16131e-05	0.0215946	-6.9069	-4.18835	12	67834650	A	G	2.809899364324785e-05	4.551309233938717
12:114145784:CTT:C	0.00593435	7.93683e-06	6.617	4.18826	12	114145784	CTT	C	2.8110136784961796e-05	4.55113704109446
12:73810601:T:C	3.95401e-07	0.000534537	-7.20926	-4.18801	12	73810601	T	C	2.8141112003975776e-05	4.550658745293288
12:88538469:C:T	0.00124801	2.05648e-06	6.40831	4.18719	12	88538469	C	T	2.824293865318194e-05	4.549090117306389
12:90757178:T:C	1.48398e-05	0.020036	-7.20797	-4.18704	12	90757178	T	C	2.8261603337969208e-05	4.548803203383411
12:46098386:C:A	5.31452e-06	0.00445963	-6.73238	-4.18677	12	46098386	C	A	2.829522932515016e-05	4.548286781875546
12:46098492:G:T	5.31755e-06	0.00445903	-6.73167	-4.18622	12	46098492	G	T	2.8363844397239633e-05	4.547234905810741
12:83719530:C:T	1.00409e-06	0.000506601	-6.22364	-4.18601	12	83719530	C	T	2.839008458424572e-05	4.546833313553169
12:16256689:T:C	0.0491797	0.00016833	5.67731	4.1858	12	16256689	T	C	2.8416347848146917e-05	4.546431739614679
12:20016995:T:C	2.47282e-06	0.00207118	-6.73052	-4.18532	12	20016995	T	C	2.8476464924410328e-05	4.545513925116353
12:125777524:C:T	9.79327e-06	0.00818938	-6.7289	-4.18407	12	125777524	C	T	2.8633587731461703e-05	4.543124232336178
12:82157807:A:G	1.47399e-05	0.00627347	-6.05352	-4.18399	12	82157807	A	G	2.8643671600729968e-05	4.542971314096871
12:61320397:T:A	2.13364e-05	0.0191967	-6.80208	-4.18094	12	61320397	T	A	2.9030646739698852e-05	4.537143288923622
12:61320400:A:C	2.13364e-05	0.0191967	-6.80208	-4.18094	12	61320400	A	C	2.9030646739698852e-05	4.537143288923622
12:46097657:T:C	4.3297e-06	0.00360553	-6.72472	-4.18084	12	46097657	T	C	2.9043418206457135e-05	4.536952271551805
12:16253719:G:T	9.95437e-05	0.0730039	-6.59767	-4.1794	12	16253719	G	T	2.9227920544368898e-05	4.534202081947768
12:10239885:G:T	0.000182612	3.50545e-06	3.95304	4.17902	12	10239885	G	T	2.9276794134236512e-05	4.533476481098524
12:29406754:C:T	0.00589384	1.8318e-05	5.77378	4.17872	12	29406754	C	T	2.9315433408388466e-05	4.532903680688459
12:60441719:T:G	5.49533e-06	0.00250685	-6.12288	-4.17835	12	60441719	T	G	2.936315527215456e-05	4.532197278331648
12:64235422:A:G	4.61219e-06	0.0027701	-6.39794	-4.1783	12	64235422	A	G	2.9369609833270568e-05	4.532101822914828
12:95178452:A:G	4.42604e-06	0.00387274	-6.77421	-4.17759	12	95178452	A	G	2.9461410267748266e-05	4.530746468055443
12:83308225:A:T	5.31636e-06	0.00388746	-6.59472	-4.17704	12	83308225	A	T	2.9532710679854305e-05	4.529696689192229
12:12431408:C:CTTTT	3.11194e-06	0.00233427	-6.62021	-4.17648	12	12431408	C	CTTTT	2.960547595678284e-05	4.5286279525268265
12:61439717:G:A	3.18881e-06	0.00424361	-7.19352	-4.17613	12	61439717	G	A	2.9651040754487473e-05	4.527960058252558
12:77701429:C:T	0.0277503	0.000478197	4.06098	4.17541	12	77701429	C	T	2.9744983729270425e-05	4.5265862643012955
12:59301707:GAA:G	0.00354004	6.03973e-06	6.37353	4.17534	12	59301707	GAA	G	2.9754132147346e-05	4.526452712484226
12:114365210:GA:G	0.015136	2.58973e-05	6.37069	4.17312	12	114365210	GA	G	3.0045658885438754e-05	4.522218267697583
12:107833452:T:C	0.000797814	5.33274e-06	5.00801	4.17297	12	107833452	T	C	3.0065454233225073e-05	4.521932230385156
12:127276496:TACACACACA:T	0.00417829	3.7996e-05	4.70018	4.17218	12	127276496	TACACACACA	T	3.0169914443212486e-05	4.520425921409148
12:88792787:A:C	4.01395e-05	0.0056906	-4.95421	-4.17203	12	88792787	A	C	3.018978758518081e-05	4.5201399426545565
12:108512909:C:G	3.93134e-05	0.0228967	-6.36718	-4.17197	12	108512909	C	G	3.019774032492358e-05	4.52002555376911
12:79953690:T:C	3.93851e-06	0.00138178	-5.86033	-4.17112	12	79953690	T	C	3.03106182500419e-05	4.518405205174995
12:93549034:C:A	0.0219087	6.86653e-05	5.76539	4.17052	12	93549034	C	A	3.0390538086761555e-05	4.517261610349721
12:16092777:C:A	1.46096e-05	0.0129638	-6.78824	-4.17033	12	16092777	C	A	3.0415887756017247e-05	4.5168995031559165
12:107833635:G:GC	0.000796203	5.34545e-06	5.00361	4.16977	12	107833635	G	GC	3.0490719518200586e-05	4.51583232705813
12:43858212:T:C	0.00126151	2.06745e-05	4.11116	4.16893	12	43858212	T	C	3.0603295297493765e-05	4.514231807098011
12:21055567:A:G	8.53828e-07	0.000298394	-5.85644	-4.1683	12	21055567	A	G	3.068798622710007e-05	4.513031609422614
12:10517702:T:G	1.05544e-05	0.00912164	-6.76186	-4.16794	12	10517702	T	G	3.0736480993313936e-05	4.51234585618138
12:12251730:A:C	0.00127427	2.14185e-05	4.08588	4.16745	12	12251730	A	C	3.080260478882599e-05	4.511412556305366
12:89258348:C:T	1.63056e-05	0.0133409	-6.70708	-4.16717	12	89258348	C	T	3.084045048495936e-05	4.510879286856387
12:26081538:C:G	3.97868e-05	0.0294324	-6.60632	-4.16559	12	26081538	C	G	3.105483787272302e-05	4.507870733723713
12:25422731:C:T	4.17437e-05	0.0405033	-6.87759	-4.16554	12	25422731	C	T	3.106164534619627e-05	4.507775543267854
12:74406393:A:G	2.82523e-06	0.00274043	-6.87728	-4.1653	12	74406393	A	G	3.1094340962166254e-05	4.5073186435305574
12:61442688:G:A	6.31521e-06	0.00262675	-6.03054	-4.16512	12	61442688	G	A	3.111888413264376e-05	4.5069759844241215
12:1785610:GTTAGCAAGA:G	0.00306193	6.902e-06	6.09499	4.16443	12	1785610	GTTAGCAAGA	G	3.121313692451512e-05	4.505662582486649
12:77656379:A:T	0.000457053	8.24166e-06	4.0156	4.1644	12	77656379	A	T	3.121724101913247e-05	4.505605482539258
12:26469794:T:C	1.28662e-05	0.0124624	-6.87587	-4.1642	12	26469794	T	C	3.1244614756817745e-05	4.5052248257739675
12:32864309:TAC:T	0.00569418	5.54705e-05	4.63135	4.16405	12	32864309	TAC	T	3.1265160026485084e-05	4.504939344100166
12:29413024:CT:C	3.12012e-06	0.00196839	-6.4471	-4.1639	12	29413024	CT	C	3.128571813289052e-05	4.504653871769339
12:45367324:A:G	2.10393e-06	0.00180887	-6.75665	-4.16386	12	45367324	A	G	3.129120246354526e-05	4.504577747392374
12:27231014:T:A	6.78574e-06	0.00583036	-6.75601	-4.16336	12	27231014	T	A	3.13598337209924e-05	4.503626248737819
12:61442753:A:G	6.32322e-06	0.00262389	-6.02819	-4.16318	12	61442753	A	G	3.138457596961084e-05	4.503283734634816
12:68823300:C:A	0.00178736	2.47413e-06	6.5826	4.16315	12	68823300	C	A	3.138870148064832e-05	4.503226650258981
12:55271673:CTGTG:C	0.00567431	9.6517e-06	6.37657	4.16195	12	55271673	CTGTG	C	3.15541451036838e-05	4.500943581668327
12:7612517:AGAAGGAAGG:A	0.0083229	1.44533e-05	6.35584	4.16158	12	7612517	AGAAGGAAGG	A	3.160532378513637e-05	4.50023975612319
12:61318879:A:G	2.57927e-05	0.0226263	-6.77678	-4.16154	12	61318879	A	G	3.1610861337351714e-05	4.5001636702799255
12:96382356:T:TA	1.50009e-05	0.00813089	-6.29531	-4.16015	12	96382356	T	TA	3.1803864911702236e-05	4.49752009989506
12:27228416:A:G	5.79591e-06	0.00507395	-6.77472	-4.15997	12	27228416	A	G	3.182893990828168e-05	4.497177825709829
12:48368279:A:AT	2.09527e-05	0.0153629	-6.59744	-4.15863	12	48368279	A	AT	3.2016200613928674e-05	4.494630207404477
12:46097935:T:A	0.00306056	4.34674e-06	6.55693	4.15858	12	46097935	T	A	3.20232081710848e-05	4.494535161448419
12:74420729:CA:C	0.00204812	6.54373e-06	5.74617	4.15776	12	74420729	CA	C	3.2138340234677566e-05	4.492976555871797
12:27229090:T:C	6.85926e-06	0.00401387	-6.37191	-4.15755	12	27229090	T	C	3.2167888467451755e-05	4.492577445688974
12:13638764:C:G	8.26198e-06	0.00793379	-6.86722	-4.15747	12	13638764	C	G	3.217915172479441e-05	4.492425408530855
12:82798239:G:A	0.00304075	2.82365e-05	4.67924	4.15661	12	82798239	G	A	3.2300468613423963e-05	4.490791176902709
12:60443237:G:A	5.9951e-06	0.00265469	-6.09314	-4.15528	12	60443237	G	A	3.248894258685007e-05	4.488264423347823
12:56305820:A:AG	6.84292e-06	0.00499184	-6.59235	-4.15463	12	56305820	A	AG	3.258143355975349e-05	4.487029810960796
12:63320716:C:T	5.86814e-06	0.00322616	-6.30951	-4.15343	12	63320716	C	T	3.2752843691653854e-05	4.484750987398033
12:30655990:T:G	6.68e-07	0.000862096	-7.16283	-4.15296	12	30655990	T	G	3.282021251953488e-05	4.483858611102472
12:61025641:C:T	3.48006e-06	0.00269831	-6.65333	-4.15224	12	61025641	C	T	3.292367117918256e-05	4.482491744420677
12:49032195:T:C	6.35374e-06	0.00302415	-6.16534	-4.15089	12	49032195	T	C	3.311849176377913e-05	4.479929449471181
12:99343481:G:A	7.46661e-06	0.00631275	-6.73989	-4.15075	12	99343481	G	A	3.3138757934439284e-05	4.479663773295319
12:47603869:CCAA:C	0.0036854	7.21531e-06	6.23593	4.15027	12	47603869	CCAA	C	3.320833142109896e-05	4.47875294532346
12:77207906:A:G	4.23034e-06	0.00543741	-7.15878	-4.1499	12	77207906	A	G	3.32620556597338e-05	4.4780509140434
12:998854:C:CT	7.97957e-06	0.00758668	-6.85726	-4.14972	12	998854	C	CT	3.328822161846964e-05	4.477709405862127
12:46098101:T:C	0.00361094	5.19653e-06	6.54373	4.14915	12	46098101	T	C	3.3371209541960744e-05	4.47662805202428
12:2761901:T:C	4.92857e-05	0.0203176	-6.02161	-4.14897	12	2761901	T	C	3.3397457057995515e-05	4.476286599886766
12:88788111:G:A	3.77708e-05	0.00519006	-4.92296	-4.14896	12	88788111	G	A	3.339891582816908e-05	4.476267630717948
12:60427398:CTTTTTTTTT:C	0.0013484	2.44017e-06	6.31461	4.14836	12	60427398	CTTTTTTTTT	C	3.348655288458337e-05	4.475129556558531
12:19708879:T:C	3.55618e-06	0.00250833	-6.55868	-4.14824	12	19708879	T	C	3.3504106487686165e-05	4.474901959660367
12:49503648:C:CA	0.00100914	1.58973e-05	4.15071	4.14772	12	49503648	C	CA	3.358027315120205e-05	4.473915775512523
12:21430397:AGTGT:A	0.00700129	0.000116635	4.0948	4.14746	12	21430397	AGTGT	A	3.3618418132564335e-05	4.473422725532508
12:8784085:T:C	8.93219e-07	0.000445225	-6.2115	-4.14737	12	8784085	T	C	3.363163175117963e-05	4.473252060923802
12:123532754:T:TG	0.00386161	6.2779e-05	4.11922	4.14734	12	123532754	T	TG	3.363603738687224e-05	4.473195173468124
12:58063434:A:G	2.7631e-06	0.00130931	-6.16091	-4.1473	12	58063434	A	G	3.3641912420537804e-05	4.473119324108394
12:107833747:A:AT	0.000794063	5.51178e-06	4.97027	4.14551	12	107833747	A	AT	3.390582021399963e-05	4.469725745163822
12:79949586:C:T	1.57895e-06	0.00135511	-6.75488	-4.14475	12	79949586	C	T	3.4018464099944644e-05	4.468285298247745
12:90303378:AT:A	0.00656653	1.19592e-05	6.30824	4.14366	12	90303378	AT	A	3.418063977494292e-05	4.466219812647259
12:61509834:T:C	6.06826e-06	0.00435887	-6.5769	-4.14252	12	61509834	T	C	3.435104017617154e-05	4.464060107631159
12:6682319:CCAAAA:C	0.00575286	2.1588e-05	5.58532	4.14183	12	6682319	CCAAAA	C	3.445456888757956e-05	4.462753179820302
12:74830505:G:A	6.19361e-06	0.00517609	-6.72829	-4.14168	12	74830505	G	A	3.447711430880724e-05	4.462469091229208
12:92253229:C:A	0.0103345	0.000164113	4.14269	4.14127	12	92253229	C	A	3.4538809970243186e-05	4.4616926300650315
12:68828300:A:T	4.65081e-06	0.00324623	-6.54821	-4.13987	12	68828300	A	T	3.475026932373445e-05	4.459041825164271
12:50020071:A:T	0.00252908	4.4724e-05	4.0351	4.13971	12	50020071	A	T	3.477451424436076e-05	4.458738927833892
12:23782465:A:G	1.01893e-05	0.00849294	-6.72566	-4.13962	12	23782465	A	G	3.478815907095906e-05	4.458568552755081
12:61318978:C:A	2.84249e-05	0.0153554	-6.29196	-4.13918	12	61318978	C	A	3.4854940337713297e-05	4.4577356563222255
12:61025925:A:G	3.56457e-06	0.00270662	-6.63241	-4.1381	12	61025925	A	G	3.501937454023061e-05	4.4556916148531505
12:46099003:A:G	0.00445863	6.52758e-06	6.52656	4.13688	12	46099003	A	G	3.520601037558042e-05	4.453383187370648
12:42425246:A:AT	1.29347e-06	0.00069385	-6.28492	-4.13645	12	42425246	A	AT	3.527201670238061e-05	4.452569708529942
12:83310854:C:T	6.37846e-06	0.004432	-6.54368	-4.13625	12	83310854	C	T	3.5302757345479504e-05	4.452191372426357
12:120454444:G:A	0.0112762	2.25283e-05	6.21567	4.13608	12	120454444	G	A	3.532890689409959e-05	4.451869799791446
12:47602767:C:T	0.00371296	7.42323e-06	6.21497	4.13559	12	47602767	C	T	3.540438207745532e-05	4.450942981073729
12:58911151:G:GCTAAAAGAT	0.0272556	0.000260426	4.65069	4.13537	12	58911151	G	GCTAAAAGAT	3.5438318677861133e-05	4.450526890798766
12:81639046:T:C	8.79172e-06	0.00728708	-6.72005	-4.13523	12	81639046	T	C	3.5459930777300605e-05	4.450262116537292
12:51813410:A:G	1.2824e-05	0.0100492	-6.66393	-4.13374	12	51813410	A	G	3.5690722046714444e-05	4.447444665893268
12:89592746:T:C	8.37298e-06	0.0105263	-7.13662	-4.13317	12	89592746	T	C	3.577938794786288e-05	4.446367092867005
12:115741007:G:A	7.81034e-05	0.050068	-6.4631	-4.13256	12	115741007	G	A	3.587450769354328e-05	4.445214050047348
12:50782687:C:CT	1.11143e-05	0.00788142	-6.56403	-4.13242	12	50782687	C	CT	3.5896372308223384e-05	4.444949439057541
12:69859472:C:A	1.12843e-05	0.00603927	-6.28263	-4.13161	12	69859472	C	A	3.6023123321065034e-05	4.443418635150629
12:80460435:G:A	0.00704817	6.59964e-05	4.67092	4.13133	12	80460435	G	A	3.606703724314862e-05	4.442889531698804
12:19528134:CAGAA:C	0.0028706	1.21992e-05	5.4609	4.1308	12	19528134	CAGAA	C	3.615029922992589e-05	4.441888103532167
12:26083267:T:A	2.96586e-05	0.0275209	-6.83295	-4.13079	12	26083267	T	A	3.615187196368553e-05	4.441869209781616
12:88570537:C:CA	1.37272e-05	0.00331364	-5.48643	-4.1307	12	88570537	C	CA	3.6166029491371536e-05	4.441699167894164
12:43243639:A:G	0.00179039	1.67799e-05	4.67001	4.13064	12	43243639	A	G	3.6175470767617135e-05	4.441585808503381
12:2762520:T:C	5.07802e-05	0.0203678	-5.9942	-4.13042	12	2762520	T	C	3.621010880638818e-05	4.441170170185944
12:2762479:T:C	5.07802e-05	0.0203678	-5.9942	-4.13042	12	2762479	T	C	3.621010880638818e-05	4.441170170185944
12:61436250:G:T	0.00104829	3.47359e-06	5.70972	4.13009	12	61436250	G	T	3.626212491601676e-05	4.440546750371193
12:20027815:C:T	1.72857e-06	0.000304581	-5.17164	-4.13007	12	20027815	C	T	3.626527968665968e-05	4.440508968804618
12:115740811:T:C	7.68207e-05	0.0490646	-6.45942	-4.12982	12	115740811	T	C	3.630473631431188e-05	4.440036713228647
12:88532295:C:T	1.40531e-06	0.00175689	-7.13105	-4.12896	12	88532295	C	T	3.644077862212213e-05	4.4384123521249865
12:73012559:A:G	4.49656e-06	0.00208747	-6.1404	-4.12826	12	73012559	A	G	3.6551867915517724e-05	4.437090424323807
12:113388336:C:CA	0.00361477	8.05307e-05	3.80415	4.12759	12	113388336	C	CA	3.665849734375755e-05	4.435825341029265
12:33809485:G:A	5.03744e-08	2.00051e-05	-5.98426	-4.12712	12	33809485	G	A	3.673347327315211e-05	4.434938005712735
12:88778935:G:A	2.27771e-05	0.00909026	-5.9892	-4.12703	12	88778935	G	A	3.674784696490805e-05	4.434768100896829
12:83428437:T:A	7.68264e-06	0.00953865	-7.12414	-4.12375	12	83428437	T	A	3.7275346762883197e-05	4.428578307727249
12:59655707:G:T	1.27441e-05	0.0117066	-6.82284	-4.12293	12	59655707	G	T	3.740834053981172e-05	4.4270315569819
12:77704279:G:A	0.000140113	0.0351318	-5.52441	-4.12292	12	77704279	G	A	3.7409965191978446e-05	4.427012695889973
12:620339:G:A	6.1196e-06	0.00418057	-6.52671	-4.12269	12	620339	G	A	3.744735068479289e-05	4.426578902228196
12:2762186:C:A	5.11078e-05	0.0202488	-5.98191	-4.1221	12	2762186	C	A	3.754341485686249e-05	4.425466227557976
12:73393229:CAT:C	0.00533766	9.75454e-06	6.30481	4.12188	12	73393229	CAT	C	3.757929524033914e-05	4.425051368889612
12:71488216:A:G	1.82463e-05	0.00376256	-5.32889	-4.12145	12	71488216	A	G	3.764951909561749e-05	4.424240566752882
12:91591448:T:C	3.06877e-06	0.00379834	-7.12104	-4.12141	12	91591448	T	C	3.765605787663323e-05	4.4241651471987185
12:12432447:C:G	3.1104e-06	0.00173925	-6.32646	-4.12131	12	12432447	C	G	3.767240954600179e-05	4.4239766012178645
12:23890063:T:C	6.82202e-06	0.00317538	-6.14303	-4.12125	12	23890063	T	C	3.7682223782856736e-05	4.423863475621043
12:43247568:A:T	4.96045e-06	0.00204762	-6.02294	-4.12051	12	43247568	A	T	3.7803465775791157e-05	4.422468382747337
12:115741462:G:A	8.03614e-05	0.0506716	-6.44659	-4.12027	12	115741462	G	A	3.7842866965518684e-05	4.422015968989619
12:117630902:C:G	1.83932e-05	0.0168273	-6.81878	-4.11977	12	117630902	C	G	3.792507802124959e-05	4.421073517089332
12:82775518:A:G	0.0234473	0.000425549	4.00913	4.119	12	82775518	A	G	3.805201470977139e-05	4.41962234403999
12:107833992:G:C	0.00079162	5.69871e-06	4.93384	4.11899	12	107833992	G	C	3.8053665888005424e-05	4.4196034992549444
12:122336962:G:GT	1.41335e-05	0.00740598	-6.26149	-4.11877	12	122336962	G	GT	3.809000902118342e-05	4.419188924481356
12:23807243:T:C	1.01225e-05	0.0046912	-6.13868	-4.11776	12	23807243	T	C	3.8257280298480034e-05	4.417285907109179
12:28898489:C:G	3.04576e-05	0.0160046	-6.2643	-4.11672	12	28898489	C	G	3.843024854448746e-05	4.415326806762548
12:617266:T:C	6.53993e-06	0.00595757	-6.81449	-4.11643	12	617266	T	C	3.84786122690345e-05	4.414780599180182
12:76598516:A:G	1.08671e-06	0.00083249	-6.64126	-4.11618	12	76598516	A	G	3.852035149925414e-05	4.414309758580473
12:29414412:T:G	0.00134461	4.56602e-06	5.68522	4.11561	12	29414412	T	G	3.861567769765951e-05	4.413236338974741
12:115741520:G:A	8.05438e-05	0.0504137	-6.43922	-4.11479	12	115741520	G	A	3.8753206476111165e-05	4.411692357744272
12:91826640:G:A	2.50335e-05	0.0307135	-7.11224	-4.11476	12	91826640	G	A	3.8758246821747086e-05	4.411635875915935
12:92460493:G:C	0.0185592	3.42422e-05	6.29526	4.11446	12	92460493	G	C	3.880868451283762e-05	4.4110710781695
12:81910500:T:A	3.65052e-06	0.00252935	-6.54085	-4.11425	12	81910500	T	A	3.88440279581755e-05	4.410675741964153
12:23231736:G:A	1.42821e-06	0.000893237	-6.43843	-4.11421	12	23231736	G	A	3.885076350592304e-05	4.410600441904224
12:13552958:T:C	8.75322e-06	0.00641071	-6.5963	-4.11368	12	13552958	T	C	3.894011423378451e-05	4.4096027787782495
12:88792011:T:G	4.37269e-05	0.00572393	-4.87445	-4.11314	12	88792011	T	G	3.903135140063114e-05	4.408586411678616
12:41085397:T:G	0.00507518	1.98221e-05	5.54532	4.11278	12	41085397	T	G	3.9092288858838864e-05	4.407908900822231
12:107834298:G:A	0.000792279	5.75243e-06	4.92529	4.11277	12	107834298	G	A	3.9093982854303796e-05	4.407890081843738
12:105033242:T:C	7.43944e-05	0.0288398	-5.96013	-4.11267	12	105033242	T	C	3.9110926641334286e-05	4.407701894340613
12:79947617:G:A	1.48767e-06	0.00100346	-6.514	-4.11254	12	79947617	G	A	3.913296398480815e-05	4.407457256788902
12:27230198:T:C	7.15876e-06	0.00395771	-6.31508	-4.11225	12	27230198	T	C	3.9182166689089864e-05	4.406911552131529
12:2762054:C:T	5.13161e-05	0.0200179	-5.96638	-4.11158	12	2762054	C	T	3.9296066527602666e-05	4.405650919620816
12:55358949:A:G	2.2524e-06	0.00181129	-6.6898	-4.11158	12	55358949	A	G	3.9296066527602666e-05	4.405650919620816
12:46094347:A:C	0.00162232	2.46148e-06	6.49085	4.11135	12	46094347	A	C	3.933523887393728e-05	4.405218208115472
12:61319707:A:T	2.33466e-05	0.0191359	-6.70887	-4.10947	12	61319707	A	T	3.9656822666245355e-05	4.401682084729671
12:61319772:A:T	2.33466e-05	0.0191359	-6.70887	-4.10947	12	61319772	A	T	3.9656822666245355e-05	4.401682084729671
12:77202976:T:G	5.08932e-06	0.00212403	-6.03393	-4.10935	12	77202976	T	G	3.9677433779415355e-05	4.401456424508777
12:72446152:C:CTT	1.54612e-06	0.00123901	-6.68632	-4.10886	12	72446152	C	CTT	3.976170138584916e-05	4.400535040605786
12:20922657:GTCTA:G	0.00329866	2.08958e-05	5.06172	4.10811	12	20922657	GTCTA	G	3.989101143565e-05	4.399124952024259
12:21551013:A:AAAAT	1.64588e-05	0.00407681	-5.51221	-4.10789	12	21551013	A	AAAAT	3.992901802333002e-05	4.398711370303863
12:51420636:C:T	5.87893e-05	0.0305392	-6.25281	-4.10739	12	51420636	C	T	4.0015524475723684e-05	4.397771486519118
12:47602088:G:A	8.14586e-06	0.00372571	-6.1255	-4.10718	12	47602088	G	A	4.0051910197929654e-05	4.397376766255472
12:22530194:T:C	7.93374e-05	1.46208e-06	3.99385	4.10682	12	22530194	T	C	4.011435878076146e-05	4.396700145508169
12:28483789:G:A	0.00254253	3.82415e-06	6.49958	4.10651	12	28483789	G	A	4.0168207982313364e-05	4.396117542944774
12:16252159:C:T	0.000118337	0.0791255	-6.50526	-4.10555	12	16252159	C	T	4.033540228736146e-05	4.394313607239426
12:79504009:G:C	3.63295e-06	0.000731991	-5.30572	-4.10497	12	79504009	G	C	4.043673531725756e-05	4.3932239146768195
12:73713654:A:G	4.7412e-06	0.00243888	-6.243	-4.10482	12	73713654	A	G	4.046298142639659e-05	4.39294212034603
12:88096050:ATTTT:A	0.00023999	9.26281e-07	5.55718	4.10456	12	88096050	ATTTT	A	4.0508512981481884e-05	4.392453698948974
12:17900928:G:A	7.99323e-06	0.00717008	-6.79908	-4.10443	12	17900928	G	A	4.0531296987182746e-05	4.392209498765975
12:52115123:T:C	3.90332e-05	0.00999403	-5.54533	-4.10403	12	52115123	T	C	4.060147791794911e-05	4.391458157557585
12:3810886:G:C	2.27293e-05	0.0184885	-6.70125	-4.10363	12	3810886	G	C	4.067177415318892e-05	4.3907068827187326
12:10514250:AT:A	0.0152744	2.85775e-05	6.28132	4.10361	12	10514250	AT	A	4.067529199488825e-05	4.390669320718982
12:49759894:C:T	0.00926326	0.000218556	3.74677	4.10332	12	49759894	C	T	4.0726333156708e-05	4.390124690368125
12:7739461:TC:T	0.0360495	5.54265e-05	6.47759	4.10188	12	7739461	TC	T	4.098068036789375e-05	4.3874208356476325
12:50785557:G:A	1.29899e-05	0.00590153	-6.1188	-4.10179	12	50785557	G	A	4.0996627012194036e-05	4.3872518732863846
12:96391493:GT:G	0.0364446	0.000126718	5.66158	4.10155	12	96391493	GT	G	4.103918018816759e-05	4.3868013234155185
12:14630463:G:C	6.72167e-06	0.00163343	-5.4931	-4.10144	12	14630463	G	C	4.105869773078547e-05	4.386594829376115
12:73815306:C:T	2.54273e-07	0.000306224	-7.09367	-4.10074	12	73815306	C	T	4.118310678867871e-05	4.3852808939908074
12:63319848:C:G	6.09089e-06	0.00313791	-6.24452	-4.10066	12	63319848	C	G	4.119734772020798e-05	4.385130742888127
12:12208643:T:C	0.000124946	2.37143e-06	3.96439	4.10058	12	12208643	T	C	4.121159332428131e-05	4.384980594440067
12:73153210:A:C	0.0100847	1.09525e-05	6.82521	4.10039	12	73153210	A	C	4.124544536906283e-05	4.38462400251514
12:99850842:C:T	0.00298137	5.32101e-05	4.02589	4.0999	12	99850842	C	T	4.1332869816727254e-05	4.383704439811452
12:93494763:A:G	3.57071e-06	0.00182422	-6.23614	-4.09964	12	93494763	A	G	4.137932967028962e-05	4.383216549021959
12:44851140:A:G	1.58737e-05	0.0107851	-6.52126	-4.09888	12	44851140	A	G	4.151541967499737e-05	4.381790567481443
12:62229338:T:C	1.35089e-05	0.0106875	-6.67348	-4.09882	12	62229338	T	C	4.152618169026457e-05	4.38167800019483
12:23525811:A:G	2.15911e-05	0.0143082	-6.4963	-4.09839	12	23525811	A	G	4.1603386965265733e-05	4.38087131167017
12:120454839:T:TAC	0.0109915	2.31854e-05	6.16135	4.09802	12	120454839	T	TAC	4.166992840523834e-05	4.380177245720707
12:58469109:TAC:T	0.0158786	5.57738e-05	5.65142	4.0978	12	58469109	TAC	T	4.170954144379252e-05	4.379764584777167
12:51313228:A:AAGGCAGGC	4.49336e-06	0.00362278	-6.6924	-4.09684	12	51313228	A	AAGGCAGGC	4.188281684198861e-05	4.377964117399282
12:81642127:T:C	2.22127e-05	0.0175115	-6.66995	-4.09606	12	81642127	T	C	4.202410577229166e-05	4.3765015191089836
12:75186350:C:T	2.09724e-05	0.0185926	-6.78731	-4.09527	12	75186350	C	T	4.21676669666595e-05	4.375020426766378
12:55271672:C:CTGTGTGTG	2.04146e-06	0.00180927	-6.78702	-4.09505	12	55271672	C	CTGTGTGTG	4.2207728787886984e-05	4.3746080167493115
12:107834545:G:A	0.000791787	5.8913e-06	4.90082	4.09496	12	107834545	G	A	4.2224128120291646e-05	4.374439309346191
12:123529580:AT:A	0.00676983	6.83134e-05	4.59613	4.09477	12	123529580	AT	A	4.225876878727093e-05	4.374083160305087
12:49760535:CTTT:C	0.000211888	0.0149629	-4.25727	-4.09354	12	49760535	CTTT	C	4.248367461840285e-05	4.371777926072624
12:23804396:C:G	1.24413e-06	0.000302129	-5.49242	-4.09243	12	23804396	C	G	4.268761280156858e-05	4.3696981313542675
12:16255522:T:C	0.000139258	0.0552957	-5.98412	-4.0921	12	16255522	T	C	4.2748421949505173e-05	4.369079912544499
12:76596796:T:C	1.20556e-06	0.00106413	-6.78297	-4.0919	12	76596796	T	C	4.2785315963632954e-05	4.368705256458243
12:120455307:C:T	2.37649e-05	0.0106641	-6.10643	-4.09185	12	120455307	C	T	4.279454418589455e-05	4.368611595028685
12:12255443:C:T	0.00216338	4.28121e-05	3.92261	4.09147	12	12255443	C	T	4.286474040817888e-05	4.367899802046586
12:25459365:GTTA:G	0.0433677	6.62277e-05	6.48437	4.09142	12	25459365	GTTA	G	4.28739848809936e-05	4.367806149533476
12:104030469:T:C	4.55054e-07	0.000401082	-6.78151	-4.09076	12	104030469	T	C	4.299618931769143e-05	4.366570033528201
12:49758410:G:A	6.49992e-05	0.0128241	-5.28471	-4.09001	12	49758410	G	A	4.313545907848023e-05	4.365165575528273
12:89753487:C:A	0.00195056	4.17085e-06	6.14775	4.08928	12	89753487	C	A	4.3271425872816605e-05	4.36379879376607
12:60434956:G:A	3.45093e-06	0.00255296	-6.60636	-4.08914	12	60434956	G	A	4.329754811519265e-05	4.36353669649171
12:115739945:G:A	0.0322981	8.13224e-05	5.98434	4.08892	12	115739945	G	A	4.333862757905631e-05	4.363124845768393
12:93331279:G:A	5.10336e-06	0.00289754	-6.34172	-4.0872	12	93331279	G	A	4.366107115129966e-05	4.3599056138079995
12:52106669:C:A	0.000166816	0.00973949	-4.06705	-4.08711	12	52106669	C	A	4.3678005696070735e-05	4.359737199400492
12:38370757:C:A	2.23184e-06	0.00145807	-6.48204	-4.08699	12	38370757	C	A	4.3700594781122274e-05	4.359512652082175
12:70219939:T:C	2.46369e-06	0.00291138	-7.07472	-4.08643	12	70219939	T	C	4.380615711313132e-05	4.35846484355233
12:44854288:C:T	1.41428e-05	0.0104138	-6.60168	-4.08551	12	44854288	C	T	4.398010621343786e-05	4.35674372613816
12:96557811:C:T	0.0010286	2.48448e-05	3.7233	4.08506	12	96557811	C	T	4.406542843027364e-05	4.355902003052376
12:48078352:TAC:T	0.00177339	3.49879e-06	6.22823	4.08458	12	48078352	TAC	T	4.415661183954287e-05	4.355004257648464
12:72697827:C:T	0.00369108	2.78629e-05	4.88638	4.08445	12	72697827	C	T	4.4181338128186796e-05	4.354761134709786
12:70220140:A:G	2.47019e-06	0.00291138	-7.07209	-4.08444	12	70220140	A	G	4.4183240694261174e-05	4.354742433235538
12:12431428:G:T	3.3335e-06	0.00167809	-6.22139	-4.08188	12	12431428	G	T	4.467286234453954e-05	4.3499562198896315
12:88577641:CAG:C	0.00492172	5.46905e-05	4.49972	4.08186	12	88577641	CAG	C	4.467670769540686e-05	4.3499188382959
12:128648999:A:G	0.000111105	0.0414727	-5.92231	-4.08175	12	128648999	A	G	4.4697862737438465e-05	4.349713242495084
12:21550314:AACACACAC:A	0.00398974	3.02735e-05	4.88121	4.08069	12	21550314	AACACACAC	A	4.490220789280938e-05	4.347732303716302
12:17972581:G:A	1.50589e-06	0.000293544	-5.27264	-4.08068	12	17972581	G	A	4.4904139889426454e-05	4.347713617832938
12:50022557:G:T	1.90141e-05	0.00428389	-5.41744	-4.07975	12	50022557	G	T	4.508416059104929e-05	4.345976011917064
12:18431742:T:G	6.6138e-06	0.00331999	-6.21856	-4.07959	12	18431742	T	G	4.5115200821009776e-05	4.345677105119722
12:111125683:T:C	0.00866761	0.000174242	3.9069	4.07916	12	111125683	T	C	4.5198721901438154e-05	4.344873845697482
12:51008256:A:C	3.31424e-06	0.00287748	-6.76644	-4.07903	12	51008256	A	C	4.522400131517669e-05	4.344631014918051
12:27229218:A:G	6.84353e-06	0.00538098	-6.66732	-4.07762	12	27229218	A	G	4.549904853788782e-05	4.3419976850805915
12:107836051:A:G	0.000786048	5.99211e-06	4.87657	4.07731	12	107836051	A	G	4.555973228309964e-05	4.341418836575249
12:50803249:CAA:C	0.0108778	2.36395e-05	6.13156	4.07715	12	50803249	CAA	C	4.559108294944188e-05	4.341120091645792
12:38738835:A:G	8.89933e-07	0.000699123	-6.66644	-4.07694	12	38738835	A	G	4.563226174775071e-05	4.340728005033511
12:34108485:A:G	5.69688e-07	7.67366e-05	-4.90304	-4.0769	12	34108485	A	G	4.564010932645022e-05	4.340653323942316
12:74072794:A:C	2.54118e-07	0.000184976	-6.59018	-4.0766	12	74072794	A	C	4.5699006975660254e-05	4.340093236903383
12:90239125:G:T	1.0849e-05	0.0126428	-7.06077	-4.07589	12	90239125	G	T	4.583868536687228e-05	4.338767846234823
12:74405527:T:C	1.62586e-06	0.000964222	-6.38529	-4.07467	12	74405527	T	C	4.607964212554922e-05	4.33649090249072
12:26660506:A:G	0.00995945	4.56204e-05	5.38592	4.07457	12	26660506	A	G	4.609944585045645e-05	4.336304295120881
12:25218921:T:TG	1.77097e-06	0.000557366	-5.75169	-4.07415	12	25218921	T	TG	4.618270966432713e-05	4.335520589440895
12:32669564:C:T	1.81292e-06	0.00210639	-7.05779	-4.07365	12	32669564	C	T	4.628201919869449e-05	4.334587701843857
12:74830814:T:C	6.7632e-06	0.00518074	-6.64121	-4.07358	12	74830814	T	C	4.629593868272522e-05	4.33445710585126
12:82802034:CCA:C	1.92527e-05	0.00448622	-5.45112	-4.07263	12	82802034	CCA	C	4.648523892284473e-05	4.332684932531079
12:4692947:A:G	1.1018e-05	0.00704922	-6.46114	-4.07029	12	4692947	A	G	4.695465072338639e-05	4.328321385645508
12:16250447:G:T	0.000129727	0.0663346	-6.23703	-4.06871	12	16250447	G	T	4.727414218394462e-05	4.325376342930502
12:30247415:AT:A	4.56873e-06	0.00139174	-5.71908	-4.06853	12	30247415	AT	A	4.731067045265434e-05	4.325040897400071
12:61022760:T:C	0.0016287	3.0225e-05	3.98687	4.0683	12	61022760	T	C	4.735738440864106e-05	4.3246122921014996
12:44889654:G:A	0.000192444	3.10169e-07	6.43044	4.06818	12	44889654	G	A	4.7381774265165334e-05	4.324388680651172
12:55359740:G:GA	6.15066e-06	0.00236629	-5.95252	-4.06813	12	55359740	G	GA	4.739194022005226e-05	4.3242955109753485
12:12252938:A:G	0.00135375	2.59395e-05	3.95487	4.067	12	12252938	A	G	4.7622243062816435e-05	4.32219015267617
12:87756735:C:CAAA	1.93404e-06	0.00146778	-6.63189	-4.0663	12	87756735	C	CAAA	4.776544037251916e-05	4.320886213930507
12:20021430:G:A	2.32633e-06	0.00151225	-6.47707	-4.06423	12	20021430	G	A	4.819128766963054e-05	4.317031469209401
12:89753657:T:C	0.00187699	4.16894e-06	6.10976	4.06356	12	89753657	T	C	4.832989162763938e-05	4.315784178698714
12:16253756:G:A	0.0418748	0.000171944	5.49527	4.0627	12	16253756	G	A	4.850835512702421e-05	4.314183451644155
12:88531718:CT:C	0.0016772	1.9193e-06	6.77292	4.06109	12	88531718	CT	C	4.8844136261677094e-05	4.311187565866392
12:46424447:T:C	0.00314477	6.0801e-06	6.24847	4.06005	12	46424447	T	C	4.9062208473323855e-05	4.309252906472261
12:25215150:T:C	1.49875e-06	0.000462878	-5.73283	-4.05988	12	25215150	T	C	4.9097942539964826e-05	4.308936706701101
12:25218970:C:T	1.81562e-06	0.000560007	-5.73152	-4.05889	12	25218970	C	T	4.930653162419019e-05	4.307095546028037
12:61317486:G:A	0.0145615	3.41975e-05	6.05398	4.0573	12	61317486	G	A	4.964329729054278e-05	4.304139380526841
12:29411034:G:T	5.06675e-06	0.00223976	-6.09142	-4.05706	12	29411034	G	T	4.9694318841465724e-05	4.303693257882967
12:13019390:A:G	7.80562e-06	0.00380947	-6.1904	-4.05673	12	13019390	A	G	4.976455463991184e-05	4.3030798782276385
12:76058195:CATATAT:C	0.0259365	4.25e-05	6.4139	4.05636	12	76058195	CATATAT	C	4.98434157615594e-05	4.302392203195488
12:83648980:T:C	1.05457e-06	0.000445765	-6.04666	-4.05593	12	83648980	T	C	4.99352140013969e-05	4.301593084579548
12:113592706:G:A	0.00747614	1.48764e-05	6.2197	4.05568	12	113592706	G	A	4.9988658718016144e-05	4.301128515961534
12:91599188:G:GATATA	0.00110381	2.92395e-06	5.93359	4.05428	12	91599188	G	GATATA	5.0288952510254004e-05	4.298527410387313
12:41271238:GA:G	0.0161669	0.000139198	4.75482	4.05375	12	41271238	GA	G	5.040308070174833e-05	4.297542918100491
12:70774630:G:GGATT	0.0260415	0.00027037	4.56766	4.0534	12	70774630	G	GGATT	5.0478582918688755e-05	4.296892845507826
12:42972158:C:T	2.37957e-05	0.0100406	-6.04488	-4.05337	12	42972158	C	T	5.048505952288668e-05	4.2968371273621555
12:89599730:A:T	1.01754e-05	0.00652063	-6.46276	-4.053	12	89599730	A	T	5.056500242832569e-05	4.296149967566857
12:67107371:T:C	1.21158e-05	0.002884	-5.47242	-4.05295	12	67107371	T	C	5.057581472165529e-05	4.296057112486584
12:33306475:G:GT	6.44051e-06	0.00727359	-7.0294	-4.05221	12	33306475	G	GT	5.0736093094898317e-05	4.294682978435807
12:33306479:G:T	6.44051e-06	0.00727359	-7.0294	-4.05221	12	33306479	G	T	5.0736093094898317e-05	4.294682978435807
12:33306481:C:T	6.44051e-06	0.00727359	-7.0294	-4.05221	12	33306481	C	T	5.0736093094898317e-05	4.294682978435807
12:81103206:T:C	8.70466e-06	0.00613649	-6.55815	-4.05178	12	81103206	T	C	5.082944884952553e-05	4.293884599384596
12:83306540:A:G	2.88322e-06	0.00219119	-6.63329	-4.05153	12	83306540	A	G	5.088380027086547e-05	4.29342046074342
12:17121273:TAA:T	0.00391132	3.59907e-05	4.68837	4.051	12	17121273	TAA	T	5.0999207507721297e-05	4.292436572484371
12:68822365:A:G	5.45167e-06	0.00405625	-6.61209	-4.05081	12	68822365	A	G	5.1040640288019246e-05	4.292083886171506
12:780736:T:G	4.38846e-05	0.0219042	-6.21287	-4.04954	12	780736	T	G	5.131840610554472e-05	4.289726840806781
12:70657255:G:C	3.19166e-05	0.0171902	-6.28897	-4.04881	12	70657255	G	C	5.1478714545947264e-05	4.288372306223205
12:31099952:C:T	0.00300849	8.03818e-06	5.92499	4.04841	12	31099952	C	T	5.156675594168674e-05	4.2876301891467
12:1386476:C:T	0.00186356	3.33155e-05	4.02422	4.04611	12	1386476	C	T	5.207576965839271e-05	4.283364302639501
12:83426905:A:G	1.04406e-05	0.00787559	-6.62582	-4.0458	12	83426905	A	G	5.2144738880891544e-05	4.2827895029662955
12:127270582:A:G	9.43716e-05	0.0333653	-5.86803	-4.04501	12	127270582	A	G	5.2320890740967836e-05	4.281324870941545
12:96945150:G:A	1.12595e-05	0.00935528	-6.72249	-4.04482	12	96945150	G	A	5.2363340419632573e-05	4.280972656247723
12:25217492:C:T	1.61582e-06	0.000489029	-5.71258	-4.04456	12	25217492	C	T	5.2421482344530716e-05	4.28049070248618
12:1773518:C:CT	2.33058e-06	0.00147657	-6.45136	-4.04407	12	1773518	C	CT	5.253122384027829e-05	4.27958248115219
12:45431621:A:G	2.56173e-06	0.00286194	-7.01857	-4.04403	12	45431621	A	G	5.25401919343928e-05	4.279508345027386
12:41093149:GTA:G	1.00557e-05	0.00235871	-5.45774	-4.04266	12	41093149	GTA	G	5.2848226422467906e-05	4.276969582961287
12:58469324:A:G	0.014945	5.67838e-05	5.57288	4.04251	12	58469324	A	G	5.288205657507234e-05	4.276691663548174
12:50010873:A:G	1.27348e-06	0.000235077	-5.21816	-4.0407	12	50010873	A	G	5.329189486038136e-05	4.273338837597757
12:120455772:G:A	0.0106382	2.43666e-05	6.079	4.04032	12	120455772	G	A	5.3378319666392846e-05	4.272635101794287
12:108820851:G:A	4.24642e-06	0.00150589	-5.87106	-4.04018	12	108820851	G	A	5.341019384806788e-05	4.272375845790581
12:92457718:A:G	3.23873e-05	0.024246	-6.61824	-4.03998	12	92457718	A	G	5.3455759679056995e-05	4.272005494158317
12:12620243:CT:C	0.00530784	2.54637e-05	5.33969	4.03989	12	12620243	CT	C	5.347627631773413e-05	4.271838841330828
12:96117534:A:C	3.67371e-05	0.0195236	-6.27559	-4.03908	12	96117534	A	C	5.366126211676401e-05	4.270339116906345
12:42966865:CGT:C	0.00883603	4.24599e-05	5.33803	4.03865	12	42966865	CGT	C	5.3759710660088744e-05	4.269543077362434
12:59649733:G:C	4.01972e-06	0.00331283	-6.71435	-4.03849	12	59649733	G	C	5.379638634266879e-05	4.269246896157914
12:25214735:G:A	1.41905e-06	0.000425947	-5.70433	-4.03832	12	25214735	G	A	5.383538023043164e-05	4.268932215249786
12:73391802:T:C	9.50189e-06	0.00782659	-6.71379	-4.03806	12	73391802	T	C	5.389506974457109e-05	4.268450961727186
12:40279722:A:G	6.95569e-06	0.00572541	-6.71311	-4.03753	12	40279722	A	G	5.4016938766952364e-05	4.2674700316682195
12:11176504:A:ACTAGAATGT	2.51726e-06	0.0012361	-6.19655	-4.03659	12	11176504	A	ACTAGAATGT	5.423372627387672e-05	4.265730555170176
12:46098935:G:A	6.46791e-06	0.0044681	-6.53787	-4.03607	12	46098935	G	A	5.4354005145370954e-05	4.264768448846374
12:25214904:A:C	1.42553e-06	0.000426511	-5.70109	-4.03587	12	25214904	A	C	5.440033350988071e-05	4.2643984377823925
12:89257354:C:A	1.88619e-05	0.0130254	-6.53751	-4.03579	12	89257354	C	A	5.4418875328938584e-05	4.264250437996966
12:25214690:A:C	1.41905e-06	0.000424517	-5.70097	-4.03577	12	25214690	A	C	5.442351171916937e-05	4.264213438464909
12:58468580:C:A	4.39178e-05	0.0161767	-5.90901	-4.03512	12	58468580	C	A	5.4574398292461034e-05	4.263011043886427
12:50031478:C:CA	3.99185e-05	0.00470013	-4.7685	-4.03492	12	50031478	C	CA	5.462090460784855e-05	4.26264111153895
12:38370109:G:A	2.60559e-06	0.00162764	-6.43723	-4.03299	12	38370109	G	A	5.507162406856022e-05	4.259072115935391
12:12427211:C:T	4.48755e-06	0.00224606	-6.21563	-4.03295	12	12427211	C	T	5.5081002568893256e-05	4.258998163437346
12:114365830:C:CAA	2.62968e-05	0.0194684	-6.6071	-4.03144	12	114365830	C	CAA	5.5436149660695284e-05	4.256206941440679
12:28900513:C:T	5.09035e-05	0.0310186	-6.41241	-4.03134	12	28900513	C	T	5.5459745760895514e-05	4.256022125650571
12:91820691:A:G	2.63345e-05	0.0147286	-6.32667	-4.03106	12	91820691	A	G	5.552586546906713e-05	4.255504663477177
12:31568530:C:G	2.03552e-07	0.000147569	-6.58613	-4.03051	12	31568530	C	G	5.565596093556605e-05	4.254488314477812
12:68830283:C:T	5.35652e-06	0.00325913	-6.4109	-4.03014	12	68830283	C	T	5.574364210986456e-05	4.253804659294362
12:25216683:A:G	1.58295e-06	0.000469918	-5.69327	-4.02995	12	25216683	A	G	5.578871841261047e-05	4.253453615157552
12:74072555:T:C	0.000147619	2.56437e-07	6.35551	4.02956	12	74072555	T	C	5.5881351656454914e-05	4.25273309772893
12:48223018:G:C	4.07708e-06	0.00142592	-5.85719	-4.02889	12	48223018	G	C	5.604083107448941e-05	4.251495432836861
12:1773423:T:G	2.71451e-06	0.0022095	-6.70191	-4.02881	12	1773423	T	G	5.605990218028024e-05	4.251347664381683
12:47046713:A:G	0.00179794	3.46441e-05	3.94927	4.02799	12	47046713	A	G	5.625573579872436e-05	4.249833190572346
12:43933604:G:A	0.00190027	3.59319e-05	3.96813	4.02748	12	43933604	G	A	5.6377861420532195e-05	4.248891402229534
12:92463008:G:T	4.14497e-05	0.0251276	-6.40724	-4.02721	12	92463008	G	T	5.644261778942695e-05	4.248392852020132
12:89258058:G:A	1.93991e-05	0.0132482	-6.52639	-4.02718	12	89258058	G	A	5.644981728903379e-05	4.248337459416477
12:46099154:G:T	6.53095e-06	0.00445863	-6.52604	-4.02691	12	46099154	G	T	5.6514651941165456e-05	4.247838942760036
12:27049894:A:ATT	6.24833e-07	0.000450826	-6.58135	-4.02677	12	27049894	A	ATT	5.6548297671671256e-05	4.2475804645303485
12:69859045:A:T	8.47477e-06	0.0062203	-6.59848	-4.02483	12	69859045	A	T	5.701648886400294e-05	4.243999530519004
12:24446676:C:A	5.75028e-06	0.00265772	-6.13597	-4.02405	12	24446676	C	A	5.720576359721109e-05	4.242560212948859
12:28482285:CTTA:C	0.00252959	4.26832e-06	6.38459	4.02399	12	28482285	CTTA	C	5.7220347815582573e-05	4.242449506650834
12:73464634:G:A	0.000214159	5.47364e-06	3.66677	4.02387	12	73464634	G	A	5.7249526818014194e-05	4.242228098528242
12:59300836:T:C	5.08637e-06	0.00411308	-6.69536	-4.02371	12	59300836	T	C	5.728845407798738e-05	4.2419328969763965
12:42348362:T:C	3.20222e-06	0.0015835	-6.20355	-4.02332	12	42348362	T	C	5.738344433077571e-05	4.241213387617452
12:83758916:C:A	0.00302917	2.48697e-05	4.80239	4.02332	12	83758916	C	A	5.738344433077571e-05	4.241213387617452
12:96390153:AT:A	0.0295779	0.000114367	5.55537	4.02312	12	96390153	AT	A	5.7432215128867996e-05	4.24084443289711
12:50851625:G:A	5.03115e-06	0.00406069	-6.69346	-4.02223	12	50851625	G	A	5.764972164565431e-05	4.239202785299867
12:69378131:C:A	2.03331e-05	0.00822685	-6.00291	-4.02217	12	69378131	C	A	5.766441304245571e-05	4.23909212423279
12:20686917:A:C	4.0015e-05	0.00531389	-4.88882	-4.0221	12	20686917	A	C	5.768155748707738e-05	4.238963021539126
12:27230373:T:C	7.61473e-06	0.00375749	-6.20142	-4.02163	12	27230373	T	C	5.779679527580314e-05	4.238096241728609
12:102322796:T:G	6.67861e-07	0.000410945	-6.42213	-4.02115	12	102322796	T	G	5.791470996732894e-05	4.237211114230121
12:24446890:T:C	5.7646e-06	0.00265337	-6.13185	-4.02094	12	24446890	T	C	5.796636925707297e-05	4.236823900957492
12:47602277:CA:C	0.00349804	8.23697e-06	6.05133	4.02093	12	47602277	CA	C	5.796883031148858e-05	4.236805462685828
12:53381363:GA:G	0.00094858	1.9744e-06	6.1747	4.02068	12	53381363	GA	G	5.8030388843344044e-05	4.236344519355289
12:96556396:C:CT	0.000940667	2.46874e-05	3.6403	4.02046	12	96556396	C	CT	5.808461155965799e-05	4.235938910637743
12:122865607:CCTTT:C	0.00252916	4.98481e-05	3.92666	4.01956	12	122865607	CCTTT	C	5.830693182996442e-05	4.234279810994902
12:73814339:C:T	2.71564e-07	0.000218005	-6.68808	-4.01804	12	73814339	C	T	5.8684236980793356e-05	4.231478537791439
12:39077905:C:A	1.08048e-05	0.00661589	-6.41724	-4.01731	12	39077905	C	A	5.8866263537768175e-05	4.230133529610427
12:60431706:C:T	3.14258e-06	0.00192055	-6.41532	-4.01581	12	60431706	C	T	5.9241970173719414e-05	4.227370506846526
12:121362210:GT:G	0.0109671	9.10271e-05	4.7915	4.0154	12	121362210	GT	G	5.934505780688815e-05	4.226615442784674
12:68831338:G:T	5.46503e-06	0.00325913	-6.39085	-4.01411	12	68831338	G	T	5.967051587063813e-05	4.224240207525383
12:92559599:C:T	1.80179e-05	0.00623483	-5.84654	-4.01406	12	92559599	C	T	5.968316448584942e-05	4.224148158016828
12:23371151:T:TA	1.95798e-06	0.000295928	-5.0182	-4.0136	12	23371151	T	TA	5.979965093088341e-05	4.22330135111583
12:4695992:C:T	2.21913e-05	0.00761012	-5.83753	-4.01289	12	4695992	C	T	5.997986789813896e-05	4.2219944950815345
12:7741783:C:T	2.92804e-05	0.0135374	-6.13629	-4.01279	12	7741783	C	T	6.00052918492239e-05	4.221810447623451
12:23371131:C:T	1.96005e-06	0.000295836	-5.01683	-4.01256	12	23371131	C	T	6.006380566776583e-05	4.2213871541858365
12:28481930:T:C	0.00252959	4.33856e-06	6.36827	4.01228	12	28481930	T	C	6.013511280690809e-05	4.220871870003987
12:28481746:G:C	0.00252959	4.3397e-06	6.36801	4.01209	12	28481746	G	C	6.01835454380691e-05	4.22052223137104
12:122287967:C:T	1.16117e-05	0.00465453	-5.99358	-4.01183	12	122287967	C	T	6.024988152714641e-05	4.220043802730806
12:73155202:G:C	7.12477e-06	0.00364708	-6.2381	-4.01179	12	73155202	G	C	6.026009322226173e-05	4.219970200809317
12:105800680:A:G	1.53412e-05	0.00547243	-5.87694	-4.0108	12	105800680	A	G	6.051335551888172e-05	4.218148764388186
12:25219261:T:C	1.97697e-06	0.000572153	-5.66784	-4.01071	12	25219261	T	C	6.053642927255047e-05	4.217983199384766
12:44892798:C:CA	4.1289e-07	0.000200801	-6.18689	-4.01004	12	44892798	C	CA	6.070846257905355e-05	4.216750765346255
12:25215091:TA:T	0.00476335	1.00808e-05	6.15808	4.00775	12	25215091	TA	T	6.129995848120332e-05	4.21253981963151
12:7741596:C:T	3.31262e-05	0.0195408	-6.37993	-4.00539	12	7741596	C	T	6.191524173380469e-05	4.208202427133887
12:1259100:C:CAA	0.00270145	2.27363e-05	4.77758	4.00527	12	1259100	C	CAA	6.19466830073434e-05	4.207981943366601
12:16228138:G:A	3.95789e-05	0.026215	-6.49579	-4.00347	12	16228138	G	A	6.242011977036991e-05	4.204675402355068
12:61318910:G:C	2.60312e-05	0.0185735	-6.5702	-4.00314	12	61318910	G	C	6.250728723833116e-05	4.204069348689393
12:16296028:T:TAC	0.0596056	0.00116239	3.93727	4.00299	12	16296028	T	TAC	6.254694689782462e-05	4.20379388465623
12:58469752:G:A	0.0145083	5.83536e-05	5.51595	4.00244	12	58469752	G	A	6.269256955094611e-05	4.2027839295719955
12:73153464:A:G	1.1134e-05	0.00875987	-6.66794	-4.00237	12	73153464	A	G	6.271112635058877e-05	4.202655398818775
12:620617:A:AGTTT	2.0542e-06	0.00110536	-6.28804	-4.00232	12	620617	A	AGTTT	6.27243843908931e-05	4.2025635923800335
12:23528306:T:G	1.94082e-05	0.00885746	-6.12332	-4.00226	12	23528306	T	G	6.274029754180533e-05	4.202453426019884
12:78138958:A:G	1.0517e-05	0.00749127	-6.5685	-4.00184	12	78138958	A	G	6.285179665603464e-05	4.2016823032342
12:74948270:A:C	4.73718e-06	0.00277689	-6.37365	-4.00037	12	74948270	A	C	6.324352255072168e-05	4.198983948642807
12:620357:AG:A	0.00298472	6.61436e-06	6.11202	3.99877	12	620357	AG	A	6.367251715514535e-05	4.196047980904479
12:72449878:C:T	5.25239e-06	0.00251751	-6.17234	-3.99844	12	72449878	C	T	6.376133927138989e-05	4.19544256940263
12:69418714:C:G	9.54289e-05	0.0446586	-6.14842	-3.99841	12	69418714	C	G	6.37694198224301e-05	4.195387534229043
12:74554723:G:A	0.000693626	8.36695e-06	4.41764	3.99827	12	74554723	G	A	6.380714187919247e-05	4.195130708345717
12:14090528:G:T	7.15571e-06	0.00359515	-6.21943	-3.9982	12	14090528	G	T	6.38260108273033e-05	4.195002298447038
12:120132305:CTG:C	0.0290363	0.000116183	5.52113	3.99783	12	120132305	CTG	C	6.392583446913215e-05	4.194323594111576
12:56623731:C:T	5.77691e-05	0.0235967	-6.01241	-3.99762	12	56623731	C	T	6.398255685224746e-05	4.193938408755905
12:81640672:G:A	1.15673e-05	0.00803865	-6.54383	-3.99743	12	81640672	G	A	6.403391815161211e-05	4.193589923452062
12:19525495:CT:C	0.00473097	1.15276e-05	6.01715	3.99699	12	19525495	CT	C	6.415300998230628e-05	4.192782962234661
12:16251730:G:T	0.0396823	0.000179583	5.39802	3.99694	12	16251730	G	T	6.416655640260332e-05	4.1926912671678505
12:58470409:A:T	0.0145454	5.89678e-05	5.50804	3.99687	12	58470409	A	T	6.418552593970289e-05	4.192562895813117
12:58470302:AT:A	0.0145454	5.89678e-05	5.50804	3.99687	12	58470302	AT	A	6.418552593970289e-05	4.192562895813117
12:58470338:A:C	0.0145454	5.89678e-05	5.50804	3.99687	12	58470338	A	C	6.418552593970289e-05	4.192562895813117
12:20723293:G:C	0.000228973	0.0398166	-5.15843	-3.99686	12	20723293	G	C	6.418823630685247e-05	4.192544557213756
12:78137633:A:G	9.77019e-06	0.00677907	-6.54226	-3.9962	12	78137633	A	G	6.436736025476599e-05	4.191334301190998
12:58471121:A:G	0.0145454	5.90434e-05	5.50676	3.99597	12	58471121	A	G	6.442989332900779e-05	4.190912587676805
12:75343517:T:C	1.49179e-05	0.00504508	-5.82361	-3.99523	12	75343517	T	C	6.46314770480028e-05	4.189555918865086
12:58470888:T:C	0.0145347	5.90753e-05	5.50548	3.99507	12	58470888	T	C	6.46751411367418e-05	4.1892626148751795
12:46094761:T:C	2.47602e-06	0.00162227	-6.48493	-3.99506	12	46094761	T	C	6.467787106912893e-05	4.1892442837276995
12:90302419:ATTCCTTGTG:A	0.00418092	8.77242e-06	6.16668	3.99498	12	90302419	ATTCCTTGTG	A	6.469971445489554e-05	4.189097636038206
12:621793:G:A	5.25781e-06	0.00312836	-6.38855	-3.99481	12	621793	G	A	6.474615483542911e-05	4.188786018495227
12:74949113:A:G	4.79007e-06	0.00278809	-6.36657	-3.99471	12	74949113	A	G	6.477348744255715e-05	4.188602719646973
12:61318694:C:G	2.61661e-05	0.0184444	-6.55805	-3.99383	12	61318694	C	G	6.50144857474634e-05	4.186989868291206
12:121936607:C:G	6.7996e-06	0.00266532	-5.97122	-3.99373	12	121936607	C	G	6.504192555460196e-05	4.186806610013012
12:50022372:C:T	1.86263e-05	0.0037339	-5.30063	-3.9935	12	50022372	C	T	6.510507871441026e-05	4.186385131683545
12:29413346:T:A	0.00140923	5.72282e-06	5.50634	3.9931	12	29413346	T	A	6.52150485523988e-05	4.185652178053866
12:120456707:G:C	2.57455e-05	0.0102147	-5.98332	-3.99296	12	120456707	G	C	6.525357951227255e-05	4.185395659931612
12:105800080:T:C	1.54067e-05	0.00536248	-5.85238	-3.99217	12	105800080	T	C	6.547140835312442e-05	4.183948316884449
12:619544:G:A	3.65024e-06	0.00122963	-5.81968	-3.99201	12	619544	G	A	6.551560931158395e-05	4.183655215576783
12:49753924:C:CT	0.00653211	0.000146789	3.79549	3.99179	12	49753924	C	CT	6.557643174537903e-05	4.183252218582373
12:60107635:TA:T	0.000480227	1.02252e-05	3.8494	3.99166	12	60107635	TA	T	6.561239738938043e-05	4.183014093412383
12:40279307:ATTAAG:A	0.00572261	1.20574e-05	6.1625	3.99166	12	40279307	ATTAAG	A	6.561239738938043e-05	4.183014093412383
12:23084045:T:C	4.58892e-07	0.000160074	-5.85457	-3.99069	12	23084045	T	C	6.588134635502788e-05	4.18123753414429
12:12254147:C:CA	0.00178577	3.78278e-05	3.85456	3.99009	12	12254147	C	CA	6.604822846408725e-05	4.180138826476241
12:121936282:T:C	6.7996e-06	0.0026523	-5.96632	-3.98976	12	121936282	T	C	6.61401840681169e-05	4.179534600779192
12:61199995:A:C	6.54649e-06	0.00378602	-6.36014	-3.98957	12	61199995	A	C	6.619318315129221e-05	4.179186733705555
12:29413000:A:G	0.00143595	5.86227e-06	5.50104	3.98947	12	29413000	A	G	6.622109354638318e-05	4.179003651774247
12:7741592:C:G	3.20498e-05	0.0151817	-6.16056	-3.98905	12	7741592	C	G	6.633843887021225e-05	4.178234752865222
12:17119661:A:G	0.0086382	2.22762e-05	5.96043	3.98785	12	17119661	A	G	6.667479649564101e-05	4.176038301186718
12:60435462:G:GT	2.86066e-06	0.00220823	-6.64889	-3.98755	12	60435462	G	GT	6.675913772394027e-05	4.175489281401914
12:81637681:T:C	8.59617e-06	0.00589843	-6.53112	-3.98749	12	81637681	T	C	6.677601808055813e-05	4.175379481915381
12:115740592:T:G	8.57404e-05	0.0331389	-5.95714	-3.98685	12	115740592	T	G	6.695632672115278e-05	4.174208380111755
12:52114909:G:C	4.0573e-05	0.00834213	-5.32597	-3.98674	12	52114909	G	C	6.698736363029116e-05	4.1740071140636115
12:102671725:G:A	3.18423e-05	0.0123698	-5.96222	-3.98644	12	102671725	G	A	6.70720789573917e-05	4.173458232115731
12:4820547:A:AACACACACA	5.45199e-06	0.0037344	-6.52936	-3.98611	12	4820547	A	AACACACACA	6.716538290898218e-05	4.172854504999952
12:7741460:G:A	3.21835e-05	0.0151817	-6.15639	-3.98573	12	7741460	G	A	6.727297596875877e-05	4.172159359916087
12:46094941:T:C	2.48102e-06	0.00160606	-6.47287	-3.98571	12	46094941	T	C	6.727864327684657e-05	4.172122774988384
12:19975758:G:A	9.49017e-06	0.00614318	-6.47284	-3.98569	12	19975758	G	A	6.728431103671734e-05	4.172086190226246
12:25912561:A:G	0.000100585	0.0578554	-6.3547	-3.98522	12	25912561	A	G	6.741763353330218e-05	4.171226495977995
12:72694591:A:G	0.0104539	8.17635e-05	4.8509	3.98519	12	72694591	A	G	6.742615196169202e-05	4.171171624981374
12:59636547:C:G	1.14703e-05	0.00882294	-6.64535	-3.98479	12	59636547	C	G	6.753982837387236e-05	4.17044004728922
12:57410319:TAA:T	0.0014235	3.02676e-06	6.15338	3.98441	12	57410319	TAA	T	6.76479889229233e-05	4.169745109822595
12:58060213:C:T	0.000371169	2.77235e-06	4.89696	3.98344	12	58060213	C	T	6.792482661300207e-05	4.167971461502085
12:69760156:T:C	4.36336e-06	0.00449869	-6.9383	-3.98343	12	69760156	T	C	6.79276861845917e-05	4.167953178495955
12:51814858:G:C	1.66228e-05	0.0107276	-6.4698	-3.98334	12	51814858	G	C	6.795342745541731e-05	4.167788633303308
12:2929639:A:G	0.000830179	1.60529e-05	3.94575	3.98307	12	2929639	A	G	6.803070665979081e-05	4.167295017840641
12:70768235:T:G	0.0200868	0.000372625	3.98724	3.98304	12	70768235	T	G	6.80392983694229e-05	4.167240173540643
12:12492325:C:T	1.79991e-06	0.000834839	-6.1395	-3.98284	12	12492325	C	T	6.809660267694843e-05	4.166874554393508
12:81701915:T:TA	2.33632e-05	0.00778081	-5.80825	-3.98263	12	81701915	T	TA	6.81568213473775e-05	4.1664906721070265
12:48078370:CAT:C	0.00192176	3.4918e-06	6.31058	3.98251	12	48078370	CAT	C	6.819125463553881e-05	4.16627131899548
12:115737847:A:AGT	6.14175e-05	0.0235889	-5.95084	-3.98199	12	115737847	A	AGT	6.834065584588801e-05	4.165320857716311
12:50923453:CT:C	0.0101091	4.13281e-05	5.49964	3.98197	12	50923453	CT	C	6.834640822679537e-05	4.165284303748248
12:97124592:C:A	3.12659e-05	0.0321447	-6.93548	-3.98129	12	97124592	C	A	6.85422619914838e-05	4.164041567338169
12:23890716:C:G	6.08319e-06	0.00624678	-6.93429	-3.9804	12	23890716	C	G	6.879940243849947e-05	4.162415333839915
12:97126731:A:G	3.36762e-05	0.0257536	-6.63954	-3.98026	12	97126731	A	G	6.883993448393728e-05	4.16215955166926
12:122286714:T:A	0.00398247	1.31907e-05	5.71014	3.97948	12	122286714	T	A	6.906616978521668e-05	4.160734628071874
12:82819423:T:C	9.04348e-05	0.0152731	-5.12922	-3.97936	12	82819423	T	C	6.910103759018907e-05	4.160515431405679
12:89074467:T:A	7.04677e-05	0.0538071	-6.63801	-3.97907	12	89074467	T	A	6.9185370222979e-05	4.159985730733219
12:81918970:AGTGTGT:A	0.00274411	6.24571e-06	6.08532	3.97906	12	81918970	AGTGTGT	A	6.918827998088025e-05	4.159967465813582
12:12443065:T:C	9.7179e-06	0.00741481	-6.63726	-3.9785	12	12443065	T	C	6.935141133987402e-05	4.158944696366002
12:83757959:G:A	0.00300429	2.62345e-05	4.74072	3.97844	12	83757959	G	A	6.936891126706378e-05	4.158835121622955
12:38373275:A:G	2.8543e-06	0.00182947	-6.46296	-3.97803	12	38373275	A	G	6.948860596682993e-05	4.158086400753793
12:83757936:C:CT	0.00300249	2.62345e-05	4.74012	3.97801	12	83757936	C	CT	6.949444972808437e-05	4.158049879564139
12:69760188:G:A	4.37292e-06	0.00447481	-6.93079	-3.97775	12	69760188	G	A	6.957046094739546e-05	4.157575119162875
12:46102752:G:GTTTT	1.48136e-05	0.00843717	-6.34486	-3.97736	12	46102752	G	GTTTT	6.968462527382265e-05	4.156863031016569
12:44852272:C:A	0.00855581	1.6064e-05	6.27779	3.97623	12	44852272	C	A	7.001641067908742e-05	4.154800156670403
12:107842135:A:G	2.34479e-05	0.00774669	-5.80024	-3.97605	12	107842135	A	G	7.006939924471614e-05	4.1544716060089675
12:19509520:C:T	2.7918e-06	0.000921817	-5.79966	-3.97557	12	19509520	C	T	7.021088762482468e-05	4.153595536463593
12:33470965:G:A	2.9114e-06	0.00221278	-6.63337	-3.97547	12	33470965	G	A	7.024039837127007e-05	4.153413033976189
12:1262356:G:A	4.68389e-06	0.00149293	-5.76437	-3.97483	12	1262356	G	A	7.042954520170639e-05	4.152245116052181
12:58468794:A:T	2.7434e-05	0.0155745	-6.34161	-3.97476	12	58468794	A	T	7.045026234478114e-05	4.152117385312912
12:28484182:G:A	3.69859e-06	0.00254253	-6.53296	-3.97459	12	28484182	G	A	7.050059941073366e-05	4.15180719053105
12:31672186:G:C	7.47947e-06	0.00424513	-6.34137	-3.97457	12	31672186	G	C	7.050652365489952e-05	4.151770697813572
12:107997068:G:T	8.09759e-07	0.000545966	-6.51358	-3.97377	12	107997068	G	T	7.07438799706452e-05	4.15031112484878
12:96117403:C:T	5.12924e-05	0.0352107	-6.53156	-3.97352	12	96117403	C	T	7.081820870340109e-05	4.149855062611333
12:4694836:A:G	1.18219e-05	0.00669093	-6.33856	-3.97232	12	4694836	A	G	7.117601615104446e-05	4.147666323891001
12:123529526:C:T	3.74368e-05	0.00998083	-5.58577	-3.97171	12	123529526	C	T	7.135855655361982e-05	4.146553943485326
12:73813529:A:G	2.86281e-07	0.000216451	-6.62814	-3.9714	12	73813529	A	G	7.145149261307532e-05	4.145988694418827
12:115740216:A:G	8.53775e-05	0.0323173	-5.93627	-3.97075	12	115740216	A	G	7.164673039719196e-05	4.144803623868971
12:46104278:G:C	7.08636e-05	0.0399746	-6.33524	-3.96968	12	46104278	G	C	7.196922131851999e-05	4.1428531961995345
12:31972900:G:A	2.49264e-05	0.0170231	-6.5264	-3.96956	12	31972900	G	A	7.20054740310085e-05	4.142634486192442
12:38373369:G:C	2.88633e-06	0.00182947	-6.4518	-3.96939	12	38373369	G	C	7.205686161020278e-05	4.142324657215567
12:1769226:C:A	3.29768e-06	0.00189888	-6.3558	-3.96913	12	1769226	C	A	7.21355214810519e-05	4.1418508242638765
12:83310954:C:T	7.19004e-06	0.00273394	-5.9408	-3.9691	12	83310954	C	T	7.214460284473707e-05	4.14179615303095
12:91820718:G:C	2.45492e-05	0.0155518	-6.45125	-3.96896	12	91820718	G	C	7.218699684252228e-05	4.1415410255346385
12:1767269:C:CA	3.41802e-06	0.00345314	-6.91798	-3.96808	12	1767269	C	CA	7.245401343872089e-05	4.139937552690892
12:620618:A:AGTTTGTTT	4.58144e-06	0.00257291	-6.33078	-3.96611	12	620618	A	AGTTTGTTT	7.305515699100393e-05	4.136349121636798
12:120457486:C:G	2.6204e-05	0.0100523	-5.94964	-3.96591	12	120457486	C	G	7.31164498692429e-05	4.135984903702397
12:89750616:T:G	5.37902e-06	0.00358988	-6.50337	-3.96578	12	89750616	T	G	7.31563163187286e-05	4.135748170920149
12:55356137:T:C	6.1521e-06	0.00418006	-6.52129	-3.96564	12	55356137	T	C	7.319927240992112e-05	4.135493235743887
12:30752572:T:TA	0.00264416	5.22681e-05	3.92372	3.96538	12	30752572	T	TA	7.327911130708085e-05	4.135019806217542
12:89592559:C:T	9.44238e-06	0.00529174	-6.32869	-3.96444	12	89592559	C	T	7.356844732067167e-05	4.133308409747636
12:15103033:A:G	0.000133877	0.134567	-6.9129	-3.96424	12	15103033	A	G	7.363014741746048e-05	4.13294433000645
12:109559840:G:C	2.93773e-06	0.00172428	-6.37492	-3.96398	12	109559840	G	C	7.371043071132184e-05	4.132471051084833
12:102589090:A:G	2.45474e-05	0.0137489	-6.32811	-3.96397	12	102589090	A	G	7.371352018306407e-05	4.13245284860794
12:58471511:G:A	0.0139039	6.66575e-05	5.34036	3.96391	12	58471511	G	A	7.373205958550774e-05	4.13234363461544
12:66711216:T:C	2.62067e-05	0.0177562	-6.51847	-3.96349	12	66711216	T	C	7.386195893302991e-05	4.13157917837305
12:26080539:G:A	3.49158e-05	0.0261064	-6.61699	-3.96272	12	26080539	G	A	7.410067006879552e-05	4.13017786481602
12:68828599:A:G	3.89481e-06	0.00291155	-6.61679	-3.96256	12	68828599	A	G	7.415036385366992e-05	4.1298867135600315
12:29817518:T:C	1.2778e-05	0.00802325	-6.44237	-3.96209	12	29817518	T	C	7.429652168196201e-05	4.129031517998383
12:82796320:T:C	0.00237989	2.87057e-05	4.41771	3.96205	12	82796320	T	C	7.430897321858685e-05	4.128958739617427
12:1771194:C:T	2.87086e-06	0.00214438	-6.61599	-3.96194	12	1771194	C	T	7.434322512104986e-05	4.128758602483045
12:115739798:T:C	7.86417e-05	0.0334701	-6.0535	-3.96181	12	115739798	T	C	7.438372389210472e-05	4.128522083232911
12:25425161:C:T	4.77761e-05	0.0478628	-6.90957	-3.96173	12	25425161	C	T	7.440865658222034e-05	4.128376536400431
12:83757013:G:C	0.0029357	2.62359e-05	4.71757	3.96159	12	83757013	G	C	7.445230780884006e-05	4.128121835814953
12:83757059:A:G	0.0029357	2.62359e-05	4.71757	3.96159	12	83757059	A	G	7.445230780884006e-05	4.128121835814953
12:12427177:CTTTTT:C	0.00231822	4.45258e-06	6.25507	3.96064	12	12427177	CTTTTT	C	7.474915290522265e-05	4.1263937246178735
12:61654352:G:A	1.76881e-06	0.000672502	-5.9407	-3.95872	12	61654352	G	A	7.535251276123231e-05	4.122902260799355
12:4815011:T:C	4.39976e-05	0.0142289	-5.77889	-3.95852	12	4815011	T	C	7.541562692218266e-05	4.1225386543571805
12:48159203:CT:C	0.00211999	4.962e-06	6.05736	3.95841	12	48159203	CT	C	7.545036101551603e-05	4.122338677867565
12:115739802:T:C	7.88703e-05	0.0334041	-6.04863	-3.95814	12	115739802	T	C	7.553568157423374e-05	4.121847847706676
12:113603473:G:A	5.93886e-05	0.0441114	-6.61037	-3.95756	12	113603473	G	A	7.571927137480102e-05	4.120793573781482
12:10519516:A:C	9.79484e-06	0.00400693	-6.01392	-3.95755	12	10519516	A	C	7.572244041330347e-05	4.120775397865236
12:83755970:A:ACTT	0.00291446	2.62072e-05	4.7114	3.9571	12	83755970	A	ACTT	7.586517702490211e-05	4.119957524451152
12:43362471:T:C	5.55048e-06	0.00412005	-6.60974	-3.95707	12	43362471	T	C	7.587470183953718e-05	4.119903002535443
12:20687358:C:A	5.3117e-05	0.00496683	-4.53804	-3.9568	12	20687358	C	A	7.596047607133985e-05	4.119412322048396
12:83444242:A:T	1.02818e-05	0.00570303	-6.31838	-3.9562	12	83444242	A	T	7.61514138629007e-05	4.118322028937844
12:34229207:AAAATAAAT:A	1.00962e-07	1.41411e-05	-4.9421	-3.95582	12	34229207	AAAATAAAT	A	7.627257576767124e-05	4.1176315869953495
12:38738821:CT:C	0.00049931	9.42976e-07	6.27194	3.95489	12	38738821	CT	C	7.656987300940352e-05	4.115942073179812
12:55351856:A:C	9.44551e-06	0.00352777	-5.92288	-3.9546	12	55351856	A	C	7.66628024863517e-05	4.115415308717048
12:94013830:G:A	1.03908e-05	0.00334385	-5.77396	-3.95447	12	94013830	G	A	7.670449513633973e-05	4.115179184216553
12:4697022:G:A	1.79106e-05	0.0117803	-6.48879	-3.95438	12	4697022	G	A	7.673337183690935e-05	4.115015717503825
12:123528717:C:T	3.9657e-05	0.0103103	-5.56063	-3.95345	12	123528717	C	T	7.703236691924719e-05	4.113326757673321
12:46100024:T:TAA	1.0086e-05	0.00673759	-6.50431	-3.95263	12	46100024	T	TAA	7.729691051357251e-05	4.111837864085831
12:88539564:G:A	2.03313e-06	0.00201061	-6.89662	-3.95195	12	88539564	G	A	7.751693940978513e-05	4.110603382805609
12:66834469:C:T	2.71774e-05	0.0116404	-6.05985	-3.95073	12	66834469	C	T	7.791318217722973e-05	4.108389057571345
12:69854737:C:T	1.48931e-05	0.00837342	-6.33192	-3.9504	12	69854737	C	T	7.802069119577188e-05	4.107790206534097
12:38372097:G:C	3.13709e-06	0.00176207	-6.33095	-3.94963	12	38372097	G	C	7.827209126004544e-05	4.10639306262109
12:4697459:G:T	1.97358e-05	0.0108551	-6.30995	-3.94946	12	4697459	G	T	7.832769828422567e-05	4.106084635325731
12:123528859:A:G	3.95961e-05	0.0102359	-5.55492	-3.94931	12	123528859	A	G	7.837679432006184e-05	4.105812503521591
12:93494571:A:G	4.43817e-06	0.00185514	-6.03547	-3.94821	12	93494571	A	G	7.873772190845309e-05	4.103817154657555
12:71219496:C:T	4.03421e-06	0.00172161	-6.05621	-3.94777	12	71219496	C	T	7.888253244606502e-05	4.103019155246141
12:55350761:T:G	1.27414e-05	0.00699112	-6.30754	-3.94753	12	55350761	T	G	7.896162609843844e-05	4.102583916590862
12:128338564:A:G	0.000634509	0.129811	-5.32098	-3.94685	12	128338564	A	G	7.91861321263867e-05	4.101350869778395
12:124506776:G:C	7.12506e-05	0.0166591	-5.45451	-3.94678	12	124506776	G	C	7.92092772669876e-05	4.101223949346093
12:68829254:AGTT:A	0.00207543	4.62872e-06	6.10564	3.94643	12	68829254	AGTT	A	7.93250989325386e-05	4.100589377584577
12:1722127:A:G	0.0119314	1.59069e-05	6.62018	3.94628	12	1722127	A	G	7.937478578405465e-05	4.1003174337683586
12:15102675:A:ATGTGTG	8.8576e-05	0.0485208	-6.30589	-3.94621	12	15102675	A	ATGTGTG	7.939798304876602e-05	4.100190529838861
12:42202660:T:C	6.81922e-07	0.000255151	-5.9247	-3.94587	12	42202660	T	C	7.951074666921928e-05	4.099574168152134
12:72556095:C:T	0.000631512	4.41582e-06	4.96292	3.94572	12	72556095	C	T	7.956054344024471e-05	4.099302259078352
12:59645512:G:T	5.43681e-06	0.00397451	-6.59446	-3.94518	12	59645512	G	T	7.974005603866116e-05	4.098323463465789
12:88537755:T:C	2.01986e-06	0.00147583	-6.59395	-3.94478	12	88537755	T	C	7.98732751158954e-05	4.097598507434321
12:113602864:G:A	3.5765e-05	0.0232321	-6.47632	-3.94463	12	113602864	G	A	7.992328649019622e-05	4.0973266659831395
12:29410520:G:C	5.9291e-06	0.00225657	-5.94173	-3.94446	12	29410520	G	C	7.998000183198442e-05	4.097018590254751
12:114365198:G:C	2.56026e-05	0.0166059	-6.47482	-3.94346	12	114365198	G	C	8.031439236517402e-05	4.095206622035203
12:55356479:C:A	5.61923e-06	0.0040987	-6.59223	-3.94345	12	55356479	C	A	8.03177429347392e-05	4.095188504441598
12:33020106:G:C	5.82495e-06	0.00424839	-6.59215	-3.94338	12	33020106	G	C	8.03412006216273e-05	4.095061682444384
12:29410607:G:A	5.81772e-06	0.00220968	-5.9397	-3.94293	12	29410607	G	A	8.049215474242066e-05	4.094246446565192
12:73473631:G:C	1.77604e-06	0.000598043	-5.81928	-3.94283	12	73473631	G	C	8.052573649264047e-05	4.0940652944098295
12:48164281:G:C	6.61373e-06	0.00404767	-6.41675	-3.94223	12	48164281	G	C	8.072750527484725e-05	4.092978468328034
12:7609671:T:C	6.46247e-06	0.00470474	-6.59031	-3.94195	12	7609671	T	C	8.082182749485734e-05	4.0924713337750935
12:2804062:G:GC	0.0242021	0.000191112	4.84133	3.94134	12	2804062	G	GC	8.10276759937333e-05	4.091366617190278
12:129660755:G:T	0.000166527	0.0704857	-6.04801	-3.94111	12	129660755	G	T	8.110541957697355e-05	4.090950124657727
12:98004415:CAAA:C	0.0113123	2.98948e-05	5.93596	3.94011	12	98004415	CAAA	C	8.144425558039825e-05	4.089139541898297
12:23893578:C:T	6.8639e-06	0.00668217	-6.88092	-3.9401	12	23893578	C	T	8.14476506875219e-05	4.089121438159158
12:32123882:GA:G	0.00781072	1.75691e-05	6.09711	3.93964	12	32123882	GA	G	8.160397030408781e-05	4.088288710863662
12:51813779:T:TA	1.19603e-05	0.0116331	-6.88002	-3.93942	12	51813779	T	TA	8.16788320624984e-05	4.087890480916721
12:73226756:A:G	2.93346e-06	0.00285059	-6.8791	-3.93873	12	73226756	A	G	8.191404703770246e-05	4.086641616824996
12:55351367:A:T	9.64474e-06	0.00352792	-5.90205	-3.93773	12	55351367	A	T	8.225607484561353e-05	4.08483201830803
12:93495839:T:G	0.00112141	5.57533e-06	5.30399	3.9375	12	93495839	T	G	8.233493194319853e-05	4.084415869143763
12:70342333:A:G	1.10141e-06	0.00059653	-6.29453	-3.93714	12	70342333	A	G	8.245850390152506e-05	4.083764549151522
12:79951557:A:G	2.93856e-06	0.0015887	-6.29275	-3.93572	12	79951557	A	G	8.294763801978699e-05	4.08119597624092
12:61202500:G:A	3.89736e-06	0.00281439	-6.5822	-3.93564	12	61202500	G	A	8.297527630712133e-05	4.081051292719198
12:1198198:G:A	0.0013989	3.01652e-05	3.83675	3.93561	12	1198198	G	A	8.298564290855824e-05	4.080997037080856
12:118683758:A:G	5.37425e-06	0.00290208	-6.29156	-3.93477	12	118683758	A	G	8.327640520306727e-05	4.079478030305483
12:40965959:C:A	0.000357257	3.60165e-06	4.59706	3.93408	12	40965959	C	A	8.351596564947847e-05	4.078230493011444
12:86593265:AT:A	0.000166621	2.02863e-06	4.40836	3.93319	12	86593265	AT	A	8.38259257899647e-05	4.076621641439222
12:80363938:A:T	0.000244507	4.82629e-06	3.92517	3.93252	12	80363938	A	T	8.40599834940964e-05	4.075410699608045
12:105063203:A:G	0.029746	0.000141811	5.34596	3.93142	12	105063203	A	G	8.444559718737401e-05	4.073422988687103
12:98724734:GCC:G	0.0208976	9.96471e-05	5.34576	3.93128	12	98724734	GCC	G	8.449479503866048e-05	4.073170043187715
12:31973107:A:T	2.67352e-05	0.0173538	-6.47559	-3.9306	12	31973107	A	T	8.473414155502225e-05	4.071941566040474
12:74415107:TTG:T	0.00279556	6.5447e-06	6.05713	3.92923	12	74415107	TTG	T	8.521830140519694e-05	4.069467126527279
12:7741217:C:T	3.26744e-05	0.0143565	-6.08536	-3.9291	12	7741217	C	T	8.526437912760907e-05	4.0692323660107625
12:29406368:A:G	1.81845e-05	0.00658066	-5.89132	-3.92905	12	29406368	A	G	8.52821075964304e-05	4.069142075365
12:7615494:T:G	2.70147e-05	0.0259144	-6.86617	-3.92897	12	7615494	T	G	8.53104803917504e-05	4.068997612481793
12:61436267:T:G	3.45802e-06	0.00107873	-5.74284	-3.92892	12	61436267	T	G	8.532821791807771e-05	4.068907324523543
12:75343815:T:C	8.46942e-06	0.00811441	-6.86493	-3.92803	12	75343815	T	C	8.564452956518113e-05	4.067300371817312
12:23372319:A:C	1.64012e-06	0.000300686	-5.2113	-3.92753	12	23372319	A	C	8.58227184807391e-05	4.066397733074314
12:101815622:CA:C	4.08739e-06	0.00127288	-5.74113	-3.92752	12	101815622	CA	C	8.582628582960948e-05	4.06637968135376
12:91819703:C:T	2.56964e-05	0.0154234	-6.39729	-3.92715	12	91819703	C	T	8.595837627933738e-05	4.065711796758818
12:129381602:T:C	0.0101337	5.11497e-05	5.28886	3.92651	12	129381602	T	C	8.618731066210076e-05	4.064556670545284
12:40277196:C:A	1.47044e-05	0.00785789	-6.28113	-3.92643	12	40277196	C	A	8.621596793414264e-05	4.064412291675808
12:78144097:G:A	2.33629e-05	0.0150787	-6.46989	-3.92623	12	78144097	G	A	8.628765050848983e-05	4.064051356078508
12:50421643:AAAATAAATA:A	0.00111607	1.13774e-05	4.58595	3.92565	12	50421643	AAAATAAATA	A	8.649584855848093e-05	4.063004736366516
12:112049014:A:G	4.84847e-06	0.00312337	-6.46801	-3.92479	12	112049014	A	G	8.680542985724169e-05	4.061453107965417
12:80502161:C:T	0.00357061	4.53118e-05	4.36692	3.92426	12	80502161	C	T	8.699673942002958e-05	4.060497024144887
12:12250483:CT:C	1.07786e-05	0.00117278	-4.68957	-3.92304	12	12250483	CT	C	8.743862734899308e-05	4.058296668755483
12:16229650:T:TACACACAC	5.06115e-05	0.048155	-6.858	-3.9228	12	16229650	T	TACACACAC	8.752580536778045e-05	4.057863884388422
12:120050063:G:T	1.07857e-06	0.000268706	-5.51798	-3.92248	12	120050063	G	T	8.764217047203422e-05	4.057286875607505
12:19504079:C:T	1.57535e-06	0.000487081	-5.73395	-3.92163	12	19504079	C	T	8.795197545034346e-05	4.055754401601078
12:74937805:G:A	0.000198905	2.4659e-06	4.39027	3.91954	12	74937805	G	A	8.871813659234255e-05	4.051987588546925
12:111125265:C:T	0.00704723	0.000205291	3.53596	3.91909	12	111125265	C	T	8.88839223926712e-05	4.051176788496692
12:44102053:G:A	1.61027e-05	0.00251809	-5.05227	-3.91895	12	44102053	G	A	8.893555985795783e-05	4.050924556664949
12:105063849:C:A	0.0291621	0.000141517	5.32821	3.91848	12	105063849	C	A	8.910912155306368e-05	4.050077837630904
12:61324743:G:GA	4.73726e-06	0.00302466	-6.45909	-3.91796	12	61324743	G	GA	8.930152008643992e-05	4.049141148507487
12:18782560:T:C	8.31178e-06	0.00455532	-6.30638	-3.91763	12	18782560	T	C	8.942382262690641e-05	4.048546769154993
12:115649109:TA:T	0.00588036	1.45457e-05	6.00208	3.9176	12	115649109	TA	T	8.943494888228194e-05	4.048492736900614
12:53379515:A:G	1.65877e-06	0.00117011	-6.55878	-3.91741	12	53379515	A	G	8.950544554050235e-05	4.048150541262334
12:79755796:CT:C	0.0046569	2.11751e-05	5.39328	3.91608	12	79755796	CT	C	9.000039393669771e-05	4.045755589625569
12:55351378:A:G	1.08649e-05	0.00341691	-5.75096	-3.91524	12	55351378	A	G	9.031432380818338e-05	4.044243365328534
12:88531660:T:C	1.93694e-06	0.00136183	-6.55547	-3.91484	12	88531660	T	C	9.046417750568785e-05	4.04352336103209
12:44101253:C:A	1.40025e-05	0.00407358	-5.67304	-3.91301	12	44101253	C	A	9.115275833978274e-05	4.040230184786058
12:88531295:A:C	1.94426e-06	0.00136183	-6.5517	-3.9119	12	88531295	A	C	9.15728310818304e-05	4.038233358880701
12:88531013:T:C	1.94432e-06	0.00136183	-6.55167	-3.91188	12	88531013	T	C	9.158041670307707e-05	4.038197384706168
12:1769921:A:AT	2.95867e-06	0.00207202	-6.55154	-3.91178	12	1769921	A	AT	9.16183537127386e-05	4.038017516313449
12:39073572:C:CT	6.0543e-06	0.00423689	-6.55082	-3.91121	12	39073572	C	CT	9.183487825782436e-05	4.036992345398962
12:46095114:T:G	2.73468e-06	0.00160735	-6.37632	-3.91091	12	46095114	T	G	9.194903258645485e-05	4.036452835698058
12:61282896:G:C	1.6011e-06	0.00101186	-6.44885	-3.9101	12	61282896	G	C	9.225791908388965e-05	4.03499634531171
12:77655830:A:C	0.000546477	1.28973e-05	3.74648	3.9096	12	77655830	A	C	9.244907868027877e-05	4.034097412531469
12:92461429:C:A	3.89232e-05	0.0245785	-6.44804	-3.90948	12	92461429	C	A	9.249501261543364e-05	4.033881684039249
12:61437787:A:G	3.84024e-06	0.00156302	-6.00884	-3.90931	12	61437787	A	G	9.256012258941081e-05	4.033576078863249
12:76596880:G:C	1.43555e-06	0.000841575	-6.37373	-3.9089	12	76596880	G	C	9.271733066271143e-05	4.032839080227619
12:129381748:A:C	0.0101639	5.26078e-05	5.26373	3.90826	12	129381748	A	C	9.296323277473851e-05	4.031688782201825
12:55352166:G:A	1.07442e-05	0.00334686	-5.74141	-3.908	12	55352166	G	A	9.306330633809492e-05	4.031221521984548
12:49029736:G:A	5.72434e-06	0.00204142	-5.87667	-3.90729	12	49029736	G	A	9.333710265831023e-05	4.029945684477623
12:74946958:T:C	3.19016e-06	0.00111197	-5.85381	-3.90712	12	74946958	T	C	9.340277231185941e-05	4.02964023317168
12:58471552:G:C	0.0131022	6.79435e-05	5.26186	3.9069	12	58471552	G	C	9.348782134336366e-05	4.029244960976318
12:10514171:A:G	2.83569e-05	0.0264135	-6.83676	-3.90676	12	10514171	A	G	9.354198152791632e-05	4.0289934345395
12:129381704:C:CTCTT	0.0101409	5.26169e-05	5.26129	3.90649	12	129381704	C	CTCTT	9.364651700248393e-05	4.028508370715133
12:103884557:C:G	1.87418e-05	0.0115939	-6.42747	-3.90643	12	103884557	C	G	9.366976208546277e-05	4.028400582845652
12:43926353:G:T	0.00242521	6.5211e-05	3.61605	3.90541	12	43926353	G	T	9.406576316106668e-05	4.026568416698012
12:121273712:T:C	0.000104524	0.0103141	-4.59184	-3.90448	12	121273712	T	C	9.442820039062308e-05	4.024898287004185
12:1769840:C:T	2.98723e-06	0.00207221	-6.54203	-3.90437	12	1769840	C	T	9.44711564195325e-05	4.024700768421206
12:117181603:A:AG	0.000715342	1.69458e-05	3.74274	3.90435	12	117181603	A	AG	9.447896858891671e-05	4.024664856488816
12:108552942:C:G	2.31324e-05	0.00985189	-6.05418	-3.90424	12	108552942	C	G	9.45219464264144e-05	4.024467343815509
12:61317682:G:A	2.87523e-05	0.01803	-6.44107	-3.90414	12	61317682	G	A	9.456103320789209e-05	4.0242877911790345
12:92460838:A:AG	3.84644e-05	0.0241188	-6.44101	-3.90409	12	92460838	A	AG	9.458058232191036e-05	4.024198016410529
12:92460839:A:T	3.84644e-05	0.0241188	-6.44101	-3.90409	12	92460839	A	T	9.458058232191036e-05	4.024198016410529
12:87166245:A:C	3.34997e-06	0.00232031	-6.5405	-3.90319	12	87166245	A	C	9.493311966180006e-05	4.022582247245773
12:88785989:T:C	3.11788e-05	0.0056697	-5.20315	-3.90246	12	88785989	T	C	9.52199776521554e-05	4.021271924789115
12:128338355:G:C	0.000674367	0.129419	-5.25704	-3.90204	12	128338355	G	C	9.538538996306224e-05	4.020518140435624
12:1777281:G:C	1.14276e-06	0.000592199	-6.2504	-3.90187	12	1777281	G	C	9.545241967410542e-05	4.020213057969188
12:12425343:G:A	5.09551e-06	0.00352013	-6.53789	-3.90116	12	12425343	G	A	9.573284838638134e-05	4.0189390191179095
12:53370202:AATTATTATT:A	0.00370959	7.44147e-06	6.21161	3.89985	12	53370202	AATTATTATT	A	9.62523021118169e-05	4.016588874468787
12:72695876:C:CATAT	0.00527871	6.73414e-05	4.36166	3.89795	12	72695876	C	CATAT	9.701043950189653e-05	4.0131815278563145
12:62153668:C:CA	4.89167e-06	0.00450255	-6.82487	-3.89778	12	62153668	C	CA	9.707854695164106e-05	4.012876732706882
12:16224931:A:G	4.19654e-05	0.0177183	-6.04551	-3.89732	12	16224931	A	G	9.726306412500018e-05	4.012052052764779
12:9688723:TAATAA:T	0.0125247	7.26795e-05	5.1494	3.89718	12	9688723	TAATAA	T	9.731928721796163e-05	4.011801080571877
12:62462664:A:C	1.0043e-05	0.00690187	-6.53267	-3.89709	12	62462664	A	C	9.735544683690303e-05	4.011639745581687
12:16256314:A:G	0.000148445	0.0558343	-5.92993	-3.89708	12	16256314	A	G	9.735946535527604e-05	4.011621819678268
12:99082338:C:T	1.55208e-06	0.000799322	-6.24417	-3.89689	12	99082338	C	T	9.743584696637081e-05	4.011281235364179
12:58461118:A:T	0.000188464	0.0565117	-5.7033	-3.89646	12	58461118	A	T	9.76089195762086e-05	4.010510494364752
12:7741536:GA:G	0.0151817	3.20498e-05	6.16056	3.89578	12	7741536	GA	G	9.788320835004167e-05	4.009291804074198
12:51314540:T:C	1.21092e-06	0.000494311	-6.01179	-3.89537	12	51314540	T	C	9.804893983115663e-05	4.008557097844925
12:18434352:T:C	5.33521e-06	0.00325071	-6.4123	-3.89457	12	18434352	T	C	9.837308140654992e-05	4.007123724698177
12:73227012:C:CATTA	0.00144019	4.21249e-06	5.83448	3.89434	12	73227012	C	CATTA	9.846645918445272e-05	4.006711678860274
12:100915497:A:G	5.99881e-06	0.00549262	-6.8196	-3.8938	12	100915497	A	G	9.868602294156352e-05	4.005744352793332
12:79757308:ACT:A	0.00430549	2.02261e-05	5.36067	3.89312	12	79757308	ACT	A	9.89631681567871e-05	4.004526409872607
12:13600816:T:G	4.40108e-06	0.00300844	-6.52733	-3.89293	12	13600816	T	G	9.90407370273744e-05	4.00418613644057
12:57536591:C:T	0.000719438	9.94199e-06	4.2817	3.89282	12	57536591	C	T	9.908567155175524e-05	4.003989142849861
12:1766855:A:G	4.79249e-06	0.00250336	-6.25834	-3.89269	12	1766855	A	G	9.913880080269573e-05	4.003756338688098
12:88530714:A:G	1.99323e-06	0.00136183	-6.52683	-3.89254	12	88530714	A	G	9.920013720250554e-05	4.00348772717798
12:1777369:A:T	1.14106e-06	0.000584454	-6.23872	-3.89254	12	1777369	A	T	9.920013720250554e-05	4.00348772717798
12:51677056:GTTTTA:G	4.10906e-05	1.00916e-07	6.00925	3.89199	12	51677056	GTTTTA	G	9.942534397471616e-05	4.00250289784198
12:122016888:CTT:C	0.0485108	0.000124261	5.96716	3.89181	12	122016888	CTT	C	9.949915277660838e-05	4.002180617204128
12:73466193:G:A	0.000435861	6.19799e-06	4.2531	3.89156	12	73466193	G	A	9.96017508147802e-05	4.001733027414505
12:69858206:G:C	1.49883e-05	0.00596234	-5.98595	-3.89073	12	69858206	G	C	9.994309295824225e-05	4.000247214490068
12:43939004:T:TA	0.00154555	3.95818e-05	3.66476	3.88927	12	43939004	T	TA	0.000100546207357878	3.9976343065153754
12:88568282:C:CATTT	0.00176193	4.26135e-05	3.72199	3.88844	12	88568282	C	CATTT	0.00010089060379489118	3.996149278857715
12:33465044:C:CAA	8.11545e-06	0.00498588	-6.4206	-3.88844	12	33465044	C	CAA	0.00010089060379489118	3.996149278857715
12:60436514:A:G	4.52261e-06	0.00234833	-6.25237	-3.88802	12	60436514	A	G	0.00010106530069535534	3.995397927526915
12:74677481:T:C	3.91594e-06	0.00145404	-5.91704	-3.8878	12	74677481	T	C	0.00010115692251207411	3.9950043916284907
12:15615749:C:CTT	3.79482e-05	0.00568359	-5.00912	-3.88728	12	15615749	C	CTT	0.00010137379493570498	3.9940742953542454
12:74401247:C:T	4.06454e-06	0.00275786	-6.51991	-3.88716	12	74401247	C	T	0.00010142390470642299	3.9938596736164884
12:76601442:T:A	0.000367467	1.04751e-06	5.86022	3.88704	12	76601442	T	A	0.00010147403785675686	3.9936450578276985
12:96116286:GT:G	3.39209e-05	0.00833484	-5.50417	-3.88686	12	96116286	GT	G	0.0001015492814413204	3.993323145298796
12:117656262:C:T	0.0270641	0.000590003	3.82584	3.88674	12	117656262	C	T	0.00010159947308526625	3.993108544382362
12:87936351:T:C	0.00979758	0.0001365	4.27357	3.88651	12	87936351	T	C	0.00010169573919384689	3.9926972425872336
12:82952083:C:G	2.92866e-05	0.00374313	-4.85055	-3.88633	12	82952083	C	G	0.00010177113793566156	3.9923753694698654
12:58471458:A:G	0.0142046	6.74054e-05	5.3506	3.88603	12	58471458	A	G	0.00010189691977314004	3.991838944018569
12:617711:C:G	4.95939e-06	0.00172197	-5.84994	-3.88582	12	617711	C	G	0.00010198505435011758	3.9914634683248984
12:100918198:G:A	2.23044e-06	0.00151042	-6.51794	-3.88563	12	100918198	G	A	0.00010206485715333623	3.9911237679193463
12:82951513:G:A	3.00203e-05	0.00383191	-4.84925	-3.88534	12	82951513	G	A	0.00010218677507634527	3.990605306579104
12:58471446:T:C	0.0141952	6.74418e-05	5.3494	3.88519	12	58471446	T	C	0.00010224988999520009	3.9903371505529264
12:7741027:G:A	0.0151975	3.25856e-05	6.14501	3.88511	12	7741027	G	A	0.00010228356632812407	3.9901941378062133
12:122689476:A:AT	0.00274118	6.37892e-05	3.76056	3.88509	12	122689476	A	AT	0.00010229198704694381	3.990158385032641
12:5227663:GC:G	0.0567784	0.000136839	6.0281	3.88475	12	5227663	GC	G	0.0001024352394181854	3.9895506131639205
12:86191494:G:A	0.00212998	5.13421e-06	6.02794	3.88462	12	86191494	G	A	0.00010249006240712063	3.9893182424226605
12:80512995:C:T	5.91178e-05	0.0102249	-5.15305	-3.88451	12	80512995	C	T	0.0001025364727192923	3.9891216264791547
12:103903030:G:A	1.20537e-05	0.0108997	-6.80713	-3.88438	12	103903030	G	A	0.0001025913468432915	3.9888892686266564
12:73224167:AGTTT:A	0.000371122	1.06245e-06	5.85595	3.88405	12	73224167	AGTTT	A	0.00010273076720599994	3.9882994685091604
12:90640094:A:AT	0.0225206	5.82993e-05	5.9566	3.88401	12	90640094	A	AT	0.00010274767879050774	3.9882279806427525
12:122769856:CTT:C	0.00208395	4.85666e-05	3.75909	3.88389	12	122769856	CTT	C	0.00010279842931112428	3.988013521009253
12:33020900:G:C	6.32027e-06	0.00426679	-6.51486	-3.88323	12	33020900	G	C	0.00010307798034900403	3.986834099355473
12:103902856:C:T	1.20299e-05	0.0108398	-6.80359	-3.88171	12	103902856	C	T	0.00010372452628208895	3.984118539950853
12:113923006:T:C	1.40676e-06	0.00058207	-6.0253	-3.88121	12	113923006	T	C	0.00010393804111504901	3.983225472436592
12:68830060:A:ATT	5.2573e-06	0.00265182	-6.22338	-3.88028	12	68830060	A	ATT	0.00010433628243045635	3.9815646415325796
12:63366609:C:T	5.9864e-06	0.00234805	-5.97185	-3.87928	12	63366609	C	T	0.00010476610537484162	3.9797792004592765
12:90603831:G:A	0.0122094	3.18134e-05	5.95008	3.8792	12	90603831	G	A	0.00010480056330195761	3.979636383017613
12:7011104:G:A	1.23991e-05	0.00698191	-6.33345	-3.8777	12	7011104	G	A	0.00010544863311624722	3.976959045454307
12:38374635:A:G	3.23025e-06	0.00181892	-6.33344	-3.87769	12	38374635	A	G	0.00010545296624459304	3.976941199655736
12:26909926:G:A	2.39559e-05	0.0134807	-6.3328	-3.8772	12	26909926	G	A	0.00010566549548776707	3.9760668061235407
12:28900990:G:A	5.16805e-05	0.0312708	-6.40536	-3.87675	12	28900990	G	A	0.0001058610313990878	3.975263879013272
12:72514436:A:ATAACT	0.00132156	1.01785e-05	4.86629	3.87615	12	72514436	A	ATAACT	0.00010612227713746268	3.974193439639348
12:88787091:G:T	3.12253e-05	0.00546332	-5.16458	-3.87599	12	88787091	G	T	0.00010619204534552232	3.973908014252037
12:74412695:C:T	2.07995e-06	0.00139082	-6.50531	-3.87579	12	74412695	C	T	0.00010627931647210064	3.9735512473869905
12:74401095:CA:C	0.00189141	4.61876e-06	6.01495	3.87428	12	74401095	CA	C	0.00010694040123244193	3.9708581907919847
12:33465113:C:A	0.00269867	8.10987e-06	5.80743	3.87427	12	33465113	C	A	0.00010694479218256032	3.9708403591190526
12:76139183:G:A	0.000232308	0.0928674	-5.99086	-3.87342	12	76139183	G	A	0.00010731864536329817	3.969324817876334
12:72696055:T:C	0.00748322	6.75963e-05	4.70687	3.8727	12	72696055	T	C	0.00010763628532928963	3.9680412987272087
12:23526139:G:C	1.56195e-05	0.0092502	-6.38388	-3.87234	12	23526139	G	C	0.00010779543776500982	3.9673996194406462
12:25210884:T:TAGTAG	3.00882e-07	7.24585e-05	-5.48405	-3.87164	12	25210884	T	TAGTAG	0.00010810553666133509	3.966152062939472
12:49506323:A:AG	0.0017051	2.32399e-05	4.29551	3.87113	12	49506323	A	AG	0.00010833199565713399	3.9652432563467452
12:76226433:T:C	5.15145e-05	0.0205284	-5.9877	-3.87091	12	76226433	T	C	0.00010842982196922997	3.9648512552934423
12:126031731:G:A	0.000106121	0.0357399	-5.81944	-3.87085	12	126031731	G	A	0.00010845651633447059	3.9647443493843735
12:17119662:A:G	2.22674e-05	0.00864291	-5.96137	-3.87077	12	17119662	A	G	0.00010849211846693304	3.9646018104850125
12:105798998:C:T	1.64005e-05	0.00486311	-5.69212	-3.87061	12	105798998	C	T	0.00010856335581400556	3.964316740615641
12:10511868:AG:A	0.0156133	3.94524e-05	5.98078	3.86985	12	10511868	AG	A	0.00010890233630925506	3.9629628031153574
12:46100533:T:A	1.35871e-05	0.00756968	-6.32279	-3.86944	12	46100533	T	A	0.00010908562179541258	3.9622324885172384
12:88531436:T:C	1.92471e-06	0.00170559	-6.78689	-3.86911	12	88531436	T	C	0.00010923335561399408	3.961644724752907
12:59663493:C:T	2.20833e-05	0.00653393	-5.68994	-3.86896	12	59663493	C	T	0.00010930056973220689	3.9613775742725412
12:6683662:CA:C	5.7077e-05	0.00301855	-3.96813	-3.86864	12	6683662	CA	C	0.0001094440902866853	3.9608076843032203
12:22146397:C:T	2.59097e-05	0.00880563	-5.82853	-3.86862	12	22146397	C	T	0.00010945306622217424	3.9607720675842355
12:18200708:G:A	9.73898e-06	0.00573395	-6.37802	-3.86776	12	18200708	G	A	0.00010983968912544272	3.959240704934592
12:17119642:G:A	2.24619e-05	0.00868582	-5.95763	-3.86773	12	17119642	G	A	0.00010985319919926211	3.9591872908203527
12:28482398:T:C	4.14909e-06	0.00247566	-6.39137	-3.86603	12	28482398	T	C	0.0001106213366345428	3.956161098266969
12:38377503:G:A	3.09243e-06	0.00204108	-6.49228	-3.86565	12	38377503	G	A	0.00011079372947180395	3.9554848184239786
12:126032001:C:A	0.000106185	0.0355161	-5.81256	-3.86528	12	126032001	C	A	0.00011096182915879792	3.9548263927150096
12:46101020:C:G	1.57649e-05	0.00705138	-6.1032	-3.86481	12	46101020	C	G	0.00011117570813500845	3.9539900956262986
12:30075310:C:T	5.83429e-05	0.0293863	-6.22195	-3.86415	12	30075310	C	T	0.00011147670540022975	3.95281587497527
12:48078366:T:G	3.48753e-06	0.00192927	-6.3157	-3.86395	12	48078366	T	G	0.00011156806835750442	3.952460086047824
12:22028390:A:G	0.00656623	0.000164129	3.68904	3.86381	12	22028390	A	G	0.00011163206445040835	3.9522110436263564
12:73467127:A:G	0.000416889	6.15131e-06	4.21615	3.86305	12	73467127	A	G	0.00011198007646794256	3.950859240273843
12:55353126:G:A	1.05684e-05	0.00309771	-5.68055	-3.86183	12	55353126	G	A	0.00011254086817641882	3.948689738881922
12:97126613:AT:A	0.0227577	3.39488e-05	6.50781	3.86181	12	97126613	AT	A	0.00011255008351510191	3.9486541784054916
12:1262662:G:T	8.24795e-06	0.00118032	-4.96358	-3.86149	12	1262662	G	T	0.00011269762577171164	3.9480852332449823
12:125440389:T:C	0.000164862	0.0499733	-5.71414	-3.86128	12	125440389	T	C	0.0001127945495058742	3.9477118859618425
12:125440314:A:G	0.000164862	0.0499733	-5.71414	-3.86128	12	125440314	A	G	0.0001127945495058742	3.9477118859618425
12:12505407:C:T	0.0030325	8.96925e-06	5.82334	3.8612	12	12505407	C	T	0.00011283149351116849	3.9475696632151456
12:40968049:C:T	0.000686139	7.62322e-06	4.49988	3.86037	12	40968049	C	T	0.00011321546166567096	3.9460942581518283
12:125440843:A:G	0.000163642	0.0495288	-5.71263	-3.86011	12	125440843	A	G	0.0001133359941345253	3.9456321415799636
12:101670740:G:A	0.00970636	5.3816e-05	5.19497	3.85963	12	101670740	G	A	0.00011355883367326127	3.944779076624059
12:21128294:AAAAATAAAA:A	0.000782841	7.195e-06	4.68954	3.85918	12	21128294	AAAAATAAAA	A	0.00011376812101515425	3.9439794146260296
12:25421189:T:C	4.17542e-05	0.0364939	-6.7731	-3.8587	12	25421189	T	C	0.00011399176181704784	3.943126533985261
12:125440633:C:T	0.000163938	0.0495288	-5.71082	-3.8587	12	125440633	C	T	0.00011399176181704784	3.943126533985261
12:29412604:T:C	0.00145933	7.21904e-06	5.30901	3.85796	12	29412604	T	C	0.0001143373539367678	3.941811862707349
12:46100545:T:C	1.57566e-05	0.00697719	-6.09314	-3.85733	12	46100545	T	C	0.0001146323527998208	3.940692793716914
12:40842763:G:T	8.21414e-06	0.00536205	-6.48124	-3.85707	12	40842763	G	T	0.00011475430750130105	3.9402310034906143
12:7327582:C:T	1.92208e-05	0.0111625	-6.36432	-3.85705	12	7327582	C	T	0.0001147636936989813	3.9401954823215597
12:42428467:G:A	1.33818e-05	0.00776646	-6.36368	-3.85654	12	42428467	G	A	0.00011500328653508934	3.9392897483102245
12:38374893:A:G	3.32051e-06	0.00181892	-6.30588	-3.85634	12	38374893	A	G	0.00011509737322394978	3.9389345878155724
12:51814857:T:C	1.73782e-05	0.00865777	-6.211	-3.85557	12	51814857	T	C	0.00011546028519569582	3.9375673740956247
12:16297362:CA:C	0.0647055	0.000939475	4.23228	3.85448	12	16297362	CA	C	0.00011597586325293355	3.9356323861763918
12:18649331:C:T	1.24306e-05	0.00472736	-5.94096	-3.8542	12	18649331	C	T	0.00011610865540733169	3.9351354042447966
12:48078583:C:T	3.52145e-06	0.00192273	-6.30263	-3.85382	12	48078583	C	T	0.00011628910269902712	3.9344609805373976
12:63614998:C:A	0.00143488	6.98194e-06	5.32551	3.85337	12	63614998	C	A	0.00011650313231844729	3.9336623979827707
12:23894591:G:A	7.34397e-06	0.00637287	-6.76593	-3.85328	12	23894591	G	A	0.00011654598279744815	3.9335026915039246
12:105029024:A:AT	0.00695253	0.000168277	3.72125	3.85326	12	105029024	A	AT	0.00011655550714436643	3.9334672016294183
12:7740465:C:T	3.44127e-05	0.0137445	-5.98997	-3.85304	12	7740465	C	T	0.00011666032341766132	3.9330768239088236
12:87261156:TTGTG:T	0.00216412	5.59112e-06	5.95859	3.85258	12	87261156	TTGTG	T	0.0001168797720293581	3.93226064415186
12:2931673:G:A	5.85079e-06	0.00291184	-6.20996	-3.85244	12	2931673	G	A	0.00011694663796874298	3.9320122589562447
12:110125805:C:T	9.01781e-05	1.34937e-06	4.20215	3.85225	12	110125805	C	T	0.00011703744230311115	3.931675177704538
12:12614857:GT:G	0.00178838	4.33474e-05	3.71982	3.8521	12	12614857	GT	G	0.00011710917689741831	3.9314090714541017
12:33021259:A:G	6.56049e-06	0.00425513	-6.47481	-3.85206	12	33021259	A	G	0.00011712831312399793	3.9313381113560775
12:33021260:G:A	6.56049e-06	0.00425513	-6.47481	-3.85206	12	33021260	G	A	0.00011712831312399793	3.9313381113560775
12:83308553:T:A	5.26959e-06	0.00341677	-6.4745	-3.85182	12	83308553	T	A	0.00011724319242274816	3.9309123646390325
12:13601518:A:AT	8.50795e-06	0.00498288	-6.37276	-3.85176	12	13601518	A	AT	0.00011727192884506898	3.9308059316752337
12:88539692:T:C	2.08221e-06	0.00134931	-6.47392	-3.85137	12	88539692	T	C	0.00011745887755083759	3.9301141536361452
12:17305095:CCTTT:C	1.36982e-06	0.000524356	-5.9475	-3.85134	12	17305095	CCTTT	C	0.00011747326985514315	3.930060942541635
12:2931909:C:T	5.86046e-06	0.00291184	-6.20831	-3.85132	12	2931909	C	T	0.00011748286564855034	3.9300254686850393
12:28482147:G:A	4.32793e-06	0.00252959	-6.37072	-3.8502	12	28482147	G	A	0.00011802141133036136	3.9280391962609644
12:55357616:T:TA	7.05355e-06	0.00248337	-5.86384	-3.84949	12	55357616	T	TA	0.00011836401555765207	3.92678030960681
12:83308708:A:G	5.28769e-06	0.00341683	-6.47109	-3.84916	12	83308708	A	G	0.00011852357318639164	3.926195264112837
12:87753320:T:A	0.00069194	1.79619e-06	5.95383	3.84888	12	87753320	T	A	0.00011865911444620488	3.925698897129205
12:105060739:A:G	0.0329794	0.00017614	5.23236	3.84856	12	105060739	A	G	0.00011881419771052782	3.925131660205661
12:34118368:CGATAG:C	2.51877e-07	0.000124632	-6.20418	-3.84852	12	34118368	CGATAG	C	0.00011883359655140278	3.925060758562394
12:55355340:GT:G	0.00192843	1.08726e-05	5.17821	3.8483	12	55355340	GT	G	0.0001189403435714521	3.9246708113305173
12:6900438:G:T	9.73389e-06	0.00342096	-5.86206	-3.84821	12	6900438	G	T	0.00011898403886201343	3.9245112932214847
12:105062103:T:C	0.0306221	0.000163711	5.23137	3.84784	12	105062103	T	C	0.00011916383413124697	3.923855531680098
12:48078670:G:A	3.52597e-06	0.00190782	-6.29356	-3.84679	12	48078670	G	A	0.00011967546000821705	3.921994894502823
12:33013545:A:T	2.33426e-06	0.000878926	-5.93101	-3.84612	12	33013545	A	T	0.00012000300776387175	3.9208078686283567
12:61317608:G:T	3.50449e-05	0.013529	-5.95596	-3.84572	12	61317608	G	T	0.00012019896143160804	3.9200992847997544
12:16095885:A:T	5.47566e-06	0.00352256	-6.46663	-3.84569	12	16095885	A	T	0.00012021367011218594	3.9200461436750307
12:58462503:A:G	0.0262029	0.000245144	4.67178	3.84531	12	58462503	A	G	0.00012040012701662995	3.919373054917128
12:7740847:AT:A	0.0146843	3.33701e-05	6.08688	3.84522	12	7740847	AT	A	0.00012044432778360057	3.919213647888864
12:61199060:T:C	7.41472e-06	0.0035778	-6.17904	-3.84484	12	61199060	T	C	0.0001206311219715488	3.918540632852329
12:12283074:T:C	0.0181597	0.000437581	3.7257	3.84444	12	12283074	T	C	0.00012082804249252687	3.917832260363883
12:66070831:C:T	3.03311e-05	0.00852775	-5.63891	-3.8436	12	66070831	C	T	0.00012124256254172543	3.9163448931063782
12:87755300:TA:T	0.000869814	1.88765e-06	6.13295	3.84341	12	87755300	TA	T	0.00012133650877918236	3.916008505186837
12:12425506:C:T	5.39623e-06	0.00212797	-5.97722	-3.84288	12	12425506	C	T	0.0001215989322103086	3.91507023869163
12:76058197:CAT:C	0.0147398	4.19005e-05	5.86301	3.84279	12	76058197	CAT	C	0.00012164354779286612	3.914910921934716
12:42563705:CA:C	0.00163545	3.51178e-06	6.14355	3.84257	12	42563705	CA	C	0.00012175267308696835	3.9145214950482274
12:103901366:G:C	6.85619e-06	0.00586381	-6.7514	-3.84231	12	103901366	G	C	0.00012188175833445318	3.914061289028934
12:27231012:CT:C	0.00331015	7.11152e-06	6.14303	3.84219	12	27231012	CT	C	0.0001219413796495583	3.913848895661478
12:70224243:G:T	4.32007e-06	0.00276394	-6.46114	-3.84142	12	70224243	G	T	0.00012232460452234184	3.912486179647667
12:28890785:G:A	0.0087861	2.67315e-05	5.79508	3.8414	12	28890785	G	A	0.00012233457352760563	3.9124507876872014
12:64676327:T:C	1.50942e-05	0.00564823	-5.92478	-3.84106	12	64676327	T	C	0.00012250416384887628	3.911849149618976
12:83426004:AT:A	0.00245734	1.39627e-05	5.17044	3.84051	12	83426004	AT	A	0.00012277897047422798	3.9108760125849473
12:117685896:C:T	0.0164073	0.000173185	4.55112	3.84046	12	117685896	C	T	0.0001228039816915115	3.910787551772878
12:128341645:A:G	0.0844734	0.00224307	3.62859	3.84042	12	128341645	A	G	0.00012282399412359444	3.9107167838661403
12:46099288:A:G	1.47411e-05	0.00637778	-6.06994	-3.84007	12	46099288	A	G	0.00012299923409871594	3.9100975928511463
12:50803934:C:T	3.54069e-05	0.0116132	-5.79299	-3.84007	12	50803934	C	T	0.00012299923409871594	3.9100975928511463
12:23525950:A:G	1.60268e-05	0.00768119	-6.17227	-3.83943	12	23525950	A	G	0.0001233202826320857	3.9089654886048337
12:117641359:A:G	0.0094165	0.000114818	4.40687	3.83927	12	117641359	A	G	0.00012340066811064823	3.908682488957701
12:51430640:C:T	0.021998	5.78292e-05	5.94121	3.83907	12	51430640	C	T	0.0001235012194233486	3.9083287542568104
12:7740206:G:A	3.87783e-05	0.015213	-5.97204	-3.83875	12	7740206	G	A	0.00012366226219412386	3.9077628130737705
12:17416941:C:T	5.29212e-06	0.00283354	-6.28307	-3.83866	12	17416941	C	T	0.00012370759112878354	3.90760364973071
12:33928997:C:T	5.66865e-06	0.00211455	-5.92165	-3.83852	12	33928997	C	T	0.0001237781339392453	3.907356068952928
12:43608270:T:C	0.00478505	0.000130745	3.6	3.83848	12	43608270	T	C	0.00012379829599190313	3.9072853330736286
12:13741810:G:A	1.35972e-06	0.000449428	-5.8007	-3.83839	12	13741810	G	A	0.0001238436719304541	3.907126179759594
12:80516926:A:T	0.000114005	0.0376044	-5.79863	-3.83683	12	80516926	A	T	0.0001246326836405854	3.9043680534759333
12:83311954:GAT:G	0.00476393	1.03152e-05	6.13521	3.83648	12	83311954	GAT	G	0.0001248103551435536	3.9037493810386863
12:11571980:G:C	9.67598e-05	0.00941893	-4.57825	-3.83578	12	11571980	G	C	0.00012516641464399683	3.90251218783086
12:53369150:G:A	8.7497e-06	0.00741355	-6.74205	-3.83525	12	53369150	G	A	0.0001254366392360785	3.9015755903482416
12:17119610:A:T	2.27892e-05	0.00867919	-5.9424	-3.83496	12	17119610	A	T	0.00012558473064587075	3.9010631615491964
12:17119608:G:A	2.27892e-05	0.00867919	-5.9424	-3.83496	12	17119608	G	A	0.00012558473064587075	3.9010631615491964
12:12427174:CTT:C	0.00176025	4.65391e-06	5.9355	3.83463	12	12427174	CTT	C	0.00012575344891832237	3.9004800951336196
12:23377115:T:C	4.51461e-06	0.00286189	-6.45192	-3.83424	12	23377115	T	C	0.00012595311869147605	3.8997910745832534
12:67115493:C:CA	5.79988e-05	0.0116128	-5.29944	-3.83367	12	67115493	C	CA	0.00012624548134669997	3.8987841574573294
12:117642879:A:G	8.84494e-05	0.0258625	-5.67812	-3.83333	12	117642879	A	G	0.0001264201775501214	3.8981836040653373
12:58471830:A:G	0.0126398	7.25607e-05	5.16018	3.83305	12	58471830	A	G	0.00012656421607334557	3.8976890665037014
12:99344651:C:T	1.14756e-05	0.00726094	-6.45005	-3.83278	12	99344651	C	T	0.0001267032568473548	3.8972122216386125
12:73708494:G:T	1.23733e-05	0.00782125	-6.44906	-3.83202	12	73708494	G	T	0.0001270954042550035	3.895870153165721
12:78468356:T:C	7.69295e-05	0.0284535	-5.91314	-3.83161	12	78468356	T	C	0.00012730743220058392	3.895146241519307
12:117658987:G:A	0.000379077	0.135707	-5.88051	-3.83127	12	117658987	G	A	0.0001274835130696852	3.894545977158168
12:95503053:G:T	2.28982e-06	0.000734303	-5.77045	-3.83119	12	95503053	G	T	0.0001275249772076497	3.894404745417578
12:19705984:A:G	4.73357e-06	0.00174968	-5.91251	-3.8311	12	19705984	A	G	0.000127571639556068	3.894245862866223
12:7324832:TA:T	0.00176991	3.90952e-06	6.11527	3.83072	12	7324832	TA	T	0.00012776883583003366	3.8935750622770726
12:10242076:G:GTTT	4.00869e-07	0.000252893	-6.44709	-3.83048	12	10242076	G	GTTT	0.00012789352882830137	3.8931514294483147
12:11182261:G:T	1.16068e-05	0.0032113	-5.62284	-3.83041	12	11182261	G	T	0.00012792991921805995	3.8930278743505022
12:18649807:A:G	1.17575e-05	0.00434214	-5.91163	-3.83038	12	18649807	A	G	0.00012794551808657475	3.892974922784696
12:6899554:T:G	9.79481e-06	0.00335775	-5.83717	-3.83029	12	6899554	T	G	0.00012799232544843047	3.892816070315579
12:10515143:G:C	2.72225e-05	0.0152744	-6.32989	-3.83012	12	10515143	G	C	0.0001280807833905563	3.8925160247711794
12:44097158:T:C	1.82021e-05	0.00467315	-5.54805	-3.82839	12	44097158	T	C	0.00012898425563558977	3.8894632982890163
12:621059:T:A	6.34088e-06	0.0030508	-6.17614	-3.82823	12	621059	T	A	0.00012906811649820706	3.8891810275944025
12:33016280:G:C	2.1204e-06	0.000615628	-5.67104	-3.82784	12	33016280	G	C	0.00012927274267187565	3.8884930370307136
12:73151569:CTT:C	1.02183e-05	0.00296212	-5.66948	-3.82663	12	73151569	CTT	C	0.0001299095559749917	3.886358901624692
12:113432300:C:T	0.000131793	0.0103026	-4.35892	-3.82601	12	113432300	C	T	0.00013023700135142763	3.885265611775516
12:88538105:T:G	2.04611e-06	0.00128284	-6.44089	-3.82566	12	88538105	T	G	0.00013042219285179507	3.88464850206271
12:10514966:C:T	2.7392e-05	0.0152744	-6.32368	-3.82527	12	10514966	C	T	0.00013062884140066183	3.8839609250648315
12:10514922:A:T	2.73947e-05	0.0152744	-6.32358	-3.82519	12	10514922	A	T	0.00013067126896647923	3.8838198913863446
12:14637196:C:CAA	2.15543e-05	0.00190971	-4.48413	-3.82495	12	14637196	C	CAA	0.00013079862959154443	3.8833968061948405
12:88538587:T:C	2.05266e-06	0.00128284	-6.4377	-3.82317	12	88538587	T	C	0.0001317468784022254	3.8802596661248954
12:1262855:A:G	1.39652e-05	0.000543463	-3.66139	-3.82307	12	1262855	A	G	0.0001318003425262936	3.880083461084301
12:23524988:A:G	1.64158e-05	0.00770478	-6.15135	-3.82271	12	23524988	A	G	0.00013199298269834752	3.879449157100173
12:44096875:C:A	1.84787e-05	0.00470392	-5.53954	-3.82262	12	44096875	C	A	0.0001320411841795123	3.8792905894589507
12:12618482:G:T	1.88998e-05	0.00544734	-5.66373	-3.82217	12	12618482	G	T	0.00013228244048000995	3.8784978013813727
12:11568148:A:T	9.58763e-05	0.00915509	-4.55901	-3.8215	12	11568148	A	T	0.00013264241401311918	3.877317582820364
12:88792774:G:A	3.85531e-05	0.00622976	-5.08506	-3.82142	12	88792774	G	A	0.00013268545755902881	3.877176673578351
12:38375115:T:A	3.47442e-06	0.00181892	-6.26057	-3.82123	12	38375115	T	A	0.00013278773873430668	3.876842024711016
12:82951443:G:A	3.20205e-05	0.00375506	-4.76448	-3.821	12	82951443	G	A	0.00013291165218500009	3.8764369433776706
12:108530857:CA:C	0.00236736	7.6604e-06	5.73347	3.81936	12	108530857	CA	C	0.0001337983722671899	3.8735491699738565
12:69854347:G:GGAGGGA	1.58935e-05	0.00608412	-5.94753	-3.81921	12	69854347	G	GGAGGGA	0.00013387975232700305	3.873285099743566
12:58471959:G:A	0.0124147	7.26681e-05	5.14073	3.81893	12	58471959	G	A	0.00013403178656438806	3.872792193482659
12:50920977:A:C	3.63337e-05	0.00981257	-5.59868	-3.81849	12	50920977	A	C	0.0001342710262051906	3.8720176918490963
12:79650716:T:TAA	9.09001e-06	0.0075234	-6.7186	-3.81754	12	79650716	T	TAA	0.00013478893914143264	3.8703457447957397
12:12618476:G:A	1.90222e-05	0.00544965	-5.6577	-3.8175	12	12618476	G	A	0.00013481078724022932	3.870275355193379
12:16095884:G:A	5.47747e-06	0.00339753	-6.43016	-3.81731	12	16095884	G	A	0.00013491461128113802	3.8699410135961125
12:50922515:T:C	3.72994e-05	0.0100563	-5.59698	-3.81711	12	50922515	T	C	0.00013502398112737586	3.869589091161584
12:117642941:A:G	8.97435e-05	0.0256792	-5.65648	-3.81655	12	117642941	A	G	0.00013533066125134084	3.868603796132033
12:29857247:A:C	9.55431e-06	0.00400308	-6.03783	-3.81618	12	29857247	A	C	0.00013553364909681527	3.867952868606196
12:111121173:T:C	4.42081e-05	0.00708745	-5.07717	-3.81601	12	111121173	T	C	0.00013562700992466323	3.8676538127320237
12:16229649:T:TACACAC	5.1467e-05	0.0287534	-6.32557	-3.81558	12	16229649	T	TACACAC	0.00013586342841492784	3.8668974305012282
12:73392800:A:G	9.77058e-06	0.0053796	-6.31099	-3.81534	12	73392800	A	G	0.00013599555168835987	3.866475296841502
12:73392765:C:G	9.77606e-06	0.0053796	-6.31043	-3.8149	12	73392765	C	G	0.000136238092127398	3.865701446844816
12:121310252:A:AAGAG	0.00802487	7.49182e-05	4.6739	3.81466	12	121310252	A	AAGAG	0.00013637055861080466	3.865279380507942
12:59478047:A:G	9.01521e-07	0.000467489	-6.25105	-3.81386	12	59478047	A	G	0.0001368129904166557	3.8638726643233285
12:90302095:G:A	8.56894e-06	0.00705046	-6.7127	-3.81309	12	90302095	G	A	0.00013724010784699802	3.8625189493353504
12:67832635:C:T	4.78105e-05	0.0393142	-6.7121	-3.81263	12	67832635	C	T	0.00013749586793411727	3.8617103531819104
12:105028982:G:A	6.81579e-05	0.0237991	-5.85558	-3.81245	12	105028982	G	A	0.00013759607013664243	3.861393969751258
12:82956251:G:A	1.57866e-05	0.00395777	-5.52427	-3.81229	12	82956251	G	A	0.00013768519650639928	3.8611127512549763
12:49757647:A:G	5.58452e-05	0.00942844	-5.1289	-3.81227	12	49757647	A	G	0.00013769634112562672	3.861077599685429
12:51426170:G:A	3.99149e-05	0.0218831	-6.30672	-3.812	12	51426170	G	A	0.0001378468766799034	3.860603069645622
12:84734201:G:A	3.38174e-06	0.00188028	-6.32079	-3.81191	12	84734201	G	A	0.00013789708963887445	3.8604448996480456
12:48364596:C:T	3.05158e-05	0.0143747	-6.15498	-3.81164	12	48364596	C	T	0.00013804783191547306	3.8599704097023007
12:45371521:GGCAGA:G	0.00173571	4.58611e-06	5.93614	3.81159	12	45371521	GGCAGA	G	0.00013807576418066347	3.8598825444937335
12:70764354:T:C	8.14652e-05	0.0218414	-5.59139	-3.81108	12	70764354	T	C	0.00013836097754801343	3.858986378269354
12:44843618:T:C	2.94765e-05	0.00788537	-5.58917	-3.81076	12	44843618	T	C	0.00013854021820523598	3.8584241326710633
12:39567988:T:G	2.76615e-06	0.000734722	-5.58204	-3.81014	12	39567988	T	G	0.00013888811957509737	3.857334902020819
12:90641665:A:G	0.0216587	6.19903e-05	5.85618	3.80988	12	90641665	A	G	0.00013903425846867716	3.8568781750643986
12:20337943:A:G	3.74479e-05	0.0229987	-6.42024	-3.80959	12	20337943	A	G	0.0001391974304119549	3.8563687817384524
12:78469370:T:C	7.88239e-05	0.0283675	-5.88578	-3.8094	12	78469370	T	C	0.00013930443395444639	3.856035060092168
12:74419316:T:C	5.08765e-06	0.00211218	-6.02866	-3.80937	12	74419316	T	C	0.0001393213363315557	3.8559823685617967
12:58471363:CT:C	0.010832	5.75427e-05	5.23773	3.80914	12	58471363	CT	C	0.00013945098541435542	3.855578412495064
12:29413662:T:TACACACAC	8.88557e-06	0.00545354	-6.41959	-3.80908	12	29413662	T	TACACACAC	0.00013948482559911562	3.8554730362400274
12:23458780:C:A	2.62299e-05	0.00805161	-5.72673	-3.80906	12	23458780	C	A	0.0001394961073794838	3.855437911151655
12:40845734:G:A	1.88515e-05	0.011559	-6.41863	-3.80833	12	40845734	G	A	0.00013990848107197284	3.8541559583379206
12:82951384:G:A	3.25864e-05	0.00375815	-4.74779	-3.80832	12	82951384	G	A	0.00013991413799079686	3.8541383988665783
12:29412458:T:C	0.00145748	7.76396e-06	5.23497	3.80725	12	29412458	T	C	0.0001405206746646961	3.852259773750128
12:118523008:G:A	0.00352518	9.03328e-05	3.66419	3.80706	12	118523008	G	A	0.0001406286360286318	3.851926235483184
12:10513912:G:A	3.23737e-05	0.0264135	-6.70429	-3.80674	12	10513912	G	A	0.0001408106423054873	3.8513645204788163
12:44505429:C:T	2.89176e-05	0.00483798	-5.1198	-3.80589	12	44505429	C	T	0.00014129517443419522	3.8498726700862433
12:83312047:G:A	1.03954e-05	0.00477309	-6.12939	-3.80516	12	83312047	G	A	0.0001417125550265407	3.8485916717200483
12:73472027:C:G	0.000274717	4.09349e-06	4.20634	3.8048	12	73472027	C	G	0.00014191881381404018	3.847960027417716
12:92562414:C:T	2.39565e-05	0.00642296	-5.5914	-3.8046	12	92562414	C	T	0.00014203352416574785	3.8476091370124577
12:125449681:G:GT	0.0217183	0.000130644	5.11343	3.8045	12	125449681	G	GT	0.00014209091208221703	3.84743369799624
12:38736239:T:TGTGTGTGTG	2.49096e-06	0.00135175	-6.29648	-3.804	12	38736239	T	TGTGTGTGTG	0.00014237817938010484	3.846556564778912
12:38369968:C:T	2.77757e-06	0.00127321	-6.12772	-3.80383	12	38369968	C	T	0.00014247597479720187	3.8462583629725033
12:80504492:A:G	0.00345994	5.16596e-05	4.20433	3.8033	12	80504492	A	G	0.00014278127261008685	3.8453287514916195
12:29412443:G:C	0.00145834	7.8152e-06	5.22898	3.80314	12	29412443	G	C	0.00014287355899040156	3.8450481368288436
12:29412445:T:C	0.00145834	7.8152e-06	5.22898	3.80314	12	29412445	T	C	0.00014287355899040156	3.8450481368288436
12:58472213:T:G	0.0121488	7.27435e-05	5.11805	3.80245	12	58472213	T	G	0.00014327218788085056	3.843838107035731
12:7788944:AC:A	0.0486368	0.000113786	6.05782	3.80185	12	7788944	AC	A	0.00014361967287165726	3.8427860668178444
12:16253691:G:GGA	0.0241577	0.000361434	4.20228	3.80178	12	16253691	G	GGA	0.00014366026444630252	3.8426633384633195
12:131313919:G:A	0.00579435	0.000149491	3.6574	3.80157	12	131313919	G	A	0.00014378210400406956	3.842295165524375
12:63610657:T:C	0.000279294	7.80683e-06	3.57727	3.80066	12	63610657	T	C	0.00014431120078628064	3.8406999596141165
12:105685711:TCA:T	0.0099936	5.70039e-05	5.16658	3.80058	12	105685711	TCA	T	0.00014435780236284399	3.8405597380627583
12:38376609:C:A	3.45746e-06	0.00176097	-6.23309	-3.79994	12	38376609	C	A	0.00014473112547545137	3.839438060666728
12:28900354:G:T	3.30674e-05	0.0117511	-5.87316	-3.79915	12	28900354	G	T	0.00014519319996814998	3.8380537230674965
12:26080442:CCA:C	0.0348899	8.19382e-05	6.05399	3.79911	12	26080442	CCA	C	0.0001452166330552646	3.8379836368700424
12:63619457:G:A	7.05029e-06	0.00187718	-5.58446	-3.7989	12	63619457	G	A	0.0001453397152013396	3.8376156951583624
12:86865136:A:T	4.99629e-06	0.00133009	-5.58431	-3.79877	12	86865136	A	T	0.0001454159581326938	3.8373879308313557
12:48158642:T:C	3.04436e-06	0.00104247	-5.83606	-3.79772	12	48158642	T	C	0.00014603314845863772	3.8355485513482273
12:60428227:A:G	2.60888e-06	0.000925342	-5.87124	-3.79759	12	60428227	A	G	0.0001461097338723216	3.835320850279122
12:80501061:C:T	3.09974e-05	0.00352446	-4.73358	-3.79753	12	80501061	C	T	0.00014614509374064137	3.8352157598284875
12:12424931:G:A	5.5994e-06	0.00208213	-5.91849	-3.79605	12	12424931	G	A	0.0001470198588163842	3.8326239986405235
12:84326687:T:C	6.7486e-06	0.00367248	-6.29929	-3.79543	12	84326687	T	C	0.00014738777772075305	3.831538529289149
12:117865074:A:T	5.37649e-05	0.00892573	-5.11207	-3.7954	12	117865074	A	T	0.00014740560221864946	3.8314860105990065
12:83308641:A:T	5.70138e-06	0.00309962	-6.29833	-3.79469	12	83308641	A	T	0.00014782804157526842	3.830243176588853
12:25207611:T:C	6.56478e-06	0.0052663	-6.68736	-3.79396	12	25207611	T	C	0.00014826356895115438	3.828965549896611
12:71570460:T:C	0.00354323	0.000122808	3.36218	3.79389	12	71570460	T	C	0.0001483053952674678	3.8288430492934777
12:11567897:T:C	9.82839e-05	0.00904173	-4.52175	-3.79383	12	11567897	T	C	0.00014834125523779742	3.82873805038461
12:778637:C:CT	5.78424e-05	0.0208995	-5.88976	-3.7932	12	778637	C	CT	0.00014871827814203915	3.827635651461951
12:53374039:C:T	5.66309e-06	0.0034029	-6.39841	-3.7926	12	53374039	C	T	0.00014907818619030647	3.8265858998753566
12:92564050:C:T	2.56745e-05	0.00784346	-5.72194	-3.79191	12	92564050	C	T	0.00014949309418531035	3.825378869055167
12:93670497:C:T	9.67368e-05	0.0182753	-5.24131	-3.79127	12	93670497	C	T	0.0001498789080228371	3.8242594797187777
12:82950411:A:C	3.51754e-05	0.0039656	-4.72507	-3.79107	12	82950411	A	C	0.00014999966696327985	3.823909705185455
12:83285919:G:A	3.71133e-06	0.00222535	-6.39628	-3.79094	12	83285919	G	A	0.00015007820938879327	3.823682360582851
12:23890118:G:A	6.02646e-06	0.00321557	-6.2796	-3.79079	12	23890118	G	A	0.0001501688833753865	3.823420048546027
12:23235751:G:A	8.61542e-06	0.00433442	-6.22079	-3.79041	12	23235751	G	A	0.00015039882169089067	3.8227555662387167
12:615295:G:A	0.00419656	9.67937e-06	6.07202	3.79034	12	615295	G	A	0.00015044121488575187	3.8226331680969676
12:55363775:C:A	5.42504e-06	0.00175889	-5.78141	-3.79015	12	55363775	C	A	0.00015055633884318627	3.8223009547532563
12:2930153:A:G	5.66508e-06	0.00256839	-6.11671	-3.78938	12	2930153	A	G	0.00015102374350392295	3.8209547688518173
12:44025234:A:G	4.63586e-06	0.000444191	-4.56243	-3.78882	12	44025234	A	G	0.0001513645318094509	3.8199758780988993
12:11571294:T:G	0.000102526	0.00936373	-4.51448	-3.78844	12	11571294	T	G	0.0001515961931626849	3.8193117044374594
12:25417332:G:C	4.55746e-05	0.0362825	-6.67974	-3.7882	12	25417332	G	C	0.0001517426775234824	3.8188922570096984
12:74423549:C:A	1.24759e-05	0.0038355	-5.72826	-3.78807	12	74423549	C	A	0.00015182207884382234	3.8186650662351265
12:58462833:T:C	0.0240236	0.000241875	4.59837	3.78797	12	58462833	T	C	0.00015188318339542302	3.8184903088421085
12:124417653:T:C	0.0102525	0.000166762	4.11871	3.78786	12	124417653	T	C	0.0001519504251414473	3.8182980804716573
12:46099525:T:C	0.00445863	1.06405e-05	6.03793	3.78764	12	46099525	T	C	0.000152084992713638	3.81791363869659
12:105029144:T:C	7.45524e-05	0.0222417	-5.69822	-3.78707	12	105029144	T	C	0.0001524341671167613	3.816917677831317
12:122687806:T:A	5.6348e-05	0.0299177	-6.27466	-3.78693	12	122687806	T	A	0.00015252004461655894	3.816673076354553
12:29413726:T:C	3.05844e-06	0.00138131	-6.11288	-3.78679	12	29413726	T	C	0.00015260596765811883	3.8164284829583623
12:13016501:A:G	7.80389e-06	0.00314167	-5.99789	-3.78647	12	13016501	A	G	0.00015280253431618652	3.815869442681744
12:92462427:T:C	3.68717e-05	0.0195618	-6.27389	-3.78632	12	92462427	T	C	0.00015289475695907866	3.8156074070846175
12:109641435:C:T	0.00720868	6.29393e-05	4.74087	3.78585	12	109641435	C	T	0.00015318406063847146	3.81478642228105
12:14629264:G:C	1.03057e-05	0.00158081	-5.03299	-3.78569	12	14629264	G	C	0.00015328266450837335	3.81450695887079
12:23377279:A:C	9.66209e-07	0.000125982	-4.87051	-3.78556	12	23377279	A	C	0.00015336282414192567	3.8142799026211165
12:76761935:CAA:C	0.00374321	1.47019e-05	5.53972	3.78548	12	76761935	CAA	C	0.000153412172758343	3.814140179161245
12:93494932:C:CTA	0.000955578	5.86318e-06	5.09362	3.78471	12	93494932	C	CTA	0.0001538879180887499	3.812795475771897
12:83365434:C:T	8.66858e-06	0.00348077	-5.9953	-3.78455	12	83365434	C	T	0.00015398694836631189	3.812516087557685
12:23412258:ATAT:A	0.00043432	6.65175e-06	4.1789	3.78439	12	23412258	ATAT	A	0.00015408603862763804	3.812236709897162
12:105027882:G:A	7.36065e-05	0.0201996	-5.61469	-3.78413	12	105027882	G	A	0.00015424718832351774	3.811782743707754
12:93670300:T:C	9.67368e-05	0.0180931	-5.23129	-3.78396	12	93670300	T	C	0.0001543526411908995	3.8114859347285694
12:29413882:CTT:C	3.05963e-06	0.00137545	-6.10824	-3.78365	12	29413882	CTT	C	0.00015454511231506222	3.8109447254965927
12:99346381:G:GTA	1.19614e-05	0.00709919	-6.38606	-3.78298	12	99346381	G	GTA	0.00015496187030486041	3.8097751505608963
12:10336083:T:C	0.0335742	0.000886938	3.63374	3.78241	12	10336083	T	C	0.00015531725815753173	3.8087802847340546
12:46095377:C:T	0.00157836	3.79751e-06	6.02979	3.78182	12	46095377	C	T	0.0001556859236541183	3.8077506524010487
12:29116267:A:G	6.63701e-06	0.00300903	-6.11671	-3.78163	12	29116267	A	G	0.00015580482165982522	3.8074191064333274
12:19708455:A:G	3.78996e-06	0.00202534	-6.28114	-3.78151	12	19708455	A	G	0.0001558799591655567	3.807209716647475
12:20027779:T:C	0.0002348	6.5072e-06	3.58582	3.78151	12	20027779	T	C	0.0001558799591655567	3.807209716647475
12:87756573:CA:C	0.000669827	1.89632e-06	5.8671	3.78142	12	87756573	CA	C	0.00015593633467463774	3.8070526782036294
12:25220721:C:CA	1.92986e-06	0.000666903	-5.8452	-3.78127	12	25220721	C	CA	0.00015603033650259037	3.806790954883955
12:16228273:T:C	4.59795e-05	0.0167703	-5.89917	-3.78065	12	16228273	T	C	0.00015641944349732457	3.80570926356036
12:60443903:T:G	0.00102018	1.5215e-05	4.20545	3.78006	12	60443903	T	G	0.00015679057063497956	3.80468005928126
12:43106415:A:G	3.60586e-05	0.0192296	-6.27906	-3.77992	12	43106415	A	G	0.00015687875627690078	3.804435862380941
12:83309451:A:AT	0.00154911	6.13857e-06	5.53084	3.77942	12	83309451	A	AT	0.00015719408621358294	3.803563796548003
12:61279935:A:G	2.01891e-06	0.00107589	-6.27835	-3.77937	12	61279935	A	G	0.00015722565199445732	3.803476595632597
12:70941725:A:C	1.67281e-05	0.00988228	-6.38141	-3.77937	12	70941725	A	C	0.00015722565199445732	3.803476595632597
12:44646663:T:C	6.78137e-06	0.00226605	-5.81162	-3.77927	12	44646663	T	C	0.00015728880145376105	3.8033021968933425
12:123528669:C:T	5.05858e-05	0.010337	-5.31981	-3.77854	12	123528669	C	T	0.00015775051619438187	3.802029210974447
12:46095947:T:G	0.00158127	3.82206e-06	6.0252	3.77853	12	46095947	T	G	0.00015775684990111314	3.8020117743363246
12:13016443:G:C	7.86043e-06	0.0031303	-5.98704	-3.7784	12	13016443	G	C	0.0001578392098702996	3.8017851017917734
12:41624919:G:T	1.99487e-05	0.00599184	-5.70499	-3.77819	12	41624919	G	T	0.00015797233838371106	3.8014189531660953
12:2928245:A:G	5.42665e-06	0.0024192	-6.09987	-3.77799	12	2928245	A	G	0.00015809922568371697	3.8010702570893753
12:33013264:T:C	2.17017e-06	0.00127965	-6.37954	-3.77791	12	33013264	T	C	0.00015815000745531075	3.8009307832752883
12:11566610:A:AT	6.26636e-05	0.0100703	-5.07956	-3.7777	12	11566610	A	AT	0.00015828338265041304	3.800564677064647
12:42967978:G:A	5.94511e-05	0.0350318	-6.37886	-3.77738	12	42967978	G	A	0.00015848682460992302	3.8000068358881385
12:107844709:G:T	3.23495e-05	0.00838991	-5.55819	-3.77733	12	107844709	G	T	0.0001585186346363052	3.7999196770170816
12:28481705:C:T	0.00247778	5.89765e-06	6.04056	3.77711	12	28481705	C	T	0.0001586586701465771	3.799536190226469
12:13019623:A:G	7.04601e-06	0.00414909	-6.37818	-3.77685	12	13019623	A	G	0.00015882431675174282	3.799083004285388
12:32665733:C:T	4.24704e-06	0.00222604	-6.26176	-3.77684	12	32665733	C	T	0.00015883069102408696	3.799065574613336
12:46096258:G:A	0.00157805	3.82425e-06	6.02258	3.77667	12	46096258	G	A	0.000158939090495675	3.7987692764949132
12:82323309:A:G	0.00100278	2.89488e-05	3.545	3.77566	12	82323309	A	G	0.0001595845477881319	3.7970091627047964
12:58634525:TA:T	0.0029851	7.47423e-05	3.68734	3.77549	12	58634525	TA	T	0.00015969343135190795	3.796712947269717
12:50782490:C:T	1.26878e-05	0.00383929	-5.7124	-3.77533	12	50782490	C	T	0.00015979597385958568	3.7964341671533957
12:45296318:C:T	0.000440895	1.23712e-05	3.57343	3.77453	12	45296318	C	T	0.00016030961649144692	3.795040424845458
12:39709324:AATT:A	1.06758e-06	0.000275522	-5.55327	-3.77329	12	39709324	AATT	A	0.00016110883396370685	3.792880645573916
12:13018991:G:GTT	8.34961e-06	0.00294186	-5.86458	-3.77323	12	13018991	G	GTT	0.00016114760071588862	3.792776156199472
12:72696008:A:T	0.0100383	5.59673e-05	5.18939	3.77255	12	72696008	A	T	0.00016158757113855752	3.7915920469867217
12:56203404:T:G	4.67344e-06	0.000417532	-4.49247	-3.7721	12	56203404	T	G	0.00016187934926366603	3.7908085500907442
12:73392348:C:T	9.75195e-06	0.00570571	-6.37175	-3.77185	12	73392348	C	T	0.0001620416623624237	3.7903733101001236
12:2801952:C:CG	0.00718995	9.58942e-05	4.31719	3.77182	12	2801952	C	CG	0.00016206115022178628	3.7903210830322496
12:26909475:T:C	2.74229e-05	0.0134512	-6.19545	-3.77078	12	26909475	T	C	0.00016273809430150188	3.788510773993519
12:84512838:C:T	7.77826e-07	0.00040968	-6.26663	-3.77038	12	84512838	C	T	0.00016299916514286983	3.787814619981155
12:117653952:C:G	0.0221508	0.00062346	3.57035	3.76917	12	117653952	C	G	0.00016379130550066713	3.7857091555261557
12:38893865:G:T	7.65502e-06	0.00300906	-5.97402	-3.76872	12	38893865	G	T	0.000164086826061433	3.7849262854825096
12:60429423:A:G	2.72659e-06	0.000933288	-5.83566	-3.7687	12	60429423	A	G	0.00016409997194493663	3.7848914931952935
12:7012478:G:A	1.28544e-05	0.00628752	-6.19264	-3.7686	12	7012478	G	A	0.0001641657162272706	3.7847175342318997
12:18648753:T:C	1.35025e-05	0.00461957	-5.83518	-3.76831	12	18648753	T	C	0.00016435651481402992	3.7842130765430637
12:128340415:A:G	0.000762548	0.120861	-5.06573	-3.76801	12	128340415	A	G	0.000164554112200269	3.7836912602333554
12:50020263:C:CA	1.51707e-05	0.00356194	-5.45869	-3.7679	12	50020263	C	CA	0.00016462662055970412	3.7834999368795263
12:88792401:A:T	3.79554e-05	0.00890095	-5.4575	-3.76709	12	88792401	A	T	0.00016516147211795458	3.7820912548246115
12:94307243:T:TATA	3.88821e-05	0.0300969	-6.65164	-3.76699	12	94307243	T	TATA	0.00016522761643237278	3.7819173622104763
12:10927387:C:T	2.8596e-06	0.00059956	-5.34551	-3.76681	12	10927387	C	T	0.00016534673900558969	3.781604365889942
12:80367140:CTT:C	0.000464822	1.12477e-05	3.72149	3.76676	12	80367140	CTT	C	0.00016537984294580485	3.781517424837137
12:93548923:T:G	6.98894e-05	0.0219167	-5.74809	-3.76615	12	93548923	T	G	0.00016578421341245403	3.780456826947851
12:72164659:A:G	1.48753e-05	0.00138073	-4.53066	-3.76611	12	72164659	A	G	0.00016581076197999287	3.7803872849024955
12:10927168:T:C	2.86341e-06	0.000599663	-5.34436	-3.76593	12	10927168	T	C	0.00016593028003821948	3.780074353857813
12:128339677:T:TAA	0.0963161	0.00281706	3.53194	3.76554	12	128339677	T	TAA	0.00016618951392808807	3.7793963823981085
12:34111182:A:T	5.76653e-05	1.73017e-06	3.50644	3.7651	12	34111182	A	T	0.00016648244033553618	3.7786315667675385
12:121180959:A:G	5.15558e-06	0.000758311	-4.99101	-3.76486	12	121180959	A	G	0.00016664242303500988	3.7782144282314354
12:21447006:C:A	2.05332e-05	0.015845	-6.64857	-3.76467	12	21447006	C	A	0.0001667691785643748	3.7778842103905323
12:72453860:A:G	1.06516e-05	0.00362259	-5.82923	-3.76348	12	72453860	A	G	0.00016756513383104344	3.775816342269174
12:62509875:G:GT	6.52384e-07	0.000188704	-5.6673	-3.76321	12	62509875	G	GT	0.00016774622545824458	3.775347243326475
12:60429991:A:T	2.75095e-06	0.00093507	-5.82867	-3.76303	12	60429991	A	T	0.00016786705547380186	3.77503452738671
12:44827411:G:GT	3.46998e-05	0.0069397	-5.29828	-3.76291	12	44827411	G	GT	0.00016794765429842498	3.774826057510703
12:86862945:T:C	3.73186e-06	0.000940502	-5.52951	-3.7622	12	86862945	T	C	0.00016842527605199066	3.773592732158404
12:4812523:C:T	8.03511e-05	0.0236476	-5.68461	-3.76169	12	4812523	C	T	0.00016876914468480367	3.7727069505895736
12:105368123:A:AC	0.000361987	1.4728e-06	5.50444	3.7614	12	105368123	A	AC	0.0001689649722498595	3.772203318672188
12:42965868:C:T	7.53607e-05	0.0223915	-5.69415	-3.76067	12	42965868	C	T	0.0001694588641248778	3.7709357089757014
12:7735534:C:T	0.0416306	0.000103182	6.0001	3.76059	12	7735534	C	T	0.00016951307174905707	3.770796806194867
12:55361442:A:G	5.90265e-06	0.00183553	-5.73969	-3.7601	12	55361442	A	G	0.0001698454495210171	3.769946084203937
12:90638964:C:T	5.5198e-05	0.0243424	-6.08905	-3.75993	12	90638964	C	T	0.00016996090742306584	3.769650958873543
12:2929340:A:C	5.59699e-06	0.00242839	-6.07275	-3.75965	12	2929340	A	C	0.00017015123432883314	3.769164896052411
12:11572107:T:C	0.000106668	0.00936194	-4.47468	-3.7589	12	11572107	T	C	0.00017066202669431088	3.76786310121522
12:61445361:C:T	1.83641e-05	0.00952753	-6.25154	-3.75882	12	61445361	C	T	0.00017071659625958122	3.7677242567786613
12:74419835:A:G	5.52156e-06	0.00214129	-5.9605	-3.75866	12	74419835	A	G	0.00017082578463023315	3.767446575816468
12:107752521:CTAAT:C	0.00324461	1.13944e-05	5.65163	3.7586	12	107752521	CTAAT	C	0.00017086674720142786	3.767342448175022
12:1002341:A:AT	2.33011e-06	0.000805818	-5.84594	-3.75844	12	1002341	A	AT	0.00017097602589713018	3.7670647817161433
12:26907303:A:AC	0.0236998	5.71587e-05	6.02739	3.75775	12	26907303	A	AC	0.000171448043731592	3.765867465937907
12:60108251:A:ATT	5.4299e-06	0.000475786	-4.47305	-3.75768	12	60108251	A	ATT	0.00017149599801655338	3.765746010079558
12:42562152:C:T	3.10245e-06	0.000907971	-5.67902	-3.75717	12	42562152	C	T	0.00017184576021092834	3.7648611783345105
12:58471709:T:C	0.0127495	7.27225e-05	5.16659	3.7565	12	58471709	T	C	0.0001723062714563362	3.763698915185094
12:26907649:C:G	5.63786e-05	0.0243536	-6.06835	-3.75638	12	26907649	C	G	0.00017238887354281023	3.7634907681800867
12:66475410:G:A	6.09116e-05	0.0310434	-6.23372	-3.75491	12	66475410	G	A	0.00017340377632219078	3.7609414488550152
12:17117952:C:G	2.64277e-05	0.00908909	-5.84042	-3.75406	12	17117952	C	G	0.00017399318621956982	3.759467758873628
12:52113424:C:T	7.4758e-05	0.0091892	-4.81153	-3.75329	12	52113424	C	T	0.00017452874827254857	3.7581330260813233
12:89600648:AT:A	0.00424185	1.02958e-05	6.02102	3.7531	12	89600648	AT	A	0.000174661138213267	3.7578037140038916
12:48079276:G:A	3.63551e-06	0.00174274	-6.17246	-3.75297	12	48079276	G	A	0.0001747517752143721	3.7575784037831963
12:61319384:C:T	2.49531e-05	0.0142414	-6.34691	-3.75251	12	61319384	C	T	0.00017507284605219772	3.756781208138042
12:13018608:A:G	7.30063e-06	0.0041657	-6.34668	-3.75234	12	13018608	A	G	0.0001751916429969268	3.7564866144172733
12:41092751:T:A	1.45534e-05	0.00225235	-5.04191	-3.75132	12	41092751	T	A	0.000175906018132994	3.7547193021159275
12:84515066:G:A	7.7074e-07	0.000584175	-6.6306	-3.7511	12	84515066	G	A	0.00017606045776165981	3.754338173301594
12:42966507:A:T	7.50647e-05	0.0220391	-5.68222	-3.75109	12	42966507	A	T	0.00017606748077354749	3.7543208497383334
12:108823231:G:GT	7.82759e-06	0.00227134	-5.67047	-3.75024	12	108823231	G	GT	0.00017666540061351944	3.752848497431321
12:42966565:C:CA	7.50646e-05	0.0219964	-5.68029	-3.74953	12	42966565	C	CA	0.0001771663025839362	3.751618878349246
12:44103435:C:A	1.4961e-05	0.00230189	-5.03604	-3.74721	12	44103435	C	A	0.00017881238012561394	3.747602415998103
12:128339584:C:G	0.0012463	0.0993487	-4.37846	-3.74692	12	128339584	C	G	0.0001790191480110889	3.7471005140994165
12:31668495:CT:C	0.0127751	3.78206e-05	5.82239	3.74665	12	31668495	CT	C	0.00017921185811488574	3.746633257266099
12:44830463:G:A	4.86554e-05	0.016199	-5.80794	-3.7462	12	44830463	G	A	0.00017953347514131413	3.7458545626081556
12:55362813:T:G	5.82534e-06	0.00177638	-5.72012	-3.74601	12	55362813	T	G	0.0001796694318725708	3.745525805463773
12:45765348:A:G	5.07529e-06	0.00216132	-6.05409	-3.74499	12	45765348	A	G	0.00018040096117116072	3.7437611528793364
12:61317080:A:C	3.60673e-05	0.0170997	-6.16143	-3.74442	12	61317080	A	C	0.0001808109757408727	3.74277521014928
12:48943754:C:G	4.05628e-06	0.00154156	-5.94029	-3.74362	12	48943754	C	G	0.0001813879127673191	3.7413916565998204
12:1201566:A:G	0.00160109	3.98698e-05	3.69282	3.74342	12	1201566	A	G	0.00018153241721969598	3.7410458094019163
12:21124879:A:G	2.95433e-06	0.000740162	-5.5236	-3.74277	12	21124879	A	G	0.0001820028045342014	3.7399219197932565
12:55343832:T:C	1.55405e-05	0.00389023	-5.52277	-3.74215	12	55343832	T	C	0.00018245254927848022	3.738850064171944
12:28902045:A:G	3.53264e-05	0.0117011	-5.80281	-3.74203	12	28902045	A	G	0.00018253971724376824	3.7386426265327644
12:23891352:C:A	0.00338178	1.20808e-05	5.63454	3.74185	12	23891352	C	A	0.00018267054260494032	3.7383314811947126
12:12504693:TA:T	0.00231291	5.78724e-06	5.99061	3.74126	12	12504693	TA	T	0.0001830999773264788	3.737311709477581
12:55343057:C:G	1.67507e-05	0.00709923	-6.0493	-3.74116	12	55343057	C	G	0.00018317285686972212	3.737138881023288
12:51424308:G:A	4.8862e-05	0.0244627	-6.2159	-3.74098	12	51424308	G	A	0.0001833041087755973	3.7368278001846997
12:51424208:A:G	4.88628e-05	0.0244627	-6.21589	-3.74097	12	51424208	A	G	0.00018331140313995436	3.736810518307165
12:93665355:T:C	7.09956e-05	0.012503	-5.17111	-3.74006	12	93665355	T	C	0.000183976333784629	3.73523803985888
12:29412297:C:T	0.00145384	8.54608e-06	5.13649	3.7398	12	29412297	C	T	0.00018416673002790804	3.7347888229465895
12:29413604:T:A	8.11465e-06	0.00455257	-6.32978	-3.73918	12	29413604	T	A	0.000184621499612086	3.7337177257412906
12:77652910:G:T	1.51264e-05	0.0022999	-5.02418	-3.7389	12	77652910	G	T	0.00018482722526744842	3.7332340563164
12:80503279:G:A	0.00350959	9.61913e-05	3.59692	3.73872	12	80503279	G	A	0.00018495959125073834	3.7329231430224596
12:80504642:T:C	0.00330038	5.37474e-05	4.1175	3.73871	12	80504642	T	C	0.00018496694752870424	3.732905870452944
12:27075524:C:A	2.51755e-07	0.000127223	-6.22524	-3.73865	12	27075524	C	A	0.00018501109097257475	3.732802235900721
12:114520262:T:C	0.0100964	0.000159172	4.14995	3.73818	12	114520262	T	C	0.00018535722407298752	3.7319904832038975
12:29412292:A:G	0.00145016	8.56705e-06	5.13151	3.73639	12	29412292	A	G	0.00018668105756960542	3.7288997474518544
12:13602151:T:C	8.44939e-06	0.00355935	-6.04324	-3.73631	12	13602151	T	C	0.00018674043029207502	3.7287616448155596
12:83312685:GTATATATAT:G	0.00355981	1.06803e-05	5.80906	3.73628	12	83312685	GTATATATAT	G	0.00018676269963876526	3.7287098570064647
12:6982757:C:T	1.69059e-05	0.0024123	-4.96067	-3.73606	12	6982757	C	T	0.00018692608447299944	3.7283300910650023
12:11177034:G:A	0.00124414	4.1105e-06	5.71265	3.7358	12	11177034	G	A	0.0001871193488559598	3.7278813024684396
12:18173345:G:A	0.00189542	3.09911e-05	4.11349	3.73573	12	18173345	G	A	0.0001871714136563131	3.7277604795259287
12:7619018:C:A	3.54253e-05	0.0262992	-6.60987	-3.73545	12	7619018	C	A	0.00018737980905862153	3.7272772079351455
12:70225032:C:G	4.97445e-06	0.00277675	-6.32472	-3.73525	12	70225032	C	G	0.0001875287964235515	3.7269320337090948
12:51418048:C:G	0.0314971	9.4669e-05	5.80727	3.73488	12	51418048	C	G	0.0001878047166332807	3.726293504817063
12:70342797:G:A	1.02092e-05	0.00569556	-6.32416	-3.73481	12	70342797	G	A	0.00018785696066109017	3.726172708395667
12:24450029:G:A	1.10014e-05	0.00346276	-5.7518	-3.73413	12	24450029	G	A	0.0001883651854682606	3.7249993624571043
12:47462870:A:AT	5.63493e-06	0.00236697	-6.04038	-3.73403	12	47462870	A	AT	0.00018844003331887292	3.7248268276443675
12:29412095:T:C	0.00146738	8.70063e-06	5.12784	3.73388	12	29412095	T	C	0.00018855235751087708	3.724568033146644
12:71634827:TA:T	0.0033938	2.45116e-05	4.93056	3.73305	12	71634827	TA	T	0.00018917502306626608	3.723136204406509
12:48079956:T:A	3.73097e-06	0.00174274	-6.14654	-3.73289	12	48079956	T	A	0.00018929527695472472	3.722860221842278
12:18171023:G:A	7.1851e-05	0.0399553	-6.32092	-3.73229	12	18171023	G	A	0.0001897468692275589	3.7218253811158144
12:58468042:CA:C	7.00602e-05	0.0106448	-5.02347	-3.73226	12	58468042	CA	C	0.00018976947539965647	3.721773642970939
12:1200563:C:CT	0.00143155	3.95473e-05	3.58901	3.73223	12	1200563	C	CT	0.00018979208410305995	3.7217219051966732
12:70215574:C:T	1.58917e-06	0.000786561	-6.20446	-3.73203	12	70215574	C	T	0.00018994287350074628	3.7213769961727583
12:46102046:G:A	1.28108e-05	0.00545201	-6.05345	-3.73201	12	46102046	G	A	0.0001899579586317949	3.721342506176304
12:103903941:T:C	1.95332e-05	0.00966727	-6.20438	-3.73197	12	103903941	T	C	0.00018998813227196723	3.721273526677543
12:47605093:C:G	8.60162e-06	0.00281248	-5.78987	-3.73152	12	47605093	C	G	0.00019032789626744823	3.7204975527160484
12:1454966:C:T	5.52031e-05	0.00459917	-4.42261	-3.73146	12	1454966	C	T	0.00019037324125672592	3.720394095821507
12:120052317:C:T	9.90087e-07	0.00015025	-5.02226	-3.73135	12	120052317	C	T	0.00019045640010901318	3.720204428698358
12:51813089:GC:G	0.00478061	1.23509e-05	5.9586	3.73093	12	51813089	GC	G	0.00019077422986560276	3.7194802909686056
12:46102751:G:GTTTTTT	1.4694e-05	0.00684445	-6.14375	-3.73073	12	46102751	G	GTTTTTT	0.0001909257525082146	3.71913548900861
12:55343534:C:T	1.5882e-05	0.0039139	-5.50711	-3.73027	12	55343534	C	T	0.00019127468393034534	3.7183425070083387
12:122689092:A:G	0.00265694	7.043e-05	3.63031	3.72968	12	122689092	A	G	0.00019172310375410598	3.7173255489459986
12:44827413:GT:G	0.0161981	4.3689e-05	5.91555	3.72765	12	44827413	GT	G	0.0001932735310903975	3.713827618752048
12:90639907:C:T	5.73882e-05	0.0242775	-6.04747	-3.72732	12	90639907	C	T	0.00019352668165448678	3.713259150043141
12:63624492:G:A	1.47418e-05	0.00814253	-6.31417	-3.72703	12	63624492	G	A	0.00019374940450020593	3.712759623648346
12:1456688:G:A	0.00453721	0.000168183	3.29501	3.72653	12	1456688	G	A	0.00019413397517236832	3.7118984525629113
12:44647743:G:GA	0.00114486	7.61061e-06	5.0135	3.72651	12	44647743	G	GA	0.00019414937290928097	3.711864007860549
12:50020055:A:T	0.000870192	3.33487e-05	3.2617	3.72579	12	50020055	A	T	0.0001947044563829232	3.7106241082623814
12:72163739:T:A	1.5917e-05	0.00139512	-4.47335	-3.72514	12	72163739	T	A	0.00019520685395517457	3.7095049377827785
12:66069984:TATATAAAAT:T	0.0079996	3.7484e-05	5.36323	3.72489	12	66069984	TATATAAAAT	T	0.00019540040794729997	3.7090745339177764
12:123461135:A:G	0.019329	0.00053896	3.57972	3.7246	12	123461135	A	G	0.00019562515650071535	3.7085752976724415
12:622374:C:T	2.93596e-06	0.00093373	-5.76215	-3.7244	12	622374	C	T	0.0001957802970055848	3.7082310169880035
12:63365433:T:C	5.97554e-06	0.00193673	-5.78108	-3.72439	12	63365433	T	C	0.00019578805706477184	3.7082138033860894
12:61591127:C:T	4.65479e-06	0.00195997	-6.04278	-3.72365	12	61591127	C	T	0.00019636310415066104	3.70694011109627
12:122690582:C:T	0.00261434	6.98516e-05	3.62239	3.72332	12	122690582	C	T	0.00019662005539767286	3.706372185871554
12:10512277:A:AGTC	3.6697e-05	0.0268085	-6.59378	-3.7233	12	10512277	A	AGTC	0.00019663563835007627	3.7063377676019567
12:121132209:C:T	8.1704e-06	0.00123672	-5.0197	-3.72326	12	121132209	C	T	0.0001966668077362933	3.7062689315568145
12:70947665:T:C	1.97996e-06	0.00108808	-6.30909	-3.72308	12	70947665	T	C	0.00019680712743341515	3.7059591775055356
12:29411277:G:T	0.00153914	9.27175e-06	5.11201	3.72303	12	29411277	G	T	0.00019684612181861764	3.705873137080841
12:81640692:TG:T	0.00625422	1.91005e-05	5.7913	3.72246	12	81640692	TG	T	0.0001972911712215055	3.7048923489879155
12:28483897:G:C	0.00168216	4.40416e-06	5.94528	3.72142	12	28483897	G	C	0.00019810562837004866	3.703103185565287
12:48161520:G:A	6.3222e-06	0.0021408	-5.82487	-3.72141	12	48161520	G	A	0.00019811347500066112	3.703085984232247
12:106522891:CGTGT:C	0.00196448	5.05487e-06	5.96263	3.72118	12	106522891	CGTGT	C	0.0001982940281201124	3.702690364935068
12:61299921:T:TAAAA	0.00186752	4.89382e-06	5.9444	3.72078	12	61299921	T	TAAAA	0.00019860840184313322	3.7020023832478417
12:17119738:G:C	2.30402e-05	0.00759706	-5.79828	-3.72063	12	17119738	G	C	0.0001987264126712501	3.7017444070972965
12:54439881:A:G	1.84692e-05	0.0101117	-6.30535	-3.72017	12	54439881	A	G	0.00019908872348647916	3.7009533379951343
12:26079496:CAGA:C	0.0256254	6.60687e-05	5.96064	3.71976	12	26079496	CAGA	C	0.0001994121756965733	3.700248328088558
12:55360301:G:A	6.46163e-06	0.00189984	-5.68364	-3.71975	12	55360301	G	A	0.0001994200709392823	3.700231133589511
12:80504819:T:A	0.00332024	5.5468e-05	4.09199	3.71973	12	80504819	T	A	0.00019943586230577665	3.7001967447149218
12:81633692:G:A	1.25371e-05	0.00610768	-6.18861	-3.71963	12	81633692	G	A	0.00019951483676241394	3.70002480281204
12:128339867:A:G	0.0012664	0.0971972	-4.34056	-3.71894	12	128339867	A	G	0.00020006056183719605	3.698838515884429
12:50783867:GA:G	0.00408893	1.48221e-05	5.61992	3.71868	12	50783867	GA	G	0.00020026656091362785	3.6983915600576385
12:71570829:A:C	0.00351335	0.000134575	3.26221	3.71841	12	71570829	A	C	0.00020048069394542332	3.6979274430770475
12:105031637:T:C	8.23489e-05	0.0224666	-5.60882	-3.71808	12	105031637	T	C	0.0002007427042147719	3.6973602297446404
12:82768028:T:TACTCGTTTC	0.0391851	0.00132797	3.38464	3.71752	12	82768028	T	TACTCGTTTC	0.00020118806399820817	3.696397788494244
12:72555465:T:TAAAG	0.000547557	3.7463e-06	4.9847	3.71745	12	72555465	T	TAAAG	0.00020124379919286568	3.69627749241505
12:71570990:T:A	0.0035043	0.000134575	3.25963	3.71646	12	71570990	T	A	0.00020203360899273667	3.6945763781476524
12:122697014:A:C	0.00218475	5.89254e-05	3.61298	3.71576	12	122697014	A	C	0.0002025938167762276	3.6933738135707186
12:83426006:ATTT:A	0.00438073	1.35037e-05	5.78201	3.71523	12	83426006	ATTT	A	0.0002030189444510859	3.6924634345661493
12:88573230:C:T	2.13563e-05	0.00495685	-5.44718	-3.7152	12	88573230	C	T	0.00020304303332475393	3.6924119071368695
12:127274746:G:T	0.000106654	0.0231647	-5.38079	-3.71516	12	127274746	G	T	0.00020307515599969105	3.6923432044741227
12:32076858:G:T	4.01154e-05	0.0196516	-6.19415	-3.71481	12	32076858	G	T	0.0002033564331184284	3.691742084269264
12:29411033:C:T	0.00154449	9.41778e-06	5.09985	3.71471	12	29411033	C	T	0.00020343686520544847	3.691570344901089
12:29411651:C:T	0.00147287	8.98639e-06	5.09926	3.7143	12	29411651	C	T	0.00020376694930798433	3.6908662565277255
12:29411010:T:C	0.00154557	9.43043e-06	5.0992	3.71426	12	29411010	T	C	0.00020379917955700366	3.690797568683779
12:41569054:G:A	3.25273e-05	0.0118825	-5.90074	-3.7142	12	41569054	G	A	0.00020384753390976956	3.6906945381527483
12:72456128:TACAC:T	0.00396968	1.44836e-05	5.61342	3.71412	12	72456128	TACAC	T	0.00020391202314483218	3.6905571664164945
12:87756737:C:CAA	1.95972e-06	0.00106421	-6.29718	-3.71381	12	87756737	C	CAA	0.00020416209999328357	3.69002487582137
12:76224129:T:C	7.89593e-06	0.00328238	-6.02998	-3.71361	12	76224129	T	C	0.00020432359275654853	3.6896814835270884
12:55356602:T:C	6.35795e-06	0.00289593	-6.12135	-3.71337	12	55356602	T	C	0.00020451754246493339	3.6892694345076507
12:29411377:C:A	0.00147311	9.01022e-06	5.09677	3.7126	12	29411377	C	A	0.00020514096589562155	3.687947603961855
12:122697604:G:A	0.00213863	5.79102e-05	3.60903	3.71258	12	122697604	G	A	0.00020515718247189786	3.687913273952695
12:102744151:C:T	2.99691e-05	0.00695197	-5.44661	-3.71228	12	102744151	C	T	0.0002054005756606692	3.6873983435727147
12:70764481:C:T	0.000123785	0.0209757	-5.13258	-3.71195	12	70764481	C	T	0.00020566862143138267	3.6868319629417114
12:55201880:C:A	3.18654e-07	0.00017242	-6.29358	-3.71101	12	55201880	C	A	0.00020643394780631128	3.6852188819836593
12:3022040:T:C	0.0292882	0.000478848	4.11356	3.71072	12	3022040	T	C	0.00020667059854314655	3.6847213027568184
12:44648863:G:T	0.000285325	1.97212e-06	4.97452	3.71056	12	44648863	G	T	0.00020680127352038188	3.6844467911043455
12:128342298:C:T	0.00093714	0.0804613	-4.4527	-3.71039	12	128342298	C	T	0.00020694020071496783	3.684155134018847
12:58468618:A:G	4.7868e-05	0.0161577	-5.8217	-3.70874	12	58468618	A	G	0.000208293173747253	3.681324962661366
12:4694346:C:T	9.5162e-06	0.00457055	-6.17439	-3.70852	12	4694346	C	T	0.00020847419659608893	3.680947691143075
12:76135648:T:C	0.000159332	0.0342052	-5.36914	-3.70728	12	76135648	T	C	0.0002094972737646462	3.678821624233124
12:83369143:C:CAAAAAA	1.63332e-05	0.00518124	-5.7596	-3.70695	12	83369143	C	CAAAAAA	0.00020977033766280984	3.6782559227207012
12:74403435:T:C	3.77378e-06	0.00180674	-6.1712	-3.70602	12	74403435	T	C	0.00021054168088842858	3.67666191413746
12:105030891:A:G	8.63168e-05	0.0213948	-5.51288	-3.70515	12	105030891	A	G	0.00021126567078942507	3.6751710670648605
12:46985871:G:A	1.13075e-05	0.00806003	-6.5692	-3.70474	12	46985871	G	A	0.0002116076713747927	3.6744685919518343
12:104047307:C:CTT	4.49064e-05	0.0184469	-6.01807	-3.70427	12	104047307	C	CTT	0.00021200036043002394	3.673663400709751
12:103883794:C:T	1.89099e-05	0.00902462	-6.16802	-3.70354	12	103883794	C	T	0.0002126116389012402	3.6724129647787254
12:27231679:C:G	1.18921e-05	0.00572424	-6.17659	-3.70135	12	27231679	C	G	0.00021445542020764318	3.668662972803213
12:117078082:T:C	0.000100026	0.0033394	-3.50812	-3.70114	12	117078082	T	C	0.0002146330078426418	3.6683034882340846
12:28895427:G:C	3.39023e-05	0.00935023	-5.61967	-3.70084	12	28895427	G	C	0.0002148869440183134	3.667789970330104
12:13018990:G:GT	7.19338e-06	0.00383924	-6.27987	-3.70034	12	13018990	G	GT	0.00021531079798721556	3.666934189458118
12:905251:G:A	5.10719e-06	0.0014063	-5.61807	-3.69956	12	905251	G	A	0.00021597357802457742	3.6655993767194994
12:122691418:C:T	0.00250623	6.898e-05	3.59272	3.69948	12	122691418	C	T	0.0002160416636730644	3.66546248700439
12:101031337:C:T	7.27037e-05	0.0349064	-6.17403	-3.69939	12	101031337	C	T	0.00021611828411761925	3.665308489222828
12:61284022:CAT:C	0.00029521	8.98679e-07	5.79452	3.69893	12	61284022	CAT	C	0.00021651029836122144	3.664521441504236
12:77653169:G:T	1.47653e-05	0.00211818	-4.96603	-3.69816	12	77653169	G	T	0.00021716799066327935	3.6632041869227696
12:77653168:G:C	1.47653e-05	0.00211818	-4.96603	-3.69816	12	77653168	G	C	0.00021716799066327935	3.6632041869227696
12:72693826:A:AAC	0.0119725	7.42606e-05	5.08279	3.6975	12	72693826	A	AAC	0.00021773321948137468	3.6620753057460775
12:91194203:T:C	2.26897e-06	0.00120642	-6.27609	-3.6974	12	91194203	T	C	0.00021781898061075828	3.6619042787797276
12:41186544:T:G	0.000487	8.65932e-06	4.02963	3.69728	12	41186544	T	G	0.00021792193583101605	3.6616990518515875
12:41186375:A:T	0.000488661	8.70035e-06	4.02831	3.69625	12	41186375	A	T	0.00021880751586401427	3.6599377644126108
12:26906291:G:A	5.83461e-05	0.0233744	-5.99301	-3.69617	12	26906291	G	A	0.00021887643999731718	3.659800983657411
12:51666575:C:T	5.50541e-06	0.00124723	-5.42295	-3.69613	12	51666575	C	T	0.00021891090970740877	3.6597325942673264
12:51658428:A:G	1.04072e-05	0.00172558	-5.11082	-3.69608	12	51658428	A	G	0.00021895400401214082	3.6596471084555127
12:27042302:G:A	0.00295501	9.03133e-06	5.79056	3.69578	12	27042302	G	A	0.00021921273714773748	3.659134215186445
12:69486183:A:ATTT	2.32357e-05	0.00943717	-6.00672	-3.69537	12	69486183	A	ATTT	0.0002195668033417451	3.658433320940147
12:59645881:A:T	5.52859e-06	0.00293101	-6.27317	-3.69512	12	59645881	A	T	0.00021978296079062478	3.658005980344981
12:81634320:A:AT	1.22692e-05	0.0057925	-6.15723	-3.69509	12	81634320	A	AT	0.00021980891310594447	3.6579547012016738
12:84733165:T:C	3.52159e-06	0.00168099	-6.16822	-3.69493	12	84733165	T	C	0.00021994737405159773	3.6576812186914767
12:113606804:G:A	7.87266e-05	0.0417007	-6.27229	-3.69444	12	113606804	G	A	0.00022037192024550008	3.6568437440277592
12:28902694:A:G	3.62204e-05	0.0113123	-5.74402	-3.6943	12	28902694	A	G	0.00022049336039088515	3.656604483697347
12:1765955:CCAT:C	0.00217573	5.72573e-06	5.94015	3.69405	12	1765955	CCAT	C	0.00022071037407496392	3.656177253165368
12:16256449:C:A	0.000165084	0.0502178	-5.71767	-3.69393	12	16256449	C	A	0.00022081461185299132	3.6559721916441084
12:70226077:A:C	5.37033e-06	0.00284188	-6.27133	-3.69369	12	70226077	A	C	0.0002210232260757004	3.6555620863759577
12:122697006:A:G	0.00216948	6.01719e-05	3.58504	3.69331	12	122697006	A	G	0.00022135391037117483	3.654912801502513
12:34111154:T:G	5.86336e-07	6.61801e-05	-4.72624	-3.6926	12	34111154	T	G	0.0002219730128694234	3.653699823181499
12:1262803:A:G	0.00177164	1.25768e-05	4.94781	3.6925	12	1262803	A	G	0.0002220603408887944	3.653528997827519
12:122695677:C:G	0.0022568	6.26822e-05	3.58363	3.69218	12	122695677	C	G	0.0002223400073374427	3.6529823843428986
12:43240914:T:A	1.26031e-05	0.00283068	-5.41433	-3.69208	12	43240914	T	A	0.00022242747088866655	3.6528115762689572
12:46709161:T:C	2.91052e-06	0.000709247	-5.49587	-3.69196	12	46709161	T	C	0.00022253246978473827	3.6526066120110636
12:34111138:C:G	5.87158e-07	6.61536e-05	-4.72444	-3.69132	12	34111138	C	G	0.00022309325017821858	3.651513569360711
12:59636191:C:T	0.00382197	1.21518e-05	5.75104	3.69115	12	59636191	C	T	0.00022324243030285115	3.651223258233085
12:59295688:T:C	3.1379e-06	0.000976034	-5.73994	-3.69099	12	59295688	T	C	0.00022338292066401244	3.6509500350920643
12:122695514:A:C	0.00228725	6.36219e-05	3.58215	3.69099	12	122695514	A	C	0.00022338292066401244	3.6509500350920643
12:54433326:T:C	0.000793801	2.16927e-06	5.90244	3.6908	12	54433326	T	C	0.00022354986076426807	3.650625596291717
12:28902993:C:T	3.63702e-05	0.0113007	-5.73887	-3.69011	12	28902993	C	T	0.00022415710235565832	3.6494474960799006
12:121930001:A:AT	0.00146476	1.02416e-05	4.96299	3.68983	12	121930001	A	AT	0.00022440396060195898	3.648969482298244
12:81104683:G:A	8.60204e-06	0.00452747	-6.26592	-3.68948	12	81104683	G	A	0.00022471289227688133	3.6483720104287087
12:61392994:G:T	6.27987e-06	0.00204178	-5.78423	-3.68901	12	61392994	G	T	0.00022512837141423702	3.647569770338381
12:25420727:A:T	5.0489e-05	0.0156657	-5.73747	-3.68898	12	25420727	A	T	0.0002251549158262039	3.6475185666096057
12:60437093:G:A	0.00234833	7.92635e-06	5.69127	3.68811	12	60437093	G	A	0.0002259259829473366	3.6460338195367146
12:34111423:C:T	5.87024e-07	6.58081e-05	-4.71943	-3.68776	12	34111423	C	T	0.00022623688094078212	3.645436595328141
12:83312684:GTATATATAT:G	0.00278442	1.07748e-05	5.55458	3.68772	12	83312684	GTATATATAT	G	0.00022627243769845684	3.6453683443417053
12:43240325:G:A	1.28196e-05	0.00285719	-5.40662	-3.68665	12	43240325	G	A	0.0002272255300856837	3.643542874754877
12:76223699:ATG:A	0.00676281	4.02061e-05	5.12518	3.68636	12	76223699	ATG	A	0.0002274844931223462	3.6430482024395174
12:1460982:T:C	0.00527007	0.000212587	3.21045	3.68591	12	1460982	T	C	0.000227886880800005	3.642280675961195
12:19436893:C:G	3.09633e-06	0.00162202	-6.26121	-3.68581	12	19436893	C	G	0.0002279763909608445	3.6421101258342836
12:58475298:T:G	6.85925e-05	0.0183731	-5.59046	-3.68547	12	58475298	T	G	0.00022828097239887272	3.6415302861731704
12:91023820:A:G	1.57174e-06	0.000620652	-5.97859	-3.68465	12	91023820	A	G	0.00022901712321962505	3.640132044988581
12:70765863:T:C	0.000145525	0.019196	-4.88211	-3.68444	12	70765863	T	C	0.00022920600768836562	3.639774003320213
12:28902711:T:C	3.63203e-05	0.0112021	-5.73148	-3.68411	12	28902711	T	C	0.00022950312156848058	3.6392114030646443
12:28363878:GAA:G	0.00153977	4.10807e-06	5.92643	3.68403	12	28363878	GAA	G	0.0002295752035916944	3.639075021870117
12:3711092:C:A	4.78602e-05	0.0150636	-5.75175	-3.68372	12	3711092	C	A	0.00022985472217172367	3.6385465696075765
12:125451094:G:C	0.0124953	0.00023265	3.98357	3.68359	12	125451094	G	C	0.00022997203467075994	3.638324972358887
12:128342584:T:TTTATTCTG	0.000960253	0.0793472	-4.41439	-3.68301	12	128342584	T	TTTATTCTG	0.0002304961138409308	3.637336392407379
12:89593794:A:G	9.49865e-06	0.004955	-6.257	-3.68254	12	89593794	A	G	0.00023092162062275139	3.636535403256169
12:13018636:T:C	7.20966e-06	0.00499004	-6.53978	-3.68253	12	13018636	T	C	0.00023093068196269992	3.6365183619210204
12:12493544:C:A	2.13028e-06	0.00063703	-5.70056	-3.68222	12	12493544	C	A	0.0002312117490691449	3.635990100933813
12:61654636:TG:T	0.000787853	2.80884e-06	5.63654	3.68164	12	61654636	TG	T	0.000231738478995478	3.6350018478331476
12:67190881:T:C	1.50974e-05	0.00334806	-5.40161	-3.68157	12	67190881	T	C	0.00023180212595040327	3.634882585265024
12:129659392:G:C	0.000216687	0.0666206	-5.72831	-3.68154	12	129659392	G	C	0.00023182940823837628	3.634831473352825
12:48470684:A:AT	2.0687e-05	0.0107666	-6.2547	-3.68075	12	48470684	A	AT	0.0002325489272451785	3.633485659560652
12:96355392:C:T	1.13027e-05	0.00588062	-6.25438	-3.6805	12	96355392	C	T	0.00023277705930740478	3.6330598225922848
12:89789013:G:T	3.19995e-05	0.016634	-6.25348	-3.6798	12	89789013	G	T	0.0002334169468883986	3.6318676158444974
12:69272869:AGT:A	0.00192812	5.17751e-06	5.91997	3.67932	12	69272869	AGT	A	0.000233856680560871	3.6310502191303717
12:12502211:C:T	2.49049e-06	0.000990772	-5.986	-3.67912	12	12502211	C	T	0.00023404013225940165	3.630709665135272
12:122867632:C:T	2.38911e-05	0.00269286	-4.72485	-3.67866	12	122867632	C	T	0.00023446258378600462	3.629926453382955
12:41181797:A:AT	2.87497e-06	0.000323637	-4.72358	-3.67772	12	41181797	A	AT	0.00023532808036747204	3.6283262478302474
12:55354725:A:G	9.77997e-06	0.00271109	-5.62477	-3.67736	12	55354725	A	G	0.0002356603403690204	3.6277134993939213
12:1728842:G:T	2.13201e-06	0.000568856	-5.58656	-3.67732	12	1728842	G	T	0.00023569728530707247	3.627645419524671
12:33574963:A:C	6.0286e-06	0.00193142	-5.7695	-3.67726	12	33574963	A	C	0.00023575271290450888	3.6275433009546676
12:82769400:T:C	0.0355948	0.0012681	3.33468	3.67696	12	82769400	T	C	0.00023603003440143762	3.6270327303143093
12:17419784:G:A	5.19443e-06	0.00356867	-6.53236	-3.67693	12	17419784	G	A	0.00023605778338030493	3.6269816752861535
12:17122566:A:G	2.18431e-05	0.00681291	-5.74269	-3.67653	12	17122566	A	G	0.00023642806239323327	3.626300976948039
12:64753591:T:C	3.16682e-07	4.13239e-05	-4.8713	-3.67645	12	64753591	T	C	0.00023650218356455172	3.6261648451770876
12:44101931:G:C	1.73829e-05	0.00241624	-4.93448	-3.67605	12	44101931	G	C	0.00023687311659137817	3.6254842258054185
12:76054277:ACCTCGG:A	0.0364765	0.000131099	5.62847	3.6759	12	76054277	ACCTCGG	A	0.0002370123571579343	3.6252290105063536
12:78143624:CAGA:C	0.00683875	2.34737e-05	5.67448	3.67571	12	78143624	CAGA	C	0.00023718883879264083	3.6249057510784843
12:28482921:G:A	0.00169636	4.73563e-06	5.88113	3.67556	12	28482921	G	A	0.0002373282534871824	3.624650556754559
12:87921500:A:G	9.47908e-05	0.0489785	-6.24746	-3.67512	12	87921500	A	G	0.00023773764694629996	3.6239020401210875
12:2938300:G:A	1.38182e-05	0.0052859	-5.94681	-3.67449	12	2938300	G	A	0.00023832497766052664	3.622830439014547
12:104083896:T:C	0.00494089	1.38164e-05	5.87945	3.67436	12	104083896	T	C	0.00023844634221285507	3.6226093352932605
12:95562622:ATTTTTTTTT:A	0.0177243	7.00084e-05	5.53408	3.67384	12	95562622	ATTTTTTTTT	A	0.00023893238053538507	3.6217249899115047
12:104029792:C:T	2.70631e-06	0.00105362	-5.9644	-3.67331	12	104029792	C	T	0.00023942872215497376	3.620823752320614
12:80503946:T:A	0.00349198	0.000103739	3.51635	3.67258	12	80503946	T	A	0.0002401139464696306	3.6195826142082814
12:61317463:C:T	3.66773e-05	0.00975632	-5.58351	-3.6718	12	61317463	C	T	0.00024084813692024876	3.6182567088196937
12:79949062:A:AT	2.0235e-06	0.000936708	-6.13754	-3.6714	12	79949062	A	AT	0.00024122546131336145	3.61757685439132
12:63367400:T:C	7.83433e-06	0.00237837	-5.71566	-3.67127	12	63367400	T	C	0.00024134821110196125	3.617355915869222
12:17317264:C:T	7.18163e-06	0.000294606	-3.71411	-3.67106	12	17317264	C	T	0.0002415466230175321	3.6169990298607706
12:10513602:G:A	3.40783e-05	0.0156014	-6.12646	-3.67103	12	10513602	G	A	0.00024157498006571588	3.616948047625719
12:19436598:G:T	3.10258e-06	0.00159383	-6.24166	-3.6706	12	19436598	G	T	0.00024198177444575058	3.6162173429274733
12:20029498:G:C	0.000268783	8.56479e-06	3.44625	3.67023	12	20029498	G	C	0.0002423323211216236	3.6155886578862564
12:58544170:A:G	2.4332e-05	0.00639488	-5.57146	-3.67008	12	58544170	A	G	0.0002424745703103896	3.6153338016100736
12:90301979:G:A	1.03572e-05	0.00705046	-6.52317	-3.66998	12	90301979	G	A	0.00024256944661790435	3.6151639025662567
12:30655998:T:C	6.75134e-07	0.000459414	-6.5228	-3.6697	12	30655998	T	C	0.00024283528559000588	3.6146882071206186
12:90303044:A:T	1.07907e-05	0.00733875	-6.52224	-3.66928	12	90303044	A	T	0.00024323455655600817	3.613974724401535
12:48942619:T:G	4.0541e-06	0.00139301	-5.83949	-3.66863	12	48942619	T	G	0.00024385369017532595	3.612870667955723
12:7329656:C:A	0.02004	6.5637e-05	5.72135	3.66805	12	7329656	C	A	0.00024440739571393187	3.611885656575335
12:89459611:C:CAA	1.08643e-05	0.00420143	-5.95769	-3.66795	12	89459611	C	CAA	0.00024450298130785443	3.611715841008025
12:125449112:G:A	0.0131865	0.000228363	4.05602	3.6673	12	125449112	G	A	0.00024512514295267656	3.6106121400511744
12:3812000:CT:C	0.00735797	2.33113e-05	5.7546	3.66718	12	3812000	CT	C	0.0002452401658329865	3.610408398871966
12:90291570:A:G	2.96291e-05	0.00913205	-5.73079	-3.66709	12	90291570	A	G	0.00024532646621690734	3.610255596873375
12:90291340:G:T	2.96345e-05	0.00913205	-5.73061	-3.66694	12	90291340	G	T	0.0002454703634991078	3.6100009342772563
12:40729546:C:G	9.43619e-06	0.00482474	-6.23696	-3.66694	12	40729546	C	G	0.0002454703634991078	3.6100009342772563
12:113354094:T:C	0.0318048	0.00102696	3.43302	3.66687	12	113354094	T	C	0.0002455375426558181	3.609882094898605
12:49323750:A:C	0.0133681	0.000553047	3.18518	3.66625	12	49323750	A	C	0.0002461333113453275	3.6088296054989493
12:17121272:TAAA:T	0.00606063	2.36819e-05	5.54486	3.66609	12	17121272	TAAA	T	0.0002462872780722904	3.6085580209895576
12:44106126:G:A	1.41818e-05	0.0019431	-4.92008	-3.66596	12	44106126	G	A	0.00024641244255515604	3.608337366326555
12:2933237:T:G	9.9651e-06	0.00375849	-5.93268	-3.66494	12	2933237	T	G	0.0002473965750334922	3.606606317052699
12:81702687:G:A	3.05107e-05	0.00689917	-5.42108	-3.66477	12	81702687	G	A	0.0002475609551111006	3.606317850431153
12:84326790:G:A	6.558e-06	0.00334377	-6.23417	-3.66477	12	84326790	G	A	0.0002475609551111006	3.606317850431153
12:31670284:G:A	1.50279e-05	0.00473971	-5.75382	-3.66477	12	31670284	G	A	0.0002475609551111006	3.606317850431153
12:125782118:A:G	1.3966e-05	0.0042917	-5.72781	-3.66473	12	125782118	A	G	0.0002475996476620671	3.6062499776589023
12:16256143:A:C	0.000168818	0.049196	-5.67474	-3.66453	12	16256143	A	C	0.00024779319551718247	3.6059106236658236
12:58462139:G:A	0.0262444	0.000309487	4.44029	3.66452	12	58462139	G	A	0.0002478028766341284	3.605893656397901
12:61392638:C:A	6.25197e-06	0.00243599	-5.96521	-3.66282	12	61392638	C	A	0.00024945383300518746	3.603009818482816
12:70765856:A:G	0.000127203	0.020137	-5.06453	-3.66232	12	70765856	A	G	0.0002499413682825433	3.6021618569989715
12:58462020:C:T	0.0261956	0.000310002	4.43677	3.66177	12	58462020	C	T	0.00025047868922273677	3.601229218086853
12:103905211:T:G	2.1296e-05	0.00962934	-6.11405	-3.66133	12	103905211	T	G	0.00025090932581114684	3.6004831965050332
12:12444818:TTC:T	0.00741481	2.36653e-05	5.74722	3.66131	12	12444818	TTC	T	0.0002509289166906978	3.6004492883243953
12:43241037:A:T	1.26768e-05	0.0027231	-5.36975	-3.6607	12	43241037	A	T	0.00025152712813113936	3.5994151678156445
12:12424366:G:T	9.49351e-06	0.00432752	-6.12214	-3.6596	12	12424366	G	T	0.00025260925206994043	3.5975507470137185
12:67136884:C:T	8.08241e-05	0.0103049	-4.8481	-3.65933	12	67136884	C	T	0.0002528755308698538	3.597093192491604
12:30656385:C:T	6.84652e-07	0.000459414	-6.5088	-3.65913	12	30656385	C	T	0.00025307294411388144	3.596754282538809
12:97126618:A:T	3.39488e-05	0.0227577	-6.50781	-3.65838	12	97126618	A	T	0.0002538145317544133	3.595483516677541
12:19709082:CT:C	0.0011211	3.93952e-06	5.65101	3.65838	12	19709082	CT	C	0.0002538145317544133	3.595483516677541
12:73018928:A:ATT	1.14161e-05	0.00295714	-5.55695	-3.65834	12	73018928	A	ATT	0.0002538541402819332	3.595415748993929
12:59755494:T:A	1.23064e-05	0.00621814	-6.22511	-3.65772	12	59755494	T	A	0.00025446881416899865	3.594365434011702
12:74401164:T:C	4.17736e-06	0.00188008	-6.10939	-3.65768	12	74401164	T	C	0.000254508518438907	3.5942976771814488
12:61383061:A:AT	6.10518e-05	0.0258774	-6.0494	-3.65763	12	61383061	A	AT	0.0002545581569459168	3.5942129820686275
12:51313224:C:A	5.13479e-06	0.00231006	-6.10899	-3.65737	12	51313224	C	A	0.00025481642356721965	3.5937725840495895
12:32958509:C:T	7.43304e-06	0.00210928	-5.64817	-3.65593	12	32958509	C	T	0.0002562512781349362	3.5913339597486162
12:1719850:G:T	2.2653e-05	0.011414	-6.2223	-3.65553	12	1719850	G	T	0.0002566511913812722	3.5906567153926536
12:91591490:G:A	5.94074e-06	0.00186037	-5.7467	-3.65416	12	91591490	G	A	0.00025802533353140247	3.588337651894266
12:2212702:A:T	1.96662e-05	0.00527813	-5.59242	-3.65407	12	2212702	A	T	0.00025811584670314423	3.588185331665091
12:73473927:A:G	0.000214662	3.91778e-06	4.00354	3.65393	12	73473927	A	G	0.000258256704149336	3.5879483957046787
12:18652045:C:T	0.0017656	3.2256e-05	4.00254	3.65319	12	18652045	C	T	0.00025900243448721946	3.5866961537589153
12:2213974:G:GT	0.00311223	3.26878e-05	4.55609	3.65281	12	2213974	G	GT	0.0002593861612535599	3.586053198072823
12:120149422:A:C	0.00319637	0.000117319	3.30487	3.65276	12	120149422	A	C	0.00025943669128315234	3.5859686030593827
12:51004728:G:A	1.95911e-05	0.0087612	-6.10301	-3.65269	12	51004728	G	A	0.0002595074488305677	3.5858501717670315
12:72696028:G:T	4.88223e-05	0.0122345	-5.52383	-3.6525	12	72696028	G	T	0.00025969959625251634	3.585528725555297
12:73815602:T:A	2.78629e-07	0.000105677	-5.93826	-3.65242	12	73815602	T	A	0.00025978054033191846	3.5853933842213905
12:73815722:G:GA	2.78629e-07	0.000105677	-5.93826	-3.65242	12	73815722	G	GA	0.00025978054033191846	3.5853933842213905
12:30757189:G:A	0.00237147	9.30607e-05	3.23801	3.65227	12	30757189	G	A	0.0002599323742428965	3.585139626311089
12:18454332:T:G	7.45998e-06	0.00199605	-5.58937	-3.65188	12	18454332	T	G	0.0002603275319093498	3.58447989902865
12:22523916:C:T	1.99712e-07	2.52045e-05	-4.8379	-3.65181	12	22523916	C	T	0.00026039851723813796	3.5843614930574863
12:22524415:C:T	1.99712e-07	2.52045e-05	-4.8379	-3.65181	12	22524415	C	T	0.00026039851723813796	3.5843614930574863
12:51663930:A:G	8.24277e-06	0.00128586	-5.04985	-3.65161	12	51663930	A	G	0.0002606014324774256	3.5840232013811795
12:73581910:G:A	1.08166e-06	0.000487925	-6.11166	-3.65156	12	73581910	G	A	0.0002606521844470209	3.583938631031181
12:63698460:A:G	3.49756e-05	0.00777558	-5.40409	-3.65082	12	63698460	A	G	0.00026140439794146387	3.5826871100009137
12:58468761:A:G	5.09875e-05	0.0158933	-5.74207	-3.65079	12	58468761	A	G	0.0002614349359697021	3.5826363774094387
12:53690548:CT:C	0.00844021	2.73002e-05	5.73387	3.65069	12	53690548	CT	C	0.0002615367535561067	3.5824672714429764
12:34006916:C:G	6.17432e-08	2.36765e-05	-5.94926	-3.6503	12	34006916	C	G	0.0002619341974875077	3.581807797448875
12:48469426:G:A	2.15215e-05	0.0107641	-6.21492	-3.64979	12	48469426	G	A	0.0002624547863166091	3.5809455027131856
12:1262860:C:CCTTTA	0.000526528	2.21022e-05	3.17063	3.64926	12	1262860	C	CCTTTA	0.00026299681813988883	3.5800495057788644
12:95229706:T:G	7.11265e-06	0.0031985	-6.10856	-3.64919	12	95229706	T	G	0.0002630684856580422	3.579931175192781
12:41918267:G:A	1.70192e-05	0.00478628	-5.63916	-3.64913	12	41918267	G	A	0.00026312992953188063	3.579829750579153
12:67200253:C:CT	1.88814e-05	0.00293538	-5.04641	-3.6491	12	67200253	C	CT	0.0002631606565140572	3.5797790388272284
12:59661668:C:G	1.91185e-05	0.0126552	-6.49517	-3.64884	12	59661668	C	G	0.00026342709797523	3.5793395524729568
12:46099439:C:T	1.06405e-05	0.00445863	-6.03793	-3.64874	12	46099439	C	T	0.0002635296427864225	3.579170526658251
12:43598037:A:G	0.000101967	0.0108008	-4.66273	-3.6474	12	43598037	A	G	0.0002649073588458911	3.5769059772944116
12:7742512:GAAA:G	0.0145844	5.20695e-05	5.63513	3.64666	12	7742512	GAAA	G	0.0002656710782753189	3.5756557215742917
12:24283119:C:G	4.69055e-05	0.0145347	-5.73616	-3.64649	12	24283119	C	G	0.0002658468186501403	3.5753685324570283
12:17314121:AT:A	0.00204415	5.74991e-06	5.87355	3.64542	12	17314121	AT	A	0.00026695545331906765	3.5735612030241324
12:25205488:C:CAA	7.84469e-06	0.00515858	-6.48858	-3.64387	12	25205488	C	CAA	0.00026856910784550333	3.57094394350575
12:47599763:A:G	0.00445983	1.79914e-05	5.51297	3.64375	12	47599763	A	G	0.0002686944165111168	3.5707413581429615
12:1262772:T:C	0.00103829	3.18547e-05	3.48414	3.64351	12	1262772	T	C	0.00026894519827408837	3.5703362051716243
12:82797935:ATT:A	2.05449e-05	0.00316923	-5.03863	-3.64342	12	82797935	ATT	A	0.0002690392979871881	3.5701842789103706
12:42278021:C:CA	0.000736159	3.01969e-06	5.49629	3.64328	12	42278021	C	CA	0.00026918573666329896	3.569947955787338
12:105691197:GGTGTGTGTG:G	0.00514526	6.23755e-05	4.41266	3.64294	12	105691197	GGTGTGTGTG	G	0.0002695416845615833	3.569374061738235
12:40280237:G:C	6.72869e-06	0.00299909	-6.09968	-3.64238	12	40280237	G	C	0.00027012891360244187	3.5684289280452774
12:10806059:T:C	0.0105768	0.000352668	3.40089	3.64224	12	10806059	T	C	0.00027027590812005246	3.5681926647593976
12:70962287:C:A	1.75927e-05	0.00871407	-6.20521	-3.64223	12	70962287	C	A	0.0002702864105969227	3.56817578911863
12:74419762:C:T	7.62941e-06	0.00336628	-6.08955	-3.64217	12	74419762	C	T	0.00027034943349175423	3.5680745361370447
12:16255540:C:T	0.000165977	0.0467942	-5.64166	-3.64188	12	16255540	C	T	0.00027065423837413147	3.567585167582397
12:76595383:A:T	2.01362e-06	0.00083584	-6.0285	-3.64144	12	76595383	A	T	0.0002711173161277474	3.5668427433617325
12:70301182:T:C	5.42771e-07	0.000268465	-6.20379	-3.64112	12	70301182	T	C	0.00027145456628293154	3.566302848446318
12:72451578:T:TTTG	5.86959e-06	0.00258602	-6.08809	-3.64103	12	72451578	T	TTTG	0.0002715494887121008	3.5661510105834595
12:91023003:TA:T	0.000123384	2.35897e-06	3.95707	3.64099	12	91023003	TA	T	0.0002715916864439198	3.5660835281573315
12:1463307:T:C	5.0294e-05	0.00978935	-5.27116	-3.64095	12	1463307	T	C	0.0002716338903218455	3.56601604638873
12:29124204:A:G	1.48932e-05	0.00327087	-5.39191	-3.64082	12	29124204	A	G	0.0002717710953816725	3.565796735181781
12:25204746:T:C	7.87759e-06	0.00515858	-6.48439	-3.64071	12	25204746	T	C	0.0002718872427040364	3.5656111695850665
12:85938807:T:C	2.46648e-06	0.000514678	-5.34075	-3.64003	12	85938807	T	C	0.0002726062777449223	3.564464147185917
12:7606124:A:C	6.01852e-06	0.00297202	-6.20216	-3.63985	12	7606124	A	C	0.0002727969086628912	3.5641605554167866
12:25220466:C:T	3.20076e-06	0.000567116	-5.17717	-3.63943	12	25220466	C	T	0.000273242200135702	3.563452226400664
12:32665385:G:GTTTTT	4.52668e-06	0.00168868	-5.92171	-3.6392	12	32665385	G	GTTTTT	0.0002734863388164686	3.5630643626570713
12:34008149:C:T	6.28327e-08	2.37507e-05	-5.93489	-3.63904	12	34008149	C	T	0.0002736562949842858	3.5627945572218427
12:16249602:G:A	0.0250193	0.000192348	4.8681	3.6386	12	16249602	G	A	0.0002741241849984341	3.5620526465181013
12:45370056:C:G	3.79995e-06	0.00187243	-6.20001	-3.63818	12	45370056	C	G	0.00027457150661297215	3.561344533242059
12:70225113:T:A	4.35816e-06	0.00284252	-6.4804	-3.63769	12	70225113	T	A	0.0002750942464557342	3.560518492702487
12:19527560:TA:T	0.0021915	1.48248e-05	4.99604	3.63644	12	19527560	TA	T	0.0002764319941393412	3.5584116933020216
12:10509511:TTA:T	0.0268588	5.40795e-05	6.20789	3.63637	12	10509511	TTA	T	0.0002765070879776464	3.5582937315197705
12:10508527:CAAAAA:C	0.0269879	5.4376e-05	6.20722	3.63586	12	10508527	CAAAAA	C	0.00027705477754192586	3.5574343564508166
12:41918901:A:G	1.72104e-05	0.00475544	-5.62153	-3.63583	12	41918901	A	G	0.00027708702621432403	3.5573838083045044
12:81636263:AT:A	0.00226605	1.2006e-05	5.24038	3.63473	12	81636263	AT	A	0.0002782719096257857	3.555530631647412
12:61316825:G:A	0.0165581	4.89465e-05	5.82391	3.63466	12	61316825	G	A	0.00027834747176089453	3.5554127190499796
12:28292075:G:C	2.59461e-06	0.00114476	-6.08951	-3.63458	12	28292075	G	C	0.000278433852030792	3.5552779642611254
12:784452:G:C	2.96955e-05	0.0192821	-6.47594	-3.63432	12	784452	G	C	0.00027871476142884657	3.5548400293587306
12:105368665:G:A	1.44171e-06	0.000352789	-5.50004	-3.63415	12	105368665	G	A	0.00027889857652873927	3.5545537023251703
12:58473604:A:G	0.011172	7.58855e-05	4.99194	3.63355	12	58473604	A	G	0.00027954824413257403	3.553543231239073
12:17315900:C:G	1.1725e-05	0.00294943	-5.52764	-3.63301	12	17315900	C	G	0.000280134157203202	3.5526339337310655
12:42797440:C:T	8.51252e-06	0.00319249	-5.92702	-3.63286	12	42797440	C	T	0.0002802971149385365	3.552381372352885
12:42966847:C:T	3.86092e-05	0.0106176	-5.61677	-3.63224	12	42966847	C	T	0.00028097161640409793	3.5513375500653153
12:58473619:T:C	0.0111377	7.58037e-05	4.98995	3.63215	12	58473619	T	C	0.0002810696542259778	3.5511860406025164
12:49757156:T:C	8.02038e-05	0.00831093	-4.64076	-3.63177	12	49757156	T	C	0.00028148394518709614	3.550546370672286
12:109075841:CT:C	0.00624757	0.000198821	3.44754	3.63167	12	109075841	CT	C	0.00028159306418800985	3.5503780463409003
12:95227317:T:C	7.49763e-06	0.00328997	-6.08405	-3.63039	12	95227317	T	C	0.0002829932926432266	3.5482238577709584
12:110617345:AT:A	0.00130586	4.49086e-06	5.67257	3.63011	12	110617345	AT	A	0.00028330046101454913	3.5477527187520237
12:122696901:G:GA	0.00212924	6.6447e-05	3.46712	3.63	12	122696901	G	GA	0.0002834212197516381	3.5475676372358826
12:2929054:CT:C	5.64538e-06	0.00202178	-5.88089	-3.62992	12	2929054	CT	C	0.0002835090745790255	3.5474330356193176
12:67837696:G:A	0.0213914	7.10337e-05	5.70759	3.62978	12	67837696	G	A	0.00028366288192939026	3.5471974891173774
12:83427772:T:A	8.78601e-06	0.00323737	-5.90936	-3.62932	12	83427772	T	A	0.00028416879958591387	3.546423607307621
12:26956479:C:CAT	0.000115571	0.0246998	-5.36466	-3.62804	12	26956479	C	CAT	0.0002855810232991977	3.5442706545648335
12:10515821:T:C	2.31325e-05	0.0148921	-6.46735	-3.62784	12	10515821	T	C	0.00028580227633199536	3.543934316502055
12:44646041:A:G	8.3675e-06	0.0022863	-5.61034	-3.62738	12	44646041	A	G	0.00028631176793260745	3.5431608013211786
12:20286061:G:A	2.16816e-05	0.00540272	-5.5182	-3.62696	12	20286061	G	A	0.00028677769896430126	3.542454624250111
12:61313625:CATATATAT:C	0.0258835	8.93878e-05	5.66838	3.62685	12	61313625	CATATATAT	C	0.00028689984585697167	3.542269685087862
12:20026511:TCTTAA:T	0.000598538	6.52375e-06	4.51904	3.62613	12	20026511	TCTTAA	T	0.0002877005572235413	3.541059296959605
12:10525923:G:T	0.000485345	2.10116e-05	3.13979	3.62597	12	10525923	G	T	0.00028787877717205207	3.5407903507412417
12:43853332:G:A	1.31899e-05	0.00198652	-5.01469	-3.62596	12	43853332	G	A	0.00028788991935229985	3.5407735419517823
12:118683529:A:C	0.00189988	5.58417e-06	5.82961	3.62573	12	118683529	A	C	0.00028814630103444984	3.540386951132558
12:44839803:GC:G	0.0153497	5.63831e-05	5.60668	3.62565	12	44839803	GC	G	0.00028823552740021185	3.540252489854674
12:76223614:A:G	9.28171e-06	0.00344857	-5.91767	-3.62553	12	76223614	A	G	0.00028836941548359676	3.5400508028675284
12:82954546:G:A	1.97526e-05	0.00375786	-5.24832	-3.62548	12	82954546	G	A	0.00028842521937919334	3.5399667683688105
12:80360462:C:T	1.55526e-06	0.000234025	-5.01378	-3.6253	12	80360462	C	T	0.00028862619718188074	3.539664252677084
12:13018317:C:G	7.83758e-06	0.00502699	-6.46365	-3.62504	12	13018317	C	G	0.00028891673008310466	3.5392273090647577
12:43990924:C:T	0.00357194	0.000102877	3.54733	3.62502	12	43990924	C	T	0.0002889390901122026	3.5391936991679014
12:77694476:T:TA	0.0112971	0.000493152	3.13149	3.62445	12	77694476	T	TA	0.0002895770328593997	3.53823588618335
12:62463562:C:T	8.08102e-06	0.00517838	-6.46273	-3.62435	12	62463562	C	T	0.000289689088600667	3.5380678625793376
12:111647820:C:T	0.000104043	4.38312e-06	3.16705	3.62426	12	111647820	C	T	0.0002897899734977631	3.537916644848018
12:10262828:A:T	1.5475e-05	0.0074901	-6.18211	-3.62425	12	10262828	A	T	0.0002898011849622188	3.537899843083268
12:24148713:AAAAG:A	0.053996	0.000162022	5.80894	3.62397	12	24148713	AAAAG	A	0.0002901152709902782	3.537429410348461
12:72705732:C:T	1.87132e-05	0.00806665	-6.06627	-3.62396	12	72705732	C	T	0.00029012649424408596	3.537412609775009
12:12437155:A:C	4.72933e-07	0.000121716	-5.55049	-3.62388	12	12437155	A	C	0.00029021629491810343	3.5372782066662376
12:101761122:A:G	9.87214e-06	0.00319312	-5.77904	-3.62366	12	101761122	A	G	0.00029046338105067514	3.53690861167317
12:22812735:T:C	0.0173473	0.000623575	3.32572	3.62338	12	22812735	T	C	0.00029077813932902586	3.53643824680077
12:94990427:G:A	2.6661e-05	0.00974728	-5.90154	-3.62307	12	94990427	G	A	0.00029112699440192815	3.535917523258344
12:1851651:T:TTGTGTGTGT	6.96169e-05	0.0155009	-5.40565	-3.62197	12	1851651	T	TTGTGTGTGT	0.0002923680336627042	3.534070113119141
12:621472:GA:G	4.85146e-06	0.00196359	-6.00325	-3.62187	12	621472	GA	G	0.0002924811008109149	3.5339021913893482
12:73582327:G:A	1.12516e-06	0.000488165	-6.07273	-3.62171	12	73582327	G	A	0.00029266209344819754	3.5336335251657127
12:41914120:A:G	1.93813e-05	0.00525579	-5.60278	-3.62168	12	41914120	A	G	0.0002926960412455237	3.5335831514194735
12:13018179:T:TG	7.8703e-06	0.00502427	-6.45894	-3.62149	12	13018179	T	TG	0.00029291112963567115	3.533264126278363
12:61029373:CCTTCTCCTT:C	0.00571847	2.11258e-05	5.60096	3.62143	12	61029373	CCTTCTCCTT	C	0.00029297908303896304	3.533163384577716
12:28292336:T:G	2.59276e-06	0.00112441	-6.07229	-3.62137	12	28292336	T	G	0.00029304705120916836	3.53306264435583
12:103884607:C:A	1.95278e-05	0.00838322	-6.06215	-3.62074	12	103884607	C	A	0.00029376160929476587	3.5320049613056415
12:21544940:G:A	4.38129e-05	0.00757212	-5.1523	-3.62061	12	21544940	G	A	0.0002939092607785551	3.5317867295392933
12:58473654:G:T	0.0110888	7.67401e-05	4.97327	3.62041	12	58473654	G	T	0.00029413655265321547	3.5314510019153307
12:102593812:TA:T	0.0153565	5.1609e-05	5.6956	3.62024	12	102593812	TA	T	0.00029432988018862383	3.531165646353271
12:1458125:G:C	0.00455005	0.000186033	3.19697	3.62017	12	1458125	G	C	0.00029440952023407027	3.5310481504545352
12:34118862:T:C	2.31581e-06	0.000993026	-6.061	-3.61984	12	34118862	T	C	0.00029478523811147785	3.5304942683273897
12:81917174:AT:A	0.00157086	5.81689e-06	5.59861	3.61969	12	81917174	AT	A	0.0002949561673915557	3.530242518511218
12:82955228:A:G	1.97795e-05	0.00373067	-5.23969	-3.61964	12	82955228	A	G	0.0002950131644452497	3.5301586039595785
12:20029535:ACCCAAC:A	0.000759233	8.35224e-06	4.50978	3.61946	12	20029535	ACCCAAC	A	0.00029521843927050276	3.5298565200761867
12:107752504:G:A	1.13944e-05	0.00324461	-5.65163	-3.61928	12	107752504	G	A	0.000295423847876454	3.5295544495010254
12:18646811:C:T	2.06291e-05	0.0061443	-5.69658	-3.61913	12	18646811	C	T	0.00029559512396643017	3.5293027341876946
12:24447898:T:C	1.00871e-05	0.00272464	-5.59884	-3.6187	12	24447898	T	C	0.0002960866310440902	3.5285812015092373
12:103898692:C:CTTTT	1.20734e-06	0.000438921	-5.8959	-3.61857	12	103898692	C	CTTTT	0.0002962353768359038	3.5283630786737206
12:25460230:C:T	7.81522e-05	0.0334448	-6.05899	-3.61827	12	25460230	C	T	0.00029657890352224637	3.527859744776721
12:44648738:T:A	1.40728e-06	0.00060208	-6.05873	-3.61807	12	44648738	T	A	0.000296808128564573	3.5275242093822308
12:81100473:T:G	1.06631e-05	0.00511667	-6.17347	-3.61753	12	81100473	T	G	0.00029742786531560965	3.5266183458816647
12:63367095:G:A	7.87773e-06	0.00223503	-5.64797	-3.61631	12	63367095	G	A	0.0002988324763086592	3.5245722063372016
12:84725017:A:G	1.02725e-05	0.00438471	-6.05641	-3.61625	12	84725017	A	G	0.0002989017155637	3.5244715922952454
12:126489277:A:G	0.001393	5.34885e-05	3.25975	3.61612	12	126489277	A	G	0.0002990517854971104	3.524253600276694
12:30235148:CGTGTGTGTG:C	0.0252411	8.52823e-05	5.69026	3.616	12	30235148	CGTGTGTGTG	C	0.0002991903742193837	3.524052383035694
12:64672465:T:A	0.00132141	8.62056e-06	5.03231	3.61586	12	64672465	T	A	0.0002993521370859716	3.52381763706287
12:82955259:C:T	1.9857e-05	0.00372186	-5.23342	-3.61539	12	82955259	C	T	0.0002998957974178146	3.5230296201725877
12:7741907:G:C	5.37203e-05	0.0194436	-5.89148	-3.61503	12	7741907	G	C	0.0003003128433441852	3.5224260941272405
12:82954848:A:C	1.9938e-05	0.00373447	-5.23273	-3.61493	12	82954848	A	C	0.0003004287857906887	3.5222584574497806
12:121864680:C:T	1.07342e-05	0.00460331	-6.0611	-3.61279	12	121864680	C	T	0.0003029200243665166	3.518672016913306
12:45373813:A:G	9.75913e-06	0.00352015	-5.88805	-3.6123	12	45373813	A	G	0.00030349316364121755	3.51785108721256
12:21546574:T:C	3.64093e-05	0.00478007	-4.87739	-3.61212	12	21546574	T	C	0.00030370395951690815	3.5175495459640707
12:80360603:T:C	0.00020654	6.73436e-06	3.42327	3.61202	12	80360603	T	C	0.0003038211275722796	3.517382028797733
12:25974110:G:A	1.27813e-05	0.00406352	-5.76182	-3.61085	12	25974110	G	A	0.000305195142395904	3.5154223830613343
12:28905154:G:A	0.00011441	0.0417195	-5.89894	-3.61084	12	28905154	G	A	0.0003052069111517758	3.515405636375425
12:6989313:GT:G	2.40008e-05	0.00172454	-4.27462	-3.61038	12	6989313	GT	G	0.00030574873353195984	3.5146353332163556
12:67200061:A:C	2.46276e-05	0.00293802	-4.78162	-3.61023	12	67200061	A	C	0.00030592560939277856	3.5143841661914017
12:48369675:T:TA	5.08153e-05	0.0202587	-5.98814	-3.61017	12	48369675	T	TA	0.0003059963865613123	3.514283701968578
12:51667370:A:G	6.61924e-06	0.00078918	-4.78101	-3.60978	12	51667370	A	G	0.0003064568120288368	3.5136307205554553
12:13600715:T:C	5.71726e-06	0.00359093	-6.44268	-3.60921	12	13600715	T	C	0.00030713090859405684	3.5126764754606246
12:60449850:G:A	2.7399e-05	0.00599518	-5.3882	-3.60844	12	60449850	G	A	0.0003080437350650545	3.511387619379398
12:39567532:A:G	4.5562e-06	0.000908618	-5.29544	-3.60838	12	39567532	A	G	0.0003081149709808325	3.5112871992604577
12:107842387:T:A	1.08377e-05	0.0037569	-5.84832	-3.60789	12	107842387	T	A	0.0003086973085809964	3.51046715695625
12:41569644:A:C	3.42851e-05	0.0108525	-5.75744	-3.6076	12	41569644	A	C	0.00030904244263328087	3.509981872239748
12:125439554:G:A	0.0524531	0.000448101	4.76266	3.60713	12	125439554	G	A	0.00030960256518940105	3.5091954496590847
12:84510493:A:T	9.90585e-05	7.76247e-07	4.849	3.60704	12	84510493	A	T	0.0003097099310759918	3.5090448684489868
12:125439908:C:T	0.0523913	0.000447851	4.76204	3.60667	12	125439908	C	T	0.00031015169052678966	3.5084258473074774
12:4813125:A:AT	0.00682456	0.00013643	3.91247	3.60639	12	4813125	A	AT	0.0003104863870593359	3.5079574362430024
12:11575036:C:T	0.000148513	0.0106112	-4.269	-3.6062	12	11575036	C	T	0.00031071369512230716	3.5076396042121374
12:45742853:C:T	5.00002e-06	0.00178915	-5.88005	-3.6059	12	45742853	C	T	0.00031107291983910914	3.5071377943440134
12:117648641:G:A	0.000164468	0.0387692	-5.46266	-3.6053	12	117648641	G	A	0.0003117925360874874	3.5061342854743627
12:28290839:G:A	0.00120607	3.65181e-06	5.7999	3.60441	12	28290839	G	A	0.00031286283794707643	3.5046460195735247
12:52104491:C:T	0.0145574	0.000607307	3.17682	3.60441	12	52104491	C	T	0.00031286283794707643	3.5046460195735247
12:52104480:G:A	0.0145574	0.000607307	3.17682	3.60441	12	52104480	G	A	0.00031286283794707643	3.5046460195735247
12:7742020:C:CAA	5.16719e-05	0.015088	-5.67674	-3.60331	12	7742020	C	CAA	0.0003141904359023928	3.5028070392134034
12:55351067:T:C	1.30607e-05	0.00326547	-5.52155	-3.60305	12	55351067	T	C	0.00031450500146950786	3.502372443721614
12:45373897:C:G	9.75573e-06	0.00347665	-5.87597	-3.60264	12	45373897	C	G	0.0003150016462896121	3.501687176456032
12:80504293:C:T	0.00319618	0.000103413	3.43098	3.60249	12	80504293	C	T	0.0003151835289838377	3.5014364861645157
12:38365457:A:AACACACACA	5.80746e-06	0.00209446	-5.88791	-3.60219	12	38365457	A	AACACACACA	0.0003155475893547752	3.500935133295949
12:10242071:G:GTTTT	1.83601e-06	0.0011415	-6.43251	-3.60153	12	10242071	G	GTTTT	0.00031634990832627726	3.499832287057204
12:103883404:G:A	2.74861e-05	0.0115113	-6.0374	-3.60139	12	103883404	G	A	0.00031652034252533024	3.4995983729686015
12:43921787:A:G	3.57618e-05	0.0045631	-4.84888	-3.60132	12	43921787	A	G	0.00031660559185498247	3.499481418942026
12:13819431:A:T	1.47454e-05	0.00524181	-5.87349	-3.60066	12	13819431	A	T	0.0003174104286264634	3.4983788084553873
12:74406901:C:G	2.76157e-06	0.00129639	-6.15153	-3.60046	12	74406901	C	G	0.0003176546964244126	3.498044719374432
12:52104472:A:G	0.0145525	0.000610773	3.17079	3.5997	12	52104472	A	G	0.000318584519795241	3.4967753306404723
12:52104469:G:A	0.0145525	0.000610773	3.17079	3.5997	12	52104469	G	A	0.000318584519795241	3.4967753306404723
12:83723015:T:C	3.81085e-06	0.00105915	-5.62737	-3.59959	12	83723015	T	C	0.0003187193103645136	3.496591622969028
12:83310167:C:A	6.59733e-06	0.0015431	-5.45489	-3.5993	12	83310167	C	A	0.0003190749232494014	3.4961073265565954
12:46096278:A:G	4.02881e-06	0.00158127	-5.97252	-3.59806	12	46096278	A	G	0.0003205996682759627	3.494036931345547
12:97196776:T:TA	2.60594e-06	0.00075537	-5.66941	-3.59791	12	97196776	T	TA	0.00032078457494415474	3.493786523111367
12:97124584:G:A	3.44212e-05	0.0121877	-5.86951	-3.59748	12	97124584	G	A	0.00032131519411445495	3.493068737367732
12:16997262:A:T	1.00274e-07	3.12884e-05	-5.7431	-3.59692	12	16997262	A	T	0.0003220074647327559	3.4921340604325297
12:115129164:T:C	0.0225961	0.000673906	3.51244	3.59662	12	115129164	T	C	0.0003223788980044017	3.4916333936044754
12:123528573:G:A	6.55657e-05	0.0104264	-5.06905	-3.59641	12	123528573	G	A	0.00032263913985841245	3.4912829488086548
12:29422951:A:C	1.29627e-05	0.00365177	-5.6409	-3.59577	12	29422951	A	C	0.0003234334711851413	3.4902150382366015
12:11180944:A:C	0.000557062	1.74473e-05	3.46349	3.59567	12	11180944	A	C	0.0003235577506723095	3.4900481923990343
12:69269149:A:T	7.53368e-07	0.000207877	-5.62015	-3.59372	12	69269149	A	T	0.00032599015235553375	3.4867955190800615
12:107842558:C:T	1.10828e-05	0.00376208	-5.82733	-3.5937	12	107842558	C	T	0.0003260151884964608	3.4867621664150543
12:22520172:C:T	1.97153e-07	2.28602e-05	-4.75318	-3.59367	12	22520172	C	T	0.0003260527460819749	3.486712137725418
12:12140605:CT:C	0.0107738	0.000322612	3.50842	3.59335	12	12140605	CT	C	0.0003264536123650019	3.486178521357245
12:90449267:AT:A	3.51047e-06	0.00101219	-5.66412	-3.59325	12	90449267	AT	A	0.00032657897763954034	3.48601177486264
12:121178795:C:CAAA	1.38359e-05	0.00487195	-5.86398	-3.59306	12	121178795	C	CAAA	0.00032681729579995427	3.4856949678320457
12:74418446:T:G	7.29734e-06	0.00302376	-6.02675	-3.59305	12	74418446	T	G	0.0003268298433684678	3.4856782941882987
12:6497327:G:A	1.59543e-06	0.000568292	-5.87549	-3.59246	12	6497327	G	A	0.00032757094842425494	3.4846946218643207
12:44308619:C:CT	0.00238569	0.000101113	3.16101	3.59205	12	44308619	C	CT	0.00032808687949715257	3.48401113711143
12:18450092:G:C	1.56634e-05	0.00726394	-6.13935	-3.59097	12	18450092	G	C	0.0003294495597108083	3.482211068524076
12:99851968:A:G	1.81272e-05	0.00612602	-5.82289	-3.59069	12	99851968	A	G	0.0003298037107632414	3.481744462230211
12:121930748:CT:C	0.000837404	6.91209e-06	4.79703	3.59055	12	121930748	CT	C	0.00032998091985884817	3.481511171151141
12:6495989:A:G	3.26013e-06	0.00115827	-5.87292	-3.59044	12	6495989	A	G	0.0003301202180820633	3.4813278766615485
12:46102360:T:C	1.96809e-05	0.00540815	-5.61602	-3.59037	12	46102360	T	C	0.0003302088910548111	3.4812112372995787
12:34108624:C:G	6.61446e-05	2.42696e-06	3.3052	3.58988	12	34108624	C	G	0.00033083022623474535	3.480394818081814
12:18647453:GA:G	0.00468223	2.06553e-05	5.42356	3.58929	12	18647453	GA	G	0.000331579816241582	3.4794119134706483
12:113952977:G:T	1.46597e-05	0.00420577	-5.65911	-3.58925	12	113952977	G	T	0.0003316306933870793	3.4793452810416774
12:7740650:G:A	4.61325e-05	0.00951164	-5.32875	-3.58897	12	7740650	G	A	0.00033198703799850935	3.4788788724273347
12:79753504:C:CA	5.82243e-05	0.0119012	-5.32009	-3.58841	12	79753504	C	CA	0.0003327008023780487	3.4779461517373127
12:101812581:A:ACC	4.03647e-06	0.00166136	-6.02002	-3.5878	12	101812581	A	ACC	0.0003334799295806127	3.4769302988829156
12:74059177:A:G	2.52975e-06	0.000582752	-5.43964	-3.58754	12	74059177	A	G	0.00033381253523804725	3.4764973588416237
12:618454:G:A	7.582e-06	0.00293432	-5.95845	-3.58717	12	618454	G	A	0.000334286393879137	3.475881299696587
12:44849931:C:T	3.04878e-05	0.0107851	-5.86859	-3.58705	12	44849931	C	T	0.0003344402128812417	3.4756815087974995
12:38367913:A:ATT	5.84311e-06	0.00167028	-5.65549	-3.58637	12	38367913	A	ATT	0.00033531310558322224	3.47454947200737
12:69372493:C:CCCTCTGG	4.96682e-05	0.0100843	-5.31337	-3.5863	12	69372493	C	CCCTCTGG	0.0003354030830981242	3.4744329495822037
12:42970568:T:TACACACACA	1.53357e-05	0.00534944	-5.85457	-3.58553	12	42970568	T	TACACACACA	0.00033639432791150606	3.4731513356372097
12:58474084:T:G	0.0107429	7.81789e-05	4.923	3.58502	12	58474084	T	G	0.00033705237491832833	3.47230260841455
12:22407983:G:T	4.65061e-06	0.000451172	-4.57485	-3.58487	12	22407983	G	T	0.00033724614724674483	3.4720530030764776
12:52104443:T:C	0.0145379	0.00062223	3.1512	3.58438	12	52104443	T	C	0.0003378798634597521	3.471237689991607
12:73240015:T:TA	0.000632324	1.33903e-05	3.85487	3.58428	12	73240015	T	TA	0.0003380093301128319	3.4710713116732514
12:7734744:C:T	0.000117231	0.0413245	-5.86506	-3.58428	12	7734744	C	T	0.0003380093301128319	3.4710713116732514
12:58474195:C:G	0.0107324	7.81978e-05	4.92178	3.58416	12	58474195	C	G	0.00033816475136276395	3.470871663108617
12:52104429:C:T	0.0145529	0.000623176	3.15071	3.584	12	52104429	C	T	0.0003383720837064835	3.47060547421557
12:58469078:A:G	5.58972e-05	0.015894	-5.65018	-3.58391	12	58469078	A	G	0.00033848876040852945	3.4704557475803015
12:58468994:A:G	5.58972e-05	0.015894	-5.65018	-3.58391	12	58468994	A	G	0.00033848876040852945	3.4704557475803015
12:16248561:A:G	0.0238277	0.000198629	4.78717	3.58388	12	16248561	A	G	0.00033852766100651697	3.470405839440608
12:61029376:TCTC:T	0.00635834	1.94616e-05	5.78908	3.58374	12	61029376	TCTC	T	0.000338709252441446	3.4701729396725223
12:83761515:CAA:C	0.00544925	1.69883e-05	5.77071	3.58346	12	83761515	CAA	C	0.0003390727087481799	3.4697071642680535
12:20416772:C:A	0.00691221	0.00013381	3.94463	3.58324	12	20416772	C	A	0.00033935853750677195	3.469341220450885
12:19528341:C:T	1.37056e-05	0.00290204	-5.35537	-3.58297	12	19528341	C	T	0.0003397096354414707	3.468892134732224
12:20416624:C:T	0.00690795	0.00013381	3.94401	3.58277	12	20416624	C	T	0.00033996992705530294	3.468559497932953
12:31568658:A:T	8.16094e-07	0.000336517	-6.02188	-3.58272	12	31568658	A	T	0.00034003502910704385	3.4684763412981026
12:100847495:GGA:G	0.00413954	1.61183e-05	5.54839	3.58261	12	100847495	GGA	G	0.0003401782946779322	3.4682934003128914
12:67133357:CT:C	0.0132057	0.000255906	3.94359	3.58246	12	67133357	CT	C	0.0003403737478298182	3.468043943335712
12:116287755:CA:C	0.00277435	8.82255e-06	5.75086	3.58246	12	116287755	CA	C	0.0003403737478298182	3.468043943335712
12:58474206:G:A	0.0107169	7.82821e-05	4.91926	3.58239	12	58474206	G	A	0.0003404649952509504	3.4679275332397075
12:29407519:C:A	1.38612e-05	0.00356682	-5.55034	-3.5821	12	29407519	C	A	0.0003408432641329428	3.4674452842643206
12:80514271:C:T	9.43308e-05	0.0108284	-4.74312	-3.5818	12	80514271	C	T	0.00034123499049658616	3.4669464423332195
12:10517395:GC:G	0.00534615	2.08415e-05	5.54719	3.58172	12	10517395	GC	G	0.00034133952197086857	3.466813424056118
12:20027971:G:A	0.00023483	8.36718e-06	3.33454	3.58117	12	20027971	G	A	0.0003420589872078357	3.4658989944997862
12:104206824:G:A	4.02065e-06	0.000955313	-5.4706	-3.58109	12	104206824	G	A	0.00034216375480384777	3.465765996905897
12:83495485:A:G	7.07125e-05	0.0200696	-5.64834	-3.58067	12	83495485	A	G	0.0003427142773644325	3.4650678026275292
12:73157951:G:A	2.50539e-05	0.00571859	-5.43045	-3.58045	12	73157951	G	A	0.0003430029769178309	3.4647021107054026
12:84729274:A:G	3.24201e-06	0.00133261	-6.0187	-3.58028	12	84729274	A	G	0.000343226218745077	3.4644195441875802
12:127270685:G:A	0.0207652	0.000893762	3.14559	3.57999	12	127270685	G	A	0.0003436073567707445	3.4639375463229385
12:127270718:G:A	0.0207652	0.000893762	3.14559	3.57999	12	127270718	G	A	0.0003436073567707445	3.4639375463229385
12:51814348:G:C	1.4075e-05	0.00539555	-5.94893	-3.57979	12	51814348	G	C	0.0003438704412268568	3.463605154110494
12:19654228:A:G	0.0143111	6.39549e-05	5.41062	3.57968	12	19654228	A	G	0.0003440152179858633	3.46342234539038
12:51825294:G:C	7.31657e-05	0.0207402	-5.6471	-3.57968	12	51825294	G	C	0.0003440152179858633	3.46342234539038
12:127270770:C:T	0.0207394	0.000893762	3.14435	3.57902	12	127270770	C	T	0.00034488507666831494	3.4623255973427307
12:32123791:A:C	1.98035e-05	0.00811872	-6.01607	-3.57827	12	32123791	A	C	0.00034587604977021015	3.461079509719535
12:90641548:GGTTGGAAGG:G	0.0151513	5.37109e-05	5.64222	3.57779	12	90641548	GGTTGGAAGG	G	0.0003465116697082962	3.4602821347763397
12:76976446:C:CT	1.49052e-05	0.00168737	-4.72921	-3.57723	12	76976446	C	CT	0.0003472546072390857	3.4593519835018283
12:127270803:C:G	0.0206868	0.000893762	3.14181	3.57703	12	127270803	C	G	0.0003475203029723309	3.4590198178040095
12:61443458:CT:C	0.00181847	1.28665e-05	4.95112	3.57691	12	61443458	CT	C	0.00034767981167545123	3.458820526263813
12:96733543:G:GT	6.71685e-06	0.00203972	-5.71595	-3.57673	12	96733543	G	GT	0.00034791920313951435	3.458521600032615
12:123528358:C:CAA	7.00239e-05	0.0108338	-5.04159	-3.57648	12	123528358	C	CAA	0.00034825194706841983	3.458106446767009
12:83426001:TA:T	0.00553622	2.04006e-05	5.6035	3.57639	12	83426001	TA	T	0.00034837180773376517	3.45795699786949
12:93662372:T:A	8.96111e-05	0.0126094	-4.94672	-3.57638	12	93662372	T	A	0.0003483851279671356	3.457940392641598
12:20416549:G:A	0.00690795	0.000135086	3.93452	3.57561	12	20416549	G	A	0.0003494122177333747	3.4566619133158323
12:95180080:C:CAA	5.48999e-06	0.00111271	-5.31163	-3.57492	12	95180080	C	CAA	0.000350335002342355	3.455516469691377
12:67203262:CT:C	0.00413858	8.87259e-05	3.84255	3.57478	12	67203262	CT	C	0.0003505225119523336	3.455284084679589
12:72556007:C:T	1.82517e-05	0.00828965	-6.1185	-3.57475	12	72556007	C	T	0.00035056270479376096	3.4552342889376564
12:16248771:T:A	0.000212745	0.0731661	-5.84039	-3.57421	12	16248771	T	A	0.0003512869134671607	3.4543380287302075
12:87936085:C:T	0.0069968	0.000150164	3.84148	3.57395	12	87936085	C	T	0.00035163610538095234	3.453906538710124
12:10807378:T:C	0.00897819	0.000327362	3.31149	3.57368	12	10807378	T	C	0.00035199907135482464	3.4534584822775716
12:60448194:GA:G	2.56878e-05	0.00537359	-5.34324	-3.57356	12	60448194	GA	G	0.0003521605020185963	3.4532593556864826
12:25416424:G:A	6.13193e-05	0.0213208	-5.85134	-3.57352	12	25416424	G	A	0.0003522143276253247	3.4531929814690945
12:83494023:A:T	3.87355e-05	0.0132974	-5.83857	-3.57275	12	83494023	A	T	0.0003532519714490489	3.4519154057368584
12:101812421:A:G	4.03566e-06	0.00162854	-6.00027	-3.57235	12	101812421	A	G	0.0003537921349107553	3.451251826041406
12:63625168:T:C	0.00197738	1.36648e-05	4.9747	3.57213	12	63625168	T	C	0.0003540895539906433	3.450886885190883
12:43984511:A:G	0.00376481	0.000141412	3.28178	3.57173	12	43984511	A	G	0.0003546309151261263	3.450223407247661
12:26912090:A:G	4.00801e-05	0.0152046	-5.93847	-3.57169	12	26912090	A	G	0.00035468509379236893	3.4501570630638674
12:58474764:G:C	0.00934887	7.69498e-05	4.79986	3.57135	12	58474764	G	C	0.0003551459250983355	3.4495931640060324
12:51420252:A:G	7.75348e-05	0.0312305	-5.99842	-3.5709	12	51420252	A	G	0.0003557567099214329	3.448846899945376
12:80363704:A:T	0.0002195	7.38141e-06	3.39239	3.57081	12	80363704	A	T	0.0003558789847109605	3.4486976571030317
12:20416336:G:A	0.00687906	0.000135429	3.92779	3.57053	12	20416336	G	A	0.000356259646559138	3.448233367290288
12:85941888:T:G	2.46469e-06	0.000464345	-5.23856	-3.57029	12	85941888	T	G	0.0003565862311809802	3.4478354301947873
12:38364146:TA:T	0.00287735	1.13953e-05	5.53142	3.57009	12	38364146	TA	T	0.00035685859888174036	3.447503834000517
12:126029997:CA:C	6.93195e-05	0.00461179	-4.19764	-3.57002	12	126029997	CA	C	0.00035695397353168275	3.4473877792095795
12:20029799:T:A	0.000270728	9.78444e-06	3.32032	3.56983	12	20029799	T	A	0.000357212967756475	3.4470727834821093
12:81634542:G:T	1.09845e-05	0.00654696	-6.39027	-3.56964	12	81634542	G	T	0.00035747213770827193	3.4467578025653007
12:52104543:C:T	0.0143811	0.000627311	3.13223	3.56954	12	52104543	C	T	0.00035760861356608795	3.4465920290842593
12:90640308:C:A	0.0180808	6.14149e-05	5.68495	3.5694	12	90640308	C	A	0.00035779976162744433	3.4463599531032463
12:85941886:T:A	2.4668e-06	0.000464118	-5.23722	-3.56937	12	85941886	T	A	0.0003578407343552256	3.44631022358206
12:85941853:A:T	2.4682e-06	0.000464345	-5.23714	-3.56932	12	85941853	A	T	0.00035790903198538657	3.446227341867274
12:85941869:A:T	2.4682e-06	0.000464345	-5.23714	-3.56932	12	85941869	A	T	0.00035790903198538657	3.446227341867274
12:85941856:TAATTAATTA:T	2.4682e-06	0.000464345	-5.23714	-3.56932	12	85941856	TAATTAATTA	T	0.00035790903198538657	3.446227341867274
12:85941847:GAAA:G	2.4682e-06	0.000464345	-5.23714	-3.56932	12	85941847	GAAA	G	0.00035790903198538657	3.446227341867274
12:87936272:T:A	0.000122148	0.0727632	-6.38973	-3.56923	12	87936272	T	A	0.00035803199843955263	3.446078157365313
12:117652247:A:G	0.000191888	0.0267012	-4.93555	-3.56824	12	117652247	A	G	0.0003593872394684733	3.4444373471680914
12:49765083:G:A	0.000343047	0.0325111	-4.55147	-3.56823	12	49765083	G	A	0.0003594009532120642	3.444420775378991
12:49764761:A:G	0.000340687	0.0322684	-4.55088	-3.56781	12	49764761	A	G	0.0003599773725215047	3.443724797282424
12:107753415:G:GA	1.17156e-05	0.00318414	-5.60501	-3.5673	12	107753415	G	GA	0.00036067847245835517	3.4428797783124985
12:70658140:G:A	4.21136e-05	0.0137454	-5.78809	-3.56716	12	70658140	G	A	0.00036087115450854064	3.4426478309868567
12:83311793:C:CTTT	6.28891e-06	0.00373508	-6.38674	-3.56697	12	83311793	C	CTTT	0.00036113280553583325	3.4423330581916907
12:80025160:TTG:T	0.00905325	6.85541e-05	4.88326	3.56637	12	80025160	TTG	T	0.0003619602370263608	3.441339136064986
12:38365973:G:A	6.77662e-06	0.00255219	-5.93123	-3.56607	12	38365973	G	A	0.00036237461722257096	3.4408422303833084
12:63373211:A:T	1.72961e-05	0.00776773	-6.10726	-3.56599	12	63373211	A	T	0.00036248519350081743	3.4407097284370454
12:70765057:A:G	0.000146084	0.0202505	-4.93175	-3.56546	12	70765057	A	G	0.00036321855861127367	3.439831969356474
12:127278004:G:A	5.6917e-05	0.0106407	-5.23085	-3.56502	12	127278004	G	A	0.0003638284437357589	3.439103351246693
12:95229997:C:T	6.42125e-06	0.00258717	-5.99871	-3.56495	12	95229997	C	T	0.0003639255591535853	3.438987442051683
12:7741974:C:T	0.0151318	5.17624e-05	5.67789	3.56455	12	7741974	C	T	0.0003644809695370926	3.4383251423550285
12:52104545:G:A	0.0143723	0.000630991	3.12577	3.56449	12	52104545	G	A	0.0003645643494205826	3.4382258030615236
12:73391019:TACACACACA:T	0.00163939	2.88063e-05	4.04149	3.56445	12	73391019	TACACACACA	T	0.00036461994591731057	3.4381595776862834
12:38369056:A:G	0.00126907	3.98906e-06	5.76249	3.56432	12	38369056	A	G	0.0003648006892856935	3.437944349749624
12:20416015:C:T	0.00687239	0.000136419	3.91954	3.56431	12	20416015	C	T	0.00036481459609098726	3.437927794041645
12:41098378:T:C	4.69039e-05	0.0107659	-5.43604	-3.56411	12	41098378	T	C	0.00036509283631350556	3.4375966884965536
12:40745022:C:T	0.00642436	2.02011e-05	5.76211	3.56405	12	40745022	C	T	0.00036517634706359167	3.4374973600326784
12:18649794:A:T	1.11911e-05	0.00661767	-6.38238	-3.56368	12	18649794	A	T	0.0003656917248149697	3.4368848671376395
12:123528011:T:C	7.26787e-05	0.0110473	-5.02389	-3.56362	12	123528011	T	C	0.00036577536364021363	3.4367855492571557
12:102593163:A:T	5.18603e-05	0.023218	-6.10413	-3.56356	12	102593163	A	T	0.00036585902035078747	3.436686232853417
12:45764612:C:T	0.00161573	5.18358e-06	5.74204	3.56289	12	45764612	C	T	0.0003667944029636333	3.4355772999937146
12:91817323:T:C	7.33725e-05	0.0194893	-5.58207	-3.5628	12	91817323	T	C	0.0003669202215845859	3.435428352892191
12:59295871:C:T	3.73186e-06	0.000990924	-5.58173	-3.56253	12	59295871	C	T	0.00036729791959789663	3.4349815315232397
12:27228998:A:G	9.89683e-06	0.00195126	-5.28401	-3.56241	12	27228998	A	G	0.0003674659020337902	3.4347829538467445
12:17416710:A:G	7.40983e-06	0.00205333	-5.62441	-3.56159	12	17416710	A	G	0.0003686157058291267	3.43342616447883
12:87935903:A:G	0.00696679	0.000151939	3.82543	3.56156	12	87935903	A	G	0.0003686578355338862	3.433376531073331
12:7742180:CA:C	0.0150486	5.17116e-05	5.67336	3.56145	12	7742180	CA	C	0.0003688123496356172	3.4331945450782646
12:87755301:T:TA	1.89097e-06	0.000640008	-5.82439	-3.56142	12	87755301	T	TA	0.00036885450035193523	3.4331449133955463
12:17118305:G:A	3.20001e-05	0.00712524	-5.40566	-3.56132	12	17118305	G	A	0.00036899503526911516	3.4329794771193476
12:25912236:G:A	8.02328e-05	0.0165101	-5.3268	-3.5608	12	25912236	G	A	0.0003697266241424442	3.4321192746045472
12:81639635:TAAAG:T	0.00791891	3.63075e-05	5.38498	3.56065	12	81639635	TAAAG	T	0.00036993791126282315	3.4318711598752847
12:131779074:G:A	1.36143e-05	0.00360425	-5.57875	-3.56011	12	131779074	G	A	0.00037069947992521626	3.4309780232657348
12:10527662:A:C	2.36734e-05	0.00702903	-5.69345	-3.55999	12	10527662	A	C	0.000370868916331943	3.430779564706479
12:41087810:T:C	2.86919e-05	0.00654948	-5.43053	-3.55996	12	41087810	T	C	0.00037091128674477763	3.4307299509895484
12:59661854:C:T	2.15588e-05	0.00960666	-6.09943	-3.5599	12	59661854	C	T	0.00037099604114694166	3.430630724663151
12:77657193:AATAG:A	7.61065e-06	0.000470925	-4.12515	-3.55989	12	77657193	AATAG	A	0.0003710101686407444	3.4306141870856446
12:73586060:CA:C	0.000380889	1.73293e-06	5.3927	3.55948	12	73586060	CA	C	0.00037158982910065496	3.429936181723371
12:58468308:A:G	0.00975896	0.000195034	3.91277	3.55919	12	58468308	A	G	0.0003720003439364762	3.4294566585867994
12:48469135:A:G	2.25466e-05	0.0100357	-6.09832	-3.55904	12	48469135	A	G	0.00037221284551990357	3.4292086429136193
12:107751245:T:C	1.14549e-05	0.00308038	-5.59439	-3.55888	12	107751245	T	C	0.0003724396389521802	3.4289441030342287
12:84508789:G:A	9.183e-05	7.69857e-07	4.78149	3.55801	12	84508789	G	A	0.0003736750908567716	3.4275058512111203
12:31400104:G:A	9.46701e-06	0.0037793	-5.98948	-3.55788	12	31400104	G	A	0.00037386002727365664	3.427290966679152
12:44130755:T:A	0.000378684	1.67697e-05	3.11713	3.55773	12	44130755	T	A	0.00037407352176322485	3.4270430316015665
12:83304427:A:C	5.14138e-06	0.00135635	-5.57523	-3.55725	12	83304427	A	C	0.00037475747024249726	3.426249701367582
12:19228432:TTC:T	0.00397635	3.6316e-05	4.69586	3.55704	12	19228432	TTC	T	0.0003750570651347535	3.4259026491051934
12:48480980:C:T	6.17182e-06	0.00165522	-5.5917	-3.55674	12	48480980	C	T	0.00037548544622990605	3.4254068915347378
12:83310354:T:C	6.97156e-06	0.0015431	-5.39971	-3.55673	12	83310354	T	C	0.0003754997334735926	3.425390366918106
12:16254375:G:A	0.00017169	0.0427408	-5.51722	-3.55665	12	16254375	G	A	0.0003756140497185224	3.4252581714615475
12:78811758:CA:C	9.21066e-05	0.0170614	-5.22162	-3.55642	12	78811758	CA	C	0.00037594289016164685	3.42487812414534
12:51663905:A:ATTTT	9.66429e-06	0.00565817	-6.37242	-3.55616	12	51663905	A	ATTTT	0.00037631494687879693	3.4244485315656887
12:83282344:T:C	4.33511e-06	0.001922	-6.09437	-3.55597	12	83282344	T	C	0.0003765870521108176	3.424134616059906
12:74404963:C:A	2.82093e-06	0.00124952	-6.09345	-3.55525	12	74404963	C	A	0.00037761985759937876	3.4229451758700566
12:123527769:G:A	7.34267e-05	0.01103	-5.01208	-3.55504	12	123527769	G	A	0.00037792159089283496	3.4225982958634535
12:83725998:T:A	4.09141e-06	0.000932785	-5.42929	-3.55498	12	83725998	T	A	0.00037800784178848904	3.42249919061213
12:43991438:TTATCTATC:T	0.00354861	6.31844e-05	4.02825	3.55449	12	43991438	TTATCTATC	T	0.00037871291311760064	3.421689886323308
12:7742230:C:T	5.4708e-05	0.0150238	-5.61538	-3.55439	12	7742230	C	T	0.000378856956174391	3.421524734281206
12:14868043:G:A	9.04624e-06	0.00205946	-5.42785	-3.55382	12	14868043	G	A	0.00037967897990921203	3.420583445952472
12:52104422:T:C	0.0145099	0.000645813	3.11208	3.55378	12	52104422	T	C	0.00037973672833911573	3.420517395634519
12:102746782:C:T	0.00011628	0.0256129	-5.39485	-3.55298	12	102746782	C	T	0.00038089342238159974	3.4191965270713736
12:58474791:T:A	0.0091857	7.75532e-05	4.77444	3.55289	12	58474791	T	A	0.0003810237563369053	3.4190479457826797
12:13450673:G:A	0.000209214	0.121958	-6.36807	-3.55288	12	13450673	G	A	0.00038103824046025034	3.419031436955652
12:113953016:A:G	0.00421245	1.46629e-05	5.66048	3.55261	12	113953016	A	G	0.0003814295063692957	3.418585714127697
12:18781427:G:A	2.82045e-05	0.00549761	-5.27259	-3.55238	12	18781427	G	A	0.0003817631031093317	3.4182060478919234
12:82798880:T:C	2.68637e-05	0.00365768	-4.91381	-3.55237	12	82798880	T	C	0.00038177761349939704	3.418189541156397
12:29411912:GAGCCTACAG:G	0.00263387	9.64164e-06	5.61012	3.55225	12	29411912	GAGCCTACAG	G	0.00038195177839181466	3.417991463528817
12:87752855:G:T	1.76177e-06	0.000692576	-5.9741	-3.55188	12	87752855	G	T	0.0003824892543962682	3.417380761352085
12:107754205:C:T	0.00333997	1.55127e-05	5.37206	3.55106	12	107754205	C	T	0.00038368293769103196	3.4160275133672116
12:101318986:A:G	1.25096e-06	0.000333065	-5.58443	-3.55097	12	101318986	A	G	0.000383814163534593	3.4158790029423356
12:3823915:CA:C	0.0102125	3.33242e-05	5.72508	3.55072	12	3823915	CA	C	0.0003841788998859087	3.415466491412792
12:17633759:T:A	4.96286e-06	0.00113533	-5.4327	-3.55065	12	17633759	T	A	0.00038428108409808417	3.4153509927774124
12:51237449:AAAATAAAT:A	0.000701357	3.25941e-06	5.37147	3.55062	12	51237449	AAAATAAAT	A	0.00038432488510722315	3.415301493977368
12:71327191:A:C	0.000100289	0.0195018	-5.2702	-3.55057	12	71327191	A	C	0.0003843978971579496	3.4152189967974484
12:10512044:A:T	3.89611e-05	0.0152899	-5.97238	-3.55054	12	10512044	A	T	0.0003844417106104273	3.4151694989815904
12:87935495:T:C	0.00694724	0.000153738	3.81085	3.55031	12	87935495	T	C	0.00038477776883102054	3.4147900279879715
12:22521860:C:T	2.05945e-07	2.24165e-05	-4.68994	-3.55028	12	22521860	C	T	0.00038482162274682945	3.4147405333707077
12:19523427:CT:C	0.00177821	1.30458e-05	4.9149	3.55016	12	19523427	CT	C	0.0003849970851252373	3.414542558592323
12:44131349:T:C	0.000372752	1.66711e-05	3.10724	3.55	12	44131349	T	C	0.00038523115127126666	3.414278601406786
12:50019128:C:A	5.5633e-06	0.00101733	-5.20875	-3.54994	12	50019128	C	A	0.0003853189603580895	3.414179620168687
12:105369156:C:T	1.53561e-06	0.000311573	-5.3127	-3.54987	12	105369156	C	T	0.00038542142793402924	3.4140641439233965
12:83310637:G:A	8.14969e-06	0.00238621	-5.67948	-3.5496	12	83310637	G	A	0.0003858168986080999	3.4136187543709173
12:74399437:T:C	4.83461e-06	0.00212588	-6.08614	-3.54956	12	74399437	T	C	0.00038587551909803267	3.4135527732759394
12:92425363:A:C	0.000232215	0.0450658	-5.26822	-3.54955	12	92425363	A	C	0.00038589017552104736	3.413536278104711
12:120320641:T:G	0.00101641	1.38926e-05	4.29267	3.54924	12	120320641	T	G	0.00038634478276098515	3.4130249481359547
12:80513702:A:G	9.26706e-05	0.0101785	-4.69898	-3.54921	12	80513702	A	G	0.00038638880356136517	3.412975466681924
12:19516517:T:C	1.39236e-05	0.0054549	-5.97069	-3.54921	12	19516517	T	C	0.00038638880356136517	3.412975466681924
12:46098881:A:G	1.68642e-05	0.00440388	-5.56505	-3.54899	12	46098881	A	G	0.0003867117660205635	3.4126126139624473
12:61304749:T:C	2.47392e-05	0.00976081	-5.97774	-3.54888	12	61304749	T	C	0.00038687334183647344	3.4124311950453396
12:19972408:C:G	2.54642e-05	0.00997022	-5.97008	-3.54874	12	19972408	C	G	0.0003870790750296082	3.4122003054178114
12:44841308:T:C	5.12908e-05	0.0172721	-5.81934	-3.54842	12	44841308	T	C	0.0003875497063194772	3.4116725878780785
12:41911532:C:G	2.24315e-05	0.00551947	-5.50557	-3.54832	12	41911532	C	G	0.0003876968882271198	3.411507684758109
12:21441901:G:T	4.02572e-05	0.00881379	-5.38878	-3.5483	12	21441901	G	T	0.00038772633087619685	3.4114747046261815
12:42797115:A:G	9.34715e-06	0.0025459	-5.60717	-3.54784	12	42797115	A	G	0.00038840408878366555	3.410716206861775
12:59644154:G:C	6.96161e-06	0.00305233	-6.08325	-3.54731	12	59644154	G	C	0.00038918635638106	3.4098423931012176
12:61318831:A:G	2.67977e-05	0.0117445	-6.08282	-3.54698	12	61318831	A	G	0.00038967417214801444	3.4092983785678945
12:128350201:T:C	0.000702451	0.0479767	-4.2239	-3.54685	12	128350201	T	C	0.00038986649882644006	3.409084082072618
12:123527328:C:CT	7.48594e-05	0.0111117	-5.00014	-3.54637	12	123527328	C	CT	0.00039057739678076295	3.408292893504457
12:31101322:C:T	0.00290333	1.61958e-05	5.18886	3.54603	12	31101322	C	T	0.0003910816821818012	3.4077325254277477
12:17899210:G:T	2.0211e-05	0.00452879	-5.41198	-3.54601	12	17899210	G	T	0.0003911113649677446	3.407699564075826
12:82796767:G:T	1.85717e-05	0.00337478	-5.20244	-3.54564	12	82796767	G	T	0.0003916608763748411	3.4070898086490398
12:10517596:G:C	2.00332e-05	0.00734774	-5.90476	-3.54557	12	10517596	G	C	0.0003917649191134351	3.406974455828698
12:72170522:T:C	6.46579e-05	0.00440108	-4.22049	-3.54442	12	72170522	T	C	0.0003934778942952378	3.405079661412332
12:76226769:TACACACACA:T	0.0166221	9.96234e-05	5.11709	3.54425	12	76226769	TACACACACA	T	0.00039373170965718027	3.404799607372391
12:28011111:C:CT	0.00441861	9.00889e-05	3.89278	3.54411	12	28011111	C	CT	0.00039394084893314303	3.4045689835309387
12:96521374:G:A	4.19108e-06	0.00153298	-5.90201	-3.54344	12	96521374	G	A	0.0003949431675676451	3.403465394974942
12:31101287:T:G	0.00285213	1.59788e-05	5.18456	3.5431	12	31101287	T	G	0.00039545271780707216	3.4029054353597976
12:39080595:C:T	1.90582e-05	0.00637331	-5.81238	-3.54296	12	39080595	C	T	0.0003956627110949936	3.4026748775296984
12:28480502:G:A	0.00259441	8.55926e-06	5.7141	3.54283	12	28480502	G	A	0.0003958577981499112	3.4024607953115686
12:59582637:TA:T	0.0133976	4.50788e-05	5.69442	3.54211	12	59582637	TA	T	0.00039693990860389136	3.401275234639998
12:52104582:A:C	0.0139972	0.000679212	3.02568	3.5421	12	52104582	A	C	0.00039695495735648937	3.401258770016044
12:61318077:C:T	2.71557e-05	0.0118268	-6.07654	-3.54208	12	61318077	C	T	0.000396985056460856	3.4012258408911342
12:11180842:A:G	1.2052e-05	0.00325819	-5.5997	-3.54189	12	11180842	A	G	0.0003972711043226502	3.400913022383851
12:58474924:T:C	0.00904569	7.75564e-05	4.75904	3.5417	12	58474924	T	C	0.0003975573447477424	3.400600218677253
12:73580723:TTAG:T	1.18347e-06	0.000394631	-5.8095	-3.5407	12	73580723	TTAG	T	0.00039906705189103115	3.3989541273214674
12:80521649:G:A	0.000223266	0.0496671	-5.40473	-3.54056	12	80521649	G	A	0.0003992788378124643	3.398723707248246
12:74059537:T:G	2.59853e-06	0.000520869	-5.30055	-3.54045	12	74059537	T	G	0.00039944531469737787	3.3985426685421993
12:70215916:A:G	2.47082e-06	0.000814589	-5.79813	-3.54043	12	70215916	A	G	0.00039947559018825536	3.398509752946798
12:31101383:C:A	0.00288714	1.62393e-05	5.18059	3.54038	12	31101383	C	A	0.0003995512882950613	3.3984274646757524
12:52104584:A:G	0.0139831	0.0006801	3.02337	3.5403	12	52104584	A	G	0.0003996724331413321	3.398295805573956
12:11180641:GT:G	1.20552e-05	0.00325131	-5.59732	-3.53999	12	11180641	GT	G	0.000400142193626827	3.397785651337467
12:126032221:T:A	0.000157688	0.0352889	-5.4107	-3.53994	12	126032221	T	A	0.00040021800973904945	3.3977033720858563
12:7735417:C:T	0.000116974	0.0425864	-5.89734	-3.53982	12	7735417	C	T	0.0004004000231678246	3.397505906063703
12:13021208:AAACAAC:A	0.012278	4.56554e-05	5.59444	3.53978	12	13021208	AAACAAC	A	0.00040046071149410137	3.3974400853682245
12:51423751:C:T	6.70943e-05	0.025958	-5.95813	-3.5394	12	51423751	C	T	0.0004010376793548643	3.396814821476722
12:126037336:AAACAACAAC:A	0.0105328	0.0001295	4.39857	3.53939	12	126037336	AAACAACAAC	A	0.0004010528732017592	3.396798367963225
12:58473773:C:G	0.0103219	8.01463e-05	4.85817	3.53938	12	58473773	C	G	0.00040106806758643295	3.396781914490725
12:113603019:A:T	6.00796e-05	0.0232321	-5.95762	-3.53899	12	113603019	A	T	0.00040166106824311964	3.396140261040472
12:62463005:G:T	9.05021e-06	0.00517838	-6.34946	-3.53883	12	62463005	G	T	0.0004019045874358864	3.395877036637721
12:90236792:CAA:C	0.000681115	1.56153e-06	6.07806	3.53878	12	90236792	CAA	C	0.0004019807154651823	3.395794781164158
12:123527257:G:A	7.55336e-05	0.0110914	-4.98935	-3.53853	12	123527257	G	A	0.00040236155772367525	3.3953835191698247
12:87752946:C:T	1.79223e-06	0.000692576	-5.95696	-3.53847	12	87752946	C	T	0.00040245301000908063	3.395284820103798
12:123527650:G:C	7.50883e-05	0.0110242	-4.98918	-3.53841	12	123527650	G	C	0.00040254448171261735	3.3951861225136173
12:58474826:T:A	0.00905901	7.8052e-05	4.75414	3.53814	12	58474826	T	A	0.0004029563447796419	3.3947420016213385
12:63697841:C:A	0.00566344	3.42531e-05	5.10801	3.53758	12	63697841	C	A	0.00040381183457993165	3.3938209572659694
12:123527376:C:T	7.53438e-05	0.0110488	-4.98801	-3.53756	12	123527376	C	T	0.0004038424191442499	3.3937880652024166
12:119533458:A:G	2.01205e-05	0.00729911	-5.89377	-3.53705	12	119533458	A	G	0.0004046230570749653	3.392949372986089
12:42796896:C:CTT	9.33832e-06	0.00250737	-5.59286	-3.53644	12	42796896	C	CTT	0.0004055586125692632	3.391946371351994
12:72705251:C:T	2.85777e-05	0.00936885	-5.79252	-3.53595	12	72705251	C	T	0.00040631158746897176	3.391140791992873
12:76223639:GTA:G	0.00833424	3.92185e-05	5.35898	3.53586	12	76223639	GTA	G	0.0004064500308604157	3.3909928391363757
12:82799807:G:C	2.81416e-05	0.00374218	-4.89018	-3.53514	12	82799807	G	C	0.00040755916536187105	3.3898093358196983
12:45374492:A:C	1.0359e-05	0.00339183	-5.79127	-3.53495	12	45374492	A	C	0.0004078523247476206	3.3894970578825365
12:86191298:T:C	5.28571e-06	0.00227937	-6.06665	-3.53439	12	86191298	T	C	0.00040871751969635877	3.3885767458353184
12:82797558:A:T	1.89235e-05	0.00338227	-5.1859	-3.53435	12	82797558	A	T	0.00040877938489068417	3.388511014179534
12:49763288:T:C	0.000295908	0.0267356	-4.5037	-3.53424	12	49763288	T	C	0.0004089495592789188	3.3883302555079338
12:93511432:A:T	0.000503466	1.07996e-05	3.842	3.53376	12	93511432	A	T	0.0004096929131023314	3.3875415484392697
12:28896550:G:T	3.44377e-05	0.00771134	-5.4113	-3.53345	12	28896550	G	T	0.0004101736663413129	3.3870322253176504
12:110617323:A:G	4.36145e-06	0.00187755	-6.06492	-3.53305	12	110617323	A	G	0.00041079477172577017	3.386375092399728
12:51422356:A:G	6.99656e-05	0.0268379	-5.94957	-3.5327	12	51422356	A	G	0.0004113389594434561	3.385800154896335
12:51421918:T:C	7.00366e-05	0.0268644	-5.94954	-3.53267	12	51421918	T	C	0.00041138563542197915	3.3857508768753344
12:90758504:T:TTATA	9.04645e-06	0.00298535	-5.7991	-3.53255	12	90758504	T	TTATA	0.0004115723888107652	3.385553768480421
12:83305016:A:G	5.39062e-06	0.00137853	-5.54412	-3.53199	12	83305016	A	G	0.00041244495209505393	3.3846340073484527
12:98178286:A:AT	0.0138066	0.000631929	3.08413	3.53192	12	98178286	A	AT	0.0004125541439104281	3.3845190462451193
12:12618489:C:T	2.29363e-05	0.00504196	-5.39283	-3.53161	12	12618489	C	T	0.00041303803229132756	3.3840099569300714
12:58469225:A:G	5.65158e-05	0.0149539	-5.57821	-3.53153	12	58469225	A	G	0.0004131629927343779	3.38387858543659
12:73476280:G:A	2.99223e-06	0.00128558	-6.06295	-3.53151	12	73476280	G	A	0.0004131942383618313	3.383845742973107
12:63190611:A:C	0.000719598	2.53854e-05	3.34452	3.53151	12	63190611	A	C	0.0004131942383618313	3.383845742973107
12:8009775:A:C	0.0108834	5.19131e-05	5.34542	3.53128	12	8009775	A	C	0.0004135537217390686	3.383468066427307
12:12495236:CA:C	3.62245e-06	0.000215602	-4.08628	-3.5312	12	12495236	CA	C	0.00041367882789136186	3.3833367057548296
12:77691202:T:G	0.00880526	0.000339366	3.25602	3.53116	12	77691202	T	G	0.00041374139422205254	3.383271026402313
12:74414402:A:T	6.42879e-06	0.00276017	-6.06226	-3.53098	12	74414402	A	T	0.000414023052095666	3.3829754774316854
12:121864554:T:TA	0.00124296	1.12048e-05	4.70891	3.53096	12	121864554	T	TA	0.00041405435846686835	3.382942639476937
12:32665742:GTGTGTATAT:G	0.00136088	4.56582e-06	5.69729	3.53077	12	32665742	GTGTGTATAT	G	0.0004143518792826743	3.38263068708396
12:51498039:T:C	3.44847e-05	0.0131934	-5.94696	-3.53066	12	51498039	T	C	0.000414524219424421	3.3824500898300007
12:123068195:A:G	0.000107965	3.62292e-07	5.69711	3.53064	12	123068195	A	G	0.0004145555611874057	3.382417254498487
12:51420611:T:C	7.77773e-05	0.0297514	-5.94678	-3.53052	12	51420611	T	C	0.0004147436582477067	3.3822202459523862
12:10517478:T:C	2.01085e-05	0.00723298	-5.88526	-3.53046	12	10517478	T	C	0.0004148377366658659	3.3821217438926765
12:115129578:T:C	0.0225218	0.000728963	3.43061	3.53003	12	115129578	T	C	0.0004155125488074156	3.3814158556451677
12:10517355:G:A	1.94509e-05	0.00743479	-5.94603	-3.52993	12	10517355	G	A	0.00041566962872686465	3.381251706449262
12:58469168:C:G	5.65782e-05	0.0149358	-5.57589	-3.52985	12	58469168	C	G	0.00041579533259124545	3.381120390043616
12:115128724:G:A	0.0226101	0.000732001	3.43037	3.52983	12	115128724	G	A	0.0004158267641042118	3.3810875613520746
12:60774617:C:T	0.000312816	1.12604e-06	5.62691	3.52957	12	60774617	C	T	0.00041623557575752395	3.38066080328131
12:10335835:A:T	0.0356827	0.00126177	3.34215	3.52956	12	10335835	A	T	0.000416251306776195	3.3806443900626815
12:79794764:GAATA:G	0.000837576	6.59961e-06	4.8435	3.52906	12	79794764	GAATA	G	0.0004170385660233371	3.3798237813891676
12:26081675:C:G	3.33165e-05	0.0188147	-6.33634	-3.52892	12	26081675	C	G	0.00041725924766958255	3.3795940293224978
12:99087253:T:A	1.42421e-05	0.00168047	-4.77063	-3.52874	12	99087253	T	A	0.0004175431414649471	3.3792986456122183
12:81105117:A:G	1.68283e-05	0.00435637	-5.55634	-3.52869	12	81105117	A	G	0.00041762203285975277	3.379216596938282
12:77696536:C:T	0.000241666	0.0151608	-4.13891	-3.52787	12	77696536	C	T	0.0004189178395514578	3.3778711448815835
12:32864129:G:A	0.00228231	8.83581e-05	3.25154	3.52772	12	32864129	G	A	0.0004191552832294731	3.377625055419743
12:115130102:T:G	0.0222998	0.00072384	3.42776	3.5277	12	115130102	T	G	0.0004191869518809137	3.3775922441882424
12:4814531:G:T	4.53293e-05	0.0128873	-5.65004	-3.5277	12	4814531	G	T	0.0004191869518809137	3.3775922441882424
12:86862714:C:T	3.49183e-06	0.00099168	-5.64897	-3.5269	12	86862714	C	T	0.0004204555317165769	3.376279929357939
12:51430583:A:G	5.78252e-05	0.021998	-5.94128	-3.52622	12	51430583	A	G	0.00042153664242790295	3.3751646679845058
12:47678691:A:C	9.45685e-06	0.00243811	-5.55224	-3.52544	12	47678691	A	C	0.0004227799363698148	3.3738856309450975
12:51430653:G:A	5.78904e-05	0.021998	-5.94016	-3.52534	12	51430653	G	A	0.0004229395804424198	3.373721669869951
12:7615129:G:GAA	1.39918e-05	0.00332603	-5.47106	-3.52504	12	7615129	G	GAA	0.0004234188504725497	3.373229811234006
12:43600182:G:A	9.71285e-05	0.00865542	-4.48991	-3.52442	12	43600182	G	A	0.0004244109493735427	3.3722134202674714
12:51424051:A:AC	5.09186e-05	0.0216549	-6.05276	-3.52358	12	51424051	A	AC	0.0004257585461963747	3.3708366257407563
12:87171301:C:T	5.51568e-06	0.00234518	-6.05252	-3.52339	12	87171301	C	T	0.0004260639133219171	3.370525248031054
12:10513736:C:T	3.4573e-05	0.0131031	-5.93753	-3.52328	12	10513736	C	T	0.00042624079827466527	3.3703449834872403
12:17307912:CTT:C	2.27718e-06	0.00026184	-4.7448	-3.52326	12	17307912	CTT	C	0.00042627296654114785	3.3703122086483837
12:13451186:C:T	0.000216927	0.121569	-6.32868	-3.52313	12	13451186	C	T	0.00042648211553365957	3.370099176191412
12:76058194:C:T	0.000120808	6.00816e-06	3.00109	3.52296	12	76058194	C	T	0.00042675576263942374	3.3698206057361215
12:96520740:G:C	4.41755e-06	0.00143917	-5.78624	-3.52246	12	96520740	G	C	0.0004275615575619329	3.3690013495092073
12:40970701:A:T	0.000782533	9.85285e-06	4.37477	3.52226	12	40970701	A	T	0.00042788427312549646	3.3686736757042723
12:82808335:TAGAC:T	0.000113195	0.00583676	-3.94282	-3.52218	12	82808335	TAGAC	T	0.0004280134230196338	3.3685426107720016
12:31101708:T:A	0.00289015	1.66974e-05	5.15381	3.52211	12	31101708	T	A	0.0004281264590329898	3.368427931107682
12:12437981:T:A	0.000317355	1.56861e-06	5.30983	3.52203	12	12437981	T	A	0.0004282556771778529	3.3682968710929324
12:68821745:A:T	1.29862e-05	0.00286575	-5.3967	-3.52173	12	68821745	A	T	0.0004287405696098096	3.3678054193957356
12:59640426:G:GC	8.81676e-06	0.00283876	-5.77447	-3.52152	12	59640426	G	GC	0.00042908029926097747	3.3674614251519275
12:62228102:G:T	1.51199e-05	0.00537538	-5.87357	-3.5214	12	62228102	G	T	0.0004292745433210804	3.367264865126399
12:52104564:A:T	0.0142505	0.000661882	3.06946	3.52045	12	52104564	A	T	0.0004308152090780222	3.3657089731965573
12:12444277:T:C	1.75097e-05	0.00741481	-6.04848	-3.52025	12	12444277	T	C	0.0004311402169003112	3.365381464125367
12:88494470:T:C	8.77817e-06	0.00125694	-4.96417	-3.52024	12	88494470	T	C	0.0004311564732988812	3.3653650891020703
12:40846280:AAC:A	0.00545275	2.07836e-05	5.56971	3.5201	12	40846280	AAC	A	0.0004313841229760776	3.365135843078553
12:26079591:C:CAA	5.29343e-05	0.0224098	-6.0482	-3.52003	12	26079591	C	CAA	0.0004314979898927208	3.365021223078627
12:78471034:T:C	0.0285139	0.000104083	5.61296	3.51999	12	78471034	T	C	0.000431563069300419	3.3649557268373096
12:15106200:TTTTC:T	0.102341	0.000240632	6.0528	3.51979	12	15106200	TTTTC	T	0.00043188860381962604	3.364628255465233
12:110616650:C:G	4.40098e-06	0.00186099	-6.04704	-3.51913	12	110616650	C	G	0.00043296449502162426	3.363547716229566
12:67206986:AT:A	0.0051671	0.000119155	3.76964	3.51851	12	67206986	AT	A	0.00043397745955329743	3.362532826814309
12:63621093:T:C	0.00165274	8.21518e-06	5.30421	3.51823	12	63621093	T	C	0.000434435652253408	3.362074541288523
12:17121471:A:G	2.16211e-05	0.00561648	-5.55979	-3.51813	12	17121471	A	G	0.00043459940192367314	3.3619108756717924
12:93548760:CA:C	7.06013e-05	0.0214319	-5.71558	-3.51813	12	93548760	CA	C	0.00043459940192367314	3.3619108756717924
12:44643003:A:T	1.02402e-05	0.00242064	-5.46547	-3.51805	12	44643003	A	T	0.00043473044314495805	3.361779946128628
12:11456297:TA:T	0.00438215	6.2382e-05	4.25202	3.51749	12	11456297	TA	T	0.0004356487650353117	3.3608635127537663
12:90297081:T:G	5.14965e-06	0.000300764	-4.0674	-3.51725	12	90297081	T	G	0.0004360428856608067	3.3604707949288715
12:34110484:C:T	5.6621e-05	2.28233e-06	3.21118	3.51703	12	34110484	C	T	0.00043640445527947557	3.3601108243224336
12:121183442:G:A	0.00103722	3.41401e-05	3.41382	3.51636	12	121183442	G	A	0.00043750732399782706	3.3590146723668837
12:70223133:T:C	2.46577e-06	0.000464987	-5.23951	-3.5157	12	70223133	T	C	0.0004385962753905297	3.357935060720987
12:87755646:G:A	1.86402e-06	0.00069865	-5.92641	-3.51459	12	87755646	G	A	0.00044043340128981285	3.356119752720739
12:29414360:C:T	4.45607e-06	0.00134461	-5.70959	-3.51408	12	29414360	C	T	0.00044127989225548964	3.3552858615431584
12:104827550:G:A	3.68866e-06	0.0015496	-6.04049	-3.51403	12	104827550	G	A	0.00044136296325529095	3.35520411324213
12:40747308:A:ATGTGTGTG	2.73649e-05	0.00529529	-5.26531	-3.51311	12	40747308	A	ATGTGTGTG	0.00044289407736249173	3.35370012731512
12:1727646:G:A	3.94932e-06	0.000732726	-5.22323	-3.51294	12	1727646	G	A	0.0004431775427573527	3.3534222548312194
12:23233903:A:G	7.59553e-06	0.00318576	-6.03889	-3.51278	12	23233903	A	G	0.00044344448840314576	3.3531607386036395
12:4697387:C:A	1.98208e-05	0.00831028	-6.03852	-3.51249	12	4697387	C	A	0.0004439287099616298	3.3526867671739664
12:25975514:G:T	1.55867e-05	0.00434103	-5.62945	-3.51237	12	25975514	G	T	0.00044412922182691337	3.3524906511436683
12:81632472:T:A	1.40682e-05	0.00525731	-5.92346	-3.51228	12	81632472	T	A	0.0004442796611971852	3.3523435679925586
12:4697753:TTG:T	0.00783073	2.89134e-05	5.60151	3.51214	12	4697753	TTG	T	0.00044451377253765234	3.352114778575787
12:50027474:A:G	4.68732e-05	0.0042098	-4.49772	-3.51197	12	50027474	A	G	0.00044479820539275477	3.3518369736508102
12:15106086:C:T	0.000176484	0.0663295	-5.92916	-3.51163	12	15106086	C	T	0.00044536758079730614	3.3512813993209796
12:94646432:C:CT	0.0120629	0.00046919	3.24689	3.51128	12	94646432	C	CT	0.0004459544130627289	3.3507095340393955
12:91022093:A:ATGTG	2.40054e-06	0.000624399	-5.5611	-3.51111	12	91022093	A	ATGTG	0.00044623970620271465	3.3504317890106665
12:44833653:T:C	6.8671e-05	0.0178572	-5.56084	-3.5109	12	44833653	T	C	0.0004465923623244905	3.350088708556771
12:90153697:C:T	6.78766e-05	0.0374223	-6.31233	-3.51079	12	90153697	C	T	0.00044677719075476	3.3499090069579567
12:51422946:C:T	6.96044e-05	0.0259567	-5.92136	-3.51063	12	51422946	C	T	0.0004470461595584881	3.3496476316632786
12:11181014:T:TA	0.00326444	1.20815e-05	5.59917	3.51053	12	11181014	T	TA	0.00044721434179772443	3.3494842774299096
12:40746777:G:A	2.93062e-05	0.00761625	-5.56024	-3.51043	12	40746777	G	A	0.00044738258308820643	3.3493209272932987
12:1210346:A:G	0.00268245	4.4562e-05	4.09761	3.51039	12	1210346	A	G	0.00044744989614301406	3.349255588385745
12:58471501:C:T	6.60615e-05	0.0141055	-5.36373	-3.50972	12	58471501	C	T	0.00044857879593155183	3.348161259124797
12:81633201:T:C	1.40286e-05	0.00522409	-5.91994	-3.50953	12	81633201	T	C	0.00044889941515371175	3.347850960416305
12:105063479:G:GA	0.000140045	0.029125	-5.33739	-3.50864	12	105063479	G	GA	0.0004504041124032499	3.3463976528239274
12:24152065:T:G	0.000139943	0.0362809	-5.55781	-3.50849	12	24152065	T	G	0.00045065817611047613	3.34615274529549
12:59641356:A:C	8.71627e-06	0.00275994	-5.75777	-3.50818	12	59641356	A	C	0.00045118366499241743	3.3456466322784273
12:88542300:C:A	4.05119e-06	0.00222469	-6.30836	-3.50779	12	88542300	C	A	0.0004518455761586815	3.345009965367986
12:16991653:C:T	1.6372e-05	0.00682195	-6.03233	-3.50768	12	16991653	C	T	0.00045203243283435007	3.344830403915006
12:58061072:C:G	2.96446e-06	0.00123517	-6.03227	-3.50763	12	58061072	C	G	0.0004521173915239323	3.344748786711331
12:39568455:C:T	5.56204e-06	0.00206612	-5.91746	-3.50759	12	39568455	C	T	0.0004521853692045544	3.344683493685755
12:83754327:G:A	0.000685815	1.14422e-05	4.0933	3.50726	12	83754327	G	A	0.00045274654912435777	3.3441448512335854
12:119515726:C:T	5.46953e-05	0.0174617	-5.76599	-3.50658	12	119515726	C	T	0.0004539049699495199	3.343035062003053
12:62229465:T:A	1.44228e-05	0.00460413	-5.7659	-3.50651	12	62229465	T	A	0.00045402437604519095	3.3429208297470225
12:86832601:T:C	4.02517e-06	0.00167467	-6.0308	-3.50649	12	86832601	T	C	0.00045405849745616667	3.3428881923282563
12:74959499:A:G	1.00159e-05	0.00184332	-5.21514	-3.50636	12	74959499	A	G	0.00045428034496405254	3.342676053100217
12:90298402:CT:C	5.13031e-06	0.000294964	-4.05169	-3.50565	12	90298402	CT	C	0.0004554937595104181	3.3415175686992273
12:101412970:A:G	3.88088e-05	0.0143767	-5.91472	-3.50544	12	101412970	A	G	0.0004558532359377419	3.3411749579535126
12:26081090:A:G	3.45519e-05	0.0189135	-6.30517	-3.50539	12	26081090	A	G	0.00045593886457476245	3.3410933866289985
12:40974006:T:C	0.000863661	1.11358e-05	4.35102	3.50516	12	40974006	T	C	0.0004563329496635322	3.340718171726098
12:32246115:C:T	1.18011e-05	0.00296531	-5.52655	-3.50505	12	32246115	C	T	0.0004565215374798194	3.3405387287802912
12:17124409:G:A	0.00662184	3.27358e-05	5.30966	3.50473	12	17124409	G	A	0.00045707057018621683	3.340016741119766
12:622236:C:T	4.1918e-06	0.00173951	-6.02823	-3.50449	12	622236	C	T	0.00045748274899236487	3.3396252779006543
12:128347218:A:C	0.074622	0.0030574	3.19487	3.5044	12	128347218	A	C	0.00045763740544485835	3.3394784852762704
12:77258364:T:TTGTG	7.27106e-06	0.00229111	-5.75289	-3.50428	12	77258364	T	TTGTG	0.0004578436899395229	3.339282766938223
12:90758502:T:TTA	8.21027e-06	0.00152625	-5.22519	-3.50395	12	90758502	T	TTA	0.00045841141977588537	3.3387445719222635
12:13817330:ACTGACTG:A	0.00531859	1.81607e-05	5.67971	3.50388	12	13817330	ACTGACTG	A	0.0004585319317366035	3.3386304150776596
12:42795718:CAAA:C	0.00257809	1.11684e-05	5.44172	3.50385	12	42795718	CAAA	C	0.00045858358876890763	3.3385814913300984
12:73392027:C:T	1.01344e-05	0.00374647	-5.91263	-3.50381	12	73392027	C	T	0.000458652473259109	3.338516260240136
12:90761135:T:G	4.86452e-05	0.0201662	-6.02721	-3.50369	12	90761135	T	G	0.0004588591846647047	3.3383205709024795
12:65688906:A:ATT	0.000242431	0.0276661	-4.73724	-3.50267	12	65688906	A	ATT	0.00046061974474538635	3.336657449675786
12:53692058:G:A	0.00366211	2.86926e-05	4.84915	3.50161	12	53692058	G	A	0.00046245602343434483	3.334929559547334
12:83371290:C:T	0.00378287	1.92754e-05	5.27941	3.50144	12	83371290	C	T	0.00046275115572954944	3.334652487915222
12:12504712:AG:A	0.00209239	7.45267e-06	5.63749	3.50143	12	12504712	AG	A	0.0004627685219243653	3.3346361899525463
12:78128267:T:TA	3.12048e-06	0.000576564	-5.2191	-3.49895	12	78128267	T	TA	0.00046709416298625637	3.3305955598128354
12:98723141:A:G	8.63654e-05	0.0199035	-5.44006	-3.49888	12	98723141	A	G	0.00046721680333547465	3.3304815463223596
12:93200204:C:T	0.000755843	0.0455251	-4.09819	-3.49865	12	93200204	C	T	0.0004676199760319645	3.3301069446976483
12:10994866:A:G	0.000332346	3.0261e-06	4.6989	3.49802	12	10994866	A	G	0.0004687259814108786	3.3290809729345643
12:20765889:G:C	6.02075e-05	0.0126544	-5.34796	-3.49786	12	20765889	G	C	0.00046900726000933705	3.3288204345608436
12:25222148:CA:C	0.000811258	1.05694e-05	4.34063	3.49767	12	25222148	CA	C	0.000469341482869941	3.3285110588594833
12:45298676:C:T	7.95253e-06	0.000507019	-4.15506	-3.49765	12	45298676	C	T	0.0004693766771461703	3.328478493856229
12:33468875:A:T	8.65481e-06	0.00215422	-5.51707	-3.49753	12	33468875	A	T	0.0004695878945117443	3.328283107276869
12:17317233:G:GTGTA	1.22104e-05	0.00447761	-5.90456	-3.4975	12	17317233	G	GTGTA	0.00046964071270606724	3.328234261553503
12:90765244:C:T	5.45737e-05	0.0295597	-6.29461	-3.49741	12	90765244	C	T	0.0004697992005446113	3.3280877265949376
12:51810462:T:C	2.9633e-05	0.00934383	-5.75358	-3.49685	12	51810462	T	C	0.0004707864687478801	3.327176028055832
12:39943997:CCT:C	0.0120614	4.73832e-05	5.5395	3.49607	12	39943997	CCT	C	0.00047216481799552875	3.32590637625695
12:44850614:G:A	2.95094e-05	0.00929057	-5.75205	-3.49565	12	44850614	G	A	0.00047290856442065157	3.3252228207975376
12:122772722:G:T	1.42186e-05	0.00520113	-5.90208	-3.49556	12	122772722	G	T	0.00047306808077346473	3.325076354026273
12:40572538:G:C	1.84968e-05	0.00471523	-5.54095	-3.49505	12	40572538	G	C	0.0004739729552662774	3.3242464383126396
12:120149421:C:T	0.00314601	0.00012492	3.22622	3.4948	12	120149421	C	T	0.00047441711066378806	3.3238396557887007
12:68831112:T:G	5.16861e-06	0.0021183	-6.01576	-3.49479	12	68831112	T	G	0.000474434884952761	3.3238233850201144
12:62575888:T:C	2.07004e-06	0.00075612	-5.90063	-3.49443	12	62575888	T	C	0.0004750751732198576	3.3232376646246675
12:123159509:C:A	0.000560867	1.29569e-05	3.76785	3.49421	12	123159509	C	A	0.0004754668572088306	3.322879750509893
12:76058810:C:G	1.90728e-06	0.000322776	-5.13128	-3.49282	12	76058810	C	G	0.0004779485602828562	3.32061884227375
12:4812864:C:G	0.00766854	0.00013055	4.07312	3.49257	12	4812864	C	G	0.00047839618969804185	3.3202122880491287
12:33468018:A:C	8.74125e-06	0.00216212	-5.51079	-3.49255	12	33468018	A	C	0.00047843201693895067	3.3201797648167912
12:55352282:TCTC:T	0.00282814	6.8967e-06	6.01633	3.49238	12	55352282	TCTC	T	0.0004787366495476078	3.3199033239552236
12:44133092:C:G	0.000342438	1.6491e-05	3.03327	3.49215	12	44133092	C	G	0.0004791490875283779	3.319529334567321
12:60131915:G:GA	4.31653e-06	0.000779941	-5.19677	-3.4914	12	60131915	G	GA	0.00048049629753325	3.3183099544409593
12:3441112:AAC:A	0.0546056	0.00185354	3.38304	3.49131	12	3441112	AAC	A	0.0004806581999410038	3.318163644304256
12:122822063:A:AACACACACA	2.7291e-06	0.000692425	-5.53623	-3.49128	12	122822063	A	AACACACACA	0.0004807121787163367	3.318114874995752
12:75188497:T:G	4.51807e-05	0.0184259	-6.01084	-3.49096	12	75188497	T	G	0.0004812883042300245	3.3175946919691794
12:4336448:GCACACA:G	0.00581501	2.39386e-05	5.49271	3.49021	12	4336448	GCACACA	G	0.00048264112286673243	3.3163756773024207
12:26259842:T:C	9.54349e-05	0.0348547	-5.9005	-3.48965	12	26259842	T	C	0.0004836535391918398	3.3154656298778944
12:51825358:T:C	0.0183003	9.23327e-05	5.28928	3.4896	12	51825358	T	C	0.0004837440297587847	3.3153843818878963
12:24096290:C:T	2.82307e-06	0.000881653	-5.74397	-3.48932	12	24096290	C	T	0.0004842510688077162	3.314929412061033
12:28437156:CT:C	0.00306355	1.08909e-05	5.6394	3.48923	12	28437156	CT	C	0.0004844141508804235	3.3147831785770516
12:121358725:G:A	9.24634e-05	0.0103693	-4.71979	-3.48904	12	121358725	G	A	0.0004847586034807395	3.3144744743357903
12:123158873:T:C	0.000575048	1.37808e-05	3.73118	3.48884	12	123158873	T	C	0.0004851214319367908	3.3141495384716895
12:123159142:T:C	0.000574878	1.37808e-05	3.73088	3.48861	12	123159142	T	C	0.00048553899776201617	3.3137758824754937
12:20028993:G:A	0.000641174	8.45958e-06	4.328	3.48858	12	20028993	G	A	0.000485593487575269	3.3137271463337257
12:86834172:GATAGATATA:G	0.000115146	1.00893e-06	4.73731	3.48746	12	86834172	GATAGATATA	G	0.00048763185954475653	3.311907927392313
12:90766421:C:A	5.67207e-05	0.0303132	-6.2812	-3.48729	12	90766421	C	A	0.0004879419519025641	3.3116318408413385
12:26081415:A:G	3.44662e-05	0.0139848	-6.00575	-3.48699	12	26081415	A	G	0.0004884896223611094	3.311144658146188
12:1208354:T:TG	0.00249452	4.86066e-05	3.93809	3.48668	12	1208354	T	TG	0.0004890561507034821	3.31064127473999
12:59585740:T:TACAC	5.82004e-05	0.019778	-5.82843	-3.48643	12	59585740	T	TACAC	0.0004895134746476841	3.3102353490404313
12:81631469:A:G	1.30334e-05	0.00695638	-6.2799	-3.48631	12	81631469	A	G	0.0004897331317681809	3.310040513793993
12:10510224:T:C	5.03271e-05	0.0268588	-6.27981	-3.48623	12	10510224	T	C	0.0004898796209098686	3.30991062690513
12:95230782:CATTT:C	0.00152876	6.08419e-06	5.52652	3.48575	12	95230782	CATTT	C	0.0004907594142131513	3.3091313605988524
12:51424072:AAAAAC:A	0.0147628	6.11441e-05	5.48664	3.48549	12	51424072	AAAAAC	A	0.0004912365839149358	3.3087092974028276
12:42796895:CT:C	0.00301001	7.41046e-06	6.00681	3.48522	12	42796895	CT	C	0.0004917325642015386	3.3082710303009617
12:97710702:T:G	5.10164e-05	0.0106678	-5.34284	-3.48499	12	97710702	T	G	0.0004921554342125809	3.3078977152001325
12:18432982:C:CTT	7.26482e-06	0.00246321	-5.82618	-3.48469	12	18432982	C	CTT	0.0004927075134212688	3.307410815008392
12:67200221:G:A	0.00231693	8.33813e-05	3.32457	3.48408	12	67200221	G	A	0.0004938318558569376	3.306420898250482
12:29102816:T:TA	1.36573e-05	0.00247787	-5.20088	-3.484	12	29102816	T	TA	0.0004939794879325765	3.306291084401548
12:12502509:C:T	3.30024e-06	0.00081801	-5.51288	-3.48399	12	12502509	C	T	0.0004939979448354378	3.3062748578546635
12:68736686:C:G	0.000582973	4.68056e-06	4.82472	3.48357	12	68736686	C	G	0.0004947737156816277	3.305593379854624
12:70497608:G:A	2.05826e-05	0.00341389	-5.11116	-3.48334	12	70497608	G	A	0.0004951990238002681	3.305220220123994
12:83449021:G:A	0.000112855	0.0302141	-5.58996	-3.483	12	83449021	G	A	0.0004958283646322048	3.304668632366728
12:7614856:T:C	2.31543e-05	0.0093465	-6.00058	-3.48297	12	7614856	T	C	0.0004958839304960621	3.304619965130879
12:7737060:G:A	0.000109699	0.037104	-5.82374	-3.4828	12	7737060	G	A	0.0004961989134160758	3.304344191087427
12:1210030:T:G	0.00175368	6.01556e-05	3.37254	3.48276	12	1210030	T	G	0.0004962730541514952	3.3042793047966525
12:91194208:C:A	1.64635e-06	0.000664348	-6.00024	-3.48271	12	91194208	C	A	0.0004963657445964931	3.3041981978543173
12:81106437:A:G	1.86376e-05	0.00455266	-5.49828	-3.48263	12	81106437	A	G	0.0004965140828851375	3.304068428875415
12:67199893:C:T	3.56555e-05	0.00267682	-4.31848	-3.48243	12	67199893	C	T	0.0004968851094676366	3.303744017891086
12:67200084:A:G	0.00230929	8.33796e-05	3.32129	3.48145	12	67200084	A	G	0.0004987068795157294	3.3021546407747953
12:25421986:ATG:A	0.00149899	5.64361e-05	3.27944	3.48111	12	25421986	ATG	A	0.0004993403759545461	3.301603316089268
12:41181566:G:C	8.58289e-06	0.00211866	-5.50877	-3.48099	12	41181566	G	C	0.0004995641420130764	3.301408742204909
12:100257420:C:G	9.77042e-06	0.00393359	-5.99795	-3.48092	12	100257420	C	G	0.0004996947153861637	3.3012952434947036
12:81105515:G:A	1.78915e-05	0.00436025	-5.49596	-3.48079	12	81105515	G	A	0.0004999372932190186	3.301084465497597
12:104821412:A:C	5.3108e-06	0.0019061	-5.88307	-3.48069	12	104821412	A	C	0.0005001239662601053	3.3009223332845203
12:29112858:G:A	9.25159e-06	0.00285755	-5.73292	-3.48065	12	29112858	G	A	0.0005001986536715719	3.3008574815455285
12:58470373:G:C	5.89678e-05	0.0145454	-5.50804	-3.48046	12	58470373	G	C	0.0005005535609121559	3.3005494447300436
12:77690251:C:T	0.00768677	0.000387689	2.98705	3.48042	12	77690251	C	T	0.0005006283081368986	3.300484596757248
12:31102025:C:T	0.00283488	1.74119e-05	5.0926	3.48033	12	31102025	C	T	0.0005007965274444343	3.3003386912132595
12:74940932:T:C	0.000195816	4.75e-06	3.71903	3.47946	12	74940932	T	C	0.0005024253666281137	3.2989284419052054
12:11178880:C:T	0.0004299	1.55669e-05	3.31841	3.47912	12	11178880	C	T	0.0005030632657440754	3.298377394197014
12:76600417:T:A	0.000365168	1.86386e-06	5.27771	3.47891	12	76600417	T	A	0.0005034576393870534	3.2980370648410213
12:89529212:AT:A	0.0195028	9.9831e-05	5.27484	3.47888	12	89529212	AT	A	0.0005035140020028299	3.297988447835265
12:26270371:TAC:T	0.0147822	0.000149915	4.59111	3.47847	12	26270371	TAC	T	0.0005042848808978139	3.2973240523466774
12:95226642:TTTTGGGTCA:T	0.00289815	7.19941e-06	5.99783	3.47847	12	95226642	TTTTGGGTCA	T	0.0005042848808978139	3.2973240523466774
12:13813839:G:A	2.12722e-05	0.00476997	-5.41269	-3.47823	12	13813839	G	A	0.0005047366374869048	3.2969351698434997
12:60850024:C:T	6.29327e-06	0.00211605	-5.81783	-3.47822	12	60850024	C	T	0.0005047554688634549	3.2969189669175494
12:123158408:C:G	0.00058387	1.3772e-05	3.74704	3.47807	12	123158408	C	G	0.0005050380181243747	3.296675927940438
12:69762760:C:CAA	6.43234e-06	0.00339459	-6.2686	-3.47777	12	69762760	C	CAA	0.0005056035590589223	3.296189877616869
12:113598268:G:A	1.47022e-05	0.00390768	-5.5827	-3.4776	12	113598268	G	A	0.0005059242942706475	3.2959144654533503
12:8188346:T:C	0.00642272	0.000265467	3.18611	3.47755	12	8188346	T	C	0.0005060186642486197	3.2958334641272096
12:25221999:T:A	0.000791004	1.06044e-05	4.31204	3.47709	12	25221999	T	A	0.0005068876383503265	3.295088299941922
12:41181422:C:T	8.66087e-06	0.00212601	-5.50319	-3.47693	12	41181422	C	T	0.0005071902161651117	3.294829132702204
12:87172495:C:T	5.87305e-06	0.00235016	-5.99187	-3.47619	12	87172495	C	T	0.0005085918300809796	3.2936306205253243
12:68832616:A:G	5.31409e-06	0.00212633	-5.99179	-3.47613	12	68832616	A	G	0.0005087056325613607	3.2935334536861696
12:58474687:A:G	0.00926534	7.87526e-05	4.76772	3.47571	12	58474687	A	G	0.0005095029148426498	3.29285332707177
12:16252492:T:C	0.000178535	0.0394851	-5.39889	-3.47561	12	16252492	T	C	0.0005096929155697764	3.2926914028059078
12:123459126:C:T	0.0002723	0.0366382	-4.90194	-3.47505	12	123459126	C	T	0.0005107581408115113	3.2917847025587714
12:58471348:T:C	5.90828e-05	0.0144613	-5.50029	-3.47483	12	58471348	T	C	0.0005111771896585725	3.291428534009352
12:34111132:C:G	5.57304e-05	2.37232e-06	3.15666	3.47479	12	34111132	C	G	0.0005112534147820767	3.2913637782196923
12:40892585:G:A	3.93406e-05	0.00696357	-5.17619	-3.47465	12	40892585	G	A	0.0005115202861618914	3.2911371381131764
12:83424524:A:G	2.4247e-05	0.00868314	-5.88085	-3.47458	12	83424524	A	G	0.0005116537705424633	3.291023821068336
12:103904959:T:C	2.0761e-05	0.0109098	-6.26434	-3.47456	12	103904959	T	C	0.0005116919149004917	3.2909914451381868
12:120620736:C:A	0.000142841	0.0433367	-5.71502	-3.47401	12	120620736	C	A	0.000512741924109385	3.2901011712177164
12:122869998:C:G	2.53309e-05	0.00263772	-4.64564	-3.47368	12	122869998	C	G	0.0005133728933340334	3.2895670662961325
12:17124389:G:A	2.05432e-05	0.00423343	-5.32824	-3.47318	12	17124389	G	A	0.0005143302865179528	3.2887579013441868
12:3817707:G:A	2.91731e-05	0.010427	-5.87891	-3.47309	12	3817707	G	A	0.0005145027939355808	3.2886122625196026
12:17124407:G:A	3.09577e-05	0.00767654	-5.5133	-3.47301	12	17124407	G	A	0.0005146561791368418	3.2884828085698254
12:31973082:C:G	3.30184e-05	0.00685472	-5.33563	-3.47267	12	31973082	C	G	0.0005153085418817399	3.287932658506598
12:10519305:T:C	1.90327e-05	0.00254976	-4.89759	-3.47189	12	10519305	T	C	0.0005168080522716913	3.2866707283142134
12:94985362:C:T	2.98864e-05	0.0106002	-5.87122	-3.47143	12	94985362	C	T	0.0005176942844206872	3.2859266297994054
12:40892573:C:T	3.93959e-05	0.00694415	-5.17199	-3.47124	12	40892573	C	T	0.0005180607500272582	3.2856193100334585
12:78814515:T:C	0.000108581	0.0178131	-5.1002	-3.47094	12	78814515	T	C	0.0005186398722501505	3.28513409837928
12:40450865:A:C	0.000595767	5.18634e-06	4.74382	3.47087	12	40450865	A	C	0.000518775087562082	3.2850208876266924
12:17317239:A:G	1.36051e-05	0.00145816	-4.67448	-3.47053	12	17317239	A	G	0.000519432315142709	3.2844710353543904
12:71629557:T:TACACACAC	1.81487e-05	0.00436398	-5.48254	-3.47014	12	71629557	T	TACACACAC	0.0005201871494233642	3.283840380712727
12:50781915:CA:C	1.51559e-05	0.00374418	-5.50957	-3.47003	12	50781915	CA	C	0.0005204002361700173	3.2836625150172307
12:81102693:A:G	0.0031917	1.7044e-05	5.23251	3.46969	12	81102693	A	G	0.0005210593823872452	3.283112779630411
12:74941247:A:G	0.000195095	4.79431e-06	3.70606	3.46945	12	74941247	A	G	0.000521525130465675	3.282724759606363
12:17420012:A:G	9.99522e-06	0.00355538	-5.87411	-3.46942	12	17420012	A	G	0.0005215833762488981	3.28267625876084
12:6496645:G:A	1.87245e-06	0.00056974	-5.71793	-3.46889	12	6496645	G	A	0.0005226133852859557	3.281819471222959
12:60848222:G:A	5.80954e-06	0.00192843	-5.80496	-3.46825	12	60848222	G	A	0.0005238596964125611	3.2807850130789413
12:41092903:A:G	3.96184e-05	0.0080048	-5.3085	-3.46818	12	41092903	A	G	0.0005239961796122058	3.2806718793891476
12:61317013:C:G	4.15557e-05	0.0099625	-5.47955	-3.46777	12	61317013	C	G	0.0005247962469232691	3.2800092794752747
12:38372757:GT:G	0.000669024	3.22252e-06	5.33566	3.46753	12	38372757	GT	G	0.0005252651071100948	3.2796214480315737
12:10518502:G:A	1.97593e-05	0.00697309	-5.86619	-3.46749	12	10518502	G	A	0.0005253432884173351	3.27955681174934
12:31099414:GTTTACTTGA:G	7.18151e-06	0.00148636	-5.33258	-3.46698	12	31099414	GTTTACTTGA	G	0.00052634105114368	3.2787327565456836
12:58546706:A:G	3.85334e-05	0.00787717	-5.3202	-3.46667	12	58546706	A	G	0.0005269483970419425	3.2782319122584664
12:89613128:C:T	1.48091e-05	0.00521928	-5.86487	-3.46646	12	89613128	C	T	0.000527360195902532	3.277892652988269
12:1454605:A:T	0.00439203	0.0001842	3.17153	3.46637	12	1454605	A	T	0.0005275367729170837	3.2777472616827033
12:87171408:C:A	5.54863e-06	0.00219168	-5.97887	-3.46607	12	87171408	C	A	0.0005281257609690138	3.277262647936944
12:128346341:G:A	0.000871062	0.083787	-4.56632	-3.46544	12	128346341	G	A	0.0005293646311115007	3.27624507895126
12:59584160:A:G	0.00769179	6.11776e-05	4.83413	3.46542	12	59584160	A	G	0.0005294040046373478	3.2762127778338317
12:97223719:TA:T	0.0205104	7.5417e-05	5.60565	3.46501	12	97223719	TA	T	0.0005302117635713696	3.275550640998514
12:91027683:C:T	2.92598e-06	0.00031127	-4.66703	-3.46494	12	91027683	C	T	0.000530349788359798	3.275437600120859
12:59586545:T:C	7.22549e-05	0.0238681	-5.8001	-3.46448	12	59586545	T	C	0.0005312576416771549	3.2746948099499105
12:93496213:A:C	5.55479e-06	0.00111644	-5.30324	-3.46422	12	93496213	A	C	0.0005317714165233647	3.2742750103286262
12:90301738:A:AT	0.00260071	3.85837e-05	4.21071	3.46417	12	90301738	A	AT	0.0005318702724431027	3.274194282803531
12:21127775:C:CA	4.33343e-06	0.000751899	-5.15624	-3.46412	12	21127775	C	CA	0.0005319691454870099	3.274113556301433
12:13020876:A:T	2.02827e-05	0.0071248	-5.86157	-3.46388	12	13020876	A	T	0.000532443974551994	3.273726083331462
12:95178834:G:GA	7.0209e-06	0.00210181	-5.70166	-3.46334	12	95178834	G	GA	0.0005335137842758322	3.272854355325556
12:81102979:A:T	0.00316895	1.70905e-05	5.22263	3.463	12	81102979	A	T	0.0005341883953729741	3.2723055507590932
12:20015953:T:A	0.000418132	5.71782e-06	4.29221	3.46281	12	20015953	T	A	0.0005345657300365697	3.2719988864569056
12:126033336:C:T	0.000160885	0.0327116	-5.31479	-3.46229	12	126033336	C	T	0.0005355997057951454	3.2711596702178705
12:51824870:A:G	7.29846e-05	0.0171281	-5.45823	-3.46225	12	51824870	A	G	0.0005356793195282752	3.2710951197053926
12:80368819:ATTTT:A	0.000627299	2.20826e-05	3.34664	3.46168	12	80368819	ATTTT	A	0.0005368150139921697	3.2701753460380862
12:616849:G:C	8.08547e-06	0.00284692	-5.86392	-3.46161	12	616849	G	C	0.0005369546398104059	3.2700624005427126
12:69377947:G:A	0.00625542	5.42883e-05	4.74689	3.46105	12	69377947	G	A	0.0005380728651273065	3.2691589087574795
12:7608644:G:T	0.00177709	8.64033e-06	5.32629	3.46086	12	7608644	G	T	0.0005384527557054506	3.268852396055003
12:93496040:C:A	5.57819e-06	0.00111589	-5.29854	-3.46069	12	93496040	C	A	0.0005387928696104778	3.268578160367972
12:118668853:C:T	0.00029628	4.54102e-06	4.17815	3.45981	12	118668853	C	T	0.0005405566613297702	3.2671587764320074
12:51244821:C:CTT	7.04896e-05	3.12183e-06	3.11705	3.45973	12	51244821	C	CTT	0.0005407172724976361	3.267029757240354
12:72171252:G:GA	0.00439375	0.000190779	3.13682	3.45942	12	72171252	G	GA	0.0005413400608124377	3.2665298326059515
12:20015752:A:G	0.000422525	5.80781e-06	4.28705	3.4591	12	20015752	A	G	0.0005419836400116255	3.2660138226127353
12:83444611:CT:C	0.000101634	0.0263492	-5.55781	-3.45908	12	83444611	CT	C	0.0005420238873705932	3.265981573379262
12:33578873:C:G	0.00130528	7.08191e-06	5.21663	3.45894	12	33578873	C	G	0.0005423056968585036	3.265755833327375
12:82777298:C:G	0.018354	0.000951323	2.95975	3.4586	12	82777298	C	G	0.0005429906597339082	3.2652076408732364
12:20015702:C:G	0.00042277	5.81521e-06	4.28635	3.4586	12	20015702	C	G	0.0005429906597339082	3.2652076408732364
12:117648087:T:C	0.00018189	0.0328054	-5.19495	-3.45852	12	117648087	T	C	0.0005431519445630672	3.2650786612870273
12:19524561:A:G	1.60933e-05	0.00629095	-5.96846	-3.45797	12	19524561	A	G	0.0005442619865311621	3.264191997515133
12:620753:C:T	4.34144e-06	0.00169518	-5.96734	-3.4571	12	620753	C	T	0.0005460221876355343	3.262789709361385
12:82013187:A:AAT	1.53917e-05	0.00790128	-6.24095	-3.4569	12	82013187	A	AAT	0.0005464275805723604	3.262467388045254
12:19531572:G:A	3.22036e-05	0.00650403	-5.3081	-3.45687	12	19531572	G	A	0.0005464884136911012	3.262419041259313
12:45375693:CA:C	0.00304934	1.11058e-05	5.61521	3.45679	12	45375693	CA	C	0.0005466506661871582	3.262290118296943
12:86864487:C:T	4.16845e-06	0.00107709	-5.55448	-3.4566	12	86864487	C	T	0.0005470361957408937	3.261983936755294
12:1727523:C:T	5.58849e-06	0.00165785	-5.69256	-3.45607	12	1727523	C	T	0.0005481129594382683	3.261129929462206
12:56200157:C:A	2.27281e-06	0.000215619	-4.5525	-3.45596	12	56200157	C	A	0.0005483366859682088	3.26095269706642
12:16255032:G:T	0.000163848	0.0453599	-5.62345	-3.45583	12	16255032	G	T	0.0005486011997245996	3.260743246980845
12:70227004:CA:C	0.00093071	3.73248e-06	5.51888	3.45543	12	70227004	CA	C	0.0005494158339407373	3.260098828544875
12:118676890:T:TA	1.52547e-06	0.000530055	-5.85068	-3.45536	12	118676890	T	TA	0.0005495585107314887	3.2599860620484273
12:64492779:A:G	5.32427e-05	0.0159183	-5.70036	-3.45512	12	64492779	A	G	0.0005500479503725974	3.2595994492793787
12:10519040:C:T	1.6405e-05	0.00638771	-5.96455	-3.45493	12	10519040	C	T	0.00055043571136065	3.259293397549156
12:10519041:A:G	1.6405e-05	0.00638771	-5.96455	-3.45493	12	10519041	A	G	0.00055043571136065	3.259293397549156
12:100200510:G:GACAC	0.000303938	1.32749e-05	3.13095	3.45487	12	100200510	G	GACAC	0.0005505582150914696	3.259196752702624
12:30653960:T:C	6.85768e-07	0.00016622	-5.49053	-3.45485	12	30653960	T	C	0.000550599055311883	3.2591645380810617
12:34114249:T:A	7.54877e-07	6.27051e-05	-4.41964	-3.45467	12	34114249	T	A	0.0005509667443085826	3.2588746138508276
12:90758501:TTATATA:T	0.00417566	1.5581e-05	5.59098	3.45448	12	90758501	TTATATA	T	0.0005513551086019767	3.2585685970987828
12:118523225:A:G	4.31391e-05	0.00357964	-4.41859	-3.45389	12	118523225	A	G	0.0005525627078977568	3.2576184286861216
12:22532278:C:T	9.8058e-05	4.10053e-06	3.17444	3.45353	12	22532278	C	T	0.000553300757943342	3.25703873486377
12:40276592:G:A	0.00818931	2.10336e-05	5.96446	3.45339	12	40276592	G	A	0.0005535880253096642	3.2568133126954124
12:51008302:G:GGT	1.05573e-05	0.00365813	-5.84789	-3.45318	12	51008302	G	GGT	0.0005540191868534808	3.2564751944768053
12:58471364:CTT:C	0.0155598	5.93399e-05	5.56916	3.45259	12	58471364	CTT	C	0.0005552322199701692	3.2555253398348296
12:17306276:G:A	8.7085e-05	3.38458e-06	3.24766	3.45199	12	17306276	G	A	0.0005564683497387617	3.2545595320025913
12:104820090:C:T	5.5431e-06	0.00191674	-5.84583	-3.45157	12	104820090	C	T	0.0005573351652233957	3.253883554143391
12:11179127:A:G	0.000430315	1.61345e-05	3.28356	3.45113	12	11179127	A	G	0.000558244606409808	3.2531754642579105
12:123526738:C:T	8.47542e-05	0.0110234	-4.86802	-3.45041	12	123526738	C	T	0.0005597357648559744	3.252016942542343
12:17633927:T:A	5.62317e-06	0.00113533	-5.30778	-3.4503	12	17633927	T	A	0.000559963907139442	3.251839964842612
12:81107027:T:C	1.90863e-05	0.00447455	-5.45719	-3.45003	12	81107027	T	C	0.0005605242599783764	3.251405586018636
12:47432808:C:T	0.000129452	5.80661e-06	3.10432	3.44975	12	47432808	C	T	0.0005611059182185582	3.2509551505870298
12:32666246:T:G	3.76559e-06	0.00130544	-5.84839	-3.4497	12	32666246	T	G	0.0005612098448979938	3.2508747190631864
12:17633940:T:C	5.62317e-06	0.00113443	-5.30699	-3.44967	12	17633940	T	C	0.000561272209510597	3.250826460639738
12:83446559:T:A	0.000106612	0.0272903	-5.54509	-3.44962	12	83446559	T	A	0.0005613761648751365	3.2507460307520852
12:121900660:C:T	0.0035405	2.97784e-05	4.77824	3.44925	12	121900660	C	T	0.0005621459920831821	3.250150881366336
12:12619073:G:A	3.0225e-05	0.00538653	-5.18299	-3.44924	12	12619073	G	A	0.0005621668118629329	3.2501347970249865
12:82950202:C:T	3.04757e-05	0.00480497	-5.06048	-3.44875	12	82950202	C	T	0.0005631878612328104	3.2493467144064634
12:80520588:C:T	0.000232942	0.0396039	-5.13589	-3.44869	12	80520588	C	T	0.000563313006308645	3.2492502212431433
12:20030137:CT:C	0.000742182	1.03519e-05	4.27243	3.44857	12	20030137	CT	C	0.0005635633741588434	3.2490572393341055
12:20030149:T:C	0.000742182	1.03519e-05	4.27243	3.44857	12	20030149	T	C	0.0005635633741588434	3.2490572393341055
12:19532191:GC:G	0.00385986	4.07943e-05	4.54984	3.44752	12	19532191	GC	G	0.0005657585176796182	3.2473688988784737
12:59586062:A:C	6.30003e-05	0.0203541	-5.7779	-3.44728	12	59586062	A	C	0.0005662613815488703	3.2469830558061417
12:70940780:G:A	1.72821e-05	0.00344807	-5.2959	-3.44699	12	70940780	G	A	0.000566869564068296	3.2465168601937786
12:20416864:C:T	0.00691869	0.000160444	3.76403	3.44695	12	20416864	C	T	0.0005669534990348016	3.246452560050229
12:71327229:A:G	9.22784e-05	0.0217363	-5.46193	-3.4469	12	71327229	A	G	0.0005670584340184572	3.246372185791084
12:62513518:G:A	1.84713e-06	0.000935648	-6.22761	-3.44682	12	62513518	G	A	0.0005672263676135752	3.2462435891033494
12:105033252:T:C	0.000119257	0.0256482	-5.37095	-3.44672	12	105033252	T	C	0.0005674363497369722	3.246082846924839
12:20790529:C:A	7.98534e-05	0.015678	-5.27982	-3.44661	12	20790529	C	A	0.0005676674136810718	3.245906035252621
12:81107185:C:A	1.9163e-05	0.0044725	-5.45272	-3.44648	12	81107185	C	A	0.0005679406022173607	3.245697082384277
12:26906058:G:A	7.95429e-05	0.0233047	-5.68011	-3.44612	12	26906058	G	A	0.0005686977634135125	3.245118479746918
12:73475993:A:G	3.29602e-06	0.00126864	-5.95298	-3.44592	12	73475993	A	G	0.0005691188145921738	3.244797056741887
12:41629956:A:AT	1.78583e-05	0.00615739	-5.84294	-3.44552	12	41629956	A	AT	0.0005699617879780127	3.244154259812734
12:90758123:G:A	0.0041186	1.5564e-05	5.57831	3.44539	12	90758123	G	A	0.000570236004578256	3.243945364900982
12:121900327:A:G	0.00339036	2.8671e-05	4.77281	3.44523	12	121900327	A	G	0.0005705736705829411	3.243688272959992
12:111426385:CT:C	4.48407e-05	0.0023746	-3.96947	-3.44494	12	111426385	CT	C	0.0005711861648354958	3.243222320504236
12:38207947:ACC:A	0.00141821	5.36298e-06	5.57763	3.4449	12	38207947	ACC	A	0.0005712706948335541	3.2431580538993865
12:50780653:T:TA	1.3433e-05	0.00432605	-5.77469	-3.4448	12	50780653	T	TA	0.0005714820707949723	3.2429973902502423
12:71639472:TAGTC:T	0.00435621	2.82e-05	5.04004	3.44446	12	71639472	TAGTC	T	0.0005722012939497548	3.2424511644360288
12:60437036:C:T	7.93226e-06	0.00233945	-5.68673	-3.44443	12	60437036	C	T	0.0005722647952657107	3.2424029703105735
12:83426003:ATTTT:A	0.00590247	2.2795e-05	5.55659	3.4436	12	83426003	ATTTT	A	0.0005740242694399881	3.241069745474765
12:1202714:A:G	0.00160181	5.76598e-05	3.32433	3.44352	12	1202714	A	G	0.0005741941231992357	3.24094125676324
12:84586232:C:T	5.96254e-05	0.0205047	-5.84033	-3.44352	12	84586232	C	T	0.0005741941231992357	3.24094125676324
12:121406489:G:A	2.68345e-05	0.00463369	-5.15142	-3.44339	12	121406489	G	A	0.000574470235374683	3.2407324681896283
12:83311792:C:CT	6.73936e-06	0.00230585	-5.83524	-3.44329	12	83311792	C	CT	0.0005746827134778302	3.2405718662978336
12:109322820:CAA:C	0.000108576	0.0060511	-4.02055	-3.44294	12	109322820	CAA	C	0.0005754269632431831	3.2400097918836974
12:16246927:A:T	0.0226143	0.000232281	4.57839	3.4427	12	16246927	A	T	0.000575937824530278	3.2396243983838806
12:7739690:CT:C	0.013666	5.58344e-05	5.50028	3.44267	12	7739690	CT	C	0.0005760017118756503	3.2395762258527534
12:67830447:T:C	6.62236e-05	0.013243	-5.29819	-3.44223	12	67830447	T	C	0.0005769394847106706	3.238869737683977
12:81630897:ATAT:A	0.00555982	2.06609e-05	5.59508	3.44209	12	81630897	ATAT	A	0.0005772381649671891	3.2386449625981117
12:68149115:A:G	6.6277e-05	0.0333533	-6.22107	-3.44189	12	68149115	A	G	0.0005776651008014622	3.238323869237493
12:59626239:GT:G	0.0143191	5.85722e-05	5.49909	3.44185	12	59626239	GT	G	0.0005777505232417164	3.238259652528408
12:128345313:A:G	0.075583	0.00335756	3.11402	3.44175	12	128345313	A	G	0.0005779641308011025	3.238099113618451
12:14481923:C:CATATGTTAC	0.0107537	0.000168687	4.15496	3.4417	12	14481923	C	CATATGTTAC	0.0005780709621534861	3.238018845697089
12:29417789:G:GTC	1.40442e-05	0.00321301	-5.43276	-3.44157	12	29417789	G	GTC	0.0005783488097217788	3.2378101538864223
12:38495059:T:A	1.33245e-06	0.000427186	-5.7702	-3.44131	12	38495059	T	A	0.0005789048779231669	3.2373927909994613
12:83722875:T:G	0.000479576	4.48189e-06	4.67286	3.44044	12	83722875	T	G	0.0005807691894269142	3.235996431593096
12:20030706:G:A	0.00027423	1.16679e-05	3.15712	3.43972	12	20030706	G	A	0.0005823162935722825	3.2348410578920888
12:20030680:G:C	0.00027423	1.16679e-05	3.15712	3.43972	12	20030680	G	C	0.0005823162935722825	3.2348410578920888
12:117651103:A:G	0.000263988	0.0464597	-5.17044	-3.43951	12	117651103	A	G	0.0005827682545315702	3.234504113829412
12:94646737:C:CTT	0.0120921	0.000460255	3.26853	3.43906	12	94646737	C	CTT	0.0005837378422463711	3.233782151565528
12:84583293:T:C	5.51754e-05	0.0188594	-5.83425	-3.43885	12	84583293	T	C	0.0005841908302897988	3.233445264181701
12:7609528:G:A	0.00177114	8.88613e-06	5.29489	3.43851	12	7609528	G	A	0.0005849249334213065	3.2328998657002876
12:80527144:G:A	0.0224539	0.000813455	3.31793	3.43832	12	80527144	G	A	0.0005853355414913513	3.2325951047856263
12:33012636:T:C	5.78138e-06	0.00196533	-5.82877	-3.43823	12	33012636	T	C	0.0005855301336963676	3.2324507495048644
12:10995256:T:C	0.000305874	3.02428e-06	4.6165	3.43818	12	10995256	T	C	0.0005856382664985838	3.2323705535579093
12:7618555:G:A	2.26795e-05	0.00289997	-4.851	-3.43805	12	7618555	G	A	0.0005859194987956577	3.2321620488802636
12:109378334:T:TA	2.36967e-05	0.00902615	-5.94255	-3.4378	12	109378334	T	TA	0.0005864606835466242	3.231761097770258
12:12619799:T:C	3.05312e-05	0.00536117	-5.16819	-3.43777	12	12619799	T	C	0.0005865256569791056	3.231712985354536
12:40890789:T:C	3.79324e-05	0.00641527	-5.13063	-3.43757	12	40890789	T	C	0.0005869589844805421	3.2313922453215853
12:90302548:C:T	1.07793e-05	0.00410455	-5.94222	-3.43755	12	90302548	C	T	0.0005870023336187537	3.231360172217917
12:20030111:G:A	0.000271894	1.16e-05	3.15441	3.43755	12	20030111	G	A	0.0005870023336187537	3.231360172217917
12:57527405:C:T	0.000214534	1.02687e-05	3.03937	3.43719	12	57527405	C	T	0.000587783127936613	3.2307828843219157
12:64375081:A:T	1.8917e-05	0.00401573	-5.35791	-3.43689	12	64375081	A	T	0.0005884345283065448	3.230301851557968
12:74955669:G:A	9.83331e-06	0.00284715	-5.6683	-3.43667	12	74955669	G	A	0.0005889126489583587	3.229949117587579
12:67830480:A:T	6.65129e-05	0.0131961	-5.29028	-3.43653	12	67830480	A	T	0.0005892170958248908	3.229724660820069
12:20790384:G:A	7.98105e-05	0.0154607	-5.2664	-3.43652	12	20790384	G	A	0.0005892388476350885	3.2297086285005006
12:80368466:G:A	0.00061983	2.25046e-05	3.31572	3.43652	12	80368466	G	A	0.0005892388476350885	3.2297086285005006
12:11574170:CT:C	0.000168682	0.00883117	-3.95803	-3.4365	12	11574170	CT	C	0.0005892823534980617	3.229676563984037
12:14439909:A:G	2.66845e-06	0.000456896	-5.14296	-3.43644	12	14439909	A	G	0.0005894128890293003	3.229580371416025
12:94645929:C:T	0.000247719	0.011355	-3.82512	-3.43624	12	94645929	C	T	0.0005898482018989349	3.229259740154254
12:43927072:A:G	4.08543e-05	0.00288454	-4.25711	-3.43584	12	43927072	A	G	0.0005907197256386813	3.2286185266993597
12:75125322:G:GA	0.0139659	7.84165e-05	5.18234	3.43573	12	75125322	G	GA	0.0005909596047310174	3.2284422044689896
12:124591366:TTCTTTCTTT:T	0.0290252	0.000123048	5.46335	3.43549	12	124591366	TTCTTTCTTT	T	0.0005914832920776728	3.228057518594722
12:20030210:C:A	0.000272406	1.16539e-05	3.15165	3.43536	12	20030210	C	A	0.0005917671363977403	3.227849156913504
12:58470479:G:A	5.66539e-05	0.0128579	-5.42475	-3.43507	12	58470479	G	A	0.0005924007845522529	3.2273843749879516
12:82775455:G:T	0.021745	0.00099423	3.08517	3.43474	12	82775455	G	T	0.000593122600690492	3.2268555270404127
12:49042941:A:G	2.169e-05	0.00370504	-5.1406	-3.4345	12	49042941	A	G	0.0005936480720058456	3.2264709383194066
12:20030096:G:A	0.000271685	1.16374e-05	3.15041	3.43437	12	20030096	G	A	0.0005939328832044717	3.2262626292626195
12:1208087:T:C	0.0016995	6.18719e-05	3.31302	3.43432	12	1208087	T	C	0.000594042459836831	3.226182512234614
12:44897353:G:A	1.97728e-06	0.00046676	-5.4641	-3.43377	12	44897353	G	A	0.0005952490454102973	3.2253012923924196
12:73019615:G:C	8.70723e-06	0.00253334	-5.67314	-3.43377	12	73019615	G	C	0.0005952490454102973	3.2253012923924196
12:49011863:C:CCTT	0.000970581	1.89253e-05	3.93739	3.4337	12	49011863	C	CCTT	0.0005954027743846988	3.2251891460125086
12:44317302:T:TA	0.00110919	5.33364e-05	3.03477	3.43345	12	44317302	T	TA	0.000595952108163093	3.224788639582254
12:93517705:A:G	4.08528e-05	0.00862641	-5.35261	-3.43289	12	93517705	A	G	0.0005971843281963417	3.22389159791144
12:43034251:CCTTTCTTTC:C	0.00401343	1.57615e-05	5.53983	3.43162	12	43034251	CCTTTCTTTC	C	0.0005999876199662622	3.2218577106760353
12:10509413:A:C	5.41021e-05	0.0268588	-6.20748	-3.43162	12	10509413	A	C	0.0005999876199662622	3.2218577106760353
12:18438406:G:C	4.31285e-06	0.000987329	-5.4334	-3.43116	12	18438406	G	C	0.0006010060034657915	3.221121189795857
12:66073485:C:CTTT	4.49428e-05	0.0101505	-5.41989	-3.43113	12	66073485	C	CTTT	0.0006010724756317409	3.221073158830486
12:42567919:A:G	0.000283701	1.09083e-05	3.25839	3.43092	12	42567919	A	G	0.0006015379724220457	3.2207369523759413
12:12498105:T:C	2.25543e-06	0.000519597	-5.43971	-3.43074	12	12498105	T	C	0.000601937236699569	3.2204487897655327
12:92557372:G:A	2.25943e-05	0.00654331	-5.6685	-3.43013	12	92557372	G	A	0.0006032921339572365	3.219472337208438
12:16254135:G:T	0.000166042	0.0442144	-5.58457	-3.42954	12	16254135	G	T	0.0006046053081795271	3.218528044219138
12:17120077:G:A	3.31259e-05	0.00620911	-5.23346	-3.42844	12	17120077	G	A	0.0006070607051292051	3.216767877978419
12:1774072:C:A	2.29874e-06	0.000658449	-5.65753	-3.42807	12	1774072	C	A	0.0006078886949170599	3.2161759332413067
12:98724737:T:TTTA	9.96471e-05	0.0208976	-5.34576	-3.42771	12	98724737	T	TTTA	0.0006086953152495658	3.2156000407294822
12:98724738:G:A	9.96471e-05	0.0208976	-5.34576	-3.42771	12	98724738	G	A	0.0006086953152495658	3.2156000407294822
12:105021036:G:T	0.00591057	0.000146234	3.69929	3.42758	12	105021036	G	T	0.0006089868395195714	3.21539209256546
12:122331455:C:T	6.84739e-05	0.0118662	-5.155	-3.42753	12	122331455	C	T	0.0006090989988320974	3.215312114342041
12:70217314:G:A	2.44249e-06	0.000818831	-5.81486	-3.42735	12	70217314	G	A	0.0006095029315462403	3.2150242012001624
12:28290055:G:A	3.73397e-06	0.0012565	-5.81861	-3.42687	12	28290055	G	A	0.0006105813044972701	3.21425649757744
12:44833519:C:T	6.87736e-05	0.0160938	-5.45537	-3.42682	12	44833519	C	T	0.0006106937370607151	3.2141765338667825
12:74397890:G:A	5.76598e-06	0.00164797	-5.65533	-3.42631	12	74397890	G	A	0.0006118416502085876	3.213360962395352
12:73074958:A:G	3.03416e-05	0.0101559	-5.81329	-3.42612	12	73074958	A	G	0.000612269817249325	3.213057149228575
12:12619932:C:A	3.07048e-05	0.00531067	-5.15305	-3.42603	12	12619932	C	A	0.0006124727305195506	3.2129132428793903
12:22151010:C:G	7.09228e-05	0.0238389	-5.81748	-3.426	12	22151010	C	G	0.0006125403821813024	3.2128652748321658
12:70766637:G:A	0.000179429	0.0205407	-4.74038	-3.42587	12	70766637	G	A	0.000612833619743281	3.2126574175456803
12:26079992:T:G	5.39081e-05	0.0169294	-5.74952	-3.4253	12	26079992	T	G	0.000614120896386346	3.2117461248440464
12:78130774:A:C	4.00809e-06	0.000692573	-5.1521	-3.42528	12	78130774	A	C	0.0006141661096464085	3.211714152073405
12:99070783:G:C	0.00160912	6.4611e-05	3.21506	3.42522	12	99070783	G	C	0.0006143017680121768	3.2116182347425766
12:115130597:A:G	0.0197568	0.000727515	3.30162	3.42504	12	115130597	A	G	0.0006147089104251498	3.211330491579928
12:113503597:G:GTAAAATAAA	0.021003	0.000521737	3.69526	3.42459	12	113503597	G	GTAAAATAAA	0.0006157278652582591	3.210611191618754
12:104108948:G:C	0.0016725	6.36711e-06	5.57093	3.42446	12	104108948	G	C	0.0006160225224581936	3.2104034092633325
12:87938654:A:C	8.13783e-05	0.012494	-5.0339	-3.42427	12	87938654	A	C	0.0006164534113167281	3.210099739786191
12:69375205:C:T	4.06973e-05	0.00758484	-5.22774	-3.42404	12	69375205	C	T	0.0006169753888393717	3.2097321596368285
12:12423556:T:C	1.01797e-05	0.00380907	-5.92475	-3.42395	12	12423556	T	C	0.0006171797528399241	3.2095883298125973
12:95227448:CT:C	0.0025625	6.84671e-06	5.92497	3.4237	12	95227448	CT	C	0.0006177477611544188	3.2091888198960064
12:31975251:C:T	5.36588e-05	0.0263597	-6.19695	-3.42367	12	31975251	C	T	0.0006178159548294322	3.209140880422864
12:100604474:G:GTT	5.3944e-05	0.0122318	-5.42385	-3.42358	12	100604474	G	GTT	0.0006180205778843341	3.20899706421081
12:9688735:A:G	7.26795e-05	0.0125247	-5.1494	-3.42319	12	9688735	A	G	0.0006189080066945431	3.2083738988861716
12:29119554:A:G	1.04787e-05	0.00300712	-5.65939	-3.42299	12	29119554	A	G	0.000619363558178061	3.2080543510421395
12:7739257:T:C	0.0145176	6.10568e-05	5.47131	3.42279	12	7739257	T	C	0.0006198194216379896	3.207734819548722
12:132219938:C:T	6.67839e-05	0.0068758	-4.6343	-3.42228	12	132219938	C	T	0.0006209832868857415	3.2069200882468873
12:115080812:CG:C	0.0211038	9.09711e-05	5.44666	3.42222	12	115080812	CG	C	0.0006211203458129456	3.2068242444952793
12:31097447:AG:A	1.81175e-05	0.0033683	-5.22529	-3.42214	12	31097447	AG	A	0.000621303134832231	3.2066964551155106
12:4813568:A:G	0.00605099	0.000113505	3.97613	3.42198	12	4813568	A	G	0.0006216688630309975	3.206440884204086
12:33869984:T:C	1.45066e-06	0.000323668	-5.4077	-3.42123	12	33869984	T	C	0.0006233858855837888	3.20524303504357
12:17118446:G:C	3.58119e-05	0.00664506	-5.22335	-3.42064	12	17118446	G	C	0.0006247397096129846	3.204300888615043
12:83305861:T:TATAATA	5.63547e-06	0.00125543	-5.40615	-3.41997	12	83305861	T	TATAATA	0.0006262804197118877	3.203231166047391
12:43244114:CT:C	1.58558e-05	0.00179905	-4.73148	-3.41938	12	43244114	CT	C	0.0006276400907497345	3.202289323473724
12:18652896:T:C	2.54158e-05	0.00415551	-5.09682	-3.41905	12	18652896	T	C	0.0006284017817951023	3.201762592214681
12:19654196:G:A	6.40083e-05	0.0142288	-5.40401	-3.41823	12	19654196	G	A	0.0006302981935721335	3.200453937555931
12:19654211:C:T	6.40083e-05	0.0142288	-5.40401	-3.41823	12	19654211	C	T	0.0006302981935721335	3.200453937555931
12:20018431:T:C	5.02571e-06	0.00143237	-5.65252	-3.4176	12	20018431	T	C	0.0006317588079731067	3.1994486944378044
12:77655701:A:T	0.000588048	2.57492e-05	3.12841	3.41682	12	77655701	A	T	0.0006335715502080089	3.19820433246824
12:41627238:T:A	1.48625e-05	0.00363827	-5.50042	-3.41639	12	41627238	T	A	0.0006345729502624303	3.1975184443726055
12:89529599:A:T	0.0197136	0.000109865	5.18981	3.41576	12	89529599	A	T	0.0006360427768708466	3.196513675021041
12:31633264:A:T	0.000100587	0.037238	-5.91406	-3.41563	12	31633264	A	T	0.0006363464683205182	3.196306361852061
12:113626725:C:T	5.5505e-05	0.0068815	-4.82012	-3.41562	12	113626725	C	T	0.0006363698347872544	3.1962904149712967
12:11177646:C:G	0.00229566	1.18973e-05	5.26247	3.41544	12	11177646	C	G	0.0006367905676917324	3.196003378106082
12:81103740:T:A	0.00313402	1.81349e-05	5.15223	3.41535	12	81103740	T	A	0.0006370010311613915	3.195859864638998
12:1460945:C:T	0.00456911	0.000261166	2.86192	3.41465	12	1460945	C	T	0.0006386401793342197	3.1947437617843386
12:59297661:G:A	2.70511e-06	0.000606504	-5.41257	-3.41463	12	59297661	G	A	0.0006386870697375776	3.194711876073834
12:39701110:C:CTTT	0.000318086	3.07991e-06	4.63742	3.41459	12	39701110	C	CTTT	0.000638780860151623	3.1946481051432367
12:32665387:T:TTTTTG	4.53534e-06	0.00127734	-5.64064	-3.41457	12	32665387	T	TTTTTG	0.0006388277601627113	3.194616219923143
12:105063587:T:C	0.000141698	0.0292024	-5.32831	-3.41455	12	105063587	T	C	0.0006388746633767756	3.1945843348665206
12:78648991:A:G	0.0142871	0.000138408	4.63691	3.41422	12	78648991	A	G	0.000639649029016701	3.1940582550331644
12:45431947:C:G	2.70784e-06	0.000762297	-5.64019	-3.41421	12	45431947	C	G	0.0006396725082651483	3.1940423139147764
12:105688296:A:G	4.28178e-05	0.00881878	-5.32768	-3.41408	12	105688296	A	G	0.0006399778114537328	3.1938350830946343
12:121898921:C:T	2.0186e-05	0.00331584	-5.10148	-3.41385	12	121898921	C	T	0.0006405182952989974	3.193468460870235
12:74418599:T:C	7.34309e-06	0.00271117	-5.91138	-3.41354	12	74418599	T	C	0.00064124744531198	3.1929743520775857
12:48156972:C:T	2.46659e-06	0.000507547	-5.32675	-3.41337	12	48156972	C	T	0.0006416476294786005	3.1927034058648194
12:28905120:C:T	0.000127828	0.0362289	-5.64693	-3.41321	12	28905120	C	T	0.0006420244855876114	3.192448408453259
12:33472075:A:G	0.00237774	1.32975e-05	5.18633	3.41318	12	33472075	A	G	0.0006420951690232318	3.1924005976032768
12:25425232:TAAGA:T	0.0237019	6.4225e-05	5.91092	3.41314	12	25425232	TAAGA	T	0.0006421894248633354	3.1923368503754235
12:122129052:A:G	0.00163214	6.65294e-05	3.2	3.41286	12	122129052	A	G	0.0006428495761719965	3.1918906380883834
12:17121706:C:A	3.29779e-05	0.00605704	-5.21314	-3.41276	12	17121706	C	A	0.0006430854974233673	3.191731284321794
12:82947858:T:A	6.07806e-05	0.00416077	-4.22618	-3.41237	12	82947858	T	A	0.0006440063599808759	3.191109843679069
12:95227945:G:A	7.42764e-06	0.00245245	-5.79963	-3.41231	12	95227945	G	A	0.0006441481399513758	3.1910142429431567
12:84541146:C:T	1.34376e-05	0.00443064	-5.79825	-3.41125	12	84541146	C	T	0.0006466577112680853	3.189325539181887
12:74415249:C:T	7.13431e-06	0.00234063	-5.79326	-3.41046	12	74415249	C	T	0.0006485339628626444	3.188067275558909
12:44502211:G:C	3.42475e-05	0.00474237	-4.93068	-3.41045	12	44502211	G	C	0.0006485577452996156	3.188051349805812
12:10513915:TGA:T	0.00717458	3.52784e-05	5.31503	3.41031	12	10513915	TGA	T	0.0006488907845944187	3.187828393553084
12:31975604:C:A	5.46193e-05	0.0263597	-6.1792	-3.41028	12	31975604	C	A	0.0006489621708473524	3.1877806182552213
12:104445992:C:T	0.000306258	0.0507904	-5.11103	-3.41023	12	104445992	C	T	0.000649081164166553	3.1877009935760396
12:122133584:A:G	5.82197e-05	0.0129764	-5.40667	-3.40995	12	122133584	A	G	0.0006497479018298692	3.1872551142512378
12:26304257:A:G	8.05452e-05	0.0164971	-5.32212	-3.40988	12	26304257	A	G	0.000649914685738953	3.187143649425712
12:23890812:GA:G	0.00177425	6.89209e-06	5.55076	3.40973	12	23890812	GA	G	0.0006502722139107936	3.1869048029704663
12:73815892:A:ATC	2.66986e-07	7.47395e-05	-5.63457	-3.40972	12	73815892	A	ATC	0.0006502960556246973	3.186888880200349
12:81640694:C:A	1.91005e-05	0.00625422	-5.7913	-3.40893	12	81640694	C	A	0.0006521821220263589	3.185631110485166
12:11179986:A:C	0.000440151	1.7398e-05	3.23076	3.40872	12	11179986	A	C	0.0006526843366353336	3.1852968095416005
12:70669505:C:CTA	0.00623576	0.000160928	3.6571	3.40829	12	70669505	C	CTA	0.0006537138032006483	3.184612344786897
12:59754957:G:T	7.90975e-06	0.00242983	-5.72748	-3.40822	12	59754957	G	T	0.0006538815336290869	3.1845009274426066
12:32077462:G:A	5.64119e-05	0.0185252	-5.79421	-3.40815	12	32077462	G	A	0.0006540493040786551	3.184389512100491
12:44845565:A:T	0.010191	4.37852e-05	5.44996	3.40814	12	44845565	A	T	0.0006540732745532754	3.184373595786489
12:29099740:G:T	1.54743e-05	0.00255827	-5.10791	-3.40767	12	29099740	G	T	0.0006552008088330028	3.1836255751189855
12:59666859:A:G	7.48534e-05	0.00509246	-4.21998	-3.40766	12	59666859	A	G	0.0006552248185504794	3.1836096607662814
12:61446115:A:T	0.00392429	2.68217e-05	4.98573	3.4074	12	61446115	A	T	0.0006558493584618169	3.1831959019378435
12:49045738:A:G	2.32127e-05	0.00383564	-5.10739	-3.40724	12	49045738	A	G	0.0006562339658187228	3.182941294849259
12:107833398:G:A	5.32882e-06	0.000798245	-5.00929	-3.40694	12	107833398	G	A	0.0006569556699805226	3.182463934751299
12:93513184:AT:A	0.00342018	9.34453e-06	5.90266	3.40693	12	93513184	AT	A	0.0006569797394923985	3.1824480233813555
12:19530542:G:A	3.36697e-05	0.00639141	-5.24611	-3.40668	12	19530542	G	A	0.000657581743870459	3.182050252412011
12:67196728:G:A	2.63561e-05	0.00293612	-4.71315	-3.406	12	67196728	G	A	0.0006592217919398528	3.180968444571259
12:83312113:T:G	9.97117e-06	0.00364466	-5.90132	-3.40572	12	83312113	T	G	0.0006598982107286858	3.180523049197677
12:28491863:T:TTG	3.90064e-06	0.00119309	-5.72316	-3.40487	12	28491863	T	TTG	0.0006619555803773161	3.179171152319001
12:12621510:C:G	3.08253e-05	0.00518553	-5.12529	-3.40449	12	12621510	C	G	0.0006628772734651318	3.1785668703743526
12:1262948:A:G	0.00157201	3.18586e-05	3.8988	3.40443	12	1262948	A	G	0.0006630229129875857	3.1784714628288233
12:14635871:C:A	2.17406e-05	0.00191331	-4.47741	-3.40443	12	14635871	C	A	0.0006630229129875857	3.1784714628288233
12:91588106:T:C	7.96044e-06	0.00381199	-6.17142	-3.4044	12	91588106	T	C	0.0006630957439055446	3.178423759607624
12:67071217:G:C	0.000169532	0.0551793	-5.7853	-3.40424	12	67071217	G	C	0.0006634843011171025	3.1781693486380904
12:20017764:A:G	5.08057e-06	0.00142262	-5.63483	-3.40372	12	20017764	A	G	0.0006647485746286218	3.177342585221048
12:121902118:G:C	2.76628e-05	0.00522631	-5.24137	-3.40285	12	121902118	G	C	0.0006668688114637599	3.175959593461424
12:7742462:G:C	6.63295e-05	0.0150607	-5.42521	-3.40277	12	7742462	G	C	0.000667064091110245	3.1758324373303495
12:16639159:G:A	7.41472e-05	0.0205747	-5.62577	-3.40268	12	16639159	G	A	0.0006672838442638678	3.175689389808287
12:12249674:AGAAGGAAGG:A	1.63228e-05	0.000860013	-3.96438	-3.40263	12	12249674	AGAAGGAAGG	A	0.0006674059584316183	3.1756099203926116
12:66571067:G:A	7.77792e-05	0.0283078	-5.89702	-3.40237	12	66571067	G	A	0.0006680412871058141	3.1751966958955204
12:62233221:T:C	0.00252318	2.18139e-05	4.75073	3.40211	12	62233221	T	C	0.0006686771780507044	3.174783499016015
12:59666950:A:G	6.80613e-05	0.0108809	-5.07435	-3.40201	12	59666950	A	G	0.0006689219013042981	3.1746245844930376
12:18436898:C:A	5.40329e-06	0.00119112	-5.39564	-3.4012	12	18436898	C	A	0.0006709072308056223	3.173337527423491
12:19526160:C:A	1.29106e-05	0.00238591	-5.21929	-3.40108	12	19526160	C	A	0.0006712018191755238	3.173146875098276
12:68147213:C:T	5.56036e-05	0.015516	-5.63138	-3.40102	12	68147213	C	T	0.0006713491584532119	3.1730515511417328
12:42796757:A:G	1.09729e-05	0.00248585	-5.42294	-3.40097	12	42796757	A	G	0.0006714719641539821	3.172972115634737
12:113434639:A:G	0.00036718	0.0106436	-3.36686	-3.40096	12	113434639	A	G	0.0006714965278001983	3.172956228655895
12:25422108:A:G	4.37345e-05	0.0208479	-6.16687	-3.40096	12	25422108	A	G	0.0006714965278001983	3.172956228655895
12:67200604:C:T	0.00256912	0.000102569	3.22078	3.4007	12	67200604	C	T	0.0006721354759080192	3.1725431815453766
12:92555518:C:T	2.25947e-05	0.00629553	-5.62988	-3.39984	12	92555518	C	T	0.0006742529487577971	3.1711771455403444
12:92425010:A:G	0.000215447	0.0515659	-5.4779	-3.39964	12	92425010	A	G	0.0006747462723225323	3.1708595060515146
12:92555431:G:C	2.26076e-05	0.00629553	-5.62931	-3.39939	12	92555431	G	C	0.0006753633986539808	3.170462479669417
12:1385266:G:A	0.00169288	6.76999e-05	3.2191	3.39936	12	1385266	G	A	0.0006754374890646374	3.1704148382193194
12:80505102:C:T	0.00331188	8.51281e-05	3.66111	3.39919	12	80505102	C	T	0.0006758574774736418	3.170144876946786
12:69375495:C:T	4.1169e-05	0.00742862	-5.19541	-3.39909	12	69375495	C	T	0.0006761046428733369	3.169986081713125
12:42352777:G:A	3.25924e-06	0.00118105	-5.89267	-3.39898	12	42352777	G	A	0.0006763766218663762	3.169811411674371
12:90156129:T:C	7.54072e-05	0.0358455	-6.16407	-3.39885	12	90156129	T	C	0.0006766981827166303	3.1696049898194705
12:40731328:G:A	1.12801e-05	0.00311424	-5.6207	-3.39863	12	40731328	G	A	0.000677242686396263	3.169255676254035
12:16297332:A:C	0.0517196	0.00133039	3.66036	3.39863	12	16297332	A	C	0.000677242686396263	3.169255676254035
12:92555132:G:T	2.26219e-05	0.00629065	-5.6279	-3.39829	12	92555132	G	T	0.0006780849932725249	3.168715866906062
12:80505074:T:G	0.00330986	8.51847e-05	3.65984	3.39824	12	80505074	T	G	0.0006782089440372075	3.1686364871613057
12:1107466:G:A	8.39281e-05	0.0133505	-5.06935	-3.39821	12	1107466	G	A	0.000678283324605814	3.168588859804651
12:27237300:G:A	1.56475e-05	0.00566396	-5.89157	-3.39813	12	27237300	G	A	0.0006784817098641558	3.168461855317634
12:7628425:G:A	9.61819e-05	0.0116378	-4.79577	-3.39794	12	7628425	G	A	0.0006789530910524867	3.168160230138943
12:70766733:A:T	0.000182098	0.0200625	-4.70206	-3.39792	12	70766733	A	T	0.0006790027278308208	3.1681284809779764
12:50803499:TA:T	0.00688097	6.20554e-05	4.70849	3.39774	12	50803499	TA	T	0.0006794496106617334	3.1678427458822
12:58539469:G:A	3.02602e-05	0.00976729	-5.77696	-3.39771	12	58539469	G	A	0.0006795241177094087	3.1677951246529954
12:95233368:G:A	6.01229e-06	0.00194751	-5.7805	-3.39764	12	95233368	G	A	0.0006796979970246022	3.1676840098812464
12:31826705:CT:C	0.0029665	1.31942e-05	5.41536	3.39732	12	31826705	CT	C	0.0006804934007304908	3.167176082128875
12:45375700:C:A	1.11019e-05	0.00305826	-5.61848	-3.39686	12	45375700	C	A	0.0006816383095448466	3.1664460092677835
12:121902569:C:T	2.79021e-05	0.00523233	-5.23391	-3.39681	12	121902569	C	T	0.0006817628639891872	3.16636665873021
12:91412764:TTC:T	0.0215489	9.59216e-05	5.41455	3.39667	12	91412764	TTC	T	0.000682111728994724	3.1661444826578387
12:100916590:G:A	6.77486e-06	0.00244733	-5.88953	-3.39654	12	100916590	G	A	0.0006824358236506998	3.1659381834737927
12:80505906:G:A	0.00332142	8.56782e-05	3.65755	3.39654	12	80505906	G	A	0.0006824358236506998	3.1659381834737927
12:87979793:T:C	0.0285292	0.000735924	3.65756	3.39654	12	87979793	T	C	0.0006824358236506998	3.1659381834737927
12:53370203:AATTATTATT:A	0.00239	6.62212e-06	5.88863	3.39639	12	53370203	AATTATTATT	A	0.0006828099568875366	3.1657001545318417
12:121902546:G:A	2.7914e-05	0.00522631	-5.23233	-3.39553	12	121902546	G	A	0.0006849586701929278	3.164335632666204
12:12423268:C:G	1.35021e-05	0.00436147	-5.77772	-3.39551	12	12423268	C	G	0.000685008714970938	3.1643039031941265
12:31974928:CT:C	0.0239004	6.63549e-05	5.88663	3.39489	12	31974928	CT	C	0.0006865617898736872	3.1633203705997213
12:1456286:T:A	0.00424321	0.000248897	2.83604	3.39451	12	1456286	T	A	0.0006875152915636135	3.162717637908111
12:83312359:T:C	1.01958e-05	0.00367347	-5.88692	-3.39451	12	83312359	T	C	0.0006875152915636135	3.162717637908111
12:79496936:CA:C	0.000587558	1.59133e-05	3.60882	3.39442	12	79496936	CA	C	0.0006877413011197346	3.162574894067454
12:18017448:G:A	0.000187296	1.00014e-06	5.23255	3.39416	12	18017448	G	A	0.0006883946055903422	3.162162541557038
12:48159926:A:G	5.48334e-06	0.00109992	-5.30128	-3.39415	12	48159926	A	G	0.0006884197442009978	3.162146682396515
12:91194146:T:C	3.25756e-06	0.00104669	-5.77241	-3.39415	12	91194146	T	C	0.0006884197442009978	3.162146682396515
12:97720886:A:T	1.68926e-05	0.00797848	-6.15763	-3.39399	12	97720886	A	T	0.0006888220780323851	3.16189294138313
12:63369757:G:T	1.15859e-05	0.00249877	-5.37377	-3.39368	12	63369757	G	T	0.0006896022218328964	3.161401347925495
12:7336757:G:C	0.0310642	0.000144879	5.36791	3.39314	12	7336757	G	C	0.000690963143546283	3.1605451175771253
12:92554311:T:A	2.26554e-05	0.00625691	-5.62104	-3.39291	12	92554311	T	A	0.0006915435530719487	3.160180463041033
12:107835283:C:A	3.83732e-05	0.0180904	-6.15578	-3.39259	12	107835283	C	A	0.0006923518331952776	3.159673153542363
12:97722416:C:A	0.00337154	5.08282e-05	4.19467	3.39259	12	97722416	C	A	0.0006923518331952776	3.159673153542363
12:80366252:G:T	0.000280298	1.17118e-05	3.17526	3.39255	12	80366252	G	T	0.0006924529299250155	3.159609742795793
12:76221796:C:A	4.52724e-05	0.00850448	-5.23565	-3.39236	12	76221796	C	A	0.0006929333267834919	3.1593085506739396
12:39071889:T:A	2.47561e-05	0.00683137	-5.62021	-3.39226	12	39071889	T	A	0.0006931862916340964	3.159150034426867
12:38738806:CT:C	0.000462078	2.32944e-06	5.2901	3.39191	12	38738806	CT	C	0.0006940723446718448	3.1585952597262823
12:76223158:A:G	0.0055864	4.89655e-05	4.73697	3.39167	12	76223158	A	G	0.0006946805321415931	3.1582148717056775
12:102034781:AGT:A	0.00792767	0.000129505	4.1144	3.39129	12	102034781	AGT	A	0.0006956445086708261	3.1576126387858543
12:93494818:G:A	5.72572e-06	0.00104432	-5.20616	-3.3912	12	93494818	G	A	0.00069587300091678	3.1574700133114586
12:54419396:TG:T	0.000332061	0.00750637	-3.11819	-3.39096	12	54419396	TG	T	0.0006964826546171652	3.157089694886612
12:70347059:ACAACTC:A	0.00950002	2.65186e-05	5.8812	3.3908	12	70347059	ACAACTC	A	0.0006968893661483541	3.1568361623395162
12:38373094:A:T	0.000609428	3.52794e-06	5.15181	3.3907	12	38373094	A	T	0.0006971436729288519	3.1566777098070298
12:59298842:G:A	2.79918e-06	0.000608925	-5.38237	-3.39067	12	59298842	G	A	0.0006972199817790566	3.1566301748437002
12:101811384:CTT:C	0.000987151	3.9383e-06	5.52407	3.39024	12	101811384	CTT	C	0.0006983145953342946	3.155948880761642
12:106938211:T:C	5.99934e-06	0.000970959	-5.08663	-3.3902	12	106938211	T	C	0.000698416501001796	3.155885508407056
12:119995782:C:T	4.35888e-06	0.00204818	-6.15249	-3.39011	12	119995782	C	T	0.000698645839286245	3.155742922998449
12:92795281:T:A	6.51188e-06	0.00102474	-5.05857	-3.39004	12	92795281	T	A	0.0006988242618905227	3.1556320255233037
12:32079407:C:T	4.73748e-05	0.0169679	-5.88099	-3.38989	12	32079407	C	T	0.0006992067386453242	3.1553943948153336
12:40729793:G:A	1.13826e-05	0.00310823	-5.60972	-3.38986	12	40729793	G	A	0.0006992832573373031	3.155346869776445
12:125796166:T:C	0.000296007	0.0162243	-4.00388	-3.3896	12	125796166	T	C	0.0006999467453922066	3.154935001503055
12:50421410:G:A	1.14096e-05	0.00112647	-4.59239	-3.38955	12	50421410	G	A	0.0007000744063002193	3.154855799231016
12:123250227:T:G	0.000551868	1.50657e-05	3.60089	3.3883	12	123250227	T	G	0.000703272969895143	3.1528760742558313
12:42796621:G:A	0.00248585	1.09938e-05	5.42104	3.38829	12	42796621	G	A	0.0007032986130717195	3.152860239028927
12:44682739:T:C	1.63862e-06	0.000326137	-5.29346	-3.38825	12	44682739	T	C	0.000703401194467098	3.1527968985296972
12:83280898:A:ACTACTACTA	4.71737e-06	0.00221042	-6.14969	-3.38799	12	83280898	A	ACTACTACTA	0.0007040683125190394	3.15238520121193
12:123161256:G:A	0.00048326	1.28025e-05	3.63091	3.38798	12	123161256	G	A	0.0007040939826433942	3.1523693672510342
12:19530496:A:G	3.38742e-05	0.00628212	-5.22281	-3.38782	12	19530496	A	G	0.0007045048229323993	3.1521160294307666
12:51824092:C:T	7.73234e-05	0.0165551	-5.36645	-3.38774	12	51824092	C	T	0.0007047103266038261	3.1519893644411465
12:4820439:G:C	0.00124755	5.21825e-06	5.47677	3.38656	12	4820439	G	C	0.0007077479833504486	3.150121359435159
12:96391285:AT:A	0.0319229	0.000321258	4.59883	3.38645	12	96391285	AT	A	0.0007080317738362602	3.1499472523496044
12:83494073:A:G	6.62569e-05	0.0143273	-5.37638	-3.38592	12	83494073	A	G	0.000709400610665267	3.149108442015131
12:62225841:A:G	4.1004e-05	0.0146073	-5.87561	-3.3857	12	62225841	A	G	0.0007099695289522745	3.148760290283547
12:50805940:C:T	6.78561e-05	0.0126364	-5.22695	-3.38537	12	50805940	C	T	0.0007108237013208445	3.148238099745117
12:40743122:A:T	0.00271751	2.73941e-05	4.59714	3.38521	12	40743122	A	T	0.0007112381891289631	3.147984932461487
12:74939417:G:A	0.000193774	4.87879e-06	3.6818	3.38489	12	74939417	G	A	0.0007120678385402404	3.147478629256082
12:38526445:C:T	9.18599e-06	0.00292595	-5.76369	-3.38476	12	38526445	C	T	0.0007124051403959945	3.147272955523279
12:71404161:GA:G	0.0080195	3.78074e-05	5.35713	3.38475	12	71404161	GA	G	0.0007124310928407237	3.1472571347527563
12:103900453:T:C	5.20625e-06	0.00242738	-6.14471	-3.38423	12	103900453	T	C	0.0007137818310932057	3.1464345109564134
12:80521110:A:G	0.0185036	0.000717214	3.25035	3.38331	12	80521110	A	G	0.0007161774293158468	3.14497937011278
12:105062645:C:T	0.00015144	0.0299386	-5.28672	-3.38316	12	105062645	C	T	0.0007165687235122834	3.144742151657574
12:17122070:A:G	2.83695e-05	0.00410849	-4.97549	-3.38315	12	17122070	A	G	0.0007165948168531458	3.144726337420562
12:63361090:C:T	7.18786e-06	0.00194556	-5.60091	-3.38282	12	63361090	C	T	0.0007174563925109067	3.1442044905067483
12:110619180:AAAAT:A	0.00109417	4.41219e-06	5.51338	3.38243	12	110619180	AAAAT	A	0.0007184758590680964	3.1435878196656617
12:50029049:C:G	4.34557e-05	0.00621322	-4.96269	-3.38202	12	50029049	C	G	0.0007195490569917687	3.1429395916446223
12:63613961:A:G	6.89784e-06	0.00121732	-5.1732	-3.38195	12	63613961	A	G	0.0007197324346807887	3.1428289254277115
12:61317661:A:T	3.05497e-05	0.010829	-5.87063	-3.38183	12	61317661	A	T	0.00072004689745034	3.1426392165678827
12:17309585:G:A	0.000133797	2.99714e-06	3.79867	3.38181	12	17309585	G	A	0.0007200993203202027	3.1426075989962277
12:121182171:A:C	1.07029e-05	0.00093654	-4.47167	-3.38135	12	121182171	A	C	0.000721306025411938	3.141880439926631
12:93331294:A:G	1.82284e-05	0.00263304	-4.97292	-3.38134	12	93331294	A	G	0.000721332278982858	3.1418646330803175
12:82776617:G:GA	0.0184599	0.00105421	2.86281	3.38113	12	82776617	G	GA	0.000721883809081746	3.141532698739796
12:128338086:C:CT	0.0921194	0.00511427	2.89105	3.38093	12	128338086	C	CT	0.000722409440047147	3.1412165875372997
12:17122526:T:A	2.822e-05	0.00407271	-4.97203	-3.38071	12	17122526	T	A	0.0007229880447714251	3.1408688840785364
12:17121738:T:C	2.85733e-05	0.00412325	-4.97193	-3.38064	12	17121738	T	C	0.0007231722365413478	3.1407582553041804
12:29121605:C:T	1.13679e-05	0.00358837	-5.75466	-3.38027	12	29121605	C	T	0.0007241465460150124	3.140173536447358
12:59667220:A:T	7.08729e-05	0.0110092	-5.0456	-3.3802	12	59667220	A	T	0.0007243310119556597	3.1400629202488335
12:29412881:G:T	5.89749e-06	0.00145701	-5.50962	-3.37886	12	29412881	G	T	0.0007278706441064179	3.137945795882657
12:121903654:A:G	2.8513e-05	0.00522962	-5.21173	-3.37885	12	121903654	A	G	0.0007278971195716495	3.137929999203071
12:29413405:A:G	5.70459e-06	0.00140923	-5.50953	-3.3788	12	29413405	A	G	0.000728029510317086	3.1378510164175704
12:115976801:C:T	0.0113044	5.07058e-05	5.4069	3.37859	12	115976801	C	T	0.0007285857957464436	3.13751929986472
12:23152249:TAAATA:T	0.000881478	1.35516e-05	4.1751	3.37849	12	23152249	TAAATA	T	0.0007288508323255606	3.1373613459298935
12:63907447:G:A	4.36042e-05	0.0107657	-5.50897	-3.37842	12	63907447	G	A	0.0007290364112159948	3.13725078060481
12:73157179:C:A	2.60245e-05	0.00110163	-3.74551	-3.37812	12	73157179	C	A	0.0007298322465865889	3.136776951871307
12:1453275:A:G	5.96891e-05	0.00505218	-4.43843	-3.37768	12	1453275	A	G	0.0007310009316662264	3.136082069530179
12:61307471:G:C	6.31533e-05	0.0198686	-5.75133	-3.37767	12	61307471	G	C	0.0007310275128826412	3.1360662776683235
12:127277033:CCTT:C	0.00216583	5.73269e-05	3.63179	3.37737	12	127277033	CCTT	C	0.0007318253669955421	3.135592540797417
12:38488296:C:T	0.000321299	1.3618e-06	5.46356	3.37712	12	38488296	C	T	0.0007324908632277905	3.135197788140407
12:1458149:A:C	0.00427057	0.0002563	2.81315	3.3767	12	1458149	A	C	0.0007336101625239037	3.1345346611200915
12:29413279:C:G	5.723e-06	0.00140923	-5.50631	-3.37662	12	29413279	C	G	0.0007338235424326235	3.134408359376788
12:51818158:G:A	4.2369e-05	0.0114604	-5.60024	-3.37659	12	51818158	G	A	0.0007339035747600101	3.134360996896685
12:29675689:T:C	7.44955e-05	0.0201498	-5.60021	-3.37657	12	29675689	T	C	0.0007339569341490558	3.1343294221140816
12:31104061:G:A	2.15592e-05	0.00635739	-5.68657	-3.37653	12	31104061	G	A	0.0007340636637380356	3.134266273038792
12:69485965:G:A	0.00645711	4.62143e-05	4.93965	3.37595	12	69485965	G	A	0.0007356128636748228	3.133350684852468
12:84424085:A:G	1.39271e-06	0.000438544	-5.75221	-3.37595	12	84424085	A	G	0.0007356128636748228	3.133350684852468
12:70871797:A:G	0.00210248	9.69535e-05	3.07664	3.37555	12	70871797	A	G	0.0007366830462153187	3.1327193247424527
12:76221912:C:T	4.37794e-05	0.00934073	-5.36298	-3.37529	12	76221912	C	T	0.0007373794401500732	3.132308975699053
12:23459774:A:ATG	2.94001e-05	0.00420991	-4.9642	-3.3752	12	23459774	A	ATG	0.0007376206420146313	3.132166938229357
12:105687084:GT:G	0.00848637	6.08062e-05	4.93852	3.37518	12	105687084	GT	G	0.0007376742523799409	3.132135374796276
12:92423930:CAA:C	0.0361199	0.000150553	5.48029	3.37504	12	92423930	CAA	C	0.0007380496262819998	3.1319144353370887
12:33167553:T:G	1.50293e-06	0.000274224	-5.20653	-3.37464	12	33167553	T	G	0.0007391231009612144	3.1312832238299766
12:27047868:A:T	5.11944e-06	0.00179769	-5.86121	-3.3745	12	27047868	A	T	0.0007394991595734998	3.1310623152340917
12:18795385:G:A	0.000281574	1.16188e-05	3.18777	3.37418	12	18795385	G	A	0.0007403593895333215	3.130557411347132
12:70096115:AGT:A	0.00403392	1.84754e-05	5.38606	3.37401	12	70096115	AGT	A	0.0007408167646330469	3.1302891981603
12:670460:GAAGGAAAGA:G	0.0398708	0.00016276	5.50112	3.37349	12	670460	GAAGGAAAGA	G	0.0007422174239194799	3.1294688545907636
12:79757312:A:AAATT	2.02261e-05	0.00430549	-5.36067	-3.37321	12	79757312	A	AAATT	0.0007429726434320852	3.129027176852096
12:111108707:TGCCCCACTC:T	6.75547e-05	0.00324427	-3.87171	-3.37276	12	111108707	TGCCCCACTC	T	0.0007441878844339438	3.1283174046804
12:611265:T:C	0.00469779	2.24973e-05	5.34145	3.37256	12	611265	T	C	0.0007447285838802624	3.1280019769163525
12:80524763:T:C	0.0212824	0.000836208	3.23676	3.37226	12	80524763	T	C	0.0007455403171785637	3.1275288658867355
12:32669169:C:T	3.09856e-06	0.000970176	-5.74654	-3.3716	12	32669169	C	T	0.0007473290236342133	3.126488150944129
12:20793531:G:A	0.000103066	0.0183138	-5.18004	-3.37156	12	20793531	G	A	0.0007474375580732333	3.1264250830262044
12:82778157:G:A	0.0169605	0.00098042	2.85066	3.37142	12	82778157	G	A	0.0007478175438974612	3.126204350456894
12:63624609:G:C	1.25281e-05	0.00198163	-5.06371	-3.37138	12	63624609	G	C	0.0007479261442225725	3.1261412854780666
12:20026226:G:A	0.000125112	5.8022e-06	3.07097	3.37103	12	20026226	G	A	0.0007488770220223286	3.1255894947733642
12:42566180:G:C	0.000190713	8.37475e-06	3.12555	3.37098	12	42566180	G	C	0.0007490129533178148	3.125510671611875
12:90289424:G:T	4.24633e-05	0.00900893	-5.35733	-3.37081	12	90289424	G	T	0.0007494752911328933	3.1252426804961906
12:93519911:G:GTTTGTT	0.00322515	8.73829e-05	3.60844	3.37054	12	93519911	G	GTTTGTT	0.0007502101371222707	3.1248170717948396
12:74958152:G:A	1.07893e-05	0.00287474	-5.58516	-3.37023	12	74958152	G	A	0.0007510546742852586	3.1243284466494936
12:61383059:AT:A	0.014259	6.85384e-05	5.33775	3.36968	12	61383059	AT	A	0.0007525552197799194	3.1234616276067486
12:116286327:G:T	0.00257548	1.10324e-05	5.45296	3.36953	12	116286327	G	T	0.0007529649423622115	3.1232252438432253
12:63616204:G:T	8.21153e-06	0.00286485	-5.85473	-3.36946	12	63616204	G	T	0.0007531562171154417	3.123114934563286
12:59303350:T:C	1.24214e-05	0.0043322	-5.85441	-3.3692	12	59303350	T	C	0.000753867061304252	3.1227052318917887
12:80523359:T:C	0.0193882	0.000764795	3.23281	3.36904	12	80523359	T	C	0.0007543048134904892	3.1224531208858215
12:28364919:C:G	4.96744e-06	0.00154994	-5.74307	-3.36894	12	28364919	C	G	0.0007545785284597008	3.1222955568134485
12:7612566:AAGGAAGGAA:A	0.00667994	1.92039e-05	5.85175	3.36866	12	7612566	AAGGAAGGAA	A	0.0007553454211193841	3.1218543991259446
12:44502052:T:C	4.45384e-05	0.00399199	-4.49569	-3.36863	12	44502052	T	C	0.000755427631102219	3.121807134128882
12:50783865:T:TA	1.36815e-05	0.0036627	-5.58991	-3.3685	12	50783865	T	TA	0.0007557839703799937	3.1216023233866412
12:115139620:C:A	0.00014964	0.0139953	-4.53825	-3.36835	12	115139620	C	A	0.0007561953250308285	3.121366011871116
12:58471771:A:G	7.23327e-05	0.0127946	-5.1755	-3.36814	12	58471771	A	G	0.0007567715708194602	3.12103519117833
12:81105232:T:C	1.7711e-05	0.00473725	-5.58902	-3.3678	12	81105232	T	C	0.0007577054047644366	3.120499614887302
12:50026566:A:G	4.56469e-05	0.00408316	-4.49369	-3.36722	12	50026566	A	G	0.0007593008855053397	3.119586093642617
12:104204853:C:A	2.50457e-06	0.000573897	-5.43433	-3.36722	12	104204853	C	A	0.0007593008855053397	3.119586093642617
12:17635324:C:T	6.6995e-06	0.00121926	-5.20396	-3.3669	12	17635324	C	T	0.0007601824855106638	3.1190821406967366
12:70769960:A:G	0.0209244	0.000561727	3.61766	3.36686	12	70769960	A	G	0.000760292752314001	3.1190191495172432
12:31397047:T:C	2.75545e-05	0.0085487	-5.73737	-3.36675	12	31397047	T	C	0.0007605960626047297	3.11884592714093
12:117652165:T:C	0.000465992	0.161952	-5.85089	-3.36646	12	117652165	T	C	0.000761396237459717	3.118389273640013
12:16921278:T:C	5.46329e-05	0.00846573	-5.04314	-3.36637	12	16921278	T	C	0.0007616447264709194	3.118247560567427
12:28412347:T:C	6.07553e-06	0.00161091	-5.58028	-3.36634	12	28412347	T	C	0.0007617275728729442	3.11820032361124
12:105021584:C:CA	0.00658713	0.000170033	3.65688	3.36609	12	105021584	C	CA	0.0007624182850168691	3.1178066965949376
12:115651416:TC:T	0.00666305	3.97037e-05	5.12289	3.36608	12	115651416	TC	T	0.0007624459255947387	3.117790952044881
12:76053610:G:C	0.000176365	0.0470621	-5.58667	-3.36595	12	76053610	G	C	0.0007628053377856516	3.1175862766082774
12:14222550:CTTTT:C	0.00170496	4.58329e-05	3.6163	3.36585	12	14222550	CTTTT	C	0.0007630819157394088	3.117428838658428
12:107842013:TTAA:T	0.017509	5.05802e-05	5.84691	3.36503	12	107842013	TTAA	T	0.0007653533695691462	3.1161380014213176
12:62316286:CA:C	0.00424086	1.2252e-05	5.84683	3.36497	12	62316286	CA	C	0.0007655198197399364	3.116043560691052
12:38494420:T:C	1.43643e-06	0.000417054	-5.67106	-3.36451	12	38494420	T	C	0.0007667970547512552	3.115319563905261
12:114142705:C:T	1.62348e-05	0.00502203	-5.73443	-3.36445	12	114142705	C	T	0.0007669637964089784	3.1152251359087675
12:41820170:AGAAG:A	0.00236665	4.09991e-05	4.05568	3.36416	12	41820170	AGAAG	A	0.0007677701890882287	3.114768754638289
12:3806281:AC:A	0.0218479	0.000105786	5.33044	3.36399	12	3806281	AC	A	0.0007682432679365728	3.114501236747872
12:80539349:C:T	0.0602206	0.00138237	3.77422	3.36342	12	80539349	C	T	0.0007698314491718214	3.113604351070999
12:89530152:C:CAT	9.87754e-05	0.0213472	-5.37583	-3.3634	12	89530152	C	CAT	0.0007698872301426148	3.1135728838060412
12:44848031:C:CA	3.80567e-05	0.0101212	-5.58331	-3.36332	12	44848031	C	CA	0.000770110391552095	3.113447016378684
12:38207943:ACCCCC:A	0.000806474	4.22945e-06	5.2506	3.36274	12	38207943	ACCCCC	A	0.0007717301086530521	3.1125345556437907
12:51313307:C:T	5.19473e-06	0.00160765	-5.73488	-3.36266	12	51313307	C	T	0.0007719537659416747	3.1124087097648974
12:58471820:T:A	7.23275e-05	0.0126962	-5.16785	-3.36239	12	58471820	T	A	0.0007727090536360581	3.111983999206833
12:41084970:C:G	1.56948e-05	0.00139269	-4.48566	-3.3616	12	41084970	C	G	0.0007749229115824894	3.110741498447906
12:52596093:A:C	0.000100331	0.0264339	-5.57393	-3.36126	12	52596093	A	C	0.0007758775224330444	3.110206829681982
12:74768377:C:T	6.1897e-05	0.0162984	-5.57335	-3.3608	12	74768377	C	T	0.0007771707924362444	3.109483529382244
12:58471849:G:C	7.23283e-05	0.0126613	-5.16509	-3.36031	12	58471849	G	C	0.0007785506070984819	3.1087131523067995
12:44841092:T:C	5.43808e-05	0.0143966	-5.57873	-3.35973	12	44841092	T	C	0.0007801867959966175	3.107801404029781
12:12133993:T:C	0.00851345	0.000485645	2.86393	3.35972	12	12133993	T	C	0.0007802150341206678	3.107785685435738
12:16296248:G:T	0.00084563	0.0970712	-4.74312	-3.35969	12	16296248	G	T	0.0007802997541853565	3.1077385298984597
12:17315534:AT:A	1.3136e-05	0.0023413	-5.18311	-3.35937	12	17315534	AT	A	0.0007812039663746961	3.1072355603531148
12:24177393:C:T	5.94264e-06	0.00268026	-6.11152	-3.35917	12	24177393	C	T	0.0007817695928052321	3.1069212256071665
12:24177365:T:C	5.94264e-06	0.00268026	-6.11152	-3.35917	12	24177365	T	C	0.0007817695928052321	3.1069212256071665
12:25460186:G:T	8.6245e-05	0.0296899	-5.84137	-3.35906	12	25460186	G	T	0.0007820808493595809	3.1067483484545306
12:128344925:C:CT	0.0751142	0.00362354	3.03156	3.35905	12	128344925	C	CT	0.0007821091511133367	3.106732632594588
12:80543056:A:G	0.000686549	0.122309	-5.18263	-3.35902	12	80543056	A	G	0.0007821940620788316	3.106685485259605
12:62583447:A:G	7.4051e-06	0.00154773	-5.34237	-3.35894	12	62583447	A	G	0.0007824205331563189	3.10655976082849
12:11576984:T:C	0.000212683	0.0108865	-3.93547	-3.3586	12	11576984	T	C	0.0007833837144342678	3.1060254611323557
12:16432682:GACACAC:G	0.0014749	7.19621e-06	5.32279	3.35805	12	16432682	GACACAC	G	0.0007849441323066744	3.1051612526743106
12:44896683:T:C	1.57106e-06	0.000240915	-5.03269	-3.35787	12	44896683	T	C	0.0007854554407985237	3.1048784476249334
12:58471831:T:A	7.25218e-05	0.0126492	-5.16146	-3.35758	12	58471831	T	A	0.0007862798659006442	3.104422845076713
12:20018539:A:C	5.09901e-06	0.00134552	-5.57549	-3.35718	12	20018539	A	C	0.0007874183219829669	3.1037944840803022
12:20026907:C:T	0.000127701	6.02759e-06	3.05334	3.35698	12	20026907	C	T	0.0007879881235925058	3.103480328065151
12:121360249:C:CA	7.0917e-05	0.00989251	-4.93802	-3.35677	12	121360249	C	CA	0.0007885868271578819	3.1031504818157054
12:91402987:C:A	0.000104858	0.01884	-5.19113	-3.3566	12	91402987	C	A	0.0007890718011578276	3.1028834766031745
12:7788898:C:T	0.000114487	0.0204152	-5.18357	-3.35605	12	7788898	C	T	0.0007906427319456108	3.102019717002078
12:7740989:T:C	0.00670728	6.4007e-05	4.65196	3.35599	12	7740989	T	C	0.0007908142817055424	3.101925496149081
12:91635708:G:T	0.00013864	0.0296842	-5.36649	-3.35595	12	91635708	G	T	0.0007909286674043478	3.1018626830631564
12:44002397:AC:A	0.000407087	1.6323e-05	3.21645	3.35573	12	44002397	AC	A	0.0007915580632855385	3.101517222760399
12:76049127:T:C	0.000213305	0.0382793	-5.18994	-3.35564	12	76049127	T	C	0.0007918156773756856	3.1013759037831727
12:87937027:G:T	0.000111489	0.0102444	-4.52056	-3.35509	12	87937027	G	T	0.0007933916772524963	3.1005123596247537
12:39947283:T:C	4.00432e-05	0.00713172	-5.18235	-3.35506	12	39947283	T	C	0.000793477724555552	3.1004652607659646
12:42567797:C:CA	0.000265574	1.17208e-05	3.12053	3.35504	12	42567797	C	CA	0.0007935350942360139	3.1004338617307847
12:77543615:G:GCAAAA	0.000219689	1.06551e-05	3.02617	3.35492	12	77543615	G	GCAAAA	0.0007938793931703143	3.1002454709471263
12:42795866:A:G	0.00241686	1.12232e-05	5.37224	3.35481	12	42795866	A	G	0.0007941951223163331	3.1000727845569584
12:1384393:T:G	0.00165797	7.00858e-05	3.16363	3.35479	12	1384393	T	G	0.0007942525401347231	3.100041387561905
12:113278086:T:TCCCA	0.00426832	0.000251938	2.82979	3.35474	12	113278086	T	TCCCA	0.0007943961015364408	3.099962895788312
12:73549426:G:GGTGT	1.43388e-05	0.00218981	-5.0286	-3.35454	12	73549426	G	GGTGT	0.0007949705880059098	3.099648938894506
12:28280815:T:TA	7.60443e-06	0.00114064	-5.01062	-3.35366	12	28280815	T	TA	0.000797502912062583	3.098267722452096
12:51499318:T:C	2.07496e-05	0.00632903	-5.72038	-3.35346	12	51499318	T	C	0.0007980794833416741	3.0979538536897513
12:80524567:C:G	0.0201953	0.000812202	3.21345	3.35329	12	80524567	C	G	0.0007985698730658383	3.0976870780736414
12:131760256:C:T	1.82973e-05	0.00818771	-6.10364	-3.35322	12	131760256	C	T	0.000798771879514905	3.0975772327178
12:58472210:G:T	7.16425e-05	0.012418	-5.15521	-3.35288	12	58472210	G	T	0.0007997537284298032	3.097043726570251
12:91687063:A:G	0.000181271	0.0324041	-5.18605	-3.35251	12	91687063	A	G	0.0008008234836219321	3.096463199941972
12:19630899:ATTCCTTCC:A	0.0226255	9.73166e-05	5.44886	3.35249	12	19630899	ATTCCTTCC	A	0.0008008813460391149	3.0964318217154254
12:117642035:T:C	9.58125e-05	0.0198216	-5.33214	-3.35244	12	117642035	T	C	0.0008010260190566832	3.0963533768630573
12:34227415:C:A	8.25631e-06	0.00216534	-5.56936	-3.35238	12	34227415	C	A	0.0008011996586912781	3.096259244386607
12:100606292:G:A	6.12441e-05	0.0126903	-5.33373	-3.35208	12	100606292	G	A	0.0008020683809404199	3.095788604036141
12:1257345:A:G	0.00165238	8.7847e-05	2.93438	3.35194	12	1257345	A	G	0.0008024740837263886	3.095568984438812
12:23234236:A:G	8.77053e-06	0.00267523	-5.72039	-3.35155	12	23234236	A	G	0.000803605260155441	3.0949572291549914
12:113538562:C:T	0.000509185	0.08632	-5.13301	-3.35093	12	113538562	C	T	0.000805406586984223	3.0939848228547326
12:39709615:G:T	1.03935e-07	1.79514e-05	-5.15166	-3.35021	12	39709615	G	T	0.0008075031522496496	3.0928557736383997
12:81107848:G:T	2.19347e-05	0.00453424	-5.33135	-3.35019	12	81107848	G	T	0.0008075614623997887	3.092824414179186
12:91402849:A:G	0.000105429	0.0187913	-5.18311	-3.35015	12	91402849	A	G	0.0008076780944217013	3.092761695750326
12:20343119:C:T	0.000155667	0.0472601	-5.7157	-3.34981	12	20343119	C	T	0.0008086700978795226	3.0922286154599474
12:77700021:T:A	0.000478651	0.0248099	-3.94803	-3.34968	12	77700021	T	A	0.000809049692008956	3.0920248031064954
12:59755702:A:G	2.45827e-06	0.00109468	-6.09876	-3.34954	12	59755702	A	G	0.0008094586705882227	3.091805320590276
12:95229841:G:A	6.63036e-06	0.00295019	-6.09796	-3.34894	12	95229841	G	A	0.0008112136097085324	3.0908647718029796
12:91635626:G:A	0.000140004	0.0296842	-5.3567	-3.34815	12	91635626	G	A	0.000813529664112397	3.089626606555711
12:91635524:G:A	0.000140545	0.0297848	-5.35623	-3.34777	12	91635524	G	A	0.0008146458996319271	3.089031124086399
12:32082101:G:A	8.76609e-05	0.022705	-5.55686	-3.34762	12	32082101	G	A	0.0008150869099726357	3.0887960814328075
12:5741352:A:T	0.000164987	0.0257833	-5.05162	-3.34734	12	5741352	A	T	0.0008159107220048528	3.088357359704304
12:104826903:A:T	5.2435e-06	0.000924568	-5.17234	-3.34696	12	104826903	A	T	0.00081702998832596	3.087762002799934
12:7331103:C:T	7.12442e-05	0.0202181	-5.64822	-3.34681	12	7331103	C	T	0.0008174721960026026	3.0875270097110925
12:16725629:G:C	0.000301862	0.0274285	-4.50937	-3.3467	12	16725629	G	C	0.0008177966227537367	3.087354687279414
12:38526067:A:G	9.271e-06	0.00263014	-5.6479	-3.34657	12	38526067	A	G	0.0008181801901987377	3.087151039860288
12:70073625:CA:C	0.00659017	3.53399e-05	5.22832	3.34629	12	70073625	CA	C	0.0008190069024489614	3.086712438065145
12:56201227:G:A	4.47584e-06	0.000361762	-4.39229	-3.34602	12	56201227	G	A	0.0008198048231930217	3.086289530908572
12:23523248:T:C	4.20198e-05	0.00740034	-5.17114	-3.34599	12	23523248	T	C	0.0008198935255603726	3.0862425430601803
12:41922693:A:G	2.51131e-05	0.00472334	-5.23688	-3.34555	12	41922693	A	G	0.0008211955170534768	3.085553430129809
12:46101687:A:AAT	1.84791e-05	0.00390458	-5.35326	-3.34541	12	46101687	A	AAT	0.0008216101891761298	3.0853341834863266
12:79340531:C:CTT	0.013738	0.000691177	2.98953	3.34531	12	79340531	C	CTT	0.0008219065024794686	3.0851775836360154
12:8008366:TACACAC:T	0.0110581	6.77723e-05	5.09476	3.3452	12	8008366	TACACAC	T	0.0008222325616239667	3.0850053285121297
12:59478824:A:C	1.67654e-06	0.00047447	-5.64546	-3.34468	12	59478824	A	C	0.0008237755573013234	3.084191098379411
12:103906742:A:T	3.29574e-05	0.00993657	-5.70876	-3.34438	12	103906742	A	T	0.0008246669686384234	3.0837214003991025
12:7742648:A:C	9.52564e-05	0.0247283	-5.55913	-3.34436	12	7742648	A	C	0.0008247264278674713	3.083690088505725
12:14358184:CT:C	0.00147079	1.42637e-05	4.63584	3.34409	12	14358184	CT	C	0.0008255295168263384	3.083267393914661
12:10928671:T:C	5.00318e-06	0.00059988	-4.78665	-3.34393	12	10928671	T	C	0.0008260057636764036	3.083016922263002
12:12437822:TA:T	4.74134e-07	8.27083e-05	-5.16159	-3.34387	12	12437822	TA	T	0.0008261844219482007	3.0829229980857917
12:56200715:A:G	4.41684e-06	0.000355739	-4.38877	-3.3436	12	56200715	A	G	0.0008269888278873062	3.0825003574603524
12:12439227:T:C	3.66434e-06	0.000813285	-5.40243	-3.34349	12	12439227	T	C	0.0008273167570815106	3.0823281790639823
12:28899609:G:C	0.00662351	3.29537e-05	5.30328	3.34287	12	28899609	G	C	0.0008291673425013578	3.0813578113185938
12:70764490:T:C	0.000202935	0.0207281	-4.62636	-3.3427	12	70764490	T	C	0.0008296754314853255	3.08109177013324
12:114143053:T:TGAAGGGTAA	1.62477e-05	0.00488794	-5.70657	-3.34267	12	114143053	T	TGAAGGGTAA	0.0008297651242230324	3.0810448229124354
12:59297215:G:A	4.92191e-06	0.000996726	-5.31078	-3.34254	12	59297215	G	A	0.0008301538967041034	3.080841389197653
12:27226711:T:C	5.95105e-06	0.000895498	-5.01381	-3.3425	12	27226711	T	C	0.0008302735529968499	3.0807787955953083
12:2525645:T:TC	0.0139567	0.000306996	3.81688	3.34229	12	2525645	T	TC	0.0008309020110645408	3.080450189890009
12:20686616:G:T	0.00453201	0.000264395	2.84148	3.34216	12	20686616	G	T	0.0008312912776461398	3.0802467763247914
12:113878632:G:GACAC	1.22783e-06	0.000251174	-5.3209	-3.34191	12	113878632	G	GACAC	0.0008320403427494661	3.0798556157661103
12:91952688:ATATATATAT:A	0.00596629	7.26366e-05	4.40841	3.34145	12	91952688	ATATATATAT	A	0.0008334202587322507	3.0791359469448647
12:51801639:G:A	0.000101671	0.0342144	-5.81866	-3.34138	12	51801639	G	A	0.0008336304319567681	3.0790264396903524
12:1455978:G:A	0.000198804	0.00422126	-3.05557	-3.34115	12	1455978	G	A	0.0008343213473377966	3.0786666442114545
12:49376684:A:G	0.00087099	4.48853e-05	2.96552	3.3409	12	49376684	A	G	0.0008350729447656824	3.0782755866414817
12:105062338:G:GGGACTCTTA	0.000163831	0.0306099	-5.23024	-3.34054	12	105062338	G	GGGACTCTTA	0.0008361563484820014	3.0777125085246926
12:24092310:AT:A	0.00245895	2.99783e-05	4.40702	3.34041	12	24092310	AT	A	0.0008365478979142292	3.0775091877508247
12:1384002:G:A	0.00166553	7.16786e-05	3.1457	3.34039	12	1384002	G	A	0.0008366081513815763	3.0774779082435644
12:59582722:CT:C	0.0136602	4.08049e-05	5.81344	3.33987	12	59582722	CT	C	0.0008381761552121787	3.076664698318534
12:95819310:C:CT	1.98988e-05	0.00559431	-5.63885	-3.33955	12	95819310	C	CT	0.0008391424350924741	3.0761643162577426
12:32081210:T:C	7.1109e-05	0.0213483	-5.70451	-3.33938	12	32081210	T	C	0.0008396561914458998	3.0758985052750867
12:96802212:G:A	1.96554e-05	0.00863438	-6.08516	-3.33927	12	96802212	G	A	0.000839988777477884	3.075726516214292
12:10518071:A:G	2.29566e-05	0.00256012	-4.7142	-3.33869	12	10518071	A	G	0.0008417444345254777	3.0748197464134286
12:50917925:TTTTG:T	0.00735137	3.52086e-05	5.34135	3.33845	12	50917925	TTTTG	T	0.0008424719083741675	3.074444571455419
12:12441740:A:C	0.00103397	2.28596e-05	3.81179	3.33843	12	12441740	A	C	0.0008425325575097826	3.0744133079359752
12:28903317:T:G	9.634e-05	0.0246672	-5.54535	-3.33841	12	28903317	T	G	0.0008425932106949892	3.074382044579669
12:21440782:A:G	5.2845e-05	0.00881378	-5.11671	-3.33836	12	21440782	A	G	0.0008427448613765938	3.074303886902622
12:12437848:T:G	4.75099e-07	8.22202e-05	-5.15363	-3.33815	12	12437848	T	G	0.0008433820707276643	3.0739756357930617
12:14528436:CA:C	0.0292731	0.000189852	5.03818	3.33813	12	14528436	CA	C	0.0008434427806330257	3.0739443747206567
12:80367650:G:A	0.000486102	1.99449e-05	3.19345	3.337	12	80367650	G	A	0.0008468794817508805	3.07217838911986
12:79896002:AT:A	6.0139e-05	1.43018e-06	3.73886	3.33683	12	79896002	AT	A	0.0008473976300624121	3.0719127549352843
12:90157076:G:T	9.63155e-05	0.0269801	-5.63523	-3.33675	12	90157076	G	T	0.000847641566285824	3.071787754691368
12:52115168:C:T	0.000101554	0.00809599	-4.37853	-3.33657	12	52115168	C	T	0.0008481906609259867	3.0715065136855983
12:12437540:A:G	4.77504e-07	8.24472e-05	-5.15134	-3.3365	12	12437540	A	G	0.000848404286807387	3.071397145751787
12:71333484:T:TATA	0.0588112	0.000252593	5.45031	3.33638	12	71333484	T	TATA	0.0008487706187020067	3.071209662514399
12:66570209:C:T	7.76908e-05	0.0232254	-5.70027	-3.33612	12	66570209	C	T	0.000849564841127307	3.070803468979594
12:77522853:T:C	2.24762e-05	0.00573809	-5.54242	-3.33608	12	77522853	T	C	0.0008496870903507508	3.0707409801134444
12:41631057:C:G	1.45281e-05	0.00406548	-5.6342	-3.33595	12	41631057	C	G	0.000850084513008639	3.0705378958048137
12:73582230:C:T	1.12912e-06	0.000377245	-5.81146	-3.33578	12	73582230	C	T	0.0008506044796854519	3.0702723344158476
12:101018791:T:C	6.59514e-05	0.0288303	-6.08026	-3.33557	12	101018791	T	C	0.0008512471986906765	3.069944304265864
12:3817191:C:CAA	2.99523e-05	0.00837687	-5.63362	-3.3355	12	3817191	C	CAA	0.0008514615384255504	3.069834964879073
12:62270493:G:A	0.00865268	4.16032e-05	5.33745	3.33534	12	62270493	G	A	0.0008519516457831121	3.069585053784365
12:62270491:C:T	0.00865268	4.16032e-05	5.33745	3.33534	12	62270491	C	T	0.0008519516457831121	3.069585053784365
12:62270485:G:A	0.00865268	4.16032e-05	5.33745	3.33534	12	62270485	G	A	0.0008519516457831121	3.069585053784365
12:106500602:T:G	1.45719e-05	0.00319837	-5.3913	-3.33521	12	106500602	T	G	0.0008523500506417887	3.0693820087070747
12:7737324:GT:G	0.0240082	0.00011482	5.34278	3.33459	12	7737324	GT	G	0.0008542525134896643	3.0684137346912297
12:2916532:G:A	2.2693e-06	0.000990529	-6.07877	-3.33444	12	2916532	G	A	0.0008547133779960083	3.068179498399143
12:87934716:GAA:G	0.045033	0.00013553	5.80595	3.33424	12	87934716	GAA	G	0.0008553282226814698	3.0678671976159055
12:41917883:CT:C	0.00169709	2.78055e-05	4.11144	3.33266	12	41917883	CT	C	0.0008601999344796389	3.065400594861597
12:51423968:G:A	6.5688e-05	0.016696	-5.53801	-3.33255	12	51423968	G	A	0.000860540060519441	3.0652289072567402
12:45741591:ATT:A	0.00179839	7.76594e-06	5.4449	3.33243	12	45741591	ATT	A	0.0008609112493369204	3.065041617315107
12:53389409:A:G	7.71422e-06	0.00256619	-5.80711	-3.3324	12	53389409	A	G	0.0008610040697368322	3.064994795747191
12:82014117:A:C	0.0132706	5.73251e-05	5.44457	3.33219	12	82014117	A	C	0.0008616540724208286	3.0646670550476633
12:23839005:AT:A	0.0100702	9.55163e-05	4.65804	3.33175	12	23839005	AT	A	0.0008630174585624302	3.0639804185598396
12:101811597:C:T	3.95626e-06	0.00100456	-5.53701	-3.33175	12	101811597	C	T	0.0008630174585624302	3.0639804185598396
12:29117050:C:A	7.19502e-06	0.00182615	-5.53658	-3.33141	12	29117050	C	A	0.0008640723540155109	3.063449889889132
12:19526309:T:G	3.8121e-05	0.00967256	-5.53628	-3.33117	12	19526309	T	G	0.0008648177058305487	3.0630754274430574
12:90638657:C:CAA	3.36242e-05	0.0146126	-6.07439	-3.33114	12	90638657	C	CAA	0.0008649109167141179	3.063028621288729
12:58060488:G:C	0.000374011	6.61678e-06	4.03468	3.33097	12	58060488	G	C	0.0008654392877038434	3.062763393346106
12:63325414:T:C	5.6137e-06	0.00112016	-5.29602	-3.33055	12	63325414	T	C	0.0008667459582629303	3.0621081748324532
12:56176154:G:GC	0.00033306	1.6677e-05	2.9943	3.33047	12	56176154	G	GC	0.0008669950552018554	3.061983379461128
12:126508741:G:A	0.00415792	0.000171991	3.18533	3.3304	12	126508741	G	A	0.0008672130694732669	3.061874185651917
12:81100388:T:C	1.57444e-05	0.00290213	-5.21671	-3.33033	12	81100388	T	C	0.0008674311345758347	3.0617649938406872
12:95821550:A:T	2.52458e-05	0.0074755	-5.69073	-3.33028	12	95821550	A	T	0.0008675869264904704	3.0616870009130612
12:33011480:C:T	7.05535e-06	0.0020891	-5.69071	-3.33026	12	33011480	C	T	0.0008676492505203404	3.0616558040274353
12:14644202:TGGC:T	0.00435839	0.000212752	3.01973	3.33018	12	14644202	TGGC	T	0.0008678985881547584	3.0615310181159314
12:130545694:G:A	0.000126136	0.0254213	-5.30598	-3.33007	12	130545694	G	A	0.0008682415358828801	3.061359441748587
12:20279817:GAGATAT:G	0.000934807	4.52605e-06	5.33049	3.32981	12	20279817	GAGATAT	G	0.0008690526391539662	3.060953917220223
12:70226901:T:G	6.6506e-06	0.0028839	-6.07219	-3.32948	12	70226901	T	G	0.0008700831281412999	3.060439252705063
12:70226874:G:C	6.65056e-06	0.0028839	-6.0722	-3.32948	12	70226874	G	C	0.0008700831281412999	3.060439252705063
12:73579478:A:G	1.16584e-06	0.000296691	-5.53925	-3.32876	12	73579478	A	G	0.0008723354015049338	3.0593165024338713
12:13815471:T:C	2.27146e-05	0.00574513	-5.5331	-3.32863	12	13815471	T	C	0.000872742637632157	3.0591138061622676
12:10770372:C:A	9.31485e-05	0.0275209	-5.68851	-3.32854	12	10770372	C	A	0.0008730246735832497	3.0589734820107766
12:10336078:A:G	0.000302941	0.0371574	-4.80938	-3.32833	12	10336078	A	G	0.0008736830861269423	3.058646071834123
12:19375934:CT:C	0.00963365	0.000105011	4.51896	3.32818	12	19375934	CT	C	0.0008741536626356814	3.0584122184308904
12:38364116:A:G	1.1383e-05	0.00289298	-5.53792	-3.32772	12	38364116	A	G	0.0008755982296381939	3.057695125198145
12:7626631:A:G	0.000127184	0.0187938	-4.99565	-3.32772	12	7626631	A	G	0.0008755982296381939	3.057695125198145
12:1424832:TA:T	0.0086896	3.77691e-05	5.43839	3.32768	12	1424832	TA	T	0.000875723948698339	3.05763277334209
12:617683:G:A	7.65385e-06	0.00194416	-5.53738	-3.3273	12	617683	G	A	0.0008769191147255365	3.057040463245575
12:107837355:C:T	6.60676e-06	0.000883738	-4.89607	-3.32724	12	107837355	C	T	0.0008771079633307815	3.0569469459806293
12:69272870:A:AGTGT	1.06063e-05	0.00313386	-5.68858	-3.32716	12	69272870	A	AGTGT	0.0008773598201236476	3.056822258577242
12:44845854:A:G	4.19059e-05	0.010642	-5.53713	-3.32711	12	44845854	A	G	0.0008775172646651329	3.0567443302751984
12:10517504:C:T	1.98909e-05	0.00504859	-5.5366	-3.32669	12	10517504	C	T	0.0008788408333366448	3.0560897727792944
12:32667838:T:G	4.99135e-08	4.21211e-06	-4.43543	-3.3264	12	32667838	T	G	0.0008797558058877905	3.0556378583868202
12:32668132:G:A	4.99086e-08	4.21157e-06	-4.4354	-3.32638	12	32668132	G	A	0.0008798189399845326	3.055606693140887
12:79661986:A:G	5.51767e-06	0.000674775	-4.80642	-3.32633	12	79661986	A	G	0.000879976793603252	3.0555287807395395
12:24284432:T:TTG	7.08369e-05	0.00933444	-4.88109	-3.32633	12	24284432	T	TTG	0.000879976793603252	3.0555287807395395
12:59582552:T:C	3.96059e-05	0.0116841	-5.687	-3.32595	12	59582552	T	C	0.0008811773394321866	3.0549366797987307
12:25913432:A:AT	0.000108033	0.0318545	-5.6865	-3.32556	12	25913432	A	AT	0.0008824110573285306	3.0543290584705427
12:27043554:C:T	7.73308e-06	0.00333553	-6.06688	-3.32546	12	27043554	C	T	0.0008827276530826426	3.05417326811858
12:93521062:T:C	5.29491e-05	0.00969677	-5.21022	-3.32543	12	93521062	T	C	0.0008828226523409584	3.0541265318079978
12:40081680:A:C	0.000210154	2.61399e-06	4.38697	3.32537	12	40081680	A	C	0.0008830126792920726	3.0540330602876105
12:89414981:GT:G	0.0253062	0.000115359	5.39076	3.32508	12	89414981	GT	G	0.0008839316775569024	3.053581301962867
12:38525304:C:T	1.03479e-05	0.00260558	-5.52863	-3.32506	12	38525304	C	T	0.0008839950894192736	3.05355014748018
12:93340558:C:CA	0.00426563	0.000193534	3.09289	3.32493	12	93340558	C	CA	0.0008844073693280328	3.053347647317695
12:79662191:A:G	5.5335e-06	0.000675136	-4.80409	-3.32476	12	79662191	A	G	0.0008849467735503533	3.053082849808989
12:76143068:C:T	0.000259112	0.0852899	-5.79655	-3.32418	12	76143068	C	T	0.0008867893899194389	3.052179511686334
12:67101306:A:G	3.08549e-05	0.00207497	-4.20841	-3.32411	12	67101306	A	G	0.0008870120150170189	3.0520704973945976
12:31102121:TC:T	1.72656e-05	0.00282638	-5.09803	-3.32395	12	31102121	TC	T	0.0008875210669454504	3.0518213293719425
12:115176652:TGA:T	0.075543	0.000874343	4.45898	3.32377	12	115176652	TGA	T	0.000888094074064606	3.051541027821419
12:93658770:T:A	0.00445132	0.000273184	2.79081	3.32359	12	93658770	T	A	0.0008886674241042287	3.0512607394796163
12:108130329:T:A	0.0152785	0.000752449	3.01087	3.32312	12	108130329	T	A	0.0008901661228165934	3.0505289377481417
12:38525146:G:A	1.0374e-05	0.00260558	-5.52611	-3.32304	12	38525146	G	A	0.0008904214536832668	3.050404384720052
12:74943721:C:CA	0.000185866	3.99754e-06	3.83935	3.32243	12	74943721	C	CA	0.0008923705850494286	3.0494547536742393
12:131762709:C:G	4.40664e-06	0.00129176	-5.68065	-3.32239	12	131762709	C	G	0.0008924985350128939	3.049392488085616
12:118670578:G:A	3.07059e-06	0.000501619	-5.09597	-3.32236	12	118670578	G	A	0.0008925945086449889	3.0493457893221927
12:27237771:A:G	2.2388e-05	0.0044214	-5.28569	-3.32216	12	27237771	A	G	0.0008932345773715349	3.0490344736088835
12:7609631:G:A	8.88613e-06	0.00177114	-5.29489	-3.32127	12	7609631	G	A	0.0008960880455826685	3.047649316418104
12:88413623:CTT:C	0.00183786	5.30899e-05	3.54437	3.32085	12	88413623	CTT	C	0.000897437558426021	3.0469957588771113
12:115139902:T:C	0.000142114	0.0154443	-4.68837	-3.31993	12	115139902	T	C	0.0009004002192598754	3.045564407914807
12:77508880:T:G	0.000295186	1.82022e-05	2.78606	3.31979	12	77508880	T	G	0.0009008518528218007	3.045346623884535
12:18432981:C:CT	7.14751e-06	0.00178731	-5.5217	-3.31952	12	18432981	C	CT	0.0009017234533911213	3.044926634388534
12:33466418:A:G	1.13091e-05	0.00224896	-5.29261	-3.31946	12	33466418	A	G	0.0009019172485191587	3.0448333074249527
12:117645585:G:T	0.000180738	0.0272436	-5.01553	-3.31934	12	117645585	G	T	0.0009023049545868854	3.0446466579001705
12:56384391:T:C	0.00155562	7.90589e-05	2.97944	3.31908	12	56384391	T	C	0.0009031455143659338	3.0442422707331964
12:26908837:A:G	5.28857e-05	0.0154613	-5.67796	-3.31902	12	26908837	A	G	0.0009033395927344294	3.0441489545309346
12:103822096:C:T	0.00674763	4.28829e-05	5.05847	3.31826	12	103822096	C	T	0.0009058012667110481	3.042967076316747
12:10510370:G:A	5.13455e-05	0.0149687	-5.67514	-3.31809	12	10510370	G	A	0.0009063527545072792	3.042702741043553
12:114519948:T:A	0.000118182	0.0136932	-4.75243	-3.31803	12	114519948	T	A	0.0009065474715434757	3.042609449053776
12:56203195:T:C	4.87546e-06	0.000378142	-4.35105	-3.31772	12	56203195	T	C	0.0009075541273224737	3.04212746381641
12:80507218:T:TTTAC	0.00324129	9.29884e-05	3.55125	3.31746	12	80507218	T	TTTAC	0.0009083992179570738	3.041723248337236
12:49761326:A:G	0.0180595	0.00111818	2.78197	3.31652	12	49761326	A	G	0.0009114606339778806	3.040262083800419
12:118686216:T:G	0.00277189	1.22382e-05	5.42272	3.31624	12	118686216	T	G	0.0009123743916524121	3.039826912917666
12:118686157:A:G	0.00277189	1.22382e-05	5.42272	3.31624	12	118686157	A	G	0.0009123743916524121	3.039826912917666
12:41816866:T:TA	9.78131e-06	0.00164198	-5.12318	-3.31622	12	41816866	T	TA	0.0009124396925311802	3.0397958305059616
12:59586307:C:G	0.0158741	7.79835e-05	5.31594	3.31617	12	59586307	C	G	0.0009126029636776102	3.0397181251899825
12:4815153:G:C	8.77582e-05	0.0218457	-5.51717	-3.3159	12	4815153	G	C	0.0009134850958102944	3.039298534091575
12:28479882:G:A	8.74197e-06	0.00254493	-5.67372	-3.31577	12	28479882	G	A	0.0009139101078555146	3.039096519345187
12:20150321:ATGTGTG:A	0.0573975	0.00057891	4.59661	3.31512	12	20150321	ATGTGTG	A	0.0009160379181328922	3.0380865489358104
12:79751206:C:G	7.92985e-05	0.0155814	-5.28062	-3.31495	12	79751206	C	G	0.0009165951792097596	3.037822431237103
12:7742217:T:C	5.2862e-05	0.008958	-5.13262	-3.3148	12	7742217	T	C	0.0009170871410224449	3.0375893959906755
12:62231595:C:T	1.81629e-05	0.00309668	-5.1387	-3.31448	12	62231595	C	T	0.0009181374774509601	3.0370922847812256
12:59632940:G:A	2.81303e-05	0.0119557	-6.05211	-3.31432	12	59632940	G	A	0.0009186630635779582	3.0368437448272663
12:72510508:G:A	1.23039e-05	0.00141847	-4.74742	-3.31424	12	72510508	G	A	0.0009189259611784126	3.0367194787629574
12:7621766:TAA:T	0.0161233	4.98574e-05	5.77886	3.31387	12	7621766	TAA	T	0.0009201427696674007	3.0361447821455325
12:45289170:C:CT	1.32652e-05	0.000588071	-3.79171	-3.31369	12	45289170	C	CT	0.000920735270244196	3.035865220181803
12:95230424:C:CT	6.78741e-06	0.00184497	-5.60515	-3.31344	12	95230424	C	CT	0.0009215587742101482	3.0354769615830897
12:82156820:GAC:G	0.00619714	5.08712e-05	4.80255	3.31341	12	82156820	GAC	G	0.0009216576405359237	3.035430372262999
12:618169:G:A	7.79136e-06	0.00194424	-5.51961	-3.31337	12	618169	G	A	0.0009217894775918269	3.0353682537401254
12:40747058:T:G	2.79384e-05	0.00692708	-5.51319	-3.31272	12	40747058	T	G	0.0009239342803627296	3.0343589191379916
12:26076600:CT:C	0.0220777	0.00014292	5.04004	3.31239	12	26076600	CT	C	0.0009250249491049186	3.0338465536258616
12:102595734:T:C	5.52066e-05	0.0233919	-6.04906	-3.31201	12	102595734	T	C	0.0009262823484046737	3.033256611953685
12:60005416:A:G	4.14946e-06	0.000700548	-5.12888	-3.31178	12	60005416	A	G	0.0009270441750358963	3.0328995705834165
12:130979973:A:G	0.0159566	0.000968147	2.80224	3.31148	12	130979973	A	G	0.0009280387344208795	3.032433896847752
12:7737953:C:T	9.12493e-05	0.0177819	-5.27234	-3.31133	12	7737953	C	T	0.0009285363847563327	3.0322010737343232
12:18430138:C:A	9.37928e-06	0.00271077	-5.66649	-3.31132	12	18430138	C	A	0.0009285695702350298	3.032185552519456
12:41084463:A:G	2.0679e-05	0.00344649	-5.11599	-3.31104	12	41084463	A	G	0.0009294992099109777	3.0317509750491007
12:15102677:A:ATGTGTGTGT	0.000109671	0.0271336	-5.51104	-3.311	12	15102677	A	ATGTGTGTGT	0.0009296320859506285	3.031688895161549
12:618002:G:T	7.82354e-06	0.00194579	-5.51628	-3.31076	12	618002	G	T	0.0009304297118473195	3.031316429529279
12:80498349:C:T	0.0031588	0.000147456	3.06442	3.31053	12	80498349	C	T	0.0009311946982804519	3.0309595053253067
12:1199807:G:A	2.34969e-05	0.00203401	-4.4609	-3.31034	12	1199807	G	A	0.0009318270830799712	3.0306646711562526
12:20793155:C:A	0.000107927	0.0176776	-5.0986	-3.3103	12	20793155	C	A	0.0009319602674128198	3.0306026026794863
12:100282394:T:C	0.000316837	0.00816833	-3.24963	-3.30977	12	100282394	T	C	0.0009337266256250905	3.0297802569185546
12:66526690:A:T	0.0126516	0.000277126	3.82107	3.30913	12	66526690	A	T	0.0009358637204372871	3.028787388196871
12:79661452:A:G	5.55001e-06	0.000661684	-4.78099	-3.30911	12	79661452	A	G	0.0009359305776113006	3.0287563637389034
12:16452400:C:CA	4.9042e-06	0.000990038	-5.30765	-3.30905	12	16452400	C	CA	0.0009361311756838095	3.0286632913430265
12:92092274:A:AAGGGGC	0.00984127	0.000226167	3.77307	3.30905	12	92092274	A	AAGGGGC	0.0009361311756838095	3.0286632913430265
12:14440968:T:C	3.28271e-06	0.000552292	-5.12541	-3.30896	12	14440968	T	C	0.0009364321474785005	3.0285236854999003
12:7337914:C:A	0.000195888	0.0565056	-5.66455	-3.30874	12	7337914	C	A	0.0009371682337521588	3.028182440668287
12:96643783:T:C	6.85752e-06	0.0022128	-5.77667	-3.3087	12	96643783	T	C	0.0009373021251974555	3.0281203982724842
12:54442498:C:T	8.34068e-05	0.0269091	-5.77649	-3.30856	12	54442498	C	T	0.000937770884826305	3.0279032550217404
12:83279765:G:A	0.0001828	7.7673e-06	3.15847	3.30854	12	83279765	G	A	0.0009378378682143359	3.0278722352093554
12:104047305:CT:C	0.0188461	8.6207e-05	5.38731	3.30832	12	104047305	CT	C	0.0009385749780857183	3.0275310280312064
12:87754846:A:G	2.16373e-06	0.000177912	-4.40945	-3.3082	12	87754846	A	G	0.0009389772641995016	3.0273449233379774
12:89615388:A:G	1.84401e-05	0.00530334	-5.66157	-3.30747	12	89615388	A	G	0.000941427948295982	3.0262129128803292
12:87755973:C:T	2.19039e-06	0.000179726	-4.40736	-3.30673	12	87755973	C	T	0.0009439182499648154	3.025065617064816
12:100864618:C:T	1.57393e-05	0.0031679	-5.30466	-3.30666	12	100864618	C	T	0.0009441541346960899	3.0249571006344893
12:87756208:C:G	2.19215e-06	0.000179726	-4.40655	-3.30617	12	87756208	C	G	0.0009458068574168197	3.0241975415285767
12:82948375:A:AAC	3.98881e-05	0.00510072	-4.85106	-3.30583	12	82948375	A	AAC	0.0009469552191108844	3.023670558011377
12:87756630:A:G	2.22475e-06	0.000182289	-4.40595	-3.30575	12	87756630	A	G	0.0009472256095003466	3.0235465687352456
12:40082957:C:T	3.57278e-06	0.00114714	-5.77168	-3.30482	12	40082957	C	T	0.0009503741503574766	3.022105384767954
12:91689904:T:C	0.0323372	0.000211655	5.02902	3.30467	12	91689904	T	C	0.0009508828864868326	3.0218729687455905
12:126521061:GTA:G	0.0142882	0.000400098	3.57548	3.30466	12	126521061	GTA	G	0.0009509168111961843	3.021857474670067
12:125449600:T:C	0.000109219	0.0241776	-5.39982	-3.30461	12	125449600	T	C	0.0009510864515603312	3.0217800049036425
12:44845121:G:C	4.3427e-05	0.0107158	-5.5084	-3.30457	12	44845121	G	C	0.0009512221840345423	3.0217180298239295
12:122876954:T:C	6.25421e-05	0.0042333	-4.2149	-3.30441	12	122876954	T	C	0.0009517652933797776	3.021470136024407
12:40083074:A:T	3.57504e-06	0.00114714	-5.77105	-3.30433	12	40083074	A	T	0.0009520369557515985	3.0213461930362344
12:115185229:C:T	0.000299726	0.0580051	-5.26542	-3.30389	12	115185229	C	T	0.0009535323830857158	3.020664553214075
12:117645840:T:C	0.000180619	0.0266564	-4.9944	-3.30295	12	117645840	T	C	0.0009567344516886369	3.019208586956295
12:42021648:C:CAA	9.49696e-06	0.00190253	-5.29997	-3.30292	12	42021648	C	CAA	0.0009568368091798222	3.0191621258763712
12:81647064:AAG:A	0.0197438	9.88917e-05	5.29657	3.30283	12	81647064	AAG	A	0.0009571439425141881	3.0190227448367755
12:76050351:A:G	0.000206981	0.0402441	-5.27009	-3.3016	12	76050351	A	G	0.0009613505931893556	3.017118201384193
12:102746565:A:G	8.25947e-05	0.0141553	-5.1439	-3.30097	12	102746565	A	G	0.0009635118443711477	3.0161429422296866
12:100608553:G:T	6.93105e-05	0.0134611	-5.26896	-3.3007	12	100608553	G	T	0.0009644394716999431	3.015725023522001
12:28896365:A:T	3.43691e-05	0.00575865	-5.1213	-3.3005	12	28896365	A	T	0.0009651271362382675	3.0154154732573875
12:104833787:G:GT	5.85963e-06	0.000975443	-5.1148	-3.30038	12	104833787	G	GT	0.0009655399529008975	3.0152297509209385
12:40747310:A:ATGTG	3.91148e-05	0.0124865	-5.7659	-3.30032	12	40747310	A	ATGTG	0.0009657464225510132	3.0151368919527326
12:20419739:A:ATTT	9.24221e-05	0.00977369	-4.66108	-3.30011	12	20419739	A	ATTT	0.0009664693883755825	3.014811897114069
12:56200734:G:A	4.64546e-06	0.000350928	-4.32469	-3.29963	12	56200734	G	A	0.0009681237642751384	3.0140691192350855
12:85943251:CA:C	5.57333e-06	0.000269249	-3.87764	-3.29937	12	85943251	CA	C	0.0009690209792204205	3.013666820409467
12:59586798:T:A	0.0158842	7.99742e-05	5.29138	3.29932	12	59586798	T	A	0.0009691936088134388	3.0135894584080436
12:57518139:GC:G	0.000608053	3.05991e-06	5.29188	3.29909	12	57518139	GC	G	0.0009699880718343433	3.0132336063197096
12:60439001:A:G	3.31504e-06	0.00041958	-4.84078	-3.29882	12	60439001	A	G	0.0009709214718677834	3.0128158944108807
12:84584044:T:C	5.8502e-05	0.0155986	-5.58587	-3.29851	12	84584044	T	C	0.00097199417911783	3.012336335880902
12:26275130:A:G	0.0190235	0.000443462	3.75882	3.29825	12	26275130	A	G	0.0009728947152361356	3.0119341556884813
12:118676860:G:A	3.51466e-06	0.000587181	-5.11839	-3.29816	12	118676860	G	A	0.0009732066192488719	3.0117949458843722
12:20417466:C:T	0.00697595	0.00019706	3.56671	3.29805	12	20417466	C	T	0.0009735879610167549	3.011624805049476
12:41918353:C:T	0.00167311	2.87646e-05	4.06329	3.298	12	41918353	C	T	0.0009737613439235006	3.0115474699358793
12:113396487:T:TCTCTTTCTT	0.00139322	8.60791e-05	2.78411	3.2973	12	113396487	T	TCTCTTTCTT	0.0009761917088528226	3.0104648852830205
12:26909472:CTT:C	0.0126917	6.0163e-05	5.35164	3.29712	12	26909472	CTT	C	0.0009768175670970317	3.010186538636576
12:59586968:T:C	0.0158842	8.02462e-05	5.28798	3.29698	12	59586968	T	C	0.0009773046025921862	3.0099700559256206
12:31973128:C:T	4.16151e-05	0.0069397	-5.11655	-3.29669	12	31973128	C	T	0.00097831417723489	3.0095216528525177
12:64983495:C:CT	0.000170089	0.054043	-5.76121	-3.29667	12	64983495	C	CT	0.000978383838657634	3.0094907297654943
12:84736695:ATT:A	0.000638126	6.33888e-06	4.61183	3.29667	12	84736695	ATT	A	0.000978383838657634	3.0094907297654943
12:118522994:C:T	4.66255e-05	0.00312095	-4.20375	-3.29622	12	118522994	C	T	0.000979952435508766	3.008795003386474
12:62510472:C:T	1.26511e-06	0.000199727	-5.06179	-3.29598	12	62510472	C	T	0.0009807899723634733	3.00842398304739
12:10525252:CAGA:C	0.000574716	2.93025e-05	2.97621	3.29548	12	10525252	CAGA	C	0.0009825369700939533	3.0076510993690992
12:20417285:C:T	0.00697527	0.000198018	3.56177	3.29431	12	20417285	C	T	0.0009866362105700425	3.0058429495244234
12:89607038:T:C	6.08497e-06	0.00172061	-5.64461	-3.29421	12	89607038	T	C	0.0009869873065532905	3.0056884326690776
12:3809354:TAA:T	0.0195323	9.11271e-05	5.36757	3.29416	12	3809354	TAA	T	0.000987162897921794	3.0056111757689297
12:121406284:A:AGTTGTTGTT	2.77135e-05	0.0039876	-4.96903	-3.29365	12	121406284	A	AGTTGTTGTT	0.0009889555827592548	3.00482321355524
12:7334173:C:T	8.38342e-05	0.0222044	-5.5792	-3.29334	12	7334173	C	T	0.0009900467263660147	3.0043443079034233
12:28289686:CTTTTTTTTT:C	0.00125455	5.86026e-06	5.36634	3.29327	12	28289686	CTTTTTTTTT	C	0.0009902932678469277	3.004236173335029
12:118686298:A:G	0.00277189	1.26348e-05	5.39083	3.29295	12	118686298	A	G	0.0009914210386561327	3.003741869296797
12:80504094:G:C	0.00307072	0.00014021	3.08653	3.29286	12	80504094	G	C	0.0009917384383775782	3.0036028538012154
12:3809134:G:T	0.0195326	9.12948e-05	5.36574	3.29285	12	3809134	G	T	0.000991773710820096	3.0035874078387024
12:87986317:T:C	0.0198916	0.000590024	3.51789	3.29264	12	87986317	T	C	0.000992514700470127	3.003263052035097
12:75127407:A:T	7.12145e-05	0.0147554	-5.33367	-3.29233	12	75127407	A	T	0.0009936094791747647	3.0027842739170363
12:70766547:T:C	0.00016922	0.0212148	-4.83125	-3.29232	12	70766547	T	C	0.000993644813224	3.0027688301133253
12:58472980:C:T	7.32703e-05	0.011714	-5.07439	-3.29209	12	58472980	C	T	0.0009944578175055828	3.0024136338699527
12:52721096:A:G	0.000123571	0.0179707	-4.97968	-3.29154	12	52721096	A	G	0.000996404456031969	3.0015643389177793
12:103900497:G:A	5.16444e-06	0.0013645	-5.57675	-3.29144	12	103900497	G	A	0.0009967587691039317	3.001409934891355
12:74834298:C:CCTTT	0.00130589	1.3067e-05	4.60455	3.29114	12	74834298	C	CCTTT	0.000997822408294536	3.000946747250525
12:43610820:G:A	0.00441497	0.000242542	2.90158	3.29076	12	43610820	G	A	0.0009991711930527859	3.000360095529198
12:52965147:T:A	8.02637e-05	0.0253073	-5.75353	-3.29069	12	52965147	T	A	0.0009994198374265017	3.000252034521847
12:7332213:C:T	7.68485e-05	0.0202731	-5.57521	-3.29025	12	7332213	C	T	0.00100098405702903	2.999572839603056
12:91688088:T:C	0.000196665	0.0325328	-5.1085	-3.29022	12	91688088	T	C	0.001001090790855351	2.99952653373003
12:91688023:G:A	0.000196665	0.0325328	-5.1085	-3.29022	12	91688023	G	A	0.001001090790855351	2.99952653373003
12:19049963:G:C	3.33997e-05	0.00155866	-3.84303	-3.28998	12	19049963	G	C	0.0010019450408359268	2.9991560999421236
12:7332984:C:T	7.8348e-05	0.0206553	-5.57457	-3.28975	12	7332984	C	T	0.001002764330251174	2.9988011229094775
12:28410985:G:T	0.00120241	5.64511e-06	5.36129	3.28965	12	28410985	G	T	0.0010031207364439724	2.9986467917894672
12:100864415:T:C	1.47667e-05	0.00355628	-5.4841	-3.28947	12	100864415	T	C	0.0010037625631209488	2.9983690060370893
12:46102753:G:GT	1.97226e-05	0.0038814	-5.28218	-3.28874	12	46102753	G	GT	0.0010063694260329535	2.9972425657649366
12:63621661:A:G	8.37621e-06	0.00172661	-5.32852	-3.28851	12	63621661	A	G	0.0010071920638781825	2.9968877048893634
12:57495807:C:T	9.40824e-06	0.00185047	-5.28161	-3.28828	12	57495807	C	T	0.0010080153241669157	2.996532865558605
12:58475766:G:C	0.008603	0.000104598	4.40974	3.28801	12	58475766	G	C	0.0010089825549682051	2.9961163425307213
12:73462559:G:GT	0.000238149	1.61314e-05	2.69213	3.28797	12	73462559	G	GT	0.001009125921464255	2.996054637940551
12:79490158:C:A	0.000547263	1.63353e-05	3.5116	3.28796	12	79490158	C	A	0.0010091617660345298	2.9960392118948245
12:41919976:CTCT:C	0.0016587	2.89253e-05	4.04907	3.28776	12	41919976	CTCT	C	0.0010098789049874175	2.995730699532925
12:59587417:T:C	7.74689e-05	0.020367	-5.57179	-3.2876	12	59587417	T	C	0.0010104529557682948	2.995483901372663
12:1438049:A:AC	0.00412096	0.000198012	3.03551	3.28759	12	1438049	A	AC	0.0010104888439692544	2.9954684768338207
12:25907630:AT:A	8.01314e-05	0.00639573	-4.37972	-3.28737	12	25907630	AT	A	0.0010112786829613895	2.995129147283061
12:11178495:T:C	1.17445e-05	0.00130634	-4.7116	-3.28714	12	11178495	T	C	0.0010121050347188544	2.994774414737578
12:74769248:A:G	0.00712058	5.80541e-05	4.80937	3.28704	12	74769248	A	G	0.0010124645130075766	2.9946201899158402
12:12446703:A:G	1.94091e-05	0.00266581	-4.92252	-3.28684	12	12446703	A	G	0.0010131838241644053	2.994311752490074
12:89527981:CAG:C	0.0211676	6.78714e-05	5.74261	3.28663	12	89527981	CAG	C	0.0010139396099585504	2.9939879107253526
12:81703326:T:C	6.84578e-05	0.0129405	-5.2419	-3.28661	12	81703326	T	C	0.0010140116167678295	2.9939570695892046
12:89617318:T:C	2.48524e-05	0.010178	-6.01503	-3.28632	12	89617318	T	C	0.0010150562475521735	2.9935098914210148
12:105029199:TA:T	0.0371017	0.000189796	5.27547	3.28604	12	105029199	TA	T	0.0010160658016906488	2.993078165688145
12:128349665:C:T	0.000992886	0.0470716	-3.85881	-3.28591	12	128349665	C	T	0.0010165348391018942	2.992877732451003
12:58460643:C:T	0.0282073	0.000314056	4.49777	3.28567	12	58460643	C	T	0.0010174012808767724	2.992507719940988
12:30458583:TG:T	0.00616902	3.30372e-05	5.22966	3.28561	12	30458583	TG	T	0.0010176179981000546	2.9924152204786654
12:83759049:C:T	2.40301e-05	0.00302759	-4.83622	-3.28511	12	83759049	C	T	0.0010194256372972723	2.9916444486394727
12:83759093:G:A	2.40301e-05	0.00302759	-4.83622	-3.28511	12	83759093	G	A	0.0010194256372972723	2.9916444486394727
12:93517682:C:CA	0.00236495	7.38223e-05	3.46685	3.28488	12	93517682	C	CA	0.0010202581489190319	2.9912899277809246
12:59587525:G:A	0.0159112	8.18232e-05	5.27022	3.28479	12	59587525	G	A	0.0010205840855931592	2.991151208091736
12:57533770:CA:C	0.000432746	1.24523e-05	3.54824	3.28411	12	57533770	CA	C	0.00102304983488302	2.9901032103860263
12:65684519:G:A	0.000514046	0.0569344	-4.70734	-3.28392	12	65684519	G	A	0.0010237397791025777	2.9898104211548553
12:93509452:C:T	8.65047e-06	0.00241487	-5.63179	-3.28362	12	93509452	C	T	0.0010248300415582174	2.9893481522995398
12:12502861:T:C	5.17604e-06	0.000973458	-5.23681	-3.28307	12	12502861	T	C	0.0010268316475502426	2.9885007545851
12:3810707:GAGAGA:G	0.00334102	1.79507e-05	5.22641	3.28307	12	3810707	GAGAGA	G	0.0010268316475502426	2.9885007545851
12:113244225:T:C	0.000383871	2.09289e-05	2.90918	3.28305	12	113244225	T	C	0.0010269045013520644	2.9884699424438743
12:38375095:C:T	2.9496e-06	0.000822178	-5.63029	-3.28301	12	38375095	C	T	0.0010270502233074219	2.9884083186500776
12:55203375:A:G	1.14018e-06	0.000355755	-5.74305	-3.28254	12	55203375	A	G	0.0010287638904150605	2.9876842878769896
12:83759665:G:A	1.76606e-05	0.00360727	-5.31937	-3.2817	12	83759665	G	A	0.0010318332071634416	2.9863904994751396
12:77655891:G:A	1.09592e-05	0.000464889	-3.74762	-3.28114	12	77655891	G	A	0.0010338841240410187	2.98552813349507
12:91817979:A:G	6.62077e-05	0.0206061	-5.74055	-3.28059	12	91817979	A	G	0.0010359020888324837	2.984681291202042
12:59588469:A:G	7.94122e-05	0.0206859	-5.56255	-3.28044	12	59588469	A	G	0.001036453075106044	2.9844503555902184
12:1391437:G:A	0.00392439	0.000181989	3.07102	3.2804	12	1391437	G	A	0.0010366000505746909	2.984388774307689
12:14628170:G:A	2.1423e-05	0.0015736	-4.29665	-3.28039	12	14628170	G	A	0.0010366367974553265	2.984373379088851
12:1447029:G:GA	0.00400839	0.000274337	2.68179	3.28016	12	1447029	G	GA	0.0010374823084896999	2.984019300293758
12:76221630:C:G	4.68798e-05	0.00765671	-5.09575	-3.27998	12	76221630	C	G	0.0010381444578749471	2.9837422101746442
12:57525324:C:T	0.000204019	1.06101e-05	2.95641	3.27969	12	57525324	C	T	0.0010392120767207791	2.983295814953968
12:59588497:A:G	0.0161221	8.35336e-05	5.26269	3.27963	12	59588497	A	G	0.001039433090186875	2.9832034615974243
12:74944311:C:G	3.74234e-06	0.00103829	-5.62562	-3.27936	12	74944311	C	G	0.00104042818914484	2.9827878896324456
12:42201595:C:T	1.52598e-06	0.000249022	-5.09491	-3.2793	12	42201595	C	T	0.0010406494419285546	2.9826955443378727
12:28436160:T:C	1.07745e-05	0.00299067	-5.62607	-3.27923	12	28436160	T	C	0.0010409076252033789	2.9825878100134853
12:56337230:AT:A	0.000103802	0.00460325	-3.79204	-3.27895	12	56337230	AT	A	0.001041940951143765	2.9821568926670863
12:100847478:A:ATTTT	1.69135e-05	0.00328782	-5.26987	-3.27892	12	100847478	A	ATTTT	0.001042051720917986	2.982110724844717
12:3813263:T:C	2.37262e-05	0.00736362	-5.73773	-3.27839	12	3813263	T	C	0.00104401045123032	2.981295153738988
12:104081939:TA:T	0.00978857	3.17491e-05	5.73111	3.27798	12	104081939	TA	T	0.0010455280319395751	2.98066431870143
12:91402157:A:G	0.000113534	0.0184957	-5.09319	-3.27792	12	91402157	A	G	0.0010457502880547296	2.9805720071197324
12:74554736:A:G	8.36695e-06	0.000693626	-4.41764	-3.2779	12	74554736	A	G	0.001045824383140853	2.9805412369182225
12:102040033:T:C	6.8103e-05	0.0211131	-5.73663	-3.27754	12	102040033	T	C	0.0010471589256351552	2.979987401140118
12:83728656:G:T	6.86272e-06	0.00111034	-5.08632	-3.27732	12	83728656	G	T	0.0010479752549044658	2.9796489719184374
12:115185884:C:T	0.000294649	0.0549686	-5.22873	-3.27719	12	115185884	C	T	0.001048457908023768	2.9794490002772744
12:7330511:A:C	7.2511e-05	0.0200555	-5.62252	-3.27694	12	7330511	A	C	0.0010493866652368572	2.9790644587681787
12:17124467:G:A	3.40951e-05	0.00660928	-5.26708	-3.2767	12	17124467	G	A	0.0010502789882745058	2.978695322859317
12:10509520:C:T	5.64955e-05	0.0156192	-5.6221	-3.27661	12	10509520	C	T	0.0010506137903726464	2.9785569029395
12:22152696:TATA:T	0.0235372	7.64903e-05	5.72918	3.27653	12	22152696	TATA	T	0.0010509114751347049	2.978433865779304
12:105018376:C:CA	0.00183548	5.79538e-05	3.45542	3.27605	12	105018376	C	CA	0.0010526992231980506	2.977695697536979
12:115186128:T:A	0.000294533	0.0548444	-5.22686	-3.27583	12	115186128	T	A	0.0010535195477446707	2.977357401775023
12:82156073:A:G	8.02916e-05	0.0221684	-5.62076	-3.27556	12	82156073	A	G	0.00105452711802484	2.9769422475441094
12:115185795:C:T	0.000295782	0.0550365	-5.22613	-3.27529	12	115185795	C	T	0.0010555355797955267	2.9765271229925796
12:100863971:G:A	1.52813e-05	0.00362799	-5.46981	-3.27431	12	100863971	G	A	0.0010592034240326665	2.975020623980575
12:29121722:T:C	1.29838e-05	0.003082	-5.46963	-3.27417	12	29121722	T	C	0.001059728363296566	2.9748054417536878
12:13822119:C:T	1.27662e-05	0.00394053	-5.73227	-3.27415	12	13822119	C	T	0.001059803374264895	2.974774702086936
12:10516095:G:A	2.76655e-05	0.00447995	-5.08718	-3.27309	12	10516095	G	A	0.001063785992046517	2.9731457327755013
12:14627587:A:C	2.14631e-05	0.00155943	-4.28574	-3.2729	12	14627587	A	C	0.0010645013191161138	2.9728537960532826
12:107753664:T:C	0.00318068	2.01418e-05	5.06205	3.27283	12	107753664	T	C	0.0010647649728204953	2.9727462441233383
12:63623332:A:G	8.78711e-06	0.00177269	-5.30697	-3.27247	12	63623332	A	G	0.0010661218606543407	2.972193151421097
12:55202828:TA:T	0.000218916	1.13921e-06	5.25835	3.27242	12	55202828	TA	T	0.001066310443760983	2.972116337162901
12:20788831:A:C	0.0150382	0.000186884	4.38786	3.27212	12	20788831	A	C	0.001067442590593377	2.9716554729858036
12:10509396:A:G	0.0113489	6.18719e-05	5.21181	3.27172	12	10509396	A	G	0.001068953849499227	2.971041044408133
12:31976347:T:A	5.52515e-05	0.0151834	-5.61606	-3.27156	12	31976347	T	A	0.0010695589070671664	2.9707952912142885
12:40279566:G:A	8.50501e-06	0.00201202	-5.46624	-3.27151	12	40279566	G	A	0.0010697480525188418	2.9707184954783745
12:33468265:G:A	7.17961e-06	0.00220798	-5.72859	-3.27128	12	33468265	G	A	0.001070618520201628	2.970365248201044
12:25418965:A:ATTATT	6.93733e-05	0.0129825	-5.23186	-3.27126	12	25418965	A	ATTATT	0.0010706942440003896	2.9703345320641823
12:105684080:A:G	5.8557e-05	0.00998018	-5.13835	-3.2712	12	105684080	A	G	0.0010709214451242869	2.9702423846305765
12:34225773:C:T	9.24126e-06	0.00218481	-5.46561	-3.27101	12	34225773	C	T	0.0010716412096080223	2.969950594092153
12:87387545:G:A	2.91491e-05	0.00800173	-5.61499	-3.27074	12	87387545	G	A	0.0010726648026247356	2.969535969658791
12:80540819:C:T	0.000875015	0.117609	-4.90088	-3.27043	12	80540819	C	T	0.0010738411543166873	2.969059955978898
12:28289687:C:CTT	4.00873e-06	0.00123074	-5.72689	-3.26996	12	28289687	C	CTT	0.0010756269315803362	2.968338332433951
12:7740841:G:A	3.34885e-05	0.0102752	-5.72628	-3.26949	12	7740841	G	A	0.0010774154554815249	2.9676167988084434
12:122288244:G:C	1.11178e-05	0.00261077	-5.45885	-3.26929	12	122288244	G	C	0.0010781773634887567	2.96730979049581
12:28411328:A:G	5.28072e-06	0.00144645	-5.61281	-3.26906	12	28411328	A	G	0.0010790541737913113	2.96695675106498
12:7333404:G:A	8.03883e-05	0.0220035	-5.61209	-3.26878	12	7333404	G	A	0.0010801224852211098	2.96652699299508
12:27234330:C:CAT	1.24811e-05	0.00498956	-5.99089	-3.26809	12	27234330	C	CAT	0.0010827592870713036	2.965468082540145
12:7613224:G:A	2.23712e-05	0.0068503	-5.72427	-3.26792	12	7613224	G	A	0.0010834098473995692	2.965207221313097
12:618695:G:C	6.93707e-06	0.00163261	-5.46105	-3.26744	12	618695	G	C	0.0010852486756584893	2.9644707354635185
12:94307682:CTT:C	0.0105151	5.19721e-05	5.30986	3.26726	12	94307682	CTT	C	0.0010859389801408505	2.964194577447583
12:49013243:C:CT	1.0832e-05	0.00295904	-5.61011	-3.26723	12	49013243	C	CT	0.0010860540703632473	2.964148552393734
12:53894868:T:C	0.000159061	0.0293559	-5.21796	-3.26717	12	53894868	T	C	0.0010862842846530597	2.9640565033850113
12:64484014:T:TACACAC	7.94193e-06	0.00242798	-5.72266	-3.26667	12	64484014	T	TACACAC	0.0010882044930175735	2.963289485295846
12:17299913:G:A	1.19326e-06	0.000476084	-5.98891	-3.26659	12	17299913	G	A	0.0010885120175256535	2.9631667718445067
12:117646577:G:A	0.000220365	0.0310295	-4.94741	-3.2665	12	117646577	G	A	0.001088858078671455	2.9630287223254554
12:83311333:T:G	1.01949e-05	0.00187836	-5.21627	-3.2658	12	83311333	T	G	0.001091553140830114	2.961955116384074
12:52721078:G:GA	0.000121078	0.0183808	-5.02262	-3.26576	12	52721078	G	GA	0.001091707330563166	2.9618937734969384
12:105059268:AAATAATAAT:A	0.0656009	0.000453906	4.97345	3.26574	12	105059268	AAATAATAAT	A	0.0010917844329832351	2.9618631022975777
12:121900588:CA:C	0.00382627	2.76242e-05	4.93095	3.26555	12	121900588	CA	C	0.001092517157191206	2.961571734023484
12:49012378:C:CT	1.008e-05	0.0040158	-5.98744	-3.26548	12	49012378	C	CT	0.0010927872228371966	2.9614643915210164
12:56334474:GA:G	9.35867e-05	0.00422281	-3.80937	-3.26498	12	56334474	GA	G	0.0010947180594168707	2.960697717358825
12:56334216:G:A	9.34516e-05	0.00421585	-3.80916	-3.26483	12	56334216	G	A	0.001095297925334305	2.960467734951551
12:3808297:T:A	0.0189654	9.41173e-05	5.30583	3.26438	12	3808297	T	A	0.001097039227855518	2.9597778426745225
12:15118999:C:T	0.000121691	0.0483645	-5.98504	-3.26367	12	15118999	C	T	0.0010997918231768918	2.9586895135706306
12:10513301:C:G	0.00800342	3.89626e-05	5.32502	3.26362	12	10513301	C	G	0.0010999859084451784	2.958612878408775
12:40843132:C:A	1.76093e-05	0.00536205	-5.71867	-3.26356	12	40843132	C	A	0.0011002188525767044	2.9585209175576
12:101762525:A:T	1.00637e-05	0.00200454	-5.29423	-3.263	12	101762525	A	T	0.0011023951986947908	2.9576626869321854
12:81104925:T:C	0.0027169	1.96918e-05	4.92705	3.2629	12	81104925	T	C	0.0011027842505992075	2.9575094448937023
12:73217512:C:G	1.02171e-05	0.0040535	-5.98327	-3.26234	12	73217512	C	G	0.0011049652886311375	2.9566513646872288
12:7605777:A:C	6.18607e-06	0.00167877	-5.60352	-3.26207	12	7605777	A	C	0.001106018285126209	2.956237693045995
12:20035209:C:T	0.000996779	1.80194e-05	4.01308	3.26184	12	20035209	C	T	0.0011069160139506819	2.9558853294929834
12:14091169:G:A	0.0110322	6.0949e-05	5.19854	3.2614	12	14091169	G	A	0.001108635285941058	2.9552113026823887
12:53380985:C:G	2.17057e-06	0.000551621	-5.53787	-3.26132	12	53380985	C	G	0.0011089481460138456	2.955088760817976
12:43922122:A:C	6.00384e-05	0.00336841	-4.02721	-3.26132	12	43922122	A	C	0.0011089481460138456	2.955088760817976
12:67202077:A:C	0.00289494	0.000143793	3.00234	3.26128	12	67202077	A	C	0.0011091046066631265	2.9550274908624727
12:120785441:G:C	3.88626e-06	0.000543228	-4.94008	-3.26082	12	120785441	G	C	0.0011109053718358524	2.954322933174159
12:104110810:G:A	2.07641e-05	0.00562582	-5.6019	-3.26081	12	104110810	G	A	0.0011109445489121423	2.9543076176590177
12:74960359:G:A	1.08009e-05	0.00327653	-5.71491	-3.26063	12	74960359	G	A	0.00111164995477632	2.954031945345339
12:61314650:C:A	6.03646e-05	0.0163419	-5.60108	-3.26007	12	61314650	C	A	0.0011138472001998986	2.953174382467064
12:82014257:C:T	5.748e-05	0.0133417	-5.44721	-3.25999	12	82014257	C	T	0.0011141614200068433	2.953051883902267
12:90754160:T:C	0.00292605	1.43269e-05	5.31927	3.2595	12	90754160	T	C	0.0011160878054165678	2.9523016370222464
12:38370834:G:A	0.000568497	5.93282e-06	4.5625	3.25922	12	38370834	G	A	0.0011171899792888898	2.951872968387303
12:62231730:G:C	0.00270101	1.88716e-05	4.96372	3.25893	12	62231730	G	C	0.0011183325773566745	2.951429023791345
12:34223690:GA:G	0.00228906	1.38193e-05	5.10983	3.2588	12	34223690	GA	G	0.001118845127137419	2.951230025254103
12:87978586:A:G	0.0291628	0.000905565	3.47209	3.25857	12	87978586	A	G	0.001119752478070745	2.950877967765829
12:30187305:TATACTATAC:T	0.0233276	0.000116718	5.29763	3.25852	12	30187305	TATACTATAC	T	0.0011199498182769322	2.950801436377737
12:17317261:TACAC:T	1.9064e-05	0.00153994	-4.39169	-3.25844	12	17317261	TACAC	T	0.0011202656294900999	2.950678988272804
12:72704345:GTATCTCTGC:G	0.00950669	5.27224e-05	5.19471	3.25842	12	72704345	GTATCTCTGC	G	0.0011203445951574592	2.9506483766534948
12:30676740:T:G	3.94352e-05	0.011925	-5.71174	-3.25816	12	30676740	T	G	0.001121371617250994	2.950250440414508
12:70303175:G:T	5.16183e-07	0.000139264	-5.59767	-3.2575	12	70303175	G	T	0.0011239825838635486	2.949240418117987
12:31668494:C:CT	2.95852e-05	0.00797944	-5.59735	-3.25721	12	31668494	C	CT	0.001125131603175104	2.94879667649482
12:117049627:G:A	0.0100922	0.000120068	4.43146	3.25694	12	117049627	G	A	0.0011262023558736279	2.948383568504647
12:51421018:A:ATG	6.6038e-05	0.0178016	-5.59682	-3.25683	12	51421018	A	ATG	0.0011266388584795775	2.9482152737537657
12:51665829:T:C	1.07418e-05	0.00271382	-5.53197	-3.25675	12	51665829	T	C	0.0011269564131556214	2.9480928806637934
12:15118452:C:A	0.000122869	0.0483645	-5.97541	-3.2564	12	15118452	C	A	0.0011283466880391885	2.9475574415146846
12:46426736:T:G	0.00186222	1.95075e-05	4.55872	3.25636	12	46426736	T	G	0.0011285056775179787	2.947496251642908
12:87936762:G:A	0.000126197	0.0101647	-4.38884	-3.2563	12	87936762	G	A	0.0011287442005689754	2.947404468055946
12:53813229:GT:G	0.011048	0.000201361	4.0049	3.25595	12	53813229	GT	G	0.0011301365141956313	2.946869092993635
12:61587384:C:T	3.49029e-05	0.0137267	-5.97453	-3.25574	12	61587384	C	T	0.0011309726642958486	2.946547891881743
12:113605007:ATATTT:A	0.0136147	7.57661e-05	5.19125	3.25573	12	113605007	ATATTT	A	0.0011310124952289605	2.9465325970382836
12:100848637:C:G	1.79805e-05	0.00414864	-5.44125	-3.25522	12	100848637	C	G	0.0011330455932313428	2.9457526139756234
12:83757693:T:G	2.49775e-05	0.00301501	-4.79338	-3.25495	12	83757693	T	G	0.0011341233065046657	2.945339724611283
12:91689332:T:C	0.000205093	0.0324361	-5.06356	-3.25412	12	91689332	T	C	0.0011374422137652215	2.9440706578623876
12:109639599:G:A	8.20127e-05	0.012466	-5.02389	-3.25411	12	109639599	G	A	0.001137482255280696	2.9440553696104423
12:83752766:G:A	0.000681426	1.60997e-05	3.74539	3.25405	12	83752766	G	A	0.0011377225317382306	2.9439636409532053
12:83753282:C:T	0.000681357	1.60991e-05	3.74532	3.25401	12	83753282	C	T	0.001137882742107672	2.9439024893287944
12:83753288:C:T	0.000681357	1.60991e-05	3.74532	3.25401	12	83753288	C	T	0.001137882742107672	2.9439024893287944
12:90758426:A:T	1.56263e-05	0.00419397	-5.59245	-3.25345	12	90758426	A	T	0.0011401278781109898	2.9430464349413277
12:90638658:CA:C	0.0114761	3.84624e-05	5.69834	3.25335	12	90638658	CA	C	0.0011405292258922293	2.9428935815130677
12:64234095:T:C	1.52088e-05	0.00286175	-5.23731	-3.25297	12	64234095	T	C	0.001142055538803248	2.942312775591674
12:7738180:T:G	0.0146353	9.53329e-05	5.03381	3.25273	12	7738180	T	G	0.0011430204984768208	2.9419459810696837
12:81101847:T:A	1.65229e-05	0.00324542	-5.28025	-3.2526	12	81101847	T	A	0.0011435434995847244	2.941747310488545
12:92094627:A:AT	0.00593198	0.000178046	3.50607	3.25228	12	92094627	A	AT	0.0011448318294574025	2.9412583045054896
12:80325141:T:A	0.00428882	0.000257805	2.81156	3.25222	12	80325141	T	A	0.0011450735406171996	2.9411666205217966
12:15102678:A:ATGTGTGTGT	0.000124472	0.0287203	-5.44128	-3.25194	12	15102678	A	ATGTGTGTGT	0.0011462021498627893	2.940738781297332
12:91022180:C:T	1.74931e-06	0.000140076	-4.38296	-3.2519	12	91022180	C	T	0.0011463634636630392	2.9406776640119587
12:40747306:A:ATGTGTGTGT	2.9298e-05	0.00675948	-5.44118	-3.25186	12	40747306	A	ATGTGTGTGT	0.0011465247984477074	2.9406165473775427
12:73646339:A:AC	1.87631e-05	0.00294097	-5.0546	-3.25164	12	73646339	A	AC	0.0011474125149703316	2.9402804175240718
12:80324973:T:G	0.0043497	0.000261701	2.81066	3.25149	12	80324973	T	G	0.0011480181404379655	2.9400512493684783
12:1767270:CAAA:C	0.000475075	5.75396e-06	4.41359	3.25132	12	1767270	CAAA	C	0.0011487048731409594	2.939791536524938
12:16232604:G:C	0.000163418	0.0375092	-5.43603	-3.25105	12	16232604	G	C	0.0011497963467120274	2.939379075586833
12:22533069:G:A	0.000100071	5.39496e-06	2.92041	3.251	12	22533069	G	A	0.001149998576609683	2.9393026971863385
12:7327532:T:C	5.83991e-05	0.0106524	-5.20624	-3.25094	12	7327532	T	C	0.001150241295882482	2.939211044448309
12:59584069:T:G	5.14347e-05	0.0117969	-5.43528	-3.25045	12	59584069	T	G	0.001152225276308029	2.9384626019087507
12:111124689:T:C	0.00659481	0.000433201	2.72284	3.24938	12	111124689	T	C	0.0011565686408043449	2.936828587330939
12:61445445:A:G	2.6363e-05	0.00493772	-5.2327	-3.24929	12	61445445	A	G	0.001156934659578937	2.9366911680885477
12:58461635:G:A	0.0265753	0.000311589	4.44605	3.24927	12	58461635	G	A	0.0011570160116214296	2.9366606309266277
12:58461643:C:T	0.0265753	0.000311589	4.44605	3.24927	12	58461643	C	T	0.0011570160116214296	2.9366606309266277
12:40889918:A:T	0.00124482	7.511e-05	2.80779	3.24916	12	40889918	A	T	0.0011574635423662392	2.9364926794448007
12:68148761:G:A	7.45583e-05	0.0222673	-5.6993	-3.24848	12	68148761	G	A	0.0011602336493269133	2.9354545431908825
12:44648500:G:A	7.58029e-06	0.00114352	-5.01632	-3.24841	12	44648500	G	A	0.001160519154946245	2.935347686902332
12:22670370:AT:A	0.0162817	8.73461e-05	5.22792	3.24822	12	22670370	AT	A	0.0011612944260994409	2.9350576584529566
12:43959780:G:T	0.000281349	0.0224187	-4.37805	-3.24821	12	43959780	G	T	0.0011613352431000504	2.935042394204532
12:38493096:T:C	1.37144e-06	0.000365572	-5.5856	-3.2482	12	38493096	T	C	0.0011613760614265034	2.935027129996788
12:31103141:G:A	0.00271495	2.34349e-05	4.7523	3.24809	12	31103141	G	A	0.001161825150534318	2.934859226396504
12:53376404:A:G	5.53503e-06	0.00147506	-5.58535	-3.24787	12	53376404	A	G	0.0011627238102528657	2.934523433962874
12:29114904:T:C	7.64903e-06	0.00228251	-5.69845	-3.24783	12	29114904	T	C	0.0011628872719296054	2.9344623829084897
12:44839478:T:C	6.62836e-05	0.0088785	-4.89744	-3.24779	12	44839478	T	C	0.001163050754843554	2.934401332504985
12:44641853:T:C	1.47698e-05	0.00243948	-5.10695	-3.2475	12	44641853	T	C	0.0011642366413253079	2.9339587365448883
12:25413783:G:T	9.56911e-05	0.0372092	-5.96318	-3.24717	12	25413783	G	T	0.0011655874575815864	2.9334551344813864
12:76222133:T:C	4.6662e-05	0.00727346	-5.04906	-3.24715	12	76222133	T	C	0.0011656693717659625	2.9334246145679805
12:54443112:G:C	8.94322e-05	0.0266614	-5.69749	-3.24708	12	54443112	G	C	0.0011659561133077392	2.933317796152458
12:50785285:TACACACACA:T	0.0029356	1.49403e-05	5.28061	3.24635	12	50785285	TACACACACA	T	0.0011689503048153175	2.932203951458553
12:31103285:C:T	0.00270544	2.3414e-05	4.74969	3.24631	12	31103285	C	T	0.0011691145752639554	2.9321429251370783
12:31103286:A:G	0.00270544	2.3414e-05	4.74969	3.24631	12	31103286	A	G	0.0011691145752639554	2.9321429251370783
12:107837024:C:T	6.565e-06	0.000782746	-4.78106	-3.24627	12	107837024	C	T	0.0011692788670448879	2.9320818994664553
12:104825975:G:A	3.68541e-06	0.000979696	-5.58286	-3.24592	12	104825975	G	A	0.0011707173304671683	2.9315479526112664
12:40747307:A:ATGTGTGTGT	3.18671e-05	0.00577564	-5.19983	-3.24585	12	40747307	A	ATGTGTGTGT	0.0011710052193130156	2.931441169219874
12:101666898:C:T	7.55315e-05	0.0135703	-5.19109	-3.24536	12	101666898	C	T	0.0011730222737058964	2.9306937412896525
12:39079354:A:G	2.0153e-05	0.0036496	-5.19902	-3.24521	12	39079354	A	G	0.0011736403808802799	2.930464956346284
12:26915384:T:G	9.36094e-05	0.0248534	-5.58162	-3.24495	12	26915384	T	G	0.0011747124796582336	2.9300684174585454
12:92556107:C:A	2.26356e-05	0.00563186	-5.51667	-3.2449	12	92556107	C	A	0.0011749187562207625	2.9299921631325776
12:79950688:C:T	2.48215e-06	0.000196911	-4.37363	-3.24489	12	79950688	C	T	0.0011749600155495168	2.9299769123894137
12:127274321:A:G	0.000439651	0.0241319	-4.00531	-3.2447	12	127274321	A	G	0.0011757441972205934	2.9296871559978257
12:31974249:G:C	6.77522e-05	0.0262519	-5.95964	-3.24449	12	31974249	G	C	0.0011766114869690455	2.929366916017484
12:3812948:G:GCGTGC	2.40454e-05	0.00714067	-5.69362	-3.24406	12	3812948	G	GCGTGC	0.0011783892107862398	2.9287112425040633
12:617021:C:A	7.698e-06	0.00175828	-5.43113	-3.24398	12	617021	C	A	0.001178720223797436	2.9285892650319645
12:28903822:C:G	0.00010836	0.0246433	-5.4268	-3.24368	12	28903822	C	G	0.001179962287935672	2.928131872696554
12:28903816:C:T	0.00010836	0.0246433	-5.4268	-3.24368	12	28903816	C	T	0.001179962287935672	2.928131872696554
12:111124495:C:T	0.00016682	0.00745452	-3.79966	-3.24364	12	111124495	C	T	0.001180127987829433	2.928070889817747
12:56686880:CAT:C	0.000645379	1.738e-05	3.61452	3.2433	12	56686880	CAT	C	0.0011815373052529365	2.9275525616238887
12:19973884:C:A	2.63866e-05	0.00389055	-4.99345	-3.24325	12	19973884	C	A	0.001181744688925836	2.927476340855288
12:113398190:T:C	4.01539e-05	0.00141306	-3.56079	-3.24324	12	113398190	T	C	0.00118178616969617	2.927461096823591
12:89530034:G:C	0.000110061	0.0197189	-5.1883	-3.24309	12	89530034	G	C	0.0011824085427143962	2.9272324412290867
12:105681837:A:G	6.46622e-05	0.0106174	-5.10107	-3.24306	12	105681837	A	G	0.0011825330536540245	2.927186711208396
12:44011659:T:TATACATAC	0.000258875	1.40998e-05	2.91019	3.24284	12	44011659	T	TATACATAC	0.001183446504111524	2.926851368908762
12:7337720:T:G	0.0311797	0.000176492	5.17425	3.24251	12	7337720	T	G	0.0011848179022619322	2.9263483923710205
12:1259369:A:C	2.27357e-05	0.00269567	-4.77547	-3.24234	12	1259369	A	C	0.0011855249530041763	2.9260893005318738
12:20015547:C:G	5.32357e-06	0.0015771	-5.6912	-3.24218	12	20015547	C	G	0.001186190768632536	2.925845460126955
12:69374169:G:A	5.02762e-05	0.00740226	-4.99201	-3.24214	12	69374169	G	A	0.001186357276514644	2.9257845016526605
12:69374183:G:C	5.02762e-05	0.00740226	-4.99201	-3.24214	12	69374183	G	C	0.001186357276514644	2.9257845016526605
12:108132759:G:A	0.0135161	0.000822774	2.79895	3.24199	12	108132759	G	A	0.0011869818734243716	2.9255559131699918
12:15117679:A:G	0.0391795	0.000211846	5.22005	3.24196	12	15117679	A	G	0.0011871068292597677	2.9255101965716332
12:23737175:C:T	2.99112e-05	0.0115497	-5.95618	-3.24188	12	23737175	C	T	0.0011874401042415556	2.9253882874322894
12:38489934:G:A	1.29627e-06	0.000321213	-5.51262	-3.24175	12	38489934	G	A	0.0011879818604695273	2.9251901906327147
12:10512825:T:C	0.00801263	4.02472e-05	5.29373	3.24117	12	10512825	T	C	0.0011904017101394021	2.9243064578872655
12:7609208:A:C	7.35874e-06	0.0019434	-5.57631	-3.24108	12	7609208	A	C	0.0011907776119499266	2.924169339206711
12:108132608:C:T	0.0137944	0.00084068	2.79781	3.24106	12	108132608	C	T	0.0011908611605774236	2.924138868836203
12:72713356:A:G	0.00828516	0.000168088	3.89773	3.24081	12	72713356	A	G	0.0011919059754902889	2.923758002931616
12:72713351:A:AGTG	0.00827884	0.000168059	3.89714	3.24035	12	72713351	A	AGTG	0.0011938306480461305	2.9230572760839295
12:7998062:G:A	0.0640866	0.000218551	5.68097	3.24029	12	7998062	G	A	0.001194081903870025	2.9229658832746086
12:82013957:T:A	5.71311e-05	0.0129226	-5.42139	-3.23935	12	82013957	T	A	0.0011980246286627664	2.921534253747716
12:101904472:T:C	5.8065e-05	0.00896365	-5.03937	-3.23931	12	101904472	T	C	0.0011981926706641902	2.9214733413137006
12:31103408:G:A	0.00269787	2.35907e-05	4.73936	3.23927	12	31103408	G	A	0.0011983607344406323	2.921412429530403
12:99920608:G:C	0.00073675	1.37431e-05	3.98171	3.23925	12	99920608	G	C	0.0011984447744952792	2.9213819738827747
12:46422910:C:T	2.06125e-05	0.00467876	-5.42489	-3.23908	12	46422910	C	T	0.0011991593348222313	2.921123107446098
12:102596451:C:T	5.92748e-05	0.022801	-5.95238	-3.23901	12	102596451	C	T	0.0011994536799298315	2.921016518800192
12:1770122:ATGT:A	0.000653081	3.20599e-06	5.31668	3.23881	12	1770122	ATGT	A	0.001200295033774835	2.9207119907926566
12:3804700:CAA:C	0.0212668	0.000107217	5.29005	3.23852	12	3804700	CAA	C	0.001201515965299836	2.920270454077264
12:46423808:A:G	1.02638e-05	0.00302621	-5.68645	-3.23848	12	46423808	A	G	0.0012016844596562401	2.9202095551455076
12:107764314:A:C	8.34619e-05	0.0219605	-5.57261	-3.23791	12	107764314	A	C	0.0012040878772157655	2.919341816070564
12:31976556:C:G	5.71838e-05	0.0150396	-5.57217	-3.2379	12	31976556	C	G	0.001204130082043882	2.9193265937574076
12:1199781:G:A	2.10058e-05	0.0024689	-4.76673	-3.23619	12	1199781	G	A	0.0012113672378566258	2.916724176264998
12:117641825:T:C	0.000118522	0.00929134	-4.36174	-3.23598	12	117641825	T	C	0.0012122587761683643	2.9164046631186484
12:107766675:C:T	0.000109231	0.0193895	-5.17902	-3.23556	12	107766675	C	T	0.0012140436713322473	2.9157656906269196
12:30656024:T:C	1.70915e-06	0.000384539	-5.41605	-3.23509	12	30656024	T	C	0.0012160439319908838	2.9150507350332058
12:20022807:G:A	1.02181e-05	0.0026771	-5.56833	-3.23496	12	20022807	G	A	0.0012165977327647688	2.914852997217718
12:83654535:G:A	5.96846e-06	0.000799398	-4.89737	-3.23482	12	83654535	G	A	0.0012171943941154352	2.914640056486676
12:74417583:C:T	7.18598e-06	0.00210825	-5.68148	-3.23462	12	74417583	C	T	0.0012180472363437645	2.9143358692682853
12:83725311:T:A	0.000547579	4.82331e-06	4.73205	3.23427	12	83725311	T	A	0.0012195410384532787	2.9138035807754847
12:45417633:A:G	2.4464e-05	0.00436796	-5.18485	-3.23397	12	45417633	A	G	0.0012208227868364856	2.9133473731433
12:19506204:C:G	4.97822e-06	0.00130291	-5.56728	-3.23374	12	19506204	C	G	0.001221806303101512	2.9129976387430956
12:105036693:G:A	0.000190899	0.0277938	-4.98083	-3.23351	12	105036693	G	A	0.0012227905511388868	2.9126479258537805
12:10286020:G:A	0.000102249	0.00826378	-4.39223	-3.23323	12	10286020	G	A	0.0012239897545388082	2.912222217456702
12:103818453:G:C	7.89274e-05	0.0231144	-5.67968	-3.23322	12	103818453	G	C	0.0012240326033143446	2.9122070141749883
12:52104438:T:C	0.00062223	0.0145379	-3.1512	-3.23321	12	52104438	T	C	0.0012240754534752975	2.9121918109339378
12:24989916:CTCTA:C	0.0151309	9.4569e-05	5.07516	3.2332	12	24989916	CTCTA	C	0.0012241183050217118	2.912176607733549
12:49754081:G:A	0.000128644	0.00761206	-4.08044	-3.23305	12	49754081	G	A	0.0012247612445004127	2.9119485646072403
12:46989121:A:T	0.00220191	1.11859e-05	5.28242	3.23305	12	46989121	A	T	0.0012247612445004127	2.9119485646072403
12:90301231:A:G	0.00620184	3.39141e-05	5.20877	3.23298	12	90301231	A	G	0.0012250613896456796	2.9118421476126426
12:44833963:T:C	8.62544e-05	0.0152596	-5.17567	-3.23283	12	44833963	T	C	0.001225704786586305	2.91161411790494
12:16920426:T:C	6.32547e-05	0.0165261	-5.56552	-3.23281	12	16920426	T	C	0.0012257905964210359	2.9115837146351726
12:130752029:C:T	0.00986976	0.000679186	2.67634	3.2321	12	130752029	C	T	0.0012288404425881683	2.910504503933782
12:21144024:TC:T	0.00420206	8.62182e-05	3.88645	3.232	12	21144024	TC	T	0.0012292705609861837	2.9103525188944914
12:130752110:A:G	0.0098666	0.000679186	2.67602	3.23185	12	130752110	A	G	0.0012299159992897836	2.9101245489595327
12:104833267:T:A	4.83137e-06	0.00141234	-5.67787	-3.23181	12	104833267	T	A	0.0012300881690222062	2.910063758521998
12:25202983:C:G	8.15744e-06	0.00310722	-5.94255	-3.23159	12	25202983	C	G	0.0012310355004862108	2.9097294227445913
12:15120495:T:TA	0.0198104	0.000113729	5.16015	3.23154	12	15120495	T	TA	0.0012312508970384198	2.9096534400852403
12:1769920:AT:A	0.000652499	3.23725e-06	5.30608	3.23107	12	1769920	AT	A	0.0012332773266397644	2.908939252774497
12:72695959:T:C	6.86515e-05	0.00875461	-4.84829	-3.23053	12	72695959	T	C	0.0012356093670142572	2.9081188080209723
12:104825228:C:T	5.06393e-06	0.000745269	-4.9916	-3.22982	12	104825228	C	T	0.0012386817655858663	2.907040255530465
12:117648616:G:A	0.000189293	0.0195187	-4.63583	-3.22981	12	117648616	G	A	0.001238725089143889	2.907025066114038
12:31103230:G:T	0.00266984	2.36762e-05	4.7253	3.22967	12	31103230	G	T	0.0012393317659003854	2.9068124185532103
12:74396540:T:C	7.36466e-06	0.00191644	-5.56153	-3.22924	12	74396540	T	C	0.0012411968462408684	2.9061593365860414
12:27228177:C:T	6.87297e-06	0.000899826	-4.87461	-3.22921	12	27228177	C	T	0.0012413270647993711	2.906113775533276
12:31102838:A:AG	0.00262138	2.32899e-05	4.72344	3.22839	12	31102838	A	AG	0.0012448912609034112	2.9048685817827486
12:15117675:G:GCA	0.000213606	0.0621274	-5.67281	-3.22787	12	15117675	G	GCA	0.001247156376778538	2.9040790883706067
12:104825032:C:CT	5.06921e-06	0.000744114	-4.98901	-3.22787	12	104825032	C	CT	0.001247156376778538	2.9040790883706067
12:104825158:T:G	5.06921e-06	0.000744114	-4.98901	-3.22787	12	104825158	T	G	0.001247156376778538	2.9040790883706067
12:70668076:T:A	0.000140619	0.0178616	-4.84435	-3.22755	12	70668076	T	A	0.0012485521852003733	2.903593300913019
12:31921088:G:A	0.000194131	0.0341153	-5.16897	-3.22739	12	31921088	G	A	0.0012492506302113574	2.9033504227961253
12:84578373:C:CT	1.98327e-05	0.00286452	-4.97282	-3.22733	12	84578373	C	CT	0.0012495126400893157	2.9032593461855707
12:125449831:G:A	0.00011996	0.0236852	-5.28545	-3.22727	12	125449831	G	A	0.0012497747007077231	2.9031682710386217
12:86479102:C:T	1.79852e-06	0.000275075	-5.03008	-3.22722	12	86479102	C	T	0.0012499931233228747	2.903092376200859
12:102595378:G:C	5.36283e-05	0.0203015	-5.93637	-3.22693	12	102595378	G	C	0.0012512606697383428	2.9026522061849693
12:21547610:G:A	8.20332e-05	0.0212743	-5.55813	-3.22658	12	21547610	G	A	0.0012527920476636297	2.9021210120444056
12:91686631:A:T	0.000188128	0.0287335	-5.02869	-3.22611	12	91686631	A	T	0.0012548511917391779	2.9014077725401566
12:100865144:C:T	1.44887e-05	0.00420363	-5.67033	-3.22594	12	100865144	C	T	0.001255596757786096	2.901149814409894
12:127270812:G:A	0.000893762	0.0206868	-3.14181	-3.22591	12	127270812	G	A	0.001255728370714673	2.9011042936065286
12:127270777:C:T	0.000893762	0.0206868	-3.14181	-3.22591	12	127270777	C	T	0.001255728370714673	2.9011042936065286
12:70659239:G:A	6.82463e-05	0.0134465	-5.28335	-3.22586	12	70659239	G	A	0.0012559477539023226	2.9010284264139976
12:127249886:GA:G	0.204771	0.0018941	4.68315	3.22578	12	127249886	GA	G	0.0012562988406113825	2.9009070410199524
12:125450011:C:T	0.000120326	0.0236852	-5.2824	-3.22521	12	125450011	C	T	0.0012588029575126938	2.9000422453982084
12:63369975:A:G	0.00196241	1.32874e-05	4.99511	3.22519	12	63369975	A	G	0.001258890904892604	2.90001190409073
12:91025295:G:A	4.42092e-06	0.00114287	-5.55495	-3.2247	12	91025295	G	A	0.0012610473886518114	2.8992685928533386
12:33011701:C:T	7.06361e-06	0.00182706	-5.55551	-3.22453	12	33011701	C	T	0.0012617963530317706	2.899010732168953
12:98487704:T:TG	0.00366251	2.31638e-05	5.06331	3.22446	12	98487704	T	TG	0.001262104869482801	2.8989045576548866
12:20844420:G:T	5.92718e-05	0.00908354	-5.03209	-3.2244	12	20844420	G	T	0.0012623693675853434	2.8988135525139813
12:123466552:CT:C	0.0219597	0.000540681	3.70413	3.22403	12	123466552	CT	C	0.0012640015704015802	2.8982523864837626
12:85944938:A:AAATAATAAT	5.46991e-06	0.00206126	-5.93181	-3.22348	12	85944938	A	AAATAATAAT	0.0012664314188632504	2.8974183236118436
12:40183894:T:A	2.18817e-05	0.00284375	-4.86723	-3.2232	12	40183894	T	A	0.0012676700884669413	2.896993757022801
12:20031275:C:A	0.000277389	1.54963e-05	2.88482	3.22262	12	20031275	C	A	0.0012702394628753483	2.8961143990424034
12:91025283:G:A	4.41768e-06	0.00113886	-5.55217	-3.22257	12	91025283	G	A	0.001270461185611652	2.896038598722369
12:7738634:A:G	0.0138227	9.39797e-05	4.99099	3.22226	12	7738634	A	G	0.0012718366642433085	2.8955686594207837
12:115855590:C:T	1.36421e-05	0.00104981	-4.34321	-3.22208	12	115855590	C	T	0.0012726359599996837	2.895295809365717
12:51806244:C:A	4.11806e-05	0.00914007	-5.40246	-3.22149	12	51806244	C	A	0.0012752591261098443	2.8944015598532626
12:50029215:CA:C	5.12588e-05	0.00536878	-4.65147	-3.22143	12	50029215	CA	C	0.0012755261681832181	2.8943106271514116
12:31103434:G:T	0.00265351	2.38202e-05	4.71311	3.22135	12	31103434	G	T	0.0012758823045810532	2.8941893858252654
12:20031195:C:T	0.000276893	1.54963e-05	2.88303	3.22119	12	20031195	C	T	0.001276594852771181	2.8939469109774807
12:55202924:T:C	1.12304e-06	0.000421824	-5.92855	-3.22102	12	55202924	T	C	0.0012773523377173663	2.893689292853563
12:87389163:T:C	2.70236e-05	0.00695728	-5.55083	-3.22087	12	87389163	T	C	0.0012780210513279907	2.8934619924997733
12:62150971:A:C	3.31969e-05	0.0124641	-5.92815	-3.22072	12	62150971	A	C	0.0012786900880926134	2.8932347012917696
12:32123770:C:T	2.07564e-05	0.00533715	-5.54959	-3.22059	12	32123770	C	T	0.0012792701814600244	2.89303772297606
12:121532441:T:C	3.20359e-05	0.00414954	-4.86389	-3.22049	12	121532441	T	C	0.0012797165724246977	2.8928862058692197
12:30751790:TTATCA:T	7.43611e-05	0.0108004	-4.9784	-3.21989	12	30751790	TTATCA	T	0.0012823979391189129	2.891977188587476
12:107758856:A:T	1.18558e-05	0.0015717	-4.88709	-3.21971	12	107758856	A	T	0.0012832033598352407	2.891704511937098
12:46420041:T:A	2.17219e-05	0.00523082	-5.484	-3.21958	12	46420041	T	A	0.0012837853429415642	2.891507586990997
12:46420074:T:A	2.17219e-05	0.00523082	-5.484	-3.21958	12	46420074	T	A	0.0012837853429415642	2.891507586990997
12:51498881:C:CAA	2.11503e-05	0.00543372	-5.54873	-3.21923	12	51498881	C	CAA	0.001285353431772372	2.890977438586696
12:41632964:G:A	1.73541e-05	0.00224384	-4.86212	-3.21904	12	41632964	G	A	0.001286205420195168	2.890689664590063
12:7621928:A:C	4.74017e-05	0.00448301	-4.54939	-3.21899	12	7621928	A	C	0.001286429714297525	2.8906139370296966
12:41632987:T:C	1.73587e-05	0.00224384	-4.86185	-3.21883	12	41632987	T	C	0.0012871476980626185	2.8903716156649937
12:56332734:G:A	9.03669e-05	0.0038314	-3.74711	-3.21876	12	56332734	G	A	0.001287461932255243	2.8902656033398997
12:19054691:C:CA	4.8865e-05	0.00708606	-4.97682	-3.21871	12	19054691	C	CA	0.001287686428601634	2.8901898814699103
12:44093597:A:G	0.00493549	0.000247225	2.99391	3.21846	12	44093597	A	G	0.0012888094524237733	2.8898112873619364
12:59996539:A:G	5.70049e-06	0.000998098	-5.1653	-3.21846	12	59996539	A	G	0.0012888094524237733	2.8898112873619364
12:51309554:AT:A	0.0107919	6.30196e-05	5.1431	3.21828	12	51309554	AT	A	0.0012896185892731283	2.8895387153338388
12:53374778:C:G	5.74944e-06	0.00147502	-5.54732	-3.21813	12	53374778	C	G	0.0012902932281282171	2.8893115820366893
12:51802405:CA:C	0.00877418	4.43183e-05	5.28817	3.21799	12	51802405	CA	C	0.0012909231849465989	2.889099599210215
12:51500695:C:CT	7.15892e-05	0.0157571	-5.3941	-3.21754	12	51500695	C	CT	0.0012929499693743727	2.88841827979479
12:117647969:G:A	0.000245644	0.070496	-5.65943	-3.21745	12	117647969	G	A	0.001293355678540092	2.8882820257882176
12:122289805:GT:G	0.00179711	2.40813e-05	4.3125	3.21738	12	122289805	GT	G	0.0012936713113453264	2.8881760527258282
12:128338470:T:C	0.0896744	0.00613684	2.68188	3.21735	12	128338470	T	C	0.001293806604310121	2.888130636308746
12:128337022:T:A	0.00183679	0.132423	-4.27798	-3.21609	12	128337022	T	A	0.0012995007153303565	2.8862234770987585
12:40275500:TTAAGAA:T	0.00499993	2.92805e-05	5.14026	3.21607	12	40275500	TTAAGAA	T	0.001299591284233056	2.886193209932612
12:19972015:A:G	3.01121e-05	0.00397318	-4.88239	-3.21606	12	19972015	A	G	0.0012996365708690257	2.8861780764105016
12:4820376:A:AG	5.2027e-06	0.00124635	-5.4788	-3.21555	12	4820376	A	AG	0.0013019481215165185	2.885406320674113
12:125443204:G:C	0.000213085	0.0200517	-4.54438	-3.21535	12	125443204	G	C	0.001302855647281772	2.885103700221315
12:87174970:G:A	8.21752e-06	0.00235147	-5.65653	-3.21519	12	87174970	G	A	0.0013035820882066978	2.8848616155637785
12:97865787:T:C	9.4706e-05	0.0270986	-5.65646	-3.21514	12	97865787	T	C	0.0013038091776456635	2.8847859662419584
12:20035157:C:G	0.000985136	1.90057e-05	3.94804	3.21501	12	20035157	C	G	0.0013043997810630286	2.8845892827602286
12:58462738:A:C	0.000193734	0.0279557	-4.97189	-3.215	12	58462738	A	C	0.0013044452223203676	2.884574153546121
12:51668630:G:C	7.77199e-06	0.00198591	-5.5433	-3.21499	12	51668630	G	C	0.0013044906650386693	2.884559024372653
12:3814332:G:C	2.43862e-05	0.00697534	-5.65612	-3.21488	12	3814332	G	C	0.0013049906313754528	2.8843926061468106
12:34113932:G:C	1.02364e-06	6.12981e-05	-4.09238	-3.21449	12	34113932	G	C	0.001306764664615439	2.8838026175161664
12:615449:G:T	9.16016e-06	0.00119588	-4.87178	-3.21381	12	615449	G	T	0.001309863175121318	2.882774067239838
12:72450633:T:C	5.80267e-06	0.00148029	-5.54168	-3.21371	12	72450633	T	C	0.0013103194098565976	2.882622825695739
12:57517377:G:A	5.31672e-06	3.00357e-07	2.87364	3.2137	12	57517377	G	A	0.0013103650413948515	2.882607701764846
12:7741124:G:A	3.27743e-05	0.0093557	-5.6541	-3.2133	12	7741124	G	A	0.0013121915058960517	2.8820027778532302
12:3814406:A:G	2.44419e-05	0.00697534	-5.65384	-3.2131	12	3814406	A	G	0.001313105618888948	2.8817003402807764
12:75186052:A:AAAATAAAT	1.80285e-05	0.00669728	-5.9175	-3.21268	12	75186052	A	AAAATAAAT	0.0013150271692714932	2.8810652742899694
12:59585009:C:A	5.43579e-05	0.0118886	-5.38774	-3.21246	12	59585009	C	A	0.0013160347309275602	2.880732649285013
12:22762408:C:T	0.000228307	0.0389638	-5.13969	-3.21239	12	22762408	C	T	0.0013163554680902727	2.880626818180909
12:40847843:C:T	2.71225e-05	0.00772789	-5.65223	-3.21185	12	40847843	C	T	0.0013188321518035541	2.8798104737364527
12:107856999:GTTT:G	0.0136035	0.000151175	4.49964	3.21151	12	107856999	GTTT	G	0.0013203937504948646	2.8792965398794554
12:27045695:CAG:C	2.57797e-05	4.99849e-07	3.94303	3.21141	12	27045695	CAG	C	0.0013208533688353074	2.879145391802784
12:97056130:T:C	8.75344e-05	0.0137786	-5.05884	-3.21119	12	97056130	T	C	0.0013218650488880728	2.878812880338162
12:91596981:A:T	3.44103e-06	0.000586066	-5.13766	-3.21091	12	91596981	A	T	0.0013231536757839725	2.8783897123740343
12:61381711:A:C	7.02269e-05	0.0178497	-5.53801	-3.21085	12	61381711	A	C	0.0013234299608837438	2.8782990376694557
12:83280906:A:C	4.78315e-06	0.00121505	-5.53744	-3.2104	12	83280906	A	C	0.0013255037965330943	2.8776190240146207
12:81107165:G:T	1.79917e-05	0.00511651	-5.65032	-3.21036	12	81107165	G	T	0.0013256882825199996	2.877558582338694
12:101018699:A:C	7.02007e-05	0.0153123	-5.38505	-3.21031	12	101018699	A	C	0.0013259189233210803	2.8774830311580795
12:61386531:A:C	5.75441e-05	0.00748038	-4.86749	-3.21029	12	61386531	A	C	0.001326011190008043	2.87745281097028
12:87181719:C:T	1.11251e-05	0.00316274	-5.64999	-3.21011	12	87181719	C	T	0.001326841856823027	2.8771808365944143
12:41538884:T:C	0.0030309	7.60922e-05	3.68467	3.20986	12	41538884	T	C	0.0013279963572727304	2.8768031162470087
12:30236083:A:G	8.40323e-05	0.0238767	-5.64946	-3.20969	12	30236083	A	G	0.001328781946936059	2.8765462809173714
12:42343227:CTT:C	0.0018091	1.03801e-05	5.1607	3.20964	12	42343227	CTT	C	0.0013290130843101112	2.876470743349436
12:38487694:G:C	1.43025e-06	0.000362517	-5.53522	-3.20957	12	38487694	G	C	0.0013293367389568776	2.8763649924609735
12:64673598:G:A	1.90055e-05	0.00539925	-5.64929	-3.20956	12	64673598	G	A	0.0013293829812712652	2.8763498853537306
12:87181982:G:A	1.11379e-05	0.00316274	-5.64884	-3.20921	12	87181982	G	A	0.001331002397627167	2.8758211621997725
12:90238490:AAT:A	7.71552e-06	0.00133475	-5.15326	-3.20891	12	90238490	AAT	A	0.0013323919172816168	2.8753680105430344
12:70073844:AT:A	2.02909e-05	0.00443123	-5.38626	-3.20879	12	70073844	AT	A	0.0013329480998014395	2.875186760120013
12:43933762:T:C	3.39065e-05	0.00193885	-4.04625	-3.20871	12	43933762	T	C	0.0013333190071444978	2.875065929755338
12:71638768:C:T	2.77236e-05	0.00362288	-4.87274	-3.20858	12	71638768	C	T	0.0013339219346794678	2.8748695859591855
12:1262844:T:C	0.000667523	4.07395e-05	2.79637	3.20825	12	1262844	T	C	0.0013354535729657381	2.87437120562484
12:47432360:A:G	0.000133375	8.14077e-06	2.79628	3.20818	12	47432360	A	G	0.0013357786744611568	2.874265494272821
12:83757465:T:C	2.62753e-05	0.00296773	-4.72693	-3.20817	12	83757465	T	C	0.0013358251234921658	2.8742503928136345
12:74944756:A:G	0.000187017	4.70669e-06	3.68222	3.20808	12	74944756	A	G	0.0013362432318348608	2.874114481509427
12:131779614:C:CT	2.22223e-05	0.00381317	-5.14512	-3.20803	12	131779614	C	CT	0.0013364755664156231	2.874038976651452
12:20921188:C:T	2.4598e-05	0.00355136	-4.97242	-3.20767	12	20921188	C	T	0.0013381494759310989	2.8734953716607103
12:10512240:G:A	0.00799278	4.20684e-05	5.247	3.20763	12	10512240	G	A	0.0013383355852281736	2.8734349743567584
12:17961562:G:A	2.75655e-06	0.000476001	-5.15144	-3.20746	12	17961562	G	A	0.0013391268161890289	2.873178293067765
12:84423735:C:G	1.73741e-06	0.000438544	-5.53106	-3.20639	12	84423735	C	G	0.0013441168318084453	2.8715629803859897
12:619398:C:T	5.94948e-06	0.0016831	-5.64509	-3.20629	12	619398	C	T	0.0013445840638533328	2.8714120403530297
12:123464362:C:T	0.0149439	0.00080476	2.92151	3.2058	12	123464362	C	T	0.001346875667512381	2.870672492922518
12:7742811:A:AAAAT	5.05378e-05	0.00896169	-5.17799	-3.20567	12	7742811	A	AAAAT	0.0013474842484639542	2.8704763028352267
12:82550392:A:G	0.000109541	0.0057076	-3.95325	-3.20518	12	82550392	A	G	0.0013497804113421785	2.8697368788377844
12:118679761:T:A	5.34993e-06	0.00115913	-5.37834	-3.20495	12	118679761	T	A	0.0013508594463706785	2.8693898359084904
12:78812906:CA:C	0.000175039	0.0120598	-4.23262	-3.20482	12	78812906	CA	C	0.0013514696876700618	2.8691936907164646
12:34117615:C:G	1.04138e-06	6.15197e-05	-4.07881	-3.20454	12	34117615	C	G	0.001352784917373251	2.86877124746981
12:74959753:AT:A	0.00104647	1.34407e-05	4.35489	3.2045	12	74959753	AT	A	0.00135297290368792	2.868710901034789
12:83757116:C:T	2.62359e-05	0.00294654	-4.72126	-3.20418	12	83757116	C	T	0.001354477661954205	2.8682281529564104
12:103900999:G:C	6.80006e-06	0.00249779	-5.90623	-3.20417	12	103900999	G	C	0.0013545247105162877	2.8682130677493216
12:125095588:C:T	8.33135e-05	0.0306014	-5.90619	-3.20414	12	125095588	C	T	0.001354665865247944	2.868167812371825
12:128335969:C:G	0.00189528	0.134295	-4.26068	-3.20397	12	128335969	C	G	0.0013554659983993165	2.867911372139387
12:60002198:G:A	4.68698e-06	0.000692624	-4.9957	-3.20395	12	60002198	G	A	0.0013555601603669342	2.8678812034722014
12:5740406:T:C	0.000176731	0.0229556	-4.86669	-3.20388	12	5740406	T	C	0.001355889774773612	2.8677756144168214
12:17377071:AT:A	0.00594079	3.14343e-05	5.2417	3.20383	12	17377071	AT	A	0.0013561252588987992	2.8677001948818024
12:42344711:A:AT	8.13762e-06	0.00139864	-5.14676	-3.20375	12	42344711	A	AT	0.0013565021119705718	2.867579525738396
12:43933933:G:A	3.38296e-05	0.00192027	-4.03888	-3.20347	12	43933933	G	A	0.0013578218585920333	2.8671572042125995
12:84586877:G:A	6.25668e-05	0.0176292	-5.64108	-3.20317	12	84586877	G	A	0.0013592371870720934	2.8667047522089915
12:53691966:T:C	2.89056e-05	0.00366505	-4.84256	-3.20313	12	53691966	T	C	0.0013594260003199192	2.8666444280377936
12:80508859:C:T	0.00334395	0.000111976	3.39663	3.20242	12	80508859	C	T	0.0013627814639831154	2.8655737821665292
12:30235246:G:A	8.40198e-05	0.0307904	-5.9039	-3.20241	12	30235246	G	A	0.001362828778544665	2.86555870410975
12:1730326:C:T	8.70183e-06	0.00110235	-4.84167	-3.2024	12	1730326	C	T	0.0013628760946214427	2.865543626093598
12:41915440:C:T	1.67683e-05	0.00240216	-4.96463	-3.20207	12	41915440	C	T	0.0013644383754861343	2.865046074351497
12:76056120:T:C	0.000136561	0.0343178	-5.52665	-3.20196	12	76056120	T	C	0.00136495950274286	2.8648802336021353
12:61314488:A:G	7.48986e-05	0.0176286	-5.46114	-3.20187	12	61314488	A	G	0.0013653860161348492	2.864744549372557
12:83757090:C:T	2.62359e-05	0.00293656	-4.71786	-3.20179	12	83757090	C	T	0.0013657652423455446	2.864623943930991
12:12127646:G:GAGGC	0.0148804	0.000853498	2.85845	3.2016	12	12127646	G	GAGGC	0.0013666662939908064	2.864337516427555
12:121530942:A:G	3.29816e-05	0.00417311	-4.84047	-3.20142	12	121530942	A	G	0.001367520427614578	2.8640661775839074
12:88781758:T:C	0.000145173	0.00601089	-3.7234	-3.20117	12	88781758	T	C	0.0013687075411389445	2.8636893399144885
12:61282104:T:G	1.69408e-06	0.000475989	-5.63826	-3.20098	12	61282104	T	G	0.0013696103830204917	2.86340296026665
12:83756653:GA:G	2.61312e-05	0.00292046	-4.71637	-3.20074	12	83756653	GA	G	0.0013707516000047873	2.8630412385155415
12:18427367:C:T	1.09892e-05	0.00162619	-4.99708	-3.20071	12	18427367	C	T	0.001370894313779007	2.862996024941914
12:11180134:G:GC	0.0025262	1.7708e-05	4.96045	3.20053	12	11180134	G	GC	0.001371750884254506	2.8627247511780074
12:129654381:GTT:G	0.064639	0.000481415	4.89984	3.2005	12	129654381	GTT	G	0.0013718936939832063	2.862679540163662
12:38488501:T:C	1.36215e-06	0.000319975	-5.45918	-3.20035	12	38488501	T	C	0.0013726079483384844	2.862453490576085
12:30751955:G:A	0.00167906	0.000120279	2.63618	3.20001	12	30751955	G	A	0.0013742281948305693	2.8619411453499635
12:28900434:C:A	4.82675e-05	0.0120954	-5.52382	-3.19975	12	28900434	C	A	0.0013754683968648228	2.8615493836275454
12:24440625:TGTGTGTGTG:T	0.0238207	0.000142521	5.11882	3.19939	12	24440625	TGTGTGTGTG	T	0.0013771873038863412	2.8610069896542063
12:61443460:CTT:C	0.00146879	1.91066e-05	4.34216	3.19922	12	61443460	CTT	C	0.0013779996984459545	2.8607508774670523
12:83756396:A:G	2.61867e-05	0.00292032	-4.7142	-3.19921	12	83756396	A	G	0.0013780475001224154	2.860735812409875
12:129656788:T:C	0.0605875	0.000452147	4.89784	3.19901	12	129656788	T	C	0.0013790038548634259	2.8604345197969026
12:31974547:A:G	7.19611e-05	0.0262519	-5.89937	-3.19899	12	31974547	A	G	0.0013790995239957387	2.860404391429281
12:13016454:C:T	0.00142337	8.12385e-06	5.16598	3.19895	12	13016454	C	T	0.0013792908806239763	2.860344135181497
12:82155084:T:C	9.04815e-05	0.0226437	-5.52249	-3.19871	12	82155084	T	C	0.0013804395347231104	2.8599826113435873
12:17963571:AT:A	0.000533046	3.74628e-06	4.95784	3.19867	12	17963571	AT	A	0.0013806310628209804	2.859922359645393
12:25202095:T:TG	8.41786e-06	0.00306819	-5.89849	-3.19832	12	25202095	T	TG	0.0013823079793648023	2.8593951850100514
12:100914596:A:T	7.63374e-06	0.00278123	-5.89807	-3.19801	12	100914596	A	T	0.0013837948167415373	2.8589283004594828
12:125438321:T:C	0.0528693	0.000779476	4.21696	3.19787	12	125438321	T	C	0.0013844667750077097	2.85871746216756
12:83756230:G:A	2.62072e-05	0.00291702	-4.71228	-3.19786	12	83756230	G	A	0.0013845147835394754	2.858702402594218
12:44895819:A:G	1.04857e-06	0.000225738	-5.37194	-3.19756	12	44895819	A	G	0.0013859557535922593	2.858250634282261
12:83756238:T:C	2.62052e-05	0.00291543	-4.71182	-3.19753	12	83756238	T	C	0.0013860999266394702	2.8582054594617508
12:91633464:T:C	0.000153934	0.0270173	-5.16771	-3.19747	12	91633464	T	C	0.0013863883142268666	2.858115110917464
12:39164148:C:T	0.00389913	2.08197e-05	5.23261	3.19731	12	39164148	C	T	0.0013871576183310118	2.8578741886150913
12:109600649:G:A	5.22334e-05	0.00580738	-4.71116	-3.19707	12	109600649	G	A	0.001388312312643904	2.857512824658876
12:14473275:GCT:G	0.0282243	0.000185283	5.02605	3.19694	12	14473275	GCT	G	0.00138893814209915	2.8573170956181895
12:121182963:A:G	1.47512e-05	0.00100516	-4.22158	-3.19667	12	121182963	A	G	0.001390238773097878	2.8569106033910208
12:41465468:A:C	9.4293e-06	0.00114978	-4.8035	-3.19656	12	41465468	A	C	0.0013907689817263247	2.8567450039359437
12:108131756:C:T	0.0148374	0.000955217	2.74297	3.19653	12	108131756	C	T	0.001390913616438844	2.856699841301187
12:116286146:G:T	0.00223776	1.2214e-05	5.21064	3.19634	12	116286146	G	T	0.0013918299584391282	2.856413819770323
12:10308289:C:T	0.00727705	0.000550794	2.58112	3.19611	12	10308289	C	T	0.0013929399593670397	2.8560676027989693
12:10811727:A:T	0.00804255	0.000479944	2.81883	3.19594	12	10811727	A	T	0.0013937609194384468	2.855811717108545
12:98249065:G:GA	8.05616e-05	0.0224863	-5.63164	-3.19583	12	98249065	G	GA	0.00139429236662718	2.855646150269892
12:40272958:A:T	3.86012e-05	0.00962278	-5.51861	-3.19567	12	40272958	A	T	0.0013950657143014607	2.8554053345507238
12:109599608:G:T	5.81206e-05	0.00532281	-4.51724	-3.19564	12	109599608	G	T	0.0013952107610173143	2.8553601827609802
12:7328489:T:C	4.50016e-05	0.0112166	-5.51846	-3.19555	12	7328489	T	C	0.0013956459846067608	2.855224729585091
12:41465337:T:C	9.43456e-06	0.00114861	-4.80193	-3.19537	12	41465337	T	C	0.0013965168073823977	2.854953833103323
12:95230564:G:A	6.50169e-06	0.00161683	-5.51616	-3.19496	12	95230564	G	A	0.001398502218853614	2.85433684024339
12:29820965:TGC:T	0.0035576	1.28916e-05	5.62027	3.19466	12	29820965	TGC	T	0.0013999566075733995	2.853885425309964
12:103821212:A:T	0.00656606	4.92898e-05	4.89195	3.19464	12	103821212	A	T	0.0014000536163920976	2.853855332280794
12:83755672:G:A	2.61919e-05	0.00290199	-4.7077	-3.19464	12	83755672	G	A	0.0014000536163920976	2.853855332280794
12:84927426:A:G	0.000151104	0.0148716	-4.58924	-3.19455	12	84927426	A	G	0.0014004902327861442	2.8537199156600295
12:18446954:C:T	7.30855e-06	0.00181631	-5.51552	-3.19446	12	18446954	C	T	0.0014009269747295998	2.853584502329172
12:63697451:A:C	3.38953e-05	0.00425105	-4.83165	-3.19424	12	63697451	A	C	0.0014019950948975506	2.8532535058149047
12:83755690:A:G	2.62072e-05	0.00290199	-4.70712	-3.19422	12	83755690	A	G	0.0014020922339569183	2.8532234161974785
12:83722953:GC:G	0.000483678	4.51814e-06	4.67332	3.19419	12	83722953	GC	G	0.0014022379541820868	2.8531782820759566
12:77649822:A:G	0.00422328	0.000244564	2.84889	3.19397	12	77649822	A	G	0.001403306995934857	2.852847309687435
12:52115443:C:CGGG	0.00665071	0.000480342	2.62798	3.19346	12	52115443	C	CGGG	0.001405788120031264	2.8520801311194557
12:76219861:G:A	1.66482e-05	0.00602833	-5.89193	-3.19337	12	76219861	G	A	0.0014062263851050718	2.8519447576323285
12:72511953:T:C	1.07327e-05	0.00157096	-4.98615	-3.19293	12	72511953	T	C	0.0014083708284100133	2.8512829790518435
12:20923453:G:A	2.31144e-05	0.0032684	-4.9516	-3.19268	12	20923453	G	A	0.0014095906049830832	2.850907003524537
12:17116490:G:A	2.67964e-05	0.00571719	-5.36297	-3.19266	12	17116490	G	A	0.0014096882291754782	2.850876926578929
12:109593716:A:ATT	0.00314524	0.000102172	3.42699	3.19261	12	109593716	A	ATT	0.001409932316930197	2.850801734925651
12:95232520:C:A	6.18536e-06	0.00153338	-5.51304	-3.19257	12	95232520	C	A	0.00141012761518991	2.850741582334078
12:87756810:T:C	3.68642e-06	0.000915041	-5.51431	-3.19232	12	87756810	T	C	0.001411348794513049	2.8503656433591877
12:77648680:A:G	0.00456127	0.000264759	2.84654	3.1921	12	77648680	A	G	0.0014124242388040935	2.850034838058431
12:34009368:A:ATG	7.25586e-08	2.01549e-05	-5.62681	-3.19206	12	34009368	A	ATG	0.0014126198552860947	2.849974693752
12:107765414:C:T	0.000108156	0.0181958	-5.12537	-3.192	12	107765414	C	T	0.0014129133268444517	2.849884478510746
12:82947894:C:A	4.73723e-05	0.00512613	-4.68407	-3.19187	12	82947894	C	A	0.001413549374735662	2.849689017170402
12:33578645:G:A	7.27781e-06	0.00131701	-5.19829	-3.19162	12	33578645	G	A	0.001414773285793923	2.8493131492685255
12:41465122:T:G	9.48932e-06	0.00114942	-4.79685	-3.19151	12	41465122	T	G	0.0014153121161171527	2.849147775433001
12:13466978:ATTT:A	0.00330352	4.91263e-05	4.20835	3.19141	12	13466978	ATTT	A	0.0014158021260442875	2.848997439846829
12:81102664:T:C	2.52908e-06	0.000625994	-5.51149	-3.19137	12	81102664	T	C	0.0014159981738066383	2.8489373067495065
12:127272896:T:A	0.000516654	0.143381	-5.62589	-3.19135	12	127272896	T	A	0.0014160962070731487	2.848907240444518
12:118681980:A:G	5.45897e-06	0.00116238	-5.36096	-3.19106	12	118681980	A	G	0.001417518392791542	2.8484712972773485
12:125439398:G:A	0.0473807	0.000658363	4.27621	3.19103	12	125439398	G	A	0.0014176655905844475	2.8484262016577064
12:17117825:C:A	2.35424e-05	0.00501228	-5.36084	-3.19097	12	17117825	C	A	0.0014179600284476264	2.8483360115149434
12:64374201:T:G	2.71734e-05	0.00416339	-5.03185	-3.19082	12	64374201	T	G	0.001418696369780365	2.8481105425543825
12:89531304:C:A	0.000120573	0.020254	-5.12385	-3.19076	12	89531304	C	A	0.0014189910050089304	2.8480203575286906
12:1260097:T:C	0.00126998	8.23766e-05	2.73546	3.19043	12	1260097	T	C	0.0014206125073920365	2.8475243660208323
12:41179794:GT:G	0.00146923	2.93331e-05	3.91378	3.19035	12	41179794	GT	G	0.0014210058560493923	2.8474041323155306
12:16299821:C:G	0.0438651	0.00240824	2.90222	3.19018	12	16299821	C	G	0.0014218420553556864	2.8471486443215994
12:43244639:AT:A	2.49784e-05	0.00127602	-3.93349	-3.19018	12	43244639	AT	A	0.0014218420553556864	2.8471486443215994
12:115651413:A:AATAGTAGGA	3.97037e-05	0.00666305	-5.12289	-3.18998	12	115651413	A	AATAGTAGGA	0.0014228264000206352	2.84684808523709
12:29412414:A:G	7.81176e-06	0.00145927	-5.23006	-3.18982	12	29412414	A	G	0.0014236143280452443	2.8466076496653314
12:3437623:CTATATA:C	0.0637188	0.00164506	3.6567	3.18951	12	3437623	CTATATA	C	0.00142514208340867	2.846141835329662
12:40276792:A:C	2.10835e-05	0.00583704	-5.62349	-3.18948	12	40276792	A	C	0.0014252900108852875	2.846096758594101
12:25416232:G:GTT	6.29951e-05	0.0109434	-5.15743	-3.18928	12	25416232	G	GTT	0.0014262765558613506	2.845796256363963
12:39942047:C:T	3.99892e-05	0.00849269	-5.35835	-3.18897	12	39942047	C	T	0.0014278069447041643	2.8453305100091923
12:50783866:G:A	1.39995e-05	0.00298072	-5.3609	-3.1889	12	50783866	G	A	0.0014281527258170475	2.845225346878525
12:105064310:A:G	0.000187666	0.0286793	-5.02926	-3.18888	12	105064310	A	G	0.0014282515345987049	2.8451953006352473
12:118674409:T:G	0.000584932	3.46013e-06	5.13019	3.1887	12	118674409	T	G	0.0014291410972665872	2.8449248917553884
12:51313184:G:GAGGA	1.0171e-05	0.00235351	-5.44412	-3.18868	12	51313184	G	GAGGA	0.0014292399690844352	2.844894847136475
12:107755140:A:T	2.07517e-05	0.0034761	-5.12104	-3.18848	12	107755140	A	T	0.0014302290341314658	2.844594409881295
12:58947117:T:C	0.00271304	0.00013362	3.01082	3.18838	12	58947117	T	C	0.001430723803228794	2.8444441973450223
12:122285909:G:A	1.11842e-05	0.00309172	-5.62198	-3.18831	12	122285909	G	A	0.0014310702354711465	2.844339050985845
12:113921460:G:T	3.71216e-05	0.00916307	-5.50874	-3.18796	12	113921460	G	T	0.0014328035568836653	2.843813349037144
12:88817082:C:CA	0.0136449	0.000751243	2.89939	3.18788	12	88817082	C	CA	0.001433200016267962	2.8436931955763387
12:80507843:T:A	0.00324561	0.000110831	3.37705	3.18786	12	80507843	T	A	0.0014332991469134517	2.843663157617218
12:87176441:C:A	8.97817e-06	0.00247958	-5.62105	-3.18758	12	87176441	C	A	0.001434687639767537	2.843242643244834
12:74963765:A:G	1.6057e-05	0.00199644	-4.82298	-3.18719	12	74963765	A	G	0.0014366236782683006	2.8426569798514048
12:107765767:T:TA	0.000108741	0.0181819	-5.11921	-3.187	12	107765767	T	TA	0.0014375677486712524	2.8423716790343247
12:83716820:G:A	2.91023e-06	0.000523331	-5.19198	-3.18693	12	83716820	G	A	0.001437915708213338	2.8422665719022153
12:74963902:C:A	1.60733e-05	0.00199681	-4.82215	-3.18651	12	74963902	C	A	0.001440005096310687	2.8416359708938526
12:66070292:C:G	0.00268116	4.01463e-05	4.20147	3.18626	12	66070292	C	G	0.0014412501079826506	2.8412606471586375
12:70944855:TC:T	0.00156228	9.06011e-06	5.15002	3.18625	12	70944855	TC	T	0.001441299929081045	2.8412456347371084
12:105064479:G:A	0.000187739	0.028589	-5.02573	-3.18621	12	105064479	G	A	0.0014414992293495803	2.841185585457053
12:60443337:C:T	1.01347e-05	0.00108729	-4.67548	-3.186	12	60443337	C	T	0.0014425459725807511	2.840870337395806
12:7621243:G:A	4.1771e-05	0.0149703	-5.88162	-3.18559	12	7621243	G	A	0.0014445916336124018	2.8402549046955037
12:127245499:T:C	0.00126123	0.18314	-4.97816	-3.18552	12	127245499	T	C	0.0014449411599236016	2.8401498376415395
12:97812389:C:G	0.000293082	0.0369517	-4.83692	-3.18519	12	97812389	C	G	0.0014465899769965365	2.8396545483293054
12:75127582:A:G	7.9124e-05	0.0141786	-5.18847	-3.18432	12	75127582	A	G	0.0014509451744219766	2.8383489975525116
12:10516631:G:C	3.16082e-05	0.00284988	-4.50161	-3.18429	12	10516631	G	C	0.0014510955689671149	2.8383039840417474
12:65642960:C:T	6.69351e-05	0.0123946	-5.22129	-3.18389	12	65642960	C	T	0.0014531022029668837	2.837703838817203
12:127271087:A:G	0.000893762	0.0195969	-3.08769	-3.18381	12	127271087	A	G	0.0014535038365355508	2.837583817568118
12:127271088:T:C	0.000893762	0.0195969	-3.08769	-3.18381	12	127271088	T	C	0.0014535038365355508	2.837583817568118
12:10307843:C:T	0.00717758	0.000551989	2.56519	3.18371	12	10307843	C	T	0.0014540060223740142	2.8374337946610346
12:10306764:T:G	0.0071046	0.000546443	2.56507	3.18361	12	10306764	T	G	0.0014545083681193412	2.837283775814241
12:73382891:C:CCACA	3.18737e-05	0.00444794	-4.93842	-3.18319	12	73382891	C	CCACA	0.0014566199674685457	2.8366537409958017
12:73420292:GCA:G	0.000266308	7.22521e-06	3.60708	3.18315	12	73420292	GCA	G	0.001456821219448922	2.8365937414151814
12:75127679:A:G	7.9255e-05	0.0141786	-5.18682	-3.18309	12	75127679	A	G	0.001457123145469598	2.8365037432623197
12:62836133:C:T	0.0348827	0.00211745	2.80178	3.18286	12	62836133	C	T	0.0014582810628746541	2.8361587638838044
12:68146965:A:G	8.83263e-05	0.0216582	-5.5021	-3.18276	12	68146965	A	G	0.0014587847696823713	2.8360087795489832
12:10516451:A:G	3.16806e-05	0.00285036	-4.49949	-3.18275	12	10516451	A	G	0.0014588351491812647	2.835993781338811
12:50916687:TTTA:T	0.00502499	3.8348e-05	4.87548	3.18241	12	50916687	TTTA	T	0.0014605490065148037	2.835483866350898
12:7002762:G:A	1.08886e-05	0.00388556	-5.8773	-3.18233	12	7002762	G	A	0.0014609525366441763	2.8353638931747804
12:64749249:CTT:C	0.0058564	3.10664e-05	5.23916	3.18221	12	64749249	CTT	C	0.0014615580244950349	2.8351839382827455
12:70226165:A:C	6.53936e-06	0.00179299	-5.6138	-3.18194	12	70226165	A	C	0.0014629212178210494	2.834779061152098
12:16290588:A:C	0.00109039	0.10773	-4.59309	-3.18192	12	16290588	A	C	0.0014630222417023704	2.834749071430955
12:84926982:C:G	0.000169826	0.0128442	-4.32588	-3.18142	12	84926982	C	G	0.0014655499291852379	2.833999381183062
12:21436157:T:C	8.725e-05	0.0118706	-4.91304	-3.18121	12	21436157	T	C	0.001466612757557396	2.833684541546407
12:96641639:T:C	0.000590814	1.54324e-05	3.64503	3.18101	12	96641639	T	C	0.0014676256353845936	2.833384710919336
12:47428153:A:C	0.00025237	1.59575e-05	2.76096	3.18048	12	47428153	A	C	0.0014703128800563885	2.832590238297249
12:83283803:C:A	4.28044e-06	0.00117143	-5.61192	-3.18048	12	83283803	C	A	0.0014703128800563885	2.832590238297249
12:90756173:C:T	0.00296511	1.62152e-05	5.20872	3.18016	12	90756173	C	T	0.0014719375619369997	2.8321106119287784
12:77655240:C:A	0.000476409	2.8072e-05	2.8315	3.18011	12	77655240	C	A	0.0014721915678696392	2.8320356740640817
12:44830465:G:C	4.42208e-05	0.0120921	-5.61111	-3.17985	12	44830465	G	C	0.0014735130499618154	2.831646013528811
12:50916731:T:C	0.00501024	3.83787e-05	4.87174	3.17963	12	50916731	T	C	0.0014746320807895172	2.8313163222040383
12:73807925:T:C	1.47369e-06	0.000523974	-5.87368	-3.17959	12	73807925	T	C	0.001474835625055605	2.831256380437902
12:125451630:GT:G	0.000145345	0.020863	-4.96662	-3.17956	12	125451630	GT	G	0.0014749883002447574	2.8312114245395765
12:82809001:AT:A	0.00018361	0.00592107	-3.47346	-3.17947	12	82809001	AT	A	0.0014754464132005758	2.831076559036881
12:19054473:C:A	4.24593e-05	0.00692477	-5.09432	-3.17936	12	19054473	C	A	0.0014760065070879005	2.8309117278882217
12:28434596:GT:G	0.00194639	1.06564e-05	5.20757	3.17934	12	28434596	GT	G	0.001476108363387121	2.830881759116235
12:121904639:TTTATTATTA:T	0.00552613	5.44572e-05	4.61983	3.17931	12	121904639	TTTATTATTA	T	0.0014762611599802992	2.8308368062627354
12:73807581:A:G	1.48283e-06	0.000526994	-5.87324	-3.17926	12	73807581	A	G	0.0014765158533569399	2.8307618856521866
12:13904200:CCT:C	0.0134121	7.34649e-05	5.2071	3.179	12	13904200	CCT	C	0.001477840911745855	2.8303723148380655
12:58539201:G:A	3.01942e-05	0.00736643	-5.49704	-3.1788	12	58539201	G	A	0.0014788609329587938	2.8300726636557383
12:41814449:C:T	1.50623e-05	0.00113527	-4.32243	-3.17873	12	41814449	C	T	0.0014792180936184657	2.829967789578333
12:72695006:T:C	7.35191e-05	0.011979	-5.09336	-3.17867	12	72695006	T	C	0.0014795242945865776	2.829877899095262
12:3806489:T:A	9.68004e-05	0.0235604	-5.49467	-3.17848	12	3806489	T	A	0.0014804943163394403	2.8295932555405763
12:74769230:A:C	5.36175e-05	0.0146323	-5.60911	-3.17829	12	74769230	A	C	0.001481464924076226	2.8293086266412213
12:38496064:C:T	1.86785e-06	0.000426253	-5.43025	-3.17794	12	38496064	C	T	0.0014832544207127798	2.8287843486110678
12:89530596:A:ATCT	0.000119988	0.0198363	-5.10788	-3.17779	12	89530596	A	ATCT	0.00148402195737743	2.8285596732501803
12:58060309:C:T	2.723e-06	0.000443039	-5.09192	-3.17762	12	58060309	C	T	0.0014848922746626596	2.828305052216519
12:30187299:CTA:C	0.0233276	0.000130711	5.1844	3.17759	12	30187299	CTA	C	0.0014850459088762023	2.828260120310796
12:119623554:C:CA	4.30284e-05	0.00715409	-5.11358	-3.17743	12	119623554	C	CA	0.0014858655387387579	2.8280204896507657
12:1454705:T:C	0.000105735	0.010173	-4.56656	-3.17739	12	1454705	T	C	0.001486070511321407	2.827960583609567
12:51419771:T:A	7.41632e-05	0.0155178	-5.34348	-3.17709	12	51419771	T	A	0.001487608636329333	2.8275113090040533
12:16254881:C:A	9.28691e-05	0.0329018	-5.87009	-3.17688	12	16254881	C	A	0.0014886861964626995	2.827196838518716
12:40082225:G:C	3.41008e-06	0.000828032	-5.49232	-3.17668	12	40082225	G	C	0.001489713112779896	2.8268973594621483
12:11179333:A:T	0.00240603	1.74466e-05	4.92659	3.17643	12	11179333	A	T	0.0014909976760010882	2.8265230334757043
12:66475620:C:T	6.1124e-05	0.0166326	-5.60621	-3.17604	12	66475620	C	T	0.0014930036326056071	2.8259391355980483
12:48466117:A:T	3.80282e-05	0.0103465	-5.60608	-3.17593	12	48466117	A	T	0.0014935698646330042	2.8257744576163084
12:111125863:T:C	0.000234871	0.00753529	-3.46831	-3.17572	12	111125863	T	C	0.001494651402500276	2.825460086017791
12:113270485:G:GT	0.002524	0.000196147	2.55473	3.17557	12	113270485	G	GT	0.0014954243712696593	2.8252355458361347
12:60003687:G:C	3.60413e-06	0.000541105	-5.01153	-3.1755	12	60003687	G	C	0.0014957852160527477	2.825130763543685
12:91025791:C:A	2.39191e-06	0.000845042	-5.8673	-3.17477	12	91025791	C	A	0.001499553095072943	2.8240381524526605
12:7996337:CAAA:C	0.059272	0.000220545	5.59379	3.17476	12	7996337	CAAA	C	0.0014996047705127598	2.8240231866793533
12:20031534:A:T	0.000279447	1.658e-05	2.82462	3.17462	12	20031534	A	T	0.001500328398954267	2.823813670115192
12:49378012:A:G	0.000545813	3.94523e-05	2.62718	3.17458	12	49378012	A	G	0.0015005352090170724	2.8237538097010217
12:89530782:C:T	0.0001205	0.0198363	-5.10362	-3.17434	12	89530782	C	T	0.0015017766210235618	2.8233946608547775
12:130053210:A:AAATAATAAT	2.9324e-05	0.00499791	-5.13837	-3.17408	12	130053210	A	AAATAATAAT	0.0015031225517206967	2.823005609322412
12:51667066:G:C	9.05628e-06	0.00219597	-5.49092	-3.17402	12	51667066	G	C	0.0015034333088861356	2.82291583209631
12:41922567:A:T	0.00142586	3.91535e-05	3.59504	3.17402	12	41922567	A	T	0.0015034333088861356	2.82291583209631
12:11179591:T:A	0.00241477	1.75721e-05	4.92305	3.17391	12	11179591	T	A	0.0015040031840842024	2.822751244310377
12:20339790:T:C	6.27889e-05	0.013075	-5.33868	-3.17325	12	20339790	T	C	0.001507426616365464	2.821763820735585
12:100917595:A:C	6.62503e-06	0.00160425	-5.48956	-3.17296	12	100917595	A	C	0.0015089331206620269	2.821330008714207
12:90756837:A:G	0.00293491	1.62152e-05	5.19849	3.17282	12	90756837	A	G	0.0015096608948948125	2.8211205944386433
12:3810649:AGAAG:A	0.00298498	1.64962e-05	5.19822	3.17262	12	3810649	AGAAG	A	0.0015107011333074616	2.820821444988265
12:92426362:CA:C	0.00738249	0.000414486	2.87983	3.17205	12	92426362	CA	C	0.0015136694364431967	2.8199689581275074
12:30235490:G:T	8.54875e-05	0.0231333	-5.60066	-3.17171	12	30235490	G	T	0.0015154425604056133	2.8194605199836804
12:65688554:G:A	0.0145733	0.000917705	2.76507	3.17141	12	65688554	G	A	0.0015170086702512337	2.8190119370567057
12:47432256:T:G	0.000136587	8.13875e-06	2.82032	3.1712	12	47432256	T	G	0.0015181058340586254	2.8186979507425995
12:95179319:G:T	8.38544e-06	0.00103929	-4.8198	-3.17113	12	95179319	G	T	0.0015184717177287295	2.818593292615479
12:51667187:A:G	9.05744e-06	0.00218758	-5.48697	-3.17093	12	51667187	A	G	0.0015195175472790332	2.818294280353729
12:14869097:C:T	5.95541e-05	0.0101071	-5.13411	-3.17069	12	14869097	C	T	0.001520773418541022	2.8179354870696547
12:113271518:C:A	0.00269165	0.000213044	2.53641	3.1704	12	113271518	C	A	0.001522292205257915	2.817501976375738
12:123525717:A:AG	0.000136293	0.0120549	-4.48243	-3.17035	12	123525717	A	AG	0.0015225542062033766	2.8174272366025135
12:129391574:G:A	0.000227637	0.0472274	-5.33498	-3.17029	12	129391574	G	A	0.001522868662164691	2.8173375502139963
12:19525243:C:A	1.58958e-05	0.00197655	-4.82305	-3.17003	12	19525243	C	A	0.0015242319960565465	2.8169489260809955
12:48057943:C:CTTT	5.09278e-06	0.000838729	-5.10406	-3.16988	12	48057943	C	CTTT	0.0015250190461345468	2.8167247323306497
12:118046355:C:T	0.000146792	0.0353972	-5.48537	-3.16968	12	118046355	C	T	0.0015260690285373378	2.8164258215352422
12:14641936:C:CA	0.00366687	0.000231423	2.76284	3.16968	12	14641936	C	CA	0.0015260690285373378	2.8164258215352422
12:2213979:G:A	3.26878e-05	0.00311223	-4.55609	-3.16947	12	2213979	G	A	0.001527172226669496	2.8161119826721817
12:64484649:G:A	2.48582e-05	0.00670734	-5.59777	-3.16947	12	64484649	G	A	0.001527172226669496	2.8161119826721817
12:611693:C:G	2.19502e-05	0.00592181	-5.59762	-3.16935	12	611693	C	G	0.001527802955358688	2.815932654214918
12:7607528:G:A	6.41638e-06	0.00154646	-5.48487	-3.16929	12	7607528	G	A	0.0015281184096702578	2.815842992177889
12:5352023:T:G	6.23064e-05	0.0150167	-5.48486	-3.16928	12	5352023	T	G	0.001528170991221098	2.8158280486470995
12:79900107:C:T	2.84477e-05	1.60266e-06	2.8764	3.16927	12	79900107	C	T	0.0015282235744384243	2.815813105156894
12:115974178:C:T	5.70242e-05	0.0128672	-5.41896	-3.16919	12	115974178	C	T	0.0015286443001761118	2.8156935586963203
12:74943371:T:C	0.000156368	5.2403e-06	3.39584	3.16909	12	74943371	T	C	0.0015291703573730702	2.8155441292732553
12:57524851:A:G	0.000189797	1.13419e-05	2.81745	3.16891	12	57524851	A	G	0.0015301176805410479	2.815275166539127
12:91025837:A:G	4.89188e-06	0.00117554	-5.4819	-3.16869	12	91025837	A	G	0.0015312762540236168	2.814946452165783
12:58060241:T:G	2.88572e-06	0.000394435	-4.91768	-3.16826	12	58060241	T	G	0.0015335430718578628	2.814304021698123
12:125451181:A:G	0.0001289	0.0233188	-5.19798	-3.16813	12	125451181	A	G	0.001534228997071766	2.814109813306061
12:10336074:G:A	0.0323962	0.0018279	2.87487	3.16804	12	10336074	G	A	0.0015347040338914274	2.813975365360116
12:45244452:A:G	1.47549e-05	0.000732071	-3.9043	-3.16802	12	45244452	A	G	0.0015348096160241833	2.8139454884852158
12:12429950:A:C	4.03187e-06	0.000908308	-5.41735	-3.16795	12	12429950	A	C	0.0015351792061746071	2.8138409207014443
12:72509272:A:C	1.19592e-05	0.00168772	-4.94963	-3.16792	12	72509272	A	C	0.0015353376270446782	2.813796106545725
12:7739996:G:A	3.81481e-05	0.0102714	-5.59565	-3.16781	12	7739996	G	A	0.001535918632396135	2.8136317910996738
12:101017775:C:T	6.91692e-05	0.01862	-5.59543	-3.16765	12	101017775	C	T	0.00153676409257945	2.8133927955805045
12:18435969:A:C	7.1859e-06	0.00117935	-5.1006	-3.16713	12	18435969	A	C	0.0015395147992633923	2.8126161318939205
12:107769059:C:A	0.000157755	0.0257191	-5.09395	-3.16648	12	107769059	C	A	0.0015429595591921507	2.8116454566004005
12:44842296:C:G	5.10898e-05	0.00832686	-5.09366	-3.16625	12	44842296	C	G	0.001544180173568989	2.8113020279499956
12:59582835:G:A	0.00510421	6.02096e-05	4.43999	3.16622	12	59582835	G	A	0.0015443394496843525	2.811257234491316
12:59582885:T:C	0.00510421	6.02096e-05	4.43999	3.16622	12	59582885	T	C	0.0015443394496843525	2.811257234491316
12:51882377:A:C	0.000237973	0.0169942	-4.26847	-3.16603	12	51882377	A	C	0.0015453485498163322	2.8109735510678378
12:52104578:GAA:G	0.000656505	0.014063	-3.06437	-3.16568	12	52104578	GAA	G	0.0015472090082133654	2.810451014689481
12:24148709:A:G	0.000239095	0.0536914	-5.41414	-3.16546	12	24148709	A	G	0.001548379494742745	2.810122588695786
12:14485724:C:T	0.000113124	0.0152784	-4.90571	-3.16522	12	14485724	C	T	0.0015496573191302447	2.8097643281939626
12:61200396:T:C	6.74415e-06	0.00180974	-5.59226	-3.16518	12	61200396	T	C	0.0015498703842533094	2.8097046203828158
12:49008516:G:C	5.39139e-05	0.0039937	-4.30508	-3.16518	12	49008516	G	C	0.0015498703842533094	2.8097046203828158
12:85944939:A:AAATAATAAT	5.46536e-06	0.00190574	-5.85419	-3.16488	12	85944939	A	AAATAATAAT	0.0015514692327896502	2.8092568324950067
12:82810811:G:A	0.00656861	0.000491755	2.59208	3.16477	12	82810811	G	A	0.0015520558577205752	2.80909265275355
12:29413670:TAC:T	0.00176255	1.10286e-05	5.07402	3.16455	12	29413670	TAC	T	0.0015532297204089735	2.8087643080010047
12:70767418:C:A	0.000303915	0.0198182	-4.17761	-3.1642	12	70767418	C	A	0.0015550989143260211	2.8082419818270203
12:70767417:G:A	0.000303915	0.0198182	-4.17761	-3.1642	12	70767417	G	A	0.0015550989143260211	2.8082419818270203
12:80541521:A:T	0.000850423	0.11557	-4.9119	-3.1641	12	80541521	A	T	0.0015556333500692844	2.8080927549075767
12:82811304:G:A	0.00660018	0.00049465	2.591	3.16391	12	82811304	G	A	0.001556649243967746	2.8078092349400676
12:28007837:C:G	0.00233129	0.000128719	2.89655	3.16374	12	28007837	C	G	0.0015575587194670225	2.8075555715966884
12:40729883:T:G	1.21332e-05	0.00249618	-5.32657	-3.16357	12	40729883	T	G	0.0015584686842463505	2.8073019199804343
12:83499305:T:C	0.000106971	0.0220507	-5.32854	-3.16352	12	83499305	T	C	0.001558736414096205	2.807227318795687
12:79899728:C:G	2.86728e-05	1.62698e-06	2.86922	3.16346	12	79899728	C	G	0.0015590577458209215	2.8071377987130637
12:38493133:A:C	1.44777e-06	0.000324146	-5.41117	-3.16316	12	38493133	A	C	0.0015606653196078416	2.806690220211983
12:20923709:G:T	2.32541e-05	0.00315557	-4.91044	-3.16305	12	20923709	G	T	0.0015612551456656474	2.8065261172451814
12:59583613:A:G	4.83054e-05	0.0115207	-5.47436	-3.16291	12	59583613	A	G	0.0015620061302435246	2.8063172660248443
12:130053209:A:AAAT	2.38092e-05	0.00490399	-5.32773	-3.16289	12	130053209	A	AAAT	0.0015621134409038147	2.8062874307854626
12:57409689:T:A	2.49486e-06	0.000306054	-4.80953	-3.16271	12	57409689	T	A	0.001563079542373117	2.806018920934911
12:76141210:C:CTTT	0.00488916	0.000311484	2.75343	3.16239	12	76141210	C	CTTT	0.0015647984146628761	2.8055416025510507
12:24284994:G:A	0.0148042	0.000202275	4.29303	3.16214	12	24284994	G	A	0.0015661424944739032	2.8051687264745193
12:76051002:G:GA	0.000211939	0.0436084	-5.32671	-3.16208	12	76051002	G	GA	0.0015664652317688205	2.8050792399897553
12:19631018:C:CCT	0.000215845	0.0349807	-5.08799	-3.16165	12	19631018	C	CCT	0.0015687799750465704	2.804437962929181
12:120622132:C:A	0.0167765	0.000124209	4.90577	3.16161	12	120622132	C	A	0.0015689954600360207	2.8043783130632587
12:46103084:G:A	6.87331e-05	0.0141045	-5.32402	-3.16153	12	46103084	G	A	0.0015694265117767328	2.8042590152790448
12:24148712:A:G	0.00023879	0.0533505	-5.40906	-3.16152	12	24148712	A	G	0.0015694804009104392	2.804244103238607
12:72692205:A:T	7.7443e-05	0.0123226	-5.06965	-3.16141	12	72692205	A	T	0.0015700732938388668	2.804080073471786
12:83283488:C:T	4.32337e-06	0.00115435	-5.58725	-3.16128	12	83283488	C	T	0.0015707742513536506	2.803886226440758
12:44893461:T:C	1.49268e-06	0.000355834	-5.47389	-3.16071	12	44893461	T	C	0.0015738510831649938	2.8030363627134887
12:91406264:A:C	0.021247	0.000116108	5.20945	3.16052	12	91406264	A	C	0.00157487792626471	2.8027531040993234
12:91406280:T:G	0.021247	0.000116108	5.20945	3.16052	12	91406280	T	G	0.00157487792626471	2.8027531040993234
12:84925913:G:GAT	0.0122348	0.000254646	3.87217	3.16039	12	84925913	G	GAT	0.001575580858490199	2.8025593040133012
12:127276750:C:T	5.66013e-05	0.00541701	-4.56127	-3.16037	12	127276750	C	T	0.0015756890275452537	2.8025294892240638
12:13020885:A:T	2.47625e-05	0.00297802	-4.78968	-3.16009	12	13020885	A	T	0.0015772041124095548	2.8021120992158264
12:81912477:T:C	8.18379e-06	0.00167962	-5.32417	-3.16009	12	81912477	T	C	0.0015772041124095548	2.8021120992158264
12:41925881:A:G	3.18506e-05	0.00468312	-4.99066	-3.15974	12	41925881	A	G	0.001579099854647397	2.801590406438071
12:32932567:CGT:C	0.0188797	0.000140203	4.90275	3.15947	12	32932567	CGT	C	0.0015805637175357087	2.8011879916837024
12:3814696:A:T	2.61868e-05	0.00697534	-5.58488	-3.15943	12	3814696	A	T	0.0015807806923383192	2.801128377198587
12:38493908:A:G	1.43838e-06	0.000320389	-5.40602	-3.15917	12	38493908	A	G	0.0015821916971156859	2.800740898868746
12:40741590:C:T	0.00340884	1.9609e-05	5.15814	3.15882	12	40741590	C	T	0.0015840929577210147	2.8002193367359585
12:70303392:G:C	5.02763e-08	1.19223e-05	-5.46863	-3.15851	12	70303392	G	C	0.00158577868769617	2.7997574232094204
12:131313719:C:T	0.000112872	0.0105913	-4.54154	-3.15846	12	131313719	C	T	0.0015860507342444652	2.7996829246791917
12:19206258:G:A	0.00465722	6.76895e-05	4.23124	3.15837	12	19206258	G	A	0.0015865405263093104	2.7995488298808
12:42797679:CAAAAAAA:C	0.00289992	2.00604e-05	4.97369	3.15828	12	42797679	CAAAAAAA	C	0.001587030457618957	2.799414738368709
12:610733:CTT:C	0.0172432	0.000103619	5.11445	3.15795	12	610733	CTT	C	0.0015888280643132928	2.798923097607029
12:83721226:AG:A	0.000511952	4.13165e-06	4.81955	3.15792	12	83721226	AG	A	0.001588991576018003	2.798878405183177
12:99868017:A:G	0.00020086	1.5973e-05	2.53171	3.15765	12	99868017	A	G	0.0015904638786336973	2.79847618979975
12:17630553:C:T	0.000644562	6.35433e-06	4.61943	3.15742	12	17630553	C	T	0.0015917190527962994	2.7981335852087117
12:14525682:AACAC:A	0.00490104	0.000277509	2.87135	3.15736	12	14525682	AACAC	A	0.0015920466394736936	2.7980442136276404
12:46429489:T:C	0.00120181	1.8711e-05	4.16247	3.157	12	46429489	T	C	0.0015940134632612538	2.7975080148123164
12:87805136:C:CA	1.35064e-05	0.00275561	-5.31823	-3.15691	12	87805136	C	CA	0.0015945055185883823	2.7973739733239165
12:63365011:T:C	9.6384e-06	0.0022861	-5.46885	-3.15676	12	63365011	T	C	0.0015953259215369293	2.7971505781458106
12:18436426:C:T	7.18297e-06	0.0011635	-5.08748	-3.15672	12	18436426	C	T	0.001595544761273895	2.7970910076399633
12:86858086:T:A	8.15723e-07	0.000140781	-5.15089	-3.15636	12	86858086	T	A	0.0015975155628302781	2.79655490229733
12:90644856:T:C	2.52985e-05	0.00178335	-4.2555	-3.1563	12	90644856	T	C	0.0015978442475377951	2.7964655565186165
12:130052504:G:T	7.51778e-05	0.0177745	-5.46567	-3.15624	12	130052504	G	T	0.0015981729944968606	2.796376212200388
12:114145393:A:G	2.9833e-05	0.00480156	-5.08108	-3.15604	12	114145393	A	G	0.001599269267424438	2.7960784083542123
12:53690222:T:A	3.51491e-05	0.00427684	-4.80137	-3.15601	12	53690222	T	A	0.0015994337680557567	2.79603373917691
12:79014011:A:AG	0.00450244	0.000243793	2.91605	3.15592	12	79014011	A	AG	0.0015999273634092737	2.7958997338357072
12:91687351:C:A	0.000202191	0.0245983	-4.80122	-3.15588	12	91687351	C	A	0.0016001467841278	2.795840176961068
12:25199622:T:C	1.15015e-05	0.00304938	-5.58021	-3.1558	12	25199622	T	C	0.001600585708669097	2.7957210651590785
12:82795001:G:T	2.45671e-05	0.00252117	-4.63107	-3.1557	12	82795001	G	T	0.0016011345201986291	2.795572179057747
12:100847549:G:A	2.04445e-05	0.00416291	-5.31625	-3.15533	12	100847549	G	A	0.0016031666293540132	2.795021335756863
12:77512439:A:G	4.38422e-05	0.00708738	-5.08548	-3.15513	12	77512439	A	G	0.0016042660549438713	2.794723605744959
12:83727232:A:G	4.68563e-06	0.000807299	-5.14919	-3.1551	12	83727232	A	G	0.0016044310286289366	2.7946789476427574
12:115651241:A:G	3.97259e-05	0.00638578	-5.07983	-3.15502	12	115651241	A	G	0.0016048710348042432	2.794559861155191
12:64746212:TCCACACAGC:T	0.0071555	4.31747e-05	5.11038	3.15472	12	64746212	TCCACACAGC	T	0.0016065220474050495	2.7941133099502156
12:51882634:C:T	0.00654013	0.000495818	2.5795	3.15472	12	51882634	C	T	0.0016065220474050495	2.7941133099502156
12:93179537:G:GT	0.0161454	0.00109445	2.69138	3.15464	12	93179537	G	GT	0.0016069625813983474	2.7939942357950986
12:1726668:C:CT	5.70299e-06	0.000681093	-4.78271	-3.15442	12	1726668	C	CT	0.0016081746232902308	2.7936667952556102
12:17635953:GATTC:G	0.00121884	9.88669e-06	4.81446	3.15435	12	17635953	GATTC	G	0.0016085604494119456	2.793562613746937
12:27046482:G:A	6.45129e-06	0.00170707	-5.57826	-3.15428	12	27046482	G	A	0.00160894636073521	2.793458434226028
12:58060178:T:A	2.7707e-06	0.000371412	-4.89821	-3.15424	12	58060178	T	A	0.001609166919751632	2.7933989039636864
12:20977555:T:C	6.79313e-06	0.00160598	-5.46558	-3.1542	12	20977555	T	C	0.0016093875065976552	2.7933393743504076
12:80543635:T:C	0.000819021	0.0856687	-4.65013	-3.15411	12	80543635	T	C	0.0016098839287695295	2.7932054350936677
12:68821044:CTT:C	0.000512123	8.00837e-06	4.15808	3.15371	12	68821044	CTT	C	0.0016120919552251624	2.7926101892630215
12:30441730:G:A	2.37309e-05	0.005606	-5.46482	-3.15361	12	30441730	G	A	0.0016126443972073437	2.7924613879468465
12:53691705:CA:C	2.98994e-05	0.00356692	-4.78162	-3.15353	12	53691705	CA	C	0.001613086476247932	2.792342349814636
12:32077540:T:C	7.18919e-05	0.0158814	-5.39774	-3.15276	12	32077540	T	C	0.0016173471942348208	2.791196740542088
12:1341317:G:A	0.00102801	3.52274e-05	3.37355	3.15228	12	1341317	G	A	0.0016200084647920987	2.790482716196323
12:70353075:CT:C	0.0117656	4.51107e-05	5.56381	3.15223	12	70353075	CT	C	0.0016202859121295392	2.790408344035064
12:100193704:G:A	7.4628e-06	0.0010395	-4.93656	-3.1521	12	100193704	G	A	0.0016210074798896949	2.790214981161772
12:28288131:A:G	7.92253e-06	0.00127531	-5.08123	-3.15177	12	28288131	A	G	0.0016228404803504863	2.7897241677328237
12:118685429:C:A	4.51174e-06	0.000722082	-5.07546	-3.15147	12	118685429	C	A	0.0016245084995982694	2.7892780120389307
12:96069996:A:C	0.0123225	0.000374975	3.49232	3.15139	12	96069996	A	C	0.0016249535711416753	2.7891590433528193
12:83283010:T:C	4.41205e-06	0.00116314	-5.57454	-3.15138	12	83283010	T	C	0.001625009212974665	2.7891441724495887
12:121398385:T:A	7.5604e-05	0.0104695	-4.93071	-3.15134	12	121398385	T	A	0.0016252317978422569	2.7890846892422947
12:83763055:A:C	0.00440559	1.69205e-05	5.5621	3.15094	12	83763055	A	C	0.0016274591903096855	2.788489892864547
12:103882174:G:A	3.07527e-05	0.00810084	-5.57375	-3.15077	12	103882174	G	A	0.0016284066825607484	2.788237124056515
12:92419126:TAAA:T	0.0179677	0.000109083	5.10422	3.14982	12	92419126	TAAA	T	0.0016337108439169648	2.7868248082711276
12:83282534:A:G	4.4211e-06	0.00116314	-5.57249	-3.14979	12	83282534	A	G	0.0016338786024327572	2.78678021478779
12:83425290:AT:A	0.00357312	2.50037e-05	4.96217	3.14978	12	83425290	AT	A	0.0016339345254608125	2.7867653503744667
12:117635469:C:A	5.83634e-05	0.0199471	-5.83415	-3.14975	12	117635469	C	A	0.0016341023051140617	2.7867207573778616
12:41922016:C:T	0.00162201	3.4279e-05	3.85689	3.14938	12	41922016	C	T	0.0016361728915287174	2.7861708071013367
12:7999984:T:C	0.00019379	0.0661964	-5.8336	-3.14933	12	7999984	T	C	0.001636452885612802	2.7860964937552586
12:72704897:G:A	2.92131e-05	0.00590367	-5.30871	-3.1493	12	72704897	G	A	0.0016366209032275673	2.786051906234337
12:129391202:G:A	0.000207458	0.0419223	-5.30865	-3.14925	12	129391202	G	A	0.0016369009678637103	2.785977594510671
12:56056793:T:C	1.91985e-05	0.0050468	-5.57168	-3.14916	12	56056793	T	C	0.001637405195352892	2.785843835963369
12:55360406:G:GA	7.18948e-06	0.00098691	-4.92196	-3.14897	12	55360406	G	GA	0.0016384701450292678	2.785561467596938
12:4819110:G:A	0.000592535	4.84376e-06	4.80672	3.14892	12	4819110	G	A	0.0016387505008616224	2.785487162565685
12:77650265:A:G	0.00399521	0.000244928	2.79188	3.14852	12	77650265	A	G	0.0016409949372431867	2.784892758819386
12:15123704:G:A	8.5911e-05	0.0293122	-5.83245	-3.14846	12	15123704	G	A	0.001641331846575256	2.7848036038546495
12:117684843:A:C	0.000360344	0.0435631	-4.79491	-3.1482	12	117684843	A	C	0.0016427925226727728	2.784417282546742
12:7735959:A:C	0.000126248	0.0201229	-5.07136	-3.14815	12	7735959	A	C	0.0016430735590219256	2.784342993130853
12:43923405:G:T	4.16255e-05	0.00422381	-4.61978	-3.14799	12	43923405	G	T	0.0016439731726676477	2.7841052738138927
12:104826878:T:G	5.28863e-06	0.000698101	-4.8828	-3.14799	12	104826878	T	G	0.0016439731726676477	2.7841052738138927
12:109637055:C:A	0.000157391	0.021701	-4.92638	-3.14783	12	109637055	C	A	0.0016448732395434628	2.783867564879953
12:611616:A:C	2.26723e-05	0.00594756	-5.56959	-3.14753	12	611616	A	C	0.001646562087247101	2.7834218886141233
12:10294619:CA:C	0.0106798	0.000303759	3.55987	3.14734	12	10294619	CA	C	0.0016476325159159133	2.783139645858913
12:40085916:C:T	4.42178e-06	0.00115925	-5.56899	-3.14706	12	40085916	C	T	0.0016492111569305589	2.782723735854073
12:26267393:G:A	0.000154974	0.0361955	-5.45343	-3.14686	12	26267393	G	A	0.0016503396096368644	2.7824266767468084
12:13020929:A:G	0.00334269	2.52787e-05	4.88457	3.14653	12	13020929	A	G	0.0016522031099923439	2.7819365646870966
12:83655734:T:TA	2.71264e-06	0.000635014	-5.45573	-3.1465	12	83655734	T	TA	0.0016523726150874049	2.781892011235381
12:27039256:C:T	1.23165e-05	0.00322627	-5.56815	-3.14641	12	27039256	C	T	0.0016528812263851497	2.781758353070301
12:53898984:G:A	0.000195752	0.0311228	-5.06885	-3.1461	12	53898984	G	A	0.001654634212557565	2.781298000091232
12:48462191:TCAA:T	0.0129195	7.8823e-05	5.09929	3.14589	12	48462191	TCAA	T	0.0016558226910656291	2.7809861702169187
12:107766775:G:A	0.000121994	0.0193895	-5.06851	-3.14583	12	107766775	G	A	0.001656162400592624	2.78089707925216
12:16250430:G:A	0.000184836	0.0252421	-4.9168	-3.14544	12	16250430	G	A	0.0016583720760795187	2.7803180235689697
12:27238264:T:G	2.05347e-05	0.00697193	-5.82753	-3.14475	12	27238264	T	G	0.001662288148201756	2.779293691546426
12:56056989:A:G	1.9315e-05	0.0050468	-5.56563	-3.14445	12	56056989	A	G	0.0016639934405739756	2.7788483900213414
12:7336932:T:C	0.00014475	0.0316239	-5.38666	-3.14417	12	7336932	T	C	0.0016655864988160398	2.7784328081946446
12:78648425:A:G	0.000118336	0.0188622	-5.07138	-3.14395	12	78648425	A	G	0.00166683917169282	2.778106301921179
12:121900207:G:A	2.86075e-05	0.00337197	-4.76958	-3.14373	12	121900207	G	A	0.0016680927113043075	2.777779815275661
12:84511875:T:C	7.87101e-07	0.000103278	-4.87682	-3.14349	12	84511875	T	C	0.0016694611982029889	2.777423670411443
12:1200002:A:G	2.39893e-05	0.00247114	-4.63483	-3.14334	12	1200002	A	G	0.0016703170269529277	2.7772010917330814
12:19229889:C:T	3.42409e-05	0.00411339	-4.78858	-3.14329	12	19229889	C	T	0.0016706023928876313	2.777126900867938
12:101304639:A:G	5.10224e-06	0.000836533	-5.09959	-3.14316	12	101304639	A	G	0.0016713445542453314	2.776934009363238
12:118044034:G:C	0.00015664	0.0408562	-5.56387	-3.14308	12	118044034	G	C	0.001671801419681062	2.7768153103052295
12:41922241:G:A	0.00161119	3.43608e-05	3.84781	3.14285	12	41922241	G	A	0.0016731155478813787	2.776474064970407
12:51665999:T:C	9.46158e-06	0.00220439	-5.45097	-3.14277	12	51665999	T	C	0.0016735728586667747	2.7763553759693878
12:42561905:CT:C	3.36241e-06	0.00053508	-5.06976	-3.14266	12	42561905	CT	C	0.001674201848762805	2.776192182830682
12:23153572:A:AT	0.000586812	2.13284e-05	3.31466	3.14266	12	23153572	A	AT	0.001674201848762805	2.776192182830682
12:51818504:T:C	4.81028e-05	0.00964855	-5.30122	-3.1421	12	51818504	T	C	0.0016774073533479526	2.775361457472465
12:88100317:A:G	5.61436e-06	0.00189895	-5.82373	-3.14188	12	88100317	A	G	0.0016786682027614748	2.775035135874866
12:25220696:C:T	2.45739e-05	0.00831136	-5.82369	-3.14185	12	25220696	C	T	0.0016788402043081756	2.774990638995859
12:15121016:G:A	0.000107928	0.0364947	-5.82346	-3.14167	12	15121016	G	A	0.001679872554106427	2.774723665385943
12:1200449:A:C	2.39984e-05	0.00246621	-4.63245	-3.14166	12	1200449	A	C	0.0016799299239925246	2.7747088339039587
12:84511451:C:T	7.8367e-07	0.000102571	-4.87432	-3.14161	12	84511451	C	T	0.0016802168004599722	2.774634677102295
12:101882837:CTTT:C	0.00113972	6.99196e-06	5.09378	3.14151	12	101882837	CTTT	C	0.0016807906885999383	2.7744863665402684
12:46429121:T:G	0.00120048	1.909e-05	4.14132	3.14114	12	46429121	T	G	0.0016829156429626262	2.773937652719375
12:11182254:C:T	0.00256922	1.95782e-05	4.87694	3.1411	12	11182254	C	T	0.0016831455157261669	2.7738783356314234
12:46429035:A:T	0.00120049	1.90943e-05	4.1411	3.14098	12	46429035	A	T	0.0016838353073335166	2.7737003882603695
12:12614327:C:A	9.02199e-05	0.0105976	-4.76613	-3.14093	12	12614327	C	A	0.001684122797247168	2.773626245245802
12:13813487:T:C	2.90403e-05	0.00580749	-5.29822	-3.14092	12	13813487	T	C	0.0016841803006480327	2.7736114167645387
12:104049687:G:A	0.000137538	0.0275046	-5.29821	-3.14091	12	104049687	G	A	0.0016842378058550662	2.7735965883238234
12:92797550:C:T	6.53969e-06	0.00130948	-5.2995	-3.14075	12	92797550	C	T	0.0016851581348474838	2.7733593387871607
12:72692511:T:G	7.78514e-05	0.01204	-5.04118	-3.14069	12	72692511	T	G	0.0016855033774724696	2.773270372887188
12:61380535:C:G	0.000143672	0.0312452	-5.38209	-3.14062	12	61380535	C	G	0.0016859062427695634	2.7731665811822226
12:40082122:G:A	3.43067e-06	0.000794525	-5.44499	-3.14039	12	40082122	G	A	0.001687230566779806	2.7728255652840095
12:130751970:C:T	0.0099072	0.000764727	2.5615	3.14033	12	130751970	C	T	0.0016875761999549073	2.7727366081426923
12:78717474:A:T	0.000412356	2.70299e-05	2.72495	3.14032	12	78717474	A	T	0.0016876338118158997	2.7727217820943952
12:72696101:T:C	5.51841e-05	0.00852527	-5.04011	-3.13991	12	72696101	T	C	0.0016899974564458424	2.77211394902678
12:70653955:C:G	9.63341e-05	0.0167148	-5.15623	-3.13989	12	70653955	C	G	0.0016901128340420664	2.7720843003768314
12:12614912:C:A	6.08192e-05	0.00870967	-4.96428	-3.13984	12	12614912	C	A	0.0016904013097333948	2.7720101794615606
12:92798346:A:AT	5.69504e-06	0.00113899	-5.2983	-3.13981	12	92798346	A	AT	0.0016905744168879105	2.7719657073989796
12:33578223:T:C	1.02507e-05	0.00120208	-4.76446	-3.13957	12	33578223	T	C	0.0016919598612730978	2.7716099440359874
12:3797400:T:C	0.00017937	0.0415722	-5.44574	-3.13869	12	3797400	T	C	0.0016970487641477306	2.770305678191458
12:46099799:A:T	0.00151971	2.14819e-05	4.25906	3.13861	12	46099799	A	T	0.0016975120891016032	2.7701871241394063
12:43669756:T:A	6.53529e-05	0.0102948	-5.05959	-3.13859	12	43669756	T	A	0.0016976279385187793	2.7701574860318634
12:80022614:C:T	0.00900372	0.000127331	4.2586	3.13856	12	80022614	C	T	0.0016978017262802474	2.7701130291746496
12:77691511:T:G	0.00759877	0.000619283	2.50718	3.13856	12	77691511	T	G	0.0016978017262802474	2.7701130291746496
12:33573643:T:A	1.12158e-05	0.00182803	-5.09367	-3.13844	12	33573643	T	A	0.0016984970409806616	2.769935205395007
12:108133320:G:A	0.0132839	0.000825113	2.77879	3.13808	12	108133320	G	A	0.001700584556918882	2.7694017690883324
12:24097365:G:A	5.23735e-06	0.000852952	-5.09289	-3.13782	12	24097365	G	A	0.0017020936746590558	2.7690165422138135
12:62233964:A:G	1.88628e-05	0.00317521	-5.12594	-3.1378	12	62233964	A	G	0.0017022098116443356	2.768986910512601
12:92797212:G:A	6.71896e-06	0.00134009	-5.29556	-3.13766	12	92797212	G	A	0.0017030229746429254	2.768779493145242
12:29680248:TG:T	0.0197316	0.000140401	4.94548	3.13745	12	29680248	TG	T	0.0017042433890821153	2.7684683819947407
12:109459183:T:TG	0.00655635	0.000149801	3.77888	3.13741	12	109459183	T	TG	0.0017044759401571772	2.7684091247552547
12:101029912:T:TAAAAAAAA	3.86872e-05	0.00894899	-5.44379	-3.13716	12	101029912	T	TAAAAAAAA	0.001705930045755608	2.76803878170614
12:42199634:A:T	1.99936e-06	0.000315969	-5.06282	-3.13716	12	42199634	A	T	0.001705930045755608	2.76803878170614
12:122448877:GTTTTT:G	0.000944829	1.51144e-05	4.13536	3.13667	12	122448877	GTTTTT	G	0.0017087834029623154	2.767312982837918
12:60002021:G:GT	4.82906e-06	0.000656488	-4.91225	-3.13639	12	60002021	G	GT	0.001710415862928644	2.766898284334531
12:25417041:T:C	7.63135e-05	0.00906626	-4.77747	-3.13638	12	25417041	T	C	0.0017104741915896647	2.766883474261587
12:10334672:T:C	0.0417545	0.00152809	3.30779	3.13634	12	10334672	T	C	0.001710707524528632	2.766824234375252
12:20026340:G:A	6.51889e-06	0.000593813	-4.51186	-3.136	12	20026340	G	A	0.0017126920367925489	2.7663207215327743
12:82324443:C:T	2.84931e-05	0.00103523	-3.59272	-3.13592	12	82324443	C	T	0.0017131592884541982	2.7662022547341265
12:1769210:G:A	3.28829e-06	0.000653442	-5.29189	-3.13586	12	1769210	G	A	0.0017135098041349938	2.766113406337968
12:42351091:G:GTT	3.94103e-06	0.00101773	-5.55389	-3.13531	12	42351091	G	GTT	0.0017167259393367773	2.765299030717794
12:112035681:CT:C	8.50379e-06	0.00109001	-4.85343	-3.13521	12	112035681	CT	C	0.0017173112873016833	2.7651509755996706
12:50807656:A:C	6.78865e-05	0.0134965	-5.29235	-3.13514	12	50807656	A	C	0.001717721140084892	2.7650473394292723
12:71221403:T:C	2.74275e-05	0.00708003	-5.55349	-3.135	12	71221403	T	C	0.0017185411155372886	2.7648400730482217
12:4820621:C:T	0.000142377	0.0282504	-5.29039	-3.13466	12	4820621	C	T	0.0017205339834093587	2.764336744919596
12:119519347:C:T	0.0056813	6.9882e-05	4.39813	3.13445	12	119519347	C	T	0.0017217659338903154	2.764025889194323
12:65697248:GT:G	0.0130998	0.000749583	2.86084	3.13442	12	65697248	GT	G	0.0017219419930236993	2.763981482693071
12:41928355:T:C	4.58114e-05	0.00651303	-4.95703	-3.13436	12	41928355	T	C	0.0017222941609600824	2.763892670785194
12:84541739:G:GTTA	0.0028379	1.6897e-05	5.12368	3.13419	12	84541739	G	GTTA	0.001723292329845842	2.7636410449720694
12:18429928:G:A	1.03303e-05	0.00204854	-5.28981	-3.13419	12	18429928	G	A	0.001723292329845842	2.7636410449720694
12:67202390:A:C	0.00295232	0.000172153	2.84196	3.13404	12	67202390	A	C	0.0017241735088710296	2.763419031925707
12:48479953:G:A	1.87279e-05	0.00482582	-5.55172	-3.13363	12	48479953	G	A	0.0017265841794690216	2.7628122428067576
12:109589990:A:G	0.00303171	0.000106492	3.34881	3.13361	12	109589990	A	G	0.001726701852405087	2.762782645080794
12:61262507:AG:A	0.00422283	2.74968e-05	5.03419	3.13357	12	61262507	AG	A	0.0017269372204027857	2.7627234501153564
12:42215927:AAAATAAATA:A	0.000406047	5.23701e-06	4.35072	3.13354	12	42215927	AAAATAAATA	A	0.001727113765762574	2.7626790543169526
12:74834245:C:CTCTT	0.00102799	1.32702e-05	4.34984	3.13289	12	74834245	C	CTCTT	0.0017309429931156378	2.7617172349455137
12:30075425:C:T	0.000133836	0.021654	-5.08633	-3.13259	12	30075425	C	T	0.0017327129606447185	2.761273376081816
12:38379329:T:C	4.28178e-06	0.00110138	-5.54995	-3.13225	12	38379329	T	C	0.0017347209357002546	2.7607703801430503
12:121396669:CT:C	0.0113883	0.000140505	4.3951	3.13215	12	121396669	CT	C	0.0017353119236904232	2.760622449079638
12:88529089:C:T	0.0013258	8.23095e-06	5.08187	3.13204	12	88529089	C	T	0.0017359622243128812	2.7604597295921103
12:76147460:C:CTCTCTCTCT	0.0051748	0.000190591	3.30142	3.1316	12	76147460	C	CTCTCTCTCT	0.0017385656683265146	2.759808900693565
12:73584419:C:T	1.42879e-06	0.000367119	-5.54886	-3.1314	12	73584419	C	T	0.00173975023840238	2.7595130953204707
12:76143579:C:A	0.000105021	0.0106358	-4.61782	-3.13136	12	76143579	C	A	0.0017399872414567876	2.7594539361916697
12:59624738:TTG:T	0.00749474	6.12912e-05	4.80632	3.13107	12	59624738	TTG	T	0.0017417064016521456	2.7590250519051343
12:127270857:C:A	0.000977228	0.020017	-3.01962	-3.13086	12	127270857	C	A	0.0017429522856029537	2.7587145018073804
12:116686476:A:C	0.0177863	0.0013596	2.57124	3.13083	12	116686476	A	C	0.0017431303359041455	2.7586701389670396
12:76052315:T:C	0.00020437	0.0318716	-5.04954	-3.13043	12	76052315	T	C	0.00174550593855894	2.758078669290942
12:13019187:G:A	7.09329e-06	0.00182024	-5.54757	-3.1304	12	13019187	G	A	0.0017456842287076643	2.7580343116798547
12:44646997:C:G	8.94357e-06	0.00115215	-4.85845	-3.12967	12	44646997	C	G	0.0017500277867002932	2.7569550555909608
12:124417306:C:T	0.000194646	0.013773	-4.25928	-3.12941	12	124417306	C	T	0.0017515772056621586	2.7565707151809606
12:10511651:C:T	0.00801081	4.70262e-05	5.13784	3.1293	12	10511651	C	T	0.0017522331086794675	2.75640811787183
12:80345037:C:T	8.03217e-07	0.000129366	-5.08178	-3.12896	12	80345037	C	T	0.001754261873264234	2.7559055753801993
12:10515874:T:C	3.3036e-05	0.00276013	-4.42543	-3.12896	12	10515874	T	C	0.001754261873264234	2.7559055753801993
12:40741110:C:T	0.00279736	2.01377e-05	4.93384	3.12886	12	40741110	C	T	0.001754858979604509	2.755757777682675
12:58463169:G:A	0.000209406	0.0233416	-4.71372	-3.12846	12	58463169	G	A	0.0017572492740450933	2.755166627427058
12:1197564:G:A	0.0014014	8.08017e-05	2.85323	3.12817	12	1197564	G	A	0.001758984108912378	2.754738084046143
12:93519896:T:C	5.67619e-05	0.007297	-4.85635	-3.1281	12	93519896	T	C	0.001759403098002243	2.7546346476476655
12:100913934:G:A	9.11323e-06	0.00233066	-5.54418	-3.12775	12	100913934	G	A	0.0017614994201348296	2.7541174954474195
12:29411293:A:T	9.0323e-06	0.00153914	-5.13817	-3.12769	12	29411293	A	T	0.0017618590201305398	2.754028845770119
12:83424014:A:T	3.05703e-05	0.00696049	-5.42798	-3.12734	12	83424014	A	T	0.001763958032238049	2.7535117517349534
12:39079379:A:T	1.77897e-05	0.00590138	-5.80432	-3.12722	12	39079379	A	T	0.0017646782226046957	2.753334473781711
12:3714093:C:T	7.90709e-05	0.0202079	-5.54348	-3.12721	12	3714093	C	T	0.0017647382506690017	2.7533197008824017
12:20015543:C:G	5.2599e-06	0.00134396	-5.54326	-3.12704	12	20015543	C	G	0.0017657590150218128	2.753068567795621
12:7336091:T:A	0.000133772	0.0304426	-5.42746	-3.12695	12	7336091	T	A	0.0017662996394038424	2.7529356197272548
12:29412246:T:C	8.58107e-06	0.0014603	-5.13684	-3.12679	12	29412246	T	C	0.0017672611251616818	2.7526992757121462
12:91688652:C:T	0.00021367	0.0288382	-4.90502	-3.12677	12	91688652	C	T	0.0017673813447070393	2.752669733439834
12:41462783:A:AT	0.000919684	2.13116e-05	3.76478	3.12674	12	41462783	A	AT	0.001767561688121854	2.752625420335355
12:114366775:A:C	5.62664e-05	0.00660594	-4.76563	-3.12666	12	114366775	A	C	0.001768042686605861	2.7525072538401503
12:39713355:CAT:C	0.00332807	1.32076e-05	5.52935	3.12632	12	39713355	CAT	C	0.001770088272904861	2.7520050751751635
12:20920308:A:G	2.81837e-05	0.00363314	-4.85911	-3.12609	12	20920308	A	G	0.001771473285349095	2.751665392646613
12:20022419:A:G	8.88845e-06	0.00294374	-5.80268	-3.12599	12	20022419	A	G	0.0017720757753535907	2.7515177112783613
12:95149994:T:TACACAC	5.02803e-07	0.0001073	-5.36318	-3.12598	12	95149994	T	TACACAC	0.001772136034713364	2.7515029433644567
12:84511333:A:T	7.81537e-07	0.000100161	-4.85327	-3.12577	12	84511333	A	T	0.001773401916490503	2.75119282653509
12:42349750:A:G	3.99145e-06	0.00132125	-5.80218	-3.12561	12	42349750	A	G	0.001774366955729689	2.750956559043136
12:79951225:G:A	2.40554e-06	0.000548227	-5.42892	-3.12553	12	79951225	G	A	0.001774849656361171	2.7508384291880903
12:64983499:C:CT	0.000276028	0.0913196	-5.80162	-3.12518	12	64983499	C	CT	0.0017769628912763212	2.750321641571289
12:46355182:C:G	1.37006e-05	0.00213218	-5.04746	-3.12498	12	46355182	C	G	0.0017781714923161657	2.7500263566531884
12:67139528:G:A	0.000156832	0.00969581	-4.12427	-3.12481	12	67139528	G	A	0.0017791993972793	2.7497753772193936
12:19523322:A:G	1.42264e-05	0.00362365	-5.54014	-3.12461	12	19523322	A	G	0.0017804093965252898	2.7494801222931806
12:8009504:T:C	5.766e-05	0.00892696	-5.04227	-3.12452	12	8009504	T	C	0.0017809541429333223	2.7493472628654536
12:29107512:C:T	1.60476e-05	0.00184699	-4.74575	-3.12434	12	29107512	C	T	0.0017820440954118635	2.7490815538585625
12:81633003:G:A	1.31928e-05	0.00335892	-5.5397	-3.12427	12	81633003	G	A	0.0017824681313891265	2.7489782261243847
12:83419890:A:C	2.96264e-05	0.00671555	-5.42351	-3.12392	12	83419890	A	C	0.0017845897028347672	2.748461617242066
12:121867389:A:G	1.08996e-05	0.00213529	-5.27763	-3.1236	12	121867389	A	G	0.0017865314562976835	2.747989332567484
12:40276254:A:G	2.29489e-05	0.00583704	-5.53871	-3.1235	12	40276254	A	G	0.0017871386524047196	2.747841752117562
12:67193988:C:T	3.31636e-05	0.0032446	-4.58329	-3.12309	12	67193988	C	T	0.0017896301401991975	2.747236714644569
12:84511319:T:C	7.81537e-07	9.97984e-05	-4.84964	-3.12305	12	84511319	T	C	0.0017898733830349865	2.7471776902458935
12:32124135:G:T	1.77489e-05	0.0040319	-5.42567	-3.12299	12	32124135	G	T	0.0017902383042677603	2.7470891548636964
12:78500537:G:A	0.000148406	0.0229277	-5.04015	-3.1228	12	78500537	G	A	0.0017913943393782312	2.7468088024452597
12:125439846:G:A	0.000447851	0.0523913	-4.76204	-3.1227	12	125439846	G	A	0.0017920030544737045	2.746661254417228
12:125439857:T:A	0.000447851	0.0523913	-4.76204	-3.1227	12	125439857	T	A	0.0017920030544737045	2.746661254417228
12:67205680:A:G	0.00328229	0.000194337	2.82671	3.12194	12	67205680	A	G	0.0017966355059291332	2.745540021844827
12:125439493:T:G	0.000448798	0.0524503	-4.76105	-3.12193	12	125439493	T	G	0.0017966965325360042	2.7455252703449196
12:33816946:G:A	1.92033e-06	0.000296218	-5.0386	-3.12155	12	33816946	G	A	0.0017990169558660767	2.7449647433779782
12:111726816:G:A	0.000189683	6.00781e-06	3.4523	3.12128	12	111726816	G	A	0.0018006673511608347	2.7445665097782728
12:16229648:TAC:T	0.00768362	4.56182e-05	5.12654	3.12119	12	16229648	TAC	T	0.0018012177920848087	2.744433771810098
12:48081450:T:C	8.16752e-06	0.00173073	-5.35613	-3.12052	12	48081450	T	C	0.0018053203823970687	2.743445714556051
12:999880:C:T	7.16592e-06	0.00139632	-5.27226	-3.12017	12	999880	C	T	0.001807466939877323	2.7429296375798535
12:64137268:C:CA	0.000922406	6.0762e-05	2.72002	3.12017	12	64137268	C	CA	0.001807466939877323	2.7429296375798535
12:98611816:C:T	5.77689e-05	0.0146253	-5.53406	-3.11988	12	98611816	C	T	0.0018092472927729623	2.7425020685483332
12:61303804:G:A	2.61372e-05	0.0058922	-5.41802	-3.11971	12	61303804	G	A	0.0018102916970717884	2.742251440477898
12:89071307:GTT:G	0.0532716	0.000442457	4.79081	3.11956	12	89071307	GTT	G	0.001811213690376667	2.742030307788327
12:29412172:T:C	8.66823e-06	0.00145938	-5.1261	-3.11952	12	29412172	T	C	0.0018114596281316104	2.7419713406109767
12:40279458:T:A	0.00112701	1.8449e-05	4.11231	3.11938	12	40279458	T	A	0.0018123206519819824	2.7417649605961105
12:29412164:G:A	8.67849e-06	0.0014603	-5.12555	-3.11915	12	29412164	G	A	0.0018137360077213468	2.741425924956881
12:49555384:T:G	0.00361198	0.000255805	2.6476	3.11909	12	49555384	T	G	0.0018141053979822102	2.741337484402526
12:51441476:T:C	6.89824e-05	0.0155891	-5.42047	-3.11893	12	51441476	T	C	0.0018150907767083603	2.7411016500561476
12:116286325:A:AT	1.10284e-05	0.00233215	-5.35408	-3.11892	12	116286325	A	AT	0.0018151523792075883	2.741086910753936
12:38527198:A:T	1.37082e-05	0.00289847	-5.35394	-3.11882	12	38527198	A	T	0.0018157685098836576	2.740939519960531
12:44854684:G:A	0.000302169	1.80046e-06	5.12295	3.11861	12	44854684	G	A	0.001817063009946164	2.7406300124842304
12:100863252:A:G	1.45612e-05	0.00224728	-5.03912	-3.11835	12	100863252	A	G	0.001818666899335413	2.740246837510346
12:100299272:T:C	8.7264e-05	0.00506097	-4.06038	-3.11824	12	100299272	T	C	0.0018193458594897751	2.740084733267484
12:84510346:A:G	7.71431e-07	9.78644e-05	-4.84309	-3.11812	12	84510346	A	G	0.001820086808950011	2.7399078978671834
12:111123892:T:C	0.000136391	0.00790625	-4.05989	-3.11791	12	111123892	T	C	0.0018213841378053818	2.7395984499571617
12:61199514:C:T	7.04625e-06	0.00177904	-5.53133	-3.11776	12	61199514	C	T	0.0018223113214802895	2.7393774266763122
12:29411948:T:G	8.75461e-06	0.00147006	-5.12348	-3.11775	12	29411948	T	G	0.001822373149144138	2.739362692115086
12:29411980:CTTTA:C	8.75461e-06	0.00147006	-5.12348	-3.11775	12	29411980	CTTTA	C	0.001822373149144138	2.739362692115086
12:61381419:T:C	0.000142996	0.0301909	-5.35248	-3.11769	12	61381419	T	C	0.0018227441556100052	2.7392742855986634
12:84509997:T:G	7.70389e-07	9.76345e-05	-4.84209	-3.11737	12	84509997	T	G	0.001824724029260716	2.73880280881409
12:39090656:C:CT	0.000619388	3.69099e-05	2.82025	3.11682	12	39090656	C	CT	0.0018281315549238638	2.737992555034493
12:52627060:A:G	9.1006e-05	0.0297733	-5.79044	-3.11674	12	52627060	A	G	0.0018286276818428927	2.7378747101501957
12:41626042:T:C	2.65856e-05	0.0043497	-5.09749	-3.11664	12	41626042	T	C	0.0018292480144752113	2.7377274076915503
12:84508616:C:T	7.38695e-07	9.35243e-05	-4.84109	-3.11662	12	84508616	C	T	0.0018293721042038002	2.7376979476860512
12:29411785:T:C	8.77316e-06	0.00147066	-5.12177	-3.11659	12	29411785	T	C	0.0018295582533000437	2.7376537579816946
12:105028649:T:C	0.000137005	0.0150344	-4.69808	-3.11659	12	105028649	T	C	0.0018295582533000437	2.7376537579816946
12:10519089:C:T	1.94096e-05	0.00437307	-5.41745	-3.11656	12	10519089	C	T	0.0018297444198016126	2.7376095686420094
12:55802925:T:TA	2.97139e-05	0.00971654	-5.78997	-3.11639	12	55802925	T	TA	0.0018307996921482525	2.7373591692720085
12:79342433:A:G	0.0148269	0.00100254	2.69391	3.11627	12	79342433	A	G	0.0018315449269507727	2.7371824238258067
12:51417586:T:C	0.000142739	0.0321161	-5.41609	-3.1155	12	51417586	T	C	0.0018363334868110046	2.7360484460487355
12:60437358:T:G	8.39082e-06	0.00132857	-5.06472	-3.11536	12	60437358	T	G	0.0018372053690027788	2.735842294080985
12:26325959:AC:A	0.0331578	0.000221029	5.01074	3.11533	12	26325959	AC	A	0.0018373922503808707	2.73579811969252
12:14364595:CTT:C	0.00108177	9.75313e-06	4.70877	3.11513	12	14364595	CTT	C	0.0018386385726775138	2.7355036330884093
12:113435055:T:C	0.000386191	0.0113986	-3.38492	-3.11482	12	113435055	T	C	0.0018405719074134548	2.73504721088081
12:7332366:A:G	8.61198e-05	0.0132322	-5.03467	-3.11482	12	7332366	A	G	0.0018405719074134548	2.73504721088081
12:118671681:A:C	3.94205e-06	0.00049204	-4.82686	-3.11471	12	118671681	A	C	0.0018412583782849807	2.7348852639729886
12:77650781:T:C	0.00381984	0.000262835	2.67644	3.1142	12	77650781	T	C	0.0018444441816586443	2.734134483275046
12:114145199:T:C	3.10682e-05	0.00474692	-5.02907	-3.1138	12	114145199	T	C	0.001846946393938324	2.7335457094079625
12:80366790:A:G	0.000405919	2.38231e-05	2.8355	3.11362	12	80366790	A	G	0.0018480734066654689	2.7332807823168914
12:29857720:C:T	1.84596e-05	0.00233868	-4.84176	-3.1136	12	29857720	C	T	0.0018481986692968158	2.733251346783746
12:40845638:C:T	2.03984e-05	0.00512027	-5.52551	-3.11322	12	40845638	C	T	0.00185058014190275	2.7326921024454003
12:81697286:T:G	8.00379e-05	0.0154591	-5.26345	-3.11313	12	81697286	T	G	0.001851144587671413	2.732559658407838
12:113278433:C:T	0.0038259	0.000322208	2.47435	3.11301	12	113278433	C	T	0.0018518974280779944	2.7323830714625936
12:14626208:C:A	2.18621e-05	0.00125811	-4.05261	-3.11291	12	14626208	C	A	0.001852525009949582	2.7322359201314805
12:7335876:A:G	0.000119676	0.0300217	-5.52488	-3.11274	12	7335876	A	G	0.001853592347582837	2.731985772166617
12:31976903:G:T	5.77521e-05	0.0129004	-5.40885	-3.11268	12	31976903	G	T	0.0018539691898527904	2.731897487445083
12:58474380:C:G	7.67512e-05	0.00966507	-4.8357	-3.11256	12	58474380	C	G	0.0018547230855622929	2.7317209223775265
12:106937735:T:A	6.06337e-06	0.00151892	-5.52349	-3.11165	12	106937735	T	A	0.0018604493007170833	2.7303821604819083
12:12422769:T:C	1.81976e-05	0.00455358	-5.52238	-3.11079	12	12422769	T	C	0.0018658758115753969	2.7291172652745965
12:95176475:C:G	3.22139e-05	0.00619892	-5.25973	-3.11016	12	95176475	C	G	0.0018698602693938582	2.7281908461365196
12:8003894:G:A	0.000191523	0.062111	-5.78167	-3.11012	12	8003894	G	A	0.001870113514538619	2.728132031302266
12:16292565:A:G	0.00113136	0.100522	-4.48696	-3.11006	12	16292565	A	G	0.0018704934413322509	2.728043810266207
12:59303628:A:C	1.47661e-05	0.0032986	-5.40892	-3.10989	12	59303628	A	C	0.001871570285659232	2.7277938585838704
12:121542287:G:C	5.75189e-05	0.00932483	-5.08832	-3.10982	12	121542287	G	C	0.0018720138576486243	2.7276909407057905
12:58474400:A:G	7.68798e-05	0.00964343	-4.83179	-3.10962	12	58474400	A	G	0.0018732817383774539	2.727396900563346
12:122606225:CTTTT:C	0.00250759	1.6016e-05	5.05349	3.10946	12	122606225	CTTTT	C	0.0018742966108543152	2.7271616801163066
12:70303010:T:C	5.22459e-07	0.000116602	-5.40797	-3.10915	12	70303010	T	C	0.0018762643636681738	2.726705970011591
12:50218050:G:A	0.00162048	1.36539e-05	4.77645	3.10889	12	50218050	G	A	0.001877916200041515	2.7263237915542313
12:19498601:C:T	1.03514e-06	0.000198737	-5.25744	-3.10833	12	19498601	C	T	0.001881478539492674	2.7255007309625405
12:53893455:T:C	0.00016198	0.0361015	-5.40662	-3.10809	12	53893455	T	C	0.0018830071557044915	2.725148029597212
12:84508854:A:C	7.56006e-07	9.45916e-05	-4.82927	-3.10773	12	84508854	A	C	0.0018853022190427797	2.7246190212979693
12:7011649:CA:C	0.00213437	1.3191e-05	5.08639	3.10754	12	7011649	CA	C	0.0018865145380810768	2.7243398436386754
12:29106167:A:T	1.62098e-05	0.0018264	-4.72449	-3.10703	12	29106167	A	T	0.0018897721990096081	2.7235905443324384
12:84512315:A:G	7.6525e-07	0.000170278	-5.40499	-3.10682	12	84512315	A	G	0.001891115089960582	2.723282039947221
12:55206074:CAATA:C	0.000579066	2.35873e-06	5.50329	3.10673	12	55206074	CAATA	C	0.0018916908829192194	2.7231498292505165
12:80542303:C:T	0.000939437	0.0761197	-4.39478	-3.1067	12	80542303	C	T	0.0018918828496851078	2.723105759747397
12:57531295:G:A	8.37209e-06	0.000552271	-4.18914	-3.10653	12	57531295	G	A	0.0018929709993686032	2.722856039449127
12:3808076:C:T	9.31498e-05	0.0206388	-5.40072	-3.10644	12	3808076	C	T	0.0018935473113059318	2.7227238393245616
12:128348263:T:C	0.00136482	0.0502865	-3.60672	-3.10573	12	128348263	T	C	0.0018980994255106418	2.721681042267159
12:59664589:G:T	3.47643e-05	0.0112045	-5.77548	-3.10545	12	59664589	G	T	0.001899897387247209	2.721269854497558
12:16972607:ACT:A	0.0116583	0.000127143	4.51847	3.10492	12	16972607	ACT	A	0.0019033049551537347	2.720491621734069
12:78795674:T:TTTTATTTA	5.04811e-05	0.00964622	-5.25272	-3.10456	12	78795674	T	TTTTATTTA	0.0019056227297316406	2.719963075688043
12:7609884:G:A	8.88832e-06	0.00134777	-5.02147	-3.10435	12	7609884	G	A	0.0019069759616844643	2.7196547814026517
12:51010513:C:CAAA	3.36137e-05	0.00441172	-4.87708	-3.10432	12	51010513	C	CAAA	0.0019071693525618465	2.719610740820005
12:31396058:G:T	3.21497e-05	0.00614141	-5.25241	-3.10431	12	31396058	G	T	0.0019072338201900681	2.7195960607067957
12:7005597:T:C	3.24424e-07	1.99391e-05	-4.11839	-3.10427	12	7005597	T	C	0.0019074917107165653	2.7195373406589938
12:7610019:T:A	8.88901e-06	0.00134771	-5.02135	-3.10426	12	7610019	T	A	0.0019075561883518724	2.7195226607483014
12:42560143:A:C	3.00043e-06	0.000453007	-5.01715	-3.10413	12	42560143	A	C	0.0019083945797753307	2.71933182559509
12:1333365:A:G	2.62382e-05	0.00211818	-4.3911	-3.10402	12	1333365	A	G	0.0019091042522027036	2.7191703550426247
12:104048953:T:C	0.000136315	0.0302155	-5.40114	-3.10381	12	104048953	T	C	0.001910459754426224	2.7188621066877996
12:1333959:G:A	0.00173622	6.34569e-05	3.30911	3.10364	12	1333959	G	A	0.0019115577130476697	2.718612585387687
12:119516433:G:A	6.49036e-05	0.0134564	-5.33431	-3.10361	12	119516433	G	A	0.0019117515305948315	2.7185685534321546
12:32934007:G:T	0.000177299	0.0338283	-5.25122	-3.10336	12	32934007	G	T	0.0019133673787868173	2.718201634645189
12:100912383:G:A	0.00189255	1.21832e-05	5.04562	3.1032	12	100912383	G	A	0.0019144021797401424	2.7179668199062275
12:619041:T:A	0.000954205	6.46126e-06	4.99505	3.10312	12	619041	T	A	0.0019149197729220148	2.7178494164249294
12:3808207:A:G	9.30718e-05	0.0205325	-5.39639	-3.10312	12	3808207	A	G	0.0019149197729220148	2.7178494164249294
12:32865684:C:CAAAAAAAAA	0.00288835	0.000249979	2.44706	3.10294	12	32865684	C	CAAAAAAAAA	0.0019160848274830708	2.7175852680694157
12:87160411:TA:T	0.000254781	2.04874e-06	4.82318	3.10284	12	87160411	TA	T	0.0019167323612486772	2.717438524653241
12:102667901:T:C	0.0110412	9.64378e-05	4.74049	3.10252	12	102667901	T	C	0.00191880581996166	2.7169689729383686
12:618791:G:A	0.000954553	6.46881e-06	4.99425	3.1025	12	618791	G	A	0.001918935479496213	2.7169396273332276
12:97810807:C:CAA	0.000330558	0.0728605	-5.39552	-3.10246	12	97810807	C	CAA	0.001919194822702636	2.7168809366089572
12:7611375:CAAA:C	0.00136374	1.0973e-05	4.82254	3.10239	12	7611375	CAAA	C	0.0019196487507637681	2.7167782294007696
12:63610093:GAA:G	7.89541e-06	0.000289517	-3.60193	-3.10231	12	63610093	GAA	G	0.0019201676464131695	2.7166608521643183
12:92423933:CA:C	0.0157598	0.000202237	4.35578	3.1023	12	92423933	CA	C	0.0019202325174248682	2.716646180192015
12:20033037:A:T	0.00028742	1.8685e-05	2.73323	3.10176	12	20033037	A	T	0.0019237385421237727	2.7158539538308943
12:7332225:T:A	8.61395e-05	0.0130186	-5.01817	-3.10173	12	7332225	T	A	0.0019239334935216466	2.715809944718047
12:20032805:G:A	0.000287381	1.8685e-05	2.73309	3.10165	12	20032805	G	A	0.0019244534526115702	2.7156925888657875
12:59623137:C:G	4.73083e-05	0.0116955	-5.51028	-3.10137	12	59623137	C	G	0.001926274325761279	2.715281863794778
12:29411001:A:T	9.43043e-06	0.00154557	-5.0992	-3.10133	12	29411001	A	T	0.0019265345796031896	2.7152231913766105
12:84304917:AAAAAAT:A	0.00146489	9.4537e-06	5.04313	3.10122	12	84304917	AAAAAAT	A	0.0019272504441607582	2.715061845567853
12:50803268:C:CA	6.13003e-05	0.00685608	-4.71711	-3.10103	12	50803268	C	CA	0.0019284875128239012	2.714783168895026
12:20966399:C:T	6.54251e-05	3.97768e-06	2.80021	3.10092	12	20966399	C	T	0.0019292040436870116	2.7146218364510077
12:50020194:C:T	4.4724e-05	0.00252908	-4.0351	-3.1009	12	50020194	C	T	0.0019293343482869214	2.7145925038058554
12:75187221:G:A	3.30335e-05	0.00513605	-5.04652	-3.10085	12	75187221	G	A	0.0019296601451441692	2.7145191729017033
12:58473633:G:T	7.58446e-05	0.0111045	-4.98642	-3.10083	12	58473633	G	T	0.0019297904780312316	2.7144898408235347
12:17016707:T:A	2.24066e-05	0.00338212	-5.0169	-3.10073	12	17016707	T	A	0.0019304422637213224	2.7143431828626206
12:59591755:A:G	0.00010468	0.0216133	-5.33015	-3.10039	12	59591755	A	G	0.0019326598473546996	2.7138445760884635
12:77258365:T:TTG	6.94401e-06	0.0015322	-5.39658	-3.10024	12	77258365	T	TTG	0.0019336389364833571	2.7136246173947725
12:111124779:C:T	0.00597436	0.000518965	2.4434	3.10017	12	111124779	C	T	0.0019340960005858672	2.713521973122737
12:28004054:G:T	5.90174e-05	0.00432192	-4.29362	-3.09999	12	28004054	G	T	0.0019352717638305597	2.713258039820968
12:29411530:T:C	9.01022e-06	0.00147311	-5.09677	-3.09969	12	29411530	T	C	0.0019372328277489882	2.712818180143028
12:66077295:G:T	8.21939e-05	0.0169538	-5.32916	-3.09962	12	66077295	G	T	0.0019376906717928923	2.7127155514625967
12:21443170:A:G	4.80196e-05	0.0153499	-5.76725	-3.09923	12	21443170	A	G	0.0019402433364463284	2.712143799426125
12:91819466:T:A	0.00542768	9.1281e-05	4.08532	3.09914	12	91819466	T	A	0.0019408328512120034	2.7120118653958083
12:43245684:G:A	0.00130789	5.03241e-05	3.25768	3.09906	12	43245684	G	A	0.0019413570023941735	2.711894593455967
12:29410886:GATAATATCC:G	9.49095e-06	0.00154988	-5.09559	-3.09889	12	29410886	GATAATATCC	G	0.001942471255220596	2.711645399189311
12:16292257:A:G	0.0011404	0.0996472	-4.47025	-3.09876	12	16292257	A	G	0.0019433237270743936	2.7114548467645387
12:87178718:A:C	1.06146e-05	0.00159821	-5.01441	-3.09876	12	87178718	A	C	0.0019433237270743936	2.7114548467645387
12:83288528:C:T	1.1245e-06	0.000246644	-5.3906	-3.09869	12	83288528	C	T	0.0019437828926413439	2.7113522444474722
12:7908002:A:G	0.000110469	0.0242228	-5.39031	-3.09846	12	7908002	A	G	0.0019452922809270173	2.7110151365196615
12:80510546:C:T	0.00331409	0.000127624	3.25685	3.09844	12	80510546	C	T	0.0019454235829250892	2.710985823799205
12:96514452:C:T	0.00181839	1.36516e-05	4.89185	3.09785	12	96514452	C	T	0.001949300654377955	2.7101211714174083
12:87172592:T:C	8.40224e-06	0.00126354	-5.01318	-3.09777	12	87172592	T	C	0.0019498269047885694	2.710003941269203
12:32669566:C:T	2.24819e-06	0.000426116	-5.24459	-3.09768	12	32669566	C	T	0.001950419092409402	2.7098720604503312
12:18978342:A:G	0.000171665	0.002687	-2.75064	-3.09759	12	18978342	A	G	0.0019510114451499485	2.709740182911536
12:73583082:TA:T	3.21206e-05	1.23804e-06	3.25597	3.09713	12	73583082	TA	T	0.0019540416060723218	2.709066193383237
12:71325617:A:AT	0.000123633	0.0157275	-4.84585	-3.09685	12	71325617	A	AT	0.0019558881666260127	2.7086559808396813
12:39696101:T:A	6.14492e-06	0.00095049	-5.04135	-3.09673	12	39696101	T	A	0.0019566800400194185	2.7084801851823768
12:44846760:CA:C	0.00525289	4.49939e-05	4.76001	3.09669	12	44846760	CA	C	0.0019569440632170145	2.708421587925737
12:83716528:G:A	3.11405e-06	0.000496002	-5.07065	-3.09667	12	83716528	G	A	0.001957076087080319	2.7083922895403774
12:101035060:GT:G	0.0580969	0.000239863	5.4898	3.09659	12	101035060	GT	G	0.0019576042643074587	2.70827509761868
12:44841586:A:C	4.62684e-05	0.0113669	-5.504	-3.09648	12	44841586	A	C	0.0019583307216706667	2.708113962957901
12:20032416:G:A	0.00028527	1.86713e-05	2.72645	3.09635	12	20032416	G	A	0.0019591895812654876	2.707923537403013
12:87173136:A:C	9.08734e-06	0.00136401	-5.0113	-3.09629	12	87173136	A	C	0.0019595860946188706	2.707835650993478
12:19711578:G:T	4.24533e-06	0.000517319	-4.80284	-3.09617	12	19711578	G	T	0.001960379342348088	2.7076598825476466
12:70651901:T:TA	0.0147466	0.000335649	3.7827	3.09597	12	70651901	T	TA	0.0019617020770081924	2.7073669480956233
12:51411046:GTTT:G	0.0146426	0.000247314	4.08103	3.09593	12	51411046	GTTT	G	0.00196196672223963	2.7073083631488655
12:42198788:T:G	2.12221e-06	0.000318402	-5.01085	-3.09593	12	42198788	T	G	0.00196196672223963	2.7073083631488655
12:20027383:T:G	6.91781e-06	0.000597511	-4.45867	-3.09576	12	20027383	T	G	0.0019630918301627616	2.707059384353048
12:7997380:C:T	0.000209346	0.0666116	-5.76264	-3.09575	12	7997380	C	T	0.00196315803142365	2.70704473890596
12:7332214:G:C	8.63277e-05	0.0129486	-5.0106	-3.09573	12	7332214	G	C	0.0019632904400938454	2.7070154481332627
12:66072016:T:G	4.97038e-05	0.00642588	-4.86201	-3.09572	12	66072016	T	G	0.0019633566475032705	2.707000802807652
12:8002459:C:T	0.000201165	0.0639943	-5.76242	-3.09559	12	8002459	C	T	0.0019642175303626287	2.7068104172595047
12:28289554:G:A	5.88783e-06	0.0012855	-5.38601	-3.09517	12	28289554	G	A	0.0019670012130243025	2.7061953722567695
12:58462373:T:C	0.000245691	0.0262029	-4.66955	-3.09495	12	58462373	T	C	0.0019684607773866026	2.705873234332868
12:22760600:C:A	0.000192012	0.0278821	-4.97818	-3.09484	12	22760600	C	A	0.0019691909323322552	2.7057121727200886
12:34224868:A:G	1.15483e-05	0.00218017	-5.24061	-3.09457	12	34224868	A	G	0.0019709841850183156	2.7053168604424402
12:100913432:C:T	8.59399e-06	0.00273016	-5.76105	-3.09455	12	100913432	C	T	0.0019711170781658354	2.705287579225739
12:59591540:T:A	0.000109298	0.0168526	-5.03819	-3.09421	12	59591540	T	A	0.001973377520492891	2.704789823322056
12:103904898:C:T	2.34714e-05	0.00442638	-5.23955	-3.09403	12	103904898	C	T	0.001974575188361006	2.704526324440185
12:109075350:G:A	0.00605729	0.000374638	2.78306	3.0937	12	109075350	G	A	0.001976772645885986	2.704043277229089
12:75689842:A:C	0.000247417	0.0466444	-5.23923	-3.09348	12	75689842	A	C	0.0019782388644293304	2.703721270251284
12:3810503:T:C	8.84341e-05	0.0192642	-5.38375	-3.09343	12	3810503	T	C	0.001978572235106031	2.7036480895802737
12:46418804:TA:T	2.38026e-05	0.00366611	-5.03709	-3.09333	12	46418804	TA	T	0.0019792391311673737	2.703501731274947
12:92798231:T:C	6.41765e-06	0.0012084	-5.238	-3.09252	12	92798231	T	C	0.0019846485983547528	2.702316378223475
12:114146661:A:C	2.85901e-05	0.00369713	-4.86225	-3.0924	12	114146661	A	C	0.0019854511540449314	2.7021407929565298
12:29410823:T:C	9.62685e-06	0.00155698	-5.08595	-3.09237	12	29410823	T	C	0.001985651839506431	2.702096897550773
12:48464724:A:G	4.23552e-05	0.0103469	-5.49835	-3.09209	12	48464724	A	G	0.001987525801854827	2.7016872246687558
12:87186200:A:G	1.36772e-05	0.00334115	-5.49834	-3.09208	12	87186200	A	G	0.001987592759094094	2.701672594081469
12:83722605:G:T	3.9263e-06	0.000621334	-5.06417	-3.09185	12	83722605	G	T	0.001989133347144624	2.701336101748415
12:83727712:A:T	0.000628326	6.81964e-06	4.52325	3.09178	12	83727712	A	T	0.0019896024392674163	2.701233695289523
12:41632412:T:C	2.21597e-05	0.00541006	-5.49774	-3.09161	12	41632412	T	C	0.001990742085746444	2.7009850021487276
12:53877840:CA:C	0.0164104	9.8603e-05	5.11457	3.09124	12	53877840	CA	C	0.001993224564197332	2.70044376928865
12:87934064:CT:C	0.00608523	0.000186433	3.48555	3.09096	12	87934064	CT	C	0.0019951050848350735	2.7000342245075175
12:125439180:G:A	0.000467507	0.0524978	-4.72111	-3.09095	12	125439180	G	A	0.00199517227639299	2.700019598495241
12:25201894:A:T	8.50396e-06	0.00268829	-5.75613	-3.09084	12	25201894	A	T	0.001995911520617394	2.699858715032283
12:108131095:C:T	0.0150064	0.000989249	2.71929	3.09064	12	108131095	C	T	0.0019972562451106694	2.699566212195714
12:108131133:G:A	0.0150064	0.000989249	2.71929	3.09064	12	108131133	G	A	0.0019972562451106694	2.699566212195714
12:3808547:G:A	9.1857e-05	0.0199359	-5.38005	-3.09059	12	3808547	G	A	0.001997592556133016	2.69949308901693
12:28008179:C:CT	0.00135248	9.26094e-05	2.68131	3.09049	12	28008179	C	CT	0.001998265334106866	2.6993468456957834
12:84335404:G:C	2.00393e-05	0.00434701	-5.37955	-3.09021	12	84335404	G	C	0.0020001502189299215	2.6989373859348076
12:20027307:C:T	6.91781e-06	0.000592974	-4.45105	-3.08999	12	20027307	C	T	0.0020016323444296213	2.698615689818016
12:125439220:G:T	0.000467747	0.0524562	-4.71981	-3.08994	12	125439220	G	T	0.00200196933167498	2.6985425797969316
12:84327138:C:CA	7.1537e-06	0.00106506	-5.00316	-3.08982	12	84327138	C	CA	0.0020027783135131267	2.698367119875771
12:87176535:A:G	1.01428e-05	0.00150986	-5.003	-3.0897	12	87176535	A	G	0.0020035875953598797	2.6981916657843956
12:96385148:C:T	0.000113677	0.0120376	-4.66243	-3.08955	12	96385148	C	T	0.0020045996197071547	2.697972356368278
12:23736379:G:A	8.22086e-05	0.020016	-5.49503	-3.0895	12	23736379	G	A	0.002004937065394118	2.697899255253787
12:25915092:T:TG	0.000135108	0.029279	-5.37855	-3.08945	12	25915092	T	TG	0.002005274563212031	2.697826155151401
12:51879407:AAAAAC:A	0.000284255	0.0357639	-4.83482	-3.08929	12	51879407	AAAAAC	A	0.0020063549066333067	2.697592241625095
12:48222324:G:GT	1.35738e-05	0.00254331	-5.23308	-3.08886	12	48222324	G	GT	0.0020092609768980205	2.696963650376865
12:17017066:G:A	2.27495e-05	0.00338212	-5.00172	-3.08868	12	17017066	G	A	0.00201047861798687	2.6967005413821066
12:31975313:A:G	5.92234e-05	0.0120394	-5.31462	-3.08836	12	31975313	A	G	0.002012644985449186	2.696232824444556
12:82323311:A:G	2.80571e-05	0.00100836	-3.58183	-3.08795	12	82323311	A	G	0.0020154237744312584	2.6956336227006585
12:7611360:G:A	9.05089e-06	0.00134425	-5.00073	-3.0879	12	7611360	G	A	0.002015762891888819	2.6955605539727263
12:113325754:T:TG	0.0153594	0.00113059	2.60899	3.08775	12	113325754	T	TG	0.002016780558462931	2.6953413538612443
12:20024256:C:T	1.12326e-05	0.00242878	-5.37632	-3.08774	12	20024256	C	T	0.002016848419661857	2.695326740844335
12:91415470:A:ATG	0.000101916	0.0155871	-5.03005	-3.08772	12	91415470	A	ATG	0.0020169841483460007	2.6952975149319607
12:18652624:G:C	2.73623e-05	0.00197	-4.27662	-3.08759	12	18652624	G	C	0.0020178665891273672	2.695107550448514
12:58473647:C:A	7.83916e-05	0.0158932	-5.31193	-3.08627	12	58473647	C	A	0.00202684684045762	2.6931790677141008
12:17973268:TTTTA:T	0.000422572	1.40275e-05	3.40534	3.08597	12	17973268	TTTTA	T	0.002028892914440776	2.6927408745510593
12:97863261:G:A	6.97711e-05	0.0219022	-5.74912	-3.08555	12	97863261	G	A	0.002031760602160486	2.6921274653279155
12:40422383:C:A	0.000111518	0.0241476	-5.37775	-3.08552	12	40422383	C	A	0.002031965579245041	2.6920836531157533
12:18779627:GT:G	0.0032553	0.000127409	3.24064	3.08523	12	18779627	GT	G	0.0020339480028813027	2.6916601538470863
12:8591272:A:G	0.041936	0.00299432	2.63943	3.08517	12	8591272	A	G	0.002034358380997707	2.691572537559012
12:38520913:A:AT	1.03472e-05	0.00223942	-5.37726	-3.08513	12	38520913	A	AT	0.0020346320086146535	2.691514127509866
12:103067316:A:G	6.695e-05	0.00103029	-2.73365	-3.08507	12	103067316	A	G	0.0020350425133583913	2.6914265136505056
12:31975243:C:T	6.29658e-05	0.0135604	-5.37232	-3.08467	12	31975243	C	T	0.002037781154305899	2.6908424584948074
12:78475037:A:ATT	0.000166443	0.0245325	-4.9931	-3.08461	12	78475037	A	ATT	0.0020381922419858835	2.690754855807428
12:27038777:T:G	1.39525e-05	0.00337533	-5.48859	-3.08449	12	27038777	T	G	0.0020390146456277045	2.690579654804276
12:84381816:A:G	2.72212e-05	0.00585968	-5.37185	-3.08431	12	84381816	A	G	0.002040248821984157	2.6903168642285205
12:49294274:T:C	0.000275567	0.0138159	-3.91475	-3.08413	12	49294274	T	C	0.0020414836837156897	2.690054086767464
12:83727019:G:C	0.000612718	6.72772e-06	4.51167	3.08387	12	83727019	G	C	0.002043268583556993	2.689674542476675
12:52626470:TC:T	0.028619	0.00018877	5.02129	3.08385	12	52626470	TC	T	0.00204340594283361	2.6896453478953544
12:87934269:CT:C	0.00532246	0.000215837	3.20517	3.08296	12	87934269	CT	C	0.002049527014523055	2.688346352936173
12:72713965:G:T	0.00880185	0.000218623	3.69537	3.08278	12	72713965	G	T	0.002050767027433576	2.6880836738329497
12:42799030:G:C	1.87805e-05	0.00378983	-5.30726	-3.08265	12	42799030	G	C	0.002051663020341042	2.6878939693031016
12:16112020:CGCATATAT:C	0.0224528	0.000148354	5.01957	3.08248	12	16112020	CGCATATAT	C	0.002052835245285691	2.687645904469884
12:78128356:G:A	0.000609879	9.07014e-06	4.20827	3.08188	12	78128356	G	A	0.0020569774229435922	2.686770475026144
12:60497376:C:T	0.002173	1.43708e-05	5.01866	3.08176	12	60497376	C	T	0.0020578067780495524	2.686595406622388
12:110126303:G:A	1.93434e-05	1.38765e-06	2.63474	3.08149	12	110126303	G	A	0.002059673948789449	2.686201524023542
12:31978714:ATTT:A	0.0260023	0.000109539	5.46966	3.08145	12	31978714	ATTT	A	0.0020599506988251484	2.686143173555316
12:75186516:TA:T	0.0031793	2.21494e-05	4.9666	3.08099	12	75186516	TA	T	0.0020631357771086377	2.6854721897153313
12:74971604:G:T	3.824e-05	0.00709123	-5.22273	-3.08059	12	74971604	G	T	0.002065909082078836	2.684888795120512
12:116928533:C:A	1.99482e-05	0.00183377	-4.52099	-3.08057	12	116928533	C	A	0.002066047837057168	2.6848596270906278
12:130750722:T:C	0.0103298	0.000859564	2.48636	3.08028	12	130750722	T	C	0.002068060745192209	2.684436708849698
12:104033607:T:C	4.33399e-05	0.00803278	-5.22221	-3.08018	12	104033607	T	C	0.0020687552684772515	2.684290882865615
12:79795564:T:C	6.76798e-05	0.016272	-5.48241	-3.07968	12	79795564	T	C	0.002072231095461294	2.683561813653083
12:41461206:C:CT	0.00100808	2.48651e-05	3.70234	3.07949	12	41461206	C	CT	0.002073553313747773	2.6832847938814406
12:3819008:A:T	2.91627e-05	0.00700802	-5.48192	-3.0793	12	3819008	A	T	0.00207487630589464	2.6830077887199
12:15617156:ATT:A	0.00514206	0.000323786	2.76513	3.07919	12	15617156	ATT	A	0.002075642602579185	2.6828474239882993
12:25219900:T:C	2.42369e-05	0.00754279	-5.74047	-3.07901	12	25219900	T	C	0.0020768971026016037	2.6825850195358245
12:91414319:C:T	9.41939e-05	0.0226264	-5.48152	-3.07899	12	91414319	C	T	0.0020770365344165488	2.682555864294963
12:96515912:GTTTTTT:G	0.00168003	1.29401e-05	4.86624	3.07895	12	96515912	GTTTTTT	G	0.002077315423806265	2.6824975542988843
12:87927927:T:C	0.000186434	0.0580127	-5.74034	-3.07891	12	87927927	T	C	0.0020775943475455495	2.6824392449503347
12:91395618:G:C	0.000135939	0.017277	-4.84492	-3.07849	12	91395618	G	C	0.002080525121615835	2.6818270358848455
12:79904329:A:C	1.00734e-05	7.00889e-07	2.6653	3.07821	12	79904329	A	C	0.0020824810773038454	2.681418936168406
12:76221492:C:CT	1.08505e-05	0.00337274	-5.73927	-3.0781	12	76221492	C	CT	0.0020832499498333458	2.681258619960535
12:88737343:G:A	0.0103506	0.000652955	2.76329	3.0777	12	88737343	G	A	0.0020860480454418275	2.6806756932105547
12:43958799:T:TTTTTG	0.00027405	0.0158949	-4.06044	-3.07768	12	43958799	T	TTTTTG	0.002086188040669224	2.6806465485727538
12:1446413:T:C	0.00409046	0.000366079	2.41356	3.07764	12	1446413	T	C	0.0020864680569769108	2.6805882597827804
12:92555609:A:G	0.00316096	2.77866e-05	4.73408	3.07744	12	92555609	A	G	0.002087868655696737	2.680296825545403
12:16311720:AC:A	0.0332253	0.0011159	3.39365	3.07717	12	16311720	AC	A	0.0020897608319067856	2.6799034150022014
12:90754938:C:G	1.37218e-05	0.00292632	-5.36251	-3.07715	12	90754938	C	G	0.0020899010556576446	2.679874274654063
12:74941088:C:A	2.07501e-06	0.00049723	-5.47909	-3.07709	12	74941088	C	A	0.002090321778692457	2.679786854580882
12:123460982:T:A	0.000305098	0.0286033	-4.54065	-3.07704	12	123460982	T	A	0.0020906724405623544	2.67971400563277
12:30443682:C:G	2.17723e-05	0.00328275	-5.0158	-3.07636	12	30443682	C	G	0.0020954468016609463	2.6787233603793466
12:57529431:A:C	0.00024578	1.54136e-05	2.76919	3.07631	12	57529431	A	C	0.0020957982519993644	2.6786505262018925
12:101017540:CAA:C	0.00866871	5.47907e-05	5.06395	3.07628	12	101017540	CAA	C	0.0020960091481520174	2.678606826181025
12:62224966:C:T	5.62097e-05	0.00847417	-5.01569	-3.07627	12	62224966	C	T	0.0020960794511948586	2.678592259588337
12:42198796:G:A	2.13392e-06	0.000312261	-4.98588	-3.07612	12	42198796	G	A	0.0020971342564001807	2.678373765554042
12:16233529:G:A	0.00020488	0.0377767	-5.21703	-3.07603	12	16233529	G	A	0.0020977673731833527	2.678242673503883
12:68824258:T:G	3.14329e-07	3.87856e-05	-4.81537	-3.07597	12	68824258	T	G	0.0020981895484239134	2.6781552806247775
12:42972777:T:G	4.52971e-05	0.00498505	-4.70096	-3.07532	12	42972777	T	G	0.0021027681108869403	2.6772086178105687
12:32121002:G:C	3.57799e-05	0.00714612	-5.29694	-3.07466	12	32121002	G	C	0.0021074264868694696	2.6762475658865044
12:74057510:T:C	5.04893e-06	0.000598103	-4.77459	-3.07437	12	74057510	T	C	0.002109476340431298	2.675825341236238
12:19505926:C:A	4.41175e-06	0.00105331	-5.47542	-3.07424	12	19505926	C	A	0.002110395833739372	2.675636079163985
12:55351641:T:C	1.93705e-05	0.00176411	-4.51165	-3.0742	12	55351641	T	C	0.0021106788286961212	2.675577846056004
12:2909636:G:C	2.7939e-05	0.00513721	-5.21424	-3.07389	12	2909636	G	C	0.0021128732198900458	2.6751265614209627
12:113920473:G:C	3.92715e-05	0.0093664	-5.47438	-3.07344	12	113920473	G	C	0.0021160623495167733	2.6744715400148507
12:7331165:C:T	8.77469e-05	0.0110792	-4.83837	-3.07322	12	7331165	C	T	0.0021176230856126293	2.674151337148942
12:117052705:A:G	0.00806905	0.000244524	3.49648	3.0729	12	117052705	A	G	0.0021198951317267832	2.6736856224858045
12:130751385:C:A	0.0101489	0.000852382	2.47709	3.07287	12	130751385	C	A	0.0021201082506205546	2.673641963860428
12:130750738:C:A	0.0103189	0.000866764	2.47697	3.07277	12	130750738	C	A	0.0021208187888408733	2.6734964377392374
12:92257203:CTT:C	0.0472963	0.000300444	5.05892	3.07267	12	92257203	CTT	C	0.0021215295454267923	2.6733509156642885
12:87189418:A:T	2.02647e-05	0.00295243	-4.9815	-3.07265	12	87189418	A	T	0.002121671722953129	2.673321811734846
12:67216947:A:ATT	0.000154163	0.00971843	-4.14377	-3.0725	12	67216947	A	ATT	0.0021227383329417457	2.6731035374229632
12:115176893:C:T	0.0710019	0.00107019	4.19487	3.07244	12	115176893	C	T	0.0021231651145982534	2.673016230247323
12:72451899:G:A	7.09013e-06	0.00150246	-5.35616	-3.07227	12	72451899	G	A	0.0021243747566266707	2.6727688678266515
12:76139370:T:C	0.000162487	0.00767016	-3.85449	-3.07226	12	76139370	T	C	0.0021244459317171388	2.6727543174601807
12:122612397:GTTTTCT:G	0.00139604	1.86379e-05	4.3162	3.07225	12	122612397	GTTTTCT	G	0.002124517108994328	2.672739767134171
12:40412146:G:C	9.45844e-05	0.0173554	-5.21217	-3.07215	12	40412146	G	C	0.0021252290020488695	2.672594266099471
12:119995018:A:G	7.34816e-05	4.6675e-06	2.75641	3.07213	12	119995018	A	G	0.002125371406906397	2.67256516637807
12:47427916:T:A	0.000259187	1.8818e-05	2.62274	3.07208	12	47427916	T	A	0.0021257274573324852	2.672492417782646
12:59591316:A:ATATTAAG	0.000108925	0.0163347	-5.01039	-3.07204	12	59591316	A	ATATTAAG	0.002126012337053371	2.672434219634615
12:45535781:TATCC:T	0.00405066	0.000161649	3.22121	3.07193	12	45535781	TATCC	T	0.002126795936810611	2.6722741780655968
12:99850368:C:T	0.00277137	0.000174859	2.76312	3.07149	12	99850368	C	T	0.002129932984967244	2.6716340607475466
12:28288087:T:C	6.18842e-06	0.00130998	-5.35509	-3.07145	12	28288087	T	C	0.0021302183814555673	2.671575872148336
12:81646886:A:G	0.0133585	9.42462e-05	4.95399	3.07119	12	81646886	A	G	0.002132074313520824	2.6711976620330997
12:107860557:CT:C	0.0153459	0.000205185	4.31469	3.07111	12	107860557	CT	C	0.0021326456677604935	2.671081295192569
12:8003688:C:T	0.000193611	0.0596201	-5.7299	-3.07103	12	8003688	C	T	0.0021332171623927496	2.6709649309414933
12:13814657:C:T	2.23214e-05	0.00244294	-4.69541	-3.07102	12	13814657	C	T	0.0021332886090946693	2.6709503855921803
12:25018193:C:CTT	9.61713e-05	0.00741806	-4.34554	-3.07093	12	25018193	C	CTT	0.0021339317281571174	2.6708194792690616
12:15117677:A:G	0.0320906	0.000215215	5.00468	3.07063	12	15117677	A	G	0.0021360767425223203	2.670383148527721
12:61821129:T:TACAC	1.63719e-05	0.00245084	-5.00862	-3.07063	12	61821129	T	TACAC	0.0021360767425223203	2.670383148527721
12:22531156:A:T	1.4774e-06	7.99184e-05	-3.99072	-3.07044	12	22531156	A	T	0.002137436274000535	2.6701068245588466
12:14118761:CAAAAAAAAA:C	0.0458982	0.00144494	3.45836	3.07034	12	14118761	CAAAAAAAAA	C	0.0021381521355200756	2.669961396757632
12:120141865:T:C	0.000108342	0.0062212	-4.05042	-3.07028	12	120141865	T	C	0.002138581757945172	2.6698741420189473
12:101296900:T:C	2.14321e-05	0.00392293	-5.2097	-3.07018	12	101296900	T	C	0.0021392979712177795	2.6697287206912064
12:19523818:G:T	1.48852e-05	0.00177154	-4.77924	-3.07009	12	19523818	G	T	0.0021399427511965404	2.669597844955485
12:91406254:A:G	0.000116108	0.021247	-5.20945	-3.06998	12	91406254	A	G	0.00214073105759575	2.6694378901734166
12:82808557:C:G	0.0058715	0.000495012	2.47328	3.06983	12	82808557	C	G	0.0021418064499705894	2.6692197779055076
12:22153487:A:T	8.97962e-05	0.0275933	-5.72779	-3.06943	12	22153487	A	T	0.002144676585014136	2.6686381896953892
12:124511269:G:A	0.000239041	0.0167793	-4.25127	-3.0691	12	124511269	G	A	0.0021470471006987193	2.6681584281537956
12:29106037:ACT:A	0.00288402	2.2515e-05	4.85276	3.06899	12	29106037	ACT	A	0.0021478378062820985	2.667998517430697
12:84542780:T:C	1.38347e-05	0.0029329	-5.35656	-3.06895	12	84542780	T	C	0.002148125401773922	2.6679403692905677
12:130751524:C:T	0.0101137	0.000853765	2.47199	3.0688	12	130751524	C	T	0.002149204199351208	2.667722319530258
12:28414019:T:C	6.74137e-06	0.001422	-5.35156	-3.06875	12	28414019	T	C	0.0021495639089127434	2.6676496382996855
12:87388686:TATTGA:T	2.68056e-05	0.00635434	-5.46828	-3.06869	12	87388686	TATTGA	T	0.0021499956332475226	2.6675624221580834
12:33700106:T:TA	2.87814e-05	0.00415677	-4.97276	-3.06809	12	33700106	T	TA	0.002154317251090108	2.666690340846607
12:76595930:G:T	3.52507e-06	0.000510574	-4.97563	-3.06799	12	76595930	G	T	0.0021550382945372515	2.6665450081211386
12:117645881:G:A	0.000229586	0.0543699	-5.46729	-3.06791	12	117645881	G	A	0.002155615288591586	2.6664287448536075
12:130052600:GC:G	0.0023602	2.10155e-05	4.72124	3.06791	12	130052600	GC	G	0.002155615288591586	2.6664287448536075
12:46110650:T:A	0.000225667	0.0411884	-5.20685	-3.0679	12	46110650	T	A	0.0021556874228061433	2.666414212127219
12:55351935:A:G	1.93705e-05	0.00174755	-4.50222	-3.06776	12	55351935	A	G	0.0021566975342067365	2.6662107582056507
12:130751203:G:C	0.010165	0.000859346	2.47053	3.06763	12	130751203	G	C	0.0021576358833270003	2.666021843807056
12:109466513:C:T	3.93206e-05	0.00467256	-4.77772	-3.06749	12	109466513	C	T	0.00215864683172687	2.66581840517777
12:41916107:T:C	0.00191381	3.42458e-05	4.02329	3.06734	12	41916107	T	C	0.0021597304726086123	2.665600444016891
12:51442641:G:A	7.32505e-05	0.0154962	-5.35447	-3.06731	12	51442641	G	A	0.002159947260622276	2.665556852877009
12:52624927:T:C	0.00017006	0.052103	-5.72483	-3.0672	12	52624927	T	C	0.0021607423206980846	2.665397021812498
12:22152725:A:G	7.72773e-05	0.023672	-5.72465	-3.06707	12	22152725	A	G	0.0021616822830549734	2.6652081368654366
12:130751477:T:C	0.0101366	0.000857632	2.46973	3.06699	12	130751477	T	C	0.0021622609077387293	2.6650919033731544
12:38523493:TGAAAA:T	0.0027217	1.83389e-05	4.99999	3.0669	12	38523493	TGAAAA	T	0.0021629120302299023	2.6649611437891325
12:7739846:A:AT	6.55368e-05	0.00702775	-4.67501	-3.06677	12	7739846	A	AT	0.0021638528578399215	2.664772274619458
12:20412159:T:C	0.0034352	0.000242669	2.65013	3.06659	12	20412159	T	C	0.0021651561616049466	2.664510774748262
12:95562513:G:A	0.000108368	0.0165684	-5.02972	-3.06622	12	95562513	G	A	0.0021678374351604174	2.663973288397433
12:62271759:A:G	4.28373e-05	0.010121	-5.46496	-3.0661	12	62271759	A	G	0.0021687076908820414	2.6637989803933264
12:58473889:T:C	7.79929e-05	0.0108786	-4.93793	-3.06555	12	58473889	T	C	0.0021727004622416374	2.663000143243388
12:78126748:T:C	0.000672385	1.02391e-05	4.18462	3.06523	12	78126748	T	C	0.002175026629019091	2.6625354215758934
12:51010116:G:A	3.05006e-05	0.00440155	-4.97197	-3.06508	12	51010116	G	A	0.002176117805399453	2.662317597553799
12:84541896:GTT:G	0.00108766	8.53665e-06	4.84741	3.06505	12	84541896	GTT	G	0.0021763361008845412	2.662274033841595
12:86191088:GCACACACAC:G	0.000999485	6.75166e-06	4.99745	3.06488	12	86191088	GCACACACAC	G	0.0021775734878483346	2.6620271796826507
12:69378922:A:ACT	4.50658e-05	0.00627992	-4.93699	-3.06486	12	69378922	A	ACT	0.0021777191051766155	2.6619981387854827
12:76595811:C:G	3.5413e-06	0.000510574	-4.97104	-3.06435	12	76595811	C	G	0.0021814353643397	2.661257650578361
12:40744304:T:TA	0.00335069	2.20025e-05	5.02576	3.0642	12	40744304	T	TA	0.002182529487539246	2.6610398799527166
12:118677957:A:G	0.00055198	3.93085e-06	4.94466	3.06392	12	118677957	A	G	0.0021845731968290947	2.6606333991364233
12:34232963:C:A	6.27275e-06	0.00113877	-5.20149	-3.06389	12	34232963	C	A	0.0021847922696924425	2.660589849501358
12:53690662:TTTCTTTGAG:T	3.27006e-05	0.00349362	-4.6713	-3.06375	12	53690662	TTTCTTTGAG	T	0.0021858148760090053	2.660386622684698
12:68831895:A:C	0.00353027	6.22424e-05	4.03809	3.06372	12	68831895	A	C	0.0021860340630060417	2.6603430751126176
12:63487932:T:C	0.000143572	0.0302332	-5.34986	-3.06371	12	63487932	T	C	0.0021861071298153577	2.6603285593361594
12:62583382:A:G	0.000559406	9.86465e-06	4.03792	3.06359	12	62583382	A	G	0.002186984106154681	2.6601543731737944
12:62583395:AG:A	0.000559406	9.86465e-06	4.03792	3.06359	12	62583395	AG	A	0.002186984106154681	2.6601543731737944
12:58473963:A:T	7.80378e-05	0.0108526	-4.93496	-3.06339	12	58473963	A	T	0.0021884464500231573	2.659864075847295
12:101882190:G:C	6.40517e-06	0.00195188	-5.71944	-3.06314	12	101882190	G	C	0.0021902756402262373	2.659501226942347
12:125563601:A:AC	0.000344392	0.0352081	-4.62725	-3.06287	12	125563601	A	AC	0.0021922527396176896	2.6591093785207454
12:42799709:G:GTA	2.37588e-05	0.00296144	-4.82548	-3.06286	12	42799709	G	GTA	0.0021923259969260154	2.6590948661825347
12:65576639:G:C	3.52073e-05	0.00545038	-5.04219	-3.06278	12	65576639	G	C	0.0021929121361746727	2.6589787689330313
12:115859013:A:G	8.10532e-05	0.00670113	-4.41493	-3.06265	12	115859013	A	G	0.0021938649188138998	2.6587901164239165
12:40745324:C:A	0.00305217	2.40377e-05	4.84398	3.06251	12	40745324	C	A	0.002194891416751801	2.6585869598282166
12:62272740:A:C	4.32671e-05	0.0101715	-5.45995	-3.0622	12	62272740	A	C	0.0021971659432665777	2.658137141293691
12:129381573:T:A	5.68801e-05	0.0118915	-5.34263	-3.06191	12	129381573	T	A	0.0021992956817366354	2.657716378500024
12:95821152:A:G	2.33436e-05	0.00422712	-5.19895	-3.0619	12	95821152	A	G	0.0021993691547302525	2.657701870044897
12:19509253:G:A	6.29143e-06	0.00113857	-5.19834	-3.06142	12	19509253	G	A	0.0022028985052096523	2.657005511765618
12:62272436:C:T	4.30935e-05	0.0101187	-5.45877	-3.06128	12	62272436	C	T	0.0022039288764507457	2.6568024248217843
12:101882185:T:C	6.41555e-06	0.00194872	-5.71621	-3.06069	12	101882185	T	C	0.0022082760102036074	2.6559466455185334
12:101882186:G:A	6.41555e-06	0.00194872	-5.71621	-3.06069	12	101882186	G	A	0.0022082760102036074	2.6559466455185334
12:40086130:C:T	3.95427e-06	0.000825336	-5.34099	-3.06065	12	40086130	C	T	0.002208571015395716	2.6558886316790167
12:8009772:C:A	0.00452159	6.13011e-05	4.30082	3.06058	12	8009772	C	A	0.0022090873613944705	2.655787109017051
12:113394306:C:T	0.00165926	0.000138796	2.48112	3.06036	12	113394306	C	T	0.002210710883454035	2.6554680506961192
12:69486185:AT:A	0.00408697	3.67706e-05	4.71086	3.0602	12	69486185	AT	A	0.0022118923135286336	2.655236020576525
12:74770835:C:T	6.29851e-05	0.00732205	-4.75575	-3.05983	12	74770835	C	T	0.0022146265871126154	2.654699490582088
12:10516053:G:A	0.00430891	2.78753e-05	5.0407	3.05959	12	10516053	G	A	0.0022164018259119497	2.65435150073233
12:87177161:G:T	1.04489e-05	0.00149732	-4.96493	-3.0595	12	87177161	G	T	0.0022170678766134247	2.6542210105447777
12:87384841:T:C	3.15025e-05	0.00659794	-5.34445	-3.05947	12	87384841	T	C	0.0022172899342729367	2.654177514543605
12:41630507:G:A	1.77036e-05	0.00414597	-5.45612	-3.05922	12	41630507	G	A	0.0022191412075726843	2.6538150620228578
12:83722483:T:C	4.20445e-06	0.00052152	-4.8206	-3.05895	12	83722483	T	C	0.0022211421736710864	2.6534236416925667
12:91028441:T:C	5.10098e-06	0.000315761	-4.12555	-3.05884	12	91028441	T	C	0.002221957856007719	2.6532641826034626
12:31096018:CTTT:C	2.9591e-05	0.00343266	-4.75362	-3.05819	12	31096018	CTTT	C	0.0022267834032898464	2.6523220242460486
12:43163599:G:A	7.12049e-05	0.0128349	-5.19437	-3.05792	12	43163599	G	A	0.0022287906830257263	2.651930716389859
12:116285921:G:A	0.00196835	1.30397e-05	5.01695	3.05791	12	116285921	G	A	0.0022288650585524403	2.651916224072499
12:12138637:G:GA	0.00670438	0.000606292	2.40315	3.0576	12	12138637	G	GA	0.002231171828277038	2.651466982293938
12:62270461:C:T	4.1327e-05	0.0096566	-5.45388	-3.05748	12	62270461	C	T	0.0022320653585794687	2.6512930926848055
12:27044865:G:A	7.75729e-06	0.00181157	-5.45332	-3.05704	12	27044865	G	A	0.0022353444424899407	2.6506555472760898
12:69855742:T:C	1.41244e-05	0.00426946	-5.71134	-3.05702	12	69855742	T	C	0.0022354935965884348	2.650626569799658
12:8002116:C:T	0.00021837	0.0659694	-5.71075	-3.05658	12	8002116	C	T	0.002238777294901167	2.6499891062450005
12:19974303:T:C	2.51769e-05	0.00291412	-4.7514	-3.05648	12	19974303	T	C	0.002239524206095779	2.6498442390835435
12:74428501:A:G	2.5079e-05	0.00378394	-5.01649	-3.05638	12	74428501	A	G	0.0022402713456171996	2.6496993759661858
12:111125181:ATTT:A	0.000342477	0.00637363	-2.92372	-3.05627	12	111125181	ATTT	A	0.002241093462882601	2.649540031208013
12:10239711:A:C	6.09163e-06	0.00126999	-5.33985	-3.05588	12	10239711	A	C	0.002244010470308221	2.6489751210404413
12:68146099:AT:A	0.0170086	0.000107293	5.06591	3.05571	12	68146099	AT	A	0.0022452830747643885	2.6487288973964698
12:87388508:A:G	2.72596e-05	0.00635434	-5.45149	-3.05561	12	87388508	A	G	0.002246031974490843	2.6485840654182424
12:103901582:G:A	1.56296e-05	0.00324065	-5.33436	-3.05556	12	103901582	G	A	0.0022464065101762453	2.6485116509456224
12:11181034:G:T	1.78327e-05	0.0025424	-4.95983	-3.05545	12	11181034	G	T	0.002247230690127752	2.6483523426645603
12:7331888:A:C	9.01925e-05	0.0111339	-4.81581	-3.0551	12	7331888	A	C	0.002249854924488931	2.6478454852331876
12:61306733:A:G	3.35698e-05	0.00695418	-5.33347	-3.05488	12	61306733	A	G	0.002251505880070242	2.647526914488868
12:46707389:AT:A	0.00213752	1.46223e-05	4.98486	3.05486	12	46707389	AT	A	0.002251656021969437	2.6474979544826476
12:82011920:G:C	6.64948e-05	0.0119384	-5.19039	-3.05474	12	82011920	G	C	0.002252557066026271	2.6473241978421824
12:127085133:A:G	0.000227215	0.0470597	-5.33327	-3.05473	12	127085133	A	G	0.00225263216794138	2.647309718384996
12:62467331:T:C	7.54867e-06	0.00113635	-5.01421	-3.05468	12	62467331	T	C	0.002253007711931123	2.6472373217056413
12:44289646:A:G	0.0129345	0.000833669	2.74182	3.05459	12	44289646	A	G	0.0022536838356719616	2.6471070102304353
12:100915183:A:G	7.74747e-06	0.00180332	-5.45002	-3.05447	12	100915183	A	G	0.002254585623180027	2.6469332666920775
12:6500337:G:T	1.85972e-06	0.000279839	-5.01379	-3.05437	12	6500337	G	T	0.0022553373653060337	2.646788484858332
12:30438335:CAT:C	0.00416878	3.00548e-05	4.93236	3.05436	12	30438335	CAT	C	0.0022554125521480704	2.646774006897368
12:16225908:C:T	6.67417e-05	0.0070471	-4.65954	-3.05418	12	16225908	C	T	0.0022567663080689847	2.6465134105149324
12:29109785:C:T	1.55575e-05	0.00278915	-5.18895	-3.05405	12	29109785	C	T	0.0022577444836318376	2.64632521016476
12:82792187:G:A	2.66864e-05	0.00235889	-4.48179	-3.05382	12	82792187	G	A	0.0022594760535818003	2.6459922570556804
12:71636472:T:C	2.74721e-05	0.00319873	-4.75734	-3.05362	12	71636472	T	C	0.0022609827555100056	2.6457027500011274
12:23068795:GA:G	0.0184005	0.000181744	4.61753	3.05337	12	23068795	GA	G	0.002262867427376056	2.6453408889288603
12:17974990:A:C	1.21368e-05	0.00069359	-4.04564	-3.05331	12	17974990	A	C	0.002263319962739802	2.6452540460321545
12:31711310:T:G	2.41661e-05	0.00499584	-5.33141	-3.0533	12	31711310	T	G	0.002263395393360893	2.645239572357566
12:86594089:T:C	2.56131e-06	0.000143726	-4.02739	-3.05327	12	86594089	T	C	0.0022636216990433704	2.6451961515764206
12:129391531:G:A	0.000157028	0.0235916	-5.01222	-3.0532	12	129391531	G	A	0.0022641498262558866	2.6450948378356998
12:51007741:A:G	2.83705e-05	0.00402189	-4.95416	-3.05298	12	51007741	A	G	0.0022658103896460273	2.644776436121283
12:101759102:G:T	0.00287993	4.5795e-05	4.14135	3.05274	12	101759102	G	T	0.002267623185820246	2.644429111117338
12:64482007:T:A	2.05966e-06	0.000262773	-4.84875	-3.05265	12	64482007	T	A	0.0022683033268803368	2.6442988702456223
12:127077876:TTTTC:T	0.0314112	0.000215728	4.9809	3.05172	12	127077876	TTTTC	T	0.0022753424027713415	2.6429532396904483
12:28439735:CT:C	0.00237487	1.63117e-05	4.98081	3.05165	12	28439735	CT	C	0.0022758730346394795	2.6428519698224457
12:33168602:A:C	5.92196e-06	0.000724771	-4.80719	-3.05133	12	33168602	A	C	0.0022783002242970796	2.642389047085562
12:53876444:C:A	7.16448e-05	0.0101345	-4.95198	-3.05122	12	53876444	C	A	0.0022791351182660444	2.642229926957465
12:58474273:T:C	7.82399e-05	0.0106969	-4.91793	-3.05099	12	58474273	T	C	0.002280881711407303	2.6418972370447715
12:28437218:T:C	1.13624e-05	0.00234118	-5.3281	-3.05076	12	28437218	T	C	0.002282629530611477	2.641564568521524
12:86836901:G:T	3.56669e-07	8.25858e-05	-5.44479	-3.0504	12	86836901	G	T	0.0022853677108560966	2.64104391290364
12:117180938:T:C	3.63466e-05	0.00748192	-5.32714	-3.05003	12	117180938	T	C	0.0022881850867770147	2.640508849234404
12:18431646:C:A	6.57928e-06	0.00197044	-5.70209	-3.05003	12	18431646	C	A	0.0022881850867770147	2.640508849234404
12:619203:G:C	0.000886417	6.42668e-06	4.92673	3.04998	12	619203	G	C	0.00228856605717732	2.6404365475785796
12:111418639:C:G	0.00275986	0.000199229	2.62848	3.04998	12	111418639	C	G	0.00228856605717732	2.6404365475785796
12:83721868:C:T	4.16886e-06	0.00051135	-4.80941	-3.04996	12	83721868	C	T	0.002288718461605568	2.6404076271992767
12:10514249:A:ATT	3.50448e-05	0.00624971	-5.18366	-3.04991	12	10514249	A	ATT	0.0022890995133509353	2.6403353269585854
12:9691137:A:G	0.000116062	0.0133192	-4.74284	-3.04988	12	9691137	A	G	0.002289328172291943	2.640291947299358
12:617142:G:C	8.11341e-06	0.00144636	-5.18329	-3.04961	12	617142	G	C	0.0022913870444752665	2.63990154674134
12:83723405:G:A	4.27468e-06	0.000523786	-4.80837	-3.04913	12	83723405	G	A	0.002295051450049983	2.6392075740821266
12:20974817:C:G	8.30133e-06	0.00171566	-5.33113	-3.04906	12	20974817	C	G	0.002295586290784757	2.6391063775190458
12:58325299:A:G	0.000260656	0.0538701	-5.33113	-3.04906	12	58325299	A	G	0.002295586290784757	2.6391063775190458
12:10521175:T:C	3.72532e-05	0.00861035	-5.44298	-3.04899	12	10521175	T	C	0.002296121245685019	2.6390051829370926
12:113592471:G:A	3.61803e-05	0.00747614	-5.33096	-3.04892	12	113592471	G	A	0.002296656314772515	2.6389039903362628
12:44832471:C:T	0.00681796	8.027e-05	4.44192	3.04875	12	44832471	C	T	0.0022979562437961606	2.638658245125017
12:98163907:T:C	0.000261469	0.0277946	-4.66628	-3.04842	12	98163907	T	C	0.002300481559505563	2.6381812436585093
12:28414437:A:G	6.92174e-06	0.00142163	-5.32489	-3.0483	12	28414437	A	G	0.0023014004861786662	2.638007799495993
12:25416938:T:C	4.67783e-05	0.0139774	-5.69978	-3.04829	12	25416938	T	C	0.0023014770785756583	2.63799334607858
12:71329500:C:CATAAATAAA	9.77632e-05	0.0137788	-4.94834	-3.04826	12	71329500	C	CATAAATAAA	0.002301706869775655	2.6379499860689206
12:19197259:C:T	4.92185e-05	0.00568944	-4.7501	-3.04817	12	19197259	C	T	0.0023023963694716685	2.6378199082231686
12:62511600:CA:C	0.000212887	2.4633e-06	4.45926	3.04811	12	62511600	CA	C	0.0023028561410328497	2.637733191478684
12:619422:G:A	0.000880741	6.40596e-06	4.92354	3.0475	12	619422	G	A	0.0023075352611075513	2.6368516538611266
12:8003154:C:G	0.000208227	0.062111	-5.69805	-3.04698	12	8003154	C	G	0.0023115308930237587	2.636100297951579
12:91693860:A:AG	0.0288894	0.000273191	4.66106	3.04687	12	91693860	A	AG	0.0023123769344439884	2.6359413712869144
12:93516721:G:A	0.00193906	8.00372e-05	3.18747	3.04683	12	93516721	G	A	0.002312684656179896	2.6358835809853387
12:80462024:G:A	0.000150715	0.0173909	-4.74831	-3.04683	12	80462024	G	A	0.002312684656179896	2.6358835809853387
12:74413051:A:G	2.51159e-06	0.000517459	-5.32801	-3.04662	12	74413051	A	G	0.002314300810709821	2.635580192514458
12:18650357:G:A	0.000508404	3.76262e-05	2.60358	3.04629	12	18650357	G	A	0.0023168425721113847	2.635103475224319
12:70775198:G:GA	0.0263685	0.00103993	3.23302	3.04622	12	70775198	G	GA	0.002317382062197011	2.6350023590347615
12:7738810:A:G	0.000102425	0.0124506	-4.80039	-3.04583	12	7738810	A	G	0.0023203898994161023	2.63443903367048
12:82156984:A:G	5.09132e-05	0.00618776	-4.80021	-3.04568	12	82156984	A	G	0.0023215477116153675	2.634222386441765
12:14364357:C:T	1.03199e-05	0.00107831	-4.64908	-3.04566	12	14364357	C	T	0.002321702126544718	2.634193500831857
12:65575452:A:G	3.65062e-05	0.00550734	-5.01636	-3.04531	12	65575452	A	G	0.0023244059108911475	2.633688028834648
12:120457938:C:CCTCT	0.00658746	9.11325e-05	4.28061	3.04524	12	120457938	C	CCTCT	0.0023249470136792335	2.6335869403778744
12:60446267:A:AAT	0.00042917	2.99526e-05	2.66224	3.04516	12	60446267	A	AAT	0.0023255655581209144	2.633471413138556
12:93655890:G:GGGGGT	0.00636183	0.000471648	2.60184	3.04494	12	93655890	G	GGGGGT	0.0023272673325000098	2.6331537265709892
12:103349974:T:C	0.000211464	0.0243534	-4.74638	-3.04492	12	103349974	T	C	0.0023274220957991802	2.6331248469441566
12:114589717:C:CAAA	0.000253279	0.0753418	-5.6953	-3.04491	12	114589717	C	CAAA	0.0023274994809831533	2.633110407191379
12:46431097:C:CTT	0.00109349	1.85867e-05	4.07468	3.04466	12	46431097	C	CTT	0.0023294348765611154	2.6327494265102414
12:90156919:T:C	9.61257e-05	0.0220922	-5.43733	-3.04459	12	90156919	T	C	0.0023299770513698407	2.6326483564471683
12:76766801:CTT:C	0.0144501	0.000105496	4.91979	3.04458	12	76766801	CTT	C	0.002330054514347011	2.63263391802843
12:115976068:T:A	0.0113196	8.26344e-05	4.91986	3.04437	12	115976068	T	A	0.0023316817817700423	2.6323307205731403
12:121310934:C:CAA	0.00121472	7.75887e-05	2.75084	3.04412	12	121310934	C	CAA	0.002333620361829044	2.6319697944659364
12:16252682:A:T	0.000114579	0.0340424	-5.6941	-3.044	12	16252682	A	T	0.0023345514044279254	2.6317965589087553
12:75920618:A:T	0.000532029	0.0605714	-4.73488	-3.04373	12	75920618	A	T	0.002336647494130023	2.6314068001885365
12:76593266:G:T	5.83481e-06	0.00173212	-5.69326	-3.04337	12	76593266	G	T	0.0023394449612902904	2.6308871677357852
12:28286889:T:G	6.42185e-06	0.00130998	-5.31806	-3.04307	12	28286889	T	G	0.0023417785263547364	2.63045418071123
12:121356974:T:C	0.00828635	0.000342495	3.18611	3.04293	12	121356974	T	C	0.0023428682526688118	2.630252132550142
12:1767487:AT:A	0.000527788	3.38819e-06	5.0484	3.04292	12	1767487	AT	A	0.0023429461080284467	2.6302377008418083
12:44850471:A:G	3.25134e-05	0.00455242	-4.94176	-3.04292	12	44850471	A	G	0.0023429461080284467	2.6302377008418083
12:89531423:T:G	0.000144695	0.020254	-4.94148	-3.04269	12	89531423	T	G	0.002344737435305192	2.6299057827068704
12:117640435:G:GA	0.000129105	0.0264583	-5.3227	-3.04247	12	117640435	G	GA	0.002346452052219629	2.629588315804433
12:82157020:T:C	5.08735e-05	0.00615849	-4.79624	-3.04247	12	82157020	T	C	0.002346452052219629	2.629588315804433
12:72713510:A:T	0.00830393	0.000217289	3.64325	3.04208	12	72713510	A	T	0.0023494944223231844	2.6290255816506645
12:72713580:G:A	0.00831671	0.000217679	3.643	3.04188	12	72713580	G	A	0.002351056012845527	2.628737023882314
12:82793826:A:G	2.84954e-05	0.0019263	-4.21362	-3.04163	12	82793826	A	G	0.002353009337450943	2.6283763494090304
12:31969279:G:A	0.000108711	0.0156917	-4.9722	-3.0416	12	31969279	G	A	0.0023532438362353714	2.628333070169935
12:16247998:T:C	0.000203204	0.0238278	-4.7644	-3.04106	12	16247998	T	C	0.0023574684751902766	2.6275541060741743
12:115175829:T:C	0.0478815	0.00156703	3.41954	3.0409	12	115175829	T	C	0.0023587215530231293	2.6273233245332466
12:91601834:C:T	6.21062e-06	0.000836495	-4.90296	-3.0401	12	91601834	C	T	0.002364996094869872	2.6261695720415466
12:51885898:CA:C	0.0141435	0.000499066	3.34427	3.04004	12	51885898	CA	C	0.002365467301021428	2.626083051032922
12:75346205:A:G	8.54554e-06	0.00195244	-5.43143	-3.04	12	75346205	A	G	0.0023657814862088093	2.6260253711688892
12:75916181:G:A	0.000770776	0.113759	-4.99444	-3.03998	12	75916181	G	A	0.0023659385931299602	2.6259965314793874
12:105067215:CA:C	0.00395216	0.000277735	2.65535	3.03967	12	105067215	CA	C	0.002368374972231923	2.6255495369664104
12:43242269:A:G	0.00181426	7.22172e-05	3.22375	3.03923	12	43242269	A	G	0.002371837002810932	2.624915159832266
12:16244477:A:G	0.0232219	0.000379699	4.11347	3.03916	12	16244477	A	G	0.0023723882074004384	2.6248142434119477
12:60366395:CA:C	0.00195621	3.09162e-05	4.14748	3.03908	12	60366395	CA	C	0.002373018299107785	2.6246989127852345
12:26909474:CT:C	0.00465387	2.07441e-05	5.41319	3.03901	12	26909474	CT	C	0.0023735697550311035	2.624598000608801
12:128334576:G:A	0.00243544	0.125806	-3.94462	-3.0388	12	128334576	G	A	0.002375224826834611	2.624295275962313
12:131509811:C:T	0.00987128	0.000259498	3.63864	3.03847	12	131509811	C	T	0.002377827788783066	2.623819601815507
12:75585504:CT:C	0.000697725	1.72108e-05	3.70229	3.03807	12	75585504	CT	C	0.0023809863952943123	2.623243086100995
12:43924830:T:A	6.2894e-05	0.00282958	-3.80643	-3.03806	12	43924830	T	A	0.002381065409649504	2.623228674036675
12:43924829:T:G	6.2894e-05	0.00282958	-3.80643	-3.03806	12	43924829	T	G	0.002381065409649504	2.623228674036675
12:16247780:G:C	0.000203581	0.0237673	-4.76	-3.03805	12	16247780	G	C	0.00238114442640524	2.623214262012771
12:78814726:T:A	0.000159442	0.0137707	-4.45862	-3.03801	12	78814726	T	A	0.0023814605174348677	2.6231566143213216
12:11180118:T:A	1.80901e-05	0.00144762	-4.38231	-3.03797	12	11180118	T	A	0.0023817766468783373	2.6230989672765364
12:59592773:A:G	0.00013253	0.0252423	-5.24947	-3.03788	12	59592773	A	G	0.002382488078598322	2.6229692637901265
12:83209173:A:G	0.00336146	4.69698e-05	4.27063	3.03766	12	83209173	A	G	0.0023842279529933423	2.622652224605283
12:60499472:C:CAT	0.00173446	3.16804e-05	4.00275	3.03722	12	60499472	C	CAT	0.0023877111918393415	2.622018204919479
12:73579152:T:C	1.07483e-06	0.000204481	-5.24831	-3.03698	12	73579152	T	C	0.002389613103248742	2.6216724089789945
12:125249174:G:T	0.000169439	0.0235974	-4.9364	-3.03686	12	125249174	G	T	0.0023905645789326258	2.6214995197384234
12:7740341:G:A	3.25125e-05	0.00956809	-5.68456	-3.0368	12	7740341	G	A	0.002391040446818653	2.621413077300545
12:19442509:G:A	5.3274e-06	3.51288e-07	2.71901	3.0365	12	19442509	G	A	0.0023934210872531025	2.620980886935113
12:14351901:A:C	1.55066e-05	0.00227692	-4.98931	-3.03616	12	14351901	A	C	0.002396121769351406	2.62049111515852
12:129656292:A:AAAGGGAAGA	0.000464672	0.0644972	-4.93305	-3.03584	12	129656292	A	AAAGGGAAGA	0.0023986661357970674	2.6200301961636154
12:129656291:A:ATGG	0.000464672	0.0644972	-4.93305	-3.03584	12	129656291	A	ATGG	0.0023986661357970674	2.6200301961636154
12:120666476:C:CA	2.40391e-05	0.00488484	-5.31421	-3.03583	12	120666476	C	CA	0.00239874568708507	2.6200157931118504
12:33505195:T:A	1.75012e-05	0.00250757	-4.9648	-3.0357	12	33505195	T	A	0.0023997800736250347	2.619828557116538
12:82794146:A:G	2.87641e-05	0.0019284	-4.20532	-3.03558	12	82794146	A	G	0.0024007352543556075	2.619655729952102
12:60002784:T:A	4.87366e-06	0.000854275	-5.16641	-3.03558	12	60002784	T	A	0.0024007352543556075	2.619655729952102
12:15015771:A:G	0.000134245	0.0186546	-4.93418	-3.03511	12	15015771	A	G	0.002404479730714539	2.618978879590769
12:32584544:C:A	6.98573e-05	0.00811784	-4.75536	-3.03488	12	32584544	C	A	0.0024063140815474174	2.618647687478078
12:57413072:G:A	6.282e-06	0.000753331	-4.78682	-3.03484	12	57413072	G	A	0.0024066332298110843	2.618590091032052
12:65575235:C:T	3.69094e-05	0.0054822	-5.00079	-3.03479	12	65575235	C	T	0.0024070322196261856	2.618518096383794
12:50801738:C:T	3.90024e-05	0.00682218	-5.16431	-3.03473	12	50801738	C	T	0.0024075110873272155	2.6184317041394856
12:76145757:C:T	0.000115572	0.00847854	-4.2954	-3.03451	12	76145757	C	T	0.002409267681733441	2.6181149450239185
12:82775153:T:G	0.0216148	0.00162459	2.58812	3.03431	12	82775153	T	G	0.002410865603682933	2.617826999164538
12:104206060:TA:T	0.000598355	4.01043e-06	5.00528	3.03417	12	104206060	TA	T	0.002411984726173744	2.6176254466809175
12:5228671:A:C	0.000148801	0.0436282	-5.68085	-3.034	12	5228671	A	C	0.002413344299881825	2.617380715027761
12:87387267:C:T	2.94019e-05	0.00666472	-5.42352	-3.03385	12	87387267	C	T	0.002414544506227011	2.6171647850324646
12:91691539:A:G	0.000247289	0.0297275	-4.78927	-3.03378	12	91691539	A	G	0.0024151047894677784	2.6170640208129687
12:28415665:T:TTGTGTG	9.19204e-06	0.00160709	-5.16384	-3.03353	12	28415665	T	TTGTGTG	0.0024171067726033494	2.6167041647647724
12:78475981:TTA:T	0.0234973	0.000219156	4.67486	3.03348	12	78475981	TTA	T	0.0024175073514589923	2.6166321965859245
12:61029310:TCTTCTC:T	0.00184795	2.59701e-05	4.26489	3.0333	12	61029310	TCTTCTC	T	0.0024189499385076424	2.616373119507017
12:33975349:C:G	7.23791e-06	0.000711273	-4.58773	-3.03289	12	33975349	C	G	0.002422238772936204	2.615783048369914
12:102041917:G:C	6.28398e-05	0.0183862	-5.67877	-3.03242	12	102041917	G	C	0.0024260139347372766	2.615106708926113
12:81628562:G:A	2.36122e-05	0.00690841	-5.67873	-3.0324	12	81628562	G	A	0.002426174699307171	2.615077930504299
12:16235089:A:T	0.000227179	0.0396612	-5.16239	-3.03237	12	16235089	A	T	0.002426415864444072	2.6150347631746453
12:16235088:A:T	0.000227179	0.0396612	-5.16239	-3.03237	12	16235088	A	T	0.002426415864444072	2.6150347631746453
12:82946745:C:CT	6.04018e-05	0.00478318	-4.37184	-3.03214	12	82946745	C	CT	0.0024282655261890626	2.6147038257295403
12:123461282:A:ATT	0.000311776	0.0274191	-4.47671	-3.03203	12	123461282	A	ATT	0.002429150603123365	2.6145455588556925
12:65701529:AAT:A	0.0125395	0.000748464	2.81862	3.03195	12	65701529	AAT	A	0.0024297944808761023	2.6144304587457565
12:26904563:CAAAAAAAA:C	0.0144129	9.90217e-05	4.98054	3.03188	12	26904563	CAAAAAAAA	C	0.002430358002037602	2.614329748271
12:62230162:T:TA	2.21766e-05	0.00264957	-4.78312	-3.03185	12	62230162	T	TA	0.0024305995477207063	2.614286587245086
12:118823578:ATATATATAT:A	0.0139589	0.000366769	3.63914	3.03167	12	118823578	ATATATATAT	A	0.0024320492832707245	2.6140276287267437
12:113431838:A:G	0.0107564	0.000951358	2.42537	3.03154	12	113431838	A	G	0.0024330968066226407	2.6138406112723747
12:113275716:G:C	0.00339373	0.00032296	2.35216	3.03128	12	113275716	G	C	0.00243519309220308	2.6134665968503636
12:117635849:T:A	6.60623e-05	0.0192879	-5.67664	-3.03082	12	117635849	T	A	0.002438905954759939	2.612804945941401
12:104034268:G:A	4.84568e-05	0.00844283	-5.1604	-3.03078	12	104034268	G	A	0.002439229057082443	2.6127474151204546
12:47440968:G:A	1.75777e-05	0.00513079	-5.67638	-3.03062	12	47440968	G	A	0.0024405218581393566	2.6125172983017455
12:25421987:A:ATG	4.60204e-05	0.0103776	-5.41832	-3.0298	12	25421987	A	ATG	0.002447157310841056	2.6113381119582715
12:41922669:G:A	0.00154518	3.8559e-05	3.6907	3.02973	12	41922669	G	A	0.0024477245160690886	2.611237462295847
12:93419555:A:C	2.28519e-05	0.00263559	-4.74783	-3.02971	12	93419555	A	C	0.002447886596801742	2.611208705613089
12:777961:C:T	7.48826e-05	0.0218293	-5.67509	-3.02965	12	777961	C	T	0.002448372897930532	2.6111224365345405
12:50916840:C:CT	3.81466e-05	0.00525316	-4.92515	-3.02943	12	50916840	C	CT	0.0024501567585524897	2.610806129024665
12:95226398:A:AT	1.37702e-05	0.00259356	-5.23828	-3.02921	12	95226398	A	AT	0.002451941808468512	2.610489841070795
12:83724167:G:A	4.69561e-06	0.000524589	-4.71599	-3.02916	12	83724167	G	A	0.0024523476675666705	2.6104179601722373
12:73459134:C:T	0.000312436	2.98329e-05	2.34879	3.02873	12	73459134	C	T	0.0024558405943775046	2.609799826142014
12:15104527:G:A	0.000178648	0.0259699	-4.97928	-3.02869	12	15104527	G	A	0.002456165749135989	2.609742329099989
12:126508313:CA:C	0.00280187	0.000186608	2.70903	3.02858	12	126508313	CA	C	0.00245706012786047	2.609584215567744
12:20790077:C:T	0.000136839	0.0154071	-4.72378	-3.02838	12	20790077	C	T	0.002458687034545071	2.6092967489433847
12:30751912:ATT:A	9.96176e-05	0.001422	-2.65848	-3.02832	12	30751912	ATT	A	0.002459175298733228	2.6092105121075586
12:4816034:G:A	5.90985e-05	0.00604268	-4.6274	-3.02802	12	4816034	G	A	0.0024616179508404074	2.608779349746254
12:113394329:T:TTTG	0.00159575	0.000139122	2.43975	3.028	12	113394329	T	TTTG	0.002461780873225119	2.6087506068817357
12:100914993:A:AT	7.67288e-06	0.00172554	-5.4156	-3.02769	12	100914993	A	AT	0.0024643074322442822	2.6083051131478037
12:83425926:G:A	1.96419e-05	0.00571076	-5.67244	-3.02765	12	83425926	G	A	0.0024646336126325427	2.608247632913553
12:23071314:T:A	0.000130833	0.0133669	-4.62662	-3.02738	12	23071314	T	A	0.0024668363637642718	2.607859658240802
12:48075205:ACT:A	0.000164387	1.23073e-06	4.89462	3.02704	12	48075205	ACT	A	0.0024696127609538767	2.607371139438848
12:83723986:C:T	4.68638e-06	0.000521931	-4.71288	-3.02675	12	83723986	C	T	0.0024719831235282762	2.60695449854421
12:33975481:C:T	7.24996e-06	0.000706565	-4.57942	-3.02659	12	33975481	C	T	0.002473291800690043	2.606724642250303
12:32246310:G:GAA	2.23079e-05	0.00265753	-4.78021	-3.0265	12	32246310	G	GAA	0.00247402821013926	2.6065953526301135
12:83763213:G:T	1.68294e-05	0.00488424	-5.67064	-3.02629	12	83763213	G	T	0.0024757472791046065	2.6062936895759807
12:22161125:CT:C	0.0349108	0.000236667	4.9939	3.026	12	22161125	CT	C	0.002478123028252423	2.6058771365536497
12:100911330:C:G	1.67485e-05	0.00289717	-5.15318	-3.026	12	100911330	C	G	0.002478123028252423	2.6058771365536497
12:60357549:G:A	2.82174e-05	0.00287798	-4.62491	-3.02599	12	60357549	G	A	0.0024782049878283607	2.605862773262335
12:67139459:G:GTAAA	0.000127117	0.0107813	-4.44046	-3.02561	12	67139459	G	GTAAA	0.0024813212900985596	2.6053169981289206
12:58950376:A:G	3.58458e-05	0.00193724	-3.9898	-3.02551	12	58950376	A	G	0.002482141965333727	2.605173382789802
12:10512956:C:T	4.01682e-05	0.00800703	-5.295	-3.02538	12	10512956	C	T	0.0024832092144082963	2.6049866888887014
12:76146347:C:CA	0.000339926	0.0352762	-4.64223	-3.02536	12	76146347	C	CA	0.002483373443833039	2.604957967356064
12:40745433:C:T	2.70975e-05	0.00321045	-4.77473	-3.02505	12	40745433	C	T	0.002485920270987937	2.6045128042644645
12:20279816:GAGATATATA:G	0.000560654	3.68929e-06	5.02367	3.02486	12	20279816	GAGATATATA	G	0.0024874824104875533	2.604239981559203
12:5190906:T:C	9.66411e-05	0.0028957	-3.39998	-3.02446	12	5190906	T	C	0.002490774061251779	2.6036656656396837
12:16247697:A:G	0.000203868	0.0233254	-4.73983	-3.02423	12	16247697	A	G	0.0024926685644406903	2.603335463254575
12:7907905:G:A	0.000113972	0.0255173	-5.41116	-3.02423	12	7907905	G	A	0.0024926685644406903	2.603335463254575
12:100132072:G:A	0.000364709	2.45804e-05	2.69715	3.02415	12	100132072	G	A	0.002493327831027565	2.6032206152604163
12:107765529:A:C	0.000119174	0.0163333	-4.92038	-3.02415	12	107765529	A	C	0.002493327831027565	2.6032206152604163
12:31973689:A:C	5.70943e-05	0.00678003	-4.77703	-3.02395	12	31973689	A	C	0.0024949766954567277	2.6029335065864085
12:82166766:G:C	0.00015718	0.0271498	-5.15173	-3.02385	12	82166766	G	C	0.002495801501707099	2.6027899583090517
12:96515010:CT:C	0.0016421	1.36315e-05	4.79134	3.02364	12	96515010	CT	C	0.0024975344068622423	2.6024885200759607
12:80364923:C:A	4.74625e-06	0.00025579	-3.987	-3.02345	12	80364923	C	A	0.0024991032218480407	2.6022158055969546
12:30661587:G:A	1.7041e-06	0.000175313	-4.63354	-3.02302	12	30661587	G	A	0.0025026570272946476	2.6015986635197432
12:32119982:C:T	6.07527e-05	0.0175465	-5.6658	-3.02263	12	32119982	C	T	0.002505884243622769	2.6010389946016432
12:27043602:T:C	8.17603e-06	0.00182659	-5.409	-3.02255	12	27043602	T	C	0.0025065467070877413	2.6009241983154485
12:96519378:C:T	6.24946e-06	0.0013961	-5.40894	-3.0225	12	96519378	C	T	0.002506960828105611	2.600852451949437
12:61505965:CT:C	0.0151267	6.89342e-05	5.39107	3.02238	12	61505965	CT	C	0.002507954973926703	2.6006802647913645
12:62272006:C:A	0.00465315	6.63484e-05	4.25038	3.02229	12	62272006	C	A	0.002508700819948133	2.6005511282401828
12:90755023:A:G	1.4747e-05	0.00292713	-5.29074	-3.02212	12	90755023	A	G	0.0025101101938480833	2.6003072125708764
12:12447767:T:C	2.53762e-05	0.00283123	-4.71465	-3.02208	12	12447767	T	C	0.002510441916480759	2.6002498223452846
12:1202030:A:G	2.8723e-05	0.0024882	-4.46162	-3.0214	12	1202030	A	G	0.0025160873403841265	2.599274287396676
12:30754660:A:C	7.30689e-05	0.00189746	-3.25687	-3.02133	12	30754660	A	C	0.0025166691457322735	2.599173875284918
12:87187871:C:G	1.49798e-05	0.00334115	-5.40737	-3.02128	12	87187871	C	G	0.0025170847963229613	2.5991021535597705
12:13903163:A:G	7.62666e-05	0.0170108	-5.40737	-3.02128	12	13903163	A	G	0.0025170847963229613	2.5991021535597705
12:105061439:T:C	0.00977044	0.000590997	2.80531	3.02112	12	105061439	T	C	0.0025184153002344003	2.598872650825482
12:113501490:T:A	0.000547157	0.0223631	-3.71043	-3.02085	12	113501490	T	A	0.0025206619844468617	2.598485388409932
12:30754806:T:G	7.32333e-05	0.00189965	-3.25578	-3.02053	12	30754806	T	G	0.0025233270952655837	2.598026448863612
12:51008281:G:GACAT	1.81545e-05	0.00359574	-5.28859	-3.02046	12	51008281	G	GACAT	0.002523910431731007	2.597926061351513
12:92417646:T:A	0.000124435	0.0178894	-4.96818	-3.02044	12	92417646	T	A	0.0025240771219475094	2.597897379568735
12:113394343:G:GT	0.00157186	0.000149098	2.35541	3.02044	12	113394343	G	GT	0.0025240771219475094	2.597897379568735
12:7337696:G:A	0.000169268	0.0337	-5.29377	-3.01984	12	7337696	G	A	0.0025290825133629374	2.5970370012156483
12:82779018:C:A	0.0160396	0.00141358	2.42893	3.01954	12	82779018	C	A	0.002531588612221402	2.5966068665685644
12:103878940:T:C	6.16134e-05	0.0122574	-5.29301	-3.01925	12	103878940	T	C	0.002534013333341526	2.596191104298112
12:83210173:A:G	0.00331896	4.75198e-05	4.24626	3.01916	12	83210173	A	G	0.0025347662647882113	2.596062081534892
12:7742730:G:A	9.25071e-05	0.0129716	-4.94324	-3.01851	12	7742730	G	A	0.0025402101814394236	2.595130347607276
12:40572714:A:ACTTTT	0.000647947	2.1855e-05	3.38938	3.01802	12	40572714	A	ACTTTT	0.0025443211239128158	2.594428076379732
12:18794045:C:T	0.000158145	1.5053e-05	2.35194	3.01773	12	18794045	C	T	0.0025467569960044593	2.59401249215029
12:126254534:A:G	0.000151947	0.014636	-4.56771	-3.0177	12	126254534	A	G	0.0025470091044659583	2.5939695026169662
12:105060299:G:A	0.000278272	0.0338875	-4.8022	-3.01753	12	105060299	G	A	0.0025484381502677207	2.5937259021276127
12:64490903:CAA:C	0.00439953	6.64181e-05	4.19328	3.01728	12	64490903	CAA	C	0.0025505410203538422	2.5933676873180285
12:3822732:G:GT	3.22114e-05	0.00714605	-5.402	-3.0171	12	3822732	G	GT	0.002552056069322725	2.5931097882855276
12:75436058:CT:C	0.000472561	4.92461e-06	4.56392	3.01708	12	75436058	CT	C	0.002552224458893055	2.5930811336452404
12:119534069:T:C	3.96775e-05	0.00735469	-5.22231	-3.01684	12	119534069	T	C	0.0025542459264669224	2.592737290562922
12:42197093:T:C	6.96915e-07	9.44816e-05	-4.9095	-3.01672	12	42197093	T	C	0.0025552572092536097	2.5925653777455806
12:115177665:G:A	0.0425892	0.00143922	3.3875	3.01659	12	115177665	G	A	0.002556353178807675	2.5923791454231524
12:77260757:G:A	7.56463e-06	0.000886641	-4.76396	-3.01633	12	77260757	G	A	0.0025585464076941403	2.592006701254812
12:42196422:C:T	7.07792e-07	9.58796e-05	-4.9087	-3.01607	12	42196422	C	T	0.0025607413572857765	2.5916342843882947
12:31673857:T:C	1.45126e-05	0.00268631	-5.22091	-3.01575	12	31673857	T	C	0.0025634451976340542	2.5911759626470383
12:18793883:C:CAAAGCTTTG	0.000158399	1.51177e-05	2.34926	3.01565	12	18793883	C	CAAAGCTTTG	0.002564290683009025	2.591032745584087
12:103878411:A:G	6.19055e-05	0.0122574	-5.28828	-3.01555	12	103878411	A	G	0.002565136423391241	2.590889532559775
12:117642969:C:A	0.000117188	0.0132389	-4.72713	-3.01554	12	117642969	C	A	0.002565221011457495	2.590875211479469
12:100599495:T:A	5.17031e-05	0.00607534	-4.76648	-3.01547	12	100599495	T	A	0.0025658131993482342	2.590774965048136
12:97125595:T:C	7.06489e-05	0.0120723	-5.14095	-3.01523	12	97125595	T	C	0.0025678445070604697	2.590431278021473
12:32075896:C:CA	0.0306167	0.000204142	5.01048	3.01523	12	32075896	C	CA	0.0025678445070604697	2.590431278021473
12:83723645:C:T	4.38014e-06	0.000514465	-4.76605	-3.01512	12	83723645	C	T	0.002568776014480691	2.5902737625752015
12:98164244:C:T	0.000257792	0.0282804	-4.69777	-3.0151	12	98164244	C	T	0.002568945412661645	2.590245123928166
12:97125383:C:T	7.04517e-05	0.0120352	-5.14066	-3.015	12	97125383	C	T	0.0025697925568077193	2.5901019331161277
12:58546701:T:A	6.19272e-05	0.00634481	-4.62943	-3.01485	12	58546701	T	A	0.0025710637520216383	2.589887154470348
12:50916995:G:C	3.85128e-05	0.0052059	-4.90656	-3.01434	12	50916995	G	C	0.0025753901181299966	2.5891569750428958
12:45371450:G:T	0.00127843	9.75409e-06	4.8757	3.01406	12	45371450	G	T	0.002577768207683992	2.588756136885483
12:46708023:GT:G	0.00077406	9.41598e-06	4.40924	3.01397	12	46708023	GT	G	0.0025785330199419587	2.588627302773161
12:61316460:C:T	4.53159e-05	0.0129377	-5.65424	-3.01391	12	61316460	C	T	0.0025790430100492046	2.5885414151822324
12:61309129:T:C	0.000112816	0.0222899	-5.28613	-3.01387	12	61309129	T	C	0.0025793830546932263	2.588484157595961
12:57526479:T:G	4.18959e-06	0.000349095	-4.42274	-3.01352	12	57526479	T	G	0.002582360194569506	2.5879831812780547
12:126490553:A:G	0.000458822	4.39365e-05	2.34592	3.01305	12	126490553	A	G	0.0025863630107992187	2.5873105194700625
12:69372537:G:GTTTTT	6.86007e-05	0.00750511	-4.69504	-3.01299	12	69372537	G	GTTTTT	0.0025868744167656106	2.587224654170799
12:91691829:G:A	0.000253793	0.0297275	-4.76331	-3.01293	12	91691829	G	A	0.002587385915192027	2.587138790325315
12:74064866:A:G	2.43165e-06	0.000315215	-4.86469	-3.01224	12	74064866	A	G	0.002593274797472523	2.586151460591768
12:75338555:G:A	5.97427e-05	0.00698988	-4.76217	-3.01201	12	75338555	G	A	0.002595240479880127	2.585822393404719
12:43926381:T:G	5.80807e-05	0.00251641	-3.76876	-3.01125	12	43926381	T	G	0.002601745470346653	2.5847351928746924
12:75338832:ATAAG:A	0.00598014	7.41064e-05	4.3907	3.01116	12	75338832	ATAAG	A	0.0026025167845544696	2.584606460889134
12:88179802:A:T	1.49855e-05	0.0032989	-5.39426	-3.01108	12	88179802	A	T	0.0026032025726874398	2.5844920352033878
12:103880414:A:G	5.75572e-05	0.0113304	-5.28247	-3.011	12	103880414	A	G	0.0026038885260373447	2.584377612101974
12:41917487:C:T	0.00186909	3.63569e-05	3.93982	3.0109	12	41917487	C	T	0.0026047462001149947	2.5842345868594125
12:79490680:C:CTT	9.33413e-05	7.09213e-06	2.57728	3.01072	12	79490680	C	CTT	0.0026062906643566862	2.5839771515985426
12:49558611:C:T	0.00296262	0.000239787	2.51408	3.01069	12	49558611	C	T	0.0026065481564489018	2.5839342469936937
12:123156117:C:A	0.000637991	2.84184e-05	3.11129	3.01052	12	123156117	C	A	0.0026080077176759042	2.5836911277640824
12:102746682:G:A	0.00012625	0.0141579	-4.71976	-3.01049	12	102746682	G	A	0.002608265364856209	2.5836482255820052
12:131513086:A:ATC	0.000294988	2.83421e-05	2.34259	3.01046	12	131513086	A	ATC	0.002608523035306879	2.583605323763345
12:38380380:C:T	4.61664e-06	0.000782826	-5.13324	-3.01036	12	38380380	C	T	0.0026093821048969925	2.5834623203257956
12:78557716:A:AT	8.72929e-05	0.0147985	-5.13301	-3.01018	12	78557716	A	AT	0.0026109290820032403	2.5832049243137623
12:43987596:G:T	0.00217445	0.000168651	2.5567	3.00997	12	43987596	G	T	0.0026127349483372393	2.5829046455015723
12:63323835:A:G	5.99182e-06	0.000806341	-4.90211	-3.00966	12	63323835	A	G	0.002615402838102929	2.582461409324002
12:131512583:T:C	0.00934855	0.000252921	3.6099	3.00955	12	131512583	T	C	0.002616350107160158	2.582304141298072
12:10994982:A:G	3.02428e-06	0.000332031	-4.69856	-3.00941	12	10994982	A	G	0.002617556175956026	2.58210398905851
12:3812979:T:A	2.47574e-05	0.00486331	-5.28035	-3.00935	12	3812979	T	A	0.002618073218156869	2.582018211949947
12:103906301:G:A	3.42491e-05	0.00672378	-5.27974	-3.00887	12	103906301	G	A	0.0026222129182027747	2.581332047410882
12:73806323:G:A	2.04661e-06	0.000346933	-5.13294	-3.00883	12	73806323	G	A	0.0026225581631716386	2.5812748712318756
12:122284176:T:G	2.52073e-05	0.00292623	-4.75434	-3.00855	12	122284176	T	G	0.0026249760417102926	2.580874656067738
12:131508913:A:T	0.00989568	0.000270377	3.60004	3.00833	12	131508913	A	T	0.0026268772328267393	2.5805602235031473
12:48481070:A:AG	0.00241181	1.8449e-05	4.87312	3.00828	12	48481070	A	AG	0.0026273094972302127	2.580488764282065
12:130750556:G:A	0.0103217	0.000939994	2.39613	3.00817	12	130750556	G	A	0.0026282607078128494	2.5803315575488046
12:30644373:T:TAA	5.23442e-06	0.000702067	-4.89877	-3.00802	12	30644373	T	TAA	0.0026295583205035735	2.580117192604087
12:109595465:G:C	5.97721e-05	0.005079	-4.44233	-3.00783	12	109595465	G	C	0.0026312028039635407	2.579845676715564
12:31103971:T:C	2.53327e-05	0.0027528	-4.68828	-3.00777	12	31103971	T	C	0.0026317223098127423	2.5797599378842184
12:124944955:G:A	0.000315229	0.0365563	-4.75331	-3.00771	12	124944955	G	A	0.0026322419094236514	2.579674200506398
12:124511674:A:G	0.000259388	0.0167331	-4.16682	-3.0075	12	124511674	A	G	0.0026340612466525955	2.5793741311304927
12:3821408:T:C	3.19837e-05	0.00700802	-5.38958	-3.00744	12	3821408	T	C	0.0026345812683774695	2.5792884002934997
12:30361546:TTG:T	0.00524755	9.39163e-05	4.02311	3.0072	12	30361546	TTG	T	0.002636662293872774	2.5789454914805825
12:10525718:TACAC:T	0.0209032	9.72103e-05	5.37078	3.00713	12	10525718	TACAC	T	0.002637269542617909	2.5788454807908363
12:25611771:G:A	0.00015845	0.0157899	-4.60168	-3.00709	12	25611771	G	A	0.002637616599296317	2.578788332713512
12:7908186:C:G	0.0001176	0.0257559	-5.38913	-3.00708	12	7908186	C	G	0.0026377033699888164	2.57877404579512
12:29411070:T:C	1.29218e-05	0.00253049	-5.27725	-3.00693	12	29411070	T	C	0.00263900524353195	2.5785597468641757
12:97792535:G:T	0.000202571	0.0394071	-5.27061	-3.00668	12	97792535	G	T	0.002641176338062065	2.578202602166522
12:119516262:C:A	6.78877e-05	0.0114737	-5.12996	-3.00645	12	119516262	C	A	0.002643175186881143	2.577874051331254
12:21434907:G:T	0.000143899	0.0198751	-4.92811	-3.00645	12	21434907	G	T	0.002643175186881143	2.577874051331254
12:56337293:C:G	0.000172062	0.00547887	-3.4608	-3.00622	12	56337293	C	G	0.002645175418349188	2.5775455218537764
12:8000220:C:T	0.000231572	0.0654178	-5.64366	-3.00592	12	8000220	C	T	0.0026477864952181066	2.5771170372410017
12:50019186:C:G	5.39944e-05	0.00911823	-5.12915	-3.0058	12	50019186	C	G	0.002648831585447034	2.5769456535699526
12:3816419:G:A	2.78241e-05	0.00608246	-5.38726	-3.00563	12	3816419	G	A	0.002650312775365145	2.57670286998791
12:20024088:G:A	1.13042e-05	0.00206513	-5.20778	-3.00558	12	20024088	G	A	0.0026507485635124564	2.576631465272521
12:104050421:A:G	0.000131892	0.0222242	-5.12695	-3.00543	12	104050421	A	G	0.002652056320957756	2.5764172571822557
12:51418742:G:A	8.59029e-05	0.0167882	-5.27522	-3.00533	12	51418742	G	A	0.002652928486844998	2.5762744568353106
12:88207287:G:A	3.00039e-05	0.00229927	-4.33902	-3.00522	12	88207287	G	A	0.002653888172111548	2.5761173811166813
12:96520759:C:T	4.12345e-06	0.00116367	-5.64265	-3.00515	12	96520759	C	T	0.00265449904611724	2.576017426384641
12:6757661:T:G	0.019969	0.00123183	2.78567	3.00514	12	6757661	T	G	0.002654586324322988	2.576003147298695
12:73209978:C:T	1.96991e-05	0.00332334	-5.12815	-3.005	12	73209978	C	T	0.0026558084946368345	2.5758032443345216
12:92426705:T:A	0.0442685	0.000545768	4.39584	3.00482	12	92426705	T	A	0.002657380612165567	2.5755462378648355
12:45244994:G:A	1.01626e-05	0.000772606	-4.33106	-3.00453	12	45244994	G	A	0.002659915257375602	2.575132199399163
12:611227:T:C	0.00239796	2.4091e-05	4.60053	3.00447	12	611227	T	C	0.002660439942523691	2.57504654050733
12:11181770:A:C	1.92736e-05	0.00257643	-4.89543	-3.00436	12	11181770	A	C	0.002661402110984059	2.574889502980342
12:31208623:G:GT	0.0139339	9.43174e-05	4.99542	3.00423	12	31208623	G	GT	0.002662539629193425	2.5747039194736026
12:19523028:C:A	0.00102965	1.71057e-05	4.09757	3.00395	12	19523028	C	A	0.0026649911778085732	2.574304224324237
12:92413544:C:T	0.0092465	0.000114147	4.39451	3.00392	12	92413544	C	T	0.00266525396605631	2.574261401721181
12:105792362:T:C	5.12888e-05	0.00864005	-5.12669	-3.00384	12	105792362	T	C	0.0026659548505052265	2.5741472098893308
12:50918833:T:C	4.32699e-05	0.00577967	-4.89464	-3.00374	12	50918833	T	C	0.002666831192950331	2.5740044737328485
12:92422128:G:A	0.000130023	0.0251901	-5.26649	-3.00353	12	92422128	G	A	0.002668672369112907	2.573704740944722
12:31103612:G:A	2.4959e-05	0.0026969	-4.68262	-3.00341	12	31103612	G	A	0.0026697249913025427	2.5735334730590442
12:16306711:A:C	0.000784128	0.0450696	-4.05139	-3.00322	12	16306711	A	C	0.002671392419164982	2.5732623107956067
12:80523256:C:T	0.000448043	0.0423351	-4.54848	-3.00312	12	80523256	C	T	0.0026722703950181896	2.5731195996684333
12:70771562:A:T	0.0233278	0.000974164	3.17582	3.00306	12	70771562	A	T	0.002672797307104624	2.573033974929859
12:8001469:C:T	0.000235271	0.066179	-5.63938	-3.00269	12	8001469	C	T	0.00267604869700285	2.572505987822303
12:61473953:T:C	0.00295262	7.65558e-05	3.65243	3.00218	12	61473953	T	C	0.0026805362676434108	2.571778312396574
12:42425039:T:TTATGTATG	1.22256e-06	0.00023795	-5.27111	-3.00212	12	42425039	T	TTATGTATG	0.0026810646690203443	2.5716927104259364
12:50422786:A:ATAT	1.00565e-05	0.00218803	-5.38254	-3.00195	12	50422786	A	ATAT	0.002682562323229507	2.5714501794010602
12:32935416:T:C	0.000192582	0.0323612	-5.1242	-3.00184	12	32935416	T	C	0.0026835318009564425	2.5712932537780753
12:95227751:C:G	7.08239e-06	0.00154052	-5.38227	-3.00174	12	95227751	C	G	0.002684413422181412	2.571150598359415
12:88496744:C:T	0.000570768	3.84016e-05	2.69888	3.00146	12	88496744	C	T	0.0026868833699317056	2.570751184662624
12:50010427:A:G	6.46772e-06	0.000204611	-3.45428	-3.00138	12	50010427	A	G	0.002687589450644441	2.570637072276416
12:100917067:G:A	7.54672e-06	0.00100357	-4.89021	-3.00106	12	100917067	G	A	0.0026904154694341563	2.5701806485663847
12:95561467:C:T	0.0116912	0.000145011	4.38978	3.00069	12	95561467	C	T	0.0026936864385798984	2.5696529601795337
12:88527540:C:T	0.00127051	9.30465e-06	4.91666	3.00061	12	88527540	C	T	0.002694394152788403	2.569538872659099
12:10525727:TATACACACA:T	0.0208644	9.78844e-05	5.36201	3.00054	12	10525727	TATACACACA	T	0.0026950135420958973	2.5694390481979306
12:67131697:AAAGGATTTC:A	0.0137969	0.00085634	2.77953	3.00014	12	67131697	AAAGGATTTC	A	0.0026985554062651062	2.5688686606492874
