Location	iHH_0	iHH_1	iHS	Std iHS	chr	pos	ref	alt	p_value	neg_log10_p
22:24047235:T:G	5.42843e-08	0.022976	-12.9557	-8.63319	22	24047235	T	G	5.966420701533344e-18	17.224286127119985
22:20562380:A:T	2.60375e-07	0.0290576	-11.6227	-8.61614	22	20562380	A	T	6.924907754207985e-18	17.15958600740507
22:20562046:A:T	2.59858e-07	0.0275677	-11.572	-8.57434	22	20562046	A	T	9.965662085531109e-18	17.001493842920254
22:43656813:G:GGAGGCTATA	4.97331e-08	0.00310827	-11.0429	-8.20298	22	43656813	G	GGAGGCTATA	2.3450022381856786e-16	15.629856738436649
22:22628759:C:T	0.0108513	2.48706e-06	8.38094	8.09508	22	22628759	C	T	5.722673019505335e-16	15.242401067979674
22:46294286:A:G	0.00153241	1.54815e-07	9.20012	7.9733	22	46294286	A	G	1.5449253864942997e-15	14.81109249035972
22:46294285:C:G	0.00153241	1.54815e-07	9.20012	7.9733	22	46294285	C	G	1.5449253864942997e-15	14.81109249035972
22:46294288:T:G	0.00152997	1.57177e-07	9.18339	7.96075	22	46294288	T	G	1.7099957757419595e-15	14.76700496245827
22:46294295:T:C	0.00152509	1.63694e-07	9.13957	7.9279	22	46294295	T	C	2.228826673549762e-15	14.651923703456832
22:32319998:T:C	5.04689e-07	0.0237544	-10.7593	-7.88995	22	32319998	T	C	3.023076306545451e-15	14.519550890502178
22:34484229:T:TG	0.00126269	3.46176e-07	8.20181	7.7709	22	34484229	T	TG	7.793040607136653e-15	14.10829306078001
22:47652183:A:T	8.06018e-07	0.00999287	-9.42528	-7.75983	22	47652183	A	T	8.504330284837161e-15	14.070359881352026
22:24048178:T:A	6.1303e-07	0.0115162	-9.84085	-7.58012	22	24048178	T	A	3.452354942819754e-14	13.461884560064727
22:19099744:G:A	2.02965e-07	0.0207445	-11.5348	-7.5574	22	19099744	G	A	4.1120593500662734e-14	13.385940625719913
22:42462707:A:G	2.17798e-06	0.0212196	-9.18428	-7.33505	22	42462707	A	G	2.2163872532930151e-13	12.654354356184225
22:32318925:G:A	6.40563e-07	0.0116833	-9.81133	-7.20866	22	32318925	G	A	5.650515127692333e-13	12.247911958036067
22:32318693:C:A	5.62065e-07	0.0103888	-9.82462	-7.17022	22	32318693	C	A	7.487734084532967e-13	12.125649587302885
22:17866614:C:T	0.0138265	5.82081e-06	7.7729	7.00504	22	17866614	C	T	2.4691528073475584e-12	11.607452032249398
22:27862712:G:T	2.60157e-07	0.00511413	-9.88623	-7.00441	22	27862712	G	T	2.4802879814453184e-12	11.605497891152991
22:24022978:G:A	0.0184175	1.69713e-05	6.98953	6.94248	22	24022978	G	A	3.852755112050975e-12	11.41422859463737
22:32318710:A:G	0.0193528	5.41172e-07	10.4846	6.9333	22	32318710	A	G	4.111350243804906e-12	11.386015524320948
22:17715561:C:G	3.50189e-07	0.00405015	-9.35579	-6.93034	22	17715561	C	G	4.198303609790345e-12	11.376926157633383
22:32320105:A:G	5.09589e-07	0.0214773	-10.6489	-6.90835	22	32320105	A	G	4.903230610452046e-12	11.309517680383937
22:32319498:G:A	5.27984e-07	0.0214773	-10.6134	-6.88237	22	32319498	G	A	5.886487729612036e-12	11.23014375693166
22:49990903:C:A	5.55565e-07	0.00455155	-9.01099	-6.87035	22	49990903	C	A	6.404457500112834e-12	11.193517651974844
22:32318704:C:T	5.41172e-07	0.0193528	-10.4846	-6.78798	22	32318704	C	T	1.1371440983339141e-11	10.944184498244562
22:19339636:C:CA	5.04095e-08	0.00176936	-10.4659	-6.7743	22	19339636	C	CA	1.2501003365079287e-11	10.903055127917598
22:31310550:C:CT	5.32211e-08	0.000605556	-9.33945	-6.76763	22	31310550	C	CT	1.3090901127107195e-11	10.883030457264358
22:32320143:T:C	5.16864e-07	0.0177837	-10.446	-6.7597	22	32320143	T	C	1.3827775872966902e-11	10.859247668319865
22:21837286:G:C	1.00184e-07	0.00108682	-9.29176	-6.69247	22	21837286	G	C	2.1943474487604824e-11	10.658694605962506
22:35031150:C:T	1.51983e-06	0.0156523	-9.23978	-6.69061	22	35031150	C	T	2.222422285420425e-11	10.653173416680888
22:17871562:C:T	9.17133e-07	0.0102394	-9.3205	-6.67504	22	17871562	C	T	2.471647417865912e-11	10.607013481559106
22:19346164:T:TA	5.71568e-08	0.00171839	-10.3111	-6.66085	22	19346164	T	TA	2.7224839610177665e-11	10.565034670125723
22:32318666:T:C	5.54853e-07	0.0166702	-10.3104	-6.66036	22	32318666	T	C	2.7315766050017138e-11	10.563586615518053
22:19415884:A:G	4.99261e-08	0.00145148	-10.2776	-6.63627	22	19415884	A	G	3.2172030328407324e-11	10.492521530562131
22:24045997:C:T	1.85968e-06	0.0113359	-8.71532	-6.61746	22	24045997	C	T	3.654230492800602e-11	10.43720406273215
22:17875682:T:TA	0.00160437	8.68771e-07	7.52116	6.61492	22	17875682	T	TA	3.7175273191729945e-11	10.429745831273395
22:49872982:T:C	7.54014e-05	1.0317e-07	6.59421	6.59624	22	49872982	T	C	4.2171605593760936e-11	10.374979863836067
22:17868809:A:G	1.17554e-06	0.0115073	-9.18901	-6.57576	22	17868809	A	G	4.8405278575958466e-11	10.315107276136356
22:19047473:G:A	5.40869e-07	0.00506134	-9.14396	-6.5705	22	19047473	G	A	5.0146584160630625e-11	10.299758644512222
22:34483069:A:C	3.60168e-07	0.00154207	-8.36206	-6.53778	22	34483069	A	C	6.243867756236642e-11	10.204546303775041
22:19097896:C:G	0.00542312	2.09711e-07	10.1604	6.51729	22	19097896	C	G	7.158894047334458e-11	10.145154065155639
22:25374823:T:A	3.68827e-07	0.00109795	-7.99862	-6.50446	22	25374823	T	A	7.79729599030459e-11	10.108055979372233
22:17871506:C:T	1.00007e-06	0.00923526	-9.13071	-6.4821	22	17871506	C	T	9.045465137650777e-11	10.04356909585545
22:34327038:T:A	0.00100865	7.89742e-07	7.15242	6.47006	22	34327038	T	A	9.796401034389209e-11	10.008933444509216
22:38886338:G:A	3.66337e-06	0.0418928	-9.34449	-6.45431	22	38886338	G	A	1.0871307361051062e-10	9.963718225412421
22:38886640:T:G	3.66337e-06	0.0413534	-9.33153	-6.44428	22	38886640	T	G	1.1615048038786159e-10	9.93497898965741
22:38887000:T:C	4.12324e-06	0.0428045	-9.24776	-6.37943	22	38887000	T	C	1.7774830711992203e-10	9.750194526811853
22:38887014:A:G	4.12324e-06	0.0428045	-9.24776	-6.37943	22	38887014	A	G	1.7774830711992203e-10	9.750194526811853
22:21840463:G:A	1.01226e-07	0.00199767	-9.89013	-6.33543	22	21840463	G	A	2.3668025287271103e-10	9.625837975388079
22:42896269:G:C	2.52956e-07	0.00129845	-8.54347	-6.32576	22	42896269	G	C	2.519892164435971e-10	9.598618043898005
22:30365248:C:T	4.00967e-07	0.00223944	-8.62786	-6.31368	22	30365248	C	T	2.7247706553793786e-10	9.564670046523075
22:24020836:TTG:T	9.85731e-06	0.0199996	-7.61526	-6.30993	22	24020836	TTG	T	2.7916170249717955e-10	9.5541441617472
22:25053773:T:C	2.23735e-06	0.0151284	-8.81904	-6.30534	22	25053773	T	C	2.8756193101117676e-10	9.541268608713713
22:42461279:A:G	7.96906e-06	0.024864	-8.04561	-6.2973	22	42461279	A	G	3.028747595891013e-10	9.518736917581364
22:33391286:A:G	0.0107969	1.47438e-05	6.59619	6.26457	22	33391286	A	G	3.7385559358126997e-10	9.42729611710823
22:25389745:T:A	4.5487e-07	0.00770415	-9.73726	-6.2404	22	25389745	T	A	4.3645334673926856e-10	9.360062171973395
22:47653871:C:T	3.06728e-06	0.01179	-8.25422	-6.20423	22	47653871	C	T	5.496535068277711e-10	9.259910996856524
22:19040729:CACT:C	0.00814535	6.3024e-07	9.46686	6.20258	22	19040729	CACT	C	5.55449328328961e-10	9.255355554060422
22:24028666:G:C	9.23333e-06	0.0127771	-7.23259	-6.18721	22	24028666	G	C	6.123836234969848e-10	9.212976431820918
22:28939283:C:CA	2.29334e-07	0.000756799	-8.10167	-6.17559	22	28939283	C	CA	6.591684339819621e-10	9.181003598149061
22:46385969:G:A	4.4758e-06	0.0143663	-8.07396	-6.15538	22	46385969	G	A	7.489768948708022e-10	9.125531579610131
22:25448180:C:T	0.00591069	1.20746e-05	6.19342	6.13388	22	25448180	C	T	8.576121871089289e-10	9.066709056060176
22:42827089:C:CAT	0.00470405	2.36828e-06	7.59402	6.12834	22	42827089	C	CAT	8.880066624913044e-10	9.051583775806586
22:31312526:G:T	5.78312e-08	0.000233117	-8.30177	-6.1196	22	31312526	G	T	9.381054382958745e-10	9.027748346379326
22:19042981:ACT:A	0.0066992	6.18712e-07	9.28986	6.0755	22	19042981	ACT	A	1.2360198005643824e-09	8.90797457196001
22:46190213:G:A	2.02949e-05	0.031411	-7.34454	-6.06104	22	46190213	G	A	1.3524419011667136e-09	8.868881382446649
22:40293190:C:CTT	1.15128e-06	0.00323556	-7.94108	-6.05332	22	40293190	C	CTT	1.4189060506428784e-09	8.848046359326274
22:38734838:C:G	2.16832e-06	0.00236927	-6.99639	-6.03188	22	38734838	C	G	1.6206310771810763e-09	8.790315837328913
22:34994406:C:T	6.61299e-06	0.035272	-8.58181	-6.01053	22	34994406	C	T	1.849177847932699e-09	8.733021317796261
22:33389125:A:G	3.06612e-06	0.0140868	-8.43258	-6.00461	22	33389125	A	G	1.917923502083674e-09	8.71716871900346
22:31310551:CTT:C	0.000293849	5.37964e-08	8.60562	6.00345	22	31310551	CTT	C	1.9316827109271875e-09	8.714064207221666
22:20934583:T:C	5.534e-07	0.00659601	-9.38589	-5.95749	22	20934583	T	C	2.5614138122483273e-09	8.591520252902884
22:22014399:G:A	2.06642e-05	0.0585563	-7.94934	-5.95466	22	22014399	G	A	2.606130555349433e-09	8.584003831889886
22:22901309:AC:A	1.83424e-06	0.00236	-7.15978	-5.9498	22	22901309	AC	A	2.6847033738353656e-09	8.571103691425467
22:33390689:GTT:G	6.22427e-06	0.0133821	-7.67322	-5.93087	22	33390689	GTT	G	3.0133372789672676e-09	8.520952255583042
22:35770446:G:C	0.00824119	2.43095e-05	5.82603	5.93073	22	35770446	G	C	3.0159079509480097e-09	8.520581917777529
22:34495733:CTG:C	0.00111121	9.71027e-08	9.34519	5.92921	22	34495733	CTG	C	3.043955913908809e-09	8.516561641811052
22:34495784:T:C	0.00111121	9.71027e-08	9.34519	5.92921	22	34495784	T	C	3.043955913908809e-09	8.516561641811052
22:34495586:G:C	9.71027e-08	0.00111121	-9.34519	-5.92698	22	34495586	G	C	3.085565391984698e-09	8.510665245205782
22:20115227:C:T	1.89403e-06	0.0054758	-7.96939	-5.91703	22	20115227	C	T	3.2780692054408497e-09	8.484381881996814
22:33394199:CT:C	1.53227e-05	0.0127338	-6.72268	-5.9155	22	33394199	CT	C	3.3086890943164674e-09	8.48034404002251
22:34494839:T:G	9.86636e-08	0.00111121	-9.32925	-5.91503	22	34494839	T	G	3.318150984799706e-09	8.47910385629433
22:22015892:A:G	2.10703e-05	0.0562442	-7.88959	-5.91254	22	22015892	A	G	3.3687200210972845e-09	8.47253508232409
22:24450021:C:A	4.00318e-07	0.00692427	-9.75828	-5.90959	22	24450021	C	A	3.4296026104388454e-09	8.464756198934456
22:19044305:T:C	6.00012e-07	0.0064252	-9.27879	-5.90449	22	19044305	T	C	3.5373932663204142e-09	8.451316655226632
22:43858084:A:C	2.18286e-06	0.00616433	-7.9459	-5.89715	22	43858084	A	C	3.6983363698567638e-09	8.431993591573493
22:23999830:G:A	1.96279e-05	0.0538185	-7.91642	-5.8722	22	23999830	G	A	4.300494728590286e-09	8.366481580341876
22:23999892:A:G	1.98194e-05	0.0528995	-7.88949	-5.8494	22	23999892	A	G	4.933493775025677e-09	8.306845415444577
22:30616686:A:G	2.67117e-06	0.0422444	-9.66871	-5.84466	22	30616686	A	G	5.0760394932718225e-09	8.294475007608991
22:19048210:G:A	5.19429e-07	0.00508029	-9.18815	-5.83808	22	19048210	G	A	5.280580247389799e-09	8.277318353149175
22:31310554:CTTT:C	0.000212486	5.31436e-08	8.29364	5.82137	22	31310554	CTTT	C	5.836719529849261e-09	8.233831175212254
22:19103419:CTTTTTTTTT:C	0.0293244	7.36899e-06	8.2889	5.81777	22	19103419	CTTTTTTTTT	C	5.963788318867231e-09	8.224477779970787
22:43861882:C:A	2.38929e-06	0.00610356	-7.84563	-5.81228	22	43861882	C	A	6.162764688837804e-09	8.210224414500425
22:24031430:A:G	2.63314e-06	0.00913973	-8.15221	-5.81153	22	24031430	A	G	6.190443669812627e-09	8.208278223928763
22:43862156:G:C	2.40106e-06	0.00600445	-7.82434	-5.79426	22	43862156	G	C	6.86230783718882e-09	8.163529803768371
22:48853383:C:G	0.0218159	2.61376e-05	6.72702	5.79286	22	48853383	C	G	6.919778847009083e-09	8.159907785175957
22:33393568:C:T	0.0123284	1.25271e-05	6.89177	5.77919	22	33393568	C	T	7.50611211846745e-09	8.124584952836862
22:34494830:A:C	9.75741e-08	0.00140585	-9.57554	-5.77713	22	34494830	A	C	7.598557657219835e-09	8.119268836792605
22:43859948:T:C	2.28549e-06	0.00676418	-7.99281	-5.77065	22	43859948	T	C	7.896633722359304e-09	8.102558005845028
22:31310553:C:CTT	5.01417e-08	0.000444512	-9.08988	-5.76608	22	31310553	C	CTT	8.113655647815956e-09	8.09078342816076
22:33390184:A:G	9.36841e-06	0.0147918	-7.36448	-5.75037	22	33390184	A	G	8.904835269278935e-09	8.050374110148507
22:25047484:T:C	1.04822e-06	0.00229218	-7.69016	-5.74065	22	25047484	T	C	9.431383815564672e-09	8.025424580924174
22:43865487:G:A	3.77899e-06	0.00883393	-7.7569	-5.73717	22	43865487	G	A	9.627161332813672e-09	8.016501750178847
22:23998969:C:G	2.12407e-05	0.0495593	-7.75501	-5.73557	22	23998969	C	G	9.718494237856295e-09	8.01240101849428
22:43862459:G:GCCCGCA	2.3884e-06	0.00672394	-7.9428	-5.72961	22	43862459	G	GCCCGCA	1.0066179645381266e-08	7.997135323263179
22:19101739:T:TAA	4.18888e-06	0.00902288	-7.67508	-5.72776	22	19101739	T	TAA	1.017653975538599e-08	7.99239986645892
22:25456188:G:A	0.00408434	1.5082e-05	5.60141	5.72671	22	25456188	G	A	1.0239698779403571e-08	7.989712818786652
22:25456556:A:G	0.00408241	1.51083e-05	5.5992	5.72477	22	25456556	A	G	1.0357396325805589e-08	7.984749405155509
22:20565109:T:C	3.16408e-05	0.0684184	-7.67895	-5.71944	22	20565109	T	C	1.0687570554323874e-08	7.971121005246003
22:31311197:T:C	5.2128e-08	0.000689191	-9.48957	-5.71482	22	31311197	T	C	1.0982020684156325e-08	7.959317742651183
22:20111364:C:CTT	2.27369e-06	0.00512479	-7.72044	-5.70631	22	20111364	C	CTT	1.1545164758489206e-08	7.937599864982219
22:34486080:A:T	0.00128543	4.2582e-06	5.71	5.69697	22	34486080	A	T	1.219553767556547e-08	7.913799047799321
22:24014420:A:AT	0.0360891	7.54361e-05	6.17046	5.69431	22	24014420	A	AT	1.2387184145323925e-08	7.9070274062254775
22:43865015:G:C	3.78444e-06	0.00836084	-7.70042	-5.68936	22	43865015	G	C	1.2751638487245348e-08	7.894434008151539
22:42821143:G:C	1.85342e-06	0.00510281	-7.92052	-5.68211	22	42821143	G	C	1.3304304198116213e-08	7.876007833688347
22:33392151:CT:C	1.41085e-05	0.00983013	-6.54643	-5.64556	22	33392151	CT	C	1.6464443666035698e-08	7.7834529395255805
22:34488624:G:C	0.00114811	4.11105e-06	5.6322	5.62999	22	34488624	G	C	1.8022007020920794e-08	7.744196845456059
22:20111059:G:A	2.32497e-06	0.00478153	-7.62881	-5.62875	22	20111059	G	A	1.8152026532941753e-08	7.741074882311432
22:19045894:T:A	6.52598e-07	0.0018515	-7.95055	-5.61514	22	19045894	T	A	1.9640315977033738e-08	7.7068515294829645
22:46318020:G:A	0.00251688	1.08109e-05	5.45022	5.61236	22	46318020	G	A	1.995856708116303e-08	7.699870641960602
22:38887182:A:C	0.0428045	4.12324e-06	9.24776	5.61051	22	38887182	A	C	2.0173121432298806e-08	7.695226897229055
22:24041599:G:A	2.57584e-06	0.00177996	-6.53817	-5.6104	22	24041599	G	A	2.018594900450659e-08	7.6949508282337415
22:29680731:G:A	1.89443e-06	0.00548388	-7.97065	-5.60218	22	29680731	G	A	2.1167257207049458e-08	7.674335412977987
22:46317122:C:T	0.00247429	1.09574e-05	5.4197	5.5865	22	46317122	C	T	2.3169154837932362e-08	7.635089808070913
22:43860701:CA:C	0.00630143	2.36296e-06	7.88862	5.58169	22	43860701	CA	C	2.381926522803022e-08	7.623071639676657
22:19110324:T:A	1.60795e-05	0.0376098	-7.75748	-5.57635	22	19110324	T	A	2.456175110556144e-08	7.60974067383492
22:43863250:CTTT:C	0.0206687	3.64816e-06	8.64215	5.57564	22	43863250	CTTT	C	2.466214733863777e-08	7.607969111977103
22:19046566:A:T	6.42535e-07	0.00173638	-7.90189	-5.57476	22	19046566	A	T	2.478713494252273e-08	7.605773668898206
22:43863253:CTTTTTTT:C	0.00654041	2.50183e-06	7.86873	5.56686	22	43863253	CTTTTTTT	C	2.5937061452529872e-08	7.58607922899372
22:25449520:C:CT	0.00663927	2.48434e-05	5.58817	5.55861	22	25449520	C	CT	2.719315554947388e-08	7.565540393066909
22:19103284:T:TA	5.34712e-06	0.00934839	-7.4664	-5.54927	22	19103284	T	TA	2.868648652455476e-08	7.5423226401973
22:46316023:A:AC	0.00239604	1.12293e-05	5.36305	5.53852	22	46316023	A	AC	3.050384170290617e-08	7.515645461462839
22:34651703:G:C	0.000188795	4.87687e-07	5.95875	5.52338	22	34651703	G	C	3.325394398623336e-08	7.4781568390862905
22:24024274:T:C	8.54444e-06	0.0194814	-7.73193	-5.51625	22	24024274	T	C	3.463095338008247e-08	7.460535552285087
22:46294305:T:A	0.00149172	3.68456e-06	6.00353	5.51491	22	46294305	T	A	3.48958487536478e-08	7.457226234089954
22:46315492:G:GC	0.00245062	1.03981e-05	5.46247	5.51482	22	46315492	G	GC	3.4913710491975123e-08	7.4570039936218615
22:43867532:A:AAAATAAATA	7.30645e-06	0.0156261	-7.66794	-5.50051	22	43867532	A	AAAATAAATA	3.786942730694422e-08	7.421711262592789
22:24025718:G:A	8.07301e-06	0.0178859	-7.70324	-5.4961	22	24025718	G	A	3.882823825824536e-08	7.410852314117356
22:34651704:G:C	0.000186796	5.00101e-07	5.92296	5.49449	22	34651704	G	C	3.918411279657608e-08	7.406889982044288
22:43861176:A:G	2.13287e-06	0.020717	-9.18124	-5.49134	22	43861176	A	G	3.988955962366568e-08	7.399140758226828
22:43861547:A:G	2.13362e-06	0.020717	-9.18089	-5.49108	22	43861547	A	G	3.994833407658894e-08	7.398501326898931
22:43859452:C:T	2.13536e-06	0.0206682	-9.17771	-5.48878	22	43859452	C	T	4.0471932135887773e-08	7.392846061832198
22:22018998:G:A	0.0265789	0.000113493	5.45614	5.47878	22	22018998	G	A	4.28268453693344e-08	7.368283914609918
22:33389570:T:C	9.84125e-06	0.0120624	-7.11126	-5.47574	22	33389570	T	C	4.356870096777962e-08	7.360825388674195
22:32962895:A:C	7.11073e-07	0.00441152	-8.73296	-5.46809	22	32962895	A	C	4.5491089694475946e-08	7.342073659946705
22:19350889:T:G	2.04627e-07	0.000522816	-7.84579	-5.44974	22	19350889	T	G	5.04435095418022e-08	7.297194705572068
22:38887201:A:G	0.0421967	5.24958e-06	8.99195	5.44714	22	38887201	A	G	5.118617433686429e-08	7.2908473284782165
22:19045930:G:A	6.77927e-07	0.00154753	-7.73313	-5.41849	22	19045930	G	A	6.010450034400285e-08	7.2210930088392855
22:21846241:T:C	7.30069e-07	0.000831554	-7.03791	-5.41634	22	21846241	T	C	6.083137579616712e-08	7.21587236118089
22:19103573:C:T	5.37858e-06	0.012006	-7.71073	-5.41614	22	19103573	C	T	6.089942348394848e-08	7.215386818679522
22:34652253:C:A	0.000184698	4.63534e-07	5.9876	5.4159	22	34652253	C	A	6.098117806752874e-08	7.214804189952845
22:19101446:AAAGT:A	0.0119286	3.82298e-06	8.04567	5.4154	22	19101446	AAAGT	A	6.115184179896144e-08	7.213590458152144
22:20117296:A:C	2.40017e-06	0.00544612	-7.72712	-5.40119	22	20117296	A	C	6.620026223171107e-08	7.179140290234628
22:19048719:A:G	6.36615e-07	0.00139338	-7.69108	-5.38415	22	19048719	A	G	7.278778630339992e-08	7.1379414886271135
22:19101181:T:C	3.98894e-06	0.0207763	-8.55804	-5.37641	22	19101181	T	C	7.598565390592833e-08	7.119268394792996
22:19101609:C:T	4.00793e-06	0.0207763	-8.55329	-5.37293	22	19101609	C	T	7.746740826930487e-08	7.110880973440372
22:35033029:C:A	5.42034e-06	0.0294096	-8.59892	-5.36763	22	35033029	C	A	7.977800304653079e-08	7.09811683888011
22:20798442:T:C	8.86777e-08	8.67993e-05	-6.88634	-5.36109	22	20798442	T	C	8.272128940781749e-08	7.082382704686113
22:19047559:A:G	6.62444e-07	0.00140422	-7.65906	-5.358	22	19047559	A	G	8.414824043990664e-08	7.074954960796043
22:20696393:G:A	0.0048203	9.22937e-06	6.2582	5.34822	22	20696393	G	A	8.882345739111487e-08	7.051472326223594
22:49998417:G:GTCC	0.0283535	5.54419e-06	8.53975	5.34821	22	49998417	G	GTCC	8.882836409522324e-08	7.051448335988073
22:20567052:A:G	2.84458e-05	0.0779033	-7.91522	-5.32809	22	20567052	A	G	9.92509436788105e-08	7.003265355269616
22:30616969:CAG:C	0.00635274	1.67526e-06	8.24067	5.32221	22	30616969	CAG	C	1.0251412999752614e-07	6.989216269661702
22:29080856:C:G	1.51844e-05	0.0259118	-7.44218	-5.30926	22	29080856	C	G	1.1007121966057605e-07	6.958326221232909
22:19108859:CA:C	0.0304373	1.49695e-05	7.61741	5.30755	22	19108859	CA	C	1.1110853302295801e-07	6.954252586401361
22:34326580:A:G	1.21131e-06	0.00110014	-6.81149	-5.30633	22	34326580	A	G	1.1185438036642647e-07	6.951347003684315
22:35032569:C:G	3.43661e-06	0.0160398	-8.44834	-5.29603	22	35032569	C	G	1.1834740329776492e-07	6.926841266639197
22:49987231:T:A	5.37265e-06	0.0395442	-8.90385	-5.29028	22	49987231	T	A	1.221292459015632e-07	6.913180324484505
22:19050022:T:C	5.5259e-07	0.00106134	-7.56043	-5.27745	22	19050022	T	C	1.3099393029522073e-07	6.882748827247769
22:24018377:G:T	3.39557e-05	0.0263114	-6.6527	-5.26297	22	24018377	G	T	1.4174671508586307e-07	6.848486996890884
22:23998907:G:A	2.9603e-05	0.0468396	-7.36661	-5.24524	22	23998907	G	A	1.560790203891889e-07	6.806655469400986
22:49994591:A:G	0.00342525	1.84296e-06	7.52756	5.23928	22	49994591	A	G	1.6120429407799826e-07	6.792623393861318
22:42822457:C:T	1.98283e-06	0.00471726	-7.77446	-5.23878	22	42822457	C	T	1.616415899019632e-07	6.791446886500526
22:49994175:C:A	2.65458e-06	0.00257136	-6.87591	-5.20144	22	49994175	C	A	1.9775031494276737e-07	6.70388281616001
22:33388188:T:C	8.64577e-06	0.0131373	-7.32614	-5.17399	22	33388188	T	C	2.291470934640302e-07	6.639885647040354
22:33387774:C:T	8.64951e-06	0.0131373	-7.32571	-5.17368	22	33387774	C	T	2.2952779180379345e-07	6.639164721471916
22:22017240:G:A	5.82223e-05	0.0448269	-6.6463	-5.16874	22	22017240	G	A	2.356774978210118e-07	6.627681881364886
22:17716477:A:C	1.0545e-06	0.00436081	-8.32734	-5.16407	22	17716477	A	C	2.4163726437218857e-07	6.616836089656642
22:43863761:C:G	3.89473e-06	0.0239071	-8.72231	-5.15869	22	43863761	C	G	2.4868366367479814e-07	6.604352743113324
22:29679865:C:CA	7.90143e-07	0.00321712	-8.31178	-5.15241	22	29679865	C	CA	2.571600423737079e-07	6.589796511349394
22:34331706:T:C	7.87086e-07	0.000529962	-6.51222	-5.15232	22	34331706	T	C	2.572835244899297e-07	6.589588023553363
22:24019366:T:A	2.18101e-05	0.0294422	-7.20781	-5.14802	22	24019366	T	A	2.632504295511898e-07	6.5796309114945775
22:22900886:G:A	0.00186104	8.18061e-06	5.42712	5.14532	22	22900886	G	A	2.6706517018263187e-07	6.573382747634992
22:25157512:C:A	1.95075e-06	0.00272384	-7.24158	-5.13397	22	25157512	C	A	2.8369333618060336e-07	6.547150865451882
22:43864726:T:C	4.04176e-06	0.0239049	-8.68516	-5.13176	22	43864726	T	C	2.8704536347333e-07	6.542049463721324
22:23998744:A:G	2.86967e-05	0.0451063	-7.36	-5.1251	22	23998744	A	G	2.9737986868059693e-07	6.526688434660239
22:25388438:C:A	1.543e-06	0.00605756	-8.27534	-5.12509	22	25388438	C	A	2.9739565280923877e-07	6.526665384081577
22:38889405:A:G	2.12422e-05	0.0429381	-7.61152	-5.11264	22	38889405	A	G	3.1768737741621473e-07	6.498000040531334
22:42826236:C:T	2.29212e-06	0.00456801	-7.59736	-5.10167	22	42826236	C	T	3.3666941515996657e-07	6.472796335440184
22:40293256:C:T	4.06729e-06	0.00639163	-7.35977	-5.09802	22	40293256	C	T	3.432245634745214e-07	6.464421638656367
22:25053797:G:A	9.42307e-06	0.0335244	-8.17687	-5.09713	22	25053797	G	A	3.4484152821262125e-07	6.46238043893908
22:31760166:C:T	1.22371e-06	0.00461158	-8.23444	-5.09444	22	31760166	C	T	3.4977358225859536e-07	6.45621299506482
22:23999937:G:A	0.0593888	2.16547e-05	7.91664	5.08956	22	23999937	G	A	3.588952911111367e-07	6.4450322397939965
22:19335544:G:C	1.04707e-06	0.00388563	-8.21904	-5.0829	22	19335544	G	C	3.717154243680955e-07	6.429789417438127
22:41269739:C:CA	3.91921e-06	0.00466872	-7.08275	-5.07982	22	41269739	C	CA	3.777926536876127e-07	6.422746491342592
22:17067547:G:A	1.53648e-06	0.00138265	-6.80226	-5.07307	22	17067547	G	A	3.914484192161398e-07	6.407325456404591
22:19334451:G:A	1.06437e-06	0.00389529	-8.20514	-5.07248	22	19334451	G	A	3.926644154928911e-07	6.40597845410343
22:19334453:C:T	1.06437e-06	0.00389529	-8.20514	-5.07248	22	19334453	C	T	3.926644154928911e-07	6.40597845410343
22:19334448:C:T	1.06437e-06	0.00389529	-8.20514	-5.07248	22	19334448	C	T	3.926644154928911e-07	6.40597845410343
22:25388166:G:T	2.25344e-06	0.00770638	-8.13734	-5.06817	22	25388166	G	T	4.0165860205223427e-07	6.3961429276080475
22:34325739:GT:G	0.000994445	5.78181e-06	5.14747	5.06341	22	34325739	GT	G	4.1182284526652573e-07	6.385289565202222
22:31678733:C:T	0.00205871	1.4021e-06	7.29187	5.06019	22	31678733	C	T	4.1883890368769583e-07	6.3779529858465995
22:19049829:CA:C	0.000876043	5.88745e-07	7.30518	5.05477	22	19049829	CA	C	4.30909749754877e-07	6.365613679462711
22:31678576:C:T	1.4021e-06	0.00205871	-7.29187	-5.04198	22	31678576	C	T	4.6073945272115375e-07	6.336544597893873
22:19049241:G:A	5.11642e-07	0.00179657	-8.16376	-5.04147	22	19049241	G	A	4.6196928700150164e-07	6.335386896584893
22:19334471:C:T	1.06686e-06	0.00372442	-8.15794	-5.0371	22	19334471	C	T	4.726378883002238e-07	6.325471466749003
22:19334457:T:C	1.06697e-06	0.00372442	-8.15785	-5.03703	22	19334457	T	C	4.7281069999725414e-07	6.325312703664064
22:19334460:G:A	1.06697e-06	0.00372442	-8.15785	-5.03703	22	19334460	G	A	4.7281069999725414e-07	6.325312703664064
22:43867533:A:AAAATAAATA	7.87987e-06	0.0052955	-6.5103	-5.03683	22	43867533	A	AAAATAAATA	4.733047835806491e-07	6.324859106197163
22:19346638:G:T	2.15673e-07	0.000703101	-8.08949	-5.03311	22	19346638	G	T	4.825860264140844e-07	6.316425257518645
22:30352285:A:C	6.03109e-07	0.00073928	-7.11133	-5.02898	22	30352285	A	C	4.93095814214487e-07	6.307068684086722
22:30352414:A:G	6.03109e-07	0.00073928	-7.11133	-5.02898	22	30352414	A	G	4.93095814214487e-07	6.307068684086722
22:32963242:AT:A	0.00275781	8.40719e-07	8.09569	5.02788	22	32963242	AT	A	4.959320464027111e-07	6.3045778273285995
22:21768900:A:C	1.54421e-06	0.00188736	-7.10842	-5.02645	22	21768900	A	C	4.996426766830965e-07	6.301340473707818
22:49987230:T:A	5.39053e-06	0.00770945	-7.26556	-5.02027	22	49987230	T	A	5.159890032390673e-07	6.2873595539609335
22:19105926:G:A	1.33791e-05	0.0428361	-8.07144	-5.01989	22	19105926	G	A	5.170107704843154e-07	6.286500409491777
22:19334485:C:T	1.06858e-06	0.00361	-8.12513	-5.01251	22	19334485	C	T	5.372458246632103e-07	6.269826951048755
22:43865969:C:T	4.84132e-06	0.0241801	-8.5161	-5.00922	22	43865969	C	T	5.465107297842793e-07	6.262401307016456
22:19414938:C:CTTATTTAT	4.65619e-07	0.00146253	-8.05231	-5.00587	22	19414938	C	CTTATTTAT	5.56102805827024e-07	6.254844913676706
22:29685261:C:A	4.21872e-06	0.00590941	-7.24477	-5.00311	22	29685261	C	A	5.641272903803775e-07	6.248622890214469
22:23998350:C:T	3.73839e-05	0.0443695	-7.07907	-5.00165	22	23998350	C	T	5.684171540017868e-07	6.245332824171901
22:20106740:C:T	4.7383e-06	0.00464465	-6.88779	-5.00153	22	20106740	C	T	5.68771140828039e-07	6.245062447610741
22:24032793:T:C	2.40878e-06	0.00261617	-6.99035	-4.99524	22	24032793	T	C	5.876264307880688e-07	6.230898678356158
22:22017823:T:C	6.10058e-05	0.0443074	-6.58794	-4.99477	22	22017823	T	C	5.890592720457152e-07	6.229841003638593
22:19104903:GAGA:G	0.0308452	1.29285e-05	7.7773	4.98952	22	19104903	GAGA	G	6.05295075666078e-07	6.218032859244145
22:20113911:G:A	2.59344e-06	0.00845671	-8.08973	-4.98597	22	20113911	G	A	6.165171106468269e-07	6.210054865611027
22:20113388:C:T	2.57473e-06	0.0124465	-8.48345	-4.98556	22	20113388	C	T	6.178260209161186e-07	6.209133804512547
22:20116712:C:T	2.51837e-06	0.00748167	-7.9966	-4.96505	22	20116712	C	T	6.868337252006374e-07	6.163148388075858
22:35031579:A:C	3.36759e-06	0.00993345	-7.98947	-4.95982	22	35031579	A	C	7.0558528325093e-07	6.151450486081405
22:19103583:C:T	7.67515e-06	0.0101243	-7.18471	-4.95355	22	19103583	C	T	7.287162222367378e-07	6.137441562368331
22:46283954:T:G	1.51548e-05	0.00429932	-5.64789	-4.94976	22	46283954	T	G	7.430505281767517e-07	6.128981652777491
22:22017892:C:T	0.035714	0.000141142	5.53353	4.94827	22	22017892	C	T	7.487599785567356e-07	6.1256573768186575
22:33808264:C:A	9.99486e-06	0.00724612	-6.58615	-4.94766	22	33808264	C	A	7.511095769732597e-07	6.124296700541262
22:31514148:A:G	7.21668e-07	0.00116861	-7.38976	-4.94095	22	31514148	A	G	7.7742844702528e-07	6.109339572065863
22:33428930:C:CA	0.00910971	8.25943e-05	4.70316	4.93998	22	33428930	C	CA	7.813058426884005e-07	6.107178927977837
22:28792052:A:T	0.000259412	9.13536e-07	5.64885	4.93997	22	28792052	A	T	7.813459126833317e-07	6.1071566553535845
22:30352038:T:C	0.000712089	6.15979e-07	7.05275	4.93609	22	30352038	T	C	7.970433722236403e-07	6.098518045222604
22:42830272:C:CA	0.00275144	5.88562e-06	6.14737	4.9267	22	42830272	C	CA	8.363000609307152e-07	6.077637871573607
22:20112886:C:T	2.68387e-06	0.00750335	-7.93585	-4.92054	22	20112886	C	T	8.630575868762013e-07	6.063960225341372
22:19350678:T:C	7.35946e-07	0.00219732	-8.00159	-4.91991	22	19350678	T	C	8.658401628396431e-07	6.062562272882894
22:19109160:T:C	1.52298e-05	0.0421785	-7.92641	-4.91362	22	19109160	T	C	8.940996561192825e-07	6.0486140721541855
22:21771914:C:T	1.58378e-06	0.00467526	-7.99023	-4.9114	22	21771914	C	T	9.042840231593328e-07	6.043695142182178
22:43852351:T:G	4.58435e-06	0.019913	-8.37648	-4.90803	22	43852351	T	G	9.199578492405779e-07	6.036232070764867
22:24000144:C:G	2.16205e-05	0.0593888	-7.91822	-4.90762	22	24000144	C	G	9.218825069380423e-07	6.035324425844394
22:38888941:T:C	0.0427783	1.242e-05	8.14448	4.90591	22	38888941	T	C	9.299516235029863e-07	6.031539643050541
22:38888446:G:A	0.0421967	1.24131e-05	8.13134	4.89753	22	38888446	G	A	9.70488213235684e-07	6.013009734832844
22:27872419:T:A	6.03099e-06	0.00288701	-6.17107	-4.8963	22	27872419	T	A	9.76579422116855e-07	6.010292431142674
22:49814055:G:A	0.00253512	1.20449e-05	5.34936	4.89398	22	49814055	G	A	9.881688550730485e-07	6.0051688382457
22:19334607:C:T	1.11097e-06	0.00299271	-7.8987	-4.89332	22	19334607	C	T	9.914899649143362e-07	6.00371167702538
22:26034357:A:G	2.28586e-05	0.0335319	-7.29093	-4.88937	22	26034357	A	G	1.0115920135786352e-06	5.994994608027139
22:20799994:C:A	9.62011e-08	5.37778e-05	-6.32617	-4.88892	22	20799994	C	A	1.0139068575512776e-06	5.994001939587968
22:32964420:TA:T	0.00263618	1.77132e-06	7.30536	4.88208	22	32964420	TA	T	1.0497264991349798e-06	5.978923839395662
22:48855343:G:GTCCATCCA	3.3736e-05	0.0403515	-7.08682	-4.87146	22	48855343	G	GTCCATCCA	1.1077659209730702e-06	5.955551999507984
22:19341828:G:A	6.86969e-07	0.000327886	-6.16813	-4.87124	22	19341828	G	A	1.1090002976248732e-06	5.95506833729825
22:46385778:C:T	0.0119801	0.000110671	4.68444	4.86922	22	46385778	C	T	1.120396161287086e-06	5.950628387830165
22:29080781:A:G	1.66691e-05	0.0197065	-7.07515	-4.86313	22	29080781	A	G	1.1554390523141382e-06	5.937252957966567
22:50107168:G:T	5.09188e-06	0.00512833	-6.91489	-4.86257	22	50107168	G	T	1.1587138167703783e-06	5.936023814376951
22:22532760:C:CTGTG	6.56859e-05	0.060529	-6.82599	-4.86081	22	22532760	C	CTGTG	1.1690641747640585e-06	5.932161647964829
22:17867748:C:A	7.08228e-06	0.00634324	-6.79755	-4.85979	22	17867748	C	A	1.175103333790989e-06	5.929923941628841
22:27361866:C:T	1.56349e-05	0.0427708	-7.9141	-4.85434	22	27361866	C	T	1.207883464655011e-06	5.917974963975341
22:41920492:G:C	6.1967e-07	0.00247954	-8.2944	-4.84853	22	41920492	G	C	1.2437972312961611e-06	5.905250414264848
22:19105645:A:G	1.3395e-05	0.0338484	-7.83477	-4.84648	22	19105645	A	G	1.2567125044377733e-06	5.900764063616256
22:46284170:T:C	8.90336e-06	0.0043731	-6.1968	-4.84492	22	46284170	T	C	1.2666270513243175e-06	5.897351240992559
22:25053963:C:T	1.06936e-05	0.00962168	-6.80213	-4.84046	22	25053963	C	T	1.2953892897636615e-06	5.887599697999874
22:49867403:A:G	0.000726826	4.25518e-06	5.14055	4.8355	22	49867403	A	G	1.3281137452772595e-06	5.876764728559245
22:48853341:A:AGGTGGAGG	2.51696e-05	0.0237918	-6.85146	-4.82991	22	48853341	A	AGGTGGAGG	1.3659477687671368e-06	5.864565906928206
22:43659425:G:A	3.22271e-06	0.00215207	-6.50396	-4.81631	22	43659425	G	A	1.4623727706211833e-06	5.834941908097567
22:46282718:A:C	9.48264e-06	0.00533628	-6.33282	-4.81489	22	46282718	A	C	1.4728099697237172e-06	5.831853284674233
22:21842115:C:T	2.05578e-07	0.00077597	-8.23604	-4.80623	22	21842115	C	T	1.5380295254204534e-06	5.8130353273407644
22:25385802:TACAC:T	0.00737562	3.07881e-06	7.78139	4.80117	22	25385802	TACAC	T	1.5774128461140906e-06	5.802054626693875
22:17714395:C:T	0.000842602	3.52096e-07	7.78035	4.80041	22	17714395	C	T	1.583411232984682e-06	5.800406278427531
22:46385867:C:T	4.86939e-05	0.014555	-5.70014	-4.7957	22	46385867	C	T	1.6210773740855335e-06	5.790196255764417
22:20797891:C:A	1.26983e-07	6.28885e-05	-6.20507	-4.78686	22	20797891	C	A	1.6941092171825573e-06	5.771058594660137
22:20927700:G:A	1.09935e-05	0.0273278	-7.81836	-4.78257	22	20927700	G	A	1.7306808877079019e-06	5.7617830023058
22:20797794:C:CT	1.27331e-07	6.26816e-05	-6.19903	-4.78177	22	20797794	C	CT	1.7375841996132737e-06	5.760054141246385
22:41801073:A:AAAAG	6.85916e-07	0.000616269	-6.80068	-4.778	22	41801073	A	AAAAG	1.7704738107895212e-06	5.751910493031099
22:41801266:T:C	6.85916e-07	0.000616269	-6.80068	-4.778	22	41801266	T	C	1.7704738107895212e-06	5.751910493031099
22:27876340:G:A	4.01084e-06	0.00371184	-6.83028	-4.77734	22	27876340	G	A	1.7762928714085538e-06	5.750485427098828
22:34325444:G:T	1.71969e-06	0.0018111	-6.95955	-4.77449	22	34325444	G	T	1.8016323484517723e-06	5.744333828966859
22:46189543:T:C	0.000124694	0.0338271	-5.60316	-4.74984	22	46189543	T	C	2.0357765392059368e-06	5.69126989485979
22:43855309:G:A	2.6999e-06	0.00216797	-6.68833	-4.74339	22	43855309	G	A	2.101710897656234e-06	5.6774270238870574
22:29908245:C:T	2.62657e-07	0.000260272	-6.89863	-4.74227	22	29908245	C	T	2.113367011194678e-06	5.675025076021145
22:19344151:T:C	2.19217e-07	0.000218622	-6.90504	-4.7422	22	19344151	T	C	2.1140975760827254e-06	5.674874971722855
22:19109315:T:C	1.53822e-05	0.0334621	-7.68496	-4.73672	22	19109315	T	C	2.172049317262732e-06	5.663130318138481
22:26041549:C:T	0.000170931	0.0372681	-5.38463	-4.73451	22	26041549	C	T	2.195849454978129e-06	5.658397437953023
22:31518711:C:T	8.26214e-07	0.000809608	-6.88745	-4.73299	22	31518711	C	T	2.212363926688215e-06	5.655143431457606
22:45740679:TACACAC:T	0.00229877	9.29567e-06	5.51058	4.72683	22	45740679	TACACAC	T	2.280520354286792e-06	5.641966047205114
22:29857267:G:T	4.61052e-06	0.00447821	-6.87864	-4.72568	22	29857267	G	T	2.2934657367882306e-06	5.639507743622234
22:22019048:T:C	0.000108112	0.0283139	-5.56794	-4.72319	22	22019048	T	C	2.321737523997784e-06	5.634186879482298
22:20111365:CT:C	0.00271735	2.90088e-06	6.8424	4.71867	22	20111365	CT	C	2.3739154372562802e-06	5.624534755384405
22:26036854:T:C	3.55183e-05	0.0259192	-6.59269	-4.71586	22	26036854	T	C	2.4069190205665293e-06	5.618538521072173
22:19109924:G:A	1.59506e-05	0.0334622	-7.64867	-4.71013	22	19109924	G	A	2.4755883611616025e-06	5.60632156778532
22:34479239:A:G	6.54656e-06	0.0062918	-6.86806	-4.70478	22	34479239	A	G	2.5413985527179982e-06	5.594927221737047
22:20800102:T:G	3.55887e-05	1.13644e-07	5.74671	4.70155	22	20800102	T	G	2.5819402097734527e-06	5.588053818950355
22:20800105:T:G	3.55887e-05	1.13644e-07	5.74671	4.70155	22	20800105	T	G	2.5819402097734527e-06	5.588053818950355
22:43845550:CT:C	0.0199325	1.12595e-05	7.47889	4.70141	22	43845550	CT	C	2.5837113955826687e-06	5.58775599930928
22:46315439:T:C	1.17028e-05	0.00238586	-5.31749	-4.69258	22	46315439	T	C	2.697809840442158e-06	5.568988665545198
22:28043244:CAAAAAA:C	0.00022604	2.53076e-07	6.79478	4.68249	22	28043244	CAAAAAA	C	2.834110178236321e-06	5.54758327022478
22:20447545:C:CT	1.2873e-05	0.0078077	-6.40774	-4.68239	22	20447545	C	CT	2.83549353356299e-06	5.547371338799818
22:46281106:C:T	0.00380229	3.10433e-05	4.80797	4.68125	22	46281106	C	T	2.8513096483629612e-06	5.544955616337329
22:20795153:T:C	1.05147e-07	9.75099e-05	-6.83235	-4.67757	22	20795153	T	C	2.902944908485399e-06	5.537161206044944
22:20799302:C:T	8.60156e-08	7.9657e-05	-6.83096	-4.67651	22	20799302	C	T	2.9179837683673517e-06	5.534917128250688
22:25388886:G:A	1.57357e-06	0.00329865	-7.64792	-4.65483	22	25388886	G	A	3.242481257984004e-06	5.489122525522263
22:34650028:A:G	0.000206625	1.56927e-06	4.88029	4.65269	22	34650028	A	G	3.276326143905578e-06	5.484612872647785
22:19414936:C:CTTATTTATT	3.06761e-07	0.000637636	-7.63945	-4.64848	22	19414936	C	CTTATTTATT	3.343900371764162e-06	5.475746670418913
22:20112131:C:T	2.72454e-06	0.00522923	-7.55972	-4.64495	22	20112131	C	T	3.401588281911707e-06	5.468318253249768
22:35027879:A:G	4.91752e-06	0.00197314	-5.99458	-4.63968	22	35027879	A	G	3.4894908543628387e-06	5.457237935582791
22:20928468:C:A	1.00968e-05	0.00909546	-6.80331	-4.63879	22	20928468	C	A	3.504549245308997e-06	5.45536783300796
22:25053246:T:G	1.05847e-05	0.00749764	-6.56293	-4.63643	22	25053246	T	G	3.544781632685554e-06	5.450410513270954
22:42824011:T:TA	0.00472617	2.10327e-06	7.71738	4.63315	22	42824011	T	TA	3.6014339355120356e-06	5.443524547486133
22:48394215:C:T	0.00995677	0.00012257	4.39732	4.63098	22	48394215	C	T	3.6393903040742173e-06	5.438971366283497
22:21845137:CA:C	0.00242229	1.68177e-06	7.27262	4.62717	22	21845137	CA	C	3.706962261934222e-06	5.430981835205168
22:30728075:A:G	1.20014e-06	0.000880477	-6.59803	-4.62606	22	30728075	A	G	3.726873754663299e-06	5.428655318429876
22:25394372:G:A	0.00670974	8.66076e-06	6.65251	4.62456	22	25394372	G	A	3.7539441288718287e-06	5.425512195407594
22:19108571:TAAAAAAAAA:T	0.0150136	1.44889e-05	6.94333	4.62127	22	19108571	TAAAAAAAAA	T	3.8139801304765237e-06	5.41862157380886
22:42904004:C:A	2.40127e-06	0.00141158	-6.37647	-4.61706	22	42904004	C	A	3.892147651028887e-06	5.409810692861346
22:49643530:G:A	2.22377e-06	0.000908691	-6.0128	-4.60785	22	49643530	G	A	4.0685398904712135e-06	5.3905614215568765
22:40080839:G:GT	3.87745e-06	0.00756888	-7.57662	-4.60139	22	40080839	G	GT	4.19680778195654e-06	5.377080921459771
22:29908982:CT:C	0.000259452	2.57915e-07	6.91369	4.59992	22	29908982	CT	C	4.226532239917755e-06	5.374015813884597
22:25052637:A:G	1.03388e-05	0.00698366	-6.51542	-4.59591	22	25052637	A	G	4.308646588224769e-06	5.365659126955577
22:25052686:C:T	1.03388e-05	0.00698366	-6.51542	-4.59591	22	25052686	C	T	4.308646588224769e-06	5.365659126955577
22:34260603:T:C	0.00801042	4.49302e-05	5.18339	4.59304	22	34260603	T	C	4.368352908008956e-06	5.359682283350535
22:23998595:A:G	3.33003e-05	0.0594521	-7.48736	-4.59194	22	23998595	A	G	4.391446338851944e-06	5.3573924197279466
22:17066270:C:A	1.50817e-06	0.000858029	-6.34374	-4.58907	22	17066270	C	A	4.4522512187123195e-06	5.351420338537154
22:29908651:A:AGGGT	2.6241e-07	0.000215799	-6.7122	-4.58757	22	29908651	A	AGGGT	4.484350896174082e-06	5.34830041161906
22:25051769:A:C	1.02234e-05	0.00683156	-6.50463	-4.5867	22	25051769	A	C	4.5030701763083195e-06	5.346491284894499
22:30456300:C:CA	1.66886e-05	0.00561469	-5.81841	-4.58599	22	30456300	C	CA	4.518402282715102e-06	5.345015105556925
22:21770751:A:C	1.37791e-06	0.000509935	-5.91372	-4.58544	22	21770751	A	C	4.530313629133682e-06	5.343871731168788
22:34651363:T:G	0.000185562	1.53195e-06	4.79685	4.58532	22	34651363	T	G	4.5329164630231184e-06	5.343622284467099
22:34328480:C:CAT	1.11396e-06	0.000780647	-6.5522	-4.58482	22	34328480	C	CAT	4.5437770328229214e-06	5.342582987990361
22:41268406:C:T	3.69587e-06	0.00310232	-6.73269	-4.5805	22	41268406	C	T	4.638656168191471e-06	5.333607817563414
22:25052108:A:G	1.03388e-05	0.00684905	-6.49596	-4.5793	22	25052108	A	G	4.66534646157558e-06	5.331116098806376
22:19342607:T:C	2.68632e-07	0.000218622	-6.70176	-4.57619	22	19342607	T	C	4.735205210523597e-06	5.324661195147117
22:49870943:AT:A	0.000384991	1.90435e-06	5.30908	4.5733	22	49870943	AT	A	4.801019483875399e-06	5.318666531539186
22:38714831:A:G	1.56633e-07	0.000268405	-7.44635	-4.56189	22	38714831	A	G	5.069520599953218e-06	5.295033107853825
22:38889274:T:C	0.0427362	2.12856e-05	7.60477	4.56124	22	38889274	T	C	5.085241625344337e-06	5.293688406741106
22:17068082:G:A	3.85767e-06	0.00315146	-6.70556	-4.55811	22	17068082	G	A	5.161600345317457e-06	5.287215625236293
22:19452017:G:A	7.39514e-06	0.00518571	-6.55284	-4.55703	22	19452017	G	A	5.1882016178682265e-06	5.284983155212043
22:34791412:C:T	3.31752e-06	0.00231535	-6.5481	-4.55327	22	34791412	C	T	5.281841280064528e-06	5.27721465353194
22:46283760:G:T	0.00365191	3.54538e-05	4.63478	4.55143	22	46283760	G	T	5.328252549154922e-06	5.273415198607834
22:34791398:C:A	3.30209e-06	0.00228749	-6.54065	-4.54736	22	34791398	C	A	5.432303258135448e-06	5.265015993576858
22:21842243:G:A	1.1018e-06	0.000862326	-6.66268	-4.54428	22	21842243	G	A	5.512334480556914e-06	5.258664437934083
22:24015201:T:C	6.62754e-05	0.0375627	-6.33995	-4.5383	22	24015201	T	C	5.670954508381798e-06	5.2463438365507145
22:48393060:G:A	0.00943425	0.000130029	4.28434	4.53723	22	48393060	G	A	5.699793351296646e-06	5.2441408895939015
22:49869354:T:C	0.000204776	2.94187e-06	4.24287	4.53684	22	49869354	T	C	5.71033957121318e-06	5.243338065218396
22:33394155:A:T	1.47802e-05	0.0130431	-6.78273	-4.53223	22	33394155	A	T	5.8364251094324045e-06	5.233853082790096
22:20111808:G:A	3.0461e-06	0.00234119	-6.64455	-4.53144	22	20111808	G	A	5.858297675186595e-06	5.232228564473063
22:49871758:T:TTTA	9.12046e-07	0.000315147	-5.8451	-4.53034	22	49871758	T	TTTA	5.888883855208166e-06	5.229967011063183
22:41912076:G:A	0.00123657	1.67589e-05	4.30117	4.52561	22	41912076	G	A	6.022154740416779e-06	5.220248089400189
22:20928815:CAAA:C	0.0118773	8.50859e-06	7.24131	4.52285	22	20928815	CAAA	C	6.101247988979415e-06	5.214581322482365
22:21773244:CTT:C	0.00124284	1.61142e-06	6.64804	4.52194	22	21773244	CTT	C	6.127543044776727e-06	5.212713629232417
22:21773201:C:T	1.59741e-06	0.00123335	-6.6491	-4.51151	22	21773201	C	T	6.436774810795727e-06	5.191331684305784
22:35882693:T:G	2.67564e-06	0.000971637	-5.89479	-4.50605	22	35882693	T	G	6.604553110009132e-06	5.1801565631248625
22:20795724:C:A	1.02624e-07	7.55888e-05	-6.602	-4.49612	22	20795724	C	A	6.920468910071712e-06	5.159864478063862
22:32895176:T:A	1.38747e-05	0.00705996	-6.23213	-4.49361	22	32895176	T	A	7.0025823180115596e-06	5.154741777178003
22:33430580:A:G	8.40208e-05	0.0299335	-5.87567	-4.4896	22	33430580	A	G	7.135704258717527e-06	5.146563157716659
22:20111359:T:C	3.229e-06	0.00234473	-6.58775	-4.4843	22	20111359	T	C	7.315368227800876e-06	5.135763808256774
22:20115666:T:C	0.00384778	2.49933e-06	7.33923	4.48222	22	20115666	T	C	7.387053149489113e-06	5.13152877624004
22:31877490:G:A	1.71479e-06	0.00122127	-6.56836	-4.47643	22	31877490	G	A	7.590153846147754e-06	5.119749421224956
22:34331050:T:G	0.000442363	4.81417e-06	4.52057	4.47481	22	34331050	T	G	7.647929082289748e-06	5.116456147838785
22:19109018:G:A	1.63217e-05	0.011664	-6.57177	-4.47002	22	19109018	G	A	7.821228323287005e-06	5.106725035669833
22:21845139:C:CA	2.40898e-06	0.00139905	-6.36435	-4.46705	22	21845139	C	CA	7.930559938643333e-06	5.100696148158061
22:37769751:CAG:C	0.0014463	2.28682e-06	6.4496	4.46662	22	37769751	CAG	C	7.946509667387126e-06	5.099823583927594
22:46395987:C:T	7.12457e-05	0.0107952	-5.02072	-4.46159	22	46395987	C	T	8.135376545453774e-06	5.089622340965822
22:46395533:G:T	7.12457e-05	0.0107458	-5.01614	-4.45802	22	46395533	G	T	8.272018565452798e-06	5.082388499532452
22:38884941:A:C	4.67684e-05	0.0405764	-6.76573	-4.45782	22	38884941	A	C	8.279738114595618e-06	5.081983399590084
22:22326250:C:CA	3.00838e-05	0.0169092	-6.33163	-4.45309	22	22326250	C	CA	8.464325383212303e-06	5.072407649961839
22:49870394:G:A	0.000380876	2.21744e-06	5.14612	4.44914	22	49870394	G	A	8.621480707445904e-06	5.064418139297323
22:29460928:T:TA	1.15732e-05	0.00657023	-6.34161	-4.44765	22	29460928	T	TA	8.681483315284359e-06	5.061406065076243
22:42263958:G:A	1.3815e-05	0.0317472	-7.7398	-4.44655	22	42263958	G	A	8.726036388131482e-06	5.059182980309575
22:21612615:G:A	0.00185873	1.45983e-05	4.84674	4.44507	22	21612615	G	A	8.786325391858498e-06	5.056192717156308
22:46282769:A:G	0.00388778	3.05828e-05	4.84516	4.44391	22	46282769	A	G	8.833856983722249e-06	5.053849636058273
22:20113073:T:C	3.02792e-06	0.00209344	-6.53869	-4.44301	22	20113073	T	C	8.870904115597908e-06	5.0520321149591325
22:29681069:A:T	0.00457378	4.11084e-06	7.01447	4.44182	22	29681069	A	T	8.92011663752242e-06	5.049629466845716
22:29859429:G:A	4.11261e-06	0.00597548	-7.28136	-4.44101	22	29859429	G	A	8.953763340950573e-06	5.047994388741667
22:21611894:T:A	0.00184413	1.45983e-05	4.83886	4.43929	22	21611894	T	A	9.02561328198301e-06	5.044523278515721
22:29084143:AT:A	0.0177523	2.58186e-05	6.53317	4.43501	22	29084143	AT	A	9.206801508742697e-06	5.035891219788342
22:19342448:A:G	3.19898e-07	0.000218622	-6.5271	-4.43355	22	19342448	A	G	9.269399784844055e-06	5.032948386521037
22:30837360:C:A	3.97484e-06	0.00220479	-6.3184	-4.42786	22	30837360	C	A	9.51726402765743e-06	5.021487882336734
22:20115489:G:A	2.50506e-06	0.00384778	-7.33694	-4.42174	22	20115489	G	A	9.79092301944915e-06	5.009176364033673
22:25052779:T:C	0.00698366	1.03388e-05	6.51542	4.42158	22	25052779	T	C	9.798177354176042e-06	5.008854703760797
22:29685955:CT:C	0.0033397	5.61084e-06	6.38894	4.4194	22	29685955	CT	C	9.897530619312058e-06	5.004473146026609
22:25449888:C:G	0.00511801	8.40925e-05	4.1086	4.41925	22	25449888	C	G	9.904402119909794e-06	5.004171735558138
22:25450120:G:T	0.00511803	8.40925e-05	4.10861	4.41925	22	25450120	G	T	9.904402119909794e-06	5.004171735558138
22:29459338:G:A	1.41366e-05	0.00972243	-6.53342	-4.41605	22	29459338	G	A	1.0052084244022262e-05	4.997743880349986
22:25051991:C:G	0.00683156	1.02237e-05	6.5046	4.41338	22	25051991	C	G	1.0176913756260597e-05	4.9923839058735595
22:25051988:A:G	0.00683156	1.02237e-05	6.5046	4.41338	22	25051988	A	G	1.0176913756260597e-05	4.9923839058735595
22:33807345:G:A	1.83032e-05	0.00716672	-5.97013	-4.40812	22	33807345	G	A	1.0427177096794691e-05	4.981833250271543
22:25446653:G:A	0.00627311	8.54542e-05	4.29605	4.40556	22	25446653	G	A	1.055109411095953e-05	4.976702503236911
22:26703325:G:T	2.91882e-05	0.0113262	-5.96111	-4.40022	22	26703325	G	T	1.0814118438163733e-05	4.966008878263327
22:34788072:CAT:C	0.0038025	3.21202e-06	7.07651	4.399	22	34788072	CAT	C	1.087508265765914e-05	4.963567433441939
22:20932655:CAG:C	0.00276928	2.0283e-06	7.21915	4.39559	22	20932655	CAG	C	1.1047227929153275e-05	4.956746685427349
22:43847590:T:C	9.32304e-06	0.0199325	-7.66762	-4.39423	22	43847590	T	C	1.1116607215997807e-05	4.954027739030795
22:43855446:G:A	2.7661e-06	0.0013097	-6.16012	-4.3856	22	43855446	G	A	1.1566650405883887e-05	4.936792390474022
22:26702879:C:G	2.94742e-05	0.011245	-5.94417	-4.38538	22	26702879	C	G	1.1578347380627085e-05	4.936353424606297
22:32893161:C:G	1.30947e-05	0.00842104	-6.46628	-4.38388	22	32893161	C	G	1.1658400940059479e-05	4.933361013087493
22:30617432:C:T	3.78008e-06	0.0024957	-6.49258	-4.38234	22	30617432	C	T	1.1741138757760854e-05	4.930289779389272
22:43855613:G:A	2.76522e-06	0.00130334	-6.15556	-4.38174	22	43855613	G	A	1.1773525740468596e-05	4.929093462361612
22:32105290:AT:A	9.5971e-07	0.000150917	-5.05785	-4.38079	22	32105290	AT	A	1.1824979580467625e-05	4.927199600535004
22:34328461:CAT:C	0.0078088	6.77371e-06	7.04996	4.37904	22	34328461	CAT	C	1.1920325316311229e-05	4.923711892150233
22:35884952:T:C	2.08189e-06	0.000625688	-5.70558	-4.37264	22	35884952	T	C	1.2275304913520348e-05	4.9109677113748775
22:20696031:G:A	0.00282121	1.49241e-05	5.24194	4.37235	22	20696031	G	A	1.229162650154596e-05	4.910390644867175
22:21771930:C:T	1.57849e-06	0.00225616	-7.26495	-4.36778	22	21771930	C	T	1.2551582948830205e-05	4.901301499474559
22:46282100:G:A	0.003904	3.41679e-05	4.73847	4.36574	22	46282100	G	A	1.266931080973991e-05	4.897247009399734
22:35808282:T:TTAAA	0.000103813	1.4964e-06	4.23954	4.3594	22	35808282	T	TTAAA	1.3041953368019349e-05	4.884657356961567
22:46207427:A:G	0.0197533	0.00033077	4.08965	4.35104	22	46207427	A	G	1.3549332912173611e-05	4.868082086316784
22:47725303:T:C	0.0032553	4.10005e-05	4.37445	4.34882	22	47725303	T	C	1.3687199240306936e-05	4.863685410808329
22:22026929:T:C	7.89831e-05	0.0228418	-5.66711	-4.34552	22	22026929	T	C	1.3894611061343558e-05	4.857153605509596
22:19357701:C:T	1.25323e-06	0.00159794	-7.15075	-4.34531	22	19357701	C	T	1.3907910950868578e-05	4.8567380986668205
22:29080942:C:CTTCTT	1.96241e-05	0.00884042	-6.11033	-4.34345	22	29080942	C	CTTCTT	1.402624120479688e-05	4.853058696949315
22:35278880:CA:C	0.0239076	2.17726e-05	7.0013	4.34247	22	35278880	CA	C	1.4088972875309162e-05	4.851120666993205
22:24380861:C:CT	5.01158e-07	0.000692116	-7.23059	-4.34202	22	24380861	C	CT	1.4117867796425121e-05	4.85023088927359
22:46283953:C:T	0.00347633	3.14334e-05	4.70586	4.34185	22	46283953	C	T	1.412879835726416e-05	4.849894772971041
22:43656672:T:C	6.02897e-06	0.00231091	-5.94882	-4.33846	22	43656672	T	C	1.4348459248935735e-05	4.843194731376702
22:43846222:C:T	1.01127e-05	0.0199325	-7.58632	-4.3353	22	43846222	C	T	1.4556146754984375e-05	4.836953574509365
22:25395319:G:C	9.68383e-06	0.0132288	-7.21969	-4.33386	22	25395319	G	C	1.4651737113979532e-05	4.834110882184143
22:38725247:A:G	0.000402195	5.35186e-06	4.31949	4.33309	22	38725247	A	G	1.4703096725350434e-05	4.832591185721678
22:29460090:G:A	1.17033e-05	0.015896	-7.21396	-4.32956	22	29460090	G	A	1.4940756033482522e-05	4.82562742575609
22:25448060:CTGCGTGGCG:C	3.16981e-05	0.00701415	-5.39943	-4.3283	22	25448060	CTGCGTGGCG	C	1.5026469901010597e-05	4.823143034222134
22:25395496:G:A	9.7779e-06	0.0132491	-7.21156	-4.32776	22	25395496	G	A	1.5063347763588839e-05	4.822078497346593
22:29680853:T:TA	5.24211e-06	0.00280216	-6.28142	-4.32593	22	29680853	T	TA	1.518896554527962e-05	4.81847180304801
22:20110207:C:T	3.17132e-06	0.00393243	-7.12286	-4.32488	22	20110207	C	T	1.52614916074872e-05	4.816403017806888
22:26035884:T:C	6.50654e-05	0.0269777	-6.02737	-4.31869	22	26035884	T	C	1.569580645292711e-05	4.804216365274014
22:38436107:G:A	2.82959e-05	0.0542569	-7.55877	-4.31533	22	38436107	G	A	1.5936465407613284e-05	4.797607995624264
22:20108645:T:TG	3.99649e-06	0.00235171	-6.37748	-4.30983	22	20108645	T	TG	1.633800910005101e-05	4.786800866380148
22:31312923:A:ATAGG	2.70449e-07	0.000356156	-7.18304	-4.30639	22	31312923	A	ATAGG	1.6594038798877628e-05	4.780047898810263
22:17875867:A:G	2.06861e-05	0.00999522	-6.1804	-4.30409	22	17875867	A	G	1.676734959021566e-05	4.775535580763804
22:30415123:G:A	1.67167e-05	0.00718341	-6.06312	-4.30349	22	30415123	G	A	1.6812844009363505e-05	4.774358816417691
22:29855139:C:CT	5.8909e-06	0.0034065	-6.36003	-4.29535	22	29855139	C	CT	1.7441793837743236e-05	4.758408851182681
22:19360207:C:T	1.33738e-06	0.00173119	-7.16585	-4.2935	22	19360207	C	T	1.7587831462366815e-05	4.754787704714532
22:19104384:AGGC:A	0.0102174	1.41036e-05	6.58542	4.29345	22	19104384	AGGC	A	1.759179454888623e-05	4.754689855657614
22:29802600:A:G	4.03656e-06	0.00479033	-7.07896	-4.29271	22	29802600	A	G	1.7650547804550022e-05	4.7532418112505885
22:34492441:C:T	1.4026e-06	0.00260041	-7.52509	-4.29092	22	34492441	C	T	1.7793441241121068e-05	4.749740051494401
22:40016547:G:C	3.8646e-05	0.00927919	-5.48109	-4.28916	22	40016547	G	C	1.793501398272078e-05	4.746298280397766
22:19358477:G:T	7.92579e-07	0.000438749	-6.31639	-4.28445	22	19358477	G	T	1.8319179932915595e-05	4.737093971638751
22:42256068:G:A	1.17701e-05	0.00329761	-5.6354	-4.28242	22	42256068	G	A	1.848716083207344e-05	4.733129780546646
22:46284124:T:G	0.00319635	3.13993e-05	4.62298	4.28112	22	46284124	T	G	1.8595504417501844e-05	4.730592036570056
22:42261560:T:G	1.47768e-05	0.00413209	-5.63348	-4.28077	22	42261560	T	G	1.8624777023292917e-05	4.729908917942523
22:29681068:A:T	0.00277289	5.6068e-06	6.20367	4.27519	22	29681068	A	T	1.909743592342514e-05	4.719024938462192
22:46388648:C:T	4.87592e-05	0.0108284	-5.40303	-4.27309	22	46388648	C	T	1.9278259773482328e-05	4.714932171931328
22:31518413:A:G	0.000123498	1.70139e-06	4.28478	4.2715	22	31518413	A	G	1.941625274535129e-05	4.711834583338824
22:46385427:A:G	0.0124454	0.000239527	3.95045	4.26017	22	46385427	A	G	2.0427147524890662e-05	4.6897922746152565
22:43845646:G:T	1.12384e-05	0.0199325	-7.48077	-4.25879	22	43845646	G	T	2.0553644592835578e-05	4.687111157427095
22:22030441:T:TC	0.0271376	0.000569049	3.86471	4.25801	22	22030441	T	TC	2.0625472494301195e-05	4.685596093720228
22:23821963:A:G	2.73713e-05	0.0131472	-6.17447	-4.25659	22	23821963	A	G	2.0756850127277916e-05	4.682838550444593
22:42266365:C:T	1.72609e-05	0.00600521	-5.85194	-4.25507	22	42266365	C	T	2.0898362434912545e-05	4.67988774323556
22:29684528:G:A	5.77822e-06	0.00281514	-6.18867	-4.24736	22	29684528	G	A	2.163042442106949e-05	4.664934958974218
22:46289120:G:A	0.00181203	1.86934e-05	4.57403	4.24526	22	46289120	G	A	2.183400978006704e-05	4.660866499497365
22:34797417:G:A	6.03559e-06	0.00285346	-6.15861	-4.24399	22	34797417	G	A	2.1958014118713816e-05	4.6584069400089865
22:46289352:G:A	0.00179566	1.86934e-05	4.56496	4.23861	22	46289352	G	A	2.249079765742921e-05	4.647995141626312
22:19348559:G:A	4.28283e-07	0.000511588	-7.08549	-4.23327	22	19348559	G	A	2.3031771618959256e-05	4.637672654534868
22:34489244:T:C	0.00250098	2.63964e-06	6.8538	4.23162	22	34489244	T	C	2.3201415440694243e-05	4.634485519448254
22:22014247:T:C	0.000264407	0.0553419	-5.3438	-4.23042	22	22014247	T	C	2.3325538893316934e-05	4.6321683138969885
22:19103417:CTTTTTTTTT:C	0.00791589	7.29865e-06	6.98894	4.22953	22	19103417	CTTTTTTTTT	C	2.3418004956831805e-05	4.6304501064090475
22:49865504:A:T	0.000795303	6.21335e-06	4.85202	4.22506	22	49865504	A	T	2.3887712452022383e-05	4.621825437400847
22:19347400:C:T	2.14926e-07	0.000252763	-7.06991	-4.22159	22	19347400	C	T	2.425850592032072e-05	4.61513595081247
22:25160610:A:G	6.87399e-06	0.00309149	-6.10866	-4.2193	22	25160610	A	G	2.450620056037372e-05	4.610724016515006
22:49881409:A:G	4.76961e-06	5.10881e-08	4.53647	4.21774	22	49881409	A	G	2.4676311572167808e-05	4.607719754831895
22:26702878:A:T	2.4454e-05	0.0261165	-6.97353	-4.21546	22	26702878	A	T	2.4926957300892404e-05	4.60333073024388
22:31884624:C:T	8.09035e-05	1.81425e-06	3.79758	4.21235	22	31884624	C	T	2.5272753993979778e-05	4.597347430053997
22:42831266:T:G	6.25278e-06	0.00278212	-6.09794	-4.21064	22	42831266	T	G	2.5464825849108404e-05	4.594059289565552
22:34786975:A:T	0.00283633	3.08758e-06	6.82288	4.20839	22	34786975	A	T	2.571966808751817e-05	4.58973464028473
22:37773178:GTGGT:G	0.000431749	2.19637e-06	5.28104	4.20709	22	37773178	GTGGT	G	2.586801398503947e-05	4.587236912931979
22:32113102:G:T	3.43091e-07	7.24543e-05	-5.35271	-4.20515	22	32113102	G	T	2.6090905922513e-05	4.5835108411635614
22:29860437:TTTCC:T	0.0031825	3.52991e-06	6.80415	4.19431	22	29860437	TTTCC	T	2.737034574508515e-05	4.562719716501669
22:29451337:A:G	1.35633e-05	0.0058828	-6.07242	-4.19003	22	29451337	A	G	2.789175758596454e-05	4.554524118009477
22:32319572:A:C	3.00483e-05	0.00748723	-5.51815	-4.18132	22	32319572	A	C	2.8982163835756195e-05	4.5378691928176815
22:17714109:T:C	3.46441e-07	4.72925e-05	-4.9164	-4.17601	22	17714109	T	C	2.9666678308917688e-05	4.527731077642242
22:22024604:TTG:T	0.000227372	0.0236038	-4.64257	-4.16725	22	22024604	TTG	T	3.082963292243176e-05	4.511031646233965
22:34615416:TACAC:T	0.00515834	4.26836e-05	4.79455	4.16671	22	34615416	TACAC	T	3.090272150055438e-05	4.510003272011176
22:23996742:T:C	7.63571e-05	0.031859	-6.03366	-4.15874	22	23996742	T	C	3.2000789116213405e-05	4.494839312161608
22:46294263:C:T	0.00143752	2.31301e-05	4.12954	4.1566	22	46294263	C	T	3.230188182730146e-05	4.4907721760154455
22:46294244:G:A	0.00143752	2.31301e-05	4.12954	4.1566	22	46294244	G	A	3.230188182730146e-05	4.4907721760154455
22:34481538:T:C	6.32863e-06	0.00119415	-5.24011	-4.15572	22	34481538	T	C	3.2426474947048735e-05	4.489100260523886
22:22532553:GT:G	0.00894172	8.49288e-05	4.65667	4.15509	22	22532553	GT	G	3.251595257774895e-05	4.487903518506764
22:39749836:A:G	7.31885e-05	0.036506	-6.21219	-4.15094	22	39749836	A	G	3.3111256699352864e-05	4.480024335791663
22:30414398:T:C	1.90992e-05	0.00783476	-6.01668	-4.14899	22	30414398	T	C	3.3394539699214375e-05	4.476324538348938
22:31515544:CTG:C	1.75131e-06	0.000869842	-6.20795	-4.14744	22	31515544	CTG	C	3.36213540660299e-05	4.47338479977332
22:49643658:G:A	3.47799e-06	0.00528768	-7.32668	-4.14711	22	49643658	G	A	3.3669832143823e-05	4.472759048720112
22:19340415:C:T	1.5231e-07	0.000147923	-6.87853	-4.14586	22	19340415	C	T	3.3854063968863286e-05	4.470389189510254
22:42908037:A:AAC	3.7091e-06	0.00178871	-6.17846	-4.14468	22	42908037	A	AAC	3.402885705269277e-05	4.468152637564331
22:20110998:G:A	3.07097e-06	0.00325865	-6.96707	-4.14451	22	20110998	G	A	3.405410963767091e-05	4.467830470087035
22:46282007:A:G	2.86011e-05	0.00400883	-4.94281	-4.14323	22	46282007	A	G	3.424481909398977e-05	4.465405123706953
22:38429684:C:T	5.39648e-05	0.0266371	-6.20173	-4.1423	22	38429684	C	T	3.438401720428307e-05	4.463643384550301
22:23997586:G:C	5.73031e-05	0.055196	-6.87029	-4.13982	22	23997586	G	C	3.4757844136407244e-05	4.458947168607087
22:34486587:A:G	0.000207913	5.02396e-06	3.7229	4.13706	22	34486587	A	G	3.517841466329886e-05	4.453723736183132
22:34785545:C:G	2.90657e-06	0.00435803	-7.3128	-4.13705	22	34785545	C	G	3.5179947219380246e-05	4.453704816451869
22:23998746:A:G	2.63644e-05	0.0392324	-7.30524	-4.13157	22	23998746	A	G	3.6029393628696624e-05	4.443343046951177
22:20108775:C:CTGCCAGACC	3.32861e-06	0.00344758	-6.94287	-4.12637	22	20108775	C	CTGCCAGACC	3.685341732039405e-05	4.4335222349534105
22:43660064:A:G	4.81618e-06	0.00195643	-6.0069	-4.12352	22	43660064	A	G	3.7312604531029475e-05	4.428144434851562
22:46277659:G:A	0.00562806	0.000138655	3.70353	4.12053	22	46277659	G	A	3.780018410176867e-05	4.422506084972628
22:25394832:T:A	7.47989e-06	0.00768534	-6.93485	-4.12036	22	25394832	T	A	3.782808695314887e-05	4.4221856213479915
22:29686580:A:G	6.32288e-06	0.00281565	-6.09877	-4.11864	22	29686580	A	G	3.811149999338863e-05	4.418943957918158
22:31519831:T:C	8.05824e-07	0.000335871	-6.03262	-4.11516	22	31519831	T	C	3.869109334624872e-05	4.412388997662225
22:41267161:G:A	3.64121e-06	0.00338866	-6.83587	-4.1146	22	41267161	G	A	3.878513917572228e-05	4.411334645804436
22:25395225:A:G	1.016e-05	0.00940974	-6.83104	-4.11106	22	25395225	A	G	3.9384682919079835e-05	4.404672646628542
22:31506709:C:A	5.69314e-06	0.00270119	-6.16219	-4.10967	22	31506709	C	A	3.962249338993308e-05	4.402058198373019
22:35807219:T:C	9.42753e-05	1.85238e-06	3.92975	4.1064	22	35807219	T	C	4.0187332247677084e-05	4.395910822585456
22:29686342:T:C	5.57559e-06	0.0051118	-6.82091	-4.10364	22	29686342	T	C	4.067001534060557e-05	4.390725663780829
22:31508276:CTT:C	0.00357299	4.47301e-06	6.6831	4.10333	22	31508276	CTT	C	4.0724572105352924e-05	4.390143470144323
22:22026495:T:C	0.000165568	0.0190869	-4.74737	-4.10218	22	22026495	T	C	4.092756738486257e-05	4.3879840677839255
22:30831945:T:C	0.000774892	6.35414e-06	4.80362	4.09935	22	30831945	T	C	4.1431208732190614e-05	4.38267239621986
22:35810188:GAC:G	0.000125922	1.90852e-06	4.18934	4.09484	22	35810188	GAC	G	4.22460033005718e-05	4.374214371367787
22:30457378:CTTTT:C	0.0089208	1.1321e-05	6.66948	4.0931	22	30457378	CTTTT	C	4.256440415144051e-05	4.370953441810026
22:20108872:A:G	3.29826e-06	0.00325885	-6.89574	-4.09104	22	20108872	A	G	4.294430470968893e-05	4.367094424316127
22:26704098:CAA:C	0.0108277	2.18452e-05	6.20588	4.09001	22	26704098	CAA	C	4.313545907848023e-05	4.365165575528273
22:33093749:G:A	0.000112876	0.0503856	-6.10117	-4.0857	22	33093749	G	A	4.394412834750789e-05	4.357099145542017
22:42587776:C:A	8.28534e-06	0.0030511	-5.90877	-4.07845	22	42587776	C	A	4.533694984822906e-05	4.343547701427015
22:40629755:G:A	1.48347e-05	0.0131393	-6.78639	-4.07835	22	40629755	G	A	4.535645075252877e-05	4.343360937336047
22:19337474:A:T	9.98675e-07	0.000884061	-6.78585	-4.07795	22	19337474	A	T	4.543453394796333e-05	4.3426139224340865
22:29680257:G:A	4.5049e-06	0.00179544	-5.98784	-4.07723	22	29680257	G	A	4.557540505979312e-05	4.341269462783765
22:45799087:G:GTT	3.21207e-06	0.000605062	-5.23842	-4.07562	22	45799087	G	GTT	4.58919086803035e-05	4.338263879283215
22:23996954:G:C	6.68663e-05	0.058944	-6.78165	-4.07487	22	23996954	G	C	4.604005887580811e-05	4.336864129668175
22:31313323:A:C	8.10427e-07	0.000304762	-5.92973	-4.07483	22	31313323	A	C	4.604797294527171e-05	4.336789482905986
22:26702404:TACACAC:T	0.0134506	2.0307e-05	6.49581	4.06944	22	26702404	TACACAC	T	4.7126273719016456e-05	4.326736898607587
22:29085200:G:A	2.45971e-05	0.0213572	-6.76652	-4.06379	22	29085200	G	A	4.8282268619122994e-05	4.31621233207884
22:25050474:G:T	1.08268e-05	0.00332024	-5.72577	-4.06052	22	25050474	G	T	4.896354255086666e-05	4.310127168177942
22:34798216:C:T	7.90425e-06	0.00295015	-5.92221	-4.05628	22	34798216	C	T	4.9860482383008945e-05	4.302243524162258
22:25050072:T:C	1.07258e-05	0.00327298	-5.7208	-4.05627	22	25050072	T	C	4.9862616100120626e-05	4.302224939469609
22:49996657:G:A	6.01138e-06	0.00516438	-6.75588	-4.056	22	49996657	G	A	4.992025918924786e-05	4.301723168434449
22:23815491:G:A	2.19596e-05	0.00814321	-5.91574	-4.05114	22	23815491	G	A	5.096869849042177e-05	4.292696456182623
22:21847063:C:T	0.00422191	4.99658e-06	6.73929	4.04945	22	21847063	C	T	5.1338144559772724e-05	4.289559831457595
22:20112368:C:G	0.00180532	2.8031e-06	6.46777	4.0493	22	20112368	C	G	5.1371057973592195e-05	4.28928149000154
22:35033047:TAC:T	0.00246363	6.60366e-06	5.92177	4.04637	22	35033047	TAC	T	5.201799117008191e-05	4.283846423393393
22:34491491:C:T	0.00175649	2.10036e-06	6.72896	4.042	22	34491491	C	T	5.29972326536875e-05	4.275746807278658
22:43868337:G:T	0.00116564	1.78945e-05	4.17653	4.04097	22	43868337	G	T	5.323056835218867e-05	4.27383889676353
22:46285606:AT:A	2.11238e-05	0.00255669	-4.79607	-4.03787	22	46285606	AT	A	5.3938728653075185e-05	4.268099294172727
22:34325855:A:G	5.1121e-06	0.00106014	-5.33455	-4.03679	22	34325855	A	G	5.4187532351445635e-05	4.266100625893899
22:33431536:A:T	0.000102973	0.0209406	-5.31498	-4.03674	22	33431536	A	T	5.419907733595155e-05	4.266008106659318
22:26481497:G:A	1.31382e-05	0.00335654	-5.54314	-4.03415	22	26481497	G	A	5.480030470398262e-05	4.261217026718361
22:34490504:T:C	0.00176784	2.14352e-06	6.71506	4.03197	22	34490504	T	C	5.531124902485473e-05	4.257186534290237
22:46277874:G:A	0.00561024	0.000153878	3.59619	4.02898	22	46277874	G	A	5.601938342658196e-05	4.251661675517926
22:38889477:T:C	8.49868e-05	0.0423312	-6.21078	-4.02818	22	38889477	T	C	5.621030212065284e-05	4.250184080443056
22:32964421:TAAA:T	0.00179758	2.87483e-06	6.4382	4.02807	22	32964421	TAAA	T	5.6236601590787096e-05	4.249980931853143
22:31511441:C:G	3.95843e-06	0.000821804	-5.33565	-4.02396	22	31511441	C	G	5.7227641245329994e-05	4.242394154061003
22:29859691:A:AC	0.00259744	7.19035e-06	5.88954	4.02288	22	29859691	A	AC	5.749079190967619e-05	4.240401709102611
22:42266082:TA:T	0.0057792	1.67903e-05	5.84122	4.01977	22	42266082	TA	T	5.8254985133294976e-05	4.234666904237669
22:38885307:G:A	0.0409102	4.80631e-05	6.74662	4.0132	22	38885307	G	A	5.990111845564122e-05	4.222565068519229
22:31313160:A:G	4.00878e-07	4.16786e-05	-4.64409	-4.01225	22	31313160	A	G	6.014275761008302e-05	4.2208166629101616
22:33429664:T:C	0.00767647	0.000170354	3.80804	4.00701	22	33429664	T	C	6.149226051408242e-05	4.211179541582975
22:42987450:A:AAC	3.36532e-06	0.00421284	-7.13237	-4.00627	22	42987450	A	AAC	6.168513360472883e-05	4.209819490284093
22:47192356:C:G	0.101893	0.00287905	3.56646	4.00362	22	47192356	C	G	6.238053624716426e-05	4.204950896199853
22:26704024:G:A	2.39334e-05	0.0210094	-6.77745	-4.00238	22	26704024	G	A	6.270847506089361e-05	4.202673760230736
22:45784440:T:C	0.00162103	4.44908e-06	5.89812	4.00118	22	45784440	T	C	6.302738861594685e-05	4.200470686419976
22:32318231:A:AT	2.70511e-05	0.00909704	-5.81798	-4.00101	22	32318231	A	AT	6.307269200222386e-05	4.200158632511339
22:30732776:A:G	7.15642e-06	0.00245439	-5.83763	-4.00047	22	30732776	A	G	6.321680143696327e-05	4.199167481818469
22:26703867:G:T	2.40379e-05	0.0210094	-6.77309	-3.99912	22	26703867	G	T	6.357843987244909e-05	4.196690133280313
22:34491013:T:C	2.10448e-06	0.00260041	-7.11935	-3.99683	22	34491013	T	C	6.419636805830805e-05	4.192489541664071
22:34493679:A:G	0.00111121	1.41516e-06	6.66596	3.99656	22	34493679	A	G	6.426959771385189e-05	4.19199441848389
22:34493105:T:G	0.00111121	1.41824e-06	6.66379	3.99499	22	34493105	T	G	6.469698364987702e-05	4.189115966854498
22:34492663:C:T	0.00111121	1.41824e-06	6.66379	3.99499	22	34492663	C	T	6.469698364987702e-05	4.189115966854498
22:21849318:CA:C	1.14362e-05	0.002211	-5.26442	-3.99413	22	21849318	CA	C	6.493223205047155e-05	4.187539667964424
22:33807008:CA:C	0.00431789	2.84947e-05	5.0208	3.99093	22	33807008	CA	C	6.581470531146423e-05	4.1816770589378125
22:41807285:C:T	0.000208111	6.09212e-06	3.53107	3.98658	22	41807285	C	T	6.703253252951126e-05	4.173714372388834
22:42588902:C:T	9.54763e-06	0.00315093	-5.79916	-3.98496	22	42588902	C	T	6.749149375752608e-05	4.170750959716489
22:30412572:G:A	2.24498e-05	0.00661296	-5.6855	-3.98386	22	30412572	G	A	6.780482741185468e-05	4.168739385134455
22:42589157:C:A	9.57501e-06	0.00315093	-5.7963	-3.98251	22	42589157	C	A	6.819125463553881e-05	4.16627131899548
22:44610950:T:C	0.0554523	0.000576248	4.56674	3.9822	22	44610950	T	C	6.828028349762836e-05	4.165704684376284
22:31179360:C:T	6.25793e-06	0.00253957	-6.0059	-3.98069	22	31179360	C	T	6.87155150192547e-05	4.162945194141208
22:49882527:A:G	3.44618e-06	5.10881e-08	4.21147	3.97962	22	49882527	A	G	6.902551171848816e-05	4.160990365048106
22:32316939:C:CTGTGTGTGT	3.01618e-05	0.0255698	-6.74259	-3.97625	22	32316939	C	CTGTGTGTGT	7.001052540136413e-05	4.154836663127128
22:28634442:G:A	3.96383e-06	0.00129178	-5.78657	-3.97421	22	28634442	G	A	7.061324061550034e-05	4.151113857204623
22:17876477:C:G	3.34662e-05	0.0104307	-5.74197	-3.97305	22	17876477	C	G	7.095814676555528e-05	4.148997735622824
22:21847872:G:A	6.82879e-06	0.00573796	-6.73371	-3.9696	22	21847872	G	A	7.199338787467151e-05	4.14270738886608
22:38720077:C:T	1.90416e-06	0.0014499	-6.63521	-3.96758	22	38720077	C	T	7.260614333305368e-05	4.13902663132787
22:34491389:A:G	2.10323e-06	0.00175649	-6.7276	-3.96502	22	34491389	A	G	7.338979345012911e-05	4.134364334586723
22:47192097:C:G	0.0994583	0.00295073	3.51768	3.96201	22	47192097	C	G	7.432142672871266e-05	4.128885961898434
22:32318227:G:A	0.00472958	4.17468e-05	4.72997	3.96124	22	32318227	G	A	7.456154185084533e-05	4.127485119828022
22:46385669:C:T	0.000146419	0.0116289	-4.37478	-3.9588	22	46385669	C	T	7.532728108506e-05	4.123047708009675
22:38435199:C:A	2.55817e-05	0.00831082	-5.78343	-3.95759	22	38435199	C	A	7.570976501175928e-05	4.120848101778436
22:38428822:T:C	6.22604e-05	0.0245444	-5.97691	-3.95677	22	38428822	T	C	7.597001219941008e-05	4.11935780385587
22:22025671:G:A	0.000235413	0.0223793	-4.55455	-3.95625	22	22025671	G	A	7.613548506263866e-05	4.118412881008918
22:46038806:A:G	8.20948e-05	0.0175244	-5.36347	-3.95616	22	46038806	A	G	7.616415917193754e-05	4.118249348025611
22:49987228:T:A	1.27514e-05	0.00488204	-5.94768	-3.95318	22	49987228	T	A	7.711937806174659e-05	4.112836481509799
22:33434472:G:T	0.000107716	0.0176509	-5.09904	-3.95298	22	33434472	G	T	7.718389066306917e-05	4.112473333423155
22:43660092:A:G	5.89667e-06	0.00193176	-5.7918	-3.95272	22	43660092	A	G	7.726783333067385e-05	4.112001265647106
22:42905894:A:C	2.57981e-06	0.000830836	-5.77472	-3.94969	22	42905894	A	C	7.82524741640062e-05	4.106501922167608
22:45795472:G:A	2.2378e-06	0.001826	-6.70439	-3.94762	22	45795472	G	A	7.893195719689124e-05	4.102747128294705
22:45795728:G:A	2.2477e-06	0.001826	-6.69997	-3.94431	22	45795728	G	A	8.003007637322016e-05	4.096746768655807
22:33430931:A:T	0.00706759	0.000169513	3.73034	3.94355	22	33430931	A	T	8.028424318416063e-05	4.09536968223876
22:41805107:A:G	3.1271e-06	0.000993802	-5.76143	-3.93896	22	41805107	A	G	8.18355710020211e-05	4.0870578829790825
22:32317747:A:T	3.12577e-05	0.00989456	-5.75747	-3.93576	22	32317747	A	T	8.293382213906322e-05	4.081268318994222
22:31269058:T:G	0.000112296	1.50088e-07	6.61767	3.93085	22	31269058	T	G	8.46460721348554e-05	4.072393189825997
22:47723430:AAG:A	0.0053765	2.86635e-05	5.23417	3.93077	22	47723430	AAG	A	8.467424493382287e-05	4.072248667402981
22:34494085:C:G	1.40132e-06	0.00111121	-6.67579	-3.92619	22	34494085	C	G	8.63019937793032e-05	4.063979170943568
22:34494000:C:T	1.40139e-06	0.00111121	-6.67574	-3.92615	22	34494000	C	T	8.631633930286985e-05	4.063906986470134
22:25374506:T:C	7.44514e-06	0.00247857	-5.80788	-3.92478	22	25374506	T	C	8.680903578961708e-05	4.061435067573136
22:32385435:G:T	1.23157e-05	0.00382966	-5.73966	-3.92167	22	32385435	G	T	8.793737322379865e-05	4.055826511327725
22:20108159:T:C	4.24026e-06	0.00333865	-6.6687	-3.92087	22	20108159	T	C	8.822985338251558e-05	4.054384442469033
22:31176491:CT:C	0.00205529	6.55601e-06	5.74779	3.92035	22	31176491	CT	C	8.842045805657232e-05	4.053447239589311
22:19362117:G:A	2.20184e-06	0.00173119	-6.66727	-3.9198	22	19362117	G	A	8.862248243650133e-05	4.052456088953759
22:21847972:A:G	7.02505e-06	0.00551502	-6.66575	-3.91866	22	21847972	A	G	8.904261334469536e-05	4.050402102216417
22:38430418:G:A	5.31076e-05	0.016175	-5.7189	-3.9165	22	38430418	G	A	8.984381581573009e-05	4.04651181114861
22:33236256:G:T	2.82826e-05	0.0221297	-6.66243	-3.91617	22	33236256	G	T	8.996681979784224e-05	4.045917630956388
22:22020971:GTTA:G	0.000286515	0.0258008	-4.50037	-3.91525	22	22020971	GTTA	G	9.031058047172705e-05	4.044261366283315
22:30840305:TA:T	0.000774796	2.71711e-06	5.65303	3.91443	22	30840305	TA	T	9.061802127380998e-05	4.042785425264842
22:30460588:T:C	3.57482e-05	0.0110175	-5.73074	-3.91435	22	30460588	T	C	9.064806837015247e-05	4.042641445899657
22:19556589:C:G	8.87432e-05	0.0161929	-5.20658	-3.91267	22	19556589	C	G	9.128123550424465e-05	4.0396184903137184
22:31006060:G:T	1.45282e-05	0.00541652	-5.92112	-3.91072	22	31006060	G	T	9.202139963302371e-05	4.036111165460745
22:23820558:C:T	3.06408e-05	0.00951945	-5.73876	-3.91061	22	23820558	C	T	9.206332092787739e-05	4.035913363195696
22:20105794:A:G	4.97746e-06	0.00348181	-6.55039	-3.90543	22	20105794	A	G	9.405798326085458e-05	4.026604337391683
22:20105999:C:T	4.97746e-06	0.00348181	-6.55039	-3.90543	22	20105999	C	T	9.405798326085458e-05	4.026604337391683
22:20939789:CTT:C	0.0361413	5.88979e-05	6.41939	3.90514	22	20939789	CTT	C	9.41708513104412e-05	4.026083503513014
22:43656161:C:A	9.85994e-06	0.00228333	-5.44491	-3.90472	22	43656161	C	A	9.433454216076953e-05	4.025329253996912
22:20105765:C:T	4.99406e-06	0.00348181	-6.54706	-3.90299	22	20105765	C	T	9.501162962547729e-05	4.022223232889556
22:31268510:G:C	1.52497e-06	0.0011711	-6.64373	-3.90215	22	31268510	G	C	9.534204148455289e-05	4.020715553101404
22:46302895:C:CT	0.00166616	2.75018e-05	4.10402	3.90089	22	46302895	C	CT	9.583969431776519e-05	4.018454580141737
22:34785815:G:A	2.93197e-06	0.00316695	-6.98485	-3.89934	22	34785815	G	A	9.6455251011978e-05	4.0156741244384415
22:25050911:A:T	0.00332024	1.09222e-05	5.717	3.89711	22	25050911	A	T	9.734741026995782e-05	4.011675597512486
22:43845562:G:A	1.19764e-05	0.00356241	-5.69525	-3.89633	22	43845562	G	A	9.766130096689972e-05	4.010277494684473
22:22024997:GC:G	0.000255516	0.0223793	-4.47261	-3.89423	22	22024997	GC	G	9.851114769655592e-05	4.006514621186042
22:19103740:TA:T	0.00801378	1.18011e-05	6.52072	3.89179	22	19103740	TA	T	9.950735694676053e-05	4.002144809070689
22:43843870:G:T	1.82865e-05	0.0195179	-6.97293	-3.8907	22	43843870	G	T	9.995545128049714e-05	4.000193515738152
22:22025012:C:A	0.000191333	0.0249785	-4.87175	-3.89036	22	22025012	C	A	0.00010009561312282827	3.9995849558703043
22:46020484:T:TA	0.00567087	0.000159705	3.56977	3.88989	22	46020484	T	TA	0.00010028967178453955	3.9987437899899585
22:45796216:T:G	2.27815e-06	0.00171537	-6.62402	-3.88738	22	45796216	T	G	0.00010133205464552312	3.9942531513467356
22:23814970:CA:C	0.00964278	3.07936e-05	5.74666	3.88609	22	23814970	CA	C	0.00010187175167290682	3.9919462261344045
22:31759383:GT:G	4.39807e-05	5.50719e-07	4.38028	3.8842	22	31759383	GT	G	0.00010266737215960437	3.98856755389483
22:34788867:C:T	3.62118e-06	0.0038025	-6.95661	-3.87888	22	34788867	C	T	0.00010493850199336309	3.9790651396865626
22:28025312:A:C	1.96221e-06	0.000805082	-6.01687	-3.87805	22	28025312	A	C	0.00010529707943487771	3.9775836744261635
22:32317775:C:T	3.18871e-05	0.00936169	-5.68218	-3.87497	22	32317775	C	T	0.0001066378361640103	3.9720886759682066
22:34331546:T:C	6.2753e-06	0.00182045	-5.67022	-3.87497	22	34331546	T	C	0.0001066378361640103	3.9720886759682066
22:34331474:C:A	6.27672e-06	0.00182045	-5.66999	-3.87478	22	34331474	C	A	0.00010672107049433058	3.971749827098357
22:24469280:A:T	0.00133556	3.17251e-05	3.74	3.87425	22	24469280	A	T	0.00010695357459316522	3.9708046958970917
22:20120206:G:A	2.42206e-05	0.00626116	-5.55492	-3.87333	22	20120206	G	A	0.00010735830193416482	3.969164366273949
22:25375189:A:G	0.0022144	7.54476e-06	5.68189	3.86905	22	25375189	A	G	0.00010926023658039561	3.961537863445735
22:18098647:GA:G	0.0357502	0.0003848	4.53159	3.86904	22	18098647	GA	G	0.00010926471734818548	3.961520053372413
22:25370942:C:CAA	9.01725e-06	0.0066155	-6.59803	-3.8679	22	25370942	C	CAA	0.00010977666283765072	3.959489975715294
22:35289225:A:G	0.00126665	2.17469e-05	4.06466	3.86788	22	35289225	A	G	0.00010978566450367563	3.9594543651082095
22:41536866:C:CA	2.8775e-06	0.000739056	-5.54845	-3.86786	22	41536866	C	CA	0.0001097946668660748	3.95941875466631
22:34330498:T:C	6.38021e-06	0.00183087	-5.65935	-3.8657	22	34330498	T	C	0.00011077103173247716	3.955573799207044
22:20113869:C:CCT	2.73148e-06	0.00180532	-6.49365	-3.86386	22	20113869	C	CCT	0.00011160920472881336	3.9522999864192165
22:20108791:G:GCGCCTACCT	4.93963e-06	0.000932223	-5.24028	-3.86234	22	20108791	G	GCGCCTACCT	0.00011230611737564584	3.9495965868362424
22:30082797:CA:C	0.00452411	7.82139e-06	6.36031	3.86075	22	30082797	CA	C	0.00011303951630327468	3.94676970950405
22:22531537:T:TTTTA	0.00241607	5.85361e-05	3.72025	3.85994	22	22531537	T	TTTTA	0.00011341486925748791	3.9453300035282597
22:29085896:A:G	0.00667679	3.61018e-05	5.22005	3.85972	22	29085896	A	G	0.00011351701980552456	3.94493901905697
22:24468170:C:T	0.00130826	3.17251e-05	3.71935	3.85929	22	24468170	C	T	0.00011371692831706012	3.9441748798378016
22:48844860:C:T	7.92921e-05	0.0109431	-4.92732	-3.85766	22	48844860	C	T	0.00011447774017310542	3.9412789522744607
22:49869121:C:CA	0.000111867	3.75111e-06	3.39526	3.85759	22	49869121	C	CA	0.00011451052034610563	3.9411546118535608
22:48858812:C:T	0.000461094	0.0754304	-5.09736	-3.85335	22	48858812	C	T	0.00011651265336291044	3.93362690736515
22:24467478:C:T	0.00129645	3.17251e-05	3.71028	3.85271	22	24467478	C	T	0.0001168177145129802	3.932491294793044
22:38428747:C:T	6.72003e-05	0.0678611	-6.91754	-3.85056	22	38428747	C	T	0.00011784805399956194	3.9286775844950226
22:34489841:T:G	0.00176784	2.76092e-06	6.46195	3.84939	22	34489841	T	G	0.00011841234495234314	3.926603018346193
22:32316876:T:G	3.90699e-05	0.025303	-6.47332	-3.84897	22	32316876	T	G	0.0001186155316812276	3.925858440130175
22:45813361:G:A	3.09494e-06	0.000656528	-5.3572	-3.84785	22	45813361	G	A	0.00011915897143315248	3.923873254221966
22:22902289:G:A	2.91098e-06	0.000616618	-5.35576	-3.84684	22	22902289	G	A	0.00011965104997827348	3.9220834859534315
22:29855080:G:A	9.88142e-06	0.00332688	-5.81913	-3.84652	22	29855080	G	A	0.00011980735532888467	3.921516518501891
22:22532783:C:G	4.17046e-05	0.0109777	-5.57301	-3.84548	22	22532783	C	G	0.00012031667840381883	3.919674166203935
22:20112229:G:T	2.8031e-06	0.00180532	-6.46777	-3.8449	22	20112229	G	T	0.00012060161000484178	3.9186468944218094
22:22024587:T:A	0.000203802	0.0249756	-4.8085	-3.84479	22	22024587	T	A	0.00012065572047832844	3.918452082679547
22:42589304:G:A	1.20439e-05	0.00336859	-5.63369	-3.84382	22	42589304	G	A	0.00012113386836524903	3.9167344135234137
22:20109722:A:G	0.00102235	3.45184e-06	5.69096	3.84377	22	20109722	A	G	0.00012115856351683201	3.9166458844016736
22:31269036:TTTTG:T	0.000974888	1.53507e-06	6.45375	3.84348	22	31269036	TTTTG	T	0.00012130188902541814	3.9161324358446614
22:46397278:CTTTT:C	0.000106866	0.00985061	-4.52371	-3.84233	22	46397278	CTTTT	C	0.00012187182412094708	3.9140966885013575
22:34787170:T:A	3.07305e-06	0.00306008	-6.90352	-3.8404	22	34787170	T	A	0.00012283400149253908	3.9106814001604113
22:46352413:T:C	4.73261e-05	0.0066781	-4.94953	-3.83957	22	46352413	T	C	0.0001232499858351371	3.909213121963285
22:49595555:ATGG:A	0.00566543	1.0107e-05	6.32891	3.83715	22	49595555	ATGG	A	0.00012447044978446088	3.9049337410888154
22:25373253:C:A	7.58941e-06	0.00533752	-6.55576	-3.83622	22	25373253	C	A	0.00012494249421436676	3.903289828526671
22:25373257:C:A	7.58941e-06	0.00533752	-6.55576	-3.83622	22	25373257	C	A	0.00012494249421436676	3.903289828526671
22:26702399:TACACACACA:T	0.0112293	3.60647e-05	5.74097	3.83546	22	26702399	TACACACACA	T	0.00012532950340333817	3.9019466811447456
22:29552513:C:T	5.52955e-07	0.000165273	-5.70008	-3.83346	22	29552513	C	T	0.0001263533550552502	3.8984132217880982
22:43657126:C:CA	7.4519e-06	0.00210019	-5.64131	-3.83323	22	43657126	C	CA	0.00012647160213375008	3.8980069797935646
22:29088309:T:TACACAC	3.30332e-05	0.0209134	-6.45063	-3.83234	22	29088309	T	TACACAC	0.0001269301503343031	3.8964352055763998
22:34331843:G:C	0.000788042	2.10516e-06	5.92516	3.82792	22	34331843	G	C	0.00012923074316330748	3.888634158183609
22:22532432:A:G	0.00862515	0.00015577	4.01406	3.82523	22	22532432	A	G	0.00013065005356061856	3.883890407895505
22:32317293:A:T	3.05353e-05	0.0191222	-6.43972	-3.82435	22	32317293	A	T	0.00013111754311341653	3.8823391971913908
22:46386352:A:G	8.86106e-05	0.0104776	-4.77275	-3.81903	22	46386352	A	G	0.00013397746995849212	3.872968227720023
22:42903704:T:C	1.75001e-06	0.000478612	-5.61127	-3.81772	22	42903704	T	C	0.0001346906639728126	3.8706625061746243
22:40345574:C:CAAAAA	9.71436e-06	0.00284902	-5.68113	-3.8174	22	40345574	C	CAAAAA	0.00013486542208526842	3.870099384075244
22:46294651:G:C	1.70043e-05	0.00200534	-4.77011	-3.81713	22	46294651	G	C	0.00013501304038500677	3.869624282662474
22:48858700:A:G	0.055093	0.000568675	4.57347	3.81568	22	48858700	A	G	0.0001358084127495617	3.8670733265389696
22:43852721:C:T	5.18659e-06	0.00125247	-5.48679	-3.81567	22	43852721	C	T	0.00013581391337150555	3.8670557367495606
22:46033113:G:A	0.0131234	0.000306787	3.756	3.81554	22	46033113	G	A	0.00013588544055944524	3.8668270732411907
22:43845405:C:T	1.32162e-05	0.00356241	-5.59675	-3.81231	22	43845405	C	T	0.00013767405273686995	3.8611479029895204
22:30617934:G:T	8.49495e-07	0.000813588	-6.86457	-3.81216	22	30617934	G	T	0.0001377576517224251	3.860884269002246
22:34509172:C:T	2.46261e-06	0.00166781	-6.51804	-3.80795	22	34509172	C	T	0.0001401235955044243	3.853488727422735
22:40626870:A:AACACAC	5.40215e-06	0.00365038	-6.51579	-3.80626	22	40626870	A	AACACAC	0.00014108406776306895	3.850522027161716
22:48857655:T:C	0.0441751	0.00046242	4.55944	3.80509	22	48857655	T	C	0.00014175263877746458	3.8484688478084235
22:42905737:C:T	2.74947e-06	0.00185326	-6.51329	-3.80439	22	42905737	C	T	0.0001421540640128122	3.847240719841923
22:29088311:T:TACAC	3.99401e-05	0.0106499	-5.58593	-3.80308	22	29088311	T	TACAC	0.00014290818086355977	3.8449429090522402
22:30835718:C:CT	6.84307e-06	0.0019695	-5.6623	-3.80145	22	30835718	C	CT	0.00014385177029271513	3.842084789153379
22:19362067:G:C	1.44295e-06	0.000421241	-5.67652	-3.79692	22	19362067	G	C	0.00014650504341968336	3.8341474245137146
22:46296342:G:C	1.63854e-05	0.00217281	-4.88739	-3.79575	22	46296342	G	C	0.00014719777597595204	3.8320987517421914
22:38433769:G:C	2.30634e-05	0.00613162	-5.58297	-3.79487	22	38433769	G	C	0.00014772083654506066	3.830558241598672
22:25049557:C:G	1.03835e-05	0.00233036	-5.41356	-3.79349	22	25049557	C	G	0.00014854461599088378	3.8281430846063564
22:49867412:G:C	4.25518e-06	0.000726826	-5.14055	-3.7864	22	49867412	G	C	0.00015284556503133577	3.8157471582487306
22:41536770:A:G	0.000749728	3.12418e-06	5.48054	3.78579	22	41536770	A	G	0.00015322103009063193	3.814681622265411
22:25787310:C:CACACAG	6.96478e-05	0.0154674	-5.40304	-3.78449	22	25787310	C	CACACAG	0.00015402410018314677	3.8124113196982314
22:29857168:G:A	4.75758e-06	0.00436319	-6.82122	-3.78074	22	29857168	G	A	0.00015636290361564125	3.8058662734371422
22:46312010:G:A	1.7212e-05	0.00223384	-4.86587	-3.78058	22	46312010	G	A	0.00015646343226327394	3.805587147075736
22:23816386:G:A	4.70858e-05	0.0123806	-5.57191	-3.77812	22	23816386	G	A	0.00015801673803293663	3.8012969076637466
22:32316735:A:G	0.00479197	6.41141e-05	4.31403	3.77754	22	32316735	A	G	0.0001583850728897635	3.8002857512003323
22:31312922:ATAGGTAGGT:A	0.000223008	8.23398e-07	5.60152	3.77581	22	31312922	ATAGGTAGGT	A	0.00015948853207680325	3.7972705391573784
22:25049762:A:ATTTC	1.06263e-05	0.00233036	-5.39045	-3.77372	22	25049762	A	ATTTC	0.00016083126227305544	3.7936295295114046
22:25163440:AT:A	0.0016979	1.41571e-05	4.78693	3.77359	22	25163440	AT	A	0.0001609151318013389	3.793403114702542
22:43857372:CA:C	0.000885992	1.53984e-06	6.35503	3.77227	22	43857372	CA	C	0.00016176906375437532	3.7911045279979185
22:32962995:G:A	2.09368e-06	0.000420301	-5.30205	-3.7711	22	32962995	G	A	0.00016252952096009412	3.789067744681105
22:29853738:C:T	1.20104e-05	0.00368622	-5.72659	-3.76972	22	29853738	C	T	0.00016343079374445826	3.7866661100233765
22:29853811:C:T	1.20104e-05	0.00368622	-5.72659	-3.76972	22	29853811	C	T	0.00016343079374445826	3.7866661100233765
22:22024669:C:T	0.000197881	0.0252851	-4.85031	-3.76961	22	22024669	C	T	0.00016350283631434148	3.7864747091505864
22:20695740:A:G	1.39405e-05	0.0089571	-6.4654	-3.76849	22	20695740	A	G	0.00016423806356029606	3.7845261841320808
22:29856412:T:C	0.00211674	1.2534e-05	5.12919	3.76674	22	29856412	T	C	0.00016539308626771832	3.7814826487044844
22:34489040:G:A	2.76092e-06	0.00176784	-6.46195	-3.7659	22	34489040	G	A	0.00016595020759257304	3.7800221999817856
22:25370201:C:T	1.18433e-05	0.00369837	-5.74388	-3.76445	22	25370201	C	T	0.00016691606143966434	3.7775018714753106
22:49865863:C:CT	0.000379395	8.0433e-06	3.85374	3.76385	22	49865863	C	CT	0.00016731726990978704	3.7764592303499995
22:41911759:C:T	1.654e-05	0.00123866	-4.31601	-3.75986	22	41911759	C	T	0.00017000847036682283	3.7695294401397925
22:26483125:G:A	1.49629e-05	0.00407929	-5.6081	-3.75554	22	26483125	G	A	0.00017296813181422058	3.7620339052650347
22:22471024:A:T	0.00125833	4.15243e-05	3.41126	3.75432	22	22471024	A	T	0.00017381269641059905	3.7599185030330964
22:30408873:G:A	2.65647e-05	0.00594812	-5.41125	-3.75172	22	30408873	G	A	0.00017562554514932884	3.7554123146797966
22:29855483:C:T	1.13234e-05	0.00337308	-5.69671	-3.74493	22	29855483	C	T	0.0001804440793973747	3.7436573631319487
22:29855272:T:C	0.0020763	1.26467e-05	5.10094	3.74441	22	29855272	T	C	0.00018081817679321016	3.7427579141029157
22:35172852:GGCT:G	0.00533559	3.68185e-05	4.97615	3.74374	22	35172852	GGCT	G	0.00018130126201436483	3.741599172826901
22:47728261:G:A	2.71716e-05	0.00558147	-5.32504	-3.74106	22	47728261	G	A	0.00018324576368346964	3.7369660566877028
22:20697571:G:A	1.41958e-05	0.00274506	-5.26461	-3.74025	22	20697571	G	A	0.000183837315105542	3.735566331363375
22:30837261:C:CA	4.94193e-06	0.00146187	-5.68972	-3.73913	22	30837261	C	CA	0.00018465822054149414	3.7336313538329806
22:26042529:A:G	0.000402599	0.0480084	-4.78119	-3.73829	22	26042529	A	G	0.0001852761596778065	3.7321804597230717
22:23815497:G:A	2.45399e-05	0.00661112	-5.59621	-3.73572	22	23815497	G	A	0.00018717885259643245	3.727743219270298
22:35894978:T:TA	2.89168e-06	0.000850102	-5.68352	-3.73398	22	35894978	T	TA	0.00018847746772618514	3.7247405617822764
22:47191259:A:G	0.0853168	0.00176905	3.87593	3.73377	22	47191259	A	G	0.00018863476857764553	3.724378256403806
22:34261803:A:C	4.84075e-05	0.00716816	-4.99775	-3.7326	22	34261803	A	C	0.00018951342027454104	3.7223600303143343
22:33805592:G:A	2.52302e-05	0.00621322	-5.50639	-3.73024	22	33805592	G	A	0.0001912974611324032	3.7182907938174736
22:47689131:A:G	1.91361e-05	0.00396206	-5.33294	-3.72916	22	47689131	A	G	0.0001921191401497206	3.716429365761304
22:38884737:A:G	0.000192289	0.0357645	-5.22571	-3.71604	22	38884737	A	G	0.0002023695587781173	3.693854815196727
22:20697977:G:C	1.46585e-05	0.0027359	-5.22919	-3.71106	22	20697977	G	C	0.00020639317168910307	3.6853046750041187
22:33940618:A:G	0.000217101	0.0401025	-5.21883	-3.71012	22	33940618	A	G	0.00020716102997891164	3.683691938390551
22:19423524:CAT:C	0.00222446	7.61796e-06	5.67676	3.70883	22	19423524	CAT	C	0.0002082191615051865	3.6814793067512794
22:49601511:T:C	4.1798e-06	0.00346784	-6.72102	-3.70812	22	49601511	T	C	0.0002088037076652719	3.680261793963491
22:34751782:C:CT	3.46102e-05	0.00639689	-5.21942	-3.703	22	34751782	C	CT	0.00021306488211354974	3.6714881258894017
22:26041843:T:C	0.000143425	0.0388559	-5.6018	-3.70232	22	26041843	T	C	0.00021363692355084538	3.6703236846558664
22:31113436:TAA:T	0.0173917	0.000112618	5.03975	3.69603	22	31113436	TAA	T	0.00021899710628160772	3.65956162367236
22:42834621:T:C	0.00204856	1.93151e-05	4.66401	3.69456	22	42834621	T	C	0.00022026787867332622	3.6570488307295697
22:20559470:G:A	0.000303562	0.0648399	-5.36409	-3.68773	22	20559470	G	A	0.00022626354801731733	3.645385407026606
22:23315793:G:A	0.00729728	9.81878e-05	4.30838	3.68671	22	23315793	G	A	0.00022717198608389306	3.643645225070611
22:30835720:CT:C	0.00198324	4.32597e-06	6.12785	3.68604	22	30835720	CT	C	0.0002277705669041373	3.6425023972761683
22:46217340:T:A	0.000271495	0.0199085	-4.29496	-3.68466	22	46217340	T	A	0.00022900813236610609	3.6401490950443307
22:29855347:G:A	5.66033e-06	0.00323973	-6.34976	-3.68182	22	29855347	G	A	0.0002315748906967846	3.635308532263282
22:26499770:T:A	1.67669e-05	0.00956221	-6.34617	-3.67912	22	26499770	T	A	0.00023404013225940165	3.630709665135272
22:49872129:A:G	8.12185e-07	0.000211878	-5.56404	-3.67578	22	49872129	A	G	0.00023712380490265408	3.6250248449298095
22:49872136:A:C	8.12185e-07	0.000211878	-5.56404	-3.67578	22	49872136	A	C	0.00023712380490265408	3.6250248449298095
22:33094084:T:C	0.00019182	0.0518328	-5.59922	-3.67576	22	33094084	T	C	0.0002371423843066222	3.624990817909507
22:25048371:T:A	0.00229218	1.0257e-05	5.4093	3.67282	22	25048371	T	A	0.00023988846449183782	3.6199906354335534
22:29449349:CA:C	0.00806392	5.53198e-05	4.98202	3.6727	22	29449349	CA	C	0.00024000118063690544	3.6197866218599275
22:25048958:C:T	0.00229218	1.02816e-05	5.4069	3.67108	22	25048958	C	T	0.000241527720053674	3.6170330182230885
22:25048907:A:G	0.00229218	1.02816e-05	5.4069	3.67108	22	25048907	A	G	0.000241527720053674	3.6170330182230885
22:20110645:G:C	0.00122922	3.24533e-06	5.93691	3.66816	22	20110645	G	C	0.00024430229204850377	3.6120724584487984
22:22022808:A:C	0.000352493	0.0233372	-4.19277	-3.66622	22	22022808	A	C	0.00024616217322756545	3.608778682601623
22:46384895:TA:T	0.000209166	0.0149733	-4.2709	-3.66564	22	46384895	TA	T	0.0002467207939901478	3.6077942459922
22:31164586:CTTTTTTTTT:C	0.00587803	2.50927e-05	5.4564	3.66554	22	31164586	CTTTTTTTTT	C	0.0002468172280149236	3.607624529522573
22:34328469:T:TATG	7.74516e-06	0.00174191	-5.41567	-3.65785	22	34328469	T	TATG	0.0002543398154037763	3.5945856482527843
22:30836054:C:A	4.4399e-06	0.00245391	-6.31481	-3.65562	22	30836054	C	A	0.0002565611599081531	3.5908090896380362
22:29246376:G:A	0.000303332	0.052804	-5.15952	-3.65363	22	29246376	G	A	0.00025855878427625444	3.587440702920342
22:49865042:C:T	9.65593e-06	0.001038	-4.67748	-3.65357	22	49865042	C	T	0.000258619240045476	3.5873391688030476
22:38485698:T:A	0.000180205	0.0186234	-4.63808	-3.6509	22	38485698	T	A	0.0002613229795493775	3.5828223987201087
22:29855826:C:T	7.44951e-06	0.00202238	-5.60388	-3.64891	22	29855826	C	T	0.0002633553388671772	3.5794578729888538
22:38435807:T:C	2.99508e-05	0.0162775	-6.29798	-3.64301	22	38435807	T	C	0.00026946836512448753	3.56949221251172
22:46302026:A:G	2.32138e-05	0.00161928	-4.24499	-3.64221	22	46302026	A	G	0.00027030741669827074	3.5681420379603823
22:17657368:TACTTA:T	0.00222687	6.534e-05	3.52875	3.63902	22	17657368	TACTTA	T	0.0002736775464640659	3.5627608322821205
22:20109813:A:G	0.00122959	3.38604e-06	5.89477	3.6379	22	20109813	A	G	0.00027487010098846713	3.5608724979954482
22:23316582:A:G	8.91575e-05	0.0144855	-5.0905	-3.63771	22	23316582	A	G	0.00027507289189028673	3.5605522067115416
22:49222752:C:T	0.000148847	0.0252097	-5.13206	-3.63543	22	49222752	C	T	0.00027751734478931376	3.5567098683579315
22:33235658:G:A	9.08606e-05	0.0198743	-5.38786	-3.63413	22	33235658	G	A	0.00027892020930167326	3.5545200175724982
22:34488885:C:G	0.000119687	4.78579e-06	3.21923	3.63269	22	34488885	C	G	0.00028048190775338495	3.552095147300087
22:34638782:C:T	0.000850069	2.14206e-05	3.68097	3.63254	22	34638782	C	T	0.0002806450550352823	3.5518426056438814
22:21845681:C:T	5.77425e-06	0.00153194	-5.58088	-3.62992	22	21845681	C	T	0.0002835090745790255	3.5474330356193176
22:41698439:A:G	5.17531e-08	1.3706e-05	-5.5791	-3.62846	22	41698439	A	G	0.00028511691417976317	3.54497701798677
22:29856587:C:T	5.14448e-06	0.00381687	-6.60926	-3.62711	22	29856587	C	T	0.00028661121353627675	3.5427068220277933
22:29856580:G:C	5.14448e-06	0.00381687	-6.60926	-3.62711	22	29856580	G	C	0.00028661121353627675	3.5427068220277933
22:29856468:T:C	5.14448e-06	0.00381687	-6.60926	-3.62711	22	29856468	T	C	0.00028661121353627675	3.5427068220277933
22:38435414:C:T	2.94653e-05	0.0218484	-6.60867	-3.62668	22	38435414	C	T	0.0002870887142039327	3.5419838797964016
22:20105473:C:T	7.28467e-06	0.00348181	-6.16953	-3.62639	22	20105473	C	T	0.00028741117025100107	3.5414963569947666
22:47689841:CT:C	3.78353e-05	0.00250696	-4.19359	-3.62546	22	47689841	CT	C	0.0002884475437700169	3.5399331548568864
22:46385465:G:T	0.012084	0.000499851	3.18532	3.62528	22	46385465	G	T	0.0002886485361456506	3.5396306406440554
22:20105254:C:A	7.29791e-06	0.00348181	-6.16772	-3.62506	22	20105254	C	A	0.0002888943716750674	3.5392609191259354
22:49873643:GA:G	1.39436e-06	8.82188e-05	-4.14738	-3.62451	22	49873643	GA	G	0.00028950981890671715	3.538336702317576
22:23811036:CAAAAA:C	0.000943118	1.3768e-05	4.22685	3.62011	22	23811036	CAAAAA	C	0.0002944777991950375	3.5309474412861337
22:29857101:G:T	7.62396e-06	0.00199558	-5.56739	-3.61879	22	29857101	G	T	0.00029598369417146135	3.528732213692465
22:19413597:CTATT:C	0.000694249	1.49378e-06	6.14152	3.61825	22	19413597	CTATT	C	0.0002966018185627675	3.527826190497948
22:49997051:A:G	7.24463e-06	0.000937804	-4.86328	-3.61665	22	49997051	A	G	0.0002984404041869074	3.525142380503828
22:32965162:A:C	4.0215e-06	0.00104377	-5.55894	-3.61182	22	32965162	A	C	0.000304055590684081	3.5170470067853525
22:29240013:G:A	0.0207845	0.000630989	3.49467	3.60904	22	29240013	G	A	0.0003073322235738319	3.5123919018763297
22:47726228:C:T	3.25661e-05	0.0056607	-5.15803	-3.60895	22	47726228	C	T	0.000307438852107433	3.512241250077465
22:45216027:C:CAA	6.27959e-05	0.0143154	-5.4292	-3.60848	22	45216027	C	CAA	0.0003079962530221494	3.511454566946643
22:17069528:G:A	2.06768e-05	0.00338134	-5.09702	-3.60527	22	17069528	G	A	0.0003118285577805793	3.5060841139111814
22:46356183:G:C	0.00688081	0.000291752	3.16059	3.60475	22	46356183	G	C	0.00031245355320139737	3.5052145322000112
22:32319167:C:G	3.11134e-05	0.00702185	-5.41914	-3.60081	22	32319167	C	G	0.00031722734318052946	3.4986293860434983
22:31702215:C:CTGT	0.00159154	3.86659e-05	3.7175	3.59819	22	31702215	C	CTGT	0.0003204394965339098	3.494253959287041
22:41800680:G:C	4.08567e-06	0.00100393	-5.50419	-3.59815	22	41800680	G	C	0.00032048877216728325	3.4941871807199107
22:19363174:C:T	3.40359e-06	0.00156498	-6.1308	-3.598	22	19363174	C	T	0.0003206736189681924	3.4939367669434125
22:26706378:GCT:G	0.0300113	7.36407e-05	6.01013	3.59757	22	26706378	GCT	G	0.00032120406635362443	3.4932189653119057
22:29675814:G:GAC	7.7842e-07	0.000162777	-5.34287	-3.59605	22	29675814	G	GAC	0.0003230857262714263	3.490682228421501
22:31508184:A:G	5.97388e-06	0.00304893	-6.23515	-3.59591	22	31508184	A	G	0.0003232595549622053	3.490448629305939
22:27366253:T:C	0.000107641	0.054874	-6.234	-3.59505	22	27366253	T	C	0.00032432928165544467	3.4890138398336554
22:21845237:A:AT	2.45305e-06	0.00112251	-6.12599	-3.59448	22	21845237	A	AT	0.000325040111260648	3.488063042023396
22:46277503:A:G	0.000108156	0.00636729	-4.07535	-3.59359	22	46277503	A	G	0.0003261529194410436	3.486578729692587
22:26702400:T:TAC	2.66895e-05	0.00412068	-5.0395	-3.59304	22	26702400	T	TAC	0.0003268423913878295	3.4856616205856015
22:25372126:G:A	5.93802e-07	6.46359e-05	-4.68998	-3.59302	22	25372126	G	A	0.0003268674887791593	3.4856282735033535
22:38720386:AT:A	4.06647e-06	0.000265555	-4.17905	-3.59301	22	38720386	AT	A	0.0003268800381511564	3.485611600023804
22:34328483:ATG:A	0.00174191	7.73383e-06	5.41713	3.59038	22	34328483	ATG	A	0.00033019622212278733	3.481227899942434
22:34328489:GCATACTA:G	0.00174191	7.73383e-06	5.41713	3.59038	22	34328489	GCATACTA	G	0.00033019622212278733	3.481227899942434
22:30831741:C:T	1.00299e-05	0.00208326	-5.33612	-3.59	22	30831741	C	T	0.00033067796144021903	3.4805947483697555
22:30832487:T:C	9.99381e-06	0.00207397	-5.33525	-3.58926	22	30832487	T	C	0.0003316179734159025	3.4793619390873523
22:42916609:C:T	0.00202064	3.53843e-05	4.0449	3.58819	22	42916609	C	T	0.0003329816024846088	3.4775797609685646
22:41798958:A:G	3.86512e-06	0.000937045	-5.49074	-3.58717	22	41798958	A	G	0.000334286393879137	3.475881299696587
22:29240394:AAG:A	0.0476063	0.000404574	4.76789	3.58505	22	29240394	AAG	A	0.00033701363295513583	3.4723525305902854
22:38884672:G:A	0.0356002	0.000192716	5.21889	3.58254	22	38884672	G	A	0.00034026949307815375	3.468176985907776
22:30839854:C:T	2.87873e-06	0.000588223	-5.31976	-3.58237	22	30839854	C	T	0.00034049107014579033	3.467894273581629
22:38607490:G:A	4.99619e-08	8.56945e-06	-5.1447	-3.58098	22	38607490	G	A	0.0003423078592651775	3.465583129502746
22:41994883:C:CTGTG	4.81615e-06	0.000987001	-5.3227	-3.5795	22	41994883	C	CTGTG	0.0003442522484110302	3.4631232145588684
22:29755741:C:CACTT	0.0133	5.45695e-05	5.49605	3.57864	22	29755741	C	CACTT	0.00034538683729447734	3.4616942174324334
22:30828266:A:G	1.11063e-05	0.00767241	-6.53787	-3.57537	22	30828266	A	G	0.0003497329281246121	3.456263475984763
22:26484955:G:T	1.80728e-05	0.00398097	-5.39487	-3.57491	22	26484955	G	T	0.00035034839277393577	3.4554998704952578
22:42915004:C:T	0.00118132	2.10274e-05	4.02857	3.57377	22	42915004	C	T	0.00035187804377974786	3.4536078310982727
22:48395591:T:C	0.000207538	0.0100443	-3.87944	-3.57324	22	48395591	T	C	0.0003525913223731114	3.4527283803289497
22:33094567:A:G	0.0607128	0.000292798	5.33443	3.57286	22	33094567	A	G	0.00035310356177553	3.4520979016618907
22:20565019:A:G	0.000271502	0.0610769	-5.41592	-3.57169	22	20565019	A	G	0.00035468509379236893	3.4501570630638674
22:33092805:G:A	0.000195879	0.0465498	-5.47078	-3.57087	22	33092805	G	A	0.0003557974638184252	3.4487971519620113
22:41799406:T:C	3.94622e-06	0.000937045	-5.46997	-3.57021	22	41799406	T	C	0.00035669515492408937	3.447702789747778
22:48394159:A:C	0.000119506	0.0100019	-4.42717	-3.57008	22	48394159	A	C	0.0003568722223725175	3.4474872546215876
22:47728207:C:CT	2.81253e-05	0.00465207	-5.1084	-3.56639	22	47728207	C	CT	0.0003619326274399017	3.4413722644231766
22:18096995:C:A	0.000360337	0.0380471	-4.65954	-3.56624	22	18096995	C	A	0.00036213974734801625	3.441123805736526
22:48394220:A:C	0.000120546	0.00999287	-4.4176	-3.56318	22	48394220	A	C	0.0003663892617488996	3.4360572632562016
22:49224336:CATGG:C	0.137844	0.000354557	5.96301	3.56215	22	49224336	CATGG	C	0.00036783011041915053	3.4343527224779304
22:41538957:G:C	5.68201e-06	0.00113949	-5.30103	-3.56172	22	41538957	G	C	0.00036843319578359635	3.433641246835272
22:48394254:T:G	0.000121619	0.00999287	-4.40874	-3.5568	22	48394254	T	G	0.00037539973343837606	3.4255060400958217
22:19363926:G:A	3.47965e-06	0.00167586	-6.17715	-3.55244	22	19363926	G	A	0.0003816760515929042	3.4183050891662847
22:49370625:G:A	0.000461985	0.111377	-5.48514	-3.55091	22	49370625	G	A	0.00038390167073221345	3.4157799978377863
22:25156557:CTT:C	0.00422497	1.10482e-05	5.9465	3.54975	22	25156557	CTT	C	0.0003855971458849559	3.4138661893205597
22:21848442:T:TAAAAAAAAA	1.06451e-05	0.0070872	-6.50095	-3.5486	22	21848442	T	TAAAAAAAAA	0.0003872849104612448	3.411969423827448
22:29241950:A:G	0.0261789	0.000661512	3.67818	3.54217	22	29241950	A	G	0.0003968496272814121	3.401374023244706
22:31317319:T:G	9.95336e-07	0.000264428	-5.58225	-3.54156	22	31317319	T	G	0.0003977683820339876	3.400369741206308
22:23996492:A:T	0.000128007	0.0271009	-5.35524	-3.54133	22	23996492	A	T	0.0003981153133822286	3.3999911170918766
22:48395311:T:G	0.00013582	0.0109161	-4.38666	-3.5409	22	48395311	T	G	0.0003987646826290905	3.3992833127939512
22:43360509:CAA:C	0.01608	0.000288707	4.01992	3.53934	22	43360509	CAA	C	0.0004011288505032698	3.3967161010106897
22:33096290:C:T	0.000232014	0.0527605	-5.42672	-3.53488	22	33096290	C	T	0.0004079603804808157	3.389382011846508
22:38434620:C:T	3.5161e-05	0.022968	-6.48192	-3.53481	22	38434620	C	T	0.0004080684629548025	3.389266967819094
22:34487850:T:C	0.00176784	4.27199e-06	6.02543	3.53451	22	34487850	T	C	0.0004085319765825002	3.3887739447378697
22:34487018:G:A	0.00176784	4.27229e-06	6.02536	3.53446	22	34487018	G	A	0.00040860927664973284	3.3886917778111183
22:34487444:C:T	0.00176784	4.27229e-06	6.02536	3.53446	22	34487444	C	T	0.00040860927664973284	3.3886917778111183
22:23996457:G:A	9.70913e-05	0.0108043	-4.71205	-3.53263	22	23996457	G	A	0.0004114478777554065	3.385685173421192
22:19334898:T:G	1.1121e-06	0.00046429	-6.03426	-3.52727	22	19334898	T	G	0.00041986836857906034	3.37688684236377
22:39739553:A:G	0.000193172	0.0452394	-5.45614	-3.52698	22	39739553	A	G	0.0004203285125894695	3.376411149037456
22:18101667:T:C	0.0315467	0.000575727	4.00359	3.52611	22	18101667	T	C	0.00042171177171670157	3.3749842758638384
22:20559591:G:A	0.000420695	0.0809982	-5.26028	-3.52531	22	20559591	G	A	0.00042298748463989884	3.373672482346567
22:46371480:A:T	0.00019514	0.0169721	-4.4656	-3.52518	22	46371480	A	T	0.00042319512804914016	3.3734593406740845
22:33800079:CCT:C	0.0064217	5.16682e-05	4.8226	3.52433	22	33800079	CCT	C	0.0004245551440101756	3.3720658927369844
22:23809952:C:T	8.97438e-06	0.00090263	-4.61094	-3.52347	22	23809952	C	T	0.00042593531277281904	3.3706563526319893
22:42597775:G:A	2.78402e-05	0.00533576	-5.2557	-3.52141	22	42597775	G	A	0.00042925835318079945	3.3672812449031433
22:19337785:G:A	9.92725e-07	0.00041108	-6.02609	-3.52129	22	19337785	G	A	0.0004294526724967963	3.36708469028679
22:28636718:ATTAT:A	0.00170054	4.61923e-06	5.90847	3.52117	22	28636718	ATTAT	A	0.00042964707394070454	3.3668881415713363
22:19372696:T:G	2.5148e-06	0.000291273	-4.75207	-3.52075	22	19372696	T	G	0.00043032812621248003	3.3662002675365925
22:30456799:T:C	1.56574e-05	0.00722355	-6.13416	-3.52021	22	30456799	T	C	0.000431205245928307	3.3653159642780484
22:41802379:AGGAGTCTCC:A	0.00101838	4.21125e-06	5.48821	3.51983	22	41802379	AGGAGTCTCC	A	0.0004318234785810674	3.3646937484283828
22:18097058:C:T	0.000370864	0.0371342	-4.60646	-3.51953	22	18097058	C	T	0.00043231214143552303	3.3642025671857465
22:33092418:C:T	0.00019959	0.0445386	-5.40785	-3.51947	22	33092418	C	T	0.00043240993593816613	3.3641043353627116
22:33945517:C:T	0.00043967	0.0650498	-4.99688	-3.51908	22	33945517	C	T	0.0004330461038080069	3.363465864469891
22:33940239:C:G	0.00028195	0.0325883	-4.74998	-3.51895	22	33940239	C	G	0.00043325835386627147	3.3632530546889514
22:23813922:C:T	1.90026e-05	0.00280008	-4.99283	-3.51558	22	23813922	C	T	0.00043879453818017306	3.3577387868698305
22:49870946:A:ATT	8.67821e-05	3.35692e-06	3.25238	3.51528	22	49870946	A	ATT	0.00043929056123201654	3.35724812805471
22:21848130:A:AC	8.6172e-06	0.00163898	-5.24807	-3.5149	22	21848130	A	AC	0.0004399196084947337	3.3566266798252054
22:25154908:C:T	6.31179e-06	0.00400578	-6.45307	-3.5139	22	25154908	C	T	0.00044157901617453463	3.354991572453074
22:21848439:T:TAAA	9.80135e-06	0.00620525	-6.45063	-3.51213	22	21848439	T	TAAA	0.0004445304991815369	3.3520984367818594
22:19364886:C:G	3.78639e-06	0.0015456	-6.01175	-3.51078	22	19364886	C	G	0.0004467939968790548	3.34989267069478
22:27990632:A:G	2.55835e-06	0.000479985	-5.23439	-3.51011	22	27990632	A	G	0.0004479213522640448	3.3487982343862503
22:33096567:GTTTT:G	0.056197	0.00023596	5.47296	3.50908	22	33096567	GTTTT	G	0.00044965962979264825	3.3471161014142563
22:46368276:C:A	0.000282583	0.0165745	-4.07165	-3.5081	22	46368276	C	A	0.00045131936782415063	3.3455160288581585
22:44859847:G:C	6.16775e-05	0.00991442	-5.07983	-3.50805	22	44859847	G	C	0.00045140420143597633	3.3454344030518564
22:42589843:C:CAA	1.78463e-05	0.00336697	-5.23997	-3.50799	22	42589843	C	CAA	0.0004515060214137362	3.345336453436143
22:19347290:C:G	9.80874e-07	0.000215709	-5.39324	-3.50754	22	19347290	C	G	0.00045227035471854464	3.3446018783254887
22:29084966:T:C	3.5909e-05	0.00673179	-5.23361	-3.50639	22	29084966	T	C	0.00045422914040929926	3.3427250076922363
22:31112209:G:A	0.000113706	0.0158988	-4.94038	-3.50623	22	31112209	G	A	0.0004545022936190291	3.342463920794985
22:31016184:G:T	2.45634e-05	0.00462401	-5.23776	-3.5061	22	31016184	G	T	0.00045472434346346003	3.342251795412538
22:41802892:C:T	4.6713e-06	0.00101838	-5.38453	-3.50042	22	41802892	C	T	0.0004645256431591227	3.33299030669701
22:33096568:GTT:G	0.0951841	0.000241405	5.97709	3.49964	22	33096568	GTT	G	0.0004658868856130772	3.3317195144627805
22:31512782:G:C	3.92789e-06	0.00175251	-6.1007	-3.49514	22	31512782	G	C	0.00047381315430146436	3.324392886286878
22:42607301:C:T	5.12598e-05	0.00952342	-5.2246	-3.49488	22	42607301	C	T	0.00047427493871227	3.3239698234116477
22:34511572:G:C	3.74531e-06	0.00166781	-6.09876	-3.49368	22	34511572	G	C	0.0004764116968607123	3.3220175842595756
22:29085970:C:CAA	3.61018e-05	0.00664682	-5.21555	-3.49157	22	29085970	C	CAA	0.0004801906206447172	3.318586327082042
22:31318106:CA:C	1.589e-06	0.00022752	-4.96413	-3.49089	22	31318106	CA	C	0.0004814144175027341	3.3174809075214795
22:22028389:T:C	0.000499771	0.0256759	-3.93916	-3.49052	22	22028389	T	C	0.0004820815284016021	3.316879508772009
22:48393096:AC:A	0.000126893	0.00948806	-4.31445	-3.48887	22	48393096	AC	A	0.00048506699152712276	3.3141982778071926
22:23816510:G:C	4.86009e-05	0.0088757	-5.20743	-3.4887	22	23816510	G	C	0.00048537556253514343	3.3139220931118407
22:35182334:AT:A	0.00244341	3.90134e-05	4.13724	3.48529	22	35182334	AT	A	0.0004916039318994196	3.3083846522392193
22:30350415:A:G	1.04031e-05	0.00231484	-5.40499	-3.48477	22	30350415	A	G	0.0004925602358601154	3.307540651456687
22:25156014:CTTTTTTTTT:C	0.00382162	1.0977e-05	5.85262	3.4792	22	25156014	CTTTTTTTTT	C	0.0005029131039393081	3.2985070482239927
22:29667935:A:G	1.48907e-05	0.00581147	-5.96685	-3.47789	22	29667935	A	G	0.0005053772718742255	3.2963842933254037
22:34332241:C:G	2.30448e-06	0.000488225	-5.35592	-3.47706	22	34332241	C	G	0.0005069443588692249	3.295039705286276
22:41803273:A:G	4.80732e-06	0.00101838	-5.35583	-3.47698	22	41803273	A	G	0.0005070956425150282	3.294910121338952
22:19340899:A:T	1.16124e-06	0.000244784	-5.35089	-3.47295	22	19340899	A	T	0.0005147712460082673	3.2883857198265156
22:49805730:G:T	0.00123656	3.52576e-05	3.55741	3.47107	22	49805730	G	T	0.0005183888452435002	3.2853443522403105
22:19340221:A:G	1.16584e-06	0.000244784	-5.34693	-3.46972	22	19340221	A	G	0.0005210011911421852	3.283161283790904
22:29861005:C:T	7.63186e-06	0.00293222	-5.95118	-3.46641	22	29861005	C	T	0.0005274582874429214	3.2778118796315105
22:47188064:T:A	0.000731698	0.0529957	-4.2826	-3.46593	22	47188064	T	A	0.0005284008317246909	3.277036507459555
22:49804834:G:C	0.00125435	3.60369e-05	3.54983	3.46505	22	49804834	G	C	0.0005301329072932926	3.275615236686004
22:29083102:T:G	2.05889e-05	0.00285499	-4.93207	-3.46329	22	29083102	T	G	0.0005336129419784343	3.272773645805041
22:49869722:C:T	2.24799e-06	0.000432658	-5.25991	-3.46205	22	49869722	C	T	0.000536077553618966	3.270772376963292
22:42258321:C:G	1.31554e-05	0.00559261	-6.05237	-3.45891	22	42258321	C	G	0.0005423661023627457	3.2657074615024326
22:41538569:C:T	5.68272e-06	0.00100502	-5.17533	-3.45857	22	41538569	C	T	0.0005430511363153989	3.265159273221552
22:42459271:T:C	0.000344018	0.0602502	-5.16557	-3.45788	22	42459271	T	C	0.0005444438308531886	3.264046918862856
22:34329116:CT:C	0.00121425	7.02427e-06	5.15251	3.457	22	34329116	CT	C	0.0005462248490678636	3.2626285466576963
22:20554919:C:T	0.000957439	0.405401	-6.04837	-3.45591	22	20554919	C	T	0.0005484384079650165	3.2608721385229726
22:42459950:G:C	0.000341529	0.0596349	-5.16256	-3.45546	22	42459950	G	C	0.000549354697308362	3.2601471576570145
22:49393176:C:T	0.00071847	0.0947871	-4.88226	-3.45533	22	49393176	C	T	0.0005496196684926356	3.259937734163611
22:31514149:A:G	3.39618e-06	0.0014336	-6.0453	-3.45361	22	31514149	A	G	0.0005531366675111813	3.257167551131375
22:18086488:T:A	0.000462283	0.0630104	-4.91488	-3.45201	22	18086488	T	A	0.000556427104148676	3.254591723224368
22:29464468:A:G	2.16994e-05	0.00463925	-5.36502	-3.45178	22	29464468	A	G	0.0005569016003981273	3.254221534053001
22:49865219:C:T	8.00085e-06	0.00112942	-4.94991	-3.4515	22	49865219	C	T	0.0005574797566825271	3.253770898182389
22:40701141:CT:C	6.99447e-05	0.00647735	-4.52836	-3.45081	22	40701141	CT	C	0.0005589068861256817	3.2526605395378576
22:31525717:CATAGATAGA:C	0.000854607	1.08993e-05	4.36194	3.44995	22	31525717	CATAGATAGA	C	0.0005606903907175691	3.251276886908632
22:17271245:T:G	0.000750783	0.0511507	-4.22141	-3.44976	22	17271245	T	G	0.0005610851350337014	3.250971237014514
22:30051817:T:A	7.48479e-06	0.00156062	-5.33996	-3.44891	22	30051817	T	A	0.0005628542676050913	3.249604036707725
22:29807844:G:A	1.00966e-05	0.00191535	-5.24545	-3.44833	22	29807844	G	A	0.000564064420790829	3.2486712931863733
22:46445166:A:G	0.143817	0.00515681	3.32822	3.44668	22	46445166	A	G	0.0005675203628535317	3.2460185511986825
22:29017797:A:G	1.78336e-05	0.00251817	-4.95021	-3.44455	22	29017797	A	G	0.0005720108293683641	3.2425957490209574
22:34488152:G:C	4.24688e-06	0.00176784	-6.03133	-3.44314	22	34488152	G	C	0.0005750015678428328	3.2403309711285218
22:47650140:A:G	0.000161466	0.0148161	-4.51918	-3.44273	22	47650140	A	G	0.0005758739437829116	3.2396725712830867
22:29690155:C:T	7.86135e-05	0.012214	-5.04579	-3.44239	22	29690155	C	T	0.0005765983120501099	3.239126633311661
22:34487655:T:C	4.27229e-06	0.00176784	-6.02536	-3.43867	22	34487655	T	C	0.0005845793662095408	3.233156517920569
22:34487512:C:T	4.27229e-06	0.00176784	-6.02536	-3.43867	22	34487512	C	T	0.0005845793662095408	3.233156517920569
22:34487137:A:G	4.27229e-06	0.00176784	-6.02536	-3.43867	22	34487137	A	G	0.0005845793662095408	3.233156517920569
22:45163860:G:T	3.49994e-05	0.00729734	-5.33994	-3.43108	22	45163860	G	T	0.0006011832777810662	3.2209931080392384
22:31312760:CAA:C	0.000163129	8.96949e-07	5.2033	3.42855	22	31312760	CAA	C	0.000606814748475726	3.216943872341824
22:40626866:A:AACAC	1.71904e-06	0.000219758	-4.85076	-3.42773	22	40626866	A	AACAC	0.00060865047689056	3.2156320333679393
22:46018784:A:G	0.00012978	0.0138253	-4.66841	-3.42685	22	46018784	A	G	0.0006106262752109278	3.214224511970534
22:19366234:C:T	1.70683e-06	0.000304645	-5.18451	-3.42204	22	19366234	C	T	0.0006215316914895237	3.206536722069604
22:34507657:G:A	5.03547e-07	6.6523e-05	-4.88363	-3.42159	22	34507657	G	A	0.0006225611648524584	3.2058179739463313
22:25459716:G:GGTGT	2.29201e-05	0.00301034	-4.8778	-3.42145	22	25459716	G	GGTGT	0.0006228817688799616	3.2055943803005285
22:34486981:T:A	0.00176784	4.99735e-06	5.8686	3.42138	22	34486981	T	A	0.0006230421284921617	3.205482586481933
22:33806971:T:C	2.6839e-05	0.0044913	-5.12004	-3.42113	22	33806971	T	C	0.0006236151550042536	3.205083339193995
22:33806983:C:A	2.6839e-05	0.0044913	-5.12004	-3.42113	22	33806983	C	A	0.0006236151550042536	3.205083339193995
22:19368669:T:C	4.03338e-06	0.00162977	-6.00159	-3.42085	22	19368669	T	C	0.0006242575268110838	3.204636212560414
22:34486791:A:G	0.00176784	5.0078e-06	5.86652	3.41988	22	34486791	A	G	0.0006264876498797274	3.203087485949882
22:49946386:A:G	0.000394435	0.0318477	-4.39127	-3.41977	22	49946386	A	G	0.0006267410178302829	3.2029118814378696
22:42597780:CT:C	0.00504498	2.80816e-05	5.19104	3.41927	22	42597780	CT	C	0.0006278938922762001	3.2021137414418015
22:46320706:T:C	3.68388e-05	0.00285927	-4.35177	-3.4181	22	46320706	T	C	0.0006305993327072026	3.200246493153184
22:46296006:T:C	3.47425e-05	0.0016579	-3.86535	-3.41743	22	46296006	T	C	0.0006321534811367747	3.1991774661505503
22:40704420:T:A	5.49044e-05	0.0056262	-4.62959	-3.41515	22	40704420	T	A	0.0006374689594381614	3.195540957675071
22:42986092:G:A	2.49126e-05	0.00419601	-5.12652	-3.41121	22	42986092	G	A	0.000646752589881847	3.189261823501805
22:41536319:C:T	5.64841e-06	0.000942913	-5.1176	-3.41119	22	41536319	C	T	0.0006468000340437217	3.1892299659069474
22:19340139:C:G	0.000241271	1.17017e-06	5.32877	3.40742	22	19340139	C	G	0.0006558012972835768	3.183227728559393
22:34486777:T:G	4.80367e-06	0.00262131	-6.30205	-3.40443	22	34486777	T	G	0.0006630229129875857	3.1784714628288233
22:34486812:T:G	4.80367e-06	0.00262131	-6.30205	-3.40443	22	34486812	T	G	0.0006630229129875857	3.1784714628288233
22:29861100:C:T	7.76382e-06	0.000998802	-4.85708	-3.40437	22	29861100	C	T	0.0006631685822622495	3.1783760567541344
22:33098047:C:T	0.000298127	0.0576581	-5.26477	-3.40262	22	33098047	C	T	0.0006674303837583304	3.175594026632042
22:18095704:CTT:C	0.00620984	0.00027944	3.1011	3.40189	22	18095704	CTT	C	0.0006692156791263141	3.1744338924581936
22:33236773:T:C	8.87659e-05	0.0159344	-5.19023	-3.40155	22	33236773	T	C	0.0006700487011790316	3.1738936303071585
22:29075335:A:G	7.4771e-05	0.0123137	-5.10404	-3.40006	22	29075335	A	G	0.0006737106801349706	3.171526567851539
22:46195469:C:CTT	0.0368845	0.00200303	2.91313	3.39941	22	46195469	C	CTT	0.0006753140092444089	3.1704942408404055
22:29861044:C:G	7.80454e-06	0.000996753	-4.8498	-3.39837	22	29861044	C	G	0.0006778867158508965	3.1688428766218752
22:49591691:T:C	4.49768e-05	0.0243325	-6.29342	-3.39818	22	49591691	T	C	0.0006783577127576306	3.1685412328156457
22:46189087:A:G	0.000747688	0.0339987	-3.81709	-3.39814	22	46189087	A	G	0.0006784569087573783	3.168477730735537
22:31180903:TTCTC:T	0.0010636	6.47514e-06	5.10144	3.39584	22	31180903	TTCTC	T	0.0006841834105810148	3.164827460376722
22:41914910:A:G	1.66326e-05	0.000771174	-3.83655	-3.39555	22	41914910	A	G	0.0006849086288133723	3.164367362301671
22:42902640:T:G	1.26663e-06	0.000278062	-5.39148	-3.39387	22	42902640	T	G	0.0006891239718182195	3.161702642485113
22:41915054:T:G	1.66326e-05	0.000769378	-3.83422	-3.39378	22	41915054	T	G	0.0006893504728578527	3.1615599221714747
22:30404992:C:A	3.67689e-05	0.00538918	-4.98749	-3.39304	22	30404992	C	A	0.0006912154398594519	3.16038656947177
22:26704056:A:G	9.03851e-05	0.0147559	-5.09532	-3.39291	22	26704056	A	G	0.0006915435530719487	3.160180463041033
22:42886795:A:C	2.01814e-06	0.000325838	-5.08422	-3.39221	22	42886795	A	C	0.0006933128062427895	3.1590707778349625
22:26088241:T:C	0.00017914	0.0167597	-4.53856	-3.39213	22	26088241	T	C	0.0006935152742549376	3.1589439694117716
22:43868091:C:A	9.20325e-05	0.0134553	-4.98498	-3.39092	22	43868091	C	A	0.0006965843118141674	3.1570263107696297
22:26705413:C:T	7.73178e-05	0.0267977	-5.84815	-3.39091	22	26705413	C	T	0.0006966097282679435	3.1570104648424895
22:49730688:C:CT	0.0137421	0.000753983	2.90285	3.39088	22	49730688	C	CT	0.0006966859828005603	3.1569629273061204
22:45782967:TACA:T	0.00289192	8.56597e-06	5.82188	3.38768	22	45782967	TACA	T	0.0007048644909117297	3.151894367414151
22:48859183:ATCCATCCC:A	0.0576401	0.00144468	3.68633	3.38749	22	48859183	ATCCATCCC	A	0.0007053528846631342	3.1515935531944645
22:19349074:A:G	1.07113e-06	0.000203217	-5.24556	-3.38693	22	19349074	A	G	0.000706794190848887	3.1507070286228864
22:49869993:G:T	2.23541e-06	0.000386072	-5.1516	-3.38594	22	49869993	G	T	0.000709348911831807	3.1491400931526243
22:31516133:G:A	9.92215e-05	2.34094e-06	3.7468	3.38296	22	31516133	G	A	0.0007170907580910271	3.14442587467571
22:19348091:C:A	0.000200536	1.00794e-06	5.29309	3.38226	22	19348091	C	A	0.0007189206629750178	3.1433190338636807
22:19369268:G:A	4.24804e-06	0.00162977	-5.94973	-3.38198	22	19369268	G	A	0.0007196538389267759	3.142876353561394
22:41915074:TGGCTCC:T	1.66326e-05	0.000756396	-3.8172	-3.38085	22	41915074	TGGCTCC	T	0.0007226197919734802	3.1410901476293933
22:38495246:A:ATT	0.000257034	0.0120777	-3.84991	-3.37993	22	38495246	A	ATT	0.0007250429324321753	3.139636276509904
22:35173697:T:G	3.65189e-05	0.00517615	-4.95399	-3.37808	22	35173697	T	G	0.0007299384189216236	3.136713777483155
22:43859342:C:T	2.78432e-06	0.00045054	-5.08644	-3.37703	22	43859342	C	T	0.0007327305794514575	3.135055683430419
22:18082076:T:TC	0.000639111	0.0795213	-4.8237	-3.37686	22	18082076	T	TC	0.0007331835755936892	3.1347872724453962
22:46299960:A:AT	0.00159016	5.41074e-05	3.38062	3.37087	22	46299960	A	AT	0.0007493120828266522	3.12533726424878
22:34329115:G:A	7.02427e-06	0.00121425	-5.15251	-3.3696	22	34329115	G	A	0.0007527737127190826	3.1233355551232784
22:34329132:C:CT	7.02427e-06	0.00121425	-5.15251	-3.3696	22	34329132	C	CT	0.0007527737127190826	3.1233355551232784
22:19357807:C:A	1.34183e-06	0.000451364	-5.81824	-3.369	22	19357807	C	A	0.00075441428841257	3.1223900947670566
22:48846342:CATGTCTTCC:C	0.000199936	0.00926522	-3.83602	-3.36768	22	48846342	CATGTCTTCC	C	0.0007580352486015272	3.1203105992265012
22:31178862:A:G	0.00110696	6.10087e-06	5.20094	3.36604	22	31178862	A	G	0.0007625564972107089	3.1177279742527975
22:31179590:T:C	0.00110677	6.10144e-06	5.20068	3.36586	22	31179590	T	C	0.0007630542537546589	3.1174445822697474
22:31179304:A:G	0.00110677	6.10144e-06	5.20068	3.36586	22	31179304	A	G	0.0007630542537546589	3.1174445822697474
22:35177863:T:C	3.13843e-05	0.00400806	-4.84976	-3.36508	22	35177863	T	C	0.0007652146867628562	3.11621670315225
22:29794396:C:G	3.86019e-05	0.0144572	-5.92564	-3.36393	22	29794396	C	G	0.0007684103015465139	3.114406821484971
22:33942677:A:G	0.000422966	0.0353368	-4.42539	-3.3602	22	33942677	A	G	0.0007788606738075303	3.108540223981197
22:34329141:T:G	7.0362e-06	0.00120232	-5.14094	-3.35979	22	34329141	T	G	0.0007800173871741919	3.1078957164509986
22:31316046:A:C	8.50766e-07	4.13063e-05	-3.88263	-3.35848	22	31316046	A	C	0.0007837239234597306	3.105836896031656
22:43660823:A:G	9.58781e-06	0.00156846	-5.09735	-3.35564	22	43660823	A	G	0.0007918156773756856	3.1013759037831727
22:33805206:C:T	3.022e-05	0.00466286	-5.03888	-3.3556	22	33805206	C	T	0.0007919301975026562	3.101313096409735
22:38426059:G:A	0.00017269	0.0326956	-5.2435	-3.35149	22	38426059	G	A	0.0008037794185737217	3.094863118465331
22:20791691:C:T	9.28393e-07	0.00011199	-4.79271	-3.35131	22	20791691	C	T	0.0008043021040038307	3.094580795208861
22:25470574:C:T	1.22723e-05	0.00232186	-5.24278	-3.3509	22	25470574	C	T	0.0008054938429242891	3.0939377749148136
22:34330506:G:C	6.81447e-06	0.00114817	-5.12688	-3.34788	22	34330506	G	C	0.0008143226327693741	3.0892034945326525
22:42916919:G:A	2.10004e-05	0.00319942	-5.02619	-3.34535	22	42916919	G	A	0.0008217879652627175	3.0852402230866365
22:29087595:A:G	2.77691e-05	0.00423019	-5.02608	-3.34527	22	29087595	A	G	0.0008220250555590298	3.0851149448380633
22:30828588:G:A	1.16554e-05	0.0018168	-5.04906	-3.34515	22	30828588	G	A	0.0008223808099939136	3.084927032360214
22:25803102:C:G	5.91066e-05	0.029683	-6.21899	-3.34423	22	25803102	C	G	0.0008251130098112286	3.083486565175859
22:33807244:G:T	2.84122e-05	0.00431789	-5.0237	-3.34335	22	33807244	G	T	0.0008277342959796125	3.0821090500613604
22:40699954:T:C	7.01976e-05	0.0083701	-4.78111	-3.34176	22	40699954	T	C	0.0008324900823034786	3.0796209316673226
22:48397246:C:A	0.01484	0.00091263	2.78875	3.34026	22	48397246	C	A	0.0008369998970527241	3.0772745954230323
22:31265739:G:T	3.32767e-06	0.000515599	-5.04306	-3.34003	22	31265739	G	T	0.0008376934023978124	3.0769149050106357
22:28640477:A:G	1.17361e-05	0.00179636	-5.03084	-3.34	22	28640477	A	G	0.0008377838989007396	3.076867990460542
22:34329095:A:T	7.28169e-06	0.00121425	-5.11652	-3.33911	22	34329095	A	T	0.0008404727571104456	3.0754763591172565
22:33807730:T:C	0.00261941	5.39672e-05	3.88233	3.33868	22	33807730	T	C	0.0008417747342995105	3.0748041136544906
22:17067549:ATTTTGTT:A	0.00111262	6.89093e-06	5.08426	3.33847	22	17067549	ATTTTGTT	A	0.0008424112632879014	3.074475835137999
22:48397357:C:T	0.0148403	0.00091465	2.78656	3.33839	22	48397357	C	T	0.0008426538679300369	3.0743507813864976
22:46357282:G:A	0.00703543	0.000443056	2.76502	3.33763	22	46357282	G	A	0.0008449618462257792	3.07316290092925
22:39318733:A:G	1.76594e-05	0.00878076	-6.20905	-3.33703	22	39318733	A	G	0.0008467880743220603	3.0722252669641428
22:31265537:C:CA	2.37568e-06	0.000365787	-5.03677	-3.33466	22	31265537	C	CA	0.0008540375222621283	3.0685230481009147
22:29862362:G:C	6.01296e-06	0.00296904	-6.20208	-3.33197	22	29862362	G	C	0.000862335515639747	3.064323726935743
22:33806067:C:T	3.00022e-05	0.00449202	-5.00879	-3.33131	22	33806067	C	T	0.0008643828448529003	3.0632938610156057
22:28792046:C:CT	8.24228e-06	0.00149034	-5.19748	-3.33068	22	28792046	C	CT	0.0008663413172667594	3.0623109728766873
22:32316938:CTG:C	0.00927721	3.24699e-05	5.655	3.33067	22	32316938	CTG	C	0.0008663724372774118	3.0622953727824775
22:30829305:T:C	1.1687e-05	0.00192838	-5.10596	-3.33016	22	30829305	T	C	0.0008679609329433577	3.0614998220458043
22:34485693:G:T	0.00178034	5.71145e-06	5.74208	3.33012	22	34485693	G	T	0.0008680856349783078	3.061437430394849
22:34485543:C:T	0.00178034	5.71145e-06	5.74208	3.33012	22	34485543	C	T	0.0008680856349783078	3.061437430394849
22:48854644:A:G	0.0168668	0.000426801	3.67679	3.32962	22	48854644	A	G	0.0008696458127054254	3.0606575898036676
22:30645598:CAAA:C	0.0109165	3.50581e-05	5.74102	3.32935	22	30645598	CAAA	C	0.0008704893893251679	3.060236518269354
22:31267999:C:T	2.05494e-06	0.000378637	-5.21633	-3.32907	22	31267999	C	T	0.0008713650108518362	3.059799882888967
22:49648735:T:C	1.14442e-05	0.00135552	-4.77446	-3.32762	22	49648735	T	C	0.0008759125586677378	3.0575392467811695
22:18084510:T:C	0.000542183	0.0634301	-4.76209	-3.32608	22	18084510	T	C	0.0008807664556139827	3.0551392340217265
22:34486135:A:G	0.00176853	5.71058e-06	5.73558	3.32543	22	34486135	A	G	0.0008828226523409584	3.0541265318079978
22:32316673:G:A	0.00441553	8.60407e-05	3.93806	3.32536	22	32316673	G	A	0.0008830443541369137	3.054017481843573
22:34486027:G:A	0.00176853	5.71145e-06	5.73543	3.32532	22	34486027	G	A	0.0008831710640498021	3.053955168475116
22:41268509:T:C	1.32238e-05	0.00171338	-4.8642	-3.32363	22	41268509	T	C	0.0008885399833396527	3.051323024636304
22:42913485:CAAAAAA:C	0.00227626	7.37186e-06	5.73262	3.32329	22	42913485	CAAAAAA	C	0.0008896237700560326	3.0507936215958145
22:30000568:A:T	8.22849e-06	0.00147442	-5.18842	-3.32316	22	30000568	A	T	0.0008900384828357494	3.050591215240594
22:35286851:C:CAA	2.09564e-05	0.00167718	-4.38243	-3.32239	22	35286851	C	CAA	0.0008924985350128939	3.049392488085616
22:20697555:AAC:A	0.00370731	1.58461e-05	5.45514	3.32226	22	20697555	AAC	A	0.0008929144898463933	3.0491901294272408
22:29449906:C:T	0.000132618	0.0242123	-5.20714	-3.32149	22	29449906	C	T	0.0008953819088149458	3.0479916847808224
22:48170111:A:G	0.000270138	0.0482171	-5.18454	-3.31993	22	48170111	A	G	0.0009004002192598754	3.045564407914807
22:34486718:A:G	5.0078e-06	0.00176784	-5.86652	-3.31961	22	34486718	A	G	0.0009014328330616901	3.0450666275853986
22:26700365:T:C	4.91719e-05	0.0173476	-5.86589	-3.31914	22	26700365	T	C	0.0009029514746432873	3.0443355884029035
22:34486602:A:AT	5.01371e-06	0.00176853	-5.86573	-3.31902	22	34486602	A	AT	0.0009033395927344294	3.0441489545309346
22:32896244:C:CAGCAGTTCG	5.46641e-05	0.00703249	-4.85709	-3.31754	22	32896244	C	CAGCAGTTCG	0.0009081391124256702	3.0418476193960613
22:44802129:A:G	0.000154153	0.0140927	-4.51546	-3.31673	22	44802129	A	G	0.0009107758723562224	3.0405884829332095
22:25040937:T:C	0.000426482	0.0625661	-4.98841	-3.31485	22	25040937	T	C	0.0009169231265710032	3.0376670733872118
22:49917948:G:A	0.00235891	0.000152874	2.73634	3.31334	22	49917948	G	A	0.0009218883668510521	3.0353216652759083
22:29864319:AT:A	0.00432786	1.87359e-05	5.44239	3.3131	22	29864319	AT	A	0.0009226798348830936	3.034948970767036
22:29551677:G:A	1.02614e-06	0.000131085	-4.85004	-3.31152	22	29551677	G	A	0.000927906069407297	3.0324959845599726
22:29853451:TTACAACAAC:T	0.00323973	1.06968e-05	5.7133	3.30936	22	29853451	TTACAACAAC	T	0.0009350951808898722	3.0291441811794457
22:29853445:CCCAAG:C	0.00323973	1.06968e-05	5.7133	3.30936	22	29853445	CCCAAG	C	0.0009350951808898722	3.0291441811794457
22:38737405:A:G	0.00231562	0.000123162	2.93393	3.30744	22	38737405	A	G	0.0009415287879851449	3.0261663965480543
22:22020046:G:A	0.00066609	0.0268108	-3.69514	-3.30584	22	22020046	G	A	0.0009469214253398791	3.0236860568542556
22:43848741:A:G	6.25138e-06	0.00297677	-6.16579	-3.30567	22	43848741	A	G	0.0009474960714067089	3.023422582066935
22:18095830:C:CT	0.0185551	0.000795923	3.149	3.30486	22	18095830	C	CT	0.0009502385299762395	3.0221673639222706
22:48852407:A:G	0.0117759	0.000452352	3.25935	3.30367	22	48852407	A	G	0.000954280912386041	3.020323762883987
22:38436405:G:A	2.87557e-05	0.0136294	-6.16115	-3.30231	22	38436405	G	A	0.0009589202793175096	3.0182174967830746
22:35303460:A:G	0.00454562	5.77343e-05	4.36607	3.3015	22	35303460	A	G	0.0009616933488779412	3.0169633875471153
22:34332188:C:T	3.1584e-06	0.000348988	-4.70497	-3.30005	22	34332188	C	T	0.000966676042084131	3.014719044745887
22:44859899:A:G	6.34931e-05	0.0079993	-4.83618	-3.29966	22	44859899	A	G	0.000968020288994956	3.0141155401025443
22:46034087:C:CATCGTATAT	0.00790951	0.000321903	3.20157	3.29737	22	46034087	C	CATCGTATAT	0.0009759484198328266	3.010573134765613
22:49218222:TA:T	0.033295	0.000270893	4.81144	3.29628	22	49218222	TA	T	0.0009797431547991964	3.0088877621375065
22:30838022:C:T	3.92105e-06	0.000447803	-4.73799	-3.29623	22	30838022	C	T	0.0009799175525161076	3.008810463076472
22:44630624:G:A	0.00861342	0.00035137	3.19924	3.29548	22	44630624	G	A	0.0009825369700939533	3.0076510993690992
22:44609092:A:G	0.000863485	0.0972896	-4.72447	-3.29508	22	44609092	A	G	0.000983936642370433	3.0070328657503547
22:49646841:A:AGAGGGAGGG	6.96838e-06	0.00099601	-4.96237	-3.29411	22	49646841	A	AGAGGGAGGG	0.0009873385182139825	3.0055339198871303
22:28027390:C:A	3.55047e-06	0.000507416	-4.96225	-3.29402	22	28027390	C	A	0.0009876547076414109	3.005394861866127
22:23810928:C:T	1.30147e-05	0.00185964	-4.96206	-3.29386	22	23810928	C	T	0.0009882170536815965	3.0051476557533134
22:29809238:AT:A	0.00222908	1.59244e-05	4.94149	3.29274	22	29809238	AT	A	0.0009921617843536292	3.003417504939394
22:26697146:T:G	8.39856e-05	0.0141975	-5.13018	-3.2927	22	26697146	T	G	0.0009923029368558466	3.0033557232888883
22:39563052:A:G	0.000142024	0.0483477	-5.83018	-3.29237	22	39563052	A	G	0.0009934681546104277	3.002846049539195
22:33229461:A:G	0.000195608	0.0286463	-4.98667	-3.29193	22	33229461	A	G	0.0009950237488843998	3.0021665535393405
22:45364825:CTTTTTTTTT:C	0.000444545	6.81078e-06	4.17854	3.29132	22	45364825	CTTTTTTTTT	C	0.0009971840987571226	3.0012246554361117
22:19504472:T:A	4.56661e-05	0.00649568	-4.95754	-3.29027	22	19504472	T	A	0.0010009129069976017	2.9996037103887208
22:29863982:G:A	1.92118e-05	0.00330083	-5.14641	-3.28829	22	29863982	G	A	0.0010079795172924647	2.996548292907594
22:46278742:G:A	9.51112e-05	0.00535818	-4.03133	-3.28491	22	46278742	G	A	0.0010201495247723579	2.991336168410339
22:17866617:C:CAGAAT	0.00016136	0.0281745	-5.16254	-3.28467	22	17866617	C	CAGAAT	0.0010210188177406522	2.990966253637266
22:26702401:TACAC:T	0.00481747	2.1716e-05	5.40195	3.28407	22	26702401	TACAC	T	0.0010231950505240309	2.990041569326217
22:42264408:A:G	0.00263229	2.87083e-05	4.51842	3.28383	22	42264408	A	G	0.0010240667450706017	2.9896717366500316
22:42987493:CCCAT:C	0.000780086	4.83767e-06	5.08297	3.28106	22	42987493	CCCAT	C	0.0010341774199297538	2.985404948779153
22:49004740:A:G	0.000396019	0.0563397	-4.95769	-3.27997	22	49004740	A	G	0.001038181255415827	2.983726816665956
22:49597749:GTGATGATGA:G	0.00255093	8.80425e-06	5.66898	3.27738	22	49597749	GTGATGATGA	G	0.0010477525612725934	2.9797412688427753
22:46304845:T:G	3.58371e-05	0.00198911	-4.01646	-3.2742	22	46304845	T	G	0.0010596158560536267	2.974851551559148
22:34329110:T:G	7.14826e-06	0.00110406	-5.03988	-3.27418	22	34329110	T	G	0.0010596908596543473	2.9748208116481307
22:31875946:C:T	1.24683e-05	0.000519021	-3.72875	-3.273	22	31875946	C	T	0.00106412477573408	2.9730074451277875
22:42830183:T:C	1.20326e-05	0.00398659	-5.80307	-3.27205	22	42830183	T	C	0.0010677069181415178	2.9715479432829053
22:34655143:T:C	0.00013647	8.311e-06	2.79853	3.27183	22	34655143	T	C	0.0010685380561119401	2.971210005774035
22:18097558:T:C	0.0163295	0.000727305	3.11138	3.27176	22	18097558	T	C	0.0010688026345896354	2.971102484334912
22:30404323:C:T	4.37384e-05	0.00614305	-4.94485	-3.26943	22	30404323	C	T	0.0010776439755752988	2.967524694605031
22:46385911:C:T	0.00024071	0.00998235	-3.72498	-3.26886	22	46385911	C	T	0.001079817153600267	2.9666497777586747
22:49923763:C:CTG	0.00610072	0.000379307	2.77782	3.2684	22	49923763	C	CTG	0.0010815739012684962	2.965943800943701
22:21841117:T:C	3.77819e-06	2.10723e-07	2.88646	3.26658	22	21841117	T	C	0.0010885504637401407	2.963151432846249
22:25153216:C:T	8.88503e-06	0.0012626	-4.95656	-3.26625	22	25153216	C	T	0.0010898198935989246	2.9626452687374862
22:49867475:G:T	4.79707e-06	0.000697447	-4.97942	-3.26494	22	49867475	G	T	0.0010948726625621067	2.960636387821484
22:41621056:G:C	9.99528e-06	0.00327438	-5.79177	-3.26359	22	41621056	G	C	0.0011001023748091856	2.9585668978000443
22:49647954:A:G	0.00130003	1.10973e-05	4.76344	3.26256	22	49647954	A	G	0.001104107976993036	2.956988452404676
22:34507164:T:C	3.51533e-07	6.49167e-05	-5.21856	-3.25999	22	34507164	T	C	0.0011141614200068433	2.953051883902267
22:25919177:G:A	0.000288857	0.0489361	-5.13234	-3.25975	22	25919177	G	A	0.0011151045712589167	2.9526844038344606
22:36878305:G:A	0.0548659	0.00354163	2.74031	3.25601	22	36878305	G	A	0.0011298977191558665	2.946960868035739
22:19261064:C:T	2.77386e-05	0.00222951	-4.38671	-3.25445	22	19261064	C	T	0.0011361215744953546	2.9445751930022905
22:26698062:C:T	0.000100108	0.0104847	-4.65142	-3.25314	22	26698062	C	T	0.001141372481361321	2.9425726025571666
22:19352112:T:C	1.26431e-06	0.000203615	-5.08171	-3.25312	22	19352112	T	C	0.0011414528214555343	2.9425420340685804
22:31261791:T:A	3.43315e-06	0.00110893	-5.77767	-3.25302	22	31261791	T	A	0.0011418546003420984	2.942389194066822
22:26699051:C:T	0.000100306	0.0105032	-4.65121	-3.25296	22	26699051	C	T	0.0011420957304175254	2.9422974920187017
22:47723357:GCA:G	0.00303815	0.000114063	3.28225	3.25258	22	47723357	GCA	G	0.0011436239809238956	2.941716746394039
22:42574257:C:G	0.000781002	1.29243e-05	4.10147	3.2516	22	42574257	C	G	0.001147573986213976	2.940219305120857
22:30504141:C:T	6.56739e-05	0.00902265	-4.92279	-3.25133	22	30504141	C	T	0.0011486644665913224	2.939806813425555
22:30412772:A:G	3.98796e-05	0.00599175	-5.01227	-3.25079	22	30412772	A	G	0.0011508483012327455	2.938981919010907
22:31164585:CT:C	0.00655435	2.34875e-05	5.63141	3.25029	22	31164585	CT	C	0.0011528737913401503	2.938218233663355
22:18094572:T:C	0.0241377	0.000863034	3.33107	3.24965	22	18094572	T	C	0.001155471226513763	2.9372408648295156
22:25153903:C:T	9.06672e-06	0.0012626	-4.93632	-3.24898	22	25153903	C	T	0.001158196210506581	2.93621786036515
22:18094763:T:TTTTTC	0.000425731	0.0451169	-4.6632	-3.24458	22	18094763	T	TTTTTC	0.0011762397190014024	2.9295041595268314
22:35808256:G:A	1.7142e-06	0.000103619	-4.10178	-3.24184	22	35808256	G	A	0.0011876067741485076	2.92532733383877
22:49583550:C:T	6.59853e-05	0.00279522	-3.74623	-3.24137	22	49583550	C	T	0.0011895667652664307	2.924611177861205
22:33231974:A:C	0.000144161	0.0198536	-4.92521	-3.23951	22	33231974	A	C	0.001197352678356186	2.9217779099909813
22:19350110:G:A	1.15344e-06	0.000182562	-5.06435	-3.23894	22	19350110	G	A	0.0011997480917820718	2.9209099321470937
22:32898216:G:A	5.69528e-05	0.00667222	-4.76349	-3.23749	22	32898216	G	A	0.0012058616570750351	2.918702513933207
22:17615666:A:G	0.00417586	0.000193458	3.07202	3.23712	22	17615666	A	G	0.0012074262722130658	2.9181393786291188
22:42574730:G:A	4.88587e-05	3.46567e-06	2.64603	3.23683	22	42574730	G	A	0.0012086539028843895	2.917698041228358
22:26483725:T:C	1.46011e-05	0.00632086	-6.07052	-3.23661	22	26483725	T	C	0.0012095859779114632	2.917363256359216
22:26483597:T:C	1.46011e-05	0.00632086	-6.07052	-3.23661	22	26483597	T	C	0.0012095859779114632	2.917363256359216
22:26044738:C:G	0.00075518	0.0487276	-4.16704	-3.23661	22	26044738	C	G	0.0012095859779114632	2.917363256359216
22:26483596:A:G	1.46011e-05	0.00632086	-6.07052	-3.23661	22	26483596	A	G	0.0012095859779114632	2.917363256359216
22:30051702:G:A	9.26578e-06	0.00108269	-4.76088	-3.23526	22	30051702	G	A	0.001215320082319603	2.9153093256230167
22:26499095:G:A	1.73854e-05	0.00548282	-5.75374	-3.23508	22	26499095	G	A	0.0012160865237821237	2.9150355241880246
22:48858497:T:C	0.000528006	0.055093	-4.64767	-3.23241	22	48858497	T	C	0.0012275079586938759	2.910975683395928
22:46779295:C:T	0.00774658	0.000503515	2.73339	3.23174	22	46779295	C	T	0.0012303895196143812	2.9099573768217626
22:30076759:C:T	6.92707e-06	0.00101718	-4.98935	-3.23138	22	30076759	C	T	0.0012319403999264727	2.909410302406305
22:34485556:A:G	5.71145e-06	0.00178034	-5.74208	-3.22634	22	34485556	A	G	0.0012538431353580877	2.9017567934173423
22:34485656:T:G	5.71145e-06	0.00178034	-5.74208	-3.22634	22	34485656	T	G	0.0012538431353580877	2.9017567934173423
22:34485699:A:G	5.71145e-06	0.00178034	-5.74208	-3.22634	22	34485699	A	G	0.0012538431353580877	2.9017567934173423
22:34485844:G:A	5.71145e-06	0.00178034	-5.74208	-3.22634	22	34485844	G	A	0.0012538431353580877	2.9017567934173423
22:26706178:C:T	7.43635e-05	0.0231183	-5.73942	-3.22434	22	26706178	C	T	0.0012626339168636967	2.8987225488365533
22:29689178:CA:C	0.00904829	6.51959e-05	4.93293	3.22394	22	29689178	CA	C	0.0012643988872064968	2.898115895053504
22:48394776:G:A	0.00411871	0.000270355	2.72356	3.22362	22	48394776	G	A	0.0012658125031760282	2.8976306188577614
22:29853358:T:C	1.26334e-05	0.00204799	-5.08827	-3.22338	22	29853358	T	C	0.001266873672534271	2.8972666890286036
22:33095867:T:C	0.000233159	0.0309497	-4.8884	-3.2231	22	33095867	T	C	0.0012681127414614476	2.8968421338217953
22:47688571:CTT:C	2.87362e-05	0.00250415	-4.46755	-3.22281	22	47688571	CTT	C	0.0012693972422316985	2.8964024495267546
22:34486158:C:G	5.71058e-06	0.00176853	-5.73558	-3.22147	22	34486158	C	G	0.001275348134399253	2.8943712487900517
22:34486335:T:C	5.71058e-06	0.00176853	-5.73558	-3.22147	22	34486335	T	C	0.001275348134399253	2.8943712487900517
22:34485962:G:T	5.71145e-06	0.00176853	-5.73543	-3.22136	22	34485962	G	T	0.0012758377825119415	2.8942045408487633
22:29819914:T:C	1.53907e-05	0.00243919	-5.06566	-3.22129	22	29819914	T	C	0.0012761494671161223	2.8940984565378933
22:42985067:G:A	2.89322e-05	0.00389976	-4.90371	-3.22117	22	42985067	G	A	0.0012766839471196922	2.8939166023531784
22:28637005:GT:G	0.000296126	6.72268e-06	3.7853	3.22057	22	28637005	GT	G	0.0012793594481523343	2.8930074192295114
22:31512692:AT:A	0.000558057	6.59397e-06	4.43831	3.22048	22	31512692	AT	A	0.0012797612194285339	2.8928710543820975
22:30824617:T:G	0.00452119	1.6894e-05	5.58957	3.2201	22	30824617	T	G	0.0012814588714192233	2.8922953279911043
22:49643249:A:C	8.76231e-06	0.000674484	-4.34349	-3.21803	22	49643249	A	C	0.0012907431683228056	2.8891601649191743
22:48857002:G:A	0.000432119	0.0441714	-4.62713	-3.21753	22	48857002	G	A	0.0012929950423691276	2.888403140298151
22:46411361:G:A	0.0243367	0.00164645	2.69336	3.21705	22	46411361	G	A	0.0012951602524006016	2.88767649225651
22:49580962:G:A	7.81926e-05	0.00321671	-3.71694	-3.21622	22	49580962	G	A	0.0012989121594410003	2.886420217641335
22:48858598:C:G	0.0410657	0.00121072	3.52396	3.21317	22	48858598	C	G	0.0013127856125175613	2.8818061915820743
22:44860122:A:T	7.40603e-05	0.0113059	-5.0282	-3.20942	22	44860122	A	T	0.001330030529533128	2.8761383901189292
22:44482884:T:G	0.00327271	0.000235143	2.63318	3.20756	22	44482884	T	G	0.0013386613339617464	2.8733292806391737
22:41804912:A:G	6.73786e-06	0.00102622	-5.0259	-3.20754	22	41804912	A	G	0.001338754418463239	2.8732990827998366
22:34649331:G:A	0.000188279	9.87696e-06	2.94772	3.20738	22	34649331	G	A	0.0013394993094831458	2.8730575059361283
22:30054671:C:T	9.03011e-06	0.00140657	-5.04834	-3.20692	22	30054671	C	T	0.0013416430016573988	2.8723630303935996
22:22078675:AC:A	0.0470302	0.000426056	4.70397	3.20664	22	22078675	AC	A	0.001342949406927396	2.871940348244264
22:48394141:C:A	0.00396445	0.000265672	2.70286	3.20654	22	48394141	C	A	0.0013434162645815633	2.8717893980536546
22:47080151:GTAGA:G	0.020785	0.000561772	3.61089	3.20512	22	47080151	GTAGA	G	0.0013500618220592272	2.869646343827632
22:29853591:C:G	1.06968e-05	0.00323973	-5.7133	-3.20477	22	29853591	C	G	0.0013517044635687888	2.869118252086282
22:31267856:C:G	2.12552e-06	0.000330209	-5.04571	-3.20474	22	31267856	C	G	0.001351845347166788	2.8690729893957156
22:27366605:C:T	0.000329536	0.0435356	-4.88365	-3.20405	22	27366605	C	T	0.001355089410861854	2.8680320484332325
22:46278315:A:G	0.000156111	0.00548014	-3.55832	-3.2023	22	46278315	A	G	0.0013633493387365401	2.8653928481664837
22:29085971:C:CA	3.03652e-05	0.00310098	-4.62618	-3.19999	22	29085971	C	CA	0.0013743235583586404	2.8619110088579114
22:35179642:T:C	8.36053e-05	0.025127	-5.70559	-3.19899	22	35179642	T	C	0.0013790995239957387	2.860404391429281
22:42834695:T:C	3.27858e-05	0.00430425	-4.87736	-3.19869	22	42834695	T	C	0.0013805352957088502	2.859952485413248
22:35177982:A:C	5.19986e-05	0.00198949	-3.64441	-3.19856	22	35177982	A	C	0.0013811578914627162	2.8597566708266045
22:34330177:C:T	0.00101534	7.07783e-06	4.96601	3.1968	22	34330177	C	T	0.0013896124032216728	2.8571063181744507
22:35898058:T:C	2.34518e-06	0.000367566	-5.05454	-3.19554	22	35898058	T	C	0.0013956943505104306	2.855209679435302
22:30052535:A:G	0.00101601	8.76214e-06	4.7532	3.19458	22	30052535	A	G	0.001400344680039802	2.853765054168072
22:35181385:C:CA	3.30942e-05	0.00340002	-4.63218	-3.19297	22	35181385	C	CA	0.0014081757544966167	2.8513431374918285
22:49920698:A:G	6.52517e-05	0.00852212	-4.87217	-3.18957	22	49920698	A	G	0.0014248462709156307	2.8462319898972566
22:29864109:C:G	1.86084e-05	0.00283632	-5.02665	-3.18892	22	29864109	C	G	0.0014280539233370133	2.845255393284241
22:21603529:T:TAAA	2.80645e-05	0.00355448	-4.84146	-3.18458	22	21603529	T	TAAA	0.0014496423566927705	2.838739129953413
22:35944616:T:C	3.91924e-06	0.00157272	-5.99466	-3.18164	22	35944616	T	C	0.001464437251274926	2.834329232387215
22:26105659:G:A	0.0174889	0.000678091	3.25004	3.18136	22	26105659	G	A	0.0014658535219834287	2.8339094251741623
22:49919711:G:A	0.00549981	0.000297881	2.91578	3.18117	22	49919711	G	A	0.0014668152815725819	2.8336245741218007
22:31514141:CA:C	0.000697636	3.63714e-06	5.2565	3.17964	22	31514141	CA	C	0.0014745811987678262	2.831331307747067
22:26695401:G:C	8.40687e-05	0.0218276	-5.5593	-3.17927	22	26695401	G	C	0.001476464911442597	2.830776869693101
22:33808216:C:T	2.55989e-05	0.00746531	-5.67547	-3.17642	22	33808216	C	T	0.0014910490797511928	2.82650806096397
22:44860332:G:A	7.52498e-05	0.0110286	-4.98744	-3.17613	22	44860332	G	A	0.001492540498972842	2.8260738757819763
22:42915890:C:G	1.57803e-05	0.00627473	-5.98552	-3.17501	22	42915890	C	G	0.001498313376574528	2.824397343189645
22:24387550:G:A	6.80102e-06	0.00197674	-5.67213	-3.17391	22	24387550	G	A	0.0015040031840842024	2.822751244310377
22:48857358:T:A	0.000452675	0.0435328	-4.5661	-3.17328	22	48857358	T	A	0.0015072708502023603	2.821808699789562
22:49919434:C:T	0.00547868	0.000299646	2.90602	3.17316	22	49919434	C	T	0.0015078940038353876	2.821629185765516
22:49919476:C:T	0.00547868	0.000299646	2.90602	3.17316	22	49919476	C	T	0.0015078940038353876	2.821629185765516
22:49919531:G:A	0.00547868	0.000299646	2.90602	3.17316	22	49919531	G	A	0.0015078940038353876	2.821629185765516
22:29446153:C:A	0.000180499	0.0229794	-4.84663	-3.17248	22	29446153	C	A	0.0015114296930319516	2.820612050033252
22:49919331:C:T	0.00546767	0.000299347	2.905	3.17233	22	49919331	C	T	0.00151221065190329	2.820387707123867
22:34331352:C:A	6.88225e-06	0.00102816	-5.00658	-3.17227	22	34331352	C	A	0.0015125231395209562	2.8202979725172166
22:47192083:CTGGCTCCTG:C	0.00295073	0.0994583	-3.51768	-3.17154	22	47192083	CTGGCTCCTG	C	0.0015163298396964017	2.8192063185067586
22:34331767:C:A	6.82471e-06	0.0010183	-5.00534	-3.17124	22	34331767	C	A	0.0015178967941389732	2.8187577562795925
22:39563617:ATG:A	0.047112	0.00020409	5.44172	3.17038	22	39563617	ATG	A	0.0015223970006522738	2.8174720803446895
22:49922721:C:T	0.00567138	0.000350611	2.78351	3.17029	22	49922721	C	T	0.001522868662164691	2.8173375502139963
22:24131228:TCTC:T	0.00152326	8.05742e-06	5.24202	3.16924	22	24131228	TCTC	T	0.0015283813340897705	2.8157682749297908
22:31264784:C:T	3.74829e-06	0.000474821	-4.84164	-3.16822	22	31264784	C	T	0.0015337540956808526	2.8142442645392873
22:22032431:T:G	0.000786483	0.0419127	-3.97577	-3.16814	22	22032431	T	G	0.0015341762235633481	2.8141247521696404
22:22077277:GT:G	0.0463986	0.000442793	4.65192	3.16782	22	22077277	GT	G	0.0015358658053613427	2.8136467286645797
22:49916398:T:C	0.00249336	0.000137355	2.89882	3.16725	22	49916398	T	C	0.00153887961862618	2.8127953522355797
22:29862368:A:G	1.02307e-05	0.000985983	-4.56824	-3.16632	22	29862368	A	G	0.0015438085881307139	2.8114065474405967
22:49866336:G:A	5.8469e-06	0.000737876	-4.83786	-3.16546	22	49866336	G	A	0.001548379494742745	2.810122588695786
22:49866521:G:A	5.8469e-06	0.000737821	-4.83779	-3.16541	22	49866521	G	A	0.0015486456281098113	2.810047949163676
22:17375954:CT:C	0.000854179	0.0310353	-3.59274	-3.16381	22	17375954	CT	C	0.0015571841703136895	2.8076600197884236
22:49866048:A:G	5.86105e-06	0.00073788	-4.83545	-3.16376	22	49866048	A	G	0.0015574516969588848	2.807585413734292
22:34486684:C:CTTT	4.84017e-06	0.00189112	-5.96798	-3.16229	22	34486684	C	CTTT	0.0015653359190802155	2.805392449077203
22:19511918:GT:G	0.0104899	0.00041693	3.22525	3.16047	22	19511918	GT	G	0.0015751482506352191	2.8026785647932155
22:29081704:A:C	2.52008e-05	0.00408122	-5.08728	-3.15835	22	29081704	A	C	0.0015866493878989223	2.7995190314830003
22:18100501:T:C	0.0141876	0.000720125	2.9807	3.15677	22	18100501	T	C	0.0015952712159201894	2.797165470873697
22:46368787:G:C	0.0138879	0.00108366	2.55067	3.15605	22	46368787	G	C	0.0015992144373417005	2.796093298161118
22:19096039:A:T	1.8451e-06	0.000225432	-4.80549	-3.15506	22	19096039	A	T	0.001604651017834129	2.7946194040744348
22:22901301:C:A	6.96873e-05	0.00838347	-4.79	-3.15467	22	22901301	C	A	0.0016067973681218894	2.794038888299015
22:41535006:T:C	0.000658089	6.39945e-06	4.63313	3.1538	22	41535006	T	C	0.0016115949063807943	2.7927441139159566
22:41535070:A:G	0.000658089	6.39945e-06	4.63313	3.1538	22	41535070	A	G	0.0016115949063807943	2.7927441139159566
22:22078679:G:T	0.000426056	0.0470302	-4.70397	-3.15306	22	22078679	G	T	0.0016156859440845726	2.791643053218725
22:46445004:G:C	0.151733	0.00484147	3.44491	3.15294	22	46445004	G	C	0.001616350255590221	2.7914645237670688
22:20560671:C:T	0.000437436	0.0638332	-4.9831	-3.15278	22	20560671	C	T	0.0016172363953329222	2.7912264935847175
22:49580043:C:G	8.92343e-05	0.00340857	-3.64278	-3.15255	22	49580043	C	G	0.0016185110046005359	2.790884343390824
22:49865103:G:A	7.51522e-06	0.000927716	-4.8158	-3.14995	22	49865103	G	A	0.0016329840735044335	2.7870180509172635
22:34328909:TATATATAGT:T	0.00109433	8.15571e-06	4.89918	3.14866	22	34328909	TATATATAGT	T	0.001640209062938316	2.78510079274875
22:48854403:A:G	0.000276014	0.0256378	-4.53137	-3.14811	22	48854403	A	G	0.0016432984199542574	2.7842835623282025
22:40551454:C:T	1.10406e-06	0.000102517	-4.53104	-3.14771	22	40551454	C	T	0.0016455485872560627	2.7836892899933243
22:25154280:A:G	1.1683e-05	0.000443579	-3.63674	-3.14737	22	25154280	A	G	0.00164746345830322	2.783184209531082
22:43858050:C:CAA	2.3816e-06	0.000294335	-4.81695	-3.14716	22	43858050	C	CAA	0.001648647196866838	2.7828722714913257
22:34675159:A:T	8.01697e-06	5.13784e-07	2.74751	3.14698	22	34675159	A	T	0.001649662452785998	2.782604910264412
22:19418591:CTG:C	5.04673e-08	6.10188e-06	-4.79503	-3.14648	22	19418591	CTG	C	0.0016524856273735775	2.7818623091370216
22:29553003:G:T	1.24595e-06	0.000165342	-4.88812	-3.14562	22	29553003	G	T	0.0016573518890020066	2.780585272373104
22:18100248:T:C	0.0150818	0.000775924	2.96719	3.14488	22	18100248	T	C	0.0016615496876447487	2.779486666875625
22:46401709:G:T	0.0117757	0.000850571	2.62789	3.14467	22	46401709	G	T	0.0016627427355458274	2.7791749409042783
22:42589792:T:C	1.20043e-05	0.00147859	-4.81358	-3.14429	22	42589792	T	C	0.001664903587826704	2.7786109107986103
22:22032036:A:T	0.000989824	0.0329521	-3.50528	-3.14384	22	22032036	A	T	0.0016674658331230468	2.7779430561449345
22:29072733:C:G	0.00018805	0.0248154	-4.88251	-3.14087	22	29072733	C	G	0.0016844678447458477	2.773537274966465
22:35288066:C:T	0.00159725	2.53985e-05	4.14135	3.1386	22	35288066	C	T	0.001697570012901178	2.770172305065362
22:25095760:C:T	3.05364e-05	0.0115287	-5.93367	-3.13743	22	25095760	C	T	0.0017043596609715805	2.7684387532939074
22:31268409:AAAGGCAAAC:A	0.000365627	2.76777e-06	4.88357	3.13741	22	31268409	AAAGGCAAAC	A	0.0017044759401571772	2.7684091247552547
22:23997244:G:T	0.000128189	0.0117619	-4.51912	-3.13727	22	23997244	G	T	0.0017052900987824555	2.7682017295257677
22:34331130:A:G	6.93221e-06	0.000992166	-4.96371	-3.1367	22	34331130	A	G	0.0017086085815566582	2.7673574167057367
22:20460473:G:A	0.000108489	0.0151364	-4.93821	-3.13592	22	20460473	G	A	0.0017131592884541982	2.7662022547341265
22:21615746:G:A	0.00299421	0.000140405	3.05991	3.13588	22	21615746	G	A	0.0017133929582468046	2.7661430223078463
22:21963344:G:GA	0.00185116	2.96298e-05	4.13479	3.13385	22	21963344	G	GA	0.0017252902638071046	2.7631378284950974
22:41534892:CAA:C	0.000657215	6.58623e-06	4.60303	3.13136	22	41534892	CAA	C	0.0017399872414567876	2.7594539361916697
22:33806783:A:G	2.73877e-05	0.00751632	-5.61474	-3.13089	22	33806783	A	G	0.0017427742520245008	2.7587588650125534
22:32316110:GAA:G	0.0118852	6.64738e-05	5.18624	3.1292	22	32316110	GAA	G	0.0017528295801037502	2.756260306392447
22:25121390:G:A	3.16669e-06	0.00118067	-5.92115	-3.12835	22	25121390	G	A	0.0017579071295925897	2.7550040724766114
22:40706779:C:CTTTT	5.62298e-05	0.0209546	-5.92066	-3.128	22	40706779	C	CTTTT	0.0017600018130159109	2.7544868848094866
22:22532498:C:G	0.000147226	0.00884214	-4.09531	-3.12529	22	22532498	C	G	0.001776298482628306	2.750484055186591
22:33807250:C:T	2.71078e-05	0.00738388	-5.60723	-3.12527	22	33807250	C	T	0.0017764192672122267	2.750454525073585
22:31312590:C:CA	1.78957e-06	0.000183783	-4.63178	-3.12484	22	31312590	C	CA	0.0017790179626049436	2.74981966685659
22:17377016:T:C	0.000679894	0.0299541	-3.78548	-3.12465	22	17377016	T	C	0.001780167336178351	2.749539171981485
22:22077420:G:A	0.000438088	0.0467036	-4.66916	-3.12359	22	22077420	G	A	0.0017865921673739726	2.747974574340116
22:35286895:TTATGA:T	0.00156466	2.54379e-05	4.11918	3.12254	22	35286895	TTATGA	T	0.0017929773940839678	2.746425186001945
22:35287062:G:T	0.00156466	2.54379e-05	4.11918	3.12254	22	35287062	G	T	0.0017929773940839678	2.746425186001945
22:33806297:C:T	2.75881e-05	0.00746766	-5.60095	-3.12056	22	33806297	C	T	0.0018050752107819444	2.743504697942765
22:41627710:A:G	9.85418e-06	0.00266535	-5.60019	-3.11999	22	41627710	A	G	0.001808571796868489	2.7426642458933035
22:20560470:G:A	0.000432859	0.055667	-4.85673	-3.11903	22	20560470	G	A	0.0018144748573792285	2.7412490453069704
22:29461231:C:CAAAA	1.18162e-05	0.00168713	-4.96132	-3.11861	22	29461231	C	CAAAA	0.001817063009946164	2.7406300124842304
22:19505169:C:G	8.86736e-05	0.0101293	-4.73823	-3.11613	22	19505169	C	G	0.0018324147198496656	2.7369762281796217
22:27389590:AAAAAGAAAA:A	0.0769804	0.000600526	4.8535	3.11575	22	27389590	AAAAAGAAAA	A	0.0018347774998940724	2.7364165943149414
22:49646953:G:A	8.87735e-06	0.00238662	-5.59413	-3.11545	22	49646953	G	A	0.0018366448296542525	2.7359748194343227
22:30052410:A:G	8.19488e-06	0.00111317	-4.91146	-3.11408	22	30052410	A	G	0.0018451945181075908	2.7339578443082755
22:22076192:G:A	0.000450968	0.0474979	-4.65704	-3.11334	22	22076192	G	A	0.001849827793517344	2.7328686996003384
22:41100842:A:G	4.33009e-05	0.00456007	-4.65692	-3.11323	22	41100842	A	G	0.0018505174354680593	2.732706818652147
22:18105497:GTCTTTT:G	0.0373594	0.000741706	3.91939	3.11294	22	18105497	GTCTTTT	G	0.0018523367148745335	2.7322800651054133
22:38436554:C:T	9.3346e-05	0.0340512	-5.89931	-3.11252	22	38436554	C	T	0.0018549744467137059	2.7316620686514526
22:30832375:C:T	1.10831e-05	0.00153888	-4.93338	-3.11153	22	30832375	C	T	0.0018612056168925558	2.73020564548878
22:29088437:G:T	3.34234e-05	0.00379896	-4.73323	-3.10883	22	29088437	G	T	0.0018782975827060955	2.726235600414499
22:32316286:A:G	0.00561637	9.40157e-05	4.08998	3.10865	22	32316286	A	G	0.0018794421576226335	2.7259710357452565
22:21615982:T:C	0.00299421	0.000145812	3.02212	3.10819	22	21615982	T	C	0.0018823700937019036	2.7252949856638518
22:21615927:G:A	0.00299421	0.000145812	3.02212	3.10819	22	21615927	G	A	0.0018823700937019036	2.7252949856638518
22:25041667:A:G	0.000416965	0.0473351	-4.732	-3.10785	22	25041667	A	G	0.0018845369126001133	2.72479535156458
22:42913480:CAAAAAAA:C	0.000794138	8.21871e-06	4.57084	3.10735	22	42913480	CAAAAAAA	C	0.001887727573123407	2.724060680602571
22:29759124:A:G	8.36493e-05	0.0115199	-4.9252	-3.10474	22	29759124	A	G	0.0019044635186187637	2.7202273421494305
22:22076541:G:A	0.000450895	0.0470092	-4.64686	-3.10472	22	22076541	G	A	0.0019045922878649863	2.720197978561216
22:34682049:T:C	1.43278e-05	0.00379523	-5.5793	-3.10433	22	34682049	T	C	0.001907104886934877	2.719625420973717
22:49596847:G:A	9.6351e-06	0.00255093	-5.5788	-3.10396	22	49596847	G	A	0.001909491448398252	2.719082282261476
22:49596845:C:T	9.6351e-06	0.00255093	-5.5788	-3.10396	22	49596845	C	T	0.001909491448398252	2.719082282261476
22:40702202:G:T	6.13589e-05	0.0072097	-4.76644	-3.1035	22	40702202	G	T	0.0019124623493468296	2.7184071060472164
22:25716672:T:C	0.00515706	0.000346173	2.70118	3.10305	22	25716672	T	C	0.0019153727723720954	2.717746690505138
22:49596600:G:A	9.69722e-06	0.0025572	-5.57483	-3.10098	22	49596600	G	A	0.0019288131783716709	2.714709835358441
22:31265305:G:A	2.71888e-06	0.000379453	-4.93851	-3.09979	22	31265305	G	A	0.0019365789371339865	2.712964795985922
22:29283661:G:T	0.000102626	0.0367734	-5.88144	-3.09957	22	29283661	G	T	0.0019380177640786922	2.712642246477207
22:33806827:A:T	2.76007e-05	0.00642036	-5.44939	-3.09875	22	33806827	A	T	0.0019433893160576915	2.7114401891691844
22:31512461:C:CA	6.85874e-06	0.000601925	-4.47461	-3.09829	22	31512461	C	CA	0.0019464086073048444	2.710765983558982
22:38485449:A:C	0.000680237	0.0442114	-4.1743	-3.09711	22	38485449	A	C	0.0019541734501576685	2.709036891434426
22:25785800:T:C	0.000332319	0.0205635	-4.12517	-3.09602	22	25785800	T	C	0.001961371316553133	2.7074401801901544
22:33433010:G:A	0.000165508	0.0150156	-4.50782	-3.0946	22	33433010	G	A	0.001970784860718179	2.705360782571174
22:34729839:CA:C	0.0126657	0.000638084	2.98819	3.09373	22	34729839	CA	C	0.001976572784299836	2.704087188789875
22:26693607:A:G	9.02028e-05	0.0207896	-5.44014	-3.09197	22	26693607	A	G	0.0019883294253852757	2.701511660293492
22:31269801:T:C	2.06597e-06	0.000285041	-4.92703	-3.09032	22	31269801	T	C	0.001999409533946489	2.6990982413412454
22:28787145:A:G	7.22326e-06	0.000651681	-4.50225	-3.09019	22	28787145	A	G	0.002000284915979566	2.6989081400235815
22:42256710:T:C	1.53136e-05	0.000940929	-4.11813	-3.08982	22	42256710	T	C	0.0020027783135131267	2.698367119875771
22:19500682:A:G	4.24101e-05	0.00465852	-4.69907	-3.08503	22	19500682	A	G	0.0020353162254052124	2.691368105220501
22:18100171:G:A	0.0143563	0.000790707	2.89901	3.08489	22	18100171	G	A	0.0020362744835990937	2.6911636808157566
22:47693100:T:C	0.000888543	4.4709e-05	2.98941	3.08423	22	47693100	T	C	0.0020407975647859476	2.690200072626734
22:48851829:C:T	0.0100155	0.000610723	2.79724	3.0839	22	48851829	C	T	0.002043062560526366	2.6897183346522313
22:29018013:A:G	0.0012335	4.31779e-05	3.35228	3.08236	22	29018013	A	G	0.0020536630681057266	2.6874708069244
22:23689525:G:T	0.000434768	0.037834	-4.46615	-3.08217	22	23689525	G	T	0.0020549744139438464	2.6871935810639105
22:21038654:C:A	0.000466147	0.0454406	-4.57966	-3.08026	22	21038654	C	A	0.0020681996327353604	2.6844075433291033
22:49877260:ATTAT:A	1.75424e-06	4.07009e-05	-3.14421	-3.07998	22	49877260	ATTAT	A	0.0020701449569821727	2.6839992430390645
22:31204047:GA:G	0.00252874	2.71495e-05	4.53412	3.07996	22	31204047	GA	G	0.0020702839729217198	2.6839700799467923
22:24563203:ATATATG:A	0.0110413	0.000103868	4.66627	3.07852	22	24563203	ATATATG	A	0.002080315654912913	2.6818707627363083
22:29016030:C:A	2.22041e-05	0.00211585	-4.55693	-3.07828	22	29016030	C	A	0.0020819919303173926	2.681520958122994
22:26704228:G:T	8.64627e-05	0.00739088	-4.44829	-3.07523	22	26704228	G	T	0.002103402787397381	2.6770775548960866
22:22076400:A:G	0.000451817	0.0454344	-4.61075	-3.07415	22	22076400	A	G	0.0021110326213320684	2.6755050555814734
22:32963082:CT:C	0.000296936	3.02489e-06	4.58664	3.07317	22	32963082	CT	C	0.002117977945553413	2.674078566501585
22:31514163:AT:A	0.000463453	4.72154e-06	4.58657	3.07312	22	31514163	AT	A	0.0021183328600256385	2.6740057968658006
22:42457272:T:C	0.000355209	0.0199493	-4.02825	-3.07144	22	42457272	T	C	0.0021302897360564645	2.6715613250996855
22:32110919:C:T	3.10608e-06	0.000266462	-4.45187	-3.0704	22	32110919	C	T	0.0021377225922329054	2.6700486529528487
22:20934613:C:T	6.13774e-06	0.000745246	-4.79926	-3.07034	22	20934613	C	T	0.0021381521355200756	2.669961396757632
22:20739623:CTGACCCAAG:C	9.37366e-05	1.0524e-06	4.48942	3.07004	22	20739623	CTGACCCAAG	C	0.0021403010392854935	2.6695251376294804
22:19456346:G:A	4.57097e-05	0.00492609	-4.67999	-3.06988	22	19456346	G	A	0.0021414479308218453	2.6692924809833443
22:19456031:G:A	4.57144e-05	0.00492609	-4.67989	-3.0698	22	19456031	G	A	0.0021420215878756137	2.6691761565443075
22:49946107:T:C	0.000442912	0.0294882	-4.19837	-3.06891	22	49946107	T	C	0.002148413032572564	2.6678822217977562
22:26694677:A:G	8.77032e-05	0.0195804	-5.40833	-3.06866	22	26694677	A	G	0.002150211525225471	2.6675188146334534
22:33947161:G:C	0.000984145	0.0674696	-4.22766	-3.06857	22	33947161	G	C	0.0021508593204211898	2.6673879942442396
22:49005698:A:T	0.000338295	0.0365797	-4.68333	-3.06855	22	49005698	A	T	0.002151003299206315	2.667358923491664
22:41534893:CAAAAAAA:C	0.000553214	7.92238e-06	4.24605	3.06847	22	41534893	CAAAAAAA	C	0.0021515793027156098	2.667242642099634
22:41526182:GCTGC:G	0.000741718	1.09868e-05	4.21228	3.0679	22	41526182	GCTGC	G	0.0021556874228061433	2.666414212127219
22:29016269:T:C	2.39186e-05	0.00198849	-4.42048	-3.06773	22	29016269	T	C	0.0021569140430982136	2.66616716196837
22:29017317:G:A	0.00122456	4.37077e-05	3.33281	3.06753	22	29017317	G	A	0.0021583579450236232	2.665876529691311
22:49921279:G:C	0.00558626	0.000347527	2.77722	3.06747	22	49921279	G	C	0.002158791288371424	2.665789343163732
22:41998698:G:GCTC	8.32493e-06	0.00285365	-5.8371	-3.06743	22	41998698	G	GCTC	0.002159080228248814	2.6657312196211222
22:34514012:AGAGAGTGAG:A	0.00129658	5.99755e-06	5.37613	3.06614	22	34514012	AGAGAGTGAG	A	0.002168417570062942	2.6638570824141015
22:49921057:G:A	0.00555202	0.000346704	2.77344	3.06437	22	49921057	G	A	0.002181289519240336	2.6612866873494525
22:49391461:C:A	0.000892254	0.0957902	-4.67616	-3.06276	22	49391461	C	A	0.0021930586934285536	2.658949745025149
22:26043792:G:C	0.000648584	0.0428223	-4.19002	-3.06255	22	26043792	G	C	0.002194598086715	2.6586450037608644
22:23705185:CAGAGAGAG:C	0.0232225	0.000493078	3.85221	3.06178	22	23705185	CAGAGAGAG	C	0.0022002510061481127	2.657527771738334
22:25783075:T:A	0.0176495	0.00066776	3.27453	3.06173	22	25783075	T	A	0.002200618539876602	2.6574552324963054
22:21656404:GGAGGGA:G	0.00989878	0.00014318	4.23606	3.06058	22	21656404	GGAGGGA	G	0.0022090873613944705	2.655787109017051
22:49597907:C:T	4.08476e-06	0.000277104	-4.21713	-3.05949	22	49597907	C	T	0.0022171418935686654	2.654206511837275
22:26493727:AAAT:A	0.00544015	8.14568e-05	4.20149	3.05942	22	26493727	AAAT	A	0.0022176600756669525	2.6541050220172147
22:18087398:C:G	0.000642782	0.0543351	-4.43712	-3.05825	22	18087398	C	G	0.0022263375661599983	2.652408985551298
22:34686693:T:C	0.000287963	2.04676e-05	2.64399	3.05787	22	34686693	T	C	0.002229162583403649	2.651858255207486
22:23829014:C:T	0.000151503	0.0160177	-4.66085	-3.05468	22	23829014	C	T	0.002253007711931123	2.6472373217056413
22:42585502:A:C	6.17608e-06	0.000515141	-4.42376	-3.05375	22	42585502	A	C	0.002260003294585735	2.6458909277466867
22:18087409:T:G	0.000644419	0.0541356	-4.4309	-3.05312	22	18087409	T	G	0.002264753538441465	2.6449790531296484
22:29863353:T:C	0.000786829	2.57593e-05	3.41921	3.05283	22	29863353	T	C	0.002266943231600934	2.6445593552643745
22:23712695:ACCGTGTATT:A	0.0148278	0.000406397	3.59693	3.05143	22	23712695	ACCGTGTATT	A	0.0022775414729152323	2.642533705993057
22:27389536:A:G	0.000597153	0.0769804	-4.85913	-3.04992	22	27389536	A	G	0.002289023298353064	2.640349786925859
22:18103092:C:CAAA	0.000534918	0.0314069	-4.07267	-3.04982	22	18103092	C	CAAA	0.002289785552942944	2.640205189072575
22:35181886:T:C	3.69425e-05	0.00316139	-4.4494	-3.04838	22	35181886	T	C	0.002300787831047682	2.6381234282907866
22:34331182:A:G	4.38468e-06	0.000468287	-4.67096	-3.04817	22	34331182	A	G	0.0023023963694716685	2.637819908223168
22:42655678:C:CACACA	2.18775e-05	0.00286113	-4.87351	-3.04615	22	42655678	C	CACACA	0.0023179216673332877	2.6349012448261466
22:46266306:G:GTCT	0.00914514	0.000584272	2.75061	3.04563	22	46266306	G	GTCT	0.0023219337665755066	2.6341501727201972
22:46397417:G:A	0.0102516	0.000835681	2.50694	3.04485	22	46397417	G	A	0.002327963841572488	2.633023769523651
22:35179224:G:A	8.42212e-05	0.0206063	-5.49991	-3.04482	22	35179224	G	A	0.0023281960536821354	2.6329804512355324
22:38719929:C:CT	1.98345e-06	0.000258523	-4.87015	-3.04337	22	38719929	C	CT	0.0023394449612902904	2.6308871677357852
22:26707573:A:T	0.000112341	0.0372495	-5.80385	-3.04333	22	26707573	A	T	0.002339755980217571	2.6308294340304914
22:49919221:T:C	0.00391924	0.000320127	2.50494	3.0432	22	49919221	T	C	0.0023407670532482523	2.6306418039550845
22:41805108:C:A	6.52671e-06	0.000850394	-4.8698	-3.04308	22	41805108	C	A	0.002341700706524074	2.6304686130259096
22:32302261:T:TTG	0.000184249	0.0396939	-5.37266	-3.04253	22	32302261	T	TTG	0.002345984315597255	2.629674895746634
22:31330295:TAAAG:T	0.000179528	3.71412e-06	3.87819	3.04183	22	31330295	TAAAG	T	0.0023514465589439706	2.6286648869665834
22:49871762:T:A	5.98921e-05	3.19383e-06	2.93132	3.04167	22	49871762	T	A	0.0023526967056886196	2.628434055627056
22:46368402:A:G	0.000325006	0.0147804	-3.81721	-3.0412	22	46368402	A	G	0.0023563725321263007	2.627756048410796
22:25784884:T:C	0.0155458	0.00044875	3.54508	3.03919	22	25784884	T	C	0.002372151962502998	2.6248574930638617
22:30401681:A:ATTT	5.54283e-05	0.005348	-4.56939	-3.03914	22	30401681	A	ATTT	0.002372545715965598	2.624785410512762
22:49006106:T:G	0.000337669	0.0351916	-4.6465	-3.03881	22	49006106	T	G	0.0023751459899390283	2.6243096910174932
22:43356774:T:C	0.000276727	0.0172116	-4.13031	-3.03837	22	43356774	T	C	0.002378617080567158	2.6236754668243507
22:38431498:C:G	3.80629e-05	0.0125345	-5.797	-3.03836	22	38431498	C	G	0.002378696022936381	2.6236610535475284
22:17722378:G:T	0.00308446	9.18639e-05	3.51382	3.03766	22	17722378	G	T	0.0023842279529933423	2.622652224605283
22:47238694:TCTC:T	0.0319646	0.000902766	3.56692	3.03755	22	47238694	TCTC	T	0.002385098326317877	2.6224937123483727
22:41802533:G:A	3.53161e-06	0.000380224	-4.67901	-3.03688	22	41802533	G	A	0.002390405975571481	2.621528334207702
22:25871978:AT:A	0.0935952	0.00271108	3.54163	3.03659	22	25871978	AT	A	0.002392706667391535	2.6211105402255606
22:19451642:C:T	5.07266e-05	0.00523455	-4.63659	-3.03542	22	19451642	C	T	0.002402009370026302	2.61942530278541
22:18100808:T:C	0.000496604	0.0307749	-4.12666	-3.0353	22	18100808	T	C	0.0024029653629482864	2.6192524891997797
22:46358468:A:G	0.00708584	0.000623193	2.431	3.0351	22	46358468	A	G	0.0024045594584751443	2.618964479489158
22:49393037:C:T	0.000810756	0.0855301	-4.65866	-3.03457	22	49393037	C	T	0.002408788494222576	2.618201331933847
22:39323750:G:A	2.89756e-05	0.00943996	-5.78625	-3.03058	22	39323750	G	A	0.002440845156366469	2.6124597707133335
22:32891786:C:T	8.13946e-05	0.00748545	-4.52141	-3.03044	22	32891786	C	T	0.0024419770088389176	2.6122584292451063
22:49918387:C:T	0.00365902	0.00023814	2.73209	3.03043	22	49918387	C	T	0.002442057873820904	2.612244048014708
22:43357030:G:T	0.000276258	0.0170115	-4.12031	-3.02995	22	43357030	G	T	0.002445942276073922	2.611553796473234
22:34336032:C:G	2.99048e-06	0.00030645	-4.62962	-3.02989	22	34336032	C	G	0.002446428223716401	2.6114675215762997
22:45783657:C:T	2.12251e-05	0.00218732	-4.63525	-3.02973	22	45783657	C	T	0.0024477245160690886	2.611237462295847
22:44625120:T:C	0.000305775	0.0192968	-4.14484	-3.02814	22	44625120	T	C	0.002460640623706784	2.6089518103272233
22:44802667:A:G	0.000147762	0.0157147	-4.66675	-3.02755	22	44802667	A	G	0.002465449236445987	2.608103935156106
22:31164669:A:AC	2.33391e-05	0.00292366	-4.83046	-3.02613	22	31164669	A	AC	0.002477057779426275	2.6060638630171766
22:26498297:T:C	2.11123e-05	0.00442464	-5.34509	-3.02233	22	26498297	T	C	0.0025083693077807548	2.6006085218589763
22:45360201:G:A	7.46328e-06	0.000904921	-4.79785	-3.0213	22	45360201	G	A	0.002516918528551806	2.599130842128648
22:47646186:C:T	0.000227934	0.0183956	-4.39081	-3.02008	22	47646186	C	T	0.0025270792683155458	2.597381135107351
22:20559223:A:G	0.000402037	0.041202	-4.6297	-3.01917	22	20559223	A	G	0.0025346825956349115	2.5960764172359068
22:48812583:C:T	0.000349437	0.0172458	-3.899	-3.01765	22	48812583	C	T	0.002547429335957506	2.5938978542025435
22:22025819:C:A	0.0193698	0.0010718	2.89438	3.0146	22	22025819	C	A	0.002573183688602334	2.5895292102533465
22:22490289:G:A	0.000185631	0.021068	-4.73175	-3.01315	22	22490289	G	A	0.002585510872948219	2.5874536315327994
22:44377984:G:T	0.000295972	0.018998	-4.16183	-3.0118	22	44377984	G	T	0.0025970364230529152	2.5855219594119103
22:46443730:A:G	0.00324497	0.189487	-4.06721	-3.01038	22	46443730	A	G	0.0026092102702892014	2.5834909206902714
22:19502048:A:G	4.53745e-05	0.00453336	-4.60427	-3.00976	22	19502048	A	G	0.002614541956508794	2.5826043844963853
22:22066446:C:CAA	0.000757383	0.0600609	-4.37325	-3.00951	22	22066446	C	CAA	0.0026166946463940803	2.582246954136351
22:32387314:C:T	5.65288e-05	0.0178443	-5.75469	-3.0077	22	32387314	C	T	0.0026323285184755778	2.579659911084743
22:46443686:C:T	0.161739	0.0062529	3.25294	3.00668	22	46443686	C	T	0.002641176338062065	2.578202602166522
22:45799089:G:GT	0.000209116	1.25924e-05	2.80979	3.00638	22	45799089	G	GT	0.002643783806573603	2.577774061838047
22:19557809:A:T	0.000106324	0.0109971	-4.6389	-3.00632	22	19557809	A	T	0.002644305582548294	2.5776883581327352
22:34507680:C:T	5.02439e-07	6.68329e-05	-4.89048	-3.00599	22	34507680	C	T	0.0026471770333167067	2.577217013733928
22:49646845:A:AGAGGGAGGG	8.01701e-06	0.00252265	-5.7515	-3.00538	22	49646845	A	AGAGGGAGGG	0.002652492371136503	2.5763458565041275
22:44488672:G:A	0.0138355	0.000746821	2.91917	3.00468	22	44488672	G	A	0.002658603958248389	2.5753463529872294
22:41539358:A:G	1.23517e-05	0.00125411	-4.62039	-3.00317	22	41539358	A	G	0.0026718313741327057	2.5731909547274014
22:29757158:G:A	5.88182e-05	0.0184187	-5.74667	-3.00189	22	29757158	G	A	0.0026830910895767014	2.571364583001189
22:34648307:A:T	4.3035e-06	0.000163445	-3.63705	-3.00087	22	34648307	A	T	0.0026920947026430526	2.5699096665461756
22:27364125:T:C	0.0197247	0.000318295	4.12665	3.00062	22	27364125	T	C	0.002694305679221332	2.5695531334578723
22:42576312:G:A	2.20108e-05	2.06346e-06	2.36714	3.00058	22	42576312	G	A	0.002694659589418625	2.5694960905049737
22:35192060:A:T	2.35475e-05	0.00189658	-4.38879	-3.00043	22	35192060	A	T	0.0026959871310328226	2.56928218518374
